sample_track,model_id,target_id,horizon,observation_count,origin_start,origin_end,rmse,mae,mase,mean_error
abm_all_available_common_cells,naive_no_change,real_gdp,1,61,2010Q2,2025Q2,9.693765927710036,3.7466413662963607,1.5124431480966967,-0.007059662819639371
abm_all_available_common_cells,naive_no_change,real_gdp,2,60,2010Q2,2025Q1,9.06183055046393,4.162781975398633,1.7342717390781615,-0.018739049886333164
abm_all_available_common_cells,naive_no_change,real_gdp,4,58,2010Q2,2024Q3,9.041778259522694,4.372767116680466,1.8370147115761009,-0.02006951342384465
abm_all_available_common_cells,naive_no_change,real_gdp,8,54,2010Q2,2023Q3,8.838793537745401,4.426429524585092,1.878882377388295,-0.03261304249049993
abm_all_available_common_cells,naive_no_change,real_gdp,12,50,2010Q2,2022Q3,9.167099622202198,4.32315139987688,1.830907386287334,-0.1548588001395598
abm_all_available_common_cells,naive_no_change,gdp_deflator,1,61,2010Q2,2025Q2,1.4762633833399403,1.0849748503133443,1.4404163582209402,-0.028200242409704902
abm_all_available_common_cells,naive_no_change,gdp_deflator,2,60,2010Q2,2025Q1,1.5828827102902885,1.1715454340436664,1.555705034218127,-0.04340562003433333
abm_all_available_common_cells,naive_no_change,gdp_deflator,4,58,2010Q2,2024Q3,2.1288352967685653,1.4872040051017068,1.9446190717387661,-0.0722117802219138
abm_all_available_common_cells,naive_no_change,gdp_deflator,8,54,2010Q2,2023Q3,2.8643591434765674,2.020828034300074,2.7107880065232743,-0.09790499759381481
abm_all_available_common_cells,naive_no_change,gdp_deflator,12,50,2010Q2,2022Q3,2.7092472553873157,2.00498372971656,2.6967965302739496,-0.21409048025811997
abm_all_available_common_cells,naive_no_change,nominal_gdp,1,61,2010Q2,2025Q2,10.495644272313646,4.0986560219665895,1.605662502457393,-0.03534389090993428
abm_all_available_common_cells,naive_no_change,nominal_gdp,2,60,2010Q2,2025Q1,9.603669839740789,4.413167731554067,1.8146760417479528,-0.06220619116246677
abm_all_available_common_cells,naive_no_change,nominal_gdp,4,58,2010Q2,2024Q3,10.027024722070056,4.830027710374138,1.9816455529246249,-0.0922903505295519
abm_all_available_common_cells,naive_no_change,nominal_gdp,8,54,2010Q2,2023Q3,10.476122683411633,5.676457023787851,2.3508195725492924,-0.13054553753866677
abm_all_available_common_cells,naive_no_change,nominal_gdp,12,50,2010Q2,2022Q3,10.220590765581278,5.625786895154081,2.305343117663435,-0.3690213470721602
abm_all_available_common_cells,naive_no_change,unemployment_rate,1,61,2010Q2,2025Q2,1.3413895956652229,0.43005464480878686,1.629282399838469,0.08688524590163937
abm_all_available_common_cells,naive_no_change,unemployment_rate,2,60,2010Q2,2025Q1,1.6888468562020933,0.71611111111115,2.7182468317728805,0.17611111111111669
abm_all_available_common_cells,naive_no_change,unemployment_rate,4,58,2010Q2,2024Q3,2.0096272123374574,1.1442528735632416,4.317326981597152,0.35919540229886204
abm_all_available_common_cells,naive_no_change,unemployment_rate,8,54,2010Q2,2023Q3,2.5021842310122318,1.7512345679013333,6.6346261972907214,0.7413580246913704
abm_all_available_common_cells,naive_no_change,unemployment_rate,12,50,2010Q2,2022Q3,2.7534786079511417,2.0773333333333603,7.947501149990914,1.15066666666668
abm_all_available_common_cells,naive_no_change,effective_federal_funds_rate,1,61,2010Q2,2025Q2,0.3743381404547077,0.1862008773860328,0.7459767455191761,-0.0672797131147541
abm_all_available_common_cells,naive_no_change,effective_federal_funds_rate,2,60,2010Q2,2025Q1,0.7027605357464869,0.37371165118500005,1.5094261835723526,-0.13742708333333334
abm_all_available_common_cells,naive_no_change,effective_federal_funds_rate,4,58,2010Q2,2024Q3,1.2648265883479501,0.7460488875244655,3.0368404846117016,-0.2911618784981551
abm_all_available_common_cells,naive_no_change,effective_federal_funds_rate,8,54,2010Q2,2023Q3,2.0354727063707823,1.3467872457341667,5.519831375870109,-0.6997468363536853
abm_all_available_common_cells,naive_no_change,effective_federal_funds_rate,12,50,2010Q2,2022Q3,2.381955197707287,1.6881261383992001,6.853288308238133,-1.11203335109188
abm_all_available_common_cells,naive_drift,real_gdp,1,61,2010Q2,2025Q2,9.756036468837962,3.775995848533776,1.5240284449975392,0.022827930444292304
abm_all_available_common_cells,naive_drift,real_gdp,2,60,2010Q2,2025Q1,9.17907549817391,4.223139020278808,1.7580603003296675,0.0409015177093526
abm_all_available_common_cells,naive_drift,real_gdp,4,58,2010Q2,2024Q3,9.277953387521917,4.488288262753476,1.8820025621092824,0.10305427783413587
abm_all_available_common_cells,naive_drift,real_gdp,8,54,2010Q2,2023Q3,9.312045115065304,4.717580822769526,1.991857689347341,0.21718408330162897
abm_all_available_common_cells,naive_drift,real_gdp,12,50,2010Q2,2022Q3,9.900820736331344,4.723844162784506,1.984178418837103,0.22045139741142614
abm_all_available_common_cells,naive_drift,gdp_deflator,1,61,2010Q2,2025Q2,1.4864215910747332,1.0889457074411384,1.445809507545708,-0.03009461643212458
abm_all_available_common_cells,naive_drift,gdp_deflator,2,60,2010Q2,2025Q1,1.6047661715317716,1.1856789159469538,1.5758098661620061,-0.0471788806035661
abm_all_available_common_cells,naive_drift,gdp_deflator,4,58,2010Q2,2024Q3,2.1837929887241225,1.518194876021553,1.9844681908121466,-0.08091820041597467
abm_all_available_common_cells,naive_drift,gdp_deflator,8,54,2010Q2,2023Q3,3.0137508478752393,2.127488865334472,2.8496683650175583,-0.11602205313232436
abm_all_available_common_cells,naive_drift,gdp_deflator,12,50,2010Q2,2022Q3,2.9212935986345077,2.180543959115292,2.9273478228230148,-0.2528059933882529
abm_all_available_common_cells,naive_drift,nominal_gdp,1,61,2010Q2,2025Q2,10.562924542645133,4.126708767849322,1.6163427399001755,-0.00736523428159395
abm_all_available_common_cells,naive_drift,nominal_gdp,2,60,2010Q2,2025Q1,9.727581191574911,4.480302897706803,1.840625743591164,-0.006367813749539882
abm_all_available_common_cells,naive_drift,nominal_gdp,4,58,2010Q2,2024Q3,10.286528083331106,4.986632331533795,2.038670747159207,0.022068707088664867
abm_all_available_common_cells,naive_drift,nominal_gdp,8,54,2010Q2,2023Q3,11.027370247802198,6.027384834998876,2.4764227224200477,0.10101572919343564
abm_all_available_common_cells,naive_drift,nominal_gdp,12,50,2010Q2,2022Q3,11.024149743170275,6.044355568449037,2.448850251404091,-0.032614184581130544
abm_all_available_common_cells,naive_drift,unemployment_rate,1,61,2010Q2,2025Q2,1.3550220416890622,0.4616647323967297,1.7512773109905533,0.1198910249194734
abm_all_available_common_cells,naive_drift,unemployment_rate,2,60,2010Q2,2025Q1,1.7264695075062717,0.7856206372892867,2.9870180945796228,0.2431555217133724
abm_all_available_common_cells,naive_drift,unemployment_rate,4,58,2010Q2,2024Q3,2.115070356226006,1.2889137564458586,4.876045969785774,0.4977193473611557
abm_all_available_common_cells,naive_drift,unemployment_rate,8,54,2010Q2,2023Q3,2.8015672861620833,2.0653090562884864,7.847973045580907,1.0393040331009886
abm_all_available_common_cells,naive_drift,unemployment_rate,12,50,2010Q2,2022Q3,3.3053002721284743,2.571024827111893,9.852757945124633,1.63793947503045
abm_all_available_common_cells,naive_drift,effective_federal_funds_rate,1,61,2010Q2,2025Q2,0.3975360601581026,0.2529880665369654,0.9839729980612822,-0.1525236074178854
abm_all_available_common_cells,naive_drift,effective_federal_funds_rate,2,60,2010Q2,2025Q1,0.7562502901394167,0.5079396803825554,1.9856332138963786,-0.31002184734854576
abm_all_available_common_cells,naive_drift,effective_federal_funds_rate,4,58,2010Q2,2024Q3,1.3979730440564302,1.0216856349178807,4.009888964521196,-0.6454006118930037
abm_all_available_common_cells,naive_drift,effective_federal_funds_rate,8,54,2010Q2,2023Q3,2.4077990959499807,1.9188468204912439,7.486577057699134,-1.4531981004470398
abm_all_available_common_cells,naive_drift,effective_federal_funds_rate,12,50,2010Q2,2022Q3,3.0957484916146436,2.5828698864814674,9.903369698245882,-2.312323927348523
abm_all_available_common_cells,naive_historical_mean,real_gdp,1,61,2010Q2,2025Q2,6.108437207343514,2.6046229042079028,1.0788234503380987,-0.4719393158880739
abm_all_available_common_cells,naive_historical_mean,real_gdp,2,60,2010Q2,2025Q1,6.135521040243206,2.6294126171963152,1.1336693866440573,-0.46326987882741977
abm_all_available_common_cells,naive_historical_mean,real_gdp,4,58,2010Q2,2024Q3,6.2202892759537995,2.6652352151399428,1.1759874667476775,-0.5311316873960363
abm_all_available_common_cells,naive_historical_mean,real_gdp,8,54,2010Q2,2023Q3,6.420281352641419,2.724921049900153,1.228641375124033,-0.5316733573827261
abm_all_available_common_cells,naive_historical_mean,real_gdp,12,50,2010Q2,2022Q3,6.6623838739345,2.8738101830615994,1.284507046797659,-0.6024701076322095
abm_all_available_common_cells,naive_historical_mean,gdp_deflator,1,61,2010Q2,2025Q2,1.860778477848113,1.1705814108266417,1.5039539003050342,-0.39049182537167204
abm_all_available_common_cells,naive_historical_mean,gdp_deflator,2,60,2010Q2,2025Q1,1.8878427512147233,1.1790333623709814,1.5188223280918325,-0.4147703928956641
abm_all_available_common_cells,naive_historical_mean,gdp_deflator,4,58,2010Q2,2024Q3,1.9463700609956636,1.2284690968798502,1.6066657585463375,-0.43241764898706764
abm_all_available_common_cells,naive_historical_mean,gdp_deflator,8,54,2010Q2,2023Q3,2.024805556430599,1.2875543780654577,1.7526085959374997,-0.4870719355196866
abm_all_available_common_cells,naive_historical_mean,gdp_deflator,12,50,2010Q2,2022Q3,2.102217006254978,1.3756975982221435,1.8922673370381813,-0.5582462455230751
abm_all_available_common_cells,naive_historical_mean,nominal_gdp,1,61,2010Q2,2025Q2,6.8855677636856605,3.168732019871121,1.2343223442551512,-0.8624826378739144
abm_all_available_common_cells,naive_historical_mean,nominal_gdp,2,60,2010Q2,2025Q1,6.92672527991079,3.2227396760797267,1.3049249664349918,-0.8780874225903358
abm_all_available_common_cells,naive_historical_mean,nominal_gdp,4,58,2010Q2,2024Q3,7.041749266663669,3.2855634145780783,1.3722479321636913,-0.9635502411975478
abm_all_available_common_cells,naive_historical_mean,nominal_gdp,8,54,2010Q2,2023Q3,7.2875376542934145,3.44252364014375,1.5102817025741149,-1.0187733319824024
abm_all_available_common_cells,naive_historical_mean,nominal_gdp,12,50,2010Q2,2022Q3,7.556283118822995,3.6412053908690405,1.6145160858974565,-1.1607534473264713
abm_all_available_common_cells,naive_historical_mean,unemployment_rate,1,61,2010Q2,2025Q2,2.1190346203961465,1.848017654176237,6.879798727022372,0.5275376491916761
abm_all_available_common_cells,naive_historical_mean,unemployment_rate,2,60,2010Q2,2025Q1,2.1112362813786274,1.8453934562530494,6.9078067094931495,0.5991299433448775
abm_all_available_common_cells,naive_historical_mean,unemployment_rate,4,58,2010Q2,2024Q3,2.0953820579328815,1.8398879166371922,6.827068978378075,0.7420240215074473
abm_all_available_common_cells,naive_historical_mean,unemployment_rate,8,54,2010Q2,2023Q3,2.0862804661223806,1.8291929788276944,6.838795926246151,1.0168626719228002
abm_all_available_common_cells,naive_historical_mean,unemployment_rate,12,50,2010Q2,2022Q3,2.120926238088534,1.850442225941519,7.182969082143574,1.2646578238820811
abm_all_available_common_cells,naive_historical_mean,effective_federal_funds_rate,1,61,2010Q2,2025Q2,1.9875071439387675,1.756372959541968,6.303493101232649,0.4325403353534652
abm_all_available_common_cells,naive_historical_mean,effective_federal_funds_rate,2,60,2010Q2,2025Q1,2.0069841610660784,1.7703279589100864,6.359389109856061,0.4114083455339143
abm_all_available_common_cells,naive_historical_mean,effective_federal_funds_rate,4,58,2010Q2,2024Q3,2.0424831426792314,1.7944233161293832,6.487079141995804,0.36769019415684
abm_all_available_common_cells,naive_historical_mean,effective_federal_funds_rate,8,54,2010Q2,2023Q3,2.084553115932132,1.8187622908354797,6.673840103540197,0.27158517250859115
abm_all_available_common_cells,naive_historical_mean,effective_federal_funds_rate,12,50,2010Q2,2022Q3,2.098930903163602,1.8216411398679702,6.743034125401721,0.17716937620449622
abm_all_available_common_cells,univariate_ar_p1_constant,real_gdp,1,61,2010Q2,2025Q2,9.04664670024397,3.297864119656172,1.3427991041027802,-1.0763942490602256
abm_all_available_common_cells,univariate_ar_p1_constant,real_gdp,2,60,2010Q2,2025Q1,7.371783480774824,3.0576247452102137,1.3171577642685826,-0.784891825709447
abm_all_available_common_cells,univariate_ar_p1_constant,real_gdp,4,58,2010Q2,2024Q3,7.186585500067501,3.044728562147678,1.3334092157202873,-0.8711686305585544
abm_all_available_common_cells,univariate_ar_p1_constant,real_gdp,8,54,2010Q2,2023Q3,6.714934650945641,2.9682740461143,1.3286926111635262,-0.7788532701638117
abm_all_available_common_cells,univariate_ar_p1_constant,real_gdp,12,50,2010Q2,2022Q3,6.865110779820829,3.069025939172327,1.3643613843646378,-0.7802028094517443
abm_all_available_common_cells,univariate_ar_p1_constant,gdp_deflator,1,61,2010Q2,2025Q2,1.4256884513530748,1.0889303830025845,1.4292435045154204,-0.15702144445516045
abm_all_available_common_cells,univariate_ar_p1_constant,gdp_deflator,2,60,2010Q2,2025Q1,1.6515783827672563,1.0960483601632065,1.4239596541948956,-0.2481778325312884
abm_all_available_common_cells,univariate_ar_p1_constant,gdp_deflator,4,58,2010Q2,2024Q3,1.9408321806583608,1.2430348913064295,1.6274221728263347,-0.3454128513243753
abm_all_available_common_cells,univariate_ar_p1_constant,gdp_deflator,8,54,2010Q2,2023Q3,2.031877284482296,1.3000623983992636,1.7707533085731837,-0.45690870215703444
abm_all_available_common_cells,univariate_ar_p1_constant,gdp_deflator,12,50,2010Q2,2022Q3,2.10136444711278,1.379642755349462,1.8962072838908204,-0.5518687353609809
abm_all_available_common_cells,univariate_ar_p1_constant,nominal_gdp,1,61,2010Q2,2025Q2,10.100219866779002,4.012468337238543,1.5435762213380124,-1.6523318463783006
abm_all_available_common_cells,univariate_ar_p1_constant,nominal_gdp,2,60,2010Q2,2025Q1,8.418205641591438,3.790737360269346,1.5411155868672242,-1.3207461886964176
abm_all_available_common_cells,univariate_ar_p1_constant,nominal_gdp,4,58,2010Q2,2024Q3,8.497505757828987,3.7767276860574563,1.5695743262601751,-1.4036812931552196
abm_all_available_common_cells,univariate_ar_p1_constant,nominal_gdp,8,54,2010Q2,2023Q3,8.124923376616069,3.8426207447456315,1.6702237861917497,-1.3711780733406316
abm_all_available_common_cells,univariate_ar_p1_constant,nominal_gdp,12,50,2010Q2,2022Q3,7.93245602336929,3.9526654810563557,1.7378875384790273,-1.446321004169356
abm_all_available_common_cells,univariate_ar_p1_constant,unemployment_rate,1,61,2010Q2,2025Q2,1.323078696356275,0.5032006918921575,1.860249156993149,0.19543974032666503
abm_all_available_common_cells,univariate_ar_p1_constant,unemployment_rate,2,60,2010Q2,2025Q1,1.6594531969584303,0.8598785083770063,3.1855130093595836,0.37685411504942434
abm_all_available_common_cells,univariate_ar_p1_constant,unemployment_rate,4,58,2010Q2,2024Q3,1.9849315172703754,1.3859234406369667,5.141904173417448,0.7051233312696955
abm_all_available_common_cells,univariate_ar_p1_constant,unemployment_rate,8,54,2010Q2,2023Q3,2.510435978491332,2.089230419463346,7.8837975477441296,1.2675150342252461
abm_all_available_common_cells,univariate_ar_p1_constant,unemployment_rate,12,50,2010Q2,2022Q3,2.9408328439303117,2.500153734626356,9.618425360530066,1.7577129135937104
abm_all_available_common_cells,univariate_ar_p1_constant,effective_federal_funds_rate,1,61,2010Q2,2025Q2,0.3955055967220294,0.2127611173610828,0.8447231359129046,-0.10844787724780428
abm_all_available_common_cells,univariate_ar_p1_constant,effective_federal_funds_rate,2,60,2010Q2,2025Q1,0.7303930864684315,0.4062301762921632,1.6273045887445199,-0.21409095740006018
abm_all_available_common_cells,univariate_ar_p1_constant,effective_federal_funds_rate,4,58,2010Q2,2024Q3,1.272752060332156,0.7508102923358237,3.0440780067923647,-0.4214070758681721
abm_all_available_common_cells,univariate_ar_p1_constant,effective_federal_funds_rate,8,54,2010Q2,2023Q3,1.9724047203491208,1.3125477477044727,5.343438433151478,-0.8583077896296579
abm_all_available_common_cells,univariate_ar_p1_constant,effective_federal_funds_rate,12,50,2010Q2,2022Q3,2.278897188904244,1.604173486908887,6.482391321183972,-1.1971740633665346
abm_all_available_common_cells,univariate_ar_p4_constant,real_gdp,1,61,2010Q2,2025Q2,9.794935041741821,3.7200651669089164,1.4760239540432454,-1.5405226093031241
abm_all_available_common_cells,univariate_ar_p4_constant,real_gdp,2,60,2010Q2,2025Q1,7.5467984052729875,3.1393851866985987,1.3448153727039158,-0.7944553351873007
abm_all_available_common_cells,univariate_ar_p4_constant,real_gdp,4,58,2010Q2,2024Q3,6.266629012505121,2.70304865215183,1.1883928569531856,-0.4501891912021928
abm_all_available_common_cells,univariate_ar_p4_constant,real_gdp,8,54,2010Q2,2023Q3,6.74019848069036,2.962774491990535,1.3276733686340725,-0.21095933495117403
abm_all_available_common_cells,univariate_ar_p4_constant,real_gdp,12,50,2010Q2,2022Q3,6.912774752212147,3.0948652110683974,1.3741919014915311,-0.7960495000786914
abm_all_available_common_cells,univariate_ar_p4_constant,gdp_deflator,1,61,2010Q2,2025Q2,1.4425176428424884,1.1100312737621667,1.4569201684475306,-0.14420052428381966
abm_all_available_common_cells,univariate_ar_p4_constant,gdp_deflator,2,60,2010Q2,2025Q1,1.6218031413109086,1.131741823381153,1.4699598591331866,-0.17341416605374327
abm_all_available_common_cells,univariate_ar_p4_constant,gdp_deflator,4,58,2010Q2,2024Q3,2.0854006411637176,1.3549476503923652,1.7658156061942403,-0.2554749613703159
abm_all_available_common_cells,univariate_ar_p4_constant,gdp_deflator,8,54,2010Q2,2023Q3,2.284566138517861,1.4961486867029836,2.012037102850648,-0.34932428223563083
abm_all_available_common_cells,univariate_ar_p4_constant,gdp_deflator,12,50,2010Q2,2022Q3,2.3173729950334097,1.485963944969872,2.023323443704453,-0.4298751987037212
abm_all_available_common_cells,univariate_ar_p4_constant,nominal_gdp,1,61,2010Q2,2025Q2,11.569814886757213,4.793608825639679,1.784616422293424,-2.330719354193641
abm_all_available_common_cells,univariate_ar_p4_constant,nominal_gdp,2,60,2010Q2,2025Q1,8.648541135226205,3.7529521847084415,1.5441830501089484,-1.0905427072084566
abm_all_available_common_cells,univariate_ar_p4_constant,nominal_gdp,4,58,2010Q2,2024Q3,7.838662797871424,3.6276900506406156,1.5096391940779053,-1.1682761603856855
abm_all_available_common_cells,univariate_ar_p4_constant,nominal_gdp,8,54,2010Q2,2023Q3,7.296483441290225,3.4330336374842454,1.5114183881214178,-0.7394613223050202
abm_all_available_common_cells,univariate_ar_p4_constant,nominal_gdp,12,50,2010Q2,2022Q3,7.54843472177939,3.638053186112753,1.6094798231368481,-1.1080455925729202
abm_all_available_common_cells,univariate_ar_p4_constant,unemployment_rate,1,61,2010Q2,2025Q2,3.0062752821639993,0.9772007845691556,3.094882334878638,0.5958519667192635
abm_all_available_common_cells,univariate_ar_p4_constant,unemployment_rate,2,60,2010Q2,2025Q1,3.748610745017729,1.214540089154608,4.093785313726827,0.6161928027658785
abm_all_available_common_cells,univariate_ar_p4_constant,unemployment_rate,4,58,2010Q2,2024Q3,5.74250756170456,2.0772827288114817,6.870906986586322,1.199730199196719
abm_all_available_common_cells,univariate_ar_p4_constant,unemployment_rate,8,54,2010Q2,2023Q3,2.811584516457303,1.8735175583761654,6.851670703580499,0.7758027940328178
abm_all_available_common_cells,univariate_ar_p4_constant,unemployment_rate,12,50,2010Q2,2022Q3,6.545687230778066,2.9246715196892707,10.41446390672691,-0.1453921834270402
abm_all_available_common_cells,univariate_ar_p4_constant,effective_federal_funds_rate,1,61,2010Q2,2025Q2,0.2811942759455555,0.19348363377275624,0.7292454215116083,0.021282626603498257
abm_all_available_common_cells,univariate_ar_p4_constant,effective_federal_funds_rate,2,60,2010Q2,2025Q1,0.573466837057894,0.4127599999197031,1.5508848673812252,0.04944183982136941
abm_all_available_common_cells,univariate_ar_p4_constant,effective_federal_funds_rate,4,58,2010Q2,2024Q3,1.1273407723950837,0.8184270291759668,3.047698300375706,0.14612414697467677
abm_all_available_common_cells,univariate_ar_p4_constant,effective_federal_funds_rate,8,54,2010Q2,2023Q3,1.9929020262872241,1.6405812973085647,6.029495102537611,0.30621224138334713
abm_all_available_common_cells,univariate_ar_p4_constant,effective_federal_funds_rate,12,50,2010Q2,2022Q3,2.41479468447564,2.084102698565539,7.629034763403788,0.34744567350211253
abm_all_available_common_cells,univariate_ar_bic_p1-2-3-4-5-6-7-8_constant,real_gdp,1,61,2010Q2,2025Q2,9.04664670024397,3.297864119656172,1.3427991041027802,-1.0763942490602256
abm_all_available_common_cells,univariate_ar_bic_p1-2-3-4-5-6-7-8_constant,real_gdp,2,60,2010Q2,2025Q1,7.371783480774824,3.0576247452102137,1.3171577642685826,-0.784891825709447
abm_all_available_common_cells,univariate_ar_bic_p1-2-3-4-5-6-7-8_constant,real_gdp,4,58,2010Q2,2024Q3,7.186585500067501,3.044728562147678,1.3334092157202873,-0.8711686305585544
abm_all_available_common_cells,univariate_ar_bic_p1-2-3-4-5-6-7-8_constant,real_gdp,8,54,2010Q2,2023Q3,6.714934650945641,2.9682740461143,1.3286926111635262,-0.7788532701638117
abm_all_available_common_cells,univariate_ar_bic_p1-2-3-4-5-6-7-8_constant,real_gdp,12,50,2010Q2,2022Q3,6.865110779820829,3.069025939172327,1.3643613843646378,-0.7802028094517443
abm_all_available_common_cells,univariate_ar_bic_p1-2-3-4-5-6-7-8_constant,gdp_deflator,1,61,2010Q2,2025Q2,1.4118689406438747,1.0706512096410743,1.40773107636669,-0.07216403329615881
abm_all_available_common_cells,univariate_ar_bic_p1-2-3-4-5-6-7-8_constant,gdp_deflator,2,60,2010Q2,2025Q1,1.62497941857077,1.111064112577368,1.4410707079802123,-0.10004105603199334
abm_all_available_common_cells,univariate_ar_bic_p1-2-3-4-5-6-7-8_constant,gdp_deflator,4,58,2010Q2,2024Q3,2.063115478006406,1.3180719041979259,1.7159815301034582,-0.15583983284696973
abm_all_available_common_cells,univariate_ar_bic_p1-2-3-4-5-6-7-8_constant,gdp_deflator,8,54,2010Q2,2023Q3,2.1859402062536315,1.438844088504014,1.9349550200491425,-0.26411739899443426
abm_all_available_common_cells,univariate_ar_bic_p1-2-3-4-5-6-7-8_constant,gdp_deflator,12,50,2010Q2,2022Q3,2.2288422933142864,1.465265298139257,1.9989856945743198,-0.3815878640909914
abm_all_available_common_cells,univariate_ar_bic_p1-2-3-4-5-6-7-8_constant,nominal_gdp,1,61,2010Q2,2025Q2,10.100219866779002,4.012468337238543,1.5435762213380124,-1.6523318463783006
abm_all_available_common_cells,univariate_ar_bic_p1-2-3-4-5-6-7-8_constant,nominal_gdp,2,60,2010Q2,2025Q1,8.418205641591438,3.790737360269346,1.5411155868672242,-1.3207461886964176
abm_all_available_common_cells,univariate_ar_bic_p1-2-3-4-5-6-7-8_constant,nominal_gdp,4,58,2010Q2,2024Q3,8.497505757828987,3.7767276860574563,1.5695743262601751,-1.4036812931552196
abm_all_available_common_cells,univariate_ar_bic_p1-2-3-4-5-6-7-8_constant,nominal_gdp,8,54,2010Q2,2023Q3,8.124923376616069,3.8426207447456315,1.6702237861917497,-1.3711780733406316
abm_all_available_common_cells,univariate_ar_bic_p1-2-3-4-5-6-7-8_constant,nominal_gdp,12,50,2010Q2,2022Q3,7.93245602336929,3.9526654810563557,1.7378875384790273,-1.446321004169356
abm_all_available_common_cells,univariate_ar_bic_p1-2-3-4-5-6-7-8_constant,unemployment_rate,1,61,2010Q2,2025Q2,2.626804951966387,0.7953247232750854,2.632044612802064,0.4219638837299303
abm_all_available_common_cells,univariate_ar_bic_p1-2-3-4-5-6-7-8_constant,unemployment_rate,2,60,2010Q2,2025Q1,3.407464178582979,1.0874197110780723,3.7520174104387314,0.5114051195652595
abm_all_available_common_cells,univariate_ar_bic_p1-2-3-4-5-6-7-8_constant,unemployment_rate,4,58,2010Q2,2024Q3,4.84118280476339,1.6759283857272718,5.828554029104539,0.862250839810117
abm_all_available_common_cells,univariate_ar_bic_p1-2-3-4-5-6-7-8_constant,unemployment_rate,8,54,2010Q2,2023Q3,3.516064155871964,2.1010563322185742,7.47843377113539,0.6940762682662114
abm_all_available_common_cells,univariate_ar_bic_p1-2-3-4-5-6-7-8_constant,unemployment_rate,12,50,2010Q2,2022Q3,8.220870563658599,3.394166260524412,11.609718469389396,-0.4675821273965445
abm_all_available_common_cells,univariate_ar_bic_p1-2-3-4-5-6-7-8_constant,effective_federal_funds_rate,1,61,2010Q2,2025Q2,0.2719990958553592,0.18745005327739225,0.7069213822051087,0.00046462173134237487
abm_all_available_common_cells,univariate_ar_bic_p1-2-3-4-5-6-7-8_constant,effective_federal_funds_rate,2,60,2010Q2,2025Q1,0.5632437794167708,0.40526678929401044,1.5221775628110579,-0.004416056765576674
abm_all_available_common_cells,univariate_ar_bic_p1-2-3-4-5-6-7-8_constant,effective_federal_funds_rate,4,58,2010Q2,2024Q3,1.1345686015825067,0.8537256738864881,3.1798494986152415,0.019751440083896035
abm_all_available_common_cells,univariate_ar_bic_p1-2-3-4-5-6-7-8_constant,effective_federal_funds_rate,8,54,2010Q2,2023Q3,1.9777121333718266,1.6543369887708623,6.091194525312164,0.07420170720170638
abm_all_available_common_cells,univariate_ar_bic_p1-2-3-4-5-6-7-8_constant,effective_federal_funds_rate,12,50,2010Q2,2022Q3,2.2859058320747043,1.9444602834284053,7.1490043388409985,0.10790498118458544
abm_all_available_common_cells,beforeit_var_p1_constant,real_gdp,1,61,2010Q2,2025Q2,9.088555880484682,3.6437905971272677,1.492140135465022,-0.07805867018962667
abm_all_available_common_cells,beforeit_var_p1_constant,real_gdp,2,60,2010Q2,2025Q1,7.350004268648322,3.4640168313591535,1.4696623939426452,-0.16314636953375689
abm_all_available_common_cells,beforeit_var_p1_constant,real_gdp,4,58,2010Q2,2024Q3,6.352387920785006,2.9320164723391753,1.287443421459065,0.1969161943506844
abm_all_available_common_cells,beforeit_var_p1_constant,real_gdp,8,54,2010Q2,2023Q3,7.857105542007758,3.4355828217012196,1.526975268412583,0.44488989537742013
abm_all_available_common_cells,beforeit_var_p1_constant,real_gdp,12,50,2010Q2,2022Q3,6.730027949591218,2.9337010920605646,1.3076123038822078,-0.40715276684225316
abm_all_available_common_cells,beforeit_var_p1_constant,gdp_deflator,1,61,2010Q2,2025Q2,1.799886199242383,1.1874803590831393,1.5569568880421507,-0.030083931820159625
abm_all_available_common_cells,beforeit_var_p1_constant,gdp_deflator,2,60,2010Q2,2025Q1,2.137430546282033,1.4229686239333252,1.8687226078288026,-0.11383958703311974
abm_all_available_common_cells,beforeit_var_p1_constant,gdp_deflator,4,58,2010Q2,2024Q3,2.3589154106693546,1.551223106725149,2.0534124383575674,-0.1518186354910937
abm_all_available_common_cells,beforeit_var_p1_constant,gdp_deflator,8,54,2010Q2,2023Q3,2.091064639732065,1.506688709195778,2.0666338487709646,-0.13069512836282815
abm_all_available_common_cells,beforeit_var_p1_constant,gdp_deflator,12,50,2010Q2,2022Q3,2.3654829804374904,1.6420864598078146,2.2583082519774726,-0.4057810311897516
abm_all_available_common_cells,beforeit_var_p1_constant,nominal_gdp,1,61,2010Q2,2025Q2,10.42451252916068,4.08754071321162,1.6221053363404125,-0.1082867908896757
abm_all_available_common_cells,beforeit_var_p1_constant,nominal_gdp,2,60,2010Q2,2025Q1,8.717695380475288,4.163748877262029,1.7115757242520138,-0.27699957428098837
abm_all_available_common_cells,beforeit_var_p1_constant,nominal_gdp,4,58,2010Q2,2024Q3,7.3855776255903764,3.77138246819623,1.592206935670201,0.04507708451404481
abm_all_available_common_cells,beforeit_var_p1_constant,nominal_gdp,8,54,2010Q2,2023Q3,8.738842757859924,4.3884928570132615,1.9019081213891995,0.3141338708284617
abm_all_available_common_cells,beforeit_var_p1_constant,nominal_gdp,12,50,2010Q2,2022Q3,7.7455130305736954,3.947203844746907,1.7396614433195083,-0.8129981333376634
abm_all_available_common_cells,beforeit_var_p1_constant,unemployment_rate,1,61,2010Q2,2025Q2,2.10292650804041,0.5908583347741178,2.079881325934513,0.1077653735707137
abm_all_available_common_cells,beforeit_var_p1_constant,unemployment_rate,2,60,2010Q2,2025Q1,3.3082199892300603,0.9406673421710997,3.3573653205555796,0.250580966494435
abm_all_available_common_cells,beforeit_var_p1_constant,unemployment_rate,4,58,2010Q2,2024Q3,4.167567397137974,1.4258803065019623,5.117249324581397,0.35868839340196385
abm_all_available_common_cells,beforeit_var_p1_constant,unemployment_rate,8,54,2010Q2,2023Q3,2.2417902345429317,1.4799584548751004,5.65459033522081,0.07569659321688765
abm_all_available_common_cells,beforeit_var_p1_constant,unemployment_rate,12,50,2010Q2,2022Q3,3.8982134670486452,2.0737860695751578,7.6841470836436585,-0.011264676843787881
abm_all_available_common_cells,beforeit_var_p1_constant,effective_federal_funds_rate,1,61,2010Q2,2025Q2,0.6637953930085977,0.37305783204888043,1.4230892440176541,-0.07959998600798733
abm_all_available_common_cells,beforeit_var_p1_constant,effective_federal_funds_rate,2,60,2010Q2,2025Q1,1.2450982741282128,0.6780022991117325,2.567785868203367,-0.13756548958995765
abm_all_available_common_cells,beforeit_var_p1_constant,effective_federal_funds_rate,4,58,2010Q2,2024Q3,2.07235146003868,1.1901730996397986,4.44991204208468,-0.19420025068424798
abm_all_available_common_cells,beforeit_var_p1_constant,effective_federal_funds_rate,8,54,2010Q2,2023Q3,2.3793370608254643,1.7407505263270446,6.383258999571407,-0.14945015551557075
abm_all_available_common_cells,beforeit_var_p1_constant,effective_federal_funds_rate,12,50,2010Q2,2022Q3,2.688415687382162,2.0948450203549536,7.741012151827619,-0.23107351019344796
abm_all_available_common_cells,beforeit_var_p2_constant,real_gdp,1,61,2010Q2,2025Q2,9.579899667710045,4.351361306544352,1.7074042591710226,-0.4191336615605919
abm_all_available_common_cells,beforeit_var_p2_constant,real_gdp,2,60,2010Q2,2025Q1,9.537087196899904,4.292819681375678,1.730988561110181,0.906973091211382
abm_all_available_common_cells,beforeit_var_p2_constant,real_gdp,4,58,2010Q2,2024Q3,12.137043338803299,4.383575052978435,1.741237775472633,1.3972150526230398
abm_all_available_common_cells,beforeit_var_p2_constant,real_gdp,8,54,2010Q2,2023Q3,26.680830919219506,6.893372912745296,2.5949989779882894,2.996565387814206
abm_all_available_common_cells,beforeit_var_p2_constant,real_gdp,12,50,2010Q2,2022Q3,66.75191609607441,13.400934041514104,4.7129519698038385,7.589621444022562
abm_all_available_common_cells,beforeit_var_p2_constant,gdp_deflator,1,61,2010Q2,2025Q2,1.6207892282435767,1.1607176047020824,1.522811357325079,0.09428706927994222
abm_all_available_common_cells,beforeit_var_p2_constant,gdp_deflator,2,60,2010Q2,2025Q1,2.397452146138949,1.465234733172361,1.9314057450965259,0.08249903422558985
abm_all_available_common_cells,beforeit_var_p2_constant,gdp_deflator,4,58,2010Q2,2024Q3,3.11337782955845,1.7848344277176087,2.3489372634098435,-0.033682566275792324
abm_all_available_common_cells,beforeit_var_p2_constant,gdp_deflator,8,54,2010Q2,2023Q3,5.531162235575966,2.509761008367439,3.3488396610087543,0.01230054032668172
abm_all_available_common_cells,beforeit_var_p2_constant,gdp_deflator,12,50,2010Q2,2022Q3,11.97461078484844,3.886064244533435,5.085182887086833,-0.1631829749179451
abm_all_available_common_cells,beforeit_var_p2_constant,nominal_gdp,1,61,2010Q2,2025Q2,10.457905828119568,4.933546257448792,1.8556009054209779,-0.32526611730473687
abm_all_available_common_cells,beforeit_var_p2_constant,nominal_gdp,2,60,2010Q2,2025Q1,10.794834449598921,5.032911675701328,1.9846207017820183,0.989776743582013
abm_all_available_common_cells,beforeit_var_p2_constant,nominal_gdp,4,58,2010Q2,2024Q3,13.538893378720267,5.51016347398623,2.1170514015740705,1.364062687722944
abm_all_available_common_cells,beforeit_var_p2_constant,nominal_gdp,8,54,2010Q2,2023Q3,30.540379227328916,8.931757764376654,3.300867445615481,3.009959247229775
abm_all_available_common_cells,beforeit_var_p2_constant,nominal_gdp,12,50,2010Q2,2022Q3,76.60985905261835,16.57298757684322,5.718267271548329,7.428910468275637
abm_all_available_common_cells,beforeit_var_p2_constant,unemployment_rate,1,61,2010Q2,2025Q2,2.065844565402677,0.746682188018338,2.4498773176566755,0.11761117601017665
abm_all_available_common_cells,beforeit_var_p2_constant,unemployment_rate,2,60,2010Q2,2025Q1,2.6168584797791943,0.9516968168075949,3.3351077083183873,-0.02079265043565631
abm_all_available_common_cells,beforeit_var_p2_constant,unemployment_rate,4,58,2010Q2,2024Q3,2.886434601409644,1.3811294793792026,4.861564120347706,-0.079524264137116
abm_all_available_common_cells,beforeit_var_p2_constant,unemployment_rate,8,54,2010Q2,2023Q3,3.4158440095062064,1.917310838493731,6.762168612867844,-0.5311159683171367
abm_all_available_common_cells,beforeit_var_p2_constant,unemployment_rate,12,50,2010Q2,2022Q3,7.6584258019045395,3.0192931834701295,10.130548669297971,-0.7162314765105389
abm_all_available_common_cells,beforeit_var_p2_constant,effective_federal_funds_rate,1,61,2010Q2,2025Q2,0.35471846452938766,0.27865700077572064,1.0351216188210612,0.08764195711186283
abm_all_available_common_cells,beforeit_var_p2_constant,effective_federal_funds_rate,2,60,2010Q2,2025Q1,0.7463634182013058,0.5487849601785013,2.0132261048095796,0.1877073433370727
abm_all_available_common_cells,beforeit_var_p2_constant,effective_federal_funds_rate,4,58,2010Q2,2024Q3,1.2902508573613536,0.9305254493797221,3.378633211688748,0.4101276811908009
abm_all_available_common_cells,beforeit_var_p2_constant,effective_federal_funds_rate,8,54,2010Q2,2023Q3,2.0709164308644583,1.514360467310289,5.397537188728944,0.6609916685552145
abm_all_available_common_cells,beforeit_var_p2_constant,effective_federal_funds_rate,12,50,2010Q2,2022Q3,2.826640894484204,2.0182442466347674,7.503588686960886,0.4429364336193436
abm_all_available_common_cells,beforeit_var_p3_constant,real_gdp,1,61,2010Q2,2025Q2,8.661769435395632,4.597492860019241,1.7873157526998638,-0.07920117221735688
abm_all_available_common_cells,beforeit_var_p3_constant,real_gdp,2,60,2010Q2,2025Q1,10.508705808497607,5.444281864381704,2.164845162662046,0.2114161107933209
abm_all_available_common_cells,beforeit_var_p3_constant,real_gdp,4,58,2010Q2,2024Q3,13.411813278944637,5.400079943553273,2.0964446483614214,-1.228195125482111
abm_all_available_common_cells,beforeit_var_p3_constant,real_gdp,8,54,2010Q2,2023Q3,27.122147996133204,8.536661007015667,3.395890356992694,2.891964351321451
abm_all_available_common_cells,beforeit_var_p3_constant,real_gdp,12,50,2010Q2,2022Q3,278.12664143325566,45.71023818162209,14.969813649175517,40.47840286937595
abm_all_available_common_cells,beforeit_var_p3_constant,gdp_deflator,1,61,2010Q2,2025Q2,1.9793534507810182,1.3366047986767837,1.752748483893753,0.13199316269199882
abm_all_available_common_cells,beforeit_var_p3_constant,gdp_deflator,2,60,2010Q2,2025Q1,3.916394603289584,2.0037271957282714,2.620702278857156,-0.1641634409806079
abm_all_available_common_cells,beforeit_var_p3_constant,gdp_deflator,4,58,2010Q2,2024Q3,4.583305839436251,2.364514937978538,3.084896021192239,-0.34995356409711614
abm_all_available_common_cells,beforeit_var_p3_constant,gdp_deflator,8,54,2010Q2,2023Q3,19.273909256703764,5.485888936466707,7.228643703544673,2.5013531561784332
abm_all_available_common_cells,beforeit_var_p3_constant,gdp_deflator,12,50,2010Q2,2022Q3,55.59187896452723,12.034442144502725,15.18103795704688,5.878119890878216
abm_all_available_common_cells,beforeit_var_p3_constant,nominal_gdp,1,61,2010Q2,2025Q2,9.139986353970475,5.120788625107634,1.9113094987294084,0.05228115761212998
abm_all_available_common_cells,beforeit_var_p3_constant,nominal_gdp,2,60,2010Q2,2025Q1,13.626435993907993,6.837831428233885,2.6295715829351627,0.047973962594257874
abm_all_available_common_cells,beforeit_var_p3_constant,nominal_gdp,4,58,2010Q2,2024Q3,16.256190801066698,6.956768124250894,2.623662366481619,-1.5770699042817402
abm_all_available_common_cells,beforeit_var_p3_constant,nominal_gdp,8,54,2010Q2,2023Q3,45.905794320034,13.500074876223675,5.183311603131029,5.388712288575285
abm_all_available_common_cells,beforeit_var_p3_constant,nominal_gdp,12,50,2010Q2,2022Q3,331.30680602976605,53.02940850376831,16.44017072826864,46.3520618619754
abm_all_available_common_cells,beforeit_var_p3_constant,unemployment_rate,1,61,2010Q2,2025Q2,1.7314807412474964,0.6921116182936955,2.2614085352879143,-0.11295091408167086
abm_all_available_common_cells,beforeit_var_p3_constant,unemployment_rate,2,60,2010Q2,2025Q1,3.374841152110994,1.3224984141923017,4.334333640044787,0.15734443011722174
abm_all_available_common_cells,beforeit_var_p3_constant,unemployment_rate,4,58,2010Q2,2024Q3,3.071265011065615,1.816030143312018,5.959966150004555,-0.6718572634740225
abm_all_available_common_cells,beforeit_var_p3_constant,unemployment_rate,8,54,2010Q2,2023Q3,17.982432620062507,5.220929364860164,15.892364393582513,0.3045975959102168
abm_all_available_common_cells,beforeit_var_p3_constant,unemployment_rate,12,50,2010Q2,2022Q3,68.56526663667157,15.527040432950033,44.756464171302696,-6.596491454411594
abm_all_available_common_cells,beforeit_var_p3_constant,effective_federal_funds_rate,1,61,2010Q2,2025Q2,0.4371604406258969,0.31797772044869566,1.1948773630082707,0.10739132406963636
abm_all_available_common_cells,beforeit_var_p3_constant,effective_federal_funds_rate,2,60,2010Q2,2025Q1,0.8580013089509686,0.5943512862462322,2.1977474248023072,0.19026386390971453
abm_all_available_common_cells,beforeit_var_p3_constant,effective_federal_funds_rate,4,58,2010Q2,2024Q3,1.6252783099310713,1.1506286318899819,4.2029979977975245,0.5073705361146843
abm_all_available_common_cells,beforeit_var_p3_constant,effective_federal_funds_rate,8,54,2010Q2,2023Q3,3.4687341506882516,2.3698916590371675,8.587928283321459,1.2343263499464427
abm_all_available_common_cells,beforeit_var_p3_constant,effective_federal_funds_rate,12,50,2010Q2,2022Q3,4.877518164959629,3.0730825405738034,11.435445961595407,2.0901388217243535
abm_all_available_common_cells,bvar_mniw_v1_p1_constant_tight3fc999999999999a_decay3ff0000000000000_own0000000000000000_ivar4059000000000000_iwoff2_iscale3ff0000000000000_floor3e45798ee2308c3a_diffmse_scale,real_gdp,1,61,2010Q2,2025Q2,7.917596768941776,3.2298486337724372,1.3158180475656391,-0.5488607106526231
abm_all_available_common_cells,bvar_mniw_v1_p1_constant_tight3fc999999999999a_decay3ff0000000000000_own0000000000000000_ivar4059000000000000_iwoff2_iscale3ff0000000000000_floor3e45798ee2308c3a_diffmse_scale,real_gdp,2,60,2010Q2,2025Q1,6.443099216543576,2.946619570627845,1.259685264952308,-0.28067012254452123
abm_all_available_common_cells,bvar_mniw_v1_p1_constant_tight3fc999999999999a_decay3ff0000000000000_own0000000000000000_ivar4059000000000000_iwoff2_iscale3ff0000000000000_floor3e45798ee2308c3a_diffmse_scale,real_gdp,4,58,2010Q2,2024Q3,6.2002800535315865,2.701142591785878,1.1837363116744801,-0.2150744533079025
abm_all_available_common_cells,bvar_mniw_v1_p1_constant_tight3fc999999999999a_decay3ff0000000000000_own0000000000000000_ivar4059000000000000_iwoff2_iscale3ff0000000000000_floor3e45798ee2308c3a_diffmse_scale,real_gdp,8,54,2010Q2,2023Q3,6.4590412267624915,2.8191708629123857,1.2689610806174487,-0.27310918533576145
abm_all_available_common_cells,bvar_mniw_v1_p1_constant_tight3fc999999999999a_decay3ff0000000000000_own0000000000000000_ivar4059000000000000_iwoff2_iscale3ff0000000000000_floor3e45798ee2308c3a_diffmse_scale,real_gdp,12,50,2010Q2,2022Q3,6.647200801353926,2.77910671402347,1.2434566723190121,-0.41177222796955987
abm_all_available_common_cells,bvar_mniw_v1_p1_constant_tight3fc999999999999a_decay3ff0000000000000_own0000000000000000_ivar4059000000000000_iwoff2_iscale3ff0000000000000_floor3e45798ee2308c3a_diffmse_scale,gdp_deflator,1,61,2010Q2,2025Q2,1.6882412140842218,1.1709539495654642,1.5348776682795695,-0.11540440350258632
abm_all_available_common_cells,bvar_mniw_v1_p1_constant_tight3fc999999999999a_decay3ff0000000000000_own0000000000000000_ivar4059000000000000_iwoff2_iscale3ff0000000000000_floor3e45798ee2308c3a_diffmse_scale,gdp_deflator,2,60,2010Q2,2025Q1,1.9046196499835988,1.2803327265754483,1.6707770588747892,-0.24811464207324016
abm_all_available_common_cells,bvar_mniw_v1_p1_constant_tight3fc999999999999a_decay3ff0000000000000_own0000000000000000_ivar4059000000000000_iwoff2_iscale3ff0000000000000_floor3e45798ee2308c3a_diffmse_scale,gdp_deflator,4,58,2010Q2,2024Q3,2.053605103105653,1.3083897746536308,1.7210981808496304,-0.37662769360593373
abm_all_available_common_cells,bvar_mniw_v1_p1_constant_tight3fc999999999999a_decay3ff0000000000000_own0000000000000000_ivar4059000000000000_iwoff2_iscale3ff0000000000000_floor3e45798ee2308c3a_diffmse_scale,gdp_deflator,8,54,2010Q2,2023Q3,2.0762519110301776,1.3556123458219378,1.850524417708336,-0.5045440192988034
abm_all_available_common_cells,bvar_mniw_v1_p1_constant_tight3fc999999999999a_decay3ff0000000000000_own0000000000000000_ivar4059000000000000_iwoff2_iscale3ff0000000000000_floor3e45798ee2308c3a_diffmse_scale,gdp_deflator,12,50,2010Q2,2022Q3,2.150312237765924,1.4179676308770082,1.9527176538283089,-0.6103183301417449
abm_all_available_common_cells,bvar_mniw_v1_p1_constant_tight3fc999999999999a_decay3ff0000000000000_own0000000000000000_ivar4059000000000000_iwoff2_iscale3ff0000000000000_floor3e45798ee2308c3a_diffmse_scale,nominal_gdp,1,61,2010Q2,2025Q2,9.063089198084453,3.637768245691122,1.437809380102985,-0.6643732328189637
abm_all_available_common_cells,bvar_mniw_v1_p1_constant_tight3fc999999999999a_decay3ff0000000000000_own0000000000000000_ivar4059000000000000_iwoff2_iscale3ff0000000000000_floor3e45798ee2308c3a_diffmse_scale,nominal_gdp,2,60,2010Q2,2025Q1,7.399908240542424,3.5308129311710332,1.4507686218730576,-0.528830740340731
abm_all_available_common_cells,bvar_mniw_v1_p1_constant_tight3fc999999999999a_decay3ff0000000000000_own0000000000000000_ivar4059000000000000_iwoff2_iscale3ff0000000000000_floor3e45798ee2308c3a_diffmse_scale,nominal_gdp,4,58,2010Q2,2024Q3,7.046729632397791,3.4149525107455823,1.4262030213493233,-0.5917216268786931
abm_all_available_common_cells,bvar_mniw_v1_p1_constant_tight3fc999999999999a_decay3ff0000000000000_own0000000000000000_ivar4059000000000000_iwoff2_iscale3ff0000000000000_floor3e45798ee2308c3a_diffmse_scale,nominal_gdp,8,54,2010Q2,2023Q3,7.304446919352732,3.5378184265787107,1.5549079886559778,-0.7777025440953516
abm_all_available_common_cells,bvar_mniw_v1_p1_constant_tight3fc999999999999a_decay3ff0000000000000_own0000000000000000_ivar4059000000000000_iwoff2_iscale3ff0000000000000_floor3e45798ee2308c3a_diffmse_scale,nominal_gdp,12,50,2010Q2,2022Q3,7.573625493837048,3.658408586759395,1.6239647287551398,-1.0221453445417183
abm_all_available_common_cells,bvar_mniw_v1_p1_constant_tight3fc999999999999a_decay3ff0000000000000_own0000000000000000_ivar4059000000000000_iwoff2_iscale3ff0000000000000_floor3e45798ee2308c3a_diffmse_scale,unemployment_rate,1,61,2010Q2,2025Q2,1.6751753324600938,0.5152091602338944,1.8641031824027414,0.15078505521113914
abm_all_available_common_cells,bvar_mniw_v1_p1_constant_tight3fc999999999999a_decay3ff0000000000000_own0000000000000000_ivar4059000000000000_iwoff2_iscale3ff0000000000000_floor3e45798ee2308c3a_diffmse_scale,unemployment_rate,2,60,2010Q2,2025Q1,2.1911312221008035,0.8425425372446995,3.0408086122030444,0.2775440770656878
abm_all_available_common_cells,bvar_mniw_v1_p1_constant_tight3fc999999999999a_decay3ff0000000000000_own0000000000000000_ivar4059000000000000_iwoff2_iscale3ff0000000000000_floor3e45798ee2308c3a_diffmse_scale,unemployment_rate,4,58,2010Q2,2024Q3,2.232531355617768,1.2462320414490058,4.53005995227987,0.4555775700997817
abm_all_available_common_cells,bvar_mniw_v1_p1_constant_tight3fc999999999999a_decay3ff0000000000000_own0000000000000000_ivar4059000000000000_iwoff2_iscale3ff0000000000000_floor3e45798ee2308c3a_diffmse_scale,unemployment_rate,8,54,2010Q2,2023Q3,2.1266764909301834,1.6508297995043495,6.118774186232251,0.8015720352657233
abm_all_available_common_cells,bvar_mniw_v1_p1_constant_tight3fc999999999999a_decay3ff0000000000000_own0000000000000000_ivar4059000000000000_iwoff2_iscale3ff0000000000000_floor3e45798ee2308c3a_diffmse_scale,unemployment_rate,12,50,2010Q2,2022Q3,2.2056328046103735,1.9019902115470695,7.253922309914497,1.2037405617313615
abm_all_available_common_cells,bvar_mniw_v1_p1_constant_tight3fc999999999999a_decay3ff0000000000000_own0000000000000000_ivar4059000000000000_iwoff2_iscale3ff0000000000000_floor3e45798ee2308c3a_diffmse_scale,effective_federal_funds_rate,1,61,2010Q2,2025Q2,0.48409907441142674,0.3181303432563743,1.207801966002634,-0.007269783316792201
abm_all_available_common_cells,bvar_mniw_v1_p1_constant_tight3fc999999999999a_decay3ff0000000000000_own0000000000000000_ivar4059000000000000_iwoff2_iscale3ff0000000000000_floor3e45798ee2308c3a_diffmse_scale,effective_federal_funds_rate,2,60,2010Q2,2025Q1,0.8598746297527218,0.5724830392229656,2.167714806320177,-0.018827708238351715
abm_all_available_common_cells,bvar_mniw_v1_p1_constant_tight3fc999999999999a_decay3ff0000000000000_own0000000000000000_ivar4059000000000000_iwoff2_iscale3ff0000000000000_floor3e45798ee2308c3a_diffmse_scale,effective_federal_funds_rate,4,58,2010Q2,2024Q3,1.3649329902445977,0.9800910566993205,3.717052659846543,-0.06304178562977782
abm_all_available_common_cells,bvar_mniw_v1_p1_constant_tight3fc999999999999a_decay3ff0000000000000_own0000000000000000_ivar4059000000000000_iwoff2_iscale3ff0000000000000_floor3e45798ee2308c3a_diffmse_scale,effective_federal_funds_rate,8,54,2010Q2,2023Q3,1.96702446856709,1.586477922683514,6.06759463536469,-0.24312918073645964
abm_all_available_common_cells,bvar_mniw_v1_p1_constant_tight3fc999999999999a_decay3ff0000000000000_own0000000000000000_ivar4059000000000000_iwoff2_iscale3ff0000000000000_floor3e45798ee2308c3a_diffmse_scale,effective_federal_funds_rate,12,50,2010Q2,2022Q3,2.2677038299345513,1.7983495294890093,6.88638710905629,-0.4541430103555214
abm_all_available_common_cells,beforeit_abm_us_v3_mean,real_gdp,1,61,2010Q2,2025Q2,6.076761814235044,2.47826156610176,1.0292623527251805,-0.02689351780815419
abm_all_available_common_cells,beforeit_abm_us_v3_mean,real_gdp,2,60,2010Q2,2025Q1,6.153066241399308,2.530860047425387,1.0926117290452462,0.0032299565761575
abm_all_available_common_cells,beforeit_abm_us_v3_mean,real_gdp,4,58,2010Q2,2024Q3,6.17022466193439,2.5584452745436677,1.133069887756854,-0.07260413258484302
abm_all_available_common_cells,beforeit_abm_us_v3_mean,real_gdp,8,54,2010Q2,2023Q3,6.448840884601688,2.656055470953504,1.2007973092205344,0.15085617474207477
abm_all_available_common_cells,beforeit_abm_us_v3_mean,real_gdp,12,50,2010Q2,2022Q3,6.642015379802569,2.7281710266071526,1.2216749503327429,0.1979528508362698
abm_all_available_common_cells,beforeit_abm_us_v3_mean,gdp_deflator,1,61,2010Q2,2025Q2,1.4355881122933165,1.093954204101658,1.433485716744586,-0.18529693613638346
abm_all_available_common_cells,beforeit_abm_us_v3_mean,gdp_deflator,2,60,2010Q2,2025Q1,1.642679063178363,1.1008272759097553,1.4316369931762518,-0.29232401738906255
abm_all_available_common_cells,beforeit_abm_us_v3_mean,gdp_deflator,4,58,2010Q2,2024Q3,1.9533181346851836,1.2523981552720456,1.6389329050277528,-0.407168931426385
abm_all_available_common_cells,beforeit_abm_us_v3_mean,gdp_deflator,8,54,2010Q2,2023Q3,2.0328757097564347,1.2976604455057412,1.7644771819518519,-0.5237215502127045
abm_all_available_common_cells,beforeit_abm_us_v3_mean,gdp_deflator,12,50,2010Q2,2022Q3,2.102084045190094,1.3893743475888596,1.9072579591897019,-0.6247244545375819
abm_all_available_common_cells,beforeit_abm_us_v3_mean,nominal_gdp,1,61,2010Q2,2025Q2,6.840732933149979,2.8987601255596194,1.167038514182981,-0.21224630838334124
abm_all_available_common_cells,beforeit_abm_us_v3_mean,nominal_gdp,2,60,2010Q2,2025Q1,6.831299093494678,3.001559718699233,1.2403674788381385,-0.289145706032672
abm_all_available_common_cells,beforeit_abm_us_v3_mean,nominal_gdp,4,58,2010Q2,2024Q3,6.992697598176974,3.2264741351187443,1.3568663187315106,-0.4797783906698486
abm_all_available_common_cells,beforeit_abm_us_v3_mean,nominal_gdp,8,54,2010Q2,2023Q3,7.312021652755322,3.4529756574852524,1.5233771564072982,-0.3728978653604815
abm_all_available_common_cells,beforeit_abm_us_v3_mean,nominal_gdp,12,50,2010Q2,2022Q3,7.536468294767782,3.5827585000020115,1.5944425524977262,-0.4268135318204122
abm_all_available_common_cells,beforeit_abm_us_v3_mean,unemployment_rate,1,61,2010Q2,2025Q2,2.736092896514646,2.449263750121287,8.794740556293961,1.7700074368675183
abm_all_available_common_cells,beforeit_abm_us_v3_mean,unemployment_rate,2,60,2010Q2,2025Q1,2.7169598624399898,2.42482380013152,8.695676056164837,1.8034076265615344
abm_all_available_common_cells,beforeit_abm_us_v3_mean,unemployment_rate,4,58,2010Q2,2024Q3,2.6746378095125816,2.3798653336054216,8.475324330915978,1.872800108821387
abm_all_available_common_cells,beforeit_abm_us_v3_mean,unemployment_rate,8,54,2010Q2,2023Q3,2.525752029325407,2.2290043100299823,8.107984656422452,1.8111695521952618
abm_all_available_common_cells,beforeit_abm_us_v3_mean,unemployment_rate,12,50,2010Q2,2022Q3,2.3159308387296647,1.9805562130177718,7.49474691106976,1.5057017751479895
abm_all_available_common_cells,beforeit_abm_us_v3_mean,effective_federal_funds_rate,1,61,2010Q2,2025Q2,0.37322515272095047,0.21846921293328417,0.8496961342939995,-0.0436718419839704
abm_all_available_common_cells,beforeit_abm_us_v3_mean,effective_federal_funds_rate,2,60,2010Q2,2025Q1,0.6904998431913111,0.42349259759679553,1.6595489247034936,-0.08945857404237961
abm_all_available_common_cells,beforeit_abm_us_v3_mean,effective_federal_funds_rate,4,58,2010Q2,2024Q3,1.2144236155572765,0.7883284300723374,3.1194796492458954,-0.2004689350644173
abm_all_available_common_cells,beforeit_abm_us_v3_mean,effective_federal_funds_rate,8,54,2010Q2,2023Q3,1.8923729357118793,1.3243544553839712,5.2822150142905695,-0.5029572549116064
abm_all_available_common_cells,beforeit_abm_us_v3_mean,effective_federal_funds_rate,12,50,2010Q2,2022Q3,2.1631541377596477,1.6253179930314439,6.43184605109874,-0.7871505005439655
abm_all_available_common_cells,beforeit_abm_us_v3_median,real_gdp,1,61,2010Q2,2025Q2,6.082397005561299,2.466402254784531,1.0234948880175063,-0.01102821524054873
abm_all_available_common_cells,beforeit_abm_us_v3_median,real_gdp,2,60,2010Q2,2025Q1,6.133305379332739,2.528663744240616,1.0923945063660574,0.03349596750963962
abm_all_available_common_cells,beforeit_abm_us_v3_median,real_gdp,4,58,2010Q2,2024Q3,6.190450511209233,2.5982210305372355,1.1460882364764975,-0.08328956430769366
abm_all_available_common_cells,beforeit_abm_us_v3_median,real_gdp,8,54,2010Q2,2023Q3,6.449696021995276,2.6501713262293256,1.199607882658353,0.15671789893212576
abm_all_available_common_cells,beforeit_abm_us_v3_median,real_gdp,12,50,2010Q2,2022Q3,6.6510210419947065,2.7480078212209365,1.2282748062476159,0.21934212747880472
abm_all_available_common_cells,beforeit_abm_us_v3_median,gdp_deflator,1,61,2010Q2,2025Q2,1.43459720526145,1.0915045048916518,1.4302131163687444,-0.18199640173781365
abm_all_available_common_cells,beforeit_abm_us_v3_median,gdp_deflator,2,60,2010Q2,2025Q1,1.6410265252582703,1.1055435710914874,1.4375459821168035,-0.29816852830239654
abm_all_available_common_cells,beforeit_abm_us_v3_median,gdp_deflator,4,58,2010Q2,2024Q3,1.9584288896593351,1.251956235490932,1.637667569237591,-0.4071377482882188
abm_all_available_common_cells,beforeit_abm_us_v3_median,gdp_deflator,8,54,2010Q2,2023Q3,2.0331186112903543,1.3021367345936323,1.770720056023467,-0.5207739635577691
abm_all_available_common_cells,beforeit_abm_us_v3_median,gdp_deflator,12,50,2010Q2,2022Q3,2.1127706151804415,1.3896209016605057,1.9072538697817603,-0.6267686535675024
abm_all_available_common_cells,beforeit_abm_us_v3_median,nominal_gdp,1,61,2010Q2,2025Q2,6.836814481709406,2.910010776198383,1.169350419355267,-0.21196178484611006
abm_all_available_common_cells,beforeit_abm_us_v3_median,nominal_gdp,2,60,2010Q2,2025Q1,6.804166486087964,2.9708072938849805,1.2282141198715106,-0.2361042275484072
abm_all_available_common_cells,beforeit_abm_us_v3_median,nominal_gdp,4,58,2010Q2,2024Q3,6.989315522954794,3.2455832572564645,1.364486114893104,-0.4757181962446559
abm_all_available_common_cells,beforeit_abm_us_v3_median,nominal_gdp,8,54,2010Q2,2023Q3,7.320789839780687,3.4787075950202646,1.5352620404338306,-0.36730289455365644
abm_all_available_common_cells,beforeit_abm_us_v3_median,nominal_gdp,12,50,2010Q2,2022Q3,7.52721721368501,3.576551649050434,1.5910201047871224,-0.4570050914836971
abm_all_available_common_cells,beforeit_abm_us_v3_median,unemployment_rate,1,61,2010Q2,2025Q2,2.767625715063075,2.478407216994891,8.89427206643625,1.8057393216284052
abm_all_available_common_cells,beforeit_abm_us_v3_median,unemployment_rate,2,60,2010Q2,2025Q1,2.775100645634448,2.4807725180802382,8.88487182139434,1.8698454963840194
abm_all_available_common_cells,beforeit_abm_us_v3_median,unemployment_rate,4,58,2010Q2,2024Q3,2.797729692235648,2.494684758212644,8.87480836686244,2.010035366931976
abm_all_available_common_cells,beforeit_abm_us_v3_median,unemployment_rate,8,54,2010Q2,2023Q3,2.703418676570757,2.408890349916022,8.741553918766952,2.0372269705603716
abm_all_available_common_cells,beforeit_abm_us_v3_median,unemployment_rate,12,50,2010Q2,2022Q3,2.4167883800167256,2.0751992110453985,7.8154663940201115,1.6254792899408885
abm_all_available_common_cells,beforeit_abm_us_v3_median,effective_federal_funds_rate,1,61,2010Q2,2025Q2,0.37371507446938984,0.21341944949904004,0.8320168527955712,-0.04990040621760877
abm_all_available_common_cells,beforeit_abm_us_v3_median,effective_federal_funds_rate,2,60,2010Q2,2025Q1,0.6922072232901091,0.4194337375131806,1.6464086494985404,-0.09807465429745474
abm_all_available_common_cells,beforeit_abm_us_v3_median,effective_federal_funds_rate,4,58,2010Q2,2024Q3,1.2147980079541156,0.7830177399331659,3.103118945562874,-0.2108892894749837
abm_all_available_common_cells,beforeit_abm_us_v3_median,effective_federal_funds_rate,8,54,2010Q2,2023Q3,1.8994310492285664,1.325062114170667,5.289678670773372,-0.514350264013525
abm_all_available_common_cells,beforeit_abm_us_v3_median,effective_federal_funds_rate,12,50,2010Q2,2022Q3,2.1721991688842093,1.6295355897578228,6.450925887637649,-0.7963211472534164
abm_balanced_h12_common_cells,naive_no_change,real_gdp,1,50,2010Q2,2022Q3,10.662454112635555,4.207975070753901,1.733337584382508,0.022005267778299923
abm_balanced_h12_common_cells,naive_no_change,real_gdp,2,50,2010Q2,2022Q3,9.855778587416474,4.56211416913238,1.9478046933150828,0.025755955824340048
abm_balanced_h12_common_cells,naive_no_change,real_gdp,4,50,2010Q2,2022Q3,9.725034779060461,4.88771517462534,2.074839576477808,-0.09317701246129982
abm_balanced_h12_common_cells,naive_no_change,real_gdp,8,50,2010Q2,2022Q3,9.169169508403192,4.66014445270318,1.9930870419876248,-0.10511846277937992
abm_balanced_h12_common_cells,naive_no_change,real_gdp,12,50,2010Q2,2022Q3,9.167099622202198,4.32315139987688,1.830907386287334,-0.1548588001395598
abm_balanced_h12_common_cells,naive_no_change,gdp_deflator,1,50,2010Q2,2022Q3,1.5250613987220423,1.0758093190148201,1.478107337042781,-0.03679795937961998
abm_balanced_h12_common_cells,naive_no_change,gdp_deflator,2,50,2010Q2,2022Q3,1.6754818444378028,1.25373041235414,1.6954991252237557,-0.08699737457653998
abm_balanced_h12_common_cells,naive_no_change,gdp_deflator,4,50,2010Q2,2022Q3,2.2364625740452024,1.55596548611566,2.064583706925742,-0.10638213933777997
abm_balanced_h12_common_cells,naive_no_change,gdp_deflator,8,50,2010Q2,2022Q3,2.969461296690407,2.14222901046876,2.881844420037409,-0.12835387168167997
abm_balanced_h12_common_cells,naive_no_change,gdp_deflator,12,50,2010Q2,2022Q3,2.7092472553873157,2.00498372971656,2.6967965302739496,-0.21409048025811997
abm_balanced_h12_common_cells,naive_no_change,nominal_gdp,1,50,2010Q2,2022Q3,11.553861416893684,4.609506041607699,1.84647330347255,-0.014855436496619774
abm_balanced_h12_common_cells,naive_no_change,nominal_gdp,2,50,2010Q2,2022Q3,10.464406705971276,4.89269047739266,2.061638575662345,-0.06127787694862007
abm_balanced_h12_common_cells,naive_no_change,nominal_gdp,4,50,2010Q2,2022Q3,10.771149229234096,5.33159716866356,2.22151313051588,-0.1995915755052802
abm_balanced_h12_common_cells,naive_no_change,nominal_gdp,8,50,2010Q2,2022Q3,10.868014187898142,5.9821734794807195,2.4970990546686984,-0.23352394943276011
abm_balanced_h12_common_cells,naive_no_change,nominal_gdp,12,50,2010Q2,2022Q3,10.220590765581278,5.625786895154081,2.305343117663435,-0.3690213470721602
abm_balanced_h12_common_cells,naive_no_change,unemployment_rate,1,50,2010Q2,2022Q3,1.4807955819611436,0.5066666666666799,1.9401973536630746,0.12133333333332004
abm_balanced_h12_common_cells,naive_no_change,unemployment_rate,2,50,2010Q2,2022Q3,1.8482303848696817,0.8280000000000001,3.1797442784986334,0.24
abm_balanced_h12_common_cells,naive_no_change,unemployment_rate,4,50,2010Q2,2022Q3,2.1602726165412465,1.2766666666667,4.876745255430637,0.46733333333334004
abm_balanced_h12_common_cells,naive_no_change,unemployment_rate,8,50,2010Q2,2022Q3,2.594125842916891,1.8406666666667801,7.035810911535882,0.85133333333334
abm_balanced_h12_common_cells,naive_no_change,unemployment_rate,12,50,2010Q2,2022Q3,2.7534786079511417,2.0773333333333603,7.947501149990914,1.15066666666668
abm_balanced_h12_common_cells,naive_no_change,effective_federal_funds_rate,1,50,2010Q2,2022Q3,0.3743072574893566,0.17287726303391998,0.7077048611233749,-0.06915594262296
abm_balanced_h12_common_cells,naive_no_change,effective_federal_funds_rate,2,50,2010Q2,2022Q3,0.7173383681377319,0.35800488372238,1.4737785014651388,-0.15582590230038001
abm_balanced_h12_common_cells,naive_no_change,effective_federal_funds_rate,4,50,2010Q2,2022Q3,1.3099334565468685,0.7357935206869399,3.0399340288000394,-0.35392257408738004
abm_balanced_h12_common_cells,naive_no_change,effective_federal_funds_rate,8,50,2010Q2,2022Q3,2.103868941739384,1.39807779948026,5.753473291393761,-0.7719013782915001
abm_balanced_h12_common_cells,naive_no_change,effective_federal_funds_rate,12,50,2010Q2,2022Q3,2.381955197707287,1.6881261383992001,6.853288308238133,-1.11203335109188
abm_balanced_h12_common_cells,naive_drift,real_gdp,1,50,2010Q2,2022Q3,10.731138462569982,4.241683940599849,1.746824422250195,0.053281117574215386
abm_balanced_h12_common_cells,naive_drift,real_gdp,2,50,2010Q2,2022Q3,9.983926668200041,4.6327927048874695,1.9758135824237086,0.08830765541617097
abm_balanced_h12_common_cells,naive_drift,real_gdp,4,50,2010Q2,2022Q3,9.978878867555844,5.0219483645999965,2.127104214186429,0.03192638672236207
abm_balanced_h12_common_cells,naive_drift,real_gdp,8,50,2010Q2,2022Q3,9.659792581368906,4.96238470595826,2.111439068586423,0.145088335587944
abm_balanced_h12_common_cells,naive_drift,real_gdp,12,50,2010Q2,2022Q3,9.900820736331344,4.723844162784506,1.984178418837103,0.22045139741142614
abm_balanced_h12_common_cells,naive_drift,gdp_deflator,1,50,2010Q2,2022Q3,1.5358611605570387,1.0789722043869352,1.482786511405385,-0.0400242521404644
abm_balanced_h12_common_cells,naive_drift,gdp_deflator,2,50,2010Q2,2022Q3,1.698691470902147,1.268588187658993,1.7172374849343166,-0.09344996009822883
abm_balanced_h12_common_cells,naive_drift,gdp_deflator,4,50,2010Q2,2022Q3,2.2942963480534146,1.587677519591406,2.10598392988584,-0.1192873103811576
abm_balanced_h12_common_cells,naive_drift,gdp_deflator,8,50,2010Q2,2022Q3,3.123850995335107,2.2534755735318908,3.027311179355796,-0.15416421376843528
abm_balanced_h12_common_cells,naive_drift,gdp_deflator,12,50,2010Q2,2022Q3,2.9212935986345077,2.180543959115292,2.9273478228230148,-0.2528059933882529
abm_balanced_h12_common_cells,naive_drift,nominal_gdp,1,50,2010Q2,2022Q3,11.628105879572798,4.641997867134562,1.8590080252044614,0.013178493710965996
abm_balanced_h12_common_cells,naive_drift,nominal_gdp,2,50,2010Q2,2022Q3,10.599775905278447,4.971677926311167,2.0923328893192146,-0.005210016533448396
abm_balanced_h12_common_cells,naive_drift,nominal_gdp,4,50,2010Q2,2022Q3,11.049198275957224,5.499698216532968,2.2838303038801184,-0.08745585467493695
abm_balanced_h12_common_cells,naive_drift,nominal_gdp,8,50,2010Q2,2022Q3,11.438284212368798,6.3464799874644475,2.6286208854005553,-0.009252507772073973
abm_balanced_h12_common_cells,naive_drift,nominal_gdp,12,50,2010Q2,2022Q3,11.024149743170275,6.044355568449037,2.448850251404091,-0.032614184581130544
abm_balanced_h12_common_cells,naive_drift,unemployment_rate,1,50,2010Q2,2022Q3,1.4958460109963443,0.5449622858540734,2.0883363866720788,0.16193940069696755
abm_balanced_h12_common_cells,naive_drift,unemployment_rate,2,50,2010Q2,2022Q3,1.8894128820549059,0.9109032136289008,3.500954623073302,0.3212121347272951
abm_balanced_h12_common_cells,naive_drift,unemployment_rate,4,50,2010Q2,2022Q3,2.273754633438412,1.4427367976282062,5.520417083716295,0.6297576027879301
abm_balanced_h12_common_cells,naive_drift,unemployment_rate,8,50,2010Q2,2022Q3,2.9052343302315076,2.1768002642981132,8.338394055082665,1.1761818722425204
abm_balanced_h12_common_cells,naive_drift,unemployment_rate,12,50,2010Q2,2022Q3,3.3053002721284743,2.571024827111893,9.852757945124633,1.63793947503045
abm_balanced_h12_common_cells,naive_drift,effective_federal_funds_rate,1,50,2010Q2,2022Q3,0.40092984588748554,0.25304630233862424,0.9932869821178376,-0.1691801573110136
abm_balanced_h12_common_cells,naive_drift,effective_federal_funds_rate,2,50,2010Q2,2022Q3,0.7777709351677585,0.5179424416838144,2.0411638433702786,-0.35587433167648724
abm_balanced_h12_common_cells,naive_drift,effective_federal_funds_rate,4,50,2010Q2,2022Q3,1.456469954746092,1.0528185719327174,4.158787241395655,-0.7540194328395943
abm_balanced_h12_common_cells,naive_drift,effective_federal_funds_rate,8,50,2010Q2,2022Q3,2.491813432077055,2.0191463265759837,7.888839137488335,-1.5720950957959285
abm_balanced_h12_common_cells,naive_drift,effective_federal_funds_rate,12,50,2010Q2,2022Q3,3.0957484916146436,2.5828698864814674,9.903369698245882,-2.312323927348523
abm_balanced_h12_common_cells,naive_historical_mean,real_gdp,1,50,2010Q2,2022Q3,6.702971265866784,2.857853660849668,1.217939218213755,-0.42560603971434957
abm_balanced_h12_common_cells,naive_historical_mean,real_gdp,2,50,2010Q2,2022Q3,6.677957179729925,2.852543211164264,1.2676113835518654,-0.42185535166830973
abm_balanced_h12_common_cells,naive_historical_mean,real_gdp,4,50,2010Q2,2022Q3,6.666549461317904,2.8501576726577516,1.2905733776371107,-0.5407883199539496
abm_balanced_h12_common_cells,naive_historical_mean,real_gdp,8,50,2010Q2,2022Q3,6.649424711467196,2.8065791312163633,1.2858200443892214,-0.5527297702720295
abm_balanced_h12_common_cells,naive_historical_mean,real_gdp,12,50,2010Q2,2022Q3,6.6623838739345,2.8738101830615994,1.284507046797659,-0.6024701076322095
abm_balanced_h12_common_cells,naive_historical_mean,gdp_deflator,1,50,2010Q2,2022Q3,2.0137990765926492,1.2675617268362545,1.6540341328514936,-0.380953724644575
abm_balanced_h12_common_cells,naive_historical_mean,gdp_deflator,2,50,2010Q2,2022Q3,2.0377736341509642,1.2848733739155973,1.6760145713026255,-0.431153139841495
abm_balanced_h12_common_cells,naive_historical_mean,gdp_deflator,4,50,2010Q2,2022Q3,2.0711540854727524,1.3176415169225164,1.7426167916910693,-0.450537904602735
abm_balanced_h12_common_cells,naive_historical_mean,gdp_deflator,8,50,2010Q2,2022Q3,2.086730334056091,1.3306149463115486,1.8244314375077482,-0.47250963694663506
abm_balanced_h12_common_cells,naive_historical_mean,gdp_deflator,12,50,2010Q2,2022Q3,2.102217006254978,1.3756975982221435,1.8922673370381813,-0.5582462455230751
abm_balanced_h12_common_cells,naive_historical_mean,nominal_gdp,1,50,2010Q2,2022Q3,7.553405646219266,3.5414613558144343,1.4125554083567697,-0.8065875367509312
abm_balanced_h12_common_cells,naive_historical_mean,nominal_gdp,2,50,2010Q2,2022Q3,7.542830020972683,3.588305421450814,1.4856336228582416,-0.8530099772029311
abm_balanced_h12_common_cells,naive_historical_mean,nominal_gdp,4,50,2010Q2,2022Q3,7.55594409495572,3.609761444121624,1.5340634021523556,-0.9913236757595911
abm_balanced_h12_common_cells,naive_historical_mean,nominal_gdp,8,50,2010Q2,2022Q3,7.550285090829301,3.5854903359079247,1.5935670806795945,-1.0252560496870715
abm_balanced_h12_common_cells,naive_historical_mean,nominal_gdp,12,50,2010Q2,2022Q3,7.556283118822995,3.6412053908690405,1.6145160858974565,-1.1607534473264713
abm_balanced_h12_common_cells,naive_historical_mean,unemployment_rate,1,50,2010Q2,2022Q3,2.167065243189665,1.8463100966298855,7.324717673032492,0.23532449054872104
abm_balanced_h12_common_cells,naive_historical_mean,unemployment_rate,2,50,2010Q2,2022Q3,2.1595622010056594,1.8495073727052067,7.337478532171027,0.353991157215401
abm_balanced_h12_common_cells,naive_historical_mean,unemployment_rate,4,50,2010Q2,2022Q3,2.1441081031722327,1.8548466088992448,7.195388933600751,0.581324490548741
abm_balanced_h12_common_cells,naive_historical_mean,unemployment_rate,8,50,2010Q2,2022Q3,2.1163897268509544,1.8426412220060269,7.046567705257924,0.9653244905487409
abm_balanced_h12_common_cells,naive_historical_mean,unemployment_rate,12,50,2010Q2,2022Q3,2.120926238088534,1.850442225941519,7.182969082143574,1.2646578238820811
abm_balanced_h12_common_cells,naive_historical_mean,effective_federal_funds_rate,1,50,2010Q2,2022Q3,1.608205105573733,1.450427435099013,5.12542185448597,1.2200467846734162
abm_balanced_h12_common_cells,naive_historical_mean,effective_federal_funds_rate,2,50,2010Q2,2022Q3,1.653239255292543,1.484706740336805,5.264810684192794,1.1333768249959961
abm_balanced_h12_common_cells,naive_historical_mean,effective_federal_funds_rate,4,50,2010Q2,2022Q3,1.7813769024602621,1.572771518723023,5.644867793049587,0.9352801532089963
abm_balanced_h12_common_cells,naive_historical_mean,effective_federal_funds_rate,8,50,2010Q2,2022Q3,2.01574382363016,1.7402739114067203,6.383705657274893,0.5173013490048761
abm_balanced_h12_common_cells,naive_historical_mean,effective_federal_funds_rate,12,50,2010Q2,2022Q3,2.098930903163602,1.8216411398679702,6.743034125401721,0.17716937620449622
abm_balanced_h12_common_cells,univariate_ar_p1_constant,real_gdp,1,50,2010Q2,2022Q3,9.960814402072339,3.6993517725686456,1.538796726328967,-1.1442639730640378
abm_balanced_h12_common_cells,univariate_ar_p1_constant,real_gdp,2,50,2010Q2,2022Q3,8.038901656718895,3.3635801059921935,1.4869090246028558,-0.8135661407730277
abm_balanced_h12_common_cells,univariate_ar_p1_constant,real_gdp,4,50,2010Q2,2022Q3,7.711854787220712,3.2909183359438394,1.4733491394925142,-0.9375673604474593
abm_balanced_h12_common_cells,univariate_ar_p1_constant,real_gdp,8,50,2010Q2,2022Q3,6.95666372332705,3.0693492754839995,1.3938627148293827,-0.8207407773710627
abm_balanced_h12_common_cells,univariate_ar_p1_constant,real_gdp,12,50,2010Q2,2022Q3,6.865110779820829,3.069025939172327,1.3643613843646378,-0.7802028094517443
abm_balanced_h12_common_cells,univariate_ar_p1_constant,gdp_deflator,1,50,2010Q2,2022Q3,1.4938184164312756,1.1117372332908104,1.4995011187141827,-0.1654899726706056
abm_balanced_h12_common_cells,univariate_ar_p1_constant,gdp_deflator,2,50,2010Q2,2022Q3,1.776206022246726,1.1887763953924437,1.566419875996328,-0.2823718946623354
abm_balanced_h12_common_cells,univariate_ar_p1_constant,gdp_deflator,4,50,2010Q2,2022Q3,2.062207728438347,1.3247679245723885,1.7557219110179114,-0.36921123424211444
abm_balanced_h12_common_cells,univariate_ar_p1_constant,gdp_deflator,8,50,2010Q2,2022Q3,2.0967978300755217,1.3512855439946423,1.8521983499171137,-0.44639277548534423
abm_balanced_h12_common_cells,univariate_ar_p1_constant,gdp_deflator,12,50,2010Q2,2022Q3,2.10136444711278,1.379642755349462,1.8962072838908204,-0.5518687353609809
abm_balanced_h12_common_cells,univariate_ar_p1_constant,nominal_gdp,1,50,2010Q2,2022Q3,11.119067560580365,4.558414683126079,1.786342680105335,-1.7563784467371266
abm_balanced_h12_common_cells,univariate_ar_p1_constant,nominal_gdp,2,50,2010Q2,2022Q3,9.185039274970668,4.27092139592647,1.769348533879924,-1.3883803798820684
abm_balanced_h12_common_cells,univariate_ar_p1_constant,nominal_gdp,4,50,2010Q2,2022Q3,9.12889738952555,4.18005375558634,1.7631167938040466,-1.5042455388650147
abm_balanced_h12_common_cells,univariate_ar_p1_constant,nominal_gdp,8,50,2010Q2,2022Q3,8.423036705471175,4.017612323425826,1.7663110532998418,-1.4069907315472483
abm_balanced_h12_common_cells,univariate_ar_p1_constant,nominal_gdp,12,50,2010Q2,2022Q3,7.93245602336929,3.9526654810563557,1.7378875384790273,-1.446321004169356
abm_balanced_h12_common_cells,univariate_ar_p1_constant,unemployment_rate,1,50,2010Q2,2022Q3,1.45614265388279,0.5604542886176445,2.130097966302842,0.1849859277077437
abm_balanced_h12_common_cells,univariate_ar_p1_constant,unemployment_rate,2,50,2010Q2,2022Q3,1.8057189927570085,0.9428013027520588,3.590807253124922,0.36317203075896054
abm_balanced_h12_common_cells,univariate_ar_p1_constant,unemployment_rate,4,50,2010Q2,2022Q3,2.1167696583717404,1.4898043734696338,5.659341815558102,0.7000762466035994
abm_balanced_h12_common_cells,univariate_ar_p1_constant,unemployment_rate,8,50,2010Q2,2022Q3,2.5894323866415676,2.166748518764526,8.285733210185626,1.2792959027073778
abm_balanced_h12_common_cells,univariate_ar_p1_constant,unemployment_rate,12,50,2010Q2,2022Q3,2.9408328439303117,2.500153734626356,9.618425360530066,1.7577129135937104
abm_balanced_h12_common_cells,univariate_ar_p1_constant,effective_federal_funds_rate,1,50,2010Q2,2022Q3,0.38212683324267743,0.18239111484824838,0.744173276802431,-0.0796793647494991
abm_balanced_h12_common_cells,univariate_ar_p1_constant,effective_federal_funds_rate,2,50,2010Q2,2022Q3,0.724145865531279,0.3681353569326675,1.5103004255310482,-0.17608113220437333
abm_balanced_h12_common_cells,univariate_ar_p1_constant,effective_federal_funds_rate,4,50,2010Q2,2022Q3,1.2939780126157265,0.7333334631401901,3.0216970851225664,-0.3914996738563634
abm_balanced_h12_common_cells,univariate_ar_p1_constant,effective_federal_funds_rate,8,50,2010Q2,2022Q3,2.0161800865845407,1.3275350879163945,5.437468253288573,-0.8369559331955947
abm_balanced_h12_common_cells,univariate_ar_p1_constant,effective_federal_funds_rate,12,50,2010Q2,2022Q3,2.278897188904244,1.604173486908887,6.482391321183972,-1.1971740633665346
abm_balanced_h12_common_cells,univariate_ar_p4_constant,real_gdp,1,50,2010Q2,2022Q3,10.78953229818738,4.215927952803541,1.701775111923973,-1.6939536390887822
abm_balanced_h12_common_cells,univariate_ar_p4_constant,real_gdp,2,50,2010Q2,2022Q3,8.231406884122551,3.4629116797939927,1.5205174804110866,-0.8102777170390941
abm_balanced_h12_common_cells,univariate_ar_p4_constant,real_gdp,4,50,2010Q2,2022Q3,6.7151297352147274,2.8888740067700507,1.3033868074719372,-0.4491661765881527
abm_balanced_h12_common_cells,univariate_ar_p4_constant,real_gdp,8,50,2010Q2,2022Q3,6.983053640328565,3.063297506291777,1.3927332525050582,-0.20932354777554316
abm_balanced_h12_common_cells,univariate_ar_p4_constant,real_gdp,12,50,2010Q2,2022Q3,6.912774752212147,3.0948652110683974,1.3741919014915311,-0.7960495000786914
abm_balanced_h12_common_cells,univariate_ar_p4_constant,gdp_deflator,1,50,2010Q2,2022Q3,1.5359205897592174,1.178342404367287,1.579251097298567,-0.1515146619340237
abm_balanced_h12_common_cells,univariate_ar_p4_constant,gdp_deflator,2,50,2010Q2,2022Q3,1.7459582426908906,1.236627068026476,1.6272262459359204,-0.18755406355100207
abm_balanced_h12_common_cells,univariate_ar_p4_constant,gdp_deflator,4,50,2010Q2,2022Q3,2.21947813727915,1.4523865310628623,1.9138319690503471,-0.2640483755119314
abm_balanced_h12_common_cells,univariate_ar_p4_constant,gdp_deflator,8,50,2010Q2,2022Q3,2.361798787754323,1.5655921846217797,2.115684289041215,-0.33122080043287283
abm_balanced_h12_common_cells,univariate_ar_p4_constant,gdp_deflator,12,50,2010Q2,2022Q3,2.3173729950334097,1.485963944969872,2.023323443704453,-0.4298751987037212
abm_balanced_h12_common_cells,univariate_ar_p4_constant,nominal_gdp,1,50,2010Q2,2022Q3,12.75161681394554,5.541692518313522,2.088890240447817,-2.6435984015813028
abm_balanced_h12_common_cells,univariate_ar_p4_constant,nominal_gdp,2,50,2010Q2,2022Q3,9.440683792837627,4.234227264443328,1.7754136265304843,-1.152725871843451
abm_balanced_h12_common_cells,univariate_ar_p4_constant,nominal_gdp,4,50,2010Q2,2022Q3,8.418141660045762,4.008934180747691,1.6940907023177252,-1.2423962277290932
abm_balanced_h12_common_cells,univariate_ar_p4_constant,nominal_gdp,8,50,2010Q2,2022Q3,7.560176326436866,3.57507230287781,1.5947544100433761,-0.7284749664264867
abm_balanced_h12_common_cells,univariate_ar_p4_constant,nominal_gdp,12,50,2010Q2,2022Q3,7.54843472177939,3.638053186112753,1.6094798231368481,-1.1080455925729202
abm_balanced_h12_common_cells,univariate_ar_p4_constant,unemployment_rate,1,50,2010Q2,2022Q3,3.318887397779166,1.1483371574973,3.6615341691482457,0.6830915997204321
abm_balanced_h12_common_cells,univariate_ar_p4_constant,unemployment_rate,2,50,2010Q2,2022Q3,4.102995695526498,1.3880767499965143,4.732124040289989,0.6700600063300389
abm_balanced_h12_common_cells,univariate_ar_p4_constant,unemployment_rate,4,50,2010Q2,2022Q3,6.180595467141049,2.319985218417619,7.738146034634644,1.3020242840644942
abm_balanced_h12_common_cells,univariate_ar_p4_constant,unemployment_rate,8,50,2010Q2,2022Q3,2.910181624975536,1.9500541327600553,7.212637652071287,0.7645221872692403
abm_balanced_h12_common_cells,univariate_ar_p4_constant,unemployment_rate,12,50,2010Q2,2022Q3,6.545687230778066,2.9246715196892707,10.41446390672691,-0.1453921834270402
abm_balanced_h12_common_cells,univariate_ar_p4_constant,effective_federal_funds_rate,1,50,2010Q2,2022Q3,0.2931720790111328,0.19674187090497444,0.7430590814894197,0.03639255840278373
abm_balanced_h12_common_cells,univariate_ar_p4_constant,effective_federal_funds_rate,2,50,2010Q2,2022Q3,0.5944982759394137,0.4186119734102269,1.5757932542536337,0.08286915478578347
abm_balanced_h12_common_cells,univariate_ar_p4_constant,effective_federal_funds_rate,4,50,2010Q2,2022Q3,1.1990889611048798,0.8782276699260534,3.2721843394224823,0.1948874154571011
abm_balanced_h12_common_cells,univariate_ar_p4_constant,effective_federal_funds_rate,8,50,2010Q2,2022Q3,2.053702777315538,1.7093539118356533,6.283288894687978,0.3730533112106557
abm_balanced_h12_common_cells,univariate_ar_p4_constant,effective_federal_funds_rate,12,50,2010Q2,2022Q3,2.41479468447564,2.084102698565539,7.629034763403788,0.34744567350211253
abm_balanced_h12_common_cells,univariate_ar_bic_p1-2-3-4-5-6-7-8_constant,real_gdp,1,50,2010Q2,2022Q3,9.960814402072339,3.6993517725686456,1.538796726328967,-1.1442639730640378
abm_balanced_h12_common_cells,univariate_ar_bic_p1-2-3-4-5-6-7-8_constant,real_gdp,2,50,2010Q2,2022Q3,8.038901656718895,3.3635801059921935,1.4869090246028558,-0.8135661407730277
abm_balanced_h12_common_cells,univariate_ar_bic_p1-2-3-4-5-6-7-8_constant,real_gdp,4,50,2010Q2,2022Q3,7.711854787220712,3.2909183359438394,1.4733491394925142,-0.9375673604474593
abm_balanced_h12_common_cells,univariate_ar_bic_p1-2-3-4-5-6-7-8_constant,real_gdp,8,50,2010Q2,2022Q3,6.95666372332705,3.0693492754839995,1.3938627148293827,-0.8207407773710627
abm_balanced_h12_common_cells,univariate_ar_bic_p1-2-3-4-5-6-7-8_constant,real_gdp,12,50,2010Q2,2022Q3,6.865110779820829,3.069025939172327,1.3643613843646378,-0.7802028094517443
abm_balanced_h12_common_cells,univariate_ar_bic_p1-2-3-4-5-6-7-8_constant,gdp_deflator,1,50,2010Q2,2022Q3,1.4961981883549136,1.1255925981928823,1.5138835588751787,-0.08124209677947451
abm_balanced_h12_common_cells,univariate_ar_bic_p1-2-3-4-5-6-7-8_constant,gdp_deflator,2,50,2010Q2,2022Q3,1.7431889338074995,1.2043394524021955,1.584145881681785,-0.1246341867776101
abm_balanced_h12_common_cells,univariate_ar_bic_p1-2-3-4-5-6-7-8_constant,gdp_deflator,4,50,2010Q2,2022Q3,2.191049137557767,1.4092656442933287,1.8556774508337248,-0.17147094455201958
abm_balanced_h12_common_cells,univariate_ar_bic_p1-2-3-4-5-6-7-8_constant,gdp_deflator,8,50,2010Q2,2022Q3,2.2609586872911396,1.5015189026697087,2.029986643672184,-0.2527370133908099
abm_balanced_h12_common_cells,univariate_ar_bic_p1-2-3-4-5-6-7-8_constant,gdp_deflator,12,50,2010Q2,2022Q3,2.2288422933142864,1.465265298139257,1.9989856945743198,-0.3815878640909914
abm_balanced_h12_common_cells,univariate_ar_bic_p1-2-3-4-5-6-7-8_constant,nominal_gdp,1,50,2010Q2,2022Q3,11.119067560580365,4.558414683126079,1.786342680105335,-1.7563784467371266
abm_balanced_h12_common_cells,univariate_ar_bic_p1-2-3-4-5-6-7-8_constant,nominal_gdp,2,50,2010Q2,2022Q3,9.185039274970668,4.27092139592647,1.769348533879924,-1.3883803798820684
abm_balanced_h12_common_cells,univariate_ar_bic_p1-2-3-4-5-6-7-8_constant,nominal_gdp,4,50,2010Q2,2022Q3,9.12889738952555,4.18005375558634,1.7631167938040466,-1.5042455388650147
abm_balanced_h12_common_cells,univariate_ar_bic_p1-2-3-4-5-6-7-8_constant,nominal_gdp,8,50,2010Q2,2022Q3,8.423036705471175,4.017612323425826,1.7663110532998418,-1.4069907315472483
abm_balanced_h12_common_cells,univariate_ar_bic_p1-2-3-4-5-6-7-8_constant,nominal_gdp,12,50,2010Q2,2022Q3,7.93245602336929,3.9526654810563557,1.7378875384790273,-1.446321004169356
abm_balanced_h12_common_cells,univariate_ar_bic_p1-2-3-4-5-6-7-8_constant,unemployment_rate,1,50,2010Q2,2022Q3,2.8987623551342145,0.9168456069048164,3.071688422389717,0.46134538265972735
abm_balanced_h12_common_cells,univariate_ar_bic_p1-2-3-4-5-6-7-8_constant,unemployment_rate,2,50,2010Q2,2022Q3,3.7268020794402443,1.2158507459933383,4.270612534419899,0.5246332361779626
abm_balanced_h12_common_cells,univariate_ar_bic_p1-2-3-4-5-6-7-8_constant,unemployment_rate,4,50,2010Q2,2022Q3,5.205511238949351,1.826210109774388,6.455855648155129,0.8823441565104884
abm_balanced_h12_common_cells,univariate_ar_bic_p1-2-3-4-5-6-7-8_constant,unemployment_rate,8,50,2010Q2,2022Q3,3.6401115228493275,2.1795205045401724,7.8479403314481875,0.6599820354716204
abm_balanced_h12_common_cells,univariate_ar_bic_p1-2-3-4-5-6-7-8_constant,unemployment_rate,12,50,2010Q2,2022Q3,8.220870563658599,3.394166260524412,11.609718469389396,-0.4675821273965445
abm_balanced_h12_common_cells,univariate_ar_bic_p1-2-3-4-5-6-7-8_constant,effective_federal_funds_rate,1,50,2010Q2,2022Q3,0.280900759329769,0.18550291960052406,0.7019437857148307,0.02813253308315254
abm_balanced_h12_common_cells,univariate_ar_bic_p1-2-3-4-5-6-7-8_constant,effective_federal_funds_rate,2,50,2010Q2,2022Q3,0.5719961732330153,0.3992939227280776,1.5047368217025991,0.06629962961921201
abm_balanced_h12_common_cells,univariate_ar_bic_p1-2-3-4-5-6-7-8_constant,effective_federal_funds_rate,4,50,2010Q2,2022Q3,1.1691578478679288,0.856771982348444,3.1967494621546813,0.15646146985720155
abm_balanced_h12_common_cells,univariate_ar_bic_p1-2-3-4-5-6-7-8_constant,effective_federal_funds_rate,8,50,2010Q2,2022Q3,1.9727652127833413,1.6249331468430135,5.984878209401907,0.24188864480736064
abm_balanced_h12_common_cells,univariate_ar_bic_p1-2-3-4-5-6-7-8_constant,effective_federal_funds_rate,12,50,2010Q2,2022Q3,2.2859058320747043,1.9444602834284053,7.1490043388409985,0.10790498118458544
abm_balanced_h12_common_cells,beforeit_var_p1_constant,real_gdp,1,50,2010Q2,2022Q3,10.002065136623594,4.1147959088376105,1.719038253330677,0.07792242971050768
abm_balanced_h12_common_cells,beforeit_var_p1_constant,real_gdp,2,50,2010Q2,2022Q3,8.019910864265047,3.8651977642821373,1.6744547665462437,0.008234793732106028
abm_balanced_h12_common_cells,beforeit_var_p1_constant,real_gdp,4,50,2010Q2,2022Q3,6.806574557725281,3.1494714619980595,1.4168004068977549,0.3533551576085901
abm_balanced_h12_common_cells,beforeit_var_p1_constant,real_gdp,8,50,2010Q2,2022Q3,8.1456409955152,3.5681575322359347,1.6061942718580207,0.5319532551908704
abm_balanced_h12_common_cells,beforeit_var_p1_constant,real_gdp,12,50,2010Q2,2022Q3,6.730027949591218,2.9337010920605646,1.3076123038822078,-0.40715276684225316
abm_balanced_h12_common_cells,beforeit_var_p1_constant,gdp_deflator,1,50,2010Q2,2022Q3,1.8901786669556033,1.1837448657336622,1.6008707738157832,-0.06918324616259733
abm_balanced_h12_common_cells,beforeit_var_p1_constant,gdp_deflator,2,50,2010Q2,2022Q3,2.2862398943534914,1.5176217248828672,2.0282210913257552,-0.16872778475292927
abm_balanced_h12_common_cells,beforeit_var_p1_constant,gdp_deflator,4,50,2010Q2,2022Q3,2.5028676202924682,1.6648764630592165,2.2302915541520507,-0.15635122326587964
abm_balanced_h12_common_cells,beforeit_var_p1_constant,gdp_deflator,8,50,2010Q2,2022Q3,2.1548094625068646,1.564349804577936,2.160345028357582,-0.09488750425317224
abm_balanced_h12_common_cells,beforeit_var_p1_constant,gdp_deflator,12,50,2010Q2,2022Q3,2.3654829804374904,1.6420864598078146,2.2583082519774726,-0.4057810311897516
abm_balanced_h12_common_cells,beforeit_var_p1_constant,nominal_gdp,1,50,2010Q2,2022Q3,11.474445060389346,4.617106739346714,1.8728162855630472,0.008592224122475756
abm_balanced_h12_common_cells,beforeit_var_p1_constant,nominal_gdp,2,50,2010Q2,2022Q3,9.528102330134452,4.750707056119816,1.9834960245299456,-0.16045736208136724
abm_balanced_h12_common_cells,beforeit_var_p1_constant,nominal_gdp,4,50,2010Q2,2022Q3,7.9153994904591345,4.117341641099934,1.7731943980892444,0.19698522734168605
abm_balanced_h12_common_cells,beforeit_var_p1_constant,nominal_gdp,8,50,2010Q2,2022Q3,9.054721270157822,4.580738676638744,2.009046903566885,0.4370151042007319
abm_balanced_h12_common_cells,beforeit_var_p1_constant,nominal_gdp,12,50,2010Q2,2022Q3,7.7455130305736954,3.947203844746907,1.7396614433195083,-0.8129981333376634
abm_balanced_h12_common_cells,beforeit_var_p1_constant,unemployment_rate,1,50,2010Q2,2022Q3,2.3185031591115086,0.6698426326327346,2.4027169555107952,0.1336040544682837
abm_balanced_h12_common_cells,beforeit_var_p1_constant,unemployment_rate,2,50,2010Q2,2022Q3,3.6226758885860666,1.091975738952421,3.932093764634243,0.286860899018423
abm_balanced_h12_common_cells,beforeit_var_p1_constant,unemployment_rate,4,50,2010Q2,2022Q3,4.48689006347955,1.614958928187096,5.834103899130432,0.392966818355991
abm_balanced_h12_common_cells,beforeit_var_p1_constant,unemployment_rate,8,50,2010Q2,2022Q3,2.3277314177351487,1.5782877351685582,6.055395929912152,0.06168492457768833
abm_balanced_h12_common_cells,beforeit_var_p1_constant,unemployment_rate,12,50,2010Q2,2022Q3,3.8982134670486452,2.0737860695751578,7.6841470836436585,-0.011264676843787881
abm_balanced_h12_common_cells,beforeit_var_p1_constant,effective_federal_funds_rate,1,50,2010Q2,2022Q3,0.7133431529399417,0.39781075665462223,1.5232671394425708,-0.06448347350459213
abm_balanced_h12_common_cells,beforeit_var_p1_constant,effective_federal_funds_rate,2,50,2010Q2,2022Q3,1.3379732020433386,0.7220309252520465,2.741619039102088,-0.11379749937014372
abm_balanced_h12_common_cells,beforeit_var_p1_constant,effective_federal_funds_rate,4,50,2010Q2,2022Q3,2.20712767373057,1.2662236336273032,4.738857742140113,-0.15931235660771814
abm_balanced_h12_common_cells,beforeit_var_p1_constant,effective_federal_funds_rate,8,50,2010Q2,2022Q3,2.4638476906110953,1.828635105618604,6.703864765746696,-0.11003070514221243
abm_balanced_h12_common_cells,beforeit_var_p1_constant,effective_federal_funds_rate,12,50,2010Q2,2022Q3,2.688415687382162,2.0948450203549536,7.741012151827619,-0.23107351019344796
abm_balanced_h12_common_cells,beforeit_var_p2_constant,real_gdp,1,50,2010Q2,2022Q3,10.484454393179814,4.766495986350777,1.9174959788624681,-0.5383825339578764
abm_balanced_h12_common_cells,beforeit_var_p2_constant,real_gdp,2,50,2010Q2,2022Q3,10.40744878627631,4.790849207650378,1.9670131759844862,1.3399258683299828
abm_balanced_h12_common_cells,beforeit_var_p2_constant,real_gdp,4,50,2010Q2,2022Q3,13.036298843665174,4.732078631106811,1.9122977778290562,1.895801714072
abm_balanced_h12_common_cells,beforeit_var_p2_constant,real_gdp,8,50,2010Q2,2022Q3,27.720287766679178,7.273116058243446,2.750854311956405,3.3423059037970604
abm_balanced_h12_common_cells,beforeit_var_p2_constant,real_gdp,12,50,2010Q2,2022Q3,66.75191609607441,13.400934041514104,4.7129519698038385,7.589621444022562
abm_balanced_h12_common_cells,beforeit_var_p2_constant,gdp_deflator,1,50,2010Q2,2022Q3,1.6882070616568734,1.1678500378323122,1.5776969405421435,0.0498792061677287
abm_balanced_h12_common_cells,beforeit_var_p2_constant,gdp_deflator,2,50,2010Q2,2022Q3,2.567238126884084,1.5431511916399614,2.0746413774900505,0.0453533644813049
abm_balanced_h12_common_cells,beforeit_var_p2_constant,gdp_deflator,4,50,2010Q2,2022Q3,3.327889200329766,1.9448263403302912,2.5831080587100694,-0.018012694323673042
abm_balanced_h12_common_cells,beforeit_var_p2_constant,gdp_deflator,8,50,2010Q2,2022Q3,5.740602202319778,2.6480496586872424,3.545601007396921,0.07321391150214865
abm_balanced_h12_common_cells,beforeit_var_p2_constant,gdp_deflator,12,50,2010Q2,2022Q3,11.97461078484844,3.886064244533435,5.085182887086833,-0.1631829749179451
abm_balanced_h12_common_cells,beforeit_var_p2_constant,nominal_gdp,1,50,2010Q2,2022Q3,11.440327571797997,5.389506405670584,2.083952997836766,-0.48892009985153456
abm_balanced_h12_common_cells,beforeit_var_p2_constant,nominal_gdp,2,50,2010Q2,2022Q3,11.776480737995685,5.629349889260233,2.2644890936526063,1.3856983290270932
abm_balanced_h12_common_cells,beforeit_var_p2_constant,nominal_gdp,4,50,2010Q2,2022Q3,14.540977395954426,6.024538971385272,2.350674385509267,1.8784334676248442
abm_balanced_h12_common_cells,beforeit_var_p2_constant,nominal_gdp,8,50,2010Q2,2022Q3,31.727834009891485,9.44838220591588,3.508961067000561,3.4167259075856418
abm_balanced_h12_common_cells,beforeit_var_p2_constant,nominal_gdp,12,50,2010Q2,2022Q3,76.60985905261835,16.57298757684322,5.718267271548329,7.428910468275637
abm_balanced_h12_common_cells,beforeit_var_p2_constant,unemployment_rate,1,50,2010Q2,2022Q3,2.257313316038524,0.776665728050701,2.6366085931182908,0.18381246746134233
abm_balanced_h12_common_cells,beforeit_var_p2_constant,unemployment_rate,2,50,2010Q2,2022Q3,2.850063724994444,1.0288542018027211,3.7081954972133446,-0.0011451866522558518
abm_balanced_h12_common_cells,beforeit_var_p2_constant,unemployment_rate,4,50,2010Q2,2022Q3,3.0921197912012754,1.4949156475817182,5.362215598614439,-0.11044283453227675
abm_balanced_h12_common_cells,beforeit_var_p2_constant,unemployment_rate,8,50,2010Q2,2022Q3,3.543413691283413,2.0201671187714085,7.173238258486658,-0.6119209042778858
abm_balanced_h12_common_cells,beforeit_var_p2_constant,unemployment_rate,12,50,2010Q2,2022Q3,7.6584258019045395,3.0192931834701295,10.130548669297971,-0.7162314765105389
abm_balanced_h12_common_cells,beforeit_var_p2_constant,effective_federal_funds_rate,1,50,2010Q2,2022Q3,0.3651572923699817,0.284543134733874,1.0568152729884408,0.12205934209706172
abm_balanced_h12_common_cells,beforeit_var_p2_constant,effective_federal_funds_rate,2,50,2010Q2,2022Q3,0.773038247645322,0.5596336707934971,2.0486161673128542,0.27536962410031235
abm_balanced_h12_common_cells,beforeit_var_p2_constant,effective_federal_funds_rate,4,50,2010Q2,2022Q3,1.3408796379898844,0.9481787098541958,3.4347786268385403,0.5751405015182682
abm_balanced_h12_common_cells,beforeit_var_p2_constant,effective_federal_funds_rate,8,50,2010Q2,2022Q3,2.1110579276781563,1.5424456804932447,5.490404917993134,0.8069346262414995
abm_balanced_h12_common_cells,beforeit_var_p2_constant,effective_federal_funds_rate,12,50,2010Q2,2022Q3,2.826640894484204,2.0182442466347674,7.503588686960886,0.4429364336193436
abm_balanced_h12_common_cells,beforeit_var_p3_constant,real_gdp,1,50,2010Q2,2022Q3,9.328296669983525,4.93430581893633,1.974774567342854,-0.009741308865231203
abm_balanced_h12_common_cells,beforeit_var_p3_constant,real_gdp,2,50,2010Q2,2022Q3,11.415611482941042,6.0012556814685025,2.435486035025777,0.36027186921510024
abm_balanced_h12_common_cells,beforeit_var_p3_constant,real_gdp,4,50,2010Q2,2022Q3,14.422693100992003,5.990666377477737,2.3486602744009213,-1.2026833652466618
abm_balanced_h12_common_cells,beforeit_var_p3_constant,real_gdp,8,50,2010Q2,2022Q3,28.179307001965867,9.0535523565401,3.6175098440534144,3.2174780772772107
abm_balanced_h12_common_cells,beforeit_var_p3_constant,real_gdp,12,50,2010Q2,2022Q3,278.12664143325566,45.71023818162209,14.969813649175517,40.47840286937595
abm_balanced_h12_common_cells,beforeit_var_p3_constant,gdp_deflator,1,50,2010Q2,2022Q3,2.072116466276029,1.3706290283794822,1.8443306718900603,0.11127738278858632
abm_balanced_h12_common_cells,beforeit_var_p3_constant,gdp_deflator,2,50,2010Q2,2022Q3,4.224157177481071,2.131251781958765,2.835917553976744,-0.2546689545012767
abm_balanced_h12_common_cells,beforeit_var_p3_constant,gdp_deflator,4,50,2010Q2,2022Q3,4.9088244716047535,2.58573137519541,3.4012099195056043,-0.3845534764578166
abm_balanced_h12_common_cells,beforeit_var_p3_constant,gdp_deflator,8,50,2010Q2,2022Q3,20.027483466910706,5.85409236037475,7.7263843722620695,2.7647408754787226
abm_balanced_h12_common_cells,beforeit_var_p3_constant,gdp_deflator,12,50,2010Q2,2022Q3,55.59187896452723,12.034442144502725,15.18103795704688,5.878119890878216
abm_balanced_h12_common_cells,beforeit_var_p3_constant,nominal_gdp,1,50,2010Q2,2022Q3,9.801311391224317,5.402525647614409,2.0904861551002782,0.10097390733101129
abm_balanced_h12_common_cells,beforeit_var_p3_constant,nominal_gdp,2,50,2010Q2,2022Q3,14.81216905569827,7.564070461209069,2.9727106605265776,0.10654514604116272
abm_balanced_h12_common_cells,beforeit_var_p3_constant,nominal_gdp,4,50,2010Q2,2022Q3,17.482187268317578,7.778470903936075,2.96006272523348,-1.585980471610352
abm_balanced_h12_common_cells,beforeit_var_p3_constant,nominal_gdp,8,50,2010Q2,2022Q3,47.70014483915874,14.401971844851719,5.54757636925051,5.97726639166042
abm_balanced_h12_common_cells,beforeit_var_p3_constant,nominal_gdp,12,50,2010Q2,2022Q3,331.30680602976605,53.02940850376831,16.44017072826864,46.3520618619754
abm_balanced_h12_common_cells,beforeit_var_p3_constant,unemployment_rate,1,50,2010Q2,2022Q3,1.8542632227318863,0.6744744259355674,2.314407161219664,-0.13618248949129447
abm_balanced_h12_common_cells,beforeit_var_p3_constant,unemployment_rate,2,50,2010Q2,2022Q3,3.6606908325129606,1.4015445943589107,4.719846767024438,0.1949069644597533
abm_balanced_h12_common_cells,beforeit_var_p3_constant,unemployment_rate,4,50,2010Q2,2022Q3,3.239343281558728,1.8888785317559076,6.351656897013229,-0.7900850978074021
abm_balanced_h12_common_cells,beforeit_var_p3_constant,unemployment_rate,8,50,2010Q2,2022Q3,18.682651554658058,5.527357467091928,16.87999615386283,0.3257252070517444
abm_balanced_h12_common_cells,beforeit_var_p3_constant,unemployment_rate,12,50,2010Q2,2022Q3,68.56526663667157,15.527040432950033,44.756464171302696,-6.596491454411594
abm_balanced_h12_common_cells,beforeit_var_p3_constant,effective_federal_funds_rate,1,50,2010Q2,2022Q3,0.45793199482803165,0.3264543614388877,1.2293250136498264,0.1373177264075129
abm_balanced_h12_common_cells,beforeit_var_p3_constant,effective_federal_funds_rate,2,50,2010Q2,2022Q3,0.8946740911943868,0.6002728008787598,2.217952895735801,0.2475272897706639
abm_balanced_h12_common_cells,beforeit_var_p3_constant,effective_federal_funds_rate,4,50,2010Q2,2022Q3,1.7043920946033322,1.2113394352046982,4.418241207523689,0.6176257869370967
abm_balanced_h12_common_cells,beforeit_var_p3_constant,effective_federal_funds_rate,8,50,2010Q2,2022Q3,3.571616684505598,2.4387763130995395,8.829886087240675,1.3490461014279151
abm_balanced_h12_common_cells,beforeit_var_p3_constant,effective_federal_funds_rate,12,50,2010Q2,2022Q3,4.877518164959629,3.0730825405738034,11.435445961595407,2.0901388217243535
abm_balanced_h12_common_cells,bvar_mniw_v1_p1_constant_tight3fc999999999999a_decay3ff0000000000000_own0000000000000000_ivar4059000000000000_iwoff2_iscale3ff0000000000000_floor3e45798ee2308c3a_diffmse_scale,real_gdp,1,50,2010Q2,2022Q3,8.697014045629317,3.5614607295441,1.4893471546979995,-0.4009546122643457
abm_balanced_h12_common_cells,bvar_mniw_v1_p1_constant_tight3fc999999999999a_decay3ff0000000000000_own0000000000000000_ivar4059000000000000_iwoff2_iscale3ff0000000000000_floor3e45798ee2308c3a_diffmse_scale,real_gdp,2,50,2010Q2,2022Q3,7.00161975317965,3.1802511990844557,1.4028841190981607,-0.09543710150903387
abm_balanced_h12_common_cells,bvar_mniw_v1_p1_constant_tight3fc999999999999a_decay3ff0000000000000_own0000000000000000_ivar4059000000000000_iwoff2_iscale3ff0000000000000_floor3e45798ee2308c3a_diffmse_scale,real_gdp,4,50,2010Q2,2022Q3,6.636847963916363,2.8674887252794052,1.2922125952356622,-0.09234163627090666
abm_balanced_h12_common_cells,bvar_mniw_v1_p1_constant_tight3fc999999999999a_decay3ff0000000000000_own0000000000000000_ivar4059000000000000_iwoff2_iscale3ff0000000000000_floor3e45798ee2308c3a_diffmse_scale,real_gdp,8,50,2010Q2,2022Q3,6.688924642945317,2.9034458089843316,1.3278452180249074,-0.2424437536204457
abm_balanced_h12_common_cells,bvar_mniw_v1_p1_constant_tight3fc999999999999a_decay3ff0000000000000_own0000000000000000_ivar4059000000000000_iwoff2_iscale3ff0000000000000_floor3e45798ee2308c3a_diffmse_scale,real_gdp,12,50,2010Q2,2022Q3,6.647200801353926,2.77910671402347,1.2434566723190121,-0.41177222796955987
abm_balanced_h12_common_cells,bvar_mniw_v1_p1_constant_tight3fc999999999999a_decay3ff0000000000000_own0000000000000000_ivar4059000000000000_iwoff2_iscale3ff0000000000000_floor3e45798ee2308c3a_diffmse_scale,gdp_deflator,1,50,2010Q2,2022Q3,1.7956816781289506,1.2139815980902802,1.6308362849061837,-0.15391407112565758
abm_balanced_h12_common_cells,bvar_mniw_v1_p1_constant_tight3fc999999999999a_decay3ff0000000000000_own0000000000000000_ivar4059000000000000_iwoff2_iscale3ff0000000000000_floor3e45798ee2308c3a_diffmse_scale,gdp_deflator,2,50,2010Q2,2022Q3,2.0395408620112856,1.369126036490878,1.8164790284868075,-0.2948703384381702
abm_balanced_h12_common_cells,bvar_mniw_v1_p1_constant_tight3fc999999999999a_decay3ff0000000000000_own0000000000000000_ivar4059000000000000_iwoff2_iscale3ff0000000000000_floor3e45798ee2308c3a_diffmse_scale,gdp_deflator,4,50,2010Q2,2022Q3,2.181464584430928,1.4016765648198493,1.8657457966513398,-0.3826876013188121
abm_balanced_h12_common_cells,bvar_mniw_v1_p1_constant_tight3fc999999999999a_decay3ff0000000000000_own0000000000000000_ivar4059000000000000_iwoff2_iscale3ff0000000000000_floor3e45798ee2308c3a_diffmse_scale,gdp_deflator,8,50,2010Q2,2022Q3,2.135845051828864,1.3994453028447122,1.9248812984452275,-0.48029151019972743
abm_balanced_h12_common_cells,bvar_mniw_v1_p1_constant_tight3fc999999999999a_decay3ff0000000000000_own0000000000000000_ivar4059000000000000_iwoff2_iscale3ff0000000000000_floor3e45798ee2308c3a_diffmse_scale,gdp_deflator,12,50,2010Q2,2022Q3,2.150312237765924,1.4179676308770082,1.9527176538283089,-0.6103183301417449
abm_balanced_h12_common_cells,bvar_mniw_v1_p1_constant_tight3fc999999999999a_decay3ff0000000000000_own0000000000000000_ivar4059000000000000_iwoff2_iscale3ff0000000000000_floor3e45798ee2308c3a_diffmse_scale,nominal_gdp,1,50,2010Q2,2022Q3,9.970016063751165,4.1066793685889245,1.6588562679326042,-0.5549638822845193
abm_balanced_h12_common_cells,bvar_mniw_v1_p1_constant_tight3fc999999999999a_decay3ff0000000000000_own0000000000000000_ivar4059000000000000_iwoff2_iscale3ff0000000000000_floor3e45798ee2308c3a_diffmse_scale,nominal_gdp,2,50,2010Q2,2022Q3,8.064537963803991,3.9594029197226144,1.6611304637991782,-0.39030900425779874
abm_balanced_h12_common_cells,bvar_mniw_v1_p1_constant_tight3fc999999999999a_decay3ff0000000000000_own0000000000000000_ivar4059000000000000_iwoff2_iscale3ff0000000000000_floor3e45798ee2308c3a_diffmse_scale,nominal_gdp,4,50,2010Q2,2022Q3,7.546270012028996,3.7003223257347657,1.579656224111457,-0.4750454824101713
abm_balanced_h12_common_cells,bvar_mniw_v1_p1_constant_tight3fc999999999999a_decay3ff0000000000000_own0000000000000000_ivar4059000000000000_iwoff2_iscale3ff0000000000000_floor3e45798ee2308c3a_diffmse_scale,nominal_gdp,8,50,2010Q2,2022Q3,7.559892806562743,3.667809149916786,1.6359317226683765,-0.7227726349956588
abm_balanced_h12_common_cells,bvar_mniw_v1_p1_constant_tight3fc999999999999a_decay3ff0000000000000_own0000000000000000_ivar4059000000000000_iwoff2_iscale3ff0000000000000_floor3e45798ee2308c3a_diffmse_scale,nominal_gdp,12,50,2010Q2,2022Q3,7.573625493837048,3.658408586759395,1.6239647287551398,-1.0221453445417183
abm_balanced_h12_common_cells,bvar_mniw_v1_p1_constant_tight3fc999999999999a_decay3ff0000000000000_own0000000000000000_ivar4059000000000000_iwoff2_iscale3ff0000000000000_floor3e45798ee2308c3a_diffmse_scale,unemployment_rate,1,50,2010Q2,2022Q3,1.849276131041373,0.6046263804189478,2.211519597526094,0.1710345341858439
abm_balanced_h12_common_cells,bvar_mniw_v1_p1_constant_tight3fc999999999999a_decay3ff0000000000000_own0000000000000000_ivar4059000000000000_iwoff2_iscale3ff0000000000000_floor3e45798ee2308c3a_diffmse_scale,unemployment_rate,2,50,2010Q2,2022Q3,2.3975310617255743,0.9664797397759655,3.532875715293408,0.299343167140074
abm_balanced_h12_common_cells,bvar_mniw_v1_p1_constant_tight3fc999999999999a_decay3ff0000000000000_own0000000000000000_ivar4059000000000000_iwoff2_iscale3ff0000000000000_floor3e45798ee2308c3a_diffmse_scale,unemployment_rate,4,50,2010Q2,2022Q3,2.398176422910315,1.3815897271188446,5.089170885423616,0.46443054035374476
abm_balanced_h12_common_cells,bvar_mniw_v1_p1_constant_tight3fc999999999999a_decay3ff0000000000000_own0000000000000000_ivar4059000000000000_iwoff2_iscale3ff0000000000000_floor3e45798ee2308c3a_diffmse_scale,unemployment_rate,8,50,2010Q2,2022Q3,2.196632684783502,1.7143647932020942,6.433317086357195,0.797166407824378
abm_balanced_h12_common_cells,bvar_mniw_v1_p1_constant_tight3fc999999999999a_decay3ff0000000000000_own0000000000000000_ivar4059000000000000_iwoff2_iscale3ff0000000000000_floor3e45798ee2308c3a_diffmse_scale,unemployment_rate,12,50,2010Q2,2022Q3,2.2056328046103735,1.9019902115470695,7.253922309914497,1.2037405617313615
abm_balanced_h12_common_cells,bvar_mniw_v1_p1_constant_tight3fc999999999999a_decay3ff0000000000000_own0000000000000000_ivar4059000000000000_iwoff2_iscale3ff0000000000000_floor3e45798ee2308c3a_diffmse_scale,effective_federal_funds_rate,1,50,2010Q2,2022Q3,0.5024807348132364,0.31959957571676895,1.2194932323824943,0.04043336815914572
abm_balanced_h12_common_cells,bvar_mniw_v1_p1_constant_tight3fc999999999999a_decay3ff0000000000000_own0000000000000000_ivar4059000000000000_iwoff2_iscale3ff0000000000000_floor3e45798ee2308c3a_diffmse_scale,effective_federal_funds_rate,2,50,2010Q2,2022Q3,0.894453704195131,0.5817080443513999,2.211768767416391,0.057851689853345656
abm_balanced_h12_common_cells,bvar_mniw_v1_p1_constant_tight3fc999999999999a_decay3ff0000000000000_own0000000000000000_ivar4059000000000000_iwoff2_iscale3ff0000000000000_floor3e45798ee2308c3a_diffmse_scale,effective_federal_funds_rate,4,50,2010Q2,2022Q3,1.4105363081084366,1.004262797046639,3.8223188970136017,0.04148967418527498
abm_balanced_h12_common_cells,bvar_mniw_v1_p1_constant_tight3fc999999999999a_decay3ff0000000000000_own0000000000000000_ivar4059000000000000_iwoff2_iscale3ff0000000000000_floor3e45798ee2308c3a_diffmse_scale,effective_federal_funds_rate,8,50,2010Q2,2022Q3,2.009963030687236,1.6126089481363415,6.181046345389375,-0.16179230683352272
abm_balanced_h12_common_cells,bvar_mniw_v1_p1_constant_tight3fc999999999999a_decay3ff0000000000000_own0000000000000000_ivar4059000000000000_iwoff2_iscale3ff0000000000000_floor3e45798ee2308c3a_diffmse_scale,effective_federal_funds_rate,12,50,2010Q2,2022Q3,2.2677038299345513,1.7983495294890093,6.88638710905629,-0.4541430103555214
abm_balanced_h12_common_cells,beforeit_abm_us_v3_mean,real_gdp,1,50,2010Q2,2022Q3,6.670836227610646,2.7254569876676102,1.1639585991932762,0.03448833643680885
abm_balanced_h12_common_cells,beforeit_abm_us_v3_mean,real_gdp,2,50,2010Q2,2022Q3,6.698646575253659,2.742025499307881,1.2207971038656376,0.08507109397703871
abm_balanced_h12_common_cells,beforeit_abm_us_v3_mean,real_gdp,4,50,2010Q2,2022Q3,6.617201336410656,2.760350942084293,1.2511447671071687,-0.07274275294653564
abm_balanced_h12_common_cells,beforeit_abm_us_v3_mean,real_gdp,8,50,2010Q2,2022Q3,6.677017607483154,2.731423303961061,1.255607604025566,0.14323502815699626
abm_balanced_h12_common_cells,beforeit_abm_us_v3_mean,real_gdp,12,50,2010Q2,2022Q3,6.642015379802569,2.7281710266071526,1.2216749503327429,0.1979528508362698
abm_balanced_h12_common_cells,beforeit_abm_us_v3_mean,gdp_deflator,1,50,2010Q2,2022Q3,1.5036929251365587,1.1130256208645772,1.4991855389952244,-0.193176562393238
abm_balanced_h12_common_cells,beforeit_abm_us_v3_mean,gdp_deflator,2,50,2010Q2,2022Q3,1.7656333703701115,1.1942179238208306,1.5753816056232923,-0.330226048560259
abm_balanced_h12_common_cells,beforeit_abm_us_v3_mean,gdp_deflator,4,50,2010Q2,2022Q3,2.074078669018245,1.3333632659847219,1.766542889017086,-0.4300685556886537
abm_balanced_h12_common_cells,beforeit_abm_us_v3_mean,gdp_deflator,8,50,2010Q2,2022Q3,2.0991536343184074,1.3513593890056546,1.8484713394422423,-0.5166185911289055
abm_balanced_h12_common_cells,beforeit_abm_us_v3_mean,gdp_deflator,12,50,2010Q2,2022Q3,2.102084045190094,1.3893743475888596,1.9072579591897019,-0.6247244545375819
abm_balanced_h12_common_cells,beforeit_abm_us_v3_mean,nominal_gdp,1,50,2010Q2,2022Q3,7.515390360682602,3.2742823806231094,1.3482229876726075,-0.1587208322963493
abm_balanced_h12_common_cells,beforeit_abm_us_v3_mean,nominal_gdp,2,50,2010Q2,2022Q3,7.452803306277682,3.3464814863780656,1.4151147143620058,-0.2451612742242605
abm_balanced_h12_common_cells,beforeit_abm_us_v3_mean,nominal_gdp,4,50,2010Q2,2022Q3,7.506262345521835,3.569096243332806,1.5241342197891075,-0.5028135937860094
abm_balanced_h12_common_cells,beforeit_abm_us_v3_mean,nominal_gdp,8,50,2010Q2,2022Q3,7.578320504324072,3.5908097083388815,1.6060737526733595,-0.3734050393882292
abm_balanced_h12_common_cells,beforeit_abm_us_v3_mean,nominal_gdp,12,50,2010Q2,2022Q3,7.536468294767782,3.5827585000020115,1.5944425524977262,-0.4268135318204122
abm_balanced_h12_common_cells,beforeit_abm_us_v3_mean,unemployment_rate,1,50,2010Q2,2022Q3,2.5581481506824892,2.235560552268252,8.754562760747381,1.4068678500986544
abm_balanced_h12_common_cells,beforeit_abm_us_v3_mean,unemployment_rate,2,50,2010Q2,2022Q3,2.5681150503136156,2.2388859960552336,8.68106867909999,1.49318658777125
abm_balanced_h12_common_cells,beforeit_abm_us_v3_mean,unemployment_rate,4,50,2010Q2,2022Q3,2.5805014546312286,2.249401972386615,8.504865604172238,1.6612063116371345
abm_balanced_h12_common_cells,beforeit_abm_us_v3_mean,unemployment_rate,8,50,2010Q2,2022Q3,2.5057099140421215,2.1863731755424203,8.192204045719532,1.7351116370809216
abm_balanced_h12_common_cells,beforeit_abm_us_v3_mean,unemployment_rate,12,50,2010Q2,2022Q3,2.3159308387296647,1.9805562130177718,7.49474691106976,1.5057017751479895
abm_balanced_h12_common_cells,beforeit_abm_us_v3_mean,effective_federal_funds_rate,1,50,2010Q2,2022Q3,0.37065137849121604,0.20456936697622952,0.8063772129066592,-0.020198491676955137
abm_balanced_h12_common_cells,beforeit_abm_us_v3_mean,effective_federal_funds_rate,2,50,2010Q2,2022Q3,0.7007207197628285,0.4095855687532007,1.625039268199719,-0.06224451804476499
abm_balanced_h12_common_cells,beforeit_abm_us_v3_mean,effective_federal_funds_rate,4,50,2010Q2,2022Q3,1.2558451239062773,0.7911461233395789,3.160955506549538,-0.18744128209311836
abm_balanced_h12_common_cells,beforeit_abm_us_v3_mean,effective_federal_funds_rate,8,50,2010Q2,2022Q3,1.9542261921201147,1.384826948186626,5.535515659323117,-0.5054585955159109
abm_balanced_h12_common_cells,beforeit_abm_us_v3_mean,effective_federal_funds_rate,12,50,2010Q2,2022Q3,2.1631541377596477,1.6253179930314439,6.43184605109874,-0.7871505005439655
abm_balanced_h12_common_cells,beforeit_abm_us_v3_median,real_gdp,1,50,2010Q2,2022Q3,6.673905175131236,2.7018259244337752,1.1541036208858921,0.04928551191341704
abm_balanced_h12_common_cells,beforeit_abm_us_v3_median,real_gdp,2,50,2010Q2,2022Q3,6.67690666167555,2.739959963670617,1.2206913816955967,0.11703641909873809
abm_balanced_h12_common_cells,beforeit_abm_us_v3_median,real_gdp,4,50,2010Q2,2022Q3,6.636233764751268,2.7954515229311965,1.262839090029768,-0.09110547993794363
abm_balanced_h12_common_cells,beforeit_abm_us_v3_median,real_gdp,8,50,2010Q2,2022Q3,6.679543838441142,2.729536766559777,1.2556767249166652,0.14660419039355033
abm_balanced_h12_common_cells,beforeit_abm_us_v3_median,real_gdp,12,50,2010Q2,2022Q3,6.6510210419947065,2.7480078212209365,1.2282748062476159,0.21934212747880472
abm_balanced_h12_common_cells,beforeit_abm_us_v3_median,gdp_deflator,1,50,2010Q2,2022Q3,1.5027337714159887,1.1118795072259373,1.4972453639720515,-0.1929950459213596
abm_balanced_h12_common_cells,beforeit_abm_us_v3_median,gdp_deflator,2,50,2010Q2,2022Q3,1.7624210242432123,1.1953525345514044,1.5773090520580633,-0.3335225083857277
abm_balanced_h12_common_cells,beforeit_abm_us_v3_median,gdp_deflator,4,50,2010Q2,2022Q3,2.079065034786548,1.3318945852558948,1.7639525064132766,-0.4288817791443544
abm_balanced_h12_common_cells,beforeit_abm_us_v3_median,gdp_deflator,8,50,2010Q2,2022Q3,2.0989210416286492,1.3557896360944175,1.854762297603138,-0.5132307024187805
abm_balanced_h12_common_cells,beforeit_abm_us_v3_median,gdp_deflator,12,50,2010Q2,2022Q3,2.1127706151804415,1.3896209016605057,1.9072538697817603,-0.6267686535675024
abm_balanced_h12_common_cells,beforeit_abm_us_v3_median,nominal_gdp,1,50,2010Q2,2022Q3,7.510248521642325,3.279165157480686,1.3484935072782844,-0.15858546613108074
abm_balanced_h12_common_cells,beforeit_abm_us_v3_median,nominal_gdp,2,50,2010Q2,2022Q3,7.421388219245654,3.3027920077230792,1.3985899414498386,-0.18810468078590156
abm_balanced_h12_common_cells,beforeit_abm_us_v3_median,nominal_gdp,4,50,2010Q2,2022Q3,7.500852679545027,3.5914904297497903,1.533024105513503,-0.5028708683255568
abm_balanced_h12_common_cells,beforeit_abm_us_v3_median,nominal_gdp,8,50,2010Q2,2022Q3,7.586677354470638,3.623060769896833,1.6201767174020278,-0.37888753426224125
abm_balanced_h12_common_cells,beforeit_abm_us_v3_median,nominal_gdp,12,50,2010Q2,2022Q3,7.52721721368501,3.576551649050434,1.5910201047871224,-0.4570050914836971
abm_balanced_h12_common_cells,beforeit_abm_us_v3_median,unemployment_rate,1,50,2010Q2,2022Q3,2.5865633902904137,2.2617712031558255,8.851639580564676,1.4411163708087116
abm_balanced_h12_common_cells,beforeit_abm_us_v3_median,unemployment_rate,2,50,2010Q2,2022Q3,2.620804264581852,2.289936883629198,8.866129833829191,1.5568244575937351
abm_balanced_h12_common_cells,beforeit_abm_us_v3_median,unemployment_rate,4,50,2010Q2,2022Q3,2.6927421296614487,2.3534516765286266,8.892429381952734,1.7912583826430515
abm_balanced_h12_common_cells,beforeit_abm_us_v3_median,unemployment_rate,8,50,2010Q2,2022Q3,2.6675397870942117,2.3523944773175676,8.804165357378645,1.9509980276134655
abm_balanced_h12_common_cells,beforeit_abm_us_v3_median,unemployment_rate,12,50,2010Q2,2022Q3,2.4167883800167256,2.0751992110453985,7.8154663940201115,1.6254792899408885
abm_balanced_h12_common_cells,beforeit_abm_us_v3_median,effective_federal_funds_rate,1,50,2010Q2,2022Q3,0.3710887803588488,0.19841074040469547,0.7848042963593898,-0.0282445377973344
abm_balanced_h12_common_cells,beforeit_abm_us_v3_median,effective_federal_funds_rate,2,50,2010Q2,2022Q3,0.7023666203377883,0.4040263813683043,1.6067349786797096,-0.0719165910672312
abm_balanced_h12_common_cells,beforeit_abm_us_v3_median,effective_federal_funds_rate,4,50,2010Q2,2022Q3,1.2562482476185455,0.7850694655123714,3.1422785978419245,-0.1994147559267881
abm_balanced_h12_common_cells,beforeit_abm_us_v3_median,effective_federal_funds_rate,8,50,2010Q2,2022Q3,1.9611809817088042,1.3849836838506753,5.541298850389817,-0.517388808413685
abm_balanced_h12_common_cells,beforeit_abm_us_v3_median,effective_federal_funds_rate,12,50,2010Q2,2022Q3,2.1721991688842093,1.6295355897578228,6.450925887637649,-0.7963211472534164
abm_pandemic_masked_common_cells,naive_no_change,real_gdp,1,53,2010Q2,2025Q2,2.3989741565897575,1.8051204151803208,0.7270935351580236,0.0689795361635284
abm_pandemic_masked_common_cells,naive_no_change,real_gdp,2,52,2010Q2,2025Q1,2.516200221391261,1.9776274583974809,0.7757087875260555,0.030693124613250022
abm_pandemic_masked_common_cells,naive_no_change,real_gdp,4,50,2010Q2,2024Q3,2.596025649188736,2.06642457105444,0.8199279764719029,0.16070154778043996
abm_pandemic_masked_common_cells,naive_no_change,real_gdp,8,46,2010Q2,2023Q3,6.7863618388138205,3.3100373235629568,1.2904723763403871,-0.1017250365852174
abm_pandemic_masked_common_cells,naive_no_change,real_gdp,12,42,2010Q2,2022Q3,7.135237088230726,3.1690966404983576,1.2445553223216255,-0.22082495685388087
abm_pandemic_masked_common_cells,naive_no_change,gdp_deflator,1,53,2010Q2,2025Q2,1.2473815926255813,0.9622043041638678,1.2870441958285785,0.07287604896088681
abm_pandemic_masked_common_cells,naive_no_change,gdp_deflator,2,52,2010Q2,2025Q1,1.4221918103709303,1.042331013322077,1.3954405625365827,0.1502534099579615
abm_pandemic_masked_common_cells,naive_no_change,gdp_deflator,4,50,2010Q2,2024Q3,1.713508635282802,1.21088151115734,1.5801430728079606,0.28423138823838
abm_pandemic_masked_common_cells,naive_no_change,gdp_deflator,8,46,2010Q2,2023Q3,2.6886812715748,1.8055930284095651,2.4095079041523144,0.23526506658282612
abm_pandemic_masked_common_cells,naive_no_change,gdp_deflator,12,42,2010Q2,2022Q3,2.64821441608982,1.9176920448221668,2.5799048863676246,0.0855778421633095
abm_pandemic_masked_common_cells,naive_no_change,nominal_gdp,1,53,2010Q2,2025Q2,2.4875719019281077,1.9511913526335656,0.7749580143837644,0.1417629170502075
abm_pandemic_masked_common_cells,naive_no_change,nominal_gdp,2,52,2010Q2,2025Q1,2.5492543876102975,2.078556072250577,0.8303856128658548,0.18085079289465378
abm_pandemic_masked_common_cells,naive_no_change,nominal_gdp,4,50,2010Q2,2024Q3,2.6927443951803194,2.21175516740166,0.8684080275692012,0.44491818704037994
abm_pandemic_masked_common_cells,naive_no_change,nominal_gdp,8,46,2010Q2,2023Q3,8.343527660980655,4.270225807778152,1.6303965187321259,0.1334670197588912
abm_pandemic_masked_common_cells,naive_no_change,nominal_gdp,12,42,2010Q2,2022Q3,8.021417800635387,4.250745859901214,1.61399228312269,-0.13532943987297627
abm_pandemic_masked_common_cells,naive_no_change,unemployment_rate,1,53,2010Q2,2025Q2,0.19263156085907246,0.15094339622647168,0.5796739834431148,0.11069182389937736
abm_pandemic_masked_common_cells,naive_no_change,unemployment_rate,2,52,2010Q2,2025Q1,0.37802907679967157,0.3038461538462116,1.1444496407300335,0.24230769230771154
abm_pandemic_masked_common_cells,naive_no_change,unemployment_rate,4,50,2010Q2,2024Q3,0.8128960573160524,0.6560000000000001,2.388204933338975,0.55066666666668
abm_pandemic_masked_common_cells,naive_no_change,unemployment_rate,8,46,2010Q2,2023Q3,2.1292136399708657,1.535507246376913,5.4457079904363,1.3818840579710434
abm_pandemic_masked_common_cells,naive_no_change,unemployment_rate,12,42,2010Q2,2022Q3,2.5197211569923517,1.9428571428571426,7.141802634754056,1.8650793650793809
abm_pandemic_masked_common_cells,naive_no_change,effective_federal_funds_rate,1,53,2010Q2,2025Q2,0.3632373173600068,0.18256849052011323,0.7270145678257224,-0.10707589738573585
abm_pandemic_masked_common_cells,naive_no_change,effective_federal_funds_rate,2,52,2010Q2,2025Q1,0.6915126079193921,0.35835170691776924,1.4369278660024893,-0.22930932810469232
abm_pandemic_masked_common_cells,naive_no_change,effective_federal_funds_rate,4,50,2010Q2,2024Q3,1.246949593786311,0.69836789764376,2.8192719498641474,-0.50439659094248
abm_pandemic_masked_common_cells,naive_no_change,effective_federal_funds_rate,8,46,2010Q2,2023Q3,2.0602196147358,1.2726488223165653,5.183997406692859,-1.129804230569174
abm_pandemic_masked_common_cells,naive_no_change,effective_federal_funds_rate,12,42,2010Q2,2022Q3,2.524376904048172,1.7570710497685955,7.105093056572943,-1.5512601397177381
abm_pandemic_masked_common_cells,naive_drift,real_gdp,1,53,2010Q2,2025Q2,2.4208163813676755,1.8261706916225648,0.7357219728189237,0.10094579064171225
abm_pandemic_masked_common_cells,naive_drift,real_gdp,2,52,2010Q2,2025Q1,2.5593075608956117,2.0094925459269133,0.7886389055938567,0.0937201037351091
abm_pandemic_masked_common_cells,naive_drift,real_gdp,4,50,2010Q2,2024Q3,2.6993903717515866,2.136989450989546,0.8480626405533656,0.2972446489144756
abm_pandemic_masked_common_cells,naive_drift,real_gdp,8,46,2010Q2,2023Q3,7.488879051836744,3.65316371384618,1.4238398026111967,0.14829079891743877
abm_pandemic_masked_common_cells,naive_drift,real_gdp,12,42,2010Q2,2022Q3,8.224737151969645,3.6548289114550903,1.431451879983608,0.15585908217020963
abm_pandemic_masked_common_cells,naive_drift,gdp_deflator,1,53,2010Q2,2025Q2,1.258095469896591,0.9659836715038377,1.2921590633079814,0.06929220072192031
abm_pandemic_masked_common_cells,naive_drift,gdp_deflator,2,52,2010Q2,2025Q1,1.4477754713524065,1.0603237601398732,1.4203885979081616,0.14530360335753673
abm_pandemic_masked_common_cells,naive_drift,gdp_deflator,4,50,2010Q2,2024Q3,1.7736056945398266,1.2407600488199595,1.6180520834395247,0.2807787598606234
abm_pandemic_masked_common_cells,naive_drift,gdp_deflator,8,46,2010Q2,2023Q3,2.8570916237237958,1.9179927862687107,2.55508179690777,0.22341164806311276
abm_pandemic_masked_common_cells,naive_drift,gdp_deflator,12,42,2010Q2,2022Q3,2.9033532214673663,2.1307663892239534,2.859693488410405,0.04897191282887116
abm_pandemic_masked_common_cells,naive_drift,nominal_gdp,1,53,2010Q2,2025Q2,2.51353213730861,1.9704872461830705,0.7826192783718818,0.17013072079362226
abm_pandemic_masked_common_cells,naive_drift,nominal_gdp,2,52,2010Q2,2025Q1,2.603516795335001,2.120957890197801,0.8470545283370515,0.23889825834784
abm_pandemic_masked_common_cells,naive_drift,nominal_gdp,4,50,2010Q2,2024Q3,2.8334792910431026,2.3237259217808672,0.9089553433566467,0.577949850087952
abm_pandemic_masked_common_cells,naive_drift,nominal_gdp,8,46,2010Q2,2023Q3,9.131559754439095,4.690138306377848,1.7818062160272425,0.3715066973746324
abm_pandemic_masked_common_cells,naive_drift,nominal_gdp,12,42,2010Q2,2022Q3,9.233257203426165,4.762226946040395,1.7910874904832896,0.20456266653833377
abm_pandemic_masked_common_cells,naive_drift,unemployment_rate,1,53,2010Q2,2025Q2,0.23112346796631794,0.18206747167085505,0.7052389995348497,0.14369892371897744
abm_pandemic_masked_common_cells,naive_drift,unemployment_rate,2,52,2010Q2,2025Q1,0.4590876674262673,0.37361852676296475,1.4245904424306373,0.3102045253466252
abm_pandemic_masked_common_cells,naive_drift,unemployment_rate,4,50,2010Q2,2024Q3,0.9826466366392747,0.8059056456200651,2.983005573533869,0.6962508410736007
abm_pandemic_masked_common_cells,naive_drift,unemployment_rate,8,46,2010Q2,2023Q3,2.525334560278284,1.9000142271520672,6.85090347018539,1.7356702897916865
abm_pandemic_masked_common_cells,naive_drift,unemployment_rate,12,42,2010Q2,2022Q3,3.2194502991812946,2.530075847506263,9.407626327940196,2.4407691009315564
abm_pandemic_masked_common_cells,naive_drift,effective_federal_funds_rate,1,53,2010Q2,2025Q2,0.39447484132250626,0.25427971399666,0.9802642492344574,-0.19378029188402074
abm_pandemic_masked_common_cells,naive_drift,effective_federal_funds_rate,2,52,2010Q2,2025Q1,0.7633257199585318,0.5065732203752297,1.960552888069035,-0.40596248303410193
abm_pandemic_masked_common_cells,naive_drift,effective_federal_funds_rate,4,50,2010Q2,2024Q3,1.4256811215039262,1.0231250867131685,3.9729649059657697,-0.8721813170445257
abm_pandemic_masked_common_cells,naive_drift,effective_federal_funds_rate,8,46,2010Q2,2023Q3,2.5373726947095485,2.0140200021360384,7.785992924262539,-1.9286549654468017
abm_pandemic_masked_common_cells,naive_drift,effective_federal_funds_rate,12,42,2010Q2,2022Q3,3.353831452508781,2.9353546823173966,11.208643302903175,-2.811949269856908
abm_pandemic_masked_common_cells,naive_historical_mean,real_gdp,1,53,2010Q2,2025Q2,1.62225493463943,1.342520813761802,0.5427571741764604,-0.4758780606327765
abm_pandemic_masked_common_cells,naive_historical_mean,real_gdp,2,52,2010Q2,2025Q1,1.6247792099225136,1.343982721571003,0.5420667733583158,-0.46630323131991713
abm_pandemic_masked_common_cells,naive_historical_mean,real_gdp,4,50,2010Q2,2024Q3,1.6102567566194312,1.3387164203368576,0.5347307872127827,-0.545894086530417
abm_pandemic_masked_common_cells,naive_historical_mean,real_gdp,8,46,2010Q2,2023Q3,1.5918308562663674,1.3092461934995503,0.5250176485419369,-0.5631901254200733
abm_pandemic_masked_common_cells,naive_historical_mean,real_gdp,12,42,2010Q2,2022Q3,1.6322528890290569,1.3507534556400134,0.5499879667415184,-0.6422781154943922
abm_pandemic_masked_common_cells,naive_historical_mean,gdp_deflator,1,53,2010Q2,2025Q2,1.5443482945767788,0.9233703476186597,1.2077177772383434,-0.1564947305586216
abm_pandemic_masked_common_cells,naive_historical_mean,gdp_deflator,2,52,2010Q2,2025Q1,1.5682361142143215,0.9261448225619221,1.2112004262627665,-0.17773820175750316
abm_pandemic_masked_common_cells,naive_historical_mean,gdp_deflator,4,50,2010Q2,2024Q3,1.6269151998483395,0.9712510567834964,1.2742740309043612,-0.18725545504938437
abm_pandemic_masked_common_cells,naive_historical_mean,gdp_deflator,8,46,2010Q2,2023Q3,1.712858518715336,1.021322982008041,1.3887584317759991,-0.23369282343208098
abm_pandemic_masked_common_cells,naive_historical_mean,gdp_deflator,12,42,2010Q2,2022Q3,1.7937178509726026,1.1017122828288133,1.5331264882662405,-0.29353178827919785
abm_pandemic_masked_common_cells,naive_historical_mean,nominal_gdp,1,53,2010Q2,2025Q2,1.9556896900618301,1.5715045193845456,0.6102824568523636,-0.6324644107851863
abm_pandemic_masked_common_cells,naive_historical_mean,nominal_gdp,2,52,2010Q2,2025Q1,1.9805128706047437,1.5976941939957816,0.6189893636631093,-0.6441292956837259
abm_pandemic_masked_common_cells,naive_historical_mean,nominal_gdp,4,50,2010Q2,2024Q3,2.0087698044830518,1.6078114577592926,0.6148163664047627,-0.7331859048039123
abm_pandemic_masked_common_cells,naive_historical_mean,nominal_gdp,8,46,2010Q2,2023Q3,2.126063491136755,1.6650114778738945,0.6508778834620568,-0.796955481334153
abm_pandemic_masked_common_cells,naive_historical_mean,nominal_gdp,12,42,2010Q2,2022Q3,2.1696858056770214,1.7325205791053095,0.7198971125333955,-0.9358971256378129
abm_pandemic_masked_common_cells,naive_historical_mean,unemployment_rate,1,53,2010Q2,2025Q2,1.9727988017802152,1.8274829244544801,6.761260274250434,0.7168180058995626
abm_pandemic_masked_common_cells,naive_historical_mean,unemployment_rate,2,52,2010Q2,2025Q1,1.958435418239608,1.821244747053983,6.687195109482231,0.8043206028573555
abm_pandemic_masked_common_cells,naive_historical_mean,unemployment_rate,4,50,2010Q2,2024Q3,1.9362222668160818,1.8124183824745888,6.559417556669853,0.9795086126165242
abm_pandemic_masked_common_cells,naive_historical_mean,unemployment_rate,8,46,2010Q2,2023Q3,1.9248356942435285,1.8091531907617258,6.509001883561965,1.313330130432417
abm_pandemic_masked_common_cells,naive_historical_mean,unemployment_rate,12,42,2010Q2,2022Q3,1.9609805569670389,1.8326329395005092,6.933646472642541,1.6135315518603197
abm_pandemic_masked_common_cells,naive_historical_mean,effective_federal_funds_rate,1,53,2010Q2,2025Q2,2.0567754745880564,1.8100205444889972,6.392596240420357,0.2863641279701539
abm_pandemic_masked_common_cells,naive_historical_mean,effective_federal_funds_rate,2,52,2010Q2,2025Q1,2.0780949751498343,1.8248731999972962,6.448698699492157,0.2568890307170978
abm_pandemic_masked_common_cells,naive_historical_mean,effective_federal_funds_rate,4,50,2010Q2,2024Q3,2.1180533415064136,1.8517914063119947,6.579077062296793,0.19678098482384407
abm_pandemic_masked_common_cells,naive_historical_mean,effective_federal_funds_rate,8,46,2010Q2,2023Q3,2.1716191044969597,1.8852612628802996,6.785344312055789,0.06900986310525656
abm_pandemic_masked_common_cells,naive_historical_mean,effective_federal_funds_rate,12,42,2010Q2,2022Q3,2.197773835148079,1.8968895501079877,6.894917312166994,-0.0608149304437671
abm_pandemic_masked_common_cells,univariate_ar_p1_constant,real_gdp,1,53,2010Q2,2025Q2,1.7170218791131913,1.3707134642519858,0.5550815597645287,-0.3108183478491936
abm_pandemic_masked_common_cells,univariate_ar_p1_constant,real_gdp,2,52,2010Q2,2025Q1,1.6466286076264351,1.3464116718403376,0.5409709939481926,-0.3680179817434949
abm_pandemic_masked_common_cells,univariate_ar_p1_constant,real_gdp,4,50,2010Q2,2024Q3,1.610800530366964,1.3304899231987548,0.5311586284545904,-0.4966982124024048
abm_pandemic_masked_common_cells,univariate_ar_p1_constant,real_gdp,8,46,2010Q2,2023Q3,2.661515091057708,1.5983651941298853,0.6441825342312566,-0.8605137241740001
abm_pandemic_masked_common_cells,univariate_ar_p1_constant,real_gdp,12,42,2010Q2,2022Q3,2.4383804397991335,1.5873837697517506,0.6471067243090486,-0.8616716386373253
abm_pandemic_masked_common_cells,univariate_ar_p1_constant,gdp_deflator,1,53,2010Q2,2025Q2,1.1425098795043092,0.9079111757028999,1.2102279138105747,0.032132987583780775
abm_pandemic_masked_common_cells,univariate_ar_p1_constant,gdp_deflator,2,52,2010Q2,2025Q1,1.3199960826379347,0.8458971810662944,1.1182704593385229,0.0056122598871314235
abm_pandemic_masked_common_cells,univariate_ar_p1_constant,gdp_deflator,4,50,2010Q2,2024Q3,1.604970827641506,0.9800832610298873,1.2874936664400667,-0.07833158857365731
abm_pandemic_masked_common_cells,univariate_ar_p1_constant,gdp_deflator,8,46,2010Q2,2023Q3,1.7179522458781973,1.0335414624999357,1.4066969566655576,-0.19604928507339228
abm_pandemic_masked_common_cells,univariate_ar_p1_constant,gdp_deflator,12,42,2010Q2,2022Q3,1.791639559714702,1.1056754981452044,1.536825437828799,-0.28392366054198337
abm_pandemic_masked_common_cells,univariate_ar_p1_constant,nominal_gdp,1,53,2010Q2,2025Q2,2.203905874755697,1.707501378176505,0.6631666333106839,-0.5763435975717711
abm_pandemic_masked_common_cells,univariate_ar_p1_constant,nominal_gdp,2,52,2010Q2,2025Q1,2.048495470220029,1.6483978114668334,0.6412944064060141,-0.5718177110176947
abm_pandemic_masked_common_cells,univariate_ar_p1_constant,nominal_gdp,4,50,2010Q2,2024Q3,2.0250795586248858,1.6178209696237928,0.6198219249905532,-0.6898333163855688
abm_pandemic_masked_common_cells,univariate_ar_p1_constant,nominal_gdp,8,46,2010Q2,2023Q3,4.435406912886612,2.1368555003235765,0.8396987816827955,-1.2176967425700964
abm_pandemic_masked_common_cells,univariate_ar_p1_constant,nominal_gdp,12,42,2010Q2,2022Q3,3.423901742296958,2.108424196549884,0.8691568030322779,-1.2836280111214404
abm_pandemic_masked_common_cells,univariate_ar_p1_constant,unemployment_rate,1,53,2010Q2,2025Q2,0.2972616164474342,0.25129372458571675,0.8946364586474636,0.24990900420850937
abm_pandemic_masked_common_cells,univariate_ar_p1_constant,unemployment_rate,2,52,2010Q2,2025Q1,0.5801156368576381,0.5085439500839366,1.7995047758981273,0.5071029173022678
abm_pandemic_masked_common_cells,univariate_ar_p1_constant,unemployment_rate,4,50,2010Q2,2024Q3,1.1200439335054233,1.0095733681404429,3.5634096553008123,1.0095733681404429
abm_pandemic_masked_common_cells,univariate_ar_p1_constant,unemployment_rate,8,46,2010Q2,2023Q3,2.1956767315694297,1.9594851349002556,7.036467090937299,1.9594851349002556
abm_pandemic_masked_common_cells,univariate_ar_p1_constant,unemployment_rate,12,42,2010Q2,2022Q3,2.836254775788164,2.503820712229642,9.386512576264124,2.503820712229642
abm_pandemic_masked_common_cells,univariate_ar_p1_constant,effective_federal_funds_rate,1,53,2010Q2,2025Q2,0.39123047047046033,0.21365874755531916,0.8428983382464128,-0.15595376249730608
abm_pandemic_masked_common_cells,univariate_ar_p1_constant,effective_federal_funds_rate,2,52,2010Q2,2025Q1,0.7345428825507737,0.3995447425933588,1.588931853445916,-0.31621041166689895
abm_pandemic_masked_common_cells,univariate_ar_p1_constant,effective_federal_funds_rate,4,50,2010Q2,2024Q3,1.2923658331677963,0.7269780210988631,2.926245213879266,-0.6327941260177723
abm_pandemic_masked_common_cells,univariate_ar_p1_constant,effective_federal_funds_rate,8,46,2010Q2,2023Q3,2.0612821917524093,1.319480429189902,5.342645169121784,-1.2224674029282567
abm_pandemic_masked_common_cells,univariate_ar_p1_constant,effective_federal_funds_rate,12,42,2010Q2,2022Q3,2.453274921591448,1.738649323039573,7.0039686815387086,-1.5633606347303513
abm_pandemic_masked_common_cells,univariate_ar_p4_constant,real_gdp,1,53,2010Q2,2025Q2,1.7087809902518116,1.3554496813586354,0.5530520399981078,-0.3481791669905231
abm_pandemic_masked_common_cells,univariate_ar_p4_constant,real_gdp,2,52,2010Q2,2025Q1,1.633912066488091,1.2970849443576569,0.5237003075088632,-0.3808852333780652
abm_pandemic_masked_common_cells,univariate_ar_p4_constant,real_gdp,4,50,2010Q2,2024Q3,1.726094246689699,1.377708229263055,0.545944271199805,-0.46434013304562427
abm_pandemic_masked_common_cells,univariate_ar_p4_constant,real_gdp,8,46,2010Q2,2023Q3,2.735604418726024,1.5927463653198346,0.6433961711068295,-0.19527567721435415
abm_pandemic_masked_common_cells,univariate_ar_p4_constant,real_gdp,12,42,2010Q2,2022Q3,2.5955488885324653,1.619734102598479,0.659580760535959,-0.8834826115958114
abm_pandemic_masked_common_cells,univariate_ar_p4_constant,gdp_deflator,1,53,2010Q2,2025Q2,1.1490761219577963,0.9180088492894222,1.2252372531502729,0.06443827542275081
abm_pandemic_masked_common_cells,univariate_ar_p4_constant,gdp_deflator,2,52,2010Q2,2025Q1,1.3343616937352785,0.9054806026692953,1.1920153523336405,0.07599442581238777
abm_pandemic_masked_common_cells,univariate_ar_p4_constant,gdp_deflator,4,50,2010Q2,2024Q3,1.760966261429678,1.0866127191634272,1.4167264586540664,0.05155949976881927
abm_pandemic_masked_common_cells,univariate_ar_p4_constant,gdp_deflator,8,46,2010Q2,2023Q3,2.035945690304772,1.2542413232387077,1.6769482452604558,-0.06523633311764875
abm_pandemic_masked_common_cells,univariate_ar_p4_constant,gdp_deflator,12,42,2010Q2,2022Q3,2.088026420003191,1.2322564815150254,1.6881734739951153,-0.13386777218656176
abm_pandemic_masked_common_cells,univariate_ar_p4_constant,nominal_gdp,1,53,2010Q2,2025Q2,2.106521515611202,1.7061959302785135,0.675378684664995,-0.4752646603830831
abm_pandemic_masked_common_cells,univariate_ar_p4_constant,nominal_gdp,2,52,2010Q2,2025Q1,2.018785776017154,1.640710778883212,0.6454705592160349,-0.5013328758298388
abm_pandemic_masked_common_cells,univariate_ar_p4_constant,nominal_gdp,4,50,2010Q2,2024Q3,2.1074360481603818,1.6574829188958113,0.6367542617511717,-0.6283155752337127
abm_pandemic_masked_common_cells,univariate_ar_p4_constant,nominal_gdp,8,46,2010Q2,2023Q3,2.14366391638631,1.6531465624845374,0.6519283792351275,-0.47703121149378647
abm_pandemic_masked_common_cells,univariate_ar_p4_constant,nominal_gdp,12,42,2010Q2,2022Q3,2.1629696034282135,1.7347585606435267,0.7166803587486237,-0.8797875010057368
abm_pandemic_masked_common_cells,univariate_ar_p4_constant,unemployment_rate,1,53,2010Q2,2025Q2,0.2557573651583878,0.19664385388112635,0.6788386764372679,0.10195655486802818
abm_pandemic_masked_common_cells,univariate_ar_p4_constant,unemployment_rate,2,52,2010Q2,2025Q1,0.4938620190101026,0.37428207350728526,1.2780625653282116,0.21820051503225432
abm_pandemic_masked_common_cells,univariate_ar_p4_constant,unemployment_rate,4,50,2010Q2,2024Q3,0.986953502888204,0.7689548497600214,2.6261287492826604,0.4835787940858661
abm_pandemic_masked_common_cells,univariate_ar_p4_constant,unemployment_rate,8,46,2010Q2,2023Q3,2.7120405633840314,1.8017952548553813,6.258813204627504,1.2280543762108362
abm_pandemic_masked_common_cells,univariate_ar_p4_constant,unemployment_rate,12,42,2010Q2,2022Q3,7.027969542009101,3.1050294190876158,10.753434654539877,-0.0042322655927574514
abm_pandemic_masked_common_cells,univariate_ar_p4_constant,effective_federal_funds_rate,1,53,2010Q2,2025Q2,0.25731344427383696,0.1817398546337708,0.6728257286484584,0.01830829499296068
abm_pandemic_masked_common_cells,univariate_ar_p4_constant,effective_federal_funds_rate,2,52,2010Q2,2025Q1,0.557773375290506,0.3933776269592991,1.449303652784851,0.030313159798334155
abm_pandemic_masked_common_cells,univariate_ar_p4_constant,effective_federal_funds_rate,4,50,2010Q2,2024Q3,1.096659014619228,0.7763196971138668,2.816080141266816,0.07293834148544395
abm_pandemic_masked_common_cells,univariate_ar_p4_constant,effective_federal_funds_rate,8,46,2010Q2,2023Q3,2.0160675575829115,1.6244679683287833,5.812723002934196,0.058034728764397935
abm_pandemic_masked_common_cells,univariate_ar_p4_constant,effective_federal_funds_rate,12,42,2010Q2,2022Q3,2.517194091201235,2.1505821997609242,7.705006635486721,0.08313336039970255
abm_pandemic_masked_common_cells,univariate_ar_bic_p1-2-3-4-5-6-7-8_constant,real_gdp,1,53,2010Q2,2025Q2,1.7170218791131913,1.3707134642519858,0.5550815597645287,-0.3108183478491936
abm_pandemic_masked_common_cells,univariate_ar_bic_p1-2-3-4-5-6-7-8_constant,real_gdp,2,52,2010Q2,2025Q1,1.6466286076264351,1.3464116718403376,0.5409709939481926,-0.3680179817434949
abm_pandemic_masked_common_cells,univariate_ar_bic_p1-2-3-4-5-6-7-8_constant,real_gdp,4,50,2010Q2,2024Q3,1.610800530366964,1.3304899231987548,0.5311586284545904,-0.4966982124024048
abm_pandemic_masked_common_cells,univariate_ar_bic_p1-2-3-4-5-6-7-8_constant,real_gdp,8,46,2010Q2,2023Q3,2.661515091057708,1.5983651941298853,0.6441825342312566,-0.8605137241740001
abm_pandemic_masked_common_cells,univariate_ar_bic_p1-2-3-4-5-6-7-8_constant,real_gdp,12,42,2010Q2,2022Q3,2.4383804397991335,1.5873837697517506,0.6471067243090486,-0.8616716386373253
abm_pandemic_masked_common_cells,univariate_ar_bic_p1-2-3-4-5-6-7-8_constant,gdp_deflator,1,53,2010Q2,2025Q2,1.1420690335412533,0.8978614663704577,1.198621872835275,0.1188104800416373
abm_pandemic_masked_common_cells,univariate_ar_bic_p1-2-3-4-5-6-7-8_constant,gdp_deflator,2,52,2010Q2,2025Q1,1.3147866665453771,0.8757985592927491,1.1529423993714376,0.16396379963774133
abm_pandemic_masked_common_cells,univariate_ar_bic_p1-2-3-4-5-6-7-8_constant,gdp_deflator,4,50,2010Q2,2024Q3,1.7731006252405572,1.067126195984023,1.3902225208815298,0.1415731128601332
abm_pandemic_masked_common_cells,univariate_ar_bic_p1-2-3-4-5-6-7-8_constant,gdp_deflator,8,46,2010Q2,2023Q3,1.927220671295507,1.1964590987098596,1.5994554875286398,0.030270940378355805
abm_pandemic_masked_common_cells,univariate_ar_bic_p1-2-3-4-5-6-7-8_constant,gdp_deflator,12,42,2010Q2,2022Q3,1.9664998428747014,1.207607096704485,1.6591806886424894,-0.08120833760151962
abm_pandemic_masked_common_cells,univariate_ar_bic_p1-2-3-4-5-6-7-8_constant,nominal_gdp,1,53,2010Q2,2025Q2,2.203905874755697,1.707501378176505,0.6631666333106839,-0.5763435975717711
abm_pandemic_masked_common_cells,univariate_ar_bic_p1-2-3-4-5-6-7-8_constant,nominal_gdp,2,52,2010Q2,2025Q1,2.048495470220029,1.6483978114668334,0.6412944064060141,-0.5718177110176947
abm_pandemic_masked_common_cells,univariate_ar_bic_p1-2-3-4-5-6-7-8_constant,nominal_gdp,4,50,2010Q2,2024Q3,2.0250795586248858,1.6178209696237928,0.6198219249905532,-0.6898333163855688
abm_pandemic_masked_common_cells,univariate_ar_bic_p1-2-3-4-5-6-7-8_constant,nominal_gdp,8,46,2010Q2,2023Q3,4.435406912886612,2.1368555003235765,0.8396987816827955,-1.2176967425700964
abm_pandemic_masked_common_cells,univariate_ar_bic_p1-2-3-4-5-6-7-8_constant,nominal_gdp,12,42,2010Q2,2022Q3,3.423901742296958,2.108424196549884,0.8691568030322779,-1.2836280111214404
abm_pandemic_masked_common_cells,univariate_ar_bic_p1-2-3-4-5-6-7-8_constant,unemployment_rate,1,53,2010Q2,2025Q2,0.2546545527655215,0.20398895596690383,0.7001576301658939,0.11738766032820684
abm_pandemic_masked_common_cells,univariate_ar_bic_p1-2-3-4-5-6-7-8_constant,unemployment_rate,2,52,2010Q2,2025Q1,0.4990654032422956,0.39609725875549984,1.3412748479457197,0.26215925004316687
abm_pandemic_masked_common_cells,univariate_ar_bic_p1-2-3-4-5-6-7-8_constant,unemployment_rate,4,50,2010Q2,2024Q3,0.96465652682235,0.7999398485053609,2.7207168621530515,0.5855844999926015
abm_pandemic_masked_common_cells,univariate_ar_bic_p1-2-3-4-5-6-7-8_constant,unemployment_rate,8,46,2010Q2,2023Q3,3.5498024513519266,2.068072404507272,6.990996563571381,1.1323582583430416
abm_pandemic_masked_common_cells,univariate_ar_bic_p1-2-3-4-5-6-7-8_constant,unemployment_rate,12,42,2010Q2,2022Q3,8.879609571954516,3.6630624457595053,12.172849411512813,-0.3761893151361581
abm_pandemic_masked_common_cells,univariate_ar_bic_p1-2-3-4-5-6-7-8_constant,effective_federal_funds_rate,1,53,2010Q2,2025Q2,0.24611452626600347,0.17509920544307964,0.6486481766303142,-0.005803336300357824
abm_pandemic_masked_common_cells,univariate_ar_bic_p1-2-3-4-5-6-7-8_constant,effective_federal_funds_rate,2,52,2010Q2,2025Q1,0.5499505664428433,0.38757795855418686,1.428539573561804,-0.031205108577708546
abm_pandemic_masked_common_cells,univariate_ar_bic_p1-2-3-4-5-6-7-8_constant,effective_federal_funds_rate,4,50,2010Q2,2024Q3,1.123748578803588,0.8309650733380083,3.0268898096471126,-0.07066000799033435
abm_pandemic_masked_common_cells,univariate_ar_bic_p1-2-3-4-5-6-7-8_constant,effective_federal_funds_rate,8,46,2010Q2,2023Q3,2.041755348151776,1.6893373585969553,6.089705153067422,-0.16560405889727126
abm_pandemic_masked_common_cells,univariate_ar_bic_p1-2-3-4-5-6-7-8_constant,effective_federal_funds_rate,12,42,2010Q2,2022Q3,2.4157493213713273,2.054149768283891,7.424296158211516,-0.1322255915301805
abm_pandemic_masked_common_cells,beforeit_var_p1_constant,real_gdp,1,53,2010Q2,2025Q2,2.390544923349987,1.8740484955555883,0.7598140472612157,0.44689821501582305
abm_pandemic_masked_common_cells,beforeit_var_p1_constant,real_gdp,2,52,2010Q2,2025Q1,2.227759708945441,1.7037077321592735,0.6905775869128086,0.4528064333265014
abm_pandemic_masked_common_cells,beforeit_var_p1_constant,real_gdp,4,50,2010Q2,2024Q3,2.228705526522516,1.6612420499365452,0.6701377031638228,0.21348533108399267
abm_pandemic_masked_common_cells,beforeit_var_p1_constant,real_gdp,8,46,2010Q2,2023Q3,5.159141589485579,2.128192288963295,0.8676776048644056,0.6128700838053144
abm_pandemic_masked_common_cells,beforeit_var_p1_constant,real_gdp,12,42,2010Q2,2022Q3,1.902857391543315,1.4059533794601966,0.569681743117607,-0.38605185197120867
abm_pandemic_masked_common_cells,beforeit_var_p1_constant,gdp_deflator,1,53,2010Q2,2025Q2,1.1214035331727423,0.9274356564382785,1.233937897537521,0.2594712370554324
abm_pandemic_masked_common_cells,beforeit_var_p1_constant,gdp_deflator,2,52,2010Q2,2025Q1,1.429485937264223,1.0622696288859452,1.4159523971998125,0.31860278485975907
abm_pandemic_masked_common_cells,beforeit_var_p1_constant,gdp_deflator,4,50,2010Q2,2024Q3,1.7977332446277268,1.225111392454491,1.6330107127298152,0.2585127302078427
abm_pandemic_masked_common_cells,beforeit_var_p1_constant,gdp_deflator,8,46,2010Q2,2023Q3,1.7669926625875305,1.2533653277907455,1.7230712005280315,0.21735447060620097
abm_pandemic_masked_common_cells,beforeit_var_p1_constant,gdp_deflator,12,42,2010Q2,2022Q3,2.111511125304005,1.383671856178328,1.921756574363022,-0.051428245763818374
abm_pandemic_masked_common_cells,beforeit_var_p1_constant,nominal_gdp,1,53,2010Q2,2025Q2,2.6173940605526638,1.982885126814247,0.8010532017855668,0.7061144478900911
abm_pandemic_masked_common_cells,beforeit_var_p1_constant,nominal_gdp,2,52,2010Q2,2025Q1,2.637359518686562,1.9314946903209496,0.7911258611139066,0.7713478445903673
abm_pandemic_masked_common_cells,beforeit_var_p1_constant,nominal_gdp,4,50,2010Q2,2024Q3,2.929554605040166,2.1446728262194727,0.8511937084367989,0.4719345861614166
abm_pandemic_masked_common_cells,beforeit_var_p1_constant,nominal_gdp,8,46,2010Q2,2023Q3,5.6162514853608325,2.744025387577774,1.095489680440756,0.8301166293202192
abm_pandemic_masked_common_cells,beforeit_var_p1_constant,nominal_gdp,12,42,2010Q2,2022Q3,2.8488811882060556,2.06657093354328,0.8545247467852355,-0.4375981379232087
abm_pandemic_masked_common_cells,beforeit_var_p1_constant,unemployment_rate,1,53,2010Q2,2025Q2,0.2412830670264309,0.17769078282523035,0.6225280028119806,0.008179809621798014
abm_pandemic_masked_common_cells,beforeit_var_p1_constant,unemployment_rate,2,52,2010Q2,2025Q1,0.4347714730979148,0.29523505483447743,1.063212197116182,0.036270685548880126
abm_pandemic_masked_common_cells,beforeit_var_p1_constant,unemployment_rate,4,50,2010Q2,2024Q3,0.8789223302858109,0.5926254733430393,2.1616057841371092,0.10248804574542096
abm_pandemic_masked_common_cells,beforeit_var_p1_constant,unemployment_rate,8,46,2010Q2,2023Q3,1.9247585759236823,1.303058501194619,4.686101125848209,0.5005955566059955
abm_pandemic_masked_common_cells,beforeit_var_p1_constant,unemployment_rate,12,42,2010Q2,2022Q3,4.008580970903734,2.0410179757823026,7.280460710113398,0.291614594542098
abm_pandemic_masked_common_cells,beforeit_var_p1_constant,effective_federal_funds_rate,1,53,2010Q2,2025Q2,0.42140979827805736,0.2851508507001832,1.0587546289102665,-0.09404257982516495
abm_pandemic_masked_common_cells,beforeit_var_p1_constant,effective_federal_funds_rate,2,52,2010Q2,2025Q1,0.7622781605250227,0.5173817060205899,1.8951940020808964,-0.13697066648505393
abm_pandemic_masked_common_cells,beforeit_var_p1_constant,effective_federal_funds_rate,4,50,2010Q2,2024Q3,1.4214442285568627,0.9922589318600665,3.5905103999759262,-0.14920647001372767
abm_pandemic_masked_common_cells,beforeit_var_p1_constant,effective_federal_funds_rate,8,46,2010Q2,2023Q3,2.5037879058428594,1.805076359030392,6.490975211464177,-0.41385487617615624
abm_pandemic_masked_common_cells,beforeit_var_p1_constant,effective_federal_funds_rate,12,42,2010Q2,2022Q3,2.905304402507611,2.324140485175082,8.507809097749254,-0.4018421277097029
abm_pandemic_masked_common_cells,beforeit_var_p2_constant,real_gdp,1,53,2010Q2,2025Q2,2.987894855673432,2.2481429044537555,0.8875855200406748,0.569611847678313
abm_pandemic_masked_common_cells,beforeit_var_p2_constant,real_gdp,2,52,2010Q2,2025Q1,2.734292506370214,2.028863739379114,0.8007061197580367,0.17436387021518518
abm_pandemic_masked_common_cells,beforeit_var_p2_constant,real_gdp,4,50,2010Q2,2024Q3,2.6701116536025955,1.891684929714304,0.7444903024142551,-0.04776590385201491
abm_pandemic_masked_common_cells,beforeit_var_p2_constant,real_gdp,8,46,2010Q2,2023Q3,28.11130797125847,6.219897701608126,2.1375556843879364,3.5678271438031
abm_pandemic_masked_common_cells,beforeit_var_p2_constant,real_gdp,12,42,2010Q2,2022Q3,72.48558390059118,13.869254197495165,4.624793199535628,9.126512003107624
abm_pandemic_masked_common_cells,beforeit_var_p2_constant,gdp_deflator,1,53,2010Q2,2025Q2,1.2060008361716577,0.9800660752156691,1.3114227122830187,0.38818925250315806
abm_pandemic_masked_common_cells,beforeit_var_p2_constant,gdp_deflator,2,52,2010Q2,2025Q1,1.457747562526914,1.098718068322353,1.46658429913386,0.4790308045095038
abm_pandemic_masked_common_cells,beforeit_var_p2_constant,gdp_deflator,4,50,2010Q2,2024Q3,1.8763225722752173,1.280844415951895,1.697289390302622,0.3371872406430703
abm_pandemic_masked_common_cells,beforeit_var_p2_constant,gdp_deflator,8,46,2010Q2,2023Q3,5.820931622453485,2.435834953430901,3.234918770910388,0.3580112227474002
abm_pandemic_masked_common_cells,beforeit_var_p2_constant,gdp_deflator,12,42,2010Q2,2022Q3,12.987620910894703,4.095356823710399,5.340971981572045,0.17706968432489506
abm_pandemic_masked_common_cells,beforeit_var_p2_constant,nominal_gdp,1,53,2010Q2,2025Q2,3.411680802902834,2.6149606193844623,1.0028390736191146,0.9574976409260538
abm_pandemic_masked_common_cells,beforeit_var_p2_constant,nominal_gdp,2,52,2010Q2,2025Q1,3.1367625503515155,2.4839844134458784,0.9680725216618787,0.653308245045809
abm_pandemic_masked_common_cells,beforeit_var_p2_constant,nominal_gdp,4,50,2010Q2,2024Q3,3.502760538326944,2.4792694484962694,0.9505478733929834,0.2893633234664761
abm_pandemic_masked_common_cells,beforeit_var_p2_constant,nominal_gdp,8,46,2010Q2,2023Q3,32.20473019390229,8.102395828082212,2.7499372299645417,3.9270907575358653
abm_pandemic_masked_common_cells,beforeit_var_p2_constant,nominal_gdp,12,42,2010Q2,2022Q3,83.2079100412566,17.117382193037535,5.600525037920214,9.306491634337407
abm_pandemic_masked_common_cells,beforeit_var_p2_constant,unemployment_rate,1,53,2010Q2,2025Q2,0.42874870216584515,0.2942710733355359,0.9245281379165292,-0.054769851299960585
abm_pandemic_masked_common_cells,beforeit_var_p2_constant,unemployment_rate,2,52,2010Q2,2025Q1,0.6028093906128467,0.4232208419157483,1.4051033459342435,-0.08120934160525389
abm_pandemic_masked_common_cells,beforeit_var_p2_constant,unemployment_rate,4,50,2010Q2,2024Q3,1.1592807595823258,0.7834049634908652,2.621788755879569,-0.07326319740522635
abm_pandemic_masked_common_cells,beforeit_var_p2_constant,unemployment_rate,8,46,2010Q2,2023Q3,3.3547001401002983,1.8090106100566334,5.953826958396815,-0.1817383711536746
abm_pandemic_masked_common_cells,beforeit_var_p2_constant,unemployment_rate,12,42,2010Q2,2022Q3,8.209651212233878,3.108385999438843,9.934713848989539,-0.44393328823547484
abm_pandemic_masked_common_cells,beforeit_var_p2_constant,effective_federal_funds_rate,1,53,2010Q2,2025Q2,0.30237132117536647,0.23783614255007737,0.8532962678157227,0.023495281327281792
abm_pandemic_masked_common_cells,beforeit_var_p2_constant,effective_federal_funds_rate,2,52,2010Q2,2025Q1,0.6720967450919364,0.4976302900407961,1.7656759124411028,0.09132499711396114
abm_pandemic_masked_common_cells,beforeit_var_p2_constant,effective_federal_funds_rate,4,50,2010Q2,2024Q3,1.3200525334982425,0.9403367087706909,3.338550481892586,0.3366752976715424
abm_pandemic_masked_common_cells,beforeit_var_p2_constant,effective_federal_funds_rate,8,46,2010Q2,2023Q3,2.089021779664664,1.4496686392824065,4.958730818097163,0.44788787552644904
abm_pandemic_masked_common_cells,beforeit_var_p2_constant,effective_federal_funds_rate,12,42,2010Q2,2022Q3,2.9532048195771954,2.023156219715502,7.350866440860645,0.14778977564952117
abm_pandemic_masked_common_cells,beforeit_var_p3_constant,real_gdp,1,53,2010Q2,2025Q2,4.052751329743401,2.6816304254311705,1.0478486881412246,0.7736966471303347
abm_pandemic_masked_common_cells,beforeit_var_p3_constant,real_gdp,2,52,2010Q2,2025Q1,4.040991119675102,2.802580100731398,1.094093377876951,0.925572416080126
abm_pandemic_masked_common_cells,beforeit_var_p3_constant,real_gdp,4,50,2010Q2,2024Q3,3.616068213001806,2.335242557283259,0.8946018353965567,0.8366299730973289
abm_pandemic_masked_common_cells,beforeit_var_p3_constant,real_gdp,8,46,2010Q2,2023Q3,28.60242201187072,8.186474629888904,3.096515283006645,3.3440887790534823
abm_pandemic_masked_common_cells,beforeit_var_p3_constant,real_gdp,12,42,2010Q2,2022Q3,303.37758711547485,52.36760694616673,16.852492141581678,48.18822119627877
abm_pandemic_masked_common_cells,beforeit_var_p3_constant,gdp_deflator,1,53,2010Q2,2025Q2,1.30396599528638,1.0292542640833127,1.3803194689675646,0.3391402021196536
abm_pandemic_masked_common_cells,beforeit_var_p3_constant,gdp_deflator,2,52,2010Q2,2025Q1,1.6931638143396786,1.2871147335509614,1.7150622063368588,0.5856748225319353
abm_pandemic_masked_common_cells,beforeit_var_p3_constant,gdp_deflator,4,50,2010Q2,2024Q3,2.37438634210633,1.6066598217161856,2.1074785265145963,0.5871013024618186
abm_pandemic_masked_common_cells,beforeit_var_p3_constant,gdp_deflator,8,46,2010Q2,2023Q3,20.836225625242783,5.939290992711486,7.803120493332491,3.2127477313306883
abm_pandemic_masked_common_cells,beforeit_var_p3_constant,gdp_deflator,12,42,2010Q2,2022Q3,60.641870212513865,13.851731291533968,17.435014125238734,7.279628391264719
abm_pandemic_masked_common_cells,beforeit_var_p3_constant,nominal_gdp,1,53,2010Q2,2025Q2,4.498666447532121,3.111340461038993,1.184819539794261,1.1126498781451957
abm_pandemic_masked_common_cells,beforeit_var_p3_constant,nominal_gdp,2,52,2010Q2,2025Q1,4.800894969095208,3.5416438153774235,1.352686630928821,1.5110766726588685
abm_pandemic_masked_common_cells,beforeit_var_p3_constant,nominal_gdp,4,50,2010Q2,2024Q3,4.833746811365303,3.0083434897460095,1.1363921834320525,1.4237627519499438
abm_pandemic_masked_common_cells,beforeit_var_p3_constant,nominal_gdp,8,46,2010Q2,2023Q3,49.15263839314779,13.512432017115135,4.982938318936814,6.551400017148086
abm_pandemic_masked_common_cells,beforeit_var_p3_constant,nominal_gdp,12,42,2010Q2,2022Q3,361.3982629642291,60.60593851210316,18.406175585592564,55.46250520848638
abm_pandemic_masked_common_cells,beforeit_var_p3_constant,unemployment_rate,1,53,2010Q2,2025Q2,0.5889149657535234,0.3539181460050348,1.1074246366175091,-0.05256881828863373
abm_pandemic_masked_common_cells,beforeit_var_p3_constant,unemployment_rate,2,52,2010Q2,2025Q1,0.9274440758698087,0.5904892298844583,1.8833970783400977,-0.16067986412386762
abm_pandemic_masked_common_cells,beforeit_var_p3_constant,unemployment_rate,4,50,2010Q2,2024Q3,1.9422387922480542,1.257886579688624,3.948160801537717,-0.4297818343703452
abm_pandemic_masked_common_cells,beforeit_var_p3_constant,unemployment_rate,8,46,2010Q2,2023Q3,19.407029872968458,5.626657226167437,16.400312990772413,0.8598309451717051
abm_pandemic_masked_common_cells,beforeit_var_p3_constant,unemployment_rate,12,42,2010Q2,2022Q3,74.7901008400872,17.910307716379002,50.76627306393558,-7.310648497553091
abm_pandemic_masked_common_cells,beforeit_var_p3_constant,effective_federal_funds_rate,1,53,2010Q2,2025Q2,0.33745935801381766,0.26767113936589065,0.9744257446312174,0.025298117118294088
abm_pandemic_masked_common_cells,beforeit_var_p3_constant,effective_federal_funds_rate,2,52,2010Q2,2025Q1,0.7597101956680237,0.5199266035550563,1.8597311201524158,0.14030718206010467
abm_pandemic_masked_common_cells,beforeit_var_p3_constant,effective_federal_funds_rate,4,50,2010Q2,2024Q3,1.610015766914467,1.0958595004618124,3.8938866969409314,0.38976112666257606
abm_pandemic_masked_common_cells,beforeit_var_p3_constant,effective_federal_funds_rate,8,46,2010Q2,2023Q3,3.587665847137329,2.3371007786489697,8.214469644002913,1.0040458505859453
abm_pandemic_masked_common_cells,beforeit_var_p3_constant,effective_federal_funds_rate,12,42,2010Q2,2022Q3,5.1402044947124566,3.07186014623149,11.168353906958592,1.9016890523630976
abm_pandemic_masked_common_cells,bvar_mniw_v1_p1_constant_tight3fc999999999999a_decay3ff0000000000000_own0000000000000000_ivar4059000000000000_iwoff2_iscale3ff0000000000000_floor3e45798ee2308c3a_diffmse_scale,real_gdp,1,53,2010Q2,2025Q2,1.8730428014275253,1.554791787066781,0.6245314473394953,-0.004455409087817405
abm_pandemic_masked_common_cells,bvar_mniw_v1_p1_constant_tight3fc999999999999a_decay3ff0000000000000_own0000000000000000_ivar4059000000000000_iwoff2_iscale3ff0000000000000_floor3e45798ee2308c3a_diffmse_scale,real_gdp,2,52,2010Q2,2025Q1,1.8360327927906464,1.524955907046479,0.608470953382469,-0.09356286344569863
abm_pandemic_masked_common_cells,bvar_mniw_v1_p1_constant_tight3fc999999999999a_decay3ff0000000000000_own0000000000000000_ivar4059000000000000_iwoff2_iscale3ff0000000000000_floor3e45798ee2308c3a_diffmse_scale,real_gdp,4,50,2010Q2,2024Q3,1.7453319880940563,1.4630265644173013,0.5765601803951763,-0.2534390798914796
abm_pandemic_masked_common_cells,bvar_mniw_v1_p1_constant_tight3fc999999999999a_decay3ff0000000000000_own0000000000000000_ivar4059000000000000_iwoff2_iscale3ff0000000000000_floor3e45798ee2308c3a_diffmse_scale,real_gdp,8,46,2010Q2,2023Q3,1.7468645870193802,1.4062356629168073,0.5656377790468599,-0.23937168310915186
abm_pandemic_masked_common_cells,bvar_mniw_v1_p1_constant_tight3fc999999999999a_decay3ff0000000000000_own0000000000000000_ivar4059000000000000_iwoff2_iscale3ff0000000000000_floor3e45798ee2308c3a_diffmse_scale,real_gdp,12,42,2010Q2,2022Q3,1.534458929669271,1.228983159469291,0.4967416821607556,-0.40421180232472637
abm_pandemic_masked_common_cells,bvar_mniw_v1_p1_constant_tight3fc999999999999a_decay3ff0000000000000_own0000000000000000_ivar4059000000000000_iwoff2_iscale3ff0000000000000_floor3e45798ee2308c3a_diffmse_scale,gdp_deflator,1,53,2010Q2,2025Q2,1.1382676724921068,0.9146772133028731,1.2214321915436135,0.20592703855763636
abm_pandemic_masked_common_cells,bvar_mniw_v1_p1_constant_tight3fc999999999999a_decay3ff0000000000000_own0000000000000000_ivar4059000000000000_iwoff2_iscale3ff0000000000000_floor3e45798ee2308c3a_diffmse_scale,gdp_deflator,2,52,2010Q2,2025Q1,1.4158117510387669,0.9464615996143717,1.2580189164011344,0.11303127747958852
abm_pandemic_masked_common_cells,bvar_mniw_v1_p1_constant_tight3fc999999999999a_decay3ff0000000000000_own0000000000000000_ivar4059000000000000_iwoff2_iscale3ff0000000000000_floor3e45798ee2308c3a_diffmse_scale,gdp_deflator,4,50,2010Q2,2024Q3,1.6685452272014516,1.0215766679302374,1.350967432816871,-0.08195075890147939
abm_pandemic_masked_common_cells,bvar_mniw_v1_p1_constant_tight3fc999999999999a_decay3ff0000000000000_own0000000000000000_ivar4059000000000000_iwoff2_iscale3ff0000000000000_floor3e45798ee2308c3a_diffmse_scale,gdp_deflator,8,46,2010Q2,2023Q3,1.7633514297746065,1.087598122474527,1.4851496698293876,-0.2373879873663035
abm_pandemic_masked_common_cells,bvar_mniw_v1_p1_constant_tight3fc999999999999a_decay3ff0000000000000_own0000000000000000_ivar4059000000000000_iwoff2_iscale3ff0000000000000_floor3e45798ee2308c3a_diffmse_scale,gdp_deflator,12,42,2010Q2,2022Q3,1.8391871306534266,1.133006289337243,1.579626210862172,-0.32465785865762725
abm_pandemic_masked_common_cells,bvar_mniw_v1_p1_constant_tight3fc999999999999a_decay3ff0000000000000_own0000000000000000_ivar4059000000000000_iwoff2_iscale3ff0000000000000_floor3e45798ee2308c3a_diffmse_scale,nominal_gdp,1,53,2010Q2,2025Q2,2.0690122095341343,1.6015267860559164,0.6513435807513182,0.2012480169835014
abm_pandemic_masked_common_cells,bvar_mniw_v1_p1_constant_tight3fc999999999999a_decay3ff0000000000000_own0000000000000000_ivar4059000000000000_iwoff2_iscale3ff0000000000000_floor3e45798ee2308c3a_diffmse_scale,nominal_gdp,2,52,2010Q2,2025Q1,2.1119274756128488,1.6682082035963222,0.6695235187506866,0.019372140948490994
abm_pandemic_masked_common_cells,bvar_mniw_v1_p1_constant_tight3fc999999999999a_decay3ff0000000000000_own0000000000000000_ivar4059000000000000_iwoff2_iscale3ff0000000000000_floor3e45798ee2308c3a_diffmse_scale,nominal_gdp,4,50,2010Q2,2024Q3,2.220696395191397,1.7979109982551922,0.6916745444839943,-0.3354442765792537
abm_pandemic_masked_common_cells,bvar_mniw_v1_p1_constant_tight3fc999999999999a_decay3ff0000000000000_own0000000000000000_ivar4059000000000000_iwoff2_iscale3ff0000000000000_floor3e45798ee2308c3a_diffmse_scale,nominal_gdp,8,46,2010Q2,2023Q3,2.1303072175837006,1.7541675160622698,0.6923906196662848,-0.4768500608682384
abm_pandemic_masked_common_cells,bvar_mniw_v1_p1_constant_tight3fc999999999999a_decay3ff0000000000000_own0000000000000000_ivar4059000000000000_iwoff2_iscale3ff0000000000000_floor3e45798ee2308c3a_diffmse_scale,nominal_gdp,12,42,2010Q2,2022Q3,2.220610804666332,1.7357194568098502,0.7229624736837768,-0.7289719882306265
abm_pandemic_masked_common_cells,bvar_mniw_v1_p1_constant_tight3fc999999999999a_decay3ff0000000000000_own0000000000000000_ivar4059000000000000_iwoff2_iscale3ff0000000000000_floor3e45798ee2308c3a_diffmse_scale,unemployment_rate,1,53,2010Q2,2025Q2,0.21553241371007506,0.16628392239310602,0.6094452901449596,0.08580503766641868
abm_pandemic_masked_common_cells,bvar_mniw_v1_p1_constant_tight3fc999999999999a_decay3ff0000000000000_own0000000000000000_ivar4059000000000000_iwoff2_iscale3ff0000000000000_floor3e45798ee2308c3a_diffmse_scale,unemployment_rate,2,52,2010Q2,2025Q1,0.4786083103060862,0.3509677618693823,1.2372368574725612,0.22992763325483795
abm_pandemic_masked_common_cells,bvar_mniw_v1_p1_constant_tight3fc999999999999a_decay3ff0000000000000_own0000000000000000_ivar4059000000000000_iwoff2_iscale3ff0000000000000_floor3e45798ee2308c3a_diffmse_scale,unemployment_rate,4,50,2010Q2,2024Q3,0.9951449053715322,0.7705149180259664,2.658212902442943,0.5864292441688636
abm_pandemic_masked_common_cells,bvar_mniw_v1_p1_constant_tight3fc999999999999a_decay3ff0000000000000_own0000000000000000_ivar4059000000000000_iwoff2_iscale3ff0000000000000_floor3e45798ee2308c3a_diffmse_scale,unemployment_rate,8,46,2010Q2,2023Q3,1.7859486983219897,1.5221592217487259,5.316236899680763,1.3244412893230648
abm_pandemic_masked_common_cells,bvar_mniw_v1_p1_constant_tight3fc999999999999a_decay3ff0000000000000_own0000000000000000_ivar4059000000000000_iwoff2_iscale3ff0000000000000_floor3e45798ee2308c3a_diffmse_scale,unemployment_rate,12,42,2010Q2,2022Q3,1.9769484883272146,1.8447738335110917,6.804332368392364,1.7183976095925715
abm_pandemic_masked_common_cells,bvar_mniw_v1_p1_constant_tight3fc999999999999a_decay3ff0000000000000_own0000000000000000_ivar4059000000000000_iwoff2_iscale3ff0000000000000_floor3e45798ee2308c3a_diffmse_scale,effective_federal_funds_rate,1,53,2010Q2,2025Q2,0.37135986403734816,0.26591228482831647,0.9850042156084947,-0.02151940176923742
abm_pandemic_masked_common_cells,bvar_mniw_v1_p1_constant_tight3fc999999999999a_decay3ff0000000000000_own0000000000000000_ivar4059000000000000_iwoff2_iscale3ff0000000000000_floor3e45798ee2308c3a_diffmse_scale,effective_federal_funds_rate,2,52,2010Q2,2025Q1,0.6859815332589025,0.4880199561681746,1.8000336527953917,-0.04609778304423348
abm_pandemic_masked_common_cells,bvar_mniw_v1_p1_constant_tight3fc999999999999a_decay3ff0000000000000_own0000000000000000_ivar4059000000000000_iwoff2_iscale3ff0000000000000_floor3e45798ee2308c3a_diffmse_scale,effective_federal_funds_rate,4,50,2010Q2,2024Q3,1.2186023644831487,0.8779831961060363,3.247250498840816,-0.15532134507452308
abm_pandemic_masked_common_cells,bvar_mniw_v1_p1_constant_tight3fc999999999999a_decay3ff0000000000000_own0000000000000000_ivar4059000000000000_iwoff2_iscale3ff0000000000000_floor3e45798ee2308c3a_diffmse_scale,effective_federal_funds_rate,8,46,2010Q2,2023Q3,2.0140636373280136,1.584333966760499,5.954325293117178,-0.5634656763846876
abm_pandemic_masked_common_cells,bvar_mniw_v1_p1_constant_tight3fc999999999999a_decay3ff0000000000000_own0000000000000000_ivar4059000000000000_iwoff2_iscale3ff0000000000000_floor3e45798ee2308c3a_diffmse_scale,effective_federal_funds_rate,12,42,2010Q2,2022Q3,2.4137723240721622,1.9157238023911378,7.258996658160551,-0.7552718228724092
abm_pandemic_masked_common_cells,beforeit_abm_us_v3_mean,real_gdp,1,53,2010Q2,2025Q2,1.55449225371167,1.223240609309897,0.4925671095803421,-0.008538893808494997
abm_pandemic_masked_common_cells,beforeit_abm_us_v3_mean,real_gdp,2,52,2010Q2,2025Q1,1.5715687344129892,1.2538278326843897,0.49953047435488834,0.009483591074477417
abm_pandemic_masked_common_cells,beforeit_abm_us_v3_mean,real_gdp,4,50,2010Q2,2024Q3,1.5498535835796998,1.2394139538760651,0.49423574112752067,-0.047206510162539586
abm_pandemic_masked_common_cells,beforeit_abm_us_v3_mean,real_gdp,8,46,2010Q2,2023Q3,1.5673726548231024,1.2473555858323582,0.501859141036123,0.17138559374480947
abm_pandemic_masked_common_cells,beforeit_abm_us_v3_mean,real_gdp,12,42,2010Q2,2022Q3,1.576153564097437,1.2251629057536588,0.4984309092919765,0.2180370802072511
abm_pandemic_masked_common_cells,beforeit_abm_us_v3_mean,gdp_deflator,1,53,2010Q2,2025Q2,1.1481118453285923,0.9093348137734321,1.2094201888256364,0.005344920637451027
abm_pandemic_masked_common_cells,beforeit_abm_us_v3_mean,gdp_deflator,2,52,2010Q2,2025Q1,1.3088550184449927,0.8500970756211468,1.1253445148249435,-0.04080544629266723
abm_pandemic_masked_common_cells,beforeit_abm_us_v3_mean,gdp_deflator,4,50,2010Q2,2024Q3,1.6119934684099242,0.9859401521622232,1.2943268497977973,-0.1420947076973423
abm_pandemic_masked_common_cells,beforeit_abm_us_v3_mean,gdp_deflator,8,46,2010Q2,2023Q3,1.714912178839665,1.0259086190398135,1.3928243476047608,-0.2665409386686102
abm_pandemic_masked_common_cells,beforeit_abm_us_v3_mean,gdp_deflator,12,42,2010Q2,2022Q3,1.7843352482439707,1.1107362669339966,1.5412828931482616,-0.3649983870292806
abm_pandemic_masked_common_cells,beforeit_abm_us_v3_mean,nominal_gdp,1,53,2010Q2,2025Q2,1.7241795782288543,1.3759283073591897,0.5614881774801186,-0.00329016439511944
abm_pandemic_masked_common_cells,beforeit_abm_us_v3_mean,nominal_gdp,2,52,2010Q2,2025Q1,1.7080985664533672,1.3871686256383091,0.5542001824123765,-0.03141396535847808
abm_pandemic_masked_common_cells,beforeit_abm_us_v3_mean,nominal_gdp,4,50,2010Q2,2024Q3,1.9448379742593838,1.5528116364004676,0.6013573288962563,-0.18934121706606186
abm_pandemic_masked_common_cells,beforeit_abm_us_v3_mean,nominal_gdp,8,46,2010Q2,2023Q3,2.148640026930914,1.6941247165705995,0.6744480759042306,-0.09523024640556146
abm_pandemic_masked_common_cells,beforeit_abm_us_v3_mean,nominal_gdp,12,42,2010Q2,2022Q3,2.175841905316155,1.7072855492976164,0.7168184576544544,-0.14705148349022013
abm_pandemic_masked_common_cells,beforeit_abm_us_v3_mean,unemployment_rate,1,53,2010Q2,2025Q2,2.717225073964673,2.4568516244278604,8.823594107911415,1.941583863644886
abm_pandemic_masked_common_cells,beforeit_abm_us_v3_mean,unemployment_rate,2,52,2010Q2,2025Q1,2.6970708912323467,2.433676983765774,8.669552768133583,1.9920702473070049
abm_pandemic_masked_common_cells,beforeit_abm_us_v3_mean,unemployment_rate,4,50,2010Q2,2024Q3,2.6506125754738443,2.384499408284064,8.357726812258486,2.084194871794939
abm_pandemic_masked_common_cells,beforeit_abm_us_v3_mean,unemployment_rate,8,46,2010Q2,2023Q3,2.4604449552880654,2.219312237372475,7.723288380733279,2.0873235571564135
abm_pandemic_masked_common_cells,beforeit_abm_us_v3_mean,unemployment_rate,12,42,2010Q2,2022Q3,2.1835418927443477,1.9659622428853443,7.208100311642976,1.8921611721612444
abm_pandemic_masked_common_cells,beforeit_abm_us_v3_mean,effective_federal_funds_rate,1,53,2010Q2,2025Q2,0.359423759607934,0.21395158842874845,0.8229354042713347,-0.0877579276080917
abm_pandemic_masked_common_cells,beforeit_abm_us_v3_mean,effective_federal_funds_rate,2,52,2010Q2,2025Q1,0.6776465698140403,0.40651322226999437,1.5729376728240427,-0.1853535142367462
abm_pandemic_masked_common_cells,beforeit_abm_us_v3_mean,effective_federal_funds_rate,4,50,2010Q2,2024Q3,1.2049104417024787,0.7463754061935386,2.91401953630261,-0.40062953736509677
abm_pandemic_masked_common_cells,beforeit_abm_us_v3_mean,effective_federal_funds_rate,8,46,2010Q2,2023Q3,1.9346098838180277,1.2878936584635519,5.079902426700641,-0.857211392752996
abm_pandemic_masked_common_cells,beforeit_abm_us_v3_mean,effective_federal_funds_rate,12,42,2010Q2,2022Q3,2.298598198414268,1.7124560680601302,6.72928255117048,-1.1400259635673098
abm_pandemic_masked_common_cells,beforeit_abm_us_v3_median,real_gdp,1,53,2010Q2,2025Q2,1.5604748965814725,1.2109257398123698,0.48617760764860946,0.004940359956941816
abm_pandemic_masked_common_cells,beforeit_abm_us_v3_median,real_gdp,2,52,2010Q2,2025Q1,1.5810172932820643,1.2663457883978568,0.5043563542290265,0.03188187157791101
abm_pandemic_masked_common_cells,beforeit_abm_us_v3_median,real_gdp,4,50,2010Q2,2024Q3,1.6034673768215084,1.2764182703997438,0.5060215122935167,-0.05857554182397935
abm_pandemic_masked_common_cells,beforeit_abm_us_v3_median,real_gdp,8,46,2010Q2,2023Q3,1.5548872988731937,1.2416509781103013,0.5011134971756278,0.17099982149104206
abm_pandemic_masked_common_cells,beforeit_abm_us_v3_median,real_gdp,12,42,2010Q2,2022Q3,1.6018769509321231,1.2445847199699176,0.5043447811128349,0.24424253560293754
abm_pandemic_masked_common_cells,beforeit_abm_us_v3_median,gdp_deflator,1,53,2010Q2,2025Q2,1.1494434121178045,0.907752717900961,1.2070928180489375,0.00840764999166162
abm_pandemic_masked_common_cells,beforeit_abm_us_v3_median,gdp_deflator,2,52,2010Q2,2025Q1,1.310077898525755,0.8572382222755445,1.1341981665955314,-0.050468958266634736
abm_pandemic_masked_common_cells,beforeit_abm_us_v3_median,gdp_deflator,4,50,2010Q2,2024Q3,1.6162386325837519,0.9849029860991595,1.292156604372276,-0.14285661767743668
abm_pandemic_masked_common_cells,beforeit_abm_us_v3_median,gdp_deflator,8,46,2010Q2,2023Q3,1.7122346282267955,1.0293546535760318,1.3976840409600708,-0.26314722507779187
abm_pandemic_masked_common_cells,beforeit_abm_us_v3_median,gdp_deflator,12,42,2010Q2,2022Q3,1.7954964464133871,1.1119068957898701,1.5424138576423898,-0.36987624994787893
abm_pandemic_masked_common_cells,beforeit_abm_us_v3_median,nominal_gdp,1,53,2010Q2,2025Q2,1.7248837255816143,1.3846843634240813,0.5634119951216375,0.005331887796927956
abm_pandemic_masked_common_cells,beforeit_abm_us_v3_median,nominal_gdp,2,52,2010Q2,2025Q1,1.672244269509119,1.3636884893584569,0.5442198527811404,0.021237240417630712
abm_pandemic_masked_common_cells,beforeit_abm_us_v3_median,nominal_gdp,4,50,2010Q2,2024Q3,1.9663910656415058,1.5771266904549923,0.6109956213131248,-0.1848575887099748
abm_pandemic_masked_common_cells,beforeit_abm_us_v3_median,nominal_gdp,8,46,2010Q2,2023Q3,2.1831798616388918,1.7216283410748752,0.6871535946087721,-0.09019565149853773
abm_pandemic_masked_common_cells,beforeit_abm_us_v3_median,nominal_gdp,12,42,2010Q2,2022Q3,2.1701375173878343,1.6976049776471225,0.7117014632282913,-0.18026493685201272
abm_pandemic_masked_common_cells,beforeit_abm_us_v3_median,unemployment_rate,1,53,2010Q2,2025Q2,2.7521168080893856,2.4867366305683087,8.929145992101514,1.976952848796163
abm_pandemic_masked_common_cells,beforeit_abm_us_v3_median,unemployment_rate,2,52,2010Q2,2025Q1,2.761081077354041,2.49076392049768,8.871805914474944,2.0553519951449655
abm_pandemic_masked_common_cells,beforeit_abm_us_v3_median,unemployment_rate,4,50,2010Q2,2024Q3,2.7856269034726155,2.503751479289981,8.779973474424613,2.2194753451677194
abm_pandemic_masked_common_cells,beforeit_abm_us_v3_median,unemployment_rate,8,46,2010Q2,2023Q3,2.670545900030317,2.4128290884144086,8.385725512520361,2.3197753194409505
abm_pandemic_masked_common_cells,beforeit_abm_us_v3_median,unemployment_rate,12,42,2010Q2,2022Q3,2.306484353300724,2.0727106227106464,7.563570984352701,2.026979430825656
abm_pandemic_masked_common_cells,beforeit_abm_us_v3_median,effective_federal_funds_rate,1,53,2010Q2,2025Q2,0.35993522098798647,0.20974900295999965,0.8090935675658673,-0.0931303060784149
abm_pandemic_masked_common_cells,beforeit_abm_us_v3_median,effective_federal_funds_rate,2,52,2010Q2,2025Q1,0.6796879766685875,0.40366629213861177,1.5651942521462792,-0.1934587753351982
abm_pandemic_masked_common_cells,beforeit_abm_us_v3_median,effective_federal_funds_rate,4,50,2010Q2,2024Q3,1.2060587323476508,0.7417243109487055,2.90112761530209,-0.4112078431647481
abm_pandemic_masked_common_cells,beforeit_abm_us_v3_median,effective_federal_funds_rate,8,46,2010Q2,2023Q3,1.942859820218173,1.2886368363712506,5.0883116080872846,-0.8706733467145399
abm_pandemic_masked_common_cells,beforeit_abm_us_v3_median,effective_federal_funds_rate,12,42,2010Q2,2022Q3,2.3081417981196632,1.7161245639629026,6.746379747037684,-1.1512373361580162
