sample_track,model_id,benchmark_model_id,target_id,horizon,observation_count,rmse,mae,rmse_ratio,mae_ratio
abm_all_available_common_cells,naive_no_change,beforeit_var_p1_constant,real_gdp,1,61,9.693765927710036,3.7466413662963607,1.0665903423144358,1.028226311701386
abm_all_available_common_cells,naive_no_change,beforeit_var_p1_constant,real_gdp,2,60,9.06183055046393,4.162781975398633,1.2329013996791074,1.2017210591223684
abm_all_available_common_cells,naive_no_change,beforeit_var_p1_constant,real_gdp,4,58,9.041778259522694,4.372767116680466,1.4233668302809415,1.4913855900652064
abm_all_available_common_cells,naive_no_change,beforeit_var_p1_constant,real_gdp,8,54,8.838793537745401,4.426429524585092,1.124942701926184,1.2884071653359905
abm_all_available_common_cells,naive_no_change,beforeit_var_p1_constant,real_gdp,12,50,9.167099622202198,4.32315139987688,1.362119101267478,1.473616862868738
abm_all_available_common_cells,naive_no_change,beforeit_var_p1_constant,gdp_deflator,1,61,1.4762633833399403,1.0849748503133443,0.8201981791745148,0.9136781438229933
abm_all_available_common_cells,naive_no_change,beforeit_var_p1_constant,gdp_deflator,2,60,1.5828827102902885,1.1715454340436664,0.7405539857393934,0.823310798522962
abm_all_available_common_cells,naive_no_change,beforeit_var_p1_constant,gdp_deflator,4,58,2.1288352967685653,1.4872040051017068,0.9024636013397772,0.9587299200573439
abm_all_available_common_cells,naive_no_change,beforeit_var_p1_constant,gdp_deflator,8,54,2.8643591434765674,2.020828034300074,1.3698089906219195,1.341237922582381
abm_all_available_common_cells,naive_no_change,beforeit_var_p1_constant,gdp_deflator,12,50,2.7092472553873157,2.00498372971656,1.1453251948091576,1.2209976629069932
abm_all_available_common_cells,naive_no_change,beforeit_var_p1_constant,nominal_gdp,1,61,10.495644272313646,4.0986560219665895,1.0068235078574646,1.0027193145059186
abm_all_available_common_cells,naive_no_change,beforeit_var_p1_constant,nominal_gdp,2,60,9.603669839740789,4.413167731554067,1.1016294353723104,1.059902472902268
abm_all_available_common_cells,naive_no_change,beforeit_var_p1_constant,nominal_gdp,4,58,10.027024722070056,4.830027710374138,1.3576493580308868,1.2807048214031271
abm_all_available_common_cells,naive_no_change,beforeit_var_p1_constant,nominal_gdp,8,54,10.476122683411633,5.676457023787851,1.198799769453359,1.2934866727004672
abm_all_available_common_cells,naive_no_change,beforeit_var_p1_constant,nominal_gdp,12,50,10.220590765581278,5.625786895154081,1.319549876843246,1.425258769607528
abm_all_available_common_cells,naive_no_change,beforeit_var_p1_constant,unemployment_rate,1,61,1.3413895956652229,0.43005464480878686,0.6378680332082469,0.7278473019648519
abm_all_available_common_cells,naive_no_change,beforeit_var_p1_constant,unemployment_rate,2,60,1.6888468562020933,0.71611111111115,0.5105001667664634,0.7612798690962689
abm_all_available_common_cells,naive_no_change,beforeit_var_p1_constant,unemployment_rate,4,58,2.0096272123374574,1.1442528735632416,0.48220628986529274,0.8024887280829184
abm_all_available_common_cells,naive_no_change,beforeit_var_p1_constant,unemployment_rate,8,54,2.5021842310122318,1.7512345679013333,1.1161544878093337,1.1832998163783772
abm_all_available_common_cells,naive_no_change,beforeit_var_p1_constant,unemployment_rate,12,50,2.7534786079511417,2.0773333333333603,0.7063437216114828,1.0017105254058
abm_all_available_common_cells,naive_no_change,beforeit_var_p1_constant,effective_federal_funds_rate,1,61,0.3743381404547077,0.1862008773860328,0.5639360326953327,0.4991206761787957
abm_all_available_common_cells,naive_no_change,beforeit_var_p1_constant,effective_federal_funds_rate,2,60,0.7027605357464869,0.37371165118500005,0.5644217411180193,0.5511952565273139
abm_all_available_common_cells,naive_no_change,beforeit_var_p1_constant,effective_federal_funds_rate,4,58,1.2648265883479501,0.7460488875244655,0.6103340156038699,0.6268406568340811
abm_all_available_common_cells,naive_no_change,beforeit_var_p1_constant,effective_federal_funds_rate,8,54,2.0354727063707823,1.3467872457341667,0.8554789230512028,0.7736819408441403
abm_all_available_common_cells,naive_no_change,beforeit_var_p1_constant,effective_federal_funds_rate,12,50,2.381955197707287,1.6881261383992001,0.8860070296743098,0.8058477462514919
abm_all_available_common_cells,naive_drift,beforeit_var_p1_constant,real_gdp,1,61,9.756036468837962,3.775995848533776,1.0734418753794013,1.03628234056884
abm_all_available_common_cells,naive_drift,beforeit_var_p1_constant,real_gdp,2,60,9.17907549817391,4.223139020278808,1.2488530839808556,1.219145063628863
abm_all_available_common_cells,naive_drift,beforeit_var_p1_constant,real_gdp,4,58,9.277953387521917,4.488288262753476,1.4605457826598505,1.5307854867447932
abm_all_available_common_cells,naive_drift,beforeit_var_p1_constant,real_gdp,8,54,9.312045115065304,4.717580822769526,1.1851750069130114,1.3731529896384485
abm_all_available_common_cells,naive_drift,beforeit_var_p1_constant,real_gdp,12,50,9.900820736331344,4.723844162784506,1.471141102308902,1.6101995447213695
abm_all_available_common_cells,naive_drift,beforeit_var_p1_constant,gdp_deflator,1,61,1.4864215910747332,1.0889457074411384,0.8258419847323709,0.9170220788173035
abm_all_available_common_cells,naive_drift,beforeit_var_p1_constant,gdp_deflator,2,60,1.6047661715317716,1.1856789159469538,0.7507921950133969,0.8332431903308855
abm_all_available_common_cells,naive_drift,beforeit_var_p1_constant,gdp_deflator,4,58,2.1837929887241225,1.518194876021553,0.9257614659884984,0.9787082653936716
abm_all_available_common_cells,naive_drift,beforeit_var_p1_constant,gdp_deflator,8,54,3.0137508478752393,2.127488865334472,1.4412518822284714,1.412029473871917
abm_all_available_common_cells,naive_drift,beforeit_var_p1_constant,gdp_deflator,12,50,2.9212935986345077,2.180543959115292,1.234967075558591,1.3279105653002565
abm_all_available_common_cells,naive_drift,beforeit_var_p1_constant,nominal_gdp,1,61,10.562924542645133,4.126708767849322,1.0132775526047162,1.0095823032443698
abm_all_available_common_cells,naive_drift,beforeit_var_p1_constant,nominal_gdp,2,60,9.727581191574911,4.480302897706803,1.115843209360289,1.0760262037351618
abm_all_available_common_cells,naive_drift,beforeit_var_p1_constant,nominal_gdp,4,58,10.286528083331106,4.986632331533795,1.3927858597937135,1.3222292815925385
abm_all_available_common_cells,naive_drift,beforeit_var_p1_constant,nominal_gdp,8,54,11.027370247802198,6.027384834998876,1.261879925449387,1.3734521238576238
abm_all_available_common_cells,naive_drift,beforeit_var_p1_constant,nominal_gdp,12,50,11.024149743170275,6.044355568449037,1.4232949708631162,1.5313005880081672
abm_all_available_common_cells,naive_drift,beforeit_var_p1_constant,unemployment_rate,1,61,1.3550220416890622,0.4616647323967297,0.6443506401713132,0.7813458916056789
abm_all_available_common_cells,naive_drift,beforeit_var_p1_constant,unemployment_rate,2,60,1.7264695075062717,0.7856206372892867,0.5218726424260807,0.8351737134575559
abm_all_available_common_cells,naive_drift,beforeit_var_p1_constant,unemployment_rate,4,58,2.115070356226006,1.2889137564458586,0.5075071749717843,0.9039424631706173
abm_all_available_common_cells,naive_drift,beforeit_var_p1_constant,unemployment_rate,8,54,2.8015672861620833,2.0653090562884864,1.249700905550283,1.3955182657223888
abm_all_available_common_cells,naive_drift,beforeit_var_p1_constant,unemployment_rate,12,50,3.3053002721284743,2.571024827111893,0.8479013014725774,1.2397734100116706
abm_all_available_common_cells,naive_drift,beforeit_var_p1_constant,effective_federal_funds_rate,1,61,0.3975360601581026,0.2529880665369654,0.5988834275518293,0.6781470453187464
abm_all_available_common_cells,naive_drift,beforeit_var_p1_constant,effective_federal_funds_rate,2,60,0.7562502901394167,0.5079396803825554,0.6073820081944331,0.7491710294316402
abm_all_available_common_cells,naive_drift,beforeit_var_p1_constant,effective_federal_funds_rate,4,58,1.3979730440564302,1.0216856349178807,0.6745829899096061,0.8584344875775549
abm_all_available_common_cells,naive_drift,beforeit_var_p1_constant,effective_federal_funds_rate,8,54,2.4077990959499807,1.9188468204912439,1.0119621703007653,1.1023100619363186
abm_all_available_common_cells,naive_drift,beforeit_var_p1_constant,effective_federal_funds_rate,12,50,3.0957484916146436,2.5828698864814674,1.1515140705897016,1.2329646639176306
abm_all_available_common_cells,naive_historical_mean,beforeit_var_p1_constant,real_gdp,1,61,6.108437207343514,2.6046229042079028,0.6721020685431225,0.7148113577825698
abm_all_available_common_cells,naive_historical_mean,beforeit_var_p1_constant,real_gdp,2,60,6.135521040243206,2.6294126171963152,0.8347642825752452,0.7590646192572424
abm_all_available_common_cells,naive_historical_mean,beforeit_var_p1_constant,real_gdp,4,58,6.2202892759537995,2.6652352151399428,0.9792048838203065,0.9090109964537841
abm_all_available_common_cells,naive_historical_mean,beforeit_var_p1_constant,real_gdp,8,54,6.420281352641419,2.724921049900153,0.8171305983247387,0.7931466628276004
abm_all_available_common_cells,naive_historical_mean,beforeit_var_p1_constant,real_gdp,12,50,6.6623838739345,2.8738101830615994,0.9899489160872168,0.9795852041092232
abm_all_available_common_cells,naive_historical_mean,beforeit_var_p1_constant,gdp_deflator,1,61,1.860778477848113,1.1705814108266417,1.0338311825666318,0.9857690713558029
abm_all_available_common_cells,naive_historical_mean,beforeit_var_p1_constant,gdp_deflator,2,60,1.8878427512147233,1.1790333623709814,0.8832299858811989,0.8285729864597677
abm_all_available_common_cells,naive_historical_mean,beforeit_var_p1_constant,gdp_deflator,4,58,1.9463700609956636,1.2284690968798502,0.825112274985465,0.7919357902509084
abm_all_available_common_cells,naive_historical_mean,beforeit_var_p1_constant,gdp_deflator,8,54,2.024805556430599,1.2875543780654577,0.9683132304748093,0.8545589876708592
abm_all_available_common_cells,naive_historical_mean,beforeit_var_p1_constant,gdp_deflator,12,50,2.102217006254978,1.3756975982221435,0.8887051919799389,0.8377741561690677
abm_all_available_common_cells,naive_historical_mean,beforeit_var_p1_constant,nominal_gdp,1,61,6.8855677636856605,3.168732019871121,0.6605170020588047,0.7752172375015729
abm_all_available_common_cells,naive_historical_mean,beforeit_var_p1_constant,nominal_gdp,2,60,6.92672527991079,3.2227396760797267,0.7945592243822066,0.7739995304901565
abm_all_available_common_cells,naive_historical_mean,beforeit_var_p1_constant,nominal_gdp,4,58,7.041749266663669,3.2855634145780783,0.9534459758793445,0.8711827671377738
abm_all_available_common_cells,naive_historical_mean,beforeit_var_p1_constant,nominal_gdp,8,54,7.2875376542934145,3.44252364014375,0.8339247948750227,0.7844432592939611
abm_all_available_common_cells,naive_historical_mean,beforeit_var_p1_constant,nominal_gdp,12,50,7.556283118822995,3.6412053908690405,0.9755690925825368,0.9224771595505256
abm_all_available_common_cells,naive_historical_mean,beforeit_var_p1_constant,unemployment_rate,1,61,2.1190346203961465,1.848017654176237,1.0076598551086537,3.127683144019158
abm_all_available_common_cells,naive_historical_mean,beforeit_var_p1_constant,unemployment_rate,2,60,2.1112362813786274,1.8453934562530494,0.6381789265078429,1.9617917764571309
abm_all_available_common_cells,naive_historical_mean,beforeit_var_p1_constant,unemployment_rate,4,58,2.0953820579328815,1.8398879166371922,0.5027830046304372,1.2903522885107328
abm_all_available_common_cells,naive_historical_mean,beforeit_var_p1_constant,unemployment_rate,8,54,2.0862804661223806,1.8291929788276944,0.9306314364188238,1.2359758970275063
abm_all_available_common_cells,naive_historical_mean,beforeit_var_p1_constant,unemployment_rate,12,50,2.120926238088534,1.850442225941519,0.5440764740095921,0.8923014061525673
abm_all_available_common_cells,naive_historical_mean,beforeit_var_p1_constant,effective_federal_funds_rate,1,61,1.9875071439387675,1.756372959541968,2.9941562789861433,4.708044728335409
abm_all_available_common_cells,naive_historical_mean,beforeit_var_p1_constant,effective_federal_funds_rate,2,60,2.0069841610660784,1.7703279589100864,1.6119082346904057,2.611094329959407
abm_all_available_common_cells,naive_historical_mean,beforeit_var_p1_constant,effective_federal_funds_rate,4,58,2.0424831426792314,1.7944233161293832,0.985587233664076,1.5076994402515556
abm_all_available_common_cells,naive_historical_mean,beforeit_var_p1_constant,effective_federal_funds_rate,8,54,2.084553115932132,1.8187622908354797,0.8761066896545281,1.0448150170449977
abm_all_available_common_cells,naive_historical_mean,beforeit_var_p1_constant,effective_federal_funds_rate,12,50,2.098930903163602,1.8216411398679702,0.7807315338229672,0.8695827720750954
abm_all_available_common_cells,univariate_ar_p1_constant,beforeit_var_p1_constant,real_gdp,1,61,9.04664670024397,3.297864119656172,0.9953887965489984,0.9050641170917393
abm_all_available_common_cells,univariate_ar_p1_constant,beforeit_var_p1_constant,real_gdp,2,60,7.371783480774824,3.0576247452102137,1.0029631563915415,0.8826818384743568
abm_all_available_common_cells,univariate_ar_p1_constant,beforeit_var_p1_constant,real_gdp,4,58,7.186585500067501,3.044728562147678,1.1313203144526174,1.0384418337590648
abm_all_available_common_cells,univariate_ar_p1_constant,beforeit_var_p1_constant,real_gdp,8,54,6.714934650945641,2.9682740461143,0.8546321053019413,0.8639797670907204
abm_all_available_common_cells,univariate_ar_p1_constant,beforeit_var_p1_constant,real_gdp,12,50,6.865110779820829,3.069025939172327,1.0200716596188604,1.0461276874723162
abm_all_available_common_cells,univariate_ar_p1_constant,beforeit_var_p1_constant,gdp_deflator,1,61,1.4256884513530748,1.0889303830025845,0.7920992182467884,0.9170091738134971
abm_all_available_common_cells,univariate_ar_p1_constant,beforeit_var_p1_constant,gdp_deflator,2,60,1.6515783827672563,1.0960483601632065,0.7726933563479312,0.770254762985247
abm_all_available_common_cells,univariate_ar_p1_constant,beforeit_var_p1_constant,gdp_deflator,4,58,1.9408321806583608,1.2430348913064295,0.82276463661223,0.8013256674152126
abm_all_available_common_cells,univariate_ar_p1_constant,beforeit_var_p1_constant,gdp_deflator,8,54,2.031877284482296,1.3000623983992636,0.9716951096942882,0.8628606496249615
abm_all_available_common_cells,univariate_ar_p1_constant,beforeit_var_p1_constant,gdp_deflator,12,50,2.10136444711278,1.379642755349462,0.8883447754606705,0.8401766832124854
abm_all_available_common_cells,univariate_ar_p1_constant,beforeit_var_p1_constant,nominal_gdp,1,61,10.100219866779002,4.012468337238543,0.9688913355445131,0.9816338524212296
abm_all_available_common_cells,univariate_ar_p1_constant,beforeit_var_p1_constant,nominal_gdp,2,60,8.418205641591438,3.790737360269346,0.9656457669357654,0.9104145019336599
abm_all_available_common_cells,univariate_ar_p1_constant,beforeit_var_p1_constant,nominal_gdp,4,58,8.497505757828987,3.7767276860574563,1.1505539835348664,1.0014173099404005
abm_all_available_common_cells,univariate_ar_p1_constant,beforeit_var_p1_constant,nominal_gdp,8,54,8.124923376616069,3.8426207447456315,0.9297482059976784,0.8756128515977255
abm_all_available_common_cells,univariate_ar_p1_constant,beforeit_var_p1_constant,nominal_gdp,12,50,7.93245602336929,3.9526654810563557,1.0241356501574108,1.0013836722207081
abm_all_available_common_cells,univariate_ar_p1_constant,beforeit_var_p1_constant,unemployment_rate,1,61,1.323078696356275,0.5032006918921575,0.6291606916825506,0.8516435535846824
abm_all_available_common_cells,univariate_ar_p1_constant,beforeit_var_p1_constant,unemployment_rate,2,60,1.6594531969584303,0.8598785083770063,0.5016151290908086,0.9141154049128256
abm_all_available_common_cells,univariate_ar_p1_constant,beforeit_var_p1_constant,unemployment_rate,4,58,1.9849315172703754,1.3859234406369667,0.47628060403618255,0.9719774053384469
abm_all_available_common_cells,univariate_ar_p1_constant,beforeit_var_p1_constant,unemployment_rate,8,54,2.510435978491332,2.089230419463346,1.1198353618500678,1.4116818026757816
abm_all_available_common_cells,univariate_ar_p1_constant,beforeit_var_p1_constant,unemployment_rate,12,50,2.9408328439303117,2.500153734626356,0.754405285597874,1.2055986735114606
abm_all_available_common_cells,univariate_ar_p1_constant,beforeit_var_p1_constant,effective_federal_funds_rate,1,61,0.3955055967220294,0.2127611173610828,0.5958245581208887,0.5703167152196539
abm_all_available_common_cells,univariate_ar_p1_constant,beforeit_var_p1_constant,effective_federal_funds_rate,2,60,0.7303930864684315,0.4062301762921632,0.5866148091642283,0.5991575202980511
abm_all_available_common_cells,univariate_ar_p1_constant,beforeit_var_p1_constant,effective_federal_funds_rate,4,58,1.272752060332156,0.7508102923358237,0.6141584016392666,0.6308412554132283
abm_all_available_common_cells,univariate_ar_p1_constant,beforeit_var_p1_constant,effective_federal_funds_rate,8,54,1.9724047203491208,1.3125477477044727,0.828972385974114,0.7540125525476228
abm_all_available_common_cells,univariate_ar_p1_constant,beforeit_var_p1_constant,effective_federal_funds_rate,12,50,2.278897188904244,1.604173486908887,0.8476729248382397,0.7657719169301954
abm_all_available_common_cells,univariate_ar_p4_constant,beforeit_var_p1_constant,real_gdp,1,61,9.794935041741821,3.7200651669089164,1.0777218262775834,1.0209327533370833
abm_all_available_common_cells,univariate_ar_p4_constant,beforeit_var_p1_constant,real_gdp,2,60,7.5467984052729875,3.1393851866985987,1.026774696916041,0.9062846226029504
abm_all_available_common_cells,univariate_ar_p4_constant,beforeit_var_p1_constant,real_gdp,4,58,6.266629012505121,2.70304865215183,0.9864997368943289,0.9219077306190324
abm_all_available_common_cells,univariate_ar_p4_constant,beforeit_var_p1_constant,real_gdp,8,54,6.74019848069036,2.962774491990535,0.8578475170855361,0.862379004015231
abm_all_available_common_cells,univariate_ar_p4_constant,beforeit_var_p1_constant,real_gdp,12,50,6.912774752212147,3.0948652110683974,1.0271539440831043,1.05493542591779
abm_all_available_common_cells,univariate_ar_p4_constant,beforeit_var_p1_constant,gdp_deflator,1,61,1.4425176428424884,1.1100312737621667,0.8014493602149292,0.9347786388814283
abm_all_available_common_cells,univariate_ar_p4_constant,beforeit_var_p1_constant,gdp_deflator,2,60,1.6218031413109086,1.131741823381153,0.7587629661847793,0.7953385649873486
abm_all_available_common_cells,univariate_ar_p4_constant,beforeit_var_p1_constant,gdp_deflator,4,58,2.0854006411637176,1.3549476503923652,0.8840506241688312,0.873470517888849
abm_all_available_common_cells,univariate_ar_p4_constant,beforeit_var_p1_constant,gdp_deflator,8,54,2.284566138517861,1.4961486867029836,1.0925373109511287,0.9930045121938823
abm_all_available_common_cells,univariate_ar_p4_constant,beforeit_var_p1_constant,gdp_deflator,12,50,2.3173729950334097,1.485963944969872,0.979661664953014,0.9049243029162942
abm_all_available_common_cells,univariate_ar_p4_constant,beforeit_var_p1_constant,nominal_gdp,1,61,11.569814886757213,4.793608825639679,1.109866274743568,1.1727366555997663
abm_all_available_common_cells,univariate_ar_p4_constant,beforeit_var_p1_constant,nominal_gdp,2,60,8.648541135226205,3.7529521847084415,0.9920673707636121,0.9013397049959179
abm_all_available_common_cells,univariate_ar_p4_constant,beforeit_var_p1_constant,nominal_gdp,4,58,7.838662797871424,3.6276900506406156,1.0613472899819165,0.9618992720130188
abm_all_available_common_cells,univariate_ar_p4_constant,beforeit_var_p1_constant,nominal_gdp,8,54,7.296483441290225,3.4330336374842454,0.8349484758411053,0.7822807850758845
abm_all_available_common_cells,univariate_ar_p4_constant,beforeit_var_p1_constant,nominal_gdp,12,50,7.54843472177939,3.638053186112753,0.9745558095356134,0.921678567716845
abm_all_available_common_cells,univariate_ar_p4_constant,beforeit_var_p1_constant,unemployment_rate,1,61,3.0062752821639993,0.9772007845691556,1.4295674483486185,1.6538664635114857
abm_all_available_common_cells,univariate_ar_p4_constant,beforeit_var_p1_constant,unemployment_rate,2,60,3.748610745017729,1.214540089154608,1.1331201544097325,1.2911472894885438
abm_all_available_common_cells,univariate_ar_p4_constant,beforeit_var_p1_constant,unemployment_rate,4,58,5.74250756170456,2.0772827288114817,1.3779039459921287,1.4568422884720043
abm_all_available_common_cells,univariate_ar_p4_constant,beforeit_var_p1_constant,unemployment_rate,8,54,2.811584516457303,1.8735175583761654,1.2541693121571404,1.2659257779869768
abm_all_available_common_cells,univariate_ar_p4_constant,beforeit_var_p1_constant,unemployment_rate,12,50,6.545687230778066,2.9246715196892707,1.6791505355230931,1.4103053167332869
abm_all_available_common_cells,univariate_ar_p4_constant,beforeit_var_p1_constant,effective_federal_funds_rate,1,61,0.2811942759455555,0.19348363377275624,0.42361588963590985,0.5186424654593628
abm_all_available_common_cells,univariate_ar_p4_constant,beforeit_var_p1_constant,effective_federal_funds_rate,2,60,0.573466837057894,0.4127599999197031,0.460579577511198,0.608788495939424
abm_all_available_common_cells,univariate_ar_p4_constant,beforeit_var_p1_constant,effective_federal_funds_rate,4,58,1.1273407723950837,0.8184270291759668,0.5439911106458951,0.6876537786172958
abm_all_available_common_cells,univariate_ar_p4_constant,beforeit_var_p1_constant,effective_federal_funds_rate,8,54,1.9929020262872241,1.6405812973085647,0.8375870989862302,0.9424562983014945
abm_all_available_common_cells,univariate_ar_p4_constant,beforeit_var_p1_constant,effective_federal_funds_rate,12,50,2.41479468447564,2.084102698565539,0.8982222116204954,0.9948720207533087
abm_all_available_common_cells,univariate_ar_bic_p1-2-3-4-5-6-7-8_constant,beforeit_var_p1_constant,real_gdp,1,61,9.04664670024397,3.297864119656172,0.9953887965489984,0.9050641170917393
abm_all_available_common_cells,univariate_ar_bic_p1-2-3-4-5-6-7-8_constant,beforeit_var_p1_constant,real_gdp,2,60,7.371783480774824,3.0576247452102137,1.0029631563915415,0.8826818384743568
abm_all_available_common_cells,univariate_ar_bic_p1-2-3-4-5-6-7-8_constant,beforeit_var_p1_constant,real_gdp,4,58,7.186585500067501,3.044728562147678,1.1313203144526174,1.0384418337590648
abm_all_available_common_cells,univariate_ar_bic_p1-2-3-4-5-6-7-8_constant,beforeit_var_p1_constant,real_gdp,8,54,6.714934650945641,2.9682740461143,0.8546321053019413,0.8639797670907204
abm_all_available_common_cells,univariate_ar_bic_p1-2-3-4-5-6-7-8_constant,beforeit_var_p1_constant,real_gdp,12,50,6.865110779820829,3.069025939172327,1.0200716596188604,1.0461276874723162
abm_all_available_common_cells,univariate_ar_bic_p1-2-3-4-5-6-7-8_constant,beforeit_var_p1_constant,gdp_deflator,1,61,1.4118689406438747,1.0706512096410743,0.7844212268743244,0.9016159311196781
abm_all_available_common_cells,univariate_ar_bic_p1-2-3-4-5-6-7-8_constant,beforeit_var_p1_constant,gdp_deflator,2,60,1.62497941857077,1.111064112577368,0.7602489921356044,0.7808071758505816
abm_all_available_common_cells,univariate_ar_bic_p1-2-3-4-5-6-7-8_constant,beforeit_var_p1_constant,gdp_deflator,4,58,2.063115478006406,1.3180719041979259,0.874603416754561,0.8496984724399586
abm_all_available_common_cells,univariate_ar_bic_p1-2-3-4-5-6-7-8_constant,beforeit_var_p1_constant,gdp_deflator,8,54,2.1859402062536315,1.438844088504014,1.0453718955975093,0.9549710432701276
abm_all_available_common_cells,univariate_ar_bic_p1-2-3-4-5-6-7-8_constant,beforeit_var_p1_constant,gdp_deflator,12,50,2.2288422933142864,1.465265298139257,0.9422356075891392,0.8923192133931533
abm_all_available_common_cells,univariate_ar_bic_p1-2-3-4-5-6-7-8_constant,beforeit_var_p1_constant,nominal_gdp,1,61,10.100219866779002,4.012468337238543,0.9688913355445131,0.9816338524212296
abm_all_available_common_cells,univariate_ar_bic_p1-2-3-4-5-6-7-8_constant,beforeit_var_p1_constant,nominal_gdp,2,60,8.418205641591438,3.790737360269346,0.9656457669357654,0.9104145019336599
abm_all_available_common_cells,univariate_ar_bic_p1-2-3-4-5-6-7-8_constant,beforeit_var_p1_constant,nominal_gdp,4,58,8.497505757828987,3.7767276860574563,1.1505539835348664,1.0014173099404005
abm_all_available_common_cells,univariate_ar_bic_p1-2-3-4-5-6-7-8_constant,beforeit_var_p1_constant,nominal_gdp,8,54,8.124923376616069,3.8426207447456315,0.9297482059976784,0.8756128515977255
abm_all_available_common_cells,univariate_ar_bic_p1-2-3-4-5-6-7-8_constant,beforeit_var_p1_constant,nominal_gdp,12,50,7.93245602336929,3.9526654810563557,1.0241356501574108,1.0013836722207081
abm_all_available_common_cells,univariate_ar_bic_p1-2-3-4-5-6-7-8_constant,beforeit_var_p1_constant,unemployment_rate,1,61,2.626804951966387,0.7953247232750854,1.249118759939047,1.346049766022399
abm_all_available_common_cells,univariate_ar_bic_p1-2-3-4-5-6-7-8_constant,beforeit_var_p1_constant,unemployment_rate,2,60,3.407464178582979,1.0874197110780723,1.029999271413633,1.1560087847509004
abm_all_available_common_cells,univariate_ar_bic_p1-2-3-4-5-6-7-8_constant,beforeit_var_p1_constant,unemployment_rate,4,58,4.84118280476339,1.6759283857272718,1.1616327568182852,1.1753640036159412
abm_all_available_common_cells,univariate_ar_bic_p1-2-3-4-5-6-7-8_constant,beforeit_var_p1_constant,unemployment_rate,8,54,3.516064155871964,2.1010563322185742,1.5684179999065961,1.4196725085744997
abm_all_available_common_cells,univariate_ar_bic_p1-2-3-4-5-6-7-8_constant,beforeit_var_p1_constant,unemployment_rate,12,50,8.220870563658599,3.394166260524412,2.108881576945209,1.6367002895432465
abm_all_available_common_cells,univariate_ar_bic_p1-2-3-4-5-6-7-8_constant,beforeit_var_p1_constant,effective_federal_funds_rate,1,61,0.2719990958553592,0.18745005327739225,0.40976345831890426,0.5024691540394502
abm_all_available_common_cells,univariate_ar_bic_p1-2-3-4-5-6-7-8_constant,beforeit_var_p1_constant,effective_federal_funds_rate,2,60,0.5632437794167708,0.40526678929401044,0.452368934340657,0.597736600340383
abm_all_available_common_cells,univariate_ar_bic_p1-2-3-4-5-6-7-8_constant,beforeit_var_p1_constant,effective_federal_funds_rate,4,58,1.1345686015825067,0.8537256738864881,0.5474788535923971,0.717312191096291
abm_all_available_common_cells,univariate_ar_bic_p1-2-3-4-5-6-7-8_constant,beforeit_var_p1_constant,effective_federal_funds_rate,8,54,1.9777121333718266,1.6543369887708623,0.8312030127777265,0.9503584596130995
abm_all_available_common_cells,univariate_ar_bic_p1-2-3-4-5-6-7-8_constant,beforeit_var_p1_constant,effective_federal_funds_rate,12,50,2.2859058320747043,1.9444602834284053,0.8502799038122707,0.9282119987563248
abm_all_available_common_cells,beforeit_var_p1_constant,beforeit_var_p1_constant,real_gdp,1,61,9.088555880484682,3.6437905971272677,1.0,1.0
abm_all_available_common_cells,beforeit_var_p1_constant,beforeit_var_p1_constant,real_gdp,2,60,7.350004268648322,3.4640168313591535,1.0,1.0
abm_all_available_common_cells,beforeit_var_p1_constant,beforeit_var_p1_constant,real_gdp,4,58,6.352387920785006,2.9320164723391753,1.0,1.0
abm_all_available_common_cells,beforeit_var_p1_constant,beforeit_var_p1_constant,real_gdp,8,54,7.857105542007758,3.4355828217012196,1.0,1.0
abm_all_available_common_cells,beforeit_var_p1_constant,beforeit_var_p1_constant,real_gdp,12,50,6.730027949591218,2.9337010920605646,1.0,1.0
abm_all_available_common_cells,beforeit_var_p1_constant,beforeit_var_p1_constant,gdp_deflator,1,61,1.799886199242383,1.1874803590831393,1.0,1.0
abm_all_available_common_cells,beforeit_var_p1_constant,beforeit_var_p1_constant,gdp_deflator,2,60,2.137430546282033,1.4229686239333252,1.0,1.0
abm_all_available_common_cells,beforeit_var_p1_constant,beforeit_var_p1_constant,gdp_deflator,4,58,2.3589154106693546,1.551223106725149,1.0,1.0
abm_all_available_common_cells,beforeit_var_p1_constant,beforeit_var_p1_constant,gdp_deflator,8,54,2.091064639732065,1.506688709195778,1.0,1.0
abm_all_available_common_cells,beforeit_var_p1_constant,beforeit_var_p1_constant,gdp_deflator,12,50,2.3654829804374904,1.6420864598078146,1.0,1.0
abm_all_available_common_cells,beforeit_var_p1_constant,beforeit_var_p1_constant,nominal_gdp,1,61,10.42451252916068,4.08754071321162,1.0,1.0
abm_all_available_common_cells,beforeit_var_p1_constant,beforeit_var_p1_constant,nominal_gdp,2,60,8.717695380475288,4.163748877262029,1.0,1.0
abm_all_available_common_cells,beforeit_var_p1_constant,beforeit_var_p1_constant,nominal_gdp,4,58,7.3855776255903764,3.77138246819623,1.0,1.0
abm_all_available_common_cells,beforeit_var_p1_constant,beforeit_var_p1_constant,nominal_gdp,8,54,8.738842757859924,4.3884928570132615,1.0,1.0
abm_all_available_common_cells,beforeit_var_p1_constant,beforeit_var_p1_constant,nominal_gdp,12,50,7.7455130305736954,3.947203844746907,1.0,1.0
abm_all_available_common_cells,beforeit_var_p1_constant,beforeit_var_p1_constant,unemployment_rate,1,61,2.10292650804041,0.5908583347741178,1.0,1.0
abm_all_available_common_cells,beforeit_var_p1_constant,beforeit_var_p1_constant,unemployment_rate,2,60,3.3082199892300603,0.9406673421710997,1.0,1.0
abm_all_available_common_cells,beforeit_var_p1_constant,beforeit_var_p1_constant,unemployment_rate,4,58,4.167567397137974,1.4258803065019623,1.0,1.0
abm_all_available_common_cells,beforeit_var_p1_constant,beforeit_var_p1_constant,unemployment_rate,8,54,2.2417902345429317,1.4799584548751004,1.0,1.0
abm_all_available_common_cells,beforeit_var_p1_constant,beforeit_var_p1_constant,unemployment_rate,12,50,3.8982134670486452,2.0737860695751578,1.0,1.0
abm_all_available_common_cells,beforeit_var_p1_constant,beforeit_var_p1_constant,effective_federal_funds_rate,1,61,0.6637953930085977,0.37305783204888043,1.0,1.0
abm_all_available_common_cells,beforeit_var_p1_constant,beforeit_var_p1_constant,effective_federal_funds_rate,2,60,1.2450982741282128,0.6780022991117325,1.0,1.0
abm_all_available_common_cells,beforeit_var_p1_constant,beforeit_var_p1_constant,effective_federal_funds_rate,4,58,2.07235146003868,1.1901730996397986,1.0,1.0
abm_all_available_common_cells,beforeit_var_p1_constant,beforeit_var_p1_constant,effective_federal_funds_rate,8,54,2.3793370608254643,1.7407505263270446,1.0,1.0
abm_all_available_common_cells,beforeit_var_p1_constant,beforeit_var_p1_constant,effective_federal_funds_rate,12,50,2.688415687382162,2.0948450203549536,1.0,1.0
abm_all_available_common_cells,beforeit_var_p2_constant,beforeit_var_p1_constant,real_gdp,1,61,9.579899667710045,4.351361306544352,1.054061810664596,1.1941853381955942
abm_all_available_common_cells,beforeit_var_p2_constant,beforeit_var_p1_constant,real_gdp,2,60,9.537087196899904,4.292819681375678,1.2975621303487748,1.2392606301775193
abm_all_available_common_cells,beforeit_var_p2_constant,beforeit_var_p1_constant,real_gdp,4,58,12.137043338803299,4.383575052978435,1.9106269154455928,1.4950717686388715
abm_all_available_common_cells,beforeit_var_p2_constant,beforeit_var_p1_constant,real_gdp,8,54,26.680830919219506,6.893372912745296,3.395758244123274,2.0064639016130195
abm_all_available_common_cells,beforeit_var_p2_constant,beforeit_var_p1_constant,real_gdp,12,50,66.75191609607441,13.400934041514104,9.918519892644566,4.567927549872367
abm_all_available_common_cells,beforeit_var_p2_constant,beforeit_var_p1_constant,gdp_deflator,1,61,1.6207892282435767,1.1607176047020824,0.9004953918341101,0.9774625709163556
abm_all_available_common_cells,beforeit_var_p2_constant,beforeit_var_p1_constant,gdp_deflator,2,60,2.397452146138949,1.465234733172361,1.1216514849145447,1.0297027696381702
abm_all_available_common_cells,beforeit_var_p2_constant,beforeit_var_p1_constant,gdp_deflator,4,58,3.11337782955845,1.7848344277176087,1.3198344525101104,1.1505981441223154
abm_all_available_common_cells,beforeit_var_p2_constant,beforeit_var_p1_constant,gdp_deflator,8,54,5.531162235575966,2.509761008367439,2.6451416806917516,1.665746210912451
abm_all_available_common_cells,beforeit_var_p2_constant,beforeit_var_p1_constant,gdp_deflator,12,50,11.97461078484844,3.886064244533435,5.062226565939513,2.3665405809315603
abm_all_available_common_cells,beforeit_var_p2_constant,beforeit_var_p1_constant,nominal_gdp,1,61,10.457905828119568,4.933546257448792,1.003203343932436,1.2069717719270023
abm_all_available_common_cells,beforeit_var_p2_constant,beforeit_var_p1_constant,nominal_gdp,2,60,10.794834449598921,5.032911675701328,1.2382669935652637,1.2087452495480075
abm_all_available_common_cells,beforeit_var_p2_constant,beforeit_var_p1_constant,nominal_gdp,4,58,13.538893378720267,5.51016347398623,1.8331529455203603,1.461046054186496
abm_all_available_common_cells,beforeit_var_p2_constant,beforeit_var_p1_constant,nominal_gdp,8,54,30.540379227328916,8.931757764376654,3.494785302076773,2.0352677001861332
abm_all_available_common_cells,beforeit_var_p2_constant,beforeit_var_p1_constant,nominal_gdp,12,50,76.60985905261835,16.57298757684322,9.890869558958576,4.198665239673193
abm_all_available_common_cells,beforeit_var_p2_constant,beforeit_var_p1_constant,unemployment_rate,1,61,2.065844565402677,0.746682188018338,0.9823665056786567,1.2637245581105172
abm_all_available_common_cells,beforeit_var_p2_constant,beforeit_var_p1_constant,unemployment_rate,2,60,2.6168584797791943,0.9516968168075949,0.7910170690880294,1.011725159513924
abm_all_available_common_cells,beforeit_var_p2_constant,beforeit_var_p1_constant,unemployment_rate,4,58,2.886434601409644,1.3811294793792026,0.6925945824875843,0.9686152989709602
abm_all_available_common_cells,beforeit_var_p2_constant,beforeit_var_p1_constant,unemployment_rate,8,54,3.4158440095062064,1.917310838493731,1.5237125922277233,1.2955166627670913
abm_all_available_common_cells,beforeit_var_p2_constant,beforeit_var_p1_constant,unemployment_rate,12,50,7.6584258019045395,3.0192931834701295,1.96459887757321,1.4559328118587813
abm_all_available_common_cells,beforeit_var_p2_constant,beforeit_var_p1_constant,effective_federal_funds_rate,1,61,0.35471846452938766,0.27865700077572064,0.5343792202619178,0.7469538951784002
abm_all_available_common_cells,beforeit_var_p2_constant,beforeit_var_p1_constant,effective_federal_funds_rate,2,60,0.7463634182013058,0.5487849601785013,0.5994413723879676,0.8094146006547146
abm_all_available_common_cells,beforeit_var_p2_constant,beforeit_var_p1_constant,effective_federal_funds_rate,4,58,1.2902508573613536,0.9305254493797221,0.6226023347107693,0.7818404311619396
abm_all_available_common_cells,beforeit_var_p2_constant,beforeit_var_p1_constant,effective_federal_funds_rate,8,54,2.0709164308644583,1.514360467310289,0.8703753936174115,0.869946867404122
abm_all_available_common_cells,beforeit_var_p2_constant,beforeit_var_p1_constant,effective_federal_funds_rate,12,50,2.826640894484204,2.0182442466347674,1.0514151169965231,0.963433679830307
abm_all_available_common_cells,beforeit_var_p3_constant,beforeit_var_p1_constant,real_gdp,1,61,8.661769435395632,4.597492860019241,0.9530413356421713,1.2617335539654402
abm_all_available_common_cells,beforeit_var_p3_constant,beforeit_var_p1_constant,real_gdp,2,60,10.508705808497607,5.444281864381704,1.4297550619559267,1.5716672664796398
abm_all_available_common_cells,beforeit_var_p3_constant,beforeit_var_p1_constant,real_gdp,4,58,13.411813278944637,5.400079943553273,2.1113026229177847,1.8417631669187267
abm_all_available_common_cells,beforeit_var_p3_constant,beforeit_var_p1_constant,real_gdp,8,54,27.122147996133204,8.536661007015667,3.4519261388466185,2.484778114820272
abm_all_available_common_cells,beforeit_var_p3_constant,beforeit_var_p1_constant,real_gdp,12,50,278.12664143325566,45.71023818162209,41.32622383093507,15.58108230771263
abm_all_available_common_cells,beforeit_var_p3_constant,beforeit_var_p1_constant,gdp_deflator,1,61,1.9793534507810182,1.3366047986767837,1.0997103325833475,1.1255805525143878
abm_all_available_common_cells,beforeit_var_p3_constant,beforeit_var_p1_constant,gdp_deflator,2,60,3.916394603289584,2.0037271957282714,1.8322909299214334,1.4081316776961894
abm_all_available_common_cells,beforeit_var_p3_constant,beforeit_var_p1_constant,gdp_deflator,4,58,4.583305839436251,2.364514937978538,1.9429716804197377,1.5242906888941097
abm_all_available_common_cells,beforeit_var_p3_constant,beforeit_var_p1_constant,gdp_deflator,8,54,19.273909256703764,5.485888936466707,9.217270901378445,3.641023459580379
abm_all_available_common_cells,beforeit_var_p3_constant,beforeit_var_p1_constant,gdp_deflator,12,50,55.59187896452723,12.034442144502725,23.501280467571004,7.32875061031269
abm_all_available_common_cells,beforeit_var_p3_constant,beforeit_var_p1_constant,nominal_gdp,1,61,9.139986353970475,5.120788625107634,0.8767782981125519,1.2527798459734927
abm_all_available_common_cells,beforeit_var_p3_constant,beforeit_var_p1_constant,nominal_gdp,2,60,13.626435993907993,6.837831428233885,1.5630777859509335,1.6422295459687428
abm_all_available_common_cells,beforeit_var_p3_constant,beforeit_var_p1_constant,nominal_gdp,4,58,16.256190801066698,6.956768124250894,2.2010723636212863,1.8446201579703916
abm_all_available_common_cells,beforeit_var_p3_constant,beforeit_var_p1_constant,nominal_gdp,8,54,45.905794320034,13.500074876223675,5.253074759669435,3.076244012713652
abm_all_available_common_cells,beforeit_var_p3_constant,beforeit_var_p1_constant,nominal_gdp,12,50,331.30680602976605,53.02940850376831,42.77402990892997,13.434676948428168
abm_all_available_common_cells,beforeit_var_p3_constant,beforeit_var_p1_constant,unemployment_rate,1,61,1.7314807412474964,0.6921116182936955,0.8233672145114376,1.1713664300907025
abm_all_available_common_cells,beforeit_var_p3_constant,beforeit_var_p1_constant,unemployment_rate,2,60,3.374841152110994,1.3224984141923017,1.0201380691422637,1.4059150933633136
abm_all_available_common_cells,beforeit_var_p3_constant,beforeit_var_p1_constant,unemployment_rate,4,58,3.071265011065615,1.816030143312018,0.7369442934923545,1.2736203277589198
abm_all_available_common_cells,beforeit_var_p3_constant,beforeit_var_p1_constant,unemployment_rate,8,54,17.982432620062507,5.220929364860164,8.021460858816196,3.5277540039465363
abm_all_available_common_cells,beforeit_var_p3_constant,beforeit_var_p1_constant,unemployment_rate,12,50,68.56526663667157,15.527040432950033,17.58889481457326,7.487291317436108
abm_all_available_common_cells,beforeit_var_p3_constant,beforeit_var_p1_constant,effective_federal_funds_rate,1,61,0.4371604406258969,0.31797772044869566,0.6585770935295338,0.8523550322005629
abm_all_available_common_cells,beforeit_var_p3_constant,beforeit_var_p1_constant,effective_federal_funds_rate,2,60,0.8580013089509686,0.5943512862462322,0.6891032834751297,0.8766213433566619
abm_all_available_common_cells,beforeit_var_p3_constant,beforeit_var_p1_constant,effective_federal_funds_rate,4,58,1.6252783099310713,1.1506286318899819,0.7842676984437456,0.9667741879212489
abm_all_available_common_cells,beforeit_var_p3_constant,beforeit_var_p1_constant,effective_federal_funds_rate,8,54,3.4687341506882516,2.3698916590371675,1.4578574039799315,1.361419470047555
abm_all_available_common_cells,beforeit_var_p3_constant,beforeit_var_p1_constant,effective_federal_funds_rate,12,50,4.877518164959629,3.0730825405738034,1.8142723195121289,1.466973695291834
abm_all_available_common_cells,bvar_mniw_v1_p1_constant_tight3fc999999999999a_decay3ff0000000000000_own0000000000000000_ivar4059000000000000_iwoff2_iscale3ff0000000000000_floor3e45798ee2308c3a_diffmse_scale,beforeit_var_p1_constant,real_gdp,1,61,7.917596768941776,3.2298486337724372,0.8711611473878663,0.8863979824523455
abm_all_available_common_cells,bvar_mniw_v1_p1_constant_tight3fc999999999999a_decay3ff0000000000000_own0000000000000000_ivar4059000000000000_iwoff2_iscale3ff0000000000000_floor3e45798ee2308c3a_diffmse_scale,beforeit_var_p1_constant,real_gdp,2,60,6.443099216543576,2.946619570627845,0.8766116291968458,0.8506366204553629
abm_all_available_common_cells,bvar_mniw_v1_p1_constant_tight3fc999999999999a_decay3ff0000000000000_own0000000000000000_ivar4059000000000000_iwoff2_iscale3ff0000000000000_floor3e45798ee2308c3a_diffmse_scale,beforeit_var_p1_constant,real_gdp,4,58,6.2002800535315865,2.701142591785878,0.9760550096829379,0.9212576454698069
abm_all_available_common_cells,bvar_mniw_v1_p1_constant_tight3fc999999999999a_decay3ff0000000000000_own0000000000000000_ivar4059000000000000_iwoff2_iscale3ff0000000000000_floor3e45798ee2308c3a_diffmse_scale,beforeit_var_p1_constant,real_gdp,8,54,6.4590412267624915,2.8191708629123857,0.8220636966411408,0.8205800905467325
abm_all_available_common_cells,bvar_mniw_v1_p1_constant_tight3fc999999999999a_decay3ff0000000000000_own0000000000000000_ivar4059000000000000_iwoff2_iscale3ff0000000000000_floor3e45798ee2308c3a_diffmse_scale,beforeit_var_p1_constant,real_gdp,12,50,6.647200801353926,2.77910671402347,0.9876928968411903,0.9473039777448796
abm_all_available_common_cells,bvar_mniw_v1_p1_constant_tight3fc999999999999a_decay3ff0000000000000_own0000000000000000_ivar4059000000000000_iwoff2_iscale3ff0000000000000_floor3e45798ee2308c3a_diffmse_scale,beforeit_var_p1_constant,gdp_deflator,1,61,1.6882412140842218,1.1709539495654642,0.9379710866136118,0.9860827933773698
abm_all_available_common_cells,bvar_mniw_v1_p1_constant_tight3fc999999999999a_decay3ff0000000000000_own0000000000000000_ivar4059000000000000_iwoff2_iscale3ff0000000000000_floor3e45798ee2308c3a_diffmse_scale,beforeit_var_p1_constant,gdp_deflator,2,60,1.9046196499835988,1.2803327265754483,0.8910790824509368,0.8997617410820997
abm_all_available_common_cells,bvar_mniw_v1_p1_constant_tight3fc999999999999a_decay3ff0000000000000_own0000000000000000_ivar4059000000000000_iwoff2_iscale3ff0000000000000_floor3e45798ee2308c3a_diffmse_scale,beforeit_var_p1_constant,gdp_deflator,4,58,2.053605103105653,1.3083897746536308,0.8705717440384739,0.8434568625114323
abm_all_available_common_cells,bvar_mniw_v1_p1_constant_tight3fc999999999999a_decay3ff0000000000000_own0000000000000000_ivar4059000000000000_iwoff2_iscale3ff0000000000000_floor3e45798ee2308c3a_diffmse_scale,beforeit_var_p1_constant,gdp_deflator,8,54,2.0762519110301776,1.3556123458219378,0.9929161784765366,0.8997295443632283
abm_all_available_common_cells,bvar_mniw_v1_p1_constant_tight3fc999999999999a_decay3ff0000000000000_own0000000000000000_ivar4059000000000000_iwoff2_iscale3ff0000000000000_floor3e45798ee2308c3a_diffmse_scale,beforeit_var_p1_constant,gdp_deflator,12,50,2.150312237765924,1.4179676308770082,0.9090372898680626,0.863515816970419
abm_all_available_common_cells,bvar_mniw_v1_p1_constant_tight3fc999999999999a_decay3ff0000000000000_own0000000000000000_ivar4059000000000000_iwoff2_iscale3ff0000000000000_floor3e45798ee2308c3a_diffmse_scale,beforeit_var_p1_constant,nominal_gdp,1,61,9.063089198084453,3.637768245691122,0.8694017272013543,0.8899650183136384
abm_all_available_common_cells,bvar_mniw_v1_p1_constant_tight3fc999999999999a_decay3ff0000000000000_own0000000000000000_ivar4059000000000000_iwoff2_iscale3ff0000000000000_floor3e45798ee2308c3a_diffmse_scale,beforeit_var_p1_constant,nominal_gdp,2,60,7.399908240542424,3.5308129311710332,0.8488376706894044,0.8479889242246526
abm_all_available_common_cells,bvar_mniw_v1_p1_constant_tight3fc999999999999a_decay3ff0000000000000_own0000000000000000_ivar4059000000000000_iwoff2_iscale3ff0000000000000_floor3e45798ee2308c3a_diffmse_scale,beforeit_var_p1_constant,nominal_gdp,4,58,7.046729632397791,3.4149525107455823,0.9541203125374369,0.9054909014250363
abm_all_available_common_cells,bvar_mniw_v1_p1_constant_tight3fc999999999999a_decay3ff0000000000000_own0000000000000000_ivar4059000000000000_iwoff2_iscale3ff0000000000000_floor3e45798ee2308c3a_diffmse_scale,beforeit_var_p1_constant,nominal_gdp,8,54,7.304446919352732,3.5378184265787107,0.8358597495970433,0.8061579548716626
abm_all_available_common_cells,bvar_mniw_v1_p1_constant_tight3fc999999999999a_decay3ff0000000000000_own0000000000000000_ivar4059000000000000_iwoff2_iscale3ff0000000000000_floor3e45798ee2308c3a_diffmse_scale,beforeit_var_p1_constant,nominal_gdp,12,50,7.573625493837048,3.658408586759395,0.9778081147035504,0.9268354842195818
abm_all_available_common_cells,bvar_mniw_v1_p1_constant_tight3fc999999999999a_decay3ff0000000000000_own0000000000000000_ivar4059000000000000_iwoff2_iscale3ff0000000000000_floor3e45798ee2308c3a_diffmse_scale,beforeit_var_p1_constant,unemployment_rate,1,61,1.6751753324600938,0.5152091602338944,0.7965924277691894,0.8719673226423325
abm_all_available_common_cells,bvar_mniw_v1_p1_constant_tight3fc999999999999a_decay3ff0000000000000_own0000000000000000_ivar4059000000000000_iwoff2_iscale3ff0000000000000_floor3e45798ee2308c3a_diffmse_scale,beforeit_var_p1_constant,unemployment_rate,2,60,2.1911312221008035,0.8425425372446995,0.6623293581545516,0.8956859661993537
abm_all_available_common_cells,bvar_mniw_v1_p1_constant_tight3fc999999999999a_decay3ff0000000000000_own0000000000000000_ivar4059000000000000_iwoff2_iscale3ff0000000000000_floor3e45798ee2308c3a_diffmse_scale,beforeit_var_p1_constant,unemployment_rate,4,58,2.232531355617768,1.2462320414490058,0.5356917220225236,0.8740088742135178
abm_all_available_common_cells,bvar_mniw_v1_p1_constant_tight3fc999999999999a_decay3ff0000000000000_own0000000000000000_ivar4059000000000000_iwoff2_iscale3ff0000000000000_floor3e45798ee2308c3a_diffmse_scale,beforeit_var_p1_constant,unemployment_rate,8,54,2.1266764909301834,1.6508297995043495,0.9486509746366978,1.1154568522287807
abm_all_available_common_cells,bvar_mniw_v1_p1_constant_tight3fc999999999999a_decay3ff0000000000000_own0000000000000000_ivar4059000000000000_iwoff2_iscale3ff0000000000000_floor3e45798ee2308c3a_diffmse_scale,beforeit_var_p1_constant,unemployment_rate,12,50,2.2056328046103735,1.9019902115470695,0.5658060604567835,0.9171583508306221
abm_all_available_common_cells,bvar_mniw_v1_p1_constant_tight3fc999999999999a_decay3ff0000000000000_own0000000000000000_ivar4059000000000000_iwoff2_iscale3ff0000000000000_floor3e45798ee2308c3a_diffmse_scale,beforeit_var_p1_constant,effective_federal_funds_rate,1,61,0.48409907441142674,0.3181303432563743,0.729289596628997,0.8527641451974417
abm_all_available_common_cells,bvar_mniw_v1_p1_constant_tight3fc999999999999a_decay3ff0000000000000_own0000000000000000_ivar4059000000000000_iwoff2_iscale3ff0000000000000_floor3e45798ee2308c3a_diffmse_scale,beforeit_var_p1_constant,effective_federal_funds_rate,2,60,0.8598746297527218,0.5724830392229656,0.6906078400556653,0.844367401073698
abm_all_available_common_cells,bvar_mniw_v1_p1_constant_tight3fc999999999999a_decay3ff0000000000000_own0000000000000000_ivar4059000000000000_iwoff2_iscale3ff0000000000000_floor3e45798ee2308c3a_diffmse_scale,beforeit_var_p1_constant,effective_federal_funds_rate,4,58,1.3649329902445977,0.9800910566993205,0.6586397223466726,0.823486144154948
abm_all_available_common_cells,bvar_mniw_v1_p1_constant_tight3fc999999999999a_decay3ff0000000000000_own0000000000000000_ivar4059000000000000_iwoff2_iscale3ff0000000000000_floor3e45798ee2308c3a_diffmse_scale,beforeit_var_p1_constant,effective_federal_funds_rate,8,54,1.96702446856709,1.586477922683514,0.8267111461226386,0.911375811002026
abm_all_available_common_cells,bvar_mniw_v1_p1_constant_tight3fc999999999999a_decay3ff0000000000000_own0000000000000000_ivar4059000000000000_iwoff2_iscale3ff0000000000000_floor3e45798ee2308c3a_diffmse_scale,beforeit_var_p1_constant,effective_federal_funds_rate,12,50,2.2677038299345513,1.7983495294890093,0.8435093726680052,0.8584642357859458
abm_all_available_common_cells,beforeit_abm_us_v3_mean,beforeit_var_p1_constant,real_gdp,1,61,6.076761814235044,2.47826156610176,0.6686168731473957,0.6801328177463325
abm_all_available_common_cells,beforeit_abm_us_v3_mean,beforeit_var_p1_constant,real_gdp,2,60,6.153066241399308,2.530860047425387,0.8371513833870013,0.7306142465919745
abm_all_available_common_cells,beforeit_abm_us_v3_mean,beforeit_var_p1_constant,real_gdp,4,58,6.17022466193439,2.5584452745436677,0.9713236563758051,0.8725889839570135
abm_all_available_common_cells,beforeit_abm_us_v3_mean,beforeit_var_p1_constant,real_gdp,8,54,6.448840884601688,2.656055470953504,0.8207654651096604,0.7731018603819564
abm_all_available_common_cells,beforeit_abm_us_v3_mean,beforeit_var_p1_constant,real_gdp,12,50,6.642015379802569,2.7281710266071526,0.9869224064969901,0.9299417155995765
abm_all_available_common_cells,beforeit_abm_us_v3_mean,beforeit_var_p1_constant,gdp_deflator,1,61,1.4355881122933165,1.093954204101658,0.7975993776148689,0.9212398299760566
abm_all_available_common_cells,beforeit_abm_us_v3_mean,beforeit_var_p1_constant,gdp_deflator,2,60,1.642679063178363,1.1008272759097553,0.7685297966924499,0.7736131755785893
abm_all_available_common_cells,beforeit_abm_us_v3_mean,beforeit_var_p1_constant,gdp_deflator,4,58,1.9533181346851836,1.2523981552720456,0.8280577276532859,0.8073617198212286
abm_all_available_common_cells,beforeit_abm_us_v3_mean,beforeit_var_p1_constant,gdp_deflator,8,54,2.0328757097564347,1.2976604455057412,0.9721725819135433,0.8612664564257542
abm_all_available_common_cells,beforeit_abm_us_v3_mean,beforeit_var_p1_constant,gdp_deflator,12,50,2.102084045190094,1.3893743475888596,0.8886489831354942,0.8461030412195641
abm_all_available_common_cells,beforeit_abm_us_v3_mean,beforeit_var_p1_constant,nominal_gdp,1,61,6.840732933149979,2.8987601255596194,0.6562160977805217,0.7091697255003083
abm_all_available_common_cells,beforeit_abm_us_v3_mean,beforeit_var_p1_constant,nominal_gdp,2,60,6.831299093494678,3.001559718699233,0.783612961379047,0.7208791421333217
abm_all_available_common_cells,beforeit_abm_us_v3_mean,beforeit_var_p1_constant,nominal_gdp,4,58,6.992697598176974,3.2264741351187443,0.946804427855161,0.855514963631333
abm_all_available_common_cells,beforeit_abm_us_v3_mean,beforeit_var_p1_constant,nominal_gdp,8,54,7.312021652755322,3.4529756574852524,0.8367265386688317,0.7868249465114301
abm_all_available_common_cells,beforeit_abm_us_v3_mean,beforeit_var_p1_constant,nominal_gdp,12,50,7.536468294767782,3.5827585000020115,0.9730108599674733,0.9076699965141365
abm_all_available_common_cells,beforeit_abm_us_v3_mean,beforeit_var_p1_constant,unemployment_rate,1,61,2.736092896514646,2.449263750121287,1.301088214948722,4.1452639422572055
abm_all_available_common_cells,beforeit_abm_us_v3_mean,beforeit_var_p1_constant,unemployment_rate,2,60,2.7169598624399898,2.42482380013152,0.8212754506305738,2.5777697294507163
abm_all_available_common_cells,beforeit_abm_us_v3_mean,beforeit_var_p1_constant,unemployment_rate,4,58,2.6746378095125816,2.3798653336054216,0.6417743385144429,1.669049865373217
abm_all_available_common_cells,beforeit_abm_us_v3_mean,beforeit_var_p1_constant,unemployment_rate,8,54,2.525752029325407,2.2290043100299823,1.1266674242786017,1.506126271779769
abm_all_available_common_cells,beforeit_abm_us_v3_mean,beforeit_var_p1_constant,unemployment_rate,12,50,2.3159308387296647,1.9805562130177718,0.5941005689673188,0.9550436479802927
abm_all_available_common_cells,beforeit_abm_us_v3_mean,beforeit_var_p1_constant,effective_federal_funds_rate,1,61,0.37322515272095047,0.21846921293328417,0.5622593296849174,0.5856175481785862
abm_all_available_common_cells,beforeit_abm_us_v3_mean,beforeit_var_p1_constant,effective_federal_funds_rate,2,60,0.6904998431913111,0.42349259759679553,0.5545745725772386,0.6246182323446744
abm_all_available_common_cells,beforeit_abm_us_v3_mean,beforeit_var_p1_constant,effective_federal_funds_rate,4,58,1.2144236155572765,0.7883284300723374,0.5860123820573416,0.6623645168176983
abm_all_available_common_cells,beforeit_abm_us_v3_mean,beforeit_var_p1_constant,effective_federal_funds_rate,8,54,1.8923729357118793,1.3243544553839712,0.7953362164902175,0.7607950911715866
abm_all_available_common_cells,beforeit_abm_us_v3_mean,beforeit_var_p1_constant,effective_federal_funds_rate,12,50,2.1631541377596477,1.6253179930314439,0.8046204119073616,0.775865506631153
abm_all_available_common_cells,beforeit_abm_us_v3_median,beforeit_var_p1_constant,real_gdp,1,61,6.082397005561299,2.466402254784531,0.6692369046903998,0.6768781545045482
abm_all_available_common_cells,beforeit_abm_us_v3_median,beforeit_var_p1_constant,real_gdp,2,60,6.133305379332739,2.528663744240616,0.8344628322863089,0.7299802129565465
abm_all_available_common_cells,beforeit_abm_us_v3_median,beforeit_var_p1_constant,real_gdp,4,58,6.190450511209233,2.5982210305372355,0.9745076321542151,0.8861549909589572
abm_all_available_common_cells,beforeit_abm_us_v3_median,beforeit_var_p1_constant,real_gdp,8,54,6.449696021995276,2.6501713262293256,0.82087430129482,0.771389153970977
abm_all_available_common_cells,beforeit_abm_us_v3_median,beforeit_var_p1_constant,real_gdp,12,50,6.6510210419947065,2.7480078212209365,0.9882605379668133,0.9367034114885912
abm_all_available_common_cells,beforeit_abm_us_v3_median,beforeit_var_p1_constant,gdp_deflator,1,61,1.43459720526145,1.0915045048916518,0.7970488389017638,0.9191768912577291
abm_all_available_common_cells,beforeit_abm_us_v3_median,beforeit_var_p1_constant,gdp_deflator,2,60,1.6410265252582703,1.1055435710914874,0.767756654415164,0.7769275811827661
abm_all_available_common_cells,beforeit_abm_us_v3_median,beforeit_var_p1_constant,gdp_deflator,4,58,1.9584288896593351,1.251956235490932,0.8302242974891672,0.8070768350878864
abm_all_available_common_cells,beforeit_abm_us_v3_median,beforeit_var_p1_constant,gdp_deflator,8,54,2.0331186112903543,1.3021367345936323,0.97228874357077,0.8642374012935101
abm_all_available_common_cells,beforeit_abm_us_v3_median,beforeit_var_p1_constant,gdp_deflator,12,50,2.1127706151804415,1.3896209016605057,0.8931666947735509,0.8462531880465923
abm_all_available_common_cells,beforeit_abm_us_v3_median,beforeit_var_p1_constant,nominal_gdp,1,61,6.836814481709406,2.910010776198383,0.6558402095622851,0.7119221508406602
abm_all_available_common_cells,beforeit_abm_us_v3_median,beforeit_var_p1_constant,nominal_gdp,2,60,6.804166486087964,2.9708072938849805,0.7805006012629225,0.7134933881599759
abm_all_available_common_cells,beforeit_abm_us_v3_median,beforeit_var_p1_constant,nominal_gdp,4,58,6.989315522954794,3.2455832572564645,0.9463464981719819,0.8605818382585727
abm_all_available_common_cells,beforeit_abm_us_v3_median,beforeit_var_p1_constant,nominal_gdp,8,54,7.320789839780687,3.4787075950202646,0.8377298965811227,0.7926884487144449
abm_all_available_common_cells,beforeit_abm_us_v3_median,beforeit_var_p1_constant,nominal_gdp,12,50,7.52721721368501,3.576551649050434,0.9718164805834022,0.9060975287126983
abm_all_available_common_cells,beforeit_abm_us_v3_median,beforeit_var_p1_constant,unemployment_rate,1,61,2.767625715063075,2.478407216994891,1.3160829465419874,4.194587892108476
abm_all_available_common_cells,beforeit_abm_us_v3_median,beforeit_var_p1_constant,unemployment_rate,2,60,2.775100645634448,2.4807725180802382,0.8388500930013157,2.6372474166632713
abm_all_available_common_cells,beforeit_abm_us_v3_median,beforeit_var_p1_constant,unemployment_rate,4,58,2.797729692235648,2.494684758212644,0.6713100054859231,1.7495751549670562
abm_all_available_common_cells,beforeit_abm_us_v3_median,beforeit_var_p1_constant,unemployment_rate,8,54,2.703418676570757,2.408890349916022,1.2059195525588255,1.6276743053029268
abm_all_available_common_cells,beforeit_abm_us_v3_median,beforeit_var_p1_constant,unemployment_rate,12,50,2.4167883800167256,2.0751992110453985,0.6199733289225146,1.0006814306890055
abm_all_available_common_cells,beforeit_abm_us_v3_median,beforeit_var_p1_constant,effective_federal_funds_rate,1,61,0.37371507446938984,0.21341944949904004,0.5629973910719043,0.57208140712906
abm_all_available_common_cells,beforeit_abm_us_v3_median,beforeit_var_p1_constant,effective_federal_funds_rate,2,60,0.6922072232901091,0.4194337375131806,0.5559458539726718,0.6186317333476465
abm_all_available_common_cells,beforeit_abm_us_v3_median,beforeit_var_p1_constant,effective_federal_funds_rate,4,58,1.2147980079541156,0.7830177399331659,0.58619304272425,0.6579024010626213
abm_all_available_common_cells,beforeit_abm_us_v3_median,beforeit_var_p1_constant,effective_federal_funds_rate,8,54,1.8994310492285664,1.325062114170667,0.7983026366888919,0.7612016162744047
abm_all_available_common_cells,beforeit_abm_us_v3_median,beforeit_var_p1_constant,effective_federal_funds_rate,12,50,2.1721991688842093,1.6295355897578228,0.8079848585467014,0.7778788282303155
abm_all_available_common_cells,beforeit_abm_us_v2_mean,beforeit_var_p1_constant,real_gdp,1,61,6.087919113557013,2.516303085938292,0.6698444938462932,0.6905729127030854
abm_all_available_common_cells,beforeit_abm_us_v2_mean,beforeit_var_p1_constant,real_gdp,2,60,6.1000588699754745,2.5414227333531385,0.829939500306887,0.7336635060043797
abm_all_available_common_cells,beforeit_abm_us_v2_mean,beforeit_var_p1_constant,real_gdp,4,58,6.223525640631677,2.5759642392936506,0.9797143559618436,0.8785640406851246
abm_all_available_common_cells,beforeit_abm_us_v2_mean,beforeit_var_p1_constant,real_gdp,8,54,6.441828930721641,2.7142511383349333,0.8198730303774862,0.7900409564252333
abm_all_available_common_cells,beforeit_abm_us_v2_mean,beforeit_var_p1_constant,real_gdp,12,50,6.6509785359926115,2.8235671784943155,0.9882542220937719,0.9624590542423347
abm_all_available_common_cells,beforeit_abm_us_v2_mean,beforeit_var_p1_constant,gdp_deflator,1,61,1.4287653664859339,1.0907110654109418,0.7938087236222695,0.9185087206436714
abm_all_available_common_cells,beforeit_abm_us_v2_mean,beforeit_var_p1_constant,gdp_deflator,2,60,1.654359801127486,1.107948088197545,0.7739946469863886,0.7786173704484007
abm_all_available_common_cells,beforeit_abm_us_v2_mean,beforeit_var_p1_constant,gdp_deflator,4,58,1.9512408958831566,1.2529304509441281,0.8271771370256477,0.8077048656071409
abm_all_available_common_cells,beforeit_abm_us_v2_mean,beforeit_var_p1_constant,gdp_deflator,8,54,2.044791008274986,1.3046925766488497,0.9778707790386585,0.8659337318225825
abm_all_available_common_cells,beforeit_abm_us_v2_mean,beforeit_var_p1_constant,gdp_deflator,12,50,2.1079984770141733,1.3837065660814287,0.8911492893617455,0.8426514680861409
abm_all_available_common_cells,beforeit_abm_us_v2_mean,beforeit_var_p1_constant,nominal_gdp,1,61,6.839490147210342,2.9043786993668905,0.6560968801253882,0.7105442864408541
abm_all_available_common_cells,beforeit_abm_us_v2_mean,beforeit_var_p1_constant,nominal_gdp,2,60,6.782059320038311,3.016848520034254,0.7779647055835247,0.7245510257616817
abm_all_available_common_cells,beforeit_abm_us_v2_mean,beforeit_var_p1_constant,nominal_gdp,4,58,7.0430690113562795,3.2077598132660357,0.9536246680222634,0.8505527721775292
abm_all_available_common_cells,beforeit_abm_us_v2_mean,beforeit_var_p1_constant,nominal_gdp,8,54,7.3312015045620145,3.5280794822034816,0.8389213203279298,0.803938754637654
abm_all_available_common_cells,beforeit_abm_us_v2_mean,beforeit_var_p1_constant,nominal_gdp,12,50,7.579977179507446,3.697140703945849,0.9786281618257133,0.9366480296846458
abm_all_available_common_cells,beforeit_abm_us_v2_mean,beforeit_var_p1_constant,unemployment_rate,1,61,2.9472682532958077,2.0910982229962496,1.4015079661733822,3.539085597896603
abm_all_available_common_cells,beforeit_abm_us_v2_mean,beforeit_var_p1_constant,unemployment_rate,2,60,3.1276463642522616,2.38272848971638,0.9454166816095491,2.53301925441245
abm_all_available_common_cells,beforeit_abm_us_v2_mean,beforeit_var_p1_constant,unemployment_rate,4,58,3.693167743375163,3.118339187470829,0.8861686906158737,2.186957189359665
abm_all_available_common_cells,beforeit_abm_us_v2_mean,beforeit_var_p1_constant,unemployment_rate,8,54,4.807388218207486,4.386196638405406,2.1444415914264354,2.9637295722436847
abm_all_available_common_cells,beforeit_abm_us_v2_mean,beforeit_var_p1_constant,unemployment_rate,12,50,5.050573045662021,4.730812705366862,1.295612230667766,2.2812443263909237
abm_all_available_common_cells,beforeit_abm_us_v2_mean,beforeit_var_p1_constant,effective_federal_funds_rate,1,61,0.3734206763206502,0.2177850621855508,0.5625538837022533,0.5837836482066276
abm_all_available_common_cells,beforeit_abm_us_v2_mean,beforeit_var_p1_constant,effective_federal_funds_rate,2,60,0.6920674464186284,0.4248337352059088,0.5558335922545528,0.6265963047064795
abm_all_available_common_cells,beforeit_abm_us_v2_mean,beforeit_var_p1_constant,effective_federal_funds_rate,4,58,1.2196243219039105,0.7893252551702321,0.5885219497860399,0.6632020631361257
abm_all_available_common_cells,beforeit_abm_us_v2_mean,beforeit_var_p1_constant,effective_federal_funds_rate,8,54,1.8944396842733127,1.3259346260053033,0.7962048401902646,0.7617028436596276
abm_all_available_common_cells,beforeit_abm_us_v2_mean,beforeit_var_p1_constant,effective_federal_funds_rate,12,50,2.164597508531189,1.623952748614661,0.8051572971733997,0.775213790440448
abm_all_available_common_cells,beforeit_abm_us_v2_median,beforeit_var_p1_constant,real_gdp,1,61,6.103517305942822,2.5307317811986616,0.6715607392642591,0.6945327163404692
abm_all_available_common_cells,beforeit_abm_us_v2_median,beforeit_var_p1_constant,real_gdp,2,60,6.121254464714458,2.562798358887173,0.8328232530183507,0.739834268611687
abm_all_available_common_cells,beforeit_abm_us_v2_median,beforeit_var_p1_constant,real_gdp,4,58,6.2296432431035615,2.5799495101380345,0.9806773957743002,0.8799232659425477
abm_all_available_common_cells,beforeit_abm_us_v2_median,beforeit_var_p1_constant,real_gdp,8,54,6.438895337279716,2.712629756628522,0.8194996621662229,0.7895690185356357
abm_all_available_common_cells,beforeit_abm_us_v2_median,beforeit_var_p1_constant,real_gdp,12,50,6.6464734480357714,2.838895952318635,0.9875848210168992,0.9676841175133692
abm_all_available_common_cells,beforeit_abm_us_v2_median,beforeit_var_p1_constant,gdp_deflator,1,61,1.4284535869544415,1.089496621160042,0.7936355018199002,0.9174860138328932
abm_all_available_common_cells,beforeit_abm_us_v2_median,beforeit_var_p1_constant,gdp_deflator,2,60,1.6572433580423704,1.1072582142335754,0.775343723296681,0.7781325572540925
abm_all_available_common_cells,beforeit_abm_us_v2_median,beforeit_var_p1_constant,gdp_deflator,4,58,1.9467294445422005,1.2510288363509208,0.8252646261655503,0.8064789848263796
abm_all_available_common_cells,beforeit_abm_us_v2_median,beforeit_var_p1_constant,gdp_deflator,8,54,2.0451378496962307,1.3127104278592745,0.9780366473789548,0.8712552366307684
abm_all_available_common_cells,beforeit_abm_us_v2_median,beforeit_var_p1_constant,gdp_deflator,12,50,2.107646919120295,1.3869457209853082,0.8910006694406614,0.8446240529549416
abm_all_available_common_cells,beforeit_abm_us_v2_median,beforeit_var_p1_constant,nominal_gdp,1,61,6.85186050688627,2.924428966720576,0.6572835408580915,0.7154495017672433
abm_all_available_common_cells,beforeit_abm_us_v2_median,beforeit_var_p1_constant,nominal_gdp,2,60,6.808393500754841,3.028239051064759,0.7809854788002065,0.7272866688963358
abm_all_available_common_cells,beforeit_abm_us_v2_median,beforeit_var_p1_constant,nominal_gdp,4,58,7.041298332416263,3.1964529381390814,0.9533849198224907,0.8475547004565345
abm_all_available_common_cells,beforeit_abm_us_v2_median,beforeit_var_p1_constant,nominal_gdp,8,54,7.32254457146222,3.5288921753426368,0.8379306933834172,0.8041239419367188
abm_all_available_common_cells,beforeit_abm_us_v2_median,beforeit_var_p1_constant,nominal_gdp,12,50,7.5882104830002435,3.6980664333977438,0.9796911389920158,0.9368825575905523
abm_all_available_common_cells,beforeit_abm_us_v2_median,beforeit_var_p1_constant,unemployment_rate,1,61,2.866028136463331,1.9726614356082832,1.3628760327597036,3.3386368940067874
abm_all_available_common_cells,beforeit_abm_us_v2_median,beforeit_var_p1_constant,unemployment_rate,2,60,2.9921623878540013,2.1658518924180967,0.9044629430917571,2.3024631507023723
abm_all_available_common_cells,beforeit_abm_us_v2_median,beforeit_var_p1_constant,unemployment_rate,4,58,3.648702041858704,3.057359846911098,0.8754992287261882,2.144191088809943
abm_all_available_common_cells,beforeit_abm_us_v2_median,beforeit_var_p1_constant,unemployment_rate,8,54,5.20942949970801,4.822316876935282,2.3237809762206125,3.258413681174758
abm_all_available_common_cells,beforeit_abm_us_v2_median,beforeit_var_p1_constant,unemployment_rate,12,50,5.2057596307679015,4.925999999999941,1.3354218989729172,2.3753655559124747
abm_all_available_common_cells,beforeit_abm_us_v2_median,beforeit_var_p1_constant,effective_federal_funds_rate,1,61,0.3725036503609152,0.21321810806773853,0.5611723948136688,0.5715417014480514
abm_all_available_common_cells,beforeit_abm_us_v2_median,beforeit_var_p1_constant,effective_federal_funds_rate,2,60,0.6911219398337666,0.41911060322192417,0.5550742091564403,0.618155135714158
abm_all_available_common_cells,beforeit_abm_us_v2_median,beforeit_var_p1_constant,effective_federal_funds_rate,4,58,1.2211754782736655,0.7851762118873586,0.5892704504142712,0.6597159792344401
abm_all_available_common_cells,beforeit_abm_us_v2_median,beforeit_var_p1_constant,effective_federal_funds_rate,8,54,1.902782482256995,1.3287255569628107,0.7997111941747598,0.7633061354095352
abm_all_available_common_cells,beforeit_abm_us_v2_median,beforeit_var_p1_constant,effective_federal_funds_rate,12,50,2.1716937834060452,1.6266624044002782,0.807796872187101,0.7765072779105416
abm_all_available_common_cells,beforeit_abm_us_v1_mean,beforeit_var_p1_constant,real_gdp,1,61,6.259228348965377,3.0663959087232415,0.688693388836993,0.841540101437432
abm_all_available_common_cells,beforeit_abm_us_v1_mean,beforeit_var_p1_constant,real_gdp,2,60,9.51036646607199,8.230471208365858,1.2939266588781126,2.375990536147748
abm_all_available_common_cells,beforeit_abm_us_v1_mean,beforeit_var_p1_constant,real_gdp,4,58,6.876186170043025,4.2637325023562,1.0824569053070816,1.454198004199675
abm_all_available_common_cells,beforeit_abm_us_v1_mean,beforeit_var_p1_constant,real_gdp,8,54,6.7381006704394775,3.7351642860293683,0.8575805217855917,1.087199604805278
abm_all_available_common_cells,beforeit_abm_us_v1_mean,beforeit_var_p1_constant,real_gdp,12,50,6.963733490932907,3.7648779476578214,1.0347257906047604,1.2833202257198797
abm_all_available_common_cells,beforeit_abm_us_v1_mean,beforeit_var_p1_constant,gdp_deflator,1,61,1.4287653664859348,1.0907110654109433,0.7938087236222701,0.9185087206436726
abm_all_available_common_cells,beforeit_abm_us_v1_mean,beforeit_var_p1_constant,gdp_deflator,2,60,1.6486009519768738,1.109882409825579,0.771300361008007,0.7799767269342011
abm_all_available_common_cells,beforeit_abm_us_v1_mean,beforeit_var_p1_constant,gdp_deflator,4,58,1.939827095458487,1.2522686055796848,0.8223385572389181,0.8072782052759648
abm_all_available_common_cells,beforeit_abm_us_v1_mean,beforeit_var_p1_constant,gdp_deflator,8,54,2.0390768029971302,1.2966929622184336,0.9751381015454424,0.8606243308948447
abm_all_available_common_cells,beforeit_abm_us_v1_mean,beforeit_var_p1_constant,gdp_deflator,12,50,2.1093138905515145,1.3832429783594598,0.8917053760249004,0.8423691518175911
abm_all_available_common_cells,beforeit_abm_us_v1_mean,beforeit_var_p1_constant,nominal_gdp,1,61,7.026585413960827,3.346256239028253,0.6740445075302305,0.818647806543575
abm_all_available_common_cells,beforeit_abm_us_v1_mean,beforeit_var_p1_constant,nominal_gdp,2,60,10.18029782782842,8.621584137704268,1.1677739796493545,2.0706301921295487
abm_all_available_common_cells,beforeit_abm_us_v1_mean,beforeit_var_p1_constant,nominal_gdp,4,58,7.762609735001336,4.795536303939579,1.0510497795195566,1.271559260928839
abm_all_available_common_cells,beforeit_abm_us_v1_mean,beforeit_var_p1_constant,nominal_gdp,8,54,7.70708277809843,4.425513071244471,0.8819340262377985,1.008435746721576
abm_all_available_common_cells,beforeit_abm_us_v1_mean,beforeit_var_p1_constant,nominal_gdp,12,50,7.964308501012158,4.559685051432308,1.0282480281906203,1.1551683750765787
abm_all_available_common_cells,beforeit_abm_us_v1_mean,beforeit_var_p1_constant,unemployment_rate,1,61,2.857775026021855,1.975789297278508,1.3589514493708308,3.3439306530792066
abm_all_available_common_cells,beforeit_abm_us_v1_mean,beforeit_var_p1_constant,unemployment_rate,2,60,2.2001195520020254,1.5392831933795734,0.6650463267752853,1.6363735875286616
abm_all_available_common_cells,beforeit_abm_us_v1_mean,beforeit_var_p1_constant,unemployment_rate,4,58,1.9697079259001797,1.5611002001737355,0.4726277317681419,1.0948325697852586
abm_all_available_common_cells,beforeit_abm_us_v1_mean,beforeit_var_p1_constant,unemployment_rate,8,54,1.9205094208350284,1.5265168417778794,0.856685603872564,1.0314592526225395
abm_all_available_common_cells,beforeit_abm_us_v1_mean,beforeit_var_p1_constant,unemployment_rate,12,50,1.8143153468010478,1.356492150419868,0.4654222664144337,0.6541138308918061
abm_all_available_common_cells,beforeit_abm_us_v1_mean,beforeit_var_p1_constant,effective_federal_funds_rate,1,61,0.3734206763206502,0.2177850621855508,0.5625538837022533,0.5837836482066276
abm_all_available_common_cells,beforeit_abm_us_v1_mean,beforeit_var_p1_constant,effective_federal_funds_rate,2,60,0.6921035951571927,0.42501492225791176,0.5558626250942212,0.626863541340102
abm_all_available_common_cells,beforeit_abm_us_v1_mean,beforeit_var_p1_constant,effective_federal_funds_rate,4,58,1.2188268227912853,0.7907382870053944,0.5881371216678354,0.6643893121468704
abm_all_available_common_cells,beforeit_abm_us_v1_mean,beforeit_var_p1_constant,effective_federal_funds_rate,8,54,1.8934511626995019,1.3259700324328934,0.7957893792662593,0.7617231834079456
abm_all_available_common_cells,beforeit_abm_us_v1_mean,beforeit_var_p1_constant,effective_federal_funds_rate,12,50,2.166954352397167,1.6281118797954273,0.8060339636342598,0.7771992027933206
abm_all_available_common_cells,beforeit_abm_us_v1_median,beforeit_var_p1_constant,real_gdp,1,61,6.282169927983986,3.07624365039083,0.6912176159331669,0.8442427105487657
abm_all_available_common_cells,beforeit_abm_us_v1_median,beforeit_var_p1_constant,real_gdp,2,60,9.493377160937204,8.21147951508826,1.2916151901341755,2.3705079723490767
abm_all_available_common_cells,beforeit_abm_us_v1_median,beforeit_var_p1_constant,real_gdp,4,58,6.812557670719355,4.15261917802867,1.0724404358916233,1.4163014489191093
abm_all_available_common_cells,beforeit_abm_us_v1_median,beforeit_var_p1_constant,real_gdp,8,54,6.713176145216228,3.6790838721406267,0.8544082944189119,1.0708761986179776
abm_all_available_common_cells,beforeit_abm_us_v1_median,beforeit_var_p1_constant,real_gdp,12,50,6.924756951571997,3.6797529448175,1.028934352641523,1.2543039762216965
abm_all_available_common_cells,beforeit_abm_us_v1_median,beforeit_var_p1_constant,gdp_deflator,1,61,1.4284535869544075,1.0894966211600072,0.7936355018198813,0.9174860138328638
abm_all_available_common_cells,beforeit_abm_us_v1_median,beforeit_var_p1_constant,gdp_deflator,2,60,1.650337983602027,1.108188910039345,0.7721130337884979,0.7787866094869499
abm_all_available_common_cells,beforeit_abm_us_v1_median,beforeit_var_p1_constant,gdp_deflator,4,58,1.936646783372863,1.2522368817663891,0.8209903477731443,0.8072577544374245
abm_all_available_common_cells,beforeit_abm_us_v1_median,beforeit_var_p1_constant,gdp_deflator,8,54,2.0365123699073253,1.2984258767314345,0.9739117247797133,0.8617744785679669
abm_all_available_common_cells,beforeit_abm_us_v1_median,beforeit_var_p1_constant,gdp_deflator,12,50,2.1170918001525405,1.3897337263089156,0.8949934612342844,0.8463218961512942
abm_all_available_common_cells,beforeit_abm_us_v1_median,beforeit_var_p1_constant,nominal_gdp,1,61,7.0390964425263975,3.3509991794835217,0.6752446623125834,0.819808147391053
abm_all_available_common_cells,beforeit_abm_us_v1_median,beforeit_var_p1_constant,nominal_gdp,2,60,10.154583385265367,8.58369188287846,1.164824296110211,2.0615296781593773
abm_all_available_common_cells,beforeit_abm_us_v1_median,beforeit_var_p1_constant,nominal_gdp,4,58,7.683159425664937,4.680726486761273,1.0402922852023742,1.2411168918118143
abm_all_available_common_cells,beforeit_abm_us_v1_median,beforeit_var_p1_constant,nominal_gdp,8,54,7.689077829931309,4.370301033514767,0.8798736907144333,0.9958546535015042
abm_all_available_common_cells,beforeit_abm_us_v1_median,beforeit_var_p1_constant,nominal_gdp,12,50,7.920034391617315,4.494471837539482,1.022531930467967,1.1386470054038127
abm_all_available_common_cells,beforeit_abm_us_v1_median,beforeit_var_p1_constant,unemployment_rate,1,61,2.80818328807199,1.9112725118057925,1.3353691997010235,3.2347390217258467
abm_all_available_common_cells,beforeit_abm_us_v1_median,beforeit_var_p1_constant,unemployment_rate,2,60,2.1863730145950058,1.5242357308019905,0.6608910597580459,1.6203770052056772
abm_all_available_common_cells,beforeit_abm_us_v1_median,beforeit_var_p1_constant,unemployment_rate,4,58,1.9791086627315946,1.5747535596933186,0.47488342098335906,1.104407959428642
abm_all_available_common_cells,beforeit_abm_us_v1_median,beforeit_var_p1_constant,unemployment_rate,8,54,1.9166016608783796,1.522553513718166,0.8549424613178167,1.028781253083662
abm_all_available_common_cells,beforeit_abm_us_v1_median,beforeit_var_p1_constant,unemployment_rate,12,50,1.8099703488606467,1.3504746257758373,0.4643076537906949,0.6512121214376272
abm_all_available_common_cells,beforeit_abm_us_v1_median,beforeit_var_p1_constant,effective_federal_funds_rate,1,61,0.3725036503609152,0.21321810806773853,0.5611723948136688,0.5715417014480514
abm_all_available_common_cells,beforeit_abm_us_v1_median,beforeit_var_p1_constant,effective_federal_funds_rate,2,60,0.6925161170439466,0.4200255916596126,0.5561939418226479,0.6195046716064215
abm_all_available_common_cells,beforeit_abm_us_v1_median,beforeit_var_p1_constant,effective_federal_funds_rate,4,58,1.2215894225725556,0.7882116706196081,0.589470196599642,0.6622664139007657
abm_all_available_common_cells,beforeit_abm_us_v1_median,beforeit_var_p1_constant,effective_federal_funds_rate,8,54,1.9007975403170876,1.3289938021781393,0.7988769525817596,0.7634602328584641
abm_all_available_common_cells,beforeit_abm_us_v1_median,beforeit_var_p1_constant,effective_federal_funds_rate,12,50,2.1742683906528946,1.6328335348627718,0.8087545392840952,0.7794531428325434
abm_all_available_common_cells,dsge_small_nk,beforeit_var_p1_constant,real_gdp,1,61,6.887670977914833,4.081223724492764,0.7578399768333186,1.1200489204045823
abm_all_available_common_cells,dsge_small_nk,beforeit_var_p1_constant,real_gdp,2,60,6.756495517009875,3.9912457539749604,0.919250556877895,1.1522016053279227
abm_all_available_common_cells,dsge_small_nk,beforeit_var_p1_constant,real_gdp,4,58,6.846122480488336,4.03698718407594,1.0777242457262144,1.376863746217365
abm_all_available_common_cells,dsge_small_nk,beforeit_var_p1_constant,real_gdp,8,54,6.970705089684549,4.21656668793024,0.8871848611955004,1.2273220896599708
abm_all_available_common_cells,dsge_small_nk,beforeit_var_p1_constant,real_gdp,12,50,7.239545920993121,4.478860698672453,1.075708150875191,1.5266929240997091
abm_all_available_common_cells,dsge_small_nk,beforeit_var_p1_constant,gdp_deflator,1,61,1.4109099994723613,1.083958079436854,0.7838884480953565,0.9128219015544682
abm_all_available_common_cells,dsge_small_nk,beforeit_var_p1_constant,gdp_deflator,2,60,1.5875697785743377,1.189612429678212,0.7427468374754191,0.8360074914300799
abm_all_available_common_cells,dsge_small_nk,beforeit_var_p1_constant,gdp_deflator,4,58,2.028116415337615,1.3927106744844842,0.8597664868203674,0.8978145493362931
abm_all_available_common_cells,dsge_small_nk,beforeit_var_p1_constant,gdp_deflator,8,54,2.351604379740701,1.5845859484199687,1.1245966935015552,1.051700951064915
abm_all_available_common_cells,dsge_small_nk,beforeit_var_p1_constant,gdp_deflator,12,50,2.4747346647577335,1.738663169757533,1.0461857832940473,1.058813413491651
abm_all_available_common_cells,dsge_small_nk,beforeit_var_p1_constant,nominal_gdp,1,61,7.7449962578194,4.489626767653033,0.7429600411677937,1.098368697134148
abm_all_available_common_cells,dsge_small_nk,beforeit_var_p1_constant,nominal_gdp,2,60,7.603881358436482,4.636367884039904,0.8722352670714584,1.1135080478457329
abm_all_available_common_cells,dsge_small_nk,beforeit_var_p1_constant,nominal_gdp,4,58,7.957159427597646,4.960613183116295,1.077391617959141,1.315330180629717
abm_all_available_common_cells,dsge_small_nk,beforeit_var_p1_constant,nominal_gdp,8,54,8.285395336813503,5.443919989539514,0.9481112735849858,1.2404987696036855
abm_all_available_common_cells,dsge_small_nk,beforeit_var_p1_constant,nominal_gdp,12,50,8.60698848467211,5.867327973977172,1.1112225169201744,1.4864517275401525
abm_all_available_common_cells,dsge_small_nk,beforeit_var_p1_constant,unemployment_rate,1,61,1.4765678192856244,0.7182264144672585,0.7021490354703592,1.215564496931118
abm_all_available_common_cells,dsge_small_nk,beforeit_var_p1_constant,unemployment_rate,2,60,2.0444659198665813,1.2718285772328444,0.6179957579974604,1.35204925292443
abm_all_available_common_cells,dsge_small_nk,beforeit_var_p1_constant,unemployment_rate,4,58,2.918362838754183,2.1969391120269215,0.7002557033050822,1.5407598393841047
abm_all_available_common_cells,dsge_small_nk,beforeit_var_p1_constant,unemployment_rate,8,54,4.551948025197217,3.627434080767333,2.030496856957401,2.4510377766472278
abm_all_available_common_cells,dsge_small_nk,beforeit_var_p1_constant,unemployment_rate,12,50,6.045404598150607,5.028187549300397,1.5508141483918298,2.4246413953057786
abm_all_available_common_cells,dsge_small_nk,beforeit_var_p1_constant,effective_federal_funds_rate,1,61,0.47634553344275843,0.38063542671557726,0.7176089777962479,1.0203121178962515
abm_all_available_common_cells,dsge_small_nk,beforeit_var_p1_constant,effective_federal_funds_rate,2,60,0.7555869566669485,0.6101485295859462,0.6068492522776903,0.8999210332845727
abm_all_available_common_cells,dsge_small_nk,beforeit_var_p1_constant,effective_federal_funds_rate,4,58,1.051584179669946,0.8872239788899852,0.5074352492556058,0.745457933101076
abm_all_available_common_cells,dsge_small_nk,beforeit_var_p1_constant,effective_federal_funds_rate,8,54,1.4392125282736976,1.2526239558855505,0.6048796330581221,0.7195884401244829
abm_all_available_common_cells,dsge_small_nk,beforeit_var_p1_constant,effective_federal_funds_rate,12,50,1.8584003288440305,1.545246491595355,0.6912622692860579,0.737642391957724
abm_all_available_common_cells,dsge_small_nk_median,beforeit_var_p1_constant,real_gdp,1,61,6.8695143860962915,4.064333061322919,0.7558422346114186,1.1154134555721185
abm_all_available_common_cells,dsge_small_nk_median,beforeit_var_p1_constant,real_gdp,2,60,6.752984075517954,3.995246421328862,0.9187728100135973,1.1533565267814456
abm_all_available_common_cells,dsge_small_nk_median,beforeit_var_p1_constant,real_gdp,4,58,6.832243112661919,4.0115464803804635,1.0755393401443303,1.3681868837455864
abm_all_available_common_cells,dsge_small_nk_median,beforeit_var_p1_constant,real_gdp,8,54,6.967888416676052,4.205207271987222,0.8868263738373456,1.2240156882333293
abm_all_available_common_cells,dsge_small_nk_median,beforeit_var_p1_constant,real_gdp,12,50,7.250128830783493,4.488414001237279,1.0772806420846834,1.5299493235299988
abm_all_available_common_cells,dsge_small_nk_median,beforeit_var_p1_constant,gdp_deflator,1,61,1.4073242543227442,1.0797925152537873,0.7818962415041141,0.9093140000121783
abm_all_available_common_cells,dsge_small_nk_median,beforeit_var_p1_constant,gdp_deflator,2,60,1.589226631840987,1.1834719927804267,0.7435219986938884,0.8316922614281618
abm_all_available_common_cells,dsge_small_nk_median,beforeit_var_p1_constant,gdp_deflator,4,58,2.03298404253822,1.399819238780963,0.8618299890462584,0.9023971037513611
abm_all_available_common_cells,dsge_small_nk_median,beforeit_var_p1_constant,gdp_deflator,8,54,2.359212924642694,1.590856345059783,1.1282352921165497,1.0558626578604489
abm_all_available_common_cells,dsge_small_nk_median,beforeit_var_p1_constant,gdp_deflator,12,50,2.470469178369247,1.7418110207923876,1.0443825632228136,1.0607303960086514
abm_all_available_common_cells,dsge_small_nk_median,beforeit_var_p1_constant,nominal_gdp,1,61,7.720303400643691,4.444906402025584,0.7405913110131093,1.0874280438746207
abm_all_available_common_cells,dsge_small_nk_median,beforeit_var_p1_constant,nominal_gdp,2,60,7.623998582123701,4.669814189814278,0.8745428980231288,1.121540786312988
abm_all_available_common_cells,dsge_small_nk_median,beforeit_var_p1_constant,nominal_gdp,4,58,7.938613269805275,4.923070747567063,1.0748804863005812,1.305375625273472
abm_all_available_common_cells,dsge_small_nk_median,beforeit_var_p1_constant,nominal_gdp,8,54,8.285722198262196,5.439190774552757,0.9481486768725549,1.2394211297075197
abm_all_available_common_cells,dsge_small_nk_median,beforeit_var_p1_constant,nominal_gdp,12,50,8.650056268474339,5.919269066715568,1.1167828695568853,1.4996106863325953
abm_all_available_common_cells,dsge_small_nk_median,beforeit_var_p1_constant,unemployment_rate,1,61,1.4715727221256196,0.7143053731948936,0.6997737279449149,1.2089283186095177
abm_all_available_common_cells,dsge_small_nk_median,beforeit_var_p1_constant,unemployment_rate,2,60,2.0392093066874484,1.2732102780351116,0.6164068028505095,1.3535181046006006
abm_all_available_common_cells,dsge_small_nk_median,beforeit_var_p1_constant,unemployment_rate,4,58,2.9162389899102648,2.203390317330897,0.699746089748412,1.5452842060329448
abm_all_available_common_cells,dsge_small_nk_median,beforeit_var_p1_constant,unemployment_rate,8,54,4.539877622039542,3.6508547772522366,2.025112587291271,2.4668630158002287
abm_all_available_common_cells,dsge_small_nk_median,beforeit_var_p1_constant,unemployment_rate,12,50,6.0541976691986195,5.012507948951625,1.553069815281891,2.417080538099334
abm_all_available_common_cells,dsge_small_nk_median,beforeit_var_p1_constant,effective_federal_funds_rate,1,61,0.46374600011433986,0.36285452286661257,0.6986279281217206,0.972649524267511
abm_all_available_common_cells,dsge_small_nk_median,beforeit_var_p1_constant,effective_federal_funds_rate,2,60,0.7329227364529121,0.5886046656817592,0.5886464961700204,0.8681455305577941
abm_all_available_common_cells,dsge_small_nk_median,beforeit_var_p1_constant,effective_federal_funds_rate,4,58,1.0163001131531741,0.8547082942211225,0.49040914765210974,0.7181378023749627
abm_all_available_common_cells,dsge_small_nk_median,beforeit_var_p1_constant,effective_federal_funds_rate,8,54,1.4293334670069577,1.2326853979778771,0.6007276104509037,0.7081344393322249
abm_all_available_common_cells,dsge_small_nk_median,beforeit_var_p1_constant,effective_federal_funds_rate,12,50,1.945146660860065,1.5508921496562358,0.7235289802798862,0.7403374161748015
abm_all_available_common_cells,dsge_sw07,beforeit_var_p1_constant,real_gdp,1,61,7.345030553173285,3.3782938811959973,0.8081625562697848,0.9271372190979948
abm_all_available_common_cells,dsge_sw07,beforeit_var_p1_constant,real_gdp,2,60,6.647807363619457,3.4551276157940363,0.9044630616033642,0.9974338416936532
abm_all_available_common_cells,dsge_sw07,beforeit_var_p1_constant,real_gdp,4,58,6.5075118191477355,3.289672858118934,1.024419777302196,1.1219830751818454
abm_all_available_common_cells,dsge_sw07,beforeit_var_p1_constant,real_gdp,8,54,6.614236038237561,3.1997890289848123,0.8418158573630918,0.9313671638980754
abm_all_available_common_cells,dsge_sw07,beforeit_var_p1_constant,real_gdp,12,50,6.708473171474028,2.975123844817808,0.9967972230905076,1.0141196227759348
abm_all_available_common_cells,dsge_sw07,beforeit_var_p1_constant,gdp_deflator,1,61,1.4356416973970163,1.0634718927236892,0.7976291489991499,0.8955700905611629
abm_all_available_common_cells,dsge_sw07,beforeit_var_p1_constant,gdp_deflator,2,60,1.498040258782781,1.1486776973061488,0.7008603210001637,0.8072403551183088
abm_all_available_common_cells,dsge_sw07,beforeit_var_p1_constant,gdp_deflator,4,58,1.8756508521681032,1.2294063203203331,0.7951327307815067,0.7925399737732012
abm_all_available_common_cells,dsge_sw07,beforeit_var_p1_constant,gdp_deflator,8,54,2.153763613121937,1.3514121118234914,1.0299842349196369,0.8969418192194669
abm_all_available_common_cells,dsge_sw07,beforeit_var_p1_constant,gdp_deflator,12,50,2.068809989361482,1.3683599890875302,0.8745824875809762,0.8333056891825777
abm_all_available_common_cells,dsge_sw07,beforeit_var_p1_constant,nominal_gdp,1,61,8.205912297017338,3.5051065893243574,0.7871746783423004,0.8575098904813994
abm_all_available_common_cells,dsge_sw07,beforeit_var_p1_constant,nominal_gdp,2,60,7.1961958061107225,3.597846576332679,0.825469977102869,0.8640882729456363
abm_all_available_common_cells,dsge_sw07,beforeit_var_p1_constant,nominal_gdp,4,58,7.212990718388326,3.616598885457328,0.9766319012606337,0.9589583968096105
abm_all_available_common_cells,dsge_sw07,beforeit_var_p1_constant,nominal_gdp,8,54,7.324022186396274,3.6094521300413565,0.8380997792652664,0.8224810311068598
abm_all_available_common_cells,dsge_sw07,beforeit_var_p1_constant,nominal_gdp,12,50,7.579498027580694,3.7233923318391646,0.978566299954865,0.9432987193692569
abm_all_available_common_cells,dsge_sw07,beforeit_var_p1_constant,unemployment_rate,1,61,1.4968474635046043,0.4490278998040561,0.7117925699169706,0.7599586455452427
abm_all_available_common_cells,dsge_sw07,beforeit_var_p1_constant,unemployment_rate,2,60,1.9848269563956216,0.7338135169771024,0.5999682496500364,0.780098855439618
abm_all_available_common_cells,dsge_sw07,beforeit_var_p1_constant,unemployment_rate,4,58,2.3587231501715062,1.1247548204392728,0.5659712070382666,0.7888143312663985
abm_all_available_common_cells,dsge_sw07,beforeit_var_p1_constant,unemployment_rate,8,54,2.7165978882144732,1.6395768127426622,1.2117984307163991,1.1078532693548027
abm_all_available_common_cells,dsge_sw07,beforeit_var_p1_constant,unemployment_rate,12,50,2.747639807233369,1.855749292754935,0.7048459070953904,0.8948605258666384
abm_all_available_common_cells,dsge_sw07,beforeit_var_p1_constant,effective_federal_funds_rate,1,61,0.6218243263027128,0.5158794550703598,0.9367710786366646,1.3828404358570496
abm_all_available_common_cells,dsge_sw07,beforeit_var_p1_constant,effective_federal_funds_rate,2,60,1.1476900930478822,0.9632201988827308,0.9217666724752843,1.4206739418799454
abm_all_available_common_cells,dsge_sw07,beforeit_var_p1_constant,effective_federal_funds_rate,4,58,1.8682539757677512,1.59448593634433,0.9015140586881343,1.339709271556293
abm_all_available_common_cells,dsge_sw07,beforeit_var_p1_constant,effective_federal_funds_rate,8,54,2.5310231434625567,2.248564718308942,1.0637514058577593,1.2917214065437495
abm_all_available_common_cells,dsge_sw07,beforeit_var_p1_constant,effective_federal_funds_rate,12,50,2.9384421873032127,2.5970217642400177,1.0930014287204646,1.2397202365834084
abm_all_available_common_cells,dsge_sw07_median,beforeit_var_p1_constant,real_gdp,1,61,7.346031736402616,3.3926581599926613,0.8082727149399296,0.9310793443145177
abm_all_available_common_cells,dsge_sw07_median,beforeit_var_p1_constant,real_gdp,2,60,6.631503860358566,3.4346958452516936,0.9022448991826383,0.9915355532219065
abm_all_available_common_cells,dsge_sw07_median,beforeit_var_p1_constant,real_gdp,4,58,6.500894707450997,3.2821055681909836,1.0233781041897767,1.1194021586012801
abm_all_available_common_cells,dsge_sw07_median,beforeit_var_p1_constant,real_gdp,8,54,6.637607556362414,3.2210116755455007,0.8447904283421754,0.9375444699512532
abm_all_available_common_cells,dsge_sw07_median,beforeit_var_p1_constant,real_gdp,12,50,6.688262938049331,2.947860859448984,0.9937942291094907,1.004826588307425
abm_all_available_common_cells,dsge_sw07_median,beforeit_var_p1_constant,gdp_deflator,1,61,1.4437666629527313,1.0690260964152993,0.8021433041491449,0.9002473920837737
abm_all_available_common_cells,dsge_sw07_median,beforeit_var_p1_constant,gdp_deflator,2,60,1.500264827991673,1.1513927671007136,0.7019010889506179,0.8091483872062265
abm_all_available_common_cells,dsge_sw07_median,beforeit_var_p1_constant,gdp_deflator,4,58,1.8770646122756909,1.2301996270468136,0.7957320571080011,0.7930513810124572
abm_all_available_common_cells,dsge_sw07_median,beforeit_var_p1_constant,gdp_deflator,8,54,2.1390351984398386,1.3364180809922706,1.0229407344929902,0.8869901744372981
abm_all_available_common_cells,dsge_sw07_median,beforeit_var_p1_constant,gdp_deflator,12,50,2.071204905147944,1.3659885972489152,0.8755949302010533,0.8318615558213583
abm_all_available_common_cells,dsge_sw07_median,beforeit_var_p1_constant,nominal_gdp,1,61,8.20342218156235,3.5248589752867105,0.7869358071770519,0.8623422303522928
abm_all_available_common_cells,dsge_sw07_median,beforeit_var_p1_constant,nominal_gdp,2,60,7.183433119439334,3.5850937589606517,0.8240059793242849,0.8610254519763724
abm_all_available_common_cells,dsge_sw07_median,beforeit_var_p1_constant,nominal_gdp,4,58,7.243229507994442,3.6442713841811836,0.9807262038513128,0.9662958914703126
abm_all_available_common_cells,dsge_sw07_median,beforeit_var_p1_constant,nominal_gdp,8,54,7.3469687861355615,3.656780649187525,0.8407255960209974,0.8332657174874091
abm_all_available_common_cells,dsge_sw07_median,beforeit_var_p1_constant,nominal_gdp,12,50,7.562986455335214,3.7320204700640778,0.9764345402921668,0.945484605521652
abm_all_available_common_cells,dsge_sw07_median,beforeit_var_p1_constant,unemployment_rate,1,61,1.500224642674631,0.4503971224717603,0.7133985124723164,0.7622759906466325
abm_all_available_common_cells,dsge_sw07_median,beforeit_var_p1_constant,unemployment_rate,2,60,1.9851505432226921,0.7362076372342666,0.6000660626213998,0.7826439849979999
abm_all_available_common_cells,dsge_sw07_median,beforeit_var_p1_constant,unemployment_rate,4,58,2.367529339072418,1.1179690425310485,0.5680842355898766,0.784055321777817
abm_all_available_common_cells,dsge_sw07_median,beforeit_var_p1_constant,unemployment_rate,8,54,2.7181458719088702,1.6191838067674655,1.2124889430000843,1.094073824460238
abm_all_available_common_cells,dsge_sw07_median,beforeit_var_p1_constant,unemployment_rate,12,50,2.6939413336224405,1.818420934015586,0.6910707575134503,0.8768604248499524
abm_all_available_common_cells,dsge_sw07_median,beforeit_var_p1_constant,effective_federal_funds_rate,1,61,0.563940566901281,0.45698148883812206,0.8495698717420546,1.2249615195808177
abm_all_available_common_cells,dsge_sw07_median,beforeit_var_p1_constant,effective_federal_funds_rate,2,60,1.1084304222859402,0.9166071255065315,0.890235289308417,1.3519233293270554
abm_all_available_common_cells,dsge_sw07_median,beforeit_var_p1_constant,effective_federal_funds_rate,4,58,1.8312881721570757,1.5509727613638502,0.8836764455595265,1.303148896436364
abm_all_available_common_cells,dsge_sw07_median,beforeit_var_p1_constant,effective_federal_funds_rate,8,54,2.48807003714522,2.211844387037327,1.0456988537311451,1.2706268667367764
abm_all_available_common_cells,dsge_sw07_median,beforeit_var_p1_constant,effective_federal_funds_rate,12,50,2.91203375589823,2.578291941902602,1.0831783825565366,1.2307793258451798
abm_balanced_h12_common_cells,naive_no_change,beforeit_var_p1_constant,real_gdp,1,50,10.662454112635555,4.207975070753901,1.0660252624824325,1.022644904870291
abm_balanced_h12_common_cells,naive_no_change,beforeit_var_p1_constant,real_gdp,2,50,9.855778587416474,4.56211416913238,1.2289137316141068,1.1803054972478693
abm_balanced_h12_common_cells,naive_no_change,beforeit_var_p1_constant,real_gdp,4,50,9.725034779060461,4.88771517462534,1.428770771051469,1.5519160067335613
abm_balanced_h12_common_cells,naive_no_change,beforeit_var_p1_constant,real_gdp,8,50,9.169169508403192,4.66014445270318,1.1256535260333131,1.3060366339215317
abm_balanced_h12_common_cells,naive_no_change,beforeit_var_p1_constant,real_gdp,12,50,9.167099622202198,4.32315139987688,1.362119101267478,1.473616862868738
abm_balanced_h12_common_cells,naive_no_change,beforeit_var_p1_constant,gdp_deflator,1,50,1.5250613987220423,1.0758093190148201,0.8068345206637881,0.9088185724447085
abm_balanced_h12_common_cells,naive_no_change,beforeit_var_p1_constant,gdp_deflator,2,50,1.6754818444378028,1.25373041235414,0.7328547842139723,0.826115224761233
abm_balanced_h12_common_cells,naive_no_change,beforeit_var_p1_constant,gdp_deflator,4,50,2.2364625740452024,1.55596548611566,0.8935600732186805,0.934583148143357
abm_balanced_h12_common_cells,naive_no_change,beforeit_var_p1_constant,gdp_deflator,8,50,2.969461296690407,2.14222901046876,1.3780621202747976,1.3694053620230653
abm_balanced_h12_common_cells,naive_no_change,beforeit_var_p1_constant,gdp_deflator,12,50,2.7092472553873157,2.00498372971656,1.1453251948091576,1.2209976629069932
abm_balanced_h12_common_cells,naive_no_change,beforeit_var_p1_constant,nominal_gdp,1,50,11.553861416893684,4.609506041607699,1.0069211500936537,0.9983537963993246
abm_balanced_h12_common_cells,naive_no_change,beforeit_var_p1_constant,nominal_gdp,2,50,10.464406705971276,4.89269047739266,1.0982676658368353,1.0298867978167465
abm_balanced_h12_common_cells,naive_no_change,beforeit_var_p1_constant,nominal_gdp,4,50,10.771149229234096,5.33159716866356,1.360784031458823,1.294912502631004
abm_balanced_h12_common_cells,naive_no_change,beforeit_var_p1_constant,nominal_gdp,8,50,10.868014187898142,5.9821734794807195,1.2002593855336547,1.305940788543371
abm_balanced_h12_common_cells,naive_no_change,beforeit_var_p1_constant,nominal_gdp,12,50,10.220590765581278,5.625786895154081,1.319549876843246,1.425258769607528
abm_balanced_h12_common_cells,naive_no_change,beforeit_var_p1_constant,unemployment_rate,1,50,1.4807955819611436,0.5066666666666799,0.638686031606966,0.7563965653772865
abm_balanced_h12_common_cells,naive_no_change,beforeit_var_p1_constant,unemployment_rate,2,50,1.8482303848696817,0.8280000000000001,0.5101837541395533,0.7582586045312104
abm_balanced_h12_common_cells,naive_no_change,beforeit_var_p1_constant,unemployment_rate,4,50,2.1602726165412465,1.2766666666667,0.48146323756057685,0.7905257801818201
abm_balanced_h12_common_cells,naive_no_change,beforeit_var_p1_constant,unemployment_rate,8,50,2.594125842916891,1.8406666666667801,1.1144437984348472,1.1662427741480232
abm_balanced_h12_common_cells,naive_no_change,beforeit_var_p1_constant,unemployment_rate,12,50,2.7534786079511417,2.0773333333333603,0.7063437216114828,1.0017105254058
abm_balanced_h12_common_cells,naive_no_change,beforeit_var_p1_constant,effective_federal_funds_rate,1,50,0.3743072574893566,0.17287726303391998,0.5247225769907552,0.43457161512606196
abm_balanced_h12_common_cells,naive_no_change,beforeit_var_p1_constant,effective_federal_funds_rate,2,50,0.7173383681377319,0.35800488372238,0.5361380684173795,0.4958304017205464
abm_balanced_h12_common_cells,naive_no_change,beforeit_var_p1_constant,effective_federal_funds_rate,4,50,1.3099334565468685,0.7357935206869399,0.5935014417778424,0.5810928663360515
abm_balanced_h12_common_cells,naive_no_change,beforeit_var_p1_constant,effective_federal_funds_rate,8,50,2.103868941739384,1.39807779948026,0.8538956972691654,0.7645471724700965
abm_balanced_h12_common_cells,naive_no_change,beforeit_var_p1_constant,effective_federal_funds_rate,12,50,2.381955197707287,1.6881261383992001,0.8860070296743098,0.8058477462514919
abm_balanced_h12_common_cells,naive_drift,beforeit_var_p1_constant,real_gdp,1,50,10.731138462569982,4.241683940599849,1.072892279343074,1.0308370170898908
abm_balanced_h12_common_cells,naive_drift,beforeit_var_p1_constant,real_gdp,2,50,9.983926668200041,4.6327927048874695,1.2448924728934603,1.1985913755044029
abm_balanced_h12_common_cells,naive_drift,beforeit_var_p1_constant,real_gdp,4,50,9.978878867555844,5.0219483645999965,1.466064726526808,1.5945368691843986
abm_balanced_h12_common_cells,naive_drift,beforeit_var_p1_constant,real_gdp,8,50,9.659792581368906,4.96238470595826,1.1858848906657393,1.3907414852417272
abm_balanced_h12_common_cells,naive_drift,beforeit_var_p1_constant,real_gdp,12,50,9.900820736331344,4.723844162784506,1.471141102308902,1.6101995447213695
abm_balanced_h12_common_cells,naive_drift,beforeit_var_p1_constant,gdp_deflator,1,50,1.5358611605570387,1.0789722043869352,0.8125481402404978,0.9114905040945703
abm_balanced_h12_common_cells,naive_drift,beforeit_var_p1_constant,gdp_deflator,2,50,1.698691470902147,1.268588187658993,0.7430066613296096,0.8359053951714516
abm_balanced_h12_common_cells,naive_drift,beforeit_var_p1_constant,gdp_deflator,4,50,2.2942963480534146,1.587677519591406,0.9166670779756696,0.9536308277636665
abm_balanced_h12_common_cells,naive_drift,beforeit_var_p1_constant,gdp_deflator,8,50,3.123850995335107,2.2534755735318908,1.4497110067916992,1.4405189727625414
abm_balanced_h12_common_cells,naive_drift,beforeit_var_p1_constant,gdp_deflator,12,50,2.9212935986345077,2.180543959115292,1.234967075558591,1.3279105653002565
abm_balanced_h12_common_cells,naive_drift,beforeit_var_p1_constant,nominal_gdp,1,50,11.628105879572798,4.641997867134562,1.0133915686880492,1.005391066135796
abm_balanced_h12_common_cells,naive_drift,beforeit_var_p1_constant,nominal_gdp,2,50,10.599775905278447,4.971677926311167,1.11247502787146,1.04651325951717
abm_balanced_h12_common_cells,naive_drift,beforeit_var_p1_constant,nominal_gdp,4,50,11.049198275957224,5.499698216532968,1.395911638986185,1.3357400711260246
abm_balanced_h12_common_cells,naive_drift,beforeit_var_p1_constant,nominal_gdp,8,50,11.438284212368798,6.3464799874644475,1.2632397918273448,1.385470867358312
abm_balanced_h12_common_cells,naive_drift,beforeit_var_p1_constant,nominal_gdp,12,50,11.024149743170275,6.044355568449037,1.4232949708631162,1.5313005880081672
abm_balanced_h12_common_cells,naive_drift,beforeit_var_p1_constant,unemployment_rate,1,50,1.4958460109963443,0.5449622858540734,0.6451774737152305,0.8135676341055894
abm_balanced_h12_common_cells,naive_drift,beforeit_var_p1_constant,unemployment_rate,2,50,1.8894128820549059,0.9109032136289008,0.5215517314170618,0.8341789850594751
abm_balanced_h12_common_cells,naive_drift,beforeit_var_p1_constant,unemployment_rate,4,50,2.273754633438412,1.4427367976282062,0.506755146943612,0.8933581978135994
abm_balanced_h12_common_cells,naive_drift,beforeit_var_p1_constant,unemployment_rate,8,50,2.9052343302315076,2.1768002642981132,1.2480968844155833,1.3792163594717632
abm_balanced_h12_common_cells,naive_drift,beforeit_var_p1_constant,unemployment_rate,12,50,3.3053002721284743,2.571024827111893,0.8479013014725774,1.2397734100116706
abm_balanced_h12_common_cells,naive_drift,beforeit_var_p1_constant,effective_federal_funds_rate,1,50,0.40092984588748554,0.25304630233862424,0.5620434488438146,0.6360971846679301
abm_balanced_h12_common_cells,naive_drift,beforeit_var_p1_constant,effective_federal_funds_rate,2,50,0.7777709351677585,0.5179424416838144,0.5813053161154161,0.7173410771886414
abm_balanced_h12_common_cells,naive_drift,beforeit_var_p1_constant,effective_federal_funds_rate,4,50,1.456469954746092,1.0528185719327174,0.6598938394371685,0.8314633718506325
abm_balanced_h12_common_cells,naive_drift,beforeit_var_p1_constant,effective_federal_funds_rate,8,50,2.491813432077055,2.0191463265759837,1.0113504343521427,1.1041821959843279
abm_balanced_h12_common_cells,naive_drift,beforeit_var_p1_constant,effective_federal_funds_rate,12,50,3.0957484916146436,2.5828698864814674,1.1515140705897016,1.2329646639176306
abm_balanced_h12_common_cells,naive_historical_mean,beforeit_var_p1_constant,real_gdp,1,50,6.702971265866784,2.857853660849668,0.6701587296530557,0.694531083476503
abm_balanced_h12_common_cells,naive_historical_mean,beforeit_var_p1_constant,real_gdp,2,50,6.677957179729925,2.852543211164264,0.8326722444616472,0.7380070529700443
abm_balanced_h12_common_cells,naive_historical_mean,beforeit_var_p1_constant,real_gdp,4,50,6.666549461317904,2.8501576726577516,0.9794279640632962,0.9049638033073588
abm_balanced_h12_common_cells,naive_historical_mean,beforeit_var_p1_constant,real_gdp,8,50,6.649424711467196,2.8065791312163633,0.8163169375041467,0.7865625622918225
abm_balanced_h12_common_cells,naive_historical_mean,beforeit_var_p1_constant,real_gdp,12,50,6.6623838739345,2.8738101830615994,0.9899489160872168,0.9795852041092232
abm_balanced_h12_common_cells,naive_historical_mean,beforeit_var_p1_constant,gdp_deflator,1,50,2.0137990765926492,1.2675617268362545,1.0654014415664492,1.0708065255688726
abm_balanced_h12_common_cells,naive_historical_mean,beforeit_var_p1_constant,gdp_deflator,2,50,2.0377736341509642,1.2848733739155973,0.8913210023076825,0.8466361233823048
abm_balanced_h12_common_cells,naive_historical_mean,beforeit_var_p1_constant,gdp_deflator,4,50,2.0711540854727524,1.3176415169225164,0.8275124376057617,0.7914350080373803
abm_balanced_h12_common_cells,naive_historical_mean,beforeit_var_p1_constant,gdp_deflator,8,50,2.086730334056091,1.3306149463115486,0.9684059636662391,0.85058657751458
abm_balanced_h12_common_cells,naive_historical_mean,beforeit_var_p1_constant,gdp_deflator,12,50,2.102217006254978,1.3756975982221435,0.8887051919799389,0.8377741561690677
abm_balanced_h12_common_cells,naive_historical_mean,beforeit_var_p1_constant,nominal_gdp,1,50,7.553405646219266,3.5414613558144343,0.6582806930066009,0.7670304274393978
abm_balanced_h12_common_cells,naive_historical_mean,beforeit_var_p1_constant,nominal_gdp,2,50,7.542830020972683,3.588305421450814,0.7916403245499406,0.7553202879197515
abm_balanced_h12_common_cells,naive_historical_mean,beforeit_var_p1_constant,nominal_gdp,4,50,7.55594409495572,3.609761444121624,0.9545878390677962,0.8767213796611953
abm_balanced_h12_common_cells,naive_historical_mean,beforeit_var_p1_constant,nominal_gdp,8,50,7.550285090829301,3.5854903359079247,0.8338506361000001,0.7827319105090026
abm_balanced_h12_common_cells,naive_historical_mean,beforeit_var_p1_constant,nominal_gdp,12,50,7.556283118822995,3.6412053908690405,0.9755690925825368,0.9224771595505256
abm_balanced_h12_common_cells,naive_historical_mean,beforeit_var_p1_constant,unemployment_rate,1,50,2.167065243189665,1.8463100966298855,0.9346828942946632,2.7563341099583187
abm_balanced_h12_common_cells,naive_historical_mean,beforeit_var_p1_constant,unemployment_rate,2,50,2.1595622010056594,1.8495073727052067,0.5961234919772352,1.6937256998763712
abm_balanced_h12_common_cells,naive_historical_mean,beforeit_var_p1_constant,unemployment_rate,4,50,2.1441081031722327,1.8548466088992448,0.47786062792666073,1.148541041214862
abm_balanced_h12_common_cells,naive_historical_mean,beforeit_var_p1_constant,unemployment_rate,8,50,2.1163897268509544,1.8426412220060269,0.9092070119112682,1.1674938485213764
abm_balanced_h12_common_cells,naive_historical_mean,beforeit_var_p1_constant,unemployment_rate,12,50,2.120926238088534,1.850442225941519,0.5440764740095921,0.8923014061525673
abm_balanced_h12_common_cells,naive_historical_mean,beforeit_var_p1_constant,effective_federal_funds_rate,1,50,1.608205105573733,1.450427435099013,2.254462104172089,3.646023670391267
abm_balanced_h12_common_cells,naive_historical_mean,beforeit_var_p1_constant,effective_federal_funds_rate,2,50,1.653239255292543,1.484706740336805,1.235629572227406,2.0562924501031916
abm_balanced_h12_common_cells,naive_historical_mean,beforeit_var_p1_constant,effective_federal_funds_rate,4,50,1.7813769024602621,1.572771518723023,0.8071018834398973,1.2420961644962853
abm_balanced_h12_common_cells,naive_historical_mean,beforeit_var_p1_constant,effective_federal_funds_rate,8,50,2.01574382363016,1.7402739114067203,0.8181284221875768,0.951679154610787
abm_balanced_h12_common_cells,naive_historical_mean,beforeit_var_p1_constant,effective_federal_funds_rate,12,50,2.098930903163602,1.8216411398679702,0.7807315338229672,0.8695827720750954
abm_balanced_h12_common_cells,univariate_ar_p1_constant,beforeit_var_p1_constant,real_gdp,1,50,9.960814402072339,3.6993517725686456,0.9958757782530119,0.8990365146964667
abm_balanced_h12_common_cells,univariate_ar_p1_constant,beforeit_var_p1_constant,real_gdp,2,50,8.038901656718895,3.3635801059921935,1.0023679555515346,0.8702219940916511
abm_balanced_h12_common_cells,univariate_ar_p1_constant,beforeit_var_p1_constant,real_gdp,4,50,7.711854787220712,3.2909183359438394,1.1330008540739427,1.0449113051673897
abm_balanced_h12_common_cells,univariate_ar_p1_constant,beforeit_var_p1_constant,real_gdp,8,50,6.95666372332705,3.0693492754839995,0.8540351492481963,0.8602056517276679
abm_balanced_h12_common_cells,univariate_ar_p1_constant,beforeit_var_p1_constant,real_gdp,12,50,6.865110779820829,3.069025939172327,1.0200716596188604,1.0461276874723162
abm_balanced_h12_common_cells,univariate_ar_p1_constant,beforeit_var_p1_constant,gdp_deflator,1,50,1.4938184164312756,1.1117372332908104,0.7903054047463559,0.9391696348366226
abm_balanced_h12_common_cells,univariate_ar_p1_constant,beforeit_var_p1_constant,gdp_deflator,2,50,1.776206022246726,1.1887763953924437,0.7769114810014309,0.7833153518438172
abm_balanced_h12_common_cells,univariate_ar_p1_constant,beforeit_var_p1_constant,gdp_deflator,4,50,2.062207728438347,1.3247679245723885,0.823937994849832,0.7957154503452603
abm_balanced_h12_common_cells,univariate_ar_p1_constant,beforeit_var_p1_constant,gdp_deflator,8,50,2.0967978300755217,1.3512855439946423,0.9730780686456364,0.8638001168538012
abm_balanced_h12_common_cells,univariate_ar_p1_constant,beforeit_var_p1_constant,gdp_deflator,12,50,2.10136444711278,1.379642755349462,0.8883447754606705,0.8401766832124854
abm_balanced_h12_common_cells,univariate_ar_p1_constant,beforeit_var_p1_constant,nominal_gdp,1,50,11.119067560580365,4.558414683126079,0.9690287854498715,0.9872881309586229
abm_balanced_h12_common_cells,univariate_ar_p1_constant,beforeit_var_p1_constant,nominal_gdp,2,50,9.185039274970668,4.27092139592647,0.9639946084459252,0.8990075257165582
abm_balanced_h12_common_cells,univariate_ar_p1_constant,beforeit_var_p1_constant,nominal_gdp,4,50,9.12889738952555,4.18005375558634,1.1533084843701333,1.0152312146896931
abm_balanced_h12_common_cells,univariate_ar_p1_constant,beforeit_var_p1_constant,nominal_gdp,8,50,8.423036705471175,4.017612323425826,0.9302369950615126,0.8770664748712256
abm_balanced_h12_common_cells,univariate_ar_p1_constant,beforeit_var_p1_constant,nominal_gdp,12,50,7.93245602336929,3.9526654810563557,1.0241356501574108,1.0013836722207081
abm_balanced_h12_common_cells,univariate_ar_p1_constant,beforeit_var_p1_constant,unemployment_rate,1,50,1.45614265388279,0.5604542886176445,0.6280529091195242,0.83669545847634
abm_balanced_h12_common_cells,univariate_ar_p1_constant,beforeit_var_p1_constant,unemployment_rate,2,50,1.8057189927570085,0.9428013027520588,0.4984489499726629,0.8633903383755837
abm_balanced_h12_common_cells,univariate_ar_p1_constant,beforeit_var_p1_constant,unemployment_rate,4,50,2.1167696583717404,1.4898043734696338,0.4717676672314545,0.9225029488161925
abm_balanced_h12_common_cells,univariate_ar_p1_constant,beforeit_var_p1_constant,unemployment_rate,8,50,2.5894323866415676,2.166748518764526,1.112427476345639,1.3728475933021942
abm_balanced_h12_common_cells,univariate_ar_p1_constant,beforeit_var_p1_constant,unemployment_rate,12,50,2.9408328439303117,2.500153734626356,0.754405285597874,1.2055986735114606
abm_balanced_h12_common_cells,univariate_ar_p1_constant,beforeit_var_p1_constant,effective_federal_funds_rate,1,50,0.38212683324267743,0.18239111484824838,0.5356844481758833,0.4584871369041427
abm_balanced_h12_common_cells,univariate_ar_p1_constant,beforeit_var_p1_constant,effective_federal_funds_rate,2,50,0.724145865531279,0.3681353569326675,0.541225986010311,0.509860927084472
abm_balanced_h12_common_cells,univariate_ar_p1_constant,beforeit_var_p1_constant,effective_federal_funds_rate,4,50,1.2939780126157265,0.7333334631401901,0.5862723883247752,0.5791500361112653
abm_balanced_h12_common_cells,univariate_ar_p1_constant,beforeit_var_p1_constant,effective_federal_funds_rate,8,50,2.0161800865845407,1.3275350879163945,0.8183054879031415,0.7259704704549605
abm_balanced_h12_common_cells,univariate_ar_p1_constant,beforeit_var_p1_constant,effective_federal_funds_rate,12,50,2.278897188904244,1.604173486908887,0.8476729248382397,0.7657719169301954
abm_balanced_h12_common_cells,univariate_ar_p4_constant,beforeit_var_p1_constant,real_gdp,1,50,10.78953229818738,4.215927952803541,1.0787304572413146,1.0245776573629624
abm_balanced_h12_common_cells,univariate_ar_p4_constant,beforeit_var_p1_constant,real_gdp,2,50,8.231406884122551,3.4629116797939927,1.026371367891367,0.8959209569544861
abm_balanced_h12_common_cells,univariate_ar_p4_constant,beforeit_var_p1_constant,real_gdp,4,50,6.7151297352147274,2.8888740067700507,0.9865652213554663,0.9172567656597583
abm_balanced_h12_common_cells,univariate_ar_p4_constant,beforeit_var_p1_constant,real_gdp,8,50,6.983053640328565,3.063297506291777,0.8572749086503164,0.8585096029580862
abm_balanced_h12_common_cells,univariate_ar_p4_constant,beforeit_var_p1_constant,real_gdp,12,50,6.912774752212147,3.0948652110683974,1.0271539440831043,1.05493542591779
abm_balanced_h12_common_cells,univariate_ar_p4_constant,beforeit_var_p1_constant,gdp_deflator,1,50,1.5359205897592174,1.178342404367287,0.8125795812906047,0.9954361268861539
abm_balanced_h12_common_cells,univariate_ar_p4_constant,beforeit_var_p1_constant,gdp_deflator,2,50,1.7459582426908906,1.236627068026476,0.7636811198173135,0.8148453911477322
abm_balanced_h12_common_cells,univariate_ar_p4_constant,beforeit_var_p1_constant,gdp_deflator,4,50,2.21947813727915,1.4523865310628623,0.886774082370284,0.8723689494619299
abm_balanced_h12_common_cells,univariate_ar_p4_constant,beforeit_var_p1_constant,gdp_deflator,8,50,2.361798787754323,1.5655921846217797,1.0960592241908251,1.0007941830146991
abm_balanced_h12_common_cells,univariate_ar_p4_constant,beforeit_var_p1_constant,gdp_deflator,12,50,2.3173729950334097,1.485963944969872,0.979661664953014,0.9049243029162942
abm_balanced_h12_common_cells,univariate_ar_p4_constant,beforeit_var_p1_constant,nominal_gdp,1,50,12.75161681394554,5.541692518313522,1.1113057535100401,1.2002521993021176
abm_balanced_h12_common_cells,univariate_ar_p4_constant,beforeit_var_p1_constant,nominal_gdp,2,50,9.440683792837627,4.234227264443328,0.9908251890808994,0.8912835951416614
abm_balanced_h12_common_cells,univariate_ar_p4_constant,beforeit_var_p1_constant,nominal_gdp,4,50,8.418141660045762,4.008934180747691,1.0635144404515036,0.9736705209812799
abm_balanced_h12_common_cells,univariate_ar_p4_constant,beforeit_var_p1_constant,nominal_gdp,8,50,7.560176326436866,3.57507230287781,0.834943020427739,0.7804575976163581
abm_balanced_h12_common_cells,univariate_ar_p4_constant,beforeit_var_p1_constant,nominal_gdp,12,50,7.54843472177939,3.638053186112753,0.9745558095356134,0.921678567716845
abm_balanced_h12_common_cells,univariate_ar_p4_constant,beforeit_var_p1_constant,unemployment_rate,1,50,3.318887397779166,1.1483371574973,1.431478488496441,1.714338714130364
abm_balanced_h12_common_cells,univariate_ar_p4_constant,beforeit_var_p1_constant,unemployment_rate,2,50,4.102995695526498,1.3880767499965143,1.1325870217796106,1.2711607964185685
abm_balanced_h12_common_cells,univariate_ar_p4_constant,beforeit_var_p1_constant,unemployment_rate,4,50,6.180595467141049,2.319985218417619,1.377478694529913,1.436559888877152
abm_balanced_h12_common_cells,univariate_ar_p4_constant,beforeit_var_p1_constant,unemployment_rate,8,50,2.910181624975536,1.9500541327600553,1.250222256228815,1.235550457186942
abm_balanced_h12_common_cells,univariate_ar_p4_constant,beforeit_var_p1_constant,unemployment_rate,12,50,6.545687230778066,2.9246715196892707,1.6791505355230931,1.4103053167332869
abm_balanced_h12_common_cells,univariate_ar_p4_constant,beforeit_var_p1_constant,effective_federal_funds_rate,1,50,0.2931720790111328,0.19674187090497444,0.41098323829543476,0.49456146575690757
abm_balanced_h12_common_cells,univariate_ar_p4_constant,beforeit_var_p1_constant,effective_federal_funds_rate,2,50,0.5944982759394137,0.4186119734102269,0.444327491037565,0.5797701438675883
abm_balanced_h12_common_cells,univariate_ar_p4_constant,beforeit_var_p1_constant,effective_federal_funds_rate,4,50,1.1990889611048798,0.8782276699260534,0.5432802892993203,0.6935802228001602
abm_balanced_h12_common_cells,univariate_ar_p4_constant,beforeit_var_p1_constant,effective_federal_funds_rate,8,50,2.053702777315538,1.7093539118356533,0.8335347940302953,0.9347703686665255
abm_balanced_h12_common_cells,univariate_ar_p4_constant,beforeit_var_p1_constant,effective_federal_funds_rate,12,50,2.41479468447564,2.084102698565539,0.8982222116204954,0.9948720207533087
abm_balanced_h12_common_cells,univariate_ar_bic_p1-2-3-4-5-6-7-8_constant,beforeit_var_p1_constant,real_gdp,1,50,9.960814402072339,3.6993517725686456,0.9958757782530119,0.8990365146964667
abm_balanced_h12_common_cells,univariate_ar_bic_p1-2-3-4-5-6-7-8_constant,beforeit_var_p1_constant,real_gdp,2,50,8.038901656718895,3.3635801059921935,1.0023679555515346,0.8702219940916511
abm_balanced_h12_common_cells,univariate_ar_bic_p1-2-3-4-5-6-7-8_constant,beforeit_var_p1_constant,real_gdp,4,50,7.711854787220712,3.2909183359438394,1.1330008540739427,1.0449113051673897
abm_balanced_h12_common_cells,univariate_ar_bic_p1-2-3-4-5-6-7-8_constant,beforeit_var_p1_constant,real_gdp,8,50,6.95666372332705,3.0693492754839995,0.8540351492481963,0.8602056517276679
abm_balanced_h12_common_cells,univariate_ar_bic_p1-2-3-4-5-6-7-8_constant,beforeit_var_p1_constant,real_gdp,12,50,6.865110779820829,3.069025939172327,1.0200716596188604,1.0461276874723162
abm_balanced_h12_common_cells,univariate_ar_bic_p1-2-3-4-5-6-7-8_constant,beforeit_var_p1_constant,gdp_deflator,1,50,1.4961981883549136,1.1255925981928823,0.7915644243116708,0.9508743233241073
abm_balanced_h12_common_cells,univariate_ar_bic_p1-2-3-4-5-6-7-8_constant,beforeit_var_p1_constant,gdp_deflator,2,50,1.7431889338074995,1.2043394524021955,0.7624698257224852,0.793570250514929
abm_balanced_h12_common_cells,univariate_ar_bic_p1-2-3-4-5-6-7-8_constant,beforeit_var_p1_constant,gdp_deflator,4,50,2.191049137557767,1.4092656442933287,0.875415511309278,0.8464685972578397
abm_balanced_h12_common_cells,univariate_ar_bic_p1-2-3-4-5-6-7-8_constant,beforeit_var_p1_constant,gdp_deflator,8,50,2.2609586872911396,1.5015189026697087,1.0492615364055358,0.9598357722011035
abm_balanced_h12_common_cells,univariate_ar_bic_p1-2-3-4-5-6-7-8_constant,beforeit_var_p1_constant,gdp_deflator,12,50,2.2288422933142864,1.465265298139257,0.9422356075891392,0.8923192133931533
abm_balanced_h12_common_cells,univariate_ar_bic_p1-2-3-4-5-6-7-8_constant,beforeit_var_p1_constant,nominal_gdp,1,50,11.119067560580365,4.558414683126079,0.9690287854498715,0.9872881309586229
abm_balanced_h12_common_cells,univariate_ar_bic_p1-2-3-4-5-6-7-8_constant,beforeit_var_p1_constant,nominal_gdp,2,50,9.185039274970668,4.27092139592647,0.9639946084459252,0.8990075257165582
abm_balanced_h12_common_cells,univariate_ar_bic_p1-2-3-4-5-6-7-8_constant,beforeit_var_p1_constant,nominal_gdp,4,50,9.12889738952555,4.18005375558634,1.1533084843701333,1.0152312146896931
abm_balanced_h12_common_cells,univariate_ar_bic_p1-2-3-4-5-6-7-8_constant,beforeit_var_p1_constant,nominal_gdp,8,50,8.423036705471175,4.017612323425826,0.9302369950615126,0.8770664748712256
abm_balanced_h12_common_cells,univariate_ar_bic_p1-2-3-4-5-6-7-8_constant,beforeit_var_p1_constant,nominal_gdp,12,50,7.93245602336929,3.9526654810563557,1.0241356501574108,1.0013836722207081
abm_balanced_h12_common_cells,univariate_ar_bic_p1-2-3-4-5-6-7-8_constant,beforeit_var_p1_constant,unemployment_rate,1,50,2.8987623551342145,0.9168456069048164,1.2502731961965803,1.3687477658763922
abm_balanced_h12_common_cells,univariate_ar_bic_p1-2-3-4-5-6-7-8_constant,beforeit_var_p1_constant,unemployment_rate,2,50,3.7268020794402443,1.2158507459933383,1.0287428944947152,1.1134411714675603
abm_balanced_h12_common_cells,univariate_ar_bic_p1-2-3-4-5-6-7-8_constant,beforeit_var_p1_constant,unemployment_rate,4,50,5.205511238949351,1.826210109774388,1.160160192316483,1.1308090118579277
abm_balanced_h12_common_cells,univariate_ar_bic_p1-2-3-4-5-6-7-8_constant,beforeit_var_p1_constant,unemployment_rate,8,50,3.6401115228493275,2.1795205045401724,1.5638022046336888,1.3809398983306447
abm_balanced_h12_common_cells,univariate_ar_bic_p1-2-3-4-5-6-7-8_constant,beforeit_var_p1_constant,unemployment_rate,12,50,8.220870563658599,3.394166260524412,2.108881576945209,1.6367002895432465
abm_balanced_h12_common_cells,univariate_ar_bic_p1-2-3-4-5-6-7-8_constant,beforeit_var_p1_constant,effective_federal_funds_rate,1,50,0.280900759329769,0.18550291960052406,0.3937806905022873,0.46630946121343064
abm_balanced_h12_common_cells,univariate_ar_bic_p1-2-3-4-5-6-7-8_constant,beforeit_var_p1_constant,effective_federal_funds_rate,2,50,0.5719961732330153,0.3992939227280776,0.42750943917222617,0.5530149869809138
abm_balanced_h12_common_cells,univariate_ar_bic_p1-2-3-4-5-6-7-8_constant,beforeit_var_p1_constant,effective_federal_funds_rate,4,50,1.1691578478679288,0.856771982348444,0.5297191738309249,0.6766355954785661
abm_balanced_h12_common_cells,univariate_ar_bic_p1-2-3-4-5-6-7-8_constant,beforeit_var_p1_constant,effective_federal_funds_rate,8,50,1.9727652127833413,1.6249331468430135,0.800684725886626,0.8886043704675128
abm_balanced_h12_common_cells,univariate_ar_bic_p1-2-3-4-5-6-7-8_constant,beforeit_var_p1_constant,effective_federal_funds_rate,12,50,2.2859058320747043,1.9444602834284053,0.8502799038122707,0.9282119987563248
abm_balanced_h12_common_cells,beforeit_var_p1_constant,beforeit_var_p1_constant,real_gdp,1,50,10.002065136623594,4.1147959088376105,1.0,1.0
abm_balanced_h12_common_cells,beforeit_var_p1_constant,beforeit_var_p1_constant,real_gdp,2,50,8.019910864265047,3.8651977642821373,1.0,1.0
abm_balanced_h12_common_cells,beforeit_var_p1_constant,beforeit_var_p1_constant,real_gdp,4,50,6.806574557725281,3.1494714619980595,1.0,1.0
abm_balanced_h12_common_cells,beforeit_var_p1_constant,beforeit_var_p1_constant,real_gdp,8,50,8.1456409955152,3.5681575322359347,1.0,1.0
abm_balanced_h12_common_cells,beforeit_var_p1_constant,beforeit_var_p1_constant,real_gdp,12,50,6.730027949591218,2.9337010920605646,1.0,1.0
abm_balanced_h12_common_cells,beforeit_var_p1_constant,beforeit_var_p1_constant,gdp_deflator,1,50,1.8901786669556033,1.1837448657336622,1.0,1.0
abm_balanced_h12_common_cells,beforeit_var_p1_constant,beforeit_var_p1_constant,gdp_deflator,2,50,2.2862398943534914,1.5176217248828672,1.0,1.0
abm_balanced_h12_common_cells,beforeit_var_p1_constant,beforeit_var_p1_constant,gdp_deflator,4,50,2.5028676202924682,1.6648764630592165,1.0,1.0
abm_balanced_h12_common_cells,beforeit_var_p1_constant,beforeit_var_p1_constant,gdp_deflator,8,50,2.1548094625068646,1.564349804577936,1.0,1.0
abm_balanced_h12_common_cells,beforeit_var_p1_constant,beforeit_var_p1_constant,gdp_deflator,12,50,2.3654829804374904,1.6420864598078146,1.0,1.0
abm_balanced_h12_common_cells,beforeit_var_p1_constant,beforeit_var_p1_constant,nominal_gdp,1,50,11.474445060389346,4.617106739346714,1.0,1.0
abm_balanced_h12_common_cells,beforeit_var_p1_constant,beforeit_var_p1_constant,nominal_gdp,2,50,9.528102330134452,4.750707056119816,1.0,1.0
abm_balanced_h12_common_cells,beforeit_var_p1_constant,beforeit_var_p1_constant,nominal_gdp,4,50,7.9153994904591345,4.117341641099934,1.0,1.0
abm_balanced_h12_common_cells,beforeit_var_p1_constant,beforeit_var_p1_constant,nominal_gdp,8,50,9.054721270157822,4.580738676638744,1.0,1.0
abm_balanced_h12_common_cells,beforeit_var_p1_constant,beforeit_var_p1_constant,nominal_gdp,12,50,7.7455130305736954,3.947203844746907,1.0,1.0
abm_balanced_h12_common_cells,beforeit_var_p1_constant,beforeit_var_p1_constant,unemployment_rate,1,50,2.3185031591115086,0.6698426326327346,1.0,1.0
abm_balanced_h12_common_cells,beforeit_var_p1_constant,beforeit_var_p1_constant,unemployment_rate,2,50,3.6226758885860666,1.091975738952421,1.0,1.0
abm_balanced_h12_common_cells,beforeit_var_p1_constant,beforeit_var_p1_constant,unemployment_rate,4,50,4.48689006347955,1.614958928187096,1.0,1.0
abm_balanced_h12_common_cells,beforeit_var_p1_constant,beforeit_var_p1_constant,unemployment_rate,8,50,2.3277314177351487,1.5782877351685582,1.0,1.0
abm_balanced_h12_common_cells,beforeit_var_p1_constant,beforeit_var_p1_constant,unemployment_rate,12,50,3.8982134670486452,2.0737860695751578,1.0,1.0
abm_balanced_h12_common_cells,beforeit_var_p1_constant,beforeit_var_p1_constant,effective_federal_funds_rate,1,50,0.7133431529399417,0.39781075665462223,1.0,1.0
abm_balanced_h12_common_cells,beforeit_var_p1_constant,beforeit_var_p1_constant,effective_federal_funds_rate,2,50,1.3379732020433386,0.7220309252520465,1.0,1.0
abm_balanced_h12_common_cells,beforeit_var_p1_constant,beforeit_var_p1_constant,effective_federal_funds_rate,4,50,2.20712767373057,1.2662236336273032,1.0,1.0
abm_balanced_h12_common_cells,beforeit_var_p1_constant,beforeit_var_p1_constant,effective_federal_funds_rate,8,50,2.4638476906110953,1.828635105618604,1.0,1.0
abm_balanced_h12_common_cells,beforeit_var_p1_constant,beforeit_var_p1_constant,effective_federal_funds_rate,12,50,2.688415687382162,2.0948450203549536,1.0,1.0
abm_balanced_h12_common_cells,beforeit_var_p2_constant,beforeit_var_p1_constant,real_gdp,1,50,10.484454393179814,4.766495986350777,1.0482289657152803,1.1583796844245589
abm_balanced_h12_common_cells,beforeit_var_p2_constant,beforeit_var_p1_constant,real_gdp,2,50,10.40744878627631,4.790849207650378,1.2977013039695497,1.239483591738069
abm_balanced_h12_common_cells,beforeit_var_p2_constant,beforeit_var_p1_constant,real_gdp,4,50,13.036298843665174,4.732078631106811,1.9152510169552643,1.50249928859642
abm_balanced_h12_common_cells,beforeit_var_p2_constant,beforeit_var_p1_constant,real_gdp,8,50,27.720287766679178,7.273116058243446,3.403082431688473,2.0383393929599998
abm_balanced_h12_common_cells,beforeit_var_p2_constant,beforeit_var_p1_constant,real_gdp,12,50,66.75191609607441,13.400934041514104,9.918519892644566,4.567927549872367
abm_balanced_h12_common_cells,beforeit_var_p2_constant,beforeit_var_p1_constant,gdp_deflator,1,50,1.6882070616568734,1.1678500378323122,0.8931468179015937,0.9865724208303124
abm_balanced_h12_common_cells,beforeit_var_p2_constant,beforeit_var_p1_constant,gdp_deflator,2,50,2.567238126884084,1.5431511916399614,1.1229084634664088,1.016822022470102
abm_balanced_h12_common_cells,beforeit_var_p2_constant,beforeit_var_p1_constant,gdp_deflator,4,50,3.327889200329766,1.9448263403302912,1.3296305299362543,1.168150540585255
abm_balanced_h12_common_cells,beforeit_var_p2_constant,beforeit_var_p1_constant,gdp_deflator,8,50,5.740602202319778,2.6480496586872424,2.6640880793428807,1.6927477799006023
abm_balanced_h12_common_cells,beforeit_var_p2_constant,beforeit_var_p1_constant,gdp_deflator,12,50,11.97461078484844,3.886064244533435,5.062226565939513,2.3665405809315603
abm_balanced_h12_common_cells,beforeit_var_p2_constant,beforeit_var_p1_constant,nominal_gdp,1,50,11.440327571797997,5.389506405670584,0.9970266545866235,1.1672908403311375
abm_balanced_h12_common_cells,beforeit_var_p2_constant,beforeit_var_p1_constant,nominal_gdp,2,50,11.776480737995685,5.629349889260233,1.2359733690884391,1.1849499080370696
abm_balanced_h12_common_cells,beforeit_var_p2_constant,beforeit_var_p1_constant,nominal_gdp,4,50,14.540977395954426,6.024538971385272,1.8370490855807675,1.4632108521788436
abm_balanced_h12_common_cells,beforeit_var_p2_constant,beforeit_var_p1_constant,nominal_gdp,8,50,31.727834009891485,9.44838220591588,3.5040100145830855,2.0626328792999202
abm_balanced_h12_common_cells,beforeit_var_p2_constant,beforeit_var_p1_constant,nominal_gdp,12,50,76.60985905261835,16.57298757684322,9.890869558958576,4.198665239673193
abm_balanced_h12_common_cells,beforeit_var_p2_constant,beforeit_var_p1_constant,unemployment_rate,1,50,2.257313316038524,0.776665728050701,0.9736080398111541,1.1594749127837851
abm_balanced_h12_common_cells,beforeit_var_p2_constant,beforeit_var_p1_constant,unemployment_rate,2,50,2.850063724994444,1.0288542018027211,0.786728874634939,0.9421951102958982
abm_balanced_h12_common_cells,beforeit_var_p2_constant,beforeit_var_p1_constant,unemployment_rate,4,50,3.0921197912012754,1.4949156475817182,0.6891454320151894,0.9256679049168547
abm_balanced_h12_common_cells,beforeit_var_p2_constant,beforeit_var_p1_constant,unemployment_rate,8,50,3.543413691283413,2.0201671187714085,1.5222605427266633,1.2799739070111056
abm_balanced_h12_common_cells,beforeit_var_p2_constant,beforeit_var_p1_constant,unemployment_rate,12,50,7.6584258019045395,3.0192931834701295,1.96459887757321,1.4559328118587813
abm_balanced_h12_common_cells,beforeit_var_p2_constant,beforeit_var_p1_constant,effective_federal_funds_rate,1,50,0.3651572923699817,0.284543134733874,0.5118956996573644,0.7152726012909532
abm_balanced_h12_common_cells,beforeit_var_p2_constant,beforeit_var_p1_constant,effective_federal_funds_rate,2,50,0.773038247645322,0.5596336707934971,0.5777681096039489,0.7750826885955615
abm_balanced_h12_common_cells,beforeit_var_p2_constant,beforeit_var_p1_constant,effective_federal_funds_rate,4,50,1.3408796379898844,0.9481787098541958,0.6075224618626069,0.7488240502493102
abm_balanced_h12_common_cells,beforeit_var_p2_constant,beforeit_var_p1_constant,effective_federal_funds_rate,8,50,2.1110579276781563,1.5424456804932447,0.8568134855586635,0.843495608147288
abm_balanced_h12_common_cells,beforeit_var_p2_constant,beforeit_var_p1_constant,effective_federal_funds_rate,12,50,2.826640894484204,2.0182442466347674,1.0514151169965231,0.963433679830307
abm_balanced_h12_common_cells,beforeit_var_p3_constant,beforeit_var_p1_constant,real_gdp,1,50,9.328296669983525,4.93430581893633,0.9326370647024687,1.1991617393073142
abm_balanced_h12_common_cells,beforeit_var_p3_constant,beforeit_var_p1_constant,real_gdp,2,50,11.415611482941042,6.0012556814685025,1.4234087730084992,1.5526387128041517
abm_balanced_h12_common_cells,beforeit_var_p3_constant,beforeit_var_p1_constant,real_gdp,4,50,14.422693100992003,5.990666377477737,2.1189355936199403,1.9021180060724197
abm_balanced_h12_common_cells,beforeit_var_p3_constant,beforeit_var_p1_constant,real_gdp,8,50,28.179307001965867,9.0535523565401,3.4594339497015323,2.5373185670047538
abm_balanced_h12_common_cells,beforeit_var_p3_constant,beforeit_var_p1_constant,real_gdp,12,50,278.12664143325566,45.71023818162209,41.32622383093507,15.58108230771263
abm_balanced_h12_common_cells,beforeit_var_p3_constant,beforeit_var_p1_constant,gdp_deflator,1,50,2.072116466276029,1.3706290283794822,1.0962542866984433,1.1578753733643379
abm_balanced_h12_common_cells,beforeit_var_p3_constant,beforeit_var_p1_constant,gdp_deflator,2,50,4.224157177481071,2.131251781958765,1.8476438924514473,1.4043366321230404
abm_balanced_h12_common_cells,beforeit_var_p3_constant,beforeit_var_p1_constant,gdp_deflator,4,50,4.9088244716047535,2.58573137519541,1.9612801059894416,1.5531070518254064
abm_balanced_h12_common_cells,beforeit_var_p3_constant,beforeit_var_p1_constant,gdp_deflator,8,50,20.027483466910706,5.85409236037475,9.294317579063863,3.7421888271045574
abm_balanced_h12_common_cells,beforeit_var_p3_constant,beforeit_var_p1_constant,gdp_deflator,12,50,55.59187896452723,12.034442144502725,23.501280467571004,7.32875061031269
abm_balanced_h12_common_cells,beforeit_var_p3_constant,beforeit_var_p1_constant,nominal_gdp,1,50,9.801311391224317,5.402525647614409,0.8541860926293671,1.17011062394863
abm_balanced_h12_common_cells,beforeit_var_p3_constant,beforeit_var_p1_constant,nominal_gdp,2,50,14.81216905569827,7.564070461209069,1.5545770335454883,1.5921988815254575
abm_balanced_h12_common_cells,beforeit_var_p3_constant,beforeit_var_p1_constant,nominal_gdp,4,50,17.482187268317578,7.778470903936075,2.208629809448003,1.8891973467273615
abm_balanced_h12_common_cells,beforeit_var_p3_constant,beforeit_var_p1_constant,nominal_gdp,8,50,47.70014483915874,14.401971844851719,5.267985994926969,3.144028258651856
abm_balanced_h12_common_cells,beforeit_var_p3_constant,beforeit_var_p1_constant,nominal_gdp,12,50,331.30680602976605,53.02940850376831,42.77402990892997,13.434676948428168
abm_balanced_h12_common_cells,beforeit_var_p3_constant,beforeit_var_p1_constant,unemployment_rate,1,50,1.8542632227318863,0.6744744259355674,0.7997673910621165,1.0069147484456582
abm_balanced_h12_common_cells,beforeit_var_p3_constant,beforeit_var_p1_constant,unemployment_rate,2,50,3.6606908325129606,1.4015445943589107,1.0104936088946481,1.2834942612401556
abm_balanced_h12_common_cells,beforeit_var_p3_constant,beforeit_var_p1_constant,unemployment_rate,4,50,3.239343281558728,1.8888785317559076,0.7219573548112835,1.1696139751840657
abm_balanced_h12_common_cells,beforeit_var_p3_constant,beforeit_var_p1_constant,unemployment_rate,8,50,18.682651554658058,5.527357467091928,8.026119943354988,3.50212280303985
abm_balanced_h12_common_cells,beforeit_var_p3_constant,beforeit_var_p1_constant,unemployment_rate,12,50,68.56526663667157,15.527040432950033,17.58889481457326,7.487291317436108
abm_balanced_h12_common_cells,beforeit_var_p3_constant,beforeit_var_p1_constant,effective_federal_funds_rate,1,50,0.45793199482803165,0.3264543614388877,0.6419519034292689,0.8206272856576227
abm_balanced_h12_common_cells,beforeit_var_p3_constant,beforeit_var_p1_constant,effective_federal_funds_rate,2,50,0.8946740911943868,0.6002728008787598,0.6686786325974615,0.8313671615508943
abm_balanced_h12_common_cells,beforeit_var_p3_constant,beforeit_var_p1_constant,effective_federal_funds_rate,4,50,1.7043920946033322,1.2113394352046982,0.7722217952722712,0.9566552092655385
abm_balanced_h12_common_cells,beforeit_var_p3_constant,beforeit_var_p1_constant,effective_federal_funds_rate,8,50,3.571616684505598,2.4387763130995395,1.4496093642946528,1.333659353692946
abm_balanced_h12_common_cells,beforeit_var_p3_constant,beforeit_var_p1_constant,effective_federal_funds_rate,12,50,4.877518164959629,3.0730825405738034,1.8142723195121289,1.466973695291834
abm_balanced_h12_common_cells,bvar_mniw_v1_p1_constant_tight3fc999999999999a_decay3ff0000000000000_own0000000000000000_ivar4059000000000000_iwoff2_iscale3ff0000000000000_floor3e45798ee2308c3a_diffmse_scale,beforeit_var_p1_constant,real_gdp,1,50,8.697014045629317,3.5614607295441,0.8695218364239903,0.8655254861838768
abm_balanced_h12_common_cells,bvar_mniw_v1_p1_constant_tight3fc999999999999a_decay3ff0000000000000_own0000000000000000_ivar4059000000000000_iwoff2_iscale3ff0000000000000_floor3e45798ee2308c3a_diffmse_scale,beforeit_var_p1_constant,real_gdp,2,50,7.00161975317965,3.1802511990844557,0.8730296223586876,0.822791327386351
abm_balanced_h12_common_cells,bvar_mniw_v1_p1_constant_tight3fc999999999999a_decay3ff0000000000000_own0000000000000000_ivar4059000000000000_iwoff2_iscale3ff0000000000000_floor3e45798ee2308c3a_diffmse_scale,beforeit_var_p1_constant,real_gdp,4,50,6.636847963916363,2.8674887252794052,0.975064315777415,0.9104666480960074
abm_balanced_h12_common_cells,bvar_mniw_v1_p1_constant_tight3fc999999999999a_decay3ff0000000000000_own0000000000000000_ivar4059000000000000_iwoff2_iscale3ff0000000000000_floor3e45798ee2308c3a_diffmse_scale,beforeit_var_p1_constant,real_gdp,8,50,6.688924642945317,2.9034458089843316,0.8211661484502059,0.813710096248169
abm_balanced_h12_common_cells,bvar_mniw_v1_p1_constant_tight3fc999999999999a_decay3ff0000000000000_own0000000000000000_ivar4059000000000000_iwoff2_iscale3ff0000000000000_floor3e45798ee2308c3a_diffmse_scale,beforeit_var_p1_constant,real_gdp,12,50,6.647200801353926,2.77910671402347,0.9876928968411903,0.9473039777448796
abm_balanced_h12_common_cells,bvar_mniw_v1_p1_constant_tight3fc999999999999a_decay3ff0000000000000_own0000000000000000_ivar4059000000000000_iwoff2_iscale3ff0000000000000_floor3e45798ee2308c3a_diffmse_scale,beforeit_var_p1_constant,gdp_deflator,1,50,1.7956816781289506,1.2139815980902802,0.9500063192550716,1.0255432849019184
abm_balanced_h12_common_cells,bvar_mniw_v1_p1_constant_tight3fc999999999999a_decay3ff0000000000000_own0000000000000000_ivar4059000000000000_iwoff2_iscale3ff0000000000000_floor3e45798ee2308c3a_diffmse_scale,beforeit_var_p1_constant,gdp_deflator,2,50,2.0395408620112856,1.369126036490878,0.89209398674588,0.9021523704113749
abm_balanced_h12_common_cells,bvar_mniw_v1_p1_constant_tight3fc999999999999a_decay3ff0000000000000_own0000000000000000_ivar4059000000000000_iwoff2_iscale3ff0000000000000_floor3e45798ee2308c3a_diffmse_scale,beforeit_var_p1_constant,gdp_deflator,4,50,2.181464584430928,1.4016765648198493,0.8715860825975354,0.8419102533555334
abm_balanced_h12_common_cells,bvar_mniw_v1_p1_constant_tight3fc999999999999a_decay3ff0000000000000_own0000000000000000_ivar4059000000000000_iwoff2_iscale3ff0000000000000_floor3e45798ee2308c3a_diffmse_scale,beforeit_var_p1_constant,gdp_deflator,8,50,2.135845051828864,1.3994453028447122,0.9911990312795742,0.8945859159820617
abm_balanced_h12_common_cells,bvar_mniw_v1_p1_constant_tight3fc999999999999a_decay3ff0000000000000_own0000000000000000_ivar4059000000000000_iwoff2_iscale3ff0000000000000_floor3e45798ee2308c3a_diffmse_scale,beforeit_var_p1_constant,gdp_deflator,12,50,2.150312237765924,1.4179676308770082,0.9090372898680626,0.863515816970419
abm_balanced_h12_common_cells,bvar_mniw_v1_p1_constant_tight3fc999999999999a_decay3ff0000000000000_own0000000000000000_ivar4059000000000000_iwoff2_iscale3ff0000000000000_floor3e45798ee2308c3a_diffmse_scale,beforeit_var_p1_constant,nominal_gdp,1,50,9.970016063751165,4.1066793685889245,0.868888735906577,0.8894486526794025
abm_balanced_h12_common_cells,bvar_mniw_v1_p1_constant_tight3fc999999999999a_decay3ff0000000000000_own0000000000000000_ivar4059000000000000_iwoff2_iscale3ff0000000000000_floor3e45798ee2308c3a_diffmse_scale,beforeit_var_p1_constant,nominal_gdp,2,50,8.064537963803991,3.9594029197226144,0.8463949781792689,0.8334344494304589
abm_balanced_h12_common_cells,bvar_mniw_v1_p1_constant_tight3fc999999999999a_decay3ff0000000000000_own0000000000000000_ivar4059000000000000_iwoff2_iscale3ff0000000000000_floor3e45798ee2308c3a_diffmse_scale,beforeit_var_p1_constant,nominal_gdp,4,50,7.546270012028996,3.7003223257347657,0.9533656540172015,0.8987163680559278
abm_balanced_h12_common_cells,bvar_mniw_v1_p1_constant_tight3fc999999999999a_decay3ff0000000000000_own0000000000000000_ivar4059000000000000_iwoff2_iscale3ff0000000000000_floor3e45798ee2308c3a_diffmse_scale,beforeit_var_p1_constant,nominal_gdp,8,50,7.559892806562743,3.667809149916786,0.8349117085998359,0.8007025523246291
abm_balanced_h12_common_cells,bvar_mniw_v1_p1_constant_tight3fc999999999999a_decay3ff0000000000000_own0000000000000000_ivar4059000000000000_iwoff2_iscale3ff0000000000000_floor3e45798ee2308c3a_diffmse_scale,beforeit_var_p1_constant,nominal_gdp,12,50,7.573625493837048,3.658408586759395,0.9778081147035504,0.9268354842195818
abm_balanced_h12_common_cells,bvar_mniw_v1_p1_constant_tight3fc999999999999a_decay3ff0000000000000_own0000000000000000_ivar4059000000000000_iwoff2_iscale3ff0000000000000_floor3e45798ee2308c3a_diffmse_scale,beforeit_var_p1_constant,unemployment_rate,1,50,1.849276131041373,0.6046263804189478,0.7976163947734487,0.9026394424053568
abm_balanced_h12_common_cells,bvar_mniw_v1_p1_constant_tight3fc999999999999a_decay3ff0000000000000_own0000000000000000_ivar4059000000000000_iwoff2_iscale3ff0000000000000_floor3e45798ee2308c3a_diffmse_scale,beforeit_var_p1_constant,unemployment_rate,2,50,2.3975310617255743,0.9664797397759655,0.6618121895142357,0.8850743705195784
abm_balanced_h12_common_cells,bvar_mniw_v1_p1_constant_tight3fc999999999999a_decay3ff0000000000000_own0000000000000000_ivar4059000000000000_iwoff2_iscale3ff0000000000000_floor3e45798ee2308c3a_diffmse_scale,beforeit_var_p1_constant,unemployment_rate,4,50,2.398176422910315,1.3815897271188446,0.5344852200480587,0.8554952717403008
abm_balanced_h12_common_cells,bvar_mniw_v1_p1_constant_tight3fc999999999999a_decay3ff0000000000000_own0000000000000000_ivar4059000000000000_iwoff2_iscale3ff0000000000000_floor3e45798ee2308c3a_diffmse_scale,beforeit_var_p1_constant,unemployment_rate,8,50,2.196632684783502,1.7143647932020942,0.9436796135701928,1.0862181559175603
abm_balanced_h12_common_cells,bvar_mniw_v1_p1_constant_tight3fc999999999999a_decay3ff0000000000000_own0000000000000000_ivar4059000000000000_iwoff2_iscale3ff0000000000000_floor3e45798ee2308c3a_diffmse_scale,beforeit_var_p1_constant,unemployment_rate,12,50,2.2056328046103735,1.9019902115470695,0.5658060604567835,0.9171583508306221
abm_balanced_h12_common_cells,bvar_mniw_v1_p1_constant_tight3fc999999999999a_decay3ff0000000000000_own0000000000000000_ivar4059000000000000_iwoff2_iscale3ff0000000000000_floor3e45798ee2308c3a_diffmse_scale,beforeit_var_p1_constant,effective_federal_funds_rate,1,50,0.5024807348132364,0.31959957571676895,0.7044025483981082,0.8033960127283437
abm_balanced_h12_common_cells,bvar_mniw_v1_p1_constant_tight3fc999999999999a_decay3ff0000000000000_own0000000000000000_ivar4059000000000000_iwoff2_iscale3ff0000000000000_floor3e45798ee2308c3a_diffmse_scale,beforeit_var_p1_constant,effective_federal_funds_rate,2,50,0.894453704195131,0.5817080443513999,0.6685139155471356,0.8056553036815387
abm_balanced_h12_common_cells,bvar_mniw_v1_p1_constant_tight3fc999999999999a_decay3ff0000000000000_own0000000000000000_ivar4059000000000000_iwoff2_iscale3ff0000000000000_floor3e45798ee2308c3a_diffmse_scale,beforeit_var_p1_constant,effective_federal_funds_rate,4,50,1.4105363081084366,1.004262797046639,0.6390823353341836,0.7931164530311009
abm_balanced_h12_common_cells,bvar_mniw_v1_p1_constant_tight3fc999999999999a_decay3ff0000000000000_own0000000000000000_ivar4059000000000000_iwoff2_iscale3ff0000000000000_floor3e45798ee2308c3a_diffmse_scale,beforeit_var_p1_constant,effective_federal_funds_rate,8,50,2.009963030687236,1.6126089481363415,0.815782176124984,0.8818648089941467
abm_balanced_h12_common_cells,bvar_mniw_v1_p1_constant_tight3fc999999999999a_decay3ff0000000000000_own0000000000000000_ivar4059000000000000_iwoff2_iscale3ff0000000000000_floor3e45798ee2308c3a_diffmse_scale,beforeit_var_p1_constant,effective_federal_funds_rate,12,50,2.2677038299345513,1.7983495294890093,0.8435093726680052,0.8584642357859458
abm_balanced_h12_common_cells,beforeit_abm_us_v3_mean,beforeit_var_p1_constant,real_gdp,1,50,6.670836227610646,2.7254569876676102,0.666945889322865,0.662355326497232
abm_balanced_h12_common_cells,beforeit_abm_us_v3_mean,beforeit_var_p1_constant,real_gdp,2,50,6.698646575253659,2.742025499307881,0.8352519982611466,0.7094140239463641
abm_balanced_h12_common_cells,beforeit_abm_us_v3_mean,beforeit_var_p1_constant,real_gdp,4,50,6.617201336410656,2.760350942084293,0.972177896575056,0.8764489456059703
abm_balanced_h12_common_cells,beforeit_abm_us_v3_mean,beforeit_var_p1_constant,real_gdp,8,50,6.677017607483154,2.731423303961061,0.819704380681565,0.7654996393193026
abm_balanced_h12_common_cells,beforeit_abm_us_v3_mean,beforeit_var_p1_constant,real_gdp,12,50,6.642015379802569,2.7281710266071526,0.9869224064969901,0.9299417155995765
abm_balanced_h12_common_cells,beforeit_abm_us_v3_mean,beforeit_var_p1_constant,gdp_deflator,1,50,1.5036929251365587,1.1130256208645772,0.7955295186769122,0.9402580345510055
abm_balanced_h12_common_cells,beforeit_abm_us_v3_mean,beforeit_var_p1_constant,gdp_deflator,2,50,1.7656333703701115,1.1942179238208306,0.7722870092201771,0.7869009149252937
abm_balanced_h12_common_cells,beforeit_abm_us_v3_mean,beforeit_var_p1_constant,gdp_deflator,4,50,2.074078669018245,1.3333632659847219,0.8286809307061482,0.800878200617157
abm_balanced_h12_common_cells,beforeit_abm_us_v3_mean,beforeit_var_p1_constant,gdp_deflator,8,50,2.0991536343184074,1.3513593890056546,0.9741713459325039,0.863847321776125
abm_balanced_h12_common_cells,beforeit_abm_us_v3_mean,beforeit_var_p1_constant,gdp_deflator,12,50,2.102084045190094,1.3893743475888596,0.8886489831354942,0.8461030412195641
abm_balanced_h12_common_cells,beforeit_abm_us_v3_mean,beforeit_var_p1_constant,nominal_gdp,1,50,7.515390360682602,3.2742823806231094,0.6549676538716717,0.7091632412826556
abm_balanced_h12_common_cells,beforeit_abm_us_v3_mean,beforeit_var_p1_constant,nominal_gdp,2,50,7.452803306277682,3.3464814863780656,0.7821917783887313,0.7044175628693333
abm_balanced_h12_common_cells,beforeit_abm_us_v3_mean,beforeit_var_p1_constant,nominal_gdp,4,50,7.506262345521835,3.569096243332806,0.9483112450065906,0.8668448126105305
abm_balanced_h12_common_cells,beforeit_abm_us_v3_mean,beforeit_var_p1_constant,nominal_gdp,8,50,7.578320504324072,3.5908097083388815,0.8369468565863412,0.7838931582479503
abm_balanced_h12_common_cells,beforeit_abm_us_v3_mean,beforeit_var_p1_constant,nominal_gdp,12,50,7.536468294767782,3.5827585000020115,0.9730108599674733,0.9076699965141365
abm_balanced_h12_common_cells,beforeit_abm_us_v3_mean,beforeit_var_p1_constant,unemployment_rate,1,50,2.5581481506824892,2.235560552268252,1.1033619430834922,3.337441427819628
abm_balanced_h12_common_cells,beforeit_abm_us_v3_mean,beforeit_var_p1_constant,unemployment_rate,2,50,2.5681150503136156,2.2388859960552336,0.7089000311634153,2.05030745298709
abm_balanced_h12_common_cells,beforeit_abm_us_v3_mean,beforeit_var_p1_constant,unemployment_rate,4,50,2.5805014546312286,2.249401972386615,0.5751202766555124,1.392853981067943
abm_balanced_h12_common_cells,beforeit_abm_us_v3_mean,beforeit_var_p1_constant,unemployment_rate,8,50,2.5057099140421215,2.1863731755424203,1.076460065345573,1.38528173717888
abm_balanced_h12_common_cells,beforeit_abm_us_v3_mean,beforeit_var_p1_constant,unemployment_rate,12,50,2.3159308387296647,1.9805562130177718,0.5941005689673188,0.9550436479802927
abm_balanced_h12_common_cells,beforeit_abm_us_v3_mean,beforeit_var_p1_constant,effective_federal_funds_rate,1,50,0.37065137849121604,0.20456936697622952,0.5195975835243241,0.5142378971764101
abm_balanced_h12_common_cells,beforeit_abm_us_v3_mean,beforeit_var_p1_constant,effective_federal_funds_rate,2,50,0.7007207197628285,0.4095855687532007,0.5237180525683887,0.5672687338291259
abm_balanced_h12_common_cells,beforeit_abm_us_v3_mean,beforeit_var_p1_constant,effective_federal_funds_rate,4,50,1.2558451239062773,0.7911461233395789,0.5689952325157525,0.6248075792687682
abm_balanced_h12_common_cells,beforeit_abm_us_v3_mean,beforeit_var_p1_constant,effective_federal_funds_rate,8,50,1.9542261921201147,1.384826948186626,0.7931603075819261,0.7573008655098288
abm_balanced_h12_common_cells,beforeit_abm_us_v3_mean,beforeit_var_p1_constant,effective_federal_funds_rate,12,50,2.1631541377596477,1.6253179930314439,0.8046204119073616,0.775865506631153
abm_balanced_h12_common_cells,beforeit_abm_us_v3_median,beforeit_var_p1_constant,real_gdp,1,50,6.673905175131236,2.7018259244337752,0.6672527207100505,0.6566123774525222
abm_balanced_h12_common_cells,beforeit_abm_us_v3_median,beforeit_var_p1_constant,real_gdp,2,50,6.67690666167555,2.739959963670617,0.832541255717239,0.7088796306854677
abm_balanced_h12_common_cells,beforeit_abm_us_v3_median,beforeit_var_p1_constant,real_gdp,4,50,6.636233764751268,2.7954515229311965,0.9749740796153212,0.8875938571476152
abm_balanced_h12_common_cells,beforeit_abm_us_v3_median,beforeit_var_p1_constant,real_gdp,8,50,6.679543838441142,2.729536766559777,0.8200145135439609,0.7649709246019056
abm_balanced_h12_common_cells,beforeit_abm_us_v3_median,beforeit_var_p1_constant,real_gdp,12,50,6.6510210419947065,2.7480078212209365,0.9882605379668133,0.9367034114885912
abm_balanced_h12_common_cells,beforeit_abm_us_v3_median,beforeit_var_p1_constant,gdp_deflator,1,50,1.5027337714159887,1.1118795072259373,0.795022077905657,0.9392898245322617
abm_balanced_h12_common_cells,beforeit_abm_us_v3_median,beforeit_var_p1_constant,gdp_deflator,2,50,1.7624210242432123,1.1953525345514044,0.7708819308927308,0.7876485391270107
abm_balanced_h12_common_cells,beforeit_abm_us_v3_median,beforeit_var_p1_constant,gdp_deflator,4,50,2.079065034786548,1.3318945852558948,0.8306731917941398,0.7999960446365694
abm_balanced_h12_common_cells,beforeit_abm_us_v3_median,beforeit_var_p1_constant,gdp_deflator,8,50,2.0989210416286492,1.3557896360944175,0.9740634047461459,0.8666793271727429
abm_balanced_h12_common_cells,beforeit_abm_us_v3_median,beforeit_var_p1_constant,gdp_deflator,12,50,2.1127706151804415,1.3896209016605057,0.8931666947735509,0.8462531880465923
abm_balanced_h12_common_cells,beforeit_abm_us_v3_median,beforeit_var_p1_constant,nominal_gdp,1,50,7.510248521642325,3.279165157480686,0.6545195416524562,0.7102207816717409
abm_balanced_h12_common_cells,beforeit_abm_us_v3_median,beforeit_var_p1_constant,nominal_gdp,2,50,7.421388219245654,3.3027920077230792,0.778894680399694,0.6952211468119159
abm_balanced_h12_common_cells,beforeit_abm_us_v3_median,beforeit_var_p1_constant,nominal_gdp,4,50,7.500852679545027,3.5914904297497903,0.9476278093842537,0.8722838041660143
abm_balanced_h12_common_cells,beforeit_abm_us_v3_median,beforeit_var_p1_constant,nominal_gdp,8,50,7.586677354470638,3.623060769896833,0.8378697839628148,0.7909337392185323
abm_balanced_h12_common_cells,beforeit_abm_us_v3_median,beforeit_var_p1_constant,nominal_gdp,12,50,7.52721721368501,3.576551649050434,0.9718164805834022,0.9060975287126983
abm_balanced_h12_common_cells,beforeit_abm_us_v3_median,beforeit_var_p1_constant,unemployment_rate,1,50,2.5865633902904137,2.2617712031558255,1.1156177985462097,3.376570992900542
abm_balanced_h12_common_cells,beforeit_abm_us_v3_median,beforeit_var_p1_constant,unemployment_rate,2,50,2.620804264581852,2.289936883629198,0.7234443116590136,2.097058388701962
abm_balanced_h12_common_cells,beforeit_abm_us_v3_median,beforeit_var_p1_constant,unemployment_rate,4,50,2.6927421296614487,2.3534516765286266,0.600135526292179,1.4572826809722896
abm_balanced_h12_common_cells,beforeit_abm_us_v3_median,beforeit_var_p1_constant,unemployment_rate,8,50,2.6675397870942117,2.3523944773175676,1.1459826364717334,1.4904725069452156
abm_balanced_h12_common_cells,beforeit_abm_us_v3_median,beforeit_var_p1_constant,unemployment_rate,12,50,2.4167883800167256,2.0751992110453985,0.6199733289225146,1.0006814306890055
abm_balanced_h12_common_cells,beforeit_abm_us_v3_median,beforeit_var_p1_constant,effective_federal_funds_rate,1,50,0.3710887803588488,0.19841074040469547,0.5202107552717924,0.49875659993013943
abm_balanced_h12_common_cells,beforeit_abm_us_v3_median,beforeit_var_p1_constant,effective_federal_funds_rate,2,50,0.7023666203377883,0.4040263813683043,0.5249481972173593,0.5595693580953847
abm_balanced_h12_common_cells,beforeit_abm_us_v3_median,beforeit_var_p1_constant,effective_federal_funds_rate,4,50,1.2562482476185455,0.7850694655123714,0.5691778788198454,0.6200085392999753
abm_balanced_h12_common_cells,beforeit_abm_us_v3_median,beforeit_var_p1_constant,effective_federal_funds_rate,8,50,1.9611809817088042,1.3849836838506753,0.795983042775823,0.7573865773413295
abm_balanced_h12_common_cells,beforeit_abm_us_v3_median,beforeit_var_p1_constant,effective_federal_funds_rate,12,50,2.1721991688842093,1.6295355897578228,0.8079848585467014,0.7778788282303155
abm_balanced_h12_common_cells,beforeit_abm_us_v2_mean,beforeit_var_p1_constant,real_gdp,1,50,6.677932236722879,2.7462268926638695,0.667655343722062,0.6674029413623218
abm_balanced_h12_common_cells,beforeit_abm_us_v2_mean,beforeit_var_p1_constant,real_gdp,2,50,6.6389669773851345,2.7588798995472343,0.8278105691881074,0.7137745770841887
abm_balanced_h12_common_cells,beforeit_abm_us_v2_mean,beforeit_var_p1_constant,real_gdp,4,50,6.673566831526595,2.759620747442422,0.9804589334810524,0.8762170988816289
abm_balanced_h12_common_cells,beforeit_abm_us_v2_mean,beforeit_var_p1_constant,real_gdp,8,50,6.669077113132124,2.78959030641054,0.8187295655190258,0.7818013305770397
abm_balanced_h12_common_cells,beforeit_abm_us_v2_mean,beforeit_var_p1_constant,real_gdp,12,50,6.6509785359926115,2.8235671784943155,0.9882542220937719,0.9624590542423347
abm_balanced_h12_common_cells,beforeit_abm_us_v2_mean,beforeit_var_p1_constant,gdp_deflator,1,50,1.496512835626814,1.112059985778811,0.79173088861338,0.9394422885961813
abm_balanced_h12_common_cells,beforeit_abm_us_v2_mean,beforeit_var_p1_constant,gdp_deflator,2,50,1.7774097305606218,1.1995745520635879,0.7774379823177927,0.7904305350901413
abm_balanced_h12_common_cells,beforeit_abm_us_v2_mean,beforeit_var_p1_constant,gdp_deflator,4,50,2.0715056764351645,1.3305078611459218,0.827652912858852,0.7991631155029417
abm_balanced_h12_common_cells,beforeit_abm_us_v2_mean,beforeit_var_p1_constant,gdp_deflator,8,50,2.109385227695326,1.3544878466213064,0.9789196049108246,0.8658471670834192
abm_balanced_h12_common_cells,beforeit_abm_us_v2_mean,beforeit_var_p1_constant,gdp_deflator,12,50,2.1079984770141733,1.3837065660814287,0.8911492893617455,0.8426514680861409
abm_balanced_h12_common_cells,beforeit_abm_us_v2_mean,beforeit_var_p1_constant,nominal_gdp,1,50,7.509275726299663,3.2738813461068923,0.6544347623592056,0.7090763828800115
abm_balanced_h12_common_cells,beforeit_abm_us_v2_mean,beforeit_var_p1_constant,nominal_gdp,2,50,7.393077123270478,3.362667723999575,0.7759233546315359,0.7078246846788455
abm_balanced_h12_common_cells,beforeit_abm_us_v2_mean,beforeit_var_p1_constant,nominal_gdp,4,50,7.558038218001566,3.5321327246833674,0.9548524022207198,0.8578672921928747
abm_balanced_h12_common_cells,beforeit_abm_us_v2_mean,beforeit_var_p1_constant,nominal_gdp,8,50,7.5922127949655644,3.6633227556749626,0.8384811159221065,0.7997231482244337
abm_balanced_h12_common_cells,beforeit_abm_us_v2_mean,beforeit_var_p1_constant,nominal_gdp,12,50,7.579977179507446,3.697140703945849,0.9786281618257133,0.9366480296846458
abm_balanced_h12_common_cells,beforeit_abm_us_v2_mean,beforeit_var_p1_constant,unemployment_rate,1,50,3.2435949699601827,2.4380518437385543,1.3990039035371362,3.6397382384517534
abm_balanced_h12_common_cells,beforeit_abm_us_v2_mean,beforeit_var_p1_constant,unemployment_rate,2,50,3.396744328402651,2.6681759766337607,0.937634067431962,2.4434388800555733
abm_balanced_h12_common_cells,beforeit_abm_us_v2_mean,beforeit_var_p1_constant,unemployment_rate,4,50,3.907323378493866,3.3212807594011884,0.8708310930764739,2.05657289571417
abm_balanced_h12_common_cells,beforeit_abm_us_v2_mean,beforeit_var_p1_constant,unemployment_rate,8,50,4.915419007560188,4.484621394669534,2.1116779066988856,2.8414472815950664
abm_balanced_h12_common_cells,beforeit_abm_us_v2_mean,beforeit_var_p1_constant,unemployment_rate,12,50,5.050573045662021,4.730812705366862,1.295612230667766,2.2812443263909237
abm_balanced_h12_common_cells,beforeit_abm_us_v2_mean,beforeit_var_p1_constant,effective_federal_funds_rate,1,50,0.371505668591283,0.20431983840655982,0.5207951699826031,0.5136106427206278
abm_balanced_h12_common_cells,beforeit_abm_us_v2_mean,beforeit_var_p1_constant,effective_federal_funds_rate,2,50,0.7032532739312577,0.4119389330987619,0.525610881336978,0.5705281016252348
abm_balanced_h12_common_cells,beforeit_abm_us_v2_mean,beforeit_var_p1_constant,effective_federal_funds_rate,4,50,1.2616557495663479,0.7928331891751637,0.5716278965565459,0.6261399393596566
abm_balanced_h12_common_cells,beforeit_abm_us_v2_mean,beforeit_var_p1_constant,effective_federal_funds_rate,8,50,1.9561517322288045,1.3863595564854694,0.7939418250905073,0.7581389814872233
abm_balanced_h12_common_cells,beforeit_abm_us_v2_mean,beforeit_var_p1_constant,effective_federal_funds_rate,12,50,2.164597508531189,1.623952748614661,0.8051572971733997,0.775213790440448
abm_balanced_h12_common_cells,beforeit_abm_us_v2_median,beforeit_var_p1_constant,real_gdp,1,50,6.697299154847196,2.7729424518467374,0.6695916356637535,0.6738955013275656
abm_balanced_h12_common_cells,beforeit_abm_us_v2_median,beforeit_var_p1_constant,real_gdp,2,50,6.661788239547101,2.78321875788514,0.8306561447248197,0.720071501542445
abm_balanced_h12_common_cells,beforeit_abm_us_v2_median,beforeit_var_p1_constant,real_gdp,4,50,6.680314265902551,2.760617308609702,0.9814502447961245,0.8765335205985121
abm_balanced_h12_common_cells,beforeit_abm_us_v2_median,beforeit_var_p1_constant,real_gdp,8,50,6.662809808541114,2.7785634862455897,0.8179601595760853,0.7787109905162856
abm_balanced_h12_common_cells,beforeit_abm_us_v2_median,beforeit_var_p1_constant,real_gdp,12,50,6.6464734480357714,2.838895952318635,0.9875848210168992,0.9676841175133692
abm_balanced_h12_common_cells,beforeit_abm_us_v2_median,beforeit_var_p1_constant,gdp_deflator,1,50,1.4960664945318427,1.1109545801571252,0.7914947516265575,0.9385084677588671
abm_balanced_h12_common_cells,beforeit_abm_us_v2_median,beforeit_var_p1_constant,gdp_deflator,2,50,1.7801980212041564,1.1974015973002288,0.7786575790234669,0.7889987192906365
abm_balanced_h12_common_cells,beforeit_abm_us_v2_median,beforeit_var_p1_constant,gdp_deflator,4,50,2.0667910919772092,1.3274192894312187,0.8257692397393747,0.7973079798317774
abm_balanced_h12_common_cells,beforeit_abm_us_v2_median,beforeit_var_p1_constant,gdp_deflator,8,50,2.108755872627841,1.3609611406588176,0.9786275349721894,0.8699851763819583
abm_balanced_h12_common_cells,beforeit_abm_us_v2_median,beforeit_var_p1_constant,gdp_deflator,12,50,2.107646919120295,1.3869457209853082,0.8910006694406614,0.8446240529549416
abm_balanced_h12_common_cells,beforeit_abm_us_v2_median,beforeit_var_p1_constant,nominal_gdp,1,50,7.5233491060636,3.2871087479417076,0.6556612599972065,0.7119412509849856
abm_balanced_h12_common_cells,beforeit_abm_us_v2_median,beforeit_var_p1_constant,nominal_gdp,2,50,7.422765855225159,3.387336450919379,0.7790392670059009,0.713017327927186
abm_balanced_h12_common_cells,beforeit_abm_us_v2_median,beforeit_var_p1_constant,nominal_gdp,4,50,7.554922297828682,3.517757335647948,0.95445874929434,0.8543758673152494
abm_balanced_h12_common_cells,beforeit_abm_us_v2_median,beforeit_var_p1_constant,nominal_gdp,8,50,7.580054958608763,3.651452673753695,0.837138409062993,0.797131845214331
abm_balanced_h12_common_cells,beforeit_abm_us_v2_median,beforeit_var_p1_constant,nominal_gdp,12,50,7.5882104830002435,3.6980664333977438,0.9796911389920158,0.9368825575905523
abm_balanced_h12_common_cells,beforeit_abm_us_v2_median,beforeit_var_p1_constant,unemployment_rate,1,50,3.159920781008997,2.3321949616648214,1.3629141580380397,3.4817057739344155
abm_balanced_h12_common_cells,beforeit_abm_us_v2_median,beforeit_var_p1_constant,unemployment_rate,2,50,3.264210284600981,2.4796020445417573,0.9010494962813261,2.2707482923755666
abm_balanced_h12_common_cells,beforeit_abm_us_v2_median,beforeit_var_p1_constant,unemployment_rate,4,50,3.8641537820964236,3.2632216137275845,0.8612098195915682,2.0206220460298505
abm_balanced_h12_common_cells,beforeit_abm_us_v2_median,beforeit_var_p1_constant,unemployment_rate,8,50,5.301269416301457,4.897841548010169,2.277440333498407,3.103262756766648
abm_balanced_h12_common_cells,beforeit_abm_us_v2_median,beforeit_var_p1_constant,unemployment_rate,12,50,5.2057596307679015,4.925999999999941,1.3354218989729172,2.3753655559124747
abm_balanced_h12_common_cells,beforeit_abm_us_v2_median,beforeit_var_p1_constant,effective_federal_funds_rate,1,50,0.3706675135111681,0.1987380028580624,0.5196202023998058,0.4995792585634027
abm_balanced_h12_common_cells,beforeit_abm_us_v2_median,beforeit_var_p1_constant,effective_federal_funds_rate,2,50,0.7024620705960886,0.40557013657193836,0.5250195366568597,0.5617074316177828
abm_balanced_h12_common_cells,beforeit_abm_us_v2_median,beforeit_var_p1_constant,effective_federal_funds_rate,4,50,1.2634034379641288,0.787529799806775,0.5724197349348065,0.6219515880861961
abm_balanced_h12_common_cells,beforeit_abm_us_v2_median,beforeit_var_p1_constant,effective_federal_funds_rate,8,50,1.9648503804033206,1.3896633927940685,0.7974723388506166,0.7599457040522926
abm_balanced_h12_common_cells,beforeit_abm_us_v2_median,beforeit_var_p1_constant,effective_federal_funds_rate,12,50,2.1716937834060452,1.6266624044002782,0.807796872187101,0.7765072779105416
abm_balanced_h12_common_cells,beforeit_abm_us_v1_mean,beforeit_var_p1_constant,real_gdp,1,50,6.837340093057545,3.2972617750230016,0.6835928380452071,0.8013184245520565
abm_balanced_h12_common_cells,beforeit_abm_us_v1_mean,beforeit_var_p1_constant,real_gdp,2,50,9.821800039070277,8.354986057634221,1.2246769577993755,2.1615934208701346
abm_balanced_h12_common_cells,beforeit_abm_us_v1_mean,beforeit_var_p1_constant,real_gdp,4,50,7.262014288237078,4.422815481594553,1.0669117375633366,1.4043040348073736
abm_balanced_h12_common_cells,beforeit_abm_us_v1_mean,beforeit_var_p1_constant,real_gdp,8,50,6.954007176550418,3.826512400767165,0.8537090181581943,1.0724056788965077
abm_balanced_h12_common_cells,beforeit_abm_us_v1_mean,beforeit_var_p1_constant,real_gdp,12,50,6.963733490932907,3.7648779476578214,1.0347257906047604,1.2833202257198797
abm_balanced_h12_common_cells,beforeit_abm_us_v1_mean,beforeit_var_p1_constant,gdp_deflator,1,50,1.4965128356268143,1.1120599857788123,0.7917308886133803,0.9394422885961824
abm_balanced_h12_common_cells,beforeit_abm_us_v1_mean,beforeit_var_p1_constant,gdp_deflator,2,50,1.7716614114702711,1.2031388260886207,0.77492367089118,0.7927791269471193
abm_balanced_h12_common_cells,beforeit_abm_us_v1_mean,beforeit_var_p1_constant,gdp_deflator,4,50,2.0601825619215877,1.335284292248084,0.823128856363905,0.8020320557565541
abm_balanced_h12_common_cells,beforeit_abm_us_v1_mean,beforeit_var_p1_constant,gdp_deflator,8,50,2.1020479104327348,1.3444745276588097,0.9755145162520551,0.8594462208671743
abm_balanced_h12_common_cells,beforeit_abm_us_v1_mean,beforeit_var_p1_constant,gdp_deflator,12,50,2.1093138905515145,1.3832429783594598,0.8917053760249004,0.8423691518175911
abm_balanced_h12_common_cells,beforeit_abm_us_v1_mean,beforeit_var_p1_constant,nominal_gdp,1,50,7.685662241745266,3.688847521998795,0.6698068796613751,0.7989521859138866
abm_balanced_h12_common_cells,beforeit_abm_us_v1_mean,beforeit_var_p1_constant,nominal_gdp,2,50,10.58001930256266,8.796732393947497,1.1104015192092678,1.85166803383838
abm_balanced_h12_common_cells,beforeit_abm_us_v1_mean,beforeit_var_p1_constant,nominal_gdp,4,50,8.217204076698335,4.9970807491924845,1.0381287876376906,1.213666774530163
abm_balanced_h12_common_cells,beforeit_abm_us_v1_mean,beforeit_var_p1_constant,nominal_gdp,8,50,7.950766478542661,4.553723816550313,0.8780796494251535,0.9941025100981631
abm_balanced_h12_common_cells,beforeit_abm_us_v1_mean,beforeit_var_p1_constant,nominal_gdp,12,50,7.964308501012158,4.559685051432308,1.0282480281906203,1.1551683750765787
abm_balanced_h12_common_cells,beforeit_abm_us_v1_mean,beforeit_var_p1_constant,unemployment_rate,1,50,3.1482480429209008,2.3196297918948288,1.3578795571395146,3.462947383294801
abm_balanced_h12_common_cells,beforeit_abm_us_v1_mean,beforeit_var_p1_constant,unemployment_rate,2,50,2.39000683574463,1.7241854691492915,0.659735209344784,1.5789595021619953
abm_balanced_h12_common_cells,beforeit_abm_us_v1_mean,beforeit_var_p1_constant,unemployment_rate,4,50,2.0630259371892516,1.6177604965315675,0.45978972250311617,1.0017347613586782
abm_balanced_h12_common_cells,beforeit_abm_us_v1_mean,beforeit_var_p1_constant,unemployment_rate,8,50,1.9672201114640535,1.5540248265790166,0.8451233232819155,0.9846270689121522
abm_balanced_h12_common_cells,beforeit_abm_us_v1_mean,beforeit_var_p1_constant,unemployment_rate,12,50,1.8143153468010478,1.356492150419868,0.4654222664144337,0.6541138308918061
abm_balanced_h12_common_cells,beforeit_abm_us_v1_mean,beforeit_var_p1_constant,effective_federal_funds_rate,1,50,0.371505668591283,0.20431983840655982,0.5207951699826031,0.5136106427206278
abm_balanced_h12_common_cells,beforeit_abm_us_v1_mean,beforeit_var_p1_constant,effective_federal_funds_rate,2,50,0.7031672750537624,0.4120800385936492,0.5255466058512179,0.5707235302280167
abm_balanced_h12_common_cells,beforeit_abm_us_v1_mean,beforeit_var_p1_constant,effective_federal_funds_rate,4,50,1.260975193130686,0.7946699441509422,0.5713195517137161,0.6275905164354586
abm_balanced_h12_common_cells,beforeit_abm_us_v1_mean,beforeit_var_p1_constant,effective_federal_funds_rate,8,50,1.9555503905917597,1.3865892441702317,0.7936977590147769,0.7582645875657987
abm_balanced_h12_common_cells,beforeit_abm_us_v1_mean,beforeit_var_p1_constant,effective_federal_funds_rate,12,50,2.166954352397167,1.6281118797954273,0.8060339636342598,0.7771992027933206
abm_balanced_h12_common_cells,beforeit_abm_us_v1_median,beforeit_var_p1_constant,real_gdp,1,50,6.865428478252007,3.320909099487947,0.68640109662089,0.8070653254892711
abm_balanced_h12_common_cells,beforeit_abm_us_v1_median,beforeit_var_p1_constant,real_gdp,2,50,9.822164818221061,8.359132952139975,1.2247224419895315,2.162666301162076
abm_balanced_h12_common_cells,beforeit_abm_us_v1_median,beforeit_var_p1_constant,real_gdp,4,50,7.211777551332031,4.33211271235079,1.05953111806391,1.3755046726482958
abm_balanced_h12_common_cells,beforeit_abm_us_v1_median,beforeit_var_p1_constant,real_gdp,8,50,6.935411567806924,3.778085966408785,0.8514261273760286,1.0588338469577887
abm_balanced_h12_common_cells,beforeit_abm_us_v1_median,beforeit_var_p1_constant,real_gdp,12,50,6.924756951571997,3.6797529448175,1.028934352641523,1.2543039762216965
abm_balanced_h12_common_cells,beforeit_abm_us_v1_median,beforeit_var_p1_constant,gdp_deflator,1,50,1.4960664945318018,1.1109545801570826,0.7914947516265358,0.9385084677588311
abm_balanced_h12_common_cells,beforeit_abm_us_v1_median,beforeit_var_p1_constant,gdp_deflator,2,50,1.7732712189819066,1.2006917900992142,0.7756277997604257,0.7911667119761915
abm_balanced_h12_common_cells,beforeit_abm_us_v1_median,beforeit_var_p1_constant,gdp_deflator,4,50,2.0555854929319137,1.3335144088363855,0.8212921355751576,0.8009689838404274
abm_balanced_h12_common_cells,beforeit_abm_us_v1_median,beforeit_var_p1_constant,gdp_deflator,8,50,2.0992447782801746,1.345464709557231,0.9742136438541313,0.8600791879283287
abm_balanced_h12_common_cells,beforeit_abm_us_v1_median,beforeit_var_p1_constant,gdp_deflator,12,50,2.1170918001525405,1.3897337263089156,0.8949934612342844,0.8463218961512942
abm_balanced_h12_common_cells,beforeit_abm_us_v1_median,beforeit_var_p1_constant,nominal_gdp,1,50,7.700115775719518,3.7003682914005096,0.671066507808809,0.801447421578147
abm_balanced_h12_common_cells,beforeit_abm_us_v1_median,beforeit_var_p1_constant,nominal_gdp,2,50,10.573127869052138,8.782311906721496,1.1096782447027875,1.8486325936279748
abm_balanced_h12_common_cells,beforeit_abm_us_v1_median,beforeit_var_p1_constant,nominal_gdp,4,50,8.143117461757457,4.896440990769082,1.0287689802103865,1.1892238773416468
abm_balanced_h12_common_cells,beforeit_abm_us_v1_median,beforeit_var_p1_constant,nominal_gdp,8,50,7.941075209084923,4.51404792977001,0.8770093492835381,0.9854410496698164
abm_balanced_h12_common_cells,beforeit_abm_us_v1_median,beforeit_var_p1_constant,nominal_gdp,12,50,7.920034391617315,4.494471837539482,1.022531930467967,1.1386470054038127
abm_balanced_h12_common_cells,beforeit_abm_us_v1_median,beforeit_var_p1_constant,unemployment_rate,1,50,3.097208483889236,2.263531945965674,1.3358655439900893,3.3791995846384673
abm_balanced_h12_common_cells,beforeit_abm_us_v1_median,beforeit_var_p1_constant,unemployment_rate,2,50,2.374656246391743,1.706991602774702,0.6554978472883958,1.5632138534618838
abm_balanced_h12_common_cells,beforeit_abm_us_v1_median,beforeit_var_p1_constant,unemployment_rate,4,50,2.0713851163189503,1.630292807593999,0.4616527454458303,1.0094949036407486
abm_balanced_h12_common_cells,beforeit_abm_us_v1_median,beforeit_var_p1_constant,unemployment_rate,8,50,1.9643350087223408,1.5515516611901887,0.8438838749848607,0.9830600761935756
abm_balanced_h12_common_cells,beforeit_abm_us_v1_median,beforeit_var_p1_constant,unemployment_rate,12,50,1.8099703488606467,1.3504746257758373,0.4643076537906949,0.6512121214376272
abm_balanced_h12_common_cells,beforeit_abm_us_v1_median,beforeit_var_p1_constant,effective_federal_funds_rate,1,50,0.3706675135111681,0.1987380028580624,0.5196202023998058,0.4995792585634027
abm_balanced_h12_common_cells,beforeit_abm_us_v1_median,beforeit_var_p1_constant,effective_federal_funds_rate,2,50,0.7038822087593434,0.4061416485982812,0.5260809466769453,0.5624989656177197
abm_balanced_h12_common_cells,beforeit_abm_us_v1_median,beforeit_var_p1_constant,effective_federal_funds_rate,4,50,1.2640626680068305,0.7913242578248625,0.5727184172677535,0.6249482609623908
abm_balanced_h12_common_cells,beforeit_abm_us_v1_median,beforeit_var_p1_constant,effective_federal_funds_rate,8,50,1.9629737096418605,1.388866673477744,0.7967106559070599,0.7595100133484028
abm_balanced_h12_common_cells,beforeit_abm_us_v1_median,beforeit_var_p1_constant,effective_federal_funds_rate,12,50,2.1742683906528946,1.6328335348627718,0.8087545392840952,0.7794531428325434
abm_balanced_h12_common_cells,dsge_small_nk,beforeit_var_p1_constant,real_gdp,1,50,7.574665296893417,4.711584237896513,0.7573101347998623,1.1450347337463669
abm_balanced_h12_common_cells,dsge_small_nk,beforeit_var_p1_constant,real_gdp,2,50,7.357890742779952,4.50209315996452,0.9174529327458101,1.164776923335686
abm_balanced_h12_common_cells,dsge_small_nk,beforeit_var_p1_constant,real_gdp,4,50,7.341373484137919,4.465055202903509,1.078570934892009,1.4177157204881699
abm_balanced_h12_common_cells,dsge_small_nk,beforeit_var_p1_constant,real_gdp,8,50,7.221836852242185,4.402761670427987,0.8865891408936829,1.2339033886962552
abm_balanced_h12_common_cells,dsge_small_nk,beforeit_var_p1_constant,real_gdp,12,50,7.239545920993121,4.478860698672453,1.075708150875191,1.5266929240997091
abm_balanced_h12_common_cells,dsge_small_nk,beforeit_var_p1_constant,gdp_deflator,1,50,1.4555071281247207,1.084966636590435,0.7700367978806036,0.9165544603380337
abm_balanced_h12_common_cells,dsge_small_nk,beforeit_var_p1_constant,gdp_deflator,2,50,1.6894208724359376,1.2781570552952672,0.7389517069527283,0.8422105682454682
abm_balanced_h12_common_cells,dsge_small_nk,beforeit_var_p1_constant,gdp_deflator,4,50,2.133382660376271,1.4504426822107004,0.8523753486119168,0.8712013860448881
abm_balanced_h12_common_cells,dsge_small_nk,beforeit_var_p1_constant,gdp_deflator,8,50,2.400610126916614,1.5925628643504621,1.1140707188670824,1.0180350070616961
abm_balanced_h12_common_cells,dsge_small_nk,beforeit_var_p1_constant,gdp_deflator,12,50,2.4747346647577335,1.738663169757533,1.0461857832940473,1.058813413491651
abm_balanced_h12_common_cells,dsge_small_nk,beforeit_var_p1_constant,nominal_gdp,1,50,8.514653705619223,5.189106975700081,0.7420536383944573,1.12388715891682
abm_balanced_h12_common_cells,dsge_small_nk,beforeit_var_p1_constant,nominal_gdp,2,50,8.296201237430964,5.2699679474420575,0.8707086626465624,1.1093018123803982
abm_balanced_h12_common_cells,dsge_small_nk,beforeit_var_p1_constant,nominal_gdp,4,50,8.54082912475191,5.535307757437392,1.0790142853871925,1.3443887439854647
abm_balanced_h12_common_cells,dsge_small_nk,beforeit_var_p1_constant,nominal_gdp,8,50,8.572410253309421,5.692543913518376,0.946733753314088,1.242713089604896
abm_balanced_h12_common_cells,dsge_small_nk,beforeit_var_p1_constant,nominal_gdp,12,50,8.60698848467211,5.867327973977172,1.1112225169201744,1.4864517275401525
abm_balanced_h12_common_cells,dsge_small_nk,beforeit_var_p1_constant,unemployment_rate,1,50,1.6269536951369494,0.8320699375195741,0.7017258910099682,1.2421871899213477
abm_balanced_h12_common_cells,dsge_small_nk,beforeit_var_p1_constant,unemployment_rate,2,50,2.2302512574990274,1.4453402259516006,0.6156364317674293,1.3236010420324698
abm_balanced_h12_common_cells,dsge_small_nk,beforeit_var_p1_constant,unemployment_rate,4,50,3.128755619764373,2.4390052936676243,0.6973105147439351,1.510258404159899
abm_balanced_h12_common_cells,dsge_small_nk,beforeit_var_p1_constant,unemployment_rate,8,50,4.728377332521959,3.889181984556072,2.031324274139242,2.4641780442782917
abm_balanced_h12_common_cells,dsge_small_nk,beforeit_var_p1_constant,unemployment_rate,12,50,6.045404598150607,5.028187549300397,1.5508141483918298,2.4246413953057786
abm_balanced_h12_common_cells,dsge_small_nk,beforeit_var_p1_constant,effective_federal_funds_rate,1,50,0.5017995008634377,0.40686929192173127,0.703447560680078,1.0227709661329587
abm_balanced_h12_common_cells,dsge_small_nk,beforeit_var_p1_constant,effective_federal_funds_rate,2,50,0.7875949008933776,0.6419516560864058,0.5886477394992448,0.8890916353233947
abm_balanced_h12_common_cells,dsge_small_nk,beforeit_var_p1_constant,effective_federal_funds_rate,4,50,1.0773624727093167,0.9156550490580477,0.4881287501091037,0.7231384920805854
abm_balanced_h12_common_cells,dsge_small_nk,beforeit_var_p1_constant,effective_federal_funds_rate,8,50,1.470293262676149,1.280979661691911,0.596746815267416,0.7005113583109145
abm_balanced_h12_common_cells,dsge_small_nk,beforeit_var_p1_constant,effective_federal_funds_rate,12,50,1.8584003288440305,1.545246491595355,0.6912622692860579,0.737642391957724
abm_balanced_h12_common_cells,dsge_small_nk_median,beforeit_var_p1_constant,real_gdp,1,50,7.558707439707737,4.709796944516611,0.7557146785648045,1.1446003760237726
abm_balanced_h12_common_cells,dsge_small_nk_median,beforeit_var_p1_constant,real_gdp,2,50,7.351848006056801,4.502530512755454,0.9166994659273601,1.1648900748010458
abm_balanced_h12_common_cells,dsge_small_nk_median,beforeit_var_p1_constant,real_gdp,4,50,7.3268432768532055,4.423532666376055,1.0764362036609785,1.4045317507242046
abm_balanced_h12_common_cells,dsge_small_nk_median,beforeit_var_p1_constant,real_gdp,8,50,7.215905243846648,4.381116098240758,0.8858609467099714,1.2278370723994898
abm_balanced_h12_common_cells,dsge_small_nk_median,beforeit_var_p1_constant,real_gdp,12,50,7.250128830783493,4.488414001237279,1.0772806420846834,1.5299493235299988
abm_balanced_h12_common_cells,dsge_small_nk_median,beforeit_var_p1_constant,gdp_deflator,1,50,1.4522648376844356,1.081589295785638,0.7683214624485795,0.9137013617501857
abm_balanced_h12_common_cells,dsge_small_nk_median,beforeit_var_p1_constant,gdp_deflator,2,50,1.6961578429907542,1.2804926767869365,0.7418984539548498,0.8437495693373572
abm_balanced_h12_common_cells,dsge_small_nk_median,beforeit_var_p1_constant,gdp_deflator,4,50,2.1360832022488982,1.4546649979262916,0.8534543277200134,0.8737374995699917
abm_balanced_h12_common_cells,dsge_small_nk_median,beforeit_var_p1_constant,gdp_deflator,8,50,2.4078213777695923,1.5984897468791406,1.1174173028590557,1.0218237265100791
abm_balanced_h12_common_cells,dsge_small_nk_median,beforeit_var_p1_constant,gdp_deflator,12,50,2.470469178369247,1.7418110207923876,1.0443825632228136,1.0607303960086514
abm_balanced_h12_common_cells,dsge_small_nk_median,beforeit_var_p1_constant,nominal_gdp,1,50,8.49179716641476,5.163395444505706,0.7400616867938203,1.1183184050096897
abm_balanced_h12_common_cells,dsge_small_nk_median,beforeit_var_p1_constant,nominal_gdp,2,50,8.315953952261017,5.3041945044737835,0.8727817632646763,1.1165063309136207
abm_balanced_h12_common_cells,dsge_small_nk_median,beforeit_var_p1_constant,nominal_gdp,4,50,8.51914852454665,5.493053617368372,1.07627524483322,1.3341262630566944
abm_balanced_h12_common_cells,dsge_small_nk_median,beforeit_var_p1_constant,nominal_gdp,8,50,8.572802273740356,5.684280918309861,0.9467770479025396,1.2409092331110394
abm_balanced_h12_common_cells,dsge_small_nk_median,beforeit_var_p1_constant,nominal_gdp,12,50,8.650056268474339,5.919269066715568,1.1167828695568853,1.4996106863325953
abm_balanced_h12_common_cells,dsge_small_nk_median,beforeit_var_p1_constant,unemployment_rate,1,50,1.6211457534430482,0.8276901313722598,0.6992208516395984,1.2356486300657288
abm_balanced_h12_common_cells,dsge_small_nk_median,beforeit_var_p1_constant,unemployment_rate,2,50,2.223738580471841,1.4431412965118795,0.6138386786072015,1.3215873256454824
abm_balanced_h12_common_cells,dsge_small_nk_median,beforeit_var_p1_constant,unemployment_rate,4,50,3.1222272339176462,2.4282455237080445,0.6958555234795261,1.5035958384613035
abm_balanced_h12_common_cells,dsge_small_nk_median,beforeit_var_p1_constant,unemployment_rate,8,50,4.71028379782956,3.875245753796365,2.0235512404659652,2.4553480759213375
abm_balanced_h12_common_cells,dsge_small_nk_median,beforeit_var_p1_constant,unemployment_rate,12,50,6.0541976691986195,5.012507948951625,1.553069815281891,2.417080538099334
abm_balanced_h12_common_cells,dsge_small_nk_median,beforeit_var_p1_constant,effective_federal_funds_rate,1,50,0.4868639495213911,0.38491797022489704,0.6825101601029617,0.9675906540633876
abm_balanced_h12_common_cells,dsge_small_nk_median,beforeit_var_p1_constant,effective_federal_funds_rate,2,50,0.7619747344213098,0.615344005769645,0.5694992495048705,0.8522405124889086
abm_balanced_h12_common_cells,dsge_small_nk_median,beforeit_var_p1_constant,effective_federal_funds_rate,4,50,1.0381507974589543,0.878745648947843,0.47036282033663823,0.6939892966857153
abm_balanced_h12_common_cells,dsge_small_nk_median,beforeit_var_p1_constant,effective_federal_funds_rate,8,50,1.4580924017614139,1.256584055234902,0.5917948610694238,0.6871704756044348
abm_balanced_h12_common_cells,dsge_small_nk_median,beforeit_var_p1_constant,effective_federal_funds_rate,12,50,1.945146660860065,1.5508921496562358,0.7235289802798862,0.7403374161748015
abm_balanced_h12_common_cells,dsge_sw07,beforeit_var_p1_constant,real_gdp,1,50,8.062913567018501,3.739686838558111,0.8061248809003764,0.908838961010471
abm_balanced_h12_common_cells,dsge_sw07,beforeit_var_p1_constant,real_gdp,2,50,7.220488101118462,3.8035616455568197,0.9003202433697067,0.9840535666001646
abm_balanced_h12_common_cells,dsge_sw07,beforeit_var_p1_constant,real_gdp,4,50,6.975135273710915,3.577353372780164,1.0247643972098008,1.135858322878929
abm_balanced_h12_common_cells,dsge_sw07,beforeit_var_p1_constant,real_gdp,8,50,6.851955710356391,3.312854644053169,0.8411806651102005,0.9284496589973191
abm_balanced_h12_common_cells,dsge_sw07,beforeit_var_p1_constant,real_gdp,12,50,6.708473171474028,2.975123844817808,0.9967972230905076,1.0141196227759348
abm_balanced_h12_common_cells,dsge_sw07,beforeit_var_p1_constant,gdp_deflator,1,50,1.4995684281984567,1.0769456568789786,0.7933474514415725,0.9097785241176176
abm_balanced_h12_common_cells,dsge_sw07,beforeit_var_p1_constant,gdp_deflator,2,50,1.6036824061546846,1.2553148771689464,0.7014497516710415,0.8271592693929272
abm_balanced_h12_common_cells,dsge_sw07,beforeit_var_p1_constant,gdp_deflator,4,50,1.9924164594939875,1.319090363964498,0.7960534721613312,0.7923052510098345
abm_balanced_h12_common_cells,dsge_sw07,beforeit_var_p1_constant,gdp_deflator,8,50,2.216273997522526,1.3880249462883023,1.0285243480155108,0.8872855305292754
abm_balanced_h12_common_cells,dsge_sw07,beforeit_var_p1_constant,gdp_deflator,12,50,2.068809989361482,1.3683599890875302,0.8745824875809762,0.8333056891825777
abm_balanced_h12_common_cells,dsge_sw07,beforeit_var_p1_constant,nominal_gdp,1,50,9.0289191544465,3.9725713629339405,0.7868719669603033,0.8604027559250297
abm_balanced_h12_common_cells,dsge_sw07,beforeit_var_p1_constant,nominal_gdp,2,50,7.83471298461934,4.036617137477764,0.8222742276644697,0.8496876548676754
abm_balanced_h12_common_cells,dsge_sw07,beforeit_var_p1_constant,nominal_gdp,4,50,7.7367779296984205,3.9808128993557492,0.9774336644693655,0.9668405603311288
abm_balanced_h12_common_cells,dsge_sw07,beforeit_var_p1_constant,nominal_gdp,8,50,7.586519933926944,3.7508600157811207,0.8378523984973766,0.8188330050151273
abm_balanced_h12_common_cells,dsge_sw07,beforeit_var_p1_constant,nominal_gdp,12,50,7.579498027580694,3.7233923318391646,0.978566299954865,0.9432987193692569
abm_balanced_h12_common_cells,dsge_sw07,beforeit_var_p1_constant,unemployment_rate,1,50,1.649642514436147,0.5024862907793978,0.711511868316073,0.750155732555327
abm_balanced_h12_common_cells,dsge_sw07,beforeit_var_p1_constant,unemployment_rate,2,50,2.1668136666391233,0.8130737534814404,0.5981251796402997,0.744589576927283
abm_balanced_h12_common_cells,dsge_sw07,beforeit_var_p1_constant,unemployment_rate,4,50,2.5299154278174028,1.2293927114079666,0.563846092064817,0.7612532368163973
abm_balanced_h12_common_cells,dsge_sw07,beforeit_var_p1_constant,unemployment_rate,8,50,2.8103834716337235,1.7051197309861943,1.2073486873189987,1.0803605027090264
abm_balanced_h12_common_cells,dsge_sw07,beforeit_var_p1_constant,unemployment_rate,12,50,2.747639807233369,1.855749292754935,0.7048459070953904,0.8948605258666384
abm_balanced_h12_common_cells,dsge_sw07,beforeit_var_p1_constant,effective_federal_funds_rate,1,50,0.678371009209061,0.5924986949700566,0.9509743051619014,1.4893983761340612
abm_balanced_h12_common_cells,dsge_sw07,beforeit_var_p1_constant,effective_federal_funds_rate,2,50,1.2433719097527596,1.0850929114503023,0.9292950769521355,1.5028343987780277
abm_balanced_h12_common_cells,dsge_sw07,beforeit_var_p1_constant,effective_federal_funds_rate,4,50,1.997377669154387,1.7700806251939434,0.904966981714449,1.3979210134652598
abm_balanced_h12_common_cells,dsge_sw07,beforeit_var_p1_constant,effective_federal_funds_rate,8,50,2.6267800127269285,2.4024516145822044,1.0661292184320947,1.3137949759361562
abm_balanced_h12_common_cells,dsge_sw07,beforeit_var_p1_constant,effective_federal_funds_rate,12,50,2.9384421873032127,2.5970217642400177,1.0930014287204646,1.2397202365834084
abm_balanced_h12_common_cells,dsge_sw07_median,beforeit_var_p1_constant,real_gdp,1,50,8.062032968209774,3.7500440770259034,0.8060368392013173,0.91135603322918
abm_balanced_h12_common_cells,dsge_sw07_median,beforeit_var_p1_constant,real_gdp,2,50,7.206230311205967,3.79362312139115,0.8985424443200909,0.9814822818246455
abm_balanced_h12_common_cells,dsge_sw07_median,beforeit_var_p1_constant,real_gdp,4,50,6.9713788753230075,3.5888835132569965,1.024212519263552,1.1395192992097058
abm_balanced_h12_common_cells,dsge_sw07_median,beforeit_var_p1_constant,real_gdp,8,50,6.8730873498511675,3.329901795829404,0.843774891826847,0.9332272372354504
abm_balanced_h12_common_cells,dsge_sw07_median,beforeit_var_p1_constant,real_gdp,12,50,6.688262938049331,2.947860859448984,0.9937942291094907,1.004826588307425
abm_balanced_h12_common_cells,dsge_sw07_median,beforeit_var_p1_constant,gdp_deflator,1,50,1.5077642796116963,1.0813009789246242,0.7976834708647734,0.9134577984035899
abm_balanced_h12_common_cells,dsge_sw07_median,beforeit_var_p1_constant,gdp_deflator,2,50,1.6028768487943053,1.2522483080129674,0.7010974013501635,0.8251386280791534
abm_balanced_h12_common_cells,dsge_sw07_median,beforeit_var_p1_constant,gdp_deflator,4,50,1.992567391761534,1.3183798597236456,0.7961137758970632,0.7918784900719407
abm_balanced_h12_common_cells,dsge_sw07_median,beforeit_var_p1_constant,gdp_deflator,8,50,2.20293185487708,1.3755103507955675,1.0223325510712353,0.8792856602597795
abm_balanced_h12_common_cells,dsge_sw07_median,beforeit_var_p1_constant,gdp_deflator,12,50,2.071204905147944,1.3659885972489152,0.8755949302010533,0.8318615558213583
abm_balanced_h12_common_cells,dsge_sw07_median,beforeit_var_p1_constant,nominal_gdp,1,50,9.023754324046662,3.987864658278485,0.7864218510398682,0.8637150673373295
abm_balanced_h12_common_cells,dsge_sw07_median,beforeit_var_p1_constant,nominal_gdp,2,50,7.824301004295302,4.03035108818994,0.821181462288608,0.8483686829306977
abm_balanced_h12_common_cells,dsge_sw07_median,beforeit_var_p1_constant,nominal_gdp,4,50,7.770234939334406,4.009438030252918,0.9816604896190391,0.9737928935092717
abm_balanced_h12_common_cells,dsge_sw07_median,beforeit_var_p1_constant,nominal_gdp,8,50,7.605060694481641,3.7927445624485983,0.8399000330961138,0.8279766278288635
abm_balanced_h12_common_cells,dsge_sw07_median,beforeit_var_p1_constant,nominal_gdp,12,50,7.562986455335214,3.7320204700640778,0.9764345402921668,0.945484605521652
abm_balanced_h12_common_cells,dsge_sw07_median,beforeit_var_p1_constant,unemployment_rate,1,50,1.6531801900517948,0.501515242530922,0.7130377129549923,0.7487060663185584
abm_balanced_h12_common_cells,dsge_sw07_median,beforeit_var_p1_constant,unemployment_rate,2,50,2.16604962617725,0.8113405044692203,0.5979142746393085,0.7430023172928494
abm_balanced_h12_common_cells,dsge_sw07_median,beforeit_var_p1_constant,unemployment_rate,4,50,2.5379181895646648,1.2228888164281322,0.5656296797244298,0.7572259548426474
abm_balanced_h12_common_cells,dsge_sw07_median,beforeit_var_p1_constant,unemployment_rate,8,50,2.8160618021596586,1.6953644261124874,1.2097881141715434,1.0741795607576115
abm_balanced_h12_common_cells,dsge_sw07_median,beforeit_var_p1_constant,unemployment_rate,12,50,2.6939413336224405,1.818420934015586,0.6910707575134503,0.8768604248499524
abm_balanced_h12_common_cells,dsge_sw07_median,beforeit_var_p1_constant,effective_federal_funds_rate,1,50,0.6136845339362548,0.5196573807319773,0.8602935787734722,1.3062929346154957
abm_balanced_h12_common_cells,dsge_sw07_median,beforeit_var_p1_constant,effective_federal_funds_rate,2,50,1.1990153169485485,1.025941024721905,0.8961429983182211,1.4209100868688824
abm_balanced_h12_common_cells,dsge_sw07_median,beforeit_var_p1_constant,effective_federal_funds_rate,4,50,1.9555819609549483,1.7157264525200386,0.8860302846230687,1.35499481051784
abm_balanced_h12_common_cells,dsge_sw07_median,beforeit_var_p1_constant,effective_federal_funds_rate,8,50,2.580882542107918,2.3608907936951193,1.0475008467214932,1.2910671934718545
abm_balanced_h12_common_cells,dsge_sw07_median,beforeit_var_p1_constant,effective_federal_funds_rate,12,50,2.91203375589823,2.578291941902602,1.0831783825565366,1.2307793258451798
abm_pandemic_masked_common_cells,naive_no_change,beforeit_var_p1_constant,real_gdp,1,53,2.3989741565897575,1.8051204151803208,1.0035260718832082,0.9632196922658436
abm_pandemic_masked_common_cells,naive_no_change,beforeit_var_p1_constant,real_gdp,2,52,2.516200221391261,1.9776274583974809,1.1294755943774384,1.160778589582993
abm_pandemic_masked_common_cells,naive_no_change,beforeit_var_p1_constant,real_gdp,4,50,2.596025649188736,2.06642457105444,1.164813214798886,1.2439033620256432
abm_pandemic_masked_common_cells,naive_no_change,beforeit_var_p1_constant,real_gdp,8,46,6.7863618388138205,3.3100373235629568,1.3154052318789902,1.5553281255310691
abm_pandemic_masked_common_cells,naive_no_change,beforeit_var_p1_constant,real_gdp,12,42,7.135237088230726,3.1690966404983576,3.7497487304835193,2.254055281488142
abm_pandemic_masked_common_cells,naive_no_change,beforeit_var_p1_constant,gdp_deflator,1,53,1.2473815926255813,0.9622043041638678,1.1123396312979452,1.037489013371682
abm_pandemic_masked_common_cells,naive_no_change,beforeit_var_p1_constant,gdp_deflator,2,52,1.4221918103709303,1.042331013322077,0.9948973776494421,0.9812301745040203
abm_pandemic_masked_common_cells,naive_no_change,beforeit_var_p1_constant,gdp_deflator,4,50,1.713508635282802,1.21088151115734,0.9531495511936389,0.9883848265677773
abm_pandemic_masked_common_cells,naive_no_change,beforeit_var_p1_constant,gdp_deflator,8,46,2.6886812715748,1.8055930284095651,1.5216142819957026,1.440595960630416
abm_pandemic_masked_common_cells,naive_no_change,beforeit_var_p1_constant,gdp_deflator,12,42,2.64821441608982,1.9176920448221668,1.2541797125073366,1.3859442441207057
abm_pandemic_masked_common_cells,naive_no_change,beforeit_var_p1_constant,nominal_gdp,1,53,2.4875719019281077,1.9511913526335656,0.9504002241843768,0.9840163336987648
abm_pandemic_masked_common_cells,naive_no_change,beforeit_var_p1_constant,nominal_gdp,2,52,2.5492543876102975,2.078556072250577,0.9665934316303824,1.0761386415746195
abm_pandemic_masked_common_cells,naive_no_change,beforeit_var_p1_constant,nominal_gdp,4,50,2.6927443951803194,2.21175516740166,0.9191651149111796,1.0312785896114685
abm_pandemic_masked_common_cells,naive_no_change,beforeit_var_p1_constant,nominal_gdp,8,46,8.343527660980655,4.270225807778152,1.485604354208259,1.5561903425199708
abm_pandemic_masked_common_cells,naive_no_change,beforeit_var_p1_constant,nominal_gdp,12,42,8.021417800635387,4.250745859901214,2.815637884037728,2.056907793923634
abm_pandemic_masked_common_cells,naive_no_change,beforeit_var_p1_constant,unemployment_rate,1,53,0.19263156085907246,0.15094339622647168,0.7983633631363406,0.8494722901577493
abm_pandemic_masked_common_cells,naive_no_change,beforeit_var_p1_constant,unemployment_rate,2,52,0.37802907679967157,0.3038461538462116,0.8694891458863855,1.0291669260500313
abm_pandemic_masked_common_cells,naive_no_change,beforeit_var_p1_constant,unemployment_rate,4,50,0.8128960573160524,0.6560000000000001,0.9248781482792822,1.1069385801110792
abm_pandemic_masked_common_cells,naive_no_change,beforeit_var_p1_constant,unemployment_rate,8,46,2.1292136399708657,1.535507246376913,1.1062237449437349,1.1783870370894243
abm_pandemic_masked_common_cells,naive_no_change,beforeit_var_p1_constant,unemployment_rate,12,42,2.5197211569923517,1.9428571428571426,0.6285818286525172,0.951905943950574
abm_pandemic_masked_common_cells,naive_no_change,beforeit_var_p1_constant,effective_federal_funds_rate,1,53,0.3632373173600068,0.18256849052011323,0.8619574552946991,0.64025230881065
abm_pandemic_masked_common_cells,naive_no_change,beforeit_var_p1_constant,effective_federal_funds_rate,2,52,0.6915126079193921,0.35835170691776924,0.9071657089626042,0.6926253919451651
abm_pandemic_masked_common_cells,naive_no_change,beforeit_var_p1_constant,effective_federal_funds_rate,4,50,1.246949593786311,0.69836789764376,0.8772413076327945,0.7038161867030162
abm_pandemic_masked_common_cells,naive_no_change,beforeit_var_p1_constant,effective_federal_funds_rate,8,46,2.0602196147358,1.2726488223165653,0.8228411080379673,0.7050387735398499
abm_pandemic_masked_common_cells,naive_no_change,beforeit_var_p1_constant,effective_federal_funds_rate,12,42,2.524376904048172,1.7570710497685955,0.8688855122614157,0.7560089680362982
abm_pandemic_masked_common_cells,naive_drift,beforeit_var_p1_constant,real_gdp,1,53,2.4208163813676755,1.8261706916225648,1.0126629948351975,0.9744522065215664
abm_pandemic_masked_common_cells,naive_drift,beforeit_var_p1_constant,real_gdp,2,52,2.5593075608956117,2.0094925459269133,1.1488256792771947,1.1794819662995184
abm_pandemic_masked_common_cells,naive_drift,beforeit_var_p1_constant,real_gdp,4,50,2.6993903717515866,2.136989450989546,1.2111920303636916,1.2863805434440894
abm_pandemic_masked_common_cells,naive_drift,beforeit_var_p1_constant,real_gdp,8,46,7.488879051836744,3.65316371384618,1.4515746315432028,1.7165571611133614
abm_pandemic_masked_common_cells,naive_drift,beforeit_var_p1_constant,real_gdp,12,42,8.224737151969645,3.6548289114550903,4.322308749211606,2.5995377690676555
abm_pandemic_masked_common_cells,naive_drift,beforeit_var_p1_constant,gdp_deflator,1,53,1.258095469896591,0.9659836715038377,1.1218936205213403,1.0415640856570028
abm_pandemic_masked_common_cells,naive_drift,beforeit_var_p1_constant,gdp_deflator,2,52,1.4477754713524065,1.0603237601398732,1.012794483395329,0.998168196950041
abm_pandemic_masked_common_cells,naive_drift,beforeit_var_p1_constant,gdp_deflator,4,50,1.7736056945398266,1.2407600488199595,0.9865789042061708,1.0127732518543613
abm_pandemic_masked_common_cells,naive_drift,beforeit_var_p1_constant,gdp_deflator,8,46,2.8570916237237958,1.9179927862687107,1.6169233094267395,1.530274329232863
abm_pandemic_masked_common_cells,naive_drift,beforeit_var_p1_constant,gdp_deflator,12,42,2.9033532214673663,2.1307663892239534,1.3750120407484738,1.5399362064854627
abm_pandemic_masked_common_cells,naive_drift,beforeit_var_p1_constant,nominal_gdp,1,53,2.51353213730861,1.9704872461830705,0.9603185760946812,0.9937475547808989
abm_pandemic_masked_common_cells,naive_drift,beforeit_var_p1_constant,nominal_gdp,2,52,2.603516795335001,2.120957890197801,0.9871679522219954,1.0980914940259914
abm_pandemic_masked_common_cells,naive_drift,beforeit_var_p1_constant,nominal_gdp,4,50,2.8334792910431026,2.3237259217808672,0.9672048051837743,1.0834873708345625
abm_pandemic_masked_common_cells,naive_drift,beforeit_var_p1_constant,nominal_gdp,8,46,9.131559754439095,4.690138306377848,1.6259171759386433,1.7092182629250237
abm_pandemic_masked_common_cells,naive_drift,beforeit_var_p1_constant,nominal_gdp,12,42,9.233257203426165,4.762226946040395,3.241011679128802,2.3044101069762095
abm_pandemic_masked_common_cells,naive_drift,beforeit_var_p1_constant,unemployment_rate,1,53,0.23112346796631794,0.18206747167085505,0.9578934436414469,1.0246309278176202
abm_pandemic_masked_common_cells,naive_drift,beforeit_var_p1_constant,unemployment_rate,2,52,0.4590876674262673,0.37361852676296475,1.0559286793935447,1.2654951390255225
abm_pandemic_masked_common_cells,naive_drift,beforeit_var_p1_constant,unemployment_rate,4,50,0.9826466366392747,0.8059056456200651,1.1180130516421563,1.3598903217472214
abm_pandemic_masked_common_cells,naive_drift,beforeit_var_p1_constant,unemployment_rate,8,46,2.525334560278284,1.9000142271520672,1.3120266571958972,1.4581188990441878
abm_pandemic_masked_common_cells,naive_drift,beforeit_var_p1_constant,unemployment_rate,12,42,3.2194502991812946,2.530075847506263,0.8031396453133065,1.2396146812653668
abm_pandemic_masked_common_cells,naive_drift,beforeit_var_p1_constant,effective_federal_funds_rate,1,53,0.39447484132250626,0.25427971399666,0.9360836955723115,0.8917375254966989
abm_pandemic_masked_common_cells,naive_drift,beforeit_var_p1_constant,effective_federal_funds_rate,2,52,0.7633257199585318,0.5065732203752297,1.0013742482570767,0.9791092620407996
abm_pandemic_masked_common_cells,naive_drift,beforeit_var_p1_constant,effective_federal_funds_rate,4,50,1.4256811215039262,1.0231250867131685,1.0029806958739176,1.0311069559184929
abm_pandemic_masked_common_cells,naive_drift,beforeit_var_p1_constant,effective_federal_funds_rate,8,46,2.5373726947095485,2.0140200021360384,1.0134135917776084,1.1157533541782585
abm_pandemic_masked_common_cells,naive_drift,beforeit_var_p1_constant,effective_federal_funds_rate,12,42,3.353831452508781,2.9353546823173966,1.154382119000694,1.2629850480386389
abm_pandemic_masked_common_cells,naive_historical_mean,beforeit_var_p1_constant,real_gdp,1,53,1.62225493463943,1.342520813761802,0.6786130303571477,0.7163746386209674
abm_pandemic_masked_common_cells,naive_historical_mean,beforeit_var_p1_constant,real_gdp,2,52,1.6247792099225136,1.343982721571003,0.7293332415512797,0.7888575582548092
abm_pandemic_masked_common_cells,naive_historical_mean,beforeit_var_p1_constant,real_gdp,4,50,1.6102567566194312,1.3387164203368576,0.7225076338963183,0.8058527174820748
abm_pandemic_masked_common_cells,naive_historical_mean,beforeit_var_p1_constant,real_gdp,8,46,1.5918308562663674,1.3092461934995503,0.30854568122544773,0.6151916818274549
abm_pandemic_masked_common_cells,naive_historical_mean,beforeit_var_p1_constant,real_gdp,12,42,1.6322528890290569,1.3507534556400134,0.8577904451921203,0.9607384393916555
abm_pandemic_masked_common_cells,naive_historical_mean,beforeit_var_p1_constant,gdp_deflator,1,53,1.5443482945767788,0.9233703476186597,1.3771566156987358,0.9956166136255411
abm_pandemic_masked_common_cells,naive_historical_mean,beforeit_var_p1_constant,gdp_deflator,2,52,1.5682361142143215,0.9261448225619221,1.0970629884024192,0.8718547507879106
abm_pandemic_masked_common_cells,naive_historical_mean,beforeit_var_p1_constant,gdp_deflator,4,50,1.6269151998483395,0.9712510567834964,0.9049814285351551,0.7927859154403997
abm_pandemic_masked_common_cells,naive_historical_mean,beforeit_var_p1_constant,gdp_deflator,8,46,1.712858518715336,1.021322982008041,0.9693636849669075,0.8148645565361889
abm_pandemic_masked_common_cells,naive_historical_mean,beforeit_var_p1_constant,gdp_deflator,12,42,1.7937178509726026,1.1017122828288133,0.8494948615126771,0.7962236695857347
abm_pandemic_masked_common_cells,naive_historical_mean,beforeit_var_p1_constant,nominal_gdp,1,53,1.9556896900618301,1.5715045193845456,0.7471896263296652,0.7925343218996072
abm_pandemic_masked_common_cells,naive_historical_mean,beforeit_var_p1_constant,nominal_gdp,2,52,1.9805128706047437,1.5976941939957816,0.7509453514290171,0.8271802154062865
abm_pandemic_masked_common_cells,naive_historical_mean,beforeit_var_p1_constant,nominal_gdp,4,50,2.0087698044830518,1.6078114577592926,0.6856911972308194,0.7496767982990982
abm_pandemic_masked_common_cells,naive_historical_mean,beforeit_var_p1_constant,nominal_gdp,8,46,2.126063491136755,1.6650114778738945,0.3785556071836338,0.6067769946340204
abm_pandemic_masked_common_cells,naive_historical_mean,beforeit_var_p1_constant,nominal_gdp,12,42,2.1696858056770214,1.7325205791053095,0.7615922400201166,0.8383552439377351
abm_pandemic_masked_common_cells,naive_historical_mean,beforeit_var_p1_constant,unemployment_rate,1,53,1.9727988017802152,1.8274829244544801,8.17628367416313,10.284624196022145
abm_pandemic_masked_common_cells,naive_historical_mean,beforeit_var_p1_constant,unemployment_rate,2,52,1.958435418239608,1.821244747053983,4.504516831072192,6.168795734893534
abm_pandemic_masked_common_cells,naive_historical_mean,beforeit_var_p1_constant,unemployment_rate,4,50,1.9362222668160818,1.8124183824745888,2.202950363300537,3.0582863275360364
abm_pandemic_masked_common_cells,naive_historical_mean,beforeit_var_p1_constant,unemployment_rate,8,46,1.9248356942435285,1.8091531907617258,1.0000400664897982,1.3883898452012162
abm_pandemic_masked_common_cells,naive_historical_mean,beforeit_var_p1_constant,unemployment_rate,12,42,1.9609805569670389,1.8326329395005092,0.48919569573392857,0.8979014203919877
abm_pandemic_masked_common_cells,naive_historical_mean,beforeit_var_p1_constant,effective_federal_funds_rate,1,53,2.0567754745880564,1.8100205444889972,4.880701594961352,6.347589495330355
abm_pandemic_masked_common_cells,naive_historical_mean,beforeit_var_p1_constant,effective_federal_funds_rate,2,52,2.0780949751498343,1.8248731999972962,2.7261636011171255,3.5271312819179443
abm_pandemic_masked_common_cells,naive_historical_mean,beforeit_var_p1_constant,effective_federal_funds_rate,4,50,2.1180533415064136,1.8517914063119947,1.4900713647110806,1.8662380824737628
abm_pandemic_masked_common_cells,naive_historical_mean,beforeit_var_p1_constant,effective_federal_funds_rate,8,46,2.1716191044969597,1.8852612628802996,0.8673334907598411,1.0444218902146496
abm_pandemic_masked_common_cells,naive_historical_mean,beforeit_var_p1_constant,effective_federal_funds_rate,12,42,2.197773835148079,1.8968895501079877,0.7564693851877098,0.8161681973218117
abm_pandemic_masked_common_cells,univariate_ar_p1_constant,beforeit_var_p1_constant,real_gdp,1,53,1.7170218791131913,1.3707134642519858,0.718255433036182,0.7314183531016994
abm_pandemic_masked_common_cells,univariate_ar_p1_constant,beforeit_var_p1_constant,real_gdp,2,52,1.6466286076264351,1.3464116718403376,0.7391410307918277,0.7902832430853031
abm_pandemic_masked_common_cells,univariate_ar_p1_constant,beforeit_var_p1_constant,real_gdp,4,50,1.610800530366964,1.3304899231987548,0.7227516202556922,0.8009007015260514
abm_pandemic_masked_common_cells,univariate_ar_p1_constant,beforeit_var_p1_constant,real_gdp,8,46,2.661515091057708,1.5983651941298853,0.5158833199076999,0.7510435980897647
abm_pandemic_masked_common_cells,univariate_ar_p1_constant,beforeit_var_p1_constant,real_gdp,12,42,2.4383804397991335,1.5873837697517506,1.2814309945851916,1.129044385782701
abm_pandemic_masked_common_cells,univariate_ar_p1_constant,beforeit_var_p1_constant,gdp_deflator,1,53,1.1425098795043092,0.9079111757028999,1.0188213660000263,0.978947886465396
abm_pandemic_masked_common_cells,univariate_ar_p1_constant,beforeit_var_p1_constant,gdp_deflator,2,52,1.3199960826379347,0.8458971810662944,0.9234061337911221,0.7963111794445528
abm_pandemic_masked_common_cells,univariate_ar_p1_constant,beforeit_var_p1_constant,gdp_deflator,4,50,1.604970827641506,0.9800832610298873,0.892774738653655,0.7999952225293622
abm_pandemic_masked_common_cells,univariate_ar_p1_constant,beforeit_var_p1_constant,gdp_deflator,8,46,1.7179522458781973,1.0335414624999357,0.9722463948223079,0.8246130953069493
abm_pandemic_masked_common_cells,univariate_ar_p1_constant,beforeit_var_p1_constant,gdp_deflator,12,42,1.791639559714702,1.1056754981452044,0.8485105942582947,0.7990879435815486
abm_pandemic_masked_common_cells,univariate_ar_p1_constant,beforeit_var_p1_constant,nominal_gdp,1,53,2.203905874755697,1.707501378176505,0.8420229525126764,0.8611196660291762
abm_pandemic_masked_common_cells,univariate_ar_p1_constant,beforeit_var_p1_constant,nominal_gdp,2,52,2.048495470220029,1.6483978114668334,0.7767221175974541,0.8534311897036202
abm_pandemic_masked_common_cells,univariate_ar_p1_constant,beforeit_var_p1_constant,nominal_gdp,4,50,2.0250795586248858,1.6178209696237928,0.6912585125195578,0.7543439492706264
abm_pandemic_masked_common_cells,univariate_ar_p1_constant,beforeit_var_p1_constant,nominal_gdp,8,46,4.435406912886612,2.1368555003235765,0.7897450682982808,0.7787302223941291
abm_pandemic_masked_common_cells,univariate_ar_p1_constant,beforeit_var_p1_constant,nominal_gdp,12,42,3.423901742296958,2.108424196549884,1.2018408336828514,1.0202525170209589
abm_pandemic_masked_common_cells,univariate_ar_p1_constant,beforeit_var_p1_constant,unemployment_rate,1,53,0.2972616164474342,0.25129372458571675,1.232003638344299,1.414219244184879
abm_pandemic_masked_common_cells,univariate_ar_p1_constant,beforeit_var_p1_constant,unemployment_rate,2,52,0.5801156368576381,0.5085439500839366,1.3343001387006603,1.7225053114680102
abm_pandemic_masked_common_cells,univariate_ar_p1_constant,beforeit_var_p1_constant,unemployment_rate,4,50,1.1200439335054233,1.0095733681404429,1.2743377826584559,1.7035605345233864
abm_pandemic_masked_common_cells,univariate_ar_p1_constant,beforeit_var_p1_constant,unemployment_rate,8,46,2.1956767315694297,1.9594851349002556,1.1407543569539547,1.5037583754711221
abm_pandemic_masked_common_cells,univariate_ar_p1_constant,beforeit_var_p1_constant,unemployment_rate,12,42,2.836254775788164,2.503820712229642,0.7075458363882646,1.2267509360224775
abm_pandemic_masked_common_cells,univariate_ar_p1_constant,beforeit_var_p1_constant,effective_federal_funds_rate,1,53,0.39123047047046033,0.21365874755531916,0.9283848455092544,0.7492832198490155
abm_pandemic_masked_common_cells,univariate_ar_p1_constant,beforeit_var_p1_constant,effective_federal_funds_rate,2,52,0.7345428825507737,0.3995447425933588,0.9636152792897199,0.7722436606165167
abm_pandemic_masked_common_cells,univariate_ar_p1_constant,beforeit_var_p1_constant,effective_federal_funds_rate,4,50,1.2923658331677963,0.7269780210988631,0.9091920788759228,0.7326495108853153
abm_pandemic_masked_common_cells,univariate_ar_p1_constant,beforeit_var_p1_constant,effective_federal_funds_rate,8,46,2.0612821917524093,1.319480429189902,0.8232654958282148,0.7309831645563566
abm_pandemic_masked_common_cells,univariate_ar_p1_constant,beforeit_var_p1_constant,effective_federal_funds_rate,12,42,2.453274921591448,1.738649323039573,0.8444123512407135,0.7480827145044965
abm_pandemic_masked_common_cells,univariate_ar_p4_constant,beforeit_var_p1_constant,real_gdp,1,53,1.7087809902518116,1.3554496813586354,0.7148081483686212,0.7232735356492432
abm_pandemic_masked_common_cells,univariate_ar_p4_constant,beforeit_var_p1_constant,real_gdp,2,52,1.633912066488091,1.2970849443576569,0.7334328114146293,0.7613306671524791
abm_pandemic_masked_common_cells,univariate_ar_p4_constant,beforeit_var_p1_constant,real_gdp,4,50,1.726094246689699,1.377708229263055,0.7744828673633483,0.8293241971064238
abm_pandemic_masked_common_cells,univariate_ar_p4_constant,beforeit_var_p1_constant,real_gdp,8,46,2.735604418726024,1.5927463653198346,0.5302441057832632,0.7484034095883827
abm_pandemic_masked_common_cells,univariate_ar_p4_constant,beforeit_var_p1_constant,real_gdp,12,42,2.5955488885324653,1.619734102598479,1.3640270154072567,1.1520539203229923
abm_pandemic_masked_common_cells,univariate_ar_p4_constant,beforeit_var_p1_constant,gdp_deflator,1,53,1.1490761219577963,0.9180088492894222,1.0246767447813911,0.9898356213895646
abm_pandemic_masked_common_cells,univariate_ar_p4_constant,beforeit_var_p1_constant,gdp_deflator,2,52,1.3343616937352785,0.9054806026692953,0.933455628314193,0.8524018554676346
abm_pandemic_masked_common_cells,univariate_ar_p4_constant,beforeit_var_p1_constant,gdp_deflator,4,50,1.760966261429678,1.0866127191634272,0.9795481430251558,0.8869501384575456
abm_pandemic_masked_common_cells,univariate_ar_p4_constant,beforeit_var_p1_constant,gdp_deflator,8,46,2.035945690304772,1.2542413232387077,1.1522094762540749,1.000698914696728
abm_pandemic_masked_common_cells,univariate_ar_p4_constant,beforeit_var_p1_constant,gdp_deflator,12,42,2.088026420003191,1.2322564815150254,0.9888777733541741,0.8905698818782737
abm_pandemic_masked_common_cells,univariate_ar_p4_constant,beforeit_var_p1_constant,nominal_gdp,1,53,2.106521515611202,1.7061959302785135,0.8048163428499602,0.8604613082250159
abm_pandemic_masked_common_cells,univariate_ar_p4_constant,beforeit_var_p1_constant,nominal_gdp,2,52,2.018785776017154,1.640710778883212,0.765457178558096,0.8494513534544488
abm_pandemic_masked_common_cells,univariate_ar_p4_constant,beforeit_var_p1_constant,nominal_gdp,4,50,2.1074360481603818,1.6574829188958113,0.7193708028294244,0.7728371892590924
abm_pandemic_masked_common_cells,univariate_ar_p4_constant,beforeit_var_p1_constant,nominal_gdp,8,46,2.14366391638631,1.6531465624845374,0.38168944570483104,0.6024530858819113
abm_pandemic_masked_common_cells,univariate_ar_p4_constant,beforeit_var_p1_constant,nominal_gdp,12,42,2.1629696034282135,1.7347585606435267,0.7592347523591317,0.8394381883950928
abm_pandemic_masked_common_cells,univariate_ar_p4_constant,beforeit_var_p1_constant,unemployment_rate,1,53,0.2557573651583878,0.19664385388112635,1.0599888683045104,1.1066632199743163
abm_pandemic_masked_common_cells,univariate_ar_p4_constant,beforeit_var_p1_constant,unemployment_rate,2,52,0.4938620190101026,0.37428207350728526,1.1359117365524118,1.2677426592080174
abm_pandemic_masked_common_cells,univariate_ar_p4_constant,beforeit_var_p1_constant,unemployment_rate,4,50,0.986953502888204,0.7689548497600214,1.1229132186996127,1.2975393133580582
abm_pandemic_masked_common_cells,univariate_ar_p4_constant,beforeit_var_p1_constant,unemployment_rate,8,46,2.7120405633840314,1.8017952548553813,1.4090289542326295,1.382743179376467
abm_pandemic_masked_common_cells,univariate_ar_p4_constant,beforeit_var_p1_constant,unemployment_rate,12,42,7.027969542009101,3.1050294190876158,1.753231278854434,1.5213140971467867
abm_pandemic_masked_common_cells,univariate_ar_p4_constant,beforeit_var_p1_constant,effective_federal_funds_rate,1,53,0.25731344427383696,0.1817398546337708,0.6106014746815515,0.6373463525972711
abm_pandemic_masked_common_cells,univariate_ar_p4_constant,beforeit_var_p1_constant,effective_federal_funds_rate,2,52,0.557773375290506,0.3933776269592991,0.7317189500829158,0.7603238042275197
abm_pandemic_masked_common_cells,univariate_ar_p4_constant,beforeit_var_p1_constant,effective_federal_funds_rate,4,50,1.096659014619228,0.7763196971138668,0.77151040651987,0.7823761240008141
abm_pandemic_masked_common_cells,univariate_ar_p4_constant,beforeit_var_p1_constant,effective_federal_funds_rate,8,46,2.0160675575829115,1.6244679683287833,0.8052070037075425,0.8999441825283094
abm_pandemic_masked_common_cells,univariate_ar_p4_constant,beforeit_var_p1_constant,effective_federal_funds_rate,12,42,2.517194091201235,2.1505821997609242,0.8664132023579381,0.9253236684609952
abm_pandemic_masked_common_cells,univariate_ar_bic_p1-2-3-4-5-6-7-8_constant,beforeit_var_p1_constant,real_gdp,1,53,1.7170218791131913,1.3707134642519858,0.718255433036182,0.7314183531016994
abm_pandemic_masked_common_cells,univariate_ar_bic_p1-2-3-4-5-6-7-8_constant,beforeit_var_p1_constant,real_gdp,2,52,1.6466286076264351,1.3464116718403376,0.7391410307918277,0.7902832430853031
abm_pandemic_masked_common_cells,univariate_ar_bic_p1-2-3-4-5-6-7-8_constant,beforeit_var_p1_constant,real_gdp,4,50,1.610800530366964,1.3304899231987548,0.7227516202556922,0.8009007015260514
abm_pandemic_masked_common_cells,univariate_ar_bic_p1-2-3-4-5-6-7-8_constant,beforeit_var_p1_constant,real_gdp,8,46,2.661515091057708,1.5983651941298853,0.5158833199076999,0.7510435980897647
abm_pandemic_masked_common_cells,univariate_ar_bic_p1-2-3-4-5-6-7-8_constant,beforeit_var_p1_constant,real_gdp,12,42,2.4383804397991335,1.5873837697517506,1.2814309945851916,1.129044385782701
abm_pandemic_masked_common_cells,univariate_ar_bic_p1-2-3-4-5-6-7-8_constant,beforeit_var_p1_constant,gdp_deflator,1,53,1.1420690335412533,0.8978614663704577,1.018428246172939,0.9681118686104895
abm_pandemic_masked_common_cells,univariate_ar_bic_p1-2-3-4-5-6-7-8_constant,beforeit_var_p1_constant,gdp_deflator,2,52,1.3147866665453771,0.8757985592927491,0.9197618754205029,0.8244597562402706
abm_pandemic_masked_common_cells,univariate_ar_bic_p1-2-3-4-5-6-7-8_constant,beforeit_var_p1_constant,gdp_deflator,4,50,1.7731006252405572,1.067126195984023,0.9862979563509877,0.8710442189636755
abm_pandemic_masked_common_cells,univariate_ar_bic_p1-2-3-4-5-6-7-8_constant,beforeit_var_p1_constant,gdp_deflator,8,46,1.927220671295507,1.1964590987098596,1.0906783667530024,0.954597252836735
abm_pandemic_masked_common_cells,univariate_ar_bic_p1-2-3-4-5-6-7-8_constant,beforeit_var_p1_constant,gdp_deflator,12,42,1.9664998428747014,1.207607096704485,0.9313234580242026,0.8727554089593683
abm_pandemic_masked_common_cells,univariate_ar_bic_p1-2-3-4-5-6-7-8_constant,beforeit_var_p1_constant,nominal_gdp,1,53,2.203905874755697,1.707501378176505,0.8420229525126764,0.8611196660291762
abm_pandemic_masked_common_cells,univariate_ar_bic_p1-2-3-4-5-6-7-8_constant,beforeit_var_p1_constant,nominal_gdp,2,52,2.048495470220029,1.6483978114668334,0.7767221175974541,0.8534311897036202
abm_pandemic_masked_common_cells,univariate_ar_bic_p1-2-3-4-5-6-7-8_constant,beforeit_var_p1_constant,nominal_gdp,4,50,2.0250795586248858,1.6178209696237928,0.6912585125195578,0.7543439492706264
abm_pandemic_masked_common_cells,univariate_ar_bic_p1-2-3-4-5-6-7-8_constant,beforeit_var_p1_constant,nominal_gdp,8,46,4.435406912886612,2.1368555003235765,0.7897450682982808,0.7787302223941291
abm_pandemic_masked_common_cells,univariate_ar_bic_p1-2-3-4-5-6-7-8_constant,beforeit_var_p1_constant,nominal_gdp,12,42,3.423901742296958,2.108424196549884,1.2018408336828514,1.0202525170209589
abm_pandemic_masked_common_cells,univariate_ar_bic_p1-2-3-4-5-6-7-8_constant,beforeit_var_p1_constant,unemployment_rate,1,53,0.2546545527655215,0.20398895596690383,1.0554182516986401,1.147999647047193
abm_pandemic_masked_common_cells,univariate_ar_bic_p1-2-3-4-5-6-7-8_constant,beforeit_var_p1_constant,unemployment_rate,2,52,0.4990654032422956,0.39609725875549984,1.147879826811685,1.3416335637296541
abm_pandemic_masked_common_cells,univariate_ar_bic_p1-2-3-4-5-6-7-8_constant,beforeit_var_p1_constant,unemployment_rate,4,50,0.96465652682235,0.7999398485053609,1.0975446789577639,1.3498235976810913
abm_pandemic_masked_common_cells,univariate_ar_bic_p1-2-3-4-5-6-7-8_constant,beforeit_var_p1_constant,unemployment_rate,8,46,3.5498024513519266,2.068072404507272,1.8442845226178008,1.5870909883257758
abm_pandemic_masked_common_cells,univariate_ar_bic_p1-2-3-4-5-6-7-8_constant,beforeit_var_p1_constant,unemployment_rate,12,42,8.879609571954516,3.6630624457595053,2.2151503577967167,1.7947232651664857
abm_pandemic_masked_common_cells,univariate_ar_bic_p1-2-3-4-5-6-7-8_constant,beforeit_var_p1_constant,effective_federal_funds_rate,1,53,0.24611452626600347,0.17509920544307964,0.5840265871170147,0.6140581555802006
abm_pandemic_masked_common_cells,univariate_ar_bic_p1-2-3-4-5-6-7-8_constant,beforeit_var_p1_constant,effective_federal_funds_rate,2,52,0.5499505664428433,0.38757795855418686,0.7214565429292402,0.749114153136993
abm_pandemic_masked_common_cells,univariate_ar_bic_p1-2-3-4-5-6-7-8_constant,beforeit_var_p1_constant,effective_federal_funds_rate,4,50,1.123748578803588,0.8309650733380083,0.7905681814505563,0.8374478139292731
abm_pandemic_masked_common_cells,univariate_ar_bic_p1-2-3-4-5-6-7-8_constant,beforeit_var_p1_constant,effective_federal_funds_rate,8,46,2.041755348151776,1.6893373585969553,0.815466575019042,0.935881382604996
abm_pandemic_masked_common_cells,univariate_ar_bic_p1-2-3-4-5-6-7-8_constant,beforeit_var_p1_constant,effective_federal_funds_rate,12,42,2.4157493213713273,2.054149768283891,0.8314961142406484,0.8838320150552981
abm_pandemic_masked_common_cells,beforeit_var_p1_constant,beforeit_var_p1_constant,real_gdp,1,53,2.390544923349987,1.8740484955555883,1.0,1.0
abm_pandemic_masked_common_cells,beforeit_var_p1_constant,beforeit_var_p1_constant,real_gdp,2,52,2.227759708945441,1.7037077321592735,1.0,1.0
abm_pandemic_masked_common_cells,beforeit_var_p1_constant,beforeit_var_p1_constant,real_gdp,4,50,2.228705526522516,1.6612420499365452,1.0,1.0
abm_pandemic_masked_common_cells,beforeit_var_p1_constant,beforeit_var_p1_constant,real_gdp,8,46,5.159141589485579,2.128192288963295,1.0,1.0
abm_pandemic_masked_common_cells,beforeit_var_p1_constant,beforeit_var_p1_constant,real_gdp,12,42,1.902857391543315,1.4059533794601966,1.0,1.0
abm_pandemic_masked_common_cells,beforeit_var_p1_constant,beforeit_var_p1_constant,gdp_deflator,1,53,1.1214035331727423,0.9274356564382785,1.0,1.0
abm_pandemic_masked_common_cells,beforeit_var_p1_constant,beforeit_var_p1_constant,gdp_deflator,2,52,1.429485937264223,1.0622696288859452,1.0,1.0
abm_pandemic_masked_common_cells,beforeit_var_p1_constant,beforeit_var_p1_constant,gdp_deflator,4,50,1.7977332446277268,1.225111392454491,1.0,1.0
abm_pandemic_masked_common_cells,beforeit_var_p1_constant,beforeit_var_p1_constant,gdp_deflator,8,46,1.7669926625875305,1.2533653277907455,1.0,1.0
abm_pandemic_masked_common_cells,beforeit_var_p1_constant,beforeit_var_p1_constant,gdp_deflator,12,42,2.111511125304005,1.383671856178328,1.0,1.0
abm_pandemic_masked_common_cells,beforeit_var_p1_constant,beforeit_var_p1_constant,nominal_gdp,1,53,2.6173940605526638,1.982885126814247,1.0,1.0
abm_pandemic_masked_common_cells,beforeit_var_p1_constant,beforeit_var_p1_constant,nominal_gdp,2,52,2.637359518686562,1.9314946903209496,1.0,1.0
abm_pandemic_masked_common_cells,beforeit_var_p1_constant,beforeit_var_p1_constant,nominal_gdp,4,50,2.929554605040166,2.1446728262194727,1.0,1.0
abm_pandemic_masked_common_cells,beforeit_var_p1_constant,beforeit_var_p1_constant,nominal_gdp,8,46,5.6162514853608325,2.744025387577774,1.0,1.0
abm_pandemic_masked_common_cells,beforeit_var_p1_constant,beforeit_var_p1_constant,nominal_gdp,12,42,2.8488811882060556,2.06657093354328,1.0,1.0
abm_pandemic_masked_common_cells,beforeit_var_p1_constant,beforeit_var_p1_constant,unemployment_rate,1,53,0.2412830670264309,0.17769078282523035,1.0,1.0
abm_pandemic_masked_common_cells,beforeit_var_p1_constant,beforeit_var_p1_constant,unemployment_rate,2,52,0.4347714730979148,0.29523505483447743,1.0,1.0
abm_pandemic_masked_common_cells,beforeit_var_p1_constant,beforeit_var_p1_constant,unemployment_rate,4,50,0.8789223302858109,0.5926254733430393,1.0,1.0
abm_pandemic_masked_common_cells,beforeit_var_p1_constant,beforeit_var_p1_constant,unemployment_rate,8,46,1.9247585759236823,1.303058501194619,1.0,1.0
abm_pandemic_masked_common_cells,beforeit_var_p1_constant,beforeit_var_p1_constant,unemployment_rate,12,42,4.008580970903734,2.0410179757823026,1.0,1.0
abm_pandemic_masked_common_cells,beforeit_var_p1_constant,beforeit_var_p1_constant,effective_federal_funds_rate,1,53,0.42140979827805736,0.2851508507001832,1.0,1.0
abm_pandemic_masked_common_cells,beforeit_var_p1_constant,beforeit_var_p1_constant,effective_federal_funds_rate,2,52,0.7622781605250227,0.5173817060205899,1.0,1.0
abm_pandemic_masked_common_cells,beforeit_var_p1_constant,beforeit_var_p1_constant,effective_federal_funds_rate,4,50,1.4214442285568627,0.9922589318600665,1.0,1.0
abm_pandemic_masked_common_cells,beforeit_var_p1_constant,beforeit_var_p1_constant,effective_federal_funds_rate,8,46,2.5037879058428594,1.805076359030392,1.0,1.0
abm_pandemic_masked_common_cells,beforeit_var_p1_constant,beforeit_var_p1_constant,effective_federal_funds_rate,12,42,2.905304402507611,2.324140485175082,1.0,1.0
abm_pandemic_masked_common_cells,beforeit_var_p2_constant,beforeit_var_p1_constant,real_gdp,1,53,2.987894855673432,2.2481429044537555,1.2498802371328581,1.1996183181947282
abm_pandemic_masked_common_cells,beforeit_var_p2_constant,beforeit_var_p1_constant,real_gdp,2,52,2.734292506370214,2.028863739379114,1.22737317466997,1.1908519877454207
abm_pandemic_masked_common_cells,beforeit_var_p2_constant,beforeit_var_p1_constant,real_gdp,4,50,2.6701116536025955,1.891684929714304,1.1980549345021871,1.1387172205197678
abm_pandemic_masked_common_cells,beforeit_var_p2_constant,beforeit_var_p1_constant,real_gdp,8,46,28.11130797125847,6.219897701608126,5.448834362008944,2.922620166356312
abm_pandemic_masked_common_cells,beforeit_var_p2_constant,beforeit_var_p1_constant,real_gdp,12,42,72.48558390059118,13.869254197495165,38.093019593970546,9.864661517311578
abm_pandemic_masked_common_cells,beforeit_var_p2_constant,beforeit_var_p1_constant,gdp_deflator,1,53,1.2060008361716577,0.9800660752156691,1.0754387698062333,1.0567483236298163
abm_pandemic_masked_common_cells,beforeit_var_p2_constant,beforeit_var_p1_constant,gdp_deflator,2,52,1.457747562526914,1.098718068322353,1.0197704814898554,1.0343118530788016
abm_pandemic_masked_common_cells,beforeit_var_p2_constant,beforeit_var_p1_constant,gdp_deflator,4,50,1.8763225722752173,1.280844415951895,1.0437157892486795,1.0454922089866
abm_pandemic_masked_common_cells,beforeit_var_p2_constant,beforeit_var_p1_constant,gdp_deflator,8,46,5.820931622453485,2.435834953430901,3.2942590796780613,1.9434357241431317
abm_pandemic_masked_common_cells,beforeit_var_p2_constant,beforeit_var_p1_constant,gdp_deflator,12,42,12.987620910894703,4.095356823710399,6.150865489294928,2.9597746065470223
abm_pandemic_masked_common_cells,beforeit_var_p2_constant,beforeit_var_p1_constant,nominal_gdp,1,53,3.411680802902834,2.6149606193844623,1.3034647148937353,1.3187655623731083
abm_pandemic_masked_common_cells,beforeit_var_p2_constant,beforeit_var_p1_constant,nominal_gdp,2,52,3.1367625503515155,2.4839844134458784,1.1893572067541487,1.2860425793006574
abm_pandemic_masked_common_cells,beforeit_var_p2_constant,beforeit_var_p1_constant,nominal_gdp,4,50,3.502760538326944,2.4792694484962694,1.1956631674660043,1.1560128977185802
abm_pandemic_masked_common_cells,beforeit_var_p2_constant,beforeit_var_p1_constant,nominal_gdp,8,46,32.20473019390229,8.102395828082212,5.734203726070006,2.9527408400672335
abm_pandemic_masked_common_cells,beforeit_var_p2_constant,beforeit_var_p1_constant,nominal_gdp,12,42,83.2079100412566,17.117382193037535,29.207223658791026,8.282987975490679
abm_pandemic_masked_common_cells,beforeit_var_p2_constant,beforeit_var_p1_constant,unemployment_rate,1,53,0.42874870216584515,0.2942710733355359,1.7769531341330251,1.6560851871814273
abm_pandemic_masked_common_cells,beforeit_var_p2_constant,beforeit_var_p1_constant,unemployment_rate,2,52,0.6028093906128467,0.4232208419157483,1.3864971091999132,1.4335047108583556
abm_pandemic_masked_common_cells,beforeit_var_p2_constant,beforeit_var_p1_constant,unemployment_rate,4,50,1.1592807595823258,0.7834049634908652,1.3189797546790591,1.3219225273453505
abm_pandemic_masked_common_cells,beforeit_var_p2_constant,beforeit_var_p1_constant,unemployment_rate,8,46,3.3547001401002983,1.8090106100566334,1.7429199599697298,1.3882804251675327
abm_pandemic_masked_common_cells,beforeit_var_p2_constant,beforeit_var_p1_constant,unemployment_rate,12,42,8.209651212233878,3.108385999438843,2.048019304542828,1.5229586590227988
abm_pandemic_masked_common_cells,beforeit_var_p2_constant,beforeit_var_p1_constant,effective_federal_funds_rate,1,53,0.30237132117536647,0.23783614255007737,0.7175232337048173,0.8340713063491645
abm_pandemic_masked_common_cells,beforeit_var_p2_constant,beforeit_var_p1_constant,effective_federal_funds_rate,2,52,0.6720967450919364,0.4976302900407961,0.8816948718943051,0.9618242861122582
abm_pandemic_masked_common_cells,beforeit_var_p2_constant,beforeit_var_p1_constant,effective_federal_funds_rate,4,50,1.3200525334982425,0.9403367087706909,0.928669944960444,0.9476727077759397
abm_pandemic_masked_common_cells,beforeit_var_p2_constant,beforeit_var_p1_constant,effective_federal_funds_rate,8,46,2.089021779664664,1.4496686392824065,0.834344544435935,0.8031065456206545
abm_pandemic_masked_common_cells,beforeit_var_p2_constant,beforeit_var_p1_constant,effective_federal_funds_rate,12,42,2.9532048195771954,2.023156219715502,1.0164872283359503,0.8704965266172769
abm_pandemic_masked_common_cells,beforeit_var_p3_constant,beforeit_var_p1_constant,real_gdp,1,53,4.052751329743401,2.6816304254311705,1.695325316900585,1.43092904574818
abm_pandemic_masked_common_cells,beforeit_var_p3_constant,beforeit_var_p1_constant,real_gdp,2,52,4.040991119675102,2.802580100731398,1.8139259379944501,1.6449887781981347
abm_pandemic_masked_common_cells,beforeit_var_p3_constant,beforeit_var_p1_constant,real_gdp,4,50,3.616068213001806,2.335242557283259,1.622497081812335,1.405720832417202
abm_pandemic_masked_common_cells,beforeit_var_p3_constant,beforeit_var_p1_constant,real_gdp,8,46,28.60242201187072,8.186474629888904,5.544027337835223,3.8466799604263096
abm_pandemic_masked_common_cells,beforeit_var_p3_constant,beforeit_var_p1_constant,real_gdp,12,42,303.37758711547485,52.36760694616673,159.43264506512497,37.24704368666393
abm_pandemic_masked_common_cells,beforeit_var_p3_constant,beforeit_var_p1_constant,gdp_deflator,1,53,1.30396599528638,1.0292542640833127,1.1627981870158024,1.1097850906833344
abm_pandemic_masked_common_cells,beforeit_var_p3_constant,beforeit_var_p1_constant,gdp_deflator,2,52,1.6931638143396786,1.2871147335509614,1.184456433044796,1.2116648151758065
abm_pandemic_masked_common_cells,beforeit_var_p3_constant,beforeit_var_p1_constant,gdp_deflator,4,50,2.37438634210633,1.6066598217161856,1.3207667762733153,1.311439785485358
abm_pandemic_masked_common_cells,beforeit_var_p3_constant,beforeit_var_p1_constant,gdp_deflator,8,46,20.836225625242783,5.939290992711486,11.791914061901561,4.7386750383309435
abm_pandemic_masked_common_cells,beforeit_var_p3_constant,beforeit_var_p1_constant,gdp_deflator,12,42,60.641870212513865,13.851731291533968,28.719654604605953,10.010849920581713
abm_pandemic_masked_common_cells,beforeit_var_p3_constant,beforeit_var_p1_constant,nominal_gdp,1,53,4.498666447532121,3.111340461038993,1.7187577962877418,1.5690976844623121
abm_pandemic_masked_common_cells,beforeit_var_p3_constant,beforeit_var_p1_constant,nominal_gdp,2,52,4.800894969095208,3.5416438153774235,1.8203414949987984,1.8336285536404562
abm_pandemic_masked_common_cells,beforeit_var_p3_constant,beforeit_var_p1_constant,nominal_gdp,4,50,4.833746811365303,3.0083434897460095,1.6499937577709118,1.40270509001085
abm_pandemic_masked_common_cells,beforeit_var_p3_constant,beforeit_var_p1_constant,nominal_gdp,8,46,49.15263839314779,13.512432017115135,8.751858516533263,4.924310131490047
abm_pandemic_masked_common_cells,beforeit_var_p3_constant,beforeit_var_p1_constant,nominal_gdp,12,42,361.3982629642291,60.60593851210316,126.85620743341778,29.326812609422532
abm_pandemic_masked_common_cells,beforeit_var_p3_constant,beforeit_var_p1_constant,unemployment_rate,1,53,0.5889149657535234,0.3539181460050348,2.4407637593939064,1.9917642343504938
abm_pandemic_masked_common_cells,beforeit_var_p3_constant,beforeit_var_p1_constant,unemployment_rate,2,52,0.9274440758698087,0.5904892298844583,2.133176009137424,2.000064762687189
abm_pandemic_masked_common_cells,beforeit_var_p3_constant,beforeit_var_p1_constant,unemployment_rate,4,50,1.9422387922480542,1.257886579688624,2.2097957069954868,2.1225658299715047
abm_pandemic_masked_common_cells,beforeit_var_p3_constant,beforeit_var_p1_constant,unemployment_rate,8,46,19.407029872968458,5.626657226167437,10.08283850022859,4.31803884553842
abm_pandemic_masked_common_cells,beforeit_var_p3_constant,beforeit_var_p1_constant,unemployment_rate,12,42,74.7901008400872,17.910307716379002,18.65750034312661,8.775183721502577
abm_pandemic_masked_common_cells,beforeit_var_p3_constant,beforeit_var_p1_constant,effective_federal_funds_rate,1,53,0.33745935801381766,0.26767113936589065,0.8007866912272245,0.9387001255953773
abm_pandemic_masked_common_cells,beforeit_var_p3_constant,beforeit_var_p1_constant,effective_federal_funds_rate,2,52,0.7597101956680237,0.5199266035550563,0.996631197127266,1.0049188007709826
abm_pandemic_masked_common_cells,beforeit_var_p3_constant,beforeit_var_p1_constant,effective_federal_funds_rate,4,50,1.610015766914467,1.0958595004618124,1.132661932539593,1.1044088042700089
abm_pandemic_masked_common_cells,beforeit_var_p3_constant,beforeit_var_p1_constant,effective_federal_funds_rate,8,46,3.587665847137329,2.3371007786489697,1.4328952699088942,1.2947379023369172
abm_pandemic_masked_common_cells,beforeit_var_p3_constant,beforeit_var_p1_constant,effective_federal_funds_rate,12,42,5.1402044947124566,3.07186014623149,1.7692481690647874,1.321718788440657
abm_pandemic_masked_common_cells,bvar_mniw_v1_p1_constant_tight3fc999999999999a_decay3ff0000000000000_own0000000000000000_ivar4059000000000000_iwoff2_iscale3ff0000000000000_floor3e45798ee2308c3a_diffmse_scale,beforeit_var_p1_constant,real_gdp,1,53,1.8730428014275253,1.554791787066781,0.7835212729668093,0.8296433047245347
abm_pandemic_masked_common_cells,bvar_mniw_v1_p1_constant_tight3fc999999999999a_decay3ff0000000000000_own0000000000000000_ivar4059000000000000_iwoff2_iscale3ff0000000000000_floor3e45798ee2308c3a_diffmse_scale,beforeit_var_p1_constant,real_gdp,2,52,1.8360327927906464,1.524955907046479,0.8241610553499834,0.8950806985619271
abm_pandemic_masked_common_cells,bvar_mniw_v1_p1_constant_tight3fc999999999999a_decay3ff0000000000000_own0000000000000000_ivar4059000000000000_iwoff2_iscale3ff0000000000000_floor3e45798ee2308c3a_diffmse_scale,beforeit_var_p1_constant,real_gdp,4,50,1.7453319880940563,1.4630265644173013,0.7831146678302203,0.8806823571996536
abm_pandemic_masked_common_cells,bvar_mniw_v1_p1_constant_tight3fc999999999999a_decay3ff0000000000000_own0000000000000000_ivar4059000000000000_iwoff2_iscale3ff0000000000000_floor3e45798ee2308c3a_diffmse_scale,beforeit_var_p1_constant,real_gdp,8,46,1.7468645870193802,1.4062356629168073,0.3385959770089506,0.6607653219163885
abm_pandemic_masked_common_cells,bvar_mniw_v1_p1_constant_tight3fc999999999999a_decay3ff0000000000000_own0000000000000000_ivar4059000000000000_iwoff2_iscale3ff0000000000000_floor3e45798ee2308c3a_diffmse_scale,beforeit_var_p1_constant,real_gdp,12,42,1.534458929669271,1.228983159469291,0.8063972300229741,0.8741279600189504
abm_pandemic_masked_common_cells,bvar_mniw_v1_p1_constant_tight3fc999999999999a_decay3ff0000000000000_own0000000000000000_ivar4059000000000000_iwoff2_iscale3ff0000000000000_floor3e45798ee2308c3a_diffmse_scale,beforeit_var_p1_constant,gdp_deflator,1,53,1.1382676724921068,0.9146772133028731,1.0150384217817217,0.9862433118170129
abm_pandemic_masked_common_cells,bvar_mniw_v1_p1_constant_tight3fc999999999999a_decay3ff0000000000000_own0000000000000000_ivar4059000000000000_iwoff2_iscale3ff0000000000000_floor3e45798ee2308c3a_diffmse_scale,beforeit_var_p1_constant,gdp_deflator,2,52,1.4158117510387669,0.9464615996143717,0.9904341932515782,0.8909805701655735
abm_pandemic_masked_common_cells,bvar_mniw_v1_p1_constant_tight3fc999999999999a_decay3ff0000000000000_own0000000000000000_ivar4059000000000000_iwoff2_iscale3ff0000000000000_floor3e45798ee2308c3a_diffmse_scale,beforeit_var_p1_constant,gdp_deflator,4,50,1.6685452272014516,1.0215766679302374,0.928138383259955,0.8338643116227374
abm_pandemic_masked_common_cells,bvar_mniw_v1_p1_constant_tight3fc999999999999a_decay3ff0000000000000_own0000000000000000_ivar4059000000000000_iwoff2_iscale3ff0000000000000_floor3e45798ee2308c3a_diffmse_scale,beforeit_var_p1_constant,gdp_deflator,8,46,1.7633514297746065,1.087598122474527,0.9979393050746505,0.8677423081358016
abm_pandemic_masked_common_cells,bvar_mniw_v1_p1_constant_tight3fc999999999999a_decay3ff0000000000000_own0000000000000000_ivar4059000000000000_iwoff2_iscale3ff0000000000000_floor3e45798ee2308c3a_diffmse_scale,beforeit_var_p1_constant,gdp_deflator,12,42,1.8391871306534266,1.133006289337243,0.8710288610904806,0.8188403083275698
abm_pandemic_masked_common_cells,bvar_mniw_v1_p1_constant_tight3fc999999999999a_decay3ff0000000000000_own0000000000000000_ivar4059000000000000_iwoff2_iscale3ff0000000000000_floor3e45798ee2308c3a_diffmse_scale,beforeit_var_p1_constant,nominal_gdp,1,53,2.0690122095341343,1.6015267860559164,0.7904855599379108,0.8076750208061572
abm_pandemic_masked_common_cells,bvar_mniw_v1_p1_constant_tight3fc999999999999a_decay3ff0000000000000_own0000000000000000_ivar4059000000000000_iwoff2_iscale3ff0000000000000_floor3e45798ee2308c3a_diffmse_scale,beforeit_var_p1_constant,nominal_gdp,2,52,2.1119274756128488,1.6682082035963222,0.8007734480828821,0.8636876984213309
abm_pandemic_masked_common_cells,bvar_mniw_v1_p1_constant_tight3fc999999999999a_decay3ff0000000000000_own0000000000000000_ivar4059000000000000_iwoff2_iscale3ff0000000000000_floor3e45798ee2308c3a_diffmse_scale,beforeit_var_p1_constant,nominal_gdp,4,50,2.220696395191397,1.7979109982551922,0.7580320883491264,0.8383148125322519
abm_pandemic_masked_common_cells,bvar_mniw_v1_p1_constant_tight3fc999999999999a_decay3ff0000000000000_own0000000000000000_ivar4059000000000000_iwoff2_iscale3ff0000000000000_floor3e45798ee2308c3a_diffmse_scale,beforeit_var_p1_constant,nominal_gdp,8,46,2.1303072175837006,1.7541675160622698,0.3793112226431635,0.6392679615878923
abm_pandemic_masked_common_cells,bvar_mniw_v1_p1_constant_tight3fc999999999999a_decay3ff0000000000000_own0000000000000000_ivar4059000000000000_iwoff2_iscale3ff0000000000000_floor3e45798ee2308c3a_diffmse_scale,beforeit_var_p1_constant,nominal_gdp,12,42,2.220610804666332,1.7357194568098502,0.7794676779991143,0.8399031596916144
abm_pandemic_masked_common_cells,bvar_mniw_v1_p1_constant_tight3fc999999999999a_decay3ff0000000000000_own0000000000000000_ivar4059000000000000_iwoff2_iscale3ff0000000000000_floor3e45798ee2308c3a_diffmse_scale,beforeit_var_p1_constant,unemployment_rate,1,53,0.21553241371007506,0.16628392239310602,0.8932761688016215,0.9358049964620637
abm_pandemic_masked_common_cells,bvar_mniw_v1_p1_constant_tight3fc999999999999a_decay3ff0000000000000_own0000000000000000_ivar4059000000000000_iwoff2_iscale3ff0000000000000_floor3e45798ee2308c3a_diffmse_scale,beforeit_var_p1_constant,unemployment_rate,2,52,0.4786083103060862,0.3509677618693823,1.1008273079551816,1.1887740162364906
abm_pandemic_masked_common_cells,bvar_mniw_v1_p1_constant_tight3fc999999999999a_decay3ff0000000000000_own0000000000000000_ivar4059000000000000_iwoff2_iscale3ff0000000000000_floor3e45798ee2308c3a_diffmse_scale,beforeit_var_p1_constant,unemployment_rate,4,50,0.9951449053715322,0.7705149180259664,1.1322330439003951,1.3001717824909569
abm_pandemic_masked_common_cells,bvar_mniw_v1_p1_constant_tight3fc999999999999a_decay3ff0000000000000_own0000000000000000_ivar4059000000000000_iwoff2_iscale3ff0000000000000_floor3e45798ee2308c3a_diffmse_scale,beforeit_var_p1_constant,unemployment_rate,8,46,1.7859486983219897,1.5221592217487259,0.9278819279789007,1.1681434259116068
abm_pandemic_masked_common_cells,bvar_mniw_v1_p1_constant_tight3fc999999999999a_decay3ff0000000000000_own0000000000000000_ivar4059000000000000_iwoff2_iscale3ff0000000000000_floor3e45798ee2308c3a_diffmse_scale,beforeit_var_p1_constant,unemployment_rate,12,42,1.9769484883272146,1.8447738335110917,0.4931791331338661,0.9038498707019019
abm_pandemic_masked_common_cells,bvar_mniw_v1_p1_constant_tight3fc999999999999a_decay3ff0000000000000_own0000000000000000_ivar4059000000000000_iwoff2_iscale3ff0000000000000_floor3e45798ee2308c3a_diffmse_scale,beforeit_var_p1_constant,effective_federal_funds_rate,1,53,0.37135986403734816,0.26591228482831647,0.8812321534876013,0.9325319709738661
abm_pandemic_masked_common_cells,bvar_mniw_v1_p1_constant_tight3fc999999999999a_decay3ff0000000000000_own0000000000000000_ivar4059000000000000_iwoff2_iscale3ff0000000000000_floor3e45798ee2308c3a_diffmse_scale,beforeit_var_p1_constant,effective_federal_funds_rate,2,52,0.6859815332589025,0.4880199561681746,0.8999097295223957,0.943249346641478
abm_pandemic_masked_common_cells,bvar_mniw_v1_p1_constant_tight3fc999999999999a_decay3ff0000000000000_own0000000000000000_ivar4059000000000000_iwoff2_iscale3ff0000000000000_floor3e45798ee2308c3a_diffmse_scale,beforeit_var_p1_constant,effective_federal_funds_rate,4,50,1.2186023644831487,0.8779831961060363,0.8572987529171993,0.8848327466906127
abm_pandemic_masked_common_cells,bvar_mniw_v1_p1_constant_tight3fc999999999999a_decay3ff0000000000000_own0000000000000000_ivar4059000000000000_iwoff2_iscale3ff0000000000000_floor3e45798ee2308c3a_diffmse_scale,beforeit_var_p1_constant,effective_federal_funds_rate,8,46,2.0140636373280136,1.584333966760499,0.8044066482739927,0.8777102192017704
abm_pandemic_masked_common_cells,bvar_mniw_v1_p1_constant_tight3fc999999999999a_decay3ff0000000000000_own0000000000000000_ivar4059000000000000_iwoff2_iscale3ff0000000000000_floor3e45798ee2308c3a_diffmse_scale,beforeit_var_p1_constant,effective_federal_funds_rate,12,42,2.4137723240721622,1.9157238023911378,0.8308156357002728,0.8242719468168562
abm_pandemic_masked_common_cells,beforeit_abm_us_v3_mean,beforeit_var_p1_constant,real_gdp,1,53,1.55449225371167,1.223240609309897,0.650266907150728,0.6527262299833122
abm_pandemic_masked_common_cells,beforeit_abm_us_v3_mean,beforeit_var_p1_constant,real_gdp,2,52,1.5715687344129892,1.2538278326843897,0.7054480463500823,0.7359406833795914
abm_pandemic_masked_common_cells,beforeit_abm_us_v3_mean,beforeit_var_p1_constant,real_gdp,4,50,1.5498535835796998,1.2394139538760651,0.6954052768011755,0.7460766803509502
abm_pandemic_masked_common_cells,beforeit_abm_us_v3_mean,beforeit_var_p1_constant,real_gdp,8,46,1.5673726548231024,1.2473555858323582,0.3038049310407443,0.5861103774790866
abm_pandemic_masked_common_cells,beforeit_abm_us_v3_mean,beforeit_var_p1_constant,real_gdp,12,42,1.576153564097437,1.2251629057536588,0.8283088218287843,0.8714107620154868
abm_pandemic_masked_common_cells,beforeit_abm_us_v3_mean,beforeit_var_p1_constant,gdp_deflator,1,53,1.1481118453285923,0.9093348137734321,1.0238168610725573,0.9804829127075393
abm_pandemic_masked_common_cells,beforeit_abm_us_v3_mean,beforeit_var_p1_constant,gdp_deflator,2,52,1.3088550184449927,0.8500970756211468,0.9156123780762083,0.8002648786190806
abm_pandemic_masked_common_cells,beforeit_abm_us_v3_mean,beforeit_var_p1_constant,gdp_deflator,4,50,1.6119934684099242,0.9859401521622232,0.8966811250930249,0.8047759234259572
abm_pandemic_masked_common_cells,beforeit_abm_us_v3_mean,beforeit_var_p1_constant,gdp_deflator,8,46,1.714912178839665,1.0259086190398135,0.9705259196313807,0.8185232160906665
abm_pandemic_masked_common_cells,beforeit_abm_us_v3_mean,beforeit_var_p1_constant,gdp_deflator,12,42,1.7843352482439707,1.1107362669339966,0.8450513127119189,0.8027454356134888
abm_pandemic_masked_common_cells,beforeit_abm_us_v3_mean,beforeit_var_p1_constant,nominal_gdp,1,53,1.7241795782288543,1.3759283073591897,0.6587390122925522,0.6939021775657729
abm_pandemic_masked_common_cells,beforeit_abm_us_v3_mean,beforeit_var_p1_constant,nominal_gdp,2,52,1.7080985664533672,1.3871686256383091,0.6476548056307551,0.7181840222443523
abm_pandemic_masked_common_cells,beforeit_abm_us_v3_mean,beforeit_var_p1_constant,nominal_gdp,4,50,1.9448379742593838,1.5528116364004676,0.6638681425884256,0.724031944367799
abm_pandemic_masked_common_cells,beforeit_abm_us_v3_mean,beforeit_var_p1_constant,nominal_gdp,8,46,2.148640026930914,1.6941247165705995,0.3825754655986293,0.617386677339035
abm_pandemic_masked_common_cells,beforeit_abm_us_v3_mean,beforeit_var_p1_constant,nominal_gdp,12,42,2.175841905316155,1.7072855492976164,0.7637531232695196,0.8261441799969365
abm_pandemic_masked_common_cells,beforeit_abm_us_v3_mean,beforeit_var_p1_constant,unemployment_rate,1,53,2.717225073964673,2.4568516244278604,11.261565543955141,13.826556365865768
abm_pandemic_masked_common_cells,beforeit_abm_us_v3_mean,beforeit_var_p1_constant,unemployment_rate,2,52,2.6970708912323467,2.433676983765774,6.203421931100203,8.243184350619227
abm_pandemic_masked_common_cells,beforeit_abm_us_v3_mean,beforeit_var_p1_constant,unemployment_rate,4,50,2.6506125754738443,2.384499408284064,3.0157529102849274,4.023619495856204
abm_pandemic_masked_common_cells,beforeit_abm_us_v3_mean,beforeit_var_p1_constant,unemployment_rate,8,46,2.4604449552880654,2.219312237372475,1.2783135433529942,1.7031562553314776
abm_pandemic_masked_common_cells,beforeit_abm_us_v3_mean,beforeit_var_p1_constant,unemployment_rate,12,42,2.1835418927443477,1.9659622428853443,0.5447169231689659,0.9632263244187302
abm_pandemic_masked_common_cells,beforeit_abm_us_v3_mean,beforeit_var_p1_constant,effective_federal_funds_rate,1,53,0.359423759607934,0.21395158842874845,0.8529079320808214,0.7503101881105873
abm_pandemic_masked_common_cells,beforeit_abm_us_v3_mean,beforeit_var_p1_constant,effective_federal_funds_rate,2,52,0.6776465698140403,0.40651322226999437,0.8889754487355481,0.7857124006116611
abm_pandemic_masked_common_cells,beforeit_abm_us_v3_mean,beforeit_var_p1_constant,effective_federal_funds_rate,4,50,1.2049104417024787,0.7463754061935386,0.8476663505298253,0.7521982238994814
abm_pandemic_masked_common_cells,beforeit_abm_us_v3_mean,beforeit_var_p1_constant,effective_federal_funds_rate,8,46,1.9346098838180277,1.2878936584635519,0.7726732281529943,0.7134843088606799
abm_pandemic_masked_common_cells,beforeit_abm_us_v3_mean,beforeit_var_p1_constant,effective_federal_funds_rate,12,42,2.298598198414268,1.7124560680601302,0.7911729305990498,0.7368126320174347
abm_pandemic_masked_common_cells,beforeit_abm_us_v3_median,beforeit_var_p1_constant,real_gdp,1,53,1.5604748965814725,1.2109257398123698,0.6527695344016807,0.6461549648710525
abm_pandemic_masked_common_cells,beforeit_abm_us_v3_median,beforeit_var_p1_constant,real_gdp,2,52,1.5810172932820643,1.2663457883978568,0.7096893291200036,0.7432881617511323
abm_pandemic_masked_common_cells,beforeit_abm_us_v3_median,beforeit_var_p1_constant,real_gdp,4,50,1.6034673768215084,1.2764182703997438,0.7194613006247728,0.7683517705613696
abm_pandemic_masked_common_cells,beforeit_abm_us_v3_median,beforeit_var_p1_constant,real_gdp,8,46,1.5548872988731937,1.2416509781103013,0.3013848858193931,0.5834298829807085
abm_pandemic_masked_common_cells,beforeit_abm_us_v3_median,beforeit_var_p1_constant,real_gdp,12,42,1.6018769509321231,1.2445847199699176,0.8418271164466606,0.8852247436879912
abm_pandemic_masked_common_cells,beforeit_abm_us_v3_median,beforeit_var_p1_constant,gdp_deflator,1,53,1.1494434121178045,0.907752717900961,1.0250042719820314,0.9787770306212855
abm_pandemic_masked_common_cells,beforeit_abm_us_v3_median,beforeit_var_p1_constant,gdp_deflator,2,52,1.310077898525755,0.8572382222755445,0.9164678464994254,0.806987415402785
abm_pandemic_masked_common_cells,beforeit_abm_us_v3_median,beforeit_var_p1_constant,gdp_deflator,4,50,1.6162386325837519,0.9849029860991595,0.8990425233630485,0.8039293342345974
abm_pandemic_masked_common_cells,beforeit_abm_us_v3_median,beforeit_var_p1_constant,gdp_deflator,8,46,1.7122346282267955,1.0293546535760318,0.969010604559869,0.8212726415453283
abm_pandemic_masked_common_cells,beforeit_abm_us_v3_median,beforeit_var_p1_constant,gdp_deflator,12,42,1.7954964464133871,1.1119068957898701,0.8503371944842963,0.8035914663039639
abm_pandemic_masked_common_cells,beforeit_abm_us_v3_median,beforeit_var_p1_constant,nominal_gdp,1,53,1.7248837255816143,1.3846843634240813,0.6590080384064921,0.6983179936644893
abm_pandemic_masked_common_cells,beforeit_abm_us_v3_median,beforeit_var_p1_constant,nominal_gdp,2,52,1.672244269509119,1.3636884893584569,0.6340600352969388,0.7060275631054712
abm_pandemic_masked_common_cells,beforeit_abm_us_v3_median,beforeit_var_p1_constant,nominal_gdp,4,50,1.9663910656415058,1.5771266904549923,0.6712252648434746,0.7353693631839763
abm_pandemic_masked_common_cells,beforeit_abm_us_v3_median,beforeit_var_p1_constant,nominal_gdp,8,46,2.1831798616388918,1.7216283410748752,0.3887254456695019,0.6274097713777362
abm_pandemic_masked_common_cells,beforeit_abm_us_v3_median,beforeit_var_p1_constant,nominal_gdp,12,42,2.1701375173878343,1.6976049776471225,0.7617507976014868,0.8214598154327373
abm_pandemic_masked_common_cells,beforeit_abm_us_v3_median,beforeit_var_p1_constant,unemployment_rate,1,53,2.7521168080893856,2.4867366305683087,11.406174672787586,13.994741826390426
abm_pandemic_masked_common_cells,beforeit_abm_us_v3_median,beforeit_var_p1_constant,unemployment_rate,2,52,2.761081077354041,2.49076392049768,6.350649129944683,8.436545321131051
abm_pandemic_masked_common_cells,beforeit_abm_us_v3_median,beforeit_var_p1_constant,unemployment_rate,4,50,2.7856269034726155,2.503751479289981,3.1693664018830607,4.22484620036016
abm_pandemic_masked_common_cells,beforeit_abm_us_v3_median,beforeit_var_p1_constant,unemployment_rate,8,46,2.670545900030317,2.4128290884144086,1.387470581212366,1.8516659737090646
abm_pandemic_masked_common_cells,beforeit_abm_us_v3_median,beforeit_var_p1_constant,unemployment_rate,12,42,2.306484353300724,2.0727106227106464,0.5753867440978067,1.015527862715759
abm_pandemic_masked_common_cells,beforeit_abm_us_v3_median,beforeit_var_p1_constant,effective_federal_funds_rate,1,53,0.35993522098798647,0.20974900295999965,0.854121623319474,0.7355720750787327
abm_pandemic_masked_common_cells,beforeit_abm_us_v3_median,beforeit_var_p1_constant,effective_federal_funds_rate,2,52,0.6796879766685875,0.40366629213861177,0.8916534827659881,0.7802098285294752
abm_pandemic_masked_common_cells,beforeit_abm_us_v3_median,beforeit_var_p1_constant,effective_federal_funds_rate,4,50,1.2060587323476508,0.7417243109487055,0.848474184296429,0.7475108433222017
abm_pandemic_masked_common_cells,beforeit_abm_us_v3_median,beforeit_var_p1_constant,effective_federal_funds_rate,8,46,1.942859820218173,1.2886368363712506,0.7759682102802318,0.7138960243562493
abm_pandemic_masked_common_cells,beforeit_abm_us_v3_median,beforeit_var_p1_constant,effective_federal_funds_rate,12,42,2.3081417981196632,1.7161245639629026,0.7944578186462913,0.7383910632379967
abm_pandemic_masked_common_cells,beforeit_abm_us_v2_mean,beforeit_var_p1_constant,real_gdp,1,53,1.5847462397502496,1.2694871284421565,0.6629225932008287,0.6774035631696922
abm_pandemic_masked_common_cells,beforeit_abm_us_v2_mean,beforeit_var_p1_constant,real_gdp,2,52,1.596302095055639,1.2805553805831995,0.7165503930454348,0.7516285548344773
abm_pandemic_masked_common_cells,beforeit_abm_us_v2_mean,beforeit_var_p1_constant,real_gdp,4,50,1.537342091516716,1.245293690971695,0.6897914835413249,0.7496160424179377
abm_pandemic_masked_common_cells,beforeit_abm_us_v2_mean,beforeit_var_p1_constant,real_gdp,8,46,1.5901555884851364,1.3025369693979925,0.308220962907066,0.6120391358209913
abm_pandemic_masked_common_cells,beforeit_abm_us_v2_mean,beforeit_var_p1_constant,real_gdp,12,42,1.586410970830353,1.297302339262049,0.833699350188136,0.9227207375539983
abm_pandemic_masked_common_cells,beforeit_abm_us_v2_mean,beforeit_var_p1_constant,gdp_deflator,1,53,1.141539310995056,0.9070420662593229,1.017955871572247,0.9780107762329572
abm_pandemic_masked_common_cells,beforeit_abm_us_v2_mean,beforeit_var_p1_constant,gdp_deflator,2,52,1.3259804659292775,0.8586554212056041,0.9275925221530782,0.8083215389543976
abm_pandemic_masked_common_cells,beforeit_abm_us_v2_mean,beforeit_var_p1_constant,gdp_deflator,4,50,1.6018934366359316,0.9822569280743048,0.8910629212776507,0.8017694832682674
abm_pandemic_masked_common_cells,beforeit_abm_us_v2_mean,beforeit_var_p1_constant,gdp_deflator,8,46,1.7232024900061085,1.0310902135128572,0.9752176828412535,0.8226573614656444
abm_pandemic_masked_common_cells,beforeit_abm_us_v2_mean,beforeit_var_p1_constant,gdp_deflator,12,42,1.7864567953386588,1.1032194010570824,0.846056065691557,0.7973128860943596
abm_pandemic_masked_common_cells,beforeit_abm_us_v2_mean,beforeit_var_p1_constant,nominal_gdp,1,53,1.7509946047355192,1.3835101064370048,0.668983945186227,0.6977257974897351
abm_pandemic_masked_common_cells,beforeit_abm_us_v2_mean,beforeit_var_p1_constant,nominal_gdp,2,52,1.753054432639312,1.4211749124496758,0.6647005917162007,0.7357902248302449
abm_pandemic_masked_common_cells,beforeit_abm_us_v2_mean,beforeit_var_p1_constant,nominal_gdp,4,50,1.8989820251898346,1.514775291409082,0.6482152686018284,0.7062966774653716
abm_pandemic_masked_common_cells,beforeit_abm_us_v2_mean,beforeit_var_p1_constant,nominal_gdp,8,46,2.2054783146297265,1.7604423746494482,0.3926957901330569,0.6415546964758364
abm_pandemic_masked_common_cells,beforeit_abm_us_v2_mean,beforeit_var_p1_constant,nominal_gdp,12,42,2.265558014826847,1.796617649229232,0.7952448224959047,0.8693713920328908
abm_pandemic_masked_common_cells,beforeit_abm_us_v2_mean,beforeit_var_p1_constant,unemployment_rate,1,53,2.6892921002890997,1.9128031852968679,11.145797064965633,10.764785628628951
abm_pandemic_masked_common_cells,beforeit_abm_us_v2_mean,beforeit_var_p1_constant,unemployment_rate,2,52,2.848568594173618,2.191510798438439,6.551875572416161,7.422935598440715
abm_pandemic_masked_common_cells,beforeit_abm_us_v2_mean,beforeit_var_p1_constant,unemployment_rate,4,50,3.394192508458164,2.918101496896611,3.8617661555537324,4.9240230603578485
abm_pandemic_masked_common_cells,beforeit_abm_us_v2_mean,beforeit_var_p1_constant,unemployment_rate,8,46,4.405899851182653,4.098065780910122,2.2890662269517534,3.1449591688731506
abm_pandemic_masked_common_cells,beforeit_abm_us_v2_mean,beforeit_var_p1_constant,unemployment_rate,12,42,4.536705540644885,4.3746987951806515,1.1317485099027664,2.1433906252118486
abm_pandemic_masked_common_cells,beforeit_abm_us_v2_mean,beforeit_var_p1_constant,effective_federal_funds_rate,1,53,0.3595720791920096,0.21293386368877135,0.853259892535186,0.7467411132245118
abm_pandemic_masked_common_cells,beforeit_abm_us_v2_mean,beforeit_var_p1_constant,effective_federal_funds_rate,2,52,0.6790932698162832,0.40786888273854716,0.8908733123726835,0.7883326333195003
abm_pandemic_masked_common_cells,beforeit_abm_us_v2_mean,beforeit_var_p1_constant,effective_federal_funds_rate,4,50,1.2078597271183393,0.7458431463574117,0.849741201837115,0.7516618116596548
abm_pandemic_masked_common_cells,beforeit_abm_us_v2_mean,beforeit_var_p1_constant,effective_federal_funds_rate,8,46,1.9349235821783421,1.2874817721389622,0.7727985176631731,0.7132561266441609
abm_pandemic_masked_common_cells,beforeit_abm_us_v2_mean,beforeit_var_p1_constant,effective_federal_funds_rate,12,42,2.299641849886665,1.7103081300688334,0.7915321533612142,0.7358884460635315
abm_pandemic_masked_common_cells,beforeit_abm_us_v2_median,beforeit_var_p1_constant,real_gdp,1,53,1.5974715882355557,1.2784472499037713,0.6682457930959695,0.6821847209053987
abm_pandemic_masked_common_cells,beforeit_abm_us_v2_median,beforeit_var_p1_constant,real_gdp,2,52,1.6157795261408958,1.292249628120092,0.725293450479792,0.7584925534629693
abm_pandemic_masked_common_cells,beforeit_abm_us_v2_median,beforeit_var_p1_constant,real_gdp,4,50,1.5479355863035111,1.2486586614817943,0.6945446887811955,0.7516416175051008
abm_pandemic_masked_common_cells,beforeit_abm_us_v2_median,beforeit_var_p1_constant,real_gdp,8,46,1.6045841921890271,1.3087053840128895,0.31101766919116886,0.6149375649934332
abm_pandemic_masked_common_cells,beforeit_abm_us_v2_median,beforeit_var_p1_constant,real_gdp,12,42,1.618851154882008,1.323521653229358,0.850747492731989,0.9413695166318478
abm_pandemic_masked_common_cells,beforeit_abm_us_v2_median,beforeit_var_p1_constant,gdp_deflator,1,53,1.138886374889272,0.9047411380463363,1.0155901432440346,0.9755298189859357
abm_pandemic_masked_common_cells,beforeit_abm_us_v2_median,beforeit_var_p1_constant,gdp_deflator,2,52,1.331636962006008,0.8596371246905053,0.9315495363001051,0.8092456955509962
abm_pandemic_masked_common_cells,beforeit_abm_us_v2_median,beforeit_var_p1_constant,gdp_deflator,4,50,1.5959747074023853,0.9795175643894555,0.8877705923121417,0.7995334713417429
abm_pandemic_masked_common_cells,beforeit_abm_us_v2_median,beforeit_var_p1_constant,gdp_deflator,8,46,1.720978857046061,1.037993213768809,0.9739592548878565,0.8281649338413056
abm_pandemic_masked_common_cells,beforeit_abm_us_v2_median,beforeit_var_p1_constant,gdp_deflator,12,42,1.7841349380964078,1.1068791136934446,0.8449564469330166,0.7999578142397294
abm_pandemic_masked_common_cells,beforeit_abm_us_v2_median,beforeit_var_p1_constant,nominal_gdp,1,53,1.7648441490287825,1.4051965731647915,0.674275293746229,0.7086626220362123
abm_pandemic_masked_common_cells,beforeit_abm_us_v2_median,beforeit_var_p1_constant,nominal_gdp,2,52,1.7691499159020474,1.4184612908589238,0.6708034696699622,0.7343852913327052
abm_pandemic_masked_common_cells,beforeit_abm_us_v2_median,beforeit_var_p1_constant,nominal_gdp,4,50,1.8870435661033498,1.4999395296372324,0.6441400897108307,0.6993791832954095
abm_pandemic_masked_common_cells,beforeit_abm_us_v2_median,beforeit_var_p1_constant,nominal_gdp,8,46,2.2132750668530012,1.7683662604097437,0.39408403854814256,0.6444423832283596
abm_pandemic_masked_common_cells,beforeit_abm_us_v2_median,beforeit_var_p1_constant,nominal_gdp,12,42,2.2759121035881793,1.7954752675600245,0.7988792628524197,0.8688186011024344
abm_pandemic_masked_common_cells,beforeit_abm_us_v2_median,beforeit_var_p1_constant,unemployment_rate,1,53,2.6177732804912304,1.8040057313300981,10.84938662605972,10.152500330331973
abm_pandemic_masked_common_cells,beforeit_abm_us_v2_median,beforeit_var_p1_constant,unemployment_rate,2,52,2.719788945065269,1.9815478698008113,6.255674793209686,6.711763516401397
abm_pandemic_masked_common_cells,beforeit_abm_us_v2_median,beforeit_var_p1_constant,unemployment_rate,4,50,3.3525479083619723,2.8621036874771146,3.8143847218806917,4.829531999918599
abm_pandemic_masked_common_cells,beforeit_abm_us_v2_median,beforeit_var_p1_constant,unemployment_rate,8,46,4.8407682167010115,4.5551089734431,2.5150002069105994,3.4957056565511553
abm_pandemic_masked_common_cells,beforeit_abm_us_v2_median,beforeit_var_p1_constant,unemployment_rate,12,42,4.708106821352842,4.583333333333262,1.1745071025199723,2.245611448657876
abm_pandemic_masked_common_cells,beforeit_abm_us_v2_median,beforeit_var_p1_constant,effective_federal_funds_rate,1,53,0.3588949606479204,0.20836250724105043,0.8516530989891982,0.7307097514505734
abm_pandemic_masked_common_cells,beforeit_abm_us_v2_median,beforeit_var_p1_constant,effective_federal_funds_rate,2,52,0.679247643749162,0.4033882768737233,0.8910758289091307,0.7796724781329434
abm_pandemic_masked_common_cells,beforeit_abm_us_v2_median,beforeit_var_p1_constant,effective_federal_funds_rate,4,50,1.2105710606858313,0.7432189340007447,0.8516486516779327,0.7490171266158552
abm_pandemic_masked_common_cells,beforeit_abm_us_v2_median,beforeit_var_p1_constant,effective_federal_funds_rate,8,46,1.9434261657204068,1.2897183419463625,0.7761944057582562,0.7144951710736175
abm_pandemic_masked_common_cells,beforeit_abm_us_v2_median,beforeit_var_p1_constant,effective_federal_funds_rate,12,42,2.3072251773406114,1.7125686029938414,0.7941423195962569,0.7368610520395587
abm_pandemic_masked_common_cells,beforeit_abm_us_v1_mean,beforeit_var_p1_constant,real_gdp,1,53,2.054880533088578,1.7864988059288547,0.8595866628638686,0.9532831248314211
abm_pandemic_masked_common_cells,beforeit_abm_us_v1_mean,beforeit_var_p1_constant,real_gdp,2,52,7.435630637418824,7.270190033126514,3.3377166341421285,4.2672753641332015
abm_pandemic_masked_common_cells,beforeit_abm_us_v1_mean,beforeit_var_p1_constant,real_gdp,4,50,3.3117489204774655,2.988076874159666,1.485951769341569,1.7987004809285931
abm_pandemic_masked_common_cells,beforeit_abm_us_v1_mean,beforeit_var_p1_constant,real_gdp,8,46,2.655753727511828,2.3431698464445576,0.5147665908073351,1.1010141605136556
abm_pandemic_masked_common_cells,beforeit_abm_us_v1_mean,beforeit_var_p1_constant,real_gdp,12,42,2.5427400255212618,2.2517591799987864,1.3362746135478756,1.6015887958271628
abm_pandemic_masked_common_cells,beforeit_abm_us_v1_mean,beforeit_var_p1_constant,gdp_deflator,1,53,1.1415393109950542,0.9070420662593223,1.0179558715722454,0.9780107762329564
abm_pandemic_masked_common_cells,beforeit_abm_us_v1_mean,beforeit_var_p1_constant,gdp_deflator,2,52,1.3167164604879966,0.8592608635222223,0.9211118669750283,0.8088914905939387
abm_pandemic_masked_common_cells,beforeit_abm_us_v1_mean,beforeit_var_p1_constant,gdp_deflator,4,50,1.5980836700274939,0.9873612819356855,0.8889437155390781,0.8059359238816015
abm_pandemic_masked_common_cells,beforeit_abm_us_v1_mean,beforeit_var_p1_constant,gdp_deflator,8,46,1.7170995641107432,1.0233296335061115,0.9717638338103083,0.8164655673935801
abm_pandemic_masked_common_cells,beforeit_abm_us_v1_mean,beforeit_var_p1_constant,gdp_deflator,12,42,1.7951721164964731,1.1028326572135358,0.8501835936280057,0.7970333806308209
abm_pandemic_masked_common_cells,beforeit_abm_us_v1_mean,beforeit_var_p1_constant,nominal_gdp,1,53,2.17158575742132,1.775972118441836,0.8296747479295452,0.8956505318566576
abm_pandemic_masked_common_cells,beforeit_abm_us_v1_mean,beforeit_var_p1_constant,nominal_gdp,2,52,7.512674720277078,7.313864156331267,2.8485591998539825,3.786634357827796
abm_pandemic_masked_common_cells,beforeit_abm_us_v1_mean,beforeit_var_p1_constant,nominal_gdp,4,50,3.617721257879078,3.1466720586335004,1.2349048731349648,1.4672037712065873
abm_pandemic_masked_common_cells,beforeit_abm_us_v1_mean,beforeit_var_p1_constant,nominal_gdp,8,46,3.1956283851786433,2.6621146958353195,0.5689966685979574,0.9701494409952383
abm_pandemic_masked_common_cells,beforeit_abm_us_v1_mean,beforeit_var_p1_constant,nominal_gdp,12,42,3.142126401574721,2.661742423470005,1.1029334654539673,1.2879995456561764
abm_pandemic_masked_common_cells,beforeit_abm_us_v1_mean,beforeit_var_p1_constant,unemployment_rate,1,53,2.6020493230818618,1.803420887667279,10.78421853281907,10.149208974114616
abm_pandemic_masked_common_cells,beforeit_abm_us_v1_mean,beforeit_var_p1_constant,unemployment_rate,2,52,1.9265588954739952,1.4103659392815955,4.431198950902916,4.777095118573614
abm_pandemic_masked_common_cells,beforeit_abm_us_v1_mean,beforeit_var_p1_constant,unemployment_rate,4,50,1.6996135776475678,1.4650149689667893,1.9337471800208805,2.472075593886546
abm_pandemic_masked_common_cells,beforeit_abm_us_v1_mean,beforeit_var_p1_constant,unemployment_rate,8,46,1.6100181507205293,1.419112021207366,0.836477972281739,1.0890624019615016
abm_pandemic_masked_common_cells,beforeit_abm_us_v1_mean,beforeit_var_p1_constant,unemployment_rate,12,42,1.3700301828988348,1.18820389784246,0.34177435677193313,0.5821623875639963
abm_pandemic_masked_common_cells,beforeit_abm_us_v1_mean,beforeit_var_p1_constant,effective_federal_funds_rate,1,53,0.3595720791920096,0.21293386368877135,0.853259892535186,0.7467411132245118
abm_pandemic_masked_common_cells,beforeit_abm_us_v1_mean,beforeit_var_p1_constant,effective_federal_funds_rate,2,52,0.6798722111568962,0.4085455104057653,0.8918951720834176,0.7896404253410281
abm_pandemic_masked_common_cells,beforeit_abm_us_v1_mean,beforeit_var_p1_constant,effective_federal_funds_rate,4,50,1.2073424512646946,0.7471770722714018,0.849377293184737,0.7530061441430014
abm_pandemic_masked_common_cells,beforeit_abm_us_v1_mean,beforeit_var_p1_constant,effective_federal_funds_rate,8,46,1.9353640951860445,1.2895266163204808,0.772974456290672,0.7143889563836281
abm_pandemic_masked_common_cells,beforeit_abm_us_v1_mean,beforeit_var_p1_constant,effective_federal_funds_rate,12,42,2.303346085964568,1.7168739506089403,0.7928071440557196,0.73871349927438
abm_pandemic_masked_common_cells,beforeit_abm_us_v1_median,beforeit_var_p1_constant,real_gdp,1,53,2.0751323154723655,1.7895848568197874,0.8680582804377429,0.9549298543041382
abm_pandemic_masked_common_cells,beforeit_abm_us_v1_median,beforeit_var_p1_constant,real_gdp,2,52,7.415861994570003,7.254214629169839,3.3288428571501836,4.25789851876523
abm_pandemic_masked_common_cells,beforeit_abm_us_v1_median,beforeit_var_p1_constant,real_gdp,4,50,3.198773981490649,2.873936856354186,1.4352609366396403,1.7299928426829565
abm_pandemic_masked_common_cells,beforeit_abm_us_v1_median,beforeit_var_p1_constant,real_gdp,8,46,2.579899041065627,2.2765140001095694,0.5000636242128935,1.0696937546082954
abm_pandemic_masked_common_cells,beforeit_abm_us_v1_median,beforeit_var_p1_constant,real_gdp,12,42,2.46269005762861,2.1672789703896904,1.2942063176007332,1.5415013058411637
abm_pandemic_masked_common_cells,beforeit_abm_us_v1_median,beforeit_var_p1_constant,gdp_deflator,1,53,1.1388863748892326,0.9047411380462826,1.0155901432439995,0.9755298189858779
abm_pandemic_masked_common_cells,beforeit_abm_us_v1_median,beforeit_var_p1_constant,gdp_deflator,2,52,1.3183550156395887,0.8571878428510012,0.9222581217991421,0.8069399891908579
abm_pandemic_masked_common_cells,beforeit_abm_us_v1_median,beforeit_var_p1_constant,gdp_deflator,4,50,1.5941470496388246,0.9869435478146701,0.8867539466173355,0.8055949474417543
abm_pandemic_masked_common_cells,beforeit_abm_us_v1_median,beforeit_var_p1_constant,gdp_deflator,8,46,1.719184262514336,1.0276355864033317,0.9729436340707917,0.8199010804094141
abm_pandemic_masked_common_cells,beforeit_abm_us_v1_median,beforeit_var_p1_constant,gdp_deflator,12,42,1.804844101955438,1.1105806725605578,0.8547641924906199,0.8026329852714919
abm_pandemic_masked_common_cells,beforeit_abm_us_v1_median,beforeit_var_p1_constant,nominal_gdp,1,53,2.1795833328676175,1.779882546867016,0.8327302967927565,0.8976226221065161
abm_pandemic_masked_common_cells,beforeit_abm_us_v1_median,beforeit_var_p1_constant,nominal_gdp,2,52,7.46475074834381,7.2694144065253345,2.8303880056752173,3.76362122192394
abm_pandemic_masked_common_cells,beforeit_abm_us_v1_median,beforeit_var_p1_constant,nominal_gdp,4,50,3.50800916300061,3.038165411347082,1.1974547792914456,1.416610204691508
abm_pandemic_masked_common_cells,beforeit_abm_us_v1_median,beforeit_var_p1_constant,nominal_gdp,8,46,3.1471155543390488,2.601442305792283,0.5603587308264657,0.9480387162484116
abm_pandemic_masked_common_cells,beforeit_abm_us_v1_median,beforeit_var_p1_constant,nominal_gdp,12,42,3.064679244124511,2.599993295177973,1.075748352304697,1.2581195510768668
abm_pandemic_masked_common_cells,beforeit_abm_us_v1_median,beforeit_var_p1_constant,unemployment_rate,1,53,2.557886612718375,1.745750067164025,10.601185753487526,9.824651787825573
abm_pandemic_masked_common_cells,beforeit_abm_us_v1_median,beforeit_var_p1_constant,unemployment_rate,2,52,1.9103940616743003,1.3956785182688733,4.39401888091232,4.727346889925913
abm_pandemic_masked_common_cells,beforeit_abm_us_v1_median,beforeit_var_p1_constant,unemployment_rate,4,50,1.7161109794939742,1.4798430083972385,1.9525172138201603,2.4970965221075407
abm_pandemic_masked_common_cells,beforeit_abm_us_v1_median,beforeit_var_p1_constant,unemployment_rate,8,46,1.6049676871050624,1.4132879343460871,0.8338540257366285,1.084592850628281
abm_pandemic_masked_common_cells,beforeit_abm_us_v1_median,beforeit_var_p1_constant,unemployment_rate,12,42,1.3565396301517614,1.1784219127592703,0.3384089382248227,0.5773696884308883
abm_pandemic_masked_common_cells,beforeit_abm_us_v1_median,beforeit_var_p1_constant,effective_federal_funds_rate,1,53,0.3588949606479204,0.20836250724105043,0.8516530989891982,0.7307097514505734
abm_pandemic_masked_common_cells,beforeit_abm_us_v1_median,beforeit_var_p1_constant,effective_federal_funds_rate,2,52,0.6807709221389102,0.4045122049880601,0.8930741524459077,0.7818448164689497
abm_pandemic_masked_common_cells,beforeit_abm_us_v1_median,beforeit_var_p1_constant,effective_federal_funds_rate,4,50,1.2107451211814655,0.7451969636911078,0.8517711049491461,0.7510105878252747
abm_pandemic_masked_common_cells,beforeit_abm_us_v1_median,beforeit_var_p1_constant,effective_federal_funds_rate,8,46,1.9431608804678369,1.2924276557356271,0.7760884521940781,0.7159961124469342
abm_pandemic_masked_common_cells,beforeit_abm_us_v1_median,beforeit_var_p1_constant,effective_federal_funds_rate,12,42,2.311231397257083,1.7215642775048485,0.7955212525276957,0.7407315902313709
abm_pandemic_masked_common_cells,dsge_small_nk,beforeit_var_p1_constant,real_gdp,1,53,3.183754970204308,2.7171742843221907,1.331811395429774,1.4498953953252132
abm_pandemic_masked_common_cells,dsge_small_nk,beforeit_var_p1_constant,real_gdp,2,52,3.0718513543467467,2.6332480804238085,1.3788970785367491,1.545598479550503
abm_pandemic_masked_common_cells,dsge_small_nk,beforeit_var_p1_constant,real_gdp,4,50,3.079233349196964,2.6861081820634802,1.381624136770343,1.616927636864286
abm_pandemic_masked_common_cells,dsge_small_nk,beforeit_var_p1_constant,real_gdp,8,46,3.241982748825074,2.9105854532960445,0.6283957694497649,1.367632740890099
abm_pandemic_masked_common_cells,dsge_small_nk,beforeit_var_p1_constant,real_gdp,12,42,3.304560973028856,3.0512170533669987,1.7366309150202202,2.170212112252603
abm_pandemic_masked_common_cells,dsge_small_nk,beforeit_var_p1_constant,gdp_deflator,1,53,1.1585096364578027,0.9202019538617376,1.033088983748854,0.9922003186675815
abm_pandemic_masked_common_cells,dsge_small_nk,beforeit_var_p1_constant,gdp_deflator,2,52,1.2889238207625924,0.9590995254383075,0.9016694653389588,0.9028776681153565
abm_pandemic_masked_common_cells,dsge_small_nk,beforeit_var_p1_constant,gdp_deflator,4,50,1.5843827307279676,1.074089523107595,0.8813224851143365,0.8767280507902828
abm_pandemic_masked_common_cells,dsge_small_nk,beforeit_var_p1_constant,gdp_deflator,8,46,1.9779539127837873,1.2623616092604464,1.119389997855074,1.0071777009226497
abm_pandemic_masked_common_cells,dsge_small_nk,beforeit_var_p1_constant,gdp_deflator,12,42,2.104845123827184,1.4044676831105847,0.9968430185392174,1.015029449966334
abm_pandemic_masked_common_cells,dsge_small_nk,beforeit_var_p1_constant,nominal_gdp,1,53,3.4955430384610615,2.900653023390578,1.3355050701547693,1.462844712568317
abm_pandemic_masked_common_cells,dsge_small_nk,beforeit_var_p1_constant,nominal_gdp,2,52,3.498875466253021,2.9952511599656315,1.3266585163919953,1.5507426321052538
abm_pandemic_masked_common_cells,dsge_small_nk,beforeit_var_p1_constant,nominal_gdp,4,50,3.7196610773737273,3.2520728652639246,1.269701909967549,1.516349172473325
abm_pandemic_masked_common_cells,dsge_small_nk,beforeit_var_p1_constant,nominal_gdp,8,46,4.4057892388445135,3.79307265918303,0.7844715020914792,1.3823023199254285
abm_pandemic_masked_common_cells,dsge_small_nk,beforeit_var_p1_constant,nominal_gdp,12,42,4.514358060233053,4.090919491539776,1.5846073465337283,1.979568871863309
abm_pandemic_masked_common_cells,dsge_small_nk,beforeit_var_p1_constant,unemployment_rate,1,53,0.4576478932095607,0.4029629193867362,1.8967261103301065,2.267776150117334
abm_pandemic_masked_common_cells,dsge_small_nk,beforeit_var_p1_constant,unemployment_rate,2,52,0.9196431762150277,0.8173684836167888,2.1152334803896276,2.768534664947033
abm_pandemic_masked_common_cells,dsge_small_nk,beforeit_var_p1_constant,unemployment_rate,4,50,1.9424873359251151,1.7167650446832097,2.210078489294328,2.896880275832264
abm_pandemic_masked_common_cells,dsge_small_nk,beforeit_var_p1_constant,unemployment_rate,8,46,4.729110977684492,3.845662492713766,2.456989170922392,2.951258511561942
abm_pandemic_masked_common_cells,dsge_small_nk,beforeit_var_p1_constant,unemployment_rate,12,42,6.496723066530783,5.641620878014996,1.6207039632446536,2.7641211125799208
abm_pandemic_masked_common_cells,dsge_small_nk,beforeit_var_p1_constant,effective_federal_funds_rate,1,53,0.4093856751200848,0.33361820439451667,0.9714669112889521,1.1699709244258703
abm_pandemic_masked_common_cells,dsge_small_nk,beforeit_var_p1_constant,effective_federal_funds_rate,2,52,0.6795709056704925,0.5479678184561741,0.8914999023485531,1.0591171123363359
abm_pandemic_masked_common_cells,dsge_small_nk,beforeit_var_p1_constant,effective_federal_funds_rate,4,50,1.0105969193102229,0.8484914782772919,0.7109648757280072,0.8551109504116315
abm_pandemic_masked_common_cells,dsge_small_nk,beforeit_var_p1_constant,effective_federal_funds_rate,8,46,1.4527639615688823,1.2459085431875152,0.580226447367487,0.6902248411567269
abm_pandemic_masked_common_cells,dsge_small_nk,beforeit_var_p1_constant,effective_federal_funds_rate,12,42,1.9607547690232199,1.629042548475189,0.6748878937886383,0.7009225814301281
abm_pandemic_masked_common_cells,dsge_small_nk_median,beforeit_var_p1_constant,real_gdp,1,53,3.1649696635472524,2.706860120095965,1.3239532261590075,1.4443917147904317
abm_pandemic_masked_common_cells,dsge_small_nk_median,beforeit_var_p1_constant,real_gdp,2,52,3.08031578553659,2.6322297565547617,1.3826966046507436,1.5450007691276264
abm_pandemic_masked_common_cells,dsge_small_nk_median,beforeit_var_p1_constant,real_gdp,4,50,3.048699519880565,2.6647325781677638,1.3679238838867593,1.6040603946123018
abm_pandemic_masked_common_cells,dsge_small_nk_median,beforeit_var_p1_constant,real_gdp,8,46,3.2360561007510986,2.8974964096935345,0.6272470031344434,1.3614824302859354
abm_pandemic_masked_common_cells,dsge_small_nk_median,beforeit_var_p1_constant,real_gdp,12,42,3.3107630246886908,3.0530721498915883,1.7398902510521255,2.171531570316925
abm_pandemic_masked_common_cells,dsge_small_nk_median,beforeit_var_p1_constant,gdp_deflator,1,53,1.1490313172128754,0.9124138328919007,1.0246367906136045,0.9838028401840107
abm_pandemic_masked_common_cells,dsge_small_nk_median,beforeit_var_p1_constant,gdp_deflator,2,52,1.2832152653550533,0.9502149136720208,0.8976760329737099,0.8945138671323573
abm_pandemic_masked_common_cells,dsge_small_nk_median,beforeit_var_p1_constant,gdp_deflator,4,50,1.5911556278220065,1.083236227634422,0.885089950122996,0.8841940694585949
abm_pandemic_masked_common_cells,dsge_small_nk_median,beforeit_var_p1_constant,gdp_deflator,8,46,1.9889738851952012,1.2711624975400966,1.1256265672787844,1.014199507003055
abm_pandemic_masked_common_cells,dsge_small_nk_median,beforeit_var_p1_constant,gdp_deflator,12,42,2.107888684568685,1.4129990986048802,0.9982844320866182,1.0211952294148363
abm_pandemic_masked_common_cells,dsge_small_nk_median,beforeit_var_p1_constant,nominal_gdp,1,53,3.47953570404565,2.8662899739852,1.3293893175989497,1.4455148889992704
abm_pandemic_masked_common_cells,dsge_small_nk_median,beforeit_var_p1_constant,nominal_gdp,2,52,3.516794872640626,3.011767792092537,1.3334529660150518,1.5592938500866822
abm_pandemic_masked_common_cells,dsge_small_nk_median,beforeit_var_p1_constant,nominal_gdp,4,50,3.69355478134936,3.215063883840258,1.260790556692395,1.499092936010953
abm_pandemic_masked_common_cells,dsge_small_nk_median,beforeit_var_p1_constant,nominal_gdp,8,46,4.402133096162971,3.7874091966040417,0.7838205086858113,1.3802383949323775
abm_pandemic_masked_common_cells,dsge_small_nk_median,beforeit_var_p1_constant,nominal_gdp,12,42,4.569434716653335,4.145512343794784,1.6039400785017344,2.005985991822218
abm_pandemic_masked_common_cells,dsge_small_nk_median,beforeit_var_p1_constant,unemployment_rate,1,53,0.4557630566142672,0.4019844719709007,1.8889143868696823,2.2622696888351084
abm_pandemic_masked_common_cells,dsge_small_nk_median,beforeit_var_p1_constant,unemployment_rate,2,52,0.9210108477850975,0.8207697616320904,2.1183792055687074,2.7800552413813198
abm_pandemic_masked_common_cells,dsge_small_nk_median,beforeit_var_p1_constant,unemployment_rate,4,50,1.9407740687163333,1.7261611332581634,2.2081292076004324,2.9127352955666503
abm_pandemic_masked_common_cells,dsge_small_nk_median,beforeit_var_p1_constant,unemployment_rate,8,46,4.717300390490479,3.8739915368157405,2.4508530313868944,2.972998935400168
abm_pandemic_masked_common_cells,dsge_small_nk_median,beforeit_var_p1_constant,unemployment_rate,12,42,6.503414941323747,5.623298779730108,1.622373350701596,2.7551441714151252
abm_pandemic_masked_common_cells,dsge_small_nk_median,beforeit_var_p1_constant,effective_federal_funds_rate,1,53,0.3934613479492615,0.31398915334436556,0.9336786889080478,1.1011334967908053
abm_pandemic_masked_common_cells,dsge_small_nk_median,beforeit_var_p1_constant,effective_federal_funds_rate,2,52,0.6526407107857956,0.5241508932267375,0.8561713355873742,1.0130835457214218
abm_pandemic_masked_common_cells,dsge_small_nk_median,beforeit_var_p1_constant,effective_federal_funds_rate,4,50,0.9766734837658337,0.819625387787209,0.6870994050589044,0.8260196622778264
abm_pandemic_masked_common_cells,dsge_small_nk_median,beforeit_var_p1_constant,effective_federal_funds_rate,8,46,1.4659399920765823,1.2526107470978711,0.5854888861215652,0.6939378164426899
abm_pandemic_masked_common_cells,dsge_small_nk_median,beforeit_var_p1_constant,effective_federal_funds_rate,12,42,2.0852265112925474,1.680843433359077,0.7177308200451415,0.7232107715005255
abm_pandemic_masked_common_cells,dsge_sw07,beforeit_var_p1_constant,real_gdp,1,53,2.418446686814976,1.9551027497554623,1.0116717168510219,1.0432508840577492
abm_pandemic_masked_common_cells,dsge_sw07,beforeit_var_p1_constant,real_gdp,2,52,2.6825746115825124,2.197335430956395,1.2041579712617965,1.2897373120279845
abm_pandemic_masked_common_cells,dsge_sw07,beforeit_var_p1_constant,real_gdp,4,50,2.644901941706615,2.1568942405341347,1.1867435649219646,1.298362415408713
abm_pandemic_masked_common_cells,dsge_sw07,beforeit_var_p1_constant,real_gdp,8,46,2.3318250883042526,1.9184941343418638,0.4519792775326331,0.9014665377236277
abm_pandemic_masked_common_cells,dsge_sw07,beforeit_var_p1_constant,real_gdp,12,42,1.8422979914976112,1.5130618816199919,0.9681744936247761,1.076182115086148
abm_pandemic_masked_common_cells,dsge_sw07,beforeit_var_p1_constant,gdp_deflator,1,53,1.1044150934515204,0.8878361240821757,0.9848507346207862,0.9573021243239873
abm_pandemic_masked_common_cells,dsge_sw07,beforeit_var_p1_constant,gdp_deflator,2,52,1.2202151447741645,0.9551348119030657,0.853604161443823,0.8991453637856172
abm_pandemic_masked_common_cells,dsge_sw07,beforeit_var_p1_constant,gdp_deflator,4,50,1.3628813772258581,0.9480158616265755,0.7581110163583155,0.7738201337979895
abm_pandemic_masked_common_cells,dsge_sw07,beforeit_var_p1_constant,gdp_deflator,8,46,1.8684948180616208,1.077829638942306,1.057443450458619,0.8599485042738108
abm_pandemic_masked_common_cells,dsge_sw07,beforeit_var_p1_constant,gdp_deflator,12,42,1.7295846819568026,1.0891074881078948,0.8191217470889648,0.7871139990633229
abm_pandemic_masked_common_cells,dsge_sw07,beforeit_var_p1_constant,nominal_gdp,1,53,2.369624016646097,1.7940894170395854,0.9053371260977607,0.904787369060564
abm_pandemic_masked_common_cells,dsge_sw07,beforeit_var_p1_constant,nominal_gdp,2,52,2.6342934648837097,2.0776053156449565,0.9988374532250426,1.0756464027865011
abm_pandemic_masked_common_cells,dsge_sw07,beforeit_var_p1_constant,nominal_gdp,4,50,2.6071699369043317,2.059912079502539,0.889954374777249,0.9604784722029859
abm_pandemic_masked_common_cells,dsge_sw07,beforeit_var_p1_constant,nominal_gdp,8,46,2.3609132011347573,1.9014352383502455,0.42037170295679405,0.6929364600480953
abm_pandemic_masked_common_cells,dsge_sw07,beforeit_var_p1_constant,nominal_gdp,12,42,2.3906957902711965,1.8760015631195694,0.8391700574135283,0.9077847426717813
abm_pandemic_masked_common_cells,dsge_sw07,beforeit_var_p1_constant,unemployment_rate,1,53,0.22553547937970406,0.16241169477359657,0.9347339710125543,0.9140130522883583
abm_pandemic_masked_common_cells,dsge_sw07,beforeit_var_p1_constant,unemployment_rate,2,52,0.5267028699283882,0.29782073165764567,1.2114476282802702,1.008758027818268
abm_pandemic_masked_common_cells,dsge_sw07,beforeit_var_p1_constant,unemployment_rate,4,50,1.1236052342769718,0.6317064824820106,1.2783896774036838,1.0659455438500014
abm_pandemic_masked_common_cells,dsge_sw07,beforeit_var_p1_constant,unemployment_rate,8,46,2.2696537063405824,1.304127266702753,1.1791887744941656,1.000820197640516
abm_pandemic_masked_common_cells,dsge_sw07,beforeit_var_p1_constant,unemployment_rate,12,42,2.2588760245707853,1.5344763797841015,0.5635101401136279,0.7518191402483613
abm_pandemic_masked_common_cells,dsge_sw07,beforeit_var_p1_constant,effective_federal_funds_rate,1,53,0.5417236683502781,0.45705889198710203,1.2855032573135245,1.6028670118458406
abm_pandemic_masked_common_cells,dsge_sw07,beforeit_var_p1_constant,effective_federal_funds_rate,2,52,1.011281881858744,0.8617393215190284,1.3266572941853911,1.665577486585377
abm_pandemic_masked_common_cells,dsge_sw07,beforeit_var_p1_constant,effective_federal_funds_rate,4,50,1.7066070812602778,1.4669623831015894,1.2006148725180235,1.478406831119831
abm_pandemic_masked_common_cells,dsge_sw07,beforeit_var_p1_constant,effective_federal_funds_rate,8,46,2.421487696882198,2.108457024863152,0.9671297202256609,1.1680708211123672
abm_pandemic_masked_common_cells,dsge_sw07,beforeit_var_p1_constant,effective_federal_funds_rate,12,42,2.849313196538072,2.454974479266492,0.9807279382080542,1.056293496424143
abm_pandemic_masked_common_cells,dsge_sw07_median,beforeit_var_p1_constant,real_gdp,1,53,2.426303286390633,1.9659944331467467,1.0149582476745662,1.0490627311989063
abm_pandemic_masked_common_cells,dsge_sw07_median,beforeit_var_p1_constant,real_gdp,2,52,2.669789292968951,2.1795641289502345,1.1984188789520547,1.2793063550799657
abm_pandemic_masked_common_cells,dsge_sw07_median,beforeit_var_p1_constant,real_gdp,4,50,2.652153501464336,2.1513336169365576,1.1899972741587501,1.2950151466601345
abm_pandemic_masked_common_cells,dsge_sw07_median,beforeit_var_p1_constant,real_gdp,8,46,2.355941127491217,1.936675267827804,0.456653706169388,0.9100095315030089
abm_pandemic_masked_common_cells,dsge_sw07_median,beforeit_var_p1_constant,real_gdp,12,42,1.8231835817833082,1.4947234023418248,0.9581293847273614,1.063138667454045
abm_pandemic_masked_common_cells,dsge_sw07_median,beforeit_var_p1_constant,gdp_deflator,1,53,1.1138374874462518,0.8940348980324264,0.9932530569927096,0.9639859022305394
abm_pandemic_masked_common_cells,dsge_sw07_median,beforeit_var_p1_constant,gdp_deflator,2,52,1.224312215671589,0.9594089012205286,0.8564702763111477,0.9031689084688491
abm_pandemic_masked_common_cells,dsge_sw07_median,beforeit_var_p1_constant,gdp_deflator,4,50,1.3655387357068738,0.9501875748363485,0.7595891880998443,0.7755927997148594
abm_pandemic_masked_common_cells,dsge_sw07_median,beforeit_var_p1_constant,gdp_deflator,8,46,1.8566342374545626,1.0657718046219418,1.0507311528593242,0.8503281373680035
abm_pandemic_masked_common_cells,dsge_sw07_median,beforeit_var_p1_constant,gdp_deflator,12,42,1.7340318646072528,1.09088594577866,0.8212279082155418,0.788399316577605
abm_pandemic_masked_common_cells,dsge_sw07_median,beforeit_var_p1_constant,nominal_gdp,1,53,2.3820660506305953,1.8125282540362573,0.9100907221160351,0.914086363110863
abm_pandemic_masked_common_cells,dsge_sw07_median,beforeit_var_p1_constant,nominal_gdp,2,52,2.622556850567727,2.0671354229463534,0.9943873150346194,1.0702257859186064
abm_pandemic_masked_common_cells,dsge_sw07_median,beforeit_var_p1_constant,nominal_gdp,4,50,2.623275233817364,2.0824876991728103,0.8954518988327229,0.9710048421901818
abm_pandemic_masked_common_cells,dsge_sw07_median,beforeit_var_p1_constant,nominal_gdp,8,46,2.434827093206546,1.9574244338600193,0.43353241918619556,0.7133404970381455
abm_pandemic_masked_common_cells,dsge_sw07_median,beforeit_var_p1_constant,nominal_gdp,12,42,2.3976898307928574,1.8922068382973989,0.8416250704729059,0.9156263680981317
abm_pandemic_masked_common_cells,dsge_sw07_median,beforeit_var_p1_constant,unemployment_rate,1,53,0.22401783395564318,0.162737285335374,0.9284440749051965,0.9158453958494627
abm_pandemic_masked_common_cells,dsge_sw07_median,beforeit_var_p1_constant,unemployment_rate,2,52,0.5346281939434665,0.30150449787023015,1.2296763403864424,1.021235428967836
abm_pandemic_masked_common_cells,dsge_sw07_median,beforeit_var_p1_constant,unemployment_rate,4,50,1.1114930962064045,0.6222173246123732,1.2646090079938752,1.0499334783947176
abm_pandemic_masked_common_cells,dsge_sw07_median,beforeit_var_p1_constant,unemployment_rate,8,46,2.2718350756605035,1.2746691463390254,1.1803220954972293,0.9782132921664172
abm_pandemic_masked_common_cells,dsge_sw07_median,beforeit_var_p1_constant,unemployment_rate,12,42,2.1808492230529692,1.4887945165388268,0.544045196762309,0.7294372387720819
abm_pandemic_masked_common_cells,dsge_sw07_median,beforeit_var_p1_constant,effective_federal_funds_rate,1,53,0.47708671519372126,0.3964920480086028,1.1321206036099967,1.3904641947762848
abm_pandemic_masked_common_cells,dsge_sw07_median,beforeit_var_p1_constant,effective_federal_funds_rate,2,52,0.9661982296646948,0.8127726879783703,1.2675139859696638,1.570934338265963
abm_pandemic_masked_common_cells,dsge_sw07_median,beforeit_var_p1_constant,effective_federal_funds_rate,4,50,1.6663883636756174,1.4217954893841036,1.1723206089959906,1.4328875696979995
abm_pandemic_masked_common_cells,dsge_sw07_median,beforeit_var_p1_constant,effective_federal_funds_rate,8,46,2.3941980540457886,2.0860004849961093,0.9562303773648994,1.1556300510836104
abm_pandemic_masked_common_cells,dsge_sw07_median,beforeit_var_p1_constant,effective_federal_funds_rate,12,42,2.838430348834365,2.450580357588019,0.9769820836620335,1.0544028526758407
