table_id,year,row_code,row_type,column_code,column_type,value
259,2024,111CA,Commodity,111CA,Industry,144746.0
259,2024,111CA,Commodity,113FF,Industry,163.0
259,2024,111CA,Commodity,212,Industry,38.0
259,2024,111CA,Commodity,213,Industry,18.0
259,2024,111CA,Commodity,23,Industry,3493.0
259,2024,111CA,Commodity,311FT,Industry,377534.0
259,2024,111CA,Commodity,313TT,Industry,1082.0
259,2024,111CA,Commodity,325,Industry,16315.0
259,2024,111CA,Commodity,339,Industry,125.0
259,2024,111CA,Commodity,42,Industry,1174.0
259,2024,111CA,Commodity,441,Industry,410.0
259,2024,111CA,Commodity,445,Industry,1121.0
259,2024,111CA,Commodity,452,Industry,242.0
259,2024,111CA,Commodity,487OS,Industry,62.0
259,2024,111CA,Commodity,4A0,Industry,206.0
259,2024,111CA,Commodity,511,Industry,0.0
259,2024,111CA,Commodity,521CI,Industry,0.0
259,2024,111CA,Commodity,523,Industry,0.0
259,2024,111CA,Commodity,5411,Industry,1.0
259,2024,111CA,Commodity,5412OP,Industry,1174.0
259,2024,111CA,Commodity,5415,Industry,0.0
259,2024,111CA,Commodity,55,Industry,45.0
259,2024,111CA,Commodity,561,Industry,1560.0
259,2024,111CA,Commodity,61,Industry,331.0
259,2024,111CA,Commodity,621,Industry,0.0
259,2024,111CA,Commodity,622,Industry,0.0
259,2024,111CA,Commodity,623,Industry,0.0
259,2024,111CA,Commodity,624,Industry,0.0
259,2024,111CA,Commodity,713,Industry,483.0
259,2024,111CA,Commodity,721,Industry,80.0
259,2024,111CA,Commodity,722,Industry,8441.0
259,2024,111CA,Commodity,81,Industry,14.0
259,2024,111CA,Commodity,F010,Industry,247082.0
259,2024,111CA,Commodity,F030,Industry,281.0
259,2024,111CA,Commodity,F040,Industry,70632.0
259,2024,111CA,Commodity,GFE,Industry,0.0
259,2024,111CA,Commodity,GFGD,Industry,69.0
259,2024,111CA,Commodity,GFGN,Industry,110.0
259,2024,111CA,Commodity,GSLG,Industry,6851.0
259,2024,111CA,Commodity,HS,Industry,0.0
259,2024,111CA,Commodity,ORE,Industry,2.0
259,2024,111CA,Commodity,T001,Industry,565889.0
259,2024,111CA,Commodity,T019,Industry,883884.0
259,2024,113FF,Commodity,111CA,Industry,31647.0
259,2024,113FF,Commodity,113FF,Industry,9457.0
259,2024,113FF,Commodity,212,Industry,139.0
259,2024,113FF,Commodity,311FT,Industry,8379.0
259,2024,113FF,Commodity,315AL,Industry,118.0
259,2024,113FF,Commodity,321,Industry,23738.0
259,2024,113FF,Commodity,322,Industry,4922.0
259,2024,113FF,Commodity,323,Industry,37.0
259,2024,113FF,Commodity,324,Industry,0.0
259,2024,113FF,Commodity,325,Industry,512.0
259,2024,113FF,Commodity,326,Industry,2313.0
259,2024,113FF,Commodity,327,Industry,1.0
259,2024,113FF,Commodity,335,Industry,0.0
259,2024,113FF,Commodity,3361MV,Industry,0.0
259,2024,113FF,Commodity,337,Industry,137.0
259,2024,113FF,Commodity,339,Industry,339.0
259,2024,113FF,Commodity,445,Industry,566.0
259,2024,113FF,Commodity,483,Industry,0.0
259,2024,113FF,Commodity,487OS,Industry,2.0
259,2024,113FF,Commodity,4A0,Industry,0.0
259,2024,113FF,Commodity,5412OP,Industry,246.0
259,2024,113FF,Commodity,55,Industry,27.0
259,2024,113FF,Commodity,561,Industry,6.0
259,2024,113FF,Commodity,61,Industry,45.0
259,2024,113FF,Commodity,622,Industry,0.0
259,2024,113FF,Commodity,623,Industry,0.0
259,2024,113FF,Commodity,713,Industry,376.0
259,2024,113FF,Commodity,721,Industry,357.0
259,2024,113FF,Commodity,722,Industry,7388.0
259,2024,113FF,Commodity,81,Industry,100.0
259,2024,113FF,Commodity,F010,Industry,13841.0
259,2024,113FF,Commodity,F030,Industry,464.0
259,2024,113FF,Commodity,F040,Industry,6751.0
259,2024,113FF,Commodity,GFE,Industry,15.0
259,2024,113FF,Commodity,GFGN,Industry,19.0
259,2024,113FF,Commodity,GSLG,Industry,6456.0
259,2024,113FF,Commodity,T001,Industry,97341.0
259,2024,113FF,Commodity,T019,Industry,118398.0
259,2024,211,Commodity,211,Industry,38396.0
259,2024,211,Commodity,212,Industry,19.0
259,2024,211,Commodity,213,Industry,71.0
259,2024,211,Commodity,22,Industry,31670.0
259,2024,211,Commodity,311FT,Industry,25.0
259,2024,211,Commodity,321,Industry,28.0
259,2024,211,Commodity,322,Industry,15.0
259,2024,211,Commodity,323,Industry,5.0
259,2024,211,Commodity,324,Industry,397943.0
259,2024,211,Commodity,325,Industry,14632.0
259,2024,211,Commodity,326,Industry,26.0
259,2024,211,Commodity,327,Industry,9.0
259,2024,211,Commodity,331,Industry,14.0
259,2024,211,Commodity,332,Industry,8.0
259,2024,211,Commodity,333,Industry,0.0
259,2024,211,Commodity,3361MV,Industry,1.0
259,2024,211,Commodity,42,Industry,78.0
259,2024,211,Commodity,441,Industry,47.0
259,2024,211,Commodity,445,Industry,13.0
259,2024,211,Commodity,452,Industry,11.0
259,2024,211,Commodity,486,Industry,74.0
259,2024,211,Commodity,493,Industry,604.0
259,2024,211,Commodity,4A0,Industry,127.0
259,2024,211,Commodity,511,Industry,407.0
259,2024,211,Commodity,512,Industry,32.0
259,2024,211,Commodity,513,Industry,42.0
259,2024,211,Commodity,514,Industry,205.0
259,2024,211,Commodity,5412OP,Industry,106.0
259,2024,211,Commodity,5415,Industry,7.0
259,2024,211,Commodity,55,Industry,19.0
259,2024,211,Commodity,561,Industry,24.0
259,2024,211,Commodity,562,Industry,88.0
259,2024,211,Commodity,61,Industry,1654.0
259,2024,211,Commodity,621,Industry,705.0
259,2024,211,Commodity,622,Industry,15.0
259,2024,211,Commodity,623,Industry,30.0
259,2024,211,Commodity,624,Industry,41.0
259,2024,211,Commodity,711AS,Industry,35.0
259,2024,211,Commodity,713,Industry,252.0
259,2024,211,Commodity,721,Industry,44.0
259,2024,211,Commodity,722,Industry,30.0
259,2024,211,Commodity,81,Industry,196.0
259,2024,211,Commodity,F030,Industry,-951.0
259,2024,211,Commodity,F040,Industry,145749.0
259,2024,211,Commodity,GFE,Industry,1172.0
259,2024,211,Commodity,GFGN,Industry,0.0
259,2024,211,Commodity,GSLE,Industry,27057.0
259,2024,211,Commodity,ORE,Industry,187.0
259,2024,211,Commodity,T001,Industry,516161.0
259,2024,211,Commodity,T019,Industry,660959.0
259,2024,212,Commodity,111CA,Industry,1984.0
259,2024,212,Commodity,113FF,Industry,0.0
259,2024,212,Commodity,211,Industry,90.0
259,2024,212,Commodity,212,Industry,11728.0
259,2024,212,Commodity,213,Industry,154.0
259,2024,212,Commodity,22,Industry,7755.0
259,2024,212,Commodity,23,Industry,34975.0
259,2024,212,Commodity,311FT,Industry,1530.0
259,2024,212,Commodity,313TT,Industry,33.0
259,2024,212,Commodity,315AL,Industry,0.0
259,2024,212,Commodity,321,Industry,11.0
259,2024,212,Commodity,322,Industry,1586.0
259,2024,212,Commodity,324,Industry,2818.0
259,2024,212,Commodity,325,Industry,6299.0
259,2024,212,Commodity,326,Industry,140.0
259,2024,212,Commodity,327,Industry,17329.0
259,2024,212,Commodity,331,Industry,16593.0
259,2024,212,Commodity,332,Industry,582.0
259,2024,212,Commodity,333,Industry,104.0
259,2024,212,Commodity,334,Industry,5.0
259,2024,212,Commodity,335,Industry,93.0
259,2024,212,Commodity,3361MV,Industry,92.0
259,2024,212,Commodity,3364OT,Industry,109.0
259,2024,212,Commodity,337,Industry,17.0
259,2024,212,Commodity,339,Industry,155.0
259,2024,212,Commodity,42,Industry,27.0
259,2024,212,Commodity,441,Industry,0.0
259,2024,212,Commodity,482,Industry,127.0
259,2024,212,Commodity,483,Industry,0.0
259,2024,212,Commodity,484,Industry,8.0
259,2024,212,Commodity,485,Industry,0.0
259,2024,212,Commodity,487OS,Industry,1.0
259,2024,212,Commodity,493,Industry,2.0
259,2024,212,Commodity,4A0,Industry,3.0
259,2024,212,Commodity,511,Industry,21.0
259,2024,212,Commodity,512,Industry,18.0
259,2024,212,Commodity,513,Industry,203.0
259,2024,212,Commodity,514,Industry,1833.0
259,2024,212,Commodity,521CI,Industry,0.0
259,2024,212,Commodity,523,Industry,0.0
259,2024,212,Commodity,524,Industry,0.0
259,2024,212,Commodity,532RL,Industry,0.0
259,2024,212,Commodity,5411,Industry,0.0
259,2024,212,Commodity,5412OP,Industry,1800.0
259,2024,212,Commodity,5415,Industry,0.0
259,2024,212,Commodity,55,Industry,41.0
259,2024,212,Commodity,561,Industry,1311.0
259,2024,212,Commodity,562,Industry,78.0
259,2024,212,Commodity,61,Industry,831.0
259,2024,212,Commodity,622,Industry,33.0
259,2024,212,Commodity,623,Industry,51.0
259,2024,212,Commodity,624,Industry,293.0
259,2024,212,Commodity,711AS,Industry,539.0
259,2024,212,Commodity,713,Industry,1075.0
259,2024,212,Commodity,721,Industry,180.0
259,2024,212,Commodity,722,Industry,1225.0
259,2024,212,Commodity,81,Industry,1703.0
259,2024,212,Commodity,F010,Industry,388.0
259,2024,212,Commodity,F02E,Industry,379.0
259,2024,212,Commodity,F030,Industry,-340.0
259,2024,212,Commodity,F040,Industry,29088.0
259,2024,212,Commodity,GFGN,Industry,4660.0
259,2024,212,Commodity,GSLE,Industry,8432.0
259,2024,212,Commodity,GSLG,Industry,3221.0
259,2024,212,Commodity,HS,Industry,8.0
259,2024,212,Commodity,ORE,Industry,0.0
259,2024,212,Commodity,T001,Industry,131907.0
259,2024,212,Commodity,T019,Industry,161422.0
259,2024,213,Commodity,211,Industry,24547.0
259,2024,213,Commodity,212,Industry,2335.0
259,2024,213,Commodity,213,Industry,2454.0
259,2024,213,Commodity,487OS,Industry,0.0
259,2024,213,Commodity,5412OP,Industry,31.0
259,2024,213,Commodity,55,Industry,4.0
259,2024,213,Commodity,F02E,Industry,3314.0
259,2024,213,Commodity,F02S,Industry,96938.0
259,2024,213,Commodity,F030,Industry,-15.0
259,2024,213,Commodity,F040,Industry,2129.0
259,2024,213,Commodity,T001,Industry,29371.0
259,2024,213,Commodity,T019,Industry,131737.0
259,2024,22,Commodity,111CA,Industry,12109.0
259,2024,22,Commodity,113FF,Industry,61.0
259,2024,22,Commodity,211,Industry,8400.0
259,2024,22,Commodity,212,Industry,3724.0
259,2024,22,Commodity,213,Industry,357.0
259,2024,22,Commodity,22,Industry,33647.0
259,2024,22,Commodity,23,Industry,14763.0
259,2024,22,Commodity,311FT,Industry,11575.0
259,2024,22,Commodity,313TT,Industry,737.0
259,2024,22,Commodity,315AL,Industry,229.0
259,2024,22,Commodity,321,Industry,2150.0
259,2024,22,Commodity,322,Industry,6628.0
259,2024,22,Commodity,323,Industry,1210.0
259,2024,22,Commodity,324,Industry,2494.0
259,2024,22,Commodity,325,Industry,14190.0
259,2024,22,Commodity,326,Industry,5389.0
259,2024,22,Commodity,327,Industry,5399.0
259,2024,22,Commodity,331,Industry,6601.0
259,2024,22,Commodity,332,Industry,5448.0
259,2024,22,Commodity,333,Industry,2341.0
259,2024,22,Commodity,334,Industry,1278.0
259,2024,22,Commodity,335,Industry,1515.0
259,2024,22,Commodity,3361MV,Industry,3374.0
259,2024,22,Commodity,3364OT,Industry,2973.0
259,2024,22,Commodity,337,Industry,714.0
259,2024,22,Commodity,339,Industry,784.0
259,2024,22,Commodity,42,Industry,15680.0
259,2024,22,Commodity,441,Industry,6294.0
259,2024,22,Commodity,445,Industry,8884.0
259,2024,22,Commodity,452,Industry,5778.0
259,2024,22,Commodity,481,Industry,2596.0
259,2024,22,Commodity,482,Industry,80.0
259,2024,22,Commodity,483,Industry,199.0
259,2024,22,Commodity,484,Industry,6664.0
259,2024,22,Commodity,485,Industry,842.0
259,2024,22,Commodity,486,Industry,2310.0
259,2024,22,Commodity,487OS,Industry,1412.0
259,2024,22,Commodity,493,Industry,3100.0
259,2024,22,Commodity,4A0,Industry,17209.0
259,2024,22,Commodity,511,Industry,1234.0
259,2024,22,Commodity,512,Industry,636.0
259,2024,22,Commodity,513,Industry,9490.0
259,2024,22,Commodity,514,Industry,7643.0
259,2024,22,Commodity,521CI,Industry,5129.0
259,2024,22,Commodity,523,Industry,2209.0
259,2024,22,Commodity,524,Industry,823.0
259,2024,22,Commodity,525,Industry,3179.0
259,2024,22,Commodity,532RL,Industry,2430.0
259,2024,22,Commodity,5411,Industry,776.0
259,2024,22,Commodity,5412OP,Industry,7734.0
259,2024,22,Commodity,5415,Industry,1346.0
259,2024,22,Commodity,55,Industry,5089.0
259,2024,22,Commodity,561,Industry,4848.0
259,2024,22,Commodity,562,Industry,2493.0
259,2024,22,Commodity,61,Industry,7941.0
259,2024,22,Commodity,621,Industry,6756.0
259,2024,22,Commodity,622,Industry,10533.0
259,2024,22,Commodity,623,Industry,4786.0
259,2024,22,Commodity,624,Industry,2016.0
259,2024,22,Commodity,711AS,Industry,1871.0
259,2024,22,Commodity,713,Industry,4866.0
259,2024,22,Commodity,721,Industry,6427.0
259,2024,22,Commodity,722,Industry,28689.0
259,2024,22,Commodity,81,Industry,10635.0
259,2024,22,Commodity,F010,Industry,370340.0
259,2024,22,Commodity,F040,Industry,5053.0
259,2024,22,Commodity,GFE,Industry,2926.0
259,2024,22,Commodity,GFGD,Industry,6047.0
259,2024,22,Commodity,GFGN,Industry,1253.0
259,2024,22,Commodity,GSLE,Industry,6477.0
259,2024,22,Commodity,GSLG,Industry,39495.0
259,2024,22,Commodity,HS,Industry,149.0
259,2024,22,Commodity,ORE,Industry,43660.0
259,2024,22,Commodity,T001,Industry,458724.0
259,2024,22,Commodity,T019,Industry,834117.0
259,2024,23,Commodity,111CA,Industry,2130.0
259,2024,23,Commodity,113FF,Industry,30.0
259,2024,23,Commodity,211,Industry,381.0
259,2024,23,Commodity,212,Industry,3874.0
259,2024,23,Commodity,213,Industry,1708.0
259,2024,23,Commodity,22,Industry,4965.0
259,2024,23,Commodity,23,Industry,620.0
259,2024,23,Commodity,311FT,Industry,2883.0
259,2024,23,Commodity,313TT,Industry,106.0
259,2024,23,Commodity,315AL,Industry,4.0
259,2024,23,Commodity,321,Industry,496.0
259,2024,23,Commodity,322,Industry,1348.0
259,2024,23,Commodity,323,Industry,331.0
259,2024,23,Commodity,324,Industry,5369.0
259,2024,23,Commodity,325,Industry,2142.0
259,2024,23,Commodity,326,Industry,994.0
259,2024,23,Commodity,327,Industry,1340.0
259,2024,23,Commodity,331,Industry,1577.0
259,2024,23,Commodity,332,Industry,1721.0
259,2024,23,Commodity,333,Industry,878.0
259,2024,23,Commodity,334,Industry,474.0
259,2024,23,Commodity,335,Industry,328.0
259,2024,23,Commodity,3361MV,Industry,917.0
259,2024,23,Commodity,3364OT,Industry,497.0
259,2024,23,Commodity,337,Industry,165.0
259,2024,23,Commodity,339,Industry,318.0
259,2024,23,Commodity,42,Industry,5562.0
259,2024,23,Commodity,441,Industry,2578.0
259,2024,23,Commodity,445,Industry,1321.0
259,2024,23,Commodity,452,Industry,2032.0
259,2024,23,Commodity,481,Industry,445.0
259,2024,23,Commodity,482,Industry,2990.0
259,2024,23,Commodity,483,Industry,63.0
259,2024,23,Commodity,484,Industry,683.0
259,2024,23,Commodity,485,Industry,815.0
259,2024,23,Commodity,486,Industry,2718.0
259,2024,23,Commodity,487OS,Industry,1070.0
259,2024,23,Commodity,493,Industry,927.0
259,2024,23,Commodity,4A0,Industry,5189.0
259,2024,23,Commodity,511,Industry,597.0
259,2024,23,Commodity,512,Industry,119.0
259,2024,23,Commodity,513,Industry,3261.0
259,2024,23,Commodity,514,Industry,2272.0
259,2024,23,Commodity,521CI,Industry,7530.0
259,2024,23,Commodity,523,Industry,2735.0
259,2024,23,Commodity,524,Industry,1319.0
259,2024,23,Commodity,525,Industry,218.0
259,2024,23,Commodity,532RL,Industry,1870.0
259,2024,23,Commodity,5411,Industry,227.0
259,2024,23,Commodity,5412OP,Industry,3399.0
259,2024,23,Commodity,5415,Industry,116.0
259,2024,23,Commodity,55,Industry,1104.0
259,2024,23,Commodity,561,Industry,1221.0
259,2024,23,Commodity,562,Industry,253.0
259,2024,23,Commodity,61,Industry,2327.0
259,2024,23,Commodity,621,Industry,1158.0
259,2024,23,Commodity,622,Industry,3442.0
259,2024,23,Commodity,623,Industry,866.0
259,2024,23,Commodity,624,Industry,1007.0
259,2024,23,Commodity,711AS,Industry,417.0
259,2024,23,Commodity,713,Industry,969.0
259,2024,23,Commodity,721,Industry,3067.0
259,2024,23,Commodity,722,Industry,4426.0
259,2024,23,Commodity,81,Industry,7576.0
259,2024,23,Commodity,F02R,Industry,965104.0
259,2024,23,Commodity,F02S,Industry,797005.0
259,2024,23,Commodity,F040,Industry,127.0
259,2024,23,Commodity,F06S,Industry,17092.0
259,2024,23,Commodity,F07S,Industry,20235.0
259,2024,23,Commodity,F10S,Industry,458026.0
259,2024,23,Commodity,GFE,Industry,628.0
259,2024,23,Commodity,GFGD,Industry,13203.0
259,2024,23,Commodity,GFGN,Industry,838.0
259,2024,23,Commodity,GSLE,Industry,77058.0
259,2024,23,Commodity,GSLG,Industry,48481.0
259,2024,23,Commodity,HS,Industry,85174.0
259,2024,23,Commodity,ORE,Industry,58125.0
259,2024,23,Commodity,T001,Industry,396989.0
259,2024,23,Commodity,T019,Industry,2.654577e6
259,2024,311FT,Commodity,111CA,Industry,60561.0
259,2024,311FT,Commodity,113FF,Industry,174.0
259,2024,311FT,Commodity,311FT,Industry,257557.0
259,2024,311FT,Commodity,313TT,Industry,13.0
259,2024,311FT,Commodity,315AL,Industry,510.0
259,2024,311FT,Commodity,321,Industry,29.0
259,2024,311FT,Commodity,322,Industry,392.0
259,2024,311FT,Commodity,323,Industry,735.0
259,2024,311FT,Commodity,324,Industry,333.0
259,2024,311FT,Commodity,325,Industry,9200.0
259,2024,311FT,Commodity,326,Industry,257.0
259,2024,311FT,Commodity,327,Industry,1160.0
259,2024,311FT,Commodity,331,Industry,7.0
259,2024,311FT,Commodity,339,Industry,27.0
259,2024,311FT,Commodity,42,Industry,4303.0
259,2024,311FT,Commodity,441,Industry,0.0
259,2024,311FT,Commodity,445,Industry,3713.0
259,2024,311FT,Commodity,452,Industry,1270.0
259,2024,311FT,Commodity,481,Industry,559.0
259,2024,311FT,Commodity,482,Industry,1.0
259,2024,311FT,Commodity,483,Industry,383.0
259,2024,311FT,Commodity,484,Industry,24.0
259,2024,311FT,Commodity,485,Industry,0.0
259,2024,311FT,Commodity,487OS,Industry,12.0
259,2024,311FT,Commodity,4A0,Industry,2725.0
259,2024,311FT,Commodity,511,Industry,46.0
259,2024,311FT,Commodity,512,Industry,4.0
259,2024,311FT,Commodity,514,Industry,499.0
259,2024,311FT,Commodity,5412OP,Industry,6395.0
259,2024,311FT,Commodity,55,Industry,167.0
259,2024,311FT,Commodity,561,Industry,1.0
259,2024,311FT,Commodity,61,Industry,7566.0
259,2024,311FT,Commodity,621,Industry,10.0
259,2024,311FT,Commodity,622,Industry,8372.0
259,2024,311FT,Commodity,623,Industry,6342.0
259,2024,311FT,Commodity,624,Industry,20824.0
259,2024,311FT,Commodity,711AS,Industry,2124.0
259,2024,311FT,Commodity,713,Industry,8796.0
259,2024,311FT,Commodity,721,Industry,8236.0
259,2024,311FT,Commodity,722,Industry,122903.0
259,2024,311FT,Commodity,81,Industry,1810.0
259,2024,311FT,Commodity,F010,Industry,1.528583e6
259,2024,311FT,Commodity,F030,Industry,36.0
259,2024,311FT,Commodity,F040,Industry,97994.0
259,2024,311FT,Commodity,GFE,Industry,628.0
259,2024,311FT,Commodity,GFGD,Industry,7491.0
259,2024,311FT,Commodity,GFGN,Industry,163.0
259,2024,311FT,Commodity,GSLG,Industry,134298.0
259,2024,311FT,Commodity,T001,Industry,680620.0
259,2024,311FT,Commodity,T019,Industry,2.307233e6
259,2024,313TT,Commodity,111CA,Industry,13.0
259,2024,313TT,Commodity,113FF,Industry,6.0
259,2024,313TT,Commodity,212,Industry,1.0
259,2024,313TT,Commodity,23,Industry,3272.0
259,2024,313TT,Commodity,311FT,Industry,122.0
259,2024,313TT,Commodity,313TT,Industry,9146.0
259,2024,313TT,Commodity,315AL,Industry,2102.0
259,2024,313TT,Commodity,321,Industry,696.0
259,2024,313TT,Commodity,322,Industry,4176.0
259,2024,313TT,Commodity,323,Industry,324.0
259,2024,313TT,Commodity,324,Industry,36.0
259,2024,313TT,Commodity,325,Industry,3.0
259,2024,313TT,Commodity,326,Industry,3056.0
259,2024,313TT,Commodity,327,Industry,369.0
259,2024,313TT,Commodity,332,Industry,2.0
259,2024,313TT,Commodity,333,Industry,898.0
259,2024,313TT,Commodity,334,Industry,0.0
259,2024,313TT,Commodity,335,Industry,0.0
259,2024,313TT,Commodity,3361MV,Industry,2264.0
259,2024,313TT,Commodity,3364OT,Industry,956.0
259,2024,313TT,Commodity,337,Industry,3747.0
259,2024,313TT,Commodity,339,Industry,1454.0
259,2024,313TT,Commodity,42,Industry,2027.0
259,2024,313TT,Commodity,441,Industry,50.0
259,2024,313TT,Commodity,445,Industry,86.0
259,2024,313TT,Commodity,452,Industry,5076.0
259,2024,313TT,Commodity,483,Industry,34.0
259,2024,313TT,Commodity,484,Industry,26.0
259,2024,313TT,Commodity,486,Industry,0.0
259,2024,313TT,Commodity,487OS,Industry,17.0
259,2024,313TT,Commodity,493,Industry,2.0
259,2024,313TT,Commodity,4A0,Industry,1523.0
259,2024,313TT,Commodity,511,Industry,1.0
259,2024,313TT,Commodity,512,Industry,245.0
259,2024,313TT,Commodity,513,Industry,5.0
259,2024,313TT,Commodity,514,Industry,6.0
259,2024,313TT,Commodity,532RL,Industry,374.0
259,2024,313TT,Commodity,5412OP,Industry,478.0
259,2024,313TT,Commodity,55,Industry,22.0
259,2024,313TT,Commodity,561,Industry,353.0
259,2024,313TT,Commodity,562,Industry,363.0
259,2024,313TT,Commodity,61,Industry,14.0
259,2024,313TT,Commodity,621,Industry,108.0
259,2024,313TT,Commodity,622,Industry,392.0
259,2024,313TT,Commodity,623,Industry,2001.0
259,2024,313TT,Commodity,624,Industry,1211.0
259,2024,313TT,Commodity,711AS,Industry,0.0
259,2024,313TT,Commodity,713,Industry,129.0
259,2024,313TT,Commodity,721,Industry,1195.0
259,2024,313TT,Commodity,722,Industry,468.0
259,2024,313TT,Commodity,81,Industry,712.0
259,2024,313TT,Commodity,F010,Industry,107460.0
259,2024,313TT,Commodity,F02E,Industry,1996.0
259,2024,313TT,Commodity,F02R,Industry,3100.0
259,2024,313TT,Commodity,F030,Industry,445.0
259,2024,313TT,Commodity,F040,Industry,9861.0
259,2024,313TT,Commodity,F07E,Industry,3.0
259,2024,313TT,Commodity,F10E,Industry,1.0
259,2024,313TT,Commodity,GFE,Industry,2.0
259,2024,313TT,Commodity,GFGD,Industry,596.0
259,2024,313TT,Commodity,GFGN,Industry,430.0
259,2024,313TT,Commodity,GSLE,Industry,65.0
259,2024,313TT,Commodity,GSLG,Industry,2518.0
259,2024,313TT,Commodity,HS,Industry,1.0
259,2024,313TT,Commodity,ORE,Industry,84.0
259,2024,313TT,Commodity,T001,Industry,53257.0
259,2024,313TT,Commodity,T019,Industry,176122.0
259,2024,315AL,Commodity,111CA,Industry,58.0
259,2024,315AL,Commodity,22,Industry,0.0
259,2024,315AL,Commodity,311FT,Industry,21.0
259,2024,315AL,Commodity,313TT,Industry,25.0
259,2024,315AL,Commodity,315AL,Industry,858.0
259,2024,315AL,Commodity,323,Industry,48.0
259,2024,315AL,Commodity,324,Industry,0.0
259,2024,315AL,Commodity,326,Industry,0.0
259,2024,315AL,Commodity,327,Industry,0.0
259,2024,315AL,Commodity,3361MV,Industry,2279.0
259,2024,315AL,Commodity,339,Industry,186.0
259,2024,315AL,Commodity,42,Industry,311.0
259,2024,315AL,Commodity,441,Industry,34.0
259,2024,315AL,Commodity,445,Industry,0.0
259,2024,315AL,Commodity,452,Industry,99.0
259,2024,315AL,Commodity,4A0,Industry,258.0
259,2024,315AL,Commodity,511,Industry,1.0
259,2024,315AL,Commodity,512,Industry,1.0
259,2024,315AL,Commodity,513,Industry,7.0
259,2024,315AL,Commodity,514,Industry,0.0
259,2024,315AL,Commodity,532RL,Industry,17.0
259,2024,315AL,Commodity,5412OP,Industry,7.0
259,2024,315AL,Commodity,55,Industry,1.0
259,2024,315AL,Commodity,561,Industry,77.0
259,2024,315AL,Commodity,562,Industry,66.0
259,2024,315AL,Commodity,61,Industry,5.0
259,2024,315AL,Commodity,621,Industry,1.0
259,2024,315AL,Commodity,622,Industry,5.0
259,2024,315AL,Commodity,624,Industry,7.0
259,2024,315AL,Commodity,711AS,Industry,40.0
259,2024,315AL,Commodity,713,Industry,53.0
259,2024,315AL,Commodity,721,Industry,10.0
259,2024,315AL,Commodity,722,Industry,4.0
259,2024,315AL,Commodity,81,Industry,1207.0
259,2024,315AL,Commodity,F010,Industry,554679.0
259,2024,315AL,Commodity,F030,Industry,1281.0
259,2024,315AL,Commodity,F040,Industry,6150.0
259,2024,315AL,Commodity,GFE,Industry,320.0
259,2024,315AL,Commodity,GFGD,Industry,226.0
259,2024,315AL,Commodity,GFGN,Industry,32.0
259,2024,315AL,Commodity,GSLE,Industry,34.0
259,2024,315AL,Commodity,GSLG,Industry,1732.0
259,2024,315AL,Commodity,T001,Industry,8027.0
259,2024,315AL,Commodity,T019,Industry,570137.0
259,2024,321,Commodity,111CA,Industry,1220.0
259,2024,321,Commodity,113FF,Industry,70.0
259,2024,321,Commodity,212,Industry,425.0
259,2024,321,Commodity,213,Industry,216.0
259,2024,321,Commodity,22,Industry,9.0
259,2024,321,Commodity,23,Industry,105452.0
259,2024,321,Commodity,311FT,Industry,579.0
259,2024,321,Commodity,313TT,Industry,68.0
259,2024,321,Commodity,315AL,Industry,1.0
259,2024,321,Commodity,321,Industry,42622.0
259,2024,321,Commodity,322,Industry,5636.0
259,2024,321,Commodity,323,Industry,2.0
259,2024,321,Commodity,324,Industry,0.0
259,2024,321,Commodity,325,Industry,337.0
259,2024,321,Commodity,326,Industry,2583.0
259,2024,321,Commodity,327,Industry,368.0
259,2024,321,Commodity,331,Industry,628.0
259,2024,321,Commodity,332,Industry,266.0
259,2024,321,Commodity,333,Industry,988.0
259,2024,321,Commodity,334,Industry,517.0
259,2024,321,Commodity,335,Industry,1056.0
259,2024,321,Commodity,3361MV,Industry,3979.0
259,2024,321,Commodity,3364OT,Industry,242.0
259,2024,321,Commodity,337,Industry,8831.0
259,2024,321,Commodity,339,Industry,1412.0
259,2024,321,Commodity,42,Industry,11733.0
259,2024,321,Commodity,441,Industry,366.0
259,2024,321,Commodity,445,Industry,1034.0
259,2024,321,Commodity,452,Industry,211.0
259,2024,321,Commodity,482,Industry,4992.0
259,2024,321,Commodity,484,Industry,357.0
259,2024,321,Commodity,486,Industry,6.0
259,2024,321,Commodity,487OS,Industry,93.0
259,2024,321,Commodity,493,Industry,138.0
259,2024,321,Commodity,4A0,Industry,2172.0
259,2024,321,Commodity,511,Industry,56.0
259,2024,321,Commodity,512,Industry,91.0
259,2024,321,Commodity,513,Industry,870.0
259,2024,321,Commodity,514,Industry,2059.0
259,2024,321,Commodity,521CI,Industry,219.0
259,2024,321,Commodity,523,Industry,9.0
259,2024,321,Commodity,524,Industry,0.0
259,2024,321,Commodity,532RL,Industry,1153.0
259,2024,321,Commodity,5411,Industry,14.0
259,2024,321,Commodity,5412OP,Industry,1145.0
259,2024,321,Commodity,5415,Industry,38.0
259,2024,321,Commodity,55,Industry,7.0
259,2024,321,Commodity,561,Industry,1395.0
259,2024,321,Commodity,562,Industry,46.0
259,2024,321,Commodity,61,Industry,85.0
259,2024,321,Commodity,621,Industry,780.0
259,2024,321,Commodity,622,Industry,785.0
259,2024,321,Commodity,623,Industry,7.0
259,2024,321,Commodity,624,Industry,1070.0
259,2024,321,Commodity,711AS,Industry,14.0
259,2024,321,Commodity,713,Industry,382.0
259,2024,321,Commodity,721,Industry,1499.0
259,2024,321,Commodity,722,Industry,1810.0
259,2024,321,Commodity,81,Industry,661.0
259,2024,321,Commodity,F010,Industry,9311.0
259,2024,321,Commodity,F02R,Industry,18762.0
259,2024,321,Commodity,F02S,Industry,608.0
259,2024,321,Commodity,F030,Industry,1460.0
259,2024,321,Commodity,F040,Industry,6228.0
259,2024,321,Commodity,F07E,Industry,19.0
259,2024,321,Commodity,GFE,Industry,2.0
259,2024,321,Commodity,GFGD,Industry,59.0
259,2024,321,Commodity,GFGN,Industry,112.0
259,2024,321,Commodity,GSLE,Industry,579.0
259,2024,321,Commodity,GSLG,Industry,6187.0
259,2024,321,Commodity,HS,Industry,41.0
259,2024,321,Commodity,ORE,Industry,10183.0
259,2024,321,Commodity,T001,Industry,229966.0
259,2024,321,Commodity,T019,Industry,266356.0
259,2024,322,Commodity,111CA,Industry,779.0
259,2024,322,Commodity,113FF,Industry,0.0
259,2024,322,Commodity,211,Industry,149.0
259,2024,322,Commodity,212,Industry,188.0
259,2024,322,Commodity,213,Industry,49.0
259,2024,322,Commodity,22,Industry,31.0
259,2024,322,Commodity,23,Industry,7089.0
259,2024,322,Commodity,311FT,Industry,34873.0
259,2024,322,Commodity,313TT,Industry,494.0
259,2024,322,Commodity,315AL,Industry,15.0
259,2024,322,Commodity,321,Industry,2001.0
259,2024,322,Commodity,322,Industry,61074.0
259,2024,322,Commodity,323,Industry,10980.0
259,2024,322,Commodity,324,Industry,207.0
259,2024,322,Commodity,325,Industry,6869.0
259,2024,322,Commodity,326,Industry,6715.0
259,2024,322,Commodity,327,Industry,3311.0
259,2024,322,Commodity,331,Industry,2579.0
259,2024,322,Commodity,332,Industry,3316.0
259,2024,322,Commodity,333,Industry,2141.0
259,2024,322,Commodity,334,Industry,722.0
259,2024,322,Commodity,335,Industry,2864.0
259,2024,322,Commodity,3361MV,Industry,7469.0
259,2024,322,Commodity,3364OT,Industry,664.0
259,2024,322,Commodity,337,Industry,2150.0
259,2024,322,Commodity,339,Industry,2307.0
259,2024,322,Commodity,42,Industry,10208.0
259,2024,322,Commodity,441,Industry,330.0
259,2024,322,Commodity,445,Industry,1789.0
259,2024,322,Commodity,452,Industry,510.0
259,2024,322,Commodity,481,Industry,53.0
259,2024,322,Commodity,482,Industry,55.0
259,2024,322,Commodity,483,Industry,3.0
259,2024,322,Commodity,484,Industry,336.0
259,2024,322,Commodity,485,Industry,1841.0
259,2024,322,Commodity,486,Industry,42.0
259,2024,322,Commodity,487OS,Industry,1491.0
259,2024,322,Commodity,493,Industry,259.0
259,2024,322,Commodity,4A0,Industry,2450.0
259,2024,322,Commodity,511,Industry,1279.0
259,2024,322,Commodity,512,Industry,85.0
259,2024,322,Commodity,513,Industry,425.0
259,2024,322,Commodity,514,Industry,409.0
259,2024,322,Commodity,521CI,Industry,1170.0
259,2024,322,Commodity,523,Industry,963.0
259,2024,322,Commodity,524,Industry,2407.0
259,2024,322,Commodity,525,Industry,2.0
259,2024,322,Commodity,532RL,Industry,1579.0
259,2024,322,Commodity,5411,Industry,459.0
259,2024,322,Commodity,5412OP,Industry,5013.0
259,2024,322,Commodity,5415,Industry,780.0
259,2024,322,Commodity,55,Industry,710.0
259,2024,322,Commodity,561,Industry,8377.0
259,2024,322,Commodity,562,Industry,542.0
259,2024,322,Commodity,61,Industry,667.0
259,2024,322,Commodity,621,Industry,1942.0
259,2024,322,Commodity,622,Industry,1720.0
259,2024,322,Commodity,623,Industry,905.0
259,2024,322,Commodity,624,Industry,1482.0
259,2024,322,Commodity,711AS,Industry,165.0
259,2024,322,Commodity,713,Industry,353.0
259,2024,322,Commodity,721,Industry,4802.0
259,2024,322,Commodity,722,Industry,7538.0
259,2024,322,Commodity,81,Industry,1616.0
259,2024,322,Commodity,F010,Industry,77920.0
259,2024,322,Commodity,F030,Industry,478.0
259,2024,322,Commodity,F040,Industry,25445.0
259,2024,322,Commodity,GFE,Industry,209.0
259,2024,322,Commodity,GFGD,Industry,656.0
259,2024,322,Commodity,GFGN,Industry,3366.0
259,2024,322,Commodity,GSLE,Industry,98.0
259,2024,322,Commodity,GSLG,Industry,20567.0
259,2024,322,Commodity,HS,Industry,1.0
259,2024,322,Commodity,ORE,Industry,1135.0
259,2024,322,Commodity,T001,Industry,249826.0
259,2024,322,Commodity,T019,Industry,353669.0
259,2024,323,Commodity,111CA,Industry,13.0
259,2024,323,Commodity,211,Industry,10.0
259,2024,323,Commodity,212,Industry,1.0
259,2024,323,Commodity,22,Industry,9.0
259,2024,323,Commodity,23,Industry,75.0
259,2024,323,Commodity,311FT,Industry,70.0
259,2024,323,Commodity,315AL,Industry,0.0
259,2024,323,Commodity,321,Industry,2.0
259,2024,323,Commodity,323,Industry,1059.0
259,2024,323,Commodity,324,Industry,1.0
259,2024,323,Commodity,325,Industry,73.0
259,2024,323,Commodity,332,Industry,12.0
259,2024,323,Commodity,333,Industry,3.0
259,2024,323,Commodity,335,Industry,2.0
259,2024,323,Commodity,3361MV,Industry,4.0
259,2024,323,Commodity,42,Industry,11253.0
259,2024,323,Commodity,441,Industry,285.0
259,2024,323,Commodity,445,Industry,165.0
259,2024,323,Commodity,452,Industry,131.0
259,2024,323,Commodity,481,Industry,9.0
259,2024,323,Commodity,482,Industry,9.0
259,2024,323,Commodity,484,Industry,179.0
259,2024,323,Commodity,485,Industry,183.0
259,2024,323,Commodity,486,Industry,5.0
259,2024,323,Commodity,487OS,Industry,290.0
259,2024,323,Commodity,493,Industry,13.0
259,2024,323,Commodity,4A0,Industry,8482.0
259,2024,323,Commodity,511,Industry,3585.0
259,2024,323,Commodity,512,Industry,533.0
259,2024,323,Commodity,513,Industry,322.0
259,2024,323,Commodity,514,Industry,4960.0
259,2024,323,Commodity,521CI,Industry,953.0
259,2024,323,Commodity,523,Industry,1834.0
259,2024,323,Commodity,524,Industry,3849.0
259,2024,323,Commodity,532RL,Industry,675.0
259,2024,323,Commodity,5411,Industry,639.0
259,2024,323,Commodity,5412OP,Industry,5690.0
259,2024,323,Commodity,5415,Industry,401.0
259,2024,323,Commodity,55,Industry,864.0
259,2024,323,Commodity,561,Industry,3386.0
259,2024,323,Commodity,562,Industry,19.0
259,2024,323,Commodity,61,Industry,717.0
259,2024,323,Commodity,621,Industry,2190.0
259,2024,323,Commodity,622,Industry,4408.0
259,2024,323,Commodity,623,Industry,162.0
259,2024,323,Commodity,624,Industry,1975.0
259,2024,323,Commodity,711AS,Industry,990.0
259,2024,323,Commodity,713,Industry,364.0
259,2024,323,Commodity,721,Industry,1061.0
259,2024,323,Commodity,722,Industry,1551.0
259,2024,323,Commodity,81,Industry,1733.0
259,2024,323,Commodity,F010,Industry,14405.0
259,2024,323,Commodity,F030,Industry,163.0
259,2024,323,Commodity,F040,Industry,2844.0
259,2024,323,Commodity,GFE,Industry,42.0
259,2024,323,Commodity,GFGD,Industry,1431.0
259,2024,323,Commodity,GFGN,Industry,2173.0
259,2024,323,Commodity,GSLE,Industry,549.0
259,2024,323,Commodity,GSLG,Industry,13525.0
259,2024,323,Commodity,ORE,Industry,183.0
259,2024,323,Commodity,T001,Industry,83107.0
259,2024,323,Commodity,T019,Industry,100518.0
259,2024,324,Commodity,111CA,Industry,10977.0
259,2024,324,Commodity,113FF,Industry,228.0
259,2024,324,Commodity,211,Industry,4738.0
259,2024,324,Commodity,212,Industry,2547.0
259,2024,324,Commodity,213,Industry,1270.0
259,2024,324,Commodity,22,Industry,21373.0
259,2024,324,Commodity,23,Industry,67968.0
259,2024,324,Commodity,311FT,Industry,3162.0
259,2024,324,Commodity,313TT,Industry,44.0
259,2024,324,Commodity,315AL,Industry,1.0
259,2024,324,Commodity,321,Industry,750.0
259,2024,324,Commodity,322,Industry,1366.0
259,2024,324,Commodity,323,Industry,679.0
259,2024,324,Commodity,324,Industry,14279.0
259,2024,324,Commodity,325,Industry,10250.0
259,2024,324,Commodity,326,Industry,750.0
259,2024,324,Commodity,327,Industry,699.0
259,2024,324,Commodity,331,Industry,3022.0
259,2024,324,Commodity,332,Industry,828.0
259,2024,324,Commodity,333,Industry,1201.0
259,2024,324,Commodity,334,Industry,233.0
259,2024,324,Commodity,335,Industry,1374.0
259,2024,324,Commodity,3361MV,Industry,397.0
259,2024,324,Commodity,3364OT,Industry,106.0
259,2024,324,Commodity,337,Industry,240.0
259,2024,324,Commodity,339,Industry,776.0
259,2024,324,Commodity,42,Industry,4099.0
259,2024,324,Commodity,441,Industry,1212.0
259,2024,324,Commodity,445,Industry,399.0
259,2024,324,Commodity,452,Industry,174.0
259,2024,324,Commodity,481,Industry,31870.0
259,2024,324,Commodity,482,Industry,3732.0
259,2024,324,Commodity,483,Industry,7628.0
259,2024,324,Commodity,484,Industry,47234.0
259,2024,324,Commodity,485,Industry,7339.0
259,2024,324,Commodity,486,Industry,343.0
259,2024,324,Commodity,487OS,Industry,13046.0
259,2024,324,Commodity,493,Industry,3107.0
259,2024,324,Commodity,4A0,Industry,1763.0
259,2024,324,Commodity,511,Industry,257.0
259,2024,324,Commodity,512,Industry,75.0
259,2024,324,Commodity,513,Industry,563.0
259,2024,324,Commodity,514,Industry,764.0
259,2024,324,Commodity,521CI,Industry,5425.0
259,2024,324,Commodity,523,Industry,6482.0
259,2024,324,Commodity,524,Industry,128.0
259,2024,324,Commodity,525,Industry,752.0
259,2024,324,Commodity,532RL,Industry,3085.0
259,2024,324,Commodity,5411,Industry,47.0
259,2024,324,Commodity,5412OP,Industry,2621.0
259,2024,324,Commodity,5415,Industry,1472.0
259,2024,324,Commodity,55,Industry,560.0
259,2024,324,Commodity,561,Industry,8727.0
259,2024,324,Commodity,562,Industry,2448.0
259,2024,324,Commodity,61,Industry,2270.0
259,2024,324,Commodity,621,Industry,2499.0
259,2024,324,Commodity,622,Industry,1591.0
259,2024,324,Commodity,623,Industry,868.0
259,2024,324,Commodity,624,Industry,996.0
259,2024,324,Commodity,711AS,Industry,285.0
259,2024,324,Commodity,713,Industry,1198.0
259,2024,324,Commodity,721,Industry,801.0
259,2024,324,Commodity,722,Industry,5435.0
259,2024,324,Commodity,81,Industry,2231.0
259,2024,324,Commodity,F010,Industry,446675.0
259,2024,324,Commodity,F030,Industry,4246.0
259,2024,324,Commodity,F040,Industry,173780.0
259,2024,324,Commodity,GFE,Industry,1259.0
259,2024,324,Commodity,GFGD,Industry,9939.0
259,2024,324,Commodity,GFGN,Industry,964.0
259,2024,324,Commodity,GSLE,Industry,29167.0
259,2024,324,Commodity,GSLG,Industry,106502.0
259,2024,324,Commodity,HS,Industry,42.0
259,2024,324,Commodity,ORE,Industry,6047.0
259,2024,324,Commodity,T001,Industry,476702.0
259,2024,324,Commodity,T019,Industry,1.101402e6
259,2024,325,Commodity,111CA,Industry,40598.0
259,2024,325,Commodity,113FF,Industry,1405.0
259,2024,325,Commodity,211,Industry,11044.0
259,2024,325,Commodity,212,Industry,2343.0
259,2024,325,Commodity,213,Industry,1479.0
259,2024,325,Commodity,22,Industry,1718.0
259,2024,325,Commodity,23,Industry,31111.0
259,2024,325,Commodity,311FT,Industry,12164.0
259,2024,325,Commodity,313TT,Industry,12019.0
259,2024,325,Commodity,315AL,Industry,134.0
259,2024,325,Commodity,321,Industry,10634.0
259,2024,325,Commodity,322,Industry,10583.0
259,2024,325,Commodity,323,Industry,5917.0
259,2024,325,Commodity,324,Industry,19257.0
259,2024,325,Commodity,325,Industry,253609.0
259,2024,325,Commodity,326,Industry,91442.0
259,2024,325,Commodity,327,Industry,6053.0
259,2024,325,Commodity,331,Industry,2072.0
259,2024,325,Commodity,332,Industry,10150.0
259,2024,325,Commodity,333,Industry,2865.0
259,2024,325,Commodity,334,Industry,2257.0
259,2024,325,Commodity,335,Industry,4625.0
259,2024,325,Commodity,3361MV,Industry,15513.0
259,2024,325,Commodity,3364OT,Industry,1676.0
259,2024,325,Commodity,337,Industry,2493.0
259,2024,325,Commodity,339,Industry,6502.0
259,2024,325,Commodity,42,Industry,3148.0
259,2024,325,Commodity,441,Industry,186.0
259,2024,325,Commodity,445,Industry,75.0
259,2024,325,Commodity,452,Industry,39.0
259,2024,325,Commodity,481,Industry,2.0
259,2024,325,Commodity,482,Industry,186.0
259,2024,325,Commodity,483,Industry,4.0
259,2024,325,Commodity,484,Industry,378.0
259,2024,325,Commodity,485,Industry,41.0
259,2024,325,Commodity,486,Industry,2.0
259,2024,325,Commodity,487OS,Industry,55.0
259,2024,325,Commodity,493,Industry,483.0
259,2024,325,Commodity,4A0,Industry,952.0
259,2024,325,Commodity,511,Industry,645.0
259,2024,325,Commodity,512,Industry,388.0
259,2024,325,Commodity,513,Industry,646.0
259,2024,325,Commodity,514,Industry,2288.0
259,2024,325,Commodity,521CI,Industry,78.0
259,2024,325,Commodity,523,Industry,267.0
259,2024,325,Commodity,524,Industry,219.0
259,2024,325,Commodity,525,Industry,0.0
259,2024,325,Commodity,532RL,Industry,238.0
259,2024,325,Commodity,5411,Industry,180.0
259,2024,325,Commodity,5412OP,Industry,102028.0
259,2024,325,Commodity,5415,Industry,378.0
259,2024,325,Commodity,55,Industry,6499.0
259,2024,325,Commodity,561,Industry,15999.0
259,2024,325,Commodity,562,Industry,2511.0
259,2024,325,Commodity,61,Industry,1334.0
259,2024,325,Commodity,621,Industry,78306.0
259,2024,325,Commodity,622,Industry,29378.0
259,2024,325,Commodity,623,Industry,4145.0
259,2024,325,Commodity,624,Industry,832.0
259,2024,325,Commodity,711AS,Industry,411.0
259,2024,325,Commodity,713,Industry,1187.0
259,2024,325,Commodity,721,Industry,92.0
259,2024,325,Commodity,722,Industry,2202.0
259,2024,325,Commodity,81,Industry,4842.0
259,2024,325,Commodity,F010,Industry,838804.0
259,2024,325,Commodity,F02E,Industry,3364.0
259,2024,325,Commodity,F030,Industry,2872.0
259,2024,325,Commodity,F040,Industry,254098.0
259,2024,325,Commodity,GFE,Industry,85.0
259,2024,325,Commodity,GFGD,Industry,4499.0
259,2024,325,Commodity,GFGN,Industry,5082.0
259,2024,325,Commodity,GSLE,Industry,9462.0
259,2024,325,Commodity,GSLG,Industry,73256.0
259,2024,325,Commodity,HS,Industry,796.0
259,2024,325,Commodity,ORE,Industry,14435.0
259,2024,325,Commodity,T001,Industry,927916.0
259,2024,325,Commodity,T019,Industry,2.027054e6
259,2024,326,Commodity,111CA,Industry,2593.0
259,2024,326,Commodity,113FF,Industry,91.0
259,2024,326,Commodity,211,Industry,153.0
259,2024,326,Commodity,212,Industry,1473.0
259,2024,326,Commodity,213,Industry,534.0
259,2024,326,Commodity,22,Industry,28.0
259,2024,326,Commodity,23,Industry,68290.0
259,2024,326,Commodity,311FT,Industry,31403.0
259,2024,326,Commodity,313TT,Industry,434.0
259,2024,326,Commodity,315AL,Industry,38.0
259,2024,326,Commodity,321,Industry,2373.0
259,2024,326,Commodity,322,Industry,3555.0
259,2024,326,Commodity,323,Industry,3762.0
259,2024,326,Commodity,324,Industry,264.0
259,2024,326,Commodity,325,Industry,11888.0
259,2024,326,Commodity,326,Industry,25050.0
259,2024,326,Commodity,327,Industry,1629.0
259,2024,326,Commodity,331,Industry,1001.0
259,2024,326,Commodity,332,Industry,3381.0
259,2024,326,Commodity,333,Industry,11132.0
259,2024,326,Commodity,334,Industry,2663.0
259,2024,326,Commodity,335,Industry,4227.0
259,2024,326,Commodity,3361MV,Industry,28893.0
259,2024,326,Commodity,3364OT,Industry,3119.0
259,2024,326,Commodity,337,Industry,4122.0
259,2024,326,Commodity,339,Industry,4699.0
259,2024,326,Commodity,42,Industry,28353.0
259,2024,326,Commodity,441,Industry,2236.0
259,2024,326,Commodity,445,Industry,2208.0
259,2024,326,Commodity,452,Industry,493.0
259,2024,326,Commodity,481,Industry,416.0
259,2024,326,Commodity,482,Industry,5.0
259,2024,326,Commodity,483,Industry,0.0
259,2024,326,Commodity,484,Industry,1144.0
259,2024,326,Commodity,485,Industry,310.0
259,2024,326,Commodity,486,Industry,68.0
259,2024,326,Commodity,487OS,Industry,2359.0
259,2024,326,Commodity,493,Industry,325.0
259,2024,326,Commodity,4A0,Industry,6333.0
259,2024,326,Commodity,511,Industry,311.0
259,2024,326,Commodity,512,Industry,123.0
259,2024,326,Commodity,513,Industry,5189.0
259,2024,326,Commodity,514,Industry,1535.0
259,2024,326,Commodity,521CI,Industry,66.0
259,2024,326,Commodity,523,Industry,183.0
259,2024,326,Commodity,524,Industry,2472.0
259,2024,326,Commodity,525,Industry,0.0
259,2024,326,Commodity,532RL,Industry,3990.0
259,2024,326,Commodity,5411,Industry,32.0
259,2024,326,Commodity,5412OP,Industry,11107.0
259,2024,326,Commodity,5415,Industry,2278.0
259,2024,326,Commodity,55,Industry,140.0
259,2024,326,Commodity,561,Industry,5096.0
259,2024,326,Commodity,562,Industry,672.0
259,2024,326,Commodity,61,Industry,853.0
259,2024,326,Commodity,621,Industry,16022.0
259,2024,326,Commodity,622,Industry,7484.0
259,2024,326,Commodity,623,Industry,2952.0
259,2024,326,Commodity,624,Industry,2756.0
259,2024,326,Commodity,711AS,Industry,88.0
259,2024,326,Commodity,713,Industry,511.0
259,2024,326,Commodity,721,Industry,221.0
259,2024,326,Commodity,722,Industry,13957.0
259,2024,326,Commodity,81,Industry,5370.0
259,2024,326,Commodity,F010,Industry,119612.0
259,2024,326,Commodity,F02E,Industry,595.0
259,2024,326,Commodity,F02R,Industry,540.0
259,2024,326,Commodity,F030,Industry,1019.0
259,2024,326,Commodity,F040,Industry,36261.0
259,2024,326,Commodity,F07E,Industry,8.0
259,2024,326,Commodity,GFE,Industry,18.0
259,2024,326,Commodity,GFGD,Industry,6043.0
259,2024,326,Commodity,GFGN,Industry,1966.0
259,2024,326,Commodity,GSLE,Industry,7157.0
259,2024,326,Commodity,GSLG,Industry,22209.0
259,2024,326,Commodity,HS,Industry,19.0
259,2024,326,Commodity,ORE,Industry,2438.0
259,2024,326,Commodity,T001,Industry,384303.0
259,2024,326,Commodity,T019,Industry,542337.0
259,2024,327,Commodity,111CA,Industry,26.0
259,2024,327,Commodity,113FF,Industry,109.0
259,2024,327,Commodity,211,Industry,2289.0
259,2024,327,Commodity,212,Industry,743.0
259,2024,327,Commodity,213,Industry,984.0
259,2024,327,Commodity,22,Industry,42.0
259,2024,327,Commodity,23,Industry,155061.0
259,2024,327,Commodity,311FT,Industry,5001.0
259,2024,327,Commodity,313TT,Industry,46.0
259,2024,327,Commodity,321,Industry,1295.0
259,2024,327,Commodity,322,Industry,540.0
259,2024,327,Commodity,323,Industry,1.0
259,2024,327,Commodity,324,Industry,1299.0
259,2024,327,Commodity,325,Industry,2064.0
259,2024,327,Commodity,326,Industry,2647.0
259,2024,327,Commodity,327,Industry,27523.0
259,2024,327,Commodity,331,Industry,4072.0
259,2024,327,Commodity,332,Industry,2045.0
259,2024,327,Commodity,333,Industry,1769.0
259,2024,327,Commodity,334,Industry,313.0
259,2024,327,Commodity,335,Industry,2343.0
259,2024,327,Commodity,3361MV,Industry,9081.0
259,2024,327,Commodity,3364OT,Industry,360.0
259,2024,327,Commodity,337,Industry,381.0
259,2024,327,Commodity,339,Industry,951.0
259,2024,327,Commodity,42,Industry,132.0
259,2024,327,Commodity,441,Industry,396.0
259,2024,327,Commodity,445,Industry,53.0
259,2024,327,Commodity,452,Industry,466.0
259,2024,327,Commodity,482,Industry,20.0
259,2024,327,Commodity,484,Industry,180.0
259,2024,327,Commodity,485,Industry,0.0
259,2024,327,Commodity,486,Industry,0.0
259,2024,327,Commodity,487OS,Industry,16.0
259,2024,327,Commodity,493,Industry,71.0
259,2024,327,Commodity,4A0,Industry,1020.0
259,2024,327,Commodity,511,Industry,3.0
259,2024,327,Commodity,512,Industry,2.0
259,2024,327,Commodity,513,Industry,2340.0
259,2024,327,Commodity,514,Industry,1005.0
259,2024,327,Commodity,521CI,Industry,35.0
259,2024,327,Commodity,523,Industry,60.0
259,2024,327,Commodity,524,Industry,80.0
259,2024,327,Commodity,532RL,Industry,1474.0
259,2024,327,Commodity,5411,Industry,0.0
259,2024,327,Commodity,5412OP,Industry,6960.0
259,2024,327,Commodity,5415,Industry,262.0
259,2024,327,Commodity,55,Industry,36.0
259,2024,327,Commodity,561,Industry,1280.0
259,2024,327,Commodity,562,Industry,376.0
259,2024,327,Commodity,61,Industry,135.0
259,2024,327,Commodity,621,Industry,4064.0
259,2024,327,Commodity,622,Industry,4078.0
259,2024,327,Commodity,623,Industry,218.0
259,2024,327,Commodity,624,Industry,905.0
259,2024,327,Commodity,711AS,Industry,16.0
259,2024,327,Commodity,713,Industry,238.0
259,2024,327,Commodity,721,Industry,128.0
259,2024,327,Commodity,722,Industry,3953.0
259,2024,327,Commodity,81,Industry,2671.0
259,2024,327,Commodity,F010,Industry,29619.0
259,2024,327,Commodity,F030,Industry,1227.0
259,2024,327,Commodity,F040,Industry,12028.0
259,2024,327,Commodity,GFGD,Industry,162.0
259,2024,327,Commodity,GFGN,Industry,990.0
259,2024,327,Commodity,GSLE,Industry,5684.0
259,2024,327,Commodity,GSLG,Industry,3038.0
259,2024,327,Commodity,HS,Industry,147.0
259,2024,327,Commodity,ORE,Industry,68.0
259,2024,327,Commodity,T001,Industry,263746.0
259,2024,327,Commodity,T019,Industry,306620.0
259,2024,331,Commodity,111CA,Industry,99.0
259,2024,331,Commodity,211,Industry,10134.0
259,2024,331,Commodity,212,Industry,771.0
259,2024,331,Commodity,213,Industry,286.0
259,2024,331,Commodity,22,Industry,4.0
259,2024,331,Commodity,23,Industry,10333.0
259,2024,331,Commodity,311FT,Industry,2571.0
259,2024,331,Commodity,313TT,Industry,138.0
259,2024,331,Commodity,321,Industry,369.0
259,2024,331,Commodity,322,Industry,1566.0
259,2024,331,Commodity,323,Industry,25.0
259,2024,331,Commodity,324,Industry,14.0
259,2024,331,Commodity,325,Industry,38.0
259,2024,331,Commodity,326,Industry,2278.0
259,2024,331,Commodity,327,Industry,2828.0
259,2024,331,Commodity,331,Industry,97471.0
259,2024,331,Commodity,332,Industry,113570.0
259,2024,331,Commodity,333,Industry,44259.0
259,2024,331,Commodity,334,Industry,4191.0
259,2024,331,Commodity,335,Industry,30765.0
259,2024,331,Commodity,3361MV,Industry,60399.0
259,2024,331,Commodity,3364OT,Industry,7615.0
259,2024,331,Commodity,337,Industry,4552.0
259,2024,331,Commodity,339,Industry,5814.0
259,2024,331,Commodity,42,Industry,749.0
259,2024,331,Commodity,441,Industry,9.0
259,2024,331,Commodity,452,Industry,0.0
259,2024,331,Commodity,482,Industry,813.0
259,2024,331,Commodity,487OS,Industry,124.0
259,2024,331,Commodity,4A0,Industry,723.0
259,2024,331,Commodity,511,Industry,14.0
259,2024,331,Commodity,512,Industry,9.0
259,2024,331,Commodity,513,Industry,397.0
259,2024,331,Commodity,514,Industry,1397.0
259,2024,331,Commodity,524,Industry,0.0
259,2024,331,Commodity,532RL,Industry,194.0
259,2024,331,Commodity,5412OP,Industry,1987.0
259,2024,331,Commodity,5415,Industry,0.0
259,2024,331,Commodity,55,Industry,45.0
259,2024,331,Commodity,561,Industry,904.0
259,2024,331,Commodity,562,Industry,362.0
259,2024,331,Commodity,61,Industry,409.0
259,2024,331,Commodity,621,Industry,252.0
259,2024,331,Commodity,622,Industry,47.0
259,2024,331,Commodity,623,Industry,23.0
259,2024,331,Commodity,624,Industry,460.0
259,2024,331,Commodity,711AS,Industry,38.0
259,2024,331,Commodity,713,Industry,594.0
259,2024,331,Commodity,721,Industry,43.0
259,2024,331,Commodity,722,Industry,275.0
259,2024,331,Commodity,81,Industry,1005.0
259,2024,331,Commodity,F010,Industry,3947.0
259,2024,331,Commodity,F030,Industry,-502.0
259,2024,331,Commodity,F040,Industry,39960.0
259,2024,331,Commodity,GFGD,Industry,707.0
259,2024,331,Commodity,GFGN,Industry,1363.0
259,2024,331,Commodity,GSLE,Industry,1174.0
259,2024,331,Commodity,GSLG,Industry,164.0
259,2024,331,Commodity,HS,Industry,2.0
259,2024,331,Commodity,ORE,Industry,3955.0
259,2024,331,Commodity,T001,Industry,418331.0
259,2024,331,Commodity,T019,Industry,461735.0
259,2024,332,Commodity,111CA,Industry,1995.0
259,2024,332,Commodity,113FF,Industry,217.0
259,2024,332,Commodity,211,Industry,14854.0
259,2024,332,Commodity,212,Industry,1339.0
259,2024,332,Commodity,213,Industry,758.0
259,2024,332,Commodity,22,Industry,1293.0
259,2024,332,Commodity,23,Industry,194169.0
259,2024,332,Commodity,311FT,Industry,22978.0
259,2024,332,Commodity,313TT,Industry,509.0
259,2024,332,Commodity,315AL,Industry,62.0
259,2024,332,Commodity,321,Industry,4740.0
259,2024,332,Commodity,322,Industry,6535.0
259,2024,332,Commodity,323,Industry,1049.0
259,2024,332,Commodity,324,Industry,569.0
259,2024,332,Commodity,325,Industry,9646.0
259,2024,332,Commodity,326,Industry,9692.0
259,2024,332,Commodity,327,Industry,3221.0
259,2024,332,Commodity,331,Industry,7005.0
259,2024,332,Commodity,332,Industry,52490.0
259,2024,332,Commodity,333,Industry,27516.0
259,2024,332,Commodity,334,Industry,7912.0
259,2024,332,Commodity,335,Industry,18392.0
259,2024,332,Commodity,3361MV,Industry,32491.0
259,2024,332,Commodity,3364OT,Industry,15350.0
259,2024,332,Commodity,337,Industry,5993.0
259,2024,332,Commodity,339,Industry,4609.0
259,2024,332,Commodity,42,Industry,4484.0
259,2024,332,Commodity,441,Industry,645.0
259,2024,332,Commodity,445,Industry,365.0
259,2024,332,Commodity,452,Industry,231.0
259,2024,332,Commodity,481,Industry,339.0
259,2024,332,Commodity,482,Industry,401.0
259,2024,332,Commodity,483,Industry,1804.0
259,2024,332,Commodity,484,Industry,2221.0
259,2024,332,Commodity,485,Industry,816.0
259,2024,332,Commodity,486,Industry,2334.0
259,2024,332,Commodity,487OS,Industry,470.0
259,2024,332,Commodity,493,Industry,1094.0
259,2024,332,Commodity,4A0,Industry,3069.0
259,2024,332,Commodity,511,Industry,881.0
259,2024,332,Commodity,512,Industry,48.0
259,2024,332,Commodity,513,Industry,11513.0
259,2024,332,Commodity,514,Industry,3739.0
259,2024,332,Commodity,521CI,Industry,459.0
259,2024,332,Commodity,523,Industry,369.0
259,2024,332,Commodity,524,Industry,0.0
259,2024,332,Commodity,525,Industry,37.0
259,2024,332,Commodity,532RL,Industry,3762.0
259,2024,332,Commodity,5411,Industry,33.0
259,2024,332,Commodity,5412OP,Industry,8837.0
259,2024,332,Commodity,5415,Industry,3697.0
259,2024,332,Commodity,55,Industry,679.0
259,2024,332,Commodity,561,Industry,4255.0
259,2024,332,Commodity,562,Industry,4791.0
259,2024,332,Commodity,61,Industry,635.0
259,2024,332,Commodity,621,Industry,638.0
259,2024,332,Commodity,622,Industry,2865.0
259,2024,332,Commodity,623,Industry,48.0
259,2024,332,Commodity,624,Industry,4390.0
259,2024,332,Commodity,711AS,Industry,94.0
259,2024,332,Commodity,713,Industry,1122.0
259,2024,332,Commodity,721,Industry,2720.0
259,2024,332,Commodity,722,Industry,6062.0
259,2024,332,Commodity,81,Industry,7823.0
259,2024,332,Commodity,F010,Industry,99248.0
259,2024,332,Commodity,F02E,Industry,19742.0
259,2024,332,Commodity,F030,Industry,2641.0
259,2024,332,Commodity,F040,Industry,53268.0
259,2024,332,Commodity,F06E,Industry,93.0
259,2024,332,Commodity,F07E,Industry,76.0
259,2024,332,Commodity,F10E,Industry,113.0
259,2024,332,Commodity,GFE,Industry,216.0
259,2024,332,Commodity,GFGD,Industry,13122.0
259,2024,332,Commodity,GFGN,Industry,2207.0
259,2024,332,Commodity,GSLE,Industry,11776.0
259,2024,332,Commodity,GSLG,Industry,6848.0
259,2024,332,Commodity,HS,Industry,38.0
259,2024,332,Commodity,ORE,Industry,1975.0
259,2024,332,Commodity,T001,Industry,569335.0
259,2024,332,Commodity,T019,Industry,744516.0
259,2024,333,Commodity,111CA,Industry,4018.0
259,2024,333,Commodity,113FF,Industry,37.0
259,2024,333,Commodity,211,Industry,16801.0
259,2024,333,Commodity,212,Industry,5816.0
259,2024,333,Commodity,213,Industry,4335.0
259,2024,333,Commodity,22,Industry,933.0
259,2024,333,Commodity,23,Industry,73186.0
259,2024,333,Commodity,311FT,Industry,7957.0
259,2024,333,Commodity,313TT,Industry,39.0
259,2024,333,Commodity,315AL,Industry,2.0
259,2024,333,Commodity,321,Industry,801.0
259,2024,333,Commodity,322,Industry,1243.0
259,2024,333,Commodity,323,Industry,1815.0
259,2024,333,Commodity,324,Industry,72.0
259,2024,333,Commodity,325,Industry,7115.0
259,2024,333,Commodity,326,Industry,3943.0
259,2024,333,Commodity,327,Industry,244.0
259,2024,333,Commodity,331,Industry,2278.0
259,2024,333,Commodity,332,Industry,6981.0
259,2024,333,Commodity,333,Industry,43504.0
259,2024,333,Commodity,334,Industry,401.0
259,2024,333,Commodity,335,Industry,3428.0
259,2024,333,Commodity,3361MV,Industry,44654.0
259,2024,333,Commodity,3364OT,Industry,3938.0
259,2024,333,Commodity,337,Industry,207.0
259,2024,333,Commodity,339,Industry,657.0
259,2024,333,Commodity,42,Industry,3234.0
259,2024,333,Commodity,441,Industry,385.0
259,2024,333,Commodity,445,Industry,161.0
259,2024,333,Commodity,452,Industry,107.0
259,2024,333,Commodity,481,Industry,22.0
259,2024,333,Commodity,482,Industry,77.0
259,2024,333,Commodity,483,Industry,54.0
259,2024,333,Commodity,484,Industry,638.0
259,2024,333,Commodity,485,Industry,96.0
259,2024,333,Commodity,486,Industry,85.0
259,2024,333,Commodity,487OS,Industry,4004.0
259,2024,333,Commodity,493,Industry,1769.0
259,2024,333,Commodity,4A0,Industry,967.0
259,2024,333,Commodity,511,Industry,80.0
259,2024,333,Commodity,512,Industry,32.0
259,2024,333,Commodity,513,Industry,1314.0
259,2024,333,Commodity,514,Industry,1961.0
259,2024,333,Commodity,521CI,Industry,7.0
259,2024,333,Commodity,523,Industry,54.0
259,2024,333,Commodity,524,Industry,483.0
259,2024,333,Commodity,532RL,Industry,2220.0
259,2024,333,Commodity,5411,Industry,21.0
259,2024,333,Commodity,5412OP,Industry,4101.0
259,2024,333,Commodity,5415,Industry,3153.0
259,2024,333,Commodity,55,Industry,525.0
259,2024,333,Commodity,561,Industry,7828.0
259,2024,333,Commodity,562,Industry,6349.0
259,2024,333,Commodity,61,Industry,2881.0
259,2024,333,Commodity,621,Industry,1892.0
259,2024,333,Commodity,622,Industry,1181.0
259,2024,333,Commodity,623,Industry,219.0
259,2024,333,Commodity,624,Industry,344.0
259,2024,333,Commodity,711AS,Industry,31.0
259,2024,333,Commodity,713,Industry,452.0
259,2024,333,Commodity,721,Industry,105.0
259,2024,333,Commodity,722,Industry,1288.0
259,2024,333,Commodity,81,Industry,10730.0
259,2024,333,Commodity,F010,Industry,50220.0
259,2024,333,Commodity,F02E,Industry,433823.0
259,2024,333,Commodity,F030,Industry,1499.0
259,2024,333,Commodity,F040,Industry,146544.0
259,2024,333,Commodity,F06E,Industry,2504.0
259,2024,333,Commodity,F07E,Industry,67.0
259,2024,333,Commodity,F10E,Industry,12648.0
259,2024,333,Commodity,GFE,Industry,44.0
259,2024,333,Commodity,GFGD,Industry,3303.0
259,2024,333,Commodity,GFGN,Industry,777.0
259,2024,333,Commodity,GSLE,Industry,4822.0
259,2024,333,Commodity,GSLG,Industry,8710.0
259,2024,333,Commodity,HS,Industry,89.0
259,2024,333,Commodity,ORE,Industry,332.0
259,2024,333,Commodity,T001,Industry,311329.0
259,2024,333,Commodity,T019,Industry,958632.0
259,2024,334,Commodity,111CA,Industry,41.0
259,2024,334,Commodity,113FF,Industry,1.0
259,2024,334,Commodity,211,Industry,109.0
259,2024,334,Commodity,212,Industry,33.0
259,2024,334,Commodity,213,Industry,97.0
259,2024,334,Commodity,22,Industry,125.0
259,2024,334,Commodity,23,Industry,12961.0
259,2024,334,Commodity,311FT,Industry,4032.0
259,2024,334,Commodity,313TT,Industry,419.0
259,2024,334,Commodity,315AL,Industry,13.0
259,2024,334,Commodity,321,Industry,1802.0
259,2024,334,Commodity,322,Industry,1063.0
259,2024,334,Commodity,323,Industry,1309.0
259,2024,334,Commodity,324,Industry,207.0
259,2024,334,Commodity,325,Industry,5910.0
259,2024,334,Commodity,326,Industry,2990.0
259,2024,334,Commodity,327,Industry,1004.0
259,2024,334,Commodity,331,Industry,2232.0
259,2024,334,Commodity,332,Industry,7804.0
259,2024,334,Commodity,333,Industry,7866.0
259,2024,334,Commodity,334,Industry,46573.0
259,2024,334,Commodity,335,Industry,5818.0
259,2024,334,Commodity,3361MV,Industry,30150.0
259,2024,334,Commodity,3364OT,Industry,23853.0
259,2024,334,Commodity,337,Industry,1216.0
259,2024,334,Commodity,339,Industry,2126.0
259,2024,334,Commodity,42,Industry,65653.0
259,2024,334,Commodity,441,Industry,2107.0
259,2024,334,Commodity,445,Industry,602.0
259,2024,334,Commodity,452,Industry,535.0
259,2024,334,Commodity,481,Industry,8.0
259,2024,334,Commodity,482,Industry,65.0
259,2024,334,Commodity,483,Industry,1.0
259,2024,334,Commodity,484,Industry,333.0
259,2024,334,Commodity,485,Industry,2.0
259,2024,334,Commodity,486,Industry,8.0
259,2024,334,Commodity,487OS,Industry,87.0
259,2024,334,Commodity,493,Industry,160.0
259,2024,334,Commodity,4A0,Industry,3085.0
259,2024,334,Commodity,511,Industry,3571.0
259,2024,334,Commodity,512,Industry,691.0
259,2024,334,Commodity,513,Industry,37994.0
259,2024,334,Commodity,514,Industry,11504.0
259,2024,334,Commodity,521CI,Industry,1928.0
259,2024,334,Commodity,523,Industry,3505.0
259,2024,334,Commodity,524,Industry,27.0
259,2024,334,Commodity,525,Industry,1883.0
259,2024,334,Commodity,532RL,Industry,379.0
259,2024,334,Commodity,5411,Industry,2711.0
259,2024,334,Commodity,5412OP,Industry,16370.0
259,2024,334,Commodity,5415,Industry,8326.0
259,2024,334,Commodity,55,Industry,27799.0
259,2024,334,Commodity,561,Industry,8015.0
259,2024,334,Commodity,562,Industry,1097.0
259,2024,334,Commodity,61,Industry,1620.0
259,2024,334,Commodity,621,Industry,14250.0
259,2024,334,Commodity,622,Industry,1936.0
259,2024,334,Commodity,623,Industry,275.0
259,2024,334,Commodity,624,Industry,826.0
259,2024,334,Commodity,711AS,Industry,45.0
259,2024,334,Commodity,713,Industry,320.0
259,2024,334,Commodity,721,Industry,462.0
259,2024,334,Commodity,722,Industry,356.0
259,2024,334,Commodity,81,Industry,5120.0
259,2024,334,Commodity,F010,Industry,234643.0
259,2024,334,Commodity,F02E,Industry,336423.0
259,2024,334,Commodity,F02R,Industry,491.0
259,2024,334,Commodity,F030,Industry,1609.0
259,2024,334,Commodity,F040,Industry,145433.0
259,2024,334,Commodity,F06E,Industry,21772.0
259,2024,334,Commodity,F07E,Industry,1508.0
259,2024,334,Commodity,F10E,Industry,4231.0
259,2024,334,Commodity,GFE,Industry,0.0
259,2024,334,Commodity,GFGD,Industry,32765.0
259,2024,334,Commodity,GFGN,Industry,9464.0
259,2024,334,Commodity,GSLE,Industry,3002.0
259,2024,334,Commodity,GSLG,Industry,4395.0
259,2024,334,Commodity,HS,Industry,1.0
259,2024,334,Commodity,ORE,Industry,686.0
259,2024,334,Commodity,T001,Industry,433721.0
259,2024,334,Commodity,T019,Industry,1.179832e6
259,2024,335,Commodity,111CA,Industry,5671.0
259,2024,335,Commodity,113FF,Industry,53.0
259,2024,335,Commodity,211,Industry,236.0
259,2024,335,Commodity,212,Industry,49.0
259,2024,335,Commodity,213,Industry,540.0
259,2024,335,Commodity,22,Industry,23.0
259,2024,335,Commodity,23,Industry,88844.0
259,2024,335,Commodity,311FT,Industry,2405.0
259,2024,335,Commodity,313TT,Industry,65.0
259,2024,335,Commodity,315AL,Industry,4.0
259,2024,335,Commodity,321,Industry,679.0
259,2024,335,Commodity,322,Industry,784.0
259,2024,335,Commodity,323,Industry,136.0
259,2024,335,Commodity,324,Industry,92.0
259,2024,335,Commodity,325,Industry,1560.0
259,2024,335,Commodity,326,Industry,1254.0
259,2024,335,Commodity,327,Industry,198.0
259,2024,335,Commodity,331,Industry,2268.0
259,2024,335,Commodity,332,Industry,4938.0
259,2024,335,Commodity,333,Industry,21811.0
259,2024,335,Commodity,334,Industry,2991.0
259,2024,335,Commodity,335,Industry,16701.0
259,2024,335,Commodity,3361MV,Industry,16377.0
259,2024,335,Commodity,3364OT,Industry,1730.0
259,2024,335,Commodity,337,Industry,156.0
259,2024,335,Commodity,339,Industry,961.0
259,2024,335,Commodity,42,Industry,7850.0
259,2024,335,Commodity,441,Industry,739.0
259,2024,335,Commodity,445,Industry,148.0
259,2024,335,Commodity,452,Industry,598.0
259,2024,335,Commodity,481,Industry,3.0
259,2024,335,Commodity,482,Industry,296.0
259,2024,335,Commodity,483,Industry,31.0
259,2024,335,Commodity,484,Industry,204.0
259,2024,335,Commodity,485,Industry,231.0
259,2024,335,Commodity,486,Industry,5.0
259,2024,335,Commodity,487OS,Industry,51.0
259,2024,335,Commodity,493,Industry,224.0
259,2024,335,Commodity,4A0,Industry,512.0
259,2024,335,Commodity,511,Industry,9.0
259,2024,335,Commodity,513,Industry,4843.0
259,2024,335,Commodity,514,Industry,512.0
259,2024,335,Commodity,521CI,Industry,218.0
259,2024,335,Commodity,523,Industry,148.0
259,2024,335,Commodity,524,Industry,115.0
259,2024,335,Commodity,532RL,Industry,872.0
259,2024,335,Commodity,5411,Industry,0.0
259,2024,335,Commodity,5412OP,Industry,8374.0
259,2024,335,Commodity,5415,Industry,4137.0
259,2024,335,Commodity,55,Industry,182.0
259,2024,335,Commodity,561,Industry,2797.0
259,2024,335,Commodity,562,Industry,1939.0
259,2024,335,Commodity,61,Industry,498.0
259,2024,335,Commodity,621,Industry,39.0
259,2024,335,Commodity,622,Industry,1359.0
259,2024,335,Commodity,623,Industry,866.0
259,2024,335,Commodity,624,Industry,1661.0
259,2024,335,Commodity,711AS,Industry,57.0
259,2024,335,Commodity,713,Industry,1194.0
259,2024,335,Commodity,721,Industry,926.0
259,2024,335,Commodity,722,Industry,1154.0
259,2024,335,Commodity,81,Industry,7323.0
259,2024,335,Commodity,F010,Industry,172695.0
259,2024,335,Commodity,F02E,Industry,72063.0
259,2024,335,Commodity,F02R,Industry,16069.0
259,2024,335,Commodity,F030,Industry,402.0
259,2024,335,Commodity,F040,Industry,50869.0
259,2024,335,Commodity,F06E,Industry,836.0
259,2024,335,Commodity,F07E,Industry,74.0
259,2024,335,Commodity,F10E,Industry,780.0
259,2024,335,Commodity,GFE,Industry,99.0
259,2024,335,Commodity,GFGD,Industry,5930.0
259,2024,335,Commodity,GFGN,Industry,7027.0
259,2024,335,Commodity,GSLE,Industry,7063.0
259,2024,335,Commodity,GSLG,Industry,2604.0
259,2024,335,Commodity,HS,Industry,10.0
259,2024,335,Commodity,ORE,Industry,1249.0
259,2024,335,Commodity,T001,Industry,244624.0
259,2024,335,Commodity,T019,Industry,558412.0
259,2024,3361MV,Commodity,111CA,Industry,1487.0
259,2024,3361MV,Commodity,113FF,Industry,77.0
259,2024,3361MV,Commodity,211,Industry,1897.0
259,2024,3361MV,Commodity,212,Industry,1190.0
259,2024,3361MV,Commodity,213,Industry,489.0
259,2024,3361MV,Commodity,22,Industry,49.0
259,2024,3361MV,Commodity,23,Industry,4685.0
259,2024,3361MV,Commodity,311FT,Industry,7796.0
259,2024,3361MV,Commodity,313TT,Industry,100.0
259,2024,3361MV,Commodity,315AL,Industry,3.0
259,2024,3361MV,Commodity,321,Industry,3524.0
259,2024,3361MV,Commodity,322,Industry,2151.0
259,2024,3361MV,Commodity,323,Industry,249.0
259,2024,3361MV,Commodity,324,Industry,133.0
259,2024,3361MV,Commodity,325,Industry,1971.0
259,2024,3361MV,Commodity,326,Industry,995.0
259,2024,3361MV,Commodity,327,Industry,1057.0
259,2024,3361MV,Commodity,331,Industry,1403.0
259,2024,3361MV,Commodity,332,Industry,2466.0
259,2024,3361MV,Commodity,333,Industry,15807.0
259,2024,3361MV,Commodity,334,Industry,1337.0
259,2024,3361MV,Commodity,335,Industry,1182.0
259,2024,3361MV,Commodity,3361MV,Industry,265581.0
259,2024,3361MV,Commodity,3364OT,Industry,4316.0
259,2024,3361MV,Commodity,337,Industry,710.0
259,2024,3361MV,Commodity,339,Industry,1025.0
259,2024,3361MV,Commodity,42,Industry,11836.0
259,2024,3361MV,Commodity,441,Industry,9822.0
259,2024,3361MV,Commodity,445,Industry,2984.0
259,2024,3361MV,Commodity,452,Industry,565.0
259,2024,3361MV,Commodity,482,Industry,88.0
259,2024,3361MV,Commodity,484,Industry,10708.0
259,2024,3361MV,Commodity,485,Industry,1239.0
259,2024,3361MV,Commodity,486,Industry,1.0
259,2024,3361MV,Commodity,487OS,Industry,182.0
259,2024,3361MV,Commodity,493,Industry,1872.0
259,2024,3361MV,Commodity,4A0,Industry,9091.0
259,2024,3361MV,Commodity,511,Industry,321.0
259,2024,3361MV,Commodity,512,Industry,135.0
259,2024,3361MV,Commodity,513,Industry,1261.0
259,2024,3361MV,Commodity,514,Industry,1005.0
259,2024,3361MV,Commodity,521CI,Industry,193.0
259,2024,3361MV,Commodity,523,Industry,46.0
259,2024,3361MV,Commodity,532RL,Industry,5846.0
259,2024,3361MV,Commodity,5412OP,Industry,5405.0
259,2024,3361MV,Commodity,5415,Industry,173.0
259,2024,3361MV,Commodity,55,Industry,809.0
259,2024,3361MV,Commodity,561,Industry,26016.0
259,2024,3361MV,Commodity,562,Industry,2350.0
259,2024,3361MV,Commodity,61,Industry,2147.0
259,2024,3361MV,Commodity,621,Industry,1340.0
259,2024,3361MV,Commodity,622,Industry,3196.0
259,2024,3361MV,Commodity,623,Industry,243.0
259,2024,3361MV,Commodity,624,Industry,3581.0
259,2024,3361MV,Commodity,711AS,Industry,249.0
259,2024,3361MV,Commodity,713,Industry,299.0
259,2024,3361MV,Commodity,721,Industry,301.0
259,2024,3361MV,Commodity,722,Industry,2527.0
259,2024,3361MV,Commodity,81,Industry,23319.0
259,2024,3361MV,Commodity,F010,Industry,484922.0
259,2024,3361MV,Commodity,F02E,Industry,405803.0
259,2024,3361MV,Commodity,F030,Industry,17643.0
259,2024,3361MV,Commodity,F040,Industry,128178.0
259,2024,3361MV,Commodity,F06E,Industry,42349.0
259,2024,3361MV,Commodity,F07E,Industry,20292.0
259,2024,3361MV,Commodity,F10E,Industry,63409.0
259,2024,3361MV,Commodity,GFE,Industry,3753.0
259,2024,3361MV,Commodity,GFGD,Industry,14790.0
259,2024,3361MV,Commodity,GFGN,Industry,345.0
259,2024,3361MV,Commodity,GSLE,Industry,2987.0
259,2024,3361MV,Commodity,GSLG,Industry,15942.0
259,2024,3361MV,Commodity,T001,Industry,488647.0
259,2024,3361MV,Commodity,T019,Industry,1.651244e6
259,2024,3364OT,Commodity,113FF,Industry,1.0
259,2024,3364OT,Commodity,212,Industry,1.0
259,2024,3364OT,Commodity,23,Industry,8.0
259,2024,3364OT,Commodity,321,Industry,22.0
259,2024,3364OT,Commodity,332,Industry,90.0
259,2024,3364OT,Commodity,333,Industry,392.0
259,2024,3364OT,Commodity,3361MV,Industry,946.0
259,2024,3364OT,Commodity,3364OT,Industry,87166.0
259,2024,3364OT,Commodity,42,Industry,0.0
259,2024,3364OT,Commodity,441,Industry,0.0
259,2024,3364OT,Commodity,481,Industry,1679.0
259,2024,3364OT,Commodity,482,Industry,1445.0
259,2024,3364OT,Commodity,483,Industry,1390.0
259,2024,3364OT,Commodity,484,Industry,28.0
259,2024,3364OT,Commodity,485,Industry,219.0
259,2024,3364OT,Commodity,487OS,Industry,2641.0
259,2024,3364OT,Commodity,513,Industry,7.0
259,2024,3364OT,Commodity,5412OP,Industry,2101.0
259,2024,3364OT,Commodity,55,Industry,57.0
259,2024,3364OT,Commodity,561,Industry,99.0
259,2024,3364OT,Commodity,562,Industry,109.0
259,2024,3364OT,Commodity,624,Industry,0.0
259,2024,3364OT,Commodity,713,Industry,128.0
259,2024,3364OT,Commodity,81,Industry,0.0
259,2024,3364OT,Commodity,F010,Industry,61278.0
259,2024,3364OT,Commodity,F02E,Industry,74783.0
259,2024,3364OT,Commodity,F030,Industry,6353.0
259,2024,3364OT,Commodity,F040,Industry,120816.0
259,2024,3364OT,Commodity,F06E,Industry,39904.0
259,2024,3364OT,Commodity,F07E,Industry,3085.0
259,2024,3364OT,Commodity,F10E,Industry,275.0
259,2024,3364OT,Commodity,GFE,Industry,6.0
259,2024,3364OT,Commodity,GFGD,Industry,52232.0
259,2024,3364OT,Commodity,GFGN,Industry,1493.0
259,2024,3364OT,Commodity,GSLE,Industry,193.0
259,2024,3364OT,Commodity,GSLG,Industry,0.0
259,2024,3364OT,Commodity,T001,Industry,152452.0
259,2024,3364OT,Commodity,T019,Industry,458945.0
259,2024,337,Commodity,111CA,Industry,0.0
259,2024,337,Commodity,23,Industry,35163.0
259,2024,337,Commodity,321,Industry,365.0
259,2024,337,Commodity,322,Industry,0.0
259,2024,337,Commodity,326,Industry,312.0
259,2024,337,Commodity,327,Industry,0.0
259,2024,337,Commodity,333,Industry,226.0
259,2024,337,Commodity,334,Industry,156.0
259,2024,337,Commodity,335,Industry,2.0
259,2024,337,Commodity,3361MV,Industry,24.0
259,2024,337,Commodity,3364OT,Industry,13.0
259,2024,337,Commodity,337,Industry,4224.0
259,2024,337,Commodity,339,Industry,256.0
259,2024,337,Commodity,42,Industry,911.0
259,2024,337,Commodity,441,Industry,223.0
259,2024,337,Commodity,452,Industry,15.0
259,2024,337,Commodity,483,Industry,0.0
259,2024,337,Commodity,487OS,Industry,0.0
259,2024,337,Commodity,4A0,Industry,1836.0
259,2024,337,Commodity,511,Industry,1.0
259,2024,337,Commodity,513,Industry,96.0
259,2024,337,Commodity,514,Industry,431.0
259,2024,337,Commodity,532RL,Industry,0.0
259,2024,337,Commodity,5411,Industry,8.0
259,2024,337,Commodity,5412OP,Industry,634.0
259,2024,337,Commodity,5415,Industry,3.0
259,2024,337,Commodity,55,Industry,7.0
259,2024,337,Commodity,561,Industry,4.0
259,2024,337,Commodity,621,Industry,463.0
259,2024,337,Commodity,622,Industry,161.0
259,2024,337,Commodity,623,Industry,1.0
259,2024,337,Commodity,624,Industry,323.0
259,2024,337,Commodity,711AS,Industry,1226.0
259,2024,337,Commodity,713,Industry,757.0
259,2024,337,Commodity,721,Industry,3.0
259,2024,337,Commodity,722,Industry,439.0
259,2024,337,Commodity,81,Industry,600.0
259,2024,337,Commodity,F010,Industry,151397.0
259,2024,337,Commodity,F02E,Industry,46256.0
259,2024,337,Commodity,F02R,Industry,1239.0
259,2024,337,Commodity,F030,Industry,165.0
259,2024,337,Commodity,F040,Industry,5404.0
259,2024,337,Commodity,F06E,Industry,0.0
259,2024,337,Commodity,F07E,Industry,1.0
259,2024,337,Commodity,F10E,Industry,814.0
259,2024,337,Commodity,GFE,Industry,44.0
259,2024,337,Commodity,GSLE,Industry,2398.0
259,2024,337,Commodity,GSLG,Industry,25.0
259,2024,337,Commodity,HS,Industry,7938.0
259,2024,337,Commodity,ORE,Industry,68.0
259,2024,337,Commodity,T001,Industry,59356.0
259,2024,337,Commodity,T019,Industry,264633.0
259,2024,339,Commodity,111CA,Industry,114.0
259,2024,339,Commodity,113FF,Industry,1.0
259,2024,339,Commodity,211,Industry,74.0
259,2024,339,Commodity,212,Industry,43.0
259,2024,339,Commodity,213,Industry,18.0
259,2024,339,Commodity,23,Industry,2341.0
259,2024,339,Commodity,311FT,Industry,57.0
259,2024,339,Commodity,313TT,Industry,8.0
259,2024,339,Commodity,315AL,Industry,156.0
259,2024,339,Commodity,321,Industry,32.0
259,2024,339,Commodity,322,Industry,0.0
259,2024,339,Commodity,323,Industry,5.0
259,2024,339,Commodity,324,Industry,1.0
259,2024,339,Commodity,325,Industry,454.0
259,2024,339,Commodity,326,Industry,218.0
259,2024,339,Commodity,327,Industry,77.0
259,2024,339,Commodity,331,Industry,38.0
259,2024,339,Commodity,332,Industry,95.0
259,2024,339,Commodity,333,Industry,2491.0
259,2024,339,Commodity,334,Industry,1.0
259,2024,339,Commodity,335,Industry,711.0
259,2024,339,Commodity,3361MV,Industry,3226.0
259,2024,339,Commodity,3364OT,Industry,12.0
259,2024,339,Commodity,337,Industry,6.0
259,2024,339,Commodity,339,Industry,5830.0
259,2024,339,Commodity,42,Industry,1227.0
259,2024,339,Commodity,441,Industry,533.0
259,2024,339,Commodity,445,Industry,184.0
259,2024,339,Commodity,452,Industry,5.0
259,2024,339,Commodity,481,Industry,0.0
259,2024,339,Commodity,482,Industry,2.0
259,2024,339,Commodity,484,Industry,13.0
259,2024,339,Commodity,485,Industry,26.0
259,2024,339,Commodity,486,Industry,0.0
259,2024,339,Commodity,487OS,Industry,126.0
259,2024,339,Commodity,493,Industry,152.0
259,2024,339,Commodity,4A0,Industry,1281.0
259,2024,339,Commodity,511,Industry,5.0
259,2024,339,Commodity,512,Industry,4.0
259,2024,339,Commodity,513,Industry,86.0
259,2024,339,Commodity,514,Industry,113.0
259,2024,339,Commodity,521CI,Industry,86.0
259,2024,339,Commodity,523,Industry,55.0
259,2024,339,Commodity,524,Industry,22.0
259,2024,339,Commodity,532RL,Industry,99.0
259,2024,339,Commodity,5411,Industry,10.0
259,2024,339,Commodity,5412OP,Industry,3050.0
259,2024,339,Commodity,5415,Industry,20.0
259,2024,339,Commodity,55,Industry,8.0
259,2024,339,Commodity,561,Industry,3052.0
259,2024,339,Commodity,562,Industry,477.0
259,2024,339,Commodity,61,Industry,364.0
259,2024,339,Commodity,621,Industry,29990.0
259,2024,339,Commodity,622,Industry,40713.0
259,2024,339,Commodity,623,Industry,674.0
259,2024,339,Commodity,624,Industry,1516.0
259,2024,339,Commodity,711AS,Industry,353.0
259,2024,339,Commodity,713,Industry,258.0
259,2024,339,Commodity,721,Industry,45.0
259,2024,339,Commodity,722,Industry,1397.0
259,2024,339,Commodity,81,Industry,4439.0
259,2024,339,Commodity,F010,Industry,358043.0
259,2024,339,Commodity,F02E,Industry,81109.0
259,2024,339,Commodity,F030,Industry,1232.0
259,2024,339,Commodity,F040,Industry,53466.0
259,2024,339,Commodity,F06E,Industry,64.0
259,2024,339,Commodity,F07E,Industry,7.0
259,2024,339,Commodity,F10E,Industry,1032.0
259,2024,339,Commodity,GFGD,Industry,3015.0
259,2024,339,Commodity,GFGN,Industry,580.0
259,2024,339,Commodity,GSLE,Industry,113.0
259,2024,339,Commodity,GSLG,Industry,9117.0
259,2024,339,Commodity,HS,Industry,0.0
259,2024,339,Commodity,ORE,Industry,329.0
259,2024,339,Commodity,T001,Industry,119550.0
259,2024,339,Commodity,T019,Industry,614501.0
259,2024,42,Commodity,111CA,Industry,1312.0
259,2024,42,Commodity,113FF,Industry,7.0
259,2024,42,Commodity,211,Industry,699.0
259,2024,42,Commodity,212,Industry,63.0
259,2024,42,Commodity,22,Industry,1439.0
259,2024,42,Commodity,23,Industry,160.0
259,2024,42,Commodity,311FT,Industry,4483.0
259,2024,42,Commodity,313TT,Industry,69.0
259,2024,42,Commodity,315AL,Industry,28.0
259,2024,42,Commodity,321,Industry,370.0
259,2024,42,Commodity,322,Industry,1388.0
259,2024,42,Commodity,323,Industry,109.0
259,2024,42,Commodity,324,Industry,90.0
259,2024,42,Commodity,325,Industry,3527.0
259,2024,42,Commodity,326,Industry,4232.0
259,2024,42,Commodity,327,Industry,449.0
259,2024,42,Commodity,331,Industry,1052.0
259,2024,42,Commodity,332,Industry,1046.0
259,2024,42,Commodity,333,Industry,1853.0
259,2024,42,Commodity,334,Industry,812.0
259,2024,42,Commodity,335,Industry,2100.0
259,2024,42,Commodity,3361MV,Industry,4732.0
259,2024,42,Commodity,3364OT,Industry,28.0
259,2024,42,Commodity,337,Industry,269.0
259,2024,42,Commodity,339,Industry,1364.0
259,2024,42,Commodity,42,Industry,49422.0
259,2024,42,Commodity,441,Industry,4014.0
259,2024,42,Commodity,445,Industry,816.0
259,2024,42,Commodity,452,Industry,25.0
259,2024,42,Commodity,481,Industry,245.0
259,2024,42,Commodity,484,Industry,160.0
259,2024,42,Commodity,485,Industry,0.0
259,2024,42,Commodity,486,Industry,5.0
259,2024,42,Commodity,487OS,Industry,0.0
259,2024,42,Commodity,4A0,Industry,17829.0
259,2024,42,Commodity,511,Industry,638.0
259,2024,42,Commodity,512,Industry,18.0
259,2024,42,Commodity,513,Industry,2196.0
259,2024,42,Commodity,514,Industry,103.0
259,2024,42,Commodity,521CI,Industry,15.0
259,2024,42,Commodity,523,Industry,37.0
259,2024,42,Commodity,524,Industry,23.0
259,2024,42,Commodity,525,Industry,6.0
259,2024,42,Commodity,532RL,Industry,15750.0
259,2024,42,Commodity,5415,Industry,413.0
259,2024,42,Commodity,561,Industry,105.0
259,2024,42,Commodity,562,Industry,50.0
259,2024,42,Commodity,61,Industry,21.0
259,2024,42,Commodity,621,Industry,135.0
259,2024,42,Commodity,622,Industry,39.0
259,2024,42,Commodity,623,Industry,0.0
259,2024,42,Commodity,713,Industry,55.0
259,2024,42,Commodity,721,Industry,0.0
259,2024,42,Commodity,722,Industry,131.0
259,2024,42,Commodity,81,Industry,91.0
259,2024,42,Commodity,F040,Industry,3687.0
259,2024,42,Commodity,GFE,Industry,3.0
259,2024,42,Commodity,GSLG,Industry,38.0
259,2024,42,Commodity,T001,Industry,124064.0
259,2024,42,Commodity,T019,Industry,127751.0
259,2024,481,Commodity,211,Industry,1.0
259,2024,481,Commodity,212,Industry,7.0
259,2024,481,Commodity,213,Industry,101.0
259,2024,481,Commodity,22,Industry,445.0
259,2024,481,Commodity,23,Industry,304.0
259,2024,481,Commodity,311FT,Industry,275.0
259,2024,481,Commodity,313TT,Industry,7.0
259,2024,481,Commodity,315AL,Industry,1.0
259,2024,481,Commodity,321,Industry,120.0
259,2024,481,Commodity,322,Industry,117.0
259,2024,481,Commodity,323,Industry,93.0
259,2024,481,Commodity,324,Industry,24.0
259,2024,481,Commodity,325,Industry,93.0
259,2024,481,Commodity,326,Industry,195.0
259,2024,481,Commodity,327,Industry,153.0
259,2024,481,Commodity,331,Industry,124.0
259,2024,481,Commodity,332,Industry,225.0
259,2024,481,Commodity,333,Industry,125.0
259,2024,481,Commodity,334,Industry,15.0
259,2024,481,Commodity,335,Industry,19.0
259,2024,481,Commodity,3361MV,Industry,138.0
259,2024,481,Commodity,3364OT,Industry,29.0
259,2024,481,Commodity,337,Industry,59.0
259,2024,481,Commodity,339,Industry,61.0
259,2024,481,Commodity,42,Industry,6298.0
259,2024,481,Commodity,441,Industry,199.0
259,2024,481,Commodity,445,Industry,52.0
259,2024,481,Commodity,452,Industry,40.0
259,2024,481,Commodity,481,Industry,430.0
259,2024,481,Commodity,482,Industry,17.0
259,2024,481,Commodity,483,Industry,211.0
259,2024,481,Commodity,484,Industry,3255.0
259,2024,481,Commodity,485,Industry,94.0
259,2024,481,Commodity,486,Industry,11.0
259,2024,481,Commodity,487OS,Industry,1697.0
259,2024,481,Commodity,493,Industry,383.0
259,2024,481,Commodity,4A0,Industry,467.0
259,2024,481,Commodity,511,Industry,270.0
259,2024,481,Commodity,512,Industry,151.0
259,2024,481,Commodity,513,Industry,313.0
259,2024,481,Commodity,514,Industry,1564.0
259,2024,481,Commodity,521CI,Industry,3347.0
259,2024,481,Commodity,523,Industry,2424.0
259,2024,481,Commodity,524,Industry,109.0
259,2024,481,Commodity,525,Industry,340.0
259,2024,481,Commodity,532RL,Industry,1570.0
259,2024,481,Commodity,5411,Industry,558.0
259,2024,481,Commodity,5412OP,Industry,3221.0
259,2024,481,Commodity,5415,Industry,2751.0
259,2024,481,Commodity,55,Industry,284.0
259,2024,481,Commodity,561,Industry,3065.0
259,2024,481,Commodity,562,Industry,378.0
259,2024,481,Commodity,61,Industry,682.0
259,2024,481,Commodity,621,Industry,2745.0
259,2024,481,Commodity,622,Industry,323.0
259,2024,481,Commodity,623,Industry,267.0
259,2024,481,Commodity,624,Industry,533.0
259,2024,481,Commodity,711AS,Industry,117.0
259,2024,481,Commodity,713,Industry,276.0
259,2024,481,Commodity,721,Industry,136.0
259,2024,481,Commodity,722,Industry,2098.0
259,2024,481,Commodity,81,Industry,554.0
259,2024,481,Commodity,F010,Industry,263949.0
259,2024,481,Commodity,F040,Industry,47412.0
259,2024,481,Commodity,GFE,Industry,499.0
259,2024,481,Commodity,GFGD,Industry,6657.0
259,2024,481,Commodity,GFGN,Industry,4687.0
259,2024,481,Commodity,GSLE,Industry,80.0
259,2024,481,Commodity,GSLG,Industry,3044.0
259,2024,481,Commodity,HS,Industry,2.0
259,2024,481,Commodity,ORE,Industry,8877.0
259,2024,481,Commodity,T001,Industry,67812.0
259,2024,481,Commodity,T019,Industry,379173.0
259,2024,482,Commodity,22,Industry,135.0
259,2024,482,Commodity,23,Industry,1.0
259,2024,482,Commodity,323,Industry,1.0
259,2024,482,Commodity,326,Industry,0.0
259,2024,482,Commodity,339,Industry,0.0
259,2024,482,Commodity,42,Industry,119.0
259,2024,482,Commodity,441,Industry,8.0
259,2024,482,Commodity,445,Industry,7.0
259,2024,482,Commodity,481,Industry,0.0
259,2024,482,Commodity,482,Industry,27.0
259,2024,482,Commodity,484,Industry,4965.0
259,2024,482,Commodity,486,Industry,7.0
259,2024,482,Commodity,487OS,Industry,196.0
259,2024,482,Commodity,493,Industry,7.0
259,2024,482,Commodity,4A0,Industry,49.0
259,2024,482,Commodity,513,Industry,146.0
259,2024,482,Commodity,514,Industry,2.0
259,2024,482,Commodity,521CI,Industry,6.0
259,2024,482,Commodity,523,Industry,5.0
259,2024,482,Commodity,524,Industry,9.0
259,2024,482,Commodity,532RL,Industry,21.0
259,2024,482,Commodity,5411,Industry,26.0
259,2024,482,Commodity,5412OP,Industry,259.0
259,2024,482,Commodity,5415,Industry,18.0
259,2024,482,Commodity,55,Industry,2.0
259,2024,482,Commodity,561,Industry,121.0
259,2024,482,Commodity,621,Industry,9.0
259,2024,482,Commodity,622,Industry,41.0
259,2024,482,Commodity,81,Industry,15.0
259,2024,482,Commodity,F010,Industry,1580.0
259,2024,482,Commodity,F040,Industry,1397.0
259,2024,482,Commodity,GFE,Industry,791.0
259,2024,482,Commodity,GFGD,Industry,197.0
259,2024,482,Commodity,GFGN,Industry,158.0
259,2024,482,Commodity,GSLG,Industry,344.0
259,2024,482,Commodity,T001,Industry,7690.0
259,2024,482,Commodity,T019,Industry,10668.0
259,2024,483,Commodity,22,Industry,0.0
259,2024,483,Commodity,23,Industry,0.0
259,2024,483,Commodity,325,Industry,0.0
259,2024,483,Commodity,333,Industry,0.0
259,2024,483,Commodity,42,Industry,0.0
259,2024,483,Commodity,441,Industry,0.0
259,2024,483,Commodity,486,Industry,9.0
259,2024,483,Commodity,513,Industry,0.0
259,2024,483,Commodity,532RL,Industry,0.0
259,2024,483,Commodity,5412OP,Industry,279.0
259,2024,483,Commodity,55,Industry,38.0
259,2024,483,Commodity,561,Industry,0.0
259,2024,483,Commodity,562,Industry,0.0
259,2024,483,Commodity,61,Industry,93.0
259,2024,483,Commodity,621,Industry,0.0
259,2024,483,Commodity,622,Industry,11.0
259,2024,483,Commodity,624,Industry,0.0
259,2024,483,Commodity,711AS,Industry,0.0
259,2024,483,Commodity,81,Industry,0.0
259,2024,483,Commodity,F010,Industry,31379.0
259,2024,483,Commodity,F040,Industry,5726.0
259,2024,483,Commodity,GFE,Industry,1407.0
259,2024,483,Commodity,GFGD,Industry,2690.0
259,2024,483,Commodity,GFGN,Industry,190.0
259,2024,483,Commodity,GSLG,Industry,366.0
259,2024,483,Commodity,T001,Industry,5083.0
259,2024,483,Commodity,T019,Industry,42188.0
259,2024,484,Commodity,111CA,Industry,189.0
259,2024,484,Commodity,213,Industry,87.0
259,2024,484,Commodity,22,Industry,0.0
259,2024,484,Commodity,311FT,Industry,166.0
259,2024,484,Commodity,313TT,Industry,42.0
259,2024,484,Commodity,315AL,Industry,15.0
259,2024,484,Commodity,321,Industry,99.0
259,2024,484,Commodity,322,Industry,208.0
259,2024,484,Commodity,323,Industry,58.0
259,2024,484,Commodity,324,Industry,60.0
259,2024,484,Commodity,325,Industry,99.0
259,2024,484,Commodity,326,Industry,226.0
259,2024,484,Commodity,327,Industry,90.0
259,2024,484,Commodity,331,Industry,157.0
259,2024,484,Commodity,332,Industry,313.0
259,2024,484,Commodity,333,Industry,123.0
259,2024,484,Commodity,334,Industry,43.0
259,2024,484,Commodity,335,Industry,58.0
259,2024,484,Commodity,3361MV,Industry,124.0
259,2024,484,Commodity,3364OT,Industry,62.0
259,2024,484,Commodity,337,Industry,74.0
259,2024,484,Commodity,339,Industry,162.0
259,2024,484,Commodity,42,Industry,6048.0
259,2024,484,Commodity,441,Industry,3496.0
259,2024,484,Commodity,445,Industry,1361.0
259,2024,484,Commodity,452,Industry,647.0
259,2024,484,Commodity,481,Industry,1705.0
259,2024,484,Commodity,482,Industry,160.0
259,2024,484,Commodity,483,Industry,115.0
259,2024,484,Commodity,484,Industry,15781.0
259,2024,484,Commodity,485,Industry,293.0
259,2024,484,Commodity,486,Industry,47.0
259,2024,484,Commodity,487OS,Industry,5449.0
259,2024,484,Commodity,493,Industry,1305.0
259,2024,484,Commodity,4A0,Industry,7293.0
259,2024,484,Commodity,511,Industry,68.0
259,2024,484,Commodity,512,Industry,56.0
259,2024,484,Commodity,513,Industry,2.0
259,2024,484,Commodity,514,Industry,394.0
259,2024,484,Commodity,521CI,Industry,0.0
259,2024,484,Commodity,523,Industry,0.0
259,2024,484,Commodity,524,Industry,11.0
259,2024,484,Commodity,525,Industry,5.0
259,2024,484,Commodity,532RL,Industry,644.0
259,2024,484,Commodity,5411,Industry,81.0
259,2024,484,Commodity,5412OP,Industry,1338.0
259,2024,484,Commodity,5415,Industry,118.0
259,2024,484,Commodity,55,Industry,7.0
259,2024,484,Commodity,561,Industry,342.0
259,2024,484,Commodity,562,Industry,66.0
259,2024,484,Commodity,61,Industry,25.0
259,2024,484,Commodity,621,Industry,271.0
259,2024,484,Commodity,622,Industry,485.0
259,2024,484,Commodity,623,Industry,34.0
259,2024,484,Commodity,624,Industry,79.0
259,2024,484,Commodity,711AS,Industry,44.0
259,2024,484,Commodity,713,Industry,10.0
259,2024,484,Commodity,721,Industry,15.0
259,2024,484,Commodity,722,Industry,256.0
259,2024,484,Commodity,81,Industry,217.0
259,2024,484,Commodity,F010,Industry,13531.0
259,2024,484,Commodity,F040,Industry,1773.0
259,2024,484,Commodity,GFE,Industry,1115.0
259,2024,484,Commodity,GFGD,Industry,6227.0
259,2024,484,Commodity,GFGN,Industry,77.0
259,2024,484,Commodity,GSLE,Industry,24.0
259,2024,484,Commodity,GSLG,Industry,456.0
259,2024,484,Commodity,T001,Industry,58623.0
259,2024,484,Commodity,T019,Industry,73927.0
259,2024,485,Commodity,113FF,Industry,1.0
259,2024,485,Commodity,211,Industry,2.0
259,2024,485,Commodity,212,Industry,7.0
259,2024,485,Commodity,213,Industry,122.0
259,2024,485,Commodity,22,Industry,924.0
259,2024,485,Commodity,23,Industry,1698.0
259,2024,485,Commodity,311FT,Industry,361.0
259,2024,485,Commodity,313TT,Industry,8.0
259,2024,485,Commodity,315AL,Industry,2.0
259,2024,485,Commodity,321,Industry,153.0
259,2024,485,Commodity,322,Industry,152.0
259,2024,485,Commodity,323,Industry,112.0
259,2024,485,Commodity,324,Industry,30.0
259,2024,485,Commodity,325,Industry,122.0
259,2024,485,Commodity,326,Industry,238.0
259,2024,485,Commodity,327,Industry,194.0
259,2024,485,Commodity,331,Industry,161.0
259,2024,485,Commodity,332,Industry,285.0
259,2024,485,Commodity,333,Industry,164.0
259,2024,485,Commodity,334,Industry,19.0
259,2024,485,Commodity,335,Industry,21.0
259,2024,485,Commodity,3361MV,Industry,172.0
259,2024,485,Commodity,3364OT,Industry,36.0
259,2024,485,Commodity,337,Industry,73.0
259,2024,485,Commodity,339,Industry,89.0
259,2024,485,Commodity,42,Industry,2909.0
259,2024,485,Commodity,441,Industry,267.0
259,2024,485,Commodity,445,Industry,10.0
259,2024,485,Commodity,452,Industry,38.0
259,2024,485,Commodity,481,Industry,3.0
259,2024,485,Commodity,482,Industry,365.0
259,2024,485,Commodity,484,Industry,0.0
259,2024,485,Commodity,486,Industry,7.0
259,2024,485,Commodity,487OS,Industry,302.0
259,2024,485,Commodity,493,Industry,9.0
259,2024,485,Commodity,4A0,Industry,304.0
259,2024,485,Commodity,511,Industry,391.0
259,2024,485,Commodity,512,Industry,177.0
259,2024,485,Commodity,513,Industry,717.0
259,2024,485,Commodity,514,Industry,2569.0
259,2024,485,Commodity,521CI,Industry,5739.0
259,2024,485,Commodity,523,Industry,3430.0
259,2024,485,Commodity,524,Industry,1428.0
259,2024,485,Commodity,525,Industry,486.0
259,2024,485,Commodity,532RL,Industry,2362.0
259,2024,485,Commodity,5411,Industry,1054.0
259,2024,485,Commodity,5412OP,Industry,6534.0
259,2024,485,Commodity,5415,Industry,4678.0
259,2024,485,Commodity,55,Industry,446.0
259,2024,485,Commodity,561,Industry,4678.0
259,2024,485,Commodity,562,Industry,480.0
259,2024,485,Commodity,61,Industry,1257.0
259,2024,485,Commodity,621,Industry,5363.0
259,2024,485,Commodity,622,Industry,6423.0
259,2024,485,Commodity,623,Industry,1194.0
259,2024,485,Commodity,624,Industry,641.0
259,2024,485,Commodity,711AS,Industry,4215.0
259,2024,485,Commodity,713,Industry,263.0
259,2024,485,Commodity,721,Industry,221.0
259,2024,485,Commodity,722,Industry,3388.0
259,2024,485,Commodity,81,Industry,773.0
259,2024,485,Commodity,F010,Industry,84240.0
259,2024,485,Commodity,GFE,Industry,26.0
259,2024,485,Commodity,GFGD,Industry,104.0
259,2024,485,Commodity,GFGN,Industry,22.0
259,2024,485,Commodity,GSLE,Industry,1802.0
259,2024,485,Commodity,GSLG,Industry,24758.0
259,2024,485,Commodity,HS,Industry,9.0
259,2024,485,Commodity,ORE,Industry,13887.0
259,2024,485,Commodity,T001,Industry,108873.0
259,2024,485,Commodity,T019,Industry,193113.0
259,2024,486,Commodity,211,Industry,398.0
259,2024,486,Commodity,F040,Industry,266.0
259,2024,486,Commodity,T001,Industry,398.0
259,2024,486,Commodity,T019,Industry,664.0
259,2024,487OS,Commodity,113FF,Industry,61.0
259,2024,487OS,Commodity,211,Industry,27.0
259,2024,487OS,Commodity,212,Industry,528.0
259,2024,487OS,Commodity,213,Industry,5.0
259,2024,487OS,Commodity,22,Industry,6475.0
259,2024,487OS,Commodity,23,Industry,0.0
259,2024,487OS,Commodity,311FT,Industry,481.0
259,2024,487OS,Commodity,313TT,Industry,49.0
259,2024,487OS,Commodity,321,Industry,927.0
259,2024,487OS,Commodity,322,Industry,727.0
259,2024,487OS,Commodity,323,Industry,329.0
259,2024,487OS,Commodity,324,Industry,349.0
259,2024,487OS,Commodity,325,Industry,139.0
259,2024,487OS,Commodity,326,Industry,543.0
259,2024,487OS,Commodity,327,Industry,1056.0
259,2024,487OS,Commodity,331,Industry,147.0
259,2024,487OS,Commodity,332,Industry,68.0
259,2024,487OS,Commodity,333,Industry,13.0
259,2024,487OS,Commodity,334,Industry,0.0
259,2024,487OS,Commodity,335,Industry,3.0
259,2024,487OS,Commodity,3361MV,Industry,11.0
259,2024,487OS,Commodity,3364OT,Industry,0.0
259,2024,487OS,Commodity,337,Industry,217.0
259,2024,487OS,Commodity,339,Industry,109.0
259,2024,487OS,Commodity,42,Industry,85941.0
259,2024,487OS,Commodity,441,Industry,3661.0
259,2024,487OS,Commodity,445,Industry,2046.0
259,2024,487OS,Commodity,452,Industry,532.0
259,2024,487OS,Commodity,481,Industry,33208.0
259,2024,487OS,Commodity,482,Industry,1200.0
259,2024,487OS,Commodity,483,Industry,5304.0
259,2024,487OS,Commodity,484,Industry,63845.0
259,2024,487OS,Commodity,485,Industry,2470.0
259,2024,487OS,Commodity,486,Industry,1201.0
259,2024,487OS,Commodity,487OS,Industry,42266.0
259,2024,487OS,Commodity,493,Industry,6764.0
259,2024,487OS,Commodity,4A0,Industry,21838.0
259,2024,487OS,Commodity,511,Industry,1030.0
259,2024,487OS,Commodity,512,Industry,878.0
259,2024,487OS,Commodity,513,Industry,135.0
259,2024,487OS,Commodity,514,Industry,5962.0
259,2024,487OS,Commodity,521CI,Industry,996.0
259,2024,487OS,Commodity,523,Industry,6204.0
259,2024,487OS,Commodity,524,Industry,126.0
259,2024,487OS,Commodity,532RL,Industry,9381.0
259,2024,487OS,Commodity,5411,Industry,814.0
259,2024,487OS,Commodity,5412OP,Industry,9029.0
259,2024,487OS,Commodity,5415,Industry,1467.0
259,2024,487OS,Commodity,55,Industry,588.0
259,2024,487OS,Commodity,561,Industry,3560.0
259,2024,487OS,Commodity,562,Industry,2120.0
259,2024,487OS,Commodity,61,Industry,441.0
259,2024,487OS,Commodity,621,Industry,3764.0
259,2024,487OS,Commodity,622,Industry,7354.0
259,2024,487OS,Commodity,623,Industry,567.0
259,2024,487OS,Commodity,624,Industry,1746.0
259,2024,487OS,Commodity,711AS,Industry,976.0
259,2024,487OS,Commodity,713,Industry,1110.0
259,2024,487OS,Commodity,721,Industry,153.0
259,2024,487OS,Commodity,722,Industry,1908.0
259,2024,487OS,Commodity,81,Industry,1790.0
259,2024,487OS,Commodity,F010,Industry,25891.0
259,2024,487OS,Commodity,F040,Industry,16780.0
259,2024,487OS,Commodity,GFE,Industry,1167.0
259,2024,487OS,Commodity,GFGD,Industry,5.0
259,2024,487OS,Commodity,GFGN,Industry,245.0
259,2024,487OS,Commodity,GSLE,Industry,4253.0
259,2024,487OS,Commodity,GSLG,Industry,1349.0
259,2024,487OS,Commodity,T001,Industry,351662.0
259,2024,487OS,Commodity,T019,Industry,394334.0
259,2024,493,Commodity,111CA,Industry,1123.0
259,2024,493,Commodity,211,Industry,8.0
259,2024,493,Commodity,212,Industry,158.0
259,2024,493,Commodity,22,Industry,617.0
259,2024,493,Commodity,311FT,Industry,4332.0
259,2024,493,Commodity,313TT,Industry,1063.0
259,2024,493,Commodity,315AL,Industry,236.0
259,2024,493,Commodity,321,Industry,1573.0
259,2024,493,Commodity,322,Industry,3123.0
259,2024,493,Commodity,323,Industry,997.0
259,2024,493,Commodity,324,Industry,284.0
259,2024,493,Commodity,325,Industry,2084.0
259,2024,493,Commodity,326,Industry,3691.0
259,2024,493,Commodity,327,Industry,2270.0
259,2024,493,Commodity,331,Industry,119.0
259,2024,493,Commodity,332,Industry,668.0
259,2024,493,Commodity,333,Industry,403.0
259,2024,493,Commodity,334,Industry,368.0
259,2024,493,Commodity,335,Industry,117.0
259,2024,493,Commodity,3361MV,Industry,136.0
259,2024,493,Commodity,3364OT,Industry,110.0
259,2024,493,Commodity,337,Industry,119.0
259,2024,493,Commodity,339,Industry,396.0
259,2024,493,Commodity,42,Industry,44009.0
259,2024,493,Commodity,441,Industry,15453.0
259,2024,493,Commodity,445,Industry,8925.0
259,2024,493,Commodity,452,Industry,4423.0
259,2024,493,Commodity,481,Industry,108.0
259,2024,493,Commodity,482,Industry,2.0
259,2024,493,Commodity,483,Industry,1083.0
259,2024,493,Commodity,484,Industry,6616.0
259,2024,493,Commodity,485,Industry,551.0
259,2024,493,Commodity,486,Industry,493.0
259,2024,493,Commodity,487OS,Industry,1411.0
259,2024,493,Commodity,493,Industry,6983.0
259,2024,493,Commodity,4A0,Industry,40406.0
259,2024,493,Commodity,511,Industry,479.0
259,2024,493,Commodity,512,Industry,256.0
259,2024,493,Commodity,513,Industry,460.0
259,2024,493,Commodity,514,Industry,2146.0
259,2024,493,Commodity,521CI,Industry,0.0
259,2024,493,Commodity,523,Industry,0.0
259,2024,493,Commodity,524,Industry,41.0
259,2024,493,Commodity,532RL,Industry,1805.0
259,2024,493,Commodity,5411,Industry,230.0
259,2024,493,Commodity,5412OP,Industry,1562.0
259,2024,493,Commodity,5415,Industry,396.0
259,2024,493,Commodity,55,Industry,15.0
259,2024,493,Commodity,561,Industry,9624.0
259,2024,493,Commodity,562,Industry,441.0
259,2024,493,Commodity,61,Industry,167.0
259,2024,493,Commodity,621,Industry,1242.0
259,2024,493,Commodity,622,Industry,2364.0
259,2024,493,Commodity,623,Industry,253.0
259,2024,493,Commodity,624,Industry,343.0
259,2024,493,Commodity,711AS,Industry,336.0
259,2024,493,Commodity,713,Industry,192.0
259,2024,493,Commodity,721,Industry,723.0
259,2024,493,Commodity,722,Industry,1874.0
259,2024,493,Commodity,81,Industry,1058.0
259,2024,493,Commodity,F010,Industry,242.0
259,2024,493,Commodity,F040,Industry,189.0
259,2024,493,Commodity,GFE,Industry,0.0
259,2024,493,Commodity,GFGD,Industry,566.0
259,2024,493,Commodity,GFGN,Industry,1471.0
259,2024,493,Commodity,GSLE,Industry,236.0
259,2024,493,Commodity,GSLG,Industry,9794.0
259,2024,493,Commodity,HS,Industry,4.0
259,2024,493,Commodity,ORE,Industry,1265.0
259,2024,493,Commodity,T001,Industry,193800.0
259,2024,493,Commodity,T019,Industry,194230.0
259,2024,4A0,Commodity,441,Industry,928.0
259,2024,4A0,Commodity,452,Industry,567.0
259,2024,4A0,Commodity,4A0,Industry,548.0
259,2024,4A0,Commodity,81,Industry,1.0
259,2024,4A0,Commodity,F010,Industry,16101.0
259,2024,4A0,Commodity,GFE,Industry,0.0
259,2024,4A0,Commodity,T001,Industry,2044.0
259,2024,4A0,Commodity,T019,Industry,18144.0
259,2024,511,Commodity,111CA,Industry,108.0
259,2024,511,Commodity,113FF,Industry,1.0
259,2024,511,Commodity,211,Industry,40.0
259,2024,511,Commodity,212,Industry,1.0
259,2024,511,Commodity,213,Industry,7.0
259,2024,511,Commodity,22,Industry,345.0
259,2024,511,Commodity,23,Industry,2128.0
259,2024,511,Commodity,311FT,Industry,12.0
259,2024,511,Commodity,313TT,Industry,0.0
259,2024,511,Commodity,315AL,Industry,0.0
259,2024,511,Commodity,321,Industry,46.0
259,2024,511,Commodity,322,Industry,9.0
259,2024,511,Commodity,323,Industry,48.0
259,2024,511,Commodity,324,Industry,2.0
259,2024,511,Commodity,325,Industry,21.0
259,2024,511,Commodity,326,Industry,10.0
259,2024,511,Commodity,327,Industry,1.0
259,2024,511,Commodity,331,Industry,23.0
259,2024,511,Commodity,332,Industry,101.0
259,2024,511,Commodity,333,Industry,44.0
259,2024,511,Commodity,334,Industry,55.0
259,2024,511,Commodity,335,Industry,1.0
259,2024,511,Commodity,3361MV,Industry,28.0
259,2024,511,Commodity,3364OT,Industry,163.0
259,2024,511,Commodity,337,Industry,11.0
259,2024,511,Commodity,339,Industry,30.0
259,2024,511,Commodity,42,Industry,5640.0
259,2024,511,Commodity,441,Industry,922.0
259,2024,511,Commodity,445,Industry,82.0
259,2024,511,Commodity,452,Industry,266.0
259,2024,511,Commodity,481,Industry,22.0
259,2024,511,Commodity,482,Industry,88.0
259,2024,511,Commodity,484,Industry,36.0
259,2024,511,Commodity,485,Industry,23.0
259,2024,511,Commodity,487OS,Industry,632.0
259,2024,511,Commodity,493,Industry,145.0
259,2024,511,Commodity,4A0,Industry,1302.0
259,2024,511,Commodity,511,Industry,69771.0
259,2024,511,Commodity,512,Industry,60.0
259,2024,511,Commodity,513,Industry,789.0
259,2024,511,Commodity,514,Industry,4534.0
259,2024,511,Commodity,521CI,Industry,749.0
259,2024,511,Commodity,523,Industry,2434.0
259,2024,511,Commodity,524,Industry,807.0
259,2024,511,Commodity,525,Industry,131.0
259,2024,511,Commodity,532RL,Industry,992.0
259,2024,511,Commodity,5411,Industry,1570.0
259,2024,511,Commodity,5412OP,Industry,7884.0
259,2024,511,Commodity,5415,Industry,2786.0
259,2024,511,Commodity,55,Industry,583.0
259,2024,511,Commodity,561,Industry,3473.0
259,2024,511,Commodity,562,Industry,48.0
259,2024,511,Commodity,61,Industry,755.0
259,2024,511,Commodity,621,Industry,1915.0
259,2024,511,Commodity,622,Industry,3281.0
259,2024,511,Commodity,623,Industry,208.0
259,2024,511,Commodity,624,Industry,1105.0
259,2024,511,Commodity,711AS,Industry,87.0
259,2024,511,Commodity,713,Industry,124.0
259,2024,511,Commodity,721,Industry,169.0
259,2024,511,Commodity,722,Industry,240.0
259,2024,511,Commodity,81,Industry,932.0
259,2024,511,Commodity,F010,Industry,251173.0
259,2024,511,Commodity,F02N,Industry,249160.0
259,2024,511,Commodity,F030,Industry,-450.0
259,2024,511,Commodity,F040,Industry,53586.0
259,2024,511,Commodity,F06N,Industry,8169.0
259,2024,511,Commodity,F07N,Industry,9614.0
259,2024,511,Commodity,F10N,Industry,21379.0
259,2024,511,Commodity,GFE,Industry,21.0
259,2024,511,Commodity,GFGD,Industry,155.0
259,2024,511,Commodity,GFGN,Industry,2117.0
259,2024,511,Commodity,GSLE,Industry,732.0
259,2024,511,Commodity,GSLG,Industry,14726.0
259,2024,511,Commodity,HS,Industry,0.0
259,2024,511,Commodity,ORE,Industry,1577.0
259,2024,511,Commodity,T001,Industry,137149.0
259,2024,511,Commodity,T019,Industry,729778.0
259,2024,512,Commodity,42,Industry,113.0
259,2024,512,Commodity,441,Industry,800.0
259,2024,512,Commodity,445,Industry,394.0
259,2024,512,Commodity,481,Industry,10.0
259,2024,512,Commodity,484,Industry,5.0
259,2024,512,Commodity,486,Industry,75.0
259,2024,512,Commodity,487OS,Industry,30.0
259,2024,512,Commodity,493,Industry,0.0
259,2024,512,Commodity,4A0,Industry,172.0
259,2024,512,Commodity,511,Industry,319.0
259,2024,512,Commodity,512,Industry,41680.0
259,2024,512,Commodity,513,Industry,53106.0
259,2024,512,Commodity,514,Industry,505.0
259,2024,512,Commodity,521CI,Industry,63.0
259,2024,512,Commodity,523,Industry,73.0
259,2024,512,Commodity,524,Industry,0.0
259,2024,512,Commodity,532RL,Industry,235.0
259,2024,512,Commodity,5411,Industry,16.0
259,2024,512,Commodity,5412OP,Industry,4806.0
259,2024,512,Commodity,5415,Industry,103.0
259,2024,512,Commodity,55,Industry,510.0
259,2024,512,Commodity,561,Industry,170.0
259,2024,512,Commodity,61,Industry,792.0
259,2024,512,Commodity,621,Industry,144.0
259,2024,512,Commodity,622,Industry,36.0
259,2024,512,Commodity,623,Industry,1583.0
259,2024,512,Commodity,624,Industry,2556.0
259,2024,512,Commodity,711AS,Industry,776.0
259,2024,512,Commodity,713,Industry,126.0
259,2024,512,Commodity,721,Industry,845.0
259,2024,512,Commodity,722,Industry,7389.0
259,2024,512,Commodity,81,Industry,600.0
259,2024,512,Commodity,F010,Industry,31429.0
259,2024,512,Commodity,F02N,Industry,54914.0
259,2024,512,Commodity,F030,Industry,297.0
259,2024,512,Commodity,F040,Industry,19635.0
259,2024,512,Commodity,GFE,Industry,62.0
259,2024,512,Commodity,GFGD,Industry,115.0
259,2024,512,Commodity,GFGN,Industry,2085.0
259,2024,512,Commodity,GSLG,Industry,978.0
259,2024,512,Commodity,ORE,Industry,243.0
259,2024,512,Commodity,T001,Industry,121516.0
259,2024,512,Commodity,T019,Industry,227790.0
259,2024,513,Commodity,111CA,Industry,427.0
259,2024,513,Commodity,113FF,Industry,4.0
259,2024,513,Commodity,211,Industry,388.0
259,2024,513,Commodity,212,Industry,78.0
259,2024,513,Commodity,213,Industry,162.0
259,2024,513,Commodity,22,Industry,710.0
259,2024,513,Commodity,23,Industry,6677.0
259,2024,513,Commodity,311FT,Industry,967.0
259,2024,513,Commodity,313TT,Industry,50.0
259,2024,513,Commodity,315AL,Industry,24.0
259,2024,513,Commodity,321,Industry,254.0
259,2024,513,Commodity,322,Industry,279.0
259,2024,513,Commodity,323,Industry,296.0
259,2024,513,Commodity,324,Industry,32.0
259,2024,513,Commodity,325,Industry,333.0
259,2024,513,Commodity,326,Industry,358.0
259,2024,513,Commodity,327,Industry,507.0
259,2024,513,Commodity,331,Industry,228.0
259,2024,513,Commodity,332,Industry,892.0
259,2024,513,Commodity,333,Industry,525.0
259,2024,513,Commodity,334,Industry,170.0
259,2024,513,Commodity,335,Industry,145.0
259,2024,513,Commodity,3361MV,Industry,330.0
259,2024,513,Commodity,3364OT,Industry,423.0
259,2024,513,Commodity,337,Industry,138.0
259,2024,513,Commodity,339,Industry,284.0
259,2024,513,Commodity,42,Industry,9455.0
259,2024,513,Commodity,441,Industry,2120.0
259,2024,513,Commodity,445,Industry,566.0
259,2024,513,Commodity,452,Industry,219.0
259,2024,513,Commodity,481,Industry,1627.0
259,2024,513,Commodity,482,Industry,56.0
259,2024,513,Commodity,483,Industry,57.0
259,2024,513,Commodity,484,Industry,1400.0
259,2024,513,Commodity,485,Industry,913.0
259,2024,513,Commodity,486,Industry,1169.0
259,2024,513,Commodity,487OS,Industry,1500.0
259,2024,513,Commodity,493,Industry,24.0
259,2024,513,Commodity,4A0,Industry,4831.0
259,2024,513,Commodity,511,Industry,4080.0
259,2024,513,Commodity,512,Industry,616.0
259,2024,513,Commodity,513,Industry,86882.0
259,2024,513,Commodity,514,Industry,22568.0
259,2024,513,Commodity,521CI,Industry,8945.0
259,2024,513,Commodity,523,Industry,8162.0
259,2024,513,Commodity,524,Industry,3890.0
259,2024,513,Commodity,525,Industry,1446.0
259,2024,513,Commodity,532RL,Industry,2675.0
259,2024,513,Commodity,5411,Industry,3575.0
259,2024,513,Commodity,5412OP,Industry,14236.0
259,2024,513,Commodity,5415,Industry,3406.0
259,2024,513,Commodity,55,Industry,1370.0
259,2024,513,Commodity,561,Industry,13035.0
259,2024,513,Commodity,562,Industry,1072.0
259,2024,513,Commodity,61,Industry,2213.0
259,2024,513,Commodity,621,Industry,5729.0
259,2024,513,Commodity,622,Industry,2703.0
259,2024,513,Commodity,623,Industry,1286.0
259,2024,513,Commodity,624,Industry,714.0
259,2024,513,Commodity,711AS,Industry,785.0
259,2024,513,Commodity,713,Industry,1411.0
259,2024,513,Commodity,721,Industry,5033.0
259,2024,513,Commodity,722,Industry,8420.0
259,2024,513,Commodity,81,Industry,5599.0
259,2024,513,Commodity,F010,Industry,390577.0
259,2024,513,Commodity,F02E,Industry,7833.0
259,2024,513,Commodity,F02N,Industry,35220.0
259,2024,513,Commodity,F040,Industry,10427.0
259,2024,513,Commodity,GFE,Industry,788.0
259,2024,513,Commodity,GFGD,Industry,7563.0
259,2024,513,Commodity,GFGN,Industry,5303.0
259,2024,513,Commodity,GSLE,Industry,1430.0
259,2024,513,Commodity,GSLG,Industry,65459.0
259,2024,513,Commodity,HS,Industry,5.0
259,2024,513,Commodity,ORE,Industry,19958.0
259,2024,513,Commodity,T001,Industry,348977.0
259,2024,513,Commodity,T019,Industry,793034.0
259,2024,514,Commodity,113FF,Industry,0.0
259,2024,514,Commodity,211,Industry,83.0
259,2024,514,Commodity,212,Industry,14.0
259,2024,514,Commodity,213,Industry,16.0
259,2024,514,Commodity,22,Industry,4987.0
259,2024,514,Commodity,23,Industry,4963.0
259,2024,514,Commodity,311FT,Industry,2715.0
259,2024,514,Commodity,313TT,Industry,143.0
259,2024,514,Commodity,315AL,Industry,38.0
259,2024,514,Commodity,321,Industry,1311.0
259,2024,514,Commodity,322,Industry,1543.0
259,2024,514,Commodity,323,Industry,439.0
259,2024,514,Commodity,324,Industry,158.0
259,2024,514,Commodity,325,Industry,526.0
259,2024,514,Commodity,326,Industry,772.0
259,2024,514,Commodity,327,Industry,1704.0
259,2024,514,Commodity,331,Industry,1280.0
259,2024,514,Commodity,332,Industry,2628.0
259,2024,514,Commodity,333,Industry,2015.0
259,2024,514,Commodity,334,Industry,218.0
259,2024,514,Commodity,335,Industry,769.0
259,2024,514,Commodity,3361MV,Industry,784.0
259,2024,514,Commodity,3364OT,Industry,1417.0
259,2024,514,Commodity,337,Industry,718.0
259,2024,514,Commodity,339,Industry,821.0
259,2024,514,Commodity,42,Industry,7486.0
259,2024,514,Commodity,441,Industry,10123.0
259,2024,514,Commodity,445,Industry,2306.0
259,2024,514,Commodity,452,Industry,1400.0
259,2024,514,Commodity,481,Industry,918.0
259,2024,514,Commodity,482,Industry,1.0
259,2024,514,Commodity,483,Industry,0.0
259,2024,514,Commodity,484,Industry,265.0
259,2024,514,Commodity,485,Industry,232.0
259,2024,514,Commodity,486,Industry,141.0
259,2024,514,Commodity,487OS,Industry,1409.0
259,2024,514,Commodity,493,Industry,152.0
259,2024,514,Commodity,4A0,Industry,18119.0
259,2024,514,Commodity,511,Industry,6475.0
259,2024,514,Commodity,512,Industry,223.0
259,2024,514,Commodity,513,Industry,5200.0
259,2024,514,Commodity,514,Industry,31566.0
259,2024,514,Commodity,521CI,Industry,23416.0
259,2024,514,Commodity,523,Industry,13098.0
259,2024,514,Commodity,524,Industry,2887.0
259,2024,514,Commodity,525,Industry,4965.0
259,2024,514,Commodity,532RL,Industry,2080.0
259,2024,514,Commodity,5411,Industry,5985.0
259,2024,514,Commodity,5412OP,Industry,26361.0
259,2024,514,Commodity,5415,Industry,10187.0
259,2024,514,Commodity,55,Industry,2177.0
259,2024,514,Commodity,561,Industry,47660.0
259,2024,514,Commodity,562,Industry,2936.0
259,2024,514,Commodity,61,Industry,5930.0
259,2024,514,Commodity,621,Industry,3175.0
259,2024,514,Commodity,622,Industry,6075.0
259,2024,514,Commodity,623,Industry,581.0
259,2024,514,Commodity,624,Industry,1423.0
259,2024,514,Commodity,711AS,Industry,1798.0
259,2024,514,Commodity,713,Industry,2320.0
259,2024,514,Commodity,721,Industry,1417.0
259,2024,514,Commodity,722,Industry,24100.0
259,2024,514,Commodity,81,Industry,14943.0
259,2024,514,Commodity,F010,Industry,161329.0
259,2024,514,Commodity,F02N,Industry,80749.0
259,2024,514,Commodity,F040,Industry,8007.0
259,2024,514,Commodity,F06N,Industry,3655.0
259,2024,514,Commodity,F07N,Industry,4302.0
259,2024,514,Commodity,F10N,Industry,9317.0
259,2024,514,Commodity,GFE,Industry,649.0
259,2024,514,Commodity,GFGD,Industry,3353.0
259,2024,514,Commodity,GFGN,Industry,10033.0
259,2024,514,Commodity,GSLE,Industry,6486.0
259,2024,514,Commodity,GSLG,Industry,63551.0
259,2024,514,Commodity,HS,Industry,1.0
259,2024,514,Commodity,ORE,Industry,2473.0
259,2024,514,Commodity,T001,Industry,406136.0
259,2024,514,Commodity,T019,Industry,673496.0
259,2024,521CI,Commodity,111CA,Industry,5739.0
259,2024,521CI,Commodity,113FF,Industry,638.0
259,2024,521CI,Commodity,211,Industry,2936.0
259,2024,521CI,Commodity,212,Industry,966.0
259,2024,521CI,Commodity,213,Industry,678.0
259,2024,521CI,Commodity,22,Industry,8449.0
259,2024,521CI,Commodity,23,Industry,15529.0
259,2024,521CI,Commodity,311FT,Industry,4554.0
259,2024,521CI,Commodity,313TT,Industry,323.0
259,2024,521CI,Commodity,315AL,Industry,558.0
259,2024,521CI,Commodity,321,Industry,1286.0
259,2024,521CI,Commodity,322,Industry,1373.0
259,2024,521CI,Commodity,323,Industry,783.0
259,2024,521CI,Commodity,324,Industry,633.0
259,2024,521CI,Commodity,325,Industry,5449.0
259,2024,521CI,Commodity,326,Industry,2351.0
259,2024,521CI,Commodity,327,Industry,1261.0
259,2024,521CI,Commodity,331,Industry,1817.0
259,2024,521CI,Commodity,332,Industry,2447.0
259,2024,521CI,Commodity,333,Industry,2046.0
259,2024,521CI,Commodity,334,Industry,4057.0
259,2024,521CI,Commodity,335,Industry,1616.0
259,2024,521CI,Commodity,3361MV,Industry,4443.0
259,2024,521CI,Commodity,3364OT,Industry,1021.0
259,2024,521CI,Commodity,337,Industry,843.0
259,2024,521CI,Commodity,339,Industry,2355.0
259,2024,521CI,Commodity,42,Industry,44680.0
259,2024,521CI,Commodity,441,Industry,6637.0
259,2024,521CI,Commodity,445,Industry,2930.0
259,2024,521CI,Commodity,452,Industry,2426.0
259,2024,521CI,Commodity,481,Industry,2367.0
259,2024,521CI,Commodity,482,Industry,6058.0
259,2024,521CI,Commodity,483,Industry,709.0
259,2024,521CI,Commodity,484,Industry,2568.0
259,2024,521CI,Commodity,485,Industry,7114.0
259,2024,521CI,Commodity,486,Industry,2991.0
259,2024,521CI,Commodity,487OS,Industry,3821.0
259,2024,521CI,Commodity,493,Industry,334.0
259,2024,521CI,Commodity,4A0,Industry,12988.0
259,2024,521CI,Commodity,511,Industry,8343.0
259,2024,521CI,Commodity,512,Industry,3501.0
259,2024,521CI,Commodity,513,Industry,18365.0
259,2024,521CI,Commodity,514,Industry,10631.0
259,2024,521CI,Commodity,521CI,Industry,87109.0
259,2024,521CI,Commodity,523,Industry,89994.0
259,2024,521CI,Commodity,524,Industry,822.0
259,2024,521CI,Commodity,525,Industry,5219.0
259,2024,521CI,Commodity,532RL,Industry,22691.0
259,2024,521CI,Commodity,5411,Industry,2601.0
259,2024,521CI,Commodity,5412OP,Industry,21884.0
259,2024,521CI,Commodity,5415,Industry,5145.0
259,2024,521CI,Commodity,55,Industry,32043.0
259,2024,521CI,Commodity,561,Industry,10432.0
259,2024,521CI,Commodity,562,Industry,1216.0
259,2024,521CI,Commodity,61,Industry,2038.0
259,2024,521CI,Commodity,621,Industry,8500.0
259,2024,521CI,Commodity,622,Industry,7522.0
259,2024,521CI,Commodity,623,Industry,1328.0
259,2024,521CI,Commodity,624,Industry,1285.0
259,2024,521CI,Commodity,711AS,Industry,1570.0
259,2024,521CI,Commodity,713,Industry,2993.0
259,2024,521CI,Commodity,721,Industry,7606.0
259,2024,521CI,Commodity,722,Industry,13377.0
259,2024,521CI,Commodity,81,Industry,14620.0
259,2024,521CI,Commodity,F010,Industry,414809.0
259,2024,521CI,Commodity,F040,Industry,101321.0
259,2024,521CI,Commodity,GFE,Industry,1284.0
259,2024,521CI,Commodity,GFGD,Industry,0.0
259,2024,521CI,Commodity,GFGN,Industry,19894.0
259,2024,521CI,Commodity,GSLE,Industry,6143.0
259,2024,521CI,Commodity,GSLG,Industry,29162.0
259,2024,521CI,Commodity,HS,Industry,149873.0
259,2024,521CI,Commodity,ORE,Industry,108482.0
259,2024,521CI,Commodity,T001,Industry,865446.0
259,2024,521CI,Commodity,T019,Industry,1.381576e6
259,2024,523,Commodity,111CA,Industry,465.0
259,2024,523,Commodity,113FF,Industry,12.0
259,2024,523,Commodity,211,Industry,2355.0
259,2024,523,Commodity,212,Industry,2981.0
259,2024,523,Commodity,213,Industry,8050.0
259,2024,523,Commodity,22,Industry,762.0
259,2024,523,Commodity,23,Industry,3188.0
259,2024,523,Commodity,311FT,Industry,156.0
259,2024,523,Commodity,313TT,Industry,5.0
259,2024,523,Commodity,315AL,Industry,1.0
259,2024,523,Commodity,321,Industry,50.0
259,2024,523,Commodity,322,Industry,37.0
259,2024,523,Commodity,323,Industry,34.0
259,2024,523,Commodity,324,Industry,20.0
259,2024,523,Commodity,325,Industry,25.0
259,2024,523,Commodity,326,Industry,103.0
259,2024,523,Commodity,327,Industry,92.0
259,2024,523,Commodity,331,Industry,2850.0
259,2024,523,Commodity,332,Industry,3107.0
259,2024,523,Commodity,333,Industry,2089.0
259,2024,523,Commodity,334,Industry,123.0
259,2024,523,Commodity,335,Industry,727.0
259,2024,523,Commodity,3361MV,Industry,2618.0
259,2024,523,Commodity,3364OT,Industry,542.0
259,2024,523,Commodity,337,Industry,788.0
259,2024,523,Commodity,339,Industry,889.0
259,2024,523,Commodity,42,Industry,4861.0
259,2024,523,Commodity,441,Industry,209.0
259,2024,523,Commodity,445,Industry,437.0
259,2024,523,Commodity,452,Industry,1116.0
259,2024,523,Commodity,481,Industry,3849.0
259,2024,523,Commodity,482,Industry,579.0
259,2024,523,Commodity,483,Industry,1662.0
259,2024,523,Commodity,484,Industry,473.0
259,2024,523,Commodity,485,Industry,5921.0
259,2024,523,Commodity,486,Industry,392.0
259,2024,523,Commodity,487OS,Industry,2286.0
259,2024,523,Commodity,493,Industry,61.0
259,2024,523,Commodity,4A0,Industry,1041.0
259,2024,523,Commodity,511,Industry,344.0
259,2024,523,Commodity,512,Industry,928.0
259,2024,523,Commodity,513,Industry,199.0
259,2024,523,Commodity,514,Industry,211.0
259,2024,523,Commodity,521CI,Industry,58015.0
259,2024,523,Commodity,523,Industry,68075.0
259,2024,523,Commodity,524,Industry,3210.0
259,2024,523,Commodity,525,Industry,173147.0
259,2024,523,Commodity,532RL,Industry,8858.0
259,2024,523,Commodity,5411,Industry,746.0
259,2024,523,Commodity,5412OP,Industry,3597.0
259,2024,523,Commodity,5415,Industry,962.0
259,2024,523,Commodity,55,Industry,16144.0
259,2024,523,Commodity,561,Industry,2299.0
259,2024,523,Commodity,562,Industry,68.0
259,2024,523,Commodity,61,Industry,804.0
259,2024,523,Commodity,621,Industry,2773.0
259,2024,523,Commodity,622,Industry,20395.0
259,2024,523,Commodity,623,Industry,650.0
259,2024,523,Commodity,624,Industry,3613.0
259,2024,523,Commodity,711AS,Industry,2061.0
259,2024,523,Commodity,713,Industry,200.0
259,2024,523,Commodity,721,Industry,8436.0
259,2024,523,Commodity,722,Industry,11873.0
259,2024,523,Commodity,81,Industry,5418.0
259,2024,523,Commodity,F010,Industry,341004.0
259,2024,523,Commodity,F040,Industry,93357.0
259,2024,523,Commodity,GFE,Industry,22.0
259,2024,523,Commodity,GFGD,Industry,0.0
259,2024,523,Commodity,GFGN,Industry,16.0
259,2024,523,Commodity,GSLE,Industry,8191.0
259,2024,523,Commodity,GSLG,Industry,11915.0
259,2024,523,Commodity,HS,Industry,4.0
259,2024,523,Commodity,ORE,Industry,13933.0
259,2024,523,Commodity,T001,Industry,482065.0
259,2024,523,Commodity,T019,Industry,916426.0
259,2024,524,Commodity,111CA,Industry,4423.0
259,2024,524,Commodity,113FF,Industry,410.0
259,2024,524,Commodity,211,Industry,4094.0
259,2024,524,Commodity,212,Industry,880.0
259,2024,524,Commodity,213,Industry,2007.0
259,2024,524,Commodity,22,Industry,1904.0
259,2024,524,Commodity,23,Industry,854.0
259,2024,524,Commodity,311FT,Industry,5257.0
259,2024,524,Commodity,313TT,Industry,253.0
259,2024,524,Commodity,315AL,Industry,58.0
259,2024,524,Commodity,321,Industry,394.0
259,2024,524,Commodity,322,Industry,550.0
259,2024,524,Commodity,323,Industry,85.0
259,2024,524,Commodity,324,Industry,252.0
259,2024,524,Commodity,325,Industry,2145.0
259,2024,524,Commodity,326,Industry,923.0
259,2024,524,Commodity,327,Industry,1488.0
259,2024,524,Commodity,331,Industry,867.0
259,2024,524,Commodity,332,Industry,1369.0
259,2024,524,Commodity,333,Industry,1520.0
259,2024,524,Commodity,334,Industry,241.0
259,2024,524,Commodity,335,Industry,1291.0
259,2024,524,Commodity,3361MV,Industry,4364.0
259,2024,524,Commodity,3364OT,Industry,944.0
259,2024,524,Commodity,337,Industry,508.0
259,2024,524,Commodity,339,Industry,562.0
259,2024,524,Commodity,42,Industry,55103.0
259,2024,524,Commodity,441,Industry,6085.0
259,2024,524,Commodity,445,Industry,1759.0
259,2024,524,Commodity,452,Industry,1487.0
259,2024,524,Commodity,481,Industry,1464.0
259,2024,524,Commodity,482,Industry,47.0
259,2024,524,Commodity,483,Industry,1315.0
259,2024,524,Commodity,484,Industry,20729.0
259,2024,524,Commodity,485,Industry,25483.0
259,2024,524,Commodity,486,Industry,677.0
259,2024,524,Commodity,487OS,Industry,5153.0
259,2024,524,Commodity,493,Industry,2892.0
259,2024,524,Commodity,4A0,Industry,11211.0
259,2024,524,Commodity,511,Industry,450.0
259,2024,524,Commodity,512,Industry,1592.0
259,2024,524,Commodity,513,Industry,1973.0
259,2024,524,Commodity,514,Industry,1618.0
259,2024,524,Commodity,521CI,Industry,8535.0
259,2024,524,Commodity,523,Industry,21630.0
259,2024,524,Commodity,524,Industry,570525.0
259,2024,524,Commodity,525,Industry,14287.0
259,2024,524,Commodity,532RL,Industry,20772.0
259,2024,524,Commodity,5411,Industry,3333.0
259,2024,524,Commodity,5412OP,Industry,13733.0
259,2024,524,Commodity,5415,Industry,3644.0
259,2024,524,Commodity,55,Industry,629.0
259,2024,524,Commodity,561,Industry,11719.0
259,2024,524,Commodity,562,Industry,1957.0
259,2024,524,Commodity,61,Industry,2830.0
259,2024,524,Commodity,621,Industry,21483.0
259,2024,524,Commodity,622,Industry,24935.0
259,2024,524,Commodity,623,Industry,5474.0
259,2024,524,Commodity,624,Industry,12419.0
259,2024,524,Commodity,711AS,Industry,4259.0
259,2024,524,Commodity,713,Industry,3519.0
259,2024,524,Commodity,721,Industry,1912.0
259,2024,524,Commodity,722,Industry,13869.0
259,2024,524,Commodity,81,Industry,4951.0
259,2024,524,Commodity,F010,Industry,518887.0
259,2024,524,Commodity,F02R,Industry,3924.0
259,2024,524,Commodity,F040,Industry,28820.0
259,2024,524,Commodity,GFE,Industry,7654.0
259,2024,524,Commodity,GFGD,Industry,0.0
259,2024,524,Commodity,GFGN,Industry,1330.0
259,2024,524,Commodity,GSLE,Industry,18007.0
259,2024,524,Commodity,GSLG,Industry,4975.0
259,2024,524,Commodity,HS,Industry,16103.0
259,2024,524,Commodity,ORE,Industry,87941.0
259,2024,524,Commodity,T001,Industry,1.079107e6
259,2024,524,Commodity,T019,Industry,1.630738e6
259,2024,525,Commodity,523,Industry,0.0
259,2024,525,Commodity,524,Industry,6759.0
259,2024,525,Commodity,525,Industry,12567.0
259,2024,525,Commodity,55,Industry,85.0
259,2024,525,Commodity,F010,Industry,285522.0
259,2024,525,Commodity,GFGN,Industry,195.0
259,2024,525,Commodity,GSLG,Industry,2040.0
259,2024,525,Commodity,T001,Industry,21645.0
259,2024,525,Commodity,T019,Industry,307167.0
259,2024,532RL,Commodity,111CA,Industry,3056.0
259,2024,532RL,Commodity,113FF,Industry,83.0
259,2024,532RL,Commodity,211,Industry,4939.0
259,2024,532RL,Commodity,212,Industry,2689.0
259,2024,532RL,Commodity,213,Industry,3162.0
259,2024,532RL,Commodity,22,Industry,2583.0
259,2024,532RL,Commodity,23,Industry,41692.0
259,2024,532RL,Commodity,311FT,Industry,5610.0
259,2024,532RL,Commodity,313TT,Industry,81.0
259,2024,532RL,Commodity,315AL,Industry,2616.0
259,2024,532RL,Commodity,321,Industry,408.0
259,2024,532RL,Commodity,322,Industry,1691.0
259,2024,532RL,Commodity,323,Industry,613.0
259,2024,532RL,Commodity,324,Industry,670.0
259,2024,532RL,Commodity,325,Industry,4907.0
259,2024,532RL,Commodity,326,Industry,1550.0
259,2024,532RL,Commodity,327,Industry,1304.0
259,2024,532RL,Commodity,331,Industry,1161.0
259,2024,532RL,Commodity,332,Industry,3099.0
259,2024,532RL,Commodity,333,Industry,1856.0
259,2024,532RL,Commodity,334,Industry,616.0
259,2024,532RL,Commodity,335,Industry,1021.0
259,2024,532RL,Commodity,3361MV,Industry,9128.0
259,2024,532RL,Commodity,3364OT,Industry,1089.0
259,2024,532RL,Commodity,337,Industry,331.0
259,2024,532RL,Commodity,339,Industry,1062.0
259,2024,532RL,Commodity,42,Industry,49607.0
259,2024,532RL,Commodity,441,Industry,1915.0
259,2024,532RL,Commodity,445,Industry,2190.0
259,2024,532RL,Commodity,452,Industry,5113.0
259,2024,532RL,Commodity,481,Industry,18226.0
259,2024,532RL,Commodity,482,Industry,8822.0
259,2024,532RL,Commodity,483,Industry,11634.0
259,2024,532RL,Commodity,484,Industry,30069.0
259,2024,532RL,Commodity,485,Industry,2435.0
259,2024,532RL,Commodity,486,Industry,67.0
259,2024,532RL,Commodity,487OS,Industry,2687.0
259,2024,532RL,Commodity,493,Industry,1166.0
259,2024,532RL,Commodity,4A0,Industry,12945.0
259,2024,532RL,Commodity,511,Industry,3343.0
259,2024,532RL,Commodity,512,Industry,1166.0
259,2024,532RL,Commodity,513,Industry,11279.0
259,2024,532RL,Commodity,514,Industry,19370.0
259,2024,532RL,Commodity,521CI,Industry,5338.0
259,2024,532RL,Commodity,523,Industry,15567.0
259,2024,532RL,Commodity,524,Industry,3059.0
259,2024,532RL,Commodity,525,Industry,37.0
259,2024,532RL,Commodity,532RL,Industry,26839.0
259,2024,532RL,Commodity,5411,Industry,2936.0
259,2024,532RL,Commodity,5412OP,Industry,29450.0
259,2024,532RL,Commodity,5415,Industry,6828.0
259,2024,532RL,Commodity,55,Industry,39553.0
259,2024,532RL,Commodity,561,Industry,12397.0
259,2024,532RL,Commodity,562,Industry,3692.0
259,2024,532RL,Commodity,61,Industry,2408.0
259,2024,532RL,Commodity,621,Industry,8274.0
259,2024,532RL,Commodity,622,Industry,5201.0
259,2024,532RL,Commodity,623,Industry,628.0
259,2024,532RL,Commodity,624,Industry,872.0
259,2024,532RL,Commodity,711AS,Industry,4475.0
259,2024,532RL,Commodity,713,Industry,3951.0
259,2024,532RL,Commodity,721,Industry,4362.0
259,2024,532RL,Commodity,722,Industry,37825.0
259,2024,532RL,Commodity,81,Industry,3426.0
259,2024,532RL,Commodity,F010,Industry,106861.0
259,2024,532RL,Commodity,F040,Industry,122021.0
259,2024,532RL,Commodity,GFE,Industry,179.0
259,2024,532RL,Commodity,GFGD,Industry,730.0
259,2024,532RL,Commodity,GFGN,Industry,688.0
259,2024,532RL,Commodity,GSLE,Industry,1645.0
259,2024,532RL,Commodity,GSLG,Industry,14797.0
259,2024,532RL,Commodity,HS,Industry,6579.0
259,2024,532RL,Commodity,ORE,Industry,5084.0
259,2024,532RL,Commodity,T001,Industry,525868.0
259,2024,532RL,Commodity,T019,Industry,754751.0
259,2024,5411,Commodity,111CA,Industry,528.0
259,2024,5411,Commodity,113FF,Industry,68.0
259,2024,5411,Commodity,211,Industry,1022.0
259,2024,5411,Commodity,212,Industry,559.0
259,2024,5411,Commodity,213,Industry,212.0
259,2024,5411,Commodity,22,Industry,5632.0
259,2024,5411,Commodity,23,Industry,12156.0
259,2024,5411,Commodity,311FT,Industry,1664.0
259,2024,5411,Commodity,313TT,Industry,154.0
259,2024,5411,Commodity,315AL,Industry,121.0
259,2024,5411,Commodity,321,Industry,683.0
259,2024,5411,Commodity,322,Industry,1028.0
259,2024,5411,Commodity,323,Industry,504.0
259,2024,5411,Commodity,324,Industry,223.0
259,2024,5411,Commodity,325,Industry,5534.0
259,2024,5411,Commodity,326,Industry,1517.0
259,2024,5411,Commodity,327,Industry,660.0
259,2024,5411,Commodity,331,Industry,988.0
259,2024,5411,Commodity,332,Industry,2441.0
259,2024,5411,Commodity,333,Industry,1747.0
259,2024,5411,Commodity,334,Industry,6414.0
259,2024,5411,Commodity,335,Industry,390.0
259,2024,5411,Commodity,3361MV,Industry,2991.0
259,2024,5411,Commodity,3364OT,Industry,1782.0
259,2024,5411,Commodity,337,Industry,346.0
259,2024,5411,Commodity,339,Industry,1792.0
259,2024,5411,Commodity,42,Industry,23084.0
259,2024,5411,Commodity,441,Industry,1135.0
259,2024,5411,Commodity,445,Industry,826.0
259,2024,5411,Commodity,452,Industry,640.0
259,2024,5411,Commodity,481,Industry,339.0
259,2024,5411,Commodity,482,Industry,1085.0
259,2024,5411,Commodity,483,Industry,286.0
259,2024,5411,Commodity,484,Industry,344.0
259,2024,5411,Commodity,485,Industry,515.0
259,2024,5411,Commodity,486,Industry,108.0
259,2024,5411,Commodity,487OS,Industry,712.0
259,2024,5411,Commodity,493,Industry,470.0
259,2024,5411,Commodity,4A0,Industry,6874.0
259,2024,5411,Commodity,511,Industry,6759.0
259,2024,5411,Commodity,512,Industry,1381.0
259,2024,5411,Commodity,513,Industry,3760.0
259,2024,5411,Commodity,514,Industry,13291.0
259,2024,5411,Commodity,521CI,Industry,7939.0
259,2024,5411,Commodity,523,Industry,18727.0
259,2024,5411,Commodity,524,Industry,16021.0
259,2024,5411,Commodity,525,Industry,3180.0
259,2024,5411,Commodity,532RL,Industry,1667.0
259,2024,5411,Commodity,5411,Industry,3416.0
259,2024,5411,Commodity,5412OP,Industry,23184.0
259,2024,5411,Commodity,5415,Industry,5404.0
259,2024,5411,Commodity,55,Industry,13106.0
259,2024,5411,Commodity,561,Industry,9055.0
259,2024,5411,Commodity,562,Industry,701.0
259,2024,5411,Commodity,61,Industry,531.0
259,2024,5411,Commodity,621,Industry,6987.0
259,2024,5411,Commodity,622,Industry,23741.0
259,2024,5411,Commodity,623,Industry,2187.0
259,2024,5411,Commodity,624,Industry,1167.0
259,2024,5411,Commodity,711AS,Industry,3699.0
259,2024,5411,Commodity,713,Industry,3322.0
259,2024,5411,Commodity,721,Industry,1451.0
259,2024,5411,Commodity,722,Industry,3759.0
259,2024,5411,Commodity,81,Industry,8917.0
259,2024,5411,Commodity,F010,Industry,141844.0
259,2024,5411,Commodity,F02R,Industry,12638.0
259,2024,5411,Commodity,F040,Industry,19648.0
259,2024,5411,Commodity,GFE,Industry,78.0
259,2024,5411,Commodity,GFGD,Industry,0.0
259,2024,5411,Commodity,GFGN,Industry,211.0
259,2024,5411,Commodity,GSLE,Industry,2501.0
259,2024,5411,Commodity,GSLG,Industry,22202.0
259,2024,5411,Commodity,HS,Industry,2634.0
259,2024,5411,Commodity,ORE,Industry,15434.0
259,2024,5411,Commodity,T001,Industry,313987.0
259,2024,5411,Commodity,T019,Industry,488116.0
259,2024,5412OP,Commodity,111CA,Industry,3108.0
259,2024,5412OP,Commodity,113FF,Industry,398.0
259,2024,5412OP,Commodity,211,Industry,4919.0
259,2024,5412OP,Commodity,212,Industry,1863.0
259,2024,5412OP,Commodity,213,Industry,1437.0
259,2024,5412OP,Commodity,22,Industry,16822.0
259,2024,5412OP,Commodity,23,Industry,94629.0
259,2024,5412OP,Commodity,311FT,Industry,15222.0
259,2024,5412OP,Commodity,313TT,Industry,678.0
259,2024,5412OP,Commodity,315AL,Industry,199.0
259,2024,5412OP,Commodity,321,Industry,2619.0
259,2024,5412OP,Commodity,322,Industry,3360.0
259,2024,5412OP,Commodity,323,Industry,1675.0
259,2024,5412OP,Commodity,324,Industry,931.0
259,2024,5412OP,Commodity,325,Industry,9845.0
259,2024,5412OP,Commodity,326,Industry,5560.0
259,2024,5412OP,Commodity,327,Industry,3436.0
259,2024,5412OP,Commodity,331,Industry,4119.0
259,2024,5412OP,Commodity,332,Industry,6631.0
259,2024,5412OP,Commodity,333,Industry,4625.0
259,2024,5412OP,Commodity,334,Industry,8584.0
259,2024,5412OP,Commodity,335,Industry,2366.0
259,2024,5412OP,Commodity,3361MV,Industry,6085.0
259,2024,5412OP,Commodity,3364OT,Industry,3818.0
259,2024,5412OP,Commodity,337,Industry,2230.0
259,2024,5412OP,Commodity,339,Industry,3895.0
259,2024,5412OP,Commodity,42,Industry,176670.0
259,2024,5412OP,Commodity,441,Industry,41125.0
259,2024,5412OP,Commodity,445,Industry,12100.0
259,2024,5412OP,Commodity,452,Industry,4921.0
259,2024,5412OP,Commodity,481,Industry,2376.0
259,2024,5412OP,Commodity,482,Industry,2347.0
259,2024,5412OP,Commodity,483,Industry,2323.0
259,2024,5412OP,Commodity,484,Industry,5436.0
259,2024,5412OP,Commodity,485,Industry,4220.0
259,2024,5412OP,Commodity,486,Industry,3536.0
259,2024,5412OP,Commodity,487OS,Industry,2899.0
259,2024,5412OP,Commodity,493,Industry,3774.0
259,2024,5412OP,Commodity,4A0,Industry,103006.0
259,2024,5412OP,Commodity,511,Industry,33969.0
259,2024,5412OP,Commodity,512,Industry,8301.0
259,2024,5412OP,Commodity,513,Industry,42583.0
259,2024,5412OP,Commodity,514,Industry,94525.0
259,2024,5412OP,Commodity,521CI,Industry,65370.0
259,2024,5412OP,Commodity,523,Industry,70227.0
259,2024,5412OP,Commodity,524,Industry,49358.0
259,2024,5412OP,Commodity,525,Industry,4856.0
259,2024,5412OP,Commodity,532RL,Industry,22449.0
259,2024,5412OP,Commodity,5411,Industry,13179.0
259,2024,5412OP,Commodity,5412OP,Industry,192437.0
259,2024,5412OP,Commodity,5415,Industry,42971.0
259,2024,5412OP,Commodity,55,Industry,59451.0
259,2024,5412OP,Commodity,561,Industry,66039.0
259,2024,5412OP,Commodity,562,Industry,4203.0
259,2024,5412OP,Commodity,61,Industry,14749.0
259,2024,5412OP,Commodity,621,Industry,41551.0
259,2024,5412OP,Commodity,622,Industry,57222.0
259,2024,5412OP,Commodity,623,Industry,11392.0
259,2024,5412OP,Commodity,624,Industry,9899.0
259,2024,5412OP,Commodity,711AS,Industry,13394.0
259,2024,5412OP,Commodity,713,Industry,14471.0
259,2024,5412OP,Commodity,721,Industry,8607.0
259,2024,5412OP,Commodity,722,Industry,40359.0
259,2024,5412OP,Commodity,81,Industry,54284.0
259,2024,5412OP,Commodity,F010,Industry,124768.0
259,2024,5412OP,Commodity,F02E,Industry,55213.0
259,2024,5412OP,Commodity,F02N,Industry,798514.0
259,2024,5412OP,Commodity,F02R,Industry,1657.0
259,2024,5412OP,Commodity,F040,Industry,233971.0
259,2024,5412OP,Commodity,F06N,Industry,76463.0
259,2024,5412OP,Commodity,F07N,Industry,126524.0
259,2024,5412OP,Commodity,F10N,Industry,29819.0
259,2024,5412OP,Commodity,GFE,Industry,1890.0
259,2024,5412OP,Commodity,GFGD,Industry,94091.0
259,2024,5412OP,Commodity,GFGN,Industry,17904.0
259,2024,5412OP,Commodity,GSLE,Industry,41058.0
259,2024,5412OP,Commodity,GSLG,Industry,112364.0
259,2024,5412OP,Commodity,HS,Industry,3964.0
259,2024,5412OP,Commodity,ORE,Industry,86866.0
259,2024,5412OP,Commodity,T001,Industry,1.967773e6
259,2024,5412OP,Commodity,T019,Industry,3.414702e6
259,2024,5415,Commodity,111CA,Industry,538.0
259,2024,5415,Commodity,113FF,Industry,22.0
259,2024,5415,Commodity,211,Industry,6850.0
259,2024,5415,Commodity,212,Industry,597.0
259,2024,5415,Commodity,213,Industry,62.0
259,2024,5415,Commodity,22,Industry,2115.0
259,2024,5415,Commodity,23,Industry,9646.0
259,2024,5415,Commodity,311FT,Industry,1480.0
259,2024,5415,Commodity,313TT,Industry,64.0
259,2024,5415,Commodity,315AL,Industry,18.0
259,2024,5415,Commodity,321,Industry,382.0
259,2024,5415,Commodity,322,Industry,363.0
259,2024,5415,Commodity,323,Industry,384.0
259,2024,5415,Commodity,324,Industry,278.0
259,2024,5415,Commodity,325,Industry,318.0
259,2024,5415,Commodity,326,Industry,526.0
259,2024,5415,Commodity,327,Industry,412.0
259,2024,5415,Commodity,331,Industry,357.0
259,2024,5415,Commodity,332,Industry,1906.0
259,2024,5415,Commodity,333,Industry,1804.0
259,2024,5415,Commodity,334,Industry,335.0
259,2024,5415,Commodity,335,Industry,161.0
259,2024,5415,Commodity,3361MV,Industry,611.0
259,2024,5415,Commodity,3364OT,Industry,1646.0
259,2024,5415,Commodity,337,Industry,231.0
259,2024,5415,Commodity,339,Industry,368.0
259,2024,5415,Commodity,42,Industry,23885.0
259,2024,5415,Commodity,441,Industry,6206.0
259,2024,5415,Commodity,445,Industry,910.0
259,2024,5415,Commodity,452,Industry,1380.0
259,2024,5415,Commodity,481,Industry,388.0
259,2024,5415,Commodity,482,Industry,1195.0
259,2024,5415,Commodity,483,Industry,40.0
259,2024,5415,Commodity,484,Industry,765.0
259,2024,5415,Commodity,485,Industry,279.0
259,2024,5415,Commodity,486,Industry,18.0
259,2024,5415,Commodity,487OS,Industry,363.0
259,2024,5415,Commodity,493,Industry,157.0
259,2024,5415,Commodity,4A0,Industry,7490.0
259,2024,5415,Commodity,511,Industry,7977.0
259,2024,5415,Commodity,512,Industry,545.0
259,2024,5415,Commodity,513,Industry,3973.0
259,2024,5415,Commodity,514,Industry,18152.0
259,2024,5415,Commodity,521CI,Industry,7786.0
259,2024,5415,Commodity,523,Industry,16889.0
259,2024,5415,Commodity,524,Industry,7693.0
259,2024,5415,Commodity,525,Industry,1688.0
259,2024,5415,Commodity,532RL,Industry,875.0
259,2024,5415,Commodity,5411,Industry,4375.0
259,2024,5415,Commodity,5412OP,Industry,15896.0
259,2024,5415,Commodity,5415,Industry,12075.0
259,2024,5415,Commodity,55,Industry,2352.0
259,2024,5415,Commodity,561,Industry,17776.0
259,2024,5415,Commodity,562,Industry,690.0
259,2024,5415,Commodity,61,Industry,2567.0
259,2024,5415,Commodity,621,Industry,5083.0
259,2024,5415,Commodity,622,Industry,6706.0
259,2024,5415,Commodity,623,Industry,1344.0
259,2024,5415,Commodity,624,Industry,2108.0
259,2024,5415,Commodity,711AS,Industry,586.0
259,2024,5415,Commodity,713,Industry,1470.0
259,2024,5415,Commodity,721,Industry,1042.0
259,2024,5415,Commodity,722,Industry,7642.0
259,2024,5415,Commodity,81,Industry,5283.0
259,2024,5415,Commodity,F02E,Industry,80848.0
259,2024,5415,Commodity,F02N,Industry,358405.0
259,2024,5415,Commodity,F040,Industry,73151.0
259,2024,5415,Commodity,F06E,Industry,1058.0
259,2024,5415,Commodity,F06N,Industry,14005.0
259,2024,5415,Commodity,F07N,Industry,38159.0
259,2024,5415,Commodity,F10E,Industry,194.0
259,2024,5415,Commodity,F10N,Industry,13421.0
259,2024,5415,Commodity,GFE,Industry,115.0
259,2024,5415,Commodity,GFGD,Industry,7577.0
259,2024,5415,Commodity,GFGN,Industry,17891.0
259,2024,5415,Commodity,GSLE,Industry,8063.0
259,2024,5415,Commodity,GSLG,Industry,38185.0
259,2024,5415,Commodity,HS,Industry,1057.0
259,2024,5415,Commodity,ORE,Industry,7200.0
259,2024,5415,Commodity,T001,Industry,307211.0
259,2024,5415,Commodity,T019,Industry,886452.0
259,2024,55,Commodity,211,Industry,35072.0
259,2024,55,Commodity,212,Industry,7803.0
259,2024,55,Commodity,213,Industry,3585.0
259,2024,55,Commodity,22,Industry,96.0
259,2024,55,Commodity,23,Industry,24545.0
259,2024,55,Commodity,311FT,Industry,30698.0
259,2024,55,Commodity,313TT,Industry,935.0
259,2024,55,Commodity,315AL,Industry,495.0
259,2024,55,Commodity,321,Industry,542.0
259,2024,55,Commodity,322,Industry,2550.0
259,2024,55,Commodity,323,Industry,566.0
259,2024,55,Commodity,324,Industry,2081.0
259,2024,55,Commodity,325,Industry,14025.0
259,2024,55,Commodity,326,Industry,2184.0
259,2024,55,Commodity,327,Industry,2854.0
259,2024,55,Commodity,331,Industry,1561.0
259,2024,55,Commodity,332,Industry,4982.0
259,2024,55,Commodity,333,Industry,11332.0
259,2024,55,Commodity,334,Industry,5185.0
259,2024,55,Commodity,335,Industry,3069.0
259,2024,55,Commodity,3361MV,Industry,11084.0
259,2024,55,Commodity,3364OT,Industry,4336.0
259,2024,55,Commodity,337,Industry,523.0
259,2024,55,Commodity,339,Industry,3865.0
259,2024,55,Commodity,42,Industry,146052.0
259,2024,55,Commodity,441,Industry,3566.0
259,2024,55,Commodity,445,Industry,6178.0
259,2024,55,Commodity,452,Industry,12680.0
259,2024,55,Commodity,481,Industry,4371.0
259,2024,55,Commodity,482,Industry,13.0
259,2024,55,Commodity,483,Industry,1671.0
259,2024,55,Commodity,484,Industry,4850.0
259,2024,55,Commodity,485,Industry,568.0
259,2024,55,Commodity,486,Industry,4.0
259,2024,55,Commodity,487OS,Industry,7259.0
259,2024,55,Commodity,493,Industry,1706.0
259,2024,55,Commodity,4A0,Industry,37879.0
259,2024,55,Commodity,511,Industry,6270.0
259,2024,55,Commodity,512,Industry,597.0
259,2024,55,Commodity,513,Industry,5297.0
259,2024,55,Commodity,514,Industry,5805.0
259,2024,55,Commodity,521CI,Industry,7930.0
259,2024,55,Commodity,523,Industry,23544.0
259,2024,55,Commodity,524,Industry,6709.0
259,2024,55,Commodity,525,Industry,2711.0
259,2024,55,Commodity,532RL,Industry,23936.0
259,2024,55,Commodity,5411,Industry,4195.0
259,2024,55,Commodity,5412OP,Industry,21800.0
259,2024,55,Commodity,5415,Industry,5348.0
259,2024,55,Commodity,55,Industry,36.0
259,2024,55,Commodity,561,Industry,23239.0
259,2024,55,Commodity,562,Industry,5878.0
259,2024,55,Commodity,61,Industry,10827.0
259,2024,55,Commodity,621,Industry,61449.0
259,2024,55,Commodity,622,Industry,13636.0
259,2024,55,Commodity,623,Industry,7609.0
259,2024,55,Commodity,624,Industry,2491.0
259,2024,55,Commodity,711AS,Industry,3300.0
259,2024,55,Commodity,713,Industry,3828.0
259,2024,55,Commodity,721,Industry,21957.0
259,2024,55,Commodity,722,Industry,80253.0
259,2024,55,Commodity,81,Industry,13004.0
259,2024,55,Commodity,F040,Industry,4910.0
259,2024,55,Commodity,GFE,Industry,146.0
259,2024,55,Commodity,GSLG,Industry,0.0
259,2024,55,Commodity,HS,Industry,149.0
259,2024,55,Commodity,ORE,Industry,59898.0
259,2024,55,Commodity,T001,Industry,822609.0
259,2024,55,Commodity,T019,Industry,827519.0
259,2024,561,Commodity,111CA,Industry,475.0
259,2024,561,Commodity,113FF,Industry,21.0
259,2024,561,Commodity,211,Industry,461.0
259,2024,561,Commodity,212,Industry,468.0
259,2024,561,Commodity,213,Industry,972.0
259,2024,561,Commodity,22,Industry,7437.0
259,2024,561,Commodity,23,Industry,11605.0
259,2024,561,Commodity,311FT,Industry,3634.0
259,2024,561,Commodity,313TT,Industry,146.0
259,2024,561,Commodity,315AL,Industry,533.0
259,2024,561,Commodity,321,Industry,949.0
259,2024,561,Commodity,322,Industry,1394.0
259,2024,561,Commodity,323,Industry,2594.0
259,2024,561,Commodity,324,Industry,595.0
259,2024,561,Commodity,325,Industry,4045.0
259,2024,561,Commodity,326,Industry,1697.0
259,2024,561,Commodity,327,Industry,1335.0
259,2024,561,Commodity,331,Industry,3974.0
259,2024,561,Commodity,332,Industry,9125.0
259,2024,561,Commodity,333,Industry,1897.0
259,2024,561,Commodity,334,Industry,2654.0
259,2024,561,Commodity,335,Industry,632.0
259,2024,561,Commodity,3361MV,Industry,2988.0
259,2024,561,Commodity,3364OT,Industry,4476.0
259,2024,561,Commodity,337,Industry,335.0
259,2024,561,Commodity,339,Industry,1537.0
259,2024,561,Commodity,42,Industry,73786.0
259,2024,561,Commodity,441,Industry,8095.0
259,2024,561,Commodity,445,Industry,2641.0
259,2024,561,Commodity,452,Industry,3516.0
259,2024,561,Commodity,481,Industry,6373.0
259,2024,561,Commodity,482,Industry,1039.0
259,2024,561,Commodity,483,Industry,8326.0
259,2024,561,Commodity,484,Industry,9347.0
259,2024,561,Commodity,485,Industry,16628.0
259,2024,561,Commodity,486,Industry,3336.0
259,2024,561,Commodity,487OS,Industry,10307.0
259,2024,561,Commodity,493,Industry,5397.0
259,2024,561,Commodity,4A0,Industry,22215.0
259,2024,561,Commodity,511,Industry,25754.0
259,2024,561,Commodity,512,Industry,1862.0
259,2024,561,Commodity,513,Industry,28161.0
259,2024,561,Commodity,514,Industry,41953.0
259,2024,561,Commodity,521CI,Industry,22569.0
259,2024,561,Commodity,523,Industry,20291.0
259,2024,561,Commodity,524,Industry,13899.0
259,2024,561,Commodity,525,Industry,212.0
259,2024,561,Commodity,532RL,Industry,48347.0
259,2024,561,Commodity,5411,Industry,9891.0
259,2024,561,Commodity,5412OP,Industry,69359.0
259,2024,561,Commodity,5415,Industry,37605.0
259,2024,561,Commodity,55,Industry,18517.0
259,2024,561,Commodity,561,Industry,76333.0
259,2024,561,Commodity,562,Industry,5456.0
259,2024,561,Commodity,61,Industry,8939.0
259,2024,561,Commodity,621,Industry,36570.0
259,2024,561,Commodity,622,Industry,64622.0
259,2024,561,Commodity,623,Industry,13715.0
259,2024,561,Commodity,624,Industry,4369.0
259,2024,561,Commodity,711AS,Industry,6604.0
259,2024,561,Commodity,713,Industry,4566.0
259,2024,561,Commodity,721,Industry,5884.0
259,2024,561,Commodity,722,Industry,15357.0
259,2024,561,Commodity,81,Industry,19897.0
259,2024,561,Commodity,F010,Industry,100663.0
259,2024,561,Commodity,F040,Industry,7434.0
259,2024,561,Commodity,GFE,Industry,551.0
259,2024,561,Commodity,GFGD,Industry,7705.0
259,2024,561,Commodity,GFGN,Industry,13595.0
259,2024,561,Commodity,GSLE,Industry,12420.0
259,2024,561,Commodity,GSLG,Industry,54682.0
259,2024,561,Commodity,HS,Industry,3022.0
259,2024,561,Commodity,ORE,Industry,234173.0
259,2024,561,Commodity,T001,Industry,1.163867e6
259,2024,561,Commodity,T019,Industry,1.271965e6
259,2024,562,Commodity,111CA,Industry,169.0
259,2024,562,Commodity,113FF,Industry,1.0
259,2024,562,Commodity,211,Industry,575.0
259,2024,562,Commodity,212,Industry,92.0
259,2024,562,Commodity,213,Industry,75.0
259,2024,562,Commodity,22,Industry,540.0
259,2024,562,Commodity,23,Industry,2859.0
259,2024,562,Commodity,311FT,Industry,1369.0
259,2024,562,Commodity,313TT,Industry,42.0
259,2024,562,Commodity,315AL,Industry,4.0
259,2024,562,Commodity,321,Industry,141.0
259,2024,562,Commodity,322,Industry,292.0
259,2024,562,Commodity,323,Industry,85.0
259,2024,562,Commodity,324,Industry,135.0
259,2024,562,Commodity,325,Industry,1310.0
259,2024,562,Commodity,326,Industry,273.0
259,2024,562,Commodity,327,Industry,269.0
259,2024,562,Commodity,331,Industry,306.0
259,2024,562,Commodity,332,Industry,348.0
259,2024,562,Commodity,333,Industry,208.0
259,2024,562,Commodity,334,Industry,67.0
259,2024,562,Commodity,335,Industry,82.0
259,2024,562,Commodity,3361MV,Industry,172.0
259,2024,562,Commodity,3364OT,Industry,124.0
259,2024,562,Commodity,337,Industry,88.0
259,2024,562,Commodity,339,Industry,91.0
259,2024,562,Commodity,42,Industry,2363.0
259,2024,562,Commodity,441,Industry,974.0
259,2024,562,Commodity,445,Industry,310.0
259,2024,562,Commodity,452,Industry,148.0
259,2024,562,Commodity,481,Industry,116.0
259,2024,562,Commodity,482,Industry,163.0
259,2024,562,Commodity,483,Industry,6.0
259,2024,562,Commodity,484,Industry,775.0
259,2024,562,Commodity,485,Industry,84.0
259,2024,562,Commodity,486,Industry,279.0
259,2024,562,Commodity,487OS,Industry,192.0
259,2024,562,Commodity,493,Industry,205.0
259,2024,562,Commodity,4A0,Industry,998.0
259,2024,562,Commodity,511,Industry,57.0
259,2024,562,Commodity,512,Industry,57.0
259,2024,562,Commodity,513,Industry,94.0
259,2024,562,Commodity,514,Industry,138.0
259,2024,562,Commodity,521CI,Industry,459.0
259,2024,562,Commodity,523,Industry,207.0
259,2024,562,Commodity,524,Industry,1519.0
259,2024,562,Commodity,525,Industry,375.0
259,2024,562,Commodity,532RL,Industry,1379.0
259,2024,562,Commodity,5411,Industry,327.0
259,2024,562,Commodity,5412OP,Industry,2058.0
259,2024,562,Commodity,5415,Industry,352.0
259,2024,562,Commodity,55,Industry,609.0
259,2024,562,Commodity,561,Industry,3473.0
259,2024,562,Commodity,562,Industry,14431.0
259,2024,562,Commodity,61,Industry,408.0
259,2024,562,Commodity,621,Industry,2165.0
259,2024,562,Commodity,622,Industry,2380.0
259,2024,562,Commodity,623,Industry,916.0
259,2024,562,Commodity,624,Industry,516.0
259,2024,562,Commodity,711AS,Industry,183.0
259,2024,562,Commodity,713,Industry,721.0
259,2024,562,Commodity,721,Industry,963.0
259,2024,562,Commodity,722,Industry,2414.0
259,2024,562,Commodity,81,Industry,1663.0
259,2024,562,Commodity,F010,Industry,40766.0
259,2024,562,Commodity,F040,Industry,753.0
259,2024,562,Commodity,GFE,Industry,215.0
259,2024,562,Commodity,GFGD,Industry,158.0
259,2024,562,Commodity,GFGN,Industry,851.0
259,2024,562,Commodity,GSLE,Industry,6357.0
259,2024,562,Commodity,GSLG,Industry,31019.0
259,2024,562,Commodity,HS,Industry,3.0
259,2024,562,Commodity,ORE,Industry,67524.0
259,2024,562,Commodity,T001,Industry,160325.0
259,2024,562,Commodity,T019,Industry,201845.0
259,2024,61,Commodity,111CA,Industry,2.0
259,2024,61,Commodity,113FF,Industry,0.0
259,2024,61,Commodity,22,Industry,2.0
259,2024,61,Commodity,23,Industry,0.0
259,2024,61,Commodity,323,Industry,1.0
259,2024,61,Commodity,324,Industry,0.0
259,2024,61,Commodity,326,Industry,0.0
259,2024,61,Commodity,42,Industry,1742.0
259,2024,61,Commodity,441,Industry,304.0
259,2024,61,Commodity,445,Industry,547.0
259,2024,61,Commodity,481,Industry,129.0
259,2024,61,Commodity,482,Industry,1.0
259,2024,61,Commodity,486,Industry,0.0
259,2024,61,Commodity,487OS,Industry,0.0
259,2024,61,Commodity,493,Industry,0.0
259,2024,61,Commodity,4A0,Industry,2514.0
259,2024,61,Commodity,511,Industry,0.0
259,2024,61,Commodity,513,Industry,4.0
259,2024,61,Commodity,514,Industry,0.0
259,2024,61,Commodity,521CI,Industry,35.0
259,2024,61,Commodity,523,Industry,14.0
259,2024,61,Commodity,5412OP,Industry,0.0
259,2024,61,Commodity,5415,Industry,0.0
259,2024,61,Commodity,561,Industry,332.0
259,2024,61,Commodity,61,Industry,2688.0
259,2024,61,Commodity,621,Industry,0.0
259,2024,61,Commodity,622,Industry,6.0
259,2024,61,Commodity,711AS,Industry,6155.0
259,2024,61,Commodity,713,Industry,939.0
259,2024,61,Commodity,81,Industry,4596.0
259,2024,61,Commodity,F010,Industry,476150.0
259,2024,61,Commodity,F040,Industry,2887.0
259,2024,61,Commodity,GFE,Industry,156.0
259,2024,61,Commodity,GFGD,Industry,0.0
259,2024,61,Commodity,GFGN,Industry,41.0
259,2024,61,Commodity,GSLE,Industry,11.0
259,2024,61,Commodity,GSLG,Industry,14081.0
259,2024,61,Commodity,T001,Industry,34300.0
259,2024,61,Commodity,T019,Industry,513338.0
259,2024,621,Commodity,5412OP,Industry,150.0
259,2024,621,Commodity,561,Industry,108.0
259,2024,621,Commodity,621,Industry,19826.0
259,2024,621,Commodity,622,Industry,18965.0
259,2024,621,Commodity,623,Industry,147.0
259,2024,621,Commodity,624,Industry,1.0
259,2024,621,Commodity,711AS,Industry,209.0
259,2024,621,Commodity,713,Industry,7.0
259,2024,621,Commodity,81,Industry,84.0
259,2024,621,Commodity,F010,Industry,1.597086e6
259,2024,621,Commodity,F040,Industry,633.0
259,2024,621,Commodity,GFGN,Industry,2395.0
259,2024,621,Commodity,GSLG,Industry,21850.0
259,2024,621,Commodity,T001,Industry,63742.0
259,2024,621,Commodity,T019,Industry,1.661461e6
259,2024,622,Commodity,622,Industry,1000.0
259,2024,622,Commodity,F010,Industry,1.547193e6
259,2024,622,Commodity,F040,Industry,13973.0
259,2024,622,Commodity,T001,Industry,1000.0
259,2024,622,Commodity,T019,Industry,1.562166e6
259,2024,623,Commodity,F010,Industry,339835.0
259,2024,623,Commodity,F040,Industry,145.0
259,2024,623,Commodity,GFGN,Industry,5221.0
259,2024,623,Commodity,GSLG,Industry,2794.0
259,2024,623,Commodity,T001,Industry,8015.0
259,2024,623,Commodity,T019,Industry,347995.0
259,2024,624,Commodity,4A0,Industry,0.0
259,2024,624,Commodity,F010,Industry,357137.0
259,2024,624,Commodity,GFGN,Industry,0.0
259,2024,624,Commodity,GSLG,Industry,24.0
259,2024,624,Commodity,T001,Industry,24.0
259,2024,624,Commodity,T019,Industry,357161.0
259,2024,711AS,Commodity,111CA,Industry,134.0
259,2024,711AS,Commodity,113FF,Industry,0.0
259,2024,711AS,Commodity,211,Industry,1.0
259,2024,711AS,Commodity,212,Industry,0.0
259,2024,711AS,Commodity,213,Industry,22.0
259,2024,711AS,Commodity,22,Industry,110.0
259,2024,711AS,Commodity,23,Industry,441.0
259,2024,711AS,Commodity,311FT,Industry,177.0
259,2024,711AS,Commodity,313TT,Industry,5.0
259,2024,711AS,Commodity,315AL,Industry,1.0
259,2024,711AS,Commodity,321,Industry,57.0
259,2024,711AS,Commodity,322,Industry,78.0
259,2024,711AS,Commodity,323,Industry,46.0
259,2024,711AS,Commodity,324,Industry,21.0
259,2024,711AS,Commodity,325,Industry,37.0
259,2024,711AS,Commodity,326,Industry,132.0
259,2024,711AS,Commodity,327,Industry,59.0
259,2024,711AS,Commodity,331,Industry,87.0
259,2024,711AS,Commodity,332,Industry,104.0
259,2024,711AS,Commodity,333,Industry,61.0
259,2024,711AS,Commodity,334,Industry,5.0
259,2024,711AS,Commodity,335,Industry,8.0
259,2024,711AS,Commodity,3361MV,Industry,49.0
259,2024,711AS,Commodity,3364OT,Industry,13.0
259,2024,711AS,Commodity,337,Industry,21.0
259,2024,711AS,Commodity,339,Industry,28.0
259,2024,711AS,Commodity,42,Industry,6164.0
259,2024,711AS,Commodity,441,Industry,901.0
259,2024,711AS,Commodity,445,Industry,539.0
259,2024,711AS,Commodity,452,Industry,101.0
259,2024,711AS,Commodity,481,Industry,0.0
259,2024,711AS,Commodity,482,Industry,153.0
259,2024,711AS,Commodity,484,Industry,87.0
259,2024,711AS,Commodity,485,Industry,65.0
259,2024,711AS,Commodity,487OS,Industry,361.0
259,2024,711AS,Commodity,493,Industry,10.0
259,2024,711AS,Commodity,4A0,Industry,1300.0
259,2024,711AS,Commodity,511,Industry,254.0
259,2024,711AS,Commodity,512,Industry,13078.0
259,2024,711AS,Commodity,513,Industry,33783.0
259,2024,711AS,Commodity,514,Industry,844.0
259,2024,711AS,Commodity,521CI,Industry,3591.0
259,2024,711AS,Commodity,523,Industry,1455.0
259,2024,711AS,Commodity,524,Industry,329.0
259,2024,711AS,Commodity,525,Industry,601.0
259,2024,711AS,Commodity,532RL,Industry,669.0
259,2024,711AS,Commodity,5411,Industry,830.0
259,2024,711AS,Commodity,5412OP,Industry,7629.0
259,2024,711AS,Commodity,5415,Industry,1717.0
259,2024,711AS,Commodity,55,Industry,5668.0
259,2024,711AS,Commodity,561,Industry,3207.0
259,2024,711AS,Commodity,562,Industry,201.0
259,2024,711AS,Commodity,61,Industry,1893.0
259,2024,711AS,Commodity,621,Industry,2237.0
259,2024,711AS,Commodity,622,Industry,2771.0
259,2024,711AS,Commodity,623,Industry,429.0
259,2024,711AS,Commodity,624,Industry,1789.0
259,2024,711AS,Commodity,711AS,Industry,40370.0
259,2024,711AS,Commodity,713,Industry,1617.0
259,2024,711AS,Commodity,721,Industry,474.0
259,2024,711AS,Commodity,722,Industry,6642.0
259,2024,711AS,Commodity,81,Industry,3195.0
259,2024,711AS,Commodity,F010,Industry,126226.0
259,2024,711AS,Commodity,F02N,Industry,11517.0
259,2024,711AS,Commodity,F040,Industry,1456.0
259,2024,711AS,Commodity,GFE,Industry,36.0
259,2024,711AS,Commodity,GFGD,Industry,0.0
259,2024,711AS,Commodity,GFGN,Industry,44.0
259,2024,711AS,Commodity,GSLE,Industry,92.0
259,2024,711AS,Commodity,GSLG,Industry,3308.0
259,2024,711AS,Commodity,HS,Industry,1.0
259,2024,711AS,Commodity,ORE,Industry,10055.0
259,2024,711AS,Commodity,T001,Industry,160189.0
259,2024,711AS,Commodity,T019,Industry,299388.0
259,2024,713,Commodity,111CA,Industry,135.0
259,2024,713,Commodity,113FF,Industry,1.0
259,2024,713,Commodity,212,Industry,2.0
259,2024,713,Commodity,213,Industry,47.0
259,2024,713,Commodity,22,Industry,206.0
259,2024,713,Commodity,23,Industry,969.0
259,2024,713,Commodity,311FT,Industry,123.0
259,2024,713,Commodity,313TT,Industry,1.0
259,2024,713,Commodity,315AL,Industry,0.0
259,2024,713,Commodity,321,Industry,52.0
259,2024,713,Commodity,322,Industry,52.0
259,2024,713,Commodity,323,Industry,41.0
259,2024,713,Commodity,324,Industry,10.0
259,2024,713,Commodity,325,Industry,40.0
259,2024,713,Commodity,326,Industry,85.0
259,2024,713,Commodity,327,Industry,83.0
259,2024,713,Commodity,331,Industry,54.0
259,2024,713,Commodity,332,Industry,99.0
259,2024,713,Commodity,333,Industry,53.0
259,2024,713,Commodity,334,Industry,6.0
259,2024,713,Commodity,335,Industry,5.0
259,2024,713,Commodity,3361MV,Industry,45.0
259,2024,713,Commodity,3364OT,Industry,13.0
259,2024,713,Commodity,337,Industry,26.0
259,2024,713,Commodity,339,Industry,29.0
259,2024,713,Commodity,42,Industry,3007.0
259,2024,713,Commodity,441,Industry,56.0
259,2024,713,Commodity,445,Industry,181.0
259,2024,713,Commodity,452,Industry,7.0
259,2024,713,Commodity,481,Industry,1.0
259,2024,713,Commodity,482,Industry,1.0
259,2024,713,Commodity,484,Industry,0.0
259,2024,713,Commodity,487OS,Industry,51.0
259,2024,713,Commodity,493,Industry,4.0
259,2024,713,Commodity,4A0,Industry,1503.0
259,2024,713,Commodity,511,Industry,146.0
259,2024,713,Commodity,512,Industry,64.0
259,2024,713,Commodity,513,Industry,184.0
259,2024,713,Commodity,514,Industry,953.0
259,2024,713,Commodity,521CI,Industry,2105.0
259,2024,713,Commodity,523,Industry,1244.0
259,2024,713,Commodity,524,Industry,179.0
259,2024,713,Commodity,525,Industry,179.0
259,2024,713,Commodity,532RL,Industry,650.0
259,2024,713,Commodity,5411,Industry,457.0
259,2024,713,Commodity,5412OP,Industry,2279.0
259,2024,713,Commodity,5415,Industry,1764.0
259,2024,713,Commodity,55,Industry,3004.0
259,2024,713,Commodity,561,Industry,2188.0
259,2024,713,Commodity,562,Industry,183.0
259,2024,713,Commodity,61,Industry,305.0
259,2024,713,Commodity,621,Industry,2432.0
259,2024,713,Commodity,622,Industry,90.0
259,2024,713,Commodity,623,Industry,212.0
259,2024,713,Commodity,624,Industry,415.0
259,2024,713,Commodity,711AS,Industry,243.0
259,2024,713,Commodity,713,Industry,418.0
259,2024,713,Commodity,721,Industry,488.0
259,2024,713,Commodity,722,Industry,2461.0
259,2024,713,Commodity,81,Industry,333.0
259,2024,713,Commodity,F010,Industry,289915.0
259,2024,713,Commodity,F040,Industry,0.0
259,2024,713,Commodity,GFE,Industry,4.0
259,2024,713,Commodity,GFGD,Industry,2941.0
259,2024,713,Commodity,GFGN,Industry,34.0
259,2024,713,Commodity,GSLE,Industry,162.0
259,2024,713,Commodity,GSLG,Industry,5376.0
259,2024,713,Commodity,HS,Industry,1.0
259,2024,713,Commodity,ORE,Industry,0.0
259,2024,713,Commodity,T001,Industry,38486.0
259,2024,713,Commodity,T019,Industry,328401.0
259,2024,721,Commodity,111CA,Industry,2.0
259,2024,721,Commodity,113FF,Industry,0.0
259,2024,721,Commodity,211,Industry,2.0
259,2024,721,Commodity,212,Industry,10.0
259,2024,721,Commodity,213,Industry,148.0
259,2024,721,Commodity,22,Industry,974.0
259,2024,721,Commodity,23,Industry,757.0
259,2024,721,Commodity,311FT,Industry,428.0
259,2024,721,Commodity,313TT,Industry,12.0
259,2024,721,Commodity,315AL,Industry,2.0
259,2024,721,Commodity,321,Industry,166.0
259,2024,721,Commodity,322,Industry,181.0
259,2024,721,Commodity,323,Industry,188.0
259,2024,721,Commodity,324,Industry,36.0
259,2024,721,Commodity,325,Industry,154.0
259,2024,721,Commodity,326,Industry,318.0
259,2024,721,Commodity,327,Industry,231.0
259,2024,721,Commodity,331,Industry,192.0
259,2024,721,Commodity,332,Industry,346.0
259,2024,721,Commodity,333,Industry,201.0
259,2024,721,Commodity,334,Industry,23.0
259,2024,721,Commodity,335,Industry,38.0
259,2024,721,Commodity,3361MV,Industry,223.0
259,2024,721,Commodity,3364OT,Industry,44.0
259,2024,721,Commodity,337,Industry,87.0
259,2024,721,Commodity,339,Industry,109.0
259,2024,721,Commodity,42,Industry,4890.0
259,2024,721,Commodity,441,Industry,67.0
259,2024,721,Commodity,445,Industry,78.0
259,2024,721,Commodity,452,Industry,47.0
259,2024,721,Commodity,481,Industry,0.0
259,2024,721,Commodity,482,Industry,17.0
259,2024,721,Commodity,484,Industry,0.0
259,2024,721,Commodity,485,Industry,0.0
259,2024,721,Commodity,486,Industry,18.0
259,2024,721,Commodity,487OS,Industry,431.0
259,2024,721,Commodity,493,Industry,16.0
259,2024,721,Commodity,4A0,Industry,372.0
259,2024,721,Commodity,511,Industry,567.0
259,2024,721,Commodity,512,Industry,300.0
259,2024,721,Commodity,513,Industry,719.0
259,2024,721,Commodity,514,Industry,3718.0
259,2024,721,Commodity,521CI,Industry,8184.0
259,2024,721,Commodity,523,Industry,4867.0
259,2024,721,Commodity,524,Industry,634.0
259,2024,721,Commodity,525,Industry,677.0
259,2024,721,Commodity,532RL,Industry,2851.0
259,2024,721,Commodity,5411,Industry,1380.0
259,2024,721,Commodity,5412OP,Industry,8118.0
259,2024,721,Commodity,5415,Industry,6998.0
259,2024,721,Commodity,55,Industry,1195.0
259,2024,721,Commodity,561,Industry,6102.0
259,2024,721,Commodity,562,Industry,835.0
259,2024,721,Commodity,61,Industry,1278.0
259,2024,721,Commodity,621,Industry,6206.0
259,2024,721,Commodity,622,Industry,365.0
259,2024,721,Commodity,623,Industry,481.0
259,2024,721,Commodity,624,Industry,637.0
259,2024,721,Commodity,711AS,Industry,204.0
259,2024,721,Commodity,713,Industry,489.0
259,2024,721,Commodity,721,Industry,768.0
259,2024,721,Commodity,722,Industry,5026.0
259,2024,721,Commodity,81,Industry,1065.0
259,2024,721,Commodity,F010,Industry,212298.0
259,2024,721,Commodity,GFE,Industry,46.0
259,2024,721,Commodity,GFGD,Industry,5309.0
259,2024,721,Commodity,GFGN,Industry,2763.0
259,2024,721,Commodity,GSLE,Industry,362.0
259,2024,721,Commodity,GSLG,Industry,5804.0
259,2024,721,Commodity,HS,Industry,6.0
259,2024,721,Commodity,ORE,Industry,19164.0
259,2024,721,Commodity,T001,Industry,107927.0
259,2024,721,Commodity,T019,Industry,320226.0
259,2024,722,Commodity,111CA,Industry,547.0
259,2024,722,Commodity,113FF,Industry,9.0
259,2024,722,Commodity,211,Industry,24.0
259,2024,722,Commodity,212,Industry,38.0
259,2024,722,Commodity,213,Industry,321.0
259,2024,722,Commodity,22,Industry,2061.0
259,2024,722,Commodity,23,Industry,958.0
259,2024,722,Commodity,311FT,Industry,690.0
259,2024,722,Commodity,313TT,Industry,33.0
259,2024,722,Commodity,315AL,Industry,9.0
259,2024,722,Commodity,321,Industry,248.0
259,2024,722,Commodity,322,Industry,286.0
259,2024,722,Commodity,323,Industry,184.0
259,2024,722,Commodity,324,Industry,82.0
259,2024,722,Commodity,325,Industry,193.0
259,2024,722,Commodity,326,Industry,416.0
259,2024,722,Commodity,327,Industry,299.0
259,2024,722,Commodity,331,Industry,296.0
259,2024,722,Commodity,332,Industry,429.0
259,2024,722,Commodity,333,Industry,265.0
259,2024,722,Commodity,334,Industry,27.0
259,2024,722,Commodity,335,Industry,75.0
259,2024,722,Commodity,3361MV,Industry,262.0
259,2024,722,Commodity,3364OT,Industry,69.0
259,2024,722,Commodity,337,Industry,100.0
259,2024,722,Commodity,339,Industry,131.0
259,2024,722,Commodity,42,Industry,12087.0
259,2024,722,Commodity,441,Industry,1561.0
259,2024,722,Commodity,445,Industry,1022.0
259,2024,722,Commodity,452,Industry,981.0
259,2024,722,Commodity,481,Industry,11824.0
259,2024,722,Commodity,482,Industry,4.0
259,2024,722,Commodity,483,Industry,26.0
259,2024,722,Commodity,484,Industry,991.0
259,2024,722,Commodity,485,Industry,354.0
259,2024,722,Commodity,486,Industry,106.0
259,2024,722,Commodity,487OS,Industry,2271.0
259,2024,722,Commodity,493,Industry,321.0
259,2024,722,Commodity,4A0,Industry,5302.0
259,2024,722,Commodity,511,Industry,521.0
259,2024,722,Commodity,512,Industry,388.0
259,2024,722,Commodity,513,Industry,700.0
259,2024,722,Commodity,514,Industry,3346.0
259,2024,722,Commodity,521CI,Industry,12720.0
259,2024,722,Commodity,523,Industry,5029.0
259,2024,722,Commodity,524,Industry,3254.0
259,2024,722,Commodity,525,Industry,1683.0
259,2024,722,Commodity,532RL,Industry,7891.0
259,2024,722,Commodity,5411,Industry,2634.0
259,2024,722,Commodity,5412OP,Industry,21142.0
259,2024,722,Commodity,5415,Industry,9510.0
259,2024,722,Commodity,55,Industry,6336.0
259,2024,722,Commodity,561,Industry,13557.0
259,2024,722,Commodity,562,Industry,798.0
259,2024,722,Commodity,61,Industry,2345.0
259,2024,722,Commodity,621,Industry,40240.0
259,2024,722,Commodity,622,Industry,29971.0
259,2024,722,Commodity,623,Industry,11963.0
259,2024,722,Commodity,624,Industry,5657.0
259,2024,722,Commodity,711AS,Industry,809.0
259,2024,722,Commodity,713,Industry,2759.0
259,2024,722,Commodity,721,Industry,12290.0
259,2024,722,Commodity,722,Industry,13186.0
259,2024,722,Commodity,81,Industry,2748.0
259,2024,722,Commodity,F010,Industry,1.188857e6
259,2024,722,Commodity,F040,Industry,3101.0
259,2024,722,Commodity,GFE,Industry,349.0
259,2024,722,Commodity,GFGD,Industry,1996.0
259,2024,722,Commodity,GFGN,Industry,907.0
259,2024,722,Commodity,GSLE,Industry,1156.0
259,2024,722,Commodity,GSLG,Industry,29281.0
259,2024,722,Commodity,HS,Industry,5.0
259,2024,722,Commodity,ORE,Industry,59181.0
259,2024,722,Commodity,T001,Industry,349249.0
259,2024,722,Commodity,T019,Industry,1.541208e6
259,2024,81,Commodity,111CA,Industry,399.0
259,2024,81,Commodity,113FF,Industry,54.0
259,2024,81,Commodity,211,Industry,129.0
259,2024,81,Commodity,212,Industry,134.0
259,2024,81,Commodity,213,Industry,255.0
259,2024,81,Commodity,22,Industry,899.0
259,2024,81,Commodity,23,Industry,12179.0
259,2024,81,Commodity,311FT,Industry,2807.0
259,2024,81,Commodity,313TT,Industry,104.0
259,2024,81,Commodity,315AL,Industry,10.0
259,2024,81,Commodity,321,Industry,545.0
259,2024,81,Commodity,322,Industry,1368.0
259,2024,81,Commodity,323,Industry,358.0
259,2024,81,Commodity,324,Industry,439.0
259,2024,81,Commodity,325,Industry,2051.0
259,2024,81,Commodity,326,Industry,1076.0
259,2024,81,Commodity,327,Industry,1388.0
259,2024,81,Commodity,331,Industry,1648.0
259,2024,81,Commodity,332,Industry,1912.0
259,2024,81,Commodity,333,Industry,910.0
259,2024,81,Commodity,334,Industry,457.0
259,2024,81,Commodity,335,Industry,298.0
259,2024,81,Commodity,3361MV,Industry,938.0
259,2024,81,Commodity,3364OT,Industry,492.0
259,2024,81,Commodity,337,Industry,175.0
259,2024,81,Commodity,339,Industry,402.0
259,2024,81,Commodity,42,Industry,25577.0
259,2024,81,Commodity,441,Industry,3609.0
259,2024,81,Commodity,445,Industry,2580.0
259,2024,81,Commodity,452,Industry,1927.0
259,2024,81,Commodity,481,Industry,623.0
259,2024,81,Commodity,482,Industry,109.0
259,2024,81,Commodity,483,Industry,710.0
259,2024,81,Commodity,484,Industry,9392.0
259,2024,81,Commodity,485,Industry,4878.0
259,2024,81,Commodity,486,Industry,775.0
259,2024,81,Commodity,487OS,Industry,2369.0
259,2024,81,Commodity,493,Industry,946.0
259,2024,81,Commodity,4A0,Industry,8092.0
259,2024,81,Commodity,511,Industry,1724.0
259,2024,81,Commodity,512,Industry,245.0
259,2024,81,Commodity,513,Industry,5470.0
259,2024,81,Commodity,514,Industry,2759.0
259,2024,81,Commodity,521CI,Industry,6825.0
259,2024,81,Commodity,523,Industry,7039.0
259,2024,81,Commodity,524,Industry,5260.0
259,2024,81,Commodity,525,Industry,329.0
259,2024,81,Commodity,532RL,Industry,11873.0
259,2024,81,Commodity,5411,Industry,1101.0
259,2024,81,Commodity,5412OP,Industry,12456.0
259,2024,81,Commodity,5415,Industry,2870.0
259,2024,81,Commodity,55,Industry,7744.0
259,2024,81,Commodity,561,Industry,21888.0
259,2024,81,Commodity,562,Industry,6812.0
259,2024,81,Commodity,61,Industry,4124.0
259,2024,81,Commodity,621,Industry,7715.0
259,2024,81,Commodity,622,Industry,15096.0
259,2024,81,Commodity,623,Industry,2004.0
259,2024,81,Commodity,624,Industry,1277.0
259,2024,81,Commodity,711AS,Industry,1430.0
259,2024,81,Commodity,713,Industry,2517.0
259,2024,81,Commodity,721,Industry,2041.0
259,2024,81,Commodity,722,Industry,14273.0
259,2024,81,Commodity,81,Industry,9802.0
259,2024,81,Commodity,F010,Industry,935473.0
259,2024,81,Commodity,F040,Industry,109.0
259,2024,81,Commodity,GFE,Industry,578.0
259,2024,81,Commodity,GFGD,Industry,6009.0
259,2024,81,Commodity,GFGN,Industry,16600.0
259,2024,81,Commodity,GSLE,Industry,6450.0
259,2024,81,Commodity,GSLG,Industry,58467.0
259,2024,81,Commodity,HS,Industry,25628.0
259,2024,81,Commodity,ORE,Industry,7639.0
259,2024,81,Commodity,T001,Industry,369063.0
259,2024,81,Commodity,T019,Industry,1.304645e6
259,2024,GFE,Commodity,111CA,Industry,10.0
259,2024,GFE,Commodity,113FF,Industry,2.0
259,2024,GFE,Commodity,212,Industry,4.0
259,2024,GFE,Commodity,22,Industry,238.0
259,2024,GFE,Commodity,23,Industry,12.0
259,2024,GFE,Commodity,311FT,Industry,0.0
259,2024,GFE,Commodity,313TT,Industry,1.0
259,2024,GFE,Commodity,323,Industry,44.0
259,2024,GFE,Commodity,324,Industry,13.0
259,2024,GFE,Commodity,325,Industry,39.0
259,2024,GFE,Commodity,331,Industry,38.0
259,2024,GFE,Commodity,332,Industry,115.0
259,2024,GFE,Commodity,333,Industry,193.0
259,2024,GFE,Commodity,334,Industry,34.0
259,2024,GFE,Commodity,335,Industry,134.0
259,2024,GFE,Commodity,339,Industry,11.0
259,2024,GFE,Commodity,42,Industry,22072.0
259,2024,GFE,Commodity,441,Industry,1231.0
259,2024,GFE,Commodity,445,Industry,622.0
259,2024,GFE,Commodity,452,Industry,264.0
259,2024,GFE,Commodity,481,Industry,3.0
259,2024,GFE,Commodity,482,Industry,0.0
259,2024,GFE,Commodity,483,Industry,2639.0
259,2024,GFE,Commodity,484,Industry,1978.0
259,2024,GFE,Commodity,485,Industry,590.0
259,2024,GFE,Commodity,486,Industry,163.0
259,2024,GFE,Commodity,487OS,Industry,971.0
259,2024,GFE,Commodity,493,Industry,579.0
259,2024,GFE,Commodity,4A0,Industry,5924.0
259,2024,GFE,Commodity,511,Industry,257.0
259,2024,GFE,Commodity,512,Industry,238.0
259,2024,GFE,Commodity,513,Industry,153.0
259,2024,GFE,Commodity,514,Industry,1630.0
259,2024,GFE,Commodity,521CI,Industry,1279.0
259,2024,GFE,Commodity,523,Industry,3123.0
259,2024,GFE,Commodity,524,Industry,102.0
259,2024,GFE,Commodity,525,Industry,0.0
259,2024,GFE,Commodity,532RL,Industry,2777.0
259,2024,GFE,Commodity,5411,Industry,282.0
259,2024,GFE,Commodity,5412OP,Industry,2236.0
259,2024,GFE,Commodity,5415,Industry,549.0
259,2024,GFE,Commodity,55,Industry,243.0
259,2024,GFE,Commodity,561,Industry,1203.0
259,2024,GFE,Commodity,562,Industry,161.0
259,2024,GFE,Commodity,61,Industry,523.0
259,2024,GFE,Commodity,621,Industry,1566.0
259,2024,GFE,Commodity,622,Industry,3957.0
259,2024,GFE,Commodity,623,Industry,329.0
259,2024,GFE,Commodity,624,Industry,570.0
259,2024,GFE,Commodity,711AS,Industry,212.0
259,2024,GFE,Commodity,713,Industry,172.0
259,2024,GFE,Commodity,721,Industry,817.0
259,2024,GFE,Commodity,722,Industry,9889.0
259,2024,GFE,Commodity,81,Industry,599.0
259,2024,GFE,Commodity,F010,Industry,6649.0
259,2024,GFE,Commodity,F040,Industry,538.0
259,2024,GFE,Commodity,GFE,Industry,93.0
259,2024,GFE,Commodity,GFGD,Industry,1.0
259,2024,GFE,Commodity,GFGN,Industry,149.0
259,2024,GFE,Commodity,GSLE,Industry,150.0
259,2024,GFE,Commodity,GSLG,Industry,2931.0
259,2024,GFE,Commodity,HS,Industry,0.0
259,2024,GFE,Commodity,ORE,Industry,817.0
259,2024,GFE,Commodity,T001,Industry,74932.0
259,2024,GFE,Commodity,T019,Industry,82119.0
259,2024,GFGD,Commodity,F06C,Industry,854761.0
259,2024,GFGD,Commodity,T019,Industry,854761.0
259,2024,GFGN,Commodity,F07C,Industry,586717.0
259,2024,GFGN,Commodity,T019,Industry,586717.0
259,2024,GSLE,Commodity,113FF,Industry,1.0
259,2024,GSLE,Commodity,22,Industry,732.0
259,2024,GSLE,Commodity,311FT,Industry,1267.0
259,2024,GSLE,Commodity,313TT,Industry,45.0
259,2024,GSLE,Commodity,315AL,Industry,1.0
259,2024,GSLE,Commodity,321,Industry,83.0
259,2024,GSLE,Commodity,322,Industry,254.0
259,2024,GSLE,Commodity,323,Industry,68.0
259,2024,GSLE,Commodity,324,Industry,121.0
259,2024,GSLE,Commodity,325,Industry,1254.0
259,2024,GSLE,Commodity,326,Industry,211.0
259,2024,GSLE,Commodity,327,Industry,224.0
259,2024,GSLE,Commodity,331,Industry,257.0
259,2024,GSLE,Commodity,332,Industry,294.0
259,2024,GSLE,Commodity,333,Industry,204.0
259,2024,GSLE,Commodity,334,Industry,51.0
259,2024,GSLE,Commodity,335,Industry,66.0
259,2024,GSLE,Commodity,3361MV,Industry,162.0
259,2024,GSLE,Commodity,3364OT,Industry,119.0
259,2024,GSLE,Commodity,337,Industry,54.0
259,2024,GSLE,Commodity,339,Industry,85.0
259,2024,GSLE,Commodity,42,Industry,1760.0
259,2024,GSLE,Commodity,441,Industry,694.0
259,2024,GSLE,Commodity,445,Industry,302.0
259,2024,GSLE,Commodity,452,Industry,125.0
259,2024,GSLE,Commodity,481,Industry,6.0
259,2024,GSLE,Commodity,484,Industry,422.0
259,2024,GSLE,Commodity,485,Industry,10.0
259,2024,GSLE,Commodity,486,Industry,136.0
259,2024,GSLE,Commodity,487OS,Industry,78.0
259,2024,GSLE,Commodity,493,Industry,176.0
259,2024,GSLE,Commodity,4A0,Industry,857.0
259,2024,GSLE,Commodity,511,Industry,73.0
259,2024,GSLE,Commodity,512,Industry,78.0
259,2024,GSLE,Commodity,513,Industry,100.0
259,2024,GSLE,Commodity,514,Industry,190.0
259,2024,GSLE,Commodity,521CI,Industry,586.0
259,2024,GSLE,Commodity,523,Industry,351.0
259,2024,GSLE,Commodity,524,Industry,83.0
259,2024,GSLE,Commodity,532RL,Industry,2556.0
259,2024,GSLE,Commodity,5411,Industry,536.0
259,2024,GSLE,Commodity,5412OP,Industry,1456.0
259,2024,GSLE,Commodity,5415,Industry,305.0
259,2024,GSLE,Commodity,55,Industry,527.0
259,2024,GSLE,Commodity,561,Industry,1882.0
259,2024,GSLE,Commodity,562,Industry,1205.0
259,2024,GSLE,Commodity,61,Industry,272.0
259,2024,GSLE,Commodity,621,Industry,1172.0
259,2024,GSLE,Commodity,622,Industry,1171.0
259,2024,GSLE,Commodity,623,Industry,707.0
259,2024,GSLE,Commodity,624,Industry,319.0
259,2024,GSLE,Commodity,711AS,Industry,185.0
259,2024,GSLE,Commodity,713,Industry,374.0
259,2024,GSLE,Commodity,721,Industry,910.0
259,2024,GSLE,Commodity,722,Industry,2203.0
259,2024,GSLE,Commodity,81,Industry,1617.0
259,2024,GSLE,Commodity,F010,Industry,107344.0
259,2024,GSLE,Commodity,GFE,Industry,198.0
259,2024,GSLE,Commodity,GFGD,Industry,1920.0
259,2024,GSLE,Commodity,GFGN,Industry,641.0
259,2024,GSLE,Commodity,GSLE,Industry,3193.0
259,2024,GSLE,Commodity,GSLG,Industry,9506.0
259,2024,GSLE,Commodity,ORE,Industry,4269.0
259,2024,GSLE,Commodity,T001,Industry,48700.0
259,2024,GSLE,Commodity,T019,Industry,156044.0
259,2024,GSLG,Commodity,F10C,Industry,2.550362e6
259,2024,GSLG,Commodity,T019,Industry,2.550362e6
259,2024,HS,Commodity,F010,Industry,3.143691e6
259,2024,HS,Commodity,T019,Industry,3.143691e6
259,2024,ORE,Commodity,111CA,Industry,3039.0
259,2024,ORE,Commodity,113FF,Industry,32.0
259,2024,ORE,Commodity,211,Industry,2988.0
259,2024,ORE,Commodity,212,Industry,273.0
259,2024,ORE,Commodity,213,Industry,655.0
259,2024,ORE,Commodity,22,Industry,7398.0
259,2024,ORE,Commodity,23,Industry,37412.0
259,2024,ORE,Commodity,311FT,Industry,6657.0
259,2024,ORE,Commodity,313TT,Industry,549.0
259,2024,ORE,Commodity,315AL,Industry,188.0
259,2024,ORE,Commodity,321,Industry,1022.0
259,2024,ORE,Commodity,322,Industry,2397.0
259,2024,ORE,Commodity,323,Industry,2455.0
259,2024,ORE,Commodity,324,Industry,161.0
259,2024,ORE,Commodity,325,Industry,6614.0
259,2024,ORE,Commodity,326,Industry,3863.0
259,2024,ORE,Commodity,327,Industry,1536.0
259,2024,ORE,Commodity,331,Industry,704.0
259,2024,ORE,Commodity,332,Industry,7318.0
259,2024,ORE,Commodity,333,Industry,2555.0
259,2024,ORE,Commodity,334,Industry,7386.0
259,2024,ORE,Commodity,335,Industry,1459.0
259,2024,ORE,Commodity,3361MV,Industry,2320.0
259,2024,ORE,Commodity,3364OT,Industry,1924.0
259,2024,ORE,Commodity,337,Industry,1612.0
259,2024,ORE,Commodity,339,Industry,2141.0
259,2024,ORE,Commodity,42,Industry,135358.0
259,2024,ORE,Commodity,441,Industry,39533.0
259,2024,ORE,Commodity,445,Industry,35625.0
259,2024,ORE,Commodity,452,Industry,20000.0
259,2024,ORE,Commodity,481,Industry,617.0
259,2024,ORE,Commodity,482,Industry,263.0
259,2024,ORE,Commodity,483,Industry,1503.0
259,2024,ORE,Commodity,484,Industry,11712.0
259,2024,ORE,Commodity,485,Industry,6612.0
259,2024,ORE,Commodity,486,Industry,680.0
259,2024,ORE,Commodity,487OS,Industry,8372.0
259,2024,ORE,Commodity,493,Industry,12073.0
259,2024,ORE,Commodity,4A0,Industry,160241.0
259,2024,ORE,Commodity,511,Industry,14479.0
259,2024,ORE,Commodity,512,Industry,5524.0
259,2024,ORE,Commodity,513,Industry,43945.0
259,2024,ORE,Commodity,514,Industry,22819.0
259,2024,ORE,Commodity,521CI,Industry,34270.0
259,2024,ORE,Commodity,523,Industry,56809.0
259,2024,ORE,Commodity,524,Industry,31230.0
259,2024,ORE,Commodity,525,Industry,1416.0
259,2024,ORE,Commodity,532RL,Industry,23800.0
259,2024,ORE,Commodity,5411,Industry,23739.0
259,2024,ORE,Commodity,5412OP,Industry,92448.0
259,2024,ORE,Commodity,5415,Industry,12363.0
259,2024,ORE,Commodity,55,Industry,52655.0
259,2024,ORE,Commodity,561,Industry,37278.0
259,2024,ORE,Commodity,562,Industry,5340.0
259,2024,ORE,Commodity,61,Industry,51588.0
259,2024,ORE,Commodity,621,Industry,82871.0
259,2024,ORE,Commodity,622,Industry,116729.0
259,2024,ORE,Commodity,623,Industry,41034.0
259,2024,ORE,Commodity,624,Industry,20741.0
259,2024,ORE,Commodity,711AS,Industry,20295.0
259,2024,ORE,Commodity,713,Industry,33626.0
259,2024,ORE,Commodity,721,Industry,4658.0
259,2024,ORE,Commodity,722,Industry,101263.0
259,2024,ORE,Commodity,81,Industry,121891.0
259,2024,ORE,Commodity,F010,Industry,8094.0
259,2024,ORE,Commodity,F02R,Industry,159902.0
259,2024,ORE,Commodity,F02S,Industry,43917.0
259,2024,ORE,Commodity,F040,Industry,3344.0
259,2024,ORE,Commodity,GFE,Industry,1006.0
259,2024,ORE,Commodity,GFGD,Industry,820.0
259,2024,ORE,Commodity,GFGN,Industry,17356.0
259,2024,ORE,Commodity,GSLE,Industry,3766.0
259,2024,ORE,Commodity,GSLG,Industry,27975.0
259,2024,ORE,Commodity,HS,Industry,6219.0
259,2024,ORE,Commodity,ORE,Industry,234838.0
259,2024,ORE,Commodity,T001,Industry,1.882038e6
259,2024,ORE,Commodity,T019,Industry,2.097296e6
259,2024,Other,Commodity,111CA,Industry,1088.0
259,2024,Other,Commodity,113FF,Industry,31.0
259,2024,Other,Commodity,211,Industry,1073.0
259,2024,Other,Commodity,212,Industry,14.0
259,2024,Other,Commodity,213,Industry,214.0
259,2024,Other,Commodity,22,Industry,1071.0
259,2024,Other,Commodity,23,Industry,2926.0
259,2024,Other,Commodity,311FT,Industry,2431.0
259,2024,Other,Commodity,313TT,Industry,82.0
259,2024,Other,Commodity,315AL,Industry,21.0
259,2024,Other,Commodity,321,Industry,348.0
259,2024,Other,Commodity,322,Industry,709.0
259,2024,Other,Commodity,323,Industry,243.0
259,2024,Other,Commodity,324,Industry,1801.0
259,2024,Other,Commodity,325,Industry,1711.0
259,2024,Other,Commodity,326,Industry,707.0
259,2024,Other,Commodity,327,Industry,357.0
259,2024,Other,Commodity,331,Industry,796.0
259,2024,Other,Commodity,332,Industry,760.0
259,2024,Other,Commodity,333,Industry,1072.0
259,2024,Other,Commodity,334,Industry,2820.0
259,2024,Other,Commodity,335,Industry,424.0
259,2024,Other,Commodity,3361MV,Industry,2062.0
259,2024,Other,Commodity,3364OT,Industry,398.0
259,2024,Other,Commodity,337,Industry,125.0
259,2024,Other,Commodity,339,Industry,295.0
259,2024,Other,Commodity,42,Industry,8994.0
259,2024,Other,Commodity,441,Industry,126.0
259,2024,Other,Commodity,445,Industry,516.0
259,2024,Other,Commodity,452,Industry,755.0
259,2024,Other,Commodity,481,Industry,24306.0
259,2024,Other,Commodity,482,Industry,98.0
259,2024,Other,Commodity,483,Industry,2195.0
259,2024,Other,Commodity,484,Industry,849.0
259,2024,Other,Commodity,485,Industry,24.0
259,2024,Other,Commodity,486,Industry,161.0
259,2024,Other,Commodity,487OS,Industry,755.0
259,2024,Other,Commodity,493,Industry,108.0
259,2024,Other,Commodity,4A0,Industry,3722.0
259,2024,Other,Commodity,511,Industry,778.0
259,2024,Other,Commodity,512,Industry,366.0
259,2024,Other,Commodity,513,Industry,5455.0
259,2024,Other,Commodity,514,Industry,989.0
259,2024,Other,Commodity,521CI,Industry,3193.0
259,2024,Other,Commodity,523,Industry,56709.0
259,2024,Other,Commodity,524,Industry,2272.0
259,2024,Other,Commodity,525,Industry,144.0
259,2024,Other,Commodity,532RL,Industry,3485.0
259,2024,Other,Commodity,5411,Industry,141.0
259,2024,Other,Commodity,5412OP,Industry,3653.0
259,2024,Other,Commodity,5415,Industry,2672.0
259,2024,Other,Commodity,55,Industry,2185.0
259,2024,Other,Commodity,561,Industry,1536.0
259,2024,Other,Commodity,562,Industry,89.0
259,2024,Other,Commodity,61,Industry,476.0
259,2024,Other,Commodity,623,Industry,499.0
259,2024,Other,Commodity,711AS,Industry,530.0
259,2024,Other,Commodity,713,Industry,550.0
259,2024,Other,Commodity,721,Industry,968.0
259,2024,Other,Commodity,722,Industry,3873.0
259,2024,Other,Commodity,81,Industry,4015.0
259,2024,Other,Commodity,F010,Industry,-36201.0
259,2024,Other,Commodity,F02N,Industry,15403.0
259,2024,Other,Commodity,F040,Industry,223557.0
259,2024,Other,Commodity,GFE,Industry,4.0
259,2024,Other,Commodity,GFGD,Industry,9347.0
259,2024,Other,Commodity,GFGN,Industry,1708.0
259,2024,Other,Commodity,HS,Industry,21.0
259,2024,Other,Commodity,ORE,Industry,786.0
259,2024,Other,Commodity,T001,Industry,172628.0
259,2024,Other,Commodity,T019,Industry,375387.0
259,2024,T005,Commodity,111CA,Industry,349875.0
259,2024,T005,Commodity,113FF,Industry,14283.0
259,2024,T005,Commodity,211,Industry,203385.0
259,2024,T005,Commodity,212,Industry,59052.0
259,2024,T005,Commodity,213,Industry,39720.0
259,2024,T005,Commodity,22,Industry,188914.0
259,2024,T005,Commodity,23,Industry,1.206105e6
259,2024,T005,Commodity,311FT,Industry,892698.0
259,2024,T005,Commodity,313TT,Industry,30510.0
259,2024,T005,Commodity,315AL,Industry,9428.0
259,2024,T005,Commodity,321,Industry,113984.0
259,2024,T005,Commodity,322,Industry,144401.0
259,2024,T005,Commodity,323,Industry,43111.0
259,2024,T005,Commodity,324,Industry,454919.0
259,2024,T005,Commodity,325,Industry,441803.0
259,2024,T005,Commodity,326,Industry,196906.0
259,2024,T005,Commodity,327,Industry,97773.0
259,2024,T005,Commodity,331,Industry,225585.0
259,2024,T005,Commodity,332,Industry,269962.0
259,2024,T005,Commodity,333,Industry,228106.0
259,2024,T005,Commodity,334,Industry,112808.0
259,2024,T005,Commodity,335,Industry,112524.0
259,2024,T005,Commodity,3361MV,Industry,585113.0
259,2024,T005,Commodity,3364OT,Industry,179811.0
259,2024,T005,Commodity,337,Industry,50161.0
259,2024,T005,Commodity,339,Industry,64278.0
259,2024,T005,Commodity,42,Industry,1.233216e6
259,2024,T005,Commodity,441,Industry,194953.0
259,2024,T005,Commodity,445,Industry,114731.0
259,2024,T005,Commodity,452,Industry,84380.0
259,2024,T005,Commodity,481,Industry,153564.0
259,2024,T005,Commodity,482,Industry,39290.0
259,2024,T005,Commodity,483,Industry,53224.0
259,2024,T005,Commodity,484,Industry,269591.0
259,2024,T005,Commodity,485,Industry,94363.0
259,2024,T005,Commodity,486,Industry,24710.0
259,2024,T005,Commodity,487OS,Industry,138679.0
259,2024,T005,Commodity,493,Industry,60471.0
259,2024,T005,Commodity,4A0,Industry,590901.0
259,2024,T005,Commodity,511,Industry,208911.0
259,2024,T005,Commodity,512,Industry,87599.0
259,2024,T005,Commodity,513,Industry,437018.0
259,2024,T005,Commodity,514,Industry,360997.0
259,2024,T005,Commodity,521CI,Industry,410610.0
259,2024,T005,Commodity,523,Industry,536574.0
259,2024,T005,Commodity,524,Industry,744193.0
259,2024,T005,Commodity,525,Industry,236757.0
259,2024,T005,Commodity,532RL,Industry,302174.0
259,2024,T005,Commodity,5411,Industry,95166.0
259,2024,T005,Commodity,5412OP,Industry,827271.0
259,2024,T005,Commodity,5415,Industry,211991.0
259,2024,T005,Commodity,55,Industry,313630.0
259,2024,T005,Commodity,561,Industry,514502.0
259,2024,T005,Commodity,562,Industry,88937.0
259,2024,T005,Commodity,61,Industry,160971.0
259,2024,T005,Commodity,621,Industry,546997.0
259,2024,T005,Commodity,622,Industry,569312.0
259,2024,T005,Commodity,623,Industry,134703.0
259,2024,T005,Commodity,624,Industry,127799.0
259,2024,T005,Commodity,711AS,Industry,128841.0
259,2024,T005,Commodity,713,Industry,115215.0
259,2024,T005,Commodity,721,Industry,127151.0
259,2024,T005,Commodity,722,Industry,658864.0
259,2024,T005,Commodity,81,Industry,467463.0
259,2024,T005,Commodity,F010,Industry,1.9896009e7
259,2024,T005,Commodity,F02E,Industry,1.484254e6
259,2024,T005,Commodity,F02N,Industry,1.603882e6
259,2024,T005,Commodity,F02R,Industry,1.182839e6
259,2024,T005,Commodity,F02S,Industry,934799.0
259,2024,T005,Commodity,F030,Industry,53546.0
259,2024,T005,Commodity,F040,Industry,2.783078e6
259,2024,T005,Commodity,F06C,Industry,854761.0
259,2024,T005,Commodity,F06E,Industry,108580.0
259,2024,T005,Commodity,F06N,Industry,102292.0
259,2024,T005,Commodity,F06S,Industry,17088.0
259,2024,T005,Commodity,F07C,Industry,586717.0
259,2024,T005,Commodity,F07E,Industry,25177.0
259,2024,T005,Commodity,F07N,Industry,178599.0
259,2024,T005,Commodity,F07S,Industry,19187.0
259,2024,T005,Commodity,F10C,Industry,2.550362e6
259,2024,T005,Commodity,F10E,Industry,60527.0
259,2024,T005,Commodity,F10N,Industry,73936.0
259,2024,T005,Commodity,F10S,Industry,463918.0
259,2024,T005,Commodity,GFE,Industry,32600.0
259,2024,T005,Commodity,GFGD,Industry,342461.0
259,2024,T005,Commodity,GFGN,Industry,192235.0
259,2024,T005,Commodity,GSLE,Industry,340116.0
259,2024,T005,Commodity,GSLG,Industry,1.223743e6
259,2024,T005,Commodity,HS,Industry,309747.0
259,2024,T005,Commodity,ORE,Industry,1.216705e6
259,2024,T005,Commodity,T001,Industry,2.1438542e7
259,2024,T005,Commodity,T019,Industry,5.4418093e7
259,2024,T00OSUB,Commodity,111CA,Industry,0.0
259,2024,T00OSUB,Commodity,113FF,Industry,0.0
259,2024,T00OSUB,Commodity,211,Industry,0.0
259,2024,T00OSUB,Commodity,212,Industry,0.0
259,2024,T00OSUB,Commodity,213,Industry,0.0
259,2024,T00OSUB,Commodity,22,Industry,0.0
259,2024,T00OSUB,Commodity,23,Industry,0.0
259,2024,T00OSUB,Commodity,311FT,Industry,0.0
259,2024,T00OSUB,Commodity,313TT,Industry,0.0
259,2024,T00OSUB,Commodity,315AL,Industry,0.0
259,2024,T00OSUB,Commodity,321,Industry,0.0
259,2024,T00OSUB,Commodity,322,Industry,0.0
259,2024,T00OSUB,Commodity,323,Industry,0.0
259,2024,T00OSUB,Commodity,324,Industry,0.0
259,2024,T00OSUB,Commodity,325,Industry,0.0
259,2024,T00OSUB,Commodity,326,Industry,0.0
259,2024,T00OSUB,Commodity,327,Industry,0.0
259,2024,T00OSUB,Commodity,331,Industry,0.0
259,2024,T00OSUB,Commodity,332,Industry,0.0
259,2024,T00OSUB,Commodity,333,Industry,0.0
259,2024,T00OSUB,Commodity,334,Industry,0.0
259,2024,T00OSUB,Commodity,335,Industry,0.0
259,2024,T00OSUB,Commodity,3361MV,Industry,0.0
259,2024,T00OSUB,Commodity,3364OT,Industry,0.0
259,2024,T00OSUB,Commodity,337,Industry,0.0
259,2024,T00OSUB,Commodity,339,Industry,0.0
259,2024,T00OSUB,Commodity,42,Industry,0.0
259,2024,T00OSUB,Commodity,441,Industry,0.0
259,2024,T00OSUB,Commodity,445,Industry,0.0
259,2024,T00OSUB,Commodity,452,Industry,0.0
259,2024,T00OSUB,Commodity,481,Industry,-2.0
259,2024,T00OSUB,Commodity,482,Industry,0.0
259,2024,T00OSUB,Commodity,483,Industry,0.0
259,2024,T00OSUB,Commodity,484,Industry,0.0
259,2024,T00OSUB,Commodity,485,Industry,0.0
259,2024,T00OSUB,Commodity,486,Industry,0.0
259,2024,T00OSUB,Commodity,487OS,Industry,0.0
259,2024,T00OSUB,Commodity,493,Industry,0.0
259,2024,T00OSUB,Commodity,4A0,Industry,0.0
259,2024,T00OSUB,Commodity,511,Industry,0.0
259,2024,T00OSUB,Commodity,512,Industry,0.0
259,2024,T00OSUB,Commodity,513,Industry,0.0
259,2024,T00OSUB,Commodity,514,Industry,0.0
259,2024,T00OSUB,Commodity,521CI,Industry,146.0
259,2024,T00OSUB,Commodity,523,Industry,1.0
259,2024,T00OSUB,Commodity,524,Industry,0.0
259,2024,T00OSUB,Commodity,525,Industry,0.0
259,2024,T00OSUB,Commodity,532RL,Industry,0.0
259,2024,T00OSUB,Commodity,5411,Industry,0.0
259,2024,T00OSUB,Commodity,5412OP,Industry,0.0
259,2024,T00OSUB,Commodity,5415,Industry,0.0
259,2024,T00OSUB,Commodity,55,Industry,3.0
259,2024,T00OSUB,Commodity,561,Industry,0.0
259,2024,T00OSUB,Commodity,562,Industry,0.0
259,2024,T00OSUB,Commodity,61,Industry,0.0
259,2024,T00OSUB,Commodity,621,Industry,646.0
259,2024,T00OSUB,Commodity,622,Industry,298.0
259,2024,T00OSUB,Commodity,623,Industry,50.0
259,2024,T00OSUB,Commodity,624,Industry,3742.0
259,2024,T00OSUB,Commodity,711AS,Industry,0.0
259,2024,T00OSUB,Commodity,713,Industry,0.0
259,2024,T00OSUB,Commodity,721,Industry,0.0
259,2024,T00OSUB,Commodity,722,Industry,0.0
259,2024,T00OSUB,Commodity,81,Industry,0.0
259,2024,T00OSUB,Commodity,HS,Industry,0.0
259,2024,T00OSUB,Commodity,ORE,Industry,0.0
259,2024,T00OSUB,Commodity,T001,Industry,4883.0
259,2024,T00OTOP,Commodity,111CA,Industry,12584.0
259,2024,T00OTOP,Commodity,113FF,Industry,1672.0
259,2024,T00OTOP,Commodity,211,Industry,31940.0
259,2024,T00OTOP,Commodity,212,Industry,3846.0
259,2024,T00OTOP,Commodity,213,Industry,2646.0
259,2024,T00OTOP,Commodity,22,Industry,45724.0
259,2024,T00OTOP,Commodity,23,Industry,11897.0
259,2024,T00OTOP,Commodity,311FT,Industry,9189.0
259,2024,T00OTOP,Commodity,313TT,Industry,811.0
259,2024,T00OTOP,Commodity,315AL,Industry,383.0
259,2024,T00OTOP,Commodity,321,Industry,929.0
259,2024,T00OTOP,Commodity,322,Industry,2357.0
259,2024,T00OTOP,Commodity,323,Industry,992.0
259,2024,T00OTOP,Commodity,324,Industry,4900.0
259,2024,T00OTOP,Commodity,325,Industry,19474.0
259,2024,T00OTOP,Commodity,326,Industry,2222.0
259,2024,T00OTOP,Commodity,327,Industry,2008.0
259,2024,T00OTOP,Commodity,331,Industry,3345.0
259,2024,T00OTOP,Commodity,332,Industry,4023.0
259,2024,T00OTOP,Commodity,333,Industry,4827.0
259,2024,T00OTOP,Commodity,334,Industry,11201.0
259,2024,T00OTOP,Commodity,335,Industry,1563.0
259,2024,T00OTOP,Commodity,3361MV,Industry,4879.0
259,2024,T00OTOP,Commodity,3364OT,Industry,3926.0
259,2024,T00OTOP,Commodity,337,Industry,527.0
259,2024,T00OTOP,Commodity,339,Industry,2208.0
259,2024,T00OTOP,Commodity,42,Industry,18303.0
259,2024,T00OTOP,Commodity,441,Industry,4384.0
259,2024,T00OTOP,Commodity,445,Industry,4547.0
259,2024,T00OTOP,Commodity,452,Industry,3516.0
259,2024,T00OTOP,Commodity,481,Industry,5068.0
259,2024,T00OTOP,Commodity,482,Industry,1686.0
259,2024,T00OTOP,Commodity,483,Industry,1164.0
259,2024,T00OTOP,Commodity,484,Industry,5730.0
259,2024,T00OTOP,Commodity,485,Industry,1348.0
259,2024,T00OTOP,Commodity,486,Industry,4832.0
259,2024,T00OTOP,Commodity,487OS,Industry,3208.0
259,2024,T00OTOP,Commodity,493,Industry,1136.0
259,2024,T00OTOP,Commodity,4A0,Industry,18768.0
259,2024,T00OTOP,Commodity,511,Industry,6916.0
259,2024,T00OTOP,Commodity,512,Industry,5069.0
259,2024,T00OTOP,Commodity,513,Industry,4070.0
259,2024,T00OTOP,Commodity,514,Industry,5653.0
259,2024,T00OTOP,Commodity,521CI,Industry,22805.0
259,2024,T00OTOP,Commodity,523,Industry,6553.0
259,2024,T00OTOP,Commodity,524,Industry,9028.0
259,2024,T00OTOP,Commodity,525,Industry,720.0
259,2024,T00OTOP,Commodity,532RL,Industry,11487.0
259,2024,T00OTOP,Commodity,5411,Industry,1850.0
259,2024,T00OTOP,Commodity,5412OP,Industry,13924.0
259,2024,T00OTOP,Commodity,5415,Industry,3024.0
259,2024,T00OTOP,Commodity,55,Industry,10768.0
259,2024,T00OTOP,Commodity,561,Industry,6080.0
259,2024,T00OTOP,Commodity,562,Industry,2654.0
259,2024,T00OTOP,Commodity,61,Industry,11998.0
259,2024,T00OTOP,Commodity,621,Industry,11313.0
259,2024,T00OTOP,Commodity,622,Industry,16639.0
259,2024,T00OTOP,Commodity,623,Industry,4937.0
259,2024,T00OTOP,Commodity,624,Industry,1724.0
259,2024,T00OTOP,Commodity,711AS,Industry,3765.0
259,2024,T00OTOP,Commodity,713,Industry,4989.0
259,2024,T00OTOP,Commodity,721,Industry,8454.0
259,2024,T00OTOP,Commodity,722,Industry,6087.0
259,2024,T00OTOP,Commodity,81,Industry,14535.0
259,2024,T00OTOP,Commodity,HS,Industry,356011.0
259,2024,T00OTOP,Commodity,ORE,Industry,40183.0
259,2024,T00OTOP,Commodity,T001,Industry,855001.0
259,2024,T00SUB,Commodity,111CA,Industry,7036.0
259,2024,T00SUB,Commodity,22,Industry,0.0
259,2024,T00SUB,Commodity,313TT,Industry,20.0
259,2024,T00SUB,Commodity,324,Industry,0.0
259,2024,T00SUB,Commodity,325,Industry,50.0
259,2024,T00SUB,Commodity,335,Industry,608.0
259,2024,T00SUB,Commodity,441,Industry,0.0
259,2024,T00SUB,Commodity,481,Industry,401.0
259,2024,T00SUB,Commodity,482,Industry,4442.0
259,2024,T00SUB,Commodity,483,Industry,5.0
259,2024,T00SUB,Commodity,484,Industry,0.0
259,2024,T00SUB,Commodity,513,Industry,0.0
259,2024,T00SUB,Commodity,521CI,Industry,263.0
259,2024,T00SUB,Commodity,622,Industry,14.0
259,2024,T00SUB,Commodity,GFE,Industry,6847.0
259,2024,T00SUB,Commodity,GSLE,Industry,39580.0
259,2024,T00SUB,Commodity,HS,Industry,28893.0
259,2024,T00SUB,Commodity,ORE,Industry,1198.0
259,2024,T00SUB,Commodity,T001,Industry,89356.0
259,2024,T00TOP,Commodity,113FF,Industry,928.0
259,2024,T00TOP,Commodity,211,Industry,17169.0
259,2024,T00TOP,Commodity,212,Industry,4130.0
259,2024,T00TOP,Commodity,213,Industry,271.0
259,2024,T00TOP,Commodity,22,Industry,39497.0
259,2024,T00TOP,Commodity,23,Industry,3010.0
259,2024,T00TOP,Commodity,311FT,Industry,14412.0
259,2024,T00TOP,Commodity,313TT,Industry,19.0
259,2024,T00TOP,Commodity,315AL,Industry,20.0
259,2024,T00TOP,Commodity,321,Industry,203.0
259,2024,T00TOP,Commodity,322,Industry,148.0
259,2024,T00TOP,Commodity,323,Industry,66.0
259,2024,T00TOP,Commodity,324,Industry,1373.0
259,2024,T00TOP,Commodity,325,Industry,5257.0
259,2024,T00TOP,Commodity,326,Industry,1054.0
259,2024,T00TOP,Commodity,327,Industry,201.0
259,2024,T00TOP,Commodity,331,Industry,208.0
259,2024,T00TOP,Commodity,332,Industry,1697.0
259,2024,T00TOP,Commodity,333,Industry,332.0
259,2024,T00TOP,Commodity,334,Industry,636.0
259,2024,T00TOP,Commodity,335,Industry,184.0
259,2024,T00TOP,Commodity,3361MV,Industry,398.0
259,2024,T00TOP,Commodity,3364OT,Industry,180.0
259,2024,T00TOP,Commodity,337,Industry,57.0
259,2024,T00TOP,Commodity,339,Industry,475.0
259,2024,T00TOP,Commodity,42,Industry,309995.0
259,2024,T00TOP,Commodity,441,Industry,66301.0
259,2024,T00TOP,Commodity,445,Industry,32606.0
259,2024,T00TOP,Commodity,452,Industry,54117.0
259,2024,T00TOP,Commodity,481,Industry,30189.0
259,2024,T00TOP,Commodity,482,Industry,902.0
259,2024,T00TOP,Commodity,483,Industry,369.0
259,2024,T00TOP,Commodity,484,Industry,678.0
259,2024,T00TOP,Commodity,485,Industry,1709.0
259,2024,T00TOP,Commodity,486,Industry,88.0
259,2024,T00TOP,Commodity,487OS,Industry,488.0
259,2024,T00TOP,Commodity,493,Industry,307.0
259,2024,T00TOP,Commodity,4A0,Industry,153979.0
259,2024,T00TOP,Commodity,511,Industry,1373.0
259,2024,T00TOP,Commodity,512,Industry,1722.0
259,2024,T00TOP,Commodity,513,Industry,38302.0
259,2024,T00TOP,Commodity,514,Industry,2828.0
259,2024,T00TOP,Commodity,521CI,Industry,3639.0
259,2024,T00TOP,Commodity,523,Industry,1744.0
259,2024,T00TOP,Commodity,524,Industry,39289.0
259,2024,T00TOP,Commodity,525,Industry,115.0
259,2024,T00TOP,Commodity,532RL,Industry,20354.0
259,2024,T00TOP,Commodity,5411,Industry,21446.0
259,2024,T00TOP,Commodity,5412OP,Industry,10038.0
259,2024,T00TOP,Commodity,5415,Industry,9104.0
259,2024,T00TOP,Commodity,55,Industry,2113.0
259,2024,T00TOP,Commodity,561,Industry,9762.0
259,2024,T00TOP,Commodity,562,Industry,2847.0
259,2024,T00TOP,Commodity,61,Industry,1388.0
259,2024,T00TOP,Commodity,621,Industry,2647.0
259,2024,T00TOP,Commodity,622,Industry,4743.0
259,2024,T00TOP,Commodity,623,Industry,4624.0
259,2024,T00TOP,Commodity,624,Industry,2042.0
259,2024,T00TOP,Commodity,711AS,Industry,6830.0
259,2024,T00TOP,Commodity,713,Industry,23295.0
259,2024,T00TOP,Commodity,721,Industry,38779.0
259,2024,T00TOP,Commodity,722,Industry,82959.0
259,2024,T00TOP,Commodity,81,Industry,21229.0
259,2024,T00TOP,Commodity,GFE,Industry,0.0
259,2024,T00TOP,Commodity,GSLE,Industry,977.0
259,2024,T00TOP,Commodity,ORE,Industry,1836.0
259,2024,T00TOP,Commodity,T001,Industry,1.099682e6
259,2024,T018,Commodity,111CA,Industry,572741.0
259,2024,T018,Commodity,113FF,Industry,67211.0
259,2024,T018,Commodity,211,Industry,438824.0
259,2024,T018,Commodity,212,Industry,135721.0
259,2024,T018,Commodity,213,Industry,110289.0
259,2024,T018,Commodity,22,Industry,603774.0
259,2024,T018,Commodity,23,Industry,2.508497e6
259,2024,T018,Commodity,311FT,Industry,1.238463e6
259,2024,T018,Commodity,313TT,Industry,46827.0
259,2024,T018,Commodity,315AL,Industry,21862.0
259,2024,T018,Commodity,321,Industry,173952.0
259,2024,T018,Commodity,322,Industry,218686.0
259,2024,T018,Commodity,323,Industry,84346.0
259,2024,T018,Commodity,324,Industry,649257.0
259,2024,T018,Commodity,325,Industry,990617.0
259,2024,T018,Commodity,326,Industry,297324.0
259,2024,T018,Commodity,327,Industry,175089.0
259,2024,T018,Commodity,331,Industry,301892.0
259,2024,T018,Commodity,332,Industry,458799.0
259,2024,T018,Commodity,333,Industry,436395.0
259,2024,T018,Commodity,334,Industry,411954.0
259,2024,T018,Commodity,335,Industry,193119.0
259,2024,T018,Commodity,3361MV,Industry,770569.0
259,2024,T018,Commodity,3364OT,Industry,376961.0
259,2024,T018,Commodity,337,Industry,84552.0
259,2024,T018,Commodity,339,Industry,177699.0
259,2024,T018,Commodity,42,Industry,2.629509e6
259,2024,T018,Commodity,441,Industry,485502.0
259,2024,T018,Commodity,445,Industry,318257.0
259,2024,T018,Commodity,452,Industry,254347.0
259,2024,T018,Commodity,481,Industry,299488.0
259,2024,T018,Commodity,482,Industry,95998.0
259,2024,T018,Commodity,483,Industry,77194.0
259,2024,T018,Commodity,484,Industry,526269.0
259,2024,T018,Commodity,485,Industry,176504.0
259,2024,T018,Commodity,486,Industry,73123.0
259,2024,T018,Commodity,487OS,Industry,354422.0
259,2024,T018,Commodity,493,Industry,188312.0
259,2024,T018,Commodity,4A0,Industry,1.468895e6
259,2024,T018,Commodity,511,Industry,650245.0
259,2024,T018,Commodity,512,Industry,205261.0
259,2024,T018,Commodity,513,Industry,900261.0
259,2024,T018,Commodity,514,Industry,887224.0
259,2024,T018,Commodity,521CI,Industry,1.420519e6
259,2024,T018,Commodity,523,Industry,930911.0
259,2024,T018,Commodity,524,Industry,1.496709e6
259,2024,T018,Commodity,525,Industry,264623.0
259,2024,T018,Commodity,532RL,Industry,649989.0
259,2024,T018,Commodity,5411,Industry,461439.0
259,2024,T018,Commodity,5412OP,Industry,2.262334e6
259,2024,T018,Commodity,5415,Industry,725136.0
259,2024,T018,Commodity,55,Industry,855850.0
259,2024,T018,Commodity,561,Industry,1.327842e6
259,2024,T018,Commodity,562,Industry,174691.0
259,2024,T018,Commodity,61,Industry,494369.0
259,2024,T018,Commodity,621,Industry,1.623303e6
259,2024,T018,Commodity,622,Industry,1.256063e6
259,2024,T018,Commodity,623,Industry,342393.0
259,2024,T018,Commodity,624,Industry,352390.0
259,2024,T018,Commodity,711AS,Industry,312772.0
259,2024,T018,Commodity,713,Industry,227924.0
259,2024,T018,Commodity,721,Industry,345621.0
259,2024,T018,Commodity,722,Industry,1.279013e6
259,2024,T018,Commodity,81,Industry,1.074219e6
259,2024,T018,Commodity,GFE,Industry,117526.0
259,2024,T018,Commodity,GFGD,Industry,891866.0
259,2024,T018,Commodity,GFGN,Industry,629608.0
259,2024,T018,Commodity,GSLE,Industry,536871.0
259,2024,T018,Commodity,GSLG,Industry,3.297076e6
259,2024,T018,Commodity,HS,Industry,3.192628e6
259,2024,T018,Commodity,ORE,Industry,2.046309e6
259,2024,T018,Commodity,T001,Industry,4.972623e7
259,2024,Used,Commodity,111CA,Industry,-18.0
259,2024,Used,Commodity,113FF,Industry,245.0
259,2024,Used,Commodity,212,Industry,0.0
259,2024,Used,Commodity,213,Industry,1502.0
259,2024,Used,Commodity,22,Industry,9134.0
259,2024,Used,Commodity,23,Industry,3958.0
259,2024,Used,Commodity,313TT,Industry,41.0
259,2024,Used,Commodity,322,Industry,3727.0
259,2024,Used,Commodity,325,Industry,86.0
259,2024,Used,Commodity,326,Industry,100.0
259,2024,Used,Commodity,327,Industry,242.0
259,2024,Used,Commodity,331,Industry,49361.0
259,2024,Used,Commodity,332,Industry,711.0
259,2024,Used,Commodity,333,Industry,7.0
259,2024,Used,Commodity,339,Industry,1.0
259,2024,Used,Commodity,42,Industry,0.0
259,2024,Used,Commodity,441,Industry,43.0
259,2024,Used,Commodity,481,Industry,-90.0
259,2024,Used,Commodity,483,Industry,-183.0
259,2024,Used,Commodity,484,Industry,1118.0
259,2024,Used,Commodity,485,Industry,10.0
259,2024,Used,Commodity,486,Industry,100.0
259,2024,Used,Commodity,487OS,Industry,4837.0
259,2024,Used,Commodity,493,Industry,0.0
259,2024,Used,Commodity,4A0,Industry,292.0
259,2024,Used,Commodity,512,Industry,1.0
259,2024,Used,Commodity,513,Industry,0.0
259,2024,Used,Commodity,532RL,Industry,39.0
259,2024,Used,Commodity,55,Industry,86.0
259,2024,Used,Commodity,61,Industry,1673.0
259,2024,Used,Commodity,621,Industry,0.0
259,2024,Used,Commodity,711AS,Industry,-155.0
259,2024,Used,Commodity,713,Industry,465.0
259,2024,Used,Commodity,81,Industry,56048.0
259,2024,Used,Commodity,F010,Industry,274602.0
259,2024,Used,Commodity,F02E,Industry,-139289.0
259,2024,Used,Commodity,F02R,Industry,-588.0
259,2024,Used,Commodity,F02S,Industry,-3668.0
259,2024,Used,Commodity,F030,Industry,9992.0
259,2024,Used,Commodity,F040,Industry,50907.0
259,2024,Used,Commodity,F06E,Industry,0.0
259,2024,Used,Commodity,F06S,Industry,-4.0
259,2024,Used,Commodity,F07E,Industry,39.0
259,2024,Used,Commodity,F07S,Industry,-1048.0
259,2024,Used,Commodity,F10E,Industry,-22969.0
259,2024,Used,Commodity,F10S,Industry,5892.0
259,2024,Used,Commodity,GFGD,Industry,-60.0
259,2024,Used,Commodity,T001,Industry,133323.0
259,2024,Used,Commodity,T019,Industry,307187.0
259,2024,V001,Commodity,111CA,Industry,44527.0
259,2024,V001,Commodity,113FF,Industry,35555.0
259,2024,V001,Commodity,211,Industry,31824.0
259,2024,V001,Commodity,212,Industry,23658.0
259,2024,V001,Commodity,213,Industry,36984.0
259,2024,V001,Commodity,22,Industry,103431.0
259,2024,V001,Commodity,23,Industry,799308.0
259,2024,V001,Commodity,311FT,Industry,160356.0
259,2024,V001,Commodity,313TT,Industry,12641.0
259,2024,V001,Commodity,315AL,Industry,7740.0
259,2024,V001,Commodity,321,Industry,32297.0
259,2024,V001,Commodity,322,Industry,36515.0
259,2024,V001,Commodity,323,Industry,26845.0
259,2024,V001,Commodity,324,Industry,22688.0
259,2024,V001,Commodity,325,Industry,136974.0
259,2024,V001,Commodity,326,Industry,62338.0
259,2024,V001,Commodity,327,Industry,38942.0
259,2024,V001,Commodity,331,Industry,41277.0
259,2024,V001,Commodity,332,Industry,128099.0
259,2024,V001,Commodity,333,Industry,120012.0
259,2024,V001,Commodity,334,Industry,187376.0
259,2024,V001,Commodity,335,Industry,47290.0
259,2024,V001,Commodity,3361MV,Industry,96593.0
259,2024,V001,Commodity,3364OT,Industry,106326.0
259,2024,V001,Commodity,337,Industry,25178.0
259,2024,V001,Commodity,339,Industry,69647.0
259,2024,V001,Commodity,42,Industry,733047.0
259,2024,V001,Commodity,441,Industry,172609.0
259,2024,V001,Commodity,445,Industry,138881.0
259,2024,V001,Commodity,452,Industry,126489.0
259,2024,V001,Commodity,481,Industry,88114.0
259,2024,V001,Commodity,482,Industry,26365.0
259,2024,V001,Commodity,483,Industry,9882.0
259,2024,V001,Commodity,484,Industry,135191.0
259,2024,V001,Commodity,485,Industry,37736.0
259,2024,V001,Commodity,486,Industry,10719.0
259,2024,V001,Commodity,487OS,Industry,147652.0
259,2024,V001,Commodity,493,Industry,121581.0
259,2024,V001,Commodity,4A0,Industry,408112.0
259,2024,V001,Commodity,511,Industry,184170.0
259,2024,V001,Commodity,512,Industry,42580.0
259,2024,V001,Commodity,513,Industry,129892.0
259,2024,V001,Commodity,514,Industry,236515.0
259,2024,V001,Commodity,521CI,Industry,354009.0
259,2024,V001,Commodity,523,Industry,364518.0
259,2024,V001,Commodity,524,Industry,390088.0
259,2024,V001,Commodity,525,Industry,6758.0
259,2024,V001,Commodity,532RL,Industry,51506.0
259,2024,V001,Commodity,5411,Industry,188351.0
259,2024,V001,Commodity,5412OP,Industry,972752.0
259,2024,V001,Commodity,5415,Industry,445176.0
259,2024,V001,Commodity,55,Industry,482843.0
259,2024,V001,Commodity,561,Industry,587967.0
259,2024,V001,Commodity,562,Industry,49486.0
259,2024,V001,Commodity,61,Industry,268002.0
259,2024,V001,Commodity,621,Industry,816417.0
259,2024,V001,Commodity,622,Industry,561566.0
259,2024,V001,Commodity,623,Industry,188682.0
259,2024,V001,Commodity,624,Industry,204772.0
259,2024,V001,Commodity,711AS,Industry,88859.0
259,2024,V001,Commodity,713,Industry,81316.0
259,2024,V001,Commodity,721,Industry,108160.0
259,2024,V001,Commodity,722,Industry,458750.0
259,2024,V001,Commodity,81,Industry,437654.0
259,2024,V001,Commodity,GFE,Industry,72723.0
259,2024,V001,Commodity,GFGD,Industry,339732.0
259,2024,V001,Commodity,GFGN,Industry,267716.0
259,2024,V001,Commodity,GSLE,Industry,144514.0
259,2024,V001,Commodity,GSLG,Industry,1.760774e6
259,2024,V001,Commodity,HS,Industry,28487.0
259,2024,V001,Commodity,ORE,Industry,143587.0
259,2024,V001,Commodity,T001,Industry,1.5049121e7
259,2024,V003,Commodity,111CA,Industry,165755.0
259,2024,V003,Commodity,113FF,Industry,15701.0
259,2024,V003,Commodity,211,Industry,171675.0
259,2024,V003,Commodity,212,Industry,49165.0
259,2024,V003,Commodity,213,Industry,30939.0
259,2024,V003,Commodity,22,Industry,265705.0
259,2024,V003,Commodity,23,Industry,491187.0
259,2024,V003,Commodity,311FT,Industry,176219.0
259,2024,V003,Commodity,313TT,Industry,2865.0
259,2024,V003,Commodity,315AL,Industry,4310.0
259,2024,V003,Commodity,321,Industry,26742.0
259,2024,V003,Commodity,322,Industry,35413.0
259,2024,V003,Commodity,323,Industry,13399.0
259,2024,V003,Commodity,324,Industry,166750.0
259,2024,V003,Commodity,325,Industry,392366.0
259,2024,V003,Commodity,326,Industry,35857.0
259,2024,V003,Commodity,327,Industry,36365.0
259,2024,V003,Commodity,331,Industry,31686.0
259,2024,V003,Commodity,332,Industry,56715.0
259,2024,V003,Commodity,333,Industry,83450.0
259,2024,V003,Commodity,334,Industry,100569.0
259,2024,V003,Commodity,335,Industry,31742.0
259,2024,V003,Commodity,3361MV,Industry,83984.0
259,2024,V003,Commodity,3364OT,Industry,86897.0
259,2024,V003,Commodity,337,Industry,8686.0
259,2024,V003,Commodity,339,Industry,41566.0
259,2024,V003,Commodity,42,Industry,644944.0
259,2024,V003,Commodity,441,Industry,113557.0
259,2024,V003,Commodity,445,Industry,60098.0
259,2024,V003,Commodity,452,Industry,39963.0
259,2024,V003,Commodity,481,Industry,52740.0
259,2024,V003,Commodity,482,Industry,28659.0
259,2024,V003,Commodity,483,Industry,12924.0
259,2024,V003,Commodity,484,Industry,115757.0
259,2024,V003,Commodity,485,Industry,43057.0
259,2024,V003,Commodity,486,Industry,32862.0
259,2024,V003,Commodity,487OS,Industry,64884.0
259,2024,V003,Commodity,493,Industry,5124.0
259,2024,V003,Commodity,4A0,Industry,451114.0
259,2024,V003,Commodity,511,Industry,250247.0
259,2024,V003,Commodity,512,Industry,70014.0
259,2024,V003,Commodity,513,Industry,329281.0
259,2024,V003,Commodity,514,Industry,284059.0
259,2024,V003,Commodity,521CI,Industry,633241.0
259,2024,V003,Commodity,523,Industry,23268.0
259,2024,V003,Commodity,524,Industry,353401.0
259,2024,V003,Commodity,525,Industry,20388.0
259,2024,V003,Commodity,532RL,Industry,284822.0
259,2024,V003,Commodity,5411,Industry,176072.0
259,2024,V003,Commodity,5412OP,Industry,448387.0
259,2024,V003,Commodity,5415,Industry,64945.0
259,2024,V003,Commodity,55,Industry,48611.0
259,2024,V003,Commodity,561,Industry,219292.0
259,2024,V003,Commodity,562,Industry,33613.0
259,2024,V003,Commodity,61,Industry,53397.0
259,2024,V003,Commodity,621,Industry,249222.0
259,2024,V003,Commodity,622,Industry,108844.0
259,2024,V003,Commodity,623,Industry,14121.0
259,2024,V003,Commodity,624,Industry,21837.0
259,2024,V003,Commodity,711AS,Industry,91307.0
259,2024,V003,Commodity,713,Industry,26404.0
259,2024,V003,Commodity,721,Industry,101857.0
259,2024,V003,Commodity,722,Industry,155312.0
259,2024,V003,Commodity,81,Industry,154567.0
259,2024,V003,Commodity,GFE,Industry,12204.0
259,2024,V003,Commodity,GFGD,Industry,209673.0
259,2024,V003,Commodity,GFGN,Industry,169656.0
259,2024,V003,Commodity,GSLE,Industry,52241.0
259,2024,V003,Commodity,GSLG,Industry,312559.0
259,2024,V003,Commodity,HS,Industry,2.498383e6
259,2024,V003,Commodity,ORE,Industry,645833.0
259,2024,V003,Commodity,T001,Industry,1.2388448e7
259,2024,VABAS,Commodity,111CA,Industry,222866.0
259,2024,VABAS,Commodity,113FF,Industry,52928.0
259,2024,VABAS,Commodity,211,Industry,235439.0
259,2024,VABAS,Commodity,212,Industry,76669.0
259,2024,VABAS,Commodity,213,Industry,70569.0
259,2024,VABAS,Commodity,22,Industry,414860.0
259,2024,VABAS,Commodity,23,Industry,1.302392e6
259,2024,VABAS,Commodity,311FT,Industry,345764.0
259,2024,VABAS,Commodity,313TT,Industry,16317.0
259,2024,VABAS,Commodity,315AL,Industry,12434.0
259,2024,VABAS,Commodity,321,Industry,59968.0
259,2024,VABAS,Commodity,322,Industry,74285.0
259,2024,VABAS,Commodity,323,Industry,41235.0
259,2024,VABAS,Commodity,324,Industry,194338.0
259,2024,VABAS,Commodity,325,Industry,548814.0
259,2024,VABAS,Commodity,326,Industry,100417.0
259,2024,VABAS,Commodity,327,Industry,77315.0
259,2024,VABAS,Commodity,331,Industry,76308.0
259,2024,VABAS,Commodity,332,Industry,188837.0
259,2024,VABAS,Commodity,333,Industry,208289.0
259,2024,VABAS,Commodity,334,Industry,299147.0
259,2024,VABAS,Commodity,335,Industry,80595.0
259,2024,VABAS,Commodity,3361MV,Industry,185456.0
259,2024,VABAS,Commodity,3364OT,Industry,197149.0
259,2024,VABAS,Commodity,337,Industry,34391.0
259,2024,VABAS,Commodity,339,Industry,113421.0
259,2024,VABAS,Commodity,42,Industry,1.396294e6
259,2024,VABAS,Commodity,441,Industry,290549.0
259,2024,VABAS,Commodity,445,Industry,203526.0
259,2024,VABAS,Commodity,452,Industry,169967.0
259,2024,VABAS,Commodity,481,Industry,145924.0
259,2024,VABAS,Commodity,482,Industry,56709.0
259,2024,VABAS,Commodity,483,Industry,23970.0
259,2024,VABAS,Commodity,484,Industry,256678.0
259,2024,VABAS,Commodity,485,Industry,82141.0
259,2024,VABAS,Commodity,486,Industry,48413.0
259,2024,VABAS,Commodity,487OS,Industry,215744.0
259,2024,VABAS,Commodity,493,Industry,127841.0
259,2024,VABAS,Commodity,4A0,Industry,877994.0
259,2024,VABAS,Commodity,511,Industry,441334.0
259,2024,VABAS,Commodity,512,Industry,117663.0
259,2024,VABAS,Commodity,513,Industry,463243.0
259,2024,VABAS,Commodity,514,Industry,526227.0
259,2024,VABAS,Commodity,521CI,Industry,1.009909e6
259,2024,VABAS,Commodity,523,Industry,394337.0
259,2024,VABAS,Commodity,524,Industry,752517.0
259,2024,VABAS,Commodity,525,Industry,27866.0
259,2024,VABAS,Commodity,532RL,Industry,347815.0
259,2024,VABAS,Commodity,5411,Industry,366273.0
259,2024,VABAS,Commodity,5412OP,Industry,1.435063e6
259,2024,VABAS,Commodity,5415,Industry,513145.0
259,2024,VABAS,Commodity,55,Industry,542220.0
259,2024,VABAS,Commodity,561,Industry,813340.0
259,2024,VABAS,Commodity,562,Industry,85754.0
259,2024,VABAS,Commodity,61,Industry,333398.0
259,2024,VABAS,Commodity,621,Industry,1.076306e6
259,2024,VABAS,Commodity,622,Industry,686751.0
259,2024,VABAS,Commodity,623,Industry,207691.0
259,2024,VABAS,Commodity,624,Industry,224591.0
259,2024,VABAS,Commodity,711AS,Industry,183931.0
259,2024,VABAS,Commodity,713,Industry,112709.0
259,2024,VABAS,Commodity,721,Industry,218470.0
259,2024,VABAS,Commodity,722,Industry,620149.0
259,2024,VABAS,Commodity,81,Industry,606756.0
259,2024,VABAS,Commodity,GFE,Industry,84927.0
259,2024,VABAS,Commodity,GFGD,Industry,549405.0
259,2024,VABAS,Commodity,GFGN,Industry,437372.0
259,2024,VABAS,Commodity,GSLE,Industry,196755.0
259,2024,VABAS,Commodity,GSLG,Industry,2.073333e6
259,2024,VABAS,Commodity,HS,Industry,2.882881e6
259,2024,VABAS,Commodity,ORE,Industry,829604.0
259,2024,VABAS,Commodity,T001,Industry,2.8287688e7
259,2024,VAPRO,Commodity,111CA,Industry,215830.0
259,2024,VAPRO,Commodity,113FF,Industry,53856.0
259,2024,VAPRO,Commodity,211,Industry,252608.0
259,2024,VAPRO,Commodity,212,Industry,80799.0
259,2024,VAPRO,Commodity,213,Industry,70840.0
259,2024,VAPRO,Commodity,22,Industry,454357.0
259,2024,VAPRO,Commodity,23,Industry,1.305402e6
259,2024,VAPRO,Commodity,311FT,Industry,360176.0
259,2024,VAPRO,Commodity,313TT,Industry,16316.0
259,2024,VAPRO,Commodity,315AL,Industry,12453.0
259,2024,VAPRO,Commodity,321,Industry,60171.0
259,2024,VAPRO,Commodity,322,Industry,74433.0
259,2024,VAPRO,Commodity,323,Industry,41301.0
259,2024,VAPRO,Commodity,324,Industry,195712.0
259,2024,VAPRO,Commodity,325,Industry,554021.0
259,2024,VAPRO,Commodity,326,Industry,101471.0
259,2024,VAPRO,Commodity,327,Industry,77516.0
259,2024,VAPRO,Commodity,331,Industry,76516.0
259,2024,VAPRO,Commodity,332,Industry,190535.0
259,2024,VAPRO,Commodity,333,Industry,208621.0
259,2024,VAPRO,Commodity,334,Industry,299783.0
259,2024,VAPRO,Commodity,335,Industry,80171.0
259,2024,VAPRO,Commodity,3361MV,Industry,185854.0
259,2024,VAPRO,Commodity,3364OT,Industry,197330.0
259,2024,VAPRO,Commodity,337,Industry,34448.0
259,2024,VAPRO,Commodity,339,Industry,113897.0
259,2024,VAPRO,Commodity,42,Industry,1.706289e6
259,2024,VAPRO,Commodity,441,Industry,356851.0
259,2024,VAPRO,Commodity,445,Industry,236132.0
259,2024,VAPRO,Commodity,452,Industry,224084.0
259,2024,VAPRO,Commodity,481,Industry,175712.0
259,2024,VAPRO,Commodity,482,Industry,53169.0
259,2024,VAPRO,Commodity,483,Industry,24335.0
259,2024,VAPRO,Commodity,484,Industry,257356.0
259,2024,VAPRO,Commodity,485,Industry,83850.0
259,2024,VAPRO,Commodity,486,Industry,48501.0
259,2024,VAPRO,Commodity,487OS,Industry,216231.0
259,2024,VAPRO,Commodity,493,Industry,128148.0
259,2024,VAPRO,Commodity,4A0,Industry,1.031973e6
259,2024,VAPRO,Commodity,511,Industry,442706.0
259,2024,VAPRO,Commodity,512,Industry,119385.0
259,2024,VAPRO,Commodity,513,Industry,501545.0
259,2024,VAPRO,Commodity,514,Industry,529056.0
259,2024,VAPRO,Commodity,521CI,Industry,1.013285e6
259,2024,VAPRO,Commodity,523,Industry,396082.0
259,2024,VAPRO,Commodity,524,Industry,791806.0
259,2024,VAPRO,Commodity,525,Industry,27981.0
259,2024,VAPRO,Commodity,532RL,Industry,368169.0
259,2024,VAPRO,Commodity,5411,Industry,387719.0
259,2024,VAPRO,Commodity,5412OP,Industry,1.445101e6
259,2024,VAPRO,Commodity,5415,Industry,522249.0
259,2024,VAPRO,Commodity,55,Industry,544333.0
259,2024,VAPRO,Commodity,561,Industry,823102.0
259,2024,VAPRO,Commodity,562,Industry,88601.0
259,2024,VAPRO,Commodity,61,Industry,334785.0
259,2024,VAPRO,Commodity,621,Industry,1.078954e6
259,2024,VAPRO,Commodity,622,Industry,691481.0
259,2024,VAPRO,Commodity,623,Industry,212314.0
259,2024,VAPRO,Commodity,624,Industry,226633.0
259,2024,VAPRO,Commodity,711AS,Industry,190761.0
259,2024,VAPRO,Commodity,713,Industry,136004.0
259,2024,VAPRO,Commodity,721,Industry,257248.0
259,2024,VAPRO,Commodity,722,Industry,703108.0
259,2024,VAPRO,Commodity,81,Industry,627985.0
259,2024,VAPRO,Commodity,GFE,Industry,78079.0
259,2024,VAPRO,Commodity,GFGD,Industry,549405.0
259,2024,VAPRO,Commodity,GFGN,Industry,437372.0
259,2024,VAPRO,Commodity,GSLE,Industry,158152.0
259,2024,VAPRO,Commodity,GSLG,Industry,2.073333e6
259,2024,VAPRO,Commodity,HS,Industry,2.853988e6
259,2024,VAPRO,Commodity,ORE,Industry,830242.0
259,2024,VAPRO,Commodity,T001,Industry,2.9298013e7
262,2024,111CA,Commodity,111CA,Industry,562960.0
262,2024,111CA,Commodity,113FF,Industry,30.0
262,2024,111CA,Commodity,4A0,Industry,300.0
262,2024,111CA,Commodity,GSLG,Industry,772.0
262,2024,111CA,Commodity,MCIF,Industry,60403.0
262,2024,111CA,Commodity,MDTY,Industry,181.0
262,2024,111CA,Commodity,SUB,Industry,-7036.0
262,2024,111CA,Commodity,T007,Industry,564063.0
262,2024,111CA,Commodity,T013,Industry,624466.0
262,2024,111CA,Commodity,T014,Industry,254771.0
262,2024,111CA,Commodity,T015,Industry,4648.0
262,2024,111CA,Commodity,T016,Industry,883884.0
262,2024,111CA,Commodity,TOP,Industry,11502.0
262,2024,111CA,Commodity,Trade,Industry,175628.0
262,2024,111CA,Commodity,Trans,Industry,79143.0
262,2024,113FF,Commodity,111CA,Industry,7051.0
262,2024,113FF,Commodity,113FF,Industry,66127.0
262,2024,113FF,Commodity,42,Industry,103.0
262,2024,113FF,Commodity,481,Industry,987.0
262,2024,113FF,Commodity,487OS,Industry,0.0
262,2024,113FF,Commodity,GFGN,Industry,-18.0
262,2024,113FF,Commodity,GSLG,Industry,4489.0
262,2024,113FF,Commodity,MADJ,Industry,0.0
262,2024,113FF,Commodity,MCIF,Industry,19527.0
262,2024,113FF,Commodity,MDTY,Industry,195.0
262,2024,113FF,Commodity,T007,Industry,78738.0
262,2024,113FF,Commodity,T013,Industry,98265.0
262,2024,113FF,Commodity,T014,Industry,18510.0
262,2024,113FF,Commodity,T015,Industry,1622.0
262,2024,113FF,Commodity,T016,Industry,118398.0
262,2024,113FF,Commodity,TOP,Industry,1427.0
262,2024,113FF,Commodity,Trade,Industry,13577.0
262,2024,113FF,Commodity,Trans,Industry,4933.0
262,2024,211,Commodity,211,Industry,373547.0
262,2024,211,Commodity,212,Industry,0.0
262,2024,211,Commodity,213,Industry,361.0
262,2024,211,Commodity,22,Industry,130.0
262,2024,211,Commodity,324,Industry,1.0
262,2024,211,Commodity,327,Industry,0.0
262,2024,211,Commodity,562,Industry,352.0
262,2024,211,Commodity,MCIF,Industry,173685.0
262,2024,211,Commodity,MDTY,Industry,144.0
262,2024,211,Commodity,T007,Industry,374390.0
262,2024,211,Commodity,T013,Industry,548074.0
262,2024,211,Commodity,T014,Industry,94328.0
262,2024,211,Commodity,T015,Industry,18556.0
262,2024,211,Commodity,T016,Industry,660959.0
262,2024,211,Commodity,TOP,Industry,18412.0
262,2024,211,Commodity,Trade,Industry,23266.0
262,2024,211,Commodity,Trans,Industry,71063.0
262,2024,212,Commodity,211,Industry,55.0
262,2024,212,Commodity,212,Industry,104868.0
262,2024,212,Commodity,213,Industry,0.0
262,2024,212,Commodity,324,Industry,58.0
262,2024,212,Commodity,325,Industry,0.0
262,2024,212,Commodity,327,Industry,759.0
262,2024,212,Commodity,GSLG,Industry,941.0
262,2024,212,Commodity,MCIF,Industry,6198.0
262,2024,212,Commodity,MDTY,Industry,11.0
262,2024,212,Commodity,ORE,Industry,0.0
262,2024,212,Commodity,T007,Industry,106680.0
262,2024,212,Commodity,T013,Industry,112878.0
262,2024,212,Commodity,T014,Industry,43457.0
262,2024,212,Commodity,T015,Industry,5087.0
262,2024,212,Commodity,T016,Industry,161422.0
262,2024,212,Commodity,TOP,Industry,5076.0
262,2024,212,Commodity,Trade,Industry,10067.0
262,2024,212,Commodity,Trans,Industry,33390.0
262,2024,213,Commodity,211,Industry,17655.0
262,2024,213,Commodity,212,Industry,9699.0
262,2024,213,Commodity,213,Industry,101890.0
262,2024,213,Commodity,327,Industry,0.0
262,2024,213,Commodity,333,Industry,7.0
262,2024,213,Commodity,MADJ,Industry,0.0
262,2024,213,Commodity,MCIF,Industry,2485.0
262,2024,213,Commodity,T007,Industry,129251.0
262,2024,213,Commodity,T013,Industry,131737.0
262,2024,213,Commodity,T014,Industry,0.0
262,2024,213,Commodity,T016,Industry,131737.0
262,2024,213,Commodity,Trade,Industry,0.0
262,2024,22,Commodity,22,Industry,585445.0
262,2024,22,Commodity,486,Industry,237.0
262,2024,22,Commodity,487OS,Industry,0.0
262,2024,22,Commodity,493,Industry,0.0
262,2024,22,Commodity,GFE,Industry,18120.0
262,2024,22,Commodity,GFGN,Industry,-9.0
262,2024,22,Commodity,GSLE,Industry,185989.0
262,2024,22,Commodity,GSLG,Industry,1645.0
262,2024,22,Commodity,MCIF,Industry,2489.0
262,2024,22,Commodity,MDTY,Industry,0.0
262,2024,22,Commodity,SUB,Industry,0.0
262,2024,22,Commodity,T007,Industry,791427.0
262,2024,22,Commodity,T013,Industry,793916.0
262,2024,22,Commodity,T014,Industry,0.0
262,2024,22,Commodity,T015,Industry,40202.0
262,2024,22,Commodity,T016,Industry,834117.0
262,2024,22,Commodity,TOP,Industry,40202.0
262,2024,22,Commodity,Trade,Industry,0.0
262,2024,22,Commodity,Trans,Industry,0.0
262,2024,23,Commodity,113FF,Industry,1054.0
262,2024,23,Commodity,211,Industry,280.0
262,2024,23,Commodity,212,Industry,17463.0
262,2024,23,Commodity,213,Industry,6877.0
262,2024,23,Commodity,22,Industry,3771.0
262,2024,23,Commodity,23,Industry,2.507925e6
262,2024,23,Commodity,311FT,Industry,514.0
262,2024,23,Commodity,313TT,Industry,128.0
262,2024,23,Commodity,315AL,Industry,5.0
262,2024,23,Commodity,321,Industry,2065.0
262,2024,23,Commodity,322,Industry,280.0
262,2024,23,Commodity,323,Industry,49.0
262,2024,23,Commodity,324,Industry,814.0
262,2024,23,Commodity,325,Industry,463.0
262,2024,23,Commodity,326,Industry,375.0
262,2024,23,Commodity,327,Industry,2810.0
262,2024,23,Commodity,331,Industry,716.0
262,2024,23,Commodity,332,Industry,5516.0
262,2024,23,Commodity,333,Industry,1544.0
262,2024,23,Commodity,334,Industry,166.0
262,2024,23,Commodity,335,Industry,242.0
262,2024,23,Commodity,3361MV,Industry,1609.0
262,2024,23,Commodity,3364OT,Industry,2527.0
262,2024,23,Commodity,337,Industry,1199.0
262,2024,23,Commodity,339,Industry,961.0
262,2024,23,Commodity,42,Industry,8977.0
262,2024,23,Commodity,441,Industry,11.0
262,2024,23,Commodity,445,Industry,0.0
262,2024,23,Commodity,452,Industry,1982.0
262,2024,23,Commodity,481,Industry,38.0
262,2024,23,Commodity,482,Industry,25.0
262,2024,23,Commodity,483,Industry,0.0
262,2024,23,Commodity,484,Industry,23.0
262,2024,23,Commodity,485,Industry,0.0
262,2024,23,Commodity,486,Industry,106.0
262,2024,23,Commodity,487OS,Industry,105.0
262,2024,23,Commodity,493,Industry,120.0
262,2024,23,Commodity,4A0,Industry,5673.0
262,2024,23,Commodity,511,Industry,25.0
262,2024,23,Commodity,512,Industry,89.0
262,2024,23,Commodity,513,Industry,1463.0
262,2024,23,Commodity,514,Industry,998.0
262,2024,23,Commodity,521CI,Industry,4.0
262,2024,23,Commodity,523,Industry,2.0
262,2024,23,Commodity,524,Industry,5.0
262,2024,23,Commodity,525,Industry,0.0
262,2024,23,Commodity,532RL,Industry,89.0
262,2024,23,Commodity,5411,Industry,2.0
262,2024,23,Commodity,5412OP,Industry,726.0
262,2024,23,Commodity,5415,Industry,10.0
262,2024,23,Commodity,55,Industry,96.0
262,2024,23,Commodity,561,Industry,1582.0
262,2024,23,Commodity,562,Industry,4.0
262,2024,23,Commodity,61,Industry,888.0
262,2024,23,Commodity,621,Industry,1057.0
262,2024,23,Commodity,622,Industry,1617.0
262,2024,23,Commodity,623,Industry,42.0
262,2024,23,Commodity,624,Industry,152.0
262,2024,23,Commodity,711AS,Industry,748.0
262,2024,23,Commodity,713,Industry,693.0
262,2024,23,Commodity,721,Industry,1332.0
262,2024,23,Commodity,722,Industry,1301.0
262,2024,23,Commodity,81,Industry,673.0
262,2024,23,Commodity,GFGD,Industry,3.0
262,2024,23,Commodity,GFGN,Industry,365.0
262,2024,23,Commodity,GSLG,Industry,31257.0
262,2024,23,Commodity,HS,Industry,29504.0
262,2024,23,Commodity,ORE,Industry,351.0
262,2024,23,Commodity,SUB,Industry,0.0
262,2024,23,Commodity,T007,Industry,2.651493e6
262,2024,23,Commodity,T013,Industry,2.651493e6
262,2024,23,Commodity,T014,Industry,0.0
262,2024,23,Commodity,T015,Industry,3084.0
262,2024,23,Commodity,T016,Industry,2.654577e6
262,2024,23,Commodity,TOP,Industry,3084.0
262,2024,23,Commodity,Trade,Industry,0.0
262,2024,23,Commodity,Trans,Industry,0.0
262,2024,311FT,Commodity,311FT,Industry,1.219086e6
262,2024,311FT,Commodity,315AL,Industry,882.0
262,2024,311FT,Commodity,325,Industry,13733.0
262,2024,311FT,Commodity,333,Industry,0.0
262,2024,311FT,Commodity,339,Industry,3.0
262,2024,311FT,Commodity,42,Industry,1561.0
262,2024,311FT,Commodity,445,Industry,11519.0
262,2024,311FT,Commodity,452,Industry,2793.0
262,2024,311FT,Commodity,4A0,Industry,0.0
262,2024,311FT,Commodity,GSLG,Industry,4125.0
262,2024,311FT,Commodity,MCIF,Industry,156646.0
262,2024,311FT,Commodity,MDTY,Industry,3425.0
262,2024,311FT,Commodity,T007,Industry,1.253702e6
262,2024,311FT,Commodity,T013,Industry,1.410348e6
262,2024,311FT,Commodity,T014,Industry,791752.0
262,2024,311FT,Commodity,T015,Industry,105133.0
262,2024,311FT,Commodity,T016,Industry,2.307233e6
262,2024,311FT,Commodity,TOP,Industry,101708.0
262,2024,311FT,Commodity,Trade,Industry,758613.0
262,2024,311FT,Commodity,Trans,Industry,33139.0
262,2024,313TT,Commodity,311FT,Industry,0.0
262,2024,313TT,Commodity,313TT,Industry,41104.0
262,2024,313TT,Commodity,315AL,Industry,168.0
262,2024,313TT,Commodity,321,Industry,0.0
262,2024,313TT,Commodity,322,Industry,241.0
262,2024,313TT,Commodity,323,Industry,640.0
262,2024,313TT,Commodity,324,Industry,0.0
262,2024,313TT,Commodity,325,Industry,2.0
262,2024,313TT,Commodity,326,Industry,1413.0
262,2024,313TT,Commodity,327,Industry,26.0
262,2024,313TT,Commodity,331,Industry,3.0
262,2024,313TT,Commodity,332,Industry,150.0
262,2024,313TT,Commodity,333,Industry,0.0
262,2024,313TT,Commodity,334,Industry,21.0
262,2024,313TT,Commodity,335,Industry,0.0
262,2024,313TT,Commodity,3361MV,Industry,564.0
262,2024,313TT,Commodity,3364OT,Industry,0.0
262,2024,313TT,Commodity,337,Industry,61.0
262,2024,313TT,Commodity,339,Industry,104.0
262,2024,313TT,Commodity,MCIF,Industry,35259.0
262,2024,313TT,Commodity,MDTY,Industry,2861.0
262,2024,313TT,Commodity,SUB,Industry,-20.0
262,2024,313TT,Commodity,T007,Industry,44498.0
262,2024,313TT,Commodity,T013,Industry,79757.0
262,2024,313TT,Commodity,T014,Industry,85748.0
262,2024,313TT,Commodity,T015,Industry,10618.0
262,2024,313TT,Commodity,T016,Industry,176122.0
262,2024,313TT,Commodity,TOP,Industry,7777.0
262,2024,313TT,Commodity,Trade,Industry,81225.0
262,2024,313TT,Commodity,Trans,Industry,4523.0
262,2024,315AL,Commodity,311FT,Industry,709.0
262,2024,315AL,Commodity,313TT,Industry,416.0
262,2024,315AL,Commodity,315AL,Industry,20125.0
262,2024,315AL,Commodity,322,Industry,0.0
262,2024,315AL,Commodity,323,Industry,9.0
262,2024,315AL,Commodity,325,Industry,227.0
262,2024,315AL,Commodity,326,Industry,0.0
262,2024,315AL,Commodity,327,Industry,110.0
262,2024,315AL,Commodity,332,Industry,1.0
262,2024,315AL,Commodity,333,Industry,1.0
262,2024,315AL,Commodity,3364OT,Industry,0.0
262,2024,315AL,Commodity,337,Industry,12.0
262,2024,315AL,Commodity,339,Industry,1401.0
262,2024,315AL,Commodity,452,Industry,0.0
262,2024,315AL,Commodity,4A0,Industry,0.0
262,2024,315AL,Commodity,GSLG,Industry,1698.0
262,2024,315AL,Commodity,MCIF,Industry,155498.0
262,2024,315AL,Commodity,MDTY,Industry,19071.0
262,2024,315AL,Commodity,T007,Industry,24710.0
262,2024,315AL,Commodity,T013,Industry,180208.0
262,2024,315AL,Commodity,T014,Industry,338920.0
262,2024,315AL,Commodity,T015,Industry,51009.0
262,2024,315AL,Commodity,T016,Industry,570137.0
262,2024,315AL,Commodity,TOP,Industry,31938.0
262,2024,315AL,Commodity,Trade,Industry,328879.0
262,2024,315AL,Commodity,Trans,Industry,10042.0
262,2024,321,Commodity,111CA,Industry,12.0
262,2024,321,Commodity,321,Industry,167883.0
262,2024,321,Commodity,322,Industry,219.0
262,2024,321,Commodity,323,Industry,19.0
262,2024,321,Commodity,325,Industry,3.0
262,2024,321,Commodity,326,Industry,214.0
262,2024,321,Commodity,327,Industry,23.0
262,2024,321,Commodity,332,Industry,268.0
262,2024,321,Commodity,334,Industry,0.0
262,2024,321,Commodity,337,Industry,584.0
262,2024,321,Commodity,339,Industry,101.0
262,2024,321,Commodity,GSLG,Industry,289.0
262,2024,321,Commodity,MCIF,Industry,24472.0
262,2024,321,Commodity,MDTY,Industry,575.0
262,2024,321,Commodity,T007,Industry,169616.0
262,2024,321,Commodity,T013,Industry,194088.0
262,2024,321,Commodity,T014,Industry,65114.0
262,2024,321,Commodity,T015,Industry,7154.0
262,2024,321,Commodity,T016,Industry,266356.0
262,2024,321,Commodity,TOP,Industry,6579.0
262,2024,321,Commodity,Trade,Industry,52913.0
262,2024,321,Commodity,Trans,Industry,12201.0
262,2024,322,Commodity,311FT,Industry,49.0
262,2024,322,Commodity,313TT,Industry,0.0
262,2024,322,Commodity,321,Industry,29.0
262,2024,322,Commodity,322,Industry,213563.0
262,2024,322,Commodity,323,Industry,655.0
262,2024,322,Commodity,324,Industry,0.0
262,2024,322,Commodity,325,Industry,101.0
262,2024,322,Commodity,326,Industry,818.0
262,2024,322,Commodity,327,Industry,32.0
262,2024,322,Commodity,331,Industry,2.0
262,2024,322,Commodity,332,Industry,0.0
262,2024,322,Commodity,333,Industry,0.0
262,2024,322,Commodity,334,Industry,0.0
262,2024,322,Commodity,335,Industry,8.0
262,2024,322,Commodity,337,Industry,0.0
262,2024,322,Commodity,339,Industry,58.0
262,2024,322,Commodity,GSLG,Industry,868.0
262,2024,322,Commodity,MCIF,Industry,30179.0
262,2024,322,Commodity,MDTY,Industry,816.0
262,2024,322,Commodity,T007,Industry,216183.0
262,2024,322,Commodity,T013,Industry,246362.0
262,2024,322,Commodity,T014,Industry,97759.0
262,2024,322,Commodity,T015,Industry,9548.0
262,2024,322,Commodity,T016,Industry,353669.0
262,2024,322,Commodity,TOP,Industry,8732.0
262,2024,322,Commodity,Trade,Industry,82454.0
262,2024,322,Commodity,Trans,Industry,15305.0
262,2024,323,Commodity,313TT,Industry,203.0
262,2024,323,Commodity,315AL,Industry,6.0
262,2024,323,Commodity,322,Industry,323.0
262,2024,323,Commodity,323,Industry,64890.0
262,2024,323,Commodity,325,Industry,0.0
262,2024,323,Commodity,326,Industry,49.0
262,2024,323,Commodity,332,Industry,66.0
262,2024,323,Commodity,334,Industry,0.0
262,2024,323,Commodity,337,Industry,7.0
262,2024,323,Commodity,339,Industry,376.0
262,2024,323,Commodity,4A0,Industry,0.0
262,2024,323,Commodity,511,Industry,1744.0
262,2024,323,Commodity,5412OP,Industry,12.0
262,2024,323,Commodity,561,Industry,2076.0
262,2024,323,Commodity,GFGN,Industry,-1.0
262,2024,323,Commodity,GSLG,Industry,2361.0
262,2024,323,Commodity,MADJ,Industry,0.0
262,2024,323,Commodity,MCIF,Industry,3308.0
262,2024,323,Commodity,MDTY,Industry,118.0
262,2024,323,Commodity,T007,Industry,72110.0
262,2024,323,Commodity,T013,Industry,75418.0
262,2024,323,Commodity,T014,Industry,23477.0
262,2024,323,Commodity,T015,Industry,1623.0
262,2024,323,Commodity,T016,Industry,100518.0
262,2024,323,Commodity,TOP,Industry,1505.0
262,2024,323,Commodity,Trade,Industry,19777.0
262,2024,323,Commodity,Trans,Industry,3700.0
262,2024,324,Commodity,211,Industry,44417.0
262,2024,324,Commodity,212,Industry,156.0
262,2024,324,Commodity,213,Industry,235.0
262,2024,324,Commodity,311FT,Industry,45.0
262,2024,324,Commodity,324,Industry,613207.0
262,2024,324,Commodity,325,Industry,10228.0
262,2024,324,Commodity,326,Industry,2.0
262,2024,324,Commodity,327,Industry,141.0
262,2024,324,Commodity,331,Industry,883.0
262,2024,324,Commodity,332,Industry,4.0
262,2024,324,Commodity,333,Industry,0.0
262,2024,324,Commodity,335,Industry,3.0
262,2024,324,Commodity,339,Industry,0.0
262,2024,324,Commodity,MCIF,Industry,71319.0
262,2024,324,Commodity,MDTY,Industry,223.0
262,2024,324,Commodity,T007,Industry,669321.0
262,2024,324,Commodity,T013,Industry,740640.0
262,2024,324,Commodity,T014,Industry,237261.0
262,2024,324,Commodity,T015,Industry,123501.0
262,2024,324,Commodity,T016,Industry,1.101402e6
262,2024,324,Commodity,TOP,Industry,123278.0
262,2024,324,Commodity,Trade,Industry,198664.0
262,2024,324,Commodity,Trans,Industry,38596.0
262,2024,325,Commodity,211,Industry,302.0
262,2024,325,Commodity,212,Industry,3108.0
262,2024,325,Commodity,311FT,Industry,3027.0
262,2024,325,Commodity,313TT,Industry,3012.0
262,2024,325,Commodity,315AL,Industry,53.0
262,2024,325,Commodity,321,Industry,23.0
262,2024,325,Commodity,322,Industry,22.0
262,2024,325,Commodity,324,Industry,24567.0
262,2024,325,Commodity,325,Industry,871793.0
262,2024,325,Commodity,326,Industry,1968.0
262,2024,325,Commodity,327,Industry,212.0
262,2024,325,Commodity,331,Industry,157.0
262,2024,325,Commodity,332,Industry,39.0
262,2024,325,Commodity,333,Industry,84.0
262,2024,325,Commodity,334,Industry,258.0
262,2024,325,Commodity,335,Industry,0.0
262,2024,325,Commodity,3361MV,Industry,2.0
262,2024,325,Commodity,3364OT,Industry,35.0
262,2024,325,Commodity,337,Industry,12.0
262,2024,325,Commodity,339,Industry,132.0
262,2024,325,Commodity,GFGN,Industry,-1.0
262,2024,325,Commodity,GSLG,Industry,146.0
262,2024,325,Commodity,MCIF,Industry,374780.0
262,2024,325,Commodity,MDTY,Industry,4186.0
262,2024,325,Commodity,SUB,Industry,-50.0
262,2024,325,Commodity,T007,Industry,908950.0
262,2024,325,Commodity,T013,Industry,1.28373e6
262,2024,325,Commodity,T014,Industry,695208.0
262,2024,325,Commodity,T015,Industry,48115.0
262,2024,325,Commodity,T016,Industry,2.027053e6
262,2024,325,Commodity,TOP,Industry,43978.0
262,2024,325,Commodity,Trade,Industry,654815.0
262,2024,325,Commodity,Trans,Industry,40393.0
262,2024,326,Commodity,311FT,Industry,0.0
262,2024,326,Commodity,313TT,Industry,529.0
262,2024,326,Commodity,315AL,Industry,1.0
262,2024,326,Commodity,321,Industry,131.0
262,2024,326,Commodity,322,Industry,479.0
262,2024,326,Commodity,323,Industry,215.0
262,2024,326,Commodity,324,Industry,0.0
262,2024,326,Commodity,325,Industry,3098.0
262,2024,326,Commodity,326,Industry,283096.0
262,2024,326,Commodity,327,Industry,202.0
262,2024,326,Commodity,331,Industry,1.0
262,2024,326,Commodity,332,Industry,785.0
262,2024,326,Commodity,333,Industry,77.0
262,2024,326,Commodity,334,Industry,149.0
262,2024,326,Commodity,335,Industry,118.0
262,2024,326,Commodity,3361MV,Industry,101.0
262,2024,326,Commodity,3364OT,Industry,259.0
262,2024,326,Commodity,337,Industry,10.0
262,2024,326,Commodity,339,Industry,924.0
262,2024,326,Commodity,MCIF,Industry,73888.0
262,2024,326,Commodity,MDTY,Industry,4053.0
262,2024,326,Commodity,T007,Industry,290176.0
262,2024,326,Commodity,T013,Industry,364064.0
262,2024,326,Commodity,T014,Industry,160808.0
262,2024,326,Commodity,T015,Industry,17465.0
262,2024,326,Commodity,T016,Industry,542337.0
262,2024,326,Commodity,TOP,Industry,13412.0
262,2024,326,Commodity,Trade,Industry,153538.0
262,2024,326,Commodity,Trans,Industry,7270.0
262,2024,327,Commodity,212,Industry,265.0
262,2024,327,Commodity,313TT,Industry,1.0
262,2024,327,Commodity,315AL,Industry,17.0
262,2024,327,Commodity,321,Industry,48.0
262,2024,327,Commodity,322,Industry,33.0
262,2024,327,Commodity,324,Industry,225.0
262,2024,327,Commodity,325,Industry,125.0
262,2024,327,Commodity,326,Industry,102.0
262,2024,327,Commodity,327,Industry,168062.0
262,2024,327,Commodity,331,Industry,134.0
262,2024,327,Commodity,332,Industry,250.0
262,2024,327,Commodity,333,Industry,206.0
262,2024,327,Commodity,334,Industry,12.0
262,2024,327,Commodity,335,Industry,88.0
262,2024,327,Commodity,3361MV,Industry,0.0
262,2024,327,Commodity,337,Industry,43.0
262,2024,327,Commodity,339,Industry,30.0
262,2024,327,Commodity,MCIF,Industry,32384.0
262,2024,327,Commodity,MDTY,Industry,1895.0
262,2024,327,Commodity,T007,Industry,169640.0
262,2024,327,Commodity,T013,Industry,202024.0
262,2024,327,Commodity,T014,Industry,95492.0
262,2024,327,Commodity,T015,Industry,9104.0
262,2024,327,Commodity,T016,Industry,306620.0
262,2024,327,Commodity,TOP,Industry,7209.0
262,2024,327,Commodity,Trade,Industry,60077.0
262,2024,327,Commodity,Trans,Industry,35416.0
262,2024,331,Commodity,313TT,Industry,0.0
262,2024,331,Commodity,322,Industry,0.0
262,2024,331,Commodity,324,Industry,163.0
262,2024,331,Commodity,325,Industry,4.0
262,2024,331,Commodity,326,Industry,6.0
262,2024,331,Commodity,327,Industry,1.0
262,2024,331,Commodity,331,Industry,295542.0
262,2024,331,Commodity,332,Industry,4077.0
262,2024,331,Commodity,333,Industry,24.0
262,2024,331,Commodity,334,Industry,58.0
262,2024,331,Commodity,335,Industry,1056.0
262,2024,331,Commodity,3361MV,Industry,17.0
262,2024,331,Commodity,3364OT,Industry,2.0
262,2024,331,Commodity,337,Industry,28.0
262,2024,331,Commodity,339,Industry,9.0
262,2024,331,Commodity,GFGN,Industry,0.0
262,2024,331,Commodity,MCIF,Industry,95092.0
262,2024,331,Commodity,MDTY,Industry,2509.0
262,2024,331,Commodity,T007,Industry,300987.0
262,2024,331,Commodity,T013,Industry,396078.0
262,2024,331,Commodity,T014,Industry,60406.0
262,2024,331,Commodity,T015,Industry,5251.0
262,2024,331,Commodity,T016,Industry,461735.0
262,2024,331,Commodity,TOP,Industry,2742.0
262,2024,331,Commodity,Trade,Industry,44963.0
262,2024,331,Commodity,Trans,Industry,15442.0
262,2024,332,Commodity,211,Industry,0.0
262,2024,332,Commodity,213,Industry,486.0
262,2024,332,Commodity,313TT,Industry,78.0
262,2024,332,Commodity,321,Industry,646.0
262,2024,332,Commodity,322,Industry,0.0
262,2024,332,Commodity,323,Industry,128.0
262,2024,332,Commodity,324,Industry,0.0
262,2024,332,Commodity,325,Industry,52.0
262,2024,332,Commodity,326,Industry,556.0
262,2024,332,Commodity,327,Industry,34.0
262,2024,332,Commodity,331,Industry,1656.0
262,2024,332,Commodity,332,Industry,429782.0
262,2024,332,Commodity,333,Industry,1847.0
262,2024,332,Commodity,334,Industry,115.0
262,2024,332,Commodity,335,Industry,179.0
262,2024,332,Commodity,3361MV,Industry,1099.0
262,2024,332,Commodity,3364OT,Industry,72.0
262,2024,332,Commodity,337,Industry,243.0
262,2024,332,Commodity,339,Industry,924.0
262,2024,332,Commodity,42,Industry,0.0
262,2024,332,Commodity,MCIF,Industry,89042.0
262,2024,332,Commodity,MDTY,Industry,6053.0
262,2024,332,Commodity,T007,Industry,437898.0
262,2024,332,Commodity,T013,Industry,526940.0
262,2024,332,Commodity,T014,Industry,191517.0
262,2024,332,Commodity,T015,Industry,26059.0
262,2024,332,Commodity,T016,Industry,744516.0
262,2024,332,Commodity,TOP,Industry,20006.0
262,2024,332,Commodity,Trade,Industry,176407.0
262,2024,332,Commodity,Trans,Industry,15111.0
262,2024,333,Commodity,211,Industry,224.0
262,2024,333,Commodity,313TT,Industry,5.0
262,2024,333,Commodity,323,Industry,90.0
262,2024,333,Commodity,324,Industry,0.0
262,2024,333,Commodity,325,Industry,150.0
262,2024,333,Commodity,326,Industry,342.0
262,2024,333,Commodity,327,Industry,8.0
262,2024,333,Commodity,331,Industry,271.0
262,2024,333,Commodity,332,Industry,3218.0
262,2024,333,Commodity,333,Industry,411309.0
262,2024,333,Commodity,334,Industry,587.0
262,2024,333,Commodity,335,Industry,458.0
262,2024,333,Commodity,3361MV,Industry,1523.0
262,2024,333,Commodity,3364OT,Industry,749.0
262,2024,333,Commodity,337,Industry,55.0
262,2024,333,Commodity,339,Industry,207.0
262,2024,333,Commodity,42,Industry,1.0
262,2024,333,Commodity,GFGD,Industry,4.0
262,2024,333,Commodity,MCIF,Industry,231060.0
262,2024,333,Commodity,MDTY,Industry,7225.0
262,2024,333,Commodity,T007,Industry,419201.0
262,2024,333,Commodity,T013,Industry,650261.0
262,2024,333,Commodity,T014,Industry,280704.0
262,2024,333,Commodity,T015,Industry,27666.0
262,2024,333,Commodity,T016,Industry,958632.0
262,2024,333,Commodity,TOP,Industry,20441.0
262,2024,333,Commodity,Trade,Industry,261123.0
262,2024,333,Commodity,Trans,Industry,19582.0
262,2024,334,Commodity,313TT,Industry,38.0
262,2024,334,Commodity,321,Industry,0.0
262,2024,334,Commodity,322,Industry,65.0
262,2024,334,Commodity,323,Industry,11.0
262,2024,334,Commodity,325,Industry,1461.0
262,2024,334,Commodity,326,Industry,241.0
262,2024,334,Commodity,327,Industry,0.0
262,2024,334,Commodity,331,Industry,1.0
262,2024,334,Commodity,332,Industry,471.0
262,2024,334,Commodity,333,Industry,555.0
262,2024,334,Commodity,334,Industry,330783.0
262,2024,334,Commodity,335,Industry,184.0
262,2024,334,Commodity,3361MV,Industry,66.0
262,2024,334,Commodity,3364OT,Industry,520.0
262,2024,334,Commodity,337,Industry,6.0
262,2024,334,Commodity,339,Industry,816.0
262,2024,334,Commodity,42,Industry,0.0
262,2024,334,Commodity,512,Industry,9.0
262,2024,334,Commodity,514,Industry,1107.0
262,2024,334,Commodity,532RL,Industry,0.0
262,2024,334,Commodity,MCIF,Industry,445330.0
262,2024,334,Commodity,MDTY,Industry,5541.0
262,2024,334,Commodity,T007,Industry,336335.0
262,2024,334,Commodity,T013,Industry,781665.0
262,2024,334,Commodity,T014,Industry,369000.0
262,2024,334,Commodity,T015,Industry,29167.0
262,2024,334,Commodity,T016,Industry,1.179832e6
262,2024,334,Commodity,TOP,Industry,23626.0
262,2024,334,Commodity,Trade,Industry,355421.0
262,2024,334,Commodity,Trans,Industry,13578.0
262,2024,335,Commodity,323,Industry,12.0
262,2024,335,Commodity,324,Industry,10.0
262,2024,335,Commodity,325,Industry,115.0
262,2024,335,Commodity,326,Industry,374.0
262,2024,335,Commodity,327,Industry,69.0
262,2024,335,Commodity,331,Industry,326.0
262,2024,335,Commodity,332,Industry,245.0
262,2024,335,Commodity,333,Industry,1250.0
262,2024,335,Commodity,334,Industry,577.0
262,2024,335,Commodity,335,Industry,183961.0
262,2024,335,Commodity,3361MV,Industry,160.0
262,2024,335,Commodity,3364OT,Industry,430.0
262,2024,335,Commodity,337,Industry,28.0
262,2024,335,Commodity,339,Industry,51.0
262,2024,335,Commodity,MCIF,Industry,172408.0
262,2024,335,Commodity,MDTY,Industry,8985.0
262,2024,335,Commodity,SUB,Industry,-608.0
262,2024,335,Commodity,T007,Industry,187609.0
262,2024,335,Commodity,T013,Industry,360017.0
262,2024,335,Commodity,T014,Industry,178331.0
262,2024,335,Commodity,T015,Industry,20063.0
262,2024,335,Commodity,T016,Industry,558412.0
262,2024,335,Commodity,TOP,Industry,11686.0
262,2024,335,Commodity,Trade,Industry,165144.0
262,2024,335,Commodity,Trans,Industry,13187.0
262,2024,3361MV,Commodity,313TT,Industry,580.0
262,2024,3361MV,Commodity,325,Industry,1.0
262,2024,3361MV,Commodity,326,Industry,1284.0
262,2024,3361MV,Commodity,327,Industry,22.0
262,2024,3361MV,Commodity,332,Industry,981.0
262,2024,3361MV,Commodity,333,Industry,889.0
262,2024,3361MV,Commodity,334,Industry,8.0
262,2024,3361MV,Commodity,335,Industry,75.0
262,2024,3361MV,Commodity,3361MV,Industry,740057.0
262,2024,3361MV,Commodity,3364OT,Industry,2515.0
262,2024,3361MV,Commodity,337,Industry,0.0
262,2024,3361MV,Commodity,339,Industry,50.0
262,2024,3361MV,Commodity,42,Industry,88.0
262,2024,3361MV,Commodity,MCIF,Industry,416655.0
262,2024,3361MV,Commodity,MDTY,Industry,9134.0
262,2024,3361MV,Commodity,T007,Industry,746550.0
262,2024,3361MV,Commodity,T013,Industry,1.163204e6
262,2024,3361MV,Commodity,T014,Industry,429704.0
262,2024,3361MV,Commodity,T015,Industry,58335.0
262,2024,3361MV,Commodity,T016,Industry,1.651244e6
262,2024,3361MV,Commodity,TOP,Industry,49201.0
262,2024,3361MV,Commodity,Trade,Industry,408984.0
262,2024,3361MV,Commodity,Trans,Industry,20720.0
262,2024,3364OT,Commodity,313TT,Industry,0.0
262,2024,3364OT,Commodity,325,Industry,0.0
262,2024,3364OT,Commodity,326,Industry,112.0
262,2024,3364OT,Commodity,327,Industry,1.0
262,2024,3364OT,Commodity,332,Industry,221.0
262,2024,3364OT,Commodity,333,Industry,355.0
262,2024,3364OT,Commodity,334,Industry,516.0
262,2024,3364OT,Commodity,335,Industry,1.0
262,2024,3364OT,Commodity,3361MV,Industry,5582.0
262,2024,3364OT,Commodity,3364OT,Industry,341807.0
262,2024,3364OT,Commodity,339,Industry,52.0
262,2024,3364OT,Commodity,42,Industry,0.0
262,2024,3364OT,Commodity,MADJ,Industry,0.0
262,2024,3364OT,Commodity,MCIF,Industry,60406.0
262,2024,3364OT,Commodity,MDTY,Industry,835.0
262,2024,3364OT,Commodity,T007,Industry,348648.0
262,2024,3364OT,Commodity,T013,Industry,409054.0
262,2024,3364OT,Commodity,T014,Industry,45236.0
262,2024,3364OT,Commodity,T015,Industry,4655.0
262,2024,3364OT,Commodity,T016,Industry,458945.0
262,2024,3364OT,Commodity,TOP,Industry,3820.0
262,2024,3364OT,Commodity,Trade,Industry,39163.0
262,2024,3364OT,Commodity,Trans,Industry,6073.0
262,2024,337,Commodity,313TT,Industry,67.0
262,2024,337,Commodity,321,Industry,976.0
262,2024,337,Commodity,322,Industry,0.0
262,2024,337,Commodity,323,Industry,19.0
262,2024,337,Commodity,326,Industry,259.0
262,2024,337,Commodity,327,Industry,124.0
262,2024,337,Commodity,331,Industry,3.0
262,2024,337,Commodity,332,Industry,61.0
262,2024,337,Commodity,333,Industry,7.0
262,2024,337,Commodity,334,Industry,0.0
262,2024,337,Commodity,335,Industry,14.0
262,2024,337,Commodity,3361MV,Industry,0.0
262,2024,337,Commodity,337,Industry,80801.0
262,2024,337,Commodity,339,Industry,237.0
262,2024,337,Commodity,42,Industry,0.0
262,2024,337,Commodity,MCIF,Industry,49842.0
262,2024,337,Commodity,MDTY,Industry,2664.0
262,2024,337,Commodity,T007,Industry,82568.0
262,2024,337,Commodity,T013,Industry,132410.0
262,2024,337,Commodity,T014,Industry,118350.0
262,2024,337,Commodity,T015,Industry,13873.0
262,2024,337,Commodity,T016,Industry,264633.0
262,2024,337,Commodity,TOP,Industry,11209.0
262,2024,337,Commodity,Trade,Industry,96442.0
262,2024,337,Commodity,Trans,Industry,21908.0
262,2024,339,Commodity,311FT,Industry,4.0
262,2024,339,Commodity,313TT,Industry,25.0
262,2024,339,Commodity,315AL,Industry,7.0
262,2024,339,Commodity,321,Industry,30.0
262,2024,339,Commodity,322,Industry,519.0
262,2024,339,Commodity,323,Industry,748.0
262,2024,339,Commodity,325,Industry,1662.0
262,2024,339,Commodity,326,Industry,1583.0
262,2024,339,Commodity,327,Industry,25.0
262,2024,339,Commodity,332,Industry,529.0
262,2024,339,Commodity,333,Industry,68.0
262,2024,339,Commodity,334,Industry,1784.0
262,2024,339,Commodity,335,Industry,15.0
262,2024,339,Commodity,3361MV,Industry,10.0
262,2024,339,Commodity,3364OT,Industry,2.0
262,2024,339,Commodity,337,Industry,175.0
262,2024,339,Commodity,339,Industry,148381.0
262,2024,339,Commodity,42,Industry,6.0
262,2024,339,Commodity,4A0,Industry,2568.0
262,2024,339,Commodity,532RL,Industry,0.0
262,2024,339,Commodity,GFGD,Industry,2.0
262,2024,339,Commodity,GFGN,Industry,-11.0
262,2024,339,Commodity,GSLG,Industry,1591.0
262,2024,339,Commodity,MCIF,Industry,126264.0
262,2024,339,Commodity,MDTY,Industry,2742.0
262,2024,339,Commodity,T007,Industry,159724.0
262,2024,339,Commodity,T013,Industry,285988.0
262,2024,339,Commodity,T014,Industry,305375.0
262,2024,339,Commodity,T015,Industry,23138.0
262,2024,339,Commodity,T016,Industry,614501.0
262,2024,339,Commodity,TOP,Industry,20396.0
262,2024,339,Commodity,Trade,Industry,281118.0
262,2024,339,Commodity,Trans,Industry,24257.0
262,2024,42,Commodity,211,Industry,1789.0
262,2024,42,Commodity,212,Industry,110.0
262,2024,42,Commodity,213,Industry,240.0
262,2024,42,Commodity,22,Industry,1856.0
262,2024,42,Commodity,311FT,Industry,10952.0
262,2024,42,Commodity,313TT,Industry,385.0
262,2024,42,Commodity,315AL,Industry,380.0
262,2024,42,Commodity,321,Industry,1578.0
262,2024,42,Commodity,322,Industry,1279.0
262,2024,42,Commodity,323,Industry,568.0
262,2024,42,Commodity,324,Industry,9606.0
262,2024,42,Commodity,325,Industry,11688.0
262,2024,42,Commodity,326,Industry,2161.0
262,2024,42,Commodity,327,Industry,1573.0
262,2024,42,Commodity,331,Industry,1026.0
262,2024,42,Commodity,332,Industry,3919.0
262,2024,42,Commodity,333,Industry,5210.0
262,2024,42,Commodity,334,Industry,2196.0
262,2024,42,Commodity,335,Industry,2587.0
262,2024,42,Commodity,3361MV,Industry,2628.0
262,2024,42,Commodity,3364OT,Industry,1274.0
262,2024,42,Commodity,337,Industry,904.0
262,2024,42,Commodity,339,Industry,5675.0
262,2024,42,Commodity,42,Industry,2.484185e6
262,2024,42,Commodity,481,Industry,0.0
262,2024,42,Commodity,484,Industry,0.0
262,2024,42,Commodity,485,Industry,0.0
262,2024,42,Commodity,487OS,Industry,0.0
262,2024,42,Commodity,493,Industry,0.0
262,2024,42,Commodity,511,Industry,2513.0
262,2024,42,Commodity,512,Industry,2.0
262,2024,42,Commodity,513,Industry,133.0
262,2024,42,Commodity,514,Industry,6402.0
262,2024,42,Commodity,532RL,Industry,0.0
262,2024,42,Commodity,5415,Industry,146.0
262,2024,42,Commodity,713,Industry,0.0
262,2024,42,Commodity,722,Industry,52.0
262,2024,42,Commodity,81,Industry,688.0
262,2024,42,Commodity,MCIF,Industry,0.0
262,2024,42,Commodity,MDTY,Industry,0.0
262,2024,42,Commodity,ORE,Industry,0.0
262,2024,42,Commodity,T007,Industry,2.563701e6
262,2024,42,Commodity,T013,Industry,2.563701e6
262,2024,42,Commodity,T014,Industry,-2.436296e6
262,2024,42,Commodity,T015,Industry,345.0
262,2024,42,Commodity,T016,Industry,127751.0
262,2024,42,Commodity,TOP,Industry,345.0
262,2024,42,Commodity,Trade,Industry,-2.436296e6
262,2024,42,Commodity,Trans,Industry,0.0
262,2024,441,Commodity,441,Industry,412283.0
262,2024,441,Commodity,487OS,Industry,0.0
262,2024,441,Commodity,532RL,Industry,670.0
262,2024,441,Commodity,713,Industry,32.0
262,2024,441,Commodity,721,Industry,2.0
262,2024,441,Commodity,81,Industry,2297.0
262,2024,441,Commodity,GFE,Industry,0.0
262,2024,441,Commodity,T007,Industry,415284.0
262,2024,441,Commodity,T013,Industry,415284.0
262,2024,441,Commodity,T014,Industry,-415284.0
262,2024,441,Commodity,T016,Industry,0.0
262,2024,441,Commodity,Trade,Industry,-415284.0
262,2024,441,Commodity,Trans,Industry,0.0
262,2024,445,Commodity,445,Industry,291007.0
262,2024,445,Commodity,485,Industry,0.0
262,2024,445,Commodity,487OS,Industry,15.0
262,2024,445,Commodity,493,Industry,0.0
262,2024,445,Commodity,532RL,Industry,0.0
262,2024,445,Commodity,721,Industry,208.0
262,2024,445,Commodity,722,Industry,1103.0
262,2024,445,Commodity,GSLE,Industry,8052.0
262,2024,445,Commodity,T007,Industry,300385.0
262,2024,445,Commodity,T013,Industry,300385.0
262,2024,445,Commodity,T014,Industry,-300385.0
262,2024,445,Commodity,T016,Industry,0.0
262,2024,445,Commodity,Trade,Industry,-300385.0
262,2024,445,Commodity,Trans,Industry,0.0
262,2024,452,Commodity,452,Industry,235539.0
262,2024,452,Commodity,532RL,Industry,3551.0
262,2024,452,Commodity,5412OP,Industry,779.0
262,2024,452,Commodity,561,Industry,0.0
262,2024,452,Commodity,624,Industry,0.0
262,2024,452,Commodity,721,Industry,430.0
262,2024,452,Commodity,81,Industry,295.0
262,2024,452,Commodity,GFE,Industry,3068.0
262,2024,452,Commodity,T007,Industry,243662.0
262,2024,452,Commodity,T013,Industry,243662.0
262,2024,452,Commodity,T014,Industry,-243662.0
262,2024,452,Commodity,T016,Industry,0.0
262,2024,452,Commodity,Trade,Industry,-243662.0
262,2024,452,Commodity,Trans,Industry,0.0
262,2024,481,Commodity,481,Industry,293378.0
262,2024,481,Commodity,484,Industry,0.0
262,2024,481,Commodity,487OS,Industry,34.0
262,2024,481,Commodity,MADJ,Industry,-1250.0
262,2024,481,Commodity,MCIF,Industry,70846.0
262,2024,481,Commodity,SUB,Industry,-401.0
262,2024,481,Commodity,T007,Industry,293412.0
262,2024,481,Commodity,T013,Industry,363009.0
262,2024,481,Commodity,T014,Industry,-13516.0
262,2024,481,Commodity,T015,Industry,29680.0
262,2024,481,Commodity,T016,Industry,379173.0
262,2024,481,Commodity,TOP,Industry,30081.0
262,2024,481,Commodity,Trade,Industry,0.0
262,2024,481,Commodity,Trans,Industry,-13516.0
262,2024,482,Commodity,482,Industry,94034.0
262,2024,482,Commodity,623,Industry,0.0
262,2024,482,Commodity,GSLE,Industry,151.0
262,2024,482,Commodity,MADJ,Industry,-531.0
262,2024,482,Commodity,MCIF,Industry,0.0
262,2024,482,Commodity,SUB,Industry,-4450.0
262,2024,482,Commodity,T007,Industry,94186.0
262,2024,482,Commodity,T013,Industry,93655.0
262,2024,482,Commodity,T014,Industry,-79337.0
262,2024,482,Commodity,T015,Industry,-3650.0
262,2024,482,Commodity,T016,Industry,10668.0
262,2024,482,Commodity,TOP,Industry,800.0
262,2024,482,Commodity,Trade,Industry,0.0
262,2024,482,Commodity,Trans,Industry,-79337.0
262,2024,483,Commodity,483,Industry,72985.0
262,2024,483,Commodity,487OS,Industry,376.0
262,2024,483,Commodity,GSLE,Industry,749.0
262,2024,483,Commodity,MADJ,Industry,-16623.0
262,2024,483,Commodity,MCIF,Industry,0.0
262,2024,483,Commodity,SUB,Industry,-5.0
262,2024,483,Commodity,T007,Industry,74110.0
262,2024,483,Commodity,T013,Industry,57488.0
262,2024,483,Commodity,T014,Industry,-15634.0
262,2024,483,Commodity,T015,Industry,334.0
262,2024,483,Commodity,T016,Industry,42188.0
262,2024,483,Commodity,TOP,Industry,339.0
262,2024,483,Commodity,Trade,Industry,0.0
262,2024,483,Commodity,Trans,Industry,-15634.0
262,2024,484,Commodity,441,Industry,0.0
262,2024,484,Commodity,484,Industry,484256.0
262,2024,484,Commodity,487OS,Industry,896.0
262,2024,484,Commodity,493,Industry,482.0
262,2024,484,Commodity,532RL,Industry,1650.0
262,2024,484,Commodity,MADJ,Industry,-7137.0
262,2024,484,Commodity,MCIF,Industry,0.0
262,2024,484,Commodity,T007,Industry,487284.0
262,2024,484,Commodity,T013,Industry,480147.0
262,2024,484,Commodity,T014,Industry,-406639.0
262,2024,484,Commodity,T015,Industry,419.0
262,2024,484,Commodity,T016,Industry,73927.0
262,2024,484,Commodity,TOP,Industry,419.0
262,2024,484,Commodity,Trade,Industry,0.0
262,2024,484,Commodity,Trans,Industry,-406639.0
262,2024,485,Commodity,485,Industry,176308.0
262,2024,485,Commodity,487OS,Industry,566.0
262,2024,485,Commodity,532RL,Industry,0.0
262,2024,485,Commodity,GSLE,Industry,20489.0
262,2024,485,Commodity,SUB,Industry,-5955.0
262,2024,485,Commodity,T007,Industry,197363.0
262,2024,485,Commodity,T013,Industry,197363.0
262,2024,485,Commodity,T014,Industry,0.0
262,2024,485,Commodity,T015,Industry,-4250.0
262,2024,485,Commodity,T016,Industry,193113.0
262,2024,485,Commodity,TOP,Industry,1705.0
262,2024,485,Commodity,Trade,Industry,0.0
262,2024,485,Commodity,Trans,Industry,0.0
262,2024,486,Commodity,22,Industry,4403.0
262,2024,486,Commodity,42,Industry,94.0
262,2024,486,Commodity,486,Industry,72159.0
262,2024,486,Commodity,T007,Industry,76656.0
262,2024,486,Commodity,T013,Industry,76656.0
262,2024,486,Commodity,T014,Industry,-76080.0
262,2024,486,Commodity,T015,Industry,88.0
262,2024,486,Commodity,T016,Industry,664.0
262,2024,486,Commodity,TOP,Industry,88.0
262,2024,486,Commodity,Trade,Industry,0.0
262,2024,486,Commodity,Trans,Industry,-76080.0
262,2024,487OS,Commodity,42,Industry,748.0
262,2024,487OS,Commodity,441,Industry,0.0
262,2024,487OS,Commodity,481,Industry,1712.0
262,2024,487OS,Commodity,483,Industry,3689.0
262,2024,487OS,Commodity,484,Industry,26204.0
262,2024,487OS,Commodity,485,Industry,13.0
262,2024,487OS,Commodity,487OS,Industry,339506.0
262,2024,487OS,Commodity,493,Industry,2455.0
262,2024,487OS,Commodity,4A0,Industry,0.0
262,2024,487OS,Commodity,532RL,Industry,0.0
262,2024,487OS,Commodity,562,Industry,715.0
262,2024,487OS,Commodity,GSLE,Industry,22899.0
262,2024,487OS,Commodity,MADJ,Industry,-4269.0
262,2024,487OS,Commodity,MCIF,Industry,30.0
262,2024,487OS,Commodity,T007,Industry,397943.0
262,2024,487OS,Commodity,T013,Industry,393703.0
262,2024,487OS,Commodity,T014,Industry,0.0
262,2024,487OS,Commodity,T015,Industry,631.0
262,2024,487OS,Commodity,T016,Industry,394333.0
262,2024,487OS,Commodity,TOP,Industry,631.0
262,2024,487OS,Commodity,Trade,Industry,0.0
262,2024,487OS,Commodity,Trans,Industry,0.0
262,2024,493,Commodity,42,Industry,419.0
262,2024,493,Commodity,441,Industry,0.0
262,2024,493,Commodity,445,Industry,0.0
262,2024,493,Commodity,484,Industry,8177.0
262,2024,493,Commodity,487OS,Industry,1953.0
262,2024,493,Commodity,493,Industry,183331.0
262,2024,493,Commodity,4A0,Industry,0.0
262,2024,493,Commodity,5412OP,Industry,0.0
262,2024,493,Commodity,T007,Industry,193880.0
262,2024,493,Commodity,T013,Industry,193880.0
262,2024,493,Commodity,T014,Industry,0.0
262,2024,493,Commodity,T015,Industry,350.0
262,2024,493,Commodity,T016,Industry,194230.0
262,2024,493,Commodity,TOP,Industry,350.0
262,2024,493,Commodity,Trade,Industry,0.0
262,2024,493,Commodity,Trans,Industry,0.0
262,2024,4A0,Commodity,22,Industry,1074.0
262,2024,4A0,Commodity,485,Industry,0.0
262,2024,4A0,Commodity,487OS,Industry,0.0
262,2024,4A0,Commodity,493,Industry,0.0
262,2024,4A0,Commodity,4A0,Industry,1.399751e6
262,2024,4A0,Commodity,511,Industry,3728.0
262,2024,4A0,Commodity,512,Industry,175.0
262,2024,4A0,Commodity,513,Industry,4291.0
262,2024,4A0,Commodity,514,Industry,236.0
262,2024,4A0,Commodity,521CI,Industry,0.0
262,2024,4A0,Commodity,532RL,Industry,294.0
262,2024,4A0,Commodity,5412OP,Industry,2974.0
262,2024,4A0,Commodity,5415,Industry,2039.0
262,2024,4A0,Commodity,561,Industry,908.0
262,2024,4A0,Commodity,562,Industry,91.0
262,2024,4A0,Commodity,61,Industry,896.0
262,2024,4A0,Commodity,621,Industry,12266.0
262,2024,4A0,Commodity,622,Industry,2020.0
262,2024,4A0,Commodity,623,Industry,23.0
262,2024,4A0,Commodity,624,Industry,121.0
262,2024,4A0,Commodity,711AS,Industry,1549.0
262,2024,4A0,Commodity,713,Industry,2974.0
262,2024,4A0,Commodity,721,Industry,659.0
262,2024,4A0,Commodity,722,Industry,2498.0
262,2024,4A0,Commodity,81,Industry,6016.0
262,2024,4A0,Commodity,GFE,Industry,59.0
262,2024,4A0,Commodity,T007,Industry,1.444643e6
262,2024,4A0,Commodity,T013,Industry,1.444643e6
262,2024,4A0,Commodity,T014,Industry,-1.426499e6
262,2024,4A0,Commodity,T016,Industry,18144.0
262,2024,4A0,Commodity,TOP,Industry,0.0
262,2024,4A0,Commodity,Trade,Industry,-1.426499e6
262,2024,4A0,Commodity,Trans,Industry,0.0
262,2024,511,Commodity,511,Industry,495288.0
262,2024,511,Commodity,514,Industry,27063.0
262,2024,511,Commodity,5412OP,Industry,0.0
262,2024,511,Commodity,5415,Industry,17733.0
262,2024,511,Commodity,GFGN,Industry,-32.0
262,2024,511,Commodity,GSLG,Industry,749.0
262,2024,511,Commodity,MADJ,Industry,0.0
262,2024,511,Commodity,MCIF,Industry,6231.0
262,2024,511,Commodity,MDTY,Industry,49.0
262,2024,511,Commodity,T007,Industry,540802.0
262,2024,511,Commodity,T013,Industry,547033.0
262,2024,511,Commodity,T014,Industry,168233.0
262,2024,511,Commodity,T015,Industry,14513.0
262,2024,511,Commodity,T016,Industry,729778.0
262,2024,511,Commodity,TOP,Industry,14464.0
262,2024,511,Commodity,Trade,Industry,159120.0
262,2024,511,Commodity,Trans,Industry,9112.0
262,2024,512,Commodity,4A0,Industry,1010.0
262,2024,512,Commodity,512,Industry,200665.0
262,2024,512,Commodity,513,Industry,1293.0
262,2024,512,Commodity,532RL,Industry,0.0
262,2024,512,Commodity,5412OP,Industry,0.0
262,2024,512,Commodity,81,Industry,0.0
262,2024,512,Commodity,GFE,Industry,19.0
262,2024,512,Commodity,GFGD,Industry,70.0
262,2024,512,Commodity,GSLG,Industry,1.0
262,2024,512,Commodity,MADJ,Industry,0.0
262,2024,512,Commodity,MCIF,Industry,11204.0
262,2024,512,Commodity,MDTY,Industry,1.0
262,2024,512,Commodity,T007,Industry,203058.0
262,2024,512,Commodity,T013,Industry,214262.0
262,2024,512,Commodity,T014,Industry,10945.0
262,2024,512,Commodity,T015,Industry,2583.0
262,2024,512,Commodity,T016,Industry,227790.0
262,2024,512,Commodity,TOP,Industry,2583.0
262,2024,512,Commodity,Trade,Industry,10786.0
262,2024,512,Commodity,Trans,Industry,159.0
262,2024,513,Commodity,4A0,Industry,0.0
262,2024,513,Commodity,511,Industry,0.0
262,2024,513,Commodity,513,Industry,758276.0
262,2024,513,Commodity,514,Industry,4516.0
262,2024,513,Commodity,5415,Industry,218.0
262,2024,513,Commodity,721,Industry,187.0
262,2024,513,Commodity,722,Industry,0.0
262,2024,513,Commodity,81,Industry,0.0
262,2024,513,Commodity,MADJ,Industry,0.0
262,2024,513,Commodity,MCIF,Industry,136.0
262,2024,513,Commodity,T007,Industry,763197.0
262,2024,513,Commodity,T013,Industry,763333.0
262,2024,513,Commodity,T014,Industry,0.0
262,2024,513,Commodity,T015,Industry,29701.0
262,2024,513,Commodity,T016,Industry,793034.0
262,2024,513,Commodity,TOP,Industry,29701.0
262,2024,513,Commodity,Trade,Industry,0.0
262,2024,513,Commodity,Trans,Industry,0.0
262,2024,514,Commodity,511,Industry,66336.0
262,2024,514,Commodity,513,Industry,7.0
262,2024,514,Commodity,514,Industry,482743.0
262,2024,514,Commodity,5412OP,Industry,87026.0
262,2024,514,Commodity,5415,Industry,28290.0
262,2024,514,Commodity,81,Industry,918.0
262,2024,514,Commodity,GFGD,Industry,23.0
262,2024,514,Commodity,GSLG,Industry,3248.0
262,2024,514,Commodity,MADJ,Industry,0.0
262,2024,514,Commodity,MCIF,Industry,2071.0
262,2024,514,Commodity,MDTY,Industry,0.0
262,2024,514,Commodity,T007,Industry,668592.0
262,2024,514,Commodity,T013,Industry,670663.0
262,2024,514,Commodity,T014,Industry,0.0
262,2024,514,Commodity,T015,Industry,2834.0
262,2024,514,Commodity,T016,Industry,673496.0
262,2024,514,Commodity,TOP,Industry,2834.0
262,2024,514,Commodity,Trade,Industry,0.0
262,2024,514,Commodity,Trans,Industry,0.0
262,2024,521CI,Commodity,441,Industry,4829.0
262,2024,521CI,Commodity,445,Industry,48.0
262,2024,521CI,Commodity,4A0,Industry,413.0
262,2024,521CI,Commodity,521CI,Industry,1.325275e6
262,2024,521CI,Commodity,523,Industry,41030.0
262,2024,521CI,Commodity,532RL,Industry,98.0
262,2024,521CI,Commodity,GSLE,Industry,25.0
262,2024,521CI,Commodity,MADJ,Industry,0.0
262,2024,521CI,Commodity,MCIF,Industry,8442.0
262,2024,521CI,Commodity,ORE,Industry,1678.0
262,2024,521CI,Commodity,SUB,Industry,-263.0
262,2024,521CI,Commodity,T007,Industry,1.373397e6
262,2024,521CI,Commodity,T013,Industry,1.38184e6
262,2024,521CI,Commodity,T014,Industry,0.0
262,2024,521CI,Commodity,T015,Industry,-263.0
262,2024,521CI,Commodity,T016,Industry,1.381576e6
262,2024,521CI,Commodity,TOP,Industry,0.0
262,2024,521CI,Commodity,Trade,Industry,0.0
262,2024,521CI,Commodity,Trans,Industry,0.0
262,2024,523,Commodity,521CI,Industry,31478.0
262,2024,523,Commodity,523,Industry,880093.0
262,2024,523,Commodity,524,Industry,2251.0
262,2024,523,Commodity,532RL,Industry,127.0
262,2024,523,Commodity,5412OP,Industry,642.0
262,2024,523,Commodity,MADJ,Industry,0.0
262,2024,523,Commodity,MCIF,Industry,49.0
262,2024,523,Commodity,ORE,Industry,0.0
262,2024,523,Commodity,T007,Industry,914590.0
262,2024,523,Commodity,T013,Industry,914639.0
262,2024,523,Commodity,T014,Industry,0.0
262,2024,523,Commodity,T015,Industry,1787.0
262,2024,523,Commodity,T016,Industry,916426.0
262,2024,523,Commodity,TOP,Industry,1787.0
262,2024,523,Commodity,Trade,Industry,0.0
262,2024,523,Commodity,Trans,Industry,0.0
262,2024,524,Commodity,441,Industry,0.0
262,2024,524,Commodity,487OS,Industry,0.0
262,2024,524,Commodity,4A0,Industry,0.0
262,2024,524,Commodity,521CI,Industry,0.0
262,2024,524,Commodity,523,Industry,6221.0
262,2024,524,Commodity,524,Industry,1.484502e6
262,2024,524,Commodity,532RL,Industry,810.0
262,2024,524,Commodity,5415,Industry,0.0
262,2024,524,Commodity,561,Industry,201.0
262,2024,524,Commodity,61,Industry,124.0
262,2024,524,Commodity,GFE,Industry,11181.0
262,2024,524,Commodity,GSLE,Industry,543.0
262,2024,524,Commodity,MADJ,Industry,-976.0
262,2024,524,Commodity,MCIF,Industry,95241.0
262,2024,524,Commodity,ORE,Industry,423.0
262,2024,524,Commodity,SUB,Industry,-6847.0
262,2024,524,Commodity,T007,Industry,1.504005e6
262,2024,524,Commodity,T013,Industry,1.598269e6
262,2024,524,Commodity,T014,Industry,0.0
262,2024,524,Commodity,T015,Industry,32468.0
262,2024,524,Commodity,T016,Industry,1.630738e6
262,2024,524,Commodity,TOP,Industry,39316.0
262,2024,524,Commodity,Trade,Industry,0.0
262,2024,524,Commodity,Trans,Industry,0.0
262,2024,525,Commodity,525,Industry,264594.0
262,2024,525,Commodity,GFGN,Industry,-14.0
262,2024,525,Commodity,GSLG,Industry,42472.0
262,2024,525,Commodity,T007,Industry,307052.0
262,2024,525,Commodity,T013,Industry,307052.0
262,2024,525,Commodity,T014,Industry,0.0
262,2024,525,Commodity,T015,Industry,115.0
262,2024,525,Commodity,T016,Industry,307167.0
262,2024,525,Commodity,TOP,Industry,115.0
262,2024,525,Commodity,Trade,Industry,0.0
262,2024,525,Commodity,Trans,Industry,0.0
262,2024,532RL,Commodity,333,Industry,11.0
262,2024,532RL,Commodity,42,Industry,15687.0
262,2024,532RL,Commodity,441,Industry,225.0
262,2024,532RL,Commodity,445,Industry,2.0
262,2024,532RL,Commodity,452,Industry,0.0
262,2024,532RL,Commodity,481,Industry,594.0
262,2024,532RL,Commodity,482,Industry,799.0
262,2024,532RL,Commodity,483,Industry,0.0
262,2024,532RL,Commodity,484,Industry,425.0
262,2024,532RL,Commodity,487OS,Industry,5.0
262,2024,532RL,Commodity,493,Industry,0.0
262,2024,532RL,Commodity,4A0,Industry,1385.0
262,2024,532RL,Commodity,511,Industry,0.0
262,2024,532RL,Commodity,512,Industry,74.0
262,2024,532RL,Commodity,513,Industry,8932.0
262,2024,532RL,Commodity,514,Industry,39.0
262,2024,532RL,Commodity,521CI,Industry,55322.0
262,2024,532RL,Commodity,532RL,Industry,639096.0
262,2024,532RL,Commodity,5412OP,Industry,53.0
262,2024,532RL,Commodity,5415,Industry,161.0
262,2024,532RL,Commodity,561,Industry,266.0
262,2024,532RL,Commodity,562,Industry,204.0
262,2024,532RL,Commodity,61,Industry,0.0
262,2024,532RL,Commodity,621,Industry,671.0
262,2024,532RL,Commodity,622,Industry,200.0
262,2024,532RL,Commodity,623,Industry,0.0
262,2024,532RL,Commodity,711AS,Industry,2175.0
262,2024,532RL,Commodity,713,Industry,278.0
262,2024,532RL,Commodity,721,Industry,1208.0
262,2024,532RL,Commodity,81,Industry,501.0
262,2024,532RL,Commodity,ORE,Industry,0.0
262,2024,532RL,Commodity,T007,Industry,728316.0
262,2024,532RL,Commodity,T013,Industry,728316.0
262,2024,532RL,Commodity,T014,Industry,0.0
262,2024,532RL,Commodity,T015,Industry,26435.0
262,2024,532RL,Commodity,T016,Industry,754751.0
262,2024,532RL,Commodity,TOP,Industry,26435.0
262,2024,532RL,Commodity,Trade,Industry,0.0
262,2024,532RL,Commodity,Trans,Industry,0.0
262,2024,5411,Commodity,524,Industry,126.0
262,2024,5411,Commodity,5411,Industry,460519.0
262,2024,5411,Commodity,5412OP,Industry,0.0
262,2024,5411,Commodity,MADJ,Industry,0.0
262,2024,5411,Commodity,MCIF,Industry,6025.0
262,2024,5411,Commodity,T007,Industry,460646.0
262,2024,5411,Commodity,T013,Industry,466670.0
262,2024,5411,Commodity,T014,Industry,0.0
262,2024,5411,Commodity,T015,Industry,21446.0
262,2024,5411,Commodity,T016,Industry,488116.0
262,2024,5411,Commodity,TOP,Industry,21446.0
262,2024,5411,Commodity,Trade,Industry,0.0
262,2024,5411,Commodity,Trans,Industry,0.0
262,2024,5412OP,Commodity,211,Industry,459.0
262,2024,5412OP,Commodity,212,Industry,51.0
262,2024,5412OP,Commodity,213,Industry,169.0
262,2024,5412OP,Commodity,22,Industry,329.0
262,2024,5412OP,Commodity,23,Industry,38.0
262,2024,5412OP,Commodity,311FT,Industry,3855.0
262,2024,5412OP,Commodity,313TT,Industry,242.0
262,2024,5412OP,Commodity,315AL,Industry,199.0
262,2024,5412OP,Commodity,321,Industry,150.0
262,2024,5412OP,Commodity,322,Industry,997.0
262,2024,5412OP,Commodity,323,Industry,15628.0
262,2024,5412OP,Commodity,324,Industry,570.0
262,2024,5412OP,Commodity,325,Industry,75234.0
262,2024,5412OP,Commodity,326,Industry,1888.0
262,2024,5412OP,Commodity,327,Industry,796.0
262,2024,5412OP,Commodity,331,Industry,494.0
262,2024,5412OP,Commodity,332,Industry,3729.0
262,2024,5412OP,Commodity,333,Industry,11922.0
262,2024,5412OP,Commodity,334,Industry,73328.0
262,2024,5412OP,Commodity,335,Industry,3898.0
262,2024,5412OP,Commodity,3361MV,Industry,16276.0
262,2024,5412OP,Commodity,3364OT,Industry,25979.0
262,2024,5412OP,Commodity,337,Industry,317.0
262,2024,5412OP,Commodity,339,Industry,16791.0
262,2024,5412OP,Commodity,42,Industry,1529.0
262,2024,5412OP,Commodity,441,Industry,5.0
262,2024,5412OP,Commodity,445,Industry,2.0
262,2024,5412OP,Commodity,452,Industry,0.0
262,2024,5412OP,Commodity,481,Industry,2370.0
262,2024,5412OP,Commodity,482,Industry,1000.0
262,2024,5412OP,Commodity,483,Industry,108.0
262,2024,5412OP,Commodity,484,Industry,795.0
262,2024,5412OP,Commodity,485,Industry,178.0
262,2024,5412OP,Commodity,486,Industry,603.0
262,2024,5412OP,Commodity,487OS,Industry,9095.0
262,2024,5412OP,Commodity,493,Industry,1579.0
262,2024,5412OP,Commodity,4A0,Industry,4688.0
262,2024,5412OP,Commodity,511,Industry,56708.0
262,2024,5412OP,Commodity,512,Industry,3519.0
262,2024,5412OP,Commodity,513,Industry,121666.0
262,2024,5412OP,Commodity,514,Industry,334070.0
262,2024,5412OP,Commodity,521CI,Industry,6454.0
262,2024,5412OP,Commodity,523,Industry,2741.0
262,2024,5412OP,Commodity,524,Industry,6928.0
262,2024,5412OP,Commodity,525,Industry,13.0
262,2024,5412OP,Commodity,532RL,Industry,333.0
262,2024,5412OP,Commodity,5411,Industry,424.0
262,2024,5412OP,Commodity,5412OP,Industry,2.1471e6
262,2024,5412OP,Commodity,5415,Industry,13850.0
262,2024,5412OP,Commodity,55,Industry,7966.0
262,2024,5412OP,Commodity,561,Industry,68878.0
262,2024,5412OP,Commodity,562,Industry,231.0
262,2024,5412OP,Commodity,61,Industry,52313.0
262,2024,5412OP,Commodity,621,Industry,532.0
262,2024,5412OP,Commodity,622,Industry,6847.0
262,2024,5412OP,Commodity,623,Industry,27.0
262,2024,5412OP,Commodity,624,Industry,36.0
262,2024,5412OP,Commodity,711AS,Industry,12393.0
262,2024,5412OP,Commodity,713,Industry,113.0
262,2024,5412OP,Commodity,721,Industry,7.0
262,2024,5412OP,Commodity,722,Industry,0.0
262,2024,5412OP,Commodity,81,Industry,1611.0
262,2024,5412OP,Commodity,GFGD,Industry,31649.0
262,2024,5412OP,Commodity,GFGN,Industry,34044.0
262,2024,5412OP,Commodity,GSLG,Industry,81377.0
262,2024,5412OP,Commodity,HS,Industry,220.0
262,2024,5412OP,Commodity,MADJ,Industry,0.0
262,2024,5412OP,Commodity,MCIF,Industry,134831.0
262,2024,5412OP,Commodity,MDTY,Industry,5.0
262,2024,5412OP,Commodity,ORE,Industry,995.0
262,2024,5412OP,Commodity,T007,Industry,3.268339e6
262,2024,5412OP,Commodity,T013,Industry,3.40317e6
262,2024,5412OP,Commodity,T014,Industry,0.0
262,2024,5412OP,Commodity,T015,Industry,11532.0
262,2024,5412OP,Commodity,T016,Industry,3.414702e6
262,2024,5412OP,Commodity,TOP,Industry,11527.0
262,2024,5412OP,Commodity,Trade,Industry,0.0
262,2024,5412OP,Commodity,Trans,Industry,0.0
262,2024,5415,Commodity,113FF,Industry,0.0
262,2024,5415,Commodity,211,Industry,98.0
262,2024,5415,Commodity,212,Industry,2.0
262,2024,5415,Commodity,213,Industry,31.0
262,2024,5415,Commodity,22,Industry,492.0
262,2024,5415,Commodity,23,Industry,534.0
262,2024,5415,Commodity,311FT,Industry,220.0
262,2024,5415,Commodity,313TT,Industry,12.0
262,2024,5415,Commodity,315AL,Industry,19.0
262,2024,5415,Commodity,321,Industry,23.0
262,2024,5415,Commodity,322,Industry,90.0
262,2024,5415,Commodity,323,Industry,198.0
262,2024,5415,Commodity,324,Industry,36.0
262,2024,5415,Commodity,325,Industry,478.0
262,2024,5415,Commodity,326,Industry,197.0
262,2024,5415,Commodity,327,Industry,51.0
262,2024,5415,Commodity,331,Industry,75.0
262,2024,5415,Commodity,332,Industry,384.0
262,2024,5415,Commodity,333,Industry,628.0
262,2024,5415,Commodity,334,Industry,1395.0
262,2024,5415,Commodity,335,Industry,230.0
262,2024,5415,Commodity,3361MV,Industry,488.0
262,2024,5415,Commodity,3364OT,Industry,749.0
262,2024,5415,Commodity,337,Industry,68.0
262,2024,5415,Commodity,339,Industry,417.0
262,2024,5415,Commodity,42,Industry,10114.0
262,2024,5415,Commodity,441,Industry,81.0
262,2024,5415,Commodity,445,Industry,10.0
262,2024,5415,Commodity,452,Industry,0.0
262,2024,5415,Commodity,481,Industry,317.0
262,2024,5415,Commodity,482,Industry,140.0
262,2024,5415,Commodity,483,Industry,38.0
262,2024,5415,Commodity,484,Industry,104.0
262,2024,5415,Commodity,485,Industry,6.0
262,2024,5415,Commodity,486,Industry,19.0
262,2024,5415,Commodity,487OS,Industry,574.0
262,2024,5415,Commodity,493,Industry,345.0
262,2024,5415,Commodity,4A0,Industry,1806.0
262,2024,5415,Commodity,511,Industry,23152.0
262,2024,5415,Commodity,512,Industry,562.0
262,2024,5415,Commodity,513,Industry,3422.0
262,2024,5415,Commodity,514,Industry,29558.0
262,2024,5415,Commodity,521CI,Industry,1986.0
262,2024,5415,Commodity,523,Industry,825.0
262,2024,5415,Commodity,524,Industry,2897.0
262,2024,5415,Commodity,525,Industry,16.0
262,2024,5415,Commodity,532RL,Industry,270.0
262,2024,5415,Commodity,5411,Industry,494.0
262,2024,5415,Commodity,5412OP,Industry,18197.0
262,2024,5415,Commodity,5415,Industry,648228.0
262,2024,5415,Commodity,55,Industry,22382.0
262,2024,5415,Commodity,561,Industry,18321.0
262,2024,5415,Commodity,562,Industry,32.0
262,2024,5415,Commodity,61,Industry,6083.0
262,2024,5415,Commodity,621,Industry,1137.0
262,2024,5415,Commodity,622,Industry,3729.0
262,2024,5415,Commodity,623,Industry,43.0
262,2024,5415,Commodity,624,Industry,166.0
262,2024,5415,Commodity,711AS,Industry,308.0
262,2024,5415,Commodity,713,Industry,138.0
262,2024,5415,Commodity,721,Industry,75.0
262,2024,5415,Commodity,722,Industry,4.0
262,2024,5415,Commodity,81,Industry,1406.0
262,2024,5415,Commodity,GFE,Industry,625.0
262,2024,5415,Commodity,GFGD,Industry,2452.0
262,2024,5415,Commodity,GFGN,Industry,2704.0
262,2024,5415,Commodity,GSLG,Industry,5770.0
262,2024,5415,Commodity,HS,Industry,159.0
262,2024,5415,Commodity,MADJ,Industry,0.0
262,2024,5415,Commodity,MCIF,Industry,62386.0
262,2024,5415,Commodity,ORE,Industry,486.0
262,2024,5415,Commodity,T007,Industry,816096.0
262,2024,5415,Commodity,T013,Industry,878482.0
262,2024,5415,Commodity,T014,Industry,0.0
262,2024,5415,Commodity,T015,Industry,7971.0
262,2024,5415,Commodity,T016,Industry,886452.0
262,2024,5415,Commodity,TOP,Industry,7971.0
262,2024,5415,Commodity,Trade,Industry,0.0
262,2024,5415,Commodity,Trans,Industry,0.0
262,2024,55,Commodity,55,Industry,825406.0
262,2024,55,Commodity,T007,Industry,825406.0
262,2024,55,Commodity,T013,Industry,825406.0
262,2024,55,Commodity,T014,Industry,0.0
262,2024,55,Commodity,T015,Industry,2113.0
262,2024,55,Commodity,T016,Industry,827519.0
262,2024,55,Commodity,TOP,Industry,2113.0
262,2024,55,Commodity,Trade,Industry,0.0
262,2024,55,Commodity,Trans,Industry,0.0
262,2024,561,Commodity,323,Industry,294.0
262,2024,561,Commodity,42,Industry,28.0
262,2024,561,Commodity,445,Industry,2.0
262,2024,561,Commodity,452,Industry,0.0
262,2024,561,Commodity,487OS,Industry,5.0
262,2024,561,Commodity,4A0,Industry,60.0
262,2024,561,Commodity,511,Industry,182.0
262,2024,561,Commodity,514,Industry,112.0
262,2024,561,Commodity,5412OP,Industry,1675.0
262,2024,561,Commodity,5415,Industry,8546.0
262,2024,561,Commodity,561,Industry,1.234474e6
262,2024,561,Commodity,621,Industry,0.0
262,2024,561,Commodity,622,Industry,0.0
262,2024,561,Commodity,721,Industry,0.0
262,2024,561,Commodity,81,Industry,0.0
262,2024,561,Commodity,GSLG,Industry,12409.0
262,2024,561,Commodity,MADJ,Industry,0.0
262,2024,561,Commodity,MCIF,Industry,4571.0
262,2024,561,Commodity,ORE,Industry,0.0
262,2024,561,Commodity,T007,Industry,1.257788e6
262,2024,561,Commodity,T013,Industry,1.262359e6
262,2024,561,Commodity,T014,Industry,0.0
262,2024,561,Commodity,T015,Industry,9606.0
262,2024,561,Commodity,T016,Industry,1.271965e6
262,2024,561,Commodity,TOP,Industry,9606.0
262,2024,561,Commodity,Trade,Industry,0.0
262,2024,561,Commodity,Trans,Industry,0.0
262,2024,562,Commodity,22,Industry,9.0
262,2024,562,Commodity,484,Industry,6284.0
262,2024,562,Commodity,487OS,Industry,0.0
262,2024,562,Commodity,493,Industry,0.0
262,2024,562,Commodity,511,Industry,1.0
262,2024,562,Commodity,5412OP,Industry,0.0
262,2024,562,Commodity,561,Industry,690.0
262,2024,562,Commodity,562,Industry,171686.0
262,2024,562,Commodity,GSLG,Industry,19769.0
262,2024,562,Commodity,MADJ,Industry,0.0
262,2024,562,Commodity,MCIF,Industry,557.0
262,2024,562,Commodity,T007,Industry,198440.0
262,2024,562,Commodity,T013,Industry,198997.0
262,2024,562,Commodity,T014,Industry,0.0
262,2024,562,Commodity,T015,Industry,2848.0
262,2024,562,Commodity,T016,Industry,201845.0
262,2024,562,Commodity,TOP,Industry,2848.0
262,2024,562,Commodity,Trade,Industry,0.0
262,2024,562,Commodity,Trans,Industry,0.0
262,2024,61,Commodity,42,Industry,0.0
262,2024,61,Commodity,441,Industry,0.0
262,2024,61,Commodity,487OS,Industry,0.0
262,2024,61,Commodity,4A0,Industry,159.0
262,2024,61,Commodity,511,Industry,564.0
262,2024,61,Commodity,513,Industry,0.0
262,2024,61,Commodity,514,Industry,207.0
262,2024,61,Commodity,532RL,Industry,4.0
262,2024,61,Commodity,5415,Industry,544.0
262,2024,61,Commodity,561,Industry,29.0
262,2024,61,Commodity,61,Industry,391055.0
262,2024,61,Commodity,621,Industry,0.0
262,2024,61,Commodity,622,Industry,0.0
262,2024,61,Commodity,711AS,Industry,409.0
262,2024,61,Commodity,713,Industry,4562.0
262,2024,61,Commodity,81,Industry,14.0
262,2024,61,Commodity,GFGD,Industry,390.0
262,2024,61,Commodity,GSLG,Industry,111783.0
262,2024,61,Commodity,MADJ,Industry,0.0
262,2024,61,Commodity,MCIF,Industry,2719.0
262,2024,61,Commodity,T007,Industry,509721.0
262,2024,61,Commodity,T013,Industry,512440.0
262,2024,61,Commodity,T014,Industry,0.0
262,2024,61,Commodity,T015,Industry,898.0
262,2024,61,Commodity,T016,Industry,513338.0
262,2024,61,Commodity,TOP,Industry,898.0
262,2024,61,Commodity,Trade,Industry,0.0
262,2024,61,Commodity,Trans,Industry,0.0
262,2024,621,Commodity,452,Industry,0.0
262,2024,621,Commodity,481,Industry,92.0
262,2024,621,Commodity,485,Industry,0.0
262,2024,621,Commodity,487OS,Industry,0.0
262,2024,621,Commodity,4A0,Industry,16.0
262,2024,621,Commodity,561,Industry,0.0
262,2024,621,Commodity,621,Industry,1.607575e6
262,2024,621,Commodity,622,Industry,4943.0
262,2024,621,Commodity,623,Industry,197.0
262,2024,621,Commodity,624,Industry,374.0
262,2024,621,Commodity,GSLG,Industry,47289.0
262,2024,621,Commodity,MCIF,Industry,300.0
262,2024,621,Commodity,T007,Industry,1.660487e6
262,2024,621,Commodity,T013,Industry,1.660786e6
262,2024,621,Commodity,T014,Industry,0.0
262,2024,621,Commodity,T015,Industry,675.0
262,2024,621,Commodity,T016,Industry,1.661461e6
262,2024,621,Commodity,TOP,Industry,675.0
262,2024,621,Commodity,Trade,Industry,0.0
262,2024,621,Commodity,Trans,Industry,0.0
262,2024,622,Commodity,622,Industry,1.234468e6
262,2024,622,Commodity,GFGD,Industry,2477.0
262,2024,622,Commodity,GFGN,Industry,-240.0
262,2024,622,Commodity,GSLG,Industry,310938.0
262,2024,622,Commodity,MADJ,Industry,0.0
262,2024,622,Commodity,MCIF,Industry,10588.0
262,2024,622,Commodity,SUB,Industry,-14.0
262,2024,622,Commodity,T007,Industry,1.547642e6
262,2024,622,Commodity,T013,Industry,1.55823e6
262,2024,622,Commodity,T014,Industry,0.0
262,2024,622,Commodity,T015,Industry,3936.0
262,2024,622,Commodity,T016,Industry,1.562166e6
262,2024,622,Commodity,TOP,Industry,3950.0
262,2024,622,Commodity,Trade,Industry,0.0
262,2024,622,Commodity,Trans,Industry,0.0
262,2024,623,Commodity,621,Industry,0.0
262,2024,623,Commodity,622,Industry,0.0
262,2024,623,Commodity,623,Industry,340484.0
262,2024,623,Commodity,624,Industry,3094.0
262,2024,623,Commodity,MCIF,Industry,86.0
262,2024,623,Commodity,T007,Industry,343578.0
262,2024,623,Commodity,T013,Industry,343664.0
262,2024,623,Commodity,T014,Industry,0.0
262,2024,623,Commodity,T015,Industry,4331.0
262,2024,623,Commodity,T016,Industry,347995.0
262,2024,623,Commodity,TOP,Industry,4331.0
262,2024,623,Commodity,Trade,Industry,0.0
262,2024,623,Commodity,Trans,Industry,0.0
262,2024,624,Commodity,561,Industry,39.0
262,2024,624,Commodity,623,Industry,762.0
262,2024,624,Commodity,624,Industry,348447.0
262,2024,624,Commodity,713,Industry,980.0
262,2024,624,Commodity,81,Industry,0.0
262,2024,624,Commodity,GSLG,Industry,5101.0
262,2024,624,Commodity,T007,Industry,355329.0
262,2024,624,Commodity,T013,Industry,355329.0
262,2024,624,Commodity,T014,Industry,0.0
262,2024,624,Commodity,T015,Industry,1832.0
262,2024,624,Commodity,T016,Industry,357161.0
262,2024,624,Commodity,TOP,Industry,1832.0
262,2024,624,Commodity,Trade,Industry,0.0
262,2024,624,Commodity,Trans,Industry,0.0
262,2024,711AS,Commodity,5412OP,Industry,0.0
262,2024,711AS,Commodity,61,Industry,1949.0
262,2024,711AS,Commodity,624,Industry,0.0
262,2024,711AS,Commodity,711AS,Industry,284960.0
262,2024,711AS,Commodity,713,Industry,17.0
262,2024,711AS,Commodity,721,Industry,1211.0
262,2024,711AS,Commodity,GFGD,Industry,35.0
262,2024,711AS,Commodity,GSLE,Industry,195.0
262,2024,711AS,Commodity,GSLG,Industry,4353.0
262,2024,711AS,Commodity,MADJ,Industry,0.0
262,2024,711AS,Commodity,MCIF,Industry,636.0
262,2024,711AS,Commodity,T007,Industry,292720.0
262,2024,711AS,Commodity,T013,Industry,293356.0
262,2024,711AS,Commodity,T014,Industry,0.0
262,2024,711AS,Commodity,T015,Industry,6033.0
262,2024,711AS,Commodity,T016,Industry,299388.0
262,2024,711AS,Commodity,TOP,Industry,6033.0
262,2024,711AS,Commodity,Trade,Industry,0.0
262,2024,711AS,Commodity,Trans,Industry,0.0
262,2024,713,Commodity,111CA,Industry,2718.0
262,2024,713,Commodity,441,Industry,144.0
262,2024,713,Commodity,445,Industry,1.0
262,2024,713,Commodity,483,Industry,373.0
262,2024,713,Commodity,487OS,Industry,0.0
262,2024,713,Commodity,4A0,Industry,580.0
262,2024,713,Commodity,512,Industry,38.0
262,2024,713,Commodity,711AS,Industry,2487.0
262,2024,713,Commodity,713,Industry,200674.0
262,2024,713,Commodity,721,Industry,37814.0
262,2024,713,Commodity,722,Industry,2075.0
262,2024,713,Commodity,GSLE,Industry,54766.0
262,2024,713,Commodity,GSLG,Industry,3714.0
262,2024,713,Commodity,MCIF,Industry,3.0
262,2024,713,Commodity,ORE,Industry,0.0
262,2024,713,Commodity,T007,Industry,305382.0
262,2024,713,Commodity,T013,Industry,305385.0
262,2024,713,Commodity,T014,Industry,0.0
262,2024,713,Commodity,T015,Industry,23017.0
262,2024,713,Commodity,T016,Industry,328401.0
262,2024,713,Commodity,TOP,Industry,23017.0
262,2024,713,Commodity,Trade,Industry,0.0
262,2024,713,Commodity,Trans,Industry,0.0
262,2024,721,Commodity,61,Industry,32459.0
262,2024,721,Commodity,711AS,Industry,11.0
262,2024,721,Commodity,713,Industry,219.0
262,2024,721,Commodity,721,Industry,244473.0
262,2024,721,Commodity,722,Industry,26.0
262,2024,721,Commodity,GSLG,Industry,14427.0
262,2024,721,Commodity,ORE,Industry,68.0
262,2024,721,Commodity,T007,Industry,291683.0
262,2024,721,Commodity,T013,Industry,291683.0
262,2024,721,Commodity,T014,Industry,0.0
262,2024,721,Commodity,T015,Industry,28543.0
262,2024,721,Commodity,T016,Industry,320226.0
262,2024,721,Commodity,TOP,Industry,28543.0
262,2024,721,Commodity,Trade,Industry,0.0
262,2024,721,Commodity,Trans,Industry,0.0
262,2024,722,Commodity,445,Industry,15665.0
262,2024,722,Commodity,452,Industry,11674.0
262,2024,722,Commodity,487OS,Industry,36.0
262,2024,722,Commodity,4A0,Industry,27671.0
262,2024,722,Commodity,532RL,Industry,0.0
262,2024,722,Commodity,61,Industry,8509.0
262,2024,722,Commodity,621,Industry,64.0
262,2024,722,Commodity,622,Industry,2239.0
262,2024,722,Commodity,623,Industry,607.0
262,2024,722,Commodity,624,Industry,0.0
262,2024,722,Commodity,711AS,Industry,5792.0
262,2024,722,Commodity,713,Industry,13691.0
262,2024,722,Commodity,721,Industry,54333.0
262,2024,722,Commodity,722,Industry,1.271942e6
262,2024,722,Commodity,81,Industry,4486.0
262,2024,722,Commodity,GFE,Industry,1563.0
262,2024,722,Commodity,GSLG,Industry,25889.0
262,2024,722,Commodity,T007,Industry,1.444162e6
262,2024,722,Commodity,T013,Industry,1.444162e6
262,2024,722,Commodity,T014,Industry,0.0
262,2024,722,Commodity,T015,Industry,97046.0
262,2024,722,Commodity,T016,Industry,1.541208e6
262,2024,722,Commodity,TOP,Industry,97046.0
262,2024,722,Commodity,Trade,Industry,0.0
262,2024,722,Commodity,Trans,Industry,0.0
262,2024,81,Commodity,332,Industry,455.0
262,2024,81,Commodity,333,Industry,0.0
262,2024,81,Commodity,42,Industry,105968.0
262,2024,81,Commodity,441,Industry,67925.0
262,2024,81,Commodity,445,Industry,0.0
262,2024,81,Commodity,452,Industry,2359.0
262,2024,81,Commodity,484,Industry,0.0
262,2024,81,Commodity,485,Industry,0.0
262,2024,81,Commodity,487OS,Industry,1256.0
262,2024,81,Commodity,493,Industry,0.0
262,2024,81,Commodity,4A0,Industry,22816.0
262,2024,81,Commodity,511,Industry,2.0
262,2024,81,Commodity,513,Industry,777.0
262,2024,81,Commodity,514,Industry,175.0
262,2024,81,Commodity,532RL,Industry,1467.0
262,2024,81,Commodity,5412OP,Industry,3150.0
262,2024,81,Commodity,5415,Industry,5370.0
262,2024,81,Commodity,561,Industry,0.0
262,2024,81,Commodity,61,Industry,18.0
262,2024,81,Commodity,622,Industry,0.0
262,2024,81,Commodity,711AS,Industry,434.0
262,2024,81,Commodity,713,Industry,3466.0
262,2024,81,Commodity,721,Industry,2299.0
262,2024,81,Commodity,81,Industry,1.053009e6
262,2024,81,Commodity,GFE,Industry,0.0
262,2024,81,Commodity,GSLE,Industry,3667.0
262,2024,81,Commodity,GSLG,Industry,1566.0
262,2024,81,Commodity,MCIF,Industry,0.0
262,2024,81,Commodity,MDTY,Industry,0.0
262,2024,81,Commodity,ORE,Industry,243.0
262,2024,81,Commodity,SUB,Industry,0.0
262,2024,81,Commodity,T007,Industry,1.27642e6
262,2024,81,Commodity,T013,Industry,1.27642e6
262,2024,81,Commodity,T014,Industry,0.0
262,2024,81,Commodity,T015,Industry,28224.0
262,2024,81,Commodity,T016,Industry,1.304645e6
262,2024,81,Commodity,TOP,Industry,28224.0
262,2024,81,Commodity,Trade,Industry,0.0
262,2024,81,Commodity,Trans,Industry,0.0
262,2024,GFE,Commodity,GFE,Industry,82002.0
262,2024,GFE,Commodity,GFGN,Industry,-80.0
262,2024,GFE,Commodity,MADJ,Industry,0.0
262,2024,GFE,Commodity,MCIF,Industry,197.0
262,2024,GFE,Commodity,T007,Industry,81922.0
262,2024,GFE,Commodity,T013,Industry,82119.0
262,2024,GFE,Commodity,T016,Industry,82119.0
262,2024,GFGD,Commodity,GFGD,Industry,854761.0
262,2024,GFGD,Commodity,T007,Industry,854761.0
262,2024,GFGD,Commodity,T013,Industry,854761.0
262,2024,GFGD,Commodity,T016,Industry,854761.0
262,2024,GFGN,Commodity,GFGN,Industry,586717.0
262,2024,GFGN,Commodity,T007,Industry,586717.0
262,2024,GFGN,Commodity,T013,Industry,586717.0
262,2024,GFGN,Commodity,T016,Industry,586717.0
262,2024,GSLE,Commodity,22,Industry,6265.0
262,2024,GSLE,Commodity,GSLE,Industry,149780.0
262,2024,GSLE,Commodity,T007,Industry,156044.0
262,2024,GSLE,Commodity,T013,Industry,156044.0
262,2024,GSLE,Commodity,T014,Industry,0.0
262,2024,GSLE,Commodity,T016,Industry,156044.0
262,2024,GSLE,Commodity,Trade,Industry,0.0
262,2024,GSLG,Commodity,GSLG,Industry,2.550362e6
262,2024,GSLG,Commodity,T007,Industry,2.550362e6
262,2024,GSLG,Commodity,T013,Industry,2.550362e6
262,2024,GSLG,Commodity,T016,Industry,2.550362e6
262,2024,HS,Commodity,4A0,Industry,0.0
262,2024,HS,Commodity,721,Industry,0.0
262,2024,HS,Commodity,GSLE,Industry,43457.0
262,2024,HS,Commodity,HS,Industry,3.162745e6
262,2024,HS,Commodity,ORE,Industry,0.0
262,2024,HS,Commodity,SUB,Industry,-62510.0
262,2024,HS,Commodity,T007,Industry,3.206202e6
262,2024,HS,Commodity,T013,Industry,3.206202e6
262,2024,HS,Commodity,T015,Industry,-62510.0
262,2024,HS,Commodity,T016,Industry,3.143691e6
262,2024,HS,Commodity,TOP,Industry,0.0
262,2024,ORE,Commodity,485,Industry,0.0
262,2024,ORE,Commodity,512,Industry,128.0
262,2024,ORE,Commodity,524,Industry,0.0
262,2024,ORE,Commodity,532RL,Industry,1530.0
262,2024,ORE,Commodity,5412OP,Industry,0.0
262,2024,ORE,Commodity,561,Industry,378.0
262,2024,ORE,Commodity,61,Industry,75.0
262,2024,ORE,Commodity,621,Industry,0.0
262,2024,ORE,Commodity,622,Industry,0.0
262,2024,ORE,Commodity,623,Industry,208.0
262,2024,ORE,Commodity,711AS,Industry,1505.0
262,2024,ORE,Commodity,713,Industry,87.0
262,2024,ORE,Commodity,721,Industry,1383.0
262,2024,ORE,Commodity,81,Industry,2305.0
262,2024,ORE,Commodity,GFE,Industry,890.0
262,2024,ORE,Commodity,GSLE,Industry,46108.0
262,2024,ORE,Commodity,ORE,Industry,2.042065e6
262,2024,ORE,Commodity,SUB,Industry,-1198.0
262,2024,ORE,Commodity,T007,Industry,2.096661e6
262,2024,ORE,Commodity,T013,Industry,2.096661e6
262,2024,ORE,Commodity,T014,Industry,0.0
262,2024,ORE,Commodity,T015,Industry,634.0
262,2024,ORE,Commodity,T016,Industry,2.097296e6
262,2024,ORE,Commodity,TOP,Industry,1832.0
262,2024,ORE,Commodity,Trade,Industry,0.0
262,2024,ORE,Commodity,Trans,Industry,0.0
262,2024,Other,Commodity,GFGN,Industry,6187.0
262,2024,Other,Commodity,MADJ,Industry,0.0
262,2024,Other,Commodity,MCIF,Industry,369200.0
262,2024,Other,Commodity,MDTY,Industry,0.0
262,2024,Other,Commodity,T007,Industry,6187.0
262,2024,Other,Commodity,T013,Industry,375387.0
262,2024,Other,Commodity,T015,Industry,0.0
262,2024,Other,Commodity,T016,Industry,375387.0
262,2024,T017,Commodity,111CA,Industry,572741.0
262,2024,T017,Commodity,113FF,Industry,67211.0
262,2024,T017,Commodity,211,Industry,438824.0
262,2024,T017,Commodity,212,Industry,135721.0
262,2024,T017,Commodity,213,Industry,110289.0
262,2024,T017,Commodity,22,Industry,603774.0
262,2024,T017,Commodity,23,Industry,2.508497e6
262,2024,T017,Commodity,311FT,Industry,1.238463e6
262,2024,T017,Commodity,313TT,Industry,46827.0
262,2024,T017,Commodity,315AL,Industry,21862.0
262,2024,T017,Commodity,321,Industry,173952.0
262,2024,T017,Commodity,322,Industry,218686.0
262,2024,T017,Commodity,323,Industry,84346.0
262,2024,T017,Commodity,324,Industry,649257.0
262,2024,T017,Commodity,325,Industry,990617.0
262,2024,T017,Commodity,326,Industry,297324.0
262,2024,T017,Commodity,327,Industry,175089.0
262,2024,T017,Commodity,331,Industry,301892.0
262,2024,T017,Commodity,332,Industry,458799.0
262,2024,T017,Commodity,333,Industry,436395.0
262,2024,T017,Commodity,334,Industry,411954.0
262,2024,T017,Commodity,335,Industry,193119.0
262,2024,T017,Commodity,3361MV,Industry,770569.0
262,2024,T017,Commodity,3364OT,Industry,376961.0
262,2024,T017,Commodity,337,Industry,84552.0
262,2024,T017,Commodity,339,Industry,177699.0
262,2024,T017,Commodity,42,Industry,2.629509e6
262,2024,T017,Commodity,441,Industry,485502.0
262,2024,T017,Commodity,445,Industry,318257.0
262,2024,T017,Commodity,452,Industry,254347.0
262,2024,T017,Commodity,481,Industry,299488.0
262,2024,T017,Commodity,482,Industry,95998.0
262,2024,T017,Commodity,483,Industry,77194.0
262,2024,T017,Commodity,484,Industry,526269.0
262,2024,T017,Commodity,485,Industry,176504.0
262,2024,T017,Commodity,486,Industry,73123.0
262,2024,T017,Commodity,487OS,Industry,354422.0
262,2024,T017,Commodity,493,Industry,188312.0
262,2024,T017,Commodity,4A0,Industry,1.468895e6
262,2024,T017,Commodity,511,Industry,650245.0
262,2024,T017,Commodity,512,Industry,205261.0
262,2024,T017,Commodity,513,Industry,900261.0
262,2024,T017,Commodity,514,Industry,887224.0
262,2024,T017,Commodity,521CI,Industry,1.420519e6
262,2024,T017,Commodity,523,Industry,930911.0
262,2024,T017,Commodity,524,Industry,1.496709e6
262,2024,T017,Commodity,525,Industry,264623.0
262,2024,T017,Commodity,532RL,Industry,649989.0
262,2024,T017,Commodity,5411,Industry,461439.0
262,2024,T017,Commodity,5412OP,Industry,2.262334e6
262,2024,T017,Commodity,5415,Industry,725136.0
262,2024,T017,Commodity,55,Industry,855850.0
262,2024,T017,Commodity,561,Industry,1.327842e6
262,2024,T017,Commodity,562,Industry,174691.0
262,2024,T017,Commodity,61,Industry,494369.0
262,2024,T017,Commodity,621,Industry,1.623303e6
262,2024,T017,Commodity,622,Industry,1.256063e6
262,2024,T017,Commodity,623,Industry,342393.0
262,2024,T017,Commodity,624,Industry,352390.0
262,2024,T017,Commodity,711AS,Industry,312772.0
262,2024,T017,Commodity,713,Industry,227924.0
262,2024,T017,Commodity,721,Industry,345621.0
262,2024,T017,Commodity,722,Industry,1.279013e6
262,2024,T017,Commodity,81,Industry,1.074219e6
262,2024,T017,Commodity,GFE,Industry,117526.0
262,2024,T017,Commodity,GFGD,Industry,891866.0
262,2024,T017,Commodity,GFGN,Industry,629608.0
262,2024,T017,Commodity,GSLE,Industry,536871.0
262,2024,T017,Commodity,GSLG,Industry,3.297076e6
262,2024,T017,Commodity,HS,Industry,3.192628e6
262,2024,T017,Commodity,MADJ,Industry,-30786.0
262,2024,T017,Commodity,MCIF,Industry,3.712324e6
262,2024,T017,Commodity,MDTY,Industry,83587.0
262,2024,T017,Commodity,ORE,Industry,2.046309e6
262,2024,T017,Commodity,SUB,Industry,-89356.0
262,2024,T017,Commodity,T007,Industry,4.972623e7
262,2024,T017,Commodity,T013,Industry,5.3407768e7
262,2024,T017,Commodity,T014,Industry,-1.0
262,2024,T017,Commodity,T015,Industry,1.010326e6
262,2024,T017,Commodity,T016,Industry,5.4418092e7
262,2024,T017,Commodity,TOP,Industry,1.016095e6
262,2024,T017,Commodity,Trade,Industry,-1.0
262,2024,T017,Commodity,Trans,Industry,0.0
262,2024,Used,Commodity,311FT,Industry,1.0
262,2024,Used,Commodity,313TT,Industry,0.0
262,2024,Used,Commodity,315AL,Industry,0.0
262,2024,Used,Commodity,321,Industry,370.0
262,2024,Used,Commodity,322,Industry,576.0
262,2024,Used,Commodity,323,Industry,172.0
262,2024,Used,Commodity,326,Industry,281.0
262,2024,Used,Commodity,327,Industry,6.0
262,2024,Used,Commodity,331,Industry,602.0
262,2024,Used,Commodity,332,Industry,3652.0
262,2024,Used,Commodity,333,Industry,400.0
262,2024,Used,Commodity,334,Industry,0.0
262,2024,Used,Commodity,335,Industry,0.0
262,2024,Used,Commodity,3361MV,Industry,387.0
262,2024,Used,Commodity,3364OT,Industry,40.0
262,2024,Used,Commodity,339,Industry,0.0
262,2024,Used,Commodity,562,Industry,1376.0
262,2024,Used,Commodity,722,Industry,13.0
262,2024,Used,Commodity,GSLG,Industry,5677.0
262,2024,Used,Commodity,MCIF,Industry,17360.0
262,2024,Used,Commodity,MDTY,Industry,89.0
262,2024,Used,Commodity,SUB,Industry,0.0
262,2024,Used,Commodity,T007,Industry,13553.0
262,2024,Used,Commodity,T013,Industry,30913.0
262,2024,Used,Commodity,T014,Industry,252923.0
262,2024,Used,Commodity,T015,Industry,23351.0
262,2024,Used,Commodity,T016,Industry,307187.0
262,2024,Used,Commodity,TOP,Industry,23263.0
262,2024,Used,Commodity,Trade,Industry,209961.0
262,2024,Used,Commodity,Trans,Industry,42962.0
