sample_track,model_id,target_id,horizon,observation_count,rmse,mae
abm_all_available_common_cells,naive_no_change,real_gdp,1,61,9.693765927710036,3.7466413662963607
abm_all_available_common_cells,naive_no_change,real_gdp,2,60,9.06183055046393,4.162781975398633
abm_all_available_common_cells,naive_no_change,real_gdp,4,58,9.041778259522694,4.372767116680466
abm_all_available_common_cells,naive_no_change,real_gdp,8,54,8.838793537745401,4.426429524585092
abm_all_available_common_cells,naive_no_change,real_gdp,12,50,9.167099622202198,4.32315139987688
abm_all_available_common_cells,naive_no_change,gdp_deflator,1,61,1.4762633833399403,1.0849748503133443
abm_all_available_common_cells,naive_no_change,gdp_deflator,2,60,1.5828827102902885,1.1715454340436664
abm_all_available_common_cells,naive_no_change,gdp_deflator,4,58,2.1288352967685653,1.4872040051017068
abm_all_available_common_cells,naive_no_change,gdp_deflator,8,54,2.8643591434765674,2.020828034300074
abm_all_available_common_cells,naive_no_change,gdp_deflator,12,50,2.7092472553873157,2.00498372971656
abm_all_available_common_cells,naive_no_change,nominal_gdp,1,61,10.495644272313646,4.0986560219665895
abm_all_available_common_cells,naive_no_change,nominal_gdp,2,60,9.603669839740789,4.413167731554067
abm_all_available_common_cells,naive_no_change,nominal_gdp,4,58,10.027024722070056,4.830027710374138
abm_all_available_common_cells,naive_no_change,nominal_gdp,8,54,10.476122683411633,5.676457023787851
abm_all_available_common_cells,naive_no_change,nominal_gdp,12,50,10.220590765581278,5.625786895154081
abm_all_available_common_cells,naive_no_change,unemployment_rate,1,61,1.3413895956652229,0.43005464480878686
abm_all_available_common_cells,naive_no_change,unemployment_rate,2,60,1.6888468562020933,0.71611111111115
abm_all_available_common_cells,naive_no_change,unemployment_rate,4,58,2.0096272123374574,1.1442528735632416
abm_all_available_common_cells,naive_no_change,unemployment_rate,8,54,2.5021842310122318,1.7512345679013333
abm_all_available_common_cells,naive_no_change,unemployment_rate,12,50,2.7534786079511417,2.0773333333333603
abm_all_available_common_cells,naive_no_change,effective_federal_funds_rate,1,61,0.3743381404547077,0.1862008773860328
abm_all_available_common_cells,naive_no_change,effective_federal_funds_rate,2,60,0.7027605357464869,0.37371165118500005
abm_all_available_common_cells,naive_no_change,effective_federal_funds_rate,4,58,1.2648265883479501,0.7460488875244655
abm_all_available_common_cells,naive_no_change,effective_federal_funds_rate,8,54,2.0354727063707823,1.3467872457341667
abm_all_available_common_cells,naive_no_change,effective_federal_funds_rate,12,50,2.381955197707287,1.6881261383992001
abm_all_available_common_cells,naive_drift,real_gdp,1,61,9.756036468837962,3.775995848533776
abm_all_available_common_cells,naive_drift,real_gdp,2,60,9.17907549817391,4.223139020278808
abm_all_available_common_cells,naive_drift,real_gdp,4,58,9.277953387521917,4.488288262753476
abm_all_available_common_cells,naive_drift,real_gdp,8,54,9.312045115065304,4.717580822769526
abm_all_available_common_cells,naive_drift,real_gdp,12,50,9.900820736331344,4.723844162784506
abm_all_available_common_cells,naive_drift,gdp_deflator,1,61,1.4864215910747332,1.0889457074411384
abm_all_available_common_cells,naive_drift,gdp_deflator,2,60,1.6047661715317716,1.1856789159469538
abm_all_available_common_cells,naive_drift,gdp_deflator,4,58,2.1837929887241225,1.518194876021553
abm_all_available_common_cells,naive_drift,gdp_deflator,8,54,3.0137508478752393,2.127488865334472
abm_all_available_common_cells,naive_drift,gdp_deflator,12,50,2.9212935986345077,2.180543959115292
abm_all_available_common_cells,naive_drift,nominal_gdp,1,61,10.562924542645133,4.126708767849322
abm_all_available_common_cells,naive_drift,nominal_gdp,2,60,9.727581191574911,4.480302897706803
abm_all_available_common_cells,naive_drift,nominal_gdp,4,58,10.286528083331106,4.986632331533795
abm_all_available_common_cells,naive_drift,nominal_gdp,8,54,11.027370247802198,6.027384834998876
abm_all_available_common_cells,naive_drift,nominal_gdp,12,50,11.024149743170275,6.044355568449037
abm_all_available_common_cells,naive_drift,unemployment_rate,1,61,1.3550220416890622,0.4616647323967297
abm_all_available_common_cells,naive_drift,unemployment_rate,2,60,1.7264695075062717,0.7856206372892867
abm_all_available_common_cells,naive_drift,unemployment_rate,4,58,2.115070356226006,1.2889137564458586
abm_all_available_common_cells,naive_drift,unemployment_rate,8,54,2.8015672861620833,2.0653090562884864
abm_all_available_common_cells,naive_drift,unemployment_rate,12,50,3.3053002721284743,2.571024827111893
abm_all_available_common_cells,naive_drift,effective_federal_funds_rate,1,61,0.3975360601581026,0.2529880665369654
abm_all_available_common_cells,naive_drift,effective_federal_funds_rate,2,60,0.7562502901394167,0.5079396803825554
abm_all_available_common_cells,naive_drift,effective_federal_funds_rate,4,58,1.3979730440564302,1.0216856349178807
abm_all_available_common_cells,naive_drift,effective_federal_funds_rate,8,54,2.4077990959499807,1.9188468204912439
abm_all_available_common_cells,naive_drift,effective_federal_funds_rate,12,50,3.0957484916146436,2.5828698864814674
abm_all_available_common_cells,naive_historical_mean,real_gdp,1,61,6.108437207343514,2.6046229042079028
abm_all_available_common_cells,naive_historical_mean,real_gdp,2,60,6.135521040243206,2.6294126171963152
abm_all_available_common_cells,naive_historical_mean,real_gdp,4,58,6.2202892759537995,2.6652352151399428
abm_all_available_common_cells,naive_historical_mean,real_gdp,8,54,6.420281352641419,2.724921049900153
abm_all_available_common_cells,naive_historical_mean,real_gdp,12,50,6.6623838739345,2.8738101830615994
abm_all_available_common_cells,naive_historical_mean,gdp_deflator,1,61,1.860778477848113,1.1705814108266417
abm_all_available_common_cells,naive_historical_mean,gdp_deflator,2,60,1.8878427512147233,1.1790333623709814
abm_all_available_common_cells,naive_historical_mean,gdp_deflator,4,58,1.9463700609956636,1.2284690968798502
abm_all_available_common_cells,naive_historical_mean,gdp_deflator,8,54,2.024805556430599,1.2875543780654577
abm_all_available_common_cells,naive_historical_mean,gdp_deflator,12,50,2.102217006254978,1.3756975982221435
abm_all_available_common_cells,naive_historical_mean,nominal_gdp,1,61,6.8855677636856605,3.168732019871121
abm_all_available_common_cells,naive_historical_mean,nominal_gdp,2,60,6.92672527991079,3.2227396760797267
abm_all_available_common_cells,naive_historical_mean,nominal_gdp,4,58,7.041749266663669,3.2855634145780783
abm_all_available_common_cells,naive_historical_mean,nominal_gdp,8,54,7.2875376542934145,3.44252364014375
abm_all_available_common_cells,naive_historical_mean,nominal_gdp,12,50,7.556283118822995,3.6412053908690405
abm_all_available_common_cells,naive_historical_mean,unemployment_rate,1,61,2.1190346203961465,1.848017654176237
abm_all_available_common_cells,naive_historical_mean,unemployment_rate,2,60,2.1112362813786274,1.8453934562530494
abm_all_available_common_cells,naive_historical_mean,unemployment_rate,4,58,2.0953820579328815,1.8398879166371922
abm_all_available_common_cells,naive_historical_mean,unemployment_rate,8,54,2.0862804661223806,1.8291929788276944
abm_all_available_common_cells,naive_historical_mean,unemployment_rate,12,50,2.120926238088534,1.850442225941519
abm_all_available_common_cells,naive_historical_mean,effective_federal_funds_rate,1,61,1.9875071439387675,1.756372959541968
abm_all_available_common_cells,naive_historical_mean,effective_federal_funds_rate,2,60,2.0069841610660784,1.7703279589100864
abm_all_available_common_cells,naive_historical_mean,effective_federal_funds_rate,4,58,2.0424831426792314,1.7944233161293832
abm_all_available_common_cells,naive_historical_mean,effective_federal_funds_rate,8,54,2.084553115932132,1.8187622908354797
abm_all_available_common_cells,naive_historical_mean,effective_federal_funds_rate,12,50,2.098930903163602,1.8216411398679702
abm_all_available_common_cells,univariate_ar_p1_constant,real_gdp,1,61,9.04664670024397,3.297864119656172
abm_all_available_common_cells,univariate_ar_p1_constant,real_gdp,2,60,7.371783480774824,3.0576247452102137
abm_all_available_common_cells,univariate_ar_p1_constant,real_gdp,4,58,7.186585500067501,3.044728562147678
abm_all_available_common_cells,univariate_ar_p1_constant,real_gdp,8,54,6.714934650945641,2.9682740461143
abm_all_available_common_cells,univariate_ar_p1_constant,real_gdp,12,50,6.865110779820829,3.069025939172327
abm_all_available_common_cells,univariate_ar_p1_constant,gdp_deflator,1,61,1.4256884513530748,1.0889303830025845
abm_all_available_common_cells,univariate_ar_p1_constant,gdp_deflator,2,60,1.6515783827672563,1.0960483601632065
abm_all_available_common_cells,univariate_ar_p1_constant,gdp_deflator,4,58,1.9408321806583608,1.2430348913064295
abm_all_available_common_cells,univariate_ar_p1_constant,gdp_deflator,8,54,2.031877284482296,1.3000623983992636
abm_all_available_common_cells,univariate_ar_p1_constant,gdp_deflator,12,50,2.10136444711278,1.379642755349462
abm_all_available_common_cells,univariate_ar_p1_constant,nominal_gdp,1,61,10.100219866779002,4.012468337238543
abm_all_available_common_cells,univariate_ar_p1_constant,nominal_gdp,2,60,8.418205641591438,3.790737360269346
abm_all_available_common_cells,univariate_ar_p1_constant,nominal_gdp,4,58,8.497505757828987,3.7767276860574563
abm_all_available_common_cells,univariate_ar_p1_constant,nominal_gdp,8,54,8.124923376616069,3.8426207447456315
abm_all_available_common_cells,univariate_ar_p1_constant,nominal_gdp,12,50,7.93245602336929,3.9526654810563557
abm_all_available_common_cells,univariate_ar_p1_constant,unemployment_rate,1,61,1.323078696356275,0.5032006918921575
abm_all_available_common_cells,univariate_ar_p1_constant,unemployment_rate,2,60,1.6594531969584303,0.8598785083770063
abm_all_available_common_cells,univariate_ar_p1_constant,unemployment_rate,4,58,1.9849315172703754,1.3859234406369667
abm_all_available_common_cells,univariate_ar_p1_constant,unemployment_rate,8,54,2.510435978491332,2.089230419463346
abm_all_available_common_cells,univariate_ar_p1_constant,unemployment_rate,12,50,2.9408328439303117,2.500153734626356
abm_all_available_common_cells,univariate_ar_p1_constant,effective_federal_funds_rate,1,61,0.3955055967220294,0.2127611173610828
abm_all_available_common_cells,univariate_ar_p1_constant,effective_federal_funds_rate,2,60,0.7303930864684315,0.4062301762921632
abm_all_available_common_cells,univariate_ar_p1_constant,effective_federal_funds_rate,4,58,1.272752060332156,0.7508102923358237
abm_all_available_common_cells,univariate_ar_p1_constant,effective_federal_funds_rate,8,54,1.9724047203491208,1.3125477477044727
abm_all_available_common_cells,univariate_ar_p1_constant,effective_federal_funds_rate,12,50,2.278897188904244,1.604173486908887
abm_all_available_common_cells,univariate_ar_p4_constant,real_gdp,1,61,9.794935041741821,3.7200651669089164
abm_all_available_common_cells,univariate_ar_p4_constant,real_gdp,2,60,7.5467984052729875,3.1393851866985987
abm_all_available_common_cells,univariate_ar_p4_constant,real_gdp,4,58,6.266629012505121,2.70304865215183
abm_all_available_common_cells,univariate_ar_p4_constant,real_gdp,8,54,6.74019848069036,2.962774491990535
abm_all_available_common_cells,univariate_ar_p4_constant,real_gdp,12,50,6.912774752212147,3.0948652110683974
abm_all_available_common_cells,univariate_ar_p4_constant,gdp_deflator,1,61,1.4425176428424884,1.1100312737621667
abm_all_available_common_cells,univariate_ar_p4_constant,gdp_deflator,2,60,1.6218031413109086,1.131741823381153
abm_all_available_common_cells,univariate_ar_p4_constant,gdp_deflator,4,58,2.0854006411637176,1.3549476503923652
abm_all_available_common_cells,univariate_ar_p4_constant,gdp_deflator,8,54,2.284566138517861,1.4961486867029836
abm_all_available_common_cells,univariate_ar_p4_constant,gdp_deflator,12,50,2.3173729950334097,1.485963944969872
abm_all_available_common_cells,univariate_ar_p4_constant,nominal_gdp,1,61,11.569814886757213,4.793608825639679
abm_all_available_common_cells,univariate_ar_p4_constant,nominal_gdp,2,60,8.648541135226205,3.7529521847084415
abm_all_available_common_cells,univariate_ar_p4_constant,nominal_gdp,4,58,7.838662797871424,3.6276900506406156
abm_all_available_common_cells,univariate_ar_p4_constant,nominal_gdp,8,54,7.296483441290225,3.4330336374842454
abm_all_available_common_cells,univariate_ar_p4_constant,nominal_gdp,12,50,7.54843472177939,3.638053186112753
abm_all_available_common_cells,univariate_ar_p4_constant,unemployment_rate,1,61,3.0062752821639993,0.9772007845691556
abm_all_available_common_cells,univariate_ar_p4_constant,unemployment_rate,2,60,3.748610745017729,1.214540089154608
abm_all_available_common_cells,univariate_ar_p4_constant,unemployment_rate,4,58,5.74250756170456,2.0772827288114817
abm_all_available_common_cells,univariate_ar_p4_constant,unemployment_rate,8,54,2.811584516457303,1.8735175583761654
abm_all_available_common_cells,univariate_ar_p4_constant,unemployment_rate,12,50,6.545687230778066,2.9246715196892707
abm_all_available_common_cells,univariate_ar_p4_constant,effective_federal_funds_rate,1,61,0.2811942759455555,0.19348363377275624
abm_all_available_common_cells,univariate_ar_p4_constant,effective_federal_funds_rate,2,60,0.573466837057894,0.4127599999197031
abm_all_available_common_cells,univariate_ar_p4_constant,effective_federal_funds_rate,4,58,1.1273407723950837,0.8184270291759668
abm_all_available_common_cells,univariate_ar_p4_constant,effective_federal_funds_rate,8,54,1.9929020262872241,1.6405812973085647
abm_all_available_common_cells,univariate_ar_p4_constant,effective_federal_funds_rate,12,50,2.41479468447564,2.084102698565539
abm_all_available_common_cells,univariate_ar_bic_p1-2-3-4-5-6-7-8_constant,real_gdp,1,61,9.04664670024397,3.297864119656172
abm_all_available_common_cells,univariate_ar_bic_p1-2-3-4-5-6-7-8_constant,real_gdp,2,60,7.371783480774824,3.0576247452102137
abm_all_available_common_cells,univariate_ar_bic_p1-2-3-4-5-6-7-8_constant,real_gdp,4,58,7.186585500067501,3.044728562147678
abm_all_available_common_cells,univariate_ar_bic_p1-2-3-4-5-6-7-8_constant,real_gdp,8,54,6.714934650945641,2.9682740461143
abm_all_available_common_cells,univariate_ar_bic_p1-2-3-4-5-6-7-8_constant,real_gdp,12,50,6.865110779820829,3.069025939172327
abm_all_available_common_cells,univariate_ar_bic_p1-2-3-4-5-6-7-8_constant,gdp_deflator,1,61,1.4118689406438747,1.0706512096410743
abm_all_available_common_cells,univariate_ar_bic_p1-2-3-4-5-6-7-8_constant,gdp_deflator,2,60,1.62497941857077,1.111064112577368
abm_all_available_common_cells,univariate_ar_bic_p1-2-3-4-5-6-7-8_constant,gdp_deflator,4,58,2.063115478006406,1.3180719041979259
abm_all_available_common_cells,univariate_ar_bic_p1-2-3-4-5-6-7-8_constant,gdp_deflator,8,54,2.1859402062536315,1.438844088504014
abm_all_available_common_cells,univariate_ar_bic_p1-2-3-4-5-6-7-8_constant,gdp_deflator,12,50,2.2288422933142864,1.465265298139257
abm_all_available_common_cells,univariate_ar_bic_p1-2-3-4-5-6-7-8_constant,nominal_gdp,1,61,10.100219866779002,4.012468337238543
abm_all_available_common_cells,univariate_ar_bic_p1-2-3-4-5-6-7-8_constant,nominal_gdp,2,60,8.418205641591438,3.790737360269346
abm_all_available_common_cells,univariate_ar_bic_p1-2-3-4-5-6-7-8_constant,nominal_gdp,4,58,8.497505757828987,3.7767276860574563
abm_all_available_common_cells,univariate_ar_bic_p1-2-3-4-5-6-7-8_constant,nominal_gdp,8,54,8.124923376616069,3.8426207447456315
abm_all_available_common_cells,univariate_ar_bic_p1-2-3-4-5-6-7-8_constant,nominal_gdp,12,50,7.93245602336929,3.9526654810563557
abm_all_available_common_cells,univariate_ar_bic_p1-2-3-4-5-6-7-8_constant,unemployment_rate,1,61,2.626804951966387,0.7953247232750854
abm_all_available_common_cells,univariate_ar_bic_p1-2-3-4-5-6-7-8_constant,unemployment_rate,2,60,3.407464178582979,1.0874197110780723
abm_all_available_common_cells,univariate_ar_bic_p1-2-3-4-5-6-7-8_constant,unemployment_rate,4,58,4.84118280476339,1.6759283857272718
abm_all_available_common_cells,univariate_ar_bic_p1-2-3-4-5-6-7-8_constant,unemployment_rate,8,54,3.516064155871964,2.1010563322185742
abm_all_available_common_cells,univariate_ar_bic_p1-2-3-4-5-6-7-8_constant,unemployment_rate,12,50,8.220870563658599,3.394166260524412
abm_all_available_common_cells,univariate_ar_bic_p1-2-3-4-5-6-7-8_constant,effective_federal_funds_rate,1,61,0.2719990958553592,0.18745005327739225
abm_all_available_common_cells,univariate_ar_bic_p1-2-3-4-5-6-7-8_constant,effective_federal_funds_rate,2,60,0.5632437794167708,0.40526678929401044
abm_all_available_common_cells,univariate_ar_bic_p1-2-3-4-5-6-7-8_constant,effective_federal_funds_rate,4,58,1.1345686015825067,0.8537256738864881
abm_all_available_common_cells,univariate_ar_bic_p1-2-3-4-5-6-7-8_constant,effective_federal_funds_rate,8,54,1.9777121333718266,1.6543369887708623
abm_all_available_common_cells,univariate_ar_bic_p1-2-3-4-5-6-7-8_constant,effective_federal_funds_rate,12,50,2.2859058320747043,1.9444602834284053
abm_all_available_common_cells,beforeit_var_p1_constant,real_gdp,1,61,9.088555880484682,3.6437905971272677
abm_all_available_common_cells,beforeit_var_p1_constant,real_gdp,2,60,7.350004268648322,3.4640168313591535
abm_all_available_common_cells,beforeit_var_p1_constant,real_gdp,4,58,6.352387920785006,2.9320164723391753
abm_all_available_common_cells,beforeit_var_p1_constant,real_gdp,8,54,7.857105542007758,3.4355828217012196
abm_all_available_common_cells,beforeit_var_p1_constant,real_gdp,12,50,6.730027949591218,2.9337010920605646
abm_all_available_common_cells,beforeit_var_p1_constant,gdp_deflator,1,61,1.799886199242383,1.1874803590831393
abm_all_available_common_cells,beforeit_var_p1_constant,gdp_deflator,2,60,2.137430546282033,1.4229686239333252
abm_all_available_common_cells,beforeit_var_p1_constant,gdp_deflator,4,58,2.3589154106693546,1.551223106725149
abm_all_available_common_cells,beforeit_var_p1_constant,gdp_deflator,8,54,2.091064639732065,1.506688709195778
abm_all_available_common_cells,beforeit_var_p1_constant,gdp_deflator,12,50,2.3654829804374904,1.6420864598078146
abm_all_available_common_cells,beforeit_var_p1_constant,nominal_gdp,1,61,10.42451252916068,4.08754071321162
abm_all_available_common_cells,beforeit_var_p1_constant,nominal_gdp,2,60,8.717695380475288,4.163748877262029
abm_all_available_common_cells,beforeit_var_p1_constant,nominal_gdp,4,58,7.3855776255903764,3.77138246819623
abm_all_available_common_cells,beforeit_var_p1_constant,nominal_gdp,8,54,8.738842757859924,4.3884928570132615
abm_all_available_common_cells,beforeit_var_p1_constant,nominal_gdp,12,50,7.7455130305736954,3.947203844746907
abm_all_available_common_cells,beforeit_var_p1_constant,unemployment_rate,1,61,2.10292650804041,0.5908583347741178
abm_all_available_common_cells,beforeit_var_p1_constant,unemployment_rate,2,60,3.3082199892300603,0.9406673421710997
abm_all_available_common_cells,beforeit_var_p1_constant,unemployment_rate,4,58,4.167567397137974,1.4258803065019623
abm_all_available_common_cells,beforeit_var_p1_constant,unemployment_rate,8,54,2.2417902345429317,1.4799584548751004
abm_all_available_common_cells,beforeit_var_p1_constant,unemployment_rate,12,50,3.8982134670486452,2.0737860695751578
abm_all_available_common_cells,beforeit_var_p1_constant,effective_federal_funds_rate,1,61,0.6637953930085977,0.37305783204888043
abm_all_available_common_cells,beforeit_var_p1_constant,effective_federal_funds_rate,2,60,1.2450982741282128,0.6780022991117325
abm_all_available_common_cells,beforeit_var_p1_constant,effective_federal_funds_rate,4,58,2.07235146003868,1.1901730996397986
abm_all_available_common_cells,beforeit_var_p1_constant,effective_federal_funds_rate,8,54,2.3793370608254643,1.7407505263270446
abm_all_available_common_cells,beforeit_var_p1_constant,effective_federal_funds_rate,12,50,2.688415687382162,2.0948450203549536
abm_all_available_common_cells,beforeit_var_p2_constant,real_gdp,1,61,9.579899667710045,4.351361306544352
abm_all_available_common_cells,beforeit_var_p2_constant,real_gdp,2,60,9.537087196899904,4.292819681375678
abm_all_available_common_cells,beforeit_var_p2_constant,real_gdp,4,58,12.137043338803299,4.383575052978435
abm_all_available_common_cells,beforeit_var_p2_constant,real_gdp,8,54,26.680830919219506,6.893372912745296
abm_all_available_common_cells,beforeit_var_p2_constant,real_gdp,12,50,66.75191609607441,13.400934041514104
abm_all_available_common_cells,beforeit_var_p2_constant,gdp_deflator,1,61,1.6207892282435767,1.1607176047020824
abm_all_available_common_cells,beforeit_var_p2_constant,gdp_deflator,2,60,2.397452146138949,1.465234733172361
abm_all_available_common_cells,beforeit_var_p2_constant,gdp_deflator,4,58,3.11337782955845,1.7848344277176087
abm_all_available_common_cells,beforeit_var_p2_constant,gdp_deflator,8,54,5.531162235575966,2.509761008367439
abm_all_available_common_cells,beforeit_var_p2_constant,gdp_deflator,12,50,11.97461078484844,3.886064244533435
abm_all_available_common_cells,beforeit_var_p2_constant,nominal_gdp,1,61,10.457905828119568,4.933546257448792
abm_all_available_common_cells,beforeit_var_p2_constant,nominal_gdp,2,60,10.794834449598921,5.032911675701328
abm_all_available_common_cells,beforeit_var_p2_constant,nominal_gdp,4,58,13.538893378720267,5.51016347398623
abm_all_available_common_cells,beforeit_var_p2_constant,nominal_gdp,8,54,30.540379227328916,8.931757764376654
abm_all_available_common_cells,beforeit_var_p2_constant,nominal_gdp,12,50,76.60985905261835,16.57298757684322
abm_all_available_common_cells,beforeit_var_p2_constant,unemployment_rate,1,61,2.065844565402677,0.746682188018338
abm_all_available_common_cells,beforeit_var_p2_constant,unemployment_rate,2,60,2.6168584797791943,0.9516968168075949
abm_all_available_common_cells,beforeit_var_p2_constant,unemployment_rate,4,58,2.886434601409644,1.3811294793792026
abm_all_available_common_cells,beforeit_var_p2_constant,unemployment_rate,8,54,3.4158440095062064,1.917310838493731
abm_all_available_common_cells,beforeit_var_p2_constant,unemployment_rate,12,50,7.6584258019045395,3.0192931834701295
abm_all_available_common_cells,beforeit_var_p2_constant,effective_federal_funds_rate,1,61,0.35471846452938766,0.27865700077572064
abm_all_available_common_cells,beforeit_var_p2_constant,effective_federal_funds_rate,2,60,0.7463634182013058,0.5487849601785013
abm_all_available_common_cells,beforeit_var_p2_constant,effective_federal_funds_rate,4,58,1.2902508573613536,0.9305254493797221
abm_all_available_common_cells,beforeit_var_p2_constant,effective_federal_funds_rate,8,54,2.0709164308644583,1.514360467310289
abm_all_available_common_cells,beforeit_var_p2_constant,effective_federal_funds_rate,12,50,2.826640894484204,2.0182442466347674
abm_all_available_common_cells,beforeit_var_p3_constant,real_gdp,1,61,8.661769435395632,4.597492860019241
abm_all_available_common_cells,beforeit_var_p3_constant,real_gdp,2,60,10.508705808497607,5.444281864381704
abm_all_available_common_cells,beforeit_var_p3_constant,real_gdp,4,58,13.411813278944637,5.400079943553273
abm_all_available_common_cells,beforeit_var_p3_constant,real_gdp,8,54,27.122147996133204,8.536661007015667
abm_all_available_common_cells,beforeit_var_p3_constant,real_gdp,12,50,278.12664143325566,45.71023818162209
abm_all_available_common_cells,beforeit_var_p3_constant,gdp_deflator,1,61,1.9793534507810182,1.3366047986767837
abm_all_available_common_cells,beforeit_var_p3_constant,gdp_deflator,2,60,3.916394603289584,2.0037271957282714
abm_all_available_common_cells,beforeit_var_p3_constant,gdp_deflator,4,58,4.583305839436251,2.364514937978538
abm_all_available_common_cells,beforeit_var_p3_constant,gdp_deflator,8,54,19.273909256703764,5.485888936466707
abm_all_available_common_cells,beforeit_var_p3_constant,gdp_deflator,12,50,55.59187896452723,12.034442144502725
abm_all_available_common_cells,beforeit_var_p3_constant,nominal_gdp,1,61,9.139986353970475,5.120788625107634
abm_all_available_common_cells,beforeit_var_p3_constant,nominal_gdp,2,60,13.626435993907993,6.837831428233885
abm_all_available_common_cells,beforeit_var_p3_constant,nominal_gdp,4,58,16.256190801066698,6.956768124250894
abm_all_available_common_cells,beforeit_var_p3_constant,nominal_gdp,8,54,45.905794320034,13.500074876223675
abm_all_available_common_cells,beforeit_var_p3_constant,nominal_gdp,12,50,331.30680602976605,53.02940850376831
abm_all_available_common_cells,beforeit_var_p3_constant,unemployment_rate,1,61,1.7314807412474964,0.6921116182936955
abm_all_available_common_cells,beforeit_var_p3_constant,unemployment_rate,2,60,3.374841152110994,1.3224984141923017
abm_all_available_common_cells,beforeit_var_p3_constant,unemployment_rate,4,58,3.071265011065615,1.816030143312018
abm_all_available_common_cells,beforeit_var_p3_constant,unemployment_rate,8,54,17.982432620062507,5.220929364860164
abm_all_available_common_cells,beforeit_var_p3_constant,unemployment_rate,12,50,68.56526663667157,15.527040432950033
abm_all_available_common_cells,beforeit_var_p3_constant,effective_federal_funds_rate,1,61,0.4371604406258969,0.31797772044869566
abm_all_available_common_cells,beforeit_var_p3_constant,effective_federal_funds_rate,2,60,0.8580013089509686,0.5943512862462322
abm_all_available_common_cells,beforeit_var_p3_constant,effective_federal_funds_rate,4,58,1.6252783099310713,1.1506286318899819
abm_all_available_common_cells,beforeit_var_p3_constant,effective_federal_funds_rate,8,54,3.4687341506882516,2.3698916590371675
abm_all_available_common_cells,beforeit_var_p3_constant,effective_federal_funds_rate,12,50,4.877518164959629,3.0730825405738034
abm_all_available_common_cells,bvar_mniw_v1_p1_constant_tight3fc999999999999a_decay3ff0000000000000_own0000000000000000_ivar4059000000000000_iwoff2_iscale3ff0000000000000_floor3e45798ee2308c3a_diffmse_scale,real_gdp,1,61,7.917596768941776,3.2298486337724372
abm_all_available_common_cells,bvar_mniw_v1_p1_constant_tight3fc999999999999a_decay3ff0000000000000_own0000000000000000_ivar4059000000000000_iwoff2_iscale3ff0000000000000_floor3e45798ee2308c3a_diffmse_scale,real_gdp,2,60,6.443099216543576,2.946619570627845
abm_all_available_common_cells,bvar_mniw_v1_p1_constant_tight3fc999999999999a_decay3ff0000000000000_own0000000000000000_ivar4059000000000000_iwoff2_iscale3ff0000000000000_floor3e45798ee2308c3a_diffmse_scale,real_gdp,4,58,6.2002800535315865,2.701142591785878
abm_all_available_common_cells,bvar_mniw_v1_p1_constant_tight3fc999999999999a_decay3ff0000000000000_own0000000000000000_ivar4059000000000000_iwoff2_iscale3ff0000000000000_floor3e45798ee2308c3a_diffmse_scale,real_gdp,8,54,6.4590412267624915,2.8191708629123857
abm_all_available_common_cells,bvar_mniw_v1_p1_constant_tight3fc999999999999a_decay3ff0000000000000_own0000000000000000_ivar4059000000000000_iwoff2_iscale3ff0000000000000_floor3e45798ee2308c3a_diffmse_scale,real_gdp,12,50,6.647200801353926,2.77910671402347
abm_all_available_common_cells,bvar_mniw_v1_p1_constant_tight3fc999999999999a_decay3ff0000000000000_own0000000000000000_ivar4059000000000000_iwoff2_iscale3ff0000000000000_floor3e45798ee2308c3a_diffmse_scale,gdp_deflator,1,61,1.6882412140842218,1.1709539495654642
abm_all_available_common_cells,bvar_mniw_v1_p1_constant_tight3fc999999999999a_decay3ff0000000000000_own0000000000000000_ivar4059000000000000_iwoff2_iscale3ff0000000000000_floor3e45798ee2308c3a_diffmse_scale,gdp_deflator,2,60,1.9046196499835988,1.2803327265754483
abm_all_available_common_cells,bvar_mniw_v1_p1_constant_tight3fc999999999999a_decay3ff0000000000000_own0000000000000000_ivar4059000000000000_iwoff2_iscale3ff0000000000000_floor3e45798ee2308c3a_diffmse_scale,gdp_deflator,4,58,2.053605103105653,1.3083897746536308
abm_all_available_common_cells,bvar_mniw_v1_p1_constant_tight3fc999999999999a_decay3ff0000000000000_own0000000000000000_ivar4059000000000000_iwoff2_iscale3ff0000000000000_floor3e45798ee2308c3a_diffmse_scale,gdp_deflator,8,54,2.0762519110301776,1.3556123458219378
abm_all_available_common_cells,bvar_mniw_v1_p1_constant_tight3fc999999999999a_decay3ff0000000000000_own0000000000000000_ivar4059000000000000_iwoff2_iscale3ff0000000000000_floor3e45798ee2308c3a_diffmse_scale,gdp_deflator,12,50,2.150312237765924,1.4179676308770082
abm_all_available_common_cells,bvar_mniw_v1_p1_constant_tight3fc999999999999a_decay3ff0000000000000_own0000000000000000_ivar4059000000000000_iwoff2_iscale3ff0000000000000_floor3e45798ee2308c3a_diffmse_scale,nominal_gdp,1,61,9.063089198084453,3.637768245691122
abm_all_available_common_cells,bvar_mniw_v1_p1_constant_tight3fc999999999999a_decay3ff0000000000000_own0000000000000000_ivar4059000000000000_iwoff2_iscale3ff0000000000000_floor3e45798ee2308c3a_diffmse_scale,nominal_gdp,2,60,7.399908240542424,3.5308129311710332
abm_all_available_common_cells,bvar_mniw_v1_p1_constant_tight3fc999999999999a_decay3ff0000000000000_own0000000000000000_ivar4059000000000000_iwoff2_iscale3ff0000000000000_floor3e45798ee2308c3a_diffmse_scale,nominal_gdp,4,58,7.046729632397791,3.4149525107455823
abm_all_available_common_cells,bvar_mniw_v1_p1_constant_tight3fc999999999999a_decay3ff0000000000000_own0000000000000000_ivar4059000000000000_iwoff2_iscale3ff0000000000000_floor3e45798ee2308c3a_diffmse_scale,nominal_gdp,8,54,7.304446919352732,3.5378184265787107
abm_all_available_common_cells,bvar_mniw_v1_p1_constant_tight3fc999999999999a_decay3ff0000000000000_own0000000000000000_ivar4059000000000000_iwoff2_iscale3ff0000000000000_floor3e45798ee2308c3a_diffmse_scale,nominal_gdp,12,50,7.573625493837048,3.658408586759395
abm_all_available_common_cells,bvar_mniw_v1_p1_constant_tight3fc999999999999a_decay3ff0000000000000_own0000000000000000_ivar4059000000000000_iwoff2_iscale3ff0000000000000_floor3e45798ee2308c3a_diffmse_scale,unemployment_rate,1,61,1.6751753324600938,0.5152091602338944
abm_all_available_common_cells,bvar_mniw_v1_p1_constant_tight3fc999999999999a_decay3ff0000000000000_own0000000000000000_ivar4059000000000000_iwoff2_iscale3ff0000000000000_floor3e45798ee2308c3a_diffmse_scale,unemployment_rate,2,60,2.1911312221008035,0.8425425372446995
abm_all_available_common_cells,bvar_mniw_v1_p1_constant_tight3fc999999999999a_decay3ff0000000000000_own0000000000000000_ivar4059000000000000_iwoff2_iscale3ff0000000000000_floor3e45798ee2308c3a_diffmse_scale,unemployment_rate,4,58,2.232531355617768,1.2462320414490058
abm_all_available_common_cells,bvar_mniw_v1_p1_constant_tight3fc999999999999a_decay3ff0000000000000_own0000000000000000_ivar4059000000000000_iwoff2_iscale3ff0000000000000_floor3e45798ee2308c3a_diffmse_scale,unemployment_rate,8,54,2.1266764909301834,1.6508297995043495
abm_all_available_common_cells,bvar_mniw_v1_p1_constant_tight3fc999999999999a_decay3ff0000000000000_own0000000000000000_ivar4059000000000000_iwoff2_iscale3ff0000000000000_floor3e45798ee2308c3a_diffmse_scale,unemployment_rate,12,50,2.2056328046103735,1.9019902115470695
abm_all_available_common_cells,bvar_mniw_v1_p1_constant_tight3fc999999999999a_decay3ff0000000000000_own0000000000000000_ivar4059000000000000_iwoff2_iscale3ff0000000000000_floor3e45798ee2308c3a_diffmse_scale,effective_federal_funds_rate,1,61,0.48409907441142674,0.3181303432563743
abm_all_available_common_cells,bvar_mniw_v1_p1_constant_tight3fc999999999999a_decay3ff0000000000000_own0000000000000000_ivar4059000000000000_iwoff2_iscale3ff0000000000000_floor3e45798ee2308c3a_diffmse_scale,effective_federal_funds_rate,2,60,0.8598746297527218,0.5724830392229656
abm_all_available_common_cells,bvar_mniw_v1_p1_constant_tight3fc999999999999a_decay3ff0000000000000_own0000000000000000_ivar4059000000000000_iwoff2_iscale3ff0000000000000_floor3e45798ee2308c3a_diffmse_scale,effective_federal_funds_rate,4,58,1.3649329902445977,0.9800910566993205
abm_all_available_common_cells,bvar_mniw_v1_p1_constant_tight3fc999999999999a_decay3ff0000000000000_own0000000000000000_ivar4059000000000000_iwoff2_iscale3ff0000000000000_floor3e45798ee2308c3a_diffmse_scale,effective_federal_funds_rate,8,54,1.96702446856709,1.586477922683514
abm_all_available_common_cells,bvar_mniw_v1_p1_constant_tight3fc999999999999a_decay3ff0000000000000_own0000000000000000_ivar4059000000000000_iwoff2_iscale3ff0000000000000_floor3e45798ee2308c3a_diffmse_scale,effective_federal_funds_rate,12,50,2.2677038299345513,1.7983495294890093
abm_all_available_common_cells,beforeit_abm_us_v3_mean,real_gdp,1,61,6.104105348995627,2.4802656022100824
abm_all_available_common_cells,beforeit_abm_us_v3_mean,real_gdp,2,60,6.097874854080661,2.5591935390618854
abm_all_available_common_cells,beforeit_abm_us_v3_mean,real_gdp,4,58,6.183632805384597,2.570171094914098
abm_all_available_common_cells,beforeit_abm_us_v3_mean,real_gdp,8,54,6.419144565595011,2.6307676990248856
abm_all_available_common_cells,beforeit_abm_us_v3_mean,real_gdp,12,50,6.646663382743149,2.7405295423726117
abm_all_available_common_cells,beforeit_abm_us_v3_mean,gdp_deflator,1,61,1.4321748975633466,1.090826479876356
abm_all_available_common_cells,beforeit_abm_us_v3_mean,gdp_deflator,2,60,1.649701087855598,1.1038488133118833
abm_all_available_common_cells,beforeit_abm_us_v3_mean,gdp_deflator,4,58,1.9433841570222143,1.2505201035858
abm_all_available_common_cells,beforeit_abm_us_v3_mean,gdp_deflator,8,54,2.03403828644261,1.296313561778459
abm_all_available_common_cells,beforeit_abm_us_v3_mean,gdp_deflator,12,50,2.102326858373273,1.3711862963335233
abm_all_available_common_cells,beforeit_abm_us_v3_mean,nominal_gdp,1,61,6.869266505599936,2.9353891763262427
abm_all_available_common_cells,beforeit_abm_us_v3_mean,nominal_gdp,2,60,6.795227261288474,3.0372422430301063
abm_all_available_common_cells,beforeit_abm_us_v3_mean,nominal_gdp,4,58,7.008117149218405,3.22759144854056
abm_all_available_common_cells,beforeit_abm_us_v3_mean,nominal_gdp,8,54,7.28064612692461,3.4248785100277015
abm_all_available_common_cells,beforeit_abm_us_v3_mean,nominal_gdp,12,50,7.514023657489265,3.6008531655350655
abm_all_available_common_cells,beforeit_abm_us_v3_mean,unemployment_rate,1,61,2.638459793575617,1.7558794928259212
abm_all_available_common_cells,beforeit_abm_us_v3_mean,unemployment_rate,2,60,2.5706320761802486,1.699101288429642
abm_all_available_common_cells,beforeit_abm_us_v3_mean,unemployment_rate,4,58,2.435519197026029,1.5986664819140146
abm_all_available_common_cells,beforeit_abm_us_v3_mean,unemployment_rate,8,54,2.36619869424288,1.622565236495579
abm_all_available_common_cells,beforeit_abm_us_v3_mean,unemployment_rate,12,50,2.577738555853921,1.9024186758514652
abm_all_available_common_cells,beforeit_abm_us_v3_mean,effective_federal_funds_rate,1,61,0.37213673491115784,0.21808772053667186
abm_all_available_common_cells,beforeit_abm_us_v3_mean,effective_federal_funds_rate,2,60,0.6897707559878287,0.4235278620344917
abm_all_available_common_cells,beforeit_abm_us_v3_mean,effective_federal_funds_rate,4,58,1.2172793304605471,0.7888318748798565
abm_all_available_common_cells,beforeit_abm_us_v3_mean,effective_federal_funds_rate,8,54,1.8949022559282278,1.3266962710481962
abm_all_available_common_cells,beforeit_abm_us_v3_mean,effective_federal_funds_rate,12,50,2.1685193487796806,1.627672436863157
abm_all_available_common_cells,beforeit_abm_us_v3_median,real_gdp,1,61,6.0783243277003285,2.462263806285164
abm_all_available_common_cells,beforeit_abm_us_v3_median,real_gdp,2,60,6.0884803123577,2.5394166101609223
abm_all_available_common_cells,beforeit_abm_us_v3_median,real_gdp,4,58,6.162728647322003,2.541353206928146
abm_all_available_common_cells,beforeit_abm_us_v3_median,real_gdp,8,54,6.410439236073886,2.6393518981551836
abm_all_available_common_cells,beforeit_abm_us_v3_median,real_gdp,12,50,6.656126806084957,2.735433778834157
abm_all_available_common_cells,beforeit_abm_us_v3_median,gdp_deflator,1,61,1.4357883691663575,1.0928767077625037
abm_all_available_common_cells,beforeit_abm_us_v3_median,gdp_deflator,2,60,1.649868809828027,1.1127802545018681
abm_all_available_common_cells,beforeit_abm_us_v3_median,gdp_deflator,4,58,1.945864270656385,1.2547367571521022
abm_all_available_common_cells,beforeit_abm_us_v3_median,gdp_deflator,8,54,2.0305463019177035,1.2929534164564456
abm_all_available_common_cells,beforeit_abm_us_v3_median,gdp_deflator,12,50,2.1044391509819573,1.3722071971477419
abm_all_available_common_cells,beforeit_abm_us_v3_median,nominal_gdp,1,61,6.861858050268023,2.913645660504288
abm_all_available_common_cells,beforeit_abm_us_v3_median,nominal_gdp,2,60,6.787103428730404,3.0321667385960795
abm_all_available_common_cells,beforeit_abm_us_v3_median,nominal_gdp,4,58,7.013163511406985,3.238861544402721
abm_all_available_common_cells,beforeit_abm_us_v3_median,nominal_gdp,8,54,7.265386798727706,3.4379655513208256
abm_all_available_common_cells,beforeit_abm_us_v3_median,nominal_gdp,12,50,7.528216760630308,3.605576055094824
abm_all_available_common_cells,beforeit_abm_us_v3_median,unemployment_rate,1,61,2.6213189150314102,1.7482091434379177
abm_all_available_common_cells,beforeit_abm_us_v3_median,unemployment_rate,2,60,2.5445138062224455,1.6808004847557032
abm_all_available_common_cells,beforeit_abm_us_v3_median,unemployment_rate,4,58,2.3773878662716603,1.5508551407419138
abm_all_available_common_cells,beforeit_abm_us_v3_median,unemployment_rate,8,54,2.217405737422222,1.4476109481084547
abm_all_available_common_cells,beforeit_abm_us_v3_median,unemployment_rate,12,50,2.522172074889473,1.8126972828166528
abm_all_available_common_cells,beforeit_abm_us_v3_median,effective_federal_funds_rate,1,61,0.37186642026873196,0.21427940410839671
abm_all_available_common_cells,beforeit_abm_us_v3_median,effective_federal_funds_rate,2,60,0.6904701131206177,0.4188792140259881
abm_all_available_common_cells,beforeit_abm_us_v3_median,effective_federal_funds_rate,4,58,1.2185521303535305,0.7839421009309044
abm_all_available_common_cells,beforeit_abm_us_v3_median,effective_federal_funds_rate,8,54,1.9019423161480888,1.3285042621213325
abm_all_available_common_cells,beforeit_abm_us_v3_median,effective_federal_funds_rate,12,50,2.1749710073541384,1.6299430395521635
abm_all_available_common_cells,beforeit_abm_us_v2_mean,real_gdp,1,61,6.087919113557013,2.516303085938292
abm_all_available_common_cells,beforeit_abm_us_v2_mean,real_gdp,2,60,6.1000588699754745,2.5414227333531385
abm_all_available_common_cells,beforeit_abm_us_v2_mean,real_gdp,4,58,6.223525640631677,2.5759642392936506
abm_all_available_common_cells,beforeit_abm_us_v2_mean,real_gdp,8,54,6.441828930721641,2.7142511383349333
abm_all_available_common_cells,beforeit_abm_us_v2_mean,real_gdp,12,50,6.6509785359926115,2.8235671784943155
abm_all_available_common_cells,beforeit_abm_us_v2_mean,gdp_deflator,1,61,1.4287653664859339,1.0907110654109418
abm_all_available_common_cells,beforeit_abm_us_v2_mean,gdp_deflator,2,60,1.654359801127486,1.107948088197545
abm_all_available_common_cells,beforeit_abm_us_v2_mean,gdp_deflator,4,58,1.9512408958831566,1.2529304509441281
abm_all_available_common_cells,beforeit_abm_us_v2_mean,gdp_deflator,8,54,2.044791008274986,1.3046925766488497
abm_all_available_common_cells,beforeit_abm_us_v2_mean,gdp_deflator,12,50,2.1079984770141733,1.3837065660814287
abm_all_available_common_cells,beforeit_abm_us_v2_mean,nominal_gdp,1,61,6.839490147210342,2.9043786993668905
abm_all_available_common_cells,beforeit_abm_us_v2_mean,nominal_gdp,2,60,6.782059320038311,3.016848520034254
abm_all_available_common_cells,beforeit_abm_us_v2_mean,nominal_gdp,4,58,7.0430690113562795,3.2077598132660357
abm_all_available_common_cells,beforeit_abm_us_v2_mean,nominal_gdp,8,54,7.3312015045620145,3.5280794822034816
abm_all_available_common_cells,beforeit_abm_us_v2_mean,nominal_gdp,12,50,7.579977179507446,3.697140703945849
abm_all_available_common_cells,beforeit_abm_us_v2_mean,unemployment_rate,1,61,2.9472682532958077,2.0910982229962496
abm_all_available_common_cells,beforeit_abm_us_v2_mean,unemployment_rate,2,60,3.1276463642522616,2.38272848971638
abm_all_available_common_cells,beforeit_abm_us_v2_mean,unemployment_rate,4,58,3.693167743375163,3.118339187470829
abm_all_available_common_cells,beforeit_abm_us_v2_mean,unemployment_rate,8,54,4.807388218207486,4.386196638405406
abm_all_available_common_cells,beforeit_abm_us_v2_mean,unemployment_rate,12,50,5.050573045662021,4.730812705366862
abm_all_available_common_cells,beforeit_abm_us_v2_mean,effective_federal_funds_rate,1,61,0.3734206763206502,0.2177850621855508
abm_all_available_common_cells,beforeit_abm_us_v2_mean,effective_federal_funds_rate,2,60,0.6920674464186284,0.4248337352059088
abm_all_available_common_cells,beforeit_abm_us_v2_mean,effective_federal_funds_rate,4,58,1.2196243219039105,0.7893252551702321
abm_all_available_common_cells,beforeit_abm_us_v2_mean,effective_federal_funds_rate,8,54,1.8944396842733127,1.3259346260053033
abm_all_available_common_cells,beforeit_abm_us_v2_mean,effective_federal_funds_rate,12,50,2.164597508531189,1.623952748614661
abm_all_available_common_cells,beforeit_abm_us_v2_median,real_gdp,1,61,6.103517305942822,2.5307317811986616
abm_all_available_common_cells,beforeit_abm_us_v2_median,real_gdp,2,60,6.121254464714458,2.562798358887173
abm_all_available_common_cells,beforeit_abm_us_v2_median,real_gdp,4,58,6.2296432431035615,2.5799495101380345
abm_all_available_common_cells,beforeit_abm_us_v2_median,real_gdp,8,54,6.438895337279716,2.712629756628522
abm_all_available_common_cells,beforeit_abm_us_v2_median,real_gdp,12,50,6.6464734480357714,2.838895952318635
abm_all_available_common_cells,beforeit_abm_us_v2_median,gdp_deflator,1,61,1.4284535869544415,1.089496621160042
abm_all_available_common_cells,beforeit_abm_us_v2_median,gdp_deflator,2,60,1.6572433580423704,1.1072582142335754
abm_all_available_common_cells,beforeit_abm_us_v2_median,gdp_deflator,4,58,1.9467294445422005,1.2510288363509208
abm_all_available_common_cells,beforeit_abm_us_v2_median,gdp_deflator,8,54,2.0451378496962307,1.3127104278592745
abm_all_available_common_cells,beforeit_abm_us_v2_median,gdp_deflator,12,50,2.107646919120295,1.3869457209853082
abm_all_available_common_cells,beforeit_abm_us_v2_median,nominal_gdp,1,61,6.85186050688627,2.924428966720576
abm_all_available_common_cells,beforeit_abm_us_v2_median,nominal_gdp,2,60,6.808393500754841,3.028239051064759
abm_all_available_common_cells,beforeit_abm_us_v2_median,nominal_gdp,4,58,7.041298332416263,3.1964529381390814
abm_all_available_common_cells,beforeit_abm_us_v2_median,nominal_gdp,8,54,7.32254457146222,3.5288921753426368
abm_all_available_common_cells,beforeit_abm_us_v2_median,nominal_gdp,12,50,7.5882104830002435,3.6980664333977438
abm_all_available_common_cells,beforeit_abm_us_v2_median,unemployment_rate,1,61,2.866028136463331,1.9726614356082832
abm_all_available_common_cells,beforeit_abm_us_v2_median,unemployment_rate,2,60,2.9921623878540013,2.1658518924180967
abm_all_available_common_cells,beforeit_abm_us_v2_median,unemployment_rate,4,58,3.648702041858704,3.057359846911098
abm_all_available_common_cells,beforeit_abm_us_v2_median,unemployment_rate,8,54,5.20942949970801,4.822316876935282
abm_all_available_common_cells,beforeit_abm_us_v2_median,unemployment_rate,12,50,5.2057596307679015,4.925999999999941
abm_all_available_common_cells,beforeit_abm_us_v2_median,effective_federal_funds_rate,1,61,0.3725036503609152,0.21321810806773853
abm_all_available_common_cells,beforeit_abm_us_v2_median,effective_federal_funds_rate,2,60,0.6911219398337666,0.41911060322192417
abm_all_available_common_cells,beforeit_abm_us_v2_median,effective_federal_funds_rate,4,58,1.2211754782736655,0.7851762118873586
abm_all_available_common_cells,beforeit_abm_us_v2_median,effective_federal_funds_rate,8,54,1.902782482256995,1.3287255569628107
abm_all_available_common_cells,beforeit_abm_us_v2_median,effective_federal_funds_rate,12,50,2.1716937834060452,1.6266624044002782
abm_all_available_common_cells,beforeit_abm_us_v1_mean,real_gdp,1,61,6.259228348965377,3.0663959087232415
abm_all_available_common_cells,beforeit_abm_us_v1_mean,real_gdp,2,60,9.51036646607199,8.230471208365858
abm_all_available_common_cells,beforeit_abm_us_v1_mean,real_gdp,4,58,6.876186170043025,4.2637325023562
abm_all_available_common_cells,beforeit_abm_us_v1_mean,real_gdp,8,54,6.7381006704394775,3.7351642860293683
abm_all_available_common_cells,beforeit_abm_us_v1_mean,real_gdp,12,50,6.963733490932907,3.7648779476578214
abm_all_available_common_cells,beforeit_abm_us_v1_mean,gdp_deflator,1,61,1.4287653664859348,1.0907110654109433
abm_all_available_common_cells,beforeit_abm_us_v1_mean,gdp_deflator,2,60,1.6486009519768738,1.109882409825579
abm_all_available_common_cells,beforeit_abm_us_v1_mean,gdp_deflator,4,58,1.939827095458487,1.2522686055796848
abm_all_available_common_cells,beforeit_abm_us_v1_mean,gdp_deflator,8,54,2.0390768029971302,1.2966929622184336
abm_all_available_common_cells,beforeit_abm_us_v1_mean,gdp_deflator,12,50,2.1093138905515145,1.3832429783594598
abm_all_available_common_cells,beforeit_abm_us_v1_mean,nominal_gdp,1,61,7.026585413960827,3.346256239028253
abm_all_available_common_cells,beforeit_abm_us_v1_mean,nominal_gdp,2,60,10.18029782782842,8.621584137704268
abm_all_available_common_cells,beforeit_abm_us_v1_mean,nominal_gdp,4,58,7.762609735001336,4.795536303939579
abm_all_available_common_cells,beforeit_abm_us_v1_mean,nominal_gdp,8,54,7.70708277809843,4.425513071244471
abm_all_available_common_cells,beforeit_abm_us_v1_mean,nominal_gdp,12,50,7.964308501012158,4.559685051432308
abm_all_available_common_cells,beforeit_abm_us_v1_mean,unemployment_rate,1,61,2.857775026021855,1.975789297278508
abm_all_available_common_cells,beforeit_abm_us_v1_mean,unemployment_rate,2,60,2.2001195520020254,1.5392831933795734
abm_all_available_common_cells,beforeit_abm_us_v1_mean,unemployment_rate,4,58,1.9697079259001797,1.5611002001737355
abm_all_available_common_cells,beforeit_abm_us_v1_mean,unemployment_rate,8,54,1.9205094208350284,1.5265168417778794
abm_all_available_common_cells,beforeit_abm_us_v1_mean,unemployment_rate,12,50,1.8143153468010478,1.356492150419868
abm_all_available_common_cells,beforeit_abm_us_v1_mean,effective_federal_funds_rate,1,61,0.3734206763206502,0.2177850621855508
abm_all_available_common_cells,beforeit_abm_us_v1_mean,effective_federal_funds_rate,2,60,0.6921035951571927,0.42501492225791176
abm_all_available_common_cells,beforeit_abm_us_v1_mean,effective_federal_funds_rate,4,58,1.2188268227912853,0.7907382870053944
abm_all_available_common_cells,beforeit_abm_us_v1_mean,effective_federal_funds_rate,8,54,1.8934511626995019,1.3259700324328934
abm_all_available_common_cells,beforeit_abm_us_v1_mean,effective_federal_funds_rate,12,50,2.166954352397167,1.6281118797954273
abm_all_available_common_cells,beforeit_abm_us_v1_median,real_gdp,1,61,6.282169927983986,3.07624365039083
abm_all_available_common_cells,beforeit_abm_us_v1_median,real_gdp,2,60,9.493377160937204,8.21147951508826
abm_all_available_common_cells,beforeit_abm_us_v1_median,real_gdp,4,58,6.812557670719355,4.15261917802867
abm_all_available_common_cells,beforeit_abm_us_v1_median,real_gdp,8,54,6.713176145216228,3.6790838721406267
abm_all_available_common_cells,beforeit_abm_us_v1_median,real_gdp,12,50,6.924756951571997,3.6797529448175
abm_all_available_common_cells,beforeit_abm_us_v1_median,gdp_deflator,1,61,1.4284535869544075,1.0894966211600072
abm_all_available_common_cells,beforeit_abm_us_v1_median,gdp_deflator,2,60,1.650337983602027,1.108188910039345
abm_all_available_common_cells,beforeit_abm_us_v1_median,gdp_deflator,4,58,1.936646783372863,1.2522368817663891
abm_all_available_common_cells,beforeit_abm_us_v1_median,gdp_deflator,8,54,2.0365123699073253,1.2984258767314345
abm_all_available_common_cells,beforeit_abm_us_v1_median,gdp_deflator,12,50,2.1170918001525405,1.3897337263089156
abm_all_available_common_cells,beforeit_abm_us_v1_median,nominal_gdp,1,61,7.0390964425263975,3.3509991794835217
abm_all_available_common_cells,beforeit_abm_us_v1_median,nominal_gdp,2,60,10.154583385265367,8.58369188287846
abm_all_available_common_cells,beforeit_abm_us_v1_median,nominal_gdp,4,58,7.683159425664937,4.680726486761273
abm_all_available_common_cells,beforeit_abm_us_v1_median,nominal_gdp,8,54,7.689077829931309,4.370301033514767
abm_all_available_common_cells,beforeit_abm_us_v1_median,nominal_gdp,12,50,7.920034391617315,4.494471837539482
abm_all_available_common_cells,beforeit_abm_us_v1_median,unemployment_rate,1,61,2.80818328807199,1.9112725118057925
abm_all_available_common_cells,beforeit_abm_us_v1_median,unemployment_rate,2,60,2.1863730145950058,1.5242357308019905
abm_all_available_common_cells,beforeit_abm_us_v1_median,unemployment_rate,4,58,1.9791086627315946,1.5747535596933186
abm_all_available_common_cells,beforeit_abm_us_v1_median,unemployment_rate,8,54,1.9166016608783796,1.522553513718166
abm_all_available_common_cells,beforeit_abm_us_v1_median,unemployment_rate,12,50,1.8099703488606467,1.3504746257758373
abm_all_available_common_cells,beforeit_abm_us_v1_median,effective_federal_funds_rate,1,61,0.3725036503609152,0.21321810806773853
abm_all_available_common_cells,beforeit_abm_us_v1_median,effective_federal_funds_rate,2,60,0.6925161170439466,0.4200255916596126
abm_all_available_common_cells,beforeit_abm_us_v1_median,effective_federal_funds_rate,4,58,1.2215894225725556,0.7882116706196081
abm_all_available_common_cells,beforeit_abm_us_v1_median,effective_federal_funds_rate,8,54,1.9007975403170876,1.3289938021781393
abm_all_available_common_cells,beforeit_abm_us_v1_median,effective_federal_funds_rate,12,50,2.1742683906528946,1.6328335348627718
abm_all_available_common_cells,dsge_small_nk,real_gdp,1,61,6.887670977914833,4.081223724492764
abm_all_available_common_cells,dsge_small_nk,real_gdp,2,60,6.756495517009875,3.9912457539749604
abm_all_available_common_cells,dsge_small_nk,real_gdp,4,58,6.846122480488336,4.03698718407594
abm_all_available_common_cells,dsge_small_nk,real_gdp,8,54,6.970705089684549,4.21656668793024
abm_all_available_common_cells,dsge_small_nk,real_gdp,12,50,7.239545920993121,4.478860698672453
abm_all_available_common_cells,dsge_small_nk,gdp_deflator,1,61,1.4109099994723613,1.083958079436854
abm_all_available_common_cells,dsge_small_nk,gdp_deflator,2,60,1.5875697785743377,1.189612429678212
abm_all_available_common_cells,dsge_small_nk,gdp_deflator,4,58,2.028116415337615,1.3927106744844842
abm_all_available_common_cells,dsge_small_nk,gdp_deflator,8,54,2.351604379740701,1.5845859484199687
abm_all_available_common_cells,dsge_small_nk,gdp_deflator,12,50,2.4747346647577335,1.738663169757533
abm_all_available_common_cells,dsge_small_nk,nominal_gdp,1,61,7.7449962578194,4.489626767653033
abm_all_available_common_cells,dsge_small_nk,nominal_gdp,2,60,7.603881358436482,4.636367884039904
abm_all_available_common_cells,dsge_small_nk,nominal_gdp,4,58,7.957159427597646,4.960613183116295
abm_all_available_common_cells,dsge_small_nk,nominal_gdp,8,54,8.285395336813503,5.443919989539514
abm_all_available_common_cells,dsge_small_nk,nominal_gdp,12,50,8.60698848467211,5.867327973977172
abm_all_available_common_cells,dsge_small_nk,unemployment_rate,1,61,1.4765678192856244,0.7182264144672585
abm_all_available_common_cells,dsge_small_nk,unemployment_rate,2,60,2.0444659198665813,1.2718285772328444
abm_all_available_common_cells,dsge_small_nk,unemployment_rate,4,58,2.918362838754183,2.1969391120269215
abm_all_available_common_cells,dsge_small_nk,unemployment_rate,8,54,4.551948025197217,3.627434080767333
abm_all_available_common_cells,dsge_small_nk,unemployment_rate,12,50,6.045404598150607,5.028187549300397
abm_all_available_common_cells,dsge_small_nk,effective_federal_funds_rate,1,61,0.47634553344275843,0.38063542671557726
abm_all_available_common_cells,dsge_small_nk,effective_federal_funds_rate,2,60,0.7555869566669485,0.6101485295859462
abm_all_available_common_cells,dsge_small_nk,effective_federal_funds_rate,4,58,1.051584179669946,0.8872239788899852
abm_all_available_common_cells,dsge_small_nk,effective_federal_funds_rate,8,54,1.4392125282736976,1.2526239558855505
abm_all_available_common_cells,dsge_small_nk,effective_federal_funds_rate,12,50,1.8584003288440305,1.545246491595355
abm_all_available_common_cells,dsge_small_nk_median,real_gdp,1,61,6.8695143860962915,4.064333061322919
abm_all_available_common_cells,dsge_small_nk_median,real_gdp,2,60,6.752984075517954,3.995246421328862
abm_all_available_common_cells,dsge_small_nk_median,real_gdp,4,58,6.832243112661919,4.0115464803804635
abm_all_available_common_cells,dsge_small_nk_median,real_gdp,8,54,6.967888416676052,4.205207271987222
abm_all_available_common_cells,dsge_small_nk_median,real_gdp,12,50,7.250128830783493,4.488414001237279
abm_all_available_common_cells,dsge_small_nk_median,gdp_deflator,1,61,1.4073242543227442,1.0797925152537873
abm_all_available_common_cells,dsge_small_nk_median,gdp_deflator,2,60,1.589226631840987,1.1834719927804267
abm_all_available_common_cells,dsge_small_nk_median,gdp_deflator,4,58,2.03298404253822,1.399819238780963
abm_all_available_common_cells,dsge_small_nk_median,gdp_deflator,8,54,2.359212924642694,1.590856345059783
abm_all_available_common_cells,dsge_small_nk_median,gdp_deflator,12,50,2.470469178369247,1.7418110207923876
abm_all_available_common_cells,dsge_small_nk_median,nominal_gdp,1,61,7.720303400643691,4.444906402025584
abm_all_available_common_cells,dsge_small_nk_median,nominal_gdp,2,60,7.623998582123701,4.669814189814278
abm_all_available_common_cells,dsge_small_nk_median,nominal_gdp,4,58,7.938613269805275,4.923070747567063
abm_all_available_common_cells,dsge_small_nk_median,nominal_gdp,8,54,8.285722198262196,5.439190774552757
abm_all_available_common_cells,dsge_small_nk_median,nominal_gdp,12,50,8.650056268474339,5.919269066715568
abm_all_available_common_cells,dsge_small_nk_median,unemployment_rate,1,61,1.4715727221256196,0.7143053731948936
abm_all_available_common_cells,dsge_small_nk_median,unemployment_rate,2,60,2.0392093066874484,1.2732102780351116
abm_all_available_common_cells,dsge_small_nk_median,unemployment_rate,4,58,2.9162389899102648,2.203390317330897
abm_all_available_common_cells,dsge_small_nk_median,unemployment_rate,8,54,4.539877622039542,3.6508547772522366
abm_all_available_common_cells,dsge_small_nk_median,unemployment_rate,12,50,6.0541976691986195,5.012507948951625
abm_all_available_common_cells,dsge_small_nk_median,effective_federal_funds_rate,1,61,0.46374600011433986,0.36285452286661257
abm_all_available_common_cells,dsge_small_nk_median,effective_federal_funds_rate,2,60,0.7329227364529121,0.5886046656817592
abm_all_available_common_cells,dsge_small_nk_median,effective_federal_funds_rate,4,58,1.0163001131531741,0.8547082942211225
abm_all_available_common_cells,dsge_small_nk_median,effective_federal_funds_rate,8,54,1.4293334670069577,1.2326853979778771
abm_all_available_common_cells,dsge_small_nk_median,effective_federal_funds_rate,12,50,1.945146660860065,1.5508921496562358
abm_all_available_common_cells,dsge_sw07,real_gdp,1,61,7.345030553173285,3.3782938811959973
abm_all_available_common_cells,dsge_sw07,real_gdp,2,60,6.647807363619457,3.4551276157940363
abm_all_available_common_cells,dsge_sw07,real_gdp,4,58,6.5075118191477355,3.289672858118934
abm_all_available_common_cells,dsge_sw07,real_gdp,8,54,6.614236038237561,3.1997890289848123
abm_all_available_common_cells,dsge_sw07,real_gdp,12,50,6.708473171474028,2.975123844817808
abm_all_available_common_cells,dsge_sw07,gdp_deflator,1,61,1.4356416973970163,1.0634718927236892
abm_all_available_common_cells,dsge_sw07,gdp_deflator,2,60,1.498040258782781,1.1486776973061488
abm_all_available_common_cells,dsge_sw07,gdp_deflator,4,58,1.8756508521681032,1.2294063203203331
abm_all_available_common_cells,dsge_sw07,gdp_deflator,8,54,2.153763613121937,1.3514121118234914
abm_all_available_common_cells,dsge_sw07,gdp_deflator,12,50,2.068809989361482,1.3683599890875302
abm_all_available_common_cells,dsge_sw07,nominal_gdp,1,61,8.205912297017338,3.5051065893243574
abm_all_available_common_cells,dsge_sw07,nominal_gdp,2,60,7.1961958061107225,3.597846576332679
abm_all_available_common_cells,dsge_sw07,nominal_gdp,4,58,7.212990718388326,3.616598885457328
abm_all_available_common_cells,dsge_sw07,nominal_gdp,8,54,7.324022186396274,3.6094521300413565
abm_all_available_common_cells,dsge_sw07,nominal_gdp,12,50,7.579498027580694,3.7233923318391646
abm_all_available_common_cells,dsge_sw07,unemployment_rate,1,61,1.4968474635046043,0.4490278998040561
abm_all_available_common_cells,dsge_sw07,unemployment_rate,2,60,1.9848269563956216,0.7338135169771024
abm_all_available_common_cells,dsge_sw07,unemployment_rate,4,58,2.3587231501715062,1.1247548204392728
abm_all_available_common_cells,dsge_sw07,unemployment_rate,8,54,2.7165978882144732,1.6395768127426622
abm_all_available_common_cells,dsge_sw07,unemployment_rate,12,50,2.747639807233369,1.855749292754935
abm_all_available_common_cells,dsge_sw07,effective_federal_funds_rate,1,61,0.6218243263027128,0.5158794550703598
abm_all_available_common_cells,dsge_sw07,effective_federal_funds_rate,2,60,1.1476900930478822,0.9632201988827308
abm_all_available_common_cells,dsge_sw07,effective_federal_funds_rate,4,58,1.8682539757677512,1.59448593634433
abm_all_available_common_cells,dsge_sw07,effective_federal_funds_rate,8,54,2.5310231434625567,2.248564718308942
abm_all_available_common_cells,dsge_sw07,effective_federal_funds_rate,12,50,2.9384421873032127,2.5970217642400177
abm_all_available_common_cells,dsge_sw07_median,real_gdp,1,61,7.346031736402616,3.3926581599926613
abm_all_available_common_cells,dsge_sw07_median,real_gdp,2,60,6.631503860358566,3.4346958452516936
abm_all_available_common_cells,dsge_sw07_median,real_gdp,4,58,6.500894707450997,3.2821055681909836
abm_all_available_common_cells,dsge_sw07_median,real_gdp,8,54,6.637607556362414,3.2210116755455007
abm_all_available_common_cells,dsge_sw07_median,real_gdp,12,50,6.688262938049331,2.947860859448984
abm_all_available_common_cells,dsge_sw07_median,gdp_deflator,1,61,1.4437666629527313,1.0690260964152993
abm_all_available_common_cells,dsge_sw07_median,gdp_deflator,2,60,1.500264827991673,1.1513927671007136
abm_all_available_common_cells,dsge_sw07_median,gdp_deflator,4,58,1.8770646122756909,1.2301996270468136
abm_all_available_common_cells,dsge_sw07_median,gdp_deflator,8,54,2.1390351984398386,1.3364180809922706
abm_all_available_common_cells,dsge_sw07_median,gdp_deflator,12,50,2.071204905147944,1.3659885972489152
abm_all_available_common_cells,dsge_sw07_median,nominal_gdp,1,61,8.20342218156235,3.5248589752867105
abm_all_available_common_cells,dsge_sw07_median,nominal_gdp,2,60,7.183433119439334,3.5850937589606517
abm_all_available_common_cells,dsge_sw07_median,nominal_gdp,4,58,7.243229507994442,3.6442713841811836
abm_all_available_common_cells,dsge_sw07_median,nominal_gdp,8,54,7.3469687861355615,3.656780649187525
abm_all_available_common_cells,dsge_sw07_median,nominal_gdp,12,50,7.562986455335214,3.7320204700640778
abm_all_available_common_cells,dsge_sw07_median,unemployment_rate,1,61,1.500224642674631,0.4503971224717603
abm_all_available_common_cells,dsge_sw07_median,unemployment_rate,2,60,1.9851505432226921,0.7362076372342666
abm_all_available_common_cells,dsge_sw07_median,unemployment_rate,4,58,2.367529339072418,1.1179690425310485
abm_all_available_common_cells,dsge_sw07_median,unemployment_rate,8,54,2.7181458719088702,1.6191838067674655
abm_all_available_common_cells,dsge_sw07_median,unemployment_rate,12,50,2.6939413336224405,1.818420934015586
abm_all_available_common_cells,dsge_sw07_median,effective_federal_funds_rate,1,61,0.563940566901281,0.45698148883812206
abm_all_available_common_cells,dsge_sw07_median,effective_federal_funds_rate,2,60,1.1084304222859402,0.9166071255065315
abm_all_available_common_cells,dsge_sw07_median,effective_federal_funds_rate,4,58,1.8312881721570757,1.5509727613638502
abm_all_available_common_cells,dsge_sw07_median,effective_federal_funds_rate,8,54,2.48807003714522,2.211844387037327
abm_all_available_common_cells,dsge_sw07_median,effective_federal_funds_rate,12,50,2.91203375589823,2.578291941902602
abm_balanced_h12_common_cells,naive_no_change,real_gdp,1,50,10.662454112635555,4.207975070753901
abm_balanced_h12_common_cells,naive_no_change,real_gdp,2,50,9.855778587416474,4.56211416913238
abm_balanced_h12_common_cells,naive_no_change,real_gdp,4,50,9.725034779060461,4.88771517462534
abm_balanced_h12_common_cells,naive_no_change,real_gdp,8,50,9.169169508403192,4.66014445270318
abm_balanced_h12_common_cells,naive_no_change,real_gdp,12,50,9.167099622202198,4.32315139987688
abm_balanced_h12_common_cells,naive_no_change,gdp_deflator,1,50,1.5250613987220423,1.0758093190148201
abm_balanced_h12_common_cells,naive_no_change,gdp_deflator,2,50,1.6754818444378028,1.25373041235414
abm_balanced_h12_common_cells,naive_no_change,gdp_deflator,4,50,2.2364625740452024,1.55596548611566
abm_balanced_h12_common_cells,naive_no_change,gdp_deflator,8,50,2.969461296690407,2.14222901046876
abm_balanced_h12_common_cells,naive_no_change,gdp_deflator,12,50,2.7092472553873157,2.00498372971656
abm_balanced_h12_common_cells,naive_no_change,nominal_gdp,1,50,11.553861416893684,4.609506041607699
abm_balanced_h12_common_cells,naive_no_change,nominal_gdp,2,50,10.464406705971276,4.89269047739266
abm_balanced_h12_common_cells,naive_no_change,nominal_gdp,4,50,10.771149229234096,5.33159716866356
abm_balanced_h12_common_cells,naive_no_change,nominal_gdp,8,50,10.868014187898142,5.9821734794807195
abm_balanced_h12_common_cells,naive_no_change,nominal_gdp,12,50,10.220590765581278,5.625786895154081
abm_balanced_h12_common_cells,naive_no_change,unemployment_rate,1,50,1.4807955819611436,0.5066666666666799
abm_balanced_h12_common_cells,naive_no_change,unemployment_rate,2,50,1.8482303848696817,0.8280000000000001
abm_balanced_h12_common_cells,naive_no_change,unemployment_rate,4,50,2.1602726165412465,1.2766666666667
abm_balanced_h12_common_cells,naive_no_change,unemployment_rate,8,50,2.594125842916891,1.8406666666667801
abm_balanced_h12_common_cells,naive_no_change,unemployment_rate,12,50,2.7534786079511417,2.0773333333333603
abm_balanced_h12_common_cells,naive_no_change,effective_federal_funds_rate,1,50,0.3743072574893566,0.17287726303391998
abm_balanced_h12_common_cells,naive_no_change,effective_federal_funds_rate,2,50,0.7173383681377319,0.35800488372238
abm_balanced_h12_common_cells,naive_no_change,effective_federal_funds_rate,4,50,1.3099334565468685,0.7357935206869399
abm_balanced_h12_common_cells,naive_no_change,effective_federal_funds_rate,8,50,2.103868941739384,1.39807779948026
abm_balanced_h12_common_cells,naive_no_change,effective_federal_funds_rate,12,50,2.381955197707287,1.6881261383992001
abm_balanced_h12_common_cells,naive_drift,real_gdp,1,50,10.731138462569982,4.241683940599849
abm_balanced_h12_common_cells,naive_drift,real_gdp,2,50,9.983926668200041,4.6327927048874695
abm_balanced_h12_common_cells,naive_drift,real_gdp,4,50,9.978878867555844,5.0219483645999965
abm_balanced_h12_common_cells,naive_drift,real_gdp,8,50,9.659792581368906,4.96238470595826
abm_balanced_h12_common_cells,naive_drift,real_gdp,12,50,9.900820736331344,4.723844162784506
abm_balanced_h12_common_cells,naive_drift,gdp_deflator,1,50,1.5358611605570387,1.0789722043869352
abm_balanced_h12_common_cells,naive_drift,gdp_deflator,2,50,1.698691470902147,1.268588187658993
abm_balanced_h12_common_cells,naive_drift,gdp_deflator,4,50,2.2942963480534146,1.587677519591406
abm_balanced_h12_common_cells,naive_drift,gdp_deflator,8,50,3.123850995335107,2.2534755735318908
abm_balanced_h12_common_cells,naive_drift,gdp_deflator,12,50,2.9212935986345077,2.180543959115292
abm_balanced_h12_common_cells,naive_drift,nominal_gdp,1,50,11.628105879572798,4.641997867134562
abm_balanced_h12_common_cells,naive_drift,nominal_gdp,2,50,10.599775905278447,4.971677926311167
abm_balanced_h12_common_cells,naive_drift,nominal_gdp,4,50,11.049198275957224,5.499698216532968
abm_balanced_h12_common_cells,naive_drift,nominal_gdp,8,50,11.438284212368798,6.3464799874644475
abm_balanced_h12_common_cells,naive_drift,nominal_gdp,12,50,11.024149743170275,6.044355568449037
abm_balanced_h12_common_cells,naive_drift,unemployment_rate,1,50,1.4958460109963443,0.5449622858540734
abm_balanced_h12_common_cells,naive_drift,unemployment_rate,2,50,1.8894128820549059,0.9109032136289008
abm_balanced_h12_common_cells,naive_drift,unemployment_rate,4,50,2.273754633438412,1.4427367976282062
abm_balanced_h12_common_cells,naive_drift,unemployment_rate,8,50,2.9052343302315076,2.1768002642981132
abm_balanced_h12_common_cells,naive_drift,unemployment_rate,12,50,3.3053002721284743,2.571024827111893
abm_balanced_h12_common_cells,naive_drift,effective_federal_funds_rate,1,50,0.40092984588748554,0.25304630233862424
abm_balanced_h12_common_cells,naive_drift,effective_federal_funds_rate,2,50,0.7777709351677585,0.5179424416838144
abm_balanced_h12_common_cells,naive_drift,effective_federal_funds_rate,4,50,1.456469954746092,1.0528185719327174
abm_balanced_h12_common_cells,naive_drift,effective_federal_funds_rate,8,50,2.491813432077055,2.0191463265759837
abm_balanced_h12_common_cells,naive_drift,effective_federal_funds_rate,12,50,3.0957484916146436,2.5828698864814674
abm_balanced_h12_common_cells,naive_historical_mean,real_gdp,1,50,6.702971265866784,2.857853660849668
abm_balanced_h12_common_cells,naive_historical_mean,real_gdp,2,50,6.677957179729925,2.852543211164264
abm_balanced_h12_common_cells,naive_historical_mean,real_gdp,4,50,6.666549461317904,2.8501576726577516
abm_balanced_h12_common_cells,naive_historical_mean,real_gdp,8,50,6.649424711467196,2.8065791312163633
abm_balanced_h12_common_cells,naive_historical_mean,real_gdp,12,50,6.6623838739345,2.8738101830615994
abm_balanced_h12_common_cells,naive_historical_mean,gdp_deflator,1,50,2.0137990765926492,1.2675617268362545
abm_balanced_h12_common_cells,naive_historical_mean,gdp_deflator,2,50,2.0377736341509642,1.2848733739155973
abm_balanced_h12_common_cells,naive_historical_mean,gdp_deflator,4,50,2.0711540854727524,1.3176415169225164
abm_balanced_h12_common_cells,naive_historical_mean,gdp_deflator,8,50,2.086730334056091,1.3306149463115486
abm_balanced_h12_common_cells,naive_historical_mean,gdp_deflator,12,50,2.102217006254978,1.3756975982221435
abm_balanced_h12_common_cells,naive_historical_mean,nominal_gdp,1,50,7.553405646219266,3.5414613558144343
abm_balanced_h12_common_cells,naive_historical_mean,nominal_gdp,2,50,7.542830020972683,3.588305421450814
abm_balanced_h12_common_cells,naive_historical_mean,nominal_gdp,4,50,7.55594409495572,3.609761444121624
abm_balanced_h12_common_cells,naive_historical_mean,nominal_gdp,8,50,7.550285090829301,3.5854903359079247
abm_balanced_h12_common_cells,naive_historical_mean,nominal_gdp,12,50,7.556283118822995,3.6412053908690405
abm_balanced_h12_common_cells,naive_historical_mean,unemployment_rate,1,50,2.167065243189665,1.8463100966298855
abm_balanced_h12_common_cells,naive_historical_mean,unemployment_rate,2,50,2.1595622010056594,1.8495073727052067
abm_balanced_h12_common_cells,naive_historical_mean,unemployment_rate,4,50,2.1441081031722327,1.8548466088992448
abm_balanced_h12_common_cells,naive_historical_mean,unemployment_rate,8,50,2.1163897268509544,1.8426412220060269
abm_balanced_h12_common_cells,naive_historical_mean,unemployment_rate,12,50,2.120926238088534,1.850442225941519
abm_balanced_h12_common_cells,naive_historical_mean,effective_federal_funds_rate,1,50,1.608205105573733,1.450427435099013
abm_balanced_h12_common_cells,naive_historical_mean,effective_federal_funds_rate,2,50,1.653239255292543,1.484706740336805
abm_balanced_h12_common_cells,naive_historical_mean,effective_federal_funds_rate,4,50,1.7813769024602621,1.572771518723023
abm_balanced_h12_common_cells,naive_historical_mean,effective_federal_funds_rate,8,50,2.01574382363016,1.7402739114067203
abm_balanced_h12_common_cells,naive_historical_mean,effective_federal_funds_rate,12,50,2.098930903163602,1.8216411398679702
abm_balanced_h12_common_cells,univariate_ar_p1_constant,real_gdp,1,50,9.960814402072339,3.6993517725686456
abm_balanced_h12_common_cells,univariate_ar_p1_constant,real_gdp,2,50,8.038901656718895,3.3635801059921935
abm_balanced_h12_common_cells,univariate_ar_p1_constant,real_gdp,4,50,7.711854787220712,3.2909183359438394
abm_balanced_h12_common_cells,univariate_ar_p1_constant,real_gdp,8,50,6.95666372332705,3.0693492754839995
abm_balanced_h12_common_cells,univariate_ar_p1_constant,real_gdp,12,50,6.865110779820829,3.069025939172327
abm_balanced_h12_common_cells,univariate_ar_p1_constant,gdp_deflator,1,50,1.4938184164312756,1.1117372332908104
abm_balanced_h12_common_cells,univariate_ar_p1_constant,gdp_deflator,2,50,1.776206022246726,1.1887763953924437
abm_balanced_h12_common_cells,univariate_ar_p1_constant,gdp_deflator,4,50,2.062207728438347,1.3247679245723885
abm_balanced_h12_common_cells,univariate_ar_p1_constant,gdp_deflator,8,50,2.0967978300755217,1.3512855439946423
abm_balanced_h12_common_cells,univariate_ar_p1_constant,gdp_deflator,12,50,2.10136444711278,1.379642755349462
abm_balanced_h12_common_cells,univariate_ar_p1_constant,nominal_gdp,1,50,11.119067560580365,4.558414683126079
abm_balanced_h12_common_cells,univariate_ar_p1_constant,nominal_gdp,2,50,9.185039274970668,4.27092139592647
abm_balanced_h12_common_cells,univariate_ar_p1_constant,nominal_gdp,4,50,9.12889738952555,4.18005375558634
abm_balanced_h12_common_cells,univariate_ar_p1_constant,nominal_gdp,8,50,8.423036705471175,4.017612323425826
abm_balanced_h12_common_cells,univariate_ar_p1_constant,nominal_gdp,12,50,7.93245602336929,3.9526654810563557
abm_balanced_h12_common_cells,univariate_ar_p1_constant,unemployment_rate,1,50,1.45614265388279,0.5604542886176445
abm_balanced_h12_common_cells,univariate_ar_p1_constant,unemployment_rate,2,50,1.8057189927570085,0.9428013027520588
abm_balanced_h12_common_cells,univariate_ar_p1_constant,unemployment_rate,4,50,2.1167696583717404,1.4898043734696338
abm_balanced_h12_common_cells,univariate_ar_p1_constant,unemployment_rate,8,50,2.5894323866415676,2.166748518764526
abm_balanced_h12_common_cells,univariate_ar_p1_constant,unemployment_rate,12,50,2.9408328439303117,2.500153734626356
abm_balanced_h12_common_cells,univariate_ar_p1_constant,effective_federal_funds_rate,1,50,0.38212683324267743,0.18239111484824838
abm_balanced_h12_common_cells,univariate_ar_p1_constant,effective_federal_funds_rate,2,50,0.724145865531279,0.3681353569326675
abm_balanced_h12_common_cells,univariate_ar_p1_constant,effective_federal_funds_rate,4,50,1.2939780126157265,0.7333334631401901
abm_balanced_h12_common_cells,univariate_ar_p1_constant,effective_federal_funds_rate,8,50,2.0161800865845407,1.3275350879163945
abm_balanced_h12_common_cells,univariate_ar_p1_constant,effective_federal_funds_rate,12,50,2.278897188904244,1.604173486908887
abm_balanced_h12_common_cells,univariate_ar_p4_constant,real_gdp,1,50,10.78953229818738,4.215927952803541
abm_balanced_h12_common_cells,univariate_ar_p4_constant,real_gdp,2,50,8.231406884122551,3.4629116797939927
abm_balanced_h12_common_cells,univariate_ar_p4_constant,real_gdp,4,50,6.7151297352147274,2.8888740067700507
abm_balanced_h12_common_cells,univariate_ar_p4_constant,real_gdp,8,50,6.983053640328565,3.063297506291777
abm_balanced_h12_common_cells,univariate_ar_p4_constant,real_gdp,12,50,6.912774752212147,3.0948652110683974
abm_balanced_h12_common_cells,univariate_ar_p4_constant,gdp_deflator,1,50,1.5359205897592174,1.178342404367287
abm_balanced_h12_common_cells,univariate_ar_p4_constant,gdp_deflator,2,50,1.7459582426908906,1.236627068026476
abm_balanced_h12_common_cells,univariate_ar_p4_constant,gdp_deflator,4,50,2.21947813727915,1.4523865310628623
abm_balanced_h12_common_cells,univariate_ar_p4_constant,gdp_deflator,8,50,2.361798787754323,1.5655921846217797
abm_balanced_h12_common_cells,univariate_ar_p4_constant,gdp_deflator,12,50,2.3173729950334097,1.485963944969872
abm_balanced_h12_common_cells,univariate_ar_p4_constant,nominal_gdp,1,50,12.75161681394554,5.541692518313522
abm_balanced_h12_common_cells,univariate_ar_p4_constant,nominal_gdp,2,50,9.440683792837627,4.234227264443328
abm_balanced_h12_common_cells,univariate_ar_p4_constant,nominal_gdp,4,50,8.418141660045762,4.008934180747691
abm_balanced_h12_common_cells,univariate_ar_p4_constant,nominal_gdp,8,50,7.560176326436866,3.57507230287781
abm_balanced_h12_common_cells,univariate_ar_p4_constant,nominal_gdp,12,50,7.54843472177939,3.638053186112753
abm_balanced_h12_common_cells,univariate_ar_p4_constant,unemployment_rate,1,50,3.318887397779166,1.1483371574973
abm_balanced_h12_common_cells,univariate_ar_p4_constant,unemployment_rate,2,50,4.102995695526498,1.3880767499965143
abm_balanced_h12_common_cells,univariate_ar_p4_constant,unemployment_rate,4,50,6.180595467141049,2.319985218417619
abm_balanced_h12_common_cells,univariate_ar_p4_constant,unemployment_rate,8,50,2.910181624975536,1.9500541327600553
abm_balanced_h12_common_cells,univariate_ar_p4_constant,unemployment_rate,12,50,6.545687230778066,2.9246715196892707
abm_balanced_h12_common_cells,univariate_ar_p4_constant,effective_federal_funds_rate,1,50,0.2931720790111328,0.19674187090497444
abm_balanced_h12_common_cells,univariate_ar_p4_constant,effective_federal_funds_rate,2,50,0.5944982759394137,0.4186119734102269
abm_balanced_h12_common_cells,univariate_ar_p4_constant,effective_federal_funds_rate,4,50,1.1990889611048798,0.8782276699260534
abm_balanced_h12_common_cells,univariate_ar_p4_constant,effective_federal_funds_rate,8,50,2.053702777315538,1.7093539118356533
abm_balanced_h12_common_cells,univariate_ar_p4_constant,effective_federal_funds_rate,12,50,2.41479468447564,2.084102698565539
abm_balanced_h12_common_cells,univariate_ar_bic_p1-2-3-4-5-6-7-8_constant,real_gdp,1,50,9.960814402072339,3.6993517725686456
abm_balanced_h12_common_cells,univariate_ar_bic_p1-2-3-4-5-6-7-8_constant,real_gdp,2,50,8.038901656718895,3.3635801059921935
abm_balanced_h12_common_cells,univariate_ar_bic_p1-2-3-4-5-6-7-8_constant,real_gdp,4,50,7.711854787220712,3.2909183359438394
abm_balanced_h12_common_cells,univariate_ar_bic_p1-2-3-4-5-6-7-8_constant,real_gdp,8,50,6.95666372332705,3.0693492754839995
abm_balanced_h12_common_cells,univariate_ar_bic_p1-2-3-4-5-6-7-8_constant,real_gdp,12,50,6.865110779820829,3.069025939172327
abm_balanced_h12_common_cells,univariate_ar_bic_p1-2-3-4-5-6-7-8_constant,gdp_deflator,1,50,1.4961981883549136,1.1255925981928823
abm_balanced_h12_common_cells,univariate_ar_bic_p1-2-3-4-5-6-7-8_constant,gdp_deflator,2,50,1.7431889338074995,1.2043394524021955
abm_balanced_h12_common_cells,univariate_ar_bic_p1-2-3-4-5-6-7-8_constant,gdp_deflator,4,50,2.191049137557767,1.4092656442933287
abm_balanced_h12_common_cells,univariate_ar_bic_p1-2-3-4-5-6-7-8_constant,gdp_deflator,8,50,2.2609586872911396,1.5015189026697087
abm_balanced_h12_common_cells,univariate_ar_bic_p1-2-3-4-5-6-7-8_constant,gdp_deflator,12,50,2.2288422933142864,1.465265298139257
abm_balanced_h12_common_cells,univariate_ar_bic_p1-2-3-4-5-6-7-8_constant,nominal_gdp,1,50,11.119067560580365,4.558414683126079
abm_balanced_h12_common_cells,univariate_ar_bic_p1-2-3-4-5-6-7-8_constant,nominal_gdp,2,50,9.185039274970668,4.27092139592647
abm_balanced_h12_common_cells,univariate_ar_bic_p1-2-3-4-5-6-7-8_constant,nominal_gdp,4,50,9.12889738952555,4.18005375558634
abm_balanced_h12_common_cells,univariate_ar_bic_p1-2-3-4-5-6-7-8_constant,nominal_gdp,8,50,8.423036705471175,4.017612323425826
abm_balanced_h12_common_cells,univariate_ar_bic_p1-2-3-4-5-6-7-8_constant,nominal_gdp,12,50,7.93245602336929,3.9526654810563557
abm_balanced_h12_common_cells,univariate_ar_bic_p1-2-3-4-5-6-7-8_constant,unemployment_rate,1,50,2.8987623551342145,0.9168456069048164
abm_balanced_h12_common_cells,univariate_ar_bic_p1-2-3-4-5-6-7-8_constant,unemployment_rate,2,50,3.7268020794402443,1.2158507459933383
abm_balanced_h12_common_cells,univariate_ar_bic_p1-2-3-4-5-6-7-8_constant,unemployment_rate,4,50,5.205511238949351,1.826210109774388
abm_balanced_h12_common_cells,univariate_ar_bic_p1-2-3-4-5-6-7-8_constant,unemployment_rate,8,50,3.6401115228493275,2.1795205045401724
abm_balanced_h12_common_cells,univariate_ar_bic_p1-2-3-4-5-6-7-8_constant,unemployment_rate,12,50,8.220870563658599,3.394166260524412
abm_balanced_h12_common_cells,univariate_ar_bic_p1-2-3-4-5-6-7-8_constant,effective_federal_funds_rate,1,50,0.280900759329769,0.18550291960052406
abm_balanced_h12_common_cells,univariate_ar_bic_p1-2-3-4-5-6-7-8_constant,effective_federal_funds_rate,2,50,0.5719961732330153,0.3992939227280776
abm_balanced_h12_common_cells,univariate_ar_bic_p1-2-3-4-5-6-7-8_constant,effective_federal_funds_rate,4,50,1.1691578478679288,0.856771982348444
abm_balanced_h12_common_cells,univariate_ar_bic_p1-2-3-4-5-6-7-8_constant,effective_federal_funds_rate,8,50,1.9727652127833413,1.6249331468430135
abm_balanced_h12_common_cells,univariate_ar_bic_p1-2-3-4-5-6-7-8_constant,effective_federal_funds_rate,12,50,2.2859058320747043,1.9444602834284053
abm_balanced_h12_common_cells,beforeit_var_p1_constant,real_gdp,1,50,10.002065136623594,4.1147959088376105
abm_balanced_h12_common_cells,beforeit_var_p1_constant,real_gdp,2,50,8.019910864265047,3.8651977642821373
abm_balanced_h12_common_cells,beforeit_var_p1_constant,real_gdp,4,50,6.806574557725281,3.1494714619980595
abm_balanced_h12_common_cells,beforeit_var_p1_constant,real_gdp,8,50,8.1456409955152,3.5681575322359347
abm_balanced_h12_common_cells,beforeit_var_p1_constant,real_gdp,12,50,6.730027949591218,2.9337010920605646
abm_balanced_h12_common_cells,beforeit_var_p1_constant,gdp_deflator,1,50,1.8901786669556033,1.1837448657336622
abm_balanced_h12_common_cells,beforeit_var_p1_constant,gdp_deflator,2,50,2.2862398943534914,1.5176217248828672
abm_balanced_h12_common_cells,beforeit_var_p1_constant,gdp_deflator,4,50,2.5028676202924682,1.6648764630592165
abm_balanced_h12_common_cells,beforeit_var_p1_constant,gdp_deflator,8,50,2.1548094625068646,1.564349804577936
abm_balanced_h12_common_cells,beforeit_var_p1_constant,gdp_deflator,12,50,2.3654829804374904,1.6420864598078146
abm_balanced_h12_common_cells,beforeit_var_p1_constant,nominal_gdp,1,50,11.474445060389346,4.617106739346714
abm_balanced_h12_common_cells,beforeit_var_p1_constant,nominal_gdp,2,50,9.528102330134452,4.750707056119816
abm_balanced_h12_common_cells,beforeit_var_p1_constant,nominal_gdp,4,50,7.9153994904591345,4.117341641099934
abm_balanced_h12_common_cells,beforeit_var_p1_constant,nominal_gdp,8,50,9.054721270157822,4.580738676638744
abm_balanced_h12_common_cells,beforeit_var_p1_constant,nominal_gdp,12,50,7.7455130305736954,3.947203844746907
abm_balanced_h12_common_cells,beforeit_var_p1_constant,unemployment_rate,1,50,2.3185031591115086,0.6698426326327346
abm_balanced_h12_common_cells,beforeit_var_p1_constant,unemployment_rate,2,50,3.6226758885860666,1.091975738952421
abm_balanced_h12_common_cells,beforeit_var_p1_constant,unemployment_rate,4,50,4.48689006347955,1.614958928187096
abm_balanced_h12_common_cells,beforeit_var_p1_constant,unemployment_rate,8,50,2.3277314177351487,1.5782877351685582
abm_balanced_h12_common_cells,beforeit_var_p1_constant,unemployment_rate,12,50,3.8982134670486452,2.0737860695751578
abm_balanced_h12_common_cells,beforeit_var_p1_constant,effective_federal_funds_rate,1,50,0.7133431529399417,0.39781075665462223
abm_balanced_h12_common_cells,beforeit_var_p1_constant,effective_federal_funds_rate,2,50,1.3379732020433386,0.7220309252520465
abm_balanced_h12_common_cells,beforeit_var_p1_constant,effective_federal_funds_rate,4,50,2.20712767373057,1.2662236336273032
abm_balanced_h12_common_cells,beforeit_var_p1_constant,effective_federal_funds_rate,8,50,2.4638476906110953,1.828635105618604
abm_balanced_h12_common_cells,beforeit_var_p1_constant,effective_federal_funds_rate,12,50,2.688415687382162,2.0948450203549536
abm_balanced_h12_common_cells,beforeit_var_p2_constant,real_gdp,1,50,10.484454393179814,4.766495986350777
abm_balanced_h12_common_cells,beforeit_var_p2_constant,real_gdp,2,50,10.40744878627631,4.790849207650378
abm_balanced_h12_common_cells,beforeit_var_p2_constant,real_gdp,4,50,13.036298843665174,4.732078631106811
abm_balanced_h12_common_cells,beforeit_var_p2_constant,real_gdp,8,50,27.720287766679178,7.273116058243446
abm_balanced_h12_common_cells,beforeit_var_p2_constant,real_gdp,12,50,66.75191609607441,13.400934041514104
abm_balanced_h12_common_cells,beforeit_var_p2_constant,gdp_deflator,1,50,1.6882070616568734,1.1678500378323122
abm_balanced_h12_common_cells,beforeit_var_p2_constant,gdp_deflator,2,50,2.567238126884084,1.5431511916399614
abm_balanced_h12_common_cells,beforeit_var_p2_constant,gdp_deflator,4,50,3.327889200329766,1.9448263403302912
abm_balanced_h12_common_cells,beforeit_var_p2_constant,gdp_deflator,8,50,5.740602202319778,2.6480496586872424
abm_balanced_h12_common_cells,beforeit_var_p2_constant,gdp_deflator,12,50,11.97461078484844,3.886064244533435
abm_balanced_h12_common_cells,beforeit_var_p2_constant,nominal_gdp,1,50,11.440327571797997,5.389506405670584
abm_balanced_h12_common_cells,beforeit_var_p2_constant,nominal_gdp,2,50,11.776480737995685,5.629349889260233
abm_balanced_h12_common_cells,beforeit_var_p2_constant,nominal_gdp,4,50,14.540977395954426,6.024538971385272
abm_balanced_h12_common_cells,beforeit_var_p2_constant,nominal_gdp,8,50,31.727834009891485,9.44838220591588
abm_balanced_h12_common_cells,beforeit_var_p2_constant,nominal_gdp,12,50,76.60985905261835,16.57298757684322
abm_balanced_h12_common_cells,beforeit_var_p2_constant,unemployment_rate,1,50,2.257313316038524,0.776665728050701
abm_balanced_h12_common_cells,beforeit_var_p2_constant,unemployment_rate,2,50,2.850063724994444,1.0288542018027211
abm_balanced_h12_common_cells,beforeit_var_p2_constant,unemployment_rate,4,50,3.0921197912012754,1.4949156475817182
abm_balanced_h12_common_cells,beforeit_var_p2_constant,unemployment_rate,8,50,3.543413691283413,2.0201671187714085
abm_balanced_h12_common_cells,beforeit_var_p2_constant,unemployment_rate,12,50,7.6584258019045395,3.0192931834701295
abm_balanced_h12_common_cells,beforeit_var_p2_constant,effective_federal_funds_rate,1,50,0.3651572923699817,0.284543134733874
abm_balanced_h12_common_cells,beforeit_var_p2_constant,effective_federal_funds_rate,2,50,0.773038247645322,0.5596336707934971
abm_balanced_h12_common_cells,beforeit_var_p2_constant,effective_federal_funds_rate,4,50,1.3408796379898844,0.9481787098541958
abm_balanced_h12_common_cells,beforeit_var_p2_constant,effective_federal_funds_rate,8,50,2.1110579276781563,1.5424456804932447
abm_balanced_h12_common_cells,beforeit_var_p2_constant,effective_federal_funds_rate,12,50,2.826640894484204,2.0182442466347674
abm_balanced_h12_common_cells,beforeit_var_p3_constant,real_gdp,1,50,9.328296669983525,4.93430581893633
abm_balanced_h12_common_cells,beforeit_var_p3_constant,real_gdp,2,50,11.415611482941042,6.0012556814685025
abm_balanced_h12_common_cells,beforeit_var_p3_constant,real_gdp,4,50,14.422693100992003,5.990666377477737
abm_balanced_h12_common_cells,beforeit_var_p3_constant,real_gdp,8,50,28.179307001965867,9.0535523565401
abm_balanced_h12_common_cells,beforeit_var_p3_constant,real_gdp,12,50,278.12664143325566,45.71023818162209
abm_balanced_h12_common_cells,beforeit_var_p3_constant,gdp_deflator,1,50,2.072116466276029,1.3706290283794822
abm_balanced_h12_common_cells,beforeit_var_p3_constant,gdp_deflator,2,50,4.224157177481071,2.131251781958765
abm_balanced_h12_common_cells,beforeit_var_p3_constant,gdp_deflator,4,50,4.9088244716047535,2.58573137519541
abm_balanced_h12_common_cells,beforeit_var_p3_constant,gdp_deflator,8,50,20.027483466910706,5.85409236037475
abm_balanced_h12_common_cells,beforeit_var_p3_constant,gdp_deflator,12,50,55.59187896452723,12.034442144502725
abm_balanced_h12_common_cells,beforeit_var_p3_constant,nominal_gdp,1,50,9.801311391224317,5.402525647614409
abm_balanced_h12_common_cells,beforeit_var_p3_constant,nominal_gdp,2,50,14.81216905569827,7.564070461209069
abm_balanced_h12_common_cells,beforeit_var_p3_constant,nominal_gdp,4,50,17.482187268317578,7.778470903936075
abm_balanced_h12_common_cells,beforeit_var_p3_constant,nominal_gdp,8,50,47.70014483915874,14.401971844851719
abm_balanced_h12_common_cells,beforeit_var_p3_constant,nominal_gdp,12,50,331.30680602976605,53.02940850376831
abm_balanced_h12_common_cells,beforeit_var_p3_constant,unemployment_rate,1,50,1.8542632227318863,0.6744744259355674
abm_balanced_h12_common_cells,beforeit_var_p3_constant,unemployment_rate,2,50,3.6606908325129606,1.4015445943589107
abm_balanced_h12_common_cells,beforeit_var_p3_constant,unemployment_rate,4,50,3.239343281558728,1.8888785317559076
abm_balanced_h12_common_cells,beforeit_var_p3_constant,unemployment_rate,8,50,18.682651554658058,5.527357467091928
abm_balanced_h12_common_cells,beforeit_var_p3_constant,unemployment_rate,12,50,68.56526663667157,15.527040432950033
abm_balanced_h12_common_cells,beforeit_var_p3_constant,effective_federal_funds_rate,1,50,0.45793199482803165,0.3264543614388877
abm_balanced_h12_common_cells,beforeit_var_p3_constant,effective_federal_funds_rate,2,50,0.8946740911943868,0.6002728008787598
abm_balanced_h12_common_cells,beforeit_var_p3_constant,effective_federal_funds_rate,4,50,1.7043920946033322,1.2113394352046982
abm_balanced_h12_common_cells,beforeit_var_p3_constant,effective_federal_funds_rate,8,50,3.571616684505598,2.4387763130995395
abm_balanced_h12_common_cells,beforeit_var_p3_constant,effective_federal_funds_rate,12,50,4.877518164959629,3.0730825405738034
abm_balanced_h12_common_cells,bvar_mniw_v1_p1_constant_tight3fc999999999999a_decay3ff0000000000000_own0000000000000000_ivar4059000000000000_iwoff2_iscale3ff0000000000000_floor3e45798ee2308c3a_diffmse_scale,real_gdp,1,50,8.697014045629317,3.5614607295441
abm_balanced_h12_common_cells,bvar_mniw_v1_p1_constant_tight3fc999999999999a_decay3ff0000000000000_own0000000000000000_ivar4059000000000000_iwoff2_iscale3ff0000000000000_floor3e45798ee2308c3a_diffmse_scale,real_gdp,2,50,7.00161975317965,3.1802511990844557
abm_balanced_h12_common_cells,bvar_mniw_v1_p1_constant_tight3fc999999999999a_decay3ff0000000000000_own0000000000000000_ivar4059000000000000_iwoff2_iscale3ff0000000000000_floor3e45798ee2308c3a_diffmse_scale,real_gdp,4,50,6.636847963916363,2.8674887252794052
abm_balanced_h12_common_cells,bvar_mniw_v1_p1_constant_tight3fc999999999999a_decay3ff0000000000000_own0000000000000000_ivar4059000000000000_iwoff2_iscale3ff0000000000000_floor3e45798ee2308c3a_diffmse_scale,real_gdp,8,50,6.688924642945317,2.9034458089843316
abm_balanced_h12_common_cells,bvar_mniw_v1_p1_constant_tight3fc999999999999a_decay3ff0000000000000_own0000000000000000_ivar4059000000000000_iwoff2_iscale3ff0000000000000_floor3e45798ee2308c3a_diffmse_scale,real_gdp,12,50,6.647200801353926,2.77910671402347
abm_balanced_h12_common_cells,bvar_mniw_v1_p1_constant_tight3fc999999999999a_decay3ff0000000000000_own0000000000000000_ivar4059000000000000_iwoff2_iscale3ff0000000000000_floor3e45798ee2308c3a_diffmse_scale,gdp_deflator,1,50,1.7956816781289506,1.2139815980902802
abm_balanced_h12_common_cells,bvar_mniw_v1_p1_constant_tight3fc999999999999a_decay3ff0000000000000_own0000000000000000_ivar4059000000000000_iwoff2_iscale3ff0000000000000_floor3e45798ee2308c3a_diffmse_scale,gdp_deflator,2,50,2.0395408620112856,1.369126036490878
abm_balanced_h12_common_cells,bvar_mniw_v1_p1_constant_tight3fc999999999999a_decay3ff0000000000000_own0000000000000000_ivar4059000000000000_iwoff2_iscale3ff0000000000000_floor3e45798ee2308c3a_diffmse_scale,gdp_deflator,4,50,2.181464584430928,1.4016765648198493
abm_balanced_h12_common_cells,bvar_mniw_v1_p1_constant_tight3fc999999999999a_decay3ff0000000000000_own0000000000000000_ivar4059000000000000_iwoff2_iscale3ff0000000000000_floor3e45798ee2308c3a_diffmse_scale,gdp_deflator,8,50,2.135845051828864,1.3994453028447122
abm_balanced_h12_common_cells,bvar_mniw_v1_p1_constant_tight3fc999999999999a_decay3ff0000000000000_own0000000000000000_ivar4059000000000000_iwoff2_iscale3ff0000000000000_floor3e45798ee2308c3a_diffmse_scale,gdp_deflator,12,50,2.150312237765924,1.4179676308770082
abm_balanced_h12_common_cells,bvar_mniw_v1_p1_constant_tight3fc999999999999a_decay3ff0000000000000_own0000000000000000_ivar4059000000000000_iwoff2_iscale3ff0000000000000_floor3e45798ee2308c3a_diffmse_scale,nominal_gdp,1,50,9.970016063751165,4.1066793685889245
abm_balanced_h12_common_cells,bvar_mniw_v1_p1_constant_tight3fc999999999999a_decay3ff0000000000000_own0000000000000000_ivar4059000000000000_iwoff2_iscale3ff0000000000000_floor3e45798ee2308c3a_diffmse_scale,nominal_gdp,2,50,8.064537963803991,3.9594029197226144
abm_balanced_h12_common_cells,bvar_mniw_v1_p1_constant_tight3fc999999999999a_decay3ff0000000000000_own0000000000000000_ivar4059000000000000_iwoff2_iscale3ff0000000000000_floor3e45798ee2308c3a_diffmse_scale,nominal_gdp,4,50,7.546270012028996,3.7003223257347657
abm_balanced_h12_common_cells,bvar_mniw_v1_p1_constant_tight3fc999999999999a_decay3ff0000000000000_own0000000000000000_ivar4059000000000000_iwoff2_iscale3ff0000000000000_floor3e45798ee2308c3a_diffmse_scale,nominal_gdp,8,50,7.559892806562743,3.667809149916786
abm_balanced_h12_common_cells,bvar_mniw_v1_p1_constant_tight3fc999999999999a_decay3ff0000000000000_own0000000000000000_ivar4059000000000000_iwoff2_iscale3ff0000000000000_floor3e45798ee2308c3a_diffmse_scale,nominal_gdp,12,50,7.573625493837048,3.658408586759395
abm_balanced_h12_common_cells,bvar_mniw_v1_p1_constant_tight3fc999999999999a_decay3ff0000000000000_own0000000000000000_ivar4059000000000000_iwoff2_iscale3ff0000000000000_floor3e45798ee2308c3a_diffmse_scale,unemployment_rate,1,50,1.849276131041373,0.6046263804189478
abm_balanced_h12_common_cells,bvar_mniw_v1_p1_constant_tight3fc999999999999a_decay3ff0000000000000_own0000000000000000_ivar4059000000000000_iwoff2_iscale3ff0000000000000_floor3e45798ee2308c3a_diffmse_scale,unemployment_rate,2,50,2.3975310617255743,0.9664797397759655
abm_balanced_h12_common_cells,bvar_mniw_v1_p1_constant_tight3fc999999999999a_decay3ff0000000000000_own0000000000000000_ivar4059000000000000_iwoff2_iscale3ff0000000000000_floor3e45798ee2308c3a_diffmse_scale,unemployment_rate,4,50,2.398176422910315,1.3815897271188446
abm_balanced_h12_common_cells,bvar_mniw_v1_p1_constant_tight3fc999999999999a_decay3ff0000000000000_own0000000000000000_ivar4059000000000000_iwoff2_iscale3ff0000000000000_floor3e45798ee2308c3a_diffmse_scale,unemployment_rate,8,50,2.196632684783502,1.7143647932020942
abm_balanced_h12_common_cells,bvar_mniw_v1_p1_constant_tight3fc999999999999a_decay3ff0000000000000_own0000000000000000_ivar4059000000000000_iwoff2_iscale3ff0000000000000_floor3e45798ee2308c3a_diffmse_scale,unemployment_rate,12,50,2.2056328046103735,1.9019902115470695
abm_balanced_h12_common_cells,bvar_mniw_v1_p1_constant_tight3fc999999999999a_decay3ff0000000000000_own0000000000000000_ivar4059000000000000_iwoff2_iscale3ff0000000000000_floor3e45798ee2308c3a_diffmse_scale,effective_federal_funds_rate,1,50,0.5024807348132364,0.31959957571676895
abm_balanced_h12_common_cells,bvar_mniw_v1_p1_constant_tight3fc999999999999a_decay3ff0000000000000_own0000000000000000_ivar4059000000000000_iwoff2_iscale3ff0000000000000_floor3e45798ee2308c3a_diffmse_scale,effective_federal_funds_rate,2,50,0.894453704195131,0.5817080443513999
abm_balanced_h12_common_cells,bvar_mniw_v1_p1_constant_tight3fc999999999999a_decay3ff0000000000000_own0000000000000000_ivar4059000000000000_iwoff2_iscale3ff0000000000000_floor3e45798ee2308c3a_diffmse_scale,effective_federal_funds_rate,4,50,1.4105363081084366,1.004262797046639
abm_balanced_h12_common_cells,bvar_mniw_v1_p1_constant_tight3fc999999999999a_decay3ff0000000000000_own0000000000000000_ivar4059000000000000_iwoff2_iscale3ff0000000000000_floor3e45798ee2308c3a_diffmse_scale,effective_federal_funds_rate,8,50,2.009963030687236,1.6126089481363415
abm_balanced_h12_common_cells,bvar_mniw_v1_p1_constant_tight3fc999999999999a_decay3ff0000000000000_own0000000000000000_ivar4059000000000000_iwoff2_iscale3ff0000000000000_floor3e45798ee2308c3a_diffmse_scale,effective_federal_funds_rate,12,50,2.2677038299345513,1.7983495294890093
abm_balanced_h12_common_cells,beforeit_abm_us_v3_mean,real_gdp,1,50,6.704449705654695,2.751147960248089
abm_balanced_h12_common_cells,beforeit_abm_us_v3_mean,real_gdp,2,50,6.6378938319792535,2.7713636573708165
abm_balanced_h12_common_cells,beforeit_abm_us_v3_mean,real_gdp,4,50,6.632047560133984,2.7549380358686215
abm_balanced_h12_common_cells,beforeit_abm_us_v3_mean,real_gdp,8,50,6.648320659495927,2.712633478321252
abm_balanced_h12_common_cells,beforeit_abm_us_v3_mean,real_gdp,12,50,6.646663382743149,2.7405295423726117
abm_balanced_h12_common_cells,beforeit_abm_us_v3_mean,gdp_deflator,1,50,1.4970095236642897,1.1096291562875102
abm_balanced_h12_common_cells,beforeit_abm_us_v3_mean,gdp_deflator,2,50,1.7759926063759859,1.200982095211926
abm_balanced_h12_common_cells,beforeit_abm_us_v3_mean,gdp_deflator,4,50,2.066004515230766,1.3324474338809642
abm_balanced_h12_common_cells,beforeit_abm_us_v3_mean,gdp_deflator,8,50,2.095101438598858,1.3404172739317022
abm_balanced_h12_common_cells,beforeit_abm_us_v3_mean,gdp_deflator,12,50,2.102326858373273,1.3711862963335233
abm_balanced_h12_common_cells,beforeit_abm_us_v3_mean,nominal_gdp,1,50,7.546161161127278,3.3204229614546756
abm_balanced_h12_common_cells,beforeit_abm_us_v3_mean,nominal_gdp,2,50,7.410005647280239,3.3864217072579605
abm_balanced_h12_common_cells,beforeit_abm_us_v3_mean,nominal_gdp,4,50,7.5235218790137015,3.5501029301554388
abm_balanced_h12_common_cells,beforeit_abm_us_v3_mean,nominal_gdp,8,50,7.546066746792019,3.5711185663637264
abm_balanced_h12_common_cells,beforeit_abm_us_v3_mean,nominal_gdp,12,50,7.514023657489265,3.6008531655350655
abm_balanced_h12_common_cells,beforeit_abm_us_v3_mean,unemployment_rate,1,50,2.911925144607437,2.0952338308457668
abm_balanced_h12_common_cells,beforeit_abm_us_v3_mean,unemployment_rate,2,50,2.8144613297047796,2.0043191733639305
abm_balanced_h12_common_cells,beforeit_abm_us_v3_mean,unemployment_rate,4,50,2.6214560152984996,1.8263467278989671
abm_balanced_h12_common_cells,beforeit_abm_us_v3_mean,unemployment_rate,8,50,2.4544383773166096,1.7107194795254634
abm_balanced_h12_common_cells,beforeit_abm_us_v3_mean,unemployment_rate,12,50,2.577738555853921,1.9024186758514652
abm_balanced_h12_common_cells,beforeit_abm_us_v3_mean,effective_federal_funds_rate,1,50,0.36922595581661183,0.20378918325893142
abm_balanced_h12_common_cells,beforeit_abm_us_v3_mean,effective_federal_funds_rate,2,50,0.6999794360050753,0.4094821396831425
abm_balanced_h12_common_cells,beforeit_abm_us_v3_mean,effective_federal_funds_rate,4,50,1.2595189676708836,0.7930366742434717
abm_balanced_h12_common_cells,beforeit_abm_us_v3_mean,effective_federal_funds_rate,8,50,1.956699241472985,1.3870565113197966
abm_balanced_h12_common_cells,beforeit_abm_us_v3_mean,effective_federal_funds_rate,12,50,2.1685193487796806,1.627672436863157
abm_balanced_h12_common_cells,beforeit_abm_us_v3_median,real_gdp,1,50,6.67771701971907,2.749809816347071
abm_balanced_h12_common_cells,beforeit_abm_us_v3_median,real_gdp,2,50,6.62920291489547,2.7549219343605817
abm_balanced_h12_common_cells,beforeit_abm_us_v3_median,real_gdp,4,50,6.611995017785316,2.732507946569966
abm_balanced_h12_common_cells,beforeit_abm_us_v3_median,real_gdp,8,50,6.63843040957313,2.7210334804713034
abm_balanced_h12_common_cells,beforeit_abm_us_v3_median,real_gdp,12,50,6.656126806084957,2.735433778834157
abm_balanced_h12_common_cells,beforeit_abm_us_v3_median,gdp_deflator,1,50,1.4974012396377485,1.106881359686515
abm_balanced_h12_common_cells,beforeit_abm_us_v3_median,gdp_deflator,2,50,1.7735911453805298,1.2040606233764968
abm_balanced_h12_common_cells,beforeit_abm_us_v3_median,gdp_deflator,4,50,2.0676338288093916,1.3376320575266496
abm_balanced_h12_common_cells,beforeit_abm_us_v3_median,gdp_deflator,8,50,2.090599955550144,1.335431970238646
abm_balanced_h12_common_cells,beforeit_abm_us_v3_median,gdp_deflator,12,50,2.1044391509819573,1.3722071971477419
abm_balanced_h12_common_cells,beforeit_abm_us_v3_median,nominal_gdp,1,50,7.538054754674365,3.2932183848050274
abm_balanced_h12_common_cells,beforeit_abm_us_v3_median,nominal_gdp,2,50,7.40344907341962,3.3921924297047736
abm_balanced_h12_common_cells,beforeit_abm_us_v3_median,nominal_gdp,4,50,7.527704649106223,3.5605583399195173
abm_balanced_h12_common_cells,beforeit_abm_us_v3_median,nominal_gdp,8,50,7.527536688013932,3.572654128940211
abm_balanced_h12_common_cells,beforeit_abm_us_v3_median,nominal_gdp,12,50,7.528216760630308,3.605576055094824
abm_balanced_h12_common_cells,beforeit_abm_us_v3_median,unemployment_rate,1,50,2.8922866271046344,2.0791144278606897
abm_balanced_h12_common_cells,beforeit_abm_us_v3_median,unemployment_rate,2,50,2.7855103442924585,1.9798492154611491
abm_balanced_h12_common_cells,beforeit_abm_us_v3_median,unemployment_rate,4,50,2.5597363464534486,1.7769858400306295
abm_balanced_h12_common_cells,beforeit_abm_us_v3_median,unemployment_rate,8,50,2.3037307900087063,1.5500375047837869
abm_balanced_h12_common_cells,beforeit_abm_us_v3_median,unemployment_rate,12,50,2.522172074889473,1.8126972828166528
abm_balanced_h12_common_cells,beforeit_abm_us_v3_median,effective_federal_funds_rate,1,50,0.3687438949498106,0.19901823542360358
abm_balanced_h12_common_cells,beforeit_abm_us_v3_median,effective_federal_funds_rate,2,50,0.700899065095548,0.4035530359610276
abm_balanced_h12_common_cells,beforeit_abm_us_v3_median,effective_federal_funds_rate,4,50,1.2610391885026186,0.7881392992035292
abm_balanced_h12_common_cells,beforeit_abm_us_v3_median,effective_federal_funds_rate,8,50,1.9638301537085379,1.3880962234405565
abm_balanced_h12_common_cells,beforeit_abm_us_v3_median,effective_federal_funds_rate,12,50,2.1749710073541384,1.6299430395521635
abm_balanced_h12_common_cells,beforeit_abm_us_v2_mean,real_gdp,1,50,6.677932236722879,2.7462268926638695
abm_balanced_h12_common_cells,beforeit_abm_us_v2_mean,real_gdp,2,50,6.6389669773851345,2.7588798995472343
abm_balanced_h12_common_cells,beforeit_abm_us_v2_mean,real_gdp,4,50,6.673566831526595,2.759620747442422
abm_balanced_h12_common_cells,beforeit_abm_us_v2_mean,real_gdp,8,50,6.669077113132124,2.78959030641054
abm_balanced_h12_common_cells,beforeit_abm_us_v2_mean,real_gdp,12,50,6.6509785359926115,2.8235671784943155
abm_balanced_h12_common_cells,beforeit_abm_us_v2_mean,gdp_deflator,1,50,1.496512835626814,1.112059985778811
abm_balanced_h12_common_cells,beforeit_abm_us_v2_mean,gdp_deflator,2,50,1.7774097305606218,1.1995745520635879
abm_balanced_h12_common_cells,beforeit_abm_us_v2_mean,gdp_deflator,4,50,2.0715056764351645,1.3305078611459218
abm_balanced_h12_common_cells,beforeit_abm_us_v2_mean,gdp_deflator,8,50,2.109385227695326,1.3544878466213064
abm_balanced_h12_common_cells,beforeit_abm_us_v2_mean,gdp_deflator,12,50,2.1079984770141733,1.3837065660814287
abm_balanced_h12_common_cells,beforeit_abm_us_v2_mean,nominal_gdp,1,50,7.509275726299663,3.2738813461068923
abm_balanced_h12_common_cells,beforeit_abm_us_v2_mean,nominal_gdp,2,50,7.393077123270478,3.362667723999575
abm_balanced_h12_common_cells,beforeit_abm_us_v2_mean,nominal_gdp,4,50,7.558038218001566,3.5321327246833674
abm_balanced_h12_common_cells,beforeit_abm_us_v2_mean,nominal_gdp,8,50,7.5922127949655644,3.6633227556749626
abm_balanced_h12_common_cells,beforeit_abm_us_v2_mean,nominal_gdp,12,50,7.579977179507446,3.697140703945849
abm_balanced_h12_common_cells,beforeit_abm_us_v2_mean,unemployment_rate,1,50,3.2435949699601827,2.4380518437385543
abm_balanced_h12_common_cells,beforeit_abm_us_v2_mean,unemployment_rate,2,50,3.396744328402651,2.6681759766337607
abm_balanced_h12_common_cells,beforeit_abm_us_v2_mean,unemployment_rate,4,50,3.907323378493866,3.3212807594011884
abm_balanced_h12_common_cells,beforeit_abm_us_v2_mean,unemployment_rate,8,50,4.915419007560188,4.484621394669534
abm_balanced_h12_common_cells,beforeit_abm_us_v2_mean,unemployment_rate,12,50,5.050573045662021,4.730812705366862
abm_balanced_h12_common_cells,beforeit_abm_us_v2_mean,effective_federal_funds_rate,1,50,0.371505668591283,0.20431983840655982
abm_balanced_h12_common_cells,beforeit_abm_us_v2_mean,effective_federal_funds_rate,2,50,0.7032532739312577,0.4119389330987619
abm_balanced_h12_common_cells,beforeit_abm_us_v2_mean,effective_federal_funds_rate,4,50,1.2616557495663479,0.7928331891751637
abm_balanced_h12_common_cells,beforeit_abm_us_v2_mean,effective_federal_funds_rate,8,50,1.9561517322288045,1.3863595564854694
abm_balanced_h12_common_cells,beforeit_abm_us_v2_mean,effective_federal_funds_rate,12,50,2.164597508531189,1.623952748614661
abm_balanced_h12_common_cells,beforeit_abm_us_v2_median,real_gdp,1,50,6.697299154847196,2.7729424518467374
abm_balanced_h12_common_cells,beforeit_abm_us_v2_median,real_gdp,2,50,6.661788239547101,2.78321875788514
abm_balanced_h12_common_cells,beforeit_abm_us_v2_median,real_gdp,4,50,6.680314265902551,2.760617308609702
abm_balanced_h12_common_cells,beforeit_abm_us_v2_median,real_gdp,8,50,6.662809808541114,2.7785634862455897
abm_balanced_h12_common_cells,beforeit_abm_us_v2_median,real_gdp,12,50,6.6464734480357714,2.838895952318635
abm_balanced_h12_common_cells,beforeit_abm_us_v2_median,gdp_deflator,1,50,1.4960664945318427,1.1109545801571252
abm_balanced_h12_common_cells,beforeit_abm_us_v2_median,gdp_deflator,2,50,1.7801980212041564,1.1974015973002288
abm_balanced_h12_common_cells,beforeit_abm_us_v2_median,gdp_deflator,4,50,2.0667910919772092,1.3274192894312187
abm_balanced_h12_common_cells,beforeit_abm_us_v2_median,gdp_deflator,8,50,2.108755872627841,1.3609611406588176
abm_balanced_h12_common_cells,beforeit_abm_us_v2_median,gdp_deflator,12,50,2.107646919120295,1.3869457209853082
abm_balanced_h12_common_cells,beforeit_abm_us_v2_median,nominal_gdp,1,50,7.5233491060636,3.2871087479417076
abm_balanced_h12_common_cells,beforeit_abm_us_v2_median,nominal_gdp,2,50,7.422765855225159,3.387336450919379
abm_balanced_h12_common_cells,beforeit_abm_us_v2_median,nominal_gdp,4,50,7.554922297828682,3.517757335647948
abm_balanced_h12_common_cells,beforeit_abm_us_v2_median,nominal_gdp,8,50,7.580054958608763,3.651452673753695
abm_balanced_h12_common_cells,beforeit_abm_us_v2_median,nominal_gdp,12,50,7.5882104830002435,3.6980664333977438
abm_balanced_h12_common_cells,beforeit_abm_us_v2_median,unemployment_rate,1,50,3.159920781008997,2.3321949616648214
abm_balanced_h12_common_cells,beforeit_abm_us_v2_median,unemployment_rate,2,50,3.264210284600981,2.4796020445417573
abm_balanced_h12_common_cells,beforeit_abm_us_v2_median,unemployment_rate,4,50,3.8641537820964236,3.2632216137275845
abm_balanced_h12_common_cells,beforeit_abm_us_v2_median,unemployment_rate,8,50,5.301269416301457,4.897841548010169
abm_balanced_h12_common_cells,beforeit_abm_us_v2_median,unemployment_rate,12,50,5.2057596307679015,4.925999999999941
abm_balanced_h12_common_cells,beforeit_abm_us_v2_median,effective_federal_funds_rate,1,50,0.3706675135111681,0.1987380028580624
abm_balanced_h12_common_cells,beforeit_abm_us_v2_median,effective_federal_funds_rate,2,50,0.7024620705960886,0.40557013657193836
abm_balanced_h12_common_cells,beforeit_abm_us_v2_median,effective_federal_funds_rate,4,50,1.2634034379641288,0.787529799806775
abm_balanced_h12_common_cells,beforeit_abm_us_v2_median,effective_federal_funds_rate,8,50,1.9648503804033206,1.3896633927940685
abm_balanced_h12_common_cells,beforeit_abm_us_v2_median,effective_federal_funds_rate,12,50,2.1716937834060452,1.6266624044002782
abm_balanced_h12_common_cells,beforeit_abm_us_v1_mean,real_gdp,1,50,6.837340093057545,3.2972617750230016
abm_balanced_h12_common_cells,beforeit_abm_us_v1_mean,real_gdp,2,50,9.821800039070277,8.354986057634221
abm_balanced_h12_common_cells,beforeit_abm_us_v1_mean,real_gdp,4,50,7.262014288237078,4.422815481594553
abm_balanced_h12_common_cells,beforeit_abm_us_v1_mean,real_gdp,8,50,6.954007176550418,3.826512400767165
abm_balanced_h12_common_cells,beforeit_abm_us_v1_mean,real_gdp,12,50,6.963733490932907,3.7648779476578214
abm_balanced_h12_common_cells,beforeit_abm_us_v1_mean,gdp_deflator,1,50,1.4965128356268143,1.1120599857788123
abm_balanced_h12_common_cells,beforeit_abm_us_v1_mean,gdp_deflator,2,50,1.7716614114702711,1.2031388260886207
abm_balanced_h12_common_cells,beforeit_abm_us_v1_mean,gdp_deflator,4,50,2.0601825619215877,1.335284292248084
abm_balanced_h12_common_cells,beforeit_abm_us_v1_mean,gdp_deflator,8,50,2.1020479104327348,1.3444745276588097
abm_balanced_h12_common_cells,beforeit_abm_us_v1_mean,gdp_deflator,12,50,2.1093138905515145,1.3832429783594598
abm_balanced_h12_common_cells,beforeit_abm_us_v1_mean,nominal_gdp,1,50,7.685662241745266,3.688847521998795
abm_balanced_h12_common_cells,beforeit_abm_us_v1_mean,nominal_gdp,2,50,10.58001930256266,8.796732393947497
abm_balanced_h12_common_cells,beforeit_abm_us_v1_mean,nominal_gdp,4,50,8.217204076698335,4.9970807491924845
abm_balanced_h12_common_cells,beforeit_abm_us_v1_mean,nominal_gdp,8,50,7.950766478542661,4.553723816550313
abm_balanced_h12_common_cells,beforeit_abm_us_v1_mean,nominal_gdp,12,50,7.964308501012158,4.559685051432308
abm_balanced_h12_common_cells,beforeit_abm_us_v1_mean,unemployment_rate,1,50,3.1482480429209008,2.3196297918948288
abm_balanced_h12_common_cells,beforeit_abm_us_v1_mean,unemployment_rate,2,50,2.39000683574463,1.7241854691492915
abm_balanced_h12_common_cells,beforeit_abm_us_v1_mean,unemployment_rate,4,50,2.0630259371892516,1.6177604965315675
abm_balanced_h12_common_cells,beforeit_abm_us_v1_mean,unemployment_rate,8,50,1.9672201114640535,1.5540248265790166
abm_balanced_h12_common_cells,beforeit_abm_us_v1_mean,unemployment_rate,12,50,1.8143153468010478,1.356492150419868
abm_balanced_h12_common_cells,beforeit_abm_us_v1_mean,effective_federal_funds_rate,1,50,0.371505668591283,0.20431983840655982
abm_balanced_h12_common_cells,beforeit_abm_us_v1_mean,effective_federal_funds_rate,2,50,0.7031672750537624,0.4120800385936492
abm_balanced_h12_common_cells,beforeit_abm_us_v1_mean,effective_federal_funds_rate,4,50,1.260975193130686,0.7946699441509422
abm_balanced_h12_common_cells,beforeit_abm_us_v1_mean,effective_federal_funds_rate,8,50,1.9555503905917597,1.3865892441702317
abm_balanced_h12_common_cells,beforeit_abm_us_v1_mean,effective_federal_funds_rate,12,50,2.166954352397167,1.6281118797954273
abm_balanced_h12_common_cells,beforeit_abm_us_v1_median,real_gdp,1,50,6.865428478252007,3.320909099487947
abm_balanced_h12_common_cells,beforeit_abm_us_v1_median,real_gdp,2,50,9.822164818221061,8.359132952139975
abm_balanced_h12_common_cells,beforeit_abm_us_v1_median,real_gdp,4,50,7.211777551332031,4.33211271235079
abm_balanced_h12_common_cells,beforeit_abm_us_v1_median,real_gdp,8,50,6.935411567806924,3.778085966408785
abm_balanced_h12_common_cells,beforeit_abm_us_v1_median,real_gdp,12,50,6.924756951571997,3.6797529448175
abm_balanced_h12_common_cells,beforeit_abm_us_v1_median,gdp_deflator,1,50,1.4960664945318018,1.1109545801570826
abm_balanced_h12_common_cells,beforeit_abm_us_v1_median,gdp_deflator,2,50,1.7732712189819066,1.2006917900992142
abm_balanced_h12_common_cells,beforeit_abm_us_v1_median,gdp_deflator,4,50,2.0555854929319137,1.3335144088363855
abm_balanced_h12_common_cells,beforeit_abm_us_v1_median,gdp_deflator,8,50,2.0992447782801746,1.345464709557231
abm_balanced_h12_common_cells,beforeit_abm_us_v1_median,gdp_deflator,12,50,2.1170918001525405,1.3897337263089156
abm_balanced_h12_common_cells,beforeit_abm_us_v1_median,nominal_gdp,1,50,7.700115775719518,3.7003682914005096
abm_balanced_h12_common_cells,beforeit_abm_us_v1_median,nominal_gdp,2,50,10.573127869052138,8.782311906721496
abm_balanced_h12_common_cells,beforeit_abm_us_v1_median,nominal_gdp,4,50,8.143117461757457,4.896440990769082
abm_balanced_h12_common_cells,beforeit_abm_us_v1_median,nominal_gdp,8,50,7.941075209084923,4.51404792977001
abm_balanced_h12_common_cells,beforeit_abm_us_v1_median,nominal_gdp,12,50,7.920034391617315,4.494471837539482
abm_balanced_h12_common_cells,beforeit_abm_us_v1_median,unemployment_rate,1,50,3.097208483889236,2.263531945965674
abm_balanced_h12_common_cells,beforeit_abm_us_v1_median,unemployment_rate,2,50,2.374656246391743,1.706991602774702
abm_balanced_h12_common_cells,beforeit_abm_us_v1_median,unemployment_rate,4,50,2.0713851163189503,1.630292807593999
abm_balanced_h12_common_cells,beforeit_abm_us_v1_median,unemployment_rate,8,50,1.9643350087223408,1.5515516611901887
abm_balanced_h12_common_cells,beforeit_abm_us_v1_median,unemployment_rate,12,50,1.8099703488606467,1.3504746257758373
abm_balanced_h12_common_cells,beforeit_abm_us_v1_median,effective_federal_funds_rate,1,50,0.3706675135111681,0.1987380028580624
abm_balanced_h12_common_cells,beforeit_abm_us_v1_median,effective_federal_funds_rate,2,50,0.7038822087593434,0.4061416485982812
abm_balanced_h12_common_cells,beforeit_abm_us_v1_median,effective_federal_funds_rate,4,50,1.2640626680068305,0.7913242578248625
abm_balanced_h12_common_cells,beforeit_abm_us_v1_median,effective_federal_funds_rate,8,50,1.9629737096418605,1.388866673477744
abm_balanced_h12_common_cells,beforeit_abm_us_v1_median,effective_federal_funds_rate,12,50,2.1742683906528946,1.6328335348627718
abm_balanced_h12_common_cells,dsge_small_nk,real_gdp,1,50,7.574665296893417,4.711584237896513
abm_balanced_h12_common_cells,dsge_small_nk,real_gdp,2,50,7.357890742779952,4.50209315996452
abm_balanced_h12_common_cells,dsge_small_nk,real_gdp,4,50,7.341373484137919,4.465055202903509
abm_balanced_h12_common_cells,dsge_small_nk,real_gdp,8,50,7.221836852242185,4.402761670427987
abm_balanced_h12_common_cells,dsge_small_nk,real_gdp,12,50,7.239545920993121,4.478860698672453
abm_balanced_h12_common_cells,dsge_small_nk,gdp_deflator,1,50,1.4555071281247207,1.084966636590435
abm_balanced_h12_common_cells,dsge_small_nk,gdp_deflator,2,50,1.6894208724359376,1.2781570552952672
abm_balanced_h12_common_cells,dsge_small_nk,gdp_deflator,4,50,2.133382660376271,1.4504426822107004
abm_balanced_h12_common_cells,dsge_small_nk,gdp_deflator,8,50,2.400610126916614,1.5925628643504621
abm_balanced_h12_common_cells,dsge_small_nk,gdp_deflator,12,50,2.4747346647577335,1.738663169757533
abm_balanced_h12_common_cells,dsge_small_nk,nominal_gdp,1,50,8.514653705619223,5.189106975700081
abm_balanced_h12_common_cells,dsge_small_nk,nominal_gdp,2,50,8.296201237430964,5.2699679474420575
abm_balanced_h12_common_cells,dsge_small_nk,nominal_gdp,4,50,8.54082912475191,5.535307757437392
abm_balanced_h12_common_cells,dsge_small_nk,nominal_gdp,8,50,8.572410253309421,5.692543913518376
abm_balanced_h12_common_cells,dsge_small_nk,nominal_gdp,12,50,8.60698848467211,5.867327973977172
abm_balanced_h12_common_cells,dsge_small_nk,unemployment_rate,1,50,1.6269536951369494,0.8320699375195741
abm_balanced_h12_common_cells,dsge_small_nk,unemployment_rate,2,50,2.2302512574990274,1.4453402259516006
abm_balanced_h12_common_cells,dsge_small_nk,unemployment_rate,4,50,3.128755619764373,2.4390052936676243
abm_balanced_h12_common_cells,dsge_small_nk,unemployment_rate,8,50,4.728377332521959,3.889181984556072
abm_balanced_h12_common_cells,dsge_small_nk,unemployment_rate,12,50,6.045404598150607,5.028187549300397
abm_balanced_h12_common_cells,dsge_small_nk,effective_federal_funds_rate,1,50,0.5017995008634377,0.40686929192173127
abm_balanced_h12_common_cells,dsge_small_nk,effective_federal_funds_rate,2,50,0.7875949008933776,0.6419516560864058
abm_balanced_h12_common_cells,dsge_small_nk,effective_federal_funds_rate,4,50,1.0773624727093167,0.9156550490580477
abm_balanced_h12_common_cells,dsge_small_nk,effective_federal_funds_rate,8,50,1.470293262676149,1.280979661691911
abm_balanced_h12_common_cells,dsge_small_nk,effective_federal_funds_rate,12,50,1.8584003288440305,1.545246491595355
abm_balanced_h12_common_cells,dsge_small_nk_median,real_gdp,1,50,7.558707439707737,4.709796944516611
abm_balanced_h12_common_cells,dsge_small_nk_median,real_gdp,2,50,7.351848006056801,4.502530512755454
abm_balanced_h12_common_cells,dsge_small_nk_median,real_gdp,4,50,7.3268432768532055,4.423532666376055
abm_balanced_h12_common_cells,dsge_small_nk_median,real_gdp,8,50,7.215905243846648,4.381116098240758
abm_balanced_h12_common_cells,dsge_small_nk_median,real_gdp,12,50,7.250128830783493,4.488414001237279
abm_balanced_h12_common_cells,dsge_small_nk_median,gdp_deflator,1,50,1.4522648376844356,1.081589295785638
abm_balanced_h12_common_cells,dsge_small_nk_median,gdp_deflator,2,50,1.6961578429907542,1.2804926767869365
abm_balanced_h12_common_cells,dsge_small_nk_median,gdp_deflator,4,50,2.1360832022488982,1.4546649979262916
abm_balanced_h12_common_cells,dsge_small_nk_median,gdp_deflator,8,50,2.4078213777695923,1.5984897468791406
abm_balanced_h12_common_cells,dsge_small_nk_median,gdp_deflator,12,50,2.470469178369247,1.7418110207923876
abm_balanced_h12_common_cells,dsge_small_nk_median,nominal_gdp,1,50,8.49179716641476,5.163395444505706
abm_balanced_h12_common_cells,dsge_small_nk_median,nominal_gdp,2,50,8.315953952261017,5.3041945044737835
abm_balanced_h12_common_cells,dsge_small_nk_median,nominal_gdp,4,50,8.51914852454665,5.493053617368372
abm_balanced_h12_common_cells,dsge_small_nk_median,nominal_gdp,8,50,8.572802273740356,5.684280918309861
abm_balanced_h12_common_cells,dsge_small_nk_median,nominal_gdp,12,50,8.650056268474339,5.919269066715568
abm_balanced_h12_common_cells,dsge_small_nk_median,unemployment_rate,1,50,1.6211457534430482,0.8276901313722598
abm_balanced_h12_common_cells,dsge_small_nk_median,unemployment_rate,2,50,2.223738580471841,1.4431412965118795
abm_balanced_h12_common_cells,dsge_small_nk_median,unemployment_rate,4,50,3.1222272339176462,2.4282455237080445
abm_balanced_h12_common_cells,dsge_small_nk_median,unemployment_rate,8,50,4.71028379782956,3.875245753796365
abm_balanced_h12_common_cells,dsge_small_nk_median,unemployment_rate,12,50,6.0541976691986195,5.012507948951625
abm_balanced_h12_common_cells,dsge_small_nk_median,effective_federal_funds_rate,1,50,0.4868639495213911,0.38491797022489704
abm_balanced_h12_common_cells,dsge_small_nk_median,effective_federal_funds_rate,2,50,0.7619747344213098,0.615344005769645
abm_balanced_h12_common_cells,dsge_small_nk_median,effective_federal_funds_rate,4,50,1.0381507974589543,0.878745648947843
abm_balanced_h12_common_cells,dsge_small_nk_median,effective_federal_funds_rate,8,50,1.4580924017614139,1.256584055234902
abm_balanced_h12_common_cells,dsge_small_nk_median,effective_federal_funds_rate,12,50,1.945146660860065,1.5508921496562358
abm_balanced_h12_common_cells,dsge_sw07,real_gdp,1,50,8.062913567018501,3.739686838558111
abm_balanced_h12_common_cells,dsge_sw07,real_gdp,2,50,7.220488101118462,3.8035616455568197
abm_balanced_h12_common_cells,dsge_sw07,real_gdp,4,50,6.975135273710915,3.577353372780164
abm_balanced_h12_common_cells,dsge_sw07,real_gdp,8,50,6.851955710356391,3.312854644053169
abm_balanced_h12_common_cells,dsge_sw07,real_gdp,12,50,6.708473171474028,2.975123844817808
abm_balanced_h12_common_cells,dsge_sw07,gdp_deflator,1,50,1.4995684281984567,1.0769456568789786
abm_balanced_h12_common_cells,dsge_sw07,gdp_deflator,2,50,1.6036824061546846,1.2553148771689464
abm_balanced_h12_common_cells,dsge_sw07,gdp_deflator,4,50,1.9924164594939875,1.319090363964498
abm_balanced_h12_common_cells,dsge_sw07,gdp_deflator,8,50,2.216273997522526,1.3880249462883023
abm_balanced_h12_common_cells,dsge_sw07,gdp_deflator,12,50,2.068809989361482,1.3683599890875302
abm_balanced_h12_common_cells,dsge_sw07,nominal_gdp,1,50,9.0289191544465,3.9725713629339405
abm_balanced_h12_common_cells,dsge_sw07,nominal_gdp,2,50,7.83471298461934,4.036617137477764
abm_balanced_h12_common_cells,dsge_sw07,nominal_gdp,4,50,7.7367779296984205,3.9808128993557492
abm_balanced_h12_common_cells,dsge_sw07,nominal_gdp,8,50,7.586519933926944,3.7508600157811207
abm_balanced_h12_common_cells,dsge_sw07,nominal_gdp,12,50,7.579498027580694,3.7233923318391646
abm_balanced_h12_common_cells,dsge_sw07,unemployment_rate,1,50,1.649642514436147,0.5024862907793978
abm_balanced_h12_common_cells,dsge_sw07,unemployment_rate,2,50,2.1668136666391233,0.8130737534814404
abm_balanced_h12_common_cells,dsge_sw07,unemployment_rate,4,50,2.5299154278174028,1.2293927114079666
abm_balanced_h12_common_cells,dsge_sw07,unemployment_rate,8,50,2.8103834716337235,1.7051197309861943
abm_balanced_h12_common_cells,dsge_sw07,unemployment_rate,12,50,2.747639807233369,1.855749292754935
abm_balanced_h12_common_cells,dsge_sw07,effective_federal_funds_rate,1,50,0.678371009209061,0.5924986949700566
abm_balanced_h12_common_cells,dsge_sw07,effective_federal_funds_rate,2,50,1.2433719097527596,1.0850929114503023
abm_balanced_h12_common_cells,dsge_sw07,effective_federal_funds_rate,4,50,1.997377669154387,1.7700806251939434
abm_balanced_h12_common_cells,dsge_sw07,effective_federal_funds_rate,8,50,2.6267800127269285,2.4024516145822044
abm_balanced_h12_common_cells,dsge_sw07,effective_federal_funds_rate,12,50,2.9384421873032127,2.5970217642400177
abm_balanced_h12_common_cells,dsge_sw07_median,real_gdp,1,50,8.062032968209774,3.7500440770259034
abm_balanced_h12_common_cells,dsge_sw07_median,real_gdp,2,50,7.206230311205967,3.79362312139115
abm_balanced_h12_common_cells,dsge_sw07_median,real_gdp,4,50,6.9713788753230075,3.5888835132569965
abm_balanced_h12_common_cells,dsge_sw07_median,real_gdp,8,50,6.8730873498511675,3.329901795829404
abm_balanced_h12_common_cells,dsge_sw07_median,real_gdp,12,50,6.688262938049331,2.947860859448984
abm_balanced_h12_common_cells,dsge_sw07_median,gdp_deflator,1,50,1.5077642796116963,1.0813009789246242
abm_balanced_h12_common_cells,dsge_sw07_median,gdp_deflator,2,50,1.6028768487943053,1.2522483080129674
abm_balanced_h12_common_cells,dsge_sw07_median,gdp_deflator,4,50,1.992567391761534,1.3183798597236456
abm_balanced_h12_common_cells,dsge_sw07_median,gdp_deflator,8,50,2.20293185487708,1.3755103507955675
abm_balanced_h12_common_cells,dsge_sw07_median,gdp_deflator,12,50,2.071204905147944,1.3659885972489152
abm_balanced_h12_common_cells,dsge_sw07_median,nominal_gdp,1,50,9.023754324046662,3.987864658278485
abm_balanced_h12_common_cells,dsge_sw07_median,nominal_gdp,2,50,7.824301004295302,4.03035108818994
abm_balanced_h12_common_cells,dsge_sw07_median,nominal_gdp,4,50,7.770234939334406,4.009438030252918
abm_balanced_h12_common_cells,dsge_sw07_median,nominal_gdp,8,50,7.605060694481641,3.7927445624485983
abm_balanced_h12_common_cells,dsge_sw07_median,nominal_gdp,12,50,7.562986455335214,3.7320204700640778
abm_balanced_h12_common_cells,dsge_sw07_median,unemployment_rate,1,50,1.6531801900517948,0.501515242530922
abm_balanced_h12_common_cells,dsge_sw07_median,unemployment_rate,2,50,2.16604962617725,0.8113405044692203
abm_balanced_h12_common_cells,dsge_sw07_median,unemployment_rate,4,50,2.5379181895646648,1.2228888164281322
abm_balanced_h12_common_cells,dsge_sw07_median,unemployment_rate,8,50,2.8160618021596586,1.6953644261124874
abm_balanced_h12_common_cells,dsge_sw07_median,unemployment_rate,12,50,2.6939413336224405,1.818420934015586
abm_balanced_h12_common_cells,dsge_sw07_median,effective_federal_funds_rate,1,50,0.6136845339362548,0.5196573807319773
abm_balanced_h12_common_cells,dsge_sw07_median,effective_federal_funds_rate,2,50,1.1990153169485485,1.025941024721905
abm_balanced_h12_common_cells,dsge_sw07_median,effective_federal_funds_rate,4,50,1.9555819609549483,1.7157264525200386
abm_balanced_h12_common_cells,dsge_sw07_median,effective_federal_funds_rate,8,50,2.580882542107918,2.3608907936951193
abm_balanced_h12_common_cells,dsge_sw07_median,effective_federal_funds_rate,12,50,2.91203375589823,2.578291941902602
abm_pandemic_masked_common_cells,naive_no_change,real_gdp,1,53,2.3989741565897575,1.8051204151803208
abm_pandemic_masked_common_cells,naive_no_change,real_gdp,2,52,2.516200221391261,1.9776274583974809
abm_pandemic_masked_common_cells,naive_no_change,real_gdp,4,50,2.596025649188736,2.06642457105444
abm_pandemic_masked_common_cells,naive_no_change,real_gdp,8,46,6.7863618388138205,3.3100373235629568
abm_pandemic_masked_common_cells,naive_no_change,real_gdp,12,42,7.135237088230726,3.1690966404983576
abm_pandemic_masked_common_cells,naive_no_change,gdp_deflator,1,53,1.2473815926255813,0.9622043041638678
abm_pandemic_masked_common_cells,naive_no_change,gdp_deflator,2,52,1.4221918103709303,1.042331013322077
abm_pandemic_masked_common_cells,naive_no_change,gdp_deflator,4,50,1.713508635282802,1.21088151115734
abm_pandemic_masked_common_cells,naive_no_change,gdp_deflator,8,46,2.6886812715748,1.8055930284095651
abm_pandemic_masked_common_cells,naive_no_change,gdp_deflator,12,42,2.64821441608982,1.9176920448221668
abm_pandemic_masked_common_cells,naive_no_change,nominal_gdp,1,53,2.4875719019281077,1.9511913526335656
abm_pandemic_masked_common_cells,naive_no_change,nominal_gdp,2,52,2.5492543876102975,2.078556072250577
abm_pandemic_masked_common_cells,naive_no_change,nominal_gdp,4,50,2.6927443951803194,2.21175516740166
abm_pandemic_masked_common_cells,naive_no_change,nominal_gdp,8,46,8.343527660980655,4.270225807778152
abm_pandemic_masked_common_cells,naive_no_change,nominal_gdp,12,42,8.021417800635387,4.250745859901214
abm_pandemic_masked_common_cells,naive_no_change,unemployment_rate,1,53,0.19263156085907246,0.15094339622647168
abm_pandemic_masked_common_cells,naive_no_change,unemployment_rate,2,52,0.37802907679967157,0.3038461538462116
abm_pandemic_masked_common_cells,naive_no_change,unemployment_rate,4,50,0.8128960573160524,0.6560000000000001
abm_pandemic_masked_common_cells,naive_no_change,unemployment_rate,8,46,2.1292136399708657,1.535507246376913
abm_pandemic_masked_common_cells,naive_no_change,unemployment_rate,12,42,2.5197211569923517,1.9428571428571426
abm_pandemic_masked_common_cells,naive_no_change,effective_federal_funds_rate,1,53,0.3632373173600068,0.18256849052011323
abm_pandemic_masked_common_cells,naive_no_change,effective_federal_funds_rate,2,52,0.6915126079193921,0.35835170691776924
abm_pandemic_masked_common_cells,naive_no_change,effective_federal_funds_rate,4,50,1.246949593786311,0.69836789764376
abm_pandemic_masked_common_cells,naive_no_change,effective_federal_funds_rate,8,46,2.0602196147358,1.2726488223165653
abm_pandemic_masked_common_cells,naive_no_change,effective_federal_funds_rate,12,42,2.524376904048172,1.7570710497685955
abm_pandemic_masked_common_cells,naive_drift,real_gdp,1,53,2.4208163813676755,1.8261706916225648
abm_pandemic_masked_common_cells,naive_drift,real_gdp,2,52,2.5593075608956117,2.0094925459269133
abm_pandemic_masked_common_cells,naive_drift,real_gdp,4,50,2.6993903717515866,2.136989450989546
abm_pandemic_masked_common_cells,naive_drift,real_gdp,8,46,7.488879051836744,3.65316371384618
abm_pandemic_masked_common_cells,naive_drift,real_gdp,12,42,8.224737151969645,3.6548289114550903
abm_pandemic_masked_common_cells,naive_drift,gdp_deflator,1,53,1.258095469896591,0.9659836715038377
abm_pandemic_masked_common_cells,naive_drift,gdp_deflator,2,52,1.4477754713524065,1.0603237601398732
abm_pandemic_masked_common_cells,naive_drift,gdp_deflator,4,50,1.7736056945398266,1.2407600488199595
abm_pandemic_masked_common_cells,naive_drift,gdp_deflator,8,46,2.8570916237237958,1.9179927862687107
abm_pandemic_masked_common_cells,naive_drift,gdp_deflator,12,42,2.9033532214673663,2.1307663892239534
abm_pandemic_masked_common_cells,naive_drift,nominal_gdp,1,53,2.51353213730861,1.9704872461830705
abm_pandemic_masked_common_cells,naive_drift,nominal_gdp,2,52,2.603516795335001,2.120957890197801
abm_pandemic_masked_common_cells,naive_drift,nominal_gdp,4,50,2.8334792910431026,2.3237259217808672
abm_pandemic_masked_common_cells,naive_drift,nominal_gdp,8,46,9.131559754439095,4.690138306377848
abm_pandemic_masked_common_cells,naive_drift,nominal_gdp,12,42,9.233257203426165,4.762226946040395
abm_pandemic_masked_common_cells,naive_drift,unemployment_rate,1,53,0.23112346796631794,0.18206747167085505
abm_pandemic_masked_common_cells,naive_drift,unemployment_rate,2,52,0.4590876674262673,0.37361852676296475
abm_pandemic_masked_common_cells,naive_drift,unemployment_rate,4,50,0.9826466366392747,0.8059056456200651
abm_pandemic_masked_common_cells,naive_drift,unemployment_rate,8,46,2.525334560278284,1.9000142271520672
abm_pandemic_masked_common_cells,naive_drift,unemployment_rate,12,42,3.2194502991812946,2.530075847506263
abm_pandemic_masked_common_cells,naive_drift,effective_federal_funds_rate,1,53,0.39447484132250626,0.25427971399666
abm_pandemic_masked_common_cells,naive_drift,effective_federal_funds_rate,2,52,0.7633257199585318,0.5065732203752297
abm_pandemic_masked_common_cells,naive_drift,effective_federal_funds_rate,4,50,1.4256811215039262,1.0231250867131685
abm_pandemic_masked_common_cells,naive_drift,effective_federal_funds_rate,8,46,2.5373726947095485,2.0140200021360384
abm_pandemic_masked_common_cells,naive_drift,effective_federal_funds_rate,12,42,3.353831452508781,2.9353546823173966
abm_pandemic_masked_common_cells,naive_historical_mean,real_gdp,1,53,1.62225493463943,1.342520813761802
abm_pandemic_masked_common_cells,naive_historical_mean,real_gdp,2,52,1.6247792099225136,1.343982721571003
abm_pandemic_masked_common_cells,naive_historical_mean,real_gdp,4,50,1.6102567566194312,1.3387164203368576
abm_pandemic_masked_common_cells,naive_historical_mean,real_gdp,8,46,1.5918308562663674,1.3092461934995503
abm_pandemic_masked_common_cells,naive_historical_mean,real_gdp,12,42,1.6322528890290569,1.3507534556400134
abm_pandemic_masked_common_cells,naive_historical_mean,gdp_deflator,1,53,1.5443482945767788,0.9233703476186597
abm_pandemic_masked_common_cells,naive_historical_mean,gdp_deflator,2,52,1.5682361142143215,0.9261448225619221
abm_pandemic_masked_common_cells,naive_historical_mean,gdp_deflator,4,50,1.6269151998483395,0.9712510567834964
abm_pandemic_masked_common_cells,naive_historical_mean,gdp_deflator,8,46,1.712858518715336,1.021322982008041
abm_pandemic_masked_common_cells,naive_historical_mean,gdp_deflator,12,42,1.7937178509726026,1.1017122828288133
abm_pandemic_masked_common_cells,naive_historical_mean,nominal_gdp,1,53,1.9556896900618301,1.5715045193845456
abm_pandemic_masked_common_cells,naive_historical_mean,nominal_gdp,2,52,1.9805128706047437,1.5976941939957816
abm_pandemic_masked_common_cells,naive_historical_mean,nominal_gdp,4,50,2.0087698044830518,1.6078114577592926
abm_pandemic_masked_common_cells,naive_historical_mean,nominal_gdp,8,46,2.126063491136755,1.6650114778738945
abm_pandemic_masked_common_cells,naive_historical_mean,nominal_gdp,12,42,2.1696858056770214,1.7325205791053095
abm_pandemic_masked_common_cells,naive_historical_mean,unemployment_rate,1,53,1.9727988017802152,1.8274829244544801
abm_pandemic_masked_common_cells,naive_historical_mean,unemployment_rate,2,52,1.958435418239608,1.821244747053983
abm_pandemic_masked_common_cells,naive_historical_mean,unemployment_rate,4,50,1.9362222668160818,1.8124183824745888
abm_pandemic_masked_common_cells,naive_historical_mean,unemployment_rate,8,46,1.9248356942435285,1.8091531907617258
abm_pandemic_masked_common_cells,naive_historical_mean,unemployment_rate,12,42,1.9609805569670389,1.8326329395005092
abm_pandemic_masked_common_cells,naive_historical_mean,effective_federal_funds_rate,1,53,2.0567754745880564,1.8100205444889972
abm_pandemic_masked_common_cells,naive_historical_mean,effective_federal_funds_rate,2,52,2.0780949751498343,1.8248731999972962
abm_pandemic_masked_common_cells,naive_historical_mean,effective_federal_funds_rate,4,50,2.1180533415064136,1.8517914063119947
abm_pandemic_masked_common_cells,naive_historical_mean,effective_federal_funds_rate,8,46,2.1716191044969597,1.8852612628802996
abm_pandemic_masked_common_cells,naive_historical_mean,effective_federal_funds_rate,12,42,2.197773835148079,1.8968895501079877
abm_pandemic_masked_common_cells,univariate_ar_p1_constant,real_gdp,1,53,1.7170218791131913,1.3707134642519858
abm_pandemic_masked_common_cells,univariate_ar_p1_constant,real_gdp,2,52,1.6466286076264351,1.3464116718403376
abm_pandemic_masked_common_cells,univariate_ar_p1_constant,real_gdp,4,50,1.610800530366964,1.3304899231987548
abm_pandemic_masked_common_cells,univariate_ar_p1_constant,real_gdp,8,46,2.661515091057708,1.5983651941298853
abm_pandemic_masked_common_cells,univariate_ar_p1_constant,real_gdp,12,42,2.4383804397991335,1.5873837697517506
abm_pandemic_masked_common_cells,univariate_ar_p1_constant,gdp_deflator,1,53,1.1425098795043092,0.9079111757028999
abm_pandemic_masked_common_cells,univariate_ar_p1_constant,gdp_deflator,2,52,1.3199960826379347,0.8458971810662944
abm_pandemic_masked_common_cells,univariate_ar_p1_constant,gdp_deflator,4,50,1.604970827641506,0.9800832610298873
abm_pandemic_masked_common_cells,univariate_ar_p1_constant,gdp_deflator,8,46,1.7179522458781973,1.0335414624999357
abm_pandemic_masked_common_cells,univariate_ar_p1_constant,gdp_deflator,12,42,1.791639559714702,1.1056754981452044
abm_pandemic_masked_common_cells,univariate_ar_p1_constant,nominal_gdp,1,53,2.203905874755697,1.707501378176505
abm_pandemic_masked_common_cells,univariate_ar_p1_constant,nominal_gdp,2,52,2.048495470220029,1.6483978114668334
abm_pandemic_masked_common_cells,univariate_ar_p1_constant,nominal_gdp,4,50,2.0250795586248858,1.6178209696237928
abm_pandemic_masked_common_cells,univariate_ar_p1_constant,nominal_gdp,8,46,4.435406912886612,2.1368555003235765
abm_pandemic_masked_common_cells,univariate_ar_p1_constant,nominal_gdp,12,42,3.423901742296958,2.108424196549884
abm_pandemic_masked_common_cells,univariate_ar_p1_constant,unemployment_rate,1,53,0.2972616164474342,0.25129372458571675
abm_pandemic_masked_common_cells,univariate_ar_p1_constant,unemployment_rate,2,52,0.5801156368576381,0.5085439500839366
abm_pandemic_masked_common_cells,univariate_ar_p1_constant,unemployment_rate,4,50,1.1200439335054233,1.0095733681404429
abm_pandemic_masked_common_cells,univariate_ar_p1_constant,unemployment_rate,8,46,2.1956767315694297,1.9594851349002556
abm_pandemic_masked_common_cells,univariate_ar_p1_constant,unemployment_rate,12,42,2.836254775788164,2.503820712229642
abm_pandemic_masked_common_cells,univariate_ar_p1_constant,effective_federal_funds_rate,1,53,0.39123047047046033,0.21365874755531916
abm_pandemic_masked_common_cells,univariate_ar_p1_constant,effective_federal_funds_rate,2,52,0.7345428825507737,0.3995447425933588
abm_pandemic_masked_common_cells,univariate_ar_p1_constant,effective_federal_funds_rate,4,50,1.2923658331677963,0.7269780210988631
abm_pandemic_masked_common_cells,univariate_ar_p1_constant,effective_federal_funds_rate,8,46,2.0612821917524093,1.319480429189902
abm_pandemic_masked_common_cells,univariate_ar_p1_constant,effective_federal_funds_rate,12,42,2.453274921591448,1.738649323039573
abm_pandemic_masked_common_cells,univariate_ar_p4_constant,real_gdp,1,53,1.7087809902518116,1.3554496813586354
abm_pandemic_masked_common_cells,univariate_ar_p4_constant,real_gdp,2,52,1.633912066488091,1.2970849443576569
abm_pandemic_masked_common_cells,univariate_ar_p4_constant,real_gdp,4,50,1.726094246689699,1.377708229263055
abm_pandemic_masked_common_cells,univariate_ar_p4_constant,real_gdp,8,46,2.735604418726024,1.5927463653198346
abm_pandemic_masked_common_cells,univariate_ar_p4_constant,real_gdp,12,42,2.5955488885324653,1.619734102598479
abm_pandemic_masked_common_cells,univariate_ar_p4_constant,gdp_deflator,1,53,1.1490761219577963,0.9180088492894222
abm_pandemic_masked_common_cells,univariate_ar_p4_constant,gdp_deflator,2,52,1.3343616937352785,0.9054806026692953
abm_pandemic_masked_common_cells,univariate_ar_p4_constant,gdp_deflator,4,50,1.760966261429678,1.0866127191634272
abm_pandemic_masked_common_cells,univariate_ar_p4_constant,gdp_deflator,8,46,2.035945690304772,1.2542413232387077
abm_pandemic_masked_common_cells,univariate_ar_p4_constant,gdp_deflator,12,42,2.088026420003191,1.2322564815150254
abm_pandemic_masked_common_cells,univariate_ar_p4_constant,nominal_gdp,1,53,2.106521515611202,1.7061959302785135
abm_pandemic_masked_common_cells,univariate_ar_p4_constant,nominal_gdp,2,52,2.018785776017154,1.640710778883212
abm_pandemic_masked_common_cells,univariate_ar_p4_constant,nominal_gdp,4,50,2.1074360481603818,1.6574829188958113
abm_pandemic_masked_common_cells,univariate_ar_p4_constant,nominal_gdp,8,46,2.14366391638631,1.6531465624845374
abm_pandemic_masked_common_cells,univariate_ar_p4_constant,nominal_gdp,12,42,2.1629696034282135,1.7347585606435267
abm_pandemic_masked_common_cells,univariate_ar_p4_constant,unemployment_rate,1,53,0.2557573651583878,0.19664385388112635
abm_pandemic_masked_common_cells,univariate_ar_p4_constant,unemployment_rate,2,52,0.4938620190101026,0.37428207350728526
abm_pandemic_masked_common_cells,univariate_ar_p4_constant,unemployment_rate,4,50,0.986953502888204,0.7689548497600214
abm_pandemic_masked_common_cells,univariate_ar_p4_constant,unemployment_rate,8,46,2.7120405633840314,1.8017952548553813
abm_pandemic_masked_common_cells,univariate_ar_p4_constant,unemployment_rate,12,42,7.027969542009101,3.1050294190876158
abm_pandemic_masked_common_cells,univariate_ar_p4_constant,effective_federal_funds_rate,1,53,0.25731344427383696,0.1817398546337708
abm_pandemic_masked_common_cells,univariate_ar_p4_constant,effective_federal_funds_rate,2,52,0.557773375290506,0.3933776269592991
abm_pandemic_masked_common_cells,univariate_ar_p4_constant,effective_federal_funds_rate,4,50,1.096659014619228,0.7763196971138668
abm_pandemic_masked_common_cells,univariate_ar_p4_constant,effective_federal_funds_rate,8,46,2.0160675575829115,1.6244679683287833
abm_pandemic_masked_common_cells,univariate_ar_p4_constant,effective_federal_funds_rate,12,42,2.517194091201235,2.1505821997609242
abm_pandemic_masked_common_cells,univariate_ar_bic_p1-2-3-4-5-6-7-8_constant,real_gdp,1,53,1.7170218791131913,1.3707134642519858
abm_pandemic_masked_common_cells,univariate_ar_bic_p1-2-3-4-5-6-7-8_constant,real_gdp,2,52,1.6466286076264351,1.3464116718403376
abm_pandemic_masked_common_cells,univariate_ar_bic_p1-2-3-4-5-6-7-8_constant,real_gdp,4,50,1.610800530366964,1.3304899231987548
abm_pandemic_masked_common_cells,univariate_ar_bic_p1-2-3-4-5-6-7-8_constant,real_gdp,8,46,2.661515091057708,1.5983651941298853
abm_pandemic_masked_common_cells,univariate_ar_bic_p1-2-3-4-5-6-7-8_constant,real_gdp,12,42,2.4383804397991335,1.5873837697517506
abm_pandemic_masked_common_cells,univariate_ar_bic_p1-2-3-4-5-6-7-8_constant,gdp_deflator,1,53,1.1420690335412533,0.8978614663704577
abm_pandemic_masked_common_cells,univariate_ar_bic_p1-2-3-4-5-6-7-8_constant,gdp_deflator,2,52,1.3147866665453771,0.8757985592927491
abm_pandemic_masked_common_cells,univariate_ar_bic_p1-2-3-4-5-6-7-8_constant,gdp_deflator,4,50,1.7731006252405572,1.067126195984023
abm_pandemic_masked_common_cells,univariate_ar_bic_p1-2-3-4-5-6-7-8_constant,gdp_deflator,8,46,1.927220671295507,1.1964590987098596
abm_pandemic_masked_common_cells,univariate_ar_bic_p1-2-3-4-5-6-7-8_constant,gdp_deflator,12,42,1.9664998428747014,1.207607096704485
abm_pandemic_masked_common_cells,univariate_ar_bic_p1-2-3-4-5-6-7-8_constant,nominal_gdp,1,53,2.203905874755697,1.707501378176505
abm_pandemic_masked_common_cells,univariate_ar_bic_p1-2-3-4-5-6-7-8_constant,nominal_gdp,2,52,2.048495470220029,1.6483978114668334
abm_pandemic_masked_common_cells,univariate_ar_bic_p1-2-3-4-5-6-7-8_constant,nominal_gdp,4,50,2.0250795586248858,1.6178209696237928
abm_pandemic_masked_common_cells,univariate_ar_bic_p1-2-3-4-5-6-7-8_constant,nominal_gdp,8,46,4.435406912886612,2.1368555003235765
abm_pandemic_masked_common_cells,univariate_ar_bic_p1-2-3-4-5-6-7-8_constant,nominal_gdp,12,42,3.423901742296958,2.108424196549884
abm_pandemic_masked_common_cells,univariate_ar_bic_p1-2-3-4-5-6-7-8_constant,unemployment_rate,1,53,0.2546545527655215,0.20398895596690383
abm_pandemic_masked_common_cells,univariate_ar_bic_p1-2-3-4-5-6-7-8_constant,unemployment_rate,2,52,0.4990654032422956,0.39609725875549984
abm_pandemic_masked_common_cells,univariate_ar_bic_p1-2-3-4-5-6-7-8_constant,unemployment_rate,4,50,0.96465652682235,0.7999398485053609
abm_pandemic_masked_common_cells,univariate_ar_bic_p1-2-3-4-5-6-7-8_constant,unemployment_rate,8,46,3.5498024513519266,2.068072404507272
abm_pandemic_masked_common_cells,univariate_ar_bic_p1-2-3-4-5-6-7-8_constant,unemployment_rate,12,42,8.879609571954516,3.6630624457595053
abm_pandemic_masked_common_cells,univariate_ar_bic_p1-2-3-4-5-6-7-8_constant,effective_federal_funds_rate,1,53,0.24611452626600347,0.17509920544307964
abm_pandemic_masked_common_cells,univariate_ar_bic_p1-2-3-4-5-6-7-8_constant,effective_federal_funds_rate,2,52,0.5499505664428433,0.38757795855418686
abm_pandemic_masked_common_cells,univariate_ar_bic_p1-2-3-4-5-6-7-8_constant,effective_federal_funds_rate,4,50,1.123748578803588,0.8309650733380083
abm_pandemic_masked_common_cells,univariate_ar_bic_p1-2-3-4-5-6-7-8_constant,effective_federal_funds_rate,8,46,2.041755348151776,1.6893373585969553
abm_pandemic_masked_common_cells,univariate_ar_bic_p1-2-3-4-5-6-7-8_constant,effective_federal_funds_rate,12,42,2.4157493213713273,2.054149768283891
abm_pandemic_masked_common_cells,beforeit_var_p1_constant,real_gdp,1,53,2.390544923349987,1.8740484955555883
abm_pandemic_masked_common_cells,beforeit_var_p1_constant,real_gdp,2,52,2.227759708945441,1.7037077321592735
abm_pandemic_masked_common_cells,beforeit_var_p1_constant,real_gdp,4,50,2.228705526522516,1.6612420499365452
abm_pandemic_masked_common_cells,beforeit_var_p1_constant,real_gdp,8,46,5.159141589485579,2.128192288963295
abm_pandemic_masked_common_cells,beforeit_var_p1_constant,real_gdp,12,42,1.902857391543315,1.4059533794601966
abm_pandemic_masked_common_cells,beforeit_var_p1_constant,gdp_deflator,1,53,1.1214035331727423,0.9274356564382785
abm_pandemic_masked_common_cells,beforeit_var_p1_constant,gdp_deflator,2,52,1.429485937264223,1.0622696288859452
abm_pandemic_masked_common_cells,beforeit_var_p1_constant,gdp_deflator,4,50,1.7977332446277268,1.225111392454491
abm_pandemic_masked_common_cells,beforeit_var_p1_constant,gdp_deflator,8,46,1.7669926625875305,1.2533653277907455
abm_pandemic_masked_common_cells,beforeit_var_p1_constant,gdp_deflator,12,42,2.111511125304005,1.383671856178328
abm_pandemic_masked_common_cells,beforeit_var_p1_constant,nominal_gdp,1,53,2.6173940605526638,1.982885126814247
abm_pandemic_masked_common_cells,beforeit_var_p1_constant,nominal_gdp,2,52,2.637359518686562,1.9314946903209496
abm_pandemic_masked_common_cells,beforeit_var_p1_constant,nominal_gdp,4,50,2.929554605040166,2.1446728262194727
abm_pandemic_masked_common_cells,beforeit_var_p1_constant,nominal_gdp,8,46,5.6162514853608325,2.744025387577774
abm_pandemic_masked_common_cells,beforeit_var_p1_constant,nominal_gdp,12,42,2.8488811882060556,2.06657093354328
abm_pandemic_masked_common_cells,beforeit_var_p1_constant,unemployment_rate,1,53,0.2412830670264309,0.17769078282523035
abm_pandemic_masked_common_cells,beforeit_var_p1_constant,unemployment_rate,2,52,0.4347714730979148,0.29523505483447743
abm_pandemic_masked_common_cells,beforeit_var_p1_constant,unemployment_rate,4,50,0.8789223302858109,0.5926254733430393
abm_pandemic_masked_common_cells,beforeit_var_p1_constant,unemployment_rate,8,46,1.9247585759236823,1.303058501194619
abm_pandemic_masked_common_cells,beforeit_var_p1_constant,unemployment_rate,12,42,4.008580970903734,2.0410179757823026
abm_pandemic_masked_common_cells,beforeit_var_p1_constant,effective_federal_funds_rate,1,53,0.42140979827805736,0.2851508507001832
abm_pandemic_masked_common_cells,beforeit_var_p1_constant,effective_federal_funds_rate,2,52,0.7622781605250227,0.5173817060205899
abm_pandemic_masked_common_cells,beforeit_var_p1_constant,effective_federal_funds_rate,4,50,1.4214442285568627,0.9922589318600665
abm_pandemic_masked_common_cells,beforeit_var_p1_constant,effective_federal_funds_rate,8,46,2.5037879058428594,1.805076359030392
abm_pandemic_masked_common_cells,beforeit_var_p1_constant,effective_federal_funds_rate,12,42,2.905304402507611,2.324140485175082
abm_pandemic_masked_common_cells,beforeit_var_p2_constant,real_gdp,1,53,2.987894855673432,2.2481429044537555
abm_pandemic_masked_common_cells,beforeit_var_p2_constant,real_gdp,2,52,2.734292506370214,2.028863739379114
abm_pandemic_masked_common_cells,beforeit_var_p2_constant,real_gdp,4,50,2.6701116536025955,1.891684929714304
abm_pandemic_masked_common_cells,beforeit_var_p2_constant,real_gdp,8,46,28.11130797125847,6.219897701608126
abm_pandemic_masked_common_cells,beforeit_var_p2_constant,real_gdp,12,42,72.48558390059118,13.869254197495165
abm_pandemic_masked_common_cells,beforeit_var_p2_constant,gdp_deflator,1,53,1.2060008361716577,0.9800660752156691
abm_pandemic_masked_common_cells,beforeit_var_p2_constant,gdp_deflator,2,52,1.457747562526914,1.098718068322353
abm_pandemic_masked_common_cells,beforeit_var_p2_constant,gdp_deflator,4,50,1.8763225722752173,1.280844415951895
abm_pandemic_masked_common_cells,beforeit_var_p2_constant,gdp_deflator,8,46,5.820931622453485,2.435834953430901
abm_pandemic_masked_common_cells,beforeit_var_p2_constant,gdp_deflator,12,42,12.987620910894703,4.095356823710399
abm_pandemic_masked_common_cells,beforeit_var_p2_constant,nominal_gdp,1,53,3.411680802902834,2.6149606193844623
abm_pandemic_masked_common_cells,beforeit_var_p2_constant,nominal_gdp,2,52,3.1367625503515155,2.4839844134458784
abm_pandemic_masked_common_cells,beforeit_var_p2_constant,nominal_gdp,4,50,3.502760538326944,2.4792694484962694
abm_pandemic_masked_common_cells,beforeit_var_p2_constant,nominal_gdp,8,46,32.20473019390229,8.102395828082212
abm_pandemic_masked_common_cells,beforeit_var_p2_constant,nominal_gdp,12,42,83.2079100412566,17.117382193037535
abm_pandemic_masked_common_cells,beforeit_var_p2_constant,unemployment_rate,1,53,0.42874870216584515,0.2942710733355359
abm_pandemic_masked_common_cells,beforeit_var_p2_constant,unemployment_rate,2,52,0.6028093906128467,0.4232208419157483
abm_pandemic_masked_common_cells,beforeit_var_p2_constant,unemployment_rate,4,50,1.1592807595823258,0.7834049634908652
abm_pandemic_masked_common_cells,beforeit_var_p2_constant,unemployment_rate,8,46,3.3547001401002983,1.8090106100566334
abm_pandemic_masked_common_cells,beforeit_var_p2_constant,unemployment_rate,12,42,8.209651212233878,3.108385999438843
abm_pandemic_masked_common_cells,beforeit_var_p2_constant,effective_federal_funds_rate,1,53,0.30237132117536647,0.23783614255007737
abm_pandemic_masked_common_cells,beforeit_var_p2_constant,effective_federal_funds_rate,2,52,0.6720967450919364,0.4976302900407961
abm_pandemic_masked_common_cells,beforeit_var_p2_constant,effective_federal_funds_rate,4,50,1.3200525334982425,0.9403367087706909
abm_pandemic_masked_common_cells,beforeit_var_p2_constant,effective_federal_funds_rate,8,46,2.089021779664664,1.4496686392824065
abm_pandemic_masked_common_cells,beforeit_var_p2_constant,effective_federal_funds_rate,12,42,2.9532048195771954,2.023156219715502
abm_pandemic_masked_common_cells,beforeit_var_p3_constant,real_gdp,1,53,4.052751329743401,2.6816304254311705
abm_pandemic_masked_common_cells,beforeit_var_p3_constant,real_gdp,2,52,4.040991119675102,2.802580100731398
abm_pandemic_masked_common_cells,beforeit_var_p3_constant,real_gdp,4,50,3.616068213001806,2.335242557283259
abm_pandemic_masked_common_cells,beforeit_var_p3_constant,real_gdp,8,46,28.60242201187072,8.186474629888904
abm_pandemic_masked_common_cells,beforeit_var_p3_constant,real_gdp,12,42,303.37758711547485,52.36760694616673
abm_pandemic_masked_common_cells,beforeit_var_p3_constant,gdp_deflator,1,53,1.30396599528638,1.0292542640833127
abm_pandemic_masked_common_cells,beforeit_var_p3_constant,gdp_deflator,2,52,1.6931638143396786,1.2871147335509614
abm_pandemic_masked_common_cells,beforeit_var_p3_constant,gdp_deflator,4,50,2.37438634210633,1.6066598217161856
abm_pandemic_masked_common_cells,beforeit_var_p3_constant,gdp_deflator,8,46,20.836225625242783,5.939290992711486
abm_pandemic_masked_common_cells,beforeit_var_p3_constant,gdp_deflator,12,42,60.641870212513865,13.851731291533968
abm_pandemic_masked_common_cells,beforeit_var_p3_constant,nominal_gdp,1,53,4.498666447532121,3.111340461038993
abm_pandemic_masked_common_cells,beforeit_var_p3_constant,nominal_gdp,2,52,4.800894969095208,3.5416438153774235
abm_pandemic_masked_common_cells,beforeit_var_p3_constant,nominal_gdp,4,50,4.833746811365303,3.0083434897460095
abm_pandemic_masked_common_cells,beforeit_var_p3_constant,nominal_gdp,8,46,49.15263839314779,13.512432017115135
abm_pandemic_masked_common_cells,beforeit_var_p3_constant,nominal_gdp,12,42,361.3982629642291,60.60593851210316
abm_pandemic_masked_common_cells,beforeit_var_p3_constant,unemployment_rate,1,53,0.5889149657535234,0.3539181460050348
abm_pandemic_masked_common_cells,beforeit_var_p3_constant,unemployment_rate,2,52,0.9274440758698087,0.5904892298844583
abm_pandemic_masked_common_cells,beforeit_var_p3_constant,unemployment_rate,4,50,1.9422387922480542,1.257886579688624
abm_pandemic_masked_common_cells,beforeit_var_p3_constant,unemployment_rate,8,46,19.407029872968458,5.626657226167437
abm_pandemic_masked_common_cells,beforeit_var_p3_constant,unemployment_rate,12,42,74.7901008400872,17.910307716379002
abm_pandemic_masked_common_cells,beforeit_var_p3_constant,effective_federal_funds_rate,1,53,0.33745935801381766,0.26767113936589065
abm_pandemic_masked_common_cells,beforeit_var_p3_constant,effective_federal_funds_rate,2,52,0.7597101956680237,0.5199266035550563
abm_pandemic_masked_common_cells,beforeit_var_p3_constant,effective_federal_funds_rate,4,50,1.610015766914467,1.0958595004618124
abm_pandemic_masked_common_cells,beforeit_var_p3_constant,effective_federal_funds_rate,8,46,3.587665847137329,2.3371007786489697
abm_pandemic_masked_common_cells,beforeit_var_p3_constant,effective_federal_funds_rate,12,42,5.1402044947124566,3.07186014623149
abm_pandemic_masked_common_cells,bvar_mniw_v1_p1_constant_tight3fc999999999999a_decay3ff0000000000000_own0000000000000000_ivar4059000000000000_iwoff2_iscale3ff0000000000000_floor3e45798ee2308c3a_diffmse_scale,real_gdp,1,53,1.8730428014275253,1.554791787066781
abm_pandemic_masked_common_cells,bvar_mniw_v1_p1_constant_tight3fc999999999999a_decay3ff0000000000000_own0000000000000000_ivar4059000000000000_iwoff2_iscale3ff0000000000000_floor3e45798ee2308c3a_diffmse_scale,real_gdp,2,52,1.8360327927906464,1.524955907046479
abm_pandemic_masked_common_cells,bvar_mniw_v1_p1_constant_tight3fc999999999999a_decay3ff0000000000000_own0000000000000000_ivar4059000000000000_iwoff2_iscale3ff0000000000000_floor3e45798ee2308c3a_diffmse_scale,real_gdp,4,50,1.7453319880940563,1.4630265644173013
abm_pandemic_masked_common_cells,bvar_mniw_v1_p1_constant_tight3fc999999999999a_decay3ff0000000000000_own0000000000000000_ivar4059000000000000_iwoff2_iscale3ff0000000000000_floor3e45798ee2308c3a_diffmse_scale,real_gdp,8,46,1.7468645870193802,1.4062356629168073
abm_pandemic_masked_common_cells,bvar_mniw_v1_p1_constant_tight3fc999999999999a_decay3ff0000000000000_own0000000000000000_ivar4059000000000000_iwoff2_iscale3ff0000000000000_floor3e45798ee2308c3a_diffmse_scale,real_gdp,12,42,1.534458929669271,1.228983159469291
abm_pandemic_masked_common_cells,bvar_mniw_v1_p1_constant_tight3fc999999999999a_decay3ff0000000000000_own0000000000000000_ivar4059000000000000_iwoff2_iscale3ff0000000000000_floor3e45798ee2308c3a_diffmse_scale,gdp_deflator,1,53,1.1382676724921068,0.9146772133028731
abm_pandemic_masked_common_cells,bvar_mniw_v1_p1_constant_tight3fc999999999999a_decay3ff0000000000000_own0000000000000000_ivar4059000000000000_iwoff2_iscale3ff0000000000000_floor3e45798ee2308c3a_diffmse_scale,gdp_deflator,2,52,1.4158117510387669,0.9464615996143717
abm_pandemic_masked_common_cells,bvar_mniw_v1_p1_constant_tight3fc999999999999a_decay3ff0000000000000_own0000000000000000_ivar4059000000000000_iwoff2_iscale3ff0000000000000_floor3e45798ee2308c3a_diffmse_scale,gdp_deflator,4,50,1.6685452272014516,1.0215766679302374
abm_pandemic_masked_common_cells,bvar_mniw_v1_p1_constant_tight3fc999999999999a_decay3ff0000000000000_own0000000000000000_ivar4059000000000000_iwoff2_iscale3ff0000000000000_floor3e45798ee2308c3a_diffmse_scale,gdp_deflator,8,46,1.7633514297746065,1.087598122474527
abm_pandemic_masked_common_cells,bvar_mniw_v1_p1_constant_tight3fc999999999999a_decay3ff0000000000000_own0000000000000000_ivar4059000000000000_iwoff2_iscale3ff0000000000000_floor3e45798ee2308c3a_diffmse_scale,gdp_deflator,12,42,1.8391871306534266,1.133006289337243
abm_pandemic_masked_common_cells,bvar_mniw_v1_p1_constant_tight3fc999999999999a_decay3ff0000000000000_own0000000000000000_ivar4059000000000000_iwoff2_iscale3ff0000000000000_floor3e45798ee2308c3a_diffmse_scale,nominal_gdp,1,53,2.0690122095341343,1.6015267860559164
abm_pandemic_masked_common_cells,bvar_mniw_v1_p1_constant_tight3fc999999999999a_decay3ff0000000000000_own0000000000000000_ivar4059000000000000_iwoff2_iscale3ff0000000000000_floor3e45798ee2308c3a_diffmse_scale,nominal_gdp,2,52,2.1119274756128488,1.6682082035963222
abm_pandemic_masked_common_cells,bvar_mniw_v1_p1_constant_tight3fc999999999999a_decay3ff0000000000000_own0000000000000000_ivar4059000000000000_iwoff2_iscale3ff0000000000000_floor3e45798ee2308c3a_diffmse_scale,nominal_gdp,4,50,2.220696395191397,1.7979109982551922
abm_pandemic_masked_common_cells,bvar_mniw_v1_p1_constant_tight3fc999999999999a_decay3ff0000000000000_own0000000000000000_ivar4059000000000000_iwoff2_iscale3ff0000000000000_floor3e45798ee2308c3a_diffmse_scale,nominal_gdp,8,46,2.1303072175837006,1.7541675160622698
abm_pandemic_masked_common_cells,bvar_mniw_v1_p1_constant_tight3fc999999999999a_decay3ff0000000000000_own0000000000000000_ivar4059000000000000_iwoff2_iscale3ff0000000000000_floor3e45798ee2308c3a_diffmse_scale,nominal_gdp,12,42,2.220610804666332,1.7357194568098502
abm_pandemic_masked_common_cells,bvar_mniw_v1_p1_constant_tight3fc999999999999a_decay3ff0000000000000_own0000000000000000_ivar4059000000000000_iwoff2_iscale3ff0000000000000_floor3e45798ee2308c3a_diffmse_scale,unemployment_rate,1,53,0.21553241371007506,0.16628392239310602
abm_pandemic_masked_common_cells,bvar_mniw_v1_p1_constant_tight3fc999999999999a_decay3ff0000000000000_own0000000000000000_ivar4059000000000000_iwoff2_iscale3ff0000000000000_floor3e45798ee2308c3a_diffmse_scale,unemployment_rate,2,52,0.4786083103060862,0.3509677618693823
abm_pandemic_masked_common_cells,bvar_mniw_v1_p1_constant_tight3fc999999999999a_decay3ff0000000000000_own0000000000000000_ivar4059000000000000_iwoff2_iscale3ff0000000000000_floor3e45798ee2308c3a_diffmse_scale,unemployment_rate,4,50,0.9951449053715322,0.7705149180259664
abm_pandemic_masked_common_cells,bvar_mniw_v1_p1_constant_tight3fc999999999999a_decay3ff0000000000000_own0000000000000000_ivar4059000000000000_iwoff2_iscale3ff0000000000000_floor3e45798ee2308c3a_diffmse_scale,unemployment_rate,8,46,1.7859486983219897,1.5221592217487259
abm_pandemic_masked_common_cells,bvar_mniw_v1_p1_constant_tight3fc999999999999a_decay3ff0000000000000_own0000000000000000_ivar4059000000000000_iwoff2_iscale3ff0000000000000_floor3e45798ee2308c3a_diffmse_scale,unemployment_rate,12,42,1.9769484883272146,1.8447738335110917
abm_pandemic_masked_common_cells,bvar_mniw_v1_p1_constant_tight3fc999999999999a_decay3ff0000000000000_own0000000000000000_ivar4059000000000000_iwoff2_iscale3ff0000000000000_floor3e45798ee2308c3a_diffmse_scale,effective_federal_funds_rate,1,53,0.37135986403734816,0.26591228482831647
abm_pandemic_masked_common_cells,bvar_mniw_v1_p1_constant_tight3fc999999999999a_decay3ff0000000000000_own0000000000000000_ivar4059000000000000_iwoff2_iscale3ff0000000000000_floor3e45798ee2308c3a_diffmse_scale,effective_federal_funds_rate,2,52,0.6859815332589025,0.4880199561681746
abm_pandemic_masked_common_cells,bvar_mniw_v1_p1_constant_tight3fc999999999999a_decay3ff0000000000000_own0000000000000000_ivar4059000000000000_iwoff2_iscale3ff0000000000000_floor3e45798ee2308c3a_diffmse_scale,effective_federal_funds_rate,4,50,1.2186023644831487,0.8779831961060363
abm_pandemic_masked_common_cells,bvar_mniw_v1_p1_constant_tight3fc999999999999a_decay3ff0000000000000_own0000000000000000_ivar4059000000000000_iwoff2_iscale3ff0000000000000_floor3e45798ee2308c3a_diffmse_scale,effective_federal_funds_rate,8,46,2.0140636373280136,1.584333966760499
abm_pandemic_masked_common_cells,bvar_mniw_v1_p1_constant_tight3fc999999999999a_decay3ff0000000000000_own0000000000000000_ivar4059000000000000_iwoff2_iscale3ff0000000000000_floor3e45798ee2308c3a_diffmse_scale,effective_federal_funds_rate,12,42,2.4137723240721622,1.9157238023911378
abm_pandemic_masked_common_cells,beforeit_abm_us_v3_mean,real_gdp,1,53,1.5644067589684765,1.222060305303473
abm_pandemic_masked_common_cells,beforeit_abm_us_v3_mean,real_gdp,2,52,1.5864512716283188,1.2764064503744306
abm_pandemic_masked_common_cells,beforeit_abm_us_v3_mean,real_gdp,4,50,1.5375375547867445,1.246944752027054
abm_pandemic_masked_common_cells,beforeit_abm_us_v3_mean,real_gdp,8,46,1.5550313980342496,1.2284877765448456
abm_pandemic_masked_common_cells,beforeit_abm_us_v3_mean,real_gdp,12,42,1.5836729379379273,1.2438708932913454
abm_pandemic_masked_common_cells,beforeit_abm_us_v3_mean,gdp_deflator,1,53,1.1470860954592603,0.9079573702395873
abm_pandemic_masked_common_cells,beforeit_abm_us_v3_mean,gdp_deflator,2,52,1.3210479171575018,0.8552375243451693
abm_pandemic_masked_common_cells,beforeit_abm_us_v3_mean,gdp_deflator,4,50,1.594805007882864,0.9818589701643561
abm_pandemic_masked_common_cells,beforeit_abm_us_v3_mean,gdp_deflator,8,46,1.7162524741386174,1.0245080798059185
abm_pandemic_masked_common_cells,beforeit_abm_us_v3_mean,gdp_deflator,12,42,1.7891473104490618,1.0915402360186977
abm_pandemic_masked_common_cells,beforeit_abm_us_v3_mean,nominal_gdp,1,53,1.7579094306316259,1.4139031130240254
abm_pandemic_masked_common_cells,beforeit_abm_us_v3_mean,nominal_gdp,2,52,1.756110635281857,1.419505915991857
abm_pandemic_masked_common_cells,beforeit_abm_us_v3_mean,nominal_gdp,4,50,1.9221598727825355,1.5489354308060046
abm_pandemic_masked_common_cells,beforeit_abm_us_v3_mean,nominal_gdp,8,46,2.1007896713472434,1.671093420778094
abm_pandemic_masked_common_cells,beforeit_abm_us_v3_mean,nominal_gdp,12,42,2.1566399554188607,1.7335732220294444
abm_pandemic_masked_common_cells,beforeit_abm_us_v3_mean,unemployment_rate,1,53,2.384909045285463,1.599105344106754
abm_pandemic_masked_common_cells,beforeit_abm_us_v3_mean,unemployment_rate,2,52,2.287326344891746,1.5277819482469124
abm_pandemic_masked_common_cells,beforeit_abm_us_v3_mean,unemployment_rate,4,50,2.08508274475435,1.3972721010332554
abm_pandemic_masked_common_cells,beforeit_abm_us_v3_mean,unemployment_rate,8,46,1.8347261703949944,1.3518527762525097
abm_pandemic_masked_common_cells,beforeit_abm_us_v3_mean,unemployment_rate,12,42,1.8138194207147038,1.5049951706667573
abm_pandemic_masked_common_cells,beforeit_abm_us_v3_mean,effective_federal_funds_rate,1,53,0.35828995751824716,0.21403234628625817
abm_pandemic_masked_common_cells,beforeit_abm_us_v3_mean,effective_federal_funds_rate,2,52,0.6773210820846735,0.4073983955820818
abm_pandemic_masked_common_cells,beforeit_abm_us_v3_mean,effective_federal_funds_rate,4,50,1.2058380641977398,0.745298467310279
abm_pandemic_masked_common_cells,beforeit_abm_us_v3_mean,effective_federal_funds_rate,8,46,1.9365582824868055,1.289666718053658
abm_pandemic_masked_common_cells,beforeit_abm_us_v3_mean,effective_federal_funds_rate,12,42,2.305028855474015,1.7159891616219178
abm_pandemic_masked_common_cells,beforeit_abm_us_v3_median,real_gdp,1,53,1.5774693735919598,1.215821608696521
abm_pandemic_masked_common_cells,beforeit_abm_us_v3_median,real_gdp,2,52,1.5747957858004527,1.2626652369500204
abm_pandemic_masked_common_cells,beforeit_abm_us_v3_median,real_gdp,4,50,1.524599123625431,1.2196912538241624
abm_pandemic_masked_common_cells,beforeit_abm_us_v3_median,real_gdp,8,46,1.57369773856315,1.243764804645889
abm_pandemic_masked_common_cells,beforeit_abm_us_v3_median,real_gdp,12,42,1.5849830094531037,1.233145678656919
abm_pandemic_masked_common_cells,beforeit_abm_us_v3_median,gdp_deflator,1,53,1.1481697860019082,0.9091105047315149
abm_pandemic_masked_common_cells,beforeit_abm_us_v3_median,gdp_deflator,2,52,1.3189045874872791,0.8646052189370685
abm_pandemic_masked_common_cells,beforeit_abm_us_v3_median,gdp_deflator,4,50,1.6032018883206072,0.9885023648322118
abm_pandemic_masked_common_cells,beforeit_abm_us_v3_median,gdp_deflator,8,46,1.7144249841368182,1.0220262823541544
abm_pandemic_masked_common_cells,beforeit_abm_us_v3_median,gdp_deflator,12,42,1.7908742579433052,1.0920818162466501
abm_pandemic_masked_common_cells,beforeit_abm_us_v3_median,nominal_gdp,1,53,1.7417513854762685,1.393632712352836
abm_pandemic_masked_common_cells,beforeit_abm_us_v3_median,nominal_gdp,2,52,1.7431121957019817,1.421482943727751
abm_pandemic_masked_common_cells,beforeit_abm_us_v3_median,nominal_gdp,4,50,1.9232914281450517,1.5609692722284623
abm_pandemic_masked_common_cells,beforeit_abm_us_v3_median,nominal_gdp,8,46,2.1216801677478827,1.6947216667069707
abm_pandemic_masked_common_cells,beforeit_abm_us_v3_median,nominal_gdp,12,42,2.1566909256364264,1.7337689312808906
abm_pandemic_masked_common_cells,beforeit_abm_us_v3_median,unemployment_rate,1,53,2.372543296220907,1.5965592935178838
abm_pandemic_masked_common_cells,beforeit_abm_us_v3_median,unemployment_rate,2,52,2.2679781966002563,1.5169676764108257
abm_pandemic_masked_common_cells,beforeit_abm_us_v3_median,unemployment_rate,4,50,2.03501617168908,1.3596777650210354
abm_pandemic_masked_common_cells,beforeit_abm_us_v3_median,unemployment_rate,8,46,1.6760304443433667,1.1918368026090211
abm_pandemic_masked_common_cells,beforeit_abm_us_v3_median,unemployment_rate,12,42,1.7295593165642558,1.4039190494413978
abm_pandemic_masked_common_cells,beforeit_abm_us_v3_median,effective_federal_funds_rate,1,53,0.35811692677198187,0.21074162459998386
abm_pandemic_masked_common_cells,beforeit_abm_us_v3_median,effective_federal_funds_rate,2,52,0.6782510334951907,0.403685484297277
abm_pandemic_masked_common_cells,beforeit_abm_us_v3_median,effective_federal_funds_rate,4,50,1.2077659510664145,0.7411403929264893
abm_pandemic_masked_common_cells,beforeit_abm_us_v3_median,effective_federal_funds_rate,8,46,1.9440304282394987,1.2913419535315
abm_pandemic_masked_common_cells,beforeit_abm_us_v3_median,effective_federal_funds_rate,12,42,2.3126374004142765,1.71952898747025
abm_pandemic_masked_common_cells,beforeit_abm_us_v2_mean,real_gdp,1,53,1.5847462397502496,1.2694871284421565
abm_pandemic_masked_common_cells,beforeit_abm_us_v2_mean,real_gdp,2,52,1.596302095055639,1.2805553805831995
abm_pandemic_masked_common_cells,beforeit_abm_us_v2_mean,real_gdp,4,50,1.537342091516716,1.245293690971695
abm_pandemic_masked_common_cells,beforeit_abm_us_v2_mean,real_gdp,8,46,1.5901555884851364,1.3025369693979925
abm_pandemic_masked_common_cells,beforeit_abm_us_v2_mean,real_gdp,12,42,1.586410970830353,1.297302339262049
abm_pandemic_masked_common_cells,beforeit_abm_us_v2_mean,gdp_deflator,1,53,1.141539310995056,0.9070420662593229
abm_pandemic_masked_common_cells,beforeit_abm_us_v2_mean,gdp_deflator,2,52,1.3259804659292775,0.8586554212056041
abm_pandemic_masked_common_cells,beforeit_abm_us_v2_mean,gdp_deflator,4,50,1.6018934366359316,0.9822569280743048
abm_pandemic_masked_common_cells,beforeit_abm_us_v2_mean,gdp_deflator,8,46,1.7232024900061085,1.0310902135128572
abm_pandemic_masked_common_cells,beforeit_abm_us_v2_mean,gdp_deflator,12,42,1.7864567953386588,1.1032194010570824
abm_pandemic_masked_common_cells,beforeit_abm_us_v2_mean,nominal_gdp,1,53,1.7509946047355192,1.3835101064370048
abm_pandemic_masked_common_cells,beforeit_abm_us_v2_mean,nominal_gdp,2,52,1.753054432639312,1.4211749124496758
abm_pandemic_masked_common_cells,beforeit_abm_us_v2_mean,nominal_gdp,4,50,1.8989820251898346,1.514775291409082
abm_pandemic_masked_common_cells,beforeit_abm_us_v2_mean,nominal_gdp,8,46,2.2054783146297265,1.7604423746494482
abm_pandemic_masked_common_cells,beforeit_abm_us_v2_mean,nominal_gdp,12,42,2.265558014826847,1.796617649229232
abm_pandemic_masked_common_cells,beforeit_abm_us_v2_mean,unemployment_rate,1,53,2.6892921002890997,1.9128031852968679
abm_pandemic_masked_common_cells,beforeit_abm_us_v2_mean,unemployment_rate,2,52,2.848568594173618,2.191510798438439
abm_pandemic_masked_common_cells,beforeit_abm_us_v2_mean,unemployment_rate,4,50,3.394192508458164,2.918101496896611
abm_pandemic_masked_common_cells,beforeit_abm_us_v2_mean,unemployment_rate,8,46,4.405899851182653,4.098065780910122
abm_pandemic_masked_common_cells,beforeit_abm_us_v2_mean,unemployment_rate,12,42,4.536705540644885,4.3746987951806515
abm_pandemic_masked_common_cells,beforeit_abm_us_v2_mean,effective_federal_funds_rate,1,53,0.3595720791920096,0.21293386368877135
abm_pandemic_masked_common_cells,beforeit_abm_us_v2_mean,effective_federal_funds_rate,2,52,0.6790932698162832,0.40786888273854716
abm_pandemic_masked_common_cells,beforeit_abm_us_v2_mean,effective_federal_funds_rate,4,50,1.2078597271183393,0.7458431463574117
abm_pandemic_masked_common_cells,beforeit_abm_us_v2_mean,effective_federal_funds_rate,8,46,1.9349235821783421,1.2874817721389622
abm_pandemic_masked_common_cells,beforeit_abm_us_v2_mean,effective_federal_funds_rate,12,42,2.299641849886665,1.7103081300688334
abm_pandemic_masked_common_cells,beforeit_abm_us_v2_median,real_gdp,1,53,1.5974715882355557,1.2784472499037713
abm_pandemic_masked_common_cells,beforeit_abm_us_v2_median,real_gdp,2,52,1.6157795261408958,1.292249628120092
abm_pandemic_masked_common_cells,beforeit_abm_us_v2_median,real_gdp,4,50,1.5479355863035111,1.2486586614817943
abm_pandemic_masked_common_cells,beforeit_abm_us_v2_median,real_gdp,8,46,1.6045841921890271,1.3087053840128895
abm_pandemic_masked_common_cells,beforeit_abm_us_v2_median,real_gdp,12,42,1.618851154882008,1.323521653229358
abm_pandemic_masked_common_cells,beforeit_abm_us_v2_median,gdp_deflator,1,53,1.138886374889272,0.9047411380463363
abm_pandemic_masked_common_cells,beforeit_abm_us_v2_median,gdp_deflator,2,52,1.331636962006008,0.8596371246905053
abm_pandemic_masked_common_cells,beforeit_abm_us_v2_median,gdp_deflator,4,50,1.5959747074023853,0.9795175643894555
abm_pandemic_masked_common_cells,beforeit_abm_us_v2_median,gdp_deflator,8,46,1.720978857046061,1.037993213768809
abm_pandemic_masked_common_cells,beforeit_abm_us_v2_median,gdp_deflator,12,42,1.7841349380964078,1.1068791136934446
abm_pandemic_masked_common_cells,beforeit_abm_us_v2_median,nominal_gdp,1,53,1.7648441490287825,1.4051965731647915
abm_pandemic_masked_common_cells,beforeit_abm_us_v2_median,nominal_gdp,2,52,1.7691499159020474,1.4184612908589238
abm_pandemic_masked_common_cells,beforeit_abm_us_v2_median,nominal_gdp,4,50,1.8870435661033498,1.4999395296372324
abm_pandemic_masked_common_cells,beforeit_abm_us_v2_median,nominal_gdp,8,46,2.2132750668530012,1.7683662604097437
abm_pandemic_masked_common_cells,beforeit_abm_us_v2_median,nominal_gdp,12,42,2.2759121035881793,1.7954752675600245
abm_pandemic_masked_common_cells,beforeit_abm_us_v2_median,unemployment_rate,1,53,2.6177732804912304,1.8040057313300981
abm_pandemic_masked_common_cells,beforeit_abm_us_v2_median,unemployment_rate,2,52,2.719788945065269,1.9815478698008113
abm_pandemic_masked_common_cells,beforeit_abm_us_v2_median,unemployment_rate,4,50,3.3525479083619723,2.8621036874771146
abm_pandemic_masked_common_cells,beforeit_abm_us_v2_median,unemployment_rate,8,46,4.8407682167010115,4.5551089734431
abm_pandemic_masked_common_cells,beforeit_abm_us_v2_median,unemployment_rate,12,42,4.708106821352842,4.583333333333262
abm_pandemic_masked_common_cells,beforeit_abm_us_v2_median,effective_federal_funds_rate,1,53,0.3588949606479204,0.20836250724105043
abm_pandemic_masked_common_cells,beforeit_abm_us_v2_median,effective_federal_funds_rate,2,52,0.679247643749162,0.4033882768737233
abm_pandemic_masked_common_cells,beforeit_abm_us_v2_median,effective_federal_funds_rate,4,50,1.2105710606858313,0.7432189340007447
abm_pandemic_masked_common_cells,beforeit_abm_us_v2_median,effective_federal_funds_rate,8,46,1.9434261657204068,1.2897183419463625
abm_pandemic_masked_common_cells,beforeit_abm_us_v2_median,effective_federal_funds_rate,12,42,2.3072251773406114,1.7125686029938414
abm_pandemic_masked_common_cells,beforeit_abm_us_v1_mean,real_gdp,1,53,2.054880533088578,1.7864988059288547
abm_pandemic_masked_common_cells,beforeit_abm_us_v1_mean,real_gdp,2,52,7.435630637418824,7.270190033126514
abm_pandemic_masked_common_cells,beforeit_abm_us_v1_mean,real_gdp,4,50,3.3117489204774655,2.988076874159666
abm_pandemic_masked_common_cells,beforeit_abm_us_v1_mean,real_gdp,8,46,2.655753727511828,2.3431698464445576
abm_pandemic_masked_common_cells,beforeit_abm_us_v1_mean,real_gdp,12,42,2.5427400255212618,2.2517591799987864
abm_pandemic_masked_common_cells,beforeit_abm_us_v1_mean,gdp_deflator,1,53,1.1415393109950542,0.9070420662593223
abm_pandemic_masked_common_cells,beforeit_abm_us_v1_mean,gdp_deflator,2,52,1.3167164604879966,0.8592608635222223
abm_pandemic_masked_common_cells,beforeit_abm_us_v1_mean,gdp_deflator,4,50,1.5980836700274939,0.9873612819356855
abm_pandemic_masked_common_cells,beforeit_abm_us_v1_mean,gdp_deflator,8,46,1.7170995641107432,1.0233296335061115
abm_pandemic_masked_common_cells,beforeit_abm_us_v1_mean,gdp_deflator,12,42,1.7951721164964731,1.1028326572135358
abm_pandemic_masked_common_cells,beforeit_abm_us_v1_mean,nominal_gdp,1,53,2.17158575742132,1.775972118441836
abm_pandemic_masked_common_cells,beforeit_abm_us_v1_mean,nominal_gdp,2,52,7.512674720277078,7.313864156331267
abm_pandemic_masked_common_cells,beforeit_abm_us_v1_mean,nominal_gdp,4,50,3.617721257879078,3.1466720586335004
abm_pandemic_masked_common_cells,beforeit_abm_us_v1_mean,nominal_gdp,8,46,3.1956283851786433,2.6621146958353195
abm_pandemic_masked_common_cells,beforeit_abm_us_v1_mean,nominal_gdp,12,42,3.142126401574721,2.661742423470005
abm_pandemic_masked_common_cells,beforeit_abm_us_v1_mean,unemployment_rate,1,53,2.6020493230818618,1.803420887667279
abm_pandemic_masked_common_cells,beforeit_abm_us_v1_mean,unemployment_rate,2,52,1.9265588954739952,1.4103659392815955
abm_pandemic_masked_common_cells,beforeit_abm_us_v1_mean,unemployment_rate,4,50,1.6996135776475678,1.4650149689667893
abm_pandemic_masked_common_cells,beforeit_abm_us_v1_mean,unemployment_rate,8,46,1.6100181507205293,1.419112021207366
abm_pandemic_masked_common_cells,beforeit_abm_us_v1_mean,unemployment_rate,12,42,1.3700301828988348,1.18820389784246
abm_pandemic_masked_common_cells,beforeit_abm_us_v1_mean,effective_federal_funds_rate,1,53,0.3595720791920096,0.21293386368877135
abm_pandemic_masked_common_cells,beforeit_abm_us_v1_mean,effective_federal_funds_rate,2,52,0.6798722111568962,0.4085455104057653
abm_pandemic_masked_common_cells,beforeit_abm_us_v1_mean,effective_federal_funds_rate,4,50,1.2073424512646946,0.7471770722714018
abm_pandemic_masked_common_cells,beforeit_abm_us_v1_mean,effective_federal_funds_rate,8,46,1.9353640951860445,1.2895266163204808
abm_pandemic_masked_common_cells,beforeit_abm_us_v1_mean,effective_federal_funds_rate,12,42,2.303346085964568,1.7168739506089403
abm_pandemic_masked_common_cells,beforeit_abm_us_v1_median,real_gdp,1,53,2.0751323154723655,1.7895848568197874
abm_pandemic_masked_common_cells,beforeit_abm_us_v1_median,real_gdp,2,52,7.415861994570003,7.254214629169839
abm_pandemic_masked_common_cells,beforeit_abm_us_v1_median,real_gdp,4,50,3.198773981490649,2.873936856354186
abm_pandemic_masked_common_cells,beforeit_abm_us_v1_median,real_gdp,8,46,2.579899041065627,2.2765140001095694
abm_pandemic_masked_common_cells,beforeit_abm_us_v1_median,real_gdp,12,42,2.46269005762861,2.1672789703896904
abm_pandemic_masked_common_cells,beforeit_abm_us_v1_median,gdp_deflator,1,53,1.1388863748892326,0.9047411380462826
abm_pandemic_masked_common_cells,beforeit_abm_us_v1_median,gdp_deflator,2,52,1.3183550156395887,0.8571878428510012
abm_pandemic_masked_common_cells,beforeit_abm_us_v1_median,gdp_deflator,4,50,1.5941470496388246,0.9869435478146701
abm_pandemic_masked_common_cells,beforeit_abm_us_v1_median,gdp_deflator,8,46,1.719184262514336,1.0276355864033317
abm_pandemic_masked_common_cells,beforeit_abm_us_v1_median,gdp_deflator,12,42,1.804844101955438,1.1105806725605578
abm_pandemic_masked_common_cells,beforeit_abm_us_v1_median,nominal_gdp,1,53,2.1795833328676175,1.779882546867016
abm_pandemic_masked_common_cells,beforeit_abm_us_v1_median,nominal_gdp,2,52,7.46475074834381,7.2694144065253345
abm_pandemic_masked_common_cells,beforeit_abm_us_v1_median,nominal_gdp,4,50,3.50800916300061,3.038165411347082
abm_pandemic_masked_common_cells,beforeit_abm_us_v1_median,nominal_gdp,8,46,3.1471155543390488,2.601442305792283
abm_pandemic_masked_common_cells,beforeit_abm_us_v1_median,nominal_gdp,12,42,3.064679244124511,2.599993295177973
abm_pandemic_masked_common_cells,beforeit_abm_us_v1_median,unemployment_rate,1,53,2.557886612718375,1.745750067164025
abm_pandemic_masked_common_cells,beforeit_abm_us_v1_median,unemployment_rate,2,52,1.9103940616743003,1.3956785182688733
abm_pandemic_masked_common_cells,beforeit_abm_us_v1_median,unemployment_rate,4,50,1.7161109794939742,1.4798430083972385
abm_pandemic_masked_common_cells,beforeit_abm_us_v1_median,unemployment_rate,8,46,1.6049676871050624,1.4132879343460871
abm_pandemic_masked_common_cells,beforeit_abm_us_v1_median,unemployment_rate,12,42,1.3565396301517614,1.1784219127592703
abm_pandemic_masked_common_cells,beforeit_abm_us_v1_median,effective_federal_funds_rate,1,53,0.3588949606479204,0.20836250724105043
abm_pandemic_masked_common_cells,beforeit_abm_us_v1_median,effective_federal_funds_rate,2,52,0.6807709221389102,0.4045122049880601
abm_pandemic_masked_common_cells,beforeit_abm_us_v1_median,effective_federal_funds_rate,4,50,1.2107451211814655,0.7451969636911078
abm_pandemic_masked_common_cells,beforeit_abm_us_v1_median,effective_federal_funds_rate,8,46,1.9431608804678369,1.2924276557356271
abm_pandemic_masked_common_cells,beforeit_abm_us_v1_median,effective_federal_funds_rate,12,42,2.311231397257083,1.7215642775048485
abm_pandemic_masked_common_cells,dsge_small_nk,real_gdp,1,53,3.183754970204308,2.7171742843221907
abm_pandemic_masked_common_cells,dsge_small_nk,real_gdp,2,52,3.0718513543467467,2.6332480804238085
abm_pandemic_masked_common_cells,dsge_small_nk,real_gdp,4,50,3.079233349196964,2.6861081820634802
abm_pandemic_masked_common_cells,dsge_small_nk,real_gdp,8,46,3.241982748825074,2.9105854532960445
abm_pandemic_masked_common_cells,dsge_small_nk,real_gdp,12,42,3.304560973028856,3.0512170533669987
abm_pandemic_masked_common_cells,dsge_small_nk,gdp_deflator,1,53,1.1585096364578027,0.9202019538617376
abm_pandemic_masked_common_cells,dsge_small_nk,gdp_deflator,2,52,1.2889238207625924,0.9590995254383075
abm_pandemic_masked_common_cells,dsge_small_nk,gdp_deflator,4,50,1.5843827307279676,1.074089523107595
abm_pandemic_masked_common_cells,dsge_small_nk,gdp_deflator,8,46,1.9779539127837873,1.2623616092604464
abm_pandemic_masked_common_cells,dsge_small_nk,gdp_deflator,12,42,2.104845123827184,1.4044676831105847
abm_pandemic_masked_common_cells,dsge_small_nk,nominal_gdp,1,53,3.4955430384610615,2.900653023390578
abm_pandemic_masked_common_cells,dsge_small_nk,nominal_gdp,2,52,3.498875466253021,2.9952511599656315
abm_pandemic_masked_common_cells,dsge_small_nk,nominal_gdp,4,50,3.7196610773737273,3.2520728652639246
abm_pandemic_masked_common_cells,dsge_small_nk,nominal_gdp,8,46,4.4057892388445135,3.79307265918303
abm_pandemic_masked_common_cells,dsge_small_nk,nominal_gdp,12,42,4.514358060233053,4.090919491539776
abm_pandemic_masked_common_cells,dsge_small_nk,unemployment_rate,1,53,0.4576478932095607,0.4029629193867362
abm_pandemic_masked_common_cells,dsge_small_nk,unemployment_rate,2,52,0.9196431762150277,0.8173684836167888
abm_pandemic_masked_common_cells,dsge_small_nk,unemployment_rate,4,50,1.9424873359251151,1.7167650446832097
abm_pandemic_masked_common_cells,dsge_small_nk,unemployment_rate,8,46,4.729110977684492,3.845662492713766
abm_pandemic_masked_common_cells,dsge_small_nk,unemployment_rate,12,42,6.496723066530783,5.641620878014996
abm_pandemic_masked_common_cells,dsge_small_nk,effective_federal_funds_rate,1,53,0.4093856751200848,0.33361820439451667
abm_pandemic_masked_common_cells,dsge_small_nk,effective_federal_funds_rate,2,52,0.6795709056704925,0.5479678184561741
abm_pandemic_masked_common_cells,dsge_small_nk,effective_federal_funds_rate,4,50,1.0105969193102229,0.8484914782772919
abm_pandemic_masked_common_cells,dsge_small_nk,effective_federal_funds_rate,8,46,1.4527639615688823,1.2459085431875152
abm_pandemic_masked_common_cells,dsge_small_nk,effective_federal_funds_rate,12,42,1.9607547690232199,1.629042548475189
abm_pandemic_masked_common_cells,dsge_small_nk_median,real_gdp,1,53,3.1649696635472524,2.706860120095965
abm_pandemic_masked_common_cells,dsge_small_nk_median,real_gdp,2,52,3.08031578553659,2.6322297565547617
abm_pandemic_masked_common_cells,dsge_small_nk_median,real_gdp,4,50,3.048699519880565,2.6647325781677638
abm_pandemic_masked_common_cells,dsge_small_nk_median,real_gdp,8,46,3.2360561007510986,2.8974964096935345
abm_pandemic_masked_common_cells,dsge_small_nk_median,real_gdp,12,42,3.3107630246886908,3.0530721498915883
abm_pandemic_masked_common_cells,dsge_small_nk_median,gdp_deflator,1,53,1.1490313172128754,0.9124138328919007
abm_pandemic_masked_common_cells,dsge_small_nk_median,gdp_deflator,2,52,1.2832152653550533,0.9502149136720208
abm_pandemic_masked_common_cells,dsge_small_nk_median,gdp_deflator,4,50,1.5911556278220065,1.083236227634422
abm_pandemic_masked_common_cells,dsge_small_nk_median,gdp_deflator,8,46,1.9889738851952012,1.2711624975400966
abm_pandemic_masked_common_cells,dsge_small_nk_median,gdp_deflator,12,42,2.107888684568685,1.4129990986048802
abm_pandemic_masked_common_cells,dsge_small_nk_median,nominal_gdp,1,53,3.47953570404565,2.8662899739852
abm_pandemic_masked_common_cells,dsge_small_nk_median,nominal_gdp,2,52,3.516794872640626,3.011767792092537
abm_pandemic_masked_common_cells,dsge_small_nk_median,nominal_gdp,4,50,3.69355478134936,3.215063883840258
abm_pandemic_masked_common_cells,dsge_small_nk_median,nominal_gdp,8,46,4.402133096162971,3.7874091966040417
abm_pandemic_masked_common_cells,dsge_small_nk_median,nominal_gdp,12,42,4.569434716653335,4.145512343794784
abm_pandemic_masked_common_cells,dsge_small_nk_median,unemployment_rate,1,53,0.4557630566142672,0.4019844719709007
abm_pandemic_masked_common_cells,dsge_small_nk_median,unemployment_rate,2,52,0.9210108477850975,0.8207697616320904
abm_pandemic_masked_common_cells,dsge_small_nk_median,unemployment_rate,4,50,1.9407740687163333,1.7261611332581634
abm_pandemic_masked_common_cells,dsge_small_nk_median,unemployment_rate,8,46,4.717300390490479,3.8739915368157405
abm_pandemic_masked_common_cells,dsge_small_nk_median,unemployment_rate,12,42,6.503414941323747,5.623298779730108
abm_pandemic_masked_common_cells,dsge_small_nk_median,effective_federal_funds_rate,1,53,0.3934613479492615,0.31398915334436556
abm_pandemic_masked_common_cells,dsge_small_nk_median,effective_federal_funds_rate,2,52,0.6526407107857956,0.5241508932267375
abm_pandemic_masked_common_cells,dsge_small_nk_median,effective_federal_funds_rate,4,50,0.9766734837658337,0.819625387787209
abm_pandemic_masked_common_cells,dsge_small_nk_median,effective_federal_funds_rate,8,46,1.4659399920765823,1.2526107470978711
abm_pandemic_masked_common_cells,dsge_small_nk_median,effective_federal_funds_rate,12,42,2.0852265112925474,1.680843433359077
abm_pandemic_masked_common_cells,dsge_sw07,real_gdp,1,53,2.418446686814976,1.9551027497554623
abm_pandemic_masked_common_cells,dsge_sw07,real_gdp,2,52,2.6825746115825124,2.197335430956395
abm_pandemic_masked_common_cells,dsge_sw07,real_gdp,4,50,2.644901941706615,2.1568942405341347
abm_pandemic_masked_common_cells,dsge_sw07,real_gdp,8,46,2.3318250883042526,1.9184941343418638
abm_pandemic_masked_common_cells,dsge_sw07,real_gdp,12,42,1.8422979914976112,1.5130618816199919
abm_pandemic_masked_common_cells,dsge_sw07,gdp_deflator,1,53,1.1044150934515204,0.8878361240821757
abm_pandemic_masked_common_cells,dsge_sw07,gdp_deflator,2,52,1.2202151447741645,0.9551348119030657
abm_pandemic_masked_common_cells,dsge_sw07,gdp_deflator,4,50,1.3628813772258581,0.9480158616265755
abm_pandemic_masked_common_cells,dsge_sw07,gdp_deflator,8,46,1.8684948180616208,1.077829638942306
abm_pandemic_masked_common_cells,dsge_sw07,gdp_deflator,12,42,1.7295846819568026,1.0891074881078948
abm_pandemic_masked_common_cells,dsge_sw07,nominal_gdp,1,53,2.369624016646097,1.7940894170395854
abm_pandemic_masked_common_cells,dsge_sw07,nominal_gdp,2,52,2.6342934648837097,2.0776053156449565
abm_pandemic_masked_common_cells,dsge_sw07,nominal_gdp,4,50,2.6071699369043317,2.059912079502539
abm_pandemic_masked_common_cells,dsge_sw07,nominal_gdp,8,46,2.3609132011347573,1.9014352383502455
abm_pandemic_masked_common_cells,dsge_sw07,nominal_gdp,12,42,2.3906957902711965,1.8760015631195694
abm_pandemic_masked_common_cells,dsge_sw07,unemployment_rate,1,53,0.22553547937970406,0.16241169477359657
abm_pandemic_masked_common_cells,dsge_sw07,unemployment_rate,2,52,0.5267028699283882,0.29782073165764567
abm_pandemic_masked_common_cells,dsge_sw07,unemployment_rate,4,50,1.1236052342769718,0.6317064824820106
abm_pandemic_masked_common_cells,dsge_sw07,unemployment_rate,8,46,2.2696537063405824,1.304127266702753
abm_pandemic_masked_common_cells,dsge_sw07,unemployment_rate,12,42,2.2588760245707853,1.5344763797841015
abm_pandemic_masked_common_cells,dsge_sw07,effective_federal_funds_rate,1,53,0.5417236683502781,0.45705889198710203
abm_pandemic_masked_common_cells,dsge_sw07,effective_federal_funds_rate,2,52,1.011281881858744,0.8617393215190284
abm_pandemic_masked_common_cells,dsge_sw07,effective_federal_funds_rate,4,50,1.7066070812602778,1.4669623831015894
abm_pandemic_masked_common_cells,dsge_sw07,effective_federal_funds_rate,8,46,2.421487696882198,2.108457024863152
abm_pandemic_masked_common_cells,dsge_sw07,effective_federal_funds_rate,12,42,2.849313196538072,2.454974479266492
abm_pandemic_masked_common_cells,dsge_sw07_median,real_gdp,1,53,2.426303286390633,1.9659944331467467
abm_pandemic_masked_common_cells,dsge_sw07_median,real_gdp,2,52,2.669789292968951,2.1795641289502345
abm_pandemic_masked_common_cells,dsge_sw07_median,real_gdp,4,50,2.652153501464336,2.1513336169365576
abm_pandemic_masked_common_cells,dsge_sw07_median,real_gdp,8,46,2.355941127491217,1.936675267827804
abm_pandemic_masked_common_cells,dsge_sw07_median,real_gdp,12,42,1.8231835817833082,1.4947234023418248
abm_pandemic_masked_common_cells,dsge_sw07_median,gdp_deflator,1,53,1.1138374874462518,0.8940348980324264
abm_pandemic_masked_common_cells,dsge_sw07_median,gdp_deflator,2,52,1.224312215671589,0.9594089012205286
abm_pandemic_masked_common_cells,dsge_sw07_median,gdp_deflator,4,50,1.3655387357068738,0.9501875748363485
abm_pandemic_masked_common_cells,dsge_sw07_median,gdp_deflator,8,46,1.8566342374545626,1.0657718046219418
abm_pandemic_masked_common_cells,dsge_sw07_median,gdp_deflator,12,42,1.7340318646072528,1.09088594577866
abm_pandemic_masked_common_cells,dsge_sw07_median,nominal_gdp,1,53,2.3820660506305953,1.8125282540362573
abm_pandemic_masked_common_cells,dsge_sw07_median,nominal_gdp,2,52,2.622556850567727,2.0671354229463534
abm_pandemic_masked_common_cells,dsge_sw07_median,nominal_gdp,4,50,2.623275233817364,2.0824876991728103
abm_pandemic_masked_common_cells,dsge_sw07_median,nominal_gdp,8,46,2.434827093206546,1.9574244338600193
abm_pandemic_masked_common_cells,dsge_sw07_median,nominal_gdp,12,42,2.3976898307928574,1.8922068382973989
abm_pandemic_masked_common_cells,dsge_sw07_median,unemployment_rate,1,53,0.22401783395564318,0.162737285335374
abm_pandemic_masked_common_cells,dsge_sw07_median,unemployment_rate,2,52,0.5346281939434665,0.30150449787023015
abm_pandemic_masked_common_cells,dsge_sw07_median,unemployment_rate,4,50,1.1114930962064045,0.6222173246123732
abm_pandemic_masked_common_cells,dsge_sw07_median,unemployment_rate,8,46,2.2718350756605035,1.2746691463390254
abm_pandemic_masked_common_cells,dsge_sw07_median,unemployment_rate,12,42,2.1808492230529692,1.4887945165388268
abm_pandemic_masked_common_cells,dsge_sw07_median,effective_federal_funds_rate,1,53,0.47708671519372126,0.3964920480086028
abm_pandemic_masked_common_cells,dsge_sw07_median,effective_federal_funds_rate,2,52,0.9661982296646948,0.8127726879783703
abm_pandemic_masked_common_cells,dsge_sw07_median,effective_federal_funds_rate,4,50,1.6663883636756174,1.4217954893841036
abm_pandemic_masked_common_cells,dsge_sw07_median,effective_federal_funds_rate,8,46,2.3941980540457886,2.0860004849961093
abm_pandemic_masked_common_cells,dsge_sw07_median,effective_federal_funds_rate,12,42,2.838430348834365,2.450580357588019
