sample_track,model_id,target_id,horizon,observation_count,origin_start,origin_end,rmse,mae,mase,mean_error
abm_all_available_common_cells,naive_no_change,real_gdp,1,61,2010Q2,2025Q2,9.693765927710036,3.7466413662963607,1.5124431480966967,-0.007059662819639371
abm_all_available_common_cells,naive_no_change,real_gdp,2,60,2010Q2,2025Q1,9.06183055046393,4.162781975398633,1.7342717390781615,-0.018739049886333164
abm_all_available_common_cells,naive_no_change,real_gdp,4,58,2010Q2,2024Q3,9.041778259522694,4.372767116680466,1.8370147115761009,-0.02006951342384465
abm_all_available_common_cells,naive_no_change,real_gdp,8,54,2010Q2,2023Q3,8.838793537745401,4.426429524585092,1.878882377388295,-0.03261304249049993
abm_all_available_common_cells,naive_no_change,real_gdp,12,50,2010Q2,2022Q3,9.167099622202198,4.32315139987688,1.830907386287334,-0.1548588001395598
abm_all_available_common_cells,naive_no_change,gdp_deflator,1,61,2010Q2,2025Q2,1.4762633833399403,1.0849748503133443,1.4404163582209402,-0.028200242409704902
abm_all_available_common_cells,naive_no_change,gdp_deflator,2,60,2010Q2,2025Q1,1.5828827102902885,1.1715454340436664,1.555705034218127,-0.04340562003433333
abm_all_available_common_cells,naive_no_change,gdp_deflator,4,58,2010Q2,2024Q3,2.1288352967685653,1.4872040051017068,1.9446190717387661,-0.0722117802219138
abm_all_available_common_cells,naive_no_change,gdp_deflator,8,54,2010Q2,2023Q3,2.8643591434765674,2.020828034300074,2.7107880065232743,-0.09790499759381481
abm_all_available_common_cells,naive_no_change,gdp_deflator,12,50,2010Q2,2022Q3,2.7092472553873157,2.00498372971656,2.6967965302739496,-0.21409048025811997
abm_all_available_common_cells,naive_no_change,nominal_gdp,1,61,2010Q2,2025Q2,10.495644272313646,4.0986560219665895,1.605662502457393,-0.03534389090993428
abm_all_available_common_cells,naive_no_change,nominal_gdp,2,60,2010Q2,2025Q1,9.603669839740789,4.413167731554067,1.8146760417479528,-0.06220619116246677
abm_all_available_common_cells,naive_no_change,nominal_gdp,4,58,2010Q2,2024Q3,10.027024722070056,4.830027710374138,1.9816455529246249,-0.0922903505295519
abm_all_available_common_cells,naive_no_change,nominal_gdp,8,54,2010Q2,2023Q3,10.476122683411633,5.676457023787851,2.3508195725492924,-0.13054553753866677
abm_all_available_common_cells,naive_no_change,nominal_gdp,12,50,2010Q2,2022Q3,10.220590765581278,5.625786895154081,2.305343117663435,-0.3690213470721602
abm_all_available_common_cells,naive_no_change,unemployment_rate,1,61,2010Q2,2025Q2,1.3413895956652229,0.43005464480878686,1.629282399838469,0.08688524590163937
abm_all_available_common_cells,naive_no_change,unemployment_rate,2,60,2010Q2,2025Q1,1.6888468562020933,0.71611111111115,2.7182468317728805,0.17611111111111669
abm_all_available_common_cells,naive_no_change,unemployment_rate,4,58,2010Q2,2024Q3,2.0096272123374574,1.1442528735632416,4.317326981597152,0.35919540229886204
abm_all_available_common_cells,naive_no_change,unemployment_rate,8,54,2010Q2,2023Q3,2.5021842310122318,1.7512345679013333,6.6346261972907214,0.7413580246913704
abm_all_available_common_cells,naive_no_change,unemployment_rate,12,50,2010Q2,2022Q3,2.7534786079511417,2.0773333333333603,7.947501149990914,1.15066666666668
abm_all_available_common_cells,naive_no_change,effective_federal_funds_rate,1,61,2010Q2,2025Q2,0.3743381404547077,0.1862008773860328,0.7459767455191761,-0.0672797131147541
abm_all_available_common_cells,naive_no_change,effective_federal_funds_rate,2,60,2010Q2,2025Q1,0.7027605357464869,0.37371165118500005,1.5094261835723526,-0.13742708333333334
abm_all_available_common_cells,naive_no_change,effective_federal_funds_rate,4,58,2010Q2,2024Q3,1.2648265883479501,0.7460488875244655,3.0368404846117016,-0.2911618784981551
abm_all_available_common_cells,naive_no_change,effective_federal_funds_rate,8,54,2010Q2,2023Q3,2.0354727063707823,1.3467872457341667,5.519831375870109,-0.6997468363536853
abm_all_available_common_cells,naive_no_change,effective_federal_funds_rate,12,50,2010Q2,2022Q3,2.381955197707287,1.6881261383992001,6.853288308238133,-1.11203335109188
abm_all_available_common_cells,naive_drift,real_gdp,1,61,2010Q2,2025Q2,9.756036468837962,3.775995848533776,1.5240284449975392,0.022827930444292304
abm_all_available_common_cells,naive_drift,real_gdp,2,60,2010Q2,2025Q1,9.17907549817391,4.223139020278808,1.7580603003296675,0.0409015177093526
abm_all_available_common_cells,naive_drift,real_gdp,4,58,2010Q2,2024Q3,9.277953387521917,4.488288262753476,1.8820025621092824,0.10305427783413587
abm_all_available_common_cells,naive_drift,real_gdp,8,54,2010Q2,2023Q3,9.312045115065304,4.717580822769526,1.991857689347341,0.21718408330162897
abm_all_available_common_cells,naive_drift,real_gdp,12,50,2010Q2,2022Q3,9.900820736331344,4.723844162784506,1.984178418837103,0.22045139741142614
abm_all_available_common_cells,naive_drift,gdp_deflator,1,61,2010Q2,2025Q2,1.4864215910747332,1.0889457074411384,1.445809507545708,-0.03009461643212458
abm_all_available_common_cells,naive_drift,gdp_deflator,2,60,2010Q2,2025Q1,1.6047661715317716,1.1856789159469538,1.5758098661620061,-0.0471788806035661
abm_all_available_common_cells,naive_drift,gdp_deflator,4,58,2010Q2,2024Q3,2.1837929887241225,1.518194876021553,1.9844681908121466,-0.08091820041597467
abm_all_available_common_cells,naive_drift,gdp_deflator,8,54,2010Q2,2023Q3,3.0137508478752393,2.127488865334472,2.8496683650175583,-0.11602205313232436
abm_all_available_common_cells,naive_drift,gdp_deflator,12,50,2010Q2,2022Q3,2.9212935986345077,2.180543959115292,2.9273478228230148,-0.2528059933882529
abm_all_available_common_cells,naive_drift,nominal_gdp,1,61,2010Q2,2025Q2,10.562924542645133,4.126708767849322,1.6163427399001755,-0.00736523428159395
abm_all_available_common_cells,naive_drift,nominal_gdp,2,60,2010Q2,2025Q1,9.727581191574911,4.480302897706803,1.840625743591164,-0.006367813749539882
abm_all_available_common_cells,naive_drift,nominal_gdp,4,58,2010Q2,2024Q3,10.286528083331106,4.986632331533795,2.038670747159207,0.022068707088664867
abm_all_available_common_cells,naive_drift,nominal_gdp,8,54,2010Q2,2023Q3,11.027370247802198,6.027384834998876,2.4764227224200477,0.10101572919343564
abm_all_available_common_cells,naive_drift,nominal_gdp,12,50,2010Q2,2022Q3,11.024149743170275,6.044355568449037,2.448850251404091,-0.032614184581130544
abm_all_available_common_cells,naive_drift,unemployment_rate,1,61,2010Q2,2025Q2,1.3550220416890622,0.4616647323967297,1.7512773109905533,0.1198910249194734
abm_all_available_common_cells,naive_drift,unemployment_rate,2,60,2010Q2,2025Q1,1.7264695075062717,0.7856206372892867,2.9870180945796228,0.2431555217133724
abm_all_available_common_cells,naive_drift,unemployment_rate,4,58,2010Q2,2024Q3,2.115070356226006,1.2889137564458586,4.876045969785774,0.4977193473611557
abm_all_available_common_cells,naive_drift,unemployment_rate,8,54,2010Q2,2023Q3,2.8015672861620833,2.0653090562884864,7.847973045580907,1.0393040331009886
abm_all_available_common_cells,naive_drift,unemployment_rate,12,50,2010Q2,2022Q3,3.3053002721284743,2.571024827111893,9.852757945124633,1.63793947503045
abm_all_available_common_cells,naive_drift,effective_federal_funds_rate,1,61,2010Q2,2025Q2,0.3975360601581026,0.2529880665369654,0.9839729980612822,-0.1525236074178854
abm_all_available_common_cells,naive_drift,effective_federal_funds_rate,2,60,2010Q2,2025Q1,0.7562502901394167,0.5079396803825554,1.9856332138963786,-0.31002184734854576
abm_all_available_common_cells,naive_drift,effective_federal_funds_rate,4,58,2010Q2,2024Q3,1.3979730440564302,1.0216856349178807,4.009888964521196,-0.6454006118930037
abm_all_available_common_cells,naive_drift,effective_federal_funds_rate,8,54,2010Q2,2023Q3,2.4077990959499807,1.9188468204912439,7.486577057699134,-1.4531981004470398
abm_all_available_common_cells,naive_drift,effective_federal_funds_rate,12,50,2010Q2,2022Q3,3.0957484916146436,2.5828698864814674,9.903369698245882,-2.312323927348523
abm_all_available_common_cells,naive_historical_mean,real_gdp,1,61,2010Q2,2025Q2,6.108437207343514,2.6046229042079028,1.0788234503380987,-0.4719393158880739
abm_all_available_common_cells,naive_historical_mean,real_gdp,2,60,2010Q2,2025Q1,6.135521040243206,2.6294126171963152,1.1336693866440573,-0.46326987882741977
abm_all_available_common_cells,naive_historical_mean,real_gdp,4,58,2010Q2,2024Q3,6.2202892759537995,2.6652352151399428,1.1759874667476775,-0.5311316873960363
abm_all_available_common_cells,naive_historical_mean,real_gdp,8,54,2010Q2,2023Q3,6.420281352641419,2.724921049900153,1.228641375124033,-0.5316733573827261
abm_all_available_common_cells,naive_historical_mean,real_gdp,12,50,2010Q2,2022Q3,6.6623838739345,2.8738101830615994,1.284507046797659,-0.6024701076322095
abm_all_available_common_cells,naive_historical_mean,gdp_deflator,1,61,2010Q2,2025Q2,1.860778477848113,1.1705814108266417,1.5039539003050342,-0.39049182537167204
abm_all_available_common_cells,naive_historical_mean,gdp_deflator,2,60,2010Q2,2025Q1,1.8878427512147233,1.1790333623709814,1.5188223280918325,-0.4147703928956641
abm_all_available_common_cells,naive_historical_mean,gdp_deflator,4,58,2010Q2,2024Q3,1.9463700609956636,1.2284690968798502,1.6066657585463375,-0.43241764898706764
abm_all_available_common_cells,naive_historical_mean,gdp_deflator,8,54,2010Q2,2023Q3,2.024805556430599,1.2875543780654577,1.7526085959374997,-0.4870719355196866
abm_all_available_common_cells,naive_historical_mean,gdp_deflator,12,50,2010Q2,2022Q3,2.102217006254978,1.3756975982221435,1.8922673370381813,-0.5582462455230751
abm_all_available_common_cells,naive_historical_mean,nominal_gdp,1,61,2010Q2,2025Q2,6.8855677636856605,3.168732019871121,1.2343223442551512,-0.8624826378739144
abm_all_available_common_cells,naive_historical_mean,nominal_gdp,2,60,2010Q2,2025Q1,6.92672527991079,3.2227396760797267,1.3049249664349918,-0.8780874225903358
abm_all_available_common_cells,naive_historical_mean,nominal_gdp,4,58,2010Q2,2024Q3,7.041749266663669,3.2855634145780783,1.3722479321636913,-0.9635502411975478
abm_all_available_common_cells,naive_historical_mean,nominal_gdp,8,54,2010Q2,2023Q3,7.2875376542934145,3.44252364014375,1.5102817025741149,-1.0187733319824024
abm_all_available_common_cells,naive_historical_mean,nominal_gdp,12,50,2010Q2,2022Q3,7.556283118822995,3.6412053908690405,1.6145160858974565,-1.1607534473264713
abm_all_available_common_cells,naive_historical_mean,unemployment_rate,1,61,2010Q2,2025Q2,2.1190346203961465,1.848017654176237,6.879798727022372,0.5275376491916761
abm_all_available_common_cells,naive_historical_mean,unemployment_rate,2,60,2010Q2,2025Q1,2.1112362813786274,1.8453934562530494,6.9078067094931495,0.5991299433448775
abm_all_available_common_cells,naive_historical_mean,unemployment_rate,4,58,2010Q2,2024Q3,2.0953820579328815,1.8398879166371922,6.827068978378075,0.7420240215074473
abm_all_available_common_cells,naive_historical_mean,unemployment_rate,8,54,2010Q2,2023Q3,2.0862804661223806,1.8291929788276944,6.838795926246151,1.0168626719228002
abm_all_available_common_cells,naive_historical_mean,unemployment_rate,12,50,2010Q2,2022Q3,2.120926238088534,1.850442225941519,7.182969082143574,1.2646578238820811
abm_all_available_common_cells,naive_historical_mean,effective_federal_funds_rate,1,61,2010Q2,2025Q2,1.9875071439387675,1.756372959541968,6.303493101232649,0.4325403353534652
abm_all_available_common_cells,naive_historical_mean,effective_federal_funds_rate,2,60,2010Q2,2025Q1,2.0069841610660784,1.7703279589100864,6.359389109856061,0.4114083455339143
abm_all_available_common_cells,naive_historical_mean,effective_federal_funds_rate,4,58,2010Q2,2024Q3,2.0424831426792314,1.7944233161293832,6.487079141995804,0.36769019415684
abm_all_available_common_cells,naive_historical_mean,effective_federal_funds_rate,8,54,2010Q2,2023Q3,2.084553115932132,1.8187622908354797,6.673840103540197,0.27158517250859115
abm_all_available_common_cells,naive_historical_mean,effective_federal_funds_rate,12,50,2010Q2,2022Q3,2.098930903163602,1.8216411398679702,6.743034125401721,0.17716937620449622
abm_all_available_common_cells,univariate_ar_p1_constant,real_gdp,1,61,2010Q2,2025Q2,9.04664670024397,3.297864119656172,1.3427991041027802,-1.0763942490602256
abm_all_available_common_cells,univariate_ar_p1_constant,real_gdp,2,60,2010Q2,2025Q1,7.371783480774824,3.0576247452102137,1.3171577642685826,-0.784891825709447
abm_all_available_common_cells,univariate_ar_p1_constant,real_gdp,4,58,2010Q2,2024Q3,7.186585500067501,3.044728562147678,1.3334092157202873,-0.8711686305585544
abm_all_available_common_cells,univariate_ar_p1_constant,real_gdp,8,54,2010Q2,2023Q3,6.714934650945641,2.9682740461143,1.3286926111635262,-0.7788532701638117
abm_all_available_common_cells,univariate_ar_p1_constant,real_gdp,12,50,2010Q2,2022Q3,6.865110779820829,3.069025939172327,1.3643613843646378,-0.7802028094517443
abm_all_available_common_cells,univariate_ar_p1_constant,gdp_deflator,1,61,2010Q2,2025Q2,1.4256884513530748,1.0889303830025845,1.4292435045154204,-0.15702144445516045
abm_all_available_common_cells,univariate_ar_p1_constant,gdp_deflator,2,60,2010Q2,2025Q1,1.6515783827672563,1.0960483601632065,1.4239596541948956,-0.2481778325312884
abm_all_available_common_cells,univariate_ar_p1_constant,gdp_deflator,4,58,2010Q2,2024Q3,1.9408321806583608,1.2430348913064295,1.6274221728263347,-0.3454128513243753
abm_all_available_common_cells,univariate_ar_p1_constant,gdp_deflator,8,54,2010Q2,2023Q3,2.031877284482296,1.3000623983992636,1.7707533085731837,-0.45690870215703444
abm_all_available_common_cells,univariate_ar_p1_constant,gdp_deflator,12,50,2010Q2,2022Q3,2.10136444711278,1.379642755349462,1.8962072838908204,-0.5518687353609809
abm_all_available_common_cells,univariate_ar_p1_constant,nominal_gdp,1,61,2010Q2,2025Q2,10.100219866779002,4.012468337238543,1.5435762213380124,-1.6523318463783006
abm_all_available_common_cells,univariate_ar_p1_constant,nominal_gdp,2,60,2010Q2,2025Q1,8.418205641591438,3.790737360269346,1.5411155868672242,-1.3207461886964176
abm_all_available_common_cells,univariate_ar_p1_constant,nominal_gdp,4,58,2010Q2,2024Q3,8.497505757828987,3.7767276860574563,1.5695743262601751,-1.4036812931552196
abm_all_available_common_cells,univariate_ar_p1_constant,nominal_gdp,8,54,2010Q2,2023Q3,8.124923376616069,3.8426207447456315,1.6702237861917497,-1.3711780733406316
abm_all_available_common_cells,univariate_ar_p1_constant,nominal_gdp,12,50,2010Q2,2022Q3,7.93245602336929,3.9526654810563557,1.7378875384790273,-1.446321004169356
abm_all_available_common_cells,univariate_ar_p1_constant,unemployment_rate,1,61,2010Q2,2025Q2,1.323078696356275,0.5032006918921575,1.860249156993149,0.19543974032666503
abm_all_available_common_cells,univariate_ar_p1_constant,unemployment_rate,2,60,2010Q2,2025Q1,1.6594531969584303,0.8598785083770063,3.1855130093595836,0.37685411504942434
abm_all_available_common_cells,univariate_ar_p1_constant,unemployment_rate,4,58,2010Q2,2024Q3,1.9849315172703754,1.3859234406369667,5.141904173417448,0.7051233312696955
abm_all_available_common_cells,univariate_ar_p1_constant,unemployment_rate,8,54,2010Q2,2023Q3,2.510435978491332,2.089230419463346,7.8837975477441296,1.2675150342252461
abm_all_available_common_cells,univariate_ar_p1_constant,unemployment_rate,12,50,2010Q2,2022Q3,2.9408328439303117,2.500153734626356,9.618425360530066,1.7577129135937104
abm_all_available_common_cells,univariate_ar_p1_constant,effective_federal_funds_rate,1,61,2010Q2,2025Q2,0.3955055967220294,0.2127611173610828,0.8447231359129046,-0.10844787724780428
abm_all_available_common_cells,univariate_ar_p1_constant,effective_federal_funds_rate,2,60,2010Q2,2025Q1,0.7303930864684315,0.4062301762921632,1.6273045887445199,-0.21409095740006018
abm_all_available_common_cells,univariate_ar_p1_constant,effective_federal_funds_rate,4,58,2010Q2,2024Q3,1.272752060332156,0.7508102923358237,3.0440780067923647,-0.4214070758681721
abm_all_available_common_cells,univariate_ar_p1_constant,effective_federal_funds_rate,8,54,2010Q2,2023Q3,1.9724047203491208,1.3125477477044727,5.343438433151478,-0.8583077896296579
abm_all_available_common_cells,univariate_ar_p1_constant,effective_federal_funds_rate,12,50,2010Q2,2022Q3,2.278897188904244,1.604173486908887,6.482391321183972,-1.1971740633665346
abm_all_available_common_cells,univariate_ar_p4_constant,real_gdp,1,61,2010Q2,2025Q2,9.794935041741821,3.7200651669089164,1.4760239540432454,-1.5405226093031241
abm_all_available_common_cells,univariate_ar_p4_constant,real_gdp,2,60,2010Q2,2025Q1,7.5467984052729875,3.1393851866985987,1.3448153727039158,-0.7944553351873007
abm_all_available_common_cells,univariate_ar_p4_constant,real_gdp,4,58,2010Q2,2024Q3,6.266629012505121,2.70304865215183,1.1883928569531856,-0.4501891912021928
abm_all_available_common_cells,univariate_ar_p4_constant,real_gdp,8,54,2010Q2,2023Q3,6.74019848069036,2.962774491990535,1.3276733686340725,-0.21095933495117403
abm_all_available_common_cells,univariate_ar_p4_constant,real_gdp,12,50,2010Q2,2022Q3,6.912774752212147,3.0948652110683974,1.3741919014915311,-0.7960495000786914
abm_all_available_common_cells,univariate_ar_p4_constant,gdp_deflator,1,61,2010Q2,2025Q2,1.4425176428424884,1.1100312737621667,1.4569201684475306,-0.14420052428381966
abm_all_available_common_cells,univariate_ar_p4_constant,gdp_deflator,2,60,2010Q2,2025Q1,1.6218031413109086,1.131741823381153,1.4699598591331866,-0.17341416605374327
abm_all_available_common_cells,univariate_ar_p4_constant,gdp_deflator,4,58,2010Q2,2024Q3,2.0854006411637176,1.3549476503923652,1.7658156061942403,-0.2554749613703159
abm_all_available_common_cells,univariate_ar_p4_constant,gdp_deflator,8,54,2010Q2,2023Q3,2.284566138517861,1.4961486867029836,2.012037102850648,-0.34932428223563083
abm_all_available_common_cells,univariate_ar_p4_constant,gdp_deflator,12,50,2010Q2,2022Q3,2.3173729950334097,1.485963944969872,2.023323443704453,-0.4298751987037212
abm_all_available_common_cells,univariate_ar_p4_constant,nominal_gdp,1,61,2010Q2,2025Q2,11.569814886757213,4.793608825639679,1.784616422293424,-2.330719354193641
abm_all_available_common_cells,univariate_ar_p4_constant,nominal_gdp,2,60,2010Q2,2025Q1,8.648541135226205,3.7529521847084415,1.5441830501089484,-1.0905427072084566
abm_all_available_common_cells,univariate_ar_p4_constant,nominal_gdp,4,58,2010Q2,2024Q3,7.838662797871424,3.6276900506406156,1.5096391940779053,-1.1682761603856855
abm_all_available_common_cells,univariate_ar_p4_constant,nominal_gdp,8,54,2010Q2,2023Q3,7.296483441290225,3.4330336374842454,1.5114183881214178,-0.7394613223050202
abm_all_available_common_cells,univariate_ar_p4_constant,nominal_gdp,12,50,2010Q2,2022Q3,7.54843472177939,3.638053186112753,1.6094798231368481,-1.1080455925729202
abm_all_available_common_cells,univariate_ar_p4_constant,unemployment_rate,1,61,2010Q2,2025Q2,3.0062752821639993,0.9772007845691556,3.094882334878638,0.5958519667192635
abm_all_available_common_cells,univariate_ar_p4_constant,unemployment_rate,2,60,2010Q2,2025Q1,3.748610745017729,1.214540089154608,4.093785313726827,0.6161928027658785
abm_all_available_common_cells,univariate_ar_p4_constant,unemployment_rate,4,58,2010Q2,2024Q3,5.74250756170456,2.0772827288114817,6.870906986586322,1.199730199196719
abm_all_available_common_cells,univariate_ar_p4_constant,unemployment_rate,8,54,2010Q2,2023Q3,2.811584516457303,1.8735175583761654,6.851670703580499,0.7758027940328178
abm_all_available_common_cells,univariate_ar_p4_constant,unemployment_rate,12,50,2010Q2,2022Q3,6.545687230778066,2.9246715196892707,10.41446390672691,-0.1453921834270402
abm_all_available_common_cells,univariate_ar_p4_constant,effective_federal_funds_rate,1,61,2010Q2,2025Q2,0.2811942759455555,0.19348363377275624,0.7292454215116083,0.021282626603498257
abm_all_available_common_cells,univariate_ar_p4_constant,effective_federal_funds_rate,2,60,2010Q2,2025Q1,0.573466837057894,0.4127599999197031,1.5508848673812252,0.04944183982136941
abm_all_available_common_cells,univariate_ar_p4_constant,effective_federal_funds_rate,4,58,2010Q2,2024Q3,1.1273407723950837,0.8184270291759668,3.047698300375706,0.14612414697467677
abm_all_available_common_cells,univariate_ar_p4_constant,effective_federal_funds_rate,8,54,2010Q2,2023Q3,1.9929020262872241,1.6405812973085647,6.029495102537611,0.30621224138334713
abm_all_available_common_cells,univariate_ar_p4_constant,effective_federal_funds_rate,12,50,2010Q2,2022Q3,2.41479468447564,2.084102698565539,7.629034763403788,0.34744567350211253
abm_all_available_common_cells,univariate_ar_bic_p1-2-3-4-5-6-7-8_constant,real_gdp,1,61,2010Q2,2025Q2,9.04664670024397,3.297864119656172,1.3427991041027802,-1.0763942490602256
abm_all_available_common_cells,univariate_ar_bic_p1-2-3-4-5-6-7-8_constant,real_gdp,2,60,2010Q2,2025Q1,7.371783480774824,3.0576247452102137,1.3171577642685826,-0.784891825709447
abm_all_available_common_cells,univariate_ar_bic_p1-2-3-4-5-6-7-8_constant,real_gdp,4,58,2010Q2,2024Q3,7.186585500067501,3.044728562147678,1.3334092157202873,-0.8711686305585544
abm_all_available_common_cells,univariate_ar_bic_p1-2-3-4-5-6-7-8_constant,real_gdp,8,54,2010Q2,2023Q3,6.714934650945641,2.9682740461143,1.3286926111635262,-0.7788532701638117
abm_all_available_common_cells,univariate_ar_bic_p1-2-3-4-5-6-7-8_constant,real_gdp,12,50,2010Q2,2022Q3,6.865110779820829,3.069025939172327,1.3643613843646378,-0.7802028094517443
abm_all_available_common_cells,univariate_ar_bic_p1-2-3-4-5-6-7-8_constant,gdp_deflator,1,61,2010Q2,2025Q2,1.4118689406438747,1.0706512096410743,1.40773107636669,-0.07216403329615881
abm_all_available_common_cells,univariate_ar_bic_p1-2-3-4-5-6-7-8_constant,gdp_deflator,2,60,2010Q2,2025Q1,1.62497941857077,1.111064112577368,1.4410707079802123,-0.10004105603199334
abm_all_available_common_cells,univariate_ar_bic_p1-2-3-4-5-6-7-8_constant,gdp_deflator,4,58,2010Q2,2024Q3,2.063115478006406,1.3180719041979259,1.7159815301034582,-0.15583983284696973
abm_all_available_common_cells,univariate_ar_bic_p1-2-3-4-5-6-7-8_constant,gdp_deflator,8,54,2010Q2,2023Q3,2.1859402062536315,1.438844088504014,1.9349550200491425,-0.26411739899443426
abm_all_available_common_cells,univariate_ar_bic_p1-2-3-4-5-6-7-8_constant,gdp_deflator,12,50,2010Q2,2022Q3,2.2288422933142864,1.465265298139257,1.9989856945743198,-0.3815878640909914
abm_all_available_common_cells,univariate_ar_bic_p1-2-3-4-5-6-7-8_constant,nominal_gdp,1,61,2010Q2,2025Q2,10.100219866779002,4.012468337238543,1.5435762213380124,-1.6523318463783006
abm_all_available_common_cells,univariate_ar_bic_p1-2-3-4-5-6-7-8_constant,nominal_gdp,2,60,2010Q2,2025Q1,8.418205641591438,3.790737360269346,1.5411155868672242,-1.3207461886964176
abm_all_available_common_cells,univariate_ar_bic_p1-2-3-4-5-6-7-8_constant,nominal_gdp,4,58,2010Q2,2024Q3,8.497505757828987,3.7767276860574563,1.5695743262601751,-1.4036812931552196
abm_all_available_common_cells,univariate_ar_bic_p1-2-3-4-5-6-7-8_constant,nominal_gdp,8,54,2010Q2,2023Q3,8.124923376616069,3.8426207447456315,1.6702237861917497,-1.3711780733406316
abm_all_available_common_cells,univariate_ar_bic_p1-2-3-4-5-6-7-8_constant,nominal_gdp,12,50,2010Q2,2022Q3,7.93245602336929,3.9526654810563557,1.7378875384790273,-1.446321004169356
abm_all_available_common_cells,univariate_ar_bic_p1-2-3-4-5-6-7-8_constant,unemployment_rate,1,61,2010Q2,2025Q2,2.626804951966387,0.7953247232750854,2.632044612802064,0.4219638837299303
abm_all_available_common_cells,univariate_ar_bic_p1-2-3-4-5-6-7-8_constant,unemployment_rate,2,60,2010Q2,2025Q1,3.407464178582979,1.0874197110780723,3.7520174104387314,0.5114051195652595
abm_all_available_common_cells,univariate_ar_bic_p1-2-3-4-5-6-7-8_constant,unemployment_rate,4,58,2010Q2,2024Q3,4.84118280476339,1.6759283857272718,5.828554029104539,0.862250839810117
abm_all_available_common_cells,univariate_ar_bic_p1-2-3-4-5-6-7-8_constant,unemployment_rate,8,54,2010Q2,2023Q3,3.516064155871964,2.1010563322185742,7.47843377113539,0.6940762682662114
abm_all_available_common_cells,univariate_ar_bic_p1-2-3-4-5-6-7-8_constant,unemployment_rate,12,50,2010Q2,2022Q3,8.220870563658599,3.394166260524412,11.609718469389396,-0.4675821273965445
abm_all_available_common_cells,univariate_ar_bic_p1-2-3-4-5-6-7-8_constant,effective_federal_funds_rate,1,61,2010Q2,2025Q2,0.2719990958553592,0.18745005327739225,0.7069213822051087,0.00046462173134237487
abm_all_available_common_cells,univariate_ar_bic_p1-2-3-4-5-6-7-8_constant,effective_federal_funds_rate,2,60,2010Q2,2025Q1,0.5632437794167708,0.40526678929401044,1.5221775628110579,-0.004416056765576674
abm_all_available_common_cells,univariate_ar_bic_p1-2-3-4-5-6-7-8_constant,effective_federal_funds_rate,4,58,2010Q2,2024Q3,1.1345686015825067,0.8537256738864881,3.1798494986152415,0.019751440083896035
abm_all_available_common_cells,univariate_ar_bic_p1-2-3-4-5-6-7-8_constant,effective_federal_funds_rate,8,54,2010Q2,2023Q3,1.9777121333718266,1.6543369887708623,6.091194525312164,0.07420170720170638
abm_all_available_common_cells,univariate_ar_bic_p1-2-3-4-5-6-7-8_constant,effective_federal_funds_rate,12,50,2010Q2,2022Q3,2.2859058320747043,1.9444602834284053,7.1490043388409985,0.10790498118458544
abm_all_available_common_cells,beforeit_var_p1_constant,real_gdp,1,61,2010Q2,2025Q2,9.088555880484682,3.6437905971272677,1.492140135465022,-0.07805867018962667
abm_all_available_common_cells,beforeit_var_p1_constant,real_gdp,2,60,2010Q2,2025Q1,7.350004268648322,3.4640168313591535,1.4696623939426452,-0.16314636953375689
abm_all_available_common_cells,beforeit_var_p1_constant,real_gdp,4,58,2010Q2,2024Q3,6.352387920785006,2.9320164723391753,1.287443421459065,0.1969161943506844
abm_all_available_common_cells,beforeit_var_p1_constant,real_gdp,8,54,2010Q2,2023Q3,7.857105542007758,3.4355828217012196,1.526975268412583,0.44488989537742013
abm_all_available_common_cells,beforeit_var_p1_constant,real_gdp,12,50,2010Q2,2022Q3,6.730027949591218,2.9337010920605646,1.3076123038822078,-0.40715276684225316
abm_all_available_common_cells,beforeit_var_p1_constant,gdp_deflator,1,61,2010Q2,2025Q2,1.799886199242383,1.1874803590831393,1.5569568880421507,-0.030083931820159625
abm_all_available_common_cells,beforeit_var_p1_constant,gdp_deflator,2,60,2010Q2,2025Q1,2.137430546282033,1.4229686239333252,1.8687226078288026,-0.11383958703311974
abm_all_available_common_cells,beforeit_var_p1_constant,gdp_deflator,4,58,2010Q2,2024Q3,2.3589154106693546,1.551223106725149,2.0534124383575674,-0.1518186354910937
abm_all_available_common_cells,beforeit_var_p1_constant,gdp_deflator,8,54,2010Q2,2023Q3,2.091064639732065,1.506688709195778,2.0666338487709646,-0.13069512836282815
abm_all_available_common_cells,beforeit_var_p1_constant,gdp_deflator,12,50,2010Q2,2022Q3,2.3654829804374904,1.6420864598078146,2.2583082519774726,-0.4057810311897516
abm_all_available_common_cells,beforeit_var_p1_constant,nominal_gdp,1,61,2010Q2,2025Q2,10.42451252916068,4.08754071321162,1.6221053363404125,-0.1082867908896757
abm_all_available_common_cells,beforeit_var_p1_constant,nominal_gdp,2,60,2010Q2,2025Q1,8.717695380475288,4.163748877262029,1.7115757242520138,-0.27699957428098837
abm_all_available_common_cells,beforeit_var_p1_constant,nominal_gdp,4,58,2010Q2,2024Q3,7.3855776255903764,3.77138246819623,1.592206935670201,0.04507708451404481
abm_all_available_common_cells,beforeit_var_p1_constant,nominal_gdp,8,54,2010Q2,2023Q3,8.738842757859924,4.3884928570132615,1.9019081213891995,0.3141338708284617
abm_all_available_common_cells,beforeit_var_p1_constant,nominal_gdp,12,50,2010Q2,2022Q3,7.7455130305736954,3.947203844746907,1.7396614433195083,-0.8129981333376634
abm_all_available_common_cells,beforeit_var_p1_constant,unemployment_rate,1,61,2010Q2,2025Q2,2.10292650804041,0.5908583347741178,2.079881325934513,0.1077653735707137
abm_all_available_common_cells,beforeit_var_p1_constant,unemployment_rate,2,60,2010Q2,2025Q1,3.3082199892300603,0.9406673421710997,3.3573653205555796,0.250580966494435
abm_all_available_common_cells,beforeit_var_p1_constant,unemployment_rate,4,58,2010Q2,2024Q3,4.167567397137974,1.4258803065019623,5.117249324581397,0.35868839340196385
abm_all_available_common_cells,beforeit_var_p1_constant,unemployment_rate,8,54,2010Q2,2023Q3,2.2417902345429317,1.4799584548751004,5.65459033522081,0.07569659321688765
abm_all_available_common_cells,beforeit_var_p1_constant,unemployment_rate,12,50,2010Q2,2022Q3,3.8982134670486452,2.0737860695751578,7.6841470836436585,-0.011264676843787881
abm_all_available_common_cells,beforeit_var_p1_constant,effective_federal_funds_rate,1,61,2010Q2,2025Q2,0.6637953930085977,0.37305783204888043,1.4230892440176541,-0.07959998600798733
abm_all_available_common_cells,beforeit_var_p1_constant,effective_federal_funds_rate,2,60,2010Q2,2025Q1,1.2450982741282128,0.6780022991117325,2.567785868203367,-0.13756548958995765
abm_all_available_common_cells,beforeit_var_p1_constant,effective_federal_funds_rate,4,58,2010Q2,2024Q3,2.07235146003868,1.1901730996397986,4.44991204208468,-0.19420025068424798
abm_all_available_common_cells,beforeit_var_p1_constant,effective_federal_funds_rate,8,54,2010Q2,2023Q3,2.3793370608254643,1.7407505263270446,6.383258999571407,-0.14945015551557075
abm_all_available_common_cells,beforeit_var_p1_constant,effective_federal_funds_rate,12,50,2010Q2,2022Q3,2.688415687382162,2.0948450203549536,7.741012151827619,-0.23107351019344796
abm_all_available_common_cells,beforeit_var_p2_constant,real_gdp,1,61,2010Q2,2025Q2,9.579899667710045,4.351361306544352,1.7074042591710226,-0.4191336615605919
abm_all_available_common_cells,beforeit_var_p2_constant,real_gdp,2,60,2010Q2,2025Q1,9.537087196899904,4.292819681375678,1.730988561110181,0.906973091211382
abm_all_available_common_cells,beforeit_var_p2_constant,real_gdp,4,58,2010Q2,2024Q3,12.137043338803299,4.383575052978435,1.741237775472633,1.3972150526230398
abm_all_available_common_cells,beforeit_var_p2_constant,real_gdp,8,54,2010Q2,2023Q3,26.680830919219506,6.893372912745296,2.5949989779882894,2.996565387814206
abm_all_available_common_cells,beforeit_var_p2_constant,real_gdp,12,50,2010Q2,2022Q3,66.75191609607441,13.400934041514104,4.7129519698038385,7.589621444022562
abm_all_available_common_cells,beforeit_var_p2_constant,gdp_deflator,1,61,2010Q2,2025Q2,1.6207892282435767,1.1607176047020824,1.522811357325079,0.09428706927994222
abm_all_available_common_cells,beforeit_var_p2_constant,gdp_deflator,2,60,2010Q2,2025Q1,2.397452146138949,1.465234733172361,1.9314057450965259,0.08249903422558985
abm_all_available_common_cells,beforeit_var_p2_constant,gdp_deflator,4,58,2010Q2,2024Q3,3.11337782955845,1.7848344277176087,2.3489372634098435,-0.033682566275792324
abm_all_available_common_cells,beforeit_var_p2_constant,gdp_deflator,8,54,2010Q2,2023Q3,5.531162235575966,2.509761008367439,3.3488396610087543,0.01230054032668172
abm_all_available_common_cells,beforeit_var_p2_constant,gdp_deflator,12,50,2010Q2,2022Q3,11.97461078484844,3.886064244533435,5.085182887086833,-0.1631829749179451
abm_all_available_common_cells,beforeit_var_p2_constant,nominal_gdp,1,61,2010Q2,2025Q2,10.457905828119568,4.933546257448792,1.8556009054209779,-0.32526611730473687
abm_all_available_common_cells,beforeit_var_p2_constant,nominal_gdp,2,60,2010Q2,2025Q1,10.794834449598921,5.032911675701328,1.9846207017820183,0.989776743582013
abm_all_available_common_cells,beforeit_var_p2_constant,nominal_gdp,4,58,2010Q2,2024Q3,13.538893378720267,5.51016347398623,2.1170514015740705,1.364062687722944
abm_all_available_common_cells,beforeit_var_p2_constant,nominal_gdp,8,54,2010Q2,2023Q3,30.540379227328916,8.931757764376654,3.300867445615481,3.009959247229775
abm_all_available_common_cells,beforeit_var_p2_constant,nominal_gdp,12,50,2010Q2,2022Q3,76.60985905261835,16.57298757684322,5.718267271548329,7.428910468275637
abm_all_available_common_cells,beforeit_var_p2_constant,unemployment_rate,1,61,2010Q2,2025Q2,2.065844565402677,0.746682188018338,2.4498773176566755,0.11761117601017665
abm_all_available_common_cells,beforeit_var_p2_constant,unemployment_rate,2,60,2010Q2,2025Q1,2.6168584797791943,0.9516968168075949,3.3351077083183873,-0.02079265043565631
abm_all_available_common_cells,beforeit_var_p2_constant,unemployment_rate,4,58,2010Q2,2024Q3,2.886434601409644,1.3811294793792026,4.861564120347706,-0.079524264137116
abm_all_available_common_cells,beforeit_var_p2_constant,unemployment_rate,8,54,2010Q2,2023Q3,3.4158440095062064,1.917310838493731,6.762168612867844,-0.5311159683171367
abm_all_available_common_cells,beforeit_var_p2_constant,unemployment_rate,12,50,2010Q2,2022Q3,7.6584258019045395,3.0192931834701295,10.130548669297971,-0.7162314765105389
abm_all_available_common_cells,beforeit_var_p2_constant,effective_federal_funds_rate,1,61,2010Q2,2025Q2,0.35471846452938766,0.27865700077572064,1.0351216188210612,0.08764195711186283
abm_all_available_common_cells,beforeit_var_p2_constant,effective_federal_funds_rate,2,60,2010Q2,2025Q1,0.7463634182013058,0.5487849601785013,2.0132261048095796,0.1877073433370727
abm_all_available_common_cells,beforeit_var_p2_constant,effective_federal_funds_rate,4,58,2010Q2,2024Q3,1.2902508573613536,0.9305254493797221,3.378633211688748,0.4101276811908009
abm_all_available_common_cells,beforeit_var_p2_constant,effective_federal_funds_rate,8,54,2010Q2,2023Q3,2.0709164308644583,1.514360467310289,5.397537188728944,0.6609916685552145
abm_all_available_common_cells,beforeit_var_p2_constant,effective_federal_funds_rate,12,50,2010Q2,2022Q3,2.826640894484204,2.0182442466347674,7.503588686960886,0.4429364336193436
abm_all_available_common_cells,beforeit_var_p3_constant,real_gdp,1,61,2010Q2,2025Q2,8.661769435395632,4.597492860019241,1.7873157526998638,-0.07920117221735688
abm_all_available_common_cells,beforeit_var_p3_constant,real_gdp,2,60,2010Q2,2025Q1,10.508705808497607,5.444281864381704,2.164845162662046,0.2114161107933209
abm_all_available_common_cells,beforeit_var_p3_constant,real_gdp,4,58,2010Q2,2024Q3,13.411813278944637,5.400079943553273,2.0964446483614214,-1.228195125482111
abm_all_available_common_cells,beforeit_var_p3_constant,real_gdp,8,54,2010Q2,2023Q3,27.122147996133204,8.536661007015667,3.395890356992694,2.891964351321451
abm_all_available_common_cells,beforeit_var_p3_constant,real_gdp,12,50,2010Q2,2022Q3,278.12664143325566,45.71023818162209,14.969813649175517,40.47840286937595
abm_all_available_common_cells,beforeit_var_p3_constant,gdp_deflator,1,61,2010Q2,2025Q2,1.9793534507810182,1.3366047986767837,1.752748483893753,0.13199316269199882
abm_all_available_common_cells,beforeit_var_p3_constant,gdp_deflator,2,60,2010Q2,2025Q1,3.916394603289584,2.0037271957282714,2.620702278857156,-0.1641634409806079
abm_all_available_common_cells,beforeit_var_p3_constant,gdp_deflator,4,58,2010Q2,2024Q3,4.583305839436251,2.364514937978538,3.084896021192239,-0.34995356409711614
abm_all_available_common_cells,beforeit_var_p3_constant,gdp_deflator,8,54,2010Q2,2023Q3,19.273909256703764,5.485888936466707,7.228643703544673,2.5013531561784332
abm_all_available_common_cells,beforeit_var_p3_constant,gdp_deflator,12,50,2010Q2,2022Q3,55.59187896452723,12.034442144502725,15.18103795704688,5.878119890878216
abm_all_available_common_cells,beforeit_var_p3_constant,nominal_gdp,1,61,2010Q2,2025Q2,9.139986353970475,5.120788625107634,1.9113094987294084,0.05228115761212998
abm_all_available_common_cells,beforeit_var_p3_constant,nominal_gdp,2,60,2010Q2,2025Q1,13.626435993907993,6.837831428233885,2.6295715829351627,0.047973962594257874
abm_all_available_common_cells,beforeit_var_p3_constant,nominal_gdp,4,58,2010Q2,2024Q3,16.256190801066698,6.956768124250894,2.623662366481619,-1.5770699042817402
abm_all_available_common_cells,beforeit_var_p3_constant,nominal_gdp,8,54,2010Q2,2023Q3,45.905794320034,13.500074876223675,5.183311603131029,5.388712288575285
abm_all_available_common_cells,beforeit_var_p3_constant,nominal_gdp,12,50,2010Q2,2022Q3,331.30680602976605,53.02940850376831,16.44017072826864,46.3520618619754
abm_all_available_common_cells,beforeit_var_p3_constant,unemployment_rate,1,61,2010Q2,2025Q2,1.7314807412474964,0.6921116182936955,2.2614085352879143,-0.11295091408167086
abm_all_available_common_cells,beforeit_var_p3_constant,unemployment_rate,2,60,2010Q2,2025Q1,3.374841152110994,1.3224984141923017,4.334333640044787,0.15734443011722174
abm_all_available_common_cells,beforeit_var_p3_constant,unemployment_rate,4,58,2010Q2,2024Q3,3.071265011065615,1.816030143312018,5.959966150004555,-0.6718572634740225
abm_all_available_common_cells,beforeit_var_p3_constant,unemployment_rate,8,54,2010Q2,2023Q3,17.982432620062507,5.220929364860164,15.892364393582513,0.3045975959102168
abm_all_available_common_cells,beforeit_var_p3_constant,unemployment_rate,12,50,2010Q2,2022Q3,68.56526663667157,15.527040432950033,44.756464171302696,-6.596491454411594
abm_all_available_common_cells,beforeit_var_p3_constant,effective_federal_funds_rate,1,61,2010Q2,2025Q2,0.4371604406258969,0.31797772044869566,1.1948773630082707,0.10739132406963636
abm_all_available_common_cells,beforeit_var_p3_constant,effective_federal_funds_rate,2,60,2010Q2,2025Q1,0.8580013089509686,0.5943512862462322,2.1977474248023072,0.19026386390971453
abm_all_available_common_cells,beforeit_var_p3_constant,effective_federal_funds_rate,4,58,2010Q2,2024Q3,1.6252783099310713,1.1506286318899819,4.2029979977975245,0.5073705361146843
abm_all_available_common_cells,beforeit_var_p3_constant,effective_federal_funds_rate,8,54,2010Q2,2023Q3,3.4687341506882516,2.3698916590371675,8.587928283321459,1.2343263499464427
abm_all_available_common_cells,beforeit_var_p3_constant,effective_federal_funds_rate,12,50,2010Q2,2022Q3,4.877518164959629,3.0730825405738034,11.435445961595407,2.0901388217243535
abm_all_available_common_cells,bvar_mniw_v1_p1_constant_tight3fc999999999999a_decay3ff0000000000000_own0000000000000000_ivar4059000000000000_iwoff2_iscale3ff0000000000000_floor3e45798ee2308c3a_diffmse_scale,real_gdp,1,61,2010Q2,2025Q2,7.917596768941776,3.2298486337724372,1.3158180475656391,-0.5488607106526231
abm_all_available_common_cells,bvar_mniw_v1_p1_constant_tight3fc999999999999a_decay3ff0000000000000_own0000000000000000_ivar4059000000000000_iwoff2_iscale3ff0000000000000_floor3e45798ee2308c3a_diffmse_scale,real_gdp,2,60,2010Q2,2025Q1,6.443099216543576,2.946619570627845,1.259685264952308,-0.28067012254452123
abm_all_available_common_cells,bvar_mniw_v1_p1_constant_tight3fc999999999999a_decay3ff0000000000000_own0000000000000000_ivar4059000000000000_iwoff2_iscale3ff0000000000000_floor3e45798ee2308c3a_diffmse_scale,real_gdp,4,58,2010Q2,2024Q3,6.2002800535315865,2.701142591785878,1.1837363116744801,-0.2150744533079025
abm_all_available_common_cells,bvar_mniw_v1_p1_constant_tight3fc999999999999a_decay3ff0000000000000_own0000000000000000_ivar4059000000000000_iwoff2_iscale3ff0000000000000_floor3e45798ee2308c3a_diffmse_scale,real_gdp,8,54,2010Q2,2023Q3,6.4590412267624915,2.8191708629123857,1.2689610806174487,-0.27310918533576145
abm_all_available_common_cells,bvar_mniw_v1_p1_constant_tight3fc999999999999a_decay3ff0000000000000_own0000000000000000_ivar4059000000000000_iwoff2_iscale3ff0000000000000_floor3e45798ee2308c3a_diffmse_scale,real_gdp,12,50,2010Q2,2022Q3,6.647200801353926,2.77910671402347,1.2434566723190121,-0.41177222796955987
abm_all_available_common_cells,bvar_mniw_v1_p1_constant_tight3fc999999999999a_decay3ff0000000000000_own0000000000000000_ivar4059000000000000_iwoff2_iscale3ff0000000000000_floor3e45798ee2308c3a_diffmse_scale,gdp_deflator,1,61,2010Q2,2025Q2,1.6882412140842218,1.1709539495654642,1.5348776682795695,-0.11540440350258632
abm_all_available_common_cells,bvar_mniw_v1_p1_constant_tight3fc999999999999a_decay3ff0000000000000_own0000000000000000_ivar4059000000000000_iwoff2_iscale3ff0000000000000_floor3e45798ee2308c3a_diffmse_scale,gdp_deflator,2,60,2010Q2,2025Q1,1.9046196499835988,1.2803327265754483,1.6707770588747892,-0.24811464207324016
abm_all_available_common_cells,bvar_mniw_v1_p1_constant_tight3fc999999999999a_decay3ff0000000000000_own0000000000000000_ivar4059000000000000_iwoff2_iscale3ff0000000000000_floor3e45798ee2308c3a_diffmse_scale,gdp_deflator,4,58,2010Q2,2024Q3,2.053605103105653,1.3083897746536308,1.7210981808496304,-0.37662769360593373
abm_all_available_common_cells,bvar_mniw_v1_p1_constant_tight3fc999999999999a_decay3ff0000000000000_own0000000000000000_ivar4059000000000000_iwoff2_iscale3ff0000000000000_floor3e45798ee2308c3a_diffmse_scale,gdp_deflator,8,54,2010Q2,2023Q3,2.0762519110301776,1.3556123458219378,1.850524417708336,-0.5045440192988034
abm_all_available_common_cells,bvar_mniw_v1_p1_constant_tight3fc999999999999a_decay3ff0000000000000_own0000000000000000_ivar4059000000000000_iwoff2_iscale3ff0000000000000_floor3e45798ee2308c3a_diffmse_scale,gdp_deflator,12,50,2010Q2,2022Q3,2.150312237765924,1.4179676308770082,1.9527176538283089,-0.6103183301417449
abm_all_available_common_cells,bvar_mniw_v1_p1_constant_tight3fc999999999999a_decay3ff0000000000000_own0000000000000000_ivar4059000000000000_iwoff2_iscale3ff0000000000000_floor3e45798ee2308c3a_diffmse_scale,nominal_gdp,1,61,2010Q2,2025Q2,9.063089198084453,3.637768245691122,1.437809380102985,-0.6643732328189637
abm_all_available_common_cells,bvar_mniw_v1_p1_constant_tight3fc999999999999a_decay3ff0000000000000_own0000000000000000_ivar4059000000000000_iwoff2_iscale3ff0000000000000_floor3e45798ee2308c3a_diffmse_scale,nominal_gdp,2,60,2010Q2,2025Q1,7.399908240542424,3.5308129311710332,1.4507686218730576,-0.528830740340731
abm_all_available_common_cells,bvar_mniw_v1_p1_constant_tight3fc999999999999a_decay3ff0000000000000_own0000000000000000_ivar4059000000000000_iwoff2_iscale3ff0000000000000_floor3e45798ee2308c3a_diffmse_scale,nominal_gdp,4,58,2010Q2,2024Q3,7.046729632397791,3.4149525107455823,1.4262030213493233,-0.5917216268786931
abm_all_available_common_cells,bvar_mniw_v1_p1_constant_tight3fc999999999999a_decay3ff0000000000000_own0000000000000000_ivar4059000000000000_iwoff2_iscale3ff0000000000000_floor3e45798ee2308c3a_diffmse_scale,nominal_gdp,8,54,2010Q2,2023Q3,7.304446919352732,3.5378184265787107,1.5549079886559778,-0.7777025440953516
abm_all_available_common_cells,bvar_mniw_v1_p1_constant_tight3fc999999999999a_decay3ff0000000000000_own0000000000000000_ivar4059000000000000_iwoff2_iscale3ff0000000000000_floor3e45798ee2308c3a_diffmse_scale,nominal_gdp,12,50,2010Q2,2022Q3,7.573625493837048,3.658408586759395,1.6239647287551398,-1.0221453445417183
abm_all_available_common_cells,bvar_mniw_v1_p1_constant_tight3fc999999999999a_decay3ff0000000000000_own0000000000000000_ivar4059000000000000_iwoff2_iscale3ff0000000000000_floor3e45798ee2308c3a_diffmse_scale,unemployment_rate,1,61,2010Q2,2025Q2,1.6751753324600938,0.5152091602338944,1.8641031824027414,0.15078505521113914
abm_all_available_common_cells,bvar_mniw_v1_p1_constant_tight3fc999999999999a_decay3ff0000000000000_own0000000000000000_ivar4059000000000000_iwoff2_iscale3ff0000000000000_floor3e45798ee2308c3a_diffmse_scale,unemployment_rate,2,60,2010Q2,2025Q1,2.1911312221008035,0.8425425372446995,3.0408086122030444,0.2775440770656878
abm_all_available_common_cells,bvar_mniw_v1_p1_constant_tight3fc999999999999a_decay3ff0000000000000_own0000000000000000_ivar4059000000000000_iwoff2_iscale3ff0000000000000_floor3e45798ee2308c3a_diffmse_scale,unemployment_rate,4,58,2010Q2,2024Q3,2.232531355617768,1.2462320414490058,4.53005995227987,0.4555775700997817
abm_all_available_common_cells,bvar_mniw_v1_p1_constant_tight3fc999999999999a_decay3ff0000000000000_own0000000000000000_ivar4059000000000000_iwoff2_iscale3ff0000000000000_floor3e45798ee2308c3a_diffmse_scale,unemployment_rate,8,54,2010Q2,2023Q3,2.1266764909301834,1.6508297995043495,6.118774186232251,0.8015720352657233
abm_all_available_common_cells,bvar_mniw_v1_p1_constant_tight3fc999999999999a_decay3ff0000000000000_own0000000000000000_ivar4059000000000000_iwoff2_iscale3ff0000000000000_floor3e45798ee2308c3a_diffmse_scale,unemployment_rate,12,50,2010Q2,2022Q3,2.2056328046103735,1.9019902115470695,7.253922309914497,1.2037405617313615
abm_all_available_common_cells,bvar_mniw_v1_p1_constant_tight3fc999999999999a_decay3ff0000000000000_own0000000000000000_ivar4059000000000000_iwoff2_iscale3ff0000000000000_floor3e45798ee2308c3a_diffmse_scale,effective_federal_funds_rate,1,61,2010Q2,2025Q2,0.48409907441142674,0.3181303432563743,1.207801966002634,-0.007269783316792201
abm_all_available_common_cells,bvar_mniw_v1_p1_constant_tight3fc999999999999a_decay3ff0000000000000_own0000000000000000_ivar4059000000000000_iwoff2_iscale3ff0000000000000_floor3e45798ee2308c3a_diffmse_scale,effective_federal_funds_rate,2,60,2010Q2,2025Q1,0.8598746297527218,0.5724830392229656,2.167714806320177,-0.018827708238351715
abm_all_available_common_cells,bvar_mniw_v1_p1_constant_tight3fc999999999999a_decay3ff0000000000000_own0000000000000000_ivar4059000000000000_iwoff2_iscale3ff0000000000000_floor3e45798ee2308c3a_diffmse_scale,effective_federal_funds_rate,4,58,2010Q2,2024Q3,1.3649329902445977,0.9800910566993205,3.717052659846543,-0.06304178562977782
abm_all_available_common_cells,bvar_mniw_v1_p1_constant_tight3fc999999999999a_decay3ff0000000000000_own0000000000000000_ivar4059000000000000_iwoff2_iscale3ff0000000000000_floor3e45798ee2308c3a_diffmse_scale,effective_federal_funds_rate,8,54,2010Q2,2023Q3,1.96702446856709,1.586477922683514,6.06759463536469,-0.24312918073645964
abm_all_available_common_cells,bvar_mniw_v1_p1_constant_tight3fc999999999999a_decay3ff0000000000000_own0000000000000000_ivar4059000000000000_iwoff2_iscale3ff0000000000000_floor3e45798ee2308c3a_diffmse_scale,effective_federal_funds_rate,12,50,2010Q2,2022Q3,2.2677038299345513,1.7983495294890093,6.88638710905629,-0.4541430103555214
abm_all_available_common_cells,beforeit_abm_us_v2_mean,real_gdp,1,61,2010Q2,2025Q2,6.087919113557013,2.516303085938292,1.043403527204038,-0.024926079591004128
abm_all_available_common_cells,beforeit_abm_us_v2_mean,real_gdp,2,60,2010Q2,2025Q1,6.1000588699754745,2.5414227333531385,1.0994352204685491,-0.09640879460599007
abm_all_available_common_cells,beforeit_abm_us_v2_mean,real_gdp,4,58,2010Q2,2024Q3,6.223525640631677,2.5759642392936506,1.1372085757890058,-0.14278102243755708
abm_all_available_common_cells,beforeit_abm_us_v2_mean,real_gdp,8,54,2010Q2,2023Q3,6.441828930721641,2.7142511383349333,1.2212240619943608,-0.11896045375241648
abm_all_available_common_cells,beforeit_abm_us_v2_mean,real_gdp,12,50,2010Q2,2022Q3,6.6509785359926115,2.8235671784943155,1.2586288081743517,-0.20169225358066284
abm_all_available_common_cells,beforeit_abm_us_v2_mean,gdp_deflator,1,61,2010Q2,2025Q2,1.4287653664859339,1.0907110654109418,1.429993170614683,-0.19193735266516299
abm_all_available_common_cells,beforeit_abm_us_v2_mean,gdp_deflator,2,60,2010Q2,2025Q1,1.654359801127486,1.107948088197545,1.4403645576733781,-0.29163176125905677
abm_all_available_common_cells,beforeit_abm_us_v2_mean,gdp_deflator,4,58,2010Q2,2024Q3,1.9512408958831566,1.2529304509441281,1.6391531062711924,-0.42056479377220024
abm_all_available_common_cells,beforeit_abm_us_v2_mean,gdp_deflator,8,54,2010Q2,2023Q3,2.044791008274986,1.3046925766488497,1.775445401622076,-0.5275126849669216
abm_all_available_common_cells,beforeit_abm_us_v2_mean,gdp_deflator,12,50,2010Q2,2022Q3,2.1079984770141733,1.3837065660814287,1.8973047563163328,-0.6146902904639902
abm_all_available_common_cells,beforeit_abm_us_v2_mean,nominal_gdp,1,61,2010Q2,2025Q2,6.839490147210342,2.9043786993668905,1.1695810819742882,-0.21691928669497024
abm_all_available_common_cells,beforeit_abm_us_v2_mean,nominal_gdp,2,60,2010Q2,2025Q1,6.782059320038311,3.016848520034254,1.2460002710655018,-0.38809220108481346
abm_all_available_common_cells,beforeit_abm_us_v2_mean,nominal_gdp,4,58,2010Q2,2024Q3,7.0430690113562795,3.2077598132660357,1.346874045474697,-0.5633511428683783
abm_all_available_common_cells,beforeit_abm_us_v2_mean,nominal_gdp,8,54,2010Q2,2023Q3,7.3312015045620145,3.5280794822034816,1.5480274143315909,-0.6465056286091903
abm_all_available_common_cells,beforeit_abm_us_v2_mean,nominal_gdp,12,50,2010Q2,2022Q3,7.579977179507446,3.697140703945849,1.6372847052839417,-0.816424472163753
abm_all_available_common_cells,beforeit_abm_us_v2_mean,unemployment_rate,1,61,2010Q2,2025Q2,2.9472682532958077,2.0910982229962496,8.07749181731484,-2.0910982229962496
abm_all_available_common_cells,beforeit_abm_us_v2_mean,unemployment_rate,2,60,2010Q2,2025Q1,3.1276463642522616,2.38272848971638,9.257799260934497,-2.38272848971638
abm_all_available_common_cells,beforeit_abm_us_v2_mean,unemployment_rate,4,58,2010Q2,2024Q3,3.693167743375163,3.118339187470829,12.176719178271691,-3.118339187470829
abm_all_available_common_cells,beforeit_abm_us_v2_mean,unemployment_rate,8,54,2010Q2,2023Q3,4.807388218207486,4.386196638405406,17.2759832005992,-4.386196638405406
abm_all_available_common_cells,beforeit_abm_us_v2_mean,unemployment_rate,12,50,2010Q2,2022Q3,5.050573045662021,4.730812705366862,18.75395892307121,-4.730812705366862
abm_all_available_common_cells,beforeit_abm_us_v2_mean,effective_federal_funds_rate,1,61,2010Q2,2025Q2,0.3734206763206502,0.2177850621855508,0.8468973895486014,-0.04189592871857312
abm_all_available_common_cells,beforeit_abm_us_v2_mean,effective_federal_funds_rate,2,60,2010Q2,2025Q1,0.6920674464186284,0.4248337352059088,1.6639313571095002,-0.08808715881611492
abm_all_available_common_cells,beforeit_abm_us_v2_mean,effective_federal_funds_rate,4,58,2010Q2,2024Q3,1.2196243219039105,0.7893252551702321,3.123979949737948,-0.1992554255828822
abm_all_available_common_cells,beforeit_abm_us_v2_mean,effective_federal_funds_rate,8,54,2010Q2,2023Q3,1.8944396842733127,1.3259346260053033,5.2892933384030485,-0.5011754164329605
abm_all_available_common_cells,beforeit_abm_us_v2_mean,effective_federal_funds_rate,12,50,2010Q2,2022Q3,2.164597508531189,1.623952748614661,6.427581995795386,-0.7839546719216953
abm_all_available_common_cells,beforeit_abm_us_v2_median,real_gdp,1,61,2010Q2,2025Q2,6.103517305942822,2.5307317811986616,1.0495114997043542,-0.04585517154473175
abm_all_available_common_cells,beforeit_abm_us_v2_median,real_gdp,2,60,2010Q2,2025Q1,6.121254464714458,2.562798358887173,1.107162860666509,-0.11719367839765706
abm_all_available_common_cells,beforeit_abm_us_v2_median,real_gdp,4,58,2010Q2,2024Q3,6.2296432431035615,2.5799495101380345,1.1394746897476085,-0.13552663277096683
abm_all_available_common_cells,beforeit_abm_us_v2_median,real_gdp,8,54,2010Q2,2023Q3,6.438895337279716,2.712629756628522,1.2182373309129044,-0.1199717503009423
abm_all_available_common_cells,beforeit_abm_us_v2_median,real_gdp,12,50,2010Q2,2022Q3,6.6464734480357714,2.838895952318635,1.2618218945993898,-0.16724000866978506
abm_all_available_common_cells,beforeit_abm_us_v2_median,gdp_deflator,1,61,2010Q2,2025Q2,1.4284535869544415,1.089496621160042,1.4283005145538923,-0.18745083555510467
abm_all_available_common_cells,beforeit_abm_us_v2_median,gdp_deflator,2,60,2010Q2,2025Q1,1.6572433580423704,1.1072582142335754,1.4387421268940435,-0.2987718683821007
abm_all_available_common_cells,beforeit_abm_us_v2_median,gdp_deflator,4,58,2010Q2,2024Q3,1.9467294445422005,1.2510288363509208,1.6367403342317652,-0.422866523284188
abm_all_available_common_cells,beforeit_abm_us_v2_median,gdp_deflator,8,54,2010Q2,2023Q3,2.0451378496962307,1.3127104278592745,1.7869817793713547,-0.5340988894555861
abm_all_available_common_cells,beforeit_abm_us_v2_median,gdp_deflator,12,50,2010Q2,2022Q3,2.107646919120295,1.3869457209853082,1.9018628282206895,-0.614351063329515
abm_all_available_common_cells,beforeit_abm_us_v2_median,nominal_gdp,1,61,2010Q2,2025Q2,6.85186050688627,2.924428966720576,1.1755170819994392,-0.21270306785188053
abm_all_available_common_cells,beforeit_abm_us_v2_median,nominal_gdp,2,60,2010Q2,2025Q1,6.808393500754841,3.028239051064759,1.249605465506995,-0.41374419192457995
abm_all_available_common_cells,beforeit_abm_us_v2_median,nominal_gdp,4,58,2010Q2,2024Q3,7.041298332416263,3.1964529381390814,1.3417739138500822,-0.5518998624400012
abm_all_available_common_cells,beforeit_abm_us_v2_median,nominal_gdp,8,54,2010Q2,2023Q3,7.32254457146222,3.5288921753426368,1.5460618668465413,-0.6512472547277528
abm_all_available_common_cells,beforeit_abm_us_v2_median,nominal_gdp,12,50,2010Q2,2022Q3,7.5882104830002435,3.6980664333977438,1.6356975544675887,-0.7818373502386282
abm_all_available_common_cells,beforeit_abm_us_v2_median,unemployment_rate,1,61,2010Q2,2025Q2,2.866028136463331,1.9726614356082832,7.6755093105100975,-1.9582969732880307
abm_all_available_common_cells,beforeit_abm_us_v2_median,unemployment_rate,2,60,2010Q2,2025Q1,2.9921623878540013,2.1658518924180967,8.53551183148937,-2.1658518924180967
abm_all_available_common_cells,beforeit_abm_us_v2_median,unemployment_rate,4,58,2010Q2,2024Q3,3.648702041858704,3.057359846911098,11.976275014327944,-3.057359846911098
abm_all_available_common_cells,beforeit_abm_us_v2_median,unemployment_rate,8,54,2010Q2,2023Q3,5.20942949970801,4.822316876935282,18.86493098238125,-4.822316876935282
abm_all_available_common_cells,beforeit_abm_us_v2_median,unemployment_rate,12,50,2010Q2,2022Q3,5.2057596307679015,4.925999999999941,19.379516825203083,-4.925999999999941
abm_all_available_common_cells,beforeit_abm_us_v2_median,effective_federal_funds_rate,1,61,2010Q2,2025Q2,0.3725036503609152,0.21321810806773853,0.8321960841450602,-0.04824847728627788
abm_all_available_common_cells,beforeit_abm_us_v2_median,effective_federal_funds_rate,2,60,2010Q2,2025Q1,0.6911219398337666,0.41911060322192417,1.6450367166099553,-0.09679020975993985
abm_all_available_common_cells,beforeit_abm_us_v2_median,effective_federal_funds_rate,4,58,2010Q2,2024Q3,1.2211754782736655,0.7851762118873586,3.110741756232295,-0.20772678528289767
abm_all_available_common_cells,beforeit_abm_us_v2_median,effective_federal_funds_rate,8,54,2010Q2,2023Q3,1.902782482256995,1.3287255569628107,5.3028845842807435,-0.5093323914266462
abm_all_available_common_cells,beforeit_abm_us_v2_median,effective_federal_funds_rate,12,50,2010Q2,2022Q3,2.1716937834060452,1.6266624044002782,6.441367644230355,-0.7906249947296995
abm_all_available_common_cells,beforeit_abm_us_v1_mean,real_gdp,1,61,2010Q2,2025Q2,6.259228348965377,3.0663959087232415,1.258660135327764,-1.317076635889421
abm_all_available_common_cells,beforeit_abm_us_v1_mean,real_gdp,2,60,2010Q2,2025Q1,9.51036646607199,8.230471208365858,3.361355125779964,-7.2765522402020535
abm_all_available_common_cells,beforeit_abm_us_v1_mean,real_gdp,4,58,2010Q2,2024Q3,6.876186170043025,4.2637325023562,1.8192358993006859,-2.937575707814167
abm_all_available_common_cells,beforeit_abm_us_v1_mean,real_gdp,8,54,2010Q2,2023Q3,6.7381006704394775,3.7351642860293683,1.6294957371865162,-2.1464704423180567
abm_all_available_common_cells,beforeit_abm_us_v1_mean,real_gdp,12,50,2010Q2,2022Q3,6.963733490932907,3.7648779476578214,1.6555105800520817,-2.017148763844959
abm_all_available_common_cells,beforeit_abm_us_v1_mean,gdp_deflator,1,61,2010Q2,2025Q2,1.4287653664859348,1.0907110654109433,1.4299931706146847,-0.19193735266517803
abm_all_available_common_cells,beforeit_abm_us_v1_mean,gdp_deflator,2,60,2010Q2,2025Q1,1.6486009519768738,1.109882409825579,1.443527145167158,-0.29256068268582675
abm_all_available_common_cells,beforeit_abm_us_v1_mean,gdp_deflator,4,58,2010Q2,2024Q3,1.939827095458487,1.2522686055796848,1.640610795718741,-0.4004254472532597
abm_all_available_common_cells,beforeit_abm_us_v1_mean,gdp_deflator,8,54,2010Q2,2023Q3,2.0390768029971302,1.2966929622184336,1.7621175910014177,-0.525292995367316
abm_all_available_common_cells,beforeit_abm_us_v1_mean,gdp_deflator,12,50,2010Q2,2022Q3,2.1093138905515145,1.3832429783594598,1.8983120017159907,-0.6079856866916223
abm_all_available_common_cells,beforeit_abm_us_v1_mean,nominal_gdp,1,61,2010Q2,2025Q2,7.026585413960827,3.346256239028253,1.3260516305068943,-1.509069842993402
abm_all_available_common_cells,beforeit_abm_us_v1_mean,nominal_gdp,2,60,2010Q2,2025Q1,10.18029782782842,8.621584137704268,3.403006751779239,-7.569164568107649
abm_all_available_common_cells,beforeit_abm_us_v1_mean,nominal_gdp,4,58,2010Q2,2024Q3,7.762609735001336,4.795536303939579,1.9487823604266499,-3.338006481726047
abm_all_available_common_cells,beforeit_abm_us_v1_mean,nominal_gdp,8,54,2010Q2,2023Q3,7.70708277809843,4.425513071244471,1.8863509724113767,-2.671795927575224
abm_all_available_common_cells,beforeit_abm_us_v1_mean,nominal_gdp,12,50,2010Q2,2022Q3,7.964308501012158,4.559685051432308,1.9886592588544891,-2.625176378655681
abm_all_available_common_cells,beforeit_abm_us_v1_mean,unemployment_rate,1,61,2010Q2,2025Q2,2.857775026021855,1.975789297278508,7.666259983129413,-1.9665026723884524
abm_all_available_common_cells,beforeit_abm_us_v1_mean,unemployment_rate,2,60,2010Q2,2025Q1,2.2001195520020254,1.5392831933795734,5.997041889258606,-0.8582816112935988
abm_all_available_common_cells,beforeit_abm_us_v1_mean,unemployment_rate,4,58,2010Q2,2024Q3,1.9697079259001797,1.5611002001737355,5.90312873734531,-0.06346325741833102
abm_all_available_common_cells,beforeit_abm_us_v1_mean,unemployment_rate,8,54,2010Q2,2023Q3,1.9205094208350284,1.5265168417778794,5.713271150966746,0.18653469095242922
abm_all_available_common_cells,beforeit_abm_us_v1_mean,unemployment_rate,12,50,2010Q2,2022Q3,1.8143153468010478,1.356492150419868,5.246839936994291,0.07667031763423279
abm_all_available_common_cells,beforeit_abm_us_v1_mean,effective_federal_funds_rate,1,61,2010Q2,2025Q2,0.3734206763206502,0.2177850621855508,0.8468973895486014,-0.04189592871857312
abm_all_available_common_cells,beforeit_abm_us_v1_mean,effective_federal_funds_rate,2,60,2010Q2,2025Q1,0.6921035951571927,0.42501492225791176,1.6640615714164442,-0.08727078425428357
abm_all_available_common_cells,beforeit_abm_us_v1_mean,effective_federal_funds_rate,4,58,2010Q2,2024Q3,1.2188268227912853,0.7907382870053944,3.127612669194075,-0.19611633943906537
abm_all_available_common_cells,beforeit_abm_us_v1_mean,effective_federal_funds_rate,8,54,2010Q2,2023Q3,1.8934511626995019,1.3259700324328934,5.286620279829225,-0.49950894886097835
abm_all_available_common_cells,beforeit_abm_us_v1_mean,effective_federal_funds_rate,12,50,2010Q2,2022Q3,2.166954352397167,1.6281118797954273,6.442888627750985,-0.7872358270403812
abm_all_available_common_cells,beforeit_abm_us_v1_median,real_gdp,1,61,2010Q2,2025Q2,6.282169927983986,3.07624365039083,1.262887421765784,-1.3393114071667453
abm_all_available_common_cells,beforeit_abm_us_v1_median,real_gdp,2,60,2010Q2,2025Q1,9.493377160937204,8.21147951508826,3.3562440196473413,-7.257946721094998
abm_all_available_common_cells,beforeit_abm_us_v1_median,real_gdp,4,58,2010Q2,2024Q3,6.812557670719355,4.15261917802867,1.7776849611432648,-2.816926531661313
abm_all_available_common_cells,beforeit_abm_us_v1_median,real_gdp,8,54,2010Q2,2023Q3,6.713176145216228,3.6790838721406267,1.609180435621265,-2.0674650460634587
abm_all_available_common_cells,beforeit_abm_us_v1_median,real_gdp,12,50,2010Q2,2022Q3,6.924756951571997,3.6797529448175,1.6202674206527745,-1.9131104065206292
abm_all_available_common_cells,beforeit_abm_us_v1_median,gdp_deflator,1,61,2010Q2,2025Q2,1.4284535869544075,1.0894966211600072,1.4283005145538425,-0.1874508355551629
abm_all_available_common_cells,beforeit_abm_us_v1_median,gdp_deflator,2,60,2010Q2,2025Q1,1.650337983602027,1.108188910039345,1.441606064052902,-0.2994324650925659
abm_all_available_common_cells,beforeit_abm_us_v1_median,gdp_deflator,4,58,2010Q2,2024Q3,1.936646783372863,1.2522368817663891,1.6403053777622272,-0.40320771386146936
abm_all_available_common_cells,beforeit_abm_us_v1_median,gdp_deflator,8,54,2010Q2,2023Q3,2.0365123699073253,1.2984258767314345,1.7644603784419488,-0.5261474820190277
abm_all_available_common_cells,beforeit_abm_us_v1_median,gdp_deflator,12,50,2010Q2,2022Q3,2.1170918001525405,1.3897337263089156,1.9072606537211625,-0.6198545156448317
abm_all_available_common_cells,beforeit_abm_us_v1_median,nominal_gdp,1,61,2010Q2,2025Q2,7.0390964425263975,3.3509991794835217,1.327816293798767,-1.5057297883844665
abm_all_available_common_cells,beforeit_abm_us_v1_median,nominal_gdp,2,60,2010Q2,2025Q1,10.154583385265367,8.58369188287846,3.3916667638485967,-7.5270707768577045
abm_all_available_common_cells,beforeit_abm_us_v1_median,nominal_gdp,4,58,2010Q2,2024Q3,7.683159425664937,4.680726486761273,1.9073657721044932,-3.215762744728941
abm_all_available_common_cells,beforeit_abm_us_v1_median,nominal_gdp,8,54,2010Q2,2023Q3,7.689077829931309,4.370301033514767,1.8657345874688402,-2.6006217200866155
abm_all_available_common_cells,beforeit_abm_us_v1_median,nominal_gdp,12,50,2010Q2,2022Q3,7.920034391617315,4.494471837539482,1.9640318546745428,-2.5275303385252483
abm_all_available_common_cells,beforeit_abm_us_v1_median,unemployment_rate,1,61,2010Q2,2025Q2,2.80818328807199,1.9112725118057925,7.438378393256261,-1.8703146415766845
abm_all_available_common_cells,beforeit_abm_us_v1_median,unemployment_rate,2,60,2010Q2,2025Q1,2.1863730145950058,1.5242357308019905,5.937839151803918,-0.8446580260435075
abm_all_available_common_cells,beforeit_abm_us_v1_median,unemployment_rate,4,58,2010Q2,2024Q3,1.9791086627315946,1.5747535596933186,5.954370260012725,-0.07222180257072741
abm_all_available_common_cells,beforeit_abm_us_v1_median,unemployment_rate,8,54,2010Q2,2023Q3,1.9166016608783796,1.522553513718166,5.707766895777177,0.16835287277061126
abm_all_available_common_cells,beforeit_abm_us_v1_median,unemployment_rate,12,50,2010Q2,2022Q3,1.8099703488606467,1.3504746257758373,5.230824755560054,0.06195180722897572
abm_all_available_common_cells,beforeit_abm_us_v1_median,effective_federal_funds_rate,1,61,2010Q2,2025Q2,0.3725036503609152,0.21321810806773853,0.8321960841450602,-0.04824847728627788
abm_all_available_common_cells,beforeit_abm_us_v1_median,effective_federal_funds_rate,2,60,2010Q2,2025Q1,0.6925161170439466,0.4200255916596126,1.6474112510474908,-0.09472287470041726
abm_all_available_common_cells,beforeit_abm_us_v1_median,effective_federal_funds_rate,4,58,2010Q2,2024Q3,1.2215894225725556,0.7882116706196081,3.1218945760421253,-0.20565091347600503
abm_all_available_common_cells,beforeit_abm_us_v1_median,effective_federal_funds_rate,8,54,2010Q2,2023Q3,1.9007975403170876,1.3289938021781393,5.301442877502009,-0.5072289564094457
abm_all_available_common_cells,beforeit_abm_us_v1_median,effective_federal_funds_rate,12,50,2010Q2,2022Q3,2.1742683906528946,1.6328335348627718,6.462143080755749,-0.7929870729250412
abm_balanced_h12_common_cells,naive_no_change,real_gdp,1,50,2010Q2,2022Q3,10.662454112635555,4.207975070753901,1.733337584382508,0.022005267778299923
abm_balanced_h12_common_cells,naive_no_change,real_gdp,2,50,2010Q2,2022Q3,9.855778587416474,4.56211416913238,1.9478046933150828,0.025755955824340048
abm_balanced_h12_common_cells,naive_no_change,real_gdp,4,50,2010Q2,2022Q3,9.725034779060461,4.88771517462534,2.074839576477808,-0.09317701246129982
abm_balanced_h12_common_cells,naive_no_change,real_gdp,8,50,2010Q2,2022Q3,9.169169508403192,4.66014445270318,1.9930870419876248,-0.10511846277937992
abm_balanced_h12_common_cells,naive_no_change,real_gdp,12,50,2010Q2,2022Q3,9.167099622202198,4.32315139987688,1.830907386287334,-0.1548588001395598
abm_balanced_h12_common_cells,naive_no_change,gdp_deflator,1,50,2010Q2,2022Q3,1.5250613987220423,1.0758093190148201,1.478107337042781,-0.03679795937961998
abm_balanced_h12_common_cells,naive_no_change,gdp_deflator,2,50,2010Q2,2022Q3,1.6754818444378028,1.25373041235414,1.6954991252237557,-0.08699737457653998
abm_balanced_h12_common_cells,naive_no_change,gdp_deflator,4,50,2010Q2,2022Q3,2.2364625740452024,1.55596548611566,2.064583706925742,-0.10638213933777997
abm_balanced_h12_common_cells,naive_no_change,gdp_deflator,8,50,2010Q2,2022Q3,2.969461296690407,2.14222901046876,2.881844420037409,-0.12835387168167997
abm_balanced_h12_common_cells,naive_no_change,gdp_deflator,12,50,2010Q2,2022Q3,2.7092472553873157,2.00498372971656,2.6967965302739496,-0.21409048025811997
abm_balanced_h12_common_cells,naive_no_change,nominal_gdp,1,50,2010Q2,2022Q3,11.553861416893684,4.609506041607699,1.84647330347255,-0.014855436496619774
abm_balanced_h12_common_cells,naive_no_change,nominal_gdp,2,50,2010Q2,2022Q3,10.464406705971276,4.89269047739266,2.061638575662345,-0.06127787694862007
abm_balanced_h12_common_cells,naive_no_change,nominal_gdp,4,50,2010Q2,2022Q3,10.771149229234096,5.33159716866356,2.22151313051588,-0.1995915755052802
abm_balanced_h12_common_cells,naive_no_change,nominal_gdp,8,50,2010Q2,2022Q3,10.868014187898142,5.9821734794807195,2.4970990546686984,-0.23352394943276011
abm_balanced_h12_common_cells,naive_no_change,nominal_gdp,12,50,2010Q2,2022Q3,10.220590765581278,5.625786895154081,2.305343117663435,-0.3690213470721602
abm_balanced_h12_common_cells,naive_no_change,unemployment_rate,1,50,2010Q2,2022Q3,1.4807955819611436,0.5066666666666799,1.9401973536630746,0.12133333333332004
abm_balanced_h12_common_cells,naive_no_change,unemployment_rate,2,50,2010Q2,2022Q3,1.8482303848696817,0.8280000000000001,3.1797442784986334,0.24
abm_balanced_h12_common_cells,naive_no_change,unemployment_rate,4,50,2010Q2,2022Q3,2.1602726165412465,1.2766666666667,4.876745255430637,0.46733333333334004
abm_balanced_h12_common_cells,naive_no_change,unemployment_rate,8,50,2010Q2,2022Q3,2.594125842916891,1.8406666666667801,7.035810911535882,0.85133333333334
abm_balanced_h12_common_cells,naive_no_change,unemployment_rate,12,50,2010Q2,2022Q3,2.7534786079511417,2.0773333333333603,7.947501149990914,1.15066666666668
abm_balanced_h12_common_cells,naive_no_change,effective_federal_funds_rate,1,50,2010Q2,2022Q3,0.3743072574893566,0.17287726303391998,0.7077048611233749,-0.06915594262296
abm_balanced_h12_common_cells,naive_no_change,effective_federal_funds_rate,2,50,2010Q2,2022Q3,0.7173383681377319,0.35800488372238,1.4737785014651388,-0.15582590230038001
abm_balanced_h12_common_cells,naive_no_change,effective_federal_funds_rate,4,50,2010Q2,2022Q3,1.3099334565468685,0.7357935206869399,3.0399340288000394,-0.35392257408738004
abm_balanced_h12_common_cells,naive_no_change,effective_federal_funds_rate,8,50,2010Q2,2022Q3,2.103868941739384,1.39807779948026,5.753473291393761,-0.7719013782915001
abm_balanced_h12_common_cells,naive_no_change,effective_federal_funds_rate,12,50,2010Q2,2022Q3,2.381955197707287,1.6881261383992001,6.853288308238133,-1.11203335109188
abm_balanced_h12_common_cells,naive_drift,real_gdp,1,50,2010Q2,2022Q3,10.731138462569982,4.241683940599849,1.746824422250195,0.053281117574215386
abm_balanced_h12_common_cells,naive_drift,real_gdp,2,50,2010Q2,2022Q3,9.983926668200041,4.6327927048874695,1.9758135824237086,0.08830765541617097
abm_balanced_h12_common_cells,naive_drift,real_gdp,4,50,2010Q2,2022Q3,9.978878867555844,5.0219483645999965,2.127104214186429,0.03192638672236207
abm_balanced_h12_common_cells,naive_drift,real_gdp,8,50,2010Q2,2022Q3,9.659792581368906,4.96238470595826,2.111439068586423,0.145088335587944
abm_balanced_h12_common_cells,naive_drift,real_gdp,12,50,2010Q2,2022Q3,9.900820736331344,4.723844162784506,1.984178418837103,0.22045139741142614
abm_balanced_h12_common_cells,naive_drift,gdp_deflator,1,50,2010Q2,2022Q3,1.5358611605570387,1.0789722043869352,1.482786511405385,-0.0400242521404644
abm_balanced_h12_common_cells,naive_drift,gdp_deflator,2,50,2010Q2,2022Q3,1.698691470902147,1.268588187658993,1.7172374849343166,-0.09344996009822883
abm_balanced_h12_common_cells,naive_drift,gdp_deflator,4,50,2010Q2,2022Q3,2.2942963480534146,1.587677519591406,2.10598392988584,-0.1192873103811576
abm_balanced_h12_common_cells,naive_drift,gdp_deflator,8,50,2010Q2,2022Q3,3.123850995335107,2.2534755735318908,3.027311179355796,-0.15416421376843528
abm_balanced_h12_common_cells,naive_drift,gdp_deflator,12,50,2010Q2,2022Q3,2.9212935986345077,2.180543959115292,2.9273478228230148,-0.2528059933882529
abm_balanced_h12_common_cells,naive_drift,nominal_gdp,1,50,2010Q2,2022Q3,11.628105879572798,4.641997867134562,1.8590080252044614,0.013178493710965996
abm_balanced_h12_common_cells,naive_drift,nominal_gdp,2,50,2010Q2,2022Q3,10.599775905278447,4.971677926311167,2.0923328893192146,-0.005210016533448396
abm_balanced_h12_common_cells,naive_drift,nominal_gdp,4,50,2010Q2,2022Q3,11.049198275957224,5.499698216532968,2.2838303038801184,-0.08745585467493695
abm_balanced_h12_common_cells,naive_drift,nominal_gdp,8,50,2010Q2,2022Q3,11.438284212368798,6.3464799874644475,2.6286208854005553,-0.009252507772073973
abm_balanced_h12_common_cells,naive_drift,nominal_gdp,12,50,2010Q2,2022Q3,11.024149743170275,6.044355568449037,2.448850251404091,-0.032614184581130544
abm_balanced_h12_common_cells,naive_drift,unemployment_rate,1,50,2010Q2,2022Q3,1.4958460109963443,0.5449622858540734,2.0883363866720788,0.16193940069696755
abm_balanced_h12_common_cells,naive_drift,unemployment_rate,2,50,2010Q2,2022Q3,1.8894128820549059,0.9109032136289008,3.500954623073302,0.3212121347272951
abm_balanced_h12_common_cells,naive_drift,unemployment_rate,4,50,2010Q2,2022Q3,2.273754633438412,1.4427367976282062,5.520417083716295,0.6297576027879301
abm_balanced_h12_common_cells,naive_drift,unemployment_rate,8,50,2010Q2,2022Q3,2.9052343302315076,2.1768002642981132,8.338394055082665,1.1761818722425204
abm_balanced_h12_common_cells,naive_drift,unemployment_rate,12,50,2010Q2,2022Q3,3.3053002721284743,2.571024827111893,9.852757945124633,1.63793947503045
abm_balanced_h12_common_cells,naive_drift,effective_federal_funds_rate,1,50,2010Q2,2022Q3,0.40092984588748554,0.25304630233862424,0.9932869821178376,-0.1691801573110136
abm_balanced_h12_common_cells,naive_drift,effective_federal_funds_rate,2,50,2010Q2,2022Q3,0.7777709351677585,0.5179424416838144,2.0411638433702786,-0.35587433167648724
abm_balanced_h12_common_cells,naive_drift,effective_federal_funds_rate,4,50,2010Q2,2022Q3,1.456469954746092,1.0528185719327174,4.158787241395655,-0.7540194328395943
abm_balanced_h12_common_cells,naive_drift,effective_federal_funds_rate,8,50,2010Q2,2022Q3,2.491813432077055,2.0191463265759837,7.888839137488335,-1.5720950957959285
abm_balanced_h12_common_cells,naive_drift,effective_federal_funds_rate,12,50,2010Q2,2022Q3,3.0957484916146436,2.5828698864814674,9.903369698245882,-2.312323927348523
abm_balanced_h12_common_cells,naive_historical_mean,real_gdp,1,50,2010Q2,2022Q3,6.702971265866784,2.857853660849668,1.217939218213755,-0.42560603971434957
abm_balanced_h12_common_cells,naive_historical_mean,real_gdp,2,50,2010Q2,2022Q3,6.677957179729925,2.852543211164264,1.2676113835518654,-0.42185535166830973
abm_balanced_h12_common_cells,naive_historical_mean,real_gdp,4,50,2010Q2,2022Q3,6.666549461317904,2.8501576726577516,1.2905733776371107,-0.5407883199539496
abm_balanced_h12_common_cells,naive_historical_mean,real_gdp,8,50,2010Q2,2022Q3,6.649424711467196,2.8065791312163633,1.2858200443892214,-0.5527297702720295
abm_balanced_h12_common_cells,naive_historical_mean,real_gdp,12,50,2010Q2,2022Q3,6.6623838739345,2.8738101830615994,1.284507046797659,-0.6024701076322095
abm_balanced_h12_common_cells,naive_historical_mean,gdp_deflator,1,50,2010Q2,2022Q3,2.0137990765926492,1.2675617268362545,1.6540341328514936,-0.380953724644575
abm_balanced_h12_common_cells,naive_historical_mean,gdp_deflator,2,50,2010Q2,2022Q3,2.0377736341509642,1.2848733739155973,1.6760145713026255,-0.431153139841495
abm_balanced_h12_common_cells,naive_historical_mean,gdp_deflator,4,50,2010Q2,2022Q3,2.0711540854727524,1.3176415169225164,1.7426167916910693,-0.450537904602735
abm_balanced_h12_common_cells,naive_historical_mean,gdp_deflator,8,50,2010Q2,2022Q3,2.086730334056091,1.3306149463115486,1.8244314375077482,-0.47250963694663506
abm_balanced_h12_common_cells,naive_historical_mean,gdp_deflator,12,50,2010Q2,2022Q3,2.102217006254978,1.3756975982221435,1.8922673370381813,-0.5582462455230751
abm_balanced_h12_common_cells,naive_historical_mean,nominal_gdp,1,50,2010Q2,2022Q3,7.553405646219266,3.5414613558144343,1.4125554083567697,-0.8065875367509312
abm_balanced_h12_common_cells,naive_historical_mean,nominal_gdp,2,50,2010Q2,2022Q3,7.542830020972683,3.588305421450814,1.4856336228582416,-0.8530099772029311
abm_balanced_h12_common_cells,naive_historical_mean,nominal_gdp,4,50,2010Q2,2022Q3,7.55594409495572,3.609761444121624,1.5340634021523556,-0.9913236757595911
abm_balanced_h12_common_cells,naive_historical_mean,nominal_gdp,8,50,2010Q2,2022Q3,7.550285090829301,3.5854903359079247,1.5935670806795945,-1.0252560496870715
abm_balanced_h12_common_cells,naive_historical_mean,nominal_gdp,12,50,2010Q2,2022Q3,7.556283118822995,3.6412053908690405,1.6145160858974565,-1.1607534473264713
abm_balanced_h12_common_cells,naive_historical_mean,unemployment_rate,1,50,2010Q2,2022Q3,2.167065243189665,1.8463100966298855,7.324717673032492,0.23532449054872104
abm_balanced_h12_common_cells,naive_historical_mean,unemployment_rate,2,50,2010Q2,2022Q3,2.1595622010056594,1.8495073727052067,7.337478532171027,0.353991157215401
abm_balanced_h12_common_cells,naive_historical_mean,unemployment_rate,4,50,2010Q2,2022Q3,2.1441081031722327,1.8548466088992448,7.195388933600751,0.581324490548741
abm_balanced_h12_common_cells,naive_historical_mean,unemployment_rate,8,50,2010Q2,2022Q3,2.1163897268509544,1.8426412220060269,7.046567705257924,0.9653244905487409
abm_balanced_h12_common_cells,naive_historical_mean,unemployment_rate,12,50,2010Q2,2022Q3,2.120926238088534,1.850442225941519,7.182969082143574,1.2646578238820811
abm_balanced_h12_common_cells,naive_historical_mean,effective_federal_funds_rate,1,50,2010Q2,2022Q3,1.608205105573733,1.450427435099013,5.12542185448597,1.2200467846734162
abm_balanced_h12_common_cells,naive_historical_mean,effective_federal_funds_rate,2,50,2010Q2,2022Q3,1.653239255292543,1.484706740336805,5.264810684192794,1.1333768249959961
abm_balanced_h12_common_cells,naive_historical_mean,effective_federal_funds_rate,4,50,2010Q2,2022Q3,1.7813769024602621,1.572771518723023,5.644867793049587,0.9352801532089963
abm_balanced_h12_common_cells,naive_historical_mean,effective_federal_funds_rate,8,50,2010Q2,2022Q3,2.01574382363016,1.7402739114067203,6.383705657274893,0.5173013490048761
abm_balanced_h12_common_cells,naive_historical_mean,effective_federal_funds_rate,12,50,2010Q2,2022Q3,2.098930903163602,1.8216411398679702,6.743034125401721,0.17716937620449622
abm_balanced_h12_common_cells,univariate_ar_p1_constant,real_gdp,1,50,2010Q2,2022Q3,9.960814402072339,3.6993517725686456,1.538796726328967,-1.1442639730640378
abm_balanced_h12_common_cells,univariate_ar_p1_constant,real_gdp,2,50,2010Q2,2022Q3,8.038901656718895,3.3635801059921935,1.4869090246028558,-0.8135661407730277
abm_balanced_h12_common_cells,univariate_ar_p1_constant,real_gdp,4,50,2010Q2,2022Q3,7.711854787220712,3.2909183359438394,1.4733491394925142,-0.9375673604474593
abm_balanced_h12_common_cells,univariate_ar_p1_constant,real_gdp,8,50,2010Q2,2022Q3,6.95666372332705,3.0693492754839995,1.3938627148293827,-0.8207407773710627
abm_balanced_h12_common_cells,univariate_ar_p1_constant,real_gdp,12,50,2010Q2,2022Q3,6.865110779820829,3.069025939172327,1.3643613843646378,-0.7802028094517443
abm_balanced_h12_common_cells,univariate_ar_p1_constant,gdp_deflator,1,50,2010Q2,2022Q3,1.4938184164312756,1.1117372332908104,1.4995011187141827,-0.1654899726706056
abm_balanced_h12_common_cells,univariate_ar_p1_constant,gdp_deflator,2,50,2010Q2,2022Q3,1.776206022246726,1.1887763953924437,1.566419875996328,-0.2823718946623354
abm_balanced_h12_common_cells,univariate_ar_p1_constant,gdp_deflator,4,50,2010Q2,2022Q3,2.062207728438347,1.3247679245723885,1.7557219110179114,-0.36921123424211444
abm_balanced_h12_common_cells,univariate_ar_p1_constant,gdp_deflator,8,50,2010Q2,2022Q3,2.0967978300755217,1.3512855439946423,1.8521983499171137,-0.44639277548534423
abm_balanced_h12_common_cells,univariate_ar_p1_constant,gdp_deflator,12,50,2010Q2,2022Q3,2.10136444711278,1.379642755349462,1.8962072838908204,-0.5518687353609809
abm_balanced_h12_common_cells,univariate_ar_p1_constant,nominal_gdp,1,50,2010Q2,2022Q3,11.119067560580365,4.558414683126079,1.786342680105335,-1.7563784467371266
abm_balanced_h12_common_cells,univariate_ar_p1_constant,nominal_gdp,2,50,2010Q2,2022Q3,9.185039274970668,4.27092139592647,1.769348533879924,-1.3883803798820684
abm_balanced_h12_common_cells,univariate_ar_p1_constant,nominal_gdp,4,50,2010Q2,2022Q3,9.12889738952555,4.18005375558634,1.7631167938040466,-1.5042455388650147
abm_balanced_h12_common_cells,univariate_ar_p1_constant,nominal_gdp,8,50,2010Q2,2022Q3,8.423036705471175,4.017612323425826,1.7663110532998418,-1.4069907315472483
abm_balanced_h12_common_cells,univariate_ar_p1_constant,nominal_gdp,12,50,2010Q2,2022Q3,7.93245602336929,3.9526654810563557,1.7378875384790273,-1.446321004169356
abm_balanced_h12_common_cells,univariate_ar_p1_constant,unemployment_rate,1,50,2010Q2,2022Q3,1.45614265388279,0.5604542886176445,2.130097966302842,0.1849859277077437
abm_balanced_h12_common_cells,univariate_ar_p1_constant,unemployment_rate,2,50,2010Q2,2022Q3,1.8057189927570085,0.9428013027520588,3.590807253124922,0.36317203075896054
abm_balanced_h12_common_cells,univariate_ar_p1_constant,unemployment_rate,4,50,2010Q2,2022Q3,2.1167696583717404,1.4898043734696338,5.659341815558102,0.7000762466035994
abm_balanced_h12_common_cells,univariate_ar_p1_constant,unemployment_rate,8,50,2010Q2,2022Q3,2.5894323866415676,2.166748518764526,8.285733210185626,1.2792959027073778
abm_balanced_h12_common_cells,univariate_ar_p1_constant,unemployment_rate,12,50,2010Q2,2022Q3,2.9408328439303117,2.500153734626356,9.618425360530066,1.7577129135937104
abm_balanced_h12_common_cells,univariate_ar_p1_constant,effective_federal_funds_rate,1,50,2010Q2,2022Q3,0.38212683324267743,0.18239111484824838,0.744173276802431,-0.0796793647494991
abm_balanced_h12_common_cells,univariate_ar_p1_constant,effective_federal_funds_rate,2,50,2010Q2,2022Q3,0.724145865531279,0.3681353569326675,1.5103004255310482,-0.17608113220437333
abm_balanced_h12_common_cells,univariate_ar_p1_constant,effective_federal_funds_rate,4,50,2010Q2,2022Q3,1.2939780126157265,0.7333334631401901,3.0216970851225664,-0.3914996738563634
abm_balanced_h12_common_cells,univariate_ar_p1_constant,effective_federal_funds_rate,8,50,2010Q2,2022Q3,2.0161800865845407,1.3275350879163945,5.437468253288573,-0.8369559331955947
abm_balanced_h12_common_cells,univariate_ar_p1_constant,effective_federal_funds_rate,12,50,2010Q2,2022Q3,2.278897188904244,1.604173486908887,6.482391321183972,-1.1971740633665346
abm_balanced_h12_common_cells,univariate_ar_p4_constant,real_gdp,1,50,2010Q2,2022Q3,10.78953229818738,4.215927952803541,1.701775111923973,-1.6939536390887822
abm_balanced_h12_common_cells,univariate_ar_p4_constant,real_gdp,2,50,2010Q2,2022Q3,8.231406884122551,3.4629116797939927,1.5205174804110866,-0.8102777170390941
abm_balanced_h12_common_cells,univariate_ar_p4_constant,real_gdp,4,50,2010Q2,2022Q3,6.7151297352147274,2.8888740067700507,1.3033868074719372,-0.4491661765881527
abm_balanced_h12_common_cells,univariate_ar_p4_constant,real_gdp,8,50,2010Q2,2022Q3,6.983053640328565,3.063297506291777,1.3927332525050582,-0.20932354777554316
abm_balanced_h12_common_cells,univariate_ar_p4_constant,real_gdp,12,50,2010Q2,2022Q3,6.912774752212147,3.0948652110683974,1.3741919014915311,-0.7960495000786914
abm_balanced_h12_common_cells,univariate_ar_p4_constant,gdp_deflator,1,50,2010Q2,2022Q3,1.5359205897592174,1.178342404367287,1.579251097298567,-0.1515146619340237
abm_balanced_h12_common_cells,univariate_ar_p4_constant,gdp_deflator,2,50,2010Q2,2022Q3,1.7459582426908906,1.236627068026476,1.6272262459359204,-0.18755406355100207
abm_balanced_h12_common_cells,univariate_ar_p4_constant,gdp_deflator,4,50,2010Q2,2022Q3,2.21947813727915,1.4523865310628623,1.9138319690503471,-0.2640483755119314
abm_balanced_h12_common_cells,univariate_ar_p4_constant,gdp_deflator,8,50,2010Q2,2022Q3,2.361798787754323,1.5655921846217797,2.115684289041215,-0.33122080043287283
abm_balanced_h12_common_cells,univariate_ar_p4_constant,gdp_deflator,12,50,2010Q2,2022Q3,2.3173729950334097,1.485963944969872,2.023323443704453,-0.4298751987037212
abm_balanced_h12_common_cells,univariate_ar_p4_constant,nominal_gdp,1,50,2010Q2,2022Q3,12.75161681394554,5.541692518313522,2.088890240447817,-2.6435984015813028
abm_balanced_h12_common_cells,univariate_ar_p4_constant,nominal_gdp,2,50,2010Q2,2022Q3,9.440683792837627,4.234227264443328,1.7754136265304843,-1.152725871843451
abm_balanced_h12_common_cells,univariate_ar_p4_constant,nominal_gdp,4,50,2010Q2,2022Q3,8.418141660045762,4.008934180747691,1.6940907023177252,-1.2423962277290932
abm_balanced_h12_common_cells,univariate_ar_p4_constant,nominal_gdp,8,50,2010Q2,2022Q3,7.560176326436866,3.57507230287781,1.5947544100433761,-0.7284749664264867
abm_balanced_h12_common_cells,univariate_ar_p4_constant,nominal_gdp,12,50,2010Q2,2022Q3,7.54843472177939,3.638053186112753,1.6094798231368481,-1.1080455925729202
abm_balanced_h12_common_cells,univariate_ar_p4_constant,unemployment_rate,1,50,2010Q2,2022Q3,3.318887397779166,1.1483371574973,3.6615341691482457,0.6830915997204321
abm_balanced_h12_common_cells,univariate_ar_p4_constant,unemployment_rate,2,50,2010Q2,2022Q3,4.102995695526498,1.3880767499965143,4.732124040289989,0.6700600063300389
abm_balanced_h12_common_cells,univariate_ar_p4_constant,unemployment_rate,4,50,2010Q2,2022Q3,6.180595467141049,2.319985218417619,7.738146034634644,1.3020242840644942
abm_balanced_h12_common_cells,univariate_ar_p4_constant,unemployment_rate,8,50,2010Q2,2022Q3,2.910181624975536,1.9500541327600553,7.212637652071287,0.7645221872692403
abm_balanced_h12_common_cells,univariate_ar_p4_constant,unemployment_rate,12,50,2010Q2,2022Q3,6.545687230778066,2.9246715196892707,10.41446390672691,-0.1453921834270402
abm_balanced_h12_common_cells,univariate_ar_p4_constant,effective_federal_funds_rate,1,50,2010Q2,2022Q3,0.2931720790111328,0.19674187090497444,0.7430590814894197,0.03639255840278373
abm_balanced_h12_common_cells,univariate_ar_p4_constant,effective_federal_funds_rate,2,50,2010Q2,2022Q3,0.5944982759394137,0.4186119734102269,1.5757932542536337,0.08286915478578347
abm_balanced_h12_common_cells,univariate_ar_p4_constant,effective_federal_funds_rate,4,50,2010Q2,2022Q3,1.1990889611048798,0.8782276699260534,3.2721843394224823,0.1948874154571011
abm_balanced_h12_common_cells,univariate_ar_p4_constant,effective_federal_funds_rate,8,50,2010Q2,2022Q3,2.053702777315538,1.7093539118356533,6.283288894687978,0.3730533112106557
abm_balanced_h12_common_cells,univariate_ar_p4_constant,effective_federal_funds_rate,12,50,2010Q2,2022Q3,2.41479468447564,2.084102698565539,7.629034763403788,0.34744567350211253
abm_balanced_h12_common_cells,univariate_ar_bic_p1-2-3-4-5-6-7-8_constant,real_gdp,1,50,2010Q2,2022Q3,9.960814402072339,3.6993517725686456,1.538796726328967,-1.1442639730640378
abm_balanced_h12_common_cells,univariate_ar_bic_p1-2-3-4-5-6-7-8_constant,real_gdp,2,50,2010Q2,2022Q3,8.038901656718895,3.3635801059921935,1.4869090246028558,-0.8135661407730277
abm_balanced_h12_common_cells,univariate_ar_bic_p1-2-3-4-5-6-7-8_constant,real_gdp,4,50,2010Q2,2022Q3,7.711854787220712,3.2909183359438394,1.4733491394925142,-0.9375673604474593
abm_balanced_h12_common_cells,univariate_ar_bic_p1-2-3-4-5-6-7-8_constant,real_gdp,8,50,2010Q2,2022Q3,6.95666372332705,3.0693492754839995,1.3938627148293827,-0.8207407773710627
abm_balanced_h12_common_cells,univariate_ar_bic_p1-2-3-4-5-6-7-8_constant,real_gdp,12,50,2010Q2,2022Q3,6.865110779820829,3.069025939172327,1.3643613843646378,-0.7802028094517443
abm_balanced_h12_common_cells,univariate_ar_bic_p1-2-3-4-5-6-7-8_constant,gdp_deflator,1,50,2010Q2,2022Q3,1.4961981883549136,1.1255925981928823,1.5138835588751787,-0.08124209677947451
abm_balanced_h12_common_cells,univariate_ar_bic_p1-2-3-4-5-6-7-8_constant,gdp_deflator,2,50,2010Q2,2022Q3,1.7431889338074995,1.2043394524021955,1.584145881681785,-0.1246341867776101
abm_balanced_h12_common_cells,univariate_ar_bic_p1-2-3-4-5-6-7-8_constant,gdp_deflator,4,50,2010Q2,2022Q3,2.191049137557767,1.4092656442933287,1.8556774508337248,-0.17147094455201958
abm_balanced_h12_common_cells,univariate_ar_bic_p1-2-3-4-5-6-7-8_constant,gdp_deflator,8,50,2010Q2,2022Q3,2.2609586872911396,1.5015189026697087,2.029986643672184,-0.2527370133908099
abm_balanced_h12_common_cells,univariate_ar_bic_p1-2-3-4-5-6-7-8_constant,gdp_deflator,12,50,2010Q2,2022Q3,2.2288422933142864,1.465265298139257,1.9989856945743198,-0.3815878640909914
abm_balanced_h12_common_cells,univariate_ar_bic_p1-2-3-4-5-6-7-8_constant,nominal_gdp,1,50,2010Q2,2022Q3,11.119067560580365,4.558414683126079,1.786342680105335,-1.7563784467371266
abm_balanced_h12_common_cells,univariate_ar_bic_p1-2-3-4-5-6-7-8_constant,nominal_gdp,2,50,2010Q2,2022Q3,9.185039274970668,4.27092139592647,1.769348533879924,-1.3883803798820684
abm_balanced_h12_common_cells,univariate_ar_bic_p1-2-3-4-5-6-7-8_constant,nominal_gdp,4,50,2010Q2,2022Q3,9.12889738952555,4.18005375558634,1.7631167938040466,-1.5042455388650147
abm_balanced_h12_common_cells,univariate_ar_bic_p1-2-3-4-5-6-7-8_constant,nominal_gdp,8,50,2010Q2,2022Q3,8.423036705471175,4.017612323425826,1.7663110532998418,-1.4069907315472483
abm_balanced_h12_common_cells,univariate_ar_bic_p1-2-3-4-5-6-7-8_constant,nominal_gdp,12,50,2010Q2,2022Q3,7.93245602336929,3.9526654810563557,1.7378875384790273,-1.446321004169356
abm_balanced_h12_common_cells,univariate_ar_bic_p1-2-3-4-5-6-7-8_constant,unemployment_rate,1,50,2010Q2,2022Q3,2.8987623551342145,0.9168456069048164,3.071688422389717,0.46134538265972735
abm_balanced_h12_common_cells,univariate_ar_bic_p1-2-3-4-5-6-7-8_constant,unemployment_rate,2,50,2010Q2,2022Q3,3.7268020794402443,1.2158507459933383,4.270612534419899,0.5246332361779626
abm_balanced_h12_common_cells,univariate_ar_bic_p1-2-3-4-5-6-7-8_constant,unemployment_rate,4,50,2010Q2,2022Q3,5.205511238949351,1.826210109774388,6.455855648155129,0.8823441565104884
abm_balanced_h12_common_cells,univariate_ar_bic_p1-2-3-4-5-6-7-8_constant,unemployment_rate,8,50,2010Q2,2022Q3,3.6401115228493275,2.1795205045401724,7.8479403314481875,0.6599820354716204
abm_balanced_h12_common_cells,univariate_ar_bic_p1-2-3-4-5-6-7-8_constant,unemployment_rate,12,50,2010Q2,2022Q3,8.220870563658599,3.394166260524412,11.609718469389396,-0.4675821273965445
abm_balanced_h12_common_cells,univariate_ar_bic_p1-2-3-4-5-6-7-8_constant,effective_federal_funds_rate,1,50,2010Q2,2022Q3,0.280900759329769,0.18550291960052406,0.7019437857148307,0.02813253308315254
abm_balanced_h12_common_cells,univariate_ar_bic_p1-2-3-4-5-6-7-8_constant,effective_federal_funds_rate,2,50,2010Q2,2022Q3,0.5719961732330153,0.3992939227280776,1.5047368217025991,0.06629962961921201
abm_balanced_h12_common_cells,univariate_ar_bic_p1-2-3-4-5-6-7-8_constant,effective_federal_funds_rate,4,50,2010Q2,2022Q3,1.1691578478679288,0.856771982348444,3.1967494621546813,0.15646146985720155
abm_balanced_h12_common_cells,univariate_ar_bic_p1-2-3-4-5-6-7-8_constant,effective_federal_funds_rate,8,50,2010Q2,2022Q3,1.9727652127833413,1.6249331468430135,5.984878209401907,0.24188864480736064
abm_balanced_h12_common_cells,univariate_ar_bic_p1-2-3-4-5-6-7-8_constant,effective_federal_funds_rate,12,50,2010Q2,2022Q3,2.2859058320747043,1.9444602834284053,7.1490043388409985,0.10790498118458544
abm_balanced_h12_common_cells,beforeit_var_p1_constant,real_gdp,1,50,2010Q2,2022Q3,10.002065136623594,4.1147959088376105,1.719038253330677,0.07792242971050768
abm_balanced_h12_common_cells,beforeit_var_p1_constant,real_gdp,2,50,2010Q2,2022Q3,8.019910864265047,3.8651977642821373,1.6744547665462437,0.008234793732106028
abm_balanced_h12_common_cells,beforeit_var_p1_constant,real_gdp,4,50,2010Q2,2022Q3,6.806574557725281,3.1494714619980595,1.4168004068977549,0.3533551576085901
abm_balanced_h12_common_cells,beforeit_var_p1_constant,real_gdp,8,50,2010Q2,2022Q3,8.1456409955152,3.5681575322359347,1.6061942718580207,0.5319532551908704
abm_balanced_h12_common_cells,beforeit_var_p1_constant,real_gdp,12,50,2010Q2,2022Q3,6.730027949591218,2.9337010920605646,1.3076123038822078,-0.40715276684225316
abm_balanced_h12_common_cells,beforeit_var_p1_constant,gdp_deflator,1,50,2010Q2,2022Q3,1.8901786669556033,1.1837448657336622,1.6008707738157832,-0.06918324616259733
abm_balanced_h12_common_cells,beforeit_var_p1_constant,gdp_deflator,2,50,2010Q2,2022Q3,2.2862398943534914,1.5176217248828672,2.0282210913257552,-0.16872778475292927
abm_balanced_h12_common_cells,beforeit_var_p1_constant,gdp_deflator,4,50,2010Q2,2022Q3,2.5028676202924682,1.6648764630592165,2.2302915541520507,-0.15635122326587964
abm_balanced_h12_common_cells,beforeit_var_p1_constant,gdp_deflator,8,50,2010Q2,2022Q3,2.1548094625068646,1.564349804577936,2.160345028357582,-0.09488750425317224
abm_balanced_h12_common_cells,beforeit_var_p1_constant,gdp_deflator,12,50,2010Q2,2022Q3,2.3654829804374904,1.6420864598078146,2.2583082519774726,-0.4057810311897516
abm_balanced_h12_common_cells,beforeit_var_p1_constant,nominal_gdp,1,50,2010Q2,2022Q3,11.474445060389346,4.617106739346714,1.8728162855630472,0.008592224122475756
abm_balanced_h12_common_cells,beforeit_var_p1_constant,nominal_gdp,2,50,2010Q2,2022Q3,9.528102330134452,4.750707056119816,1.9834960245299456,-0.16045736208136724
abm_balanced_h12_common_cells,beforeit_var_p1_constant,nominal_gdp,4,50,2010Q2,2022Q3,7.9153994904591345,4.117341641099934,1.7731943980892444,0.19698522734168605
abm_balanced_h12_common_cells,beforeit_var_p1_constant,nominal_gdp,8,50,2010Q2,2022Q3,9.054721270157822,4.580738676638744,2.009046903566885,0.4370151042007319
abm_balanced_h12_common_cells,beforeit_var_p1_constant,nominal_gdp,12,50,2010Q2,2022Q3,7.7455130305736954,3.947203844746907,1.7396614433195083,-0.8129981333376634
abm_balanced_h12_common_cells,beforeit_var_p1_constant,unemployment_rate,1,50,2010Q2,2022Q3,2.3185031591115086,0.6698426326327346,2.4027169555107952,0.1336040544682837
abm_balanced_h12_common_cells,beforeit_var_p1_constant,unemployment_rate,2,50,2010Q2,2022Q3,3.6226758885860666,1.091975738952421,3.932093764634243,0.286860899018423
abm_balanced_h12_common_cells,beforeit_var_p1_constant,unemployment_rate,4,50,2010Q2,2022Q3,4.48689006347955,1.614958928187096,5.834103899130432,0.392966818355991
abm_balanced_h12_common_cells,beforeit_var_p1_constant,unemployment_rate,8,50,2010Q2,2022Q3,2.3277314177351487,1.5782877351685582,6.055395929912152,0.06168492457768833
abm_balanced_h12_common_cells,beforeit_var_p1_constant,unemployment_rate,12,50,2010Q2,2022Q3,3.8982134670486452,2.0737860695751578,7.6841470836436585,-0.011264676843787881
abm_balanced_h12_common_cells,beforeit_var_p1_constant,effective_federal_funds_rate,1,50,2010Q2,2022Q3,0.7133431529399417,0.39781075665462223,1.5232671394425708,-0.06448347350459213
abm_balanced_h12_common_cells,beforeit_var_p1_constant,effective_federal_funds_rate,2,50,2010Q2,2022Q3,1.3379732020433386,0.7220309252520465,2.741619039102088,-0.11379749937014372
abm_balanced_h12_common_cells,beforeit_var_p1_constant,effective_federal_funds_rate,4,50,2010Q2,2022Q3,2.20712767373057,1.2662236336273032,4.738857742140113,-0.15931235660771814
abm_balanced_h12_common_cells,beforeit_var_p1_constant,effective_federal_funds_rate,8,50,2010Q2,2022Q3,2.4638476906110953,1.828635105618604,6.703864765746696,-0.11003070514221243
abm_balanced_h12_common_cells,beforeit_var_p1_constant,effective_federal_funds_rate,12,50,2010Q2,2022Q3,2.688415687382162,2.0948450203549536,7.741012151827619,-0.23107351019344796
abm_balanced_h12_common_cells,beforeit_var_p2_constant,real_gdp,1,50,2010Q2,2022Q3,10.484454393179814,4.766495986350777,1.9174959788624681,-0.5383825339578764
abm_balanced_h12_common_cells,beforeit_var_p2_constant,real_gdp,2,50,2010Q2,2022Q3,10.40744878627631,4.790849207650378,1.9670131759844862,1.3399258683299828
abm_balanced_h12_common_cells,beforeit_var_p2_constant,real_gdp,4,50,2010Q2,2022Q3,13.036298843665174,4.732078631106811,1.9122977778290562,1.895801714072
abm_balanced_h12_common_cells,beforeit_var_p2_constant,real_gdp,8,50,2010Q2,2022Q3,27.720287766679178,7.273116058243446,2.750854311956405,3.3423059037970604
abm_balanced_h12_common_cells,beforeit_var_p2_constant,real_gdp,12,50,2010Q2,2022Q3,66.75191609607441,13.400934041514104,4.7129519698038385,7.589621444022562
abm_balanced_h12_common_cells,beforeit_var_p2_constant,gdp_deflator,1,50,2010Q2,2022Q3,1.6882070616568734,1.1678500378323122,1.5776969405421435,0.0498792061677287
abm_balanced_h12_common_cells,beforeit_var_p2_constant,gdp_deflator,2,50,2010Q2,2022Q3,2.567238126884084,1.5431511916399614,2.0746413774900505,0.0453533644813049
abm_balanced_h12_common_cells,beforeit_var_p2_constant,gdp_deflator,4,50,2010Q2,2022Q3,3.327889200329766,1.9448263403302912,2.5831080587100694,-0.018012694323673042
abm_balanced_h12_common_cells,beforeit_var_p2_constant,gdp_deflator,8,50,2010Q2,2022Q3,5.740602202319778,2.6480496586872424,3.545601007396921,0.07321391150214865
abm_balanced_h12_common_cells,beforeit_var_p2_constant,gdp_deflator,12,50,2010Q2,2022Q3,11.97461078484844,3.886064244533435,5.085182887086833,-0.1631829749179451
abm_balanced_h12_common_cells,beforeit_var_p2_constant,nominal_gdp,1,50,2010Q2,2022Q3,11.440327571797997,5.389506405670584,2.083952997836766,-0.48892009985153456
abm_balanced_h12_common_cells,beforeit_var_p2_constant,nominal_gdp,2,50,2010Q2,2022Q3,11.776480737995685,5.629349889260233,2.2644890936526063,1.3856983290270932
abm_balanced_h12_common_cells,beforeit_var_p2_constant,nominal_gdp,4,50,2010Q2,2022Q3,14.540977395954426,6.024538971385272,2.350674385509267,1.8784334676248442
abm_balanced_h12_common_cells,beforeit_var_p2_constant,nominal_gdp,8,50,2010Q2,2022Q3,31.727834009891485,9.44838220591588,3.508961067000561,3.4167259075856418
abm_balanced_h12_common_cells,beforeit_var_p2_constant,nominal_gdp,12,50,2010Q2,2022Q3,76.60985905261835,16.57298757684322,5.718267271548329,7.428910468275637
abm_balanced_h12_common_cells,beforeit_var_p2_constant,unemployment_rate,1,50,2010Q2,2022Q3,2.257313316038524,0.776665728050701,2.6366085931182908,0.18381246746134233
abm_balanced_h12_common_cells,beforeit_var_p2_constant,unemployment_rate,2,50,2010Q2,2022Q3,2.850063724994444,1.0288542018027211,3.7081954972133446,-0.0011451866522558518
abm_balanced_h12_common_cells,beforeit_var_p2_constant,unemployment_rate,4,50,2010Q2,2022Q3,3.0921197912012754,1.4949156475817182,5.362215598614439,-0.11044283453227675
abm_balanced_h12_common_cells,beforeit_var_p2_constant,unemployment_rate,8,50,2010Q2,2022Q3,3.543413691283413,2.0201671187714085,7.173238258486658,-0.6119209042778858
abm_balanced_h12_common_cells,beforeit_var_p2_constant,unemployment_rate,12,50,2010Q2,2022Q3,7.6584258019045395,3.0192931834701295,10.130548669297971,-0.7162314765105389
abm_balanced_h12_common_cells,beforeit_var_p2_constant,effective_federal_funds_rate,1,50,2010Q2,2022Q3,0.3651572923699817,0.284543134733874,1.0568152729884408,0.12205934209706172
abm_balanced_h12_common_cells,beforeit_var_p2_constant,effective_federal_funds_rate,2,50,2010Q2,2022Q3,0.773038247645322,0.5596336707934971,2.0486161673128542,0.27536962410031235
abm_balanced_h12_common_cells,beforeit_var_p2_constant,effective_federal_funds_rate,4,50,2010Q2,2022Q3,1.3408796379898844,0.9481787098541958,3.4347786268385403,0.5751405015182682
abm_balanced_h12_common_cells,beforeit_var_p2_constant,effective_federal_funds_rate,8,50,2010Q2,2022Q3,2.1110579276781563,1.5424456804932447,5.490404917993134,0.8069346262414995
abm_balanced_h12_common_cells,beforeit_var_p2_constant,effective_federal_funds_rate,12,50,2010Q2,2022Q3,2.826640894484204,2.0182442466347674,7.503588686960886,0.4429364336193436
abm_balanced_h12_common_cells,beforeit_var_p3_constant,real_gdp,1,50,2010Q2,2022Q3,9.328296669983525,4.93430581893633,1.974774567342854,-0.009741308865231203
abm_balanced_h12_common_cells,beforeit_var_p3_constant,real_gdp,2,50,2010Q2,2022Q3,11.415611482941042,6.0012556814685025,2.435486035025777,0.36027186921510024
abm_balanced_h12_common_cells,beforeit_var_p3_constant,real_gdp,4,50,2010Q2,2022Q3,14.422693100992003,5.990666377477737,2.3486602744009213,-1.2026833652466618
abm_balanced_h12_common_cells,beforeit_var_p3_constant,real_gdp,8,50,2010Q2,2022Q3,28.179307001965867,9.0535523565401,3.6175098440534144,3.2174780772772107
abm_balanced_h12_common_cells,beforeit_var_p3_constant,real_gdp,12,50,2010Q2,2022Q3,278.12664143325566,45.71023818162209,14.969813649175517,40.47840286937595
abm_balanced_h12_common_cells,beforeit_var_p3_constant,gdp_deflator,1,50,2010Q2,2022Q3,2.072116466276029,1.3706290283794822,1.8443306718900603,0.11127738278858632
abm_balanced_h12_common_cells,beforeit_var_p3_constant,gdp_deflator,2,50,2010Q2,2022Q3,4.224157177481071,2.131251781958765,2.835917553976744,-0.2546689545012767
abm_balanced_h12_common_cells,beforeit_var_p3_constant,gdp_deflator,4,50,2010Q2,2022Q3,4.9088244716047535,2.58573137519541,3.4012099195056043,-0.3845534764578166
abm_balanced_h12_common_cells,beforeit_var_p3_constant,gdp_deflator,8,50,2010Q2,2022Q3,20.027483466910706,5.85409236037475,7.7263843722620695,2.7647408754787226
abm_balanced_h12_common_cells,beforeit_var_p3_constant,gdp_deflator,12,50,2010Q2,2022Q3,55.59187896452723,12.034442144502725,15.18103795704688,5.878119890878216
abm_balanced_h12_common_cells,beforeit_var_p3_constant,nominal_gdp,1,50,2010Q2,2022Q3,9.801311391224317,5.402525647614409,2.0904861551002782,0.10097390733101129
abm_balanced_h12_common_cells,beforeit_var_p3_constant,nominal_gdp,2,50,2010Q2,2022Q3,14.81216905569827,7.564070461209069,2.9727106605265776,0.10654514604116272
abm_balanced_h12_common_cells,beforeit_var_p3_constant,nominal_gdp,4,50,2010Q2,2022Q3,17.482187268317578,7.778470903936075,2.96006272523348,-1.585980471610352
abm_balanced_h12_common_cells,beforeit_var_p3_constant,nominal_gdp,8,50,2010Q2,2022Q3,47.70014483915874,14.401971844851719,5.54757636925051,5.97726639166042
abm_balanced_h12_common_cells,beforeit_var_p3_constant,nominal_gdp,12,50,2010Q2,2022Q3,331.30680602976605,53.02940850376831,16.44017072826864,46.3520618619754
abm_balanced_h12_common_cells,beforeit_var_p3_constant,unemployment_rate,1,50,2010Q2,2022Q3,1.8542632227318863,0.6744744259355674,2.314407161219664,-0.13618248949129447
abm_balanced_h12_common_cells,beforeit_var_p3_constant,unemployment_rate,2,50,2010Q2,2022Q3,3.6606908325129606,1.4015445943589107,4.719846767024438,0.1949069644597533
abm_balanced_h12_common_cells,beforeit_var_p3_constant,unemployment_rate,4,50,2010Q2,2022Q3,3.239343281558728,1.8888785317559076,6.351656897013229,-0.7900850978074021
abm_balanced_h12_common_cells,beforeit_var_p3_constant,unemployment_rate,8,50,2010Q2,2022Q3,18.682651554658058,5.527357467091928,16.87999615386283,0.3257252070517444
abm_balanced_h12_common_cells,beforeit_var_p3_constant,unemployment_rate,12,50,2010Q2,2022Q3,68.56526663667157,15.527040432950033,44.756464171302696,-6.596491454411594
abm_balanced_h12_common_cells,beforeit_var_p3_constant,effective_federal_funds_rate,1,50,2010Q2,2022Q3,0.45793199482803165,0.3264543614388877,1.2293250136498264,0.1373177264075129
abm_balanced_h12_common_cells,beforeit_var_p3_constant,effective_federal_funds_rate,2,50,2010Q2,2022Q3,0.8946740911943868,0.6002728008787598,2.217952895735801,0.2475272897706639
abm_balanced_h12_common_cells,beforeit_var_p3_constant,effective_federal_funds_rate,4,50,2010Q2,2022Q3,1.7043920946033322,1.2113394352046982,4.418241207523689,0.6176257869370967
abm_balanced_h12_common_cells,beforeit_var_p3_constant,effective_federal_funds_rate,8,50,2010Q2,2022Q3,3.571616684505598,2.4387763130995395,8.829886087240675,1.3490461014279151
abm_balanced_h12_common_cells,beforeit_var_p3_constant,effective_federal_funds_rate,12,50,2010Q2,2022Q3,4.877518164959629,3.0730825405738034,11.435445961595407,2.0901388217243535
abm_balanced_h12_common_cells,bvar_mniw_v1_p1_constant_tight3fc999999999999a_decay3ff0000000000000_own0000000000000000_ivar4059000000000000_iwoff2_iscale3ff0000000000000_floor3e45798ee2308c3a_diffmse_scale,real_gdp,1,50,2010Q2,2022Q3,8.697014045629317,3.5614607295441,1.4893471546979995,-0.4009546122643457
abm_balanced_h12_common_cells,bvar_mniw_v1_p1_constant_tight3fc999999999999a_decay3ff0000000000000_own0000000000000000_ivar4059000000000000_iwoff2_iscale3ff0000000000000_floor3e45798ee2308c3a_diffmse_scale,real_gdp,2,50,2010Q2,2022Q3,7.00161975317965,3.1802511990844557,1.4028841190981607,-0.09543710150903387
abm_balanced_h12_common_cells,bvar_mniw_v1_p1_constant_tight3fc999999999999a_decay3ff0000000000000_own0000000000000000_ivar4059000000000000_iwoff2_iscale3ff0000000000000_floor3e45798ee2308c3a_diffmse_scale,real_gdp,4,50,2010Q2,2022Q3,6.636847963916363,2.8674887252794052,1.2922125952356622,-0.09234163627090666
abm_balanced_h12_common_cells,bvar_mniw_v1_p1_constant_tight3fc999999999999a_decay3ff0000000000000_own0000000000000000_ivar4059000000000000_iwoff2_iscale3ff0000000000000_floor3e45798ee2308c3a_diffmse_scale,real_gdp,8,50,2010Q2,2022Q3,6.688924642945317,2.9034458089843316,1.3278452180249074,-0.2424437536204457
abm_balanced_h12_common_cells,bvar_mniw_v1_p1_constant_tight3fc999999999999a_decay3ff0000000000000_own0000000000000000_ivar4059000000000000_iwoff2_iscale3ff0000000000000_floor3e45798ee2308c3a_diffmse_scale,real_gdp,12,50,2010Q2,2022Q3,6.647200801353926,2.77910671402347,1.2434566723190121,-0.41177222796955987
abm_balanced_h12_common_cells,bvar_mniw_v1_p1_constant_tight3fc999999999999a_decay3ff0000000000000_own0000000000000000_ivar4059000000000000_iwoff2_iscale3ff0000000000000_floor3e45798ee2308c3a_diffmse_scale,gdp_deflator,1,50,2010Q2,2022Q3,1.7956816781289506,1.2139815980902802,1.6308362849061837,-0.15391407112565758
abm_balanced_h12_common_cells,bvar_mniw_v1_p1_constant_tight3fc999999999999a_decay3ff0000000000000_own0000000000000000_ivar4059000000000000_iwoff2_iscale3ff0000000000000_floor3e45798ee2308c3a_diffmse_scale,gdp_deflator,2,50,2010Q2,2022Q3,2.0395408620112856,1.369126036490878,1.8164790284868075,-0.2948703384381702
abm_balanced_h12_common_cells,bvar_mniw_v1_p1_constant_tight3fc999999999999a_decay3ff0000000000000_own0000000000000000_ivar4059000000000000_iwoff2_iscale3ff0000000000000_floor3e45798ee2308c3a_diffmse_scale,gdp_deflator,4,50,2010Q2,2022Q3,2.181464584430928,1.4016765648198493,1.8657457966513398,-0.3826876013188121
abm_balanced_h12_common_cells,bvar_mniw_v1_p1_constant_tight3fc999999999999a_decay3ff0000000000000_own0000000000000000_ivar4059000000000000_iwoff2_iscale3ff0000000000000_floor3e45798ee2308c3a_diffmse_scale,gdp_deflator,8,50,2010Q2,2022Q3,2.135845051828864,1.3994453028447122,1.9248812984452275,-0.48029151019972743
abm_balanced_h12_common_cells,bvar_mniw_v1_p1_constant_tight3fc999999999999a_decay3ff0000000000000_own0000000000000000_ivar4059000000000000_iwoff2_iscale3ff0000000000000_floor3e45798ee2308c3a_diffmse_scale,gdp_deflator,12,50,2010Q2,2022Q3,2.150312237765924,1.4179676308770082,1.9527176538283089,-0.6103183301417449
abm_balanced_h12_common_cells,bvar_mniw_v1_p1_constant_tight3fc999999999999a_decay3ff0000000000000_own0000000000000000_ivar4059000000000000_iwoff2_iscale3ff0000000000000_floor3e45798ee2308c3a_diffmse_scale,nominal_gdp,1,50,2010Q2,2022Q3,9.970016063751165,4.1066793685889245,1.6588562679326042,-0.5549638822845193
abm_balanced_h12_common_cells,bvar_mniw_v1_p1_constant_tight3fc999999999999a_decay3ff0000000000000_own0000000000000000_ivar4059000000000000_iwoff2_iscale3ff0000000000000_floor3e45798ee2308c3a_diffmse_scale,nominal_gdp,2,50,2010Q2,2022Q3,8.064537963803991,3.9594029197226144,1.6611304637991782,-0.39030900425779874
abm_balanced_h12_common_cells,bvar_mniw_v1_p1_constant_tight3fc999999999999a_decay3ff0000000000000_own0000000000000000_ivar4059000000000000_iwoff2_iscale3ff0000000000000_floor3e45798ee2308c3a_diffmse_scale,nominal_gdp,4,50,2010Q2,2022Q3,7.546270012028996,3.7003223257347657,1.579656224111457,-0.4750454824101713
abm_balanced_h12_common_cells,bvar_mniw_v1_p1_constant_tight3fc999999999999a_decay3ff0000000000000_own0000000000000000_ivar4059000000000000_iwoff2_iscale3ff0000000000000_floor3e45798ee2308c3a_diffmse_scale,nominal_gdp,8,50,2010Q2,2022Q3,7.559892806562743,3.667809149916786,1.6359317226683765,-0.7227726349956588
abm_balanced_h12_common_cells,bvar_mniw_v1_p1_constant_tight3fc999999999999a_decay3ff0000000000000_own0000000000000000_ivar4059000000000000_iwoff2_iscale3ff0000000000000_floor3e45798ee2308c3a_diffmse_scale,nominal_gdp,12,50,2010Q2,2022Q3,7.573625493837048,3.658408586759395,1.6239647287551398,-1.0221453445417183
abm_balanced_h12_common_cells,bvar_mniw_v1_p1_constant_tight3fc999999999999a_decay3ff0000000000000_own0000000000000000_ivar4059000000000000_iwoff2_iscale3ff0000000000000_floor3e45798ee2308c3a_diffmse_scale,unemployment_rate,1,50,2010Q2,2022Q3,1.849276131041373,0.6046263804189478,2.211519597526094,0.1710345341858439
abm_balanced_h12_common_cells,bvar_mniw_v1_p1_constant_tight3fc999999999999a_decay3ff0000000000000_own0000000000000000_ivar4059000000000000_iwoff2_iscale3ff0000000000000_floor3e45798ee2308c3a_diffmse_scale,unemployment_rate,2,50,2010Q2,2022Q3,2.3975310617255743,0.9664797397759655,3.532875715293408,0.299343167140074
abm_balanced_h12_common_cells,bvar_mniw_v1_p1_constant_tight3fc999999999999a_decay3ff0000000000000_own0000000000000000_ivar4059000000000000_iwoff2_iscale3ff0000000000000_floor3e45798ee2308c3a_diffmse_scale,unemployment_rate,4,50,2010Q2,2022Q3,2.398176422910315,1.3815897271188446,5.089170885423616,0.46443054035374476
abm_balanced_h12_common_cells,bvar_mniw_v1_p1_constant_tight3fc999999999999a_decay3ff0000000000000_own0000000000000000_ivar4059000000000000_iwoff2_iscale3ff0000000000000_floor3e45798ee2308c3a_diffmse_scale,unemployment_rate,8,50,2010Q2,2022Q3,2.196632684783502,1.7143647932020942,6.433317086357195,0.797166407824378
abm_balanced_h12_common_cells,bvar_mniw_v1_p1_constant_tight3fc999999999999a_decay3ff0000000000000_own0000000000000000_ivar4059000000000000_iwoff2_iscale3ff0000000000000_floor3e45798ee2308c3a_diffmse_scale,unemployment_rate,12,50,2010Q2,2022Q3,2.2056328046103735,1.9019902115470695,7.253922309914497,1.2037405617313615
abm_balanced_h12_common_cells,bvar_mniw_v1_p1_constant_tight3fc999999999999a_decay3ff0000000000000_own0000000000000000_ivar4059000000000000_iwoff2_iscale3ff0000000000000_floor3e45798ee2308c3a_diffmse_scale,effective_federal_funds_rate,1,50,2010Q2,2022Q3,0.5024807348132364,0.31959957571676895,1.2194932323824943,0.04043336815914572
abm_balanced_h12_common_cells,bvar_mniw_v1_p1_constant_tight3fc999999999999a_decay3ff0000000000000_own0000000000000000_ivar4059000000000000_iwoff2_iscale3ff0000000000000_floor3e45798ee2308c3a_diffmse_scale,effective_federal_funds_rate,2,50,2010Q2,2022Q3,0.894453704195131,0.5817080443513999,2.211768767416391,0.057851689853345656
abm_balanced_h12_common_cells,bvar_mniw_v1_p1_constant_tight3fc999999999999a_decay3ff0000000000000_own0000000000000000_ivar4059000000000000_iwoff2_iscale3ff0000000000000_floor3e45798ee2308c3a_diffmse_scale,effective_federal_funds_rate,4,50,2010Q2,2022Q3,1.4105363081084366,1.004262797046639,3.8223188970136017,0.04148967418527498
abm_balanced_h12_common_cells,bvar_mniw_v1_p1_constant_tight3fc999999999999a_decay3ff0000000000000_own0000000000000000_ivar4059000000000000_iwoff2_iscale3ff0000000000000_floor3e45798ee2308c3a_diffmse_scale,effective_federal_funds_rate,8,50,2010Q2,2022Q3,2.009963030687236,1.6126089481363415,6.181046345389375,-0.16179230683352272
abm_balanced_h12_common_cells,bvar_mniw_v1_p1_constant_tight3fc999999999999a_decay3ff0000000000000_own0000000000000000_ivar4059000000000000_iwoff2_iscale3ff0000000000000_floor3e45798ee2308c3a_diffmse_scale,effective_federal_funds_rate,12,50,2010Q2,2022Q3,2.2677038299345513,1.7983495294890093,6.88638710905629,-0.4541430103555214
abm_balanced_h12_common_cells,beforeit_abm_us_v2_mean,real_gdp,1,50,2010Q2,2022Q3,6.677932236722879,2.7462268926638695,1.173558162259876,0.07048845743630416
abm_balanced_h12_common_cells,beforeit_abm_us_v2_mean,real_gdp,2,50,2010Q2,2022Q3,6.6389669773851345,2.7588798995472343,1.2301757219115217,-0.015273155539209639
abm_balanced_h12_common_cells,beforeit_abm_us_v2_mean,real_gdp,4,50,2010Q2,2022Q3,6.673566831526595,2.759620747442422,1.249595297254224,-0.15356032690337373
abm_balanced_h12_common_cells,beforeit_abm_us_v2_mean,real_gdp,8,50,2010Q2,2022Q3,6.669077113132124,2.78959030641054,1.2761395315698347,-0.09950205158233075
abm_balanced_h12_common_cells,beforeit_abm_us_v2_mean,real_gdp,12,50,2010Q2,2022Q3,6.6509785359926115,2.8235671784943155,1.2586288081743517,-0.20169225358066284
abm_balanced_h12_common_cells,beforeit_abm_us_v2_mean,gdp_deflator,1,50,2010Q2,2022Q3,1.496512835626814,1.112059985778811,1.4983365423496724,-0.19881458255438308
abm_balanced_h12_common_cells,beforeit_abm_us_v2_mean,gdp_deflator,2,50,2010Q2,2022Q3,1.7774097305606218,1.1995745520635879,1.5821881516681862,-0.31990370893574344
abm_balanced_h12_common_cells,beforeit_abm_us_v2_mean,gdp_deflator,4,50,2010Q2,2022Q3,2.0715056764351645,1.3305078611459218,1.7629107278083413,-0.4382161754324669
abm_balanced_h12_common_cells,beforeit_abm_us_v2_mean,gdp_deflator,8,50,2010Q2,2022Q3,2.109385227695326,1.3544878466213064,1.8552269963941854,-0.5170947495881214
abm_balanced_h12_common_cells,beforeit_abm_us_v2_mean,gdp_deflator,12,50,2010Q2,2022Q3,2.1079984770141733,1.3837065660814287,1.8973047563163328,-0.6146902904639902
abm_balanced_h12_common_cells,beforeit_abm_us_v2_mean,nominal_gdp,1,50,2010Q2,2022Q3,7.509275726299663,3.2738813461068923,1.349370846623741,-0.128358731457999
abm_balanced_h12_common_cells,beforeit_abm_us_v2_mean,nominal_gdp,2,50,2010Q2,2022Q3,7.393077123270478,3.362667723999575,1.4212092891923394,-0.335183184115993
abm_balanced_h12_common_cells,beforeit_abm_us_v2_mean,nominal_gdp,4,50,2010Q2,2022Q3,7.558038218001566,3.5321327246833674,1.5082348417400573,-0.5917787874866609
abm_balanced_h12_common_cells,beforeit_abm_us_v2_mean,nominal_gdp,8,50,2010Q2,2022Q3,7.5922127949655644,3.6633227556749626,1.6302116751607931,-0.6166182775867723
abm_balanced_h12_common_cells,beforeit_abm_us_v2_mean,nominal_gdp,12,50,2010Q2,2022Q3,7.579977179507446,3.697140703945849,1.6372847052839417,-0.816424472163753
abm_balanced_h12_common_cells,beforeit_abm_us_v2_mean,unemployment_rate,1,50,2010Q2,2022Q3,3.2435949699601827,2.4380518437385543,9.552965757574771,-2.4380518437385543
abm_balanced_h12_common_cells,beforeit_abm_us_v2_mean,unemployment_rate,2,50,2010Q2,2022Q3,3.396744328402651,2.6681759766337607,10.605417409944094,-2.6681759766337607
abm_balanced_h12_common_cells,beforeit_abm_us_v2_mean,unemployment_rate,4,50,2010Q2,2022Q3,3.907323378493866,3.3212807594011884,13.354835033888538,-3.3212807594011884
abm_balanced_h12_common_cells,beforeit_abm_us_v2_mean,unemployment_rate,8,50,2010Q2,2022Q3,4.915419007560188,4.484621394669534,18.012669134097802,-4.484621394669534
abm_balanced_h12_common_cells,beforeit_abm_us_v2_mean,unemployment_rate,12,50,2010Q2,2022Q3,5.050573045662021,4.730812705366862,18.75395892307121,-4.730812705366862
abm_balanced_h12_common_cells,beforeit_abm_us_v2_mean,effective_federal_funds_rate,1,50,2010Q2,2022Q3,0.371505668591283,0.20431983840655982,0.8051660919427348,-0.018273015239923595
abm_balanced_h12_common_cells,beforeit_abm_us_v2_mean,effective_federal_funds_rate,2,50,2010Q2,2022Q3,0.7032532739312577,0.4119389330987619,1.6330992709568148,-0.05961022628397389
abm_balanced_h12_common_cells,beforeit_abm_us_v2_mean,effective_federal_funds_rate,4,50,2010Q2,2022Q3,1.2616557495663479,0.7928331891751637,3.1681450773837088,-0.18565414609787717
abm_balanced_h12_common_cells,beforeit_abm_us_v2_mean,effective_federal_funds_rate,8,50,2010Q2,2022Q3,1.9561517322288045,1.3863595564854694,5.542487856410333,-0.5034496806139106
abm_balanced_h12_common_cells,beforeit_abm_us_v2_mean,effective_federal_funds_rate,12,50,2010Q2,2022Q3,2.164597508531189,1.623952748614661,6.427581995795386,-0.7839546719216953
abm_balanced_h12_common_cells,beforeit_abm_us_v2_median,real_gdp,1,50,2010Q2,2022Q3,6.697299154847196,2.7729424518467374,1.183819674983729,0.04141858624168229
abm_balanced_h12_common_cells,beforeit_abm_us_v2_median,real_gdp,2,50,2010Q2,2022Q3,6.661788239547101,2.78321875788514,1.2390424442107597,-0.036124781984697096
abm_balanced_h12_common_cells,beforeit_abm_us_v2_median,real_gdp,4,50,2010Q2,2022Q3,6.680314265902551,2.760617308609702,1.2511032457286555,-0.14013032669014727
abm_balanced_h12_common_cells,beforeit_abm_us_v2_median,real_gdp,8,50,2010Q2,2022Q3,6.662809808541114,2.7785634862455897,1.270119196998187,-0.09714188226729746
abm_balanced_h12_common_cells,beforeit_abm_us_v2_median,real_gdp,12,50,2010Q2,2022Q3,6.6464734480357714,2.838895952318635,1.2618218945993898,-0.16724000866978506
abm_balanced_h12_common_cells,beforeit_abm_us_v2_median,gdp_deflator,1,50,2010Q2,2022Q3,1.4960664945318427,1.1109545801571252,1.4966967520744958,-0.19597029578659672
abm_balanced_h12_common_cells,beforeit_abm_us_v2_median,gdp_deflator,2,50,2010Q2,2022Q3,1.7801980212041564,1.1974015973002288,1.5786951683340735,-0.32476962212815963
abm_balanced_h12_common_cells,beforeit_abm_us_v2_median,gdp_deflator,4,50,2010Q2,2022Q3,2.0667910919772092,1.3274192894312187,1.759148270232247,-0.44603273129778337
abm_balanced_h12_common_cells,beforeit_abm_us_v2_median,gdp_deflator,8,50,2010Q2,2022Q3,2.108755872627841,1.3609611406588176,1.8652126047629118,-0.521803594545545
abm_balanced_h12_common_cells,beforeit_abm_us_v2_median,gdp_deflator,12,50,2010Q2,2022Q3,2.107646919120295,1.3869457209853082,1.9018628282206895,-0.614351063329515
abm_balanced_h12_common_cells,beforeit_abm_us_v2_median,nominal_gdp,1,50,2010Q2,2022Q3,7.5233491060636,3.2871087479417076,1.3534215749452096,-0.12412123187915285
abm_balanced_h12_common_cells,beforeit_abm_us_v2_median,nominal_gdp,2,50,2010Q2,2022Q3,7.422765855225159,3.387336450919379,1.428649598264937,-0.35677699091980847
abm_balanced_h12_common_cells,beforeit_abm_us_v2_median,nominal_gdp,4,50,2010Q2,2022Q3,7.554922297828682,3.517757335647948,1.5019594252607487,-0.5834735289911047
abm_balanced_h12_common_cells,beforeit_abm_us_v2_median,nominal_gdp,8,50,2010Q2,2022Q3,7.580054958608763,3.651452673753695,1.6244836636335682,-0.6156185203229407
abm_balanced_h12_common_cells,beforeit_abm_us_v2_median,nominal_gdp,12,50,2010Q2,2022Q3,7.5882104830002435,3.6980664333977438,1.6356975544675887,-0.7818373502386282
abm_balanced_h12_common_cells,beforeit_abm_us_v2_median,unemployment_rate,1,50,2010Q2,2022Q3,3.159920781008997,2.3321949616648214,9.16528082436965,-2.3233508579773305
abm_balanced_h12_common_cells,beforeit_abm_us_v2_median,unemployment_rate,2,50,2010Q2,2022Q3,3.264210284600981,2.4796020445417573,9.92644268369638,-2.4796020445417573
abm_balanced_h12_common_cells,beforeit_abm_us_v2_median,unemployment_rate,4,50,2010Q2,2022Q3,3.8641537820964236,3.2632216137275845,13.154995265785448,-3.2632216137275845
abm_balanced_h12_common_cells,beforeit_abm_us_v2_median,unemployment_rate,8,50,2010Q2,2022Q3,5.301269416301457,4.897841548010169,19.58094406955611,-4.897841548010169
abm_balanced_h12_common_cells,beforeit_abm_us_v2_median,unemployment_rate,12,50,2010Q2,2022Q3,5.2057596307679015,4.925999999999941,19.379516825203083,-4.925999999999941
abm_balanced_h12_common_cells,beforeit_abm_us_v2_median,effective_federal_funds_rate,1,50,2010Q2,2022Q3,0.3706675135111681,0.1987380028580624,0.7872020001875396,-0.026000854839736597
abm_balanced_h12_common_cells,beforeit_abm_us_v2_median,effective_federal_funds_rate,2,50,2010Q2,2022Q3,0.7024620705960886,0.40557013657193836,1.6123067950579633,-0.06982352233399863
abm_balanced_h12_common_cells,beforeit_abm_us_v2_median,effective_federal_funds_rate,4,50,2010Q2,2022Q3,1.2634034379641288,0.787529799806775,3.1509697768431364,-0.19648717368311605
abm_balanced_h12_common_cells,beforeit_abm_us_v2_median,effective_federal_funds_rate,8,50,2010Q2,2022Q3,1.9648503804033206,1.3896633927940685,5.558210433582298,-0.5118596289182653
abm_balanced_h12_common_cells,beforeit_abm_us_v2_median,effective_federal_funds_rate,12,50,2010Q2,2022Q3,2.1716937834060452,1.6266624044002782,6.441367644230355,-0.7906249947296995
abm_balanced_h12_common_cells,beforeit_abm_us_v1_mean,real_gdp,1,50,2010Q2,2022Q3,6.837340093057545,3.2972617750230016,1.3997680071738887,-1.2927842483071748
abm_balanced_h12_common_cells,beforeit_abm_us_v1_mean,real_gdp,2,50,2010Q2,2022Q3,9.821800039070277,8.354986057634221,3.5688435376925813,-7.210283295837655
abm_balanced_h12_common_cells,beforeit_abm_us_v1_mean,real_gdp,4,50,2010Q2,2022Q3,7.262014288237078,4.422815481594553,1.95125884049465,-2.8844735999257938
abm_balanced_h12_common_cells,beforeit_abm_us_v1_mean,real_gdp,8,50,2010Q2,2022Q3,6.954007176550418,3.826512400767165,1.6972678139129351,-2.14710477841342
abm_balanced_h12_common_cells,beforeit_abm_us_v1_mean,real_gdp,12,50,2010Q2,2022Q3,6.963733490932907,3.7648779476578214,1.6555105800520817,-2.017148763844959
abm_balanced_h12_common_cells,beforeit_abm_us_v1_mean,gdp_deflator,1,50,2010Q2,2022Q3,1.4965128356268143,1.1120599857788123,1.4983365423496742,-0.19881458255439888
abm_balanced_h12_common_cells,beforeit_abm_us_v1_mean,gdp_deflator,2,50,2010Q2,2022Q3,1.7716614114702711,1.2031388260886207,1.5874033172685225,-0.32353929495285677
abm_balanced_h12_common_cells,beforeit_abm_us_v1_mean,gdp_deflator,4,50,2010Q2,2022Q3,2.0601825619215877,1.335284292248084,1.77074350875265,-0.42187027034817404
abm_balanced_h12_common_cells,beforeit_abm_us_v1_mean,gdp_deflator,8,50,2010Q2,2022Q3,2.1020479104327348,1.3444745276588097,1.8392618269870118,-0.5125830465577862
abm_balanced_h12_common_cells,beforeit_abm_us_v1_mean,gdp_deflator,12,50,2010Q2,2022Q3,2.1093138905515145,1.3832429783594598,1.8983120017159907,-0.6079856866916223
abm_balanced_h12_common_cells,beforeit_abm_us_v1_mean,nominal_gdp,1,50,2010Q2,2022Q3,7.685662241745266,3.688847521998795,1.5046609263544781,-1.4916314372014938
abm_balanced_h12_common_cells,beforeit_abm_us_v1_mean,nominal_gdp,2,50,2010Q2,2022Q3,10.58001930256266,8.796732393947497,3.639661894400374,-7.533828910431554
abm_balanced_h12_common_cells,beforeit_abm_us_v1_mean,nominal_gdp,4,50,2010Q2,2022Q3,8.217204076698335,4.9970807491924845,2.09914500115328,-3.306346155424788
abm_balanced_h12_common_cells,beforeit_abm_us_v1_mean,nominal_gdp,8,50,2010Q2,2022Q3,7.950766478542661,4.553723816550313,1.9733526764784086,-2.6597093013875264
abm_balanced_h12_common_cells,beforeit_abm_us_v1_mean,nominal_gdp,12,50,2010Q2,2022Q3,7.964308501012158,4.559685051432308,1.9886592588544891,-2.625176378655681
abm_balanced_h12_common_cells,beforeit_abm_us_v1_mean,unemployment_rate,1,50,2010Q2,2022Q3,3.1482480429209008,2.3196297918948288,9.110304877258654,-2.3147068273092
abm_balanced_h12_common_cells,beforeit_abm_us_v1_mean,unemployment_rate,2,50,2010Q2,2022Q3,2.39000683574463,1.7241854691492915,6.8783628147253175,-1.1528922964585153
abm_balanced_h12_common_cells,beforeit_abm_us_v1_mean,unemployment_rate,4,50,2010Q2,2022Q3,2.0630259371892516,1.6177604965315675,6.3480113477185816,-0.26673311427522994
abm_balanced_h12_common_cells,beforeit_abm_us_v1_mean,unemployment_rate,8,50,2010Q2,2022Q3,1.9672201114640535,1.5540248265790166,5.928885038771759,0.10684410368753017
abm_balanced_h12_common_cells,beforeit_abm_us_v1_mean,unemployment_rate,12,50,2010Q2,2022Q3,1.8143153468010478,1.356492150419868,5.246839936994291,0.07667031763423279
abm_balanced_h12_common_cells,beforeit_abm_us_v1_mean,effective_federal_funds_rate,1,50,2010Q2,2022Q3,0.371505668591283,0.20431983840655982,0.8051660919427348,-0.018273015239923595
abm_balanced_h12_common_cells,beforeit_abm_us_v1_mean,effective_federal_funds_rate,2,50,2010Q2,2022Q3,0.7031672750537624,0.4120800385936492,1.6329420950724687,-0.05919421042900141
abm_balanced_h12_common_cells,beforeit_abm_us_v1_mean,effective_federal_funds_rate,4,50,2010Q2,2022Q3,1.260975193130686,0.7946699441509422,3.1730784715985827,-0.1825352740320766
abm_balanced_h12_common_cells,beforeit_abm_us_v1_mean,effective_federal_funds_rate,8,50,2010Q2,2022Q3,1.9555503905917597,1.3865892441702317,5.5403741755458,-0.502509487603941
abm_balanced_h12_common_cells,beforeit_abm_us_v1_mean,effective_federal_funds_rate,12,50,2010Q2,2022Q3,2.166954352397167,1.6281118797954273,6.442888627750985,-0.7872358270403812
abm_balanced_h12_common_cells,beforeit_abm_us_v1_median,real_gdp,1,50,2010Q2,2022Q3,6.865428478252007,3.320909099487947,1.4085180612808559,-1.3230686298232974
abm_balanced_h12_common_cells,beforeit_abm_us_v1_median,real_gdp,2,50,2010Q2,2022Q3,9.822164818221061,8.359132952139975,3.5710146654822132,-7.214893599348061
abm_balanced_h12_common_cells,beforeit_abm_us_v1_median,real_gdp,4,50,2010Q2,2022Q3,7.211777551332031,4.33211271235079,1.914636603812777,-2.782709242564656
abm_balanced_h12_common_cells,beforeit_abm_us_v1_median,real_gdp,8,50,2010Q2,2022Q3,6.935411567806924,3.778085966408785,1.6790109177668688,-2.08244659317879
abm_balanced_h12_common_cells,beforeit_abm_us_v1_median,real_gdp,12,50,2010Q2,2022Q3,6.924756951571997,3.6797529448175,1.6202674206527745,-1.9131104065206292
abm_balanced_h12_common_cells,beforeit_abm_us_v1_median,gdp_deflator,1,50,2010Q2,2022Q3,1.4960664945318018,1.1109545801570826,1.4966967520744348,-0.19597029578666778
abm_balanced_h12_common_cells,beforeit_abm_us_v1_median,gdp_deflator,2,50,2010Q2,2022Q3,1.7732712189819066,1.2006917900992142,1.584613819135504,-0.33373849904175856
abm_balanced_h12_common_cells,beforeit_abm_us_v1_median,gdp_deflator,4,50,2010Q2,2022Q3,2.0555854929319137,1.3335144088363855,1.7684788557372837,-0.42469969748408637
abm_balanced_h12_common_cells,beforeit_abm_us_v1_median,gdp_deflator,8,50,2010Q2,2022Q3,2.0992447782801746,1.345464709557231,1.8407916073267792,-0.5131379011384776
abm_balanced_h12_common_cells,beforeit_abm_us_v1_median,gdp_deflator,12,50,2010Q2,2022Q3,2.1170918001525405,1.3897337263089156,1.9072606537211625,-0.6198545156448317
abm_balanced_h12_common_cells,beforeit_abm_us_v1_median,nominal_gdp,1,50,2010Q2,2022Q3,7.700115775719518,3.7003682914005096,1.5084829841287677,-1.4878282611841644
abm_balanced_h12_common_cells,beforeit_abm_us_v1_median,nominal_gdp,2,50,2010Q2,2022Q3,10.573127869052138,8.782311906721496,3.6349344684319216,-7.514366579496592
abm_balanced_h12_common_cells,beforeit_abm_us_v1_median,nominal_gdp,4,50,2010Q2,2022Q3,8.143117461757457,4.896440990769082,2.0603308446236266,-3.1970830500115768
abm_balanced_h12_common_cells,beforeit_abm_us_v1_median,nominal_gdp,8,50,2010Q2,2022Q3,7.941075209084923,4.51404792977001,1.9567400189476485,-2.602794271267606
abm_balanced_h12_common_cells,beforeit_abm_us_v1_median,nominal_gdp,12,50,2010Q2,2022Q3,7.920034391617315,4.494471837539482,1.9640318546745428,-2.5275303385252483
abm_balanced_h12_common_cells,beforeit_abm_us_v1_median,unemployment_rate,1,50,2010Q2,2022Q3,3.097208483889236,2.263531945965674,8.893110178263987,-2.2324417670682397
abm_balanced_h12_common_cells,beforeit_abm_us_v1_median,unemployment_rate,2,50,2010Q2,2022Q3,2.374656246391743,1.706991602774702,6.8096814725343275,-1.135680905439895
abm_balanced_h12_common_cells,beforeit_abm_us_v1_median,unemployment_rate,4,50,2010Q2,2022Q3,2.0713851163189503,1.630292807593999,6.398831400457515,-0.28019861263229445
abm_balanced_h12_common_cells,beforeit_abm_us_v1_median,unemployment_rate,8,50,2010Q2,2022Q3,1.9643350087223408,1.5515516611901887,5.927489305848571,0.08901496896682942
abm_balanced_h12_common_cells,beforeit_abm_us_v1_median,unemployment_rate,12,50,2010Q2,2022Q3,1.8099703488606467,1.3504746257758373,5.230824755560054,0.06195180722897572
abm_balanced_h12_common_cells,beforeit_abm_us_v1_median,effective_federal_funds_rate,1,50,2010Q2,2022Q3,0.3706675135111681,0.1987380028580624,0.7872020001875396,-0.026000854839736597
abm_balanced_h12_common_cells,beforeit_abm_us_v1_median,effective_federal_funds_rate,2,50,2010Q2,2022Q3,0.7038822087593434,0.4061416485982812,1.6131653323865245,-0.06806630389726237
abm_balanced_h12_common_cells,beforeit_abm_us_v1_median,effective_federal_funds_rate,4,50,2010Q2,2022Q3,1.2640626680068305,0.7913242578248625,3.164897546413861,-0.19420818844197668
abm_balanced_h12_common_cells,beforeit_abm_us_v1_median,effective_federal_funds_rate,8,50,2010Q2,2022Q3,1.9629737096418605,1.388866673477744,5.552757511088406,-0.5109427013402768
abm_balanced_h12_common_cells,beforeit_abm_us_v1_median,effective_federal_funds_rate,12,50,2010Q2,2022Q3,2.1742683906528946,1.6328335348627718,6.462143080755749,-0.7929870729250412
abm_pandemic_masked_common_cells,naive_no_change,real_gdp,1,53,2010Q2,2025Q2,2.3989741565897575,1.8051204151803208,0.7270935351580236,0.0689795361635284
abm_pandemic_masked_common_cells,naive_no_change,real_gdp,2,52,2010Q2,2025Q1,2.516200221391261,1.9776274583974809,0.7757087875260555,0.030693124613250022
abm_pandemic_masked_common_cells,naive_no_change,real_gdp,4,50,2010Q2,2024Q3,2.596025649188736,2.06642457105444,0.8199279764719029,0.16070154778043996
abm_pandemic_masked_common_cells,naive_no_change,real_gdp,8,46,2010Q2,2023Q3,6.7863618388138205,3.3100373235629568,1.2904723763403871,-0.1017250365852174
abm_pandemic_masked_common_cells,naive_no_change,real_gdp,12,42,2010Q2,2022Q3,7.135237088230726,3.1690966404983576,1.2445553223216255,-0.22082495685388087
abm_pandemic_masked_common_cells,naive_no_change,gdp_deflator,1,53,2010Q2,2025Q2,1.2473815926255813,0.9622043041638678,1.2870441958285785,0.07287604896088681
abm_pandemic_masked_common_cells,naive_no_change,gdp_deflator,2,52,2010Q2,2025Q1,1.4221918103709303,1.042331013322077,1.3954405625365827,0.1502534099579615
abm_pandemic_masked_common_cells,naive_no_change,gdp_deflator,4,50,2010Q2,2024Q3,1.713508635282802,1.21088151115734,1.5801430728079606,0.28423138823838
abm_pandemic_masked_common_cells,naive_no_change,gdp_deflator,8,46,2010Q2,2023Q3,2.6886812715748,1.8055930284095651,2.4095079041523144,0.23526506658282612
abm_pandemic_masked_common_cells,naive_no_change,gdp_deflator,12,42,2010Q2,2022Q3,2.64821441608982,1.9176920448221668,2.5799048863676246,0.0855778421633095
abm_pandemic_masked_common_cells,naive_no_change,nominal_gdp,1,53,2010Q2,2025Q2,2.4875719019281077,1.9511913526335656,0.7749580143837644,0.1417629170502075
abm_pandemic_masked_common_cells,naive_no_change,nominal_gdp,2,52,2010Q2,2025Q1,2.5492543876102975,2.078556072250577,0.8303856128658548,0.18085079289465378
abm_pandemic_masked_common_cells,naive_no_change,nominal_gdp,4,50,2010Q2,2024Q3,2.6927443951803194,2.21175516740166,0.8684080275692012,0.44491818704037994
abm_pandemic_masked_common_cells,naive_no_change,nominal_gdp,8,46,2010Q2,2023Q3,8.343527660980655,4.270225807778152,1.6303965187321259,0.1334670197588912
abm_pandemic_masked_common_cells,naive_no_change,nominal_gdp,12,42,2010Q2,2022Q3,8.021417800635387,4.250745859901214,1.61399228312269,-0.13532943987297627
abm_pandemic_masked_common_cells,naive_no_change,unemployment_rate,1,53,2010Q2,2025Q2,0.19263156085907246,0.15094339622647168,0.5796739834431148,0.11069182389937736
abm_pandemic_masked_common_cells,naive_no_change,unemployment_rate,2,52,2010Q2,2025Q1,0.37802907679967157,0.3038461538462116,1.1444496407300335,0.24230769230771154
abm_pandemic_masked_common_cells,naive_no_change,unemployment_rate,4,50,2010Q2,2024Q3,0.8128960573160524,0.6560000000000001,2.388204933338975,0.55066666666668
abm_pandemic_masked_common_cells,naive_no_change,unemployment_rate,8,46,2010Q2,2023Q3,2.1292136399708657,1.535507246376913,5.4457079904363,1.3818840579710434
abm_pandemic_masked_common_cells,naive_no_change,unemployment_rate,12,42,2010Q2,2022Q3,2.5197211569923517,1.9428571428571426,7.141802634754056,1.8650793650793809
abm_pandemic_masked_common_cells,naive_no_change,effective_federal_funds_rate,1,53,2010Q2,2025Q2,0.3632373173600068,0.18256849052011323,0.7270145678257224,-0.10707589738573585
abm_pandemic_masked_common_cells,naive_no_change,effective_federal_funds_rate,2,52,2010Q2,2025Q1,0.6915126079193921,0.35835170691776924,1.4369278660024893,-0.22930932810469232
abm_pandemic_masked_common_cells,naive_no_change,effective_federal_funds_rate,4,50,2010Q2,2024Q3,1.246949593786311,0.69836789764376,2.8192719498641474,-0.50439659094248
abm_pandemic_masked_common_cells,naive_no_change,effective_federal_funds_rate,8,46,2010Q2,2023Q3,2.0602196147358,1.2726488223165653,5.183997406692859,-1.129804230569174
abm_pandemic_masked_common_cells,naive_no_change,effective_federal_funds_rate,12,42,2010Q2,2022Q3,2.524376904048172,1.7570710497685955,7.105093056572943,-1.5512601397177381
abm_pandemic_masked_common_cells,naive_drift,real_gdp,1,53,2010Q2,2025Q2,2.4208163813676755,1.8261706916225648,0.7357219728189237,0.10094579064171225
abm_pandemic_masked_common_cells,naive_drift,real_gdp,2,52,2010Q2,2025Q1,2.5593075608956117,2.0094925459269133,0.7886389055938567,0.0937201037351091
abm_pandemic_masked_common_cells,naive_drift,real_gdp,4,50,2010Q2,2024Q3,2.6993903717515866,2.136989450989546,0.8480626405533656,0.2972446489144756
abm_pandemic_masked_common_cells,naive_drift,real_gdp,8,46,2010Q2,2023Q3,7.488879051836744,3.65316371384618,1.4238398026111967,0.14829079891743877
abm_pandemic_masked_common_cells,naive_drift,real_gdp,12,42,2010Q2,2022Q3,8.224737151969645,3.6548289114550903,1.431451879983608,0.15585908217020963
abm_pandemic_masked_common_cells,naive_drift,gdp_deflator,1,53,2010Q2,2025Q2,1.258095469896591,0.9659836715038377,1.2921590633079814,0.06929220072192031
abm_pandemic_masked_common_cells,naive_drift,gdp_deflator,2,52,2010Q2,2025Q1,1.4477754713524065,1.0603237601398732,1.4203885979081616,0.14530360335753673
abm_pandemic_masked_common_cells,naive_drift,gdp_deflator,4,50,2010Q2,2024Q3,1.7736056945398266,1.2407600488199595,1.6180520834395247,0.2807787598606234
abm_pandemic_masked_common_cells,naive_drift,gdp_deflator,8,46,2010Q2,2023Q3,2.8570916237237958,1.9179927862687107,2.55508179690777,0.22341164806311276
abm_pandemic_masked_common_cells,naive_drift,gdp_deflator,12,42,2010Q2,2022Q3,2.9033532214673663,2.1307663892239534,2.859693488410405,0.04897191282887116
abm_pandemic_masked_common_cells,naive_drift,nominal_gdp,1,53,2010Q2,2025Q2,2.51353213730861,1.9704872461830705,0.7826192783718818,0.17013072079362226
abm_pandemic_masked_common_cells,naive_drift,nominal_gdp,2,52,2010Q2,2025Q1,2.603516795335001,2.120957890197801,0.8470545283370515,0.23889825834784
abm_pandemic_masked_common_cells,naive_drift,nominal_gdp,4,50,2010Q2,2024Q3,2.8334792910431026,2.3237259217808672,0.9089553433566467,0.577949850087952
abm_pandemic_masked_common_cells,naive_drift,nominal_gdp,8,46,2010Q2,2023Q3,9.131559754439095,4.690138306377848,1.7818062160272425,0.3715066973746324
abm_pandemic_masked_common_cells,naive_drift,nominal_gdp,12,42,2010Q2,2022Q3,9.233257203426165,4.762226946040395,1.7910874904832896,0.20456266653833377
abm_pandemic_masked_common_cells,naive_drift,unemployment_rate,1,53,2010Q2,2025Q2,0.23112346796631794,0.18206747167085505,0.7052389995348497,0.14369892371897744
abm_pandemic_masked_common_cells,naive_drift,unemployment_rate,2,52,2010Q2,2025Q1,0.4590876674262673,0.37361852676296475,1.4245904424306373,0.3102045253466252
abm_pandemic_masked_common_cells,naive_drift,unemployment_rate,4,50,2010Q2,2024Q3,0.9826466366392747,0.8059056456200651,2.983005573533869,0.6962508410736007
abm_pandemic_masked_common_cells,naive_drift,unemployment_rate,8,46,2010Q2,2023Q3,2.525334560278284,1.9000142271520672,6.85090347018539,1.7356702897916865
abm_pandemic_masked_common_cells,naive_drift,unemployment_rate,12,42,2010Q2,2022Q3,3.2194502991812946,2.530075847506263,9.407626327940196,2.4407691009315564
abm_pandemic_masked_common_cells,naive_drift,effective_federal_funds_rate,1,53,2010Q2,2025Q2,0.39447484132250626,0.25427971399666,0.9802642492344574,-0.19378029188402074
abm_pandemic_masked_common_cells,naive_drift,effective_federal_funds_rate,2,52,2010Q2,2025Q1,0.7633257199585318,0.5065732203752297,1.960552888069035,-0.40596248303410193
abm_pandemic_masked_common_cells,naive_drift,effective_federal_funds_rate,4,50,2010Q2,2024Q3,1.4256811215039262,1.0231250867131685,3.9729649059657697,-0.8721813170445257
abm_pandemic_masked_common_cells,naive_drift,effective_federal_funds_rate,8,46,2010Q2,2023Q3,2.5373726947095485,2.0140200021360384,7.785992924262539,-1.9286549654468017
abm_pandemic_masked_common_cells,naive_drift,effective_federal_funds_rate,12,42,2010Q2,2022Q3,3.353831452508781,2.9353546823173966,11.208643302903175,-2.811949269856908
abm_pandemic_masked_common_cells,naive_historical_mean,real_gdp,1,53,2010Q2,2025Q2,1.62225493463943,1.342520813761802,0.5427571741764604,-0.4758780606327765
abm_pandemic_masked_common_cells,naive_historical_mean,real_gdp,2,52,2010Q2,2025Q1,1.6247792099225136,1.343982721571003,0.5420667733583158,-0.46630323131991713
abm_pandemic_masked_common_cells,naive_historical_mean,real_gdp,4,50,2010Q2,2024Q3,1.6102567566194312,1.3387164203368576,0.5347307872127827,-0.545894086530417
abm_pandemic_masked_common_cells,naive_historical_mean,real_gdp,8,46,2010Q2,2023Q3,1.5918308562663674,1.3092461934995503,0.5250176485419369,-0.5631901254200733
abm_pandemic_masked_common_cells,naive_historical_mean,real_gdp,12,42,2010Q2,2022Q3,1.6322528890290569,1.3507534556400134,0.5499879667415184,-0.6422781154943922
abm_pandemic_masked_common_cells,naive_historical_mean,gdp_deflator,1,53,2010Q2,2025Q2,1.5443482945767788,0.9233703476186597,1.2077177772383434,-0.1564947305586216
abm_pandemic_masked_common_cells,naive_historical_mean,gdp_deflator,2,52,2010Q2,2025Q1,1.5682361142143215,0.9261448225619221,1.2112004262627665,-0.17773820175750316
abm_pandemic_masked_common_cells,naive_historical_mean,gdp_deflator,4,50,2010Q2,2024Q3,1.6269151998483395,0.9712510567834964,1.2742740309043612,-0.18725545504938437
abm_pandemic_masked_common_cells,naive_historical_mean,gdp_deflator,8,46,2010Q2,2023Q3,1.712858518715336,1.021322982008041,1.3887584317759991,-0.23369282343208098
abm_pandemic_masked_common_cells,naive_historical_mean,gdp_deflator,12,42,2010Q2,2022Q3,1.7937178509726026,1.1017122828288133,1.5331264882662405,-0.29353178827919785
abm_pandemic_masked_common_cells,naive_historical_mean,nominal_gdp,1,53,2010Q2,2025Q2,1.9556896900618301,1.5715045193845456,0.6102824568523636,-0.6324644107851863
abm_pandemic_masked_common_cells,naive_historical_mean,nominal_gdp,2,52,2010Q2,2025Q1,1.9805128706047437,1.5976941939957816,0.6189893636631093,-0.6441292956837259
abm_pandemic_masked_common_cells,naive_historical_mean,nominal_gdp,4,50,2010Q2,2024Q3,2.0087698044830518,1.6078114577592926,0.6148163664047627,-0.7331859048039123
abm_pandemic_masked_common_cells,naive_historical_mean,nominal_gdp,8,46,2010Q2,2023Q3,2.126063491136755,1.6650114778738945,0.6508778834620568,-0.796955481334153
abm_pandemic_masked_common_cells,naive_historical_mean,nominal_gdp,12,42,2010Q2,2022Q3,2.1696858056770214,1.7325205791053095,0.7198971125333955,-0.9358971256378129
abm_pandemic_masked_common_cells,naive_historical_mean,unemployment_rate,1,53,2010Q2,2025Q2,1.9727988017802152,1.8274829244544801,6.761260274250434,0.7168180058995626
abm_pandemic_masked_common_cells,naive_historical_mean,unemployment_rate,2,52,2010Q2,2025Q1,1.958435418239608,1.821244747053983,6.687195109482231,0.8043206028573555
abm_pandemic_masked_common_cells,naive_historical_mean,unemployment_rate,4,50,2010Q2,2024Q3,1.9362222668160818,1.8124183824745888,6.559417556669853,0.9795086126165242
abm_pandemic_masked_common_cells,naive_historical_mean,unemployment_rate,8,46,2010Q2,2023Q3,1.9248356942435285,1.8091531907617258,6.509001883561965,1.313330130432417
abm_pandemic_masked_common_cells,naive_historical_mean,unemployment_rate,12,42,2010Q2,2022Q3,1.9609805569670389,1.8326329395005092,6.933646472642541,1.6135315518603197
abm_pandemic_masked_common_cells,naive_historical_mean,effective_federal_funds_rate,1,53,2010Q2,2025Q2,2.0567754745880564,1.8100205444889972,6.392596240420357,0.2863641279701539
abm_pandemic_masked_common_cells,naive_historical_mean,effective_federal_funds_rate,2,52,2010Q2,2025Q1,2.0780949751498343,1.8248731999972962,6.448698699492157,0.2568890307170978
abm_pandemic_masked_common_cells,naive_historical_mean,effective_federal_funds_rate,4,50,2010Q2,2024Q3,2.1180533415064136,1.8517914063119947,6.579077062296793,0.19678098482384407
abm_pandemic_masked_common_cells,naive_historical_mean,effective_federal_funds_rate,8,46,2010Q2,2023Q3,2.1716191044969597,1.8852612628802996,6.785344312055789,0.06900986310525656
abm_pandemic_masked_common_cells,naive_historical_mean,effective_federal_funds_rate,12,42,2010Q2,2022Q3,2.197773835148079,1.8968895501079877,6.894917312166994,-0.0608149304437671
abm_pandemic_masked_common_cells,univariate_ar_p1_constant,real_gdp,1,53,2010Q2,2025Q2,1.7170218791131913,1.3707134642519858,0.5550815597645287,-0.3108183478491936
abm_pandemic_masked_common_cells,univariate_ar_p1_constant,real_gdp,2,52,2010Q2,2025Q1,1.6466286076264351,1.3464116718403376,0.5409709939481926,-0.3680179817434949
abm_pandemic_masked_common_cells,univariate_ar_p1_constant,real_gdp,4,50,2010Q2,2024Q3,1.610800530366964,1.3304899231987548,0.5311586284545904,-0.4966982124024048
abm_pandemic_masked_common_cells,univariate_ar_p1_constant,real_gdp,8,46,2010Q2,2023Q3,2.661515091057708,1.5983651941298853,0.6441825342312566,-0.8605137241740001
abm_pandemic_masked_common_cells,univariate_ar_p1_constant,real_gdp,12,42,2010Q2,2022Q3,2.4383804397991335,1.5873837697517506,0.6471067243090486,-0.8616716386373253
abm_pandemic_masked_common_cells,univariate_ar_p1_constant,gdp_deflator,1,53,2010Q2,2025Q2,1.1425098795043092,0.9079111757028999,1.2102279138105747,0.032132987583780775
abm_pandemic_masked_common_cells,univariate_ar_p1_constant,gdp_deflator,2,52,2010Q2,2025Q1,1.3199960826379347,0.8458971810662944,1.1182704593385229,0.0056122598871314235
abm_pandemic_masked_common_cells,univariate_ar_p1_constant,gdp_deflator,4,50,2010Q2,2024Q3,1.604970827641506,0.9800832610298873,1.2874936664400667,-0.07833158857365731
abm_pandemic_masked_common_cells,univariate_ar_p1_constant,gdp_deflator,8,46,2010Q2,2023Q3,1.7179522458781973,1.0335414624999357,1.4066969566655576,-0.19604928507339228
abm_pandemic_masked_common_cells,univariate_ar_p1_constant,gdp_deflator,12,42,2010Q2,2022Q3,1.791639559714702,1.1056754981452044,1.536825437828799,-0.28392366054198337
abm_pandemic_masked_common_cells,univariate_ar_p1_constant,nominal_gdp,1,53,2010Q2,2025Q2,2.203905874755697,1.707501378176505,0.6631666333106839,-0.5763435975717711
abm_pandemic_masked_common_cells,univariate_ar_p1_constant,nominal_gdp,2,52,2010Q2,2025Q1,2.048495470220029,1.6483978114668334,0.6412944064060141,-0.5718177110176947
abm_pandemic_masked_common_cells,univariate_ar_p1_constant,nominal_gdp,4,50,2010Q2,2024Q3,2.0250795586248858,1.6178209696237928,0.6198219249905532,-0.6898333163855688
abm_pandemic_masked_common_cells,univariate_ar_p1_constant,nominal_gdp,8,46,2010Q2,2023Q3,4.435406912886612,2.1368555003235765,0.8396987816827955,-1.2176967425700964
abm_pandemic_masked_common_cells,univariate_ar_p1_constant,nominal_gdp,12,42,2010Q2,2022Q3,3.423901742296958,2.108424196549884,0.8691568030322779,-1.2836280111214404
abm_pandemic_masked_common_cells,univariate_ar_p1_constant,unemployment_rate,1,53,2010Q2,2025Q2,0.2972616164474342,0.25129372458571675,0.8946364586474636,0.24990900420850937
abm_pandemic_masked_common_cells,univariate_ar_p1_constant,unemployment_rate,2,52,2010Q2,2025Q1,0.5801156368576381,0.5085439500839366,1.7995047758981273,0.5071029173022678
abm_pandemic_masked_common_cells,univariate_ar_p1_constant,unemployment_rate,4,50,2010Q2,2024Q3,1.1200439335054233,1.0095733681404429,3.5634096553008123,1.0095733681404429
abm_pandemic_masked_common_cells,univariate_ar_p1_constant,unemployment_rate,8,46,2010Q2,2023Q3,2.1956767315694297,1.9594851349002556,7.036467090937299,1.9594851349002556
abm_pandemic_masked_common_cells,univariate_ar_p1_constant,unemployment_rate,12,42,2010Q2,2022Q3,2.836254775788164,2.503820712229642,9.386512576264124,2.503820712229642
abm_pandemic_masked_common_cells,univariate_ar_p1_constant,effective_federal_funds_rate,1,53,2010Q2,2025Q2,0.39123047047046033,0.21365874755531916,0.8428983382464128,-0.15595376249730608
abm_pandemic_masked_common_cells,univariate_ar_p1_constant,effective_federal_funds_rate,2,52,2010Q2,2025Q1,0.7345428825507737,0.3995447425933588,1.588931853445916,-0.31621041166689895
abm_pandemic_masked_common_cells,univariate_ar_p1_constant,effective_federal_funds_rate,4,50,2010Q2,2024Q3,1.2923658331677963,0.7269780210988631,2.926245213879266,-0.6327941260177723
abm_pandemic_masked_common_cells,univariate_ar_p1_constant,effective_federal_funds_rate,8,46,2010Q2,2023Q3,2.0612821917524093,1.319480429189902,5.342645169121784,-1.2224674029282567
abm_pandemic_masked_common_cells,univariate_ar_p1_constant,effective_federal_funds_rate,12,42,2010Q2,2022Q3,2.453274921591448,1.738649323039573,7.0039686815387086,-1.5633606347303513
abm_pandemic_masked_common_cells,univariate_ar_p4_constant,real_gdp,1,53,2010Q2,2025Q2,1.7087809902518116,1.3554496813586354,0.5530520399981078,-0.3481791669905231
abm_pandemic_masked_common_cells,univariate_ar_p4_constant,real_gdp,2,52,2010Q2,2025Q1,1.633912066488091,1.2970849443576569,0.5237003075088632,-0.3808852333780652
abm_pandemic_masked_common_cells,univariate_ar_p4_constant,real_gdp,4,50,2010Q2,2024Q3,1.726094246689699,1.377708229263055,0.545944271199805,-0.46434013304562427
abm_pandemic_masked_common_cells,univariate_ar_p4_constant,real_gdp,8,46,2010Q2,2023Q3,2.735604418726024,1.5927463653198346,0.6433961711068295,-0.19527567721435415
abm_pandemic_masked_common_cells,univariate_ar_p4_constant,real_gdp,12,42,2010Q2,2022Q3,2.5955488885324653,1.619734102598479,0.659580760535959,-0.8834826115958114
abm_pandemic_masked_common_cells,univariate_ar_p4_constant,gdp_deflator,1,53,2010Q2,2025Q2,1.1490761219577963,0.9180088492894222,1.2252372531502729,0.06443827542275081
abm_pandemic_masked_common_cells,univariate_ar_p4_constant,gdp_deflator,2,52,2010Q2,2025Q1,1.3343616937352785,0.9054806026692953,1.1920153523336405,0.07599442581238777
abm_pandemic_masked_common_cells,univariate_ar_p4_constant,gdp_deflator,4,50,2010Q2,2024Q3,1.760966261429678,1.0866127191634272,1.4167264586540664,0.05155949976881927
abm_pandemic_masked_common_cells,univariate_ar_p4_constant,gdp_deflator,8,46,2010Q2,2023Q3,2.035945690304772,1.2542413232387077,1.6769482452604558,-0.06523633311764875
abm_pandemic_masked_common_cells,univariate_ar_p4_constant,gdp_deflator,12,42,2010Q2,2022Q3,2.088026420003191,1.2322564815150254,1.6881734739951153,-0.13386777218656176
abm_pandemic_masked_common_cells,univariate_ar_p4_constant,nominal_gdp,1,53,2010Q2,2025Q2,2.106521515611202,1.7061959302785135,0.675378684664995,-0.4752646603830831
abm_pandemic_masked_common_cells,univariate_ar_p4_constant,nominal_gdp,2,52,2010Q2,2025Q1,2.018785776017154,1.640710778883212,0.6454705592160349,-0.5013328758298388
abm_pandemic_masked_common_cells,univariate_ar_p4_constant,nominal_gdp,4,50,2010Q2,2024Q3,2.1074360481603818,1.6574829188958113,0.6367542617511717,-0.6283155752337127
abm_pandemic_masked_common_cells,univariate_ar_p4_constant,nominal_gdp,8,46,2010Q2,2023Q3,2.14366391638631,1.6531465624845374,0.6519283792351275,-0.47703121149378647
abm_pandemic_masked_common_cells,univariate_ar_p4_constant,nominal_gdp,12,42,2010Q2,2022Q3,2.1629696034282135,1.7347585606435267,0.7166803587486237,-0.8797875010057368
abm_pandemic_masked_common_cells,univariate_ar_p4_constant,unemployment_rate,1,53,2010Q2,2025Q2,0.2557573651583878,0.19664385388112635,0.6788386764372679,0.10195655486802818
abm_pandemic_masked_common_cells,univariate_ar_p4_constant,unemployment_rate,2,52,2010Q2,2025Q1,0.4938620190101026,0.37428207350728526,1.2780625653282116,0.21820051503225432
abm_pandemic_masked_common_cells,univariate_ar_p4_constant,unemployment_rate,4,50,2010Q2,2024Q3,0.986953502888204,0.7689548497600214,2.6261287492826604,0.4835787940858661
abm_pandemic_masked_common_cells,univariate_ar_p4_constant,unemployment_rate,8,46,2010Q2,2023Q3,2.7120405633840314,1.8017952548553813,6.258813204627504,1.2280543762108362
abm_pandemic_masked_common_cells,univariate_ar_p4_constant,unemployment_rate,12,42,2010Q2,2022Q3,7.027969542009101,3.1050294190876158,10.753434654539877,-0.0042322655927574514
abm_pandemic_masked_common_cells,univariate_ar_p4_constant,effective_federal_funds_rate,1,53,2010Q2,2025Q2,0.25731344427383696,0.1817398546337708,0.6728257286484584,0.01830829499296068
abm_pandemic_masked_common_cells,univariate_ar_p4_constant,effective_federal_funds_rate,2,52,2010Q2,2025Q1,0.557773375290506,0.3933776269592991,1.449303652784851,0.030313159798334155
abm_pandemic_masked_common_cells,univariate_ar_p4_constant,effective_federal_funds_rate,4,50,2010Q2,2024Q3,1.096659014619228,0.7763196971138668,2.816080141266816,0.07293834148544395
abm_pandemic_masked_common_cells,univariate_ar_p4_constant,effective_federal_funds_rate,8,46,2010Q2,2023Q3,2.0160675575829115,1.6244679683287833,5.812723002934196,0.058034728764397935
abm_pandemic_masked_common_cells,univariate_ar_p4_constant,effective_federal_funds_rate,12,42,2010Q2,2022Q3,2.517194091201235,2.1505821997609242,7.705006635486721,0.08313336039970255
abm_pandemic_masked_common_cells,univariate_ar_bic_p1-2-3-4-5-6-7-8_constant,real_gdp,1,53,2010Q2,2025Q2,1.7170218791131913,1.3707134642519858,0.5550815597645287,-0.3108183478491936
abm_pandemic_masked_common_cells,univariate_ar_bic_p1-2-3-4-5-6-7-8_constant,real_gdp,2,52,2010Q2,2025Q1,1.6466286076264351,1.3464116718403376,0.5409709939481926,-0.3680179817434949
abm_pandemic_masked_common_cells,univariate_ar_bic_p1-2-3-4-5-6-7-8_constant,real_gdp,4,50,2010Q2,2024Q3,1.610800530366964,1.3304899231987548,0.5311586284545904,-0.4966982124024048
abm_pandemic_masked_common_cells,univariate_ar_bic_p1-2-3-4-5-6-7-8_constant,real_gdp,8,46,2010Q2,2023Q3,2.661515091057708,1.5983651941298853,0.6441825342312566,-0.8605137241740001
abm_pandemic_masked_common_cells,univariate_ar_bic_p1-2-3-4-5-6-7-8_constant,real_gdp,12,42,2010Q2,2022Q3,2.4383804397991335,1.5873837697517506,0.6471067243090486,-0.8616716386373253
abm_pandemic_masked_common_cells,univariate_ar_bic_p1-2-3-4-5-6-7-8_constant,gdp_deflator,1,53,2010Q2,2025Q2,1.1420690335412533,0.8978614663704577,1.198621872835275,0.1188104800416373
abm_pandemic_masked_common_cells,univariate_ar_bic_p1-2-3-4-5-6-7-8_constant,gdp_deflator,2,52,2010Q2,2025Q1,1.3147866665453771,0.8757985592927491,1.1529423993714376,0.16396379963774133
abm_pandemic_masked_common_cells,univariate_ar_bic_p1-2-3-4-5-6-7-8_constant,gdp_deflator,4,50,2010Q2,2024Q3,1.7731006252405572,1.067126195984023,1.3902225208815298,0.1415731128601332
abm_pandemic_masked_common_cells,univariate_ar_bic_p1-2-3-4-5-6-7-8_constant,gdp_deflator,8,46,2010Q2,2023Q3,1.927220671295507,1.1964590987098596,1.5994554875286398,0.030270940378355805
abm_pandemic_masked_common_cells,univariate_ar_bic_p1-2-3-4-5-6-7-8_constant,gdp_deflator,12,42,2010Q2,2022Q3,1.9664998428747014,1.207607096704485,1.6591806886424894,-0.08120833760151962
abm_pandemic_masked_common_cells,univariate_ar_bic_p1-2-3-4-5-6-7-8_constant,nominal_gdp,1,53,2010Q2,2025Q2,2.203905874755697,1.707501378176505,0.6631666333106839,-0.5763435975717711
abm_pandemic_masked_common_cells,univariate_ar_bic_p1-2-3-4-5-6-7-8_constant,nominal_gdp,2,52,2010Q2,2025Q1,2.048495470220029,1.6483978114668334,0.6412944064060141,-0.5718177110176947
abm_pandemic_masked_common_cells,univariate_ar_bic_p1-2-3-4-5-6-7-8_constant,nominal_gdp,4,50,2010Q2,2024Q3,2.0250795586248858,1.6178209696237928,0.6198219249905532,-0.6898333163855688
abm_pandemic_masked_common_cells,univariate_ar_bic_p1-2-3-4-5-6-7-8_constant,nominal_gdp,8,46,2010Q2,2023Q3,4.435406912886612,2.1368555003235765,0.8396987816827955,-1.2176967425700964
abm_pandemic_masked_common_cells,univariate_ar_bic_p1-2-3-4-5-6-7-8_constant,nominal_gdp,12,42,2010Q2,2022Q3,3.423901742296958,2.108424196549884,0.8691568030322779,-1.2836280111214404
abm_pandemic_masked_common_cells,univariate_ar_bic_p1-2-3-4-5-6-7-8_constant,unemployment_rate,1,53,2010Q2,2025Q2,0.2546545527655215,0.20398895596690383,0.7001576301658939,0.11738766032820684
abm_pandemic_masked_common_cells,univariate_ar_bic_p1-2-3-4-5-6-7-8_constant,unemployment_rate,2,52,2010Q2,2025Q1,0.4990654032422956,0.39609725875549984,1.3412748479457197,0.26215925004316687
abm_pandemic_masked_common_cells,univariate_ar_bic_p1-2-3-4-5-6-7-8_constant,unemployment_rate,4,50,2010Q2,2024Q3,0.96465652682235,0.7999398485053609,2.7207168621530515,0.5855844999926015
abm_pandemic_masked_common_cells,univariate_ar_bic_p1-2-3-4-5-6-7-8_constant,unemployment_rate,8,46,2010Q2,2023Q3,3.5498024513519266,2.068072404507272,6.990996563571381,1.1323582583430416
abm_pandemic_masked_common_cells,univariate_ar_bic_p1-2-3-4-5-6-7-8_constant,unemployment_rate,12,42,2010Q2,2022Q3,8.879609571954516,3.6630624457595053,12.172849411512813,-0.3761893151361581
abm_pandemic_masked_common_cells,univariate_ar_bic_p1-2-3-4-5-6-7-8_constant,effective_federal_funds_rate,1,53,2010Q2,2025Q2,0.24611452626600347,0.17509920544307964,0.6486481766303142,-0.005803336300357824
abm_pandemic_masked_common_cells,univariate_ar_bic_p1-2-3-4-5-6-7-8_constant,effective_federal_funds_rate,2,52,2010Q2,2025Q1,0.5499505664428433,0.38757795855418686,1.428539573561804,-0.031205108577708546
abm_pandemic_masked_common_cells,univariate_ar_bic_p1-2-3-4-5-6-7-8_constant,effective_federal_funds_rate,4,50,2010Q2,2024Q3,1.123748578803588,0.8309650733380083,3.0268898096471126,-0.07066000799033435
abm_pandemic_masked_common_cells,univariate_ar_bic_p1-2-3-4-5-6-7-8_constant,effective_federal_funds_rate,8,46,2010Q2,2023Q3,2.041755348151776,1.6893373585969553,6.089705153067422,-0.16560405889727126
abm_pandemic_masked_common_cells,univariate_ar_bic_p1-2-3-4-5-6-7-8_constant,effective_federal_funds_rate,12,42,2010Q2,2022Q3,2.4157493213713273,2.054149768283891,7.424296158211516,-0.1322255915301805
abm_pandemic_masked_common_cells,beforeit_var_p1_constant,real_gdp,1,53,2010Q2,2025Q2,2.390544923349987,1.8740484955555883,0.7598140472612157,0.44689821501582305
abm_pandemic_masked_common_cells,beforeit_var_p1_constant,real_gdp,2,52,2010Q2,2025Q1,2.227759708945441,1.7037077321592735,0.6905775869128086,0.4528064333265014
abm_pandemic_masked_common_cells,beforeit_var_p1_constant,real_gdp,4,50,2010Q2,2024Q3,2.228705526522516,1.6612420499365452,0.6701377031638228,0.21348533108399267
abm_pandemic_masked_common_cells,beforeit_var_p1_constant,real_gdp,8,46,2010Q2,2023Q3,5.159141589485579,2.128192288963295,0.8676776048644056,0.6128700838053144
abm_pandemic_masked_common_cells,beforeit_var_p1_constant,real_gdp,12,42,2010Q2,2022Q3,1.902857391543315,1.4059533794601966,0.569681743117607,-0.38605185197120867
abm_pandemic_masked_common_cells,beforeit_var_p1_constant,gdp_deflator,1,53,2010Q2,2025Q2,1.1214035331727423,0.9274356564382785,1.233937897537521,0.2594712370554324
abm_pandemic_masked_common_cells,beforeit_var_p1_constant,gdp_deflator,2,52,2010Q2,2025Q1,1.429485937264223,1.0622696288859452,1.4159523971998125,0.31860278485975907
abm_pandemic_masked_common_cells,beforeit_var_p1_constant,gdp_deflator,4,50,2010Q2,2024Q3,1.7977332446277268,1.225111392454491,1.6330107127298152,0.2585127302078427
abm_pandemic_masked_common_cells,beforeit_var_p1_constant,gdp_deflator,8,46,2010Q2,2023Q3,1.7669926625875305,1.2533653277907455,1.7230712005280315,0.21735447060620097
abm_pandemic_masked_common_cells,beforeit_var_p1_constant,gdp_deflator,12,42,2010Q2,2022Q3,2.111511125304005,1.383671856178328,1.921756574363022,-0.051428245763818374
abm_pandemic_masked_common_cells,beforeit_var_p1_constant,nominal_gdp,1,53,2010Q2,2025Q2,2.6173940605526638,1.982885126814247,0.8010532017855668,0.7061144478900911
abm_pandemic_masked_common_cells,beforeit_var_p1_constant,nominal_gdp,2,52,2010Q2,2025Q1,2.637359518686562,1.9314946903209496,0.7911258611139066,0.7713478445903673
abm_pandemic_masked_common_cells,beforeit_var_p1_constant,nominal_gdp,4,50,2010Q2,2024Q3,2.929554605040166,2.1446728262194727,0.8511937084367989,0.4719345861614166
abm_pandemic_masked_common_cells,beforeit_var_p1_constant,nominal_gdp,8,46,2010Q2,2023Q3,5.6162514853608325,2.744025387577774,1.095489680440756,0.8301166293202192
abm_pandemic_masked_common_cells,beforeit_var_p1_constant,nominal_gdp,12,42,2010Q2,2022Q3,2.8488811882060556,2.06657093354328,0.8545247467852355,-0.4375981379232087
abm_pandemic_masked_common_cells,beforeit_var_p1_constant,unemployment_rate,1,53,2010Q2,2025Q2,0.2412830670264309,0.17769078282523035,0.6225280028119806,0.008179809621798014
abm_pandemic_masked_common_cells,beforeit_var_p1_constant,unemployment_rate,2,52,2010Q2,2025Q1,0.4347714730979148,0.29523505483447743,1.063212197116182,0.036270685548880126
abm_pandemic_masked_common_cells,beforeit_var_p1_constant,unemployment_rate,4,50,2010Q2,2024Q3,0.8789223302858109,0.5926254733430393,2.1616057841371092,0.10248804574542096
abm_pandemic_masked_common_cells,beforeit_var_p1_constant,unemployment_rate,8,46,2010Q2,2023Q3,1.9247585759236823,1.303058501194619,4.686101125848209,0.5005955566059955
abm_pandemic_masked_common_cells,beforeit_var_p1_constant,unemployment_rate,12,42,2010Q2,2022Q3,4.008580970903734,2.0410179757823026,7.280460710113398,0.291614594542098
abm_pandemic_masked_common_cells,beforeit_var_p1_constant,effective_federal_funds_rate,1,53,2010Q2,2025Q2,0.42140979827805736,0.2851508507001832,1.0587546289102665,-0.09404257982516495
abm_pandemic_masked_common_cells,beforeit_var_p1_constant,effective_federal_funds_rate,2,52,2010Q2,2025Q1,0.7622781605250227,0.5173817060205899,1.8951940020808964,-0.13697066648505393
abm_pandemic_masked_common_cells,beforeit_var_p1_constant,effective_federal_funds_rate,4,50,2010Q2,2024Q3,1.4214442285568627,0.9922589318600665,3.5905103999759262,-0.14920647001372767
abm_pandemic_masked_common_cells,beforeit_var_p1_constant,effective_federal_funds_rate,8,46,2010Q2,2023Q3,2.5037879058428594,1.805076359030392,6.490975211464177,-0.41385487617615624
abm_pandemic_masked_common_cells,beforeit_var_p1_constant,effective_federal_funds_rate,12,42,2010Q2,2022Q3,2.905304402507611,2.324140485175082,8.507809097749254,-0.4018421277097029
abm_pandemic_masked_common_cells,beforeit_var_p2_constant,real_gdp,1,53,2010Q2,2025Q2,2.987894855673432,2.2481429044537555,0.8875855200406748,0.569611847678313
abm_pandemic_masked_common_cells,beforeit_var_p2_constant,real_gdp,2,52,2010Q2,2025Q1,2.734292506370214,2.028863739379114,0.8007061197580367,0.17436387021518518
abm_pandemic_masked_common_cells,beforeit_var_p2_constant,real_gdp,4,50,2010Q2,2024Q3,2.6701116536025955,1.891684929714304,0.7444903024142551,-0.04776590385201491
abm_pandemic_masked_common_cells,beforeit_var_p2_constant,real_gdp,8,46,2010Q2,2023Q3,28.11130797125847,6.219897701608126,2.1375556843879364,3.5678271438031
abm_pandemic_masked_common_cells,beforeit_var_p2_constant,real_gdp,12,42,2010Q2,2022Q3,72.48558390059118,13.869254197495165,4.624793199535628,9.126512003107624
abm_pandemic_masked_common_cells,beforeit_var_p2_constant,gdp_deflator,1,53,2010Q2,2025Q2,1.2060008361716577,0.9800660752156691,1.3114227122830187,0.38818925250315806
abm_pandemic_masked_common_cells,beforeit_var_p2_constant,gdp_deflator,2,52,2010Q2,2025Q1,1.457747562526914,1.098718068322353,1.46658429913386,0.4790308045095038
abm_pandemic_masked_common_cells,beforeit_var_p2_constant,gdp_deflator,4,50,2010Q2,2024Q3,1.8763225722752173,1.280844415951895,1.697289390302622,0.3371872406430703
abm_pandemic_masked_common_cells,beforeit_var_p2_constant,gdp_deflator,8,46,2010Q2,2023Q3,5.820931622453485,2.435834953430901,3.234918770910388,0.3580112227474002
abm_pandemic_masked_common_cells,beforeit_var_p2_constant,gdp_deflator,12,42,2010Q2,2022Q3,12.987620910894703,4.095356823710399,5.340971981572045,0.17706968432489506
abm_pandemic_masked_common_cells,beforeit_var_p2_constant,nominal_gdp,1,53,2010Q2,2025Q2,3.411680802902834,2.6149606193844623,1.0028390736191146,0.9574976409260538
abm_pandemic_masked_common_cells,beforeit_var_p2_constant,nominal_gdp,2,52,2010Q2,2025Q1,3.1367625503515155,2.4839844134458784,0.9680725216618787,0.653308245045809
abm_pandemic_masked_common_cells,beforeit_var_p2_constant,nominal_gdp,4,50,2010Q2,2024Q3,3.502760538326944,2.4792694484962694,0.9505478733929834,0.2893633234664761
abm_pandemic_masked_common_cells,beforeit_var_p2_constant,nominal_gdp,8,46,2010Q2,2023Q3,32.20473019390229,8.102395828082212,2.7499372299645417,3.9270907575358653
abm_pandemic_masked_common_cells,beforeit_var_p2_constant,nominal_gdp,12,42,2010Q2,2022Q3,83.2079100412566,17.117382193037535,5.600525037920214,9.306491634337407
abm_pandemic_masked_common_cells,beforeit_var_p2_constant,unemployment_rate,1,53,2010Q2,2025Q2,0.42874870216584515,0.2942710733355359,0.9245281379165292,-0.054769851299960585
abm_pandemic_masked_common_cells,beforeit_var_p2_constant,unemployment_rate,2,52,2010Q2,2025Q1,0.6028093906128467,0.4232208419157483,1.4051033459342435,-0.08120934160525389
abm_pandemic_masked_common_cells,beforeit_var_p2_constant,unemployment_rate,4,50,2010Q2,2024Q3,1.1592807595823258,0.7834049634908652,2.621788755879569,-0.07326319740522635
abm_pandemic_masked_common_cells,beforeit_var_p2_constant,unemployment_rate,8,46,2010Q2,2023Q3,3.3547001401002983,1.8090106100566334,5.953826958396815,-0.1817383711536746
abm_pandemic_masked_common_cells,beforeit_var_p2_constant,unemployment_rate,12,42,2010Q2,2022Q3,8.209651212233878,3.108385999438843,9.934713848989539,-0.44393328823547484
abm_pandemic_masked_common_cells,beforeit_var_p2_constant,effective_federal_funds_rate,1,53,2010Q2,2025Q2,0.30237132117536647,0.23783614255007737,0.8532962678157227,0.023495281327281792
abm_pandemic_masked_common_cells,beforeit_var_p2_constant,effective_federal_funds_rate,2,52,2010Q2,2025Q1,0.6720967450919364,0.4976302900407961,1.7656759124411028,0.09132499711396114
abm_pandemic_masked_common_cells,beforeit_var_p2_constant,effective_federal_funds_rate,4,50,2010Q2,2024Q3,1.3200525334982425,0.9403367087706909,3.338550481892586,0.3366752976715424
abm_pandemic_masked_common_cells,beforeit_var_p2_constant,effective_federal_funds_rate,8,46,2010Q2,2023Q3,2.089021779664664,1.4496686392824065,4.958730818097163,0.44788787552644904
abm_pandemic_masked_common_cells,beforeit_var_p2_constant,effective_federal_funds_rate,12,42,2010Q2,2022Q3,2.9532048195771954,2.023156219715502,7.350866440860645,0.14778977564952117
abm_pandemic_masked_common_cells,beforeit_var_p3_constant,real_gdp,1,53,2010Q2,2025Q2,4.052751329743401,2.6816304254311705,1.0478486881412246,0.7736966471303347
abm_pandemic_masked_common_cells,beforeit_var_p3_constant,real_gdp,2,52,2010Q2,2025Q1,4.040991119675102,2.802580100731398,1.094093377876951,0.925572416080126
abm_pandemic_masked_common_cells,beforeit_var_p3_constant,real_gdp,4,50,2010Q2,2024Q3,3.616068213001806,2.335242557283259,0.8946018353965567,0.8366299730973289
abm_pandemic_masked_common_cells,beforeit_var_p3_constant,real_gdp,8,46,2010Q2,2023Q3,28.60242201187072,8.186474629888904,3.096515283006645,3.3440887790534823
abm_pandemic_masked_common_cells,beforeit_var_p3_constant,real_gdp,12,42,2010Q2,2022Q3,303.37758711547485,52.36760694616673,16.852492141581678,48.18822119627877
abm_pandemic_masked_common_cells,beforeit_var_p3_constant,gdp_deflator,1,53,2010Q2,2025Q2,1.30396599528638,1.0292542640833127,1.3803194689675646,0.3391402021196536
abm_pandemic_masked_common_cells,beforeit_var_p3_constant,gdp_deflator,2,52,2010Q2,2025Q1,1.6931638143396786,1.2871147335509614,1.7150622063368588,0.5856748225319353
abm_pandemic_masked_common_cells,beforeit_var_p3_constant,gdp_deflator,4,50,2010Q2,2024Q3,2.37438634210633,1.6066598217161856,2.1074785265145963,0.5871013024618186
abm_pandemic_masked_common_cells,beforeit_var_p3_constant,gdp_deflator,8,46,2010Q2,2023Q3,20.836225625242783,5.939290992711486,7.803120493332491,3.2127477313306883
abm_pandemic_masked_common_cells,beforeit_var_p3_constant,gdp_deflator,12,42,2010Q2,2022Q3,60.641870212513865,13.851731291533968,17.435014125238734,7.279628391264719
abm_pandemic_masked_common_cells,beforeit_var_p3_constant,nominal_gdp,1,53,2010Q2,2025Q2,4.498666447532121,3.111340461038993,1.184819539794261,1.1126498781451957
abm_pandemic_masked_common_cells,beforeit_var_p3_constant,nominal_gdp,2,52,2010Q2,2025Q1,4.800894969095208,3.5416438153774235,1.352686630928821,1.5110766726588685
abm_pandemic_masked_common_cells,beforeit_var_p3_constant,nominal_gdp,4,50,2010Q2,2024Q3,4.833746811365303,3.0083434897460095,1.1363921834320525,1.4237627519499438
abm_pandemic_masked_common_cells,beforeit_var_p3_constant,nominal_gdp,8,46,2010Q2,2023Q3,49.15263839314779,13.512432017115135,4.982938318936814,6.551400017148086
abm_pandemic_masked_common_cells,beforeit_var_p3_constant,nominal_gdp,12,42,2010Q2,2022Q3,361.3982629642291,60.60593851210316,18.406175585592564,55.46250520848638
abm_pandemic_masked_common_cells,beforeit_var_p3_constant,unemployment_rate,1,53,2010Q2,2025Q2,0.5889149657535234,0.3539181460050348,1.1074246366175091,-0.05256881828863373
abm_pandemic_masked_common_cells,beforeit_var_p3_constant,unemployment_rate,2,52,2010Q2,2025Q1,0.9274440758698087,0.5904892298844583,1.8833970783400977,-0.16067986412386762
abm_pandemic_masked_common_cells,beforeit_var_p3_constant,unemployment_rate,4,50,2010Q2,2024Q3,1.9422387922480542,1.257886579688624,3.948160801537717,-0.4297818343703452
abm_pandemic_masked_common_cells,beforeit_var_p3_constant,unemployment_rate,8,46,2010Q2,2023Q3,19.407029872968458,5.626657226167437,16.400312990772413,0.8598309451717051
abm_pandemic_masked_common_cells,beforeit_var_p3_constant,unemployment_rate,12,42,2010Q2,2022Q3,74.7901008400872,17.910307716379002,50.76627306393558,-7.310648497553091
abm_pandemic_masked_common_cells,beforeit_var_p3_constant,effective_federal_funds_rate,1,53,2010Q2,2025Q2,0.33745935801381766,0.26767113936589065,0.9744257446312174,0.025298117118294088
abm_pandemic_masked_common_cells,beforeit_var_p3_constant,effective_federal_funds_rate,2,52,2010Q2,2025Q1,0.7597101956680237,0.5199266035550563,1.8597311201524158,0.14030718206010467
abm_pandemic_masked_common_cells,beforeit_var_p3_constant,effective_federal_funds_rate,4,50,2010Q2,2024Q3,1.610015766914467,1.0958595004618124,3.8938866969409314,0.38976112666257606
abm_pandemic_masked_common_cells,beforeit_var_p3_constant,effective_federal_funds_rate,8,46,2010Q2,2023Q3,3.587665847137329,2.3371007786489697,8.214469644002913,1.0040458505859453
abm_pandemic_masked_common_cells,beforeit_var_p3_constant,effective_federal_funds_rate,12,42,2010Q2,2022Q3,5.1402044947124566,3.07186014623149,11.168353906958592,1.9016890523630976
abm_pandemic_masked_common_cells,bvar_mniw_v1_p1_constant_tight3fc999999999999a_decay3ff0000000000000_own0000000000000000_ivar4059000000000000_iwoff2_iscale3ff0000000000000_floor3e45798ee2308c3a_diffmse_scale,real_gdp,1,53,2010Q2,2025Q2,1.8730428014275253,1.554791787066781,0.6245314473394953,-0.004455409087817405
abm_pandemic_masked_common_cells,bvar_mniw_v1_p1_constant_tight3fc999999999999a_decay3ff0000000000000_own0000000000000000_ivar4059000000000000_iwoff2_iscale3ff0000000000000_floor3e45798ee2308c3a_diffmse_scale,real_gdp,2,52,2010Q2,2025Q1,1.8360327927906464,1.524955907046479,0.608470953382469,-0.09356286344569863
abm_pandemic_masked_common_cells,bvar_mniw_v1_p1_constant_tight3fc999999999999a_decay3ff0000000000000_own0000000000000000_ivar4059000000000000_iwoff2_iscale3ff0000000000000_floor3e45798ee2308c3a_diffmse_scale,real_gdp,4,50,2010Q2,2024Q3,1.7453319880940563,1.4630265644173013,0.5765601803951763,-0.2534390798914796
abm_pandemic_masked_common_cells,bvar_mniw_v1_p1_constant_tight3fc999999999999a_decay3ff0000000000000_own0000000000000000_ivar4059000000000000_iwoff2_iscale3ff0000000000000_floor3e45798ee2308c3a_diffmse_scale,real_gdp,8,46,2010Q2,2023Q3,1.7468645870193802,1.4062356629168073,0.5656377790468599,-0.23937168310915186
abm_pandemic_masked_common_cells,bvar_mniw_v1_p1_constant_tight3fc999999999999a_decay3ff0000000000000_own0000000000000000_ivar4059000000000000_iwoff2_iscale3ff0000000000000_floor3e45798ee2308c3a_diffmse_scale,real_gdp,12,42,2010Q2,2022Q3,1.534458929669271,1.228983159469291,0.4967416821607556,-0.40421180232472637
abm_pandemic_masked_common_cells,bvar_mniw_v1_p1_constant_tight3fc999999999999a_decay3ff0000000000000_own0000000000000000_ivar4059000000000000_iwoff2_iscale3ff0000000000000_floor3e45798ee2308c3a_diffmse_scale,gdp_deflator,1,53,2010Q2,2025Q2,1.1382676724921068,0.9146772133028731,1.2214321915436135,0.20592703855763636
abm_pandemic_masked_common_cells,bvar_mniw_v1_p1_constant_tight3fc999999999999a_decay3ff0000000000000_own0000000000000000_ivar4059000000000000_iwoff2_iscale3ff0000000000000_floor3e45798ee2308c3a_diffmse_scale,gdp_deflator,2,52,2010Q2,2025Q1,1.4158117510387669,0.9464615996143717,1.2580189164011344,0.11303127747958852
abm_pandemic_masked_common_cells,bvar_mniw_v1_p1_constant_tight3fc999999999999a_decay3ff0000000000000_own0000000000000000_ivar4059000000000000_iwoff2_iscale3ff0000000000000_floor3e45798ee2308c3a_diffmse_scale,gdp_deflator,4,50,2010Q2,2024Q3,1.6685452272014516,1.0215766679302374,1.350967432816871,-0.08195075890147939
abm_pandemic_masked_common_cells,bvar_mniw_v1_p1_constant_tight3fc999999999999a_decay3ff0000000000000_own0000000000000000_ivar4059000000000000_iwoff2_iscale3ff0000000000000_floor3e45798ee2308c3a_diffmse_scale,gdp_deflator,8,46,2010Q2,2023Q3,1.7633514297746065,1.087598122474527,1.4851496698293876,-0.2373879873663035
abm_pandemic_masked_common_cells,bvar_mniw_v1_p1_constant_tight3fc999999999999a_decay3ff0000000000000_own0000000000000000_ivar4059000000000000_iwoff2_iscale3ff0000000000000_floor3e45798ee2308c3a_diffmse_scale,gdp_deflator,12,42,2010Q2,2022Q3,1.8391871306534266,1.133006289337243,1.579626210862172,-0.32465785865762725
abm_pandemic_masked_common_cells,bvar_mniw_v1_p1_constant_tight3fc999999999999a_decay3ff0000000000000_own0000000000000000_ivar4059000000000000_iwoff2_iscale3ff0000000000000_floor3e45798ee2308c3a_diffmse_scale,nominal_gdp,1,53,2010Q2,2025Q2,2.0690122095341343,1.6015267860559164,0.6513435807513182,0.2012480169835014
abm_pandemic_masked_common_cells,bvar_mniw_v1_p1_constant_tight3fc999999999999a_decay3ff0000000000000_own0000000000000000_ivar4059000000000000_iwoff2_iscale3ff0000000000000_floor3e45798ee2308c3a_diffmse_scale,nominal_gdp,2,52,2010Q2,2025Q1,2.1119274756128488,1.6682082035963222,0.6695235187506866,0.019372140948490994
abm_pandemic_masked_common_cells,bvar_mniw_v1_p1_constant_tight3fc999999999999a_decay3ff0000000000000_own0000000000000000_ivar4059000000000000_iwoff2_iscale3ff0000000000000_floor3e45798ee2308c3a_diffmse_scale,nominal_gdp,4,50,2010Q2,2024Q3,2.220696395191397,1.7979109982551922,0.6916745444839943,-0.3354442765792537
abm_pandemic_masked_common_cells,bvar_mniw_v1_p1_constant_tight3fc999999999999a_decay3ff0000000000000_own0000000000000000_ivar4059000000000000_iwoff2_iscale3ff0000000000000_floor3e45798ee2308c3a_diffmse_scale,nominal_gdp,8,46,2010Q2,2023Q3,2.1303072175837006,1.7541675160622698,0.6923906196662848,-0.4768500608682384
abm_pandemic_masked_common_cells,bvar_mniw_v1_p1_constant_tight3fc999999999999a_decay3ff0000000000000_own0000000000000000_ivar4059000000000000_iwoff2_iscale3ff0000000000000_floor3e45798ee2308c3a_diffmse_scale,nominal_gdp,12,42,2010Q2,2022Q3,2.220610804666332,1.7357194568098502,0.7229624736837768,-0.7289719882306265
abm_pandemic_masked_common_cells,bvar_mniw_v1_p1_constant_tight3fc999999999999a_decay3ff0000000000000_own0000000000000000_ivar4059000000000000_iwoff2_iscale3ff0000000000000_floor3e45798ee2308c3a_diffmse_scale,unemployment_rate,1,53,2010Q2,2025Q2,0.21553241371007506,0.16628392239310602,0.6094452901449596,0.08580503766641868
abm_pandemic_masked_common_cells,bvar_mniw_v1_p1_constant_tight3fc999999999999a_decay3ff0000000000000_own0000000000000000_ivar4059000000000000_iwoff2_iscale3ff0000000000000_floor3e45798ee2308c3a_diffmse_scale,unemployment_rate,2,52,2010Q2,2025Q1,0.4786083103060862,0.3509677618693823,1.2372368574725612,0.22992763325483795
abm_pandemic_masked_common_cells,bvar_mniw_v1_p1_constant_tight3fc999999999999a_decay3ff0000000000000_own0000000000000000_ivar4059000000000000_iwoff2_iscale3ff0000000000000_floor3e45798ee2308c3a_diffmse_scale,unemployment_rate,4,50,2010Q2,2024Q3,0.9951449053715322,0.7705149180259664,2.658212902442943,0.5864292441688636
abm_pandemic_masked_common_cells,bvar_mniw_v1_p1_constant_tight3fc999999999999a_decay3ff0000000000000_own0000000000000000_ivar4059000000000000_iwoff2_iscale3ff0000000000000_floor3e45798ee2308c3a_diffmse_scale,unemployment_rate,8,46,2010Q2,2023Q3,1.7859486983219897,1.5221592217487259,5.316236899680763,1.3244412893230648
abm_pandemic_masked_common_cells,bvar_mniw_v1_p1_constant_tight3fc999999999999a_decay3ff0000000000000_own0000000000000000_ivar4059000000000000_iwoff2_iscale3ff0000000000000_floor3e45798ee2308c3a_diffmse_scale,unemployment_rate,12,42,2010Q2,2022Q3,1.9769484883272146,1.8447738335110917,6.804332368392364,1.7183976095925715
abm_pandemic_masked_common_cells,bvar_mniw_v1_p1_constant_tight3fc999999999999a_decay3ff0000000000000_own0000000000000000_ivar4059000000000000_iwoff2_iscale3ff0000000000000_floor3e45798ee2308c3a_diffmse_scale,effective_federal_funds_rate,1,53,2010Q2,2025Q2,0.37135986403734816,0.26591228482831647,0.9850042156084947,-0.02151940176923742
abm_pandemic_masked_common_cells,bvar_mniw_v1_p1_constant_tight3fc999999999999a_decay3ff0000000000000_own0000000000000000_ivar4059000000000000_iwoff2_iscale3ff0000000000000_floor3e45798ee2308c3a_diffmse_scale,effective_federal_funds_rate,2,52,2010Q2,2025Q1,0.6859815332589025,0.4880199561681746,1.8000336527953917,-0.04609778304423348
abm_pandemic_masked_common_cells,bvar_mniw_v1_p1_constant_tight3fc999999999999a_decay3ff0000000000000_own0000000000000000_ivar4059000000000000_iwoff2_iscale3ff0000000000000_floor3e45798ee2308c3a_diffmse_scale,effective_federal_funds_rate,4,50,2010Q2,2024Q3,1.2186023644831487,0.8779831961060363,3.247250498840816,-0.15532134507452308
abm_pandemic_masked_common_cells,bvar_mniw_v1_p1_constant_tight3fc999999999999a_decay3ff0000000000000_own0000000000000000_ivar4059000000000000_iwoff2_iscale3ff0000000000000_floor3e45798ee2308c3a_diffmse_scale,effective_federal_funds_rate,8,46,2010Q2,2023Q3,2.0140636373280136,1.584333966760499,5.954325293117178,-0.5634656763846876
abm_pandemic_masked_common_cells,bvar_mniw_v1_p1_constant_tight3fc999999999999a_decay3ff0000000000000_own0000000000000000_ivar4059000000000000_iwoff2_iscale3ff0000000000000_floor3e45798ee2308c3a_diffmse_scale,effective_federal_funds_rate,12,42,2010Q2,2022Q3,2.4137723240721622,1.9157238023911378,7.258996658160551,-0.7552718228724092
abm_pandemic_masked_common_cells,beforeit_abm_us_v2_mean,real_gdp,1,53,2010Q2,2025Q2,1.5847462397502496,1.2694871284421565,0.5085461632868026,-0.021481790238434554
abm_pandemic_masked_common_cells,beforeit_abm_us_v2_mean,real_gdp,2,52,2010Q2,2025Q1,1.596302095055639,1.2805553805831995,0.5135428176664987,-0.09996353902667487
abm_pandemic_masked_common_cells,beforeit_abm_us_v2_mean,real_gdp,4,50,2010Q2,2024Q3,1.537342091516716,1.245293690971695,0.49317656297688756,-0.12467308887490151
abm_pandemic_masked_common_cells,beforeit_abm_us_v2_mean,real_gdp,8,46,2010Q2,2023Q3,1.5901555884851364,1.3025369693979925,0.5193357605990931,-0.11856698540262488
abm_pandemic_masked_common_cells,beforeit_abm_us_v2_mean,real_gdp,12,42,2010Q2,2022Q3,1.586410970830353,1.297302339262049,0.5223612420552336,-0.19234771972829448
abm_pandemic_masked_common_cells,beforeit_abm_us_v2_mean,gdp_deflator,1,53,2010Q2,2025Q2,1.141539310995056,0.9070420662593229,1.2078205111470635,-0.0029711676177108038
abm_pandemic_masked_common_cells,beforeit_abm_us_v2_mean,gdp_deflator,2,52,2010Q2,2025Q1,1.3259804659292775,0.8586554212056041,1.135788731415367,-0.04280717368831968
abm_pandemic_masked_common_cells,beforeit_abm_us_v2_mean,gdp_deflator,4,50,2010Q2,2024Q3,1.6018934366359316,0.9822569280743048,1.2888158829377183,-0.15511233986346526
abm_pandemic_masked_common_cells,beforeit_abm_us_v2_mean,gdp_deflator,8,46,2010Q2,2023Q3,1.7232024900061085,1.0310902135128572,1.4014555953345975,-0.26710256376046404
abm_pandemic_masked_common_cells,beforeit_abm_us_v2_mean,gdp_deflator,12,42,2010Q2,2022Q3,1.7864567953386588,1.1032194010570824,1.5283123191580104,-0.3496096076682931
abm_pandemic_masked_common_cells,beforeit_abm_us_v2_mean,nominal_gdp,1,53,2010Q2,2025Q2,1.7509946047355192,1.3835101064370048,0.5638404637480713,-0.02454914908022061
abm_pandemic_masked_common_cells,beforeit_abm_us_v2_mean,nominal_gdp,2,52,2010Q2,2025Q1,1.753054432639312,1.4211749124496758,0.5674051958326174,-0.14286282285528296
abm_pandemic_masked_common_cells,beforeit_abm_us_v2_mean,nominal_gdp,4,50,2010Q2,2024Q3,1.8989820251898346,1.514775291409082,0.5834264078914787,-0.27982542794454707
abm_pandemic_masked_common_cells,beforeit_abm_us_v2_mean,nominal_gdp,8,46,2010Q2,2023Q3,2.2054783146297265,1.7604423746494482,0.6929565800327602,-0.38574445064484975
abm_pandemic_masked_common_cells,beforeit_abm_us_v2_mean,nominal_gdp,12,42,2010Q2,2022Q3,2.265558014826847,1.796617649229232,0.7458907954255907,-0.5420475040647781
abm_pandemic_masked_common_cells,beforeit_abm_us_v2_mean,unemployment_rate,1,53,2010Q2,2025Q2,2.6892921002890997,1.9128031852968679,7.594660718640355,-1.9128031852968679
abm_pandemic_masked_common_cells,beforeit_abm_us_v2_mean,unemployment_rate,2,52,2010Q2,2025Q1,2.848568594173618,2.191510798438439,8.569787097999441,-2.191510798438439
abm_pandemic_masked_common_cells,beforeit_abm_us_v2_mean,unemployment_rate,4,50,2010Q2,2024Q3,3.394192508458164,2.918101496896611,11.191849975566258,-2.918101496896611
abm_pandemic_masked_common_cells,beforeit_abm_us_v2_mean,unemployment_rate,8,46,2010Q2,2023Q3,4.405899851182653,4.098065780910122,15.531788020479855,-4.098065780910122
abm_pandemic_masked_common_cells,beforeit_abm_us_v2_mean,unemployment_rate,12,42,2010Q2,2022Q3,4.536705540644885,4.3746987951806515,16.8007869847127,-4.3746987951806515
abm_pandemic_masked_common_cells,beforeit_abm_us_v2_mean,effective_federal_funds_rate,1,53,2010Q2,2025Q2,0.3595720791920096,0.21293386368877135,0.8187139109959598,-0.08594425791786177
abm_pandemic_masked_common_cells,beforeit_abm_us_v2_mean,effective_federal_funds_rate,2,52,2010Q2,2025Q1,0.6790932698162832,0.40786888273854716,1.577141940215836,-0.18396291805609552
abm_pandemic_masked_common_cells,beforeit_abm_us_v2_mean,effective_federal_funds_rate,4,50,2010Q2,2024Q3,1.2078597271183393,0.7458431463574117,2.9119991043680398,-0.40091044331620096
abm_pandemic_masked_common_cells,beforeit_abm_us_v2_mean,effective_federal_funds_rate,8,46,2010Q2,2023Q3,1.9349235821783421,1.2874817721389622,5.078635867378597,-0.8573865385494344
abm_pandemic_masked_common_cells,beforeit_abm_us_v2_mean,effective_federal_funds_rate,12,42,2010Q2,2022Q3,2.299641849886665,1.7103081300688334,6.722018727846474,-1.138035635043686
abm_pandemic_masked_common_cells,beforeit_abm_us_v2_median,real_gdp,1,53,2010Q2,2025Q2,1.5974715882355557,1.2784472499037713,0.5133557509422123,-0.030064035957267473
abm_pandemic_masked_common_cells,beforeit_abm_us_v2_median,real_gdp,2,52,2010Q2,2025Q1,1.6157795261408958,1.292249628120092,0.5178948413468103,-0.11381967362633295
abm_pandemic_masked_common_cells,beforeit_abm_us_v2_median,real_gdp,4,50,2010Q2,2024Q3,1.5479355863035111,1.2486586614817943,0.4954112584208351,-0.11806314499210176
abm_pandemic_masked_common_cells,beforeit_abm_us_v2_median,real_gdp,8,46,2010Q2,2023Q3,1.6045841921890271,1.3087053840128895,0.5198266395001944,-0.13148109799041477
abm_pandemic_masked_common_cells,beforeit_abm_us_v2_median,real_gdp,12,42,2010Q2,2022Q3,1.618851154882008,1.323521653229358,0.5300500481241751,-0.16352647641983004
abm_pandemic_masked_common_cells,beforeit_abm_us_v2_median,gdp_deflator,1,53,2010Q2,2025Q2,1.138886374889272,0.9047411380463363,1.2047686717834876,0.0031047943198517928
abm_pandemic_masked_common_cells,beforeit_abm_us_v2_median,gdp_deflator,2,52,2010Q2,2025Q1,1.331636962006008,0.8596371246905053,1.1364428682532204,-0.050510344653075724
abm_pandemic_masked_common_cells,beforeit_abm_us_v2_median,gdp_deflator,4,50,2010Q2,2024Q3,1.5959747074023853,0.9795175643894555,1.2852866964431144,-0.15823464503637144
abm_pandemic_masked_common_cells,beforeit_abm_us_v2_median,gdp_deflator,8,46,2010Q2,2023Q3,1.720978857046061,1.037993213768809,1.4115774666985175,-0.27199574544756805
abm_pandemic_masked_common_cells,beforeit_abm_us_v2_median,gdp_deflator,12,42,2010Q2,2022Q3,1.7841349380964078,1.1068791136934446,1.533472006438043,-0.34863907428304397
abm_pandemic_masked_common_cells,beforeit_abm_us_v2_median,nominal_gdp,1,53,2010Q2,2025Q2,1.7648441490287825,1.4051965731647915,0.5702200473103414,-0.014819312624265439
abm_pandemic_masked_common_cells,beforeit_abm_us_v2_median,nominal_gdp,2,52,2010Q2,2025Q1,1.7691499159020474,1.4184612908589238,0.5658056712456869,-0.1659559652582909
abm_pandemic_masked_common_cells,beforeit_abm_us_v2_median,nominal_gdp,4,50,2010Q2,2024Q3,1.8870435661033498,1.4999395296372324,0.5772274049000263,-0.2702647572789665
abm_pandemic_masked_common_cells,beforeit_abm_us_v2_median,nominal_gdp,8,46,2010Q2,2023Q3,2.2132750668530012,1.7683662604097437,0.6939869555858024,-0.3983040875832773
abm_pandemic_masked_common_cells,beforeit_abm_us_v2_median,nominal_gdp,12,42,2010Q2,2022Q3,2.2759121035881793,1.7954752675600245,0.7429648778129625,-0.5044217396296485
abm_pandemic_masked_common_cells,beforeit_abm_us_v2_median,unemployment_rate,1,53,2010Q2,2025Q2,2.6177732804912304,1.8040057313300981,7.211603691548572,-1.7874730482822603
abm_pandemic_masked_common_cells,beforeit_abm_us_v2_median,unemployment_rate,2,52,2010Q2,2025Q1,2.719788945065269,1.9815478698008113,7.859507636716822,-1.9815478698008113
abm_pandemic_masked_common_cells,beforeit_abm_us_v2_median,unemployment_rate,4,50,2010Q2,2024Q3,3.3525479083619723,2.8621036874771146,11.008671635530137,-2.8621036874771146
abm_pandemic_masked_common_cells,beforeit_abm_us_v2_median,unemployment_rate,8,46,2010Q2,2023Q3,4.8407682167010115,4.5551089734431,17.147929116430927,-4.5551089734431
abm_pandemic_masked_common_cells,beforeit_abm_us_v2_median,unemployment_rate,12,42,2010Q2,2022Q3,4.708106821352842,4.583333333333262,17.44080578913319,-4.583333333333262
abm_pandemic_masked_common_cells,beforeit_abm_us_v2_median,effective_federal_funds_rate,1,53,2010Q2,2025Q2,0.3588949606479204,0.20836250724105043,0.8046446206078842,-0.09125382744105959
abm_pandemic_masked_common_cells,beforeit_abm_us_v2_median,effective_federal_funds_rate,2,52,2010Q2,2025Q1,0.679247643749162,0.4033882768737233,1.5639697976166376,-0.19188189195150446
abm_pandemic_masked_common_cells,beforeit_abm_us_v2_median,effective_federal_funds_rate,4,50,2010Q2,2024Q3,1.2105710606858313,0.7432189340007447,2.9054718964963366,-0.40854854271675256
abm_pandemic_masked_common_cells,beforeit_abm_us_v2_median,effective_federal_funds_rate,8,46,2010Q2,2023Q3,1.9434261657204068,1.2897183419463625,5.090230941713805,-0.8680018583369128
abm_pandemic_masked_common_cells,beforeit_abm_us_v2_median,effective_federal_funds_rate,12,42,2010Q2,2022Q3,2.3072251773406114,1.7125686029938414,6.7344079051265755,-1.146569563114818
abm_pandemic_masked_common_cells,beforeit_abm_us_v1_mean,real_gdp,1,53,2010Q2,2025Q2,2.054880533088578,1.7864988059288547,0.7259817709950924,-1.3154837389120724
abm_pandemic_masked_common_cells,beforeit_abm_us_v1_mean,real_gdp,2,52,2010Q2,2025Q1,7.435630637418824,7.270190033126514,2.965790077677359,-7.270190033126514
abm_pandemic_masked_common_cells,beforeit_abm_us_v1_mean,real_gdp,4,50,2010Q2,2024Q3,3.3117489204774655,2.988076874159666,1.2037076889626244,-2.934344644789419
abm_pandemic_masked_common_cells,beforeit_abm_us_v1_mean,real_gdp,8,46,2010Q2,2023Q3,2.655753727511828,2.3431698464445576,0.9201039495533373,-2.1502399221535144
abm_pandemic_masked_common_cells,beforeit_abm_us_v1_mean,real_gdp,12,42,2010Q2,2022Q3,2.5427400255212618,2.2517591799987864,0.9137677404476761,-2.034746631179355
abm_pandemic_masked_common_cells,beforeit_abm_us_v1_mean,gdp_deflator,1,53,2010Q2,2025Q2,1.1415393109950542,0.9070420662593223,1.2078205111470628,-0.002971167617724353
abm_pandemic_masked_common_cells,beforeit_abm_us_v1_mean,gdp_deflator,2,52,2010Q2,2025Q1,1.3167164604879966,0.8592608635222223,1.1371233618537466,-0.04358201306446415
abm_pandemic_masked_common_cells,beforeit_abm_us_v1_mean,gdp_deflator,4,50,2010Q2,2024Q3,1.5980836700274939,0.9873612819356855,1.2982929815770328,-0.13430050067976718
abm_pandemic_masked_common_cells,beforeit_abm_us_v1_mean,gdp_deflator,8,46,2010Q2,2023Q3,1.7170995641107432,1.0233296335061115,1.3880350596670952,-0.26722819159904593
abm_pandemic_masked_common_cells,beforeit_abm_us_v1_mean,gdp_deflator,12,42,2010Q2,2022Q3,1.7951721164964731,1.1028326572135358,1.529831449577145,-0.34223813861825997
abm_pandemic_masked_common_cells,beforeit_abm_us_v1_mean,nominal_gdp,1,53,2010Q2,2025Q2,2.17158575742132,1.775972118441836,0.7155486375953697,-1.3185510977538721
abm_pandemic_masked_common_cells,beforeit_abm_us_v1_mean,nominal_gdp,2,52,2010Q2,2025Q1,7.512674720277078,7.313864156331267,2.9071737986088237,-7.313864156331267
abm_pandemic_masked_common_cells,beforeit_abm_us_v1_mean,nominal_gdp,4,50,2010Q2,2024Q3,3.617721257879078,3.1466720586335004,1.20586996624768,-3.0686851446753667
abm_pandemic_masked_common_cells,beforeit_abm_us_v1_mean,nominal_gdp,8,46,2010Q2,2023Q3,3.1956283851786433,2.6621146958353195,1.0166806240248558,-2.417543015234321
abm_pandemic_masked_common_cells,beforeit_abm_us_v1_mean,nominal_gdp,12,42,2010Q2,2022Q3,3.142126401574721,2.661742423470005,1.0879711200254911,-2.3770749464658056
abm_pandemic_masked_common_cells,beforeit_abm_us_v1_mean,unemployment_rate,1,53,2010Q2,2025Q2,2.6020493230818618,1.803420887667279,7.18865211920996,-1.7927325080768375
abm_pandemic_masked_common_cells,beforeit_abm_us_v1_mean,unemployment_rate,2,52,2010Q2,2025Q1,1.9265588954739952,1.4103659392815955,5.4215301385721455,-0.6752352065604377
abm_pandemic_masked_common_cells,beforeit_abm_us_v1_mean,unemployment_rate,4,50,2010Q2,2024Q3,1.6996135776475678,1.4650149689667893,5.3385850744968035,0.14722161372770431
abm_pandemic_masked_common_cells,beforeit_abm_us_v1_mean,unemployment_rate,8,46,2010Q2,2023Q3,1.6100181507205293,1.419112021207366,5.03350534869911,0.4743019508866296
abm_pandemic_masked_common_cells,beforeit_abm_us_v1_mean,unemployment_rate,12,42,2010Q2,2022Q3,1.3700301828988348,1.18820389784246,4.383844434563821,0.41966828352377633
abm_pandemic_masked_common_cells,beforeit_abm_us_v1_mean,effective_federal_funds_rate,1,53,2010Q2,2025Q2,0.3595720791920096,0.21293386368877135,0.8187139109959598,-0.08594425791786177
abm_pandemic_masked_common_cells,beforeit_abm_us_v1_mean,effective_federal_funds_rate,2,52,2010Q2,2025Q1,0.6798722111568962,0.4085455104057653,1.5792558081962913,-0.18255338172369073
abm_pandemic_masked_common_cells,beforeit_abm_us_v1_mean,effective_federal_funds_rate,4,50,2010Q2,2024Q3,1.2073424512646946,0.7471770722714018,2.9150679311162118,-0.39757429440417164
abm_pandemic_masked_common_cells,beforeit_abm_us_v1_mean,effective_federal_funds_rate,8,46,2010Q2,2023Q3,1.9353640951860445,1.2895266163204808,5.083920127310491,-0.8534269704158032
abm_pandemic_masked_common_cells,beforeit_abm_us_v1_mean,effective_federal_funds_rate,12,42,2010Q2,2022Q3,2.303346085964568,1.7168739506089403,6.746985433511464,-1.1399894583065977
abm_pandemic_masked_common_cells,beforeit_abm_us_v1_median,real_gdp,1,53,2010Q2,2025Q2,2.0751323154723655,1.7895848568197874,0.7284187097821913,-1.3246957408590014
abm_pandemic_masked_common_cells,beforeit_abm_us_v1_median,real_gdp,2,52,2010Q2,2025Q1,7.415861994570003,7.254214629169839,2.961737964952703,-7.254214629169839
abm_pandemic_masked_common_cells,beforeit_abm_us_v1_median,real_gdp,4,50,2010Q2,2024Q3,3.198773981490649,2.873936856354186,1.1605752748370335,-2.8112480567182723
abm_pandemic_masked_common_cells,beforeit_abm_us_v1_median,real_gdp,8,46,2010Q2,2023Q3,2.579899041065627,2.2765140001095694,0.8959081400823337,-2.067060104844472
abm_pandemic_masked_common_cells,beforeit_abm_us_v1_median,real_gdp,12,42,2010Q2,2022Q3,2.46269005762861,2.1672789703896904,0.8799116264193044,-1.9302127161170857
abm_pandemic_masked_common_cells,beforeit_abm_us_v1_median,gdp_deflator,1,53,2010Q2,2025Q2,1.1388863748892326,0.9047411380462826,1.2047686717834147,0.003104794319798167
abm_pandemic_masked_common_cells,beforeit_abm_us_v1_median,gdp_deflator,2,52,2010Q2,2025Q1,1.3183550156395887,0.8571878428510012,1.1348849533831211,-0.05066366574493242
abm_pandemic_masked_common_cells,beforeit_abm_us_v1_median,gdp_deflator,4,50,2010Q2,2024Q3,1.5941470496388246,0.9869435478146701,1.2974830025696389,-0.13845056553561214
abm_pandemic_masked_common_cells,beforeit_abm_us_v1_median,gdp_deflator,8,46,2010Q2,2023Q3,1.719184262514336,1.0276355864033317,1.3938859512876733,-0.26850006010194216
abm_pandemic_masked_common_cells,beforeit_abm_us_v1_median,gdp_deflator,12,42,2010Q2,2022Q3,1.804844101955438,1.1105806725605578,1.5404993183894247,-0.3571822598674051
abm_pandemic_masked_common_cells,beforeit_abm_us_v1_median,nominal_gdp,1,53,2010Q2,2025Q2,2.1795833328676175,1.779882546867016,0.7170936789679583,-1.3094217953946414
abm_pandemic_masked_common_cells,beforeit_abm_us_v1_median,nominal_gdp,2,52,2010Q2,2025Q1,7.46475074834381,7.2694144065253345,2.8933751954326206,-7.2694144065253345
abm_pandemic_masked_common_cells,beforeit_abm_us_v1_median,nominal_gdp,4,50,2010Q2,2024Q3,3.50800916300061,3.038165411347082,1.1660207155738425,-2.952466217843637
abm_pandemic_masked_common_cells,beforeit_abm_us_v1_median,nominal_gdp,8,46,2010Q2,2023Q3,3.1471155543390488,2.601442305792283,0.9944991717432765,-2.3466745285576316
abm_pandemic_masked_common_cells,beforeit_abm_us_v1_median,nominal_gdp,12,42,2010Q2,2022Q3,3.064679244124511,2.599993295177973,1.0660319742230557,-2.2820901357953396
abm_pandemic_masked_common_cells,beforeit_abm_us_v1_median,unemployment_rate,1,53,2010Q2,2025Q2,2.557886612718375,1.745750067164025,6.97513949759136,-1.6986098769003346
abm_pandemic_masked_common_cells,beforeit_abm_us_v1_median,unemployment_rate,2,52,2010Q2,2025Q1,1.9103940616743003,1.3956785182688733,5.362168318891406,-0.6619337489818715
abm_pandemic_masked_common_cells,beforeit_abm_us_v1_median,unemployment_rate,4,50,2010Q2,2024Q3,1.7161109794939742,1.4798430083972385,5.397353618699087,0.13515808689309317
abm_pandemic_masked_common_cells,beforeit_abm_us_v1_median,unemployment_rate,8,46,2010Q2,2023Q3,1.6049676871050624,1.4132879343460871,5.021641895557437,0.4540581297522901
abm_pandemic_masked_common_cells,beforeit_abm_us_v1_median,unemployment_rate,12,42,2010Q2,2022Q3,1.3565396301517614,1.1784219127592703,4.353198297674156,0.40936473165395976
abm_pandemic_masked_common_cells,beforeit_abm_us_v1_median,effective_federal_funds_rate,1,53,2010Q2,2025Q2,0.3588949606479204,0.20836250724105043,0.8046446206078842,-0.09125382744105959
abm_pandemic_masked_common_cells,beforeit_abm_us_v1_median,effective_federal_funds_rate,2,52,2010Q2,2025Q1,0.6807709221389102,0.4045122049880601,1.5669587373216243,-0.18942833311966673
abm_pandemic_masked_common_cells,beforeit_abm_us_v1_median,effective_federal_funds_rate,4,50,2010Q2,2024Q3,1.2107451211814655,0.7451969636911078,2.912178963594729,-0.4076836338598035
abm_pandemic_masked_common_cells,beforeit_abm_us_v1_median,effective_federal_funds_rate,8,46,2010Q2,2023Q3,1.9431608804678369,1.2924276557356271,5.098578015212045,-0.8631381913019724
abm_pandemic_masked_common_cells,beforeit_abm_us_v1_median,effective_federal_funds_rate,12,42,2010Q2,2022Q3,2.311231397257083,1.7215642775048485,6.766048183599459,-1.1473029518427382
