projection_id,year,source_level,source_table,source_workbook_member,source_sheet,source_address,row_position,row_code,row_description,row_role,row_summary_industry_code,column_position,column_code,column_description,column_role,column_summary_industry_code,value,source_cell_kind
detail_use_intermediate_2017,2017,detail,producer_use,IOUse_After_Redefinitions_PRO_Detail.xlsx,2017,C405,1,S00401,Scrap,DetailedSpecialCommodity,,1,1111A0,Oilseed farming,Industry,,0,blank
detail_use_intermediate_2017,2017,detail,producer_use,IOUse_After_Redefinitions_PRO_Detail.xlsx,2017,D405,1,S00401,Scrap,DetailedSpecialCommodity,,2,1111B0,Grain farming,Industry,,0,blank
detail_use_intermediate_2017,2017,detail,producer_use,IOUse_After_Redefinitions_PRO_Detail.xlsx,2017,E405,1,S00401,Scrap,DetailedSpecialCommodity,,3,111200,Vegetable and melon farming,Industry,,0,blank
detail_use_intermediate_2017,2017,detail,producer_use,IOUse_After_Redefinitions_PRO_Detail.xlsx,2017,F405,1,S00401,Scrap,DetailedSpecialCommodity,,4,111300,Fruit and tree nut farming,Industry,,0,blank
detail_use_intermediate_2017,2017,detail,producer_use,IOUse_After_Redefinitions_PRO_Detail.xlsx,2017,G405,1,S00401,Scrap,DetailedSpecialCommodity,,5,111400,"Greenhouse, nursery, and floriculture production",Industry,,0,blank
detail_use_intermediate_2017,2017,detail,producer_use,IOUse_After_Redefinitions_PRO_Detail.xlsx,2017,H405,1,S00401,Scrap,DetailedSpecialCommodity,,6,111900,Other crop farming,Industry,,0,blank
detail_use_intermediate_2017,2017,detail,producer_use,IOUse_After_Redefinitions_PRO_Detail.xlsx,2017,I405,1,S00401,Scrap,DetailedSpecialCommodity,,7,112120,Dairy cattle and milk production,Industry,,0,blank
detail_use_intermediate_2017,2017,detail,producer_use,IOUse_After_Redefinitions_PRO_Detail.xlsx,2017,J405,1,S00401,Scrap,DetailedSpecialCommodity,,8,1121A0,"Beef cattle ranching and farming, including feedlots and dual-purpose ranching and farming",Industry,,0,blank
detail_use_intermediate_2017,2017,detail,producer_use,IOUse_After_Redefinitions_PRO_Detail.xlsx,2017,K405,1,S00401,Scrap,DetailedSpecialCommodity,,9,112300,Poultry and egg production,Industry,,0,blank
detail_use_intermediate_2017,2017,detail,producer_use,IOUse_After_Redefinitions_PRO_Detail.xlsx,2017,L405,1,S00401,Scrap,DetailedSpecialCommodity,,10,112A00,"Animal production, except cattle and poultry and eggs",Industry,,0,blank
detail_use_intermediate_2017,2017,detail,producer_use,IOUse_After_Redefinitions_PRO_Detail.xlsx,2017,M405,1,S00401,Scrap,DetailedSpecialCommodity,,11,113000,Forestry and logging,Industry,,0,blank
detail_use_intermediate_2017,2017,detail,producer_use,IOUse_After_Redefinitions_PRO_Detail.xlsx,2017,N405,1,S00401,Scrap,DetailedSpecialCommodity,,12,114000,"Fishing, hunting and trapping",Industry,,0,blank
detail_use_intermediate_2017,2017,detail,producer_use,IOUse_After_Redefinitions_PRO_Detail.xlsx,2017,O405,1,S00401,Scrap,DetailedSpecialCommodity,,13,115000,Support activities for agriculture and forestry,Industry,,0,blank
detail_use_intermediate_2017,2017,detail,producer_use,IOUse_After_Redefinitions_PRO_Detail.xlsx,2017,P405,1,S00401,Scrap,DetailedSpecialCommodity,,14,211000,Oil and gas extraction,Industry,,0,blank
detail_use_intermediate_2017,2017,detail,producer_use,IOUse_After_Redefinitions_PRO_Detail.xlsx,2017,Q405,1,S00401,Scrap,DetailedSpecialCommodity,,15,212100,Coal mining,Industry,,0,blank
detail_use_intermediate_2017,2017,detail,producer_use,IOUse_After_Redefinitions_PRO_Detail.xlsx,2017,R405,1,S00401,Scrap,DetailedSpecialCommodity,,16,212230,"Copper, nickel, lead, and zinc mining",Industry,,0,blank
detail_use_intermediate_2017,2017,detail,producer_use,IOUse_After_Redefinitions_PRO_Detail.xlsx,2017,S405,1,S00401,Scrap,DetailedSpecialCommodity,,17,2122A0,"Iron, gold, silver, and other metal ore mining",Industry,,0,blank
detail_use_intermediate_2017,2017,detail,producer_use,IOUse_After_Redefinitions_PRO_Detail.xlsx,2017,T405,1,S00401,Scrap,DetailedSpecialCommodity,,18,212310,Stone mining and quarrying,Industry,,0,blank
detail_use_intermediate_2017,2017,detail,producer_use,IOUse_After_Redefinitions_PRO_Detail.xlsx,2017,U405,1,S00401,Scrap,DetailedSpecialCommodity,,19,2123A0,Other nonmetallic mineral mining and quarrying,Industry,,0,blank
detail_use_intermediate_2017,2017,detail,producer_use,IOUse_After_Redefinitions_PRO_Detail.xlsx,2017,V405,1,S00401,Scrap,DetailedSpecialCommodity,,20,213111,Drilling oil and gas wells,Industry,,0,blank
detail_use_intermediate_2017,2017,detail,producer_use,IOUse_After_Redefinitions_PRO_Detail.xlsx,2017,W405,1,S00401,Scrap,DetailedSpecialCommodity,,21,21311A,Other support activities for mining,Industry,,0,blank
detail_use_intermediate_2017,2017,detail,producer_use,IOUse_After_Redefinitions_PRO_Detail.xlsx,2017,X405,1,S00401,Scrap,DetailedSpecialCommodity,,22,221100,"Electric power generation, transmission, and distribution",Industry,,0,blank
detail_use_intermediate_2017,2017,detail,producer_use,IOUse_After_Redefinitions_PRO_Detail.xlsx,2017,Y405,1,S00401,Scrap,DetailedSpecialCommodity,,23,221200,Natural gas distribution,Industry,,0,blank
detail_use_intermediate_2017,2017,detail,producer_use,IOUse_After_Redefinitions_PRO_Detail.xlsx,2017,Z405,1,S00401,Scrap,DetailedSpecialCommodity,,24,221300,"Water, sewage and other systems",Industry,,0,blank
detail_use_intermediate_2017,2017,detail,producer_use,IOUse_After_Redefinitions_PRO_Detail.xlsx,2017,AA405,1,S00401,Scrap,DetailedSpecialCommodity,,25,233210,Health care structures,Industry,,0,blank
detail_use_intermediate_2017,2017,detail,producer_use,IOUse_After_Redefinitions_PRO_Detail.xlsx,2017,AB405,1,S00401,Scrap,DetailedSpecialCommodity,,26,233262,Educational and vocational structures,Industry,,0,blank
detail_use_intermediate_2017,2017,detail,producer_use,IOUse_After_Redefinitions_PRO_Detail.xlsx,2017,AC405,1,S00401,Scrap,DetailedSpecialCommodity,,27,230301,Nonresidential maintenance and repair,Industry,,0,blank
detail_use_intermediate_2017,2017,detail,producer_use,IOUse_After_Redefinitions_PRO_Detail.xlsx,2017,AD405,1,S00401,Scrap,DetailedSpecialCommodity,,28,230302,Residential maintenance and repair,Industry,,0,blank
detail_use_intermediate_2017,2017,detail,producer_use,IOUse_After_Redefinitions_PRO_Detail.xlsx,2017,AE405,1,S00401,Scrap,DetailedSpecialCommodity,,29,2332A0,Office and commercial structures,Industry,,0,blank
detail_use_intermediate_2017,2017,detail,producer_use,IOUse_After_Redefinitions_PRO_Detail.xlsx,2017,AF405,1,S00401,Scrap,DetailedSpecialCommodity,,30,233412,Multifamily residential structures,Industry,,0,blank
detail_use_intermediate_2017,2017,detail,producer_use,IOUse_After_Redefinitions_PRO_Detail.xlsx,2017,AG405,1,S00401,Scrap,DetailedSpecialCommodity,,31,2334A0,Other residential structures,Industry,,0,blank
detail_use_intermediate_2017,2017,detail,producer_use,IOUse_After_Redefinitions_PRO_Detail.xlsx,2017,AH405,1,S00401,Scrap,DetailedSpecialCommodity,,32,233230,Manufacturing structures,Industry,,0,blank
detail_use_intermediate_2017,2017,detail,producer_use,IOUse_After_Redefinitions_PRO_Detail.xlsx,2017,AI405,1,S00401,Scrap,DetailedSpecialCommodity,,33,2332D0,Other nonresidential structures,Industry,,0,blank
detail_use_intermediate_2017,2017,detail,producer_use,IOUse_After_Redefinitions_PRO_Detail.xlsx,2017,AJ405,1,S00401,Scrap,DetailedSpecialCommodity,,34,233240,Power and communication structures,Industry,,0,blank
detail_use_intermediate_2017,2017,detail,producer_use,IOUse_After_Redefinitions_PRO_Detail.xlsx,2017,AK405,1,S00401,Scrap,DetailedSpecialCommodity,,35,233411,Single-family residential structures,Industry,,0,blank
detail_use_intermediate_2017,2017,detail,producer_use,IOUse_After_Redefinitions_PRO_Detail.xlsx,2017,AL405,1,S00401,Scrap,DetailedSpecialCommodity,,36,2332C0,Transportation structures and highways and streets,Industry,,0,blank
detail_use_intermediate_2017,2017,detail,producer_use,IOUse_After_Redefinitions_PRO_Detail.xlsx,2017,AM405,1,S00401,Scrap,DetailedSpecialCommodity,,37,321100,Sawmills and wood preservation,Industry,,0,blank
detail_use_intermediate_2017,2017,detail,producer_use,IOUse_After_Redefinitions_PRO_Detail.xlsx,2017,AN405,1,S00401,Scrap,DetailedSpecialCommodity,,38,321200,"Veneer, plywood, and engineered wood product manufacturing",Industry,,0,blank
detail_use_intermediate_2017,2017,detail,producer_use,IOUse_After_Redefinitions_PRO_Detail.xlsx,2017,AO405,1,S00401,Scrap,DetailedSpecialCommodity,,39,321910,Millwork,Industry,,0,blank
detail_use_intermediate_2017,2017,detail,producer_use,IOUse_After_Redefinitions_PRO_Detail.xlsx,2017,AP405,1,S00401,Scrap,DetailedSpecialCommodity,,40,3219A0,All other wood product manufacturing,Industry,,0,blank
detail_use_intermediate_2017,2017,detail,producer_use,IOUse_After_Redefinitions_PRO_Detail.xlsx,2017,AQ405,1,S00401,Scrap,DetailedSpecialCommodity,,41,327100,Clay product and refractory manufacturing,Industry,,0,blank
detail_use_intermediate_2017,2017,detail,producer_use,IOUse_After_Redefinitions_PRO_Detail.xlsx,2017,AR405,1,S00401,Scrap,DetailedSpecialCommodity,,42,327200,Glass and glass product manufacturing,Industry,,83,numeric
detail_use_intermediate_2017,2017,detail,producer_use,IOUse_After_Redefinitions_PRO_Detail.xlsx,2017,AS405,1,S00401,Scrap,DetailedSpecialCommodity,,43,327310,Cement manufacturing,Industry,,0,blank
detail_use_intermediate_2017,2017,detail,producer_use,IOUse_After_Redefinitions_PRO_Detail.xlsx,2017,AT405,1,S00401,Scrap,DetailedSpecialCommodity,,44,327320,Ready-mix concrete manufacturing,Industry,,0,blank
detail_use_intermediate_2017,2017,detail,producer_use,IOUse_After_Redefinitions_PRO_Detail.xlsx,2017,AU405,1,S00401,Scrap,DetailedSpecialCommodity,,45,327330,"Concrete pipe, brick, and block manufacturing",Industry,,0,blank
detail_use_intermediate_2017,2017,detail,producer_use,IOUse_After_Redefinitions_PRO_Detail.xlsx,2017,AV405,1,S00401,Scrap,DetailedSpecialCommodity,,46,327390,Other concrete product manufacturing,Industry,,0,blank
detail_use_intermediate_2017,2017,detail,producer_use,IOUse_After_Redefinitions_PRO_Detail.xlsx,2017,AW405,1,S00401,Scrap,DetailedSpecialCommodity,,47,327400,Lime and gypsum product manufacturing,Industry,,0,blank
detail_use_intermediate_2017,2017,detail,producer_use,IOUse_After_Redefinitions_PRO_Detail.xlsx,2017,AX405,1,S00401,Scrap,DetailedSpecialCommodity,,48,327910,Abrasive product manufacturing,Industry,,0,blank
detail_use_intermediate_2017,2017,detail,producer_use,IOUse_After_Redefinitions_PRO_Detail.xlsx,2017,AY405,1,S00401,Scrap,DetailedSpecialCommodity,,49,327991,Cut stone and stone product manufacturing,Industry,,0,blank
detail_use_intermediate_2017,2017,detail,producer_use,IOUse_After_Redefinitions_PRO_Detail.xlsx,2017,AZ405,1,S00401,Scrap,DetailedSpecialCommodity,,50,327992,Ground or treated mineral and earth manufacturing,Industry,,0,blank
detail_use_intermediate_2017,2017,detail,producer_use,IOUse_After_Redefinitions_PRO_Detail.xlsx,2017,BA405,1,S00401,Scrap,DetailedSpecialCommodity,,51,327993,Mineral wool manufacturing,Industry,,0,blank
detail_use_intermediate_2017,2017,detail,producer_use,IOUse_After_Redefinitions_PRO_Detail.xlsx,2017,BB405,1,S00401,Scrap,DetailedSpecialCommodity,,52,327999,Miscellaneous nonmetallic mineral products,Industry,,0,blank
detail_use_intermediate_2017,2017,detail,producer_use,IOUse_After_Redefinitions_PRO_Detail.xlsx,2017,BC405,1,S00401,Scrap,DetailedSpecialCommodity,,53,331110,Iron and steel mills and ferroalloy manufacturing,Industry,,20202,numeric
detail_use_intermediate_2017,2017,detail,producer_use,IOUse_After_Redefinitions_PRO_Detail.xlsx,2017,BD405,1,S00401,Scrap,DetailedSpecialCommodity,,54,331200,Steel product manufacturing from purchased steel,Industry,,1212,numeric
detail_use_intermediate_2017,2017,detail,producer_use,IOUse_After_Redefinitions_PRO_Detail.xlsx,2017,BE405,1,S00401,Scrap,DetailedSpecialCommodity,,55,331314,Secondary smelting and alloying of aluminum,Industry,,1516,numeric
detail_use_intermediate_2017,2017,detail,producer_use,IOUse_After_Redefinitions_PRO_Detail.xlsx,2017,BF405,1,S00401,Scrap,DetailedSpecialCommodity,,56,331313,Alumina refining and primary aluminum production,Industry,,6,numeric
detail_use_intermediate_2017,2017,detail,producer_use,IOUse_After_Redefinitions_PRO_Detail.xlsx,2017,BG405,1,S00401,Scrap,DetailedSpecialCommodity,,57,33131B,Aluminum product manufacturing from purchased aluminum,Industry,,843,numeric
detail_use_intermediate_2017,2017,detail,producer_use,IOUse_After_Redefinitions_PRO_Detail.xlsx,2017,BH405,1,S00401,Scrap,DetailedSpecialCommodity,,58,331410,Nonferrous metal (except aluminum) smelting and refining,Industry,,27,numeric
detail_use_intermediate_2017,2017,detail,producer_use,IOUse_After_Redefinitions_PRO_Detail.xlsx,2017,BI405,1,S00401,Scrap,DetailedSpecialCommodity,,59,331420,"Copper rolling, drawing, extruding and alloying",Industry,,695,numeric
detail_use_intermediate_2017,2017,detail,producer_use,IOUse_After_Redefinitions_PRO_Detail.xlsx,2017,BJ405,1,S00401,Scrap,DetailedSpecialCommodity,,60,331490,"Nonferrous metal (except copper and aluminum) rolling, drawing, extruding and alloying",Industry,,341,numeric
detail_use_intermediate_2017,2017,detail,producer_use,IOUse_After_Redefinitions_PRO_Detail.xlsx,2017,BK405,1,S00401,Scrap,DetailedSpecialCommodity,,61,331510,Ferrous metal foundries,Industry,,2581,numeric
detail_use_intermediate_2017,2017,detail,producer_use,IOUse_After_Redefinitions_PRO_Detail.xlsx,2017,BL405,1,S00401,Scrap,DetailedSpecialCommodity,,62,331520,Nonferrous metal foundries,Industry,,201,numeric
detail_use_intermediate_2017,2017,detail,producer_use,IOUse_After_Redefinitions_PRO_Detail.xlsx,2017,BM405,1,S00401,Scrap,DetailedSpecialCommodity,,63,332114,Custom roll forming,Industry,,0,blank
detail_use_intermediate_2017,2017,detail,producer_use,IOUse_After_Redefinitions_PRO_Detail.xlsx,2017,BN405,1,S00401,Scrap,DetailedSpecialCommodity,,64,33211A,"All other forging, stamping, and sintering",Industry,,1,numeric
detail_use_intermediate_2017,2017,detail,producer_use,IOUse_After_Redefinitions_PRO_Detail.xlsx,2017,BO405,1,S00401,Scrap,DetailedSpecialCommodity,,65,332119,"Metal crown, closure, and other metal stamping (except automotive)",Industry,,0,blank
detail_use_intermediate_2017,2017,detail,producer_use,IOUse_After_Redefinitions_PRO_Detail.xlsx,2017,BP405,1,S00401,Scrap,DetailedSpecialCommodity,,66,332200,Cutlery and handtool manufacturing,Industry,,0,blank
detail_use_intermediate_2017,2017,detail,producer_use,IOUse_After_Redefinitions_PRO_Detail.xlsx,2017,BQ405,1,S00401,Scrap,DetailedSpecialCommodity,,67,332310,Plate work and fabricated structural product manufacturing,Industry,,35,numeric
detail_use_intermediate_2017,2017,detail,producer_use,IOUse_After_Redefinitions_PRO_Detail.xlsx,2017,BR405,1,S00401,Scrap,DetailedSpecialCommodity,,68,332320,Ornamental and architectural metal products manufacturing,Industry,,114,numeric
detail_use_intermediate_2017,2017,detail,producer_use,IOUse_After_Redefinitions_PRO_Detail.xlsx,2017,BS405,1,S00401,Scrap,DetailedSpecialCommodity,,69,332410,Power boiler and heat exchanger manufacturing,Industry,,0,blank
detail_use_intermediate_2017,2017,detail,producer_use,IOUse_After_Redefinitions_PRO_Detail.xlsx,2017,BT405,1,S00401,Scrap,DetailedSpecialCommodity,,70,332420,Metal tank (heavy gauge) manufacturing,Industry,,0,blank
detail_use_intermediate_2017,2017,detail,producer_use,IOUse_After_Redefinitions_PRO_Detail.xlsx,2017,BU405,1,S00401,Scrap,DetailedSpecialCommodity,,71,332430,"Metal can, box, and other metal container (light gauge) manufacturing",Industry,,0,blank
detail_use_intermediate_2017,2017,detail,producer_use,IOUse_After_Redefinitions_PRO_Detail.xlsx,2017,BV405,1,S00401,Scrap,DetailedSpecialCommodity,,72,332500,Hardware manufacturing,Industry,,0,blank
detail_use_intermediate_2017,2017,detail,producer_use,IOUse_After_Redefinitions_PRO_Detail.xlsx,2017,BW405,1,S00401,Scrap,DetailedSpecialCommodity,,73,332600,Spring and wire product manufacturing,Industry,,1,numeric
detail_use_intermediate_2017,2017,detail,producer_use,IOUse_After_Redefinitions_PRO_Detail.xlsx,2017,BX405,1,S00401,Scrap,DetailedSpecialCommodity,,74,332710,Machine shops,Industry,,0,blank
detail_use_intermediate_2017,2017,detail,producer_use,IOUse_After_Redefinitions_PRO_Detail.xlsx,2017,BY405,1,S00401,Scrap,DetailedSpecialCommodity,,75,332720,"Turned product and screw, nut, and bolt manufacturing",Industry,,0,blank
detail_use_intermediate_2017,2017,detail,producer_use,IOUse_After_Redefinitions_PRO_Detail.xlsx,2017,BZ405,1,S00401,Scrap,DetailedSpecialCommodity,,76,332800,"Coating, engraving, heat treating and allied activities",Industry,,0,blank
detail_use_intermediate_2017,2017,detail,producer_use,IOUse_After_Redefinitions_PRO_Detail.xlsx,2017,CA405,1,S00401,Scrap,DetailedSpecialCommodity,,77,332913,Plumbing fixture fitting and trim manufacturing,Industry,,0,blank
detail_use_intermediate_2017,2017,detail,producer_use,IOUse_After_Redefinitions_PRO_Detail.xlsx,2017,CB405,1,S00401,Scrap,DetailedSpecialCommodity,,78,33291A,Valve and fittings other than plumbing,Industry,,573,numeric
detail_use_intermediate_2017,2017,detail,producer_use,IOUse_After_Redefinitions_PRO_Detail.xlsx,2017,CC405,1,S00401,Scrap,DetailedSpecialCommodity,,79,332991,Ball and roller bearing manufacturing,Industry,,0,blank
detail_use_intermediate_2017,2017,detail,producer_use,IOUse_After_Redefinitions_PRO_Detail.xlsx,2017,CD405,1,S00401,Scrap,DetailedSpecialCommodity,,80,332996,Fabricated pipe and pipe fitting manufacturing,Industry,,0,blank
detail_use_intermediate_2017,2017,detail,producer_use,IOUse_After_Redefinitions_PRO_Detail.xlsx,2017,CE405,1,S00401,Scrap,DetailedSpecialCommodity,,81,33299A,"Ammunition, arms, ordnance, and accessories manufacturing",Industry,,0,blank
detail_use_intermediate_2017,2017,detail,producer_use,IOUse_After_Redefinitions_PRO_Detail.xlsx,2017,CF405,1,S00401,Scrap,DetailedSpecialCommodity,,82,332999,Other fabricated metal manufacturing,Industry,,0,blank
detail_use_intermediate_2017,2017,detail,producer_use,IOUse_After_Redefinitions_PRO_Detail.xlsx,2017,CG405,1,S00401,Scrap,DetailedSpecialCommodity,,83,333111,Farm machinery and equipment manufacturing,Industry,,0,blank
detail_use_intermediate_2017,2017,detail,producer_use,IOUse_After_Redefinitions_PRO_Detail.xlsx,2017,CH405,1,S00401,Scrap,DetailedSpecialCommodity,,84,333112,Lawn and garden equipment manufacturing,Industry,,0,blank
detail_use_intermediate_2017,2017,detail,producer_use,IOUse_After_Redefinitions_PRO_Detail.xlsx,2017,CI405,1,S00401,Scrap,DetailedSpecialCommodity,,85,333120,Construction machinery manufacturing,Industry,,0,blank
detail_use_intermediate_2017,2017,detail,producer_use,IOUse_After_Redefinitions_PRO_Detail.xlsx,2017,CJ405,1,S00401,Scrap,DetailedSpecialCommodity,,86,333130,Mining and oil and gas field machinery manufacturing,Industry,,0,blank
detail_use_intermediate_2017,2017,detail,producer_use,IOUse_After_Redefinitions_PRO_Detail.xlsx,2017,CK405,1,S00401,Scrap,DetailedSpecialCommodity,,87,333242,Semiconductor machinery manufacturing,Industry,,0,blank
detail_use_intermediate_2017,2017,detail,producer_use,IOUse_After_Redefinitions_PRO_Detail.xlsx,2017,CL405,1,S00401,Scrap,DetailedSpecialCommodity,,88,33329A,Other industrial machinery manufacturing,Industry,,0,blank
detail_use_intermediate_2017,2017,detail,producer_use,IOUse_After_Redefinitions_PRO_Detail.xlsx,2017,CM405,1,S00401,Scrap,DetailedSpecialCommodity,,89,333314,Optical instrument and lens manufacturing,Industry,,0,blank
detail_use_intermediate_2017,2017,detail,producer_use,IOUse_After_Redefinitions_PRO_Detail.xlsx,2017,CN405,1,S00401,Scrap,DetailedSpecialCommodity,,90,333316,Photographic and photocopying equipment manufacturing,Industry,,0,blank
detail_use_intermediate_2017,2017,detail,producer_use,IOUse_After_Redefinitions_PRO_Detail.xlsx,2017,CO405,1,S00401,Scrap,DetailedSpecialCommodity,,91,333318,Other commercial and service industry machinery manufacturing,Industry,,0,blank
detail_use_intermediate_2017,2017,detail,producer_use,IOUse_After_Redefinitions_PRO_Detail.xlsx,2017,CP405,1,S00401,Scrap,DetailedSpecialCommodity,,92,333414,Heating equipment (except warm air furnaces) manufacturing,Industry,,0,blank
detail_use_intermediate_2017,2017,detail,producer_use,IOUse_After_Redefinitions_PRO_Detail.xlsx,2017,CQ405,1,S00401,Scrap,DetailedSpecialCommodity,,93,333415,"Air conditioning, refrigeration, and warm air heating equipment manufacturing",Industry,,0,blank
detail_use_intermediate_2017,2017,detail,producer_use,IOUse_After_Redefinitions_PRO_Detail.xlsx,2017,CR405,1,S00401,Scrap,DetailedSpecialCommodity,,94,333413,Industrial and commercial fan and blower and air purification equipment manufacturing,Industry,,0,blank
detail_use_intermediate_2017,2017,detail,producer_use,IOUse_After_Redefinitions_PRO_Detail.xlsx,2017,CS405,1,S00401,Scrap,DetailedSpecialCommodity,,95,333511,Industrial mold manufacturing,Industry,,0,blank
detail_use_intermediate_2017,2017,detail,producer_use,IOUse_After_Redefinitions_PRO_Detail.xlsx,2017,CT405,1,S00401,Scrap,DetailedSpecialCommodity,,96,333514,"Special tool, die, jig, and fixture manufacturing",Industry,,0,blank
detail_use_intermediate_2017,2017,detail,producer_use,IOUse_After_Redefinitions_PRO_Detail.xlsx,2017,CU405,1,S00401,Scrap,DetailedSpecialCommodity,,97,333517,Machine tool manufacturing,Industry,,0,blank
detail_use_intermediate_2017,2017,detail,producer_use,IOUse_After_Redefinitions_PRO_Detail.xlsx,2017,CV405,1,S00401,Scrap,DetailedSpecialCommodity,,98,33351B,"Cutting and machine tool accessory, rolling mill, and other metalworking machinery manufacturing",Industry,,0,blank
detail_use_intermediate_2017,2017,detail,producer_use,IOUse_After_Redefinitions_PRO_Detail.xlsx,2017,CW405,1,S00401,Scrap,DetailedSpecialCommodity,,99,333611,Turbine and turbine generator set units manufacturing,Industry,,0,blank
detail_use_intermediate_2017,2017,detail,producer_use,IOUse_After_Redefinitions_PRO_Detail.xlsx,2017,CX405,1,S00401,Scrap,DetailedSpecialCommodity,,100,333612,"Speed changer, industrial high-speed drive, and gear manufacturing",Industry,,2,numeric
detail_use_intermediate_2017,2017,detail,producer_use,IOUse_After_Redefinitions_PRO_Detail.xlsx,2017,CY405,1,S00401,Scrap,DetailedSpecialCommodity,,101,333613,Mechanical power transmission equipment manufacturing,Industry,,6,numeric
detail_use_intermediate_2017,2017,detail,producer_use,IOUse_After_Redefinitions_PRO_Detail.xlsx,2017,CZ405,1,S00401,Scrap,DetailedSpecialCommodity,,102,333618,Other engine equipment manufacturing,Industry,,0,blank
detail_use_intermediate_2017,2017,detail,producer_use,IOUse_After_Redefinitions_PRO_Detail.xlsx,2017,DA405,1,S00401,Scrap,DetailedSpecialCommodity,,103,333912,Air and gas compressor manufacturing,Industry,,0,blank
detail_use_intermediate_2017,2017,detail,producer_use,IOUse_After_Redefinitions_PRO_Detail.xlsx,2017,DB405,1,S00401,Scrap,DetailedSpecialCommodity,,104,333914,"Measuring, dispensing, and other pumping equipment manufacturing",Industry,,0,blank
detail_use_intermediate_2017,2017,detail,producer_use,IOUse_After_Redefinitions_PRO_Detail.xlsx,2017,DC405,1,S00401,Scrap,DetailedSpecialCommodity,,105,333920,Material handling equipment manufacturing,Industry,,0,blank
detail_use_intermediate_2017,2017,detail,producer_use,IOUse_After_Redefinitions_PRO_Detail.xlsx,2017,DD405,1,S00401,Scrap,DetailedSpecialCommodity,,106,333991,Power-driven handtool manufacturing,Industry,,0,blank
detail_use_intermediate_2017,2017,detail,producer_use,IOUse_After_Redefinitions_PRO_Detail.xlsx,2017,DE405,1,S00401,Scrap,DetailedSpecialCommodity,,107,333993,Packaging machinery manufacturing,Industry,,0,blank
detail_use_intermediate_2017,2017,detail,producer_use,IOUse_After_Redefinitions_PRO_Detail.xlsx,2017,DF405,1,S00401,Scrap,DetailedSpecialCommodity,,108,333994,Industrial process furnace and oven manufacturing,Industry,,0,blank
detail_use_intermediate_2017,2017,detail,producer_use,IOUse_After_Redefinitions_PRO_Detail.xlsx,2017,DG405,1,S00401,Scrap,DetailedSpecialCommodity,,109,33399A,Other general purpose machinery manufacturing,Industry,,1,numeric
detail_use_intermediate_2017,2017,detail,producer_use,IOUse_After_Redefinitions_PRO_Detail.xlsx,2017,DH405,1,S00401,Scrap,DetailedSpecialCommodity,,110,33399B,Fluid power process machinery,Industry,,0,blank
detail_use_intermediate_2017,2017,detail,producer_use,IOUse_After_Redefinitions_PRO_Detail.xlsx,2017,DI405,1,S00401,Scrap,DetailedSpecialCommodity,,111,334111,Electronic computer manufacturing,Industry,,0,blank
detail_use_intermediate_2017,2017,detail,producer_use,IOUse_After_Redefinitions_PRO_Detail.xlsx,2017,DJ405,1,S00401,Scrap,DetailedSpecialCommodity,,112,334112,Computer storage device manufacturing,Industry,,0,blank
detail_use_intermediate_2017,2017,detail,producer_use,IOUse_After_Redefinitions_PRO_Detail.xlsx,2017,DK405,1,S00401,Scrap,DetailedSpecialCommodity,,113,334118,Computer terminals and other computer peripheral equipment manufacturing,Industry,,0,blank
detail_use_intermediate_2017,2017,detail,producer_use,IOUse_After_Redefinitions_PRO_Detail.xlsx,2017,DL405,1,S00401,Scrap,DetailedSpecialCommodity,,114,334210,Telephone apparatus manufacturing,Industry,,0,blank
detail_use_intermediate_2017,2017,detail,producer_use,IOUse_After_Redefinitions_PRO_Detail.xlsx,2017,DM405,1,S00401,Scrap,DetailedSpecialCommodity,,115,334220,Broadcast and wireless communications equipment,Industry,,0,blank
detail_use_intermediate_2017,2017,detail,producer_use,IOUse_After_Redefinitions_PRO_Detail.xlsx,2017,DN405,1,S00401,Scrap,DetailedSpecialCommodity,,116,334290,Other communications equipment manufacturing,Industry,,0,blank
detail_use_intermediate_2017,2017,detail,producer_use,IOUse_After_Redefinitions_PRO_Detail.xlsx,2017,DO405,1,S00401,Scrap,DetailedSpecialCommodity,,117,334413,Semiconductor and related device manufacturing,Industry,,0,blank
detail_use_intermediate_2017,2017,detail,producer_use,IOUse_After_Redefinitions_PRO_Detail.xlsx,2017,DP405,1,S00401,Scrap,DetailedSpecialCommodity,,118,334418,Printed circuit assembly (electronic assembly) manufacturing,Industry,,0,blank
detail_use_intermediate_2017,2017,detail,producer_use,IOUse_After_Redefinitions_PRO_Detail.xlsx,2017,DQ405,1,S00401,Scrap,DetailedSpecialCommodity,,119,33441A,Other electronic component manufacturing,Industry,,0,blank
detail_use_intermediate_2017,2017,detail,producer_use,IOUse_After_Redefinitions_PRO_Detail.xlsx,2017,DR405,1,S00401,Scrap,DetailedSpecialCommodity,,120,334510,Electromedical and electrotherapeutic apparatus manufacturing,Industry,,0,blank
detail_use_intermediate_2017,2017,detail,producer_use,IOUse_After_Redefinitions_PRO_Detail.xlsx,2017,DS405,1,S00401,Scrap,DetailedSpecialCommodity,,121,334511,"Search, detection, and navigation instruments manufacturing",Industry,,0,blank
detail_use_intermediate_2017,2017,detail,producer_use,IOUse_After_Redefinitions_PRO_Detail.xlsx,2017,DT405,1,S00401,Scrap,DetailedSpecialCommodity,,122,334512,Automatic environmental control manufacturing,Industry,,0,blank
detail_use_intermediate_2017,2017,detail,producer_use,IOUse_After_Redefinitions_PRO_Detail.xlsx,2017,DU405,1,S00401,Scrap,DetailedSpecialCommodity,,123,334513,Industrial process variable instruments manufacturing,Industry,,0,blank
detail_use_intermediate_2017,2017,detail,producer_use,IOUse_After_Redefinitions_PRO_Detail.xlsx,2017,DV405,1,S00401,Scrap,DetailedSpecialCommodity,,124,334514,Totalizing fluid meter and counting device manufacturing,Industry,,0,blank
detail_use_intermediate_2017,2017,detail,producer_use,IOUse_After_Redefinitions_PRO_Detail.xlsx,2017,DW405,1,S00401,Scrap,DetailedSpecialCommodity,,125,334515,Electricity and signal testing instruments manufacturing,Industry,,0,blank
detail_use_intermediate_2017,2017,detail,producer_use,IOUse_After_Redefinitions_PRO_Detail.xlsx,2017,DX405,1,S00401,Scrap,DetailedSpecialCommodity,,126,334516,Analytical laboratory instrument manufacturing,Industry,,0,blank
detail_use_intermediate_2017,2017,detail,producer_use,IOUse_After_Redefinitions_PRO_Detail.xlsx,2017,DY405,1,S00401,Scrap,DetailedSpecialCommodity,,127,334517,Irradiation apparatus manufacturing,Industry,,0,blank
detail_use_intermediate_2017,2017,detail,producer_use,IOUse_After_Redefinitions_PRO_Detail.xlsx,2017,DZ405,1,S00401,Scrap,DetailedSpecialCommodity,,128,33451A,"Watch, clock, and other measuring and controlling device manufacturing",Industry,,0,blank
detail_use_intermediate_2017,2017,detail,producer_use,IOUse_After_Redefinitions_PRO_Detail.xlsx,2017,EA405,1,S00401,Scrap,DetailedSpecialCommodity,,129,334300,Audio and video equipment manufacturing,Industry,,0,blank
detail_use_intermediate_2017,2017,detail,producer_use,IOUse_After_Redefinitions_PRO_Detail.xlsx,2017,EB405,1,S00401,Scrap,DetailedSpecialCommodity,,130,334610,Manufacturing and reproducing magnetic and optical media,Industry,,0,blank
detail_use_intermediate_2017,2017,detail,producer_use,IOUse_After_Redefinitions_PRO_Detail.xlsx,2017,EC405,1,S00401,Scrap,DetailedSpecialCommodity,,131,335110,Electric lamp bulb and part manufacturing,Industry,,0,blank
detail_use_intermediate_2017,2017,detail,producer_use,IOUse_After_Redefinitions_PRO_Detail.xlsx,2017,ED405,1,S00401,Scrap,DetailedSpecialCommodity,,132,335120,Lighting fixture manufacturing,Industry,,0,blank
detail_use_intermediate_2017,2017,detail,producer_use,IOUse_After_Redefinitions_PRO_Detail.xlsx,2017,EE405,1,S00401,Scrap,DetailedSpecialCommodity,,133,335210,Small electrical appliance manufacturing,Industry,,0,blank
detail_use_intermediate_2017,2017,detail,producer_use,IOUse_After_Redefinitions_PRO_Detail.xlsx,2017,EF405,1,S00401,Scrap,DetailedSpecialCommodity,,134,335220,Major household appliance manufacturing,Industry,,0,blank
detail_use_intermediate_2017,2017,detail,producer_use,IOUse_After_Redefinitions_PRO_Detail.xlsx,2017,EG405,1,S00401,Scrap,DetailedSpecialCommodity,,135,335311,"Power, distribution, and specialty transformer manufacturing",Industry,,0,blank
detail_use_intermediate_2017,2017,detail,producer_use,IOUse_After_Redefinitions_PRO_Detail.xlsx,2017,EH405,1,S00401,Scrap,DetailedSpecialCommodity,,136,335312,Motor and generator manufacturing,Industry,,0,blank
detail_use_intermediate_2017,2017,detail,producer_use,IOUse_After_Redefinitions_PRO_Detail.xlsx,2017,EI405,1,S00401,Scrap,DetailedSpecialCommodity,,137,335313,Switchgear and switchboard apparatus manufacturing,Industry,,0,blank
detail_use_intermediate_2017,2017,detail,producer_use,IOUse_After_Redefinitions_PRO_Detail.xlsx,2017,EJ405,1,S00401,Scrap,DetailedSpecialCommodity,,138,335314,Relay and industrial control manufacturing,Industry,,0,blank
detail_use_intermediate_2017,2017,detail,producer_use,IOUse_After_Redefinitions_PRO_Detail.xlsx,2017,EK405,1,S00401,Scrap,DetailedSpecialCommodity,,139,335911,Storage battery manufacturing,Industry,,0,blank
detail_use_intermediate_2017,2017,detail,producer_use,IOUse_After_Redefinitions_PRO_Detail.xlsx,2017,EL405,1,S00401,Scrap,DetailedSpecialCommodity,,140,335912,Primary battery manufacturing,Industry,,0,blank
detail_use_intermediate_2017,2017,detail,producer_use,IOUse_After_Redefinitions_PRO_Detail.xlsx,2017,EM405,1,S00401,Scrap,DetailedSpecialCommodity,,141,335920,Communication and energy wire and cable manufacturing,Industry,,0,blank
detail_use_intermediate_2017,2017,detail,producer_use,IOUse_After_Redefinitions_PRO_Detail.xlsx,2017,EN405,1,S00401,Scrap,DetailedSpecialCommodity,,142,335930,Wiring device manufacturing,Industry,,0,blank
detail_use_intermediate_2017,2017,detail,producer_use,IOUse_After_Redefinitions_PRO_Detail.xlsx,2017,EO405,1,S00401,Scrap,DetailedSpecialCommodity,,143,335991,Carbon and graphite product manufacturing,Industry,,0,blank
detail_use_intermediate_2017,2017,detail,producer_use,IOUse_After_Redefinitions_PRO_Detail.xlsx,2017,EP405,1,S00401,Scrap,DetailedSpecialCommodity,,144,335999,All other miscellaneous electrical equipment and component manufacturing,Industry,,0,blank
detail_use_intermediate_2017,2017,detail,producer_use,IOUse_After_Redefinitions_PRO_Detail.xlsx,2017,EQ405,1,S00401,Scrap,DetailedSpecialCommodity,,145,336111,Automobile manufacturing,Industry,,0,blank
detail_use_intermediate_2017,2017,detail,producer_use,IOUse_After_Redefinitions_PRO_Detail.xlsx,2017,ER405,1,S00401,Scrap,DetailedSpecialCommodity,,146,336112,Light truck and utility vehicle manufacturing,Industry,,0,blank
detail_use_intermediate_2017,2017,detail,producer_use,IOUse_After_Redefinitions_PRO_Detail.xlsx,2017,ES405,1,S00401,Scrap,DetailedSpecialCommodity,,147,336120,Heavy duty truck manufacturing,Industry,,0,blank
detail_use_intermediate_2017,2017,detail,producer_use,IOUse_After_Redefinitions_PRO_Detail.xlsx,2017,ET405,1,S00401,Scrap,DetailedSpecialCommodity,,148,336211,Motor vehicle body manufacturing,Industry,,0,blank
detail_use_intermediate_2017,2017,detail,producer_use,IOUse_After_Redefinitions_PRO_Detail.xlsx,2017,EU405,1,S00401,Scrap,DetailedSpecialCommodity,,149,336212,Truck trailer manufacturing,Industry,,0,blank
detail_use_intermediate_2017,2017,detail,producer_use,IOUse_After_Redefinitions_PRO_Detail.xlsx,2017,EV405,1,S00401,Scrap,DetailedSpecialCommodity,,150,336213,Motor home manufacturing,Industry,,0,blank
detail_use_intermediate_2017,2017,detail,producer_use,IOUse_After_Redefinitions_PRO_Detail.xlsx,2017,EW405,1,S00401,Scrap,DetailedSpecialCommodity,,151,336214,Travel trailer and camper manufacturing,Industry,,0,blank
detail_use_intermediate_2017,2017,detail,producer_use,IOUse_After_Redefinitions_PRO_Detail.xlsx,2017,EX405,1,S00401,Scrap,DetailedSpecialCommodity,,152,336310,Motor vehicle gasoline engine and engine parts manufacturing,Industry,,0,blank
detail_use_intermediate_2017,2017,detail,producer_use,IOUse_After_Redefinitions_PRO_Detail.xlsx,2017,EY405,1,S00401,Scrap,DetailedSpecialCommodity,,153,336320,Motor vehicle electrical and electronic equipment manufacturing,Industry,,0,blank
detail_use_intermediate_2017,2017,detail,producer_use,IOUse_After_Redefinitions_PRO_Detail.xlsx,2017,EZ405,1,S00401,Scrap,DetailedSpecialCommodity,,154,336350,Motor vehicle transmission and power train parts manufacturing,Industry,,0,blank
detail_use_intermediate_2017,2017,detail,producer_use,IOUse_After_Redefinitions_PRO_Detail.xlsx,2017,FA405,1,S00401,Scrap,DetailedSpecialCommodity,,155,336360,Motor vehicle seating and interior trim manufacturing,Industry,,0,blank
detail_use_intermediate_2017,2017,detail,producer_use,IOUse_After_Redefinitions_PRO_Detail.xlsx,2017,FB405,1,S00401,Scrap,DetailedSpecialCommodity,,156,336370,Motor vehicle metal stamping,Industry,,0,blank
detail_use_intermediate_2017,2017,detail,producer_use,IOUse_After_Redefinitions_PRO_Detail.xlsx,2017,FC405,1,S00401,Scrap,DetailedSpecialCommodity,,157,336390,Other motor vehicle parts manufacturing,Industry,,0,blank
detail_use_intermediate_2017,2017,detail,producer_use,IOUse_After_Redefinitions_PRO_Detail.xlsx,2017,FD405,1,S00401,Scrap,DetailedSpecialCommodity,,158,3363A0,"Motor vehicle steering, suspension component (except spring), and brake systems manufacturing",Industry,,0,blank
detail_use_intermediate_2017,2017,detail,producer_use,IOUse_After_Redefinitions_PRO_Detail.xlsx,2017,FE405,1,S00401,Scrap,DetailedSpecialCommodity,,159,336411,Aircraft manufacturing,Industry,,0,blank
detail_use_intermediate_2017,2017,detail,producer_use,IOUse_After_Redefinitions_PRO_Detail.xlsx,2017,FF405,1,S00401,Scrap,DetailedSpecialCommodity,,160,336412,Aircraft engine and engine parts manufacturing,Industry,,0,blank
detail_use_intermediate_2017,2017,detail,producer_use,IOUse_After_Redefinitions_PRO_Detail.xlsx,2017,FG405,1,S00401,Scrap,DetailedSpecialCommodity,,161,336413,Other aircraft parts and auxiliary equipment manufacturing,Industry,,0,blank
detail_use_intermediate_2017,2017,detail,producer_use,IOUse_After_Redefinitions_PRO_Detail.xlsx,2017,FH405,1,S00401,Scrap,DetailedSpecialCommodity,,162,336414,Guided missile and space vehicle manufacturing,Industry,,0,blank
detail_use_intermediate_2017,2017,detail,producer_use,IOUse_After_Redefinitions_PRO_Detail.xlsx,2017,FI405,1,S00401,Scrap,DetailedSpecialCommodity,,163,33641A,Propulsion units and parts for space vehicles and guided missiles,Industry,,0,blank
detail_use_intermediate_2017,2017,detail,producer_use,IOUse_After_Redefinitions_PRO_Detail.xlsx,2017,FJ405,1,S00401,Scrap,DetailedSpecialCommodity,,164,336500,Railroad rolling stock manufacturing,Industry,,0,blank
detail_use_intermediate_2017,2017,detail,producer_use,IOUse_After_Redefinitions_PRO_Detail.xlsx,2017,FK405,1,S00401,Scrap,DetailedSpecialCommodity,,165,336611,Ship building and repairing,Industry,,0,blank
detail_use_intermediate_2017,2017,detail,producer_use,IOUse_After_Redefinitions_PRO_Detail.xlsx,2017,FL405,1,S00401,Scrap,DetailedSpecialCommodity,,166,336612,Boat building,Industry,,0,blank
detail_use_intermediate_2017,2017,detail,producer_use,IOUse_After_Redefinitions_PRO_Detail.xlsx,2017,FM405,1,S00401,Scrap,DetailedSpecialCommodity,,167,336991,"Motorcycle, bicycle, and parts manufacturing",Industry,,0,blank
detail_use_intermediate_2017,2017,detail,producer_use,IOUse_After_Redefinitions_PRO_Detail.xlsx,2017,FN405,1,S00401,Scrap,DetailedSpecialCommodity,,168,336992,"Military armored vehicle, tank, and tank component manufacturing",Industry,,0,blank
detail_use_intermediate_2017,2017,detail,producer_use,IOUse_After_Redefinitions_PRO_Detail.xlsx,2017,FO405,1,S00401,Scrap,DetailedSpecialCommodity,,169,336999,All other transportation equipment manufacturing,Industry,,0,blank
detail_use_intermediate_2017,2017,detail,producer_use,IOUse_After_Redefinitions_PRO_Detail.xlsx,2017,FP405,1,S00401,Scrap,DetailedSpecialCommodity,,170,337110,Wood kitchen cabinet and countertop manufacturing,Industry,,0,blank
detail_use_intermediate_2017,2017,detail,producer_use,IOUse_After_Redefinitions_PRO_Detail.xlsx,2017,FQ405,1,S00401,Scrap,DetailedSpecialCommodity,,171,337121,Upholstered household furniture manufacturing,Industry,,0,blank
detail_use_intermediate_2017,2017,detail,producer_use,IOUse_After_Redefinitions_PRO_Detail.xlsx,2017,FR405,1,S00401,Scrap,DetailedSpecialCommodity,,172,337122,Nonupholstered wood household furniture manufacturing,Industry,,0,blank
detail_use_intermediate_2017,2017,detail,producer_use,IOUse_After_Redefinitions_PRO_Detail.xlsx,2017,FS405,1,S00401,Scrap,DetailedSpecialCommodity,,173,337127,Institutional furniture manufacturing,Industry,,0,blank
detail_use_intermediate_2017,2017,detail,producer_use,IOUse_After_Redefinitions_PRO_Detail.xlsx,2017,FT405,1,S00401,Scrap,DetailedSpecialCommodity,,174,33712N,Other household nonupholstered furniture,Industry,,0,blank
detail_use_intermediate_2017,2017,detail,producer_use,IOUse_After_Redefinitions_PRO_Detail.xlsx,2017,FU405,1,S00401,Scrap,DetailedSpecialCommodity,,175,337215,"Showcase, partition, shelving, and locker manufacturing",Industry,,0,blank
detail_use_intermediate_2017,2017,detail,producer_use,IOUse_After_Redefinitions_PRO_Detail.xlsx,2017,FV405,1,S00401,Scrap,DetailedSpecialCommodity,,176,33721A,Office furniture and custom architectural woodwork and millwork manufacturing,Industry,,0,blank
detail_use_intermediate_2017,2017,detail,producer_use,IOUse_After_Redefinitions_PRO_Detail.xlsx,2017,FW405,1,S00401,Scrap,DetailedSpecialCommodity,,177,337900,Other furniture related product manufacturing,Industry,,0,blank
detail_use_intermediate_2017,2017,detail,producer_use,IOUse_After_Redefinitions_PRO_Detail.xlsx,2017,FX405,1,S00401,Scrap,DetailedSpecialCommodity,,178,339112,Surgical and medical instrument manufacturing,Industry,,0,blank
detail_use_intermediate_2017,2017,detail,producer_use,IOUse_After_Redefinitions_PRO_Detail.xlsx,2017,FY405,1,S00401,Scrap,DetailedSpecialCommodity,,179,339113,Surgical appliance and supplies manufacturing,Industry,,0,blank
detail_use_intermediate_2017,2017,detail,producer_use,IOUse_After_Redefinitions_PRO_Detail.xlsx,2017,FZ405,1,S00401,Scrap,DetailedSpecialCommodity,,180,339114,Dental equipment and supplies manufacturing,Industry,,0,blank
detail_use_intermediate_2017,2017,detail,producer_use,IOUse_After_Redefinitions_PRO_Detail.xlsx,2017,GA405,1,S00401,Scrap,DetailedSpecialCommodity,,181,339115,Ophthalmic goods manufacturing,Industry,,0,blank
detail_use_intermediate_2017,2017,detail,producer_use,IOUse_After_Redefinitions_PRO_Detail.xlsx,2017,GB405,1,S00401,Scrap,DetailedSpecialCommodity,,182,339116,Dental laboratories,Industry,,0,blank
detail_use_intermediate_2017,2017,detail,producer_use,IOUse_After_Redefinitions_PRO_Detail.xlsx,2017,GC405,1,S00401,Scrap,DetailedSpecialCommodity,,183,339910,Jewelry and silverware manufacturing,Industry,,0,blank
detail_use_intermediate_2017,2017,detail,producer_use,IOUse_After_Redefinitions_PRO_Detail.xlsx,2017,GD405,1,S00401,Scrap,DetailedSpecialCommodity,,184,339920,Sporting and athletic goods manufacturing,Industry,,0,blank
detail_use_intermediate_2017,2017,detail,producer_use,IOUse_After_Redefinitions_PRO_Detail.xlsx,2017,GE405,1,S00401,Scrap,DetailedSpecialCommodity,,185,339930,"Doll, toy, and game manufacturing",Industry,,0,blank
detail_use_intermediate_2017,2017,detail,producer_use,IOUse_After_Redefinitions_PRO_Detail.xlsx,2017,GF405,1,S00401,Scrap,DetailedSpecialCommodity,,186,339940,Office supplies (except paper) manufacturing,Industry,,0,blank
detail_use_intermediate_2017,2017,detail,producer_use,IOUse_After_Redefinitions_PRO_Detail.xlsx,2017,GG405,1,S00401,Scrap,DetailedSpecialCommodity,,187,339950,Sign manufacturing,Industry,,0,blank
detail_use_intermediate_2017,2017,detail,producer_use,IOUse_After_Redefinitions_PRO_Detail.xlsx,2017,GH405,1,S00401,Scrap,DetailedSpecialCommodity,,188,339990,All other miscellaneous manufacturing,Industry,,0,blank
detail_use_intermediate_2017,2017,detail,producer_use,IOUse_After_Redefinitions_PRO_Detail.xlsx,2017,GI405,1,S00401,Scrap,DetailedSpecialCommodity,,189,311111,Dog and cat food manufacturing,Industry,,0,blank
detail_use_intermediate_2017,2017,detail,producer_use,IOUse_After_Redefinitions_PRO_Detail.xlsx,2017,GJ405,1,S00401,Scrap,DetailedSpecialCommodity,,190,311119,Other animal food manufacturing,Industry,,0,blank
detail_use_intermediate_2017,2017,detail,producer_use,IOUse_After_Redefinitions_PRO_Detail.xlsx,2017,GK405,1,S00401,Scrap,DetailedSpecialCommodity,,191,311210,Flour milling and malt manufacturing,Industry,,0,blank
detail_use_intermediate_2017,2017,detail,producer_use,IOUse_After_Redefinitions_PRO_Detail.xlsx,2017,GL405,1,S00401,Scrap,DetailedSpecialCommodity,,192,311221,Wet corn milling,Industry,,0,blank
detail_use_intermediate_2017,2017,detail,producer_use,IOUse_After_Redefinitions_PRO_Detail.xlsx,2017,GM405,1,S00401,Scrap,DetailedSpecialCommodity,,193,311225,Fats and oils refining and blending,Industry,,0,blank
detail_use_intermediate_2017,2017,detail,producer_use,IOUse_After_Redefinitions_PRO_Detail.xlsx,2017,GN405,1,S00401,Scrap,DetailedSpecialCommodity,,194,311224,Soybean and other oilseed processing,Industry,,0,blank
detail_use_intermediate_2017,2017,detail,producer_use,IOUse_After_Redefinitions_PRO_Detail.xlsx,2017,GO405,1,S00401,Scrap,DetailedSpecialCommodity,,195,311230,Breakfast cereal manufacturing,Industry,,0,blank
detail_use_intermediate_2017,2017,detail,producer_use,IOUse_After_Redefinitions_PRO_Detail.xlsx,2017,GP405,1,S00401,Scrap,DetailedSpecialCommodity,,196,311300,Sugar and confectionery product manufacturing,Industry,,1,numeric
detail_use_intermediate_2017,2017,detail,producer_use,IOUse_After_Redefinitions_PRO_Detail.xlsx,2017,GQ405,1,S00401,Scrap,DetailedSpecialCommodity,,197,311410,Frozen food manufacturing,Industry,,0,blank
detail_use_intermediate_2017,2017,detail,producer_use,IOUse_After_Redefinitions_PRO_Detail.xlsx,2017,GR405,1,S00401,Scrap,DetailedSpecialCommodity,,198,311420,"Fruit and vegetable canning, pickling, and drying",Industry,,0,blank
detail_use_intermediate_2017,2017,detail,producer_use,IOUse_After_Redefinitions_PRO_Detail.xlsx,2017,GS405,1,S00401,Scrap,DetailedSpecialCommodity,,199,311513,Cheese manufacturing,Industry,,0,blank
detail_use_intermediate_2017,2017,detail,producer_use,IOUse_After_Redefinitions_PRO_Detail.xlsx,2017,GT405,1,S00401,Scrap,DetailedSpecialCommodity,,200,311514,"Dry, condensed, and evaporated dairy product manufacturing",Industry,,1,numeric
detail_use_intermediate_2017,2017,detail,producer_use,IOUse_After_Redefinitions_PRO_Detail.xlsx,2017,GU405,1,S00401,Scrap,DetailedSpecialCommodity,,201,31151A,Fluid milk and butter manufacturing,Industry,,0,blank
detail_use_intermediate_2017,2017,detail,producer_use,IOUse_After_Redefinitions_PRO_Detail.xlsx,2017,GV405,1,S00401,Scrap,DetailedSpecialCommodity,,202,311520,Ice cream and frozen dessert manufacturing,Industry,,0,blank
detail_use_intermediate_2017,2017,detail,producer_use,IOUse_After_Redefinitions_PRO_Detail.xlsx,2017,GW405,1,S00401,Scrap,DetailedSpecialCommodity,,203,311615,Poultry processing,Industry,,0,blank
detail_use_intermediate_2017,2017,detail,producer_use,IOUse_After_Redefinitions_PRO_Detail.xlsx,2017,GX405,1,S00401,Scrap,DetailedSpecialCommodity,,204,31161A,"Animal (except poultry) slaughtering, rendering, and processing",Industry,,0,blank
detail_use_intermediate_2017,2017,detail,producer_use,IOUse_After_Redefinitions_PRO_Detail.xlsx,2017,GY405,1,S00401,Scrap,DetailedSpecialCommodity,,205,311700,Seafood product preparation and packaging,Industry,,0,blank
detail_use_intermediate_2017,2017,detail,producer_use,IOUse_After_Redefinitions_PRO_Detail.xlsx,2017,GZ405,1,S00401,Scrap,DetailedSpecialCommodity,,206,311810,Bread and bakery product manufacturing,Industry,,0,blank
detail_use_intermediate_2017,2017,detail,producer_use,IOUse_After_Redefinitions_PRO_Detail.xlsx,2017,HA405,1,S00401,Scrap,DetailedSpecialCommodity,,207,3118A0,"Cookie, cracker, pasta, and tortilla manufacturing",Industry,,0,blank
detail_use_intermediate_2017,2017,detail,producer_use,IOUse_After_Redefinitions_PRO_Detail.xlsx,2017,HB405,1,S00401,Scrap,DetailedSpecialCommodity,,208,311910,Snack food manufacturing,Industry,,0,blank
detail_use_intermediate_2017,2017,detail,producer_use,IOUse_After_Redefinitions_PRO_Detail.xlsx,2017,HC405,1,S00401,Scrap,DetailedSpecialCommodity,,209,311920,Coffee and tea manufacturing,Industry,,0,blank
detail_use_intermediate_2017,2017,detail,producer_use,IOUse_After_Redefinitions_PRO_Detail.xlsx,2017,HD405,1,S00401,Scrap,DetailedSpecialCommodity,,210,311930,Flavoring syrup and concentrate manufacturing,Industry,,0,blank
detail_use_intermediate_2017,2017,detail,producer_use,IOUse_After_Redefinitions_PRO_Detail.xlsx,2017,HE405,1,S00401,Scrap,DetailedSpecialCommodity,,211,311940,Seasoning and dressing manufacturing,Industry,,0,blank
detail_use_intermediate_2017,2017,detail,producer_use,IOUse_After_Redefinitions_PRO_Detail.xlsx,2017,HF405,1,S00401,Scrap,DetailedSpecialCommodity,,212,311990,All other food manufacturing,Industry,,0,blank
detail_use_intermediate_2017,2017,detail,producer_use,IOUse_After_Redefinitions_PRO_Detail.xlsx,2017,HG405,1,S00401,Scrap,DetailedSpecialCommodity,,213,312110,Soft drink and ice manufacturing,Industry,,0,blank
detail_use_intermediate_2017,2017,detail,producer_use,IOUse_After_Redefinitions_PRO_Detail.xlsx,2017,HH405,1,S00401,Scrap,DetailedSpecialCommodity,,214,312120,Breweries,Industry,,0,blank
detail_use_intermediate_2017,2017,detail,producer_use,IOUse_After_Redefinitions_PRO_Detail.xlsx,2017,HI405,1,S00401,Scrap,DetailedSpecialCommodity,,215,312130,Wineries,Industry,,0,blank
detail_use_intermediate_2017,2017,detail,producer_use,IOUse_After_Redefinitions_PRO_Detail.xlsx,2017,HJ405,1,S00401,Scrap,DetailedSpecialCommodity,,216,312140,Distilleries,Industry,,0,blank
detail_use_intermediate_2017,2017,detail,producer_use,IOUse_After_Redefinitions_PRO_Detail.xlsx,2017,HK405,1,S00401,Scrap,DetailedSpecialCommodity,,217,312200,Tobacco manufacturing,Industry,,0,blank
detail_use_intermediate_2017,2017,detail,producer_use,IOUse_After_Redefinitions_PRO_Detail.xlsx,2017,HL405,1,S00401,Scrap,DetailedSpecialCommodity,,218,313100,"Fiber, yarn, and thread mills",Industry,,0,blank
detail_use_intermediate_2017,2017,detail,producer_use,IOUse_After_Redefinitions_PRO_Detail.xlsx,2017,HM405,1,S00401,Scrap,DetailedSpecialCommodity,,219,313200,Fabric mills,Industry,,0,blank
detail_use_intermediate_2017,2017,detail,producer_use,IOUse_After_Redefinitions_PRO_Detail.xlsx,2017,HN405,1,S00401,Scrap,DetailedSpecialCommodity,,220,313300,Textile and fabric finishing and fabric coating mills,Industry,,0,blank
detail_use_intermediate_2017,2017,detail,producer_use,IOUse_After_Redefinitions_PRO_Detail.xlsx,2017,HO405,1,S00401,Scrap,DetailedSpecialCommodity,,221,314110,Carpet and rug mills,Industry,,0,blank
detail_use_intermediate_2017,2017,detail,producer_use,IOUse_After_Redefinitions_PRO_Detail.xlsx,2017,HP405,1,S00401,Scrap,DetailedSpecialCommodity,,222,314120,Curtain and linen mills,Industry,,0,blank
detail_use_intermediate_2017,2017,detail,producer_use,IOUse_After_Redefinitions_PRO_Detail.xlsx,2017,HQ405,1,S00401,Scrap,DetailedSpecialCommodity,,223,314900,Other textile product mills,Industry,,17,numeric
detail_use_intermediate_2017,2017,detail,producer_use,IOUse_After_Redefinitions_PRO_Detail.xlsx,2017,HR405,1,S00401,Scrap,DetailedSpecialCommodity,,224,315000,Apparel manufacturing,Industry,,0,blank
detail_use_intermediate_2017,2017,detail,producer_use,IOUse_After_Redefinitions_PRO_Detail.xlsx,2017,HS405,1,S00401,Scrap,DetailedSpecialCommodity,,225,316000,Leather and allied product manufacturing,Industry,,0,blank
detail_use_intermediate_2017,2017,detail,producer_use,IOUse_After_Redefinitions_PRO_Detail.xlsx,2017,HT405,1,S00401,Scrap,DetailedSpecialCommodity,,226,322110,Pulp mills,Industry,,105,numeric
detail_use_intermediate_2017,2017,detail,producer_use,IOUse_After_Redefinitions_PRO_Detail.xlsx,2017,HU405,1,S00401,Scrap,DetailedSpecialCommodity,,227,322120,Paper mills,Industry,,380,numeric
detail_use_intermediate_2017,2017,detail,producer_use,IOUse_After_Redefinitions_PRO_Detail.xlsx,2017,HV405,1,S00401,Scrap,DetailedSpecialCommodity,,228,322130,Paperboard mills,Industry,,1149,numeric
detail_use_intermediate_2017,2017,detail,producer_use,IOUse_After_Redefinitions_PRO_Detail.xlsx,2017,HW405,1,S00401,Scrap,DetailedSpecialCommodity,,229,322210,Paperboard container manufacturing,Industry,,0,blank
detail_use_intermediate_2017,2017,detail,producer_use,IOUse_After_Redefinitions_PRO_Detail.xlsx,2017,HX405,1,S00401,Scrap,DetailedSpecialCommodity,,230,322220,Paper bag and coated and treated paper manufacturing,Industry,,0,blank
detail_use_intermediate_2017,2017,detail,producer_use,IOUse_After_Redefinitions_PRO_Detail.xlsx,2017,HY405,1,S00401,Scrap,DetailedSpecialCommodity,,231,322230,Stationery product manufacturing,Industry,,188,numeric
detail_use_intermediate_2017,2017,detail,producer_use,IOUse_After_Redefinitions_PRO_Detail.xlsx,2017,HZ405,1,S00401,Scrap,DetailedSpecialCommodity,,232,322291,Sanitary paper product manufacturing,Industry,,0,blank
detail_use_intermediate_2017,2017,detail,producer_use,IOUse_After_Redefinitions_PRO_Detail.xlsx,2017,IA405,1,S00401,Scrap,DetailedSpecialCommodity,,233,322299,All other converted paper product manufacturing,Industry,,119,numeric
detail_use_intermediate_2017,2017,detail,producer_use,IOUse_After_Redefinitions_PRO_Detail.xlsx,2017,IB405,1,S00401,Scrap,DetailedSpecialCommodity,,234,323110,Printing,Industry,,0,blank
detail_use_intermediate_2017,2017,detail,producer_use,IOUse_After_Redefinitions_PRO_Detail.xlsx,2017,IC405,1,S00401,Scrap,DetailedSpecialCommodity,,235,323120,Support activities for printing,Industry,,0,blank
detail_use_intermediate_2017,2017,detail,producer_use,IOUse_After_Redefinitions_PRO_Detail.xlsx,2017,ID405,1,S00401,Scrap,DetailedSpecialCommodity,,236,324110,Petroleum refineries,Industry,,0,blank
detail_use_intermediate_2017,2017,detail,producer_use,IOUse_After_Redefinitions_PRO_Detail.xlsx,2017,IE405,1,S00401,Scrap,DetailedSpecialCommodity,,237,324121,Asphalt paving mixture and block manufacturing,Industry,,0,blank
detail_use_intermediate_2017,2017,detail,producer_use,IOUse_After_Redefinitions_PRO_Detail.xlsx,2017,IF405,1,S00401,Scrap,DetailedSpecialCommodity,,238,324122,Asphalt shingle and coating materials manufacturing,Industry,,0,blank
detail_use_intermediate_2017,2017,detail,producer_use,IOUse_After_Redefinitions_PRO_Detail.xlsx,2017,IG405,1,S00401,Scrap,DetailedSpecialCommodity,,239,324190,Other petroleum and coal products manufacturing,Industry,,0,blank
detail_use_intermediate_2017,2017,detail,producer_use,IOUse_After_Redefinitions_PRO_Detail.xlsx,2017,IH405,1,S00401,Scrap,DetailedSpecialCommodity,,240,325110,Petrochemical manufacturing,Industry,,0,blank
detail_use_intermediate_2017,2017,detail,producer_use,IOUse_After_Redefinitions_PRO_Detail.xlsx,2017,II405,1,S00401,Scrap,DetailedSpecialCommodity,,241,325120,Industrial gas manufacturing,Industry,,0,blank
detail_use_intermediate_2017,2017,detail,producer_use,IOUse_After_Redefinitions_PRO_Detail.xlsx,2017,IJ405,1,S00401,Scrap,DetailedSpecialCommodity,,242,325130,Synthetic dye and pigment manufacturing,Industry,,0,blank
detail_use_intermediate_2017,2017,detail,producer_use,IOUse_After_Redefinitions_PRO_Detail.xlsx,2017,IK405,1,S00401,Scrap,DetailedSpecialCommodity,,243,325180,Other basic inorganic chemical manufacturing,Industry,,0,blank
detail_use_intermediate_2017,2017,detail,producer_use,IOUse_After_Redefinitions_PRO_Detail.xlsx,2017,IL405,1,S00401,Scrap,DetailedSpecialCommodity,,244,325190,Other basic organic chemical manufacturing,Industry,,0,blank
detail_use_intermediate_2017,2017,detail,producer_use,IOUse_After_Redefinitions_PRO_Detail.xlsx,2017,IM405,1,S00401,Scrap,DetailedSpecialCommodity,,245,325211,Plastics material and resin manufacturing,Industry,,0,blank
detail_use_intermediate_2017,2017,detail,producer_use,IOUse_After_Redefinitions_PRO_Detail.xlsx,2017,IN405,1,S00401,Scrap,DetailedSpecialCommodity,,246,3252A0,Synthetic rubber and artificial and synthetic fibers and filaments manufacturing,Industry,,0,blank
detail_use_intermediate_2017,2017,detail,producer_use,IOUse_After_Redefinitions_PRO_Detail.xlsx,2017,IO405,1,S00401,Scrap,DetailedSpecialCommodity,,247,325411,Medicinal and botanical manufacturing,Industry,,0,blank
detail_use_intermediate_2017,2017,detail,producer_use,IOUse_After_Redefinitions_PRO_Detail.xlsx,2017,IP405,1,S00401,Scrap,DetailedSpecialCommodity,,248,325412,Pharmaceutical preparation manufacturing,Industry,,0,blank
detail_use_intermediate_2017,2017,detail,producer_use,IOUse_After_Redefinitions_PRO_Detail.xlsx,2017,IQ405,1,S00401,Scrap,DetailedSpecialCommodity,,249,325413,In-vitro diagnostic substance manufacturing,Industry,,0,blank
detail_use_intermediate_2017,2017,detail,producer_use,IOUse_After_Redefinitions_PRO_Detail.xlsx,2017,IR405,1,S00401,Scrap,DetailedSpecialCommodity,,250,325414,Biological product (except diagnostic) manufacturing,Industry,,0,blank
detail_use_intermediate_2017,2017,detail,producer_use,IOUse_After_Redefinitions_PRO_Detail.xlsx,2017,IS405,1,S00401,Scrap,DetailedSpecialCommodity,,251,325310,Fertilizer manufacturing,Industry,,0,blank
detail_use_intermediate_2017,2017,detail,producer_use,IOUse_After_Redefinitions_PRO_Detail.xlsx,2017,IT405,1,S00401,Scrap,DetailedSpecialCommodity,,252,325320,Pesticide and other agricultural chemical manufacturing,Industry,,0,blank
detail_use_intermediate_2017,2017,detail,producer_use,IOUse_After_Redefinitions_PRO_Detail.xlsx,2017,IU405,1,S00401,Scrap,DetailedSpecialCommodity,,253,325510,Paint and coating manufacturing,Industry,,0,blank
detail_use_intermediate_2017,2017,detail,producer_use,IOUse_After_Redefinitions_PRO_Detail.xlsx,2017,IV405,1,S00401,Scrap,DetailedSpecialCommodity,,254,325520,Adhesive manufacturing,Industry,,0,blank
detail_use_intermediate_2017,2017,detail,producer_use,IOUse_After_Redefinitions_PRO_Detail.xlsx,2017,IW405,1,S00401,Scrap,DetailedSpecialCommodity,,255,325610,Soap and cleaning compound manufacturing,Industry,,0,blank
detail_use_intermediate_2017,2017,detail,producer_use,IOUse_After_Redefinitions_PRO_Detail.xlsx,2017,IX405,1,S00401,Scrap,DetailedSpecialCommodity,,256,325620,Toilet preparation manufacturing,Industry,,0,blank
detail_use_intermediate_2017,2017,detail,producer_use,IOUse_After_Redefinitions_PRO_Detail.xlsx,2017,IY405,1,S00401,Scrap,DetailedSpecialCommodity,,257,325910,Printing ink manufacturing,Industry,,0,blank
detail_use_intermediate_2017,2017,detail,producer_use,IOUse_After_Redefinitions_PRO_Detail.xlsx,2017,IZ405,1,S00401,Scrap,DetailedSpecialCommodity,,258,3259A0,All other chemical product and preparation manufacturing,Industry,,38,numeric
detail_use_intermediate_2017,2017,detail,producer_use,IOUse_After_Redefinitions_PRO_Detail.xlsx,2017,JA405,1,S00401,Scrap,DetailedSpecialCommodity,,259,326110,Plastics packaging materials and unlaminated film and sheet manufacturing,Industry,,0,blank
detail_use_intermediate_2017,2017,detail,producer_use,IOUse_After_Redefinitions_PRO_Detail.xlsx,2017,JB405,1,S00401,Scrap,DetailedSpecialCommodity,,260,326120,"Plastics pipe, pipe fitting, and unlaminated profile shape manufacturing",Industry,,3,numeric
detail_use_intermediate_2017,2017,detail,producer_use,IOUse_After_Redefinitions_PRO_Detail.xlsx,2017,JC405,1,S00401,Scrap,DetailedSpecialCommodity,,261,326130,"Laminated plastics plate, sheet (except packaging), and shape manufacturing",Industry,,0,blank
detail_use_intermediate_2017,2017,detail,producer_use,IOUse_After_Redefinitions_PRO_Detail.xlsx,2017,JD405,1,S00401,Scrap,DetailedSpecialCommodity,,262,326140,Polystyrene foam product manufacturing,Industry,,0,blank
detail_use_intermediate_2017,2017,detail,producer_use,IOUse_After_Redefinitions_PRO_Detail.xlsx,2017,JE405,1,S00401,Scrap,DetailedSpecialCommodity,,263,326150,Urethane and other foam product (except polystyrene) manufacturing,Industry,,0,blank
detail_use_intermediate_2017,2017,detail,producer_use,IOUse_After_Redefinitions_PRO_Detail.xlsx,2017,JF405,1,S00401,Scrap,DetailedSpecialCommodity,,264,326160,Plastics bottle manufacturing,Industry,,4,numeric
detail_use_intermediate_2017,2017,detail,producer_use,IOUse_After_Redefinitions_PRO_Detail.xlsx,2017,JG405,1,S00401,Scrap,DetailedSpecialCommodity,,265,326190,Other plastics product manufacturing,Industry,,23,numeric
detail_use_intermediate_2017,2017,detail,producer_use,IOUse_After_Redefinitions_PRO_Detail.xlsx,2017,JH405,1,S00401,Scrap,DetailedSpecialCommodity,,266,326210,Tire manufacturing,Industry,,14,numeric
detail_use_intermediate_2017,2017,detail,producer_use,IOUse_After_Redefinitions_PRO_Detail.xlsx,2017,JI405,1,S00401,Scrap,DetailedSpecialCommodity,,267,326220,Rubber and plastics hoses and belting manufacturing,Industry,,0,blank
detail_use_intermediate_2017,2017,detail,producer_use,IOUse_After_Redefinitions_PRO_Detail.xlsx,2017,JJ405,1,S00401,Scrap,DetailedSpecialCommodity,,268,326290,Other rubber product manufacturing,Industry,,2,numeric
detail_use_intermediate_2017,2017,detail,producer_use,IOUse_After_Redefinitions_PRO_Detail.xlsx,2017,JK405,1,S00401,Scrap,DetailedSpecialCommodity,,269,423100,Motor vehicle and motor vehicle parts and supplies,Industry,,0,blank
detail_use_intermediate_2017,2017,detail,producer_use,IOUse_After_Redefinitions_PRO_Detail.xlsx,2017,JL405,1,S00401,Scrap,DetailedSpecialCommodity,,270,423400,Professional and commercial equipment and supplies,Industry,,0,blank
detail_use_intermediate_2017,2017,detail,producer_use,IOUse_After_Redefinitions_PRO_Detail.xlsx,2017,JM405,1,S00401,Scrap,DetailedSpecialCommodity,,271,423600,Household appliances and electrical and electronic goods,Industry,,0,blank
detail_use_intermediate_2017,2017,detail,producer_use,IOUse_After_Redefinitions_PRO_Detail.xlsx,2017,JN405,1,S00401,Scrap,DetailedSpecialCommodity,,272,423800,"Machinery, equipment, and supplies",Industry,,0,blank
detail_use_intermediate_2017,2017,detail,producer_use,IOUse_After_Redefinitions_PRO_Detail.xlsx,2017,JO405,1,S00401,Scrap,DetailedSpecialCommodity,,273,423A00,Other durable goods merchant wholesalers,Industry,,0,blank
detail_use_intermediate_2017,2017,detail,producer_use,IOUse_After_Redefinitions_PRO_Detail.xlsx,2017,JP405,1,S00401,Scrap,DetailedSpecialCommodity,,274,424200,Drugs and druggists' sundries,Industry,,0,blank
detail_use_intermediate_2017,2017,detail,producer_use,IOUse_After_Redefinitions_PRO_Detail.xlsx,2017,JQ405,1,S00401,Scrap,DetailedSpecialCommodity,,275,424400,Grocery and related product wholesalers,Industry,,0,blank
detail_use_intermediate_2017,2017,detail,producer_use,IOUse_After_Redefinitions_PRO_Detail.xlsx,2017,JR405,1,S00401,Scrap,DetailedSpecialCommodity,,276,424700,Petroleum and petroleum products,Industry,,0,blank
detail_use_intermediate_2017,2017,detail,producer_use,IOUse_After_Redefinitions_PRO_Detail.xlsx,2017,JS405,1,S00401,Scrap,DetailedSpecialCommodity,,277,424A00,Other nondurable goods merchant wholesalers,Industry,,0,blank
detail_use_intermediate_2017,2017,detail,producer_use,IOUse_After_Redefinitions_PRO_Detail.xlsx,2017,JT405,1,S00401,Scrap,DetailedSpecialCommodity,,278,425000,Wholesale electronic markets and agents and brokers,Industry,,0,blank
detail_use_intermediate_2017,2017,detail,producer_use,IOUse_After_Redefinitions_PRO_Detail.xlsx,2017,JU405,1,S00401,Scrap,DetailedSpecialCommodity,,279,4200ID,Customs duties,Industry,,0,blank
detail_use_intermediate_2017,2017,detail,producer_use,IOUse_After_Redefinitions_PRO_Detail.xlsx,2017,JV405,1,S00401,Scrap,DetailedSpecialCommodity,,280,441000,Motor vehicle and parts dealers,Industry,,0,blank
detail_use_intermediate_2017,2017,detail,producer_use,IOUse_After_Redefinitions_PRO_Detail.xlsx,2017,JW405,1,S00401,Scrap,DetailedSpecialCommodity,,281,445000,Food and beverage stores,Industry,,0,blank
detail_use_intermediate_2017,2017,detail,producer_use,IOUse_After_Redefinitions_PRO_Detail.xlsx,2017,JX405,1,S00401,Scrap,DetailedSpecialCommodity,,282,452000,General merchandise stores,Industry,,0,blank
detail_use_intermediate_2017,2017,detail,producer_use,IOUse_After_Redefinitions_PRO_Detail.xlsx,2017,JY405,1,S00401,Scrap,DetailedSpecialCommodity,,283,444000,Building material and garden equipment and supplies dealers,Industry,,0,blank
detail_use_intermediate_2017,2017,detail,producer_use,IOUse_After_Redefinitions_PRO_Detail.xlsx,2017,JZ405,1,S00401,Scrap,DetailedSpecialCommodity,,284,446000,Health and personal care stores,Industry,,0,blank
detail_use_intermediate_2017,2017,detail,producer_use,IOUse_After_Redefinitions_PRO_Detail.xlsx,2017,KA405,1,S00401,Scrap,DetailedSpecialCommodity,,285,447000,Gasoline stations,Industry,,0,blank
detail_use_intermediate_2017,2017,detail,producer_use,IOUse_After_Redefinitions_PRO_Detail.xlsx,2017,KB405,1,S00401,Scrap,DetailedSpecialCommodity,,286,448000,Clothing and clothing accessories stores,Industry,,0,blank
detail_use_intermediate_2017,2017,detail,producer_use,IOUse_After_Redefinitions_PRO_Detail.xlsx,2017,KC405,1,S00401,Scrap,DetailedSpecialCommodity,,287,454000,Nonstore retailers,Industry,,0,blank
detail_use_intermediate_2017,2017,detail,producer_use,IOUse_After_Redefinitions_PRO_Detail.xlsx,2017,KD405,1,S00401,Scrap,DetailedSpecialCommodity,,288,4B0000,All other retail,Industry,,0,blank
detail_use_intermediate_2017,2017,detail,producer_use,IOUse_After_Redefinitions_PRO_Detail.xlsx,2017,KE405,1,S00401,Scrap,DetailedSpecialCommodity,,289,481000,Air transportation,Industry,,0,blank
detail_use_intermediate_2017,2017,detail,producer_use,IOUse_After_Redefinitions_PRO_Detail.xlsx,2017,KF405,1,S00401,Scrap,DetailedSpecialCommodity,,290,482000,Rail transportation,Industry,,0,blank
detail_use_intermediate_2017,2017,detail,producer_use,IOUse_After_Redefinitions_PRO_Detail.xlsx,2017,KG405,1,S00401,Scrap,DetailedSpecialCommodity,,291,483000,Water transportation,Industry,,0,blank
detail_use_intermediate_2017,2017,detail,producer_use,IOUse_After_Redefinitions_PRO_Detail.xlsx,2017,KH405,1,S00401,Scrap,DetailedSpecialCommodity,,292,484000,Truck transportation,Industry,,0,blank
detail_use_intermediate_2017,2017,detail,producer_use,IOUse_After_Redefinitions_PRO_Detail.xlsx,2017,KI405,1,S00401,Scrap,DetailedSpecialCommodity,,293,485000,Transit and ground passenger transportation,Industry,,0,blank
detail_use_intermediate_2017,2017,detail,producer_use,IOUse_After_Redefinitions_PRO_Detail.xlsx,2017,KJ405,1,S00401,Scrap,DetailedSpecialCommodity,,294,486000,Pipeline transportation,Industry,,0,blank
detail_use_intermediate_2017,2017,detail,producer_use,IOUse_After_Redefinitions_PRO_Detail.xlsx,2017,KK405,1,S00401,Scrap,DetailedSpecialCommodity,,295,48A000,Scenic and sightseeing transportation and support activities,Industry,,0,blank
detail_use_intermediate_2017,2017,detail,producer_use,IOUse_After_Redefinitions_PRO_Detail.xlsx,2017,KL405,1,S00401,Scrap,DetailedSpecialCommodity,,296,492000,Couriers and messengers,Industry,,0,blank
detail_use_intermediate_2017,2017,detail,producer_use,IOUse_After_Redefinitions_PRO_Detail.xlsx,2017,KM405,1,S00401,Scrap,DetailedSpecialCommodity,,297,493000,Warehousing and storage,Industry,,0,blank
detail_use_intermediate_2017,2017,detail,producer_use,IOUse_After_Redefinitions_PRO_Detail.xlsx,2017,KN405,1,S00401,Scrap,DetailedSpecialCommodity,,298,511110,Newspaper publishers,Industry,,0,blank
detail_use_intermediate_2017,2017,detail,producer_use,IOUse_After_Redefinitions_PRO_Detail.xlsx,2017,KO405,1,S00401,Scrap,DetailedSpecialCommodity,,299,511120,Periodical Publishers,Industry,,0,blank
detail_use_intermediate_2017,2017,detail,producer_use,IOUse_After_Redefinitions_PRO_Detail.xlsx,2017,KP405,1,S00401,Scrap,DetailedSpecialCommodity,,300,511130,Book publishers,Industry,,0,blank
detail_use_intermediate_2017,2017,detail,producer_use,IOUse_After_Redefinitions_PRO_Detail.xlsx,2017,KQ405,1,S00401,Scrap,DetailedSpecialCommodity,,301,5111A0,"Directory, mailing list, and other publishers",Industry,,0,blank
detail_use_intermediate_2017,2017,detail,producer_use,IOUse_After_Redefinitions_PRO_Detail.xlsx,2017,KR405,1,S00401,Scrap,DetailedSpecialCommodity,,302,511200,Software publishers,Industry,,0,blank
detail_use_intermediate_2017,2017,detail,producer_use,IOUse_After_Redefinitions_PRO_Detail.xlsx,2017,KS405,1,S00401,Scrap,DetailedSpecialCommodity,,303,512100,Motion picture and video industries,Industry,,0,blank
detail_use_intermediate_2017,2017,detail,producer_use,IOUse_After_Redefinitions_PRO_Detail.xlsx,2017,KT405,1,S00401,Scrap,DetailedSpecialCommodity,,304,512200,Sound recording industries,Industry,,0,blank
detail_use_intermediate_2017,2017,detail,producer_use,IOUse_After_Redefinitions_PRO_Detail.xlsx,2017,KU405,1,S00401,Scrap,DetailedSpecialCommodity,,305,515100,Radio and television broadcasting,Industry,,0,blank
detail_use_intermediate_2017,2017,detail,producer_use,IOUse_After_Redefinitions_PRO_Detail.xlsx,2017,KV405,1,S00401,Scrap,DetailedSpecialCommodity,,306,515200,Cable and other subscription programming,Industry,,0,blank
detail_use_intermediate_2017,2017,detail,producer_use,IOUse_After_Redefinitions_PRO_Detail.xlsx,2017,KW405,1,S00401,Scrap,DetailedSpecialCommodity,,307,517110,Wired telecommunications carriers,Industry,,0,blank
detail_use_intermediate_2017,2017,detail,producer_use,IOUse_After_Redefinitions_PRO_Detail.xlsx,2017,KX405,1,S00401,Scrap,DetailedSpecialCommodity,,308,517210,Wireless telecommunications carriers (except satellite),Industry,,0,blank
detail_use_intermediate_2017,2017,detail,producer_use,IOUse_After_Redefinitions_PRO_Detail.xlsx,2017,KY405,1,S00401,Scrap,DetailedSpecialCommodity,,309,517A00,"Satellite, telecommunications resellers, and all other telecommunications",Industry,,0,blank
detail_use_intermediate_2017,2017,detail,producer_use,IOUse_After_Redefinitions_PRO_Detail.xlsx,2017,KZ405,1,S00401,Scrap,DetailedSpecialCommodity,,310,518200,"Data processing, hosting, and related services",Industry,,0,blank
detail_use_intermediate_2017,2017,detail,producer_use,IOUse_After_Redefinitions_PRO_Detail.xlsx,2017,LA405,1,S00401,Scrap,DetailedSpecialCommodity,,311,519130,Internet publishing and broadcasting and Web search portals,Industry,,0,blank
detail_use_intermediate_2017,2017,detail,producer_use,IOUse_After_Redefinitions_PRO_Detail.xlsx,2017,LB405,1,S00401,Scrap,DetailedSpecialCommodity,,312,5191A0,"News syndicates, libraries, archives and all other information services",Industry,,0,blank
detail_use_intermediate_2017,2017,detail,producer_use,IOUse_After_Redefinitions_PRO_Detail.xlsx,2017,LC405,1,S00401,Scrap,DetailedSpecialCommodity,,313,522A00,Nondepository credit intermediation and related activities,Industry,,0,blank
detail_use_intermediate_2017,2017,detail,producer_use,IOUse_After_Redefinitions_PRO_Detail.xlsx,2017,LD405,1,S00401,Scrap,DetailedSpecialCommodity,,314,52A000,Monetary authorities and depository credit intermediation,Industry,,0,blank
detail_use_intermediate_2017,2017,detail,producer_use,IOUse_After_Redefinitions_PRO_Detail.xlsx,2017,LE405,1,S00401,Scrap,DetailedSpecialCommodity,,315,523900,Other financial investment activities,Industry,,0,blank
detail_use_intermediate_2017,2017,detail,producer_use,IOUse_After_Redefinitions_PRO_Detail.xlsx,2017,LF405,1,S00401,Scrap,DetailedSpecialCommodity,,316,523A00,Securities and commodity contracts intermediation and brokerage,Industry,,0,blank
detail_use_intermediate_2017,2017,detail,producer_use,IOUse_After_Redefinitions_PRO_Detail.xlsx,2017,LG405,1,S00401,Scrap,DetailedSpecialCommodity,,317,524113,Direct life insurance carriers,Industry,,0,blank
detail_use_intermediate_2017,2017,detail,producer_use,IOUse_After_Redefinitions_PRO_Detail.xlsx,2017,LH405,1,S00401,Scrap,DetailedSpecialCommodity,,318,5241XX,"Insurance carriers, except direct life",Industry,,0,blank
detail_use_intermediate_2017,2017,detail,producer_use,IOUse_After_Redefinitions_PRO_Detail.xlsx,2017,LI405,1,S00401,Scrap,DetailedSpecialCommodity,,319,524200,"Insurance agencies, brokerages, and related activities",Industry,,0,blank
detail_use_intermediate_2017,2017,detail,producer_use,IOUse_After_Redefinitions_PRO_Detail.xlsx,2017,LJ405,1,S00401,Scrap,DetailedSpecialCommodity,,320,525000,"Funds, trusts, and other financial vehicles",Industry,,0,blank
detail_use_intermediate_2017,2017,detail,producer_use,IOUse_After_Redefinitions_PRO_Detail.xlsx,2017,LK405,1,S00401,Scrap,DetailedSpecialCommodity,,321,531HSO,Owner-occupied housing,Industry,,0,blank
detail_use_intermediate_2017,2017,detail,producer_use,IOUse_After_Redefinitions_PRO_Detail.xlsx,2017,LL405,1,S00401,Scrap,DetailedSpecialCommodity,,322,531HST,Tenant-occupied housing,Industry,,0,blank
detail_use_intermediate_2017,2017,detail,producer_use,IOUse_After_Redefinitions_PRO_Detail.xlsx,2017,LM405,1,S00401,Scrap,DetailedSpecialCommodity,,323,531ORE,Other real estate,Industry,,0,blank
detail_use_intermediate_2017,2017,detail,producer_use,IOUse_After_Redefinitions_PRO_Detail.xlsx,2017,LN405,1,S00401,Scrap,DetailedSpecialCommodity,,324,532100,Automotive equipment rental and leasing,Industry,,0,blank
detail_use_intermediate_2017,2017,detail,producer_use,IOUse_After_Redefinitions_PRO_Detail.xlsx,2017,LO405,1,S00401,Scrap,DetailedSpecialCommodity,,325,532400,Commercial and industrial machinery and equipment rental and leasing,Industry,,0,blank
detail_use_intermediate_2017,2017,detail,producer_use,IOUse_After_Redefinitions_PRO_Detail.xlsx,2017,LP405,1,S00401,Scrap,DetailedSpecialCommodity,,326,532A00,General and consumer goods rental,Industry,,0,blank
detail_use_intermediate_2017,2017,detail,producer_use,IOUse_After_Redefinitions_PRO_Detail.xlsx,2017,LQ405,1,S00401,Scrap,DetailedSpecialCommodity,,327,533000,Lessors of nonfinancial intangible assets,Industry,,0,blank
detail_use_intermediate_2017,2017,detail,producer_use,IOUse_After_Redefinitions_PRO_Detail.xlsx,2017,LR405,1,S00401,Scrap,DetailedSpecialCommodity,,328,541100,Legal services,Industry,,0,blank
detail_use_intermediate_2017,2017,detail,producer_use,IOUse_After_Redefinitions_PRO_Detail.xlsx,2017,LS405,1,S00401,Scrap,DetailedSpecialCommodity,,329,541511,Custom computer programming services,Industry,,0,blank
detail_use_intermediate_2017,2017,detail,producer_use,IOUse_After_Redefinitions_PRO_Detail.xlsx,2017,LT405,1,S00401,Scrap,DetailedSpecialCommodity,,330,541512,Computer systems design services,Industry,,0,blank
detail_use_intermediate_2017,2017,detail,producer_use,IOUse_After_Redefinitions_PRO_Detail.xlsx,2017,LU405,1,S00401,Scrap,DetailedSpecialCommodity,,331,54151A,"Other computer related services, including facilities management",Industry,,0,blank
detail_use_intermediate_2017,2017,detail,producer_use,IOUse_After_Redefinitions_PRO_Detail.xlsx,2017,LV405,1,S00401,Scrap,DetailedSpecialCommodity,,332,541200,"Accounting, tax preparation, bookkeeping, and payroll services",Industry,,0,blank
detail_use_intermediate_2017,2017,detail,producer_use,IOUse_After_Redefinitions_PRO_Detail.xlsx,2017,LW405,1,S00401,Scrap,DetailedSpecialCommodity,,333,541300,"Architectural, engineering, and related services",Industry,,0,blank
detail_use_intermediate_2017,2017,detail,producer_use,IOUse_After_Redefinitions_PRO_Detail.xlsx,2017,LX405,1,S00401,Scrap,DetailedSpecialCommodity,,334,541610,Management consulting services,Industry,,0,blank
detail_use_intermediate_2017,2017,detail,producer_use,IOUse_After_Redefinitions_PRO_Detail.xlsx,2017,LY405,1,S00401,Scrap,DetailedSpecialCommodity,,335,5416A0,Environmental and other technical consulting services,Industry,,0,blank
detail_use_intermediate_2017,2017,detail,producer_use,IOUse_After_Redefinitions_PRO_Detail.xlsx,2017,LZ405,1,S00401,Scrap,DetailedSpecialCommodity,,336,541700,Scientific research and development services,Industry,,0,blank
detail_use_intermediate_2017,2017,detail,producer_use,IOUse_After_Redefinitions_PRO_Detail.xlsx,2017,MA405,1,S00401,Scrap,DetailedSpecialCommodity,,337,541800,"Advertising, public relations, and related services",Industry,,0,blank
detail_use_intermediate_2017,2017,detail,producer_use,IOUse_After_Redefinitions_PRO_Detail.xlsx,2017,MB405,1,S00401,Scrap,DetailedSpecialCommodity,,338,541400,Specialized design services,Industry,,0,blank
detail_use_intermediate_2017,2017,detail,producer_use,IOUse_After_Redefinitions_PRO_Detail.xlsx,2017,MC405,1,S00401,Scrap,DetailedSpecialCommodity,,339,541920,Photographic services,Industry,,0,blank
detail_use_intermediate_2017,2017,detail,producer_use,IOUse_After_Redefinitions_PRO_Detail.xlsx,2017,MD405,1,S00401,Scrap,DetailedSpecialCommodity,,340,541940,Veterinary services,Industry,,0,blank
detail_use_intermediate_2017,2017,detail,producer_use,IOUse_After_Redefinitions_PRO_Detail.xlsx,2017,ME405,1,S00401,Scrap,DetailedSpecialCommodity,,341,5419A0,"All other miscellaneous professional, scientific, and technical services",Industry,,0,blank
detail_use_intermediate_2017,2017,detail,producer_use,IOUse_After_Redefinitions_PRO_Detail.xlsx,2017,MF405,1,S00401,Scrap,DetailedSpecialCommodity,,342,550000,Management of companies and enterprises,Industry,,0,blank
detail_use_intermediate_2017,2017,detail,producer_use,IOUse_After_Redefinitions_PRO_Detail.xlsx,2017,MG405,1,S00401,Scrap,DetailedSpecialCommodity,,343,561300,Employment services,Industry,,0,blank
detail_use_intermediate_2017,2017,detail,producer_use,IOUse_After_Redefinitions_PRO_Detail.xlsx,2017,MH405,1,S00401,Scrap,DetailedSpecialCommodity,,344,561700,Services to buildings and dwellings,Industry,,0,blank
detail_use_intermediate_2017,2017,detail,producer_use,IOUse_After_Redefinitions_PRO_Detail.xlsx,2017,MI405,1,S00401,Scrap,DetailedSpecialCommodity,,345,561100,Office administrative services,Industry,,0,blank
detail_use_intermediate_2017,2017,detail,producer_use,IOUse_After_Redefinitions_PRO_Detail.xlsx,2017,MJ405,1,S00401,Scrap,DetailedSpecialCommodity,,346,561200,Facilities support services,Industry,,0,blank
detail_use_intermediate_2017,2017,detail,producer_use,IOUse_After_Redefinitions_PRO_Detail.xlsx,2017,MK405,1,S00401,Scrap,DetailedSpecialCommodity,,347,561400,Business support services,Industry,,0,blank
detail_use_intermediate_2017,2017,detail,producer_use,IOUse_After_Redefinitions_PRO_Detail.xlsx,2017,ML405,1,S00401,Scrap,DetailedSpecialCommodity,,348,561500,Travel arrangement and reservation services,Industry,,0,blank
detail_use_intermediate_2017,2017,detail,producer_use,IOUse_After_Redefinitions_PRO_Detail.xlsx,2017,MM405,1,S00401,Scrap,DetailedSpecialCommodity,,349,561600,Investigation and security services,Industry,,0,blank
detail_use_intermediate_2017,2017,detail,producer_use,IOUse_After_Redefinitions_PRO_Detail.xlsx,2017,MN405,1,S00401,Scrap,DetailedSpecialCommodity,,350,561900,Other support services,Industry,,0,blank
detail_use_intermediate_2017,2017,detail,producer_use,IOUse_After_Redefinitions_PRO_Detail.xlsx,2017,MO405,1,S00401,Scrap,DetailedSpecialCommodity,,351,562000,Waste management and remediation services,Industry,,0,blank
detail_use_intermediate_2017,2017,detail,producer_use,IOUse_After_Redefinitions_PRO_Detail.xlsx,2017,MP405,1,S00401,Scrap,DetailedSpecialCommodity,,352,611100,Elementary and secondary schools,Industry,,0,blank
detail_use_intermediate_2017,2017,detail,producer_use,IOUse_After_Redefinitions_PRO_Detail.xlsx,2017,MQ405,1,S00401,Scrap,DetailedSpecialCommodity,,353,611A00,"Junior colleges, colleges, universities, and professional schools",Industry,,0,blank
detail_use_intermediate_2017,2017,detail,producer_use,IOUse_After_Redefinitions_PRO_Detail.xlsx,2017,MR405,1,S00401,Scrap,DetailedSpecialCommodity,,354,611B00,Other educational services,Industry,,0,blank
detail_use_intermediate_2017,2017,detail,producer_use,IOUse_After_Redefinitions_PRO_Detail.xlsx,2017,MS405,1,S00401,Scrap,DetailedSpecialCommodity,,355,621100,Offices of physicians,Industry,,0,blank
detail_use_intermediate_2017,2017,detail,producer_use,IOUse_After_Redefinitions_PRO_Detail.xlsx,2017,MT405,1,S00401,Scrap,DetailedSpecialCommodity,,356,621200,Offices of dentists,Industry,,0,blank
detail_use_intermediate_2017,2017,detail,producer_use,IOUse_After_Redefinitions_PRO_Detail.xlsx,2017,MU405,1,S00401,Scrap,DetailedSpecialCommodity,,357,621300,Offices of other health practitioners,Industry,,0,blank
detail_use_intermediate_2017,2017,detail,producer_use,IOUse_After_Redefinitions_PRO_Detail.xlsx,2017,MV405,1,S00401,Scrap,DetailedSpecialCommodity,,358,621400,Outpatient care centers,Industry,,0,blank
detail_use_intermediate_2017,2017,detail,producer_use,IOUse_After_Redefinitions_PRO_Detail.xlsx,2017,MW405,1,S00401,Scrap,DetailedSpecialCommodity,,359,621500,Medical and diagnostic laboratories,Industry,,0,blank
detail_use_intermediate_2017,2017,detail,producer_use,IOUse_After_Redefinitions_PRO_Detail.xlsx,2017,MX405,1,S00401,Scrap,DetailedSpecialCommodity,,360,621600,Home health care services,Industry,,0,blank
detail_use_intermediate_2017,2017,detail,producer_use,IOUse_After_Redefinitions_PRO_Detail.xlsx,2017,MY405,1,S00401,Scrap,DetailedSpecialCommodity,,361,621900,Other ambulatory health care services,Industry,,0,blank
detail_use_intermediate_2017,2017,detail,producer_use,IOUse_After_Redefinitions_PRO_Detail.xlsx,2017,MZ405,1,S00401,Scrap,DetailedSpecialCommodity,,362,622000,Hospitals,Industry,,0,blank
detail_use_intermediate_2017,2017,detail,producer_use,IOUse_After_Redefinitions_PRO_Detail.xlsx,2017,NA405,1,S00401,Scrap,DetailedSpecialCommodity,,363,623A00,Nursing and community care facilities,Industry,,0,blank
detail_use_intermediate_2017,2017,detail,producer_use,IOUse_After_Redefinitions_PRO_Detail.xlsx,2017,NB405,1,S00401,Scrap,DetailedSpecialCommodity,,364,623B00,"Residential mental health, substance abuse, and other residential care facilities",Industry,,0,blank
detail_use_intermediate_2017,2017,detail,producer_use,IOUse_After_Redefinitions_PRO_Detail.xlsx,2017,NC405,1,S00401,Scrap,DetailedSpecialCommodity,,365,624100,Individual and family services,Industry,,0,blank
detail_use_intermediate_2017,2017,detail,producer_use,IOUse_After_Redefinitions_PRO_Detail.xlsx,2017,ND405,1,S00401,Scrap,DetailedSpecialCommodity,,366,624400,Child day care services,Industry,,0,blank
detail_use_intermediate_2017,2017,detail,producer_use,IOUse_After_Redefinitions_PRO_Detail.xlsx,2017,NE405,1,S00401,Scrap,DetailedSpecialCommodity,,367,624A00,"Community food, housing, and other relief services, including vocational rehabilitation services",Industry,,0,blank
detail_use_intermediate_2017,2017,detail,producer_use,IOUse_After_Redefinitions_PRO_Detail.xlsx,2017,NF405,1,S00401,Scrap,DetailedSpecialCommodity,,368,711100,Performing arts companies,Industry,,0,blank
detail_use_intermediate_2017,2017,detail,producer_use,IOUse_After_Redefinitions_PRO_Detail.xlsx,2017,NG405,1,S00401,Scrap,DetailedSpecialCommodity,,369,711200,Spectator sports,Industry,,0,blank
detail_use_intermediate_2017,2017,detail,producer_use,IOUse_After_Redefinitions_PRO_Detail.xlsx,2017,NH405,1,S00401,Scrap,DetailedSpecialCommodity,,370,711500,"Independent artists, writers, and performers",Industry,,0,blank
detail_use_intermediate_2017,2017,detail,producer_use,IOUse_After_Redefinitions_PRO_Detail.xlsx,2017,NI405,1,S00401,Scrap,DetailedSpecialCommodity,,371,711A00,Promoters of performing arts and sports and agents for public figures,Industry,,0,blank
detail_use_intermediate_2017,2017,detail,producer_use,IOUse_After_Redefinitions_PRO_Detail.xlsx,2017,NJ405,1,S00401,Scrap,DetailedSpecialCommodity,,372,712000,"Museums, historical sites, zoos, and parks",Industry,,0,blank
detail_use_intermediate_2017,2017,detail,producer_use,IOUse_After_Redefinitions_PRO_Detail.xlsx,2017,NK405,1,S00401,Scrap,DetailedSpecialCommodity,,373,713100,Amusement parks and arcades,Industry,,0,blank
detail_use_intermediate_2017,2017,detail,producer_use,IOUse_After_Redefinitions_PRO_Detail.xlsx,2017,NL405,1,S00401,Scrap,DetailedSpecialCommodity,,374,713200,Gambling industries (except casino hotels),Industry,,0,blank
detail_use_intermediate_2017,2017,detail,producer_use,IOUse_After_Redefinitions_PRO_Detail.xlsx,2017,NM405,1,S00401,Scrap,DetailedSpecialCommodity,,375,713900,Other amusement and recreation industries,Industry,,0,blank
detail_use_intermediate_2017,2017,detail,producer_use,IOUse_After_Redefinitions_PRO_Detail.xlsx,2017,NN405,1,S00401,Scrap,DetailedSpecialCommodity,,376,721000,Accommodation,Industry,,0,blank
detail_use_intermediate_2017,2017,detail,producer_use,IOUse_After_Redefinitions_PRO_Detail.xlsx,2017,NO405,1,S00401,Scrap,DetailedSpecialCommodity,,377,722110,Full-service restaurants,Industry,,0,blank
detail_use_intermediate_2017,2017,detail,producer_use,IOUse_After_Redefinitions_PRO_Detail.xlsx,2017,NP405,1,S00401,Scrap,DetailedSpecialCommodity,,378,722211,Limited-service restaurants,Industry,,0,blank
detail_use_intermediate_2017,2017,detail,producer_use,IOUse_After_Redefinitions_PRO_Detail.xlsx,2017,NQ405,1,S00401,Scrap,DetailedSpecialCommodity,,379,722A00,All other food and drinking places,Industry,,0,blank
detail_use_intermediate_2017,2017,detail,producer_use,IOUse_After_Redefinitions_PRO_Detail.xlsx,2017,NR405,1,S00401,Scrap,DetailedSpecialCommodity,,380,811100,Automotive repair and maintenance (including car washes),Industry,,0,blank
detail_use_intermediate_2017,2017,detail,producer_use,IOUse_After_Redefinitions_PRO_Detail.xlsx,2017,NS405,1,S00401,Scrap,DetailedSpecialCommodity,,381,811200,Electronic and precision equipment repair and maintenance,Industry,,0,blank
detail_use_intermediate_2017,2017,detail,producer_use,IOUse_After_Redefinitions_PRO_Detail.xlsx,2017,NT405,1,S00401,Scrap,DetailedSpecialCommodity,,382,811300,Commercial and industrial machinery and equipment repair and maintenance,Industry,,0,blank
detail_use_intermediate_2017,2017,detail,producer_use,IOUse_After_Redefinitions_PRO_Detail.xlsx,2017,NU405,1,S00401,Scrap,DetailedSpecialCommodity,,383,811400,Personal and household goods repair and maintenance,Industry,,0,blank
detail_use_intermediate_2017,2017,detail,producer_use,IOUse_After_Redefinitions_PRO_Detail.xlsx,2017,NV405,1,S00401,Scrap,DetailedSpecialCommodity,,384,812100,Personal care services,Industry,,0,blank
detail_use_intermediate_2017,2017,detail,producer_use,IOUse_After_Redefinitions_PRO_Detail.xlsx,2017,NW405,1,S00401,Scrap,DetailedSpecialCommodity,,385,812200,Death care services,Industry,,0,blank
detail_use_intermediate_2017,2017,detail,producer_use,IOUse_After_Redefinitions_PRO_Detail.xlsx,2017,NX405,1,S00401,Scrap,DetailedSpecialCommodity,,386,812300,Dry-cleaning and laundry services,Industry,,0,blank
detail_use_intermediate_2017,2017,detail,producer_use,IOUse_After_Redefinitions_PRO_Detail.xlsx,2017,NY405,1,S00401,Scrap,DetailedSpecialCommodity,,387,812900,Other personal services,Industry,,0,blank
detail_use_intermediate_2017,2017,detail,producer_use,IOUse_After_Redefinitions_PRO_Detail.xlsx,2017,NZ405,1,S00401,Scrap,DetailedSpecialCommodity,,388,813100,Religious organizations,Industry,,0,blank
detail_use_intermediate_2017,2017,detail,producer_use,IOUse_After_Redefinitions_PRO_Detail.xlsx,2017,OA405,1,S00401,Scrap,DetailedSpecialCommodity,,389,813A00,"Grantmaking, giving, and social advocacy organizations",Industry,,0,blank
detail_use_intermediate_2017,2017,detail,producer_use,IOUse_After_Redefinitions_PRO_Detail.xlsx,2017,OB405,1,S00401,Scrap,DetailedSpecialCommodity,,390,813B00,"Civic, social, professional, and similar organizations",Industry,,0,blank
detail_use_intermediate_2017,2017,detail,producer_use,IOUse_After_Redefinitions_PRO_Detail.xlsx,2017,OC405,1,S00401,Scrap,DetailedSpecialCommodity,,391,814000,Private households,Industry,,0,blank
detail_use_intermediate_2017,2017,detail,producer_use,IOUse_After_Redefinitions_PRO_Detail.xlsx,2017,OD405,1,S00401,Scrap,DetailedSpecialCommodity,,392,S00500,Federal general government (defense),Industry,,0,blank
detail_use_intermediate_2017,2017,detail,producer_use,IOUse_After_Redefinitions_PRO_Detail.xlsx,2017,OE405,1,S00401,Scrap,DetailedSpecialCommodity,,393,S00600,Federal general government (nondefense),Industry,,0,blank
detail_use_intermediate_2017,2017,detail,producer_use,IOUse_After_Redefinitions_PRO_Detail.xlsx,2017,OF405,1,S00401,Scrap,DetailedSpecialCommodity,,394,491000,Postal service,Industry,,0,blank
detail_use_intermediate_2017,2017,detail,producer_use,IOUse_After_Redefinitions_PRO_Detail.xlsx,2017,OG405,1,S00401,Scrap,DetailedSpecialCommodity,,395,S00101,Federal electric utilities,Industry,,0,blank
detail_use_intermediate_2017,2017,detail,producer_use,IOUse_After_Redefinitions_PRO_Detail.xlsx,2017,OH405,1,S00401,Scrap,DetailedSpecialCommodity,,396,S00102,Other federal government enterprises,Industry,,0,blank
detail_use_intermediate_2017,2017,detail,producer_use,IOUse_After_Redefinitions_PRO_Detail.xlsx,2017,OI405,1,S00401,Scrap,DetailedSpecialCommodity,,397,GSLGE,State and local government (educational services),Industry,,0,blank
detail_use_intermediate_2017,2017,detail,producer_use,IOUse_After_Redefinitions_PRO_Detail.xlsx,2017,OJ405,1,S00401,Scrap,DetailedSpecialCommodity,,398,GSLGH,State and local government (hospitals and health services),Industry,,0,blank
detail_use_intermediate_2017,2017,detail,producer_use,IOUse_After_Redefinitions_PRO_Detail.xlsx,2017,OK405,1,S00401,Scrap,DetailedSpecialCommodity,,399,GSLGO,State and local government (other services),Industry,,0,blank
detail_use_intermediate_2017,2017,detail,producer_use,IOUse_After_Redefinitions_PRO_Detail.xlsx,2017,OL405,1,S00401,Scrap,DetailedSpecialCommodity,,400,S00201,State and local government passenger transit,Industry,,0,blank
detail_use_intermediate_2017,2017,detail,producer_use,IOUse_After_Redefinitions_PRO_Detail.xlsx,2017,OM405,1,S00401,Scrap,DetailedSpecialCommodity,,401,S00202,State and local government electric utilities,Industry,,0,blank
detail_use_intermediate_2017,2017,detail,producer_use,IOUse_After_Redefinitions_PRO_Detail.xlsx,2017,ON405,1,S00401,Scrap,DetailedSpecialCommodity,,402,S00203,Other state and local government enterprises,Industry,,0,blank
detail_use_intermediate_2017,2017,detail,producer_use,IOUse_After_Redefinitions_PRO_Detail.xlsx,2017,C406,2,S00402,Used and secondhand goods,DetailedSpecialCommodity,,1,1111A0,Oilseed farming,Industry,,0,blank
detail_use_intermediate_2017,2017,detail,producer_use,IOUse_After_Redefinitions_PRO_Detail.xlsx,2017,D406,2,S00402,Used and secondhand goods,DetailedSpecialCommodity,,2,1111B0,Grain farming,Industry,,0,blank
detail_use_intermediate_2017,2017,detail,producer_use,IOUse_After_Redefinitions_PRO_Detail.xlsx,2017,E406,2,S00402,Used and secondhand goods,DetailedSpecialCommodity,,3,111200,Vegetable and melon farming,Industry,,0,blank
detail_use_intermediate_2017,2017,detail,producer_use,IOUse_After_Redefinitions_PRO_Detail.xlsx,2017,F406,2,S00402,Used and secondhand goods,DetailedSpecialCommodity,,4,111300,Fruit and tree nut farming,Industry,,0,blank
detail_use_intermediate_2017,2017,detail,producer_use,IOUse_After_Redefinitions_PRO_Detail.xlsx,2017,G406,2,S00402,Used and secondhand goods,DetailedSpecialCommodity,,5,111400,"Greenhouse, nursery, and floriculture production",Industry,,-18,numeric
detail_use_intermediate_2017,2017,detail,producer_use,IOUse_After_Redefinitions_PRO_Detail.xlsx,2017,H406,2,S00402,Used and secondhand goods,DetailedSpecialCommodity,,6,111900,Other crop farming,Industry,,0,blank
detail_use_intermediate_2017,2017,detail,producer_use,IOUse_After_Redefinitions_PRO_Detail.xlsx,2017,I406,2,S00402,Used and secondhand goods,DetailedSpecialCommodity,,7,112120,Dairy cattle and milk production,Industry,,0,blank
detail_use_intermediate_2017,2017,detail,producer_use,IOUse_After_Redefinitions_PRO_Detail.xlsx,2017,J406,2,S00402,Used and secondhand goods,DetailedSpecialCommodity,,8,1121A0,"Beef cattle ranching and farming, including feedlots and dual-purpose ranching and farming",Industry,,0,blank
detail_use_intermediate_2017,2017,detail,producer_use,IOUse_After_Redefinitions_PRO_Detail.xlsx,2017,K406,2,S00402,Used and secondhand goods,DetailedSpecialCommodity,,9,112300,Poultry and egg production,Industry,,0,blank
detail_use_intermediate_2017,2017,detail,producer_use,IOUse_After_Redefinitions_PRO_Detail.xlsx,2017,L406,2,S00402,Used and secondhand goods,DetailedSpecialCommodity,,10,112A00,"Animal production, except cattle and poultry and eggs",Industry,,0,blank
detail_use_intermediate_2017,2017,detail,producer_use,IOUse_After_Redefinitions_PRO_Detail.xlsx,2017,M406,2,S00402,Used and secondhand goods,DetailedSpecialCommodity,,11,113000,Forestry and logging,Industry,,0,blank
detail_use_intermediate_2017,2017,detail,producer_use,IOUse_After_Redefinitions_PRO_Detail.xlsx,2017,N406,2,S00402,Used and secondhand goods,DetailedSpecialCommodity,,12,114000,"Fishing, hunting and trapping",Industry,,125,numeric
detail_use_intermediate_2017,2017,detail,producer_use,IOUse_After_Redefinitions_PRO_Detail.xlsx,2017,O406,2,S00402,Used and secondhand goods,DetailedSpecialCommodity,,13,115000,Support activities for agriculture and forestry,Industry,,0,blank
detail_use_intermediate_2017,2017,detail,producer_use,IOUse_After_Redefinitions_PRO_Detail.xlsx,2017,P406,2,S00402,Used and secondhand goods,DetailedSpecialCommodity,,14,211000,Oil and gas extraction,Industry,,0,blank
detail_use_intermediate_2017,2017,detail,producer_use,IOUse_After_Redefinitions_PRO_Detail.xlsx,2017,Q406,2,S00402,Used and secondhand goods,DetailedSpecialCommodity,,15,212100,Coal mining,Industry,,0,blank
detail_use_intermediate_2017,2017,detail,producer_use,IOUse_After_Redefinitions_PRO_Detail.xlsx,2017,R406,2,S00402,Used and secondhand goods,DetailedSpecialCommodity,,16,212230,"Copper, nickel, lead, and zinc mining",Industry,,0,blank
detail_use_intermediate_2017,2017,detail,producer_use,IOUse_After_Redefinitions_PRO_Detail.xlsx,2017,S406,2,S00402,Used and secondhand goods,DetailedSpecialCommodity,,17,2122A0,"Iron, gold, silver, and other metal ore mining",Industry,,0,blank
detail_use_intermediate_2017,2017,detail,producer_use,IOUse_After_Redefinitions_PRO_Detail.xlsx,2017,T406,2,S00402,Used and secondhand goods,DetailedSpecialCommodity,,18,212310,Stone mining and quarrying,Industry,,0,blank
detail_use_intermediate_2017,2017,detail,producer_use,IOUse_After_Redefinitions_PRO_Detail.xlsx,2017,U406,2,S00402,Used and secondhand goods,DetailedSpecialCommodity,,19,2123A0,Other nonmetallic mineral mining and quarrying,Industry,,0,blank
detail_use_intermediate_2017,2017,detail,producer_use,IOUse_After_Redefinitions_PRO_Detail.xlsx,2017,V406,2,S00402,Used and secondhand goods,DetailedSpecialCommodity,,20,213111,Drilling oil and gas wells,Industry,,1073,numeric
detail_use_intermediate_2017,2017,detail,producer_use,IOUse_After_Redefinitions_PRO_Detail.xlsx,2017,W406,2,S00402,Used and secondhand goods,DetailedSpecialCommodity,,21,21311A,Other support activities for mining,Industry,,0,blank
detail_use_intermediate_2017,2017,detail,producer_use,IOUse_After_Redefinitions_PRO_Detail.xlsx,2017,X406,2,S00402,Used and secondhand goods,DetailedSpecialCommodity,,22,221100,"Electric power generation, transmission, and distribution",Industry,,4943,numeric
detail_use_intermediate_2017,2017,detail,producer_use,IOUse_After_Redefinitions_PRO_Detail.xlsx,2017,Y406,2,S00402,Used and secondhand goods,DetailedSpecialCommodity,,23,221200,Natural gas distribution,Industry,,0,blank
detail_use_intermediate_2017,2017,detail,producer_use,IOUse_After_Redefinitions_PRO_Detail.xlsx,2017,Z406,2,S00402,Used and secondhand goods,DetailedSpecialCommodity,,24,221300,"Water, sewage and other systems",Industry,,807,numeric
detail_use_intermediate_2017,2017,detail,producer_use,IOUse_After_Redefinitions_PRO_Detail.xlsx,2017,AA406,2,S00402,Used and secondhand goods,DetailedSpecialCommodity,,25,233210,Health care structures,Industry,,0,blank
detail_use_intermediate_2017,2017,detail,producer_use,IOUse_After_Redefinitions_PRO_Detail.xlsx,2017,AB406,2,S00402,Used and secondhand goods,DetailedSpecialCommodity,,26,233262,Educational and vocational structures,Industry,,0,blank
detail_use_intermediate_2017,2017,detail,producer_use,IOUse_After_Redefinitions_PRO_Detail.xlsx,2017,AC406,2,S00402,Used and secondhand goods,DetailedSpecialCommodity,,27,230301,Nonresidential maintenance and repair,Industry,,0,blank
detail_use_intermediate_2017,2017,detail,producer_use,IOUse_After_Redefinitions_PRO_Detail.xlsx,2017,AD406,2,S00402,Used and secondhand goods,DetailedSpecialCommodity,,28,230302,Residential maintenance and repair,Industry,,0,blank
detail_use_intermediate_2017,2017,detail,producer_use,IOUse_After_Redefinitions_PRO_Detail.xlsx,2017,AE406,2,S00402,Used and secondhand goods,DetailedSpecialCommodity,,29,2332A0,Office and commercial structures,Industry,,0,blank
detail_use_intermediate_2017,2017,detail,producer_use,IOUse_After_Redefinitions_PRO_Detail.xlsx,2017,AF406,2,S00402,Used and secondhand goods,DetailedSpecialCommodity,,30,233412,Multifamily residential structures,Industry,,0,blank
detail_use_intermediate_2017,2017,detail,producer_use,IOUse_After_Redefinitions_PRO_Detail.xlsx,2017,AG406,2,S00402,Used and secondhand goods,DetailedSpecialCommodity,,31,2334A0,Other residential structures,Industry,,0,blank
detail_use_intermediate_2017,2017,detail,producer_use,IOUse_After_Redefinitions_PRO_Detail.xlsx,2017,AH406,2,S00402,Used and secondhand goods,DetailedSpecialCommodity,,32,233230,Manufacturing structures,Industry,,0,blank
detail_use_intermediate_2017,2017,detail,producer_use,IOUse_After_Redefinitions_PRO_Detail.xlsx,2017,AI406,2,S00402,Used and secondhand goods,DetailedSpecialCommodity,,33,2332D0,Other nonresidential structures,Industry,,0,blank
detail_use_intermediate_2017,2017,detail,producer_use,IOUse_After_Redefinitions_PRO_Detail.xlsx,2017,AJ406,2,S00402,Used and secondhand goods,DetailedSpecialCommodity,,34,233240,Power and communication structures,Industry,,1484,numeric
detail_use_intermediate_2017,2017,detail,producer_use,IOUse_After_Redefinitions_PRO_Detail.xlsx,2017,AK406,2,S00402,Used and secondhand goods,DetailedSpecialCommodity,,35,233411,Single-family residential structures,Industry,,1178,numeric
detail_use_intermediate_2017,2017,detail,producer_use,IOUse_After_Redefinitions_PRO_Detail.xlsx,2017,AL406,2,S00402,Used and secondhand goods,DetailedSpecialCommodity,,36,2332C0,Transportation structures and highways and streets,Industry,,0,blank
detail_use_intermediate_2017,2017,detail,producer_use,IOUse_After_Redefinitions_PRO_Detail.xlsx,2017,AM406,2,S00402,Used and secondhand goods,DetailedSpecialCommodity,,37,321100,Sawmills and wood preservation,Industry,,0,blank
detail_use_intermediate_2017,2017,detail,producer_use,IOUse_After_Redefinitions_PRO_Detail.xlsx,2017,AN406,2,S00402,Used and secondhand goods,DetailedSpecialCommodity,,38,321200,"Veneer, plywood, and engineered wood product manufacturing",Industry,,0,blank
detail_use_intermediate_2017,2017,detail,producer_use,IOUse_After_Redefinitions_PRO_Detail.xlsx,2017,AO406,2,S00402,Used and secondhand goods,DetailedSpecialCommodity,,39,321910,Millwork,Industry,,0,blank
detail_use_intermediate_2017,2017,detail,producer_use,IOUse_After_Redefinitions_PRO_Detail.xlsx,2017,AP406,2,S00402,Used and secondhand goods,DetailedSpecialCommodity,,40,3219A0,All other wood product manufacturing,Industry,,0,blank
detail_use_intermediate_2017,2017,detail,producer_use,IOUse_After_Redefinitions_PRO_Detail.xlsx,2017,AQ406,2,S00402,Used and secondhand goods,DetailedSpecialCommodity,,41,327100,Clay product and refractory manufacturing,Industry,,0,blank
detail_use_intermediate_2017,2017,detail,producer_use,IOUse_After_Redefinitions_PRO_Detail.xlsx,2017,AR406,2,S00402,Used and secondhand goods,DetailedSpecialCommodity,,42,327200,Glass and glass product manufacturing,Industry,,0,blank
detail_use_intermediate_2017,2017,detail,producer_use,IOUse_After_Redefinitions_PRO_Detail.xlsx,2017,AS406,2,S00402,Used and secondhand goods,DetailedSpecialCommodity,,43,327310,Cement manufacturing,Industry,,0,blank
detail_use_intermediate_2017,2017,detail,producer_use,IOUse_After_Redefinitions_PRO_Detail.xlsx,2017,AT406,2,S00402,Used and secondhand goods,DetailedSpecialCommodity,,44,327320,Ready-mix concrete manufacturing,Industry,,0,blank
detail_use_intermediate_2017,2017,detail,producer_use,IOUse_After_Redefinitions_PRO_Detail.xlsx,2017,AU406,2,S00402,Used and secondhand goods,DetailedSpecialCommodity,,45,327330,"Concrete pipe, brick, and block manufacturing",Industry,,0,blank
detail_use_intermediate_2017,2017,detail,producer_use,IOUse_After_Redefinitions_PRO_Detail.xlsx,2017,AV406,2,S00402,Used and secondhand goods,DetailedSpecialCommodity,,46,327390,Other concrete product manufacturing,Industry,,0,blank
detail_use_intermediate_2017,2017,detail,producer_use,IOUse_After_Redefinitions_PRO_Detail.xlsx,2017,AW406,2,S00402,Used and secondhand goods,DetailedSpecialCommodity,,47,327400,Lime and gypsum product manufacturing,Industry,,0,blank
detail_use_intermediate_2017,2017,detail,producer_use,IOUse_After_Redefinitions_PRO_Detail.xlsx,2017,AX406,2,S00402,Used and secondhand goods,DetailedSpecialCommodity,,48,327910,Abrasive product manufacturing,Industry,,0,blank
detail_use_intermediate_2017,2017,detail,producer_use,IOUse_After_Redefinitions_PRO_Detail.xlsx,2017,AY406,2,S00402,Used and secondhand goods,DetailedSpecialCommodity,,49,327991,Cut stone and stone product manufacturing,Industry,,0,blank
detail_use_intermediate_2017,2017,detail,producer_use,IOUse_After_Redefinitions_PRO_Detail.xlsx,2017,AZ406,2,S00402,Used and secondhand goods,DetailedSpecialCommodity,,50,327992,Ground or treated mineral and earth manufacturing,Industry,,0,blank
detail_use_intermediate_2017,2017,detail,producer_use,IOUse_After_Redefinitions_PRO_Detail.xlsx,2017,BA406,2,S00402,Used and secondhand goods,DetailedSpecialCommodity,,51,327993,Mineral wool manufacturing,Industry,,0,blank
detail_use_intermediate_2017,2017,detail,producer_use,IOUse_After_Redefinitions_PRO_Detail.xlsx,2017,BB406,2,S00402,Used and secondhand goods,DetailedSpecialCommodity,,52,327999,Miscellaneous nonmetallic mineral products,Industry,,0,blank
detail_use_intermediate_2017,2017,detail,producer_use,IOUse_After_Redefinitions_PRO_Detail.xlsx,2017,BC406,2,S00402,Used and secondhand goods,DetailedSpecialCommodity,,53,331110,Iron and steel mills and ferroalloy manufacturing,Industry,,0,blank
detail_use_intermediate_2017,2017,detail,producer_use,IOUse_After_Redefinitions_PRO_Detail.xlsx,2017,BD406,2,S00402,Used and secondhand goods,DetailedSpecialCommodity,,54,331200,Steel product manufacturing from purchased steel,Industry,,0,blank
detail_use_intermediate_2017,2017,detail,producer_use,IOUse_After_Redefinitions_PRO_Detail.xlsx,2017,BE406,2,S00402,Used and secondhand goods,DetailedSpecialCommodity,,55,331314,Secondary smelting and alloying of aluminum,Industry,,0,blank
detail_use_intermediate_2017,2017,detail,producer_use,IOUse_After_Redefinitions_PRO_Detail.xlsx,2017,BF406,2,S00402,Used and secondhand goods,DetailedSpecialCommodity,,56,331313,Alumina refining and primary aluminum production,Industry,,0,blank
detail_use_intermediate_2017,2017,detail,producer_use,IOUse_After_Redefinitions_PRO_Detail.xlsx,2017,BG406,2,S00402,Used and secondhand goods,DetailedSpecialCommodity,,57,33131B,Aluminum product manufacturing from purchased aluminum,Industry,,0,blank
detail_use_intermediate_2017,2017,detail,producer_use,IOUse_After_Redefinitions_PRO_Detail.xlsx,2017,BH406,2,S00402,Used and secondhand goods,DetailedSpecialCommodity,,58,331410,Nonferrous metal (except aluminum) smelting and refining,Industry,,0,blank
detail_use_intermediate_2017,2017,detail,producer_use,IOUse_After_Redefinitions_PRO_Detail.xlsx,2017,BI406,2,S00402,Used and secondhand goods,DetailedSpecialCommodity,,59,331420,"Copper rolling, drawing, extruding and alloying",Industry,,0,blank
detail_use_intermediate_2017,2017,detail,producer_use,IOUse_After_Redefinitions_PRO_Detail.xlsx,2017,BJ406,2,S00402,Used and secondhand goods,DetailedSpecialCommodity,,60,331490,"Nonferrous metal (except copper and aluminum) rolling, drawing, extruding and alloying",Industry,,0,blank
detail_use_intermediate_2017,2017,detail,producer_use,IOUse_After_Redefinitions_PRO_Detail.xlsx,2017,BK406,2,S00402,Used and secondhand goods,DetailedSpecialCommodity,,61,331510,Ferrous metal foundries,Industry,,0,blank
detail_use_intermediate_2017,2017,detail,producer_use,IOUse_After_Redefinitions_PRO_Detail.xlsx,2017,BL406,2,S00402,Used and secondhand goods,DetailedSpecialCommodity,,62,331520,Nonferrous metal foundries,Industry,,0,blank
detail_use_intermediate_2017,2017,detail,producer_use,IOUse_After_Redefinitions_PRO_Detail.xlsx,2017,BM406,2,S00402,Used and secondhand goods,DetailedSpecialCommodity,,63,332114,Custom roll forming,Industry,,0,blank
detail_use_intermediate_2017,2017,detail,producer_use,IOUse_After_Redefinitions_PRO_Detail.xlsx,2017,BN406,2,S00402,Used and secondhand goods,DetailedSpecialCommodity,,64,33211A,"All other forging, stamping, and sintering",Industry,,0,blank
detail_use_intermediate_2017,2017,detail,producer_use,IOUse_After_Redefinitions_PRO_Detail.xlsx,2017,BO406,2,S00402,Used and secondhand goods,DetailedSpecialCommodity,,65,332119,"Metal crown, closure, and other metal stamping (except automotive)",Industry,,0,blank
detail_use_intermediate_2017,2017,detail,producer_use,IOUse_After_Redefinitions_PRO_Detail.xlsx,2017,BP406,2,S00402,Used and secondhand goods,DetailedSpecialCommodity,,66,332200,Cutlery and handtool manufacturing,Industry,,0,blank
detail_use_intermediate_2017,2017,detail,producer_use,IOUse_After_Redefinitions_PRO_Detail.xlsx,2017,BQ406,2,S00402,Used and secondhand goods,DetailedSpecialCommodity,,67,332310,Plate work and fabricated structural product manufacturing,Industry,,0,blank
detail_use_intermediate_2017,2017,detail,producer_use,IOUse_After_Redefinitions_PRO_Detail.xlsx,2017,BR406,2,S00402,Used and secondhand goods,DetailedSpecialCommodity,,68,332320,Ornamental and architectural metal products manufacturing,Industry,,0,blank
detail_use_intermediate_2017,2017,detail,producer_use,IOUse_After_Redefinitions_PRO_Detail.xlsx,2017,BS406,2,S00402,Used and secondhand goods,DetailedSpecialCommodity,,69,332410,Power boiler and heat exchanger manufacturing,Industry,,0,blank
detail_use_intermediate_2017,2017,detail,producer_use,IOUse_After_Redefinitions_PRO_Detail.xlsx,2017,BT406,2,S00402,Used and secondhand goods,DetailedSpecialCommodity,,70,332420,Metal tank (heavy gauge) manufacturing,Industry,,0,blank
detail_use_intermediate_2017,2017,detail,producer_use,IOUse_After_Redefinitions_PRO_Detail.xlsx,2017,BU406,2,S00402,Used and secondhand goods,DetailedSpecialCommodity,,71,332430,"Metal can, box, and other metal container (light gauge) manufacturing",Industry,,0,blank
detail_use_intermediate_2017,2017,detail,producer_use,IOUse_After_Redefinitions_PRO_Detail.xlsx,2017,BV406,2,S00402,Used and secondhand goods,DetailedSpecialCommodity,,72,332500,Hardware manufacturing,Industry,,0,blank
detail_use_intermediate_2017,2017,detail,producer_use,IOUse_After_Redefinitions_PRO_Detail.xlsx,2017,BW406,2,S00402,Used and secondhand goods,DetailedSpecialCommodity,,73,332600,Spring and wire product manufacturing,Industry,,0,blank
detail_use_intermediate_2017,2017,detail,producer_use,IOUse_After_Redefinitions_PRO_Detail.xlsx,2017,BX406,2,S00402,Used and secondhand goods,DetailedSpecialCommodity,,74,332710,Machine shops,Industry,,0,blank
detail_use_intermediate_2017,2017,detail,producer_use,IOUse_After_Redefinitions_PRO_Detail.xlsx,2017,BY406,2,S00402,Used and secondhand goods,DetailedSpecialCommodity,,75,332720,"Turned product and screw, nut, and bolt manufacturing",Industry,,0,blank
detail_use_intermediate_2017,2017,detail,producer_use,IOUse_After_Redefinitions_PRO_Detail.xlsx,2017,BZ406,2,S00402,Used and secondhand goods,DetailedSpecialCommodity,,76,332800,"Coating, engraving, heat treating and allied activities",Industry,,0,blank
detail_use_intermediate_2017,2017,detail,producer_use,IOUse_After_Redefinitions_PRO_Detail.xlsx,2017,CA406,2,S00402,Used and secondhand goods,DetailedSpecialCommodity,,77,332913,Plumbing fixture fitting and trim manufacturing,Industry,,0,blank
detail_use_intermediate_2017,2017,detail,producer_use,IOUse_After_Redefinitions_PRO_Detail.xlsx,2017,CB406,2,S00402,Used and secondhand goods,DetailedSpecialCommodity,,78,33291A,Valve and fittings other than plumbing,Industry,,0,blank
detail_use_intermediate_2017,2017,detail,producer_use,IOUse_After_Redefinitions_PRO_Detail.xlsx,2017,CC406,2,S00402,Used and secondhand goods,DetailedSpecialCommodity,,79,332991,Ball and roller bearing manufacturing,Industry,,0,blank
detail_use_intermediate_2017,2017,detail,producer_use,IOUse_After_Redefinitions_PRO_Detail.xlsx,2017,CD406,2,S00402,Used and secondhand goods,DetailedSpecialCommodity,,80,332996,Fabricated pipe and pipe fitting manufacturing,Industry,,0,blank
detail_use_intermediate_2017,2017,detail,producer_use,IOUse_After_Redefinitions_PRO_Detail.xlsx,2017,CE406,2,S00402,Used and secondhand goods,DetailedSpecialCommodity,,81,33299A,"Ammunition, arms, ordnance, and accessories manufacturing",Industry,,0,blank
detail_use_intermediate_2017,2017,detail,producer_use,IOUse_After_Redefinitions_PRO_Detail.xlsx,2017,CF406,2,S00402,Used and secondhand goods,DetailedSpecialCommodity,,82,332999,Other fabricated metal manufacturing,Industry,,0,blank
detail_use_intermediate_2017,2017,detail,producer_use,IOUse_After_Redefinitions_PRO_Detail.xlsx,2017,CG406,2,S00402,Used and secondhand goods,DetailedSpecialCommodity,,83,333111,Farm machinery and equipment manufacturing,Industry,,0,blank
detail_use_intermediate_2017,2017,detail,producer_use,IOUse_After_Redefinitions_PRO_Detail.xlsx,2017,CH406,2,S00402,Used and secondhand goods,DetailedSpecialCommodity,,84,333112,Lawn and garden equipment manufacturing,Industry,,0,blank
detail_use_intermediate_2017,2017,detail,producer_use,IOUse_After_Redefinitions_PRO_Detail.xlsx,2017,CI406,2,S00402,Used and secondhand goods,DetailedSpecialCommodity,,85,333120,Construction machinery manufacturing,Industry,,0,blank
detail_use_intermediate_2017,2017,detail,producer_use,IOUse_After_Redefinitions_PRO_Detail.xlsx,2017,CJ406,2,S00402,Used and secondhand goods,DetailedSpecialCommodity,,86,333130,Mining and oil and gas field machinery manufacturing,Industry,,0,blank
detail_use_intermediate_2017,2017,detail,producer_use,IOUse_After_Redefinitions_PRO_Detail.xlsx,2017,CK406,2,S00402,Used and secondhand goods,DetailedSpecialCommodity,,87,333242,Semiconductor machinery manufacturing,Industry,,0,blank
detail_use_intermediate_2017,2017,detail,producer_use,IOUse_After_Redefinitions_PRO_Detail.xlsx,2017,CL406,2,S00402,Used and secondhand goods,DetailedSpecialCommodity,,88,33329A,Other industrial machinery manufacturing,Industry,,0,blank
detail_use_intermediate_2017,2017,detail,producer_use,IOUse_After_Redefinitions_PRO_Detail.xlsx,2017,CM406,2,S00402,Used and secondhand goods,DetailedSpecialCommodity,,89,333314,Optical instrument and lens manufacturing,Industry,,0,blank
detail_use_intermediate_2017,2017,detail,producer_use,IOUse_After_Redefinitions_PRO_Detail.xlsx,2017,CN406,2,S00402,Used and secondhand goods,DetailedSpecialCommodity,,90,333316,Photographic and photocopying equipment manufacturing,Industry,,0,blank
detail_use_intermediate_2017,2017,detail,producer_use,IOUse_After_Redefinitions_PRO_Detail.xlsx,2017,CO406,2,S00402,Used and secondhand goods,DetailedSpecialCommodity,,91,333318,Other commercial and service industry machinery manufacturing,Industry,,0,blank
detail_use_intermediate_2017,2017,detail,producer_use,IOUse_After_Redefinitions_PRO_Detail.xlsx,2017,CP406,2,S00402,Used and secondhand goods,DetailedSpecialCommodity,,92,333414,Heating equipment (except warm air furnaces) manufacturing,Industry,,0,blank
detail_use_intermediate_2017,2017,detail,producer_use,IOUse_After_Redefinitions_PRO_Detail.xlsx,2017,CQ406,2,S00402,Used and secondhand goods,DetailedSpecialCommodity,,93,333415,"Air conditioning, refrigeration, and warm air heating equipment manufacturing",Industry,,0,blank
detail_use_intermediate_2017,2017,detail,producer_use,IOUse_After_Redefinitions_PRO_Detail.xlsx,2017,CR406,2,S00402,Used and secondhand goods,DetailedSpecialCommodity,,94,333413,Industrial and commercial fan and blower and air purification equipment manufacturing,Industry,,0,blank
detail_use_intermediate_2017,2017,detail,producer_use,IOUse_After_Redefinitions_PRO_Detail.xlsx,2017,CS406,2,S00402,Used and secondhand goods,DetailedSpecialCommodity,,95,333511,Industrial mold manufacturing,Industry,,0,blank
detail_use_intermediate_2017,2017,detail,producer_use,IOUse_After_Redefinitions_PRO_Detail.xlsx,2017,CT406,2,S00402,Used and secondhand goods,DetailedSpecialCommodity,,96,333514,"Special tool, die, jig, and fixture manufacturing",Industry,,0,blank
detail_use_intermediate_2017,2017,detail,producer_use,IOUse_After_Redefinitions_PRO_Detail.xlsx,2017,CU406,2,S00402,Used and secondhand goods,DetailedSpecialCommodity,,97,333517,Machine tool manufacturing,Industry,,0,blank
detail_use_intermediate_2017,2017,detail,producer_use,IOUse_After_Redefinitions_PRO_Detail.xlsx,2017,CV406,2,S00402,Used and secondhand goods,DetailedSpecialCommodity,,98,33351B,"Cutting and machine tool accessory, rolling mill, and other metalworking machinery manufacturing",Industry,,0,blank
detail_use_intermediate_2017,2017,detail,producer_use,IOUse_After_Redefinitions_PRO_Detail.xlsx,2017,CW406,2,S00402,Used and secondhand goods,DetailedSpecialCommodity,,99,333611,Turbine and turbine generator set units manufacturing,Industry,,0,blank
detail_use_intermediate_2017,2017,detail,producer_use,IOUse_After_Redefinitions_PRO_Detail.xlsx,2017,CX406,2,S00402,Used and secondhand goods,DetailedSpecialCommodity,,100,333612,"Speed changer, industrial high-speed drive, and gear manufacturing",Industry,,0,blank
detail_use_intermediate_2017,2017,detail,producer_use,IOUse_After_Redefinitions_PRO_Detail.xlsx,2017,CY406,2,S00402,Used and secondhand goods,DetailedSpecialCommodity,,101,333613,Mechanical power transmission equipment manufacturing,Industry,,0,blank
detail_use_intermediate_2017,2017,detail,producer_use,IOUse_After_Redefinitions_PRO_Detail.xlsx,2017,CZ406,2,S00402,Used and secondhand goods,DetailedSpecialCommodity,,102,333618,Other engine equipment manufacturing,Industry,,0,blank
detail_use_intermediate_2017,2017,detail,producer_use,IOUse_After_Redefinitions_PRO_Detail.xlsx,2017,DA406,2,S00402,Used and secondhand goods,DetailedSpecialCommodity,,103,333912,Air and gas compressor manufacturing,Industry,,0,blank
detail_use_intermediate_2017,2017,detail,producer_use,IOUse_After_Redefinitions_PRO_Detail.xlsx,2017,DB406,2,S00402,Used and secondhand goods,DetailedSpecialCommodity,,104,333914,"Measuring, dispensing, and other pumping equipment manufacturing",Industry,,0,blank
detail_use_intermediate_2017,2017,detail,producer_use,IOUse_After_Redefinitions_PRO_Detail.xlsx,2017,DC406,2,S00402,Used and secondhand goods,DetailedSpecialCommodity,,105,333920,Material handling equipment manufacturing,Industry,,0,blank
detail_use_intermediate_2017,2017,detail,producer_use,IOUse_After_Redefinitions_PRO_Detail.xlsx,2017,DD406,2,S00402,Used and secondhand goods,DetailedSpecialCommodity,,106,333991,Power-driven handtool manufacturing,Industry,,0,blank
detail_use_intermediate_2017,2017,detail,producer_use,IOUse_After_Redefinitions_PRO_Detail.xlsx,2017,DE406,2,S00402,Used and secondhand goods,DetailedSpecialCommodity,,107,333993,Packaging machinery manufacturing,Industry,,0,blank
detail_use_intermediate_2017,2017,detail,producer_use,IOUse_After_Redefinitions_PRO_Detail.xlsx,2017,DF406,2,S00402,Used and secondhand goods,DetailedSpecialCommodity,,108,333994,Industrial process furnace and oven manufacturing,Industry,,0,blank
detail_use_intermediate_2017,2017,detail,producer_use,IOUse_After_Redefinitions_PRO_Detail.xlsx,2017,DG406,2,S00402,Used and secondhand goods,DetailedSpecialCommodity,,109,33399A,Other general purpose machinery manufacturing,Industry,,0,blank
detail_use_intermediate_2017,2017,detail,producer_use,IOUse_After_Redefinitions_PRO_Detail.xlsx,2017,DH406,2,S00402,Used and secondhand goods,DetailedSpecialCommodity,,110,33399B,Fluid power process machinery,Industry,,0,blank
detail_use_intermediate_2017,2017,detail,producer_use,IOUse_After_Redefinitions_PRO_Detail.xlsx,2017,DI406,2,S00402,Used and secondhand goods,DetailedSpecialCommodity,,111,334111,Electronic computer manufacturing,Industry,,0,blank
detail_use_intermediate_2017,2017,detail,producer_use,IOUse_After_Redefinitions_PRO_Detail.xlsx,2017,DJ406,2,S00402,Used and secondhand goods,DetailedSpecialCommodity,,112,334112,Computer storage device manufacturing,Industry,,0,blank
detail_use_intermediate_2017,2017,detail,producer_use,IOUse_After_Redefinitions_PRO_Detail.xlsx,2017,DK406,2,S00402,Used and secondhand goods,DetailedSpecialCommodity,,113,334118,Computer terminals and other computer peripheral equipment manufacturing,Industry,,0,blank
detail_use_intermediate_2017,2017,detail,producer_use,IOUse_After_Redefinitions_PRO_Detail.xlsx,2017,DL406,2,S00402,Used and secondhand goods,DetailedSpecialCommodity,,114,334210,Telephone apparatus manufacturing,Industry,,0,blank
detail_use_intermediate_2017,2017,detail,producer_use,IOUse_After_Redefinitions_PRO_Detail.xlsx,2017,DM406,2,S00402,Used and secondhand goods,DetailedSpecialCommodity,,115,334220,Broadcast and wireless communications equipment,Industry,,0,blank
detail_use_intermediate_2017,2017,detail,producer_use,IOUse_After_Redefinitions_PRO_Detail.xlsx,2017,DN406,2,S00402,Used and secondhand goods,DetailedSpecialCommodity,,116,334290,Other communications equipment manufacturing,Industry,,0,blank
detail_use_intermediate_2017,2017,detail,producer_use,IOUse_After_Redefinitions_PRO_Detail.xlsx,2017,DO406,2,S00402,Used and secondhand goods,DetailedSpecialCommodity,,117,334413,Semiconductor and related device manufacturing,Industry,,0,blank
detail_use_intermediate_2017,2017,detail,producer_use,IOUse_After_Redefinitions_PRO_Detail.xlsx,2017,DP406,2,S00402,Used and secondhand goods,DetailedSpecialCommodity,,118,334418,Printed circuit assembly (electronic assembly) manufacturing,Industry,,0,blank
detail_use_intermediate_2017,2017,detail,producer_use,IOUse_After_Redefinitions_PRO_Detail.xlsx,2017,DQ406,2,S00402,Used and secondhand goods,DetailedSpecialCommodity,,119,33441A,Other electronic component manufacturing,Industry,,0,blank
detail_use_intermediate_2017,2017,detail,producer_use,IOUse_After_Redefinitions_PRO_Detail.xlsx,2017,DR406,2,S00402,Used and secondhand goods,DetailedSpecialCommodity,,120,334510,Electromedical and electrotherapeutic apparatus manufacturing,Industry,,0,blank
detail_use_intermediate_2017,2017,detail,producer_use,IOUse_After_Redefinitions_PRO_Detail.xlsx,2017,DS406,2,S00402,Used and secondhand goods,DetailedSpecialCommodity,,121,334511,"Search, detection, and navigation instruments manufacturing",Industry,,0,blank
detail_use_intermediate_2017,2017,detail,producer_use,IOUse_After_Redefinitions_PRO_Detail.xlsx,2017,DT406,2,S00402,Used and secondhand goods,DetailedSpecialCommodity,,122,334512,Automatic environmental control manufacturing,Industry,,0,blank
detail_use_intermediate_2017,2017,detail,producer_use,IOUse_After_Redefinitions_PRO_Detail.xlsx,2017,DU406,2,S00402,Used and secondhand goods,DetailedSpecialCommodity,,123,334513,Industrial process variable instruments manufacturing,Industry,,0,blank
detail_use_intermediate_2017,2017,detail,producer_use,IOUse_After_Redefinitions_PRO_Detail.xlsx,2017,DV406,2,S00402,Used and secondhand goods,DetailedSpecialCommodity,,124,334514,Totalizing fluid meter and counting device manufacturing,Industry,,0,blank
detail_use_intermediate_2017,2017,detail,producer_use,IOUse_After_Redefinitions_PRO_Detail.xlsx,2017,DW406,2,S00402,Used and secondhand goods,DetailedSpecialCommodity,,125,334515,Electricity and signal testing instruments manufacturing,Industry,,0,blank
detail_use_intermediate_2017,2017,detail,producer_use,IOUse_After_Redefinitions_PRO_Detail.xlsx,2017,DX406,2,S00402,Used and secondhand goods,DetailedSpecialCommodity,,126,334516,Analytical laboratory instrument manufacturing,Industry,,0,blank
detail_use_intermediate_2017,2017,detail,producer_use,IOUse_After_Redefinitions_PRO_Detail.xlsx,2017,DY406,2,S00402,Used and secondhand goods,DetailedSpecialCommodity,,127,334517,Irradiation apparatus manufacturing,Industry,,0,blank
detail_use_intermediate_2017,2017,detail,producer_use,IOUse_After_Redefinitions_PRO_Detail.xlsx,2017,DZ406,2,S00402,Used and secondhand goods,DetailedSpecialCommodity,,128,33451A,"Watch, clock, and other measuring and controlling device manufacturing",Industry,,0,blank
detail_use_intermediate_2017,2017,detail,producer_use,IOUse_After_Redefinitions_PRO_Detail.xlsx,2017,EA406,2,S00402,Used and secondhand goods,DetailedSpecialCommodity,,129,334300,Audio and video equipment manufacturing,Industry,,0,blank
detail_use_intermediate_2017,2017,detail,producer_use,IOUse_After_Redefinitions_PRO_Detail.xlsx,2017,EB406,2,S00402,Used and secondhand goods,DetailedSpecialCommodity,,130,334610,Manufacturing and reproducing magnetic and optical media,Industry,,0,blank
detail_use_intermediate_2017,2017,detail,producer_use,IOUse_After_Redefinitions_PRO_Detail.xlsx,2017,EC406,2,S00402,Used and secondhand goods,DetailedSpecialCommodity,,131,335110,Electric lamp bulb and part manufacturing,Industry,,0,blank
detail_use_intermediate_2017,2017,detail,producer_use,IOUse_After_Redefinitions_PRO_Detail.xlsx,2017,ED406,2,S00402,Used and secondhand goods,DetailedSpecialCommodity,,132,335120,Lighting fixture manufacturing,Industry,,0,blank
detail_use_intermediate_2017,2017,detail,producer_use,IOUse_After_Redefinitions_PRO_Detail.xlsx,2017,EE406,2,S00402,Used and secondhand goods,DetailedSpecialCommodity,,133,335210,Small electrical appliance manufacturing,Industry,,0,blank
detail_use_intermediate_2017,2017,detail,producer_use,IOUse_After_Redefinitions_PRO_Detail.xlsx,2017,EF406,2,S00402,Used and secondhand goods,DetailedSpecialCommodity,,134,335220,Major household appliance manufacturing,Industry,,0,blank
detail_use_intermediate_2017,2017,detail,producer_use,IOUse_After_Redefinitions_PRO_Detail.xlsx,2017,EG406,2,S00402,Used and secondhand goods,DetailedSpecialCommodity,,135,335311,"Power, distribution, and specialty transformer manufacturing",Industry,,0,blank
detail_use_intermediate_2017,2017,detail,producer_use,IOUse_After_Redefinitions_PRO_Detail.xlsx,2017,EH406,2,S00402,Used and secondhand goods,DetailedSpecialCommodity,,136,335312,Motor and generator manufacturing,Industry,,0,blank
detail_use_intermediate_2017,2017,detail,producer_use,IOUse_After_Redefinitions_PRO_Detail.xlsx,2017,EI406,2,S00402,Used and secondhand goods,DetailedSpecialCommodity,,137,335313,Switchgear and switchboard apparatus manufacturing,Industry,,0,blank
detail_use_intermediate_2017,2017,detail,producer_use,IOUse_After_Redefinitions_PRO_Detail.xlsx,2017,EJ406,2,S00402,Used and secondhand goods,DetailedSpecialCommodity,,138,335314,Relay and industrial control manufacturing,Industry,,0,blank
detail_use_intermediate_2017,2017,detail,producer_use,IOUse_After_Redefinitions_PRO_Detail.xlsx,2017,EK406,2,S00402,Used and secondhand goods,DetailedSpecialCommodity,,139,335911,Storage battery manufacturing,Industry,,0,blank
detail_use_intermediate_2017,2017,detail,producer_use,IOUse_After_Redefinitions_PRO_Detail.xlsx,2017,EL406,2,S00402,Used and secondhand goods,DetailedSpecialCommodity,,140,335912,Primary battery manufacturing,Industry,,0,blank
detail_use_intermediate_2017,2017,detail,producer_use,IOUse_After_Redefinitions_PRO_Detail.xlsx,2017,EM406,2,S00402,Used and secondhand goods,DetailedSpecialCommodity,,141,335920,Communication and energy wire and cable manufacturing,Industry,,0,blank
detail_use_intermediate_2017,2017,detail,producer_use,IOUse_After_Redefinitions_PRO_Detail.xlsx,2017,EN406,2,S00402,Used and secondhand goods,DetailedSpecialCommodity,,142,335930,Wiring device manufacturing,Industry,,0,blank
detail_use_intermediate_2017,2017,detail,producer_use,IOUse_After_Redefinitions_PRO_Detail.xlsx,2017,EO406,2,S00402,Used and secondhand goods,DetailedSpecialCommodity,,143,335991,Carbon and graphite product manufacturing,Industry,,0,blank
detail_use_intermediate_2017,2017,detail,producer_use,IOUse_After_Redefinitions_PRO_Detail.xlsx,2017,EP406,2,S00402,Used and secondhand goods,DetailedSpecialCommodity,,144,335999,All other miscellaneous electrical equipment and component manufacturing,Industry,,0,blank
detail_use_intermediate_2017,2017,detail,producer_use,IOUse_After_Redefinitions_PRO_Detail.xlsx,2017,EQ406,2,S00402,Used and secondhand goods,DetailedSpecialCommodity,,145,336111,Automobile manufacturing,Industry,,0,blank
detail_use_intermediate_2017,2017,detail,producer_use,IOUse_After_Redefinitions_PRO_Detail.xlsx,2017,ER406,2,S00402,Used and secondhand goods,DetailedSpecialCommodity,,146,336112,Light truck and utility vehicle manufacturing,Industry,,0,blank
detail_use_intermediate_2017,2017,detail,producer_use,IOUse_After_Redefinitions_PRO_Detail.xlsx,2017,ES406,2,S00402,Used and secondhand goods,DetailedSpecialCommodity,,147,336120,Heavy duty truck manufacturing,Industry,,0,blank
detail_use_intermediate_2017,2017,detail,producer_use,IOUse_After_Redefinitions_PRO_Detail.xlsx,2017,ET406,2,S00402,Used and secondhand goods,DetailedSpecialCommodity,,148,336211,Motor vehicle body manufacturing,Industry,,0,blank
detail_use_intermediate_2017,2017,detail,producer_use,IOUse_After_Redefinitions_PRO_Detail.xlsx,2017,EU406,2,S00402,Used and secondhand goods,DetailedSpecialCommodity,,149,336212,Truck trailer manufacturing,Industry,,0,blank
detail_use_intermediate_2017,2017,detail,producer_use,IOUse_After_Redefinitions_PRO_Detail.xlsx,2017,EV406,2,S00402,Used and secondhand goods,DetailedSpecialCommodity,,150,336213,Motor home manufacturing,Industry,,0,blank
detail_use_intermediate_2017,2017,detail,producer_use,IOUse_After_Redefinitions_PRO_Detail.xlsx,2017,EW406,2,S00402,Used and secondhand goods,DetailedSpecialCommodity,,151,336214,Travel trailer and camper manufacturing,Industry,,0,blank
detail_use_intermediate_2017,2017,detail,producer_use,IOUse_After_Redefinitions_PRO_Detail.xlsx,2017,EX406,2,S00402,Used and secondhand goods,DetailedSpecialCommodity,,152,336310,Motor vehicle gasoline engine and engine parts manufacturing,Industry,,0,blank
detail_use_intermediate_2017,2017,detail,producer_use,IOUse_After_Redefinitions_PRO_Detail.xlsx,2017,EY406,2,S00402,Used and secondhand goods,DetailedSpecialCommodity,,153,336320,Motor vehicle electrical and electronic equipment manufacturing,Industry,,0,blank
detail_use_intermediate_2017,2017,detail,producer_use,IOUse_After_Redefinitions_PRO_Detail.xlsx,2017,EZ406,2,S00402,Used and secondhand goods,DetailedSpecialCommodity,,154,336350,Motor vehicle transmission and power train parts manufacturing,Industry,,0,blank
detail_use_intermediate_2017,2017,detail,producer_use,IOUse_After_Redefinitions_PRO_Detail.xlsx,2017,FA406,2,S00402,Used and secondhand goods,DetailedSpecialCommodity,,155,336360,Motor vehicle seating and interior trim manufacturing,Industry,,0,blank
detail_use_intermediate_2017,2017,detail,producer_use,IOUse_After_Redefinitions_PRO_Detail.xlsx,2017,FB406,2,S00402,Used and secondhand goods,DetailedSpecialCommodity,,156,336370,Motor vehicle metal stamping,Industry,,0,blank
detail_use_intermediate_2017,2017,detail,producer_use,IOUse_After_Redefinitions_PRO_Detail.xlsx,2017,FC406,2,S00402,Used and secondhand goods,DetailedSpecialCommodity,,157,336390,Other motor vehicle parts manufacturing,Industry,,0,blank
detail_use_intermediate_2017,2017,detail,producer_use,IOUse_After_Redefinitions_PRO_Detail.xlsx,2017,FD406,2,S00402,Used and secondhand goods,DetailedSpecialCommodity,,158,3363A0,"Motor vehicle steering, suspension component (except spring), and brake systems manufacturing",Industry,,0,blank
detail_use_intermediate_2017,2017,detail,producer_use,IOUse_After_Redefinitions_PRO_Detail.xlsx,2017,FE406,2,S00402,Used and secondhand goods,DetailedSpecialCommodity,,159,336411,Aircraft manufacturing,Industry,,0,blank
detail_use_intermediate_2017,2017,detail,producer_use,IOUse_After_Redefinitions_PRO_Detail.xlsx,2017,FF406,2,S00402,Used and secondhand goods,DetailedSpecialCommodity,,160,336412,Aircraft engine and engine parts manufacturing,Industry,,0,blank
detail_use_intermediate_2017,2017,detail,producer_use,IOUse_After_Redefinitions_PRO_Detail.xlsx,2017,FG406,2,S00402,Used and secondhand goods,DetailedSpecialCommodity,,161,336413,Other aircraft parts and auxiliary equipment manufacturing,Industry,,0,blank
detail_use_intermediate_2017,2017,detail,producer_use,IOUse_After_Redefinitions_PRO_Detail.xlsx,2017,FH406,2,S00402,Used and secondhand goods,DetailedSpecialCommodity,,162,336414,Guided missile and space vehicle manufacturing,Industry,,0,blank
detail_use_intermediate_2017,2017,detail,producer_use,IOUse_After_Redefinitions_PRO_Detail.xlsx,2017,FI406,2,S00402,Used and secondhand goods,DetailedSpecialCommodity,,163,33641A,Propulsion units and parts for space vehicles and guided missiles,Industry,,0,blank
detail_use_intermediate_2017,2017,detail,producer_use,IOUse_After_Redefinitions_PRO_Detail.xlsx,2017,FJ406,2,S00402,Used and secondhand goods,DetailedSpecialCommodity,,164,336500,Railroad rolling stock manufacturing,Industry,,0,blank
detail_use_intermediate_2017,2017,detail,producer_use,IOUse_After_Redefinitions_PRO_Detail.xlsx,2017,FK406,2,S00402,Used and secondhand goods,DetailedSpecialCommodity,,165,336611,Ship building and repairing,Industry,,0,blank
detail_use_intermediate_2017,2017,detail,producer_use,IOUse_After_Redefinitions_PRO_Detail.xlsx,2017,FL406,2,S00402,Used and secondhand goods,DetailedSpecialCommodity,,166,336612,Boat building,Industry,,0,blank
detail_use_intermediate_2017,2017,detail,producer_use,IOUse_After_Redefinitions_PRO_Detail.xlsx,2017,FM406,2,S00402,Used and secondhand goods,DetailedSpecialCommodity,,167,336991,"Motorcycle, bicycle, and parts manufacturing",Industry,,0,blank
detail_use_intermediate_2017,2017,detail,producer_use,IOUse_After_Redefinitions_PRO_Detail.xlsx,2017,FN406,2,S00402,Used and secondhand goods,DetailedSpecialCommodity,,168,336992,"Military armored vehicle, tank, and tank component manufacturing",Industry,,0,blank
detail_use_intermediate_2017,2017,detail,producer_use,IOUse_After_Redefinitions_PRO_Detail.xlsx,2017,FO406,2,S00402,Used and secondhand goods,DetailedSpecialCommodity,,169,336999,All other transportation equipment manufacturing,Industry,,0,blank
detail_use_intermediate_2017,2017,detail,producer_use,IOUse_After_Redefinitions_PRO_Detail.xlsx,2017,FP406,2,S00402,Used and secondhand goods,DetailedSpecialCommodity,,170,337110,Wood kitchen cabinet and countertop manufacturing,Industry,,0,blank
detail_use_intermediate_2017,2017,detail,producer_use,IOUse_After_Redefinitions_PRO_Detail.xlsx,2017,FQ406,2,S00402,Used and secondhand goods,DetailedSpecialCommodity,,171,337121,Upholstered household furniture manufacturing,Industry,,0,blank
detail_use_intermediate_2017,2017,detail,producer_use,IOUse_After_Redefinitions_PRO_Detail.xlsx,2017,FR406,2,S00402,Used and secondhand goods,DetailedSpecialCommodity,,172,337122,Nonupholstered wood household furniture manufacturing,Industry,,0,blank
detail_use_intermediate_2017,2017,detail,producer_use,IOUse_After_Redefinitions_PRO_Detail.xlsx,2017,FS406,2,S00402,Used and secondhand goods,DetailedSpecialCommodity,,173,337127,Institutional furniture manufacturing,Industry,,0,blank
detail_use_intermediate_2017,2017,detail,producer_use,IOUse_After_Redefinitions_PRO_Detail.xlsx,2017,FT406,2,S00402,Used and secondhand goods,DetailedSpecialCommodity,,174,33712N,Other household nonupholstered furniture,Industry,,0,blank
detail_use_intermediate_2017,2017,detail,producer_use,IOUse_After_Redefinitions_PRO_Detail.xlsx,2017,FU406,2,S00402,Used and secondhand goods,DetailedSpecialCommodity,,175,337215,"Showcase, partition, shelving, and locker manufacturing",Industry,,0,blank
detail_use_intermediate_2017,2017,detail,producer_use,IOUse_After_Redefinitions_PRO_Detail.xlsx,2017,FV406,2,S00402,Used and secondhand goods,DetailedSpecialCommodity,,176,33721A,Office furniture and custom architectural woodwork and millwork manufacturing,Industry,,0,blank
detail_use_intermediate_2017,2017,detail,producer_use,IOUse_After_Redefinitions_PRO_Detail.xlsx,2017,FW406,2,S00402,Used and secondhand goods,DetailedSpecialCommodity,,177,337900,Other furniture related product manufacturing,Industry,,0,blank
detail_use_intermediate_2017,2017,detail,producer_use,IOUse_After_Redefinitions_PRO_Detail.xlsx,2017,FX406,2,S00402,Used and secondhand goods,DetailedSpecialCommodity,,178,339112,Surgical and medical instrument manufacturing,Industry,,0,blank
detail_use_intermediate_2017,2017,detail,producer_use,IOUse_After_Redefinitions_PRO_Detail.xlsx,2017,FY406,2,S00402,Used and secondhand goods,DetailedSpecialCommodity,,179,339113,Surgical appliance and supplies manufacturing,Industry,,0,blank
detail_use_intermediate_2017,2017,detail,producer_use,IOUse_After_Redefinitions_PRO_Detail.xlsx,2017,FZ406,2,S00402,Used and secondhand goods,DetailedSpecialCommodity,,180,339114,Dental equipment and supplies manufacturing,Industry,,0,blank
detail_use_intermediate_2017,2017,detail,producer_use,IOUse_After_Redefinitions_PRO_Detail.xlsx,2017,GA406,2,S00402,Used and secondhand goods,DetailedSpecialCommodity,,181,339115,Ophthalmic goods manufacturing,Industry,,0,blank
detail_use_intermediate_2017,2017,detail,producer_use,IOUse_After_Redefinitions_PRO_Detail.xlsx,2017,GB406,2,S00402,Used and secondhand goods,DetailedSpecialCommodity,,182,339116,Dental laboratories,Industry,,0,blank
detail_use_intermediate_2017,2017,detail,producer_use,IOUse_After_Redefinitions_PRO_Detail.xlsx,2017,GC406,2,S00402,Used and secondhand goods,DetailedSpecialCommodity,,183,339910,Jewelry and silverware manufacturing,Industry,,1,numeric
detail_use_intermediate_2017,2017,detail,producer_use,IOUse_After_Redefinitions_PRO_Detail.xlsx,2017,GD406,2,S00402,Used and secondhand goods,DetailedSpecialCommodity,,184,339920,Sporting and athletic goods manufacturing,Industry,,0,blank
detail_use_intermediate_2017,2017,detail,producer_use,IOUse_After_Redefinitions_PRO_Detail.xlsx,2017,GE406,2,S00402,Used and secondhand goods,DetailedSpecialCommodity,,185,339930,"Doll, toy, and game manufacturing",Industry,,0,blank
detail_use_intermediate_2017,2017,detail,producer_use,IOUse_After_Redefinitions_PRO_Detail.xlsx,2017,GF406,2,S00402,Used and secondhand goods,DetailedSpecialCommodity,,186,339940,Office supplies (except paper) manufacturing,Industry,,0,blank
detail_use_intermediate_2017,2017,detail,producer_use,IOUse_After_Redefinitions_PRO_Detail.xlsx,2017,GG406,2,S00402,Used and secondhand goods,DetailedSpecialCommodity,,187,339950,Sign manufacturing,Industry,,0,blank
detail_use_intermediate_2017,2017,detail,producer_use,IOUse_After_Redefinitions_PRO_Detail.xlsx,2017,GH406,2,S00402,Used and secondhand goods,DetailedSpecialCommodity,,188,339990,All other miscellaneous manufacturing,Industry,,76,numeric
detail_use_intermediate_2017,2017,detail,producer_use,IOUse_After_Redefinitions_PRO_Detail.xlsx,2017,GI406,2,S00402,Used and secondhand goods,DetailedSpecialCommodity,,189,311111,Dog and cat food manufacturing,Industry,,0,blank
detail_use_intermediate_2017,2017,detail,producer_use,IOUse_After_Redefinitions_PRO_Detail.xlsx,2017,GJ406,2,S00402,Used and secondhand goods,DetailedSpecialCommodity,,190,311119,Other animal food manufacturing,Industry,,0,blank
detail_use_intermediate_2017,2017,detail,producer_use,IOUse_After_Redefinitions_PRO_Detail.xlsx,2017,GK406,2,S00402,Used and secondhand goods,DetailedSpecialCommodity,,191,311210,Flour milling and malt manufacturing,Industry,,0,blank
detail_use_intermediate_2017,2017,detail,producer_use,IOUse_After_Redefinitions_PRO_Detail.xlsx,2017,GL406,2,S00402,Used and secondhand goods,DetailedSpecialCommodity,,192,311221,Wet corn milling,Industry,,0,blank
detail_use_intermediate_2017,2017,detail,producer_use,IOUse_After_Redefinitions_PRO_Detail.xlsx,2017,GM406,2,S00402,Used and secondhand goods,DetailedSpecialCommodity,,193,311225,Fats and oils refining and blending,Industry,,0,blank
detail_use_intermediate_2017,2017,detail,producer_use,IOUse_After_Redefinitions_PRO_Detail.xlsx,2017,GN406,2,S00402,Used and secondhand goods,DetailedSpecialCommodity,,194,311224,Soybean and other oilseed processing,Industry,,0,blank
detail_use_intermediate_2017,2017,detail,producer_use,IOUse_After_Redefinitions_PRO_Detail.xlsx,2017,GO406,2,S00402,Used and secondhand goods,DetailedSpecialCommodity,,195,311230,Breakfast cereal manufacturing,Industry,,0,blank
detail_use_intermediate_2017,2017,detail,producer_use,IOUse_After_Redefinitions_PRO_Detail.xlsx,2017,GP406,2,S00402,Used and secondhand goods,DetailedSpecialCommodity,,196,311300,Sugar and confectionery product manufacturing,Industry,,0,blank
detail_use_intermediate_2017,2017,detail,producer_use,IOUse_After_Redefinitions_PRO_Detail.xlsx,2017,GQ406,2,S00402,Used and secondhand goods,DetailedSpecialCommodity,,197,311410,Frozen food manufacturing,Industry,,0,blank
detail_use_intermediate_2017,2017,detail,producer_use,IOUse_After_Redefinitions_PRO_Detail.xlsx,2017,GR406,2,S00402,Used and secondhand goods,DetailedSpecialCommodity,,198,311420,"Fruit and vegetable canning, pickling, and drying",Industry,,0,blank
detail_use_intermediate_2017,2017,detail,producer_use,IOUse_After_Redefinitions_PRO_Detail.xlsx,2017,GS406,2,S00402,Used and secondhand goods,DetailedSpecialCommodity,,199,311513,Cheese manufacturing,Industry,,0,blank
detail_use_intermediate_2017,2017,detail,producer_use,IOUse_After_Redefinitions_PRO_Detail.xlsx,2017,GT406,2,S00402,Used and secondhand goods,DetailedSpecialCommodity,,200,311514,"Dry, condensed, and evaporated dairy product manufacturing",Industry,,0,blank
detail_use_intermediate_2017,2017,detail,producer_use,IOUse_After_Redefinitions_PRO_Detail.xlsx,2017,GU406,2,S00402,Used and secondhand goods,DetailedSpecialCommodity,,201,31151A,Fluid milk and butter manufacturing,Industry,,0,blank
detail_use_intermediate_2017,2017,detail,producer_use,IOUse_After_Redefinitions_PRO_Detail.xlsx,2017,GV406,2,S00402,Used and secondhand goods,DetailedSpecialCommodity,,202,311520,Ice cream and frozen dessert manufacturing,Industry,,0,blank
detail_use_intermediate_2017,2017,detail,producer_use,IOUse_After_Redefinitions_PRO_Detail.xlsx,2017,GW406,2,S00402,Used and secondhand goods,DetailedSpecialCommodity,,203,311615,Poultry processing,Industry,,0,blank
detail_use_intermediate_2017,2017,detail,producer_use,IOUse_After_Redefinitions_PRO_Detail.xlsx,2017,GX406,2,S00402,Used and secondhand goods,DetailedSpecialCommodity,,204,31161A,"Animal (except poultry) slaughtering, rendering, and processing",Industry,,0,blank
detail_use_intermediate_2017,2017,detail,producer_use,IOUse_After_Redefinitions_PRO_Detail.xlsx,2017,GY406,2,S00402,Used and secondhand goods,DetailedSpecialCommodity,,205,311700,Seafood product preparation and packaging,Industry,,0,blank
detail_use_intermediate_2017,2017,detail,producer_use,IOUse_After_Redefinitions_PRO_Detail.xlsx,2017,GZ406,2,S00402,Used and secondhand goods,DetailedSpecialCommodity,,206,311810,Bread and bakery product manufacturing,Industry,,0,blank
detail_use_intermediate_2017,2017,detail,producer_use,IOUse_After_Redefinitions_PRO_Detail.xlsx,2017,HA406,2,S00402,Used and secondhand goods,DetailedSpecialCommodity,,207,3118A0,"Cookie, cracker, pasta, and tortilla manufacturing",Industry,,0,blank
detail_use_intermediate_2017,2017,detail,producer_use,IOUse_After_Redefinitions_PRO_Detail.xlsx,2017,HB406,2,S00402,Used and secondhand goods,DetailedSpecialCommodity,,208,311910,Snack food manufacturing,Industry,,0,blank
detail_use_intermediate_2017,2017,detail,producer_use,IOUse_After_Redefinitions_PRO_Detail.xlsx,2017,HC406,2,S00402,Used and secondhand goods,DetailedSpecialCommodity,,209,311920,Coffee and tea manufacturing,Industry,,0,blank
detail_use_intermediate_2017,2017,detail,producer_use,IOUse_After_Redefinitions_PRO_Detail.xlsx,2017,HD406,2,S00402,Used and secondhand goods,DetailedSpecialCommodity,,210,311930,Flavoring syrup and concentrate manufacturing,Industry,,0,blank
detail_use_intermediate_2017,2017,detail,producer_use,IOUse_After_Redefinitions_PRO_Detail.xlsx,2017,HE406,2,S00402,Used and secondhand goods,DetailedSpecialCommodity,,211,311940,Seasoning and dressing manufacturing,Industry,,0,blank
detail_use_intermediate_2017,2017,detail,producer_use,IOUse_After_Redefinitions_PRO_Detail.xlsx,2017,HF406,2,S00402,Used and secondhand goods,DetailedSpecialCommodity,,212,311990,All other food manufacturing,Industry,,0,blank
detail_use_intermediate_2017,2017,detail,producer_use,IOUse_After_Redefinitions_PRO_Detail.xlsx,2017,HG406,2,S00402,Used and secondhand goods,DetailedSpecialCommodity,,213,312110,Soft drink and ice manufacturing,Industry,,0,blank
detail_use_intermediate_2017,2017,detail,producer_use,IOUse_After_Redefinitions_PRO_Detail.xlsx,2017,HH406,2,S00402,Used and secondhand goods,DetailedSpecialCommodity,,214,312120,Breweries,Industry,,0,blank
detail_use_intermediate_2017,2017,detail,producer_use,IOUse_After_Redefinitions_PRO_Detail.xlsx,2017,HI406,2,S00402,Used and secondhand goods,DetailedSpecialCommodity,,215,312130,Wineries,Industry,,0,blank
detail_use_intermediate_2017,2017,detail,producer_use,IOUse_After_Redefinitions_PRO_Detail.xlsx,2017,HJ406,2,S00402,Used and secondhand goods,DetailedSpecialCommodity,,216,312140,Distilleries,Industry,,0,blank
detail_use_intermediate_2017,2017,detail,producer_use,IOUse_After_Redefinitions_PRO_Detail.xlsx,2017,HK406,2,S00402,Used and secondhand goods,DetailedSpecialCommodity,,217,312200,Tobacco manufacturing,Industry,,0,blank
detail_use_intermediate_2017,2017,detail,producer_use,IOUse_After_Redefinitions_PRO_Detail.xlsx,2017,HL406,2,S00402,Used and secondhand goods,DetailedSpecialCommodity,,218,313100,"Fiber, yarn, and thread mills",Industry,,0,blank
detail_use_intermediate_2017,2017,detail,producer_use,IOUse_After_Redefinitions_PRO_Detail.xlsx,2017,HM406,2,S00402,Used and secondhand goods,DetailedSpecialCommodity,,219,313200,Fabric mills,Industry,,0,blank
detail_use_intermediate_2017,2017,detail,producer_use,IOUse_After_Redefinitions_PRO_Detail.xlsx,2017,HN406,2,S00402,Used and secondhand goods,DetailedSpecialCommodity,,220,313300,Textile and fabric finishing and fabric coating mills,Industry,,0,blank
detail_use_intermediate_2017,2017,detail,producer_use,IOUse_After_Redefinitions_PRO_Detail.xlsx,2017,HO406,2,S00402,Used and secondhand goods,DetailedSpecialCommodity,,221,314110,Carpet and rug mills,Industry,,0,blank
detail_use_intermediate_2017,2017,detail,producer_use,IOUse_After_Redefinitions_PRO_Detail.xlsx,2017,HP406,2,S00402,Used and secondhand goods,DetailedSpecialCommodity,,222,314120,Curtain and linen mills,Industry,,0,blank
detail_use_intermediate_2017,2017,detail,producer_use,IOUse_After_Redefinitions_PRO_Detail.xlsx,2017,HQ406,2,S00402,Used and secondhand goods,DetailedSpecialCommodity,,223,314900,Other textile product mills,Industry,,0,blank
detail_use_intermediate_2017,2017,detail,producer_use,IOUse_After_Redefinitions_PRO_Detail.xlsx,2017,HR406,2,S00402,Used and secondhand goods,DetailedSpecialCommodity,,224,315000,Apparel manufacturing,Industry,,0,blank
detail_use_intermediate_2017,2017,detail,producer_use,IOUse_After_Redefinitions_PRO_Detail.xlsx,2017,HS406,2,S00402,Used and secondhand goods,DetailedSpecialCommodity,,225,316000,Leather and allied product manufacturing,Industry,,0,blank
detail_use_intermediate_2017,2017,detail,producer_use,IOUse_After_Redefinitions_PRO_Detail.xlsx,2017,HT406,2,S00402,Used and secondhand goods,DetailedSpecialCommodity,,226,322110,Pulp mills,Industry,,0,blank
detail_use_intermediate_2017,2017,detail,producer_use,IOUse_After_Redefinitions_PRO_Detail.xlsx,2017,HU406,2,S00402,Used and secondhand goods,DetailedSpecialCommodity,,227,322120,Paper mills,Industry,,0,blank
detail_use_intermediate_2017,2017,detail,producer_use,IOUse_After_Redefinitions_PRO_Detail.xlsx,2017,HV406,2,S00402,Used and secondhand goods,DetailedSpecialCommodity,,228,322130,Paperboard mills,Industry,,0,blank
detail_use_intermediate_2017,2017,detail,producer_use,IOUse_After_Redefinitions_PRO_Detail.xlsx,2017,HW406,2,S00402,Used and secondhand goods,DetailedSpecialCommodity,,229,322210,Paperboard container manufacturing,Industry,,0,blank
detail_use_intermediate_2017,2017,detail,producer_use,IOUse_After_Redefinitions_PRO_Detail.xlsx,2017,HX406,2,S00402,Used and secondhand goods,DetailedSpecialCommodity,,230,322220,Paper bag and coated and treated paper manufacturing,Industry,,0,blank
detail_use_intermediate_2017,2017,detail,producer_use,IOUse_After_Redefinitions_PRO_Detail.xlsx,2017,HY406,2,S00402,Used and secondhand goods,DetailedSpecialCommodity,,231,322230,Stationery product manufacturing,Industry,,0,blank
detail_use_intermediate_2017,2017,detail,producer_use,IOUse_After_Redefinitions_PRO_Detail.xlsx,2017,HZ406,2,S00402,Used and secondhand goods,DetailedSpecialCommodity,,232,322291,Sanitary paper product manufacturing,Industry,,0,blank
detail_use_intermediate_2017,2017,detail,producer_use,IOUse_After_Redefinitions_PRO_Detail.xlsx,2017,IA406,2,S00402,Used and secondhand goods,DetailedSpecialCommodity,,233,322299,All other converted paper product manufacturing,Industry,,0,blank
detail_use_intermediate_2017,2017,detail,producer_use,IOUse_After_Redefinitions_PRO_Detail.xlsx,2017,IB406,2,S00402,Used and secondhand goods,DetailedSpecialCommodity,,234,323110,Printing,Industry,,0,blank
detail_use_intermediate_2017,2017,detail,producer_use,IOUse_After_Redefinitions_PRO_Detail.xlsx,2017,IC406,2,S00402,Used and secondhand goods,DetailedSpecialCommodity,,235,323120,Support activities for printing,Industry,,0,blank
detail_use_intermediate_2017,2017,detail,producer_use,IOUse_After_Redefinitions_PRO_Detail.xlsx,2017,ID406,2,S00402,Used and secondhand goods,DetailedSpecialCommodity,,236,324110,Petroleum refineries,Industry,,0,blank
detail_use_intermediate_2017,2017,detail,producer_use,IOUse_After_Redefinitions_PRO_Detail.xlsx,2017,IE406,2,S00402,Used and secondhand goods,DetailedSpecialCommodity,,237,324121,Asphalt paving mixture and block manufacturing,Industry,,0,blank
detail_use_intermediate_2017,2017,detail,producer_use,IOUse_After_Redefinitions_PRO_Detail.xlsx,2017,IF406,2,S00402,Used and secondhand goods,DetailedSpecialCommodity,,238,324122,Asphalt shingle and coating materials manufacturing,Industry,,0,blank
detail_use_intermediate_2017,2017,detail,producer_use,IOUse_After_Redefinitions_PRO_Detail.xlsx,2017,IG406,2,S00402,Used and secondhand goods,DetailedSpecialCommodity,,239,324190,Other petroleum and coal products manufacturing,Industry,,0,blank
detail_use_intermediate_2017,2017,detail,producer_use,IOUse_After_Redefinitions_PRO_Detail.xlsx,2017,IH406,2,S00402,Used and secondhand goods,DetailedSpecialCommodity,,240,325110,Petrochemical manufacturing,Industry,,0,blank
detail_use_intermediate_2017,2017,detail,producer_use,IOUse_After_Redefinitions_PRO_Detail.xlsx,2017,II406,2,S00402,Used and secondhand goods,DetailedSpecialCommodity,,241,325120,Industrial gas manufacturing,Industry,,0,blank
detail_use_intermediate_2017,2017,detail,producer_use,IOUse_After_Redefinitions_PRO_Detail.xlsx,2017,IJ406,2,S00402,Used and secondhand goods,DetailedSpecialCommodity,,242,325130,Synthetic dye and pigment manufacturing,Industry,,0,blank
detail_use_intermediate_2017,2017,detail,producer_use,IOUse_After_Redefinitions_PRO_Detail.xlsx,2017,IK406,2,S00402,Used and secondhand goods,DetailedSpecialCommodity,,243,325180,Other basic inorganic chemical manufacturing,Industry,,0,blank
detail_use_intermediate_2017,2017,detail,producer_use,IOUse_After_Redefinitions_PRO_Detail.xlsx,2017,IL406,2,S00402,Used and secondhand goods,DetailedSpecialCommodity,,244,325190,Other basic organic chemical manufacturing,Industry,,0,blank
detail_use_intermediate_2017,2017,detail,producer_use,IOUse_After_Redefinitions_PRO_Detail.xlsx,2017,IM406,2,S00402,Used and secondhand goods,DetailedSpecialCommodity,,245,325211,Plastics material and resin manufacturing,Industry,,0,blank
detail_use_intermediate_2017,2017,detail,producer_use,IOUse_After_Redefinitions_PRO_Detail.xlsx,2017,IN406,2,S00402,Used and secondhand goods,DetailedSpecialCommodity,,246,3252A0,Synthetic rubber and artificial and synthetic fibers and filaments manufacturing,Industry,,0,blank
detail_use_intermediate_2017,2017,detail,producer_use,IOUse_After_Redefinitions_PRO_Detail.xlsx,2017,IO406,2,S00402,Used and secondhand goods,DetailedSpecialCommodity,,247,325411,Medicinal and botanical manufacturing,Industry,,0,blank
detail_use_intermediate_2017,2017,detail,producer_use,IOUse_After_Redefinitions_PRO_Detail.xlsx,2017,IP406,2,S00402,Used and secondhand goods,DetailedSpecialCommodity,,248,325412,Pharmaceutical preparation manufacturing,Industry,,0,blank
detail_use_intermediate_2017,2017,detail,producer_use,IOUse_After_Redefinitions_PRO_Detail.xlsx,2017,IQ406,2,S00402,Used and secondhand goods,DetailedSpecialCommodity,,249,325413,In-vitro diagnostic substance manufacturing,Industry,,0,blank
detail_use_intermediate_2017,2017,detail,producer_use,IOUse_After_Redefinitions_PRO_Detail.xlsx,2017,IR406,2,S00402,Used and secondhand goods,DetailedSpecialCommodity,,250,325414,Biological product (except diagnostic) manufacturing,Industry,,0,blank
detail_use_intermediate_2017,2017,detail,producer_use,IOUse_After_Redefinitions_PRO_Detail.xlsx,2017,IS406,2,S00402,Used and secondhand goods,DetailedSpecialCommodity,,251,325310,Fertilizer manufacturing,Industry,,0,blank
detail_use_intermediate_2017,2017,detail,producer_use,IOUse_After_Redefinitions_PRO_Detail.xlsx,2017,IT406,2,S00402,Used and secondhand goods,DetailedSpecialCommodity,,252,325320,Pesticide and other agricultural chemical manufacturing,Industry,,0,blank
detail_use_intermediate_2017,2017,detail,producer_use,IOUse_After_Redefinitions_PRO_Detail.xlsx,2017,IU406,2,S00402,Used and secondhand goods,DetailedSpecialCommodity,,253,325510,Paint and coating manufacturing,Industry,,0,blank
detail_use_intermediate_2017,2017,detail,producer_use,IOUse_After_Redefinitions_PRO_Detail.xlsx,2017,IV406,2,S00402,Used and secondhand goods,DetailedSpecialCommodity,,254,325520,Adhesive manufacturing,Industry,,0,blank
detail_use_intermediate_2017,2017,detail,producer_use,IOUse_After_Redefinitions_PRO_Detail.xlsx,2017,IW406,2,S00402,Used and secondhand goods,DetailedSpecialCommodity,,255,325610,Soap and cleaning compound manufacturing,Industry,,0,blank
detail_use_intermediate_2017,2017,detail,producer_use,IOUse_After_Redefinitions_PRO_Detail.xlsx,2017,IX406,2,S00402,Used and secondhand goods,DetailedSpecialCommodity,,256,325620,Toilet preparation manufacturing,Industry,,0,blank
detail_use_intermediate_2017,2017,detail,producer_use,IOUse_After_Redefinitions_PRO_Detail.xlsx,2017,IY406,2,S00402,Used and secondhand goods,DetailedSpecialCommodity,,257,325910,Printing ink manufacturing,Industry,,0,blank
detail_use_intermediate_2017,2017,detail,producer_use,IOUse_After_Redefinitions_PRO_Detail.xlsx,2017,IZ406,2,S00402,Used and secondhand goods,DetailedSpecialCommodity,,258,3259A0,All other chemical product and preparation manufacturing,Industry,,0,blank
detail_use_intermediate_2017,2017,detail,producer_use,IOUse_After_Redefinitions_PRO_Detail.xlsx,2017,JA406,2,S00402,Used and secondhand goods,DetailedSpecialCommodity,,259,326110,Plastics packaging materials and unlaminated film and sheet manufacturing,Industry,,0,blank
detail_use_intermediate_2017,2017,detail,producer_use,IOUse_After_Redefinitions_PRO_Detail.xlsx,2017,JB406,2,S00402,Used and secondhand goods,DetailedSpecialCommodity,,260,326120,"Plastics pipe, pipe fitting, and unlaminated profile shape manufacturing",Industry,,0,blank
detail_use_intermediate_2017,2017,detail,producer_use,IOUse_After_Redefinitions_PRO_Detail.xlsx,2017,JC406,2,S00402,Used and secondhand goods,DetailedSpecialCommodity,,261,326130,"Laminated plastics plate, sheet (except packaging), and shape manufacturing",Industry,,0,blank
detail_use_intermediate_2017,2017,detail,producer_use,IOUse_After_Redefinitions_PRO_Detail.xlsx,2017,JD406,2,S00402,Used and secondhand goods,DetailedSpecialCommodity,,262,326140,Polystyrene foam product manufacturing,Industry,,0,blank
detail_use_intermediate_2017,2017,detail,producer_use,IOUse_After_Redefinitions_PRO_Detail.xlsx,2017,JE406,2,S00402,Used and secondhand goods,DetailedSpecialCommodity,,263,326150,Urethane and other foam product (except polystyrene) manufacturing,Industry,,0,blank
detail_use_intermediate_2017,2017,detail,producer_use,IOUse_After_Redefinitions_PRO_Detail.xlsx,2017,JF406,2,S00402,Used and secondhand goods,DetailedSpecialCommodity,,264,326160,Plastics bottle manufacturing,Industry,,0,blank
detail_use_intermediate_2017,2017,detail,producer_use,IOUse_After_Redefinitions_PRO_Detail.xlsx,2017,JG406,2,S00402,Used and secondhand goods,DetailedSpecialCommodity,,265,326190,Other plastics product manufacturing,Industry,,0,blank
detail_use_intermediate_2017,2017,detail,producer_use,IOUse_After_Redefinitions_PRO_Detail.xlsx,2017,JH406,2,S00402,Used and secondhand goods,DetailedSpecialCommodity,,266,326210,Tire manufacturing,Industry,,2,numeric
detail_use_intermediate_2017,2017,detail,producer_use,IOUse_After_Redefinitions_PRO_Detail.xlsx,2017,JI406,2,S00402,Used and secondhand goods,DetailedSpecialCommodity,,267,326220,Rubber and plastics hoses and belting manufacturing,Industry,,0,blank
detail_use_intermediate_2017,2017,detail,producer_use,IOUse_After_Redefinitions_PRO_Detail.xlsx,2017,JJ406,2,S00402,Used and secondhand goods,DetailedSpecialCommodity,,268,326290,Other rubber product manufacturing,Industry,,0,blank
detail_use_intermediate_2017,2017,detail,producer_use,IOUse_After_Redefinitions_PRO_Detail.xlsx,2017,JK406,2,S00402,Used and secondhand goods,DetailedSpecialCommodity,,269,423100,Motor vehicle and motor vehicle parts and supplies,Industry,,0,blank
detail_use_intermediate_2017,2017,detail,producer_use,IOUse_After_Redefinitions_PRO_Detail.xlsx,2017,JL406,2,S00402,Used and secondhand goods,DetailedSpecialCommodity,,270,423400,Professional and commercial equipment and supplies,Industry,,0,blank
detail_use_intermediate_2017,2017,detail,producer_use,IOUse_After_Redefinitions_PRO_Detail.xlsx,2017,JM406,2,S00402,Used and secondhand goods,DetailedSpecialCommodity,,271,423600,Household appliances and electrical and electronic goods,Industry,,0,blank
detail_use_intermediate_2017,2017,detail,producer_use,IOUse_After_Redefinitions_PRO_Detail.xlsx,2017,JN406,2,S00402,Used and secondhand goods,DetailedSpecialCommodity,,272,423800,"Machinery, equipment, and supplies",Industry,,0,blank
detail_use_intermediate_2017,2017,detail,producer_use,IOUse_After_Redefinitions_PRO_Detail.xlsx,2017,JO406,2,S00402,Used and secondhand goods,DetailedSpecialCommodity,,273,423A00,Other durable goods merchant wholesalers,Industry,,0,blank
detail_use_intermediate_2017,2017,detail,producer_use,IOUse_After_Redefinitions_PRO_Detail.xlsx,2017,JP406,2,S00402,Used and secondhand goods,DetailedSpecialCommodity,,274,424200,Drugs and druggists' sundries,Industry,,0,blank
detail_use_intermediate_2017,2017,detail,producer_use,IOUse_After_Redefinitions_PRO_Detail.xlsx,2017,JQ406,2,S00402,Used and secondhand goods,DetailedSpecialCommodity,,275,424400,Grocery and related product wholesalers,Industry,,0,blank
detail_use_intermediate_2017,2017,detail,producer_use,IOUse_After_Redefinitions_PRO_Detail.xlsx,2017,JR406,2,S00402,Used and secondhand goods,DetailedSpecialCommodity,,276,424700,Petroleum and petroleum products,Industry,,0,blank
detail_use_intermediate_2017,2017,detail,producer_use,IOUse_After_Redefinitions_PRO_Detail.xlsx,2017,JS406,2,S00402,Used and secondhand goods,DetailedSpecialCommodity,,277,424A00,Other nondurable goods merchant wholesalers,Industry,,0,blank
detail_use_intermediate_2017,2017,detail,producer_use,IOUse_After_Redefinitions_PRO_Detail.xlsx,2017,JT406,2,S00402,Used and secondhand goods,DetailedSpecialCommodity,,278,425000,Wholesale electronic markets and agents and brokers,Industry,,0,blank
detail_use_intermediate_2017,2017,detail,producer_use,IOUse_After_Redefinitions_PRO_Detail.xlsx,2017,JU406,2,S00402,Used and secondhand goods,DetailedSpecialCommodity,,279,4200ID,Customs duties,Industry,,0,blank
detail_use_intermediate_2017,2017,detail,producer_use,IOUse_After_Redefinitions_PRO_Detail.xlsx,2017,JV406,2,S00402,Used and secondhand goods,DetailedSpecialCommodity,,280,441000,Motor vehicle and parts dealers,Industry,,40,numeric
detail_use_intermediate_2017,2017,detail,producer_use,IOUse_After_Redefinitions_PRO_Detail.xlsx,2017,JW406,2,S00402,Used and secondhand goods,DetailedSpecialCommodity,,281,445000,Food and beverage stores,Industry,,0,blank
detail_use_intermediate_2017,2017,detail,producer_use,IOUse_After_Redefinitions_PRO_Detail.xlsx,2017,JX406,2,S00402,Used and secondhand goods,DetailedSpecialCommodity,,282,452000,General merchandise stores,Industry,,0,blank
detail_use_intermediate_2017,2017,detail,producer_use,IOUse_After_Redefinitions_PRO_Detail.xlsx,2017,JY406,2,S00402,Used and secondhand goods,DetailedSpecialCommodity,,283,444000,Building material and garden equipment and supplies dealers,Industry,,0,blank
detail_use_intermediate_2017,2017,detail,producer_use,IOUse_After_Redefinitions_PRO_Detail.xlsx,2017,JZ406,2,S00402,Used and secondhand goods,DetailedSpecialCommodity,,284,446000,Health and personal care stores,Industry,,0,blank
detail_use_intermediate_2017,2017,detail,producer_use,IOUse_After_Redefinitions_PRO_Detail.xlsx,2017,KA406,2,S00402,Used and secondhand goods,DetailedSpecialCommodity,,285,447000,Gasoline stations,Industry,,0,blank
detail_use_intermediate_2017,2017,detail,producer_use,IOUse_After_Redefinitions_PRO_Detail.xlsx,2017,KB406,2,S00402,Used and secondhand goods,DetailedSpecialCommodity,,286,448000,Clothing and clothing accessories stores,Industry,,0,blank
detail_use_intermediate_2017,2017,detail,producer_use,IOUse_After_Redefinitions_PRO_Detail.xlsx,2017,KC406,2,S00402,Used and secondhand goods,DetailedSpecialCommodity,,287,454000,Nonstore retailers,Industry,,226,numeric
detail_use_intermediate_2017,2017,detail,producer_use,IOUse_After_Redefinitions_PRO_Detail.xlsx,2017,KD406,2,S00402,Used and secondhand goods,DetailedSpecialCommodity,,288,4B0000,All other retail,Industry,,0,blank
detail_use_intermediate_2017,2017,detail,producer_use,IOUse_After_Redefinitions_PRO_Detail.xlsx,2017,KE406,2,S00402,Used and secondhand goods,DetailedSpecialCommodity,,289,481000,Air transportation,Industry,,-303,numeric
detail_use_intermediate_2017,2017,detail,producer_use,IOUse_After_Redefinitions_PRO_Detail.xlsx,2017,KF406,2,S00402,Used and secondhand goods,DetailedSpecialCommodity,,290,482000,Rail transportation,Industry,,0,blank
detail_use_intermediate_2017,2017,detail,producer_use,IOUse_After_Redefinitions_PRO_Detail.xlsx,2017,KG406,2,S00402,Used and secondhand goods,DetailedSpecialCommodity,,291,483000,Water transportation,Industry,,-183,numeric
detail_use_intermediate_2017,2017,detail,producer_use,IOUse_After_Redefinitions_PRO_Detail.xlsx,2017,KH406,2,S00402,Used and secondhand goods,DetailedSpecialCommodity,,292,484000,Truck transportation,Industry,,384,numeric
detail_use_intermediate_2017,2017,detail,producer_use,IOUse_After_Redefinitions_PRO_Detail.xlsx,2017,KI406,2,S00402,Used and secondhand goods,DetailedSpecialCommodity,,293,485000,Transit and ground passenger transportation,Industry,,4,numeric
detail_use_intermediate_2017,2017,detail,producer_use,IOUse_After_Redefinitions_PRO_Detail.xlsx,2017,KJ406,2,S00402,Used and secondhand goods,DetailedSpecialCommodity,,294,486000,Pipeline transportation,Industry,,132,numeric
detail_use_intermediate_2017,2017,detail,producer_use,IOUse_After_Redefinitions_PRO_Detail.xlsx,2017,KK406,2,S00402,Used and secondhand goods,DetailedSpecialCommodity,,295,48A000,Scenic and sightseeing transportation and support activities,Industry,,4519,numeric
detail_use_intermediate_2017,2017,detail,producer_use,IOUse_After_Redefinitions_PRO_Detail.xlsx,2017,KL406,2,S00402,Used and secondhand goods,DetailedSpecialCommodity,,296,492000,Couriers and messengers,Industry,,1083,numeric
detail_use_intermediate_2017,2017,detail,producer_use,IOUse_After_Redefinitions_PRO_Detail.xlsx,2017,KM406,2,S00402,Used and secondhand goods,DetailedSpecialCommodity,,297,493000,Warehousing and storage,Industry,,0,blank
detail_use_intermediate_2017,2017,detail,producer_use,IOUse_After_Redefinitions_PRO_Detail.xlsx,2017,KN406,2,S00402,Used and secondhand goods,DetailedSpecialCommodity,,298,511110,Newspaper publishers,Industry,,0,blank
detail_use_intermediate_2017,2017,detail,producer_use,IOUse_After_Redefinitions_PRO_Detail.xlsx,2017,KO406,2,S00402,Used and secondhand goods,DetailedSpecialCommodity,,299,511120,Periodical Publishers,Industry,,0,blank
detail_use_intermediate_2017,2017,detail,producer_use,IOUse_After_Redefinitions_PRO_Detail.xlsx,2017,KP406,2,S00402,Used and secondhand goods,DetailedSpecialCommodity,,300,511130,Book publishers,Industry,,0,blank
detail_use_intermediate_2017,2017,detail,producer_use,IOUse_After_Redefinitions_PRO_Detail.xlsx,2017,KQ406,2,S00402,Used and secondhand goods,DetailedSpecialCommodity,,301,5111A0,"Directory, mailing list, and other publishers",Industry,,0,blank
detail_use_intermediate_2017,2017,detail,producer_use,IOUse_After_Redefinitions_PRO_Detail.xlsx,2017,KR406,2,S00402,Used and secondhand goods,DetailedSpecialCommodity,,302,511200,Software publishers,Industry,,0,blank
detail_use_intermediate_2017,2017,detail,producer_use,IOUse_After_Redefinitions_PRO_Detail.xlsx,2017,KS406,2,S00402,Used and secondhand goods,DetailedSpecialCommodity,,303,512100,Motion picture and video industries,Industry,,101,numeric
detail_use_intermediate_2017,2017,detail,producer_use,IOUse_After_Redefinitions_PRO_Detail.xlsx,2017,KT406,2,S00402,Used and secondhand goods,DetailedSpecialCommodity,,304,512200,Sound recording industries,Industry,,0,blank
detail_use_intermediate_2017,2017,detail,producer_use,IOUse_After_Redefinitions_PRO_Detail.xlsx,2017,KU406,2,S00402,Used and secondhand goods,DetailedSpecialCommodity,,305,515100,Radio and television broadcasting,Industry,,1,numeric
detail_use_intermediate_2017,2017,detail,producer_use,IOUse_After_Redefinitions_PRO_Detail.xlsx,2017,KV406,2,S00402,Used and secondhand goods,DetailedSpecialCommodity,,306,515200,Cable and other subscription programming,Industry,,0,blank
detail_use_intermediate_2017,2017,detail,producer_use,IOUse_After_Redefinitions_PRO_Detail.xlsx,2017,KW406,2,S00402,Used and secondhand goods,DetailedSpecialCommodity,,307,517110,Wired telecommunications carriers,Industry,,0,blank
detail_use_intermediate_2017,2017,detail,producer_use,IOUse_After_Redefinitions_PRO_Detail.xlsx,2017,KX406,2,S00402,Used and secondhand goods,DetailedSpecialCommodity,,308,517210,Wireless telecommunications carriers (except satellite),Industry,,0,blank
detail_use_intermediate_2017,2017,detail,producer_use,IOUse_After_Redefinitions_PRO_Detail.xlsx,2017,KY406,2,S00402,Used and secondhand goods,DetailedSpecialCommodity,,309,517A00,"Satellite, telecommunications resellers, and all other telecommunications",Industry,,0,blank
detail_use_intermediate_2017,2017,detail,producer_use,IOUse_After_Redefinitions_PRO_Detail.xlsx,2017,KZ406,2,S00402,Used and secondhand goods,DetailedSpecialCommodity,,310,518200,"Data processing, hosting, and related services",Industry,,0,blank
detail_use_intermediate_2017,2017,detail,producer_use,IOUse_After_Redefinitions_PRO_Detail.xlsx,2017,LA406,2,S00402,Used and secondhand goods,DetailedSpecialCommodity,,311,519130,Internet publishing and broadcasting and Web search portals,Industry,,0,blank
detail_use_intermediate_2017,2017,detail,producer_use,IOUse_After_Redefinitions_PRO_Detail.xlsx,2017,LB406,2,S00402,Used and secondhand goods,DetailedSpecialCommodity,,312,5191A0,"News syndicates, libraries, archives and all other information services",Industry,,0,blank
detail_use_intermediate_2017,2017,detail,producer_use,IOUse_After_Redefinitions_PRO_Detail.xlsx,2017,LC406,2,S00402,Used and secondhand goods,DetailedSpecialCommodity,,313,522A00,Nondepository credit intermediation and related activities,Industry,,0,blank
detail_use_intermediate_2017,2017,detail,producer_use,IOUse_After_Redefinitions_PRO_Detail.xlsx,2017,LD406,2,S00402,Used and secondhand goods,DetailedSpecialCommodity,,314,52A000,Monetary authorities and depository credit intermediation,Industry,,0,blank
detail_use_intermediate_2017,2017,detail,producer_use,IOUse_After_Redefinitions_PRO_Detail.xlsx,2017,LE406,2,S00402,Used and secondhand goods,DetailedSpecialCommodity,,315,523900,Other financial investment activities,Industry,,0,blank
detail_use_intermediate_2017,2017,detail,producer_use,IOUse_After_Redefinitions_PRO_Detail.xlsx,2017,LF406,2,S00402,Used and secondhand goods,DetailedSpecialCommodity,,316,523A00,Securities and commodity contracts intermediation and brokerage,Industry,,0,blank
detail_use_intermediate_2017,2017,detail,producer_use,IOUse_After_Redefinitions_PRO_Detail.xlsx,2017,LG406,2,S00402,Used and secondhand goods,DetailedSpecialCommodity,,317,524113,Direct life insurance carriers,Industry,,0,blank
detail_use_intermediate_2017,2017,detail,producer_use,IOUse_After_Redefinitions_PRO_Detail.xlsx,2017,LH406,2,S00402,Used and secondhand goods,DetailedSpecialCommodity,,318,5241XX,"Insurance carriers, except direct life",Industry,,0,blank
detail_use_intermediate_2017,2017,detail,producer_use,IOUse_After_Redefinitions_PRO_Detail.xlsx,2017,LI406,2,S00402,Used and secondhand goods,DetailedSpecialCommodity,,319,524200,"Insurance agencies, brokerages, and related activities",Industry,,0,blank
detail_use_intermediate_2017,2017,detail,producer_use,IOUse_After_Redefinitions_PRO_Detail.xlsx,2017,LJ406,2,S00402,Used and secondhand goods,DetailedSpecialCommodity,,320,525000,"Funds, trusts, and other financial vehicles",Industry,,0,blank
detail_use_intermediate_2017,2017,detail,producer_use,IOUse_After_Redefinitions_PRO_Detail.xlsx,2017,LK406,2,S00402,Used and secondhand goods,DetailedSpecialCommodity,,321,531HSO,Owner-occupied housing,Industry,,0,blank
detail_use_intermediate_2017,2017,detail,producer_use,IOUse_After_Redefinitions_PRO_Detail.xlsx,2017,LL406,2,S00402,Used and secondhand goods,DetailedSpecialCommodity,,322,531HST,Tenant-occupied housing,Industry,,0,blank
detail_use_intermediate_2017,2017,detail,producer_use,IOUse_After_Redefinitions_PRO_Detail.xlsx,2017,LM406,2,S00402,Used and secondhand goods,DetailedSpecialCommodity,,323,531ORE,Other real estate,Industry,,0,blank
detail_use_intermediate_2017,2017,detail,producer_use,IOUse_After_Redefinitions_PRO_Detail.xlsx,2017,LN406,2,S00402,Used and secondhand goods,DetailedSpecialCommodity,,324,532100,Automotive equipment rental and leasing,Industry,,0,blank
detail_use_intermediate_2017,2017,detail,producer_use,IOUse_After_Redefinitions_PRO_Detail.xlsx,2017,LO406,2,S00402,Used and secondhand goods,DetailedSpecialCommodity,,325,532400,Commercial and industrial machinery and equipment rental and leasing,Industry,,0,blank
detail_use_intermediate_2017,2017,detail,producer_use,IOUse_After_Redefinitions_PRO_Detail.xlsx,2017,LP406,2,S00402,Used and secondhand goods,DetailedSpecialCommodity,,326,532A00,General and consumer goods rental,Industry,,8,numeric
detail_use_intermediate_2017,2017,detail,producer_use,IOUse_After_Redefinitions_PRO_Detail.xlsx,2017,LQ406,2,S00402,Used and secondhand goods,DetailedSpecialCommodity,,327,533000,Lessors of nonfinancial intangible assets,Industry,,0,blank
detail_use_intermediate_2017,2017,detail,producer_use,IOUse_After_Redefinitions_PRO_Detail.xlsx,2017,LR406,2,S00402,Used and secondhand goods,DetailedSpecialCommodity,,328,541100,Legal services,Industry,,0,blank
detail_use_intermediate_2017,2017,detail,producer_use,IOUse_After_Redefinitions_PRO_Detail.xlsx,2017,LS406,2,S00402,Used and secondhand goods,DetailedSpecialCommodity,,329,541511,Custom computer programming services,Industry,,0,blank
detail_use_intermediate_2017,2017,detail,producer_use,IOUse_After_Redefinitions_PRO_Detail.xlsx,2017,LT406,2,S00402,Used and secondhand goods,DetailedSpecialCommodity,,330,541512,Computer systems design services,Industry,,0,blank
detail_use_intermediate_2017,2017,detail,producer_use,IOUse_After_Redefinitions_PRO_Detail.xlsx,2017,LU406,2,S00402,Used and secondhand goods,DetailedSpecialCommodity,,331,54151A,"Other computer related services, including facilities management",Industry,,0,blank
detail_use_intermediate_2017,2017,detail,producer_use,IOUse_After_Redefinitions_PRO_Detail.xlsx,2017,LV406,2,S00402,Used and secondhand goods,DetailedSpecialCommodity,,332,541200,"Accounting, tax preparation, bookkeeping, and payroll services",Industry,,0,blank
detail_use_intermediate_2017,2017,detail,producer_use,IOUse_After_Redefinitions_PRO_Detail.xlsx,2017,LW406,2,S00402,Used and secondhand goods,DetailedSpecialCommodity,,333,541300,"Architectural, engineering, and related services",Industry,,0,blank
detail_use_intermediate_2017,2017,detail,producer_use,IOUse_After_Redefinitions_PRO_Detail.xlsx,2017,LX406,2,S00402,Used and secondhand goods,DetailedSpecialCommodity,,334,541610,Management consulting services,Industry,,0,blank
detail_use_intermediate_2017,2017,detail,producer_use,IOUse_After_Redefinitions_PRO_Detail.xlsx,2017,LY406,2,S00402,Used and secondhand goods,DetailedSpecialCommodity,,335,5416A0,Environmental and other technical consulting services,Industry,,0,blank
detail_use_intermediate_2017,2017,detail,producer_use,IOUse_After_Redefinitions_PRO_Detail.xlsx,2017,LZ406,2,S00402,Used and secondhand goods,DetailedSpecialCommodity,,336,541700,Scientific research and development services,Industry,,0,blank
detail_use_intermediate_2017,2017,detail,producer_use,IOUse_After_Redefinitions_PRO_Detail.xlsx,2017,MA406,2,S00402,Used and secondhand goods,DetailedSpecialCommodity,,337,541800,"Advertising, public relations, and related services",Industry,,0,blank
detail_use_intermediate_2017,2017,detail,producer_use,IOUse_After_Redefinitions_PRO_Detail.xlsx,2017,MB406,2,S00402,Used and secondhand goods,DetailedSpecialCommodity,,338,541400,Specialized design services,Industry,,0,blank
detail_use_intermediate_2017,2017,detail,producer_use,IOUse_After_Redefinitions_PRO_Detail.xlsx,2017,MC406,2,S00402,Used and secondhand goods,DetailedSpecialCommodity,,339,541920,Photographic services,Industry,,0,blank
detail_use_intermediate_2017,2017,detail,producer_use,IOUse_After_Redefinitions_PRO_Detail.xlsx,2017,MD406,2,S00402,Used and secondhand goods,DetailedSpecialCommodity,,340,541940,Veterinary services,Industry,,0,blank
detail_use_intermediate_2017,2017,detail,producer_use,IOUse_After_Redefinitions_PRO_Detail.xlsx,2017,ME406,2,S00402,Used and secondhand goods,DetailedSpecialCommodity,,341,5419A0,"All other miscellaneous professional, scientific, and technical services",Industry,,0,blank
detail_use_intermediate_2017,2017,detail,producer_use,IOUse_After_Redefinitions_PRO_Detail.xlsx,2017,MF406,2,S00402,Used and secondhand goods,DetailedSpecialCommodity,,342,550000,Management of companies and enterprises,Industry,,375,numeric
detail_use_intermediate_2017,2017,detail,producer_use,IOUse_After_Redefinitions_PRO_Detail.xlsx,2017,MG406,2,S00402,Used and secondhand goods,DetailedSpecialCommodity,,343,561300,Employment services,Industry,,0,blank
detail_use_intermediate_2017,2017,detail,producer_use,IOUse_After_Redefinitions_PRO_Detail.xlsx,2017,MH406,2,S00402,Used and secondhand goods,DetailedSpecialCommodity,,344,561700,Services to buildings and dwellings,Industry,,0,blank
detail_use_intermediate_2017,2017,detail,producer_use,IOUse_After_Redefinitions_PRO_Detail.xlsx,2017,MI406,2,S00402,Used and secondhand goods,DetailedSpecialCommodity,,345,561100,Office administrative services,Industry,,0,blank
detail_use_intermediate_2017,2017,detail,producer_use,IOUse_After_Redefinitions_PRO_Detail.xlsx,2017,MJ406,2,S00402,Used and secondhand goods,DetailedSpecialCommodity,,346,561200,Facilities support services,Industry,,0,blank
detail_use_intermediate_2017,2017,detail,producer_use,IOUse_After_Redefinitions_PRO_Detail.xlsx,2017,MK406,2,S00402,Used and secondhand goods,DetailedSpecialCommodity,,347,561400,Business support services,Industry,,0,blank
detail_use_intermediate_2017,2017,detail,producer_use,IOUse_After_Redefinitions_PRO_Detail.xlsx,2017,ML406,2,S00402,Used and secondhand goods,DetailedSpecialCommodity,,348,561500,Travel arrangement and reservation services,Industry,,0,blank
detail_use_intermediate_2017,2017,detail,producer_use,IOUse_After_Redefinitions_PRO_Detail.xlsx,2017,MM406,2,S00402,Used and secondhand goods,DetailedSpecialCommodity,,349,561600,Investigation and security services,Industry,,0,blank
detail_use_intermediate_2017,2017,detail,producer_use,IOUse_After_Redefinitions_PRO_Detail.xlsx,2017,MN406,2,S00402,Used and secondhand goods,DetailedSpecialCommodity,,350,561900,Other support services,Industry,,0,blank
detail_use_intermediate_2017,2017,detail,producer_use,IOUse_After_Redefinitions_PRO_Detail.xlsx,2017,MO406,2,S00402,Used and secondhand goods,DetailedSpecialCommodity,,351,562000,Waste management and remediation services,Industry,,0,blank
detail_use_intermediate_2017,2017,detail,producer_use,IOUse_After_Redefinitions_PRO_Detail.xlsx,2017,MP406,2,S00402,Used and secondhand goods,DetailedSpecialCommodity,,352,611100,Elementary and secondary schools,Industry,,0,blank
detail_use_intermediate_2017,2017,detail,producer_use,IOUse_After_Redefinitions_PRO_Detail.xlsx,2017,MQ406,2,S00402,Used and secondhand goods,DetailedSpecialCommodity,,353,611A00,"Junior colleges, colleges, universities, and professional schools",Industry,,0,blank
detail_use_intermediate_2017,2017,detail,producer_use,IOUse_After_Redefinitions_PRO_Detail.xlsx,2017,MR406,2,S00402,Used and secondhand goods,DetailedSpecialCommodity,,354,611B00,Other educational services,Industry,,819,numeric
detail_use_intermediate_2017,2017,detail,producer_use,IOUse_After_Redefinitions_PRO_Detail.xlsx,2017,MS406,2,S00402,Used and secondhand goods,DetailedSpecialCommodity,,355,621100,Offices of physicians,Industry,,0,blank
detail_use_intermediate_2017,2017,detail,producer_use,IOUse_After_Redefinitions_PRO_Detail.xlsx,2017,MT406,2,S00402,Used and secondhand goods,DetailedSpecialCommodity,,356,621200,Offices of dentists,Industry,,0,blank
detail_use_intermediate_2017,2017,detail,producer_use,IOUse_After_Redefinitions_PRO_Detail.xlsx,2017,MU406,2,S00402,Used and secondhand goods,DetailedSpecialCommodity,,357,621300,Offices of other health practitioners,Industry,,0,blank
detail_use_intermediate_2017,2017,detail,producer_use,IOUse_After_Redefinitions_PRO_Detail.xlsx,2017,MV406,2,S00402,Used and secondhand goods,DetailedSpecialCommodity,,358,621400,Outpatient care centers,Industry,,0,blank
detail_use_intermediate_2017,2017,detail,producer_use,IOUse_After_Redefinitions_PRO_Detail.xlsx,2017,MW406,2,S00402,Used and secondhand goods,DetailedSpecialCommodity,,359,621500,Medical and diagnostic laboratories,Industry,,0,blank
detail_use_intermediate_2017,2017,detail,producer_use,IOUse_After_Redefinitions_PRO_Detail.xlsx,2017,MX406,2,S00402,Used and secondhand goods,DetailedSpecialCommodity,,360,621600,Home health care services,Industry,,0,blank
detail_use_intermediate_2017,2017,detail,producer_use,IOUse_After_Redefinitions_PRO_Detail.xlsx,2017,MY406,2,S00402,Used and secondhand goods,DetailedSpecialCommodity,,361,621900,Other ambulatory health care services,Industry,,0,numeric
detail_use_intermediate_2017,2017,detail,producer_use,IOUse_After_Redefinitions_PRO_Detail.xlsx,2017,MZ406,2,S00402,Used and secondhand goods,DetailedSpecialCommodity,,362,622000,Hospitals,Industry,,0,blank
detail_use_intermediate_2017,2017,detail,producer_use,IOUse_After_Redefinitions_PRO_Detail.xlsx,2017,NA406,2,S00402,Used and secondhand goods,DetailedSpecialCommodity,,363,623A00,Nursing and community care facilities,Industry,,0,blank
detail_use_intermediate_2017,2017,detail,producer_use,IOUse_After_Redefinitions_PRO_Detail.xlsx,2017,NB406,2,S00402,Used and secondhand goods,DetailedSpecialCommodity,,364,623B00,"Residential mental health, substance abuse, and other residential care facilities",Industry,,0,blank
detail_use_intermediate_2017,2017,detail,producer_use,IOUse_After_Redefinitions_PRO_Detail.xlsx,2017,NC406,2,S00402,Used and secondhand goods,DetailedSpecialCommodity,,365,624100,Individual and family services,Industry,,0,blank
detail_use_intermediate_2017,2017,detail,producer_use,IOUse_After_Redefinitions_PRO_Detail.xlsx,2017,ND406,2,S00402,Used and secondhand goods,DetailedSpecialCommodity,,366,624400,Child day care services,Industry,,0,blank
detail_use_intermediate_2017,2017,detail,producer_use,IOUse_After_Redefinitions_PRO_Detail.xlsx,2017,NE406,2,S00402,Used and secondhand goods,DetailedSpecialCommodity,,367,624A00,"Community food, housing, and other relief services, including vocational rehabilitation services",Industry,,0,blank
detail_use_intermediate_2017,2017,detail,producer_use,IOUse_After_Redefinitions_PRO_Detail.xlsx,2017,NF406,2,S00402,Used and secondhand goods,DetailedSpecialCommodity,,368,711100,Performing arts companies,Industry,,-155,numeric
detail_use_intermediate_2017,2017,detail,producer_use,IOUse_After_Redefinitions_PRO_Detail.xlsx,2017,NG406,2,S00402,Used and secondhand goods,DetailedSpecialCommodity,,369,711200,Spectator sports,Industry,,0,blank
detail_use_intermediate_2017,2017,detail,producer_use,IOUse_After_Redefinitions_PRO_Detail.xlsx,2017,NH406,2,S00402,Used and secondhand goods,DetailedSpecialCommodity,,370,711500,"Independent artists, writers, and performers",Industry,,0,blank
detail_use_intermediate_2017,2017,detail,producer_use,IOUse_After_Redefinitions_PRO_Detail.xlsx,2017,NI406,2,S00402,Used and secondhand goods,DetailedSpecialCommodity,,371,711A00,Promoters of performing arts and sports and agents for public figures,Industry,,0,blank
detail_use_intermediate_2017,2017,detail,producer_use,IOUse_After_Redefinitions_PRO_Detail.xlsx,2017,NJ406,2,S00402,Used and secondhand goods,DetailedSpecialCommodity,,372,712000,"Museums, historical sites, zoos, and parks",Industry,,22,numeric
detail_use_intermediate_2017,2017,detail,producer_use,IOUse_After_Redefinitions_PRO_Detail.xlsx,2017,NK406,2,S00402,Used and secondhand goods,DetailedSpecialCommodity,,373,713100,Amusement parks and arcades,Industry,,0,blank
detail_use_intermediate_2017,2017,detail,producer_use,IOUse_After_Redefinitions_PRO_Detail.xlsx,2017,NL406,2,S00402,Used and secondhand goods,DetailedSpecialCommodity,,374,713200,Gambling industries (except casino hotels),Industry,,233,numeric
detail_use_intermediate_2017,2017,detail,producer_use,IOUse_After_Redefinitions_PRO_Detail.xlsx,2017,NM406,2,S00402,Used and secondhand goods,DetailedSpecialCommodity,,375,713900,Other amusement and recreation industries,Industry,,347,numeric
detail_use_intermediate_2017,2017,detail,producer_use,IOUse_After_Redefinitions_PRO_Detail.xlsx,2017,NN406,2,S00402,Used and secondhand goods,DetailedSpecialCommodity,,376,721000,Accommodation,Industry,,0,blank
detail_use_intermediate_2017,2017,detail,producer_use,IOUse_After_Redefinitions_PRO_Detail.xlsx,2017,NO406,2,S00402,Used and secondhand goods,DetailedSpecialCommodity,,377,722110,Full-service restaurants,Industry,,0,blank
detail_use_intermediate_2017,2017,detail,producer_use,IOUse_After_Redefinitions_PRO_Detail.xlsx,2017,NP406,2,S00402,Used and secondhand goods,DetailedSpecialCommodity,,378,722211,Limited-service restaurants,Industry,,0,blank
detail_use_intermediate_2017,2017,detail,producer_use,IOUse_After_Redefinitions_PRO_Detail.xlsx,2017,NQ406,2,S00402,Used and secondhand goods,DetailedSpecialCommodity,,379,722A00,All other food and drinking places,Industry,,0,blank
detail_use_intermediate_2017,2017,detail,producer_use,IOUse_After_Redefinitions_PRO_Detail.xlsx,2017,NR406,2,S00402,Used and secondhand goods,DetailedSpecialCommodity,,380,811100,Automotive repair and maintenance (including car washes),Industry,,10196,numeric
detail_use_intermediate_2017,2017,detail,producer_use,IOUse_After_Redefinitions_PRO_Detail.xlsx,2017,NS406,2,S00402,Used and secondhand goods,DetailedSpecialCommodity,,381,811200,Electronic and precision equipment repair and maintenance,Industry,,0,blank
detail_use_intermediate_2017,2017,detail,producer_use,IOUse_After_Redefinitions_PRO_Detail.xlsx,2017,NT406,2,S00402,Used and secondhand goods,DetailedSpecialCommodity,,382,811300,Commercial and industrial machinery and equipment repair and maintenance,Industry,,0,blank
detail_use_intermediate_2017,2017,detail,producer_use,IOUse_After_Redefinitions_PRO_Detail.xlsx,2017,NU406,2,S00402,Used and secondhand goods,DetailedSpecialCommodity,,383,811400,Personal and household goods repair and maintenance,Industry,,0,blank
detail_use_intermediate_2017,2017,detail,producer_use,IOUse_After_Redefinitions_PRO_Detail.xlsx,2017,NV406,2,S00402,Used and secondhand goods,DetailedSpecialCommodity,,384,812100,Personal care services,Industry,,0,blank
detail_use_intermediate_2017,2017,detail,producer_use,IOUse_After_Redefinitions_PRO_Detail.xlsx,2017,NW406,2,S00402,Used and secondhand goods,DetailedSpecialCommodity,,385,812200,Death care services,Industry,,0,numeric
detail_use_intermediate_2017,2017,detail,producer_use,IOUse_After_Redefinitions_PRO_Detail.xlsx,2017,NX406,2,S00402,Used and secondhand goods,DetailedSpecialCommodity,,386,812300,Dry-cleaning and laundry services,Industry,,9,numeric
detail_use_intermediate_2017,2017,detail,producer_use,IOUse_After_Redefinitions_PRO_Detail.xlsx,2017,NY406,2,S00402,Used and secondhand goods,DetailedSpecialCommodity,,387,812900,Other personal services,Industry,,0,blank
detail_use_intermediate_2017,2017,detail,producer_use,IOUse_After_Redefinitions_PRO_Detail.xlsx,2017,NZ406,2,S00402,Used and secondhand goods,DetailedSpecialCommodity,,388,813100,Religious organizations,Industry,,81,numeric
detail_use_intermediate_2017,2017,detail,producer_use,IOUse_After_Redefinitions_PRO_Detail.xlsx,2017,OA406,2,S00402,Used and secondhand goods,DetailedSpecialCommodity,,389,813A00,"Grantmaking, giving, and social advocacy organizations",Industry,,0,numeric
detail_use_intermediate_2017,2017,detail,producer_use,IOUse_After_Redefinitions_PRO_Detail.xlsx,2017,OB406,2,S00402,Used and secondhand goods,DetailedSpecialCommodity,,390,813B00,"Civic, social, professional, and similar organizations",Industry,,0,blank
detail_use_intermediate_2017,2017,detail,producer_use,IOUse_After_Redefinitions_PRO_Detail.xlsx,2017,OC406,2,S00402,Used and secondhand goods,DetailedSpecialCommodity,,391,814000,Private households,Industry,,0,blank
detail_use_intermediate_2017,2017,detail,producer_use,IOUse_After_Redefinitions_PRO_Detail.xlsx,2017,OD406,2,S00402,Used and secondhand goods,DetailedSpecialCommodity,,392,S00500,Federal general government (defense),Industry,,-49,numeric
detail_use_intermediate_2017,2017,detail,producer_use,IOUse_After_Redefinitions_PRO_Detail.xlsx,2017,OE406,2,S00402,Used and secondhand goods,DetailedSpecialCommodity,,393,S00600,Federal general government (nondefense),Industry,,0,blank
detail_use_intermediate_2017,2017,detail,producer_use,IOUse_After_Redefinitions_PRO_Detail.xlsx,2017,OF406,2,S00402,Used and secondhand goods,DetailedSpecialCommodity,,394,491000,Postal service,Industry,,0,blank
detail_use_intermediate_2017,2017,detail,producer_use,IOUse_After_Redefinitions_PRO_Detail.xlsx,2017,OG406,2,S00402,Used and secondhand goods,DetailedSpecialCommodity,,395,S00101,Federal electric utilities,Industry,,0,blank
detail_use_intermediate_2017,2017,detail,producer_use,IOUse_After_Redefinitions_PRO_Detail.xlsx,2017,OH406,2,S00402,Used and secondhand goods,DetailedSpecialCommodity,,396,S00102,Other federal government enterprises,Industry,,0,blank
detail_use_intermediate_2017,2017,detail,producer_use,IOUse_After_Redefinitions_PRO_Detail.xlsx,2017,OI406,2,S00402,Used and secondhand goods,DetailedSpecialCommodity,,397,GSLGE,State and local government (educational services),Industry,,0,blank
detail_use_intermediate_2017,2017,detail,producer_use,IOUse_After_Redefinitions_PRO_Detail.xlsx,2017,OJ406,2,S00402,Used and secondhand goods,DetailedSpecialCommodity,,398,GSLGH,State and local government (hospitals and health services),Industry,,0,blank
detail_use_intermediate_2017,2017,detail,producer_use,IOUse_After_Redefinitions_PRO_Detail.xlsx,2017,OK406,2,S00402,Used and secondhand goods,DetailedSpecialCommodity,,399,GSLGO,State and local government (other services),Industry,,0,blank
detail_use_intermediate_2017,2017,detail,producer_use,IOUse_After_Redefinitions_PRO_Detail.xlsx,2017,OL406,2,S00402,Used and secondhand goods,DetailedSpecialCommodity,,400,S00201,State and local government passenger transit,Industry,,0,blank
detail_use_intermediate_2017,2017,detail,producer_use,IOUse_After_Redefinitions_PRO_Detail.xlsx,2017,OM406,2,S00402,Used and secondhand goods,DetailedSpecialCommodity,,401,S00202,State and local government electric utilities,Industry,,0,blank
detail_use_intermediate_2017,2017,detail,producer_use,IOUse_After_Redefinitions_PRO_Detail.xlsx,2017,ON406,2,S00402,Used and secondhand goods,DetailedSpecialCommodity,,402,S00203,Other state and local government enterprises,Industry,,0,blank
detail_use_intermediate_2017,2017,detail,producer_use,IOUse_After_Redefinitions_PRO_Detail.xlsx,2017,C407,3,S00300,Noncomparable imports,DetailedSpecialCommodity,,1,1111A0,Oilseed farming,Industry,,111,numeric
detail_use_intermediate_2017,2017,detail,producer_use,IOUse_After_Redefinitions_PRO_Detail.xlsx,2017,D407,3,S00300,Noncomparable imports,DetailedSpecialCommodity,,2,1111B0,Grain farming,Industry,,371,numeric
detail_use_intermediate_2017,2017,detail,producer_use,IOUse_After_Redefinitions_PRO_Detail.xlsx,2017,E407,3,S00300,Noncomparable imports,DetailedSpecialCommodity,,3,111200,Vegetable and melon farming,Industry,,0,blank
detail_use_intermediate_2017,2017,detail,producer_use,IOUse_After_Redefinitions_PRO_Detail.xlsx,2017,F407,3,S00300,Noncomparable imports,DetailedSpecialCommodity,,4,111300,Fruit and tree nut farming,Industry,,0,blank
detail_use_intermediate_2017,2017,detail,producer_use,IOUse_After_Redefinitions_PRO_Detail.xlsx,2017,G407,3,S00300,Noncomparable imports,DetailedSpecialCommodity,,5,111400,"Greenhouse, nursery, and floriculture production",Industry,,0,blank
detail_use_intermediate_2017,2017,detail,producer_use,IOUse_After_Redefinitions_PRO_Detail.xlsx,2017,H407,3,S00300,Noncomparable imports,DetailedSpecialCommodity,,6,111900,Other crop farming,Industry,,0,blank
detail_use_intermediate_2017,2017,detail,producer_use,IOUse_After_Redefinitions_PRO_Detail.xlsx,2017,I407,3,S00300,Noncomparable imports,DetailedSpecialCommodity,,7,112120,Dairy cattle and milk production,Industry,,181,numeric
detail_use_intermediate_2017,2017,detail,producer_use,IOUse_After_Redefinitions_PRO_Detail.xlsx,2017,J407,3,S00300,Noncomparable imports,DetailedSpecialCommodity,,8,1121A0,"Beef cattle ranching and farming, including feedlots and dual-purpose ranching and farming",Industry,,172,numeric
detail_use_intermediate_2017,2017,detail,producer_use,IOUse_After_Redefinitions_PRO_Detail.xlsx,2017,K407,3,S00300,Noncomparable imports,DetailedSpecialCommodity,,9,112300,Poultry and egg production,Industry,,133,numeric
detail_use_intermediate_2017,2017,detail,producer_use,IOUse_After_Redefinitions_PRO_Detail.xlsx,2017,L407,3,S00300,Noncomparable imports,DetailedSpecialCommodity,,10,112A00,"Animal production, except cattle and poultry and eggs",Industry,,119,numeric
detail_use_intermediate_2017,2017,detail,producer_use,IOUse_After_Redefinitions_PRO_Detail.xlsx,2017,M407,3,S00300,Noncomparable imports,DetailedSpecialCommodity,,11,113000,Forestry and logging,Industry,,2,numeric
detail_use_intermediate_2017,2017,detail,producer_use,IOUse_After_Redefinitions_PRO_Detail.xlsx,2017,N407,3,S00300,Noncomparable imports,DetailedSpecialCommodity,,12,114000,"Fishing, hunting and trapping",Industry,,1,numeric
detail_use_intermediate_2017,2017,detail,producer_use,IOUse_After_Redefinitions_PRO_Detail.xlsx,2017,O407,3,S00300,Noncomparable imports,DetailedSpecialCommodity,,13,115000,Support activities for agriculture and forestry,Industry,,46,numeric
detail_use_intermediate_2017,2017,detail,producer_use,IOUse_After_Redefinitions_PRO_Detail.xlsx,2017,P407,3,S00300,Noncomparable imports,DetailedSpecialCommodity,,14,211000,Oil and gas extraction,Industry,,512,numeric
detail_use_intermediate_2017,2017,detail,producer_use,IOUse_After_Redefinitions_PRO_Detail.xlsx,2017,Q407,3,S00300,Noncomparable imports,DetailedSpecialCommodity,,15,212100,Coal mining,Industry,,4,numeric
detail_use_intermediate_2017,2017,detail,producer_use,IOUse_After_Redefinitions_PRO_Detail.xlsx,2017,R407,3,S00300,Noncomparable imports,DetailedSpecialCommodity,,16,212230,"Copper, nickel, lead, and zinc mining",Industry,,9,numeric
detail_use_intermediate_2017,2017,detail,producer_use,IOUse_After_Redefinitions_PRO_Detail.xlsx,2017,S407,3,S00300,Noncomparable imports,DetailedSpecialCommodity,,17,2122A0,"Iron, gold, silver, and other metal ore mining",Industry,,5,numeric
detail_use_intermediate_2017,2017,detail,producer_use,IOUse_After_Redefinitions_PRO_Detail.xlsx,2017,T407,3,S00300,Noncomparable imports,DetailedSpecialCommodity,,18,212310,Stone mining and quarrying,Industry,,0,numeric
detail_use_intermediate_2017,2017,detail,producer_use,IOUse_After_Redefinitions_PRO_Detail.xlsx,2017,U407,3,S00300,Noncomparable imports,DetailedSpecialCommodity,,19,2123A0,Other nonmetallic mineral mining and quarrying,Industry,,1,numeric
detail_use_intermediate_2017,2017,detail,producer_use,IOUse_After_Redefinitions_PRO_Detail.xlsx,2017,V407,3,S00300,Noncomparable imports,DetailedSpecialCommodity,,20,213111,Drilling oil and gas wells,Industry,,74,numeric
detail_use_intermediate_2017,2017,detail,producer_use,IOUse_After_Redefinitions_PRO_Detail.xlsx,2017,W407,3,S00300,Noncomparable imports,DetailedSpecialCommodity,,21,21311A,Other support activities for mining,Industry,,343,numeric
detail_use_intermediate_2017,2017,detail,producer_use,IOUse_After_Redefinitions_PRO_Detail.xlsx,2017,X407,3,S00300,Noncomparable imports,DetailedSpecialCommodity,,22,221100,"Electric power generation, transmission, and distribution",Industry,,1797,numeric
detail_use_intermediate_2017,2017,detail,producer_use,IOUse_After_Redefinitions_PRO_Detail.xlsx,2017,Y407,3,S00300,Noncomparable imports,DetailedSpecialCommodity,,23,221200,Natural gas distribution,Industry,,90,numeric
detail_use_intermediate_2017,2017,detail,producer_use,IOUse_After_Redefinitions_PRO_Detail.xlsx,2017,Z407,3,S00300,Noncomparable imports,DetailedSpecialCommodity,,24,221300,"Water, sewage and other systems",Industry,,13,numeric
detail_use_intermediate_2017,2017,detail,producer_use,IOUse_After_Redefinitions_PRO_Detail.xlsx,2017,AA407,3,S00300,Noncomparable imports,DetailedSpecialCommodity,,25,233210,Health care structures,Industry,,75,numeric
detail_use_intermediate_2017,2017,detail,producer_use,IOUse_After_Redefinitions_PRO_Detail.xlsx,2017,AB407,3,S00300,Noncomparable imports,DetailedSpecialCommodity,,26,233262,Educational and vocational structures,Industry,,0,blank
detail_use_intermediate_2017,2017,detail,producer_use,IOUse_After_Redefinitions_PRO_Detail.xlsx,2017,AC407,3,S00300,Noncomparable imports,DetailedSpecialCommodity,,27,230301,Nonresidential maintenance and repair,Industry,,0,blank
detail_use_intermediate_2017,2017,detail,producer_use,IOUse_After_Redefinitions_PRO_Detail.xlsx,2017,AD407,3,S00300,Noncomparable imports,DetailedSpecialCommodity,,28,230302,Residential maintenance and repair,Industry,,0,blank
detail_use_intermediate_2017,2017,detail,producer_use,IOUse_After_Redefinitions_PRO_Detail.xlsx,2017,AE407,3,S00300,Noncomparable imports,DetailedSpecialCommodity,,29,2332A0,Office and commercial structures,Industry,,153,numeric
detail_use_intermediate_2017,2017,detail,producer_use,IOUse_After_Redefinitions_PRO_Detail.xlsx,2017,AF407,3,S00300,Noncomparable imports,DetailedSpecialCommodity,,30,233412,Multifamily residential structures,Industry,,126,numeric
detail_use_intermediate_2017,2017,detail,producer_use,IOUse_After_Redefinitions_PRO_Detail.xlsx,2017,AG407,3,S00300,Noncomparable imports,DetailedSpecialCommodity,,31,2334A0,Other residential structures,Industry,,446,numeric
detail_use_intermediate_2017,2017,detail,producer_use,IOUse_After_Redefinitions_PRO_Detail.xlsx,2017,AH407,3,S00300,Noncomparable imports,DetailedSpecialCommodity,,32,233230,Manufacturing structures,Industry,,0,blank
detail_use_intermediate_2017,2017,detail,producer_use,IOUse_After_Redefinitions_PRO_Detail.xlsx,2017,AI407,3,S00300,Noncomparable imports,DetailedSpecialCommodity,,33,2332D0,Other nonresidential structures,Industry,,130,numeric
detail_use_intermediate_2017,2017,detail,producer_use,IOUse_After_Redefinitions_PRO_Detail.xlsx,2017,AJ407,3,S00300,Noncomparable imports,DetailedSpecialCommodity,,34,233240,Power and communication structures,Industry,,223,numeric
detail_use_intermediate_2017,2017,detail,producer_use,IOUse_After_Redefinitions_PRO_Detail.xlsx,2017,AK407,3,S00300,Noncomparable imports,DetailedSpecialCommodity,,35,233411,Single-family residential structures,Industry,,366,numeric
detail_use_intermediate_2017,2017,detail,producer_use,IOUse_After_Redefinitions_PRO_Detail.xlsx,2017,AL407,3,S00300,Noncomparable imports,DetailedSpecialCommodity,,36,2332C0,Transportation structures and highways and streets,Industry,,263,numeric
detail_use_intermediate_2017,2017,detail,producer_use,IOUse_After_Redefinitions_PRO_Detail.xlsx,2017,AM407,3,S00300,Noncomparable imports,DetailedSpecialCommodity,,37,321100,Sawmills and wood preservation,Industry,,68,numeric
detail_use_intermediate_2017,2017,detail,producer_use,IOUse_After_Redefinitions_PRO_Detail.xlsx,2017,AN407,3,S00300,Noncomparable imports,DetailedSpecialCommodity,,38,321200,"Veneer, plywood, and engineered wood product manufacturing",Industry,,44,numeric
detail_use_intermediate_2017,2017,detail,producer_use,IOUse_After_Redefinitions_PRO_Detail.xlsx,2017,AO407,3,S00300,Noncomparable imports,DetailedSpecialCommodity,,39,321910,Millwork,Industry,,50,numeric
detail_use_intermediate_2017,2017,detail,producer_use,IOUse_After_Redefinitions_PRO_Detail.xlsx,2017,AP407,3,S00300,Noncomparable imports,DetailedSpecialCommodity,,40,3219A0,All other wood product manufacturing,Industry,,30,numeric
detail_use_intermediate_2017,2017,detail,producer_use,IOUse_After_Redefinitions_PRO_Detail.xlsx,2017,AQ407,3,S00300,Noncomparable imports,DetailedSpecialCommodity,,41,327100,Clay product and refractory manufacturing,Industry,,21,numeric
detail_use_intermediate_2017,2017,detail,producer_use,IOUse_After_Redefinitions_PRO_Detail.xlsx,2017,AR407,3,S00300,Noncomparable imports,DetailedSpecialCommodity,,42,327200,Glass and glass product manufacturing,Industry,,101,numeric
detail_use_intermediate_2017,2017,detail,producer_use,IOUse_After_Redefinitions_PRO_Detail.xlsx,2017,AS407,3,S00300,Noncomparable imports,DetailedSpecialCommodity,,43,327310,Cement manufacturing,Industry,,22,numeric
detail_use_intermediate_2017,2017,detail,producer_use,IOUse_After_Redefinitions_PRO_Detail.xlsx,2017,AT407,3,S00300,Noncomparable imports,DetailedSpecialCommodity,,44,327320,Ready-mix concrete manufacturing,Industry,,10,numeric
detail_use_intermediate_2017,2017,detail,producer_use,IOUse_After_Redefinitions_PRO_Detail.xlsx,2017,AU407,3,S00300,Noncomparable imports,DetailedSpecialCommodity,,45,327330,"Concrete pipe, brick, and block manufacturing",Industry,,10,numeric
detail_use_intermediate_2017,2017,detail,producer_use,IOUse_After_Redefinitions_PRO_Detail.xlsx,2017,AV407,3,S00300,Noncomparable imports,DetailedSpecialCommodity,,46,327390,Other concrete product manufacturing,Industry,,34,numeric
detail_use_intermediate_2017,2017,detail,producer_use,IOUse_After_Redefinitions_PRO_Detail.xlsx,2017,AW407,3,S00300,Noncomparable imports,DetailedSpecialCommodity,,47,327400,Lime and gypsum product manufacturing,Industry,,11,numeric
detail_use_intermediate_2017,2017,detail,producer_use,IOUse_After_Redefinitions_PRO_Detail.xlsx,2017,AX407,3,S00300,Noncomparable imports,DetailedSpecialCommodity,,48,327910,Abrasive product manufacturing,Industry,,14,numeric
detail_use_intermediate_2017,2017,detail,producer_use,IOUse_After_Redefinitions_PRO_Detail.xlsx,2017,AY407,3,S00300,Noncomparable imports,DetailedSpecialCommodity,,49,327991,Cut stone and stone product manufacturing,Industry,,9,numeric
detail_use_intermediate_2017,2017,detail,producer_use,IOUse_After_Redefinitions_PRO_Detail.xlsx,2017,AZ407,3,S00300,Noncomparable imports,DetailedSpecialCommodity,,50,327992,Ground or treated mineral and earth manufacturing,Industry,,8,numeric
detail_use_intermediate_2017,2017,detail,producer_use,IOUse_After_Redefinitions_PRO_Detail.xlsx,2017,BA407,3,S00300,Noncomparable imports,DetailedSpecialCommodity,,51,327993,Mineral wool manufacturing,Industry,,14,numeric
detail_use_intermediate_2017,2017,detail,producer_use,IOUse_After_Redefinitions_PRO_Detail.xlsx,2017,BB407,3,S00300,Noncomparable imports,DetailedSpecialCommodity,,52,327999,Miscellaneous nonmetallic mineral products,Industry,,15,numeric
detail_use_intermediate_2017,2017,detail,producer_use,IOUse_After_Redefinitions_PRO_Detail.xlsx,2017,BC407,3,S00300,Noncomparable imports,DetailedSpecialCommodity,,53,331110,Iron and steel mills and ferroalloy manufacturing,Industry,,326,numeric
detail_use_intermediate_2017,2017,detail,producer_use,IOUse_After_Redefinitions_PRO_Detail.xlsx,2017,BD407,3,S00300,Noncomparable imports,DetailedSpecialCommodity,,54,331200,Steel product manufacturing from purchased steel,Industry,,35,numeric
detail_use_intermediate_2017,2017,detail,producer_use,IOUse_After_Redefinitions_PRO_Detail.xlsx,2017,BE407,3,S00300,Noncomparable imports,DetailedSpecialCommodity,,55,331314,Secondary smelting and alloying of aluminum,Industry,,0,blank
detail_use_intermediate_2017,2017,detail,producer_use,IOUse_After_Redefinitions_PRO_Detail.xlsx,2017,BF407,3,S00300,Noncomparable imports,DetailedSpecialCommodity,,56,331313,Alumina refining and primary aluminum production,Industry,,6,numeric
detail_use_intermediate_2017,2017,detail,producer_use,IOUse_After_Redefinitions_PRO_Detail.xlsx,2017,BG407,3,S00300,Noncomparable imports,DetailedSpecialCommodity,,57,33131B,Aluminum product manufacturing from purchased aluminum,Industry,,29,numeric
detail_use_intermediate_2017,2017,detail,producer_use,IOUse_After_Redefinitions_PRO_Detail.xlsx,2017,BH407,3,S00300,Noncomparable imports,DetailedSpecialCommodity,,58,331410,Nonferrous metal (except aluminum) smelting and refining,Industry,,82,numeric
detail_use_intermediate_2017,2017,detail,producer_use,IOUse_After_Redefinitions_PRO_Detail.xlsx,2017,BI407,3,S00300,Noncomparable imports,DetailedSpecialCommodity,,59,331420,"Copper rolling, drawing, extruding and alloying",Industry,,67,numeric
detail_use_intermediate_2017,2017,detail,producer_use,IOUse_After_Redefinitions_PRO_Detail.xlsx,2017,BJ407,3,S00300,Noncomparable imports,DetailedSpecialCommodity,,60,331490,"Nonferrous metal (except copper and aluminum) rolling, drawing, extruding and alloying",Industry,,47,numeric
detail_use_intermediate_2017,2017,detail,producer_use,IOUse_After_Redefinitions_PRO_Detail.xlsx,2017,BK407,3,S00300,Noncomparable imports,DetailedSpecialCommodity,,61,331510,Ferrous metal foundries,Industry,,48,numeric
detail_use_intermediate_2017,2017,detail,producer_use,IOUse_After_Redefinitions_PRO_Detail.xlsx,2017,BL407,3,S00300,Noncomparable imports,DetailedSpecialCommodity,,62,331520,Nonferrous metal foundries,Industry,,0,blank
detail_use_intermediate_2017,2017,detail,producer_use,IOUse_After_Redefinitions_PRO_Detail.xlsx,2017,BM407,3,S00300,Noncomparable imports,DetailedSpecialCommodity,,63,332114,Custom roll forming,Industry,,23,numeric
detail_use_intermediate_2017,2017,detail,producer_use,IOUse_After_Redefinitions_PRO_Detail.xlsx,2017,BN407,3,S00300,Noncomparable imports,DetailedSpecialCommodity,,64,33211A,"All other forging, stamping, and sintering",Industry,,28,numeric
detail_use_intermediate_2017,2017,detail,producer_use,IOUse_After_Redefinitions_PRO_Detail.xlsx,2017,BO407,3,S00300,Noncomparable imports,DetailedSpecialCommodity,,65,332119,"Metal crown, closure, and other metal stamping (except automotive)",Industry,,36,numeric
detail_use_intermediate_2017,2017,detail,producer_use,IOUse_After_Redefinitions_PRO_Detail.xlsx,2017,BP407,3,S00300,Noncomparable imports,DetailedSpecialCommodity,,66,332200,Cutlery and handtool manufacturing,Industry,,32,numeric
detail_use_intermediate_2017,2017,detail,producer_use,IOUse_After_Redefinitions_PRO_Detail.xlsx,2017,BQ407,3,S00300,Noncomparable imports,DetailedSpecialCommodity,,67,332310,Plate work and fabricated structural product manufacturing,Industry,,166,numeric
detail_use_intermediate_2017,2017,detail,producer_use,IOUse_After_Redefinitions_PRO_Detail.xlsx,2017,BR407,3,S00300,Noncomparable imports,DetailedSpecialCommodity,,68,332320,Ornamental and architectural metal products manufacturing,Industry,,111,numeric
detail_use_intermediate_2017,2017,detail,producer_use,IOUse_After_Redefinitions_PRO_Detail.xlsx,2017,BS407,3,S00300,Noncomparable imports,DetailedSpecialCommodity,,69,332410,Power boiler and heat exchanger manufacturing,Industry,,29,numeric
detail_use_intermediate_2017,2017,detail,producer_use,IOUse_After_Redefinitions_PRO_Detail.xlsx,2017,BT407,3,S00300,Noncomparable imports,DetailedSpecialCommodity,,70,332420,Metal tank (heavy gauge) manufacturing,Industry,,12,numeric
detail_use_intermediate_2017,2017,detail,producer_use,IOUse_After_Redefinitions_PRO_Detail.xlsx,2017,BU407,3,S00300,Noncomparable imports,DetailedSpecialCommodity,,71,332430,"Metal can, box, and other metal container (light gauge) manufacturing",Industry,,71,numeric
detail_use_intermediate_2017,2017,detail,producer_use,IOUse_After_Redefinitions_PRO_Detail.xlsx,2017,BV407,3,S00300,Noncomparable imports,DetailedSpecialCommodity,,72,332500,Hardware manufacturing,Industry,,20,numeric
detail_use_intermediate_2017,2017,detail,producer_use,IOUse_After_Redefinitions_PRO_Detail.xlsx,2017,BW407,3,S00300,Noncomparable imports,DetailedSpecialCommodity,,73,332600,Spring and wire product manufacturing,Industry,,23,numeric
detail_use_intermediate_2017,2017,detail,producer_use,IOUse_After_Redefinitions_PRO_Detail.xlsx,2017,BX407,3,S00300,Noncomparable imports,DetailedSpecialCommodity,,74,332710,Machine shops,Industry,,0,blank
detail_use_intermediate_2017,2017,detail,producer_use,IOUse_After_Redefinitions_PRO_Detail.xlsx,2017,BY407,3,S00300,Noncomparable imports,DetailedSpecialCommodity,,75,332720,"Turned product and screw, nut, and bolt manufacturing",Industry,,32,numeric
detail_use_intermediate_2017,2017,detail,producer_use,IOUse_After_Redefinitions_PRO_Detail.xlsx,2017,BZ407,3,S00300,Noncomparable imports,DetailedSpecialCommodity,,76,332800,"Coating, engraving, heat treating and allied activities",Industry,,0,blank
detail_use_intermediate_2017,2017,detail,producer_use,IOUse_After_Redefinitions_PRO_Detail.xlsx,2017,CA407,3,S00300,Noncomparable imports,DetailedSpecialCommodity,,77,332913,Plumbing fixture fitting and trim manufacturing,Industry,,22,numeric
detail_use_intermediate_2017,2017,detail,producer_use,IOUse_After_Redefinitions_PRO_Detail.xlsx,2017,CB407,3,S00300,Noncomparable imports,DetailedSpecialCommodity,,78,33291A,Valve and fittings other than plumbing,Industry,,90,numeric
detail_use_intermediate_2017,2017,detail,producer_use,IOUse_After_Redefinitions_PRO_Detail.xlsx,2017,CC407,3,S00300,Noncomparable imports,DetailedSpecialCommodity,,79,332991,Ball and roller bearing manufacturing,Industry,,17,numeric
detail_use_intermediate_2017,2017,detail,producer_use,IOUse_After_Redefinitions_PRO_Detail.xlsx,2017,CD407,3,S00300,Noncomparable imports,DetailedSpecialCommodity,,80,332996,Fabricated pipe and pipe fitting manufacturing,Industry,,0,blank
detail_use_intermediate_2017,2017,detail,producer_use,IOUse_After_Redefinitions_PRO_Detail.xlsx,2017,CE407,3,S00300,Noncomparable imports,DetailedSpecialCommodity,,81,33299A,"Ammunition, arms, ordnance, and accessories manufacturing",Industry,,13,numeric
detail_use_intermediate_2017,2017,detail,producer_use,IOUse_After_Redefinitions_PRO_Detail.xlsx,2017,CF407,3,S00300,Noncomparable imports,DetailedSpecialCommodity,,82,332999,Other fabricated metal manufacturing,Industry,,46,numeric
detail_use_intermediate_2017,2017,detail,producer_use,IOUse_After_Redefinitions_PRO_Detail.xlsx,2017,CG407,3,S00300,Noncomparable imports,DetailedSpecialCommodity,,83,333111,Farm machinery and equipment manufacturing,Industry,,130,numeric
detail_use_intermediate_2017,2017,detail,producer_use,IOUse_After_Redefinitions_PRO_Detail.xlsx,2017,CH407,3,S00300,Noncomparable imports,DetailedSpecialCommodity,,84,333112,Lawn and garden equipment manufacturing,Industry,,35,numeric
detail_use_intermediate_2017,2017,detail,producer_use,IOUse_After_Redefinitions_PRO_Detail.xlsx,2017,CI407,3,S00300,Noncomparable imports,DetailedSpecialCommodity,,85,333120,Construction machinery manufacturing,Industry,,161,numeric
detail_use_intermediate_2017,2017,detail,producer_use,IOUse_After_Redefinitions_PRO_Detail.xlsx,2017,CJ407,3,S00300,Noncomparable imports,DetailedSpecialCommodity,,86,333130,Mining and oil and gas field machinery manufacturing,Industry,,161,numeric
detail_use_intermediate_2017,2017,detail,producer_use,IOUse_After_Redefinitions_PRO_Detail.xlsx,2017,CK407,3,S00300,Noncomparable imports,DetailedSpecialCommodity,,87,333242,Semiconductor machinery manufacturing,Industry,,31,numeric
detail_use_intermediate_2017,2017,detail,producer_use,IOUse_After_Redefinitions_PRO_Detail.xlsx,2017,CL407,3,S00300,Noncomparable imports,DetailedSpecialCommodity,,88,33329A,Other industrial machinery manufacturing,Industry,,102,numeric
detail_use_intermediate_2017,2017,detail,producer_use,IOUse_After_Redefinitions_PRO_Detail.xlsx,2017,CM407,3,S00300,Noncomparable imports,DetailedSpecialCommodity,,89,333314,Optical instrument and lens manufacturing,Industry,,15,numeric
detail_use_intermediate_2017,2017,detail,producer_use,IOUse_After_Redefinitions_PRO_Detail.xlsx,2017,CN407,3,S00300,Noncomparable imports,DetailedSpecialCommodity,,90,333316,Photographic and photocopying equipment manufacturing,Industry,,5,numeric
detail_use_intermediate_2017,2017,detail,producer_use,IOUse_After_Redefinitions_PRO_Detail.xlsx,2017,CO407,3,S00300,Noncomparable imports,DetailedSpecialCommodity,,91,333318,Other commercial and service industry machinery manufacturing,Industry,,83,numeric
detail_use_intermediate_2017,2017,detail,producer_use,IOUse_After_Redefinitions_PRO_Detail.xlsx,2017,CP407,3,S00300,Noncomparable imports,DetailedSpecialCommodity,,92,333414,Heating equipment (except warm air furnaces) manufacturing,Industry,,17,numeric
detail_use_intermediate_2017,2017,detail,producer_use,IOUse_After_Redefinitions_PRO_Detail.xlsx,2017,CQ407,3,S00300,Noncomparable imports,DetailedSpecialCommodity,,93,333415,"Air conditioning, refrigeration, and warm air heating equipment manufacturing",Industry,,145,numeric
detail_use_intermediate_2017,2017,detail,producer_use,IOUse_After_Redefinitions_PRO_Detail.xlsx,2017,CR407,3,S00300,Noncomparable imports,DetailedSpecialCommodity,,94,333413,Industrial and commercial fan and blower and air purification equipment manufacturing,Industry,,15,numeric
detail_use_intermediate_2017,2017,detail,producer_use,IOUse_After_Redefinitions_PRO_Detail.xlsx,2017,CS407,3,S00300,Noncomparable imports,DetailedSpecialCommodity,,95,333511,Industrial mold manufacturing,Industry,,14,numeric
detail_use_intermediate_2017,2017,detail,producer_use,IOUse_After_Redefinitions_PRO_Detail.xlsx,2017,CT407,3,S00300,Noncomparable imports,DetailedSpecialCommodity,,96,333514,"Special tool, die, jig, and fixture manufacturing",Industry,,21,numeric
detail_use_intermediate_2017,2017,detail,producer_use,IOUse_After_Redefinitions_PRO_Detail.xlsx,2017,CU407,3,S00300,Noncomparable imports,DetailedSpecialCommodity,,97,333517,Machine tool manufacturing,Industry,,28,numeric
detail_use_intermediate_2017,2017,detail,producer_use,IOUse_After_Redefinitions_PRO_Detail.xlsx,2017,CV407,3,S00300,Noncomparable imports,DetailedSpecialCommodity,,98,33351B,"Cutting and machine tool accessory, rolling mill, and other metalworking machinery manufacturing",Industry,,22,numeric
detail_use_intermediate_2017,2017,detail,producer_use,IOUse_After_Redefinitions_PRO_Detail.xlsx,2017,CW407,3,S00300,Noncomparable imports,DetailedSpecialCommodity,,99,333611,Turbine and turbine generator set units manufacturing,Industry,,48,numeric
detail_use_intermediate_2017,2017,detail,producer_use,IOUse_After_Redefinitions_PRO_Detail.xlsx,2017,CX407,3,S00300,Noncomparable imports,DetailedSpecialCommodity,,100,333612,"Speed changer, industrial high-speed drive, and gear manufacturing",Industry,,10,numeric
detail_use_intermediate_2017,2017,detail,producer_use,IOUse_After_Redefinitions_PRO_Detail.xlsx,2017,CY407,3,S00300,Noncomparable imports,DetailedSpecialCommodity,,101,333613,Mechanical power transmission equipment manufacturing,Industry,,15,numeric
detail_use_intermediate_2017,2017,detail,producer_use,IOUse_After_Redefinitions_PRO_Detail.xlsx,2017,CZ407,3,S00300,Noncomparable imports,DetailedSpecialCommodity,,102,333618,Other engine equipment manufacturing,Industry,,162,numeric
detail_use_intermediate_2017,2017,detail,producer_use,IOUse_After_Redefinitions_PRO_Detail.xlsx,2017,DA407,3,S00300,Noncomparable imports,DetailedSpecialCommodity,,103,333912,Air and gas compressor manufacturing,Industry,,30,numeric
detail_use_intermediate_2017,2017,detail,producer_use,IOUse_After_Redefinitions_PRO_Detail.xlsx,2017,DB407,3,S00300,Noncomparable imports,DetailedSpecialCommodity,,104,333914,"Measuring, dispensing, and other pumping equipment manufacturing",Industry,,55,numeric
detail_use_intermediate_2017,2017,detail,producer_use,IOUse_After_Redefinitions_PRO_Detail.xlsx,2017,DC407,3,S00300,Noncomparable imports,DetailedSpecialCommodity,,105,333920,Material handling equipment manufacturing,Industry,,94,numeric
detail_use_intermediate_2017,2017,detail,producer_use,IOUse_After_Redefinitions_PRO_Detail.xlsx,2017,DD407,3,S00300,Noncomparable imports,DetailedSpecialCommodity,,106,333991,Power-driven handtool manufacturing,Industry,,12,numeric
detail_use_intermediate_2017,2017,detail,producer_use,IOUse_After_Redefinitions_PRO_Detail.xlsx,2017,DE407,3,S00300,Noncomparable imports,DetailedSpecialCommodity,,107,333993,Packaging machinery manufacturing,Industry,,15,numeric
detail_use_intermediate_2017,2017,detail,producer_use,IOUse_After_Redefinitions_PRO_Detail.xlsx,2017,DF407,3,S00300,Noncomparable imports,DetailedSpecialCommodity,,108,333994,Industrial process furnace and oven manufacturing,Industry,,6,numeric
detail_use_intermediate_2017,2017,detail,producer_use,IOUse_After_Redefinitions_PRO_Detail.xlsx,2017,DG407,3,S00300,Noncomparable imports,DetailedSpecialCommodity,,109,33399A,Other general purpose machinery manufacturing,Industry,,99,numeric
detail_use_intermediate_2017,2017,detail,producer_use,IOUse_After_Redefinitions_PRO_Detail.xlsx,2017,DH407,3,S00300,Noncomparable imports,DetailedSpecialCommodity,,110,33399B,Fluid power process machinery,Industry,,53,numeric
detail_use_intermediate_2017,2017,detail,producer_use,IOUse_After_Redefinitions_PRO_Detail.xlsx,2017,DI407,3,S00300,Noncomparable imports,DetailedSpecialCommodity,,111,334111,Electronic computer manufacturing,Industry,,2,numeric
detail_use_intermediate_2017,2017,detail,producer_use,IOUse_After_Redefinitions_PRO_Detail.xlsx,2017,DJ407,3,S00300,Noncomparable imports,DetailedSpecialCommodity,,112,334112,Computer storage device manufacturing,Industry,,4,numeric
detail_use_intermediate_2017,2017,detail,producer_use,IOUse_After_Redefinitions_PRO_Detail.xlsx,2017,DK407,3,S00300,Noncomparable imports,DetailedSpecialCommodity,,113,334118,Computer terminals and other computer peripheral equipment manufacturing,Industry,,12,numeric
detail_use_intermediate_2017,2017,detail,producer_use,IOUse_After_Redefinitions_PRO_Detail.xlsx,2017,DL407,3,S00300,Noncomparable imports,DetailedSpecialCommodity,,114,334210,Telephone apparatus manufacturing,Industry,,81,numeric
detail_use_intermediate_2017,2017,detail,producer_use,IOUse_After_Redefinitions_PRO_Detail.xlsx,2017,DM407,3,S00300,Noncomparable imports,DetailedSpecialCommodity,,115,334220,Broadcast and wireless communications equipment,Industry,,356,numeric
detail_use_intermediate_2017,2017,detail,producer_use,IOUse_After_Redefinitions_PRO_Detail.xlsx,2017,DN407,3,S00300,Noncomparable imports,DetailedSpecialCommodity,,116,334290,Other communications equipment manufacturing,Industry,,22,numeric
detail_use_intermediate_2017,2017,detail,producer_use,IOUse_After_Redefinitions_PRO_Detail.xlsx,2017,DO407,3,S00300,Noncomparable imports,DetailedSpecialCommodity,,117,334413,Semiconductor and related device manufacturing,Industry,,127,numeric
detail_use_intermediate_2017,2017,detail,producer_use,IOUse_After_Redefinitions_PRO_Detail.xlsx,2017,DP407,3,S00300,Noncomparable imports,DetailedSpecialCommodity,,118,334418,Printed circuit assembly (electronic assembly) manufacturing,Industry,,64,numeric
detail_use_intermediate_2017,2017,detail,producer_use,IOUse_After_Redefinitions_PRO_Detail.xlsx,2017,DQ407,3,S00300,Noncomparable imports,DetailedSpecialCommodity,,119,33441A,Other electronic component manufacturing,Industry,,66,numeric
detail_use_intermediate_2017,2017,detail,producer_use,IOUse_After_Redefinitions_PRO_Detail.xlsx,2017,DR407,3,S00300,Noncomparable imports,DetailedSpecialCommodity,,120,334510,Electromedical and electrotherapeutic apparatus manufacturing,Industry,,255,numeric
detail_use_intermediate_2017,2017,detail,producer_use,IOUse_After_Redefinitions_PRO_Detail.xlsx,2017,DS407,3,S00300,Noncomparable imports,DetailedSpecialCommodity,,121,334511,"Search, detection, and navigation instruments manufacturing",Industry,,192,numeric
detail_use_intermediate_2017,2017,detail,producer_use,IOUse_After_Redefinitions_PRO_Detail.xlsx,2017,DT407,3,S00300,Noncomparable imports,DetailedSpecialCommodity,,122,334512,Automatic environmental control manufacturing,Industry,,4,numeric
detail_use_intermediate_2017,2017,detail,producer_use,IOUse_After_Redefinitions_PRO_Detail.xlsx,2017,DU407,3,S00300,Noncomparable imports,DetailedSpecialCommodity,,123,334513,Industrial process variable instruments manufacturing,Industry,,53,numeric
detail_use_intermediate_2017,2017,detail,producer_use,IOUse_After_Redefinitions_PRO_Detail.xlsx,2017,DV407,3,S00300,Noncomparable imports,DetailedSpecialCommodity,,124,334514,Totalizing fluid meter and counting device manufacturing,Industry,,48,numeric
detail_use_intermediate_2017,2017,detail,producer_use,IOUse_After_Redefinitions_PRO_Detail.xlsx,2017,DW407,3,S00300,Noncomparable imports,DetailedSpecialCommodity,,125,334515,Electricity and signal testing instruments manufacturing,Industry,,79,numeric
detail_use_intermediate_2017,2017,detail,producer_use,IOUse_After_Redefinitions_PRO_Detail.xlsx,2017,DX407,3,S00300,Noncomparable imports,DetailedSpecialCommodity,,126,334516,Analytical laboratory instrument manufacturing,Industry,,88,numeric
detail_use_intermediate_2017,2017,detail,producer_use,IOUse_After_Redefinitions_PRO_Detail.xlsx,2017,DY407,3,S00300,Noncomparable imports,DetailedSpecialCommodity,,127,334517,Irradiation apparatus manufacturing,Industry,,42,numeric
detail_use_intermediate_2017,2017,detail,producer_use,IOUse_After_Redefinitions_PRO_Detail.xlsx,2017,DZ407,3,S00300,Noncomparable imports,DetailedSpecialCommodity,,128,33451A,"Watch, clock, and other measuring and controlling device manufacturing",Industry,,18,numeric
detail_use_intermediate_2017,2017,detail,producer_use,IOUse_After_Redefinitions_PRO_Detail.xlsx,2017,EA407,3,S00300,Noncomparable imports,DetailedSpecialCommodity,,129,334300,Audio and video equipment manufacturing,Industry,,11,numeric
detail_use_intermediate_2017,2017,detail,producer_use,IOUse_After_Redefinitions_PRO_Detail.xlsx,2017,EB407,3,S00300,Noncomparable imports,DetailedSpecialCommodity,,130,334610,Manufacturing and reproducing magnetic and optical media,Industry,,5,numeric
detail_use_intermediate_2017,2017,detail,producer_use,IOUse_After_Redefinitions_PRO_Detail.xlsx,2017,EC407,3,S00300,Noncomparable imports,DetailedSpecialCommodity,,131,335110,Electric lamp bulb and part manufacturing,Industry,,7,numeric
detail_use_intermediate_2017,2017,detail,producer_use,IOUse_After_Redefinitions_PRO_Detail.xlsx,2017,ED407,3,S00300,Noncomparable imports,DetailedSpecialCommodity,,132,335120,Lighting fixture manufacturing,Industry,,35,numeric
detail_use_intermediate_2017,2017,detail,producer_use,IOUse_After_Redefinitions_PRO_Detail.xlsx,2017,EE407,3,S00300,Noncomparable imports,DetailedSpecialCommodity,,133,335210,Small electrical appliance manufacturing,Industry,,8,numeric
detail_use_intermediate_2017,2017,detail,producer_use,IOUse_After_Redefinitions_PRO_Detail.xlsx,2017,EF407,3,S00300,Noncomparable imports,DetailedSpecialCommodity,,134,335220,Major household appliance manufacturing,Industry,,42,numeric
detail_use_intermediate_2017,2017,detail,producer_use,IOUse_After_Redefinitions_PRO_Detail.xlsx,2017,EG407,3,S00300,Noncomparable imports,DetailedSpecialCommodity,,135,335311,"Power, distribution, and specialty transformer manufacturing",Industry,,14,numeric
detail_use_intermediate_2017,2017,detail,producer_use,IOUse_After_Redefinitions_PRO_Detail.xlsx,2017,EH407,3,S00300,Noncomparable imports,DetailedSpecialCommodity,,136,335312,Motor and generator manufacturing,Industry,,30,numeric
detail_use_intermediate_2017,2017,detail,producer_use,IOUse_After_Redefinitions_PRO_Detail.xlsx,2017,EI407,3,S00300,Noncomparable imports,DetailedSpecialCommodity,,137,335313,Switchgear and switchboard apparatus manufacturing,Industry,,32,numeric
detail_use_intermediate_2017,2017,detail,producer_use,IOUse_After_Redefinitions_PRO_Detail.xlsx,2017,EJ407,3,S00300,Noncomparable imports,DetailedSpecialCommodity,,138,335314,Relay and industrial control manufacturing,Industry,,37,numeric
detail_use_intermediate_2017,2017,detail,producer_use,IOUse_After_Redefinitions_PRO_Detail.xlsx,2017,EK407,3,S00300,Noncomparable imports,DetailedSpecialCommodity,,139,335911,Storage battery manufacturing,Industry,,18,numeric
detail_use_intermediate_2017,2017,detail,producer_use,IOUse_After_Redefinitions_PRO_Detail.xlsx,2017,EL407,3,S00300,Noncomparable imports,DetailedSpecialCommodity,,140,335912,Primary battery manufacturing,Industry,,2,numeric
detail_use_intermediate_2017,2017,detail,producer_use,IOUse_After_Redefinitions_PRO_Detail.xlsx,2017,EM407,3,S00300,Noncomparable imports,DetailedSpecialCommodity,,141,335920,Communication and energy wire and cable manufacturing,Industry,,48,numeric
detail_use_intermediate_2017,2017,detail,producer_use,IOUse_After_Redefinitions_PRO_Detail.xlsx,2017,EN407,3,S00300,Noncomparable imports,DetailedSpecialCommodity,,142,335930,Wiring device manufacturing,Industry,,58,numeric
detail_use_intermediate_2017,2017,detail,producer_use,IOUse_After_Redefinitions_PRO_Detail.xlsx,2017,EO407,3,S00300,Noncomparable imports,DetailedSpecialCommodity,,143,335991,Carbon and graphite product manufacturing,Industry,,8,numeric
detail_use_intermediate_2017,2017,detail,producer_use,IOUse_After_Redefinitions_PRO_Detail.xlsx,2017,EP407,3,S00300,Noncomparable imports,DetailedSpecialCommodity,,144,335999,All other miscellaneous electrical equipment and component manufacturing,Industry,,31,numeric
detail_use_intermediate_2017,2017,detail,producer_use,IOUse_After_Redefinitions_PRO_Detail.xlsx,2017,EQ407,3,S00300,Noncomparable imports,DetailedSpecialCommodity,,145,336111,Automobile manufacturing,Industry,,237,numeric
detail_use_intermediate_2017,2017,detail,producer_use,IOUse_After_Redefinitions_PRO_Detail.xlsx,2017,ER407,3,S00300,Noncomparable imports,DetailedSpecialCommodity,,146,336112,Light truck and utility vehicle manufacturing,Industry,,333,numeric
detail_use_intermediate_2017,2017,detail,producer_use,IOUse_After_Redefinitions_PRO_Detail.xlsx,2017,ES407,3,S00300,Noncomparable imports,DetailedSpecialCommodity,,147,336120,Heavy duty truck manufacturing,Industry,,66,numeric
detail_use_intermediate_2017,2017,detail,producer_use,IOUse_After_Redefinitions_PRO_Detail.xlsx,2017,ET407,3,S00300,Noncomparable imports,DetailedSpecialCommodity,,148,336211,Motor vehicle body manufacturing,Industry,,0,blank
detail_use_intermediate_2017,2017,detail,producer_use,IOUse_After_Redefinitions_PRO_Detail.xlsx,2017,EU407,3,S00300,Noncomparable imports,DetailedSpecialCommodity,,149,336212,Truck trailer manufacturing,Industry,,0,blank
detail_use_intermediate_2017,2017,detail,producer_use,IOUse_After_Redefinitions_PRO_Detail.xlsx,2017,EV407,3,S00300,Noncomparable imports,DetailedSpecialCommodity,,150,336213,Motor home manufacturing,Industry,,0,blank
detail_use_intermediate_2017,2017,detail,producer_use,IOUse_After_Redefinitions_PRO_Detail.xlsx,2017,EW407,3,S00300,Noncomparable imports,DetailedSpecialCommodity,,151,336214,Travel trailer and camper manufacturing,Industry,,0,blank
detail_use_intermediate_2017,2017,detail,producer_use,IOUse_After_Redefinitions_PRO_Detail.xlsx,2017,EX407,3,S00300,Noncomparable imports,DetailedSpecialCommodity,,152,336310,Motor vehicle gasoline engine and engine parts manufacturing,Industry,,149,numeric
detail_use_intermediate_2017,2017,detail,producer_use,IOUse_After_Redefinitions_PRO_Detail.xlsx,2017,EY407,3,S00300,Noncomparable imports,DetailedSpecialCommodity,,153,336320,Motor vehicle electrical and electronic equipment manufacturing,Industry,,45,numeric
detail_use_intermediate_2017,2017,detail,producer_use,IOUse_After_Redefinitions_PRO_Detail.xlsx,2017,EZ407,3,S00300,Noncomparable imports,DetailedSpecialCommodity,,154,336350,Motor vehicle transmission and power train parts manufacturing,Industry,,120,numeric
detail_use_intermediate_2017,2017,detail,producer_use,IOUse_After_Redefinitions_PRO_Detail.xlsx,2017,FA407,3,S00300,Noncomparable imports,DetailedSpecialCommodity,,155,336360,Motor vehicle seating and interior trim manufacturing,Industry,,182,numeric
detail_use_intermediate_2017,2017,detail,producer_use,IOUse_After_Redefinitions_PRO_Detail.xlsx,2017,FB407,3,S00300,Noncomparable imports,DetailedSpecialCommodity,,156,336370,Motor vehicle metal stamping,Industry,,107,numeric
detail_use_intermediate_2017,2017,detail,producer_use,IOUse_After_Redefinitions_PRO_Detail.xlsx,2017,FC407,3,S00300,Noncomparable imports,DetailedSpecialCommodity,,157,336390,Other motor vehicle parts manufacturing,Industry,,146,numeric
detail_use_intermediate_2017,2017,detail,producer_use,IOUse_After_Redefinitions_PRO_Detail.xlsx,2017,FD407,3,S00300,Noncomparable imports,DetailedSpecialCommodity,,158,3363A0,"Motor vehicle steering, suspension component (except spring), and brake systems manufacturing",Industry,,79,numeric
detail_use_intermediate_2017,2017,detail,producer_use,IOUse_After_Redefinitions_PRO_Detail.xlsx,2017,FE407,3,S00300,Noncomparable imports,DetailedSpecialCommodity,,159,336411,Aircraft manufacturing,Industry,,305,numeric
detail_use_intermediate_2017,2017,detail,producer_use,IOUse_After_Redefinitions_PRO_Detail.xlsx,2017,FF407,3,S00300,Noncomparable imports,DetailedSpecialCommodity,,160,336412,Aircraft engine and engine parts manufacturing,Industry,,569,numeric
detail_use_intermediate_2017,2017,detail,producer_use,IOUse_After_Redefinitions_PRO_Detail.xlsx,2017,FG407,3,S00300,Noncomparable imports,DetailedSpecialCommodity,,161,336413,Other aircraft parts and auxiliary equipment manufacturing,Industry,,143,numeric
detail_use_intermediate_2017,2017,detail,producer_use,IOUse_After_Redefinitions_PRO_Detail.xlsx,2017,FH407,3,S00300,Noncomparable imports,DetailedSpecialCommodity,,162,336414,Guided missile and space vehicle manufacturing,Industry,,0,blank
detail_use_intermediate_2017,2017,detail,producer_use,IOUse_After_Redefinitions_PRO_Detail.xlsx,2017,FI407,3,S00300,Noncomparable imports,DetailedSpecialCommodity,,163,33641A,Propulsion units and parts for space vehicles and guided missiles,Industry,,0,numeric
detail_use_intermediate_2017,2017,detail,producer_use,IOUse_After_Redefinitions_PRO_Detail.xlsx,2017,FJ407,3,S00300,Noncomparable imports,DetailedSpecialCommodity,,164,336500,Railroad rolling stock manufacturing,Industry,,90,numeric
detail_use_intermediate_2017,2017,detail,producer_use,IOUse_After_Redefinitions_PRO_Detail.xlsx,2017,FK407,3,S00300,Noncomparable imports,DetailedSpecialCommodity,,165,336611,Ship building and repairing,Industry,,0,blank
detail_use_intermediate_2017,2017,detail,producer_use,IOUse_After_Redefinitions_PRO_Detail.xlsx,2017,FL407,3,S00300,Noncomparable imports,DetailedSpecialCommodity,,166,336612,Boat building,Industry,,16,numeric
detail_use_intermediate_2017,2017,detail,producer_use,IOUse_After_Redefinitions_PRO_Detail.xlsx,2017,FM407,3,S00300,Noncomparable imports,DetailedSpecialCommodity,,167,336991,"Motorcycle, bicycle, and parts manufacturing",Industry,,0,blank
detail_use_intermediate_2017,2017,detail,producer_use,IOUse_After_Redefinitions_PRO_Detail.xlsx,2017,FN407,3,S00300,Noncomparable imports,DetailedSpecialCommodity,,168,336992,"Military armored vehicle, tank, and tank component manufacturing",Industry,,0,blank
detail_use_intermediate_2017,2017,detail,producer_use,IOUse_After_Redefinitions_PRO_Detail.xlsx,2017,FO407,3,S00300,Noncomparable imports,DetailedSpecialCommodity,,169,336999,All other transportation equipment manufacturing,Industry,,0,blank
detail_use_intermediate_2017,2017,detail,producer_use,IOUse_After_Redefinitions_PRO_Detail.xlsx,2017,FP407,3,S00300,Noncomparable imports,DetailedSpecialCommodity,,170,337110,Wood kitchen cabinet and countertop manufacturing,Industry,,25,numeric
detail_use_intermediate_2017,2017,detail,producer_use,IOUse_After_Redefinitions_PRO_Detail.xlsx,2017,FQ407,3,S00300,Noncomparable imports,DetailedSpecialCommodity,,171,337121,Upholstered household furniture manufacturing,Industry,,44,numeric
detail_use_intermediate_2017,2017,detail,producer_use,IOUse_After_Redefinitions_PRO_Detail.xlsx,2017,FR407,3,S00300,Noncomparable imports,DetailedSpecialCommodity,,172,337122,Nonupholstered wood household furniture manufacturing,Industry,,16,numeric
detail_use_intermediate_2017,2017,detail,producer_use,IOUse_After_Redefinitions_PRO_Detail.xlsx,2017,FS407,3,S00300,Noncomparable imports,DetailedSpecialCommodity,,173,337127,Institutional furniture manufacturing,Industry,,17,numeric
detail_use_intermediate_2017,2017,detail,producer_use,IOUse_After_Redefinitions_PRO_Detail.xlsx,2017,FT407,3,S00300,Noncomparable imports,DetailedSpecialCommodity,,174,33712N,Other household nonupholstered furniture,Industry,,0,blank
detail_use_intermediate_2017,2017,detail,producer_use,IOUse_After_Redefinitions_PRO_Detail.xlsx,2017,FU407,3,S00300,Noncomparable imports,DetailedSpecialCommodity,,175,337215,"Showcase, partition, shelving, and locker manufacturing",Industry,,27,numeric
detail_use_intermediate_2017,2017,detail,producer_use,IOUse_After_Redefinitions_PRO_Detail.xlsx,2017,FV407,3,S00300,Noncomparable imports,DetailedSpecialCommodity,,176,33721A,Office furniture and custom architectural woodwork and millwork manufacturing,Industry,,41,numeric
detail_use_intermediate_2017,2017,detail,producer_use,IOUse_After_Redefinitions_PRO_Detail.xlsx,2017,FW407,3,S00300,Noncomparable imports,DetailedSpecialCommodity,,177,337900,Other furniture related product manufacturing,Industry,,3,numeric
detail_use_intermediate_2017,2017,detail,producer_use,IOUse_After_Redefinitions_PRO_Detail.xlsx,2017,FX407,3,S00300,Noncomparable imports,DetailedSpecialCommodity,,178,339112,Surgical and medical instrument manufacturing,Industry,,139,numeric
detail_use_intermediate_2017,2017,detail,producer_use,IOUse_After_Redefinitions_PRO_Detail.xlsx,2017,FY407,3,S00300,Noncomparable imports,DetailedSpecialCommodity,,179,339113,Surgical appliance and supplies manufacturing,Industry,,165,numeric
detail_use_intermediate_2017,2017,detail,producer_use,IOUse_After_Redefinitions_PRO_Detail.xlsx,2017,FZ407,3,S00300,Noncomparable imports,DetailedSpecialCommodity,,180,339114,Dental equipment and supplies manufacturing,Industry,,19,numeric
detail_use_intermediate_2017,2017,detail,producer_use,IOUse_After_Redefinitions_PRO_Detail.xlsx,2017,GA407,3,S00300,Noncomparable imports,DetailedSpecialCommodity,,181,339115,Ophthalmic goods manufacturing,Industry,,19,numeric
detail_use_intermediate_2017,2017,detail,producer_use,IOUse_After_Redefinitions_PRO_Detail.xlsx,2017,GB407,3,S00300,Noncomparable imports,DetailedSpecialCommodity,,182,339116,Dental laboratories,Industry,,12,numeric
detail_use_intermediate_2017,2017,detail,producer_use,IOUse_After_Redefinitions_PRO_Detail.xlsx,2017,GC407,3,S00300,Noncomparable imports,DetailedSpecialCommodity,,183,339910,Jewelry and silverware manufacturing,Industry,,40,numeric
detail_use_intermediate_2017,2017,detail,producer_use,IOUse_After_Redefinitions_PRO_Detail.xlsx,2017,GD407,3,S00300,Noncomparable imports,DetailedSpecialCommodity,,184,339920,Sporting and athletic goods manufacturing,Industry,,36,numeric
detail_use_intermediate_2017,2017,detail,producer_use,IOUse_After_Redefinitions_PRO_Detail.xlsx,2017,GE407,3,S00300,Noncomparable imports,DetailedSpecialCommodity,,185,339930,"Doll, toy, and game manufacturing",Industry,,3,numeric
detail_use_intermediate_2017,2017,detail,producer_use,IOUse_After_Redefinitions_PRO_Detail.xlsx,2017,GF407,3,S00300,Noncomparable imports,DetailedSpecialCommodity,,186,339940,Office supplies (except paper) manufacturing,Industry,,8,numeric
detail_use_intermediate_2017,2017,detail,producer_use,IOUse_After_Redefinitions_PRO_Detail.xlsx,2017,GG407,3,S00300,Noncomparable imports,DetailedSpecialCommodity,,187,339950,Sign manufacturing,Industry,,44,numeric
detail_use_intermediate_2017,2017,detail,producer_use,IOUse_After_Redefinitions_PRO_Detail.xlsx,2017,GH407,3,S00300,Noncomparable imports,DetailedSpecialCommodity,,188,339990,All other miscellaneous manufacturing,Industry,,69,numeric
detail_use_intermediate_2017,2017,detail,producer_use,IOUse_After_Redefinitions_PRO_Detail.xlsx,2017,GI407,3,S00300,Noncomparable imports,DetailedSpecialCommodity,,189,311111,Dog and cat food manufacturing,Industry,,70,numeric
detail_use_intermediate_2017,2017,detail,producer_use,IOUse_After_Redefinitions_PRO_Detail.xlsx,2017,GJ407,3,S00300,Noncomparable imports,DetailedSpecialCommodity,,190,311119,Other animal food manufacturing,Industry,,125,numeric
detail_use_intermediate_2017,2017,detail,producer_use,IOUse_After_Redefinitions_PRO_Detail.xlsx,2017,GK407,3,S00300,Noncomparable imports,DetailedSpecialCommodity,,191,311210,Flour milling and malt manufacturing,Industry,,39,numeric
detail_use_intermediate_2017,2017,detail,producer_use,IOUse_After_Redefinitions_PRO_Detail.xlsx,2017,GL407,3,S00300,Noncomparable imports,DetailedSpecialCommodity,,192,311221,Wet corn milling,Industry,,22,numeric
detail_use_intermediate_2017,2017,detail,producer_use,IOUse_After_Redefinitions_PRO_Detail.xlsx,2017,GM407,3,S00300,Noncomparable imports,DetailedSpecialCommodity,,193,311225,Fats and oils refining and blending,Industry,,19,numeric
detail_use_intermediate_2017,2017,detail,producer_use,IOUse_After_Redefinitions_PRO_Detail.xlsx,2017,GN407,3,S00300,Noncomparable imports,DetailedSpecialCommodity,,194,311224,Soybean and other oilseed processing,Industry,,71,numeric
detail_use_intermediate_2017,2017,detail,producer_use,IOUse_After_Redefinitions_PRO_Detail.xlsx,2017,GO407,3,S00300,Noncomparable imports,DetailedSpecialCommodity,,195,311230,Breakfast cereal manufacturing,Industry,,30,numeric
detail_use_intermediate_2017,2017,detail,producer_use,IOUse_After_Redefinitions_PRO_Detail.xlsx,2017,GP407,3,S00300,Noncomparable imports,DetailedSpecialCommodity,,196,311300,Sugar and confectionery product manufacturing,Industry,,55,numeric
detail_use_intermediate_2017,2017,detail,producer_use,IOUse_After_Redefinitions_PRO_Detail.xlsx,2017,GQ407,3,S00300,Noncomparable imports,DetailedSpecialCommodity,,197,311410,Frozen food manufacturing,Industry,,120,numeric
detail_use_intermediate_2017,2017,detail,producer_use,IOUse_After_Redefinitions_PRO_Detail.xlsx,2017,GR407,3,S00300,Noncomparable imports,DetailedSpecialCommodity,,198,311420,"Fruit and vegetable canning, pickling, and drying",Industry,,101,numeric
detail_use_intermediate_2017,2017,detail,producer_use,IOUse_After_Redefinitions_PRO_Detail.xlsx,2017,GS407,3,S00300,Noncomparable imports,DetailedSpecialCommodity,,199,311513,Cheese manufacturing,Industry,,169,numeric
detail_use_intermediate_2017,2017,detail,producer_use,IOUse_After_Redefinitions_PRO_Detail.xlsx,2017,GT407,3,S00300,Noncomparable imports,DetailedSpecialCommodity,,200,311514,"Dry, condensed, and evaporated dairy product manufacturing",Industry,,98,numeric
detail_use_intermediate_2017,2017,detail,producer_use,IOUse_After_Redefinitions_PRO_Detail.xlsx,2017,GU407,3,S00300,Noncomparable imports,DetailedSpecialCommodity,,201,31151A,Fluid milk and butter manufacturing,Industry,,104,numeric
detail_use_intermediate_2017,2017,detail,producer_use,IOUse_After_Redefinitions_PRO_Detail.xlsx,2017,GV407,3,S00300,Noncomparable imports,DetailedSpecialCommodity,,202,311520,Ice cream and frozen dessert manufacturing,Industry,,17,numeric
detail_use_intermediate_2017,2017,detail,producer_use,IOUse_After_Redefinitions_PRO_Detail.xlsx,2017,GW407,3,S00300,Noncomparable imports,DetailedSpecialCommodity,,203,311615,Poultry processing,Industry,,34,numeric
detail_use_intermediate_2017,2017,detail,producer_use,IOUse_After_Redefinitions_PRO_Detail.xlsx,2017,GX407,3,S00300,Noncomparable imports,DetailedSpecialCommodity,,204,31161A,"Animal (except poultry) slaughtering, rendering, and processing",Industry,,171,numeric
detail_use_intermediate_2017,2017,detail,producer_use,IOUse_After_Redefinitions_PRO_Detail.xlsx,2017,GY407,3,S00300,Noncomparable imports,DetailedSpecialCommodity,,205,311700,Seafood product preparation and packaging,Industry,,14,numeric
detail_use_intermediate_2017,2017,detail,producer_use,IOUse_After_Redefinitions_PRO_Detail.xlsx,2017,GZ407,3,S00300,Noncomparable imports,DetailedSpecialCommodity,,206,311810,Bread and bakery product manufacturing,Industry,,101,numeric
detail_use_intermediate_2017,2017,detail,producer_use,IOUse_After_Redefinitions_PRO_Detail.xlsx,2017,HA407,3,S00300,Noncomparable imports,DetailedSpecialCommodity,,207,3118A0,"Cookie, cracker, pasta, and tortilla manufacturing",Industry,,49,numeric
detail_use_intermediate_2017,2017,detail,producer_use,IOUse_After_Redefinitions_PRO_Detail.xlsx,2017,HB407,3,S00300,Noncomparable imports,DetailedSpecialCommodity,,208,311910,Snack food manufacturing,Industry,,132,numeric
detail_use_intermediate_2017,2017,detail,producer_use,IOUse_After_Redefinitions_PRO_Detail.xlsx,2017,HC407,3,S00300,Noncomparable imports,DetailedSpecialCommodity,,209,311920,Coffee and tea manufacturing,Industry,,35,numeric
detail_use_intermediate_2017,2017,detail,producer_use,IOUse_After_Redefinitions_PRO_Detail.xlsx,2017,HD407,3,S00300,Noncomparable imports,DetailedSpecialCommodity,,210,311930,Flavoring syrup and concentrate manufacturing,Industry,,12,numeric
detail_use_intermediate_2017,2017,detail,producer_use,IOUse_After_Redefinitions_PRO_Detail.xlsx,2017,HE407,3,S00300,Noncomparable imports,DetailedSpecialCommodity,,211,311940,Seasoning and dressing manufacturing,Industry,,63,numeric
detail_use_intermediate_2017,2017,detail,producer_use,IOUse_After_Redefinitions_PRO_Detail.xlsx,2017,HF407,3,S00300,Noncomparable imports,DetailedSpecialCommodity,,212,311990,All other food manufacturing,Industry,,64,numeric
detail_use_intermediate_2017,2017,detail,producer_use,IOUse_After_Redefinitions_PRO_Detail.xlsx,2017,HG407,3,S00300,Noncomparable imports,DetailedSpecialCommodity,,213,312110,Soft drink and ice manufacturing,Industry,,145,numeric
detail_use_intermediate_2017,2017,detail,producer_use,IOUse_After_Redefinitions_PRO_Detail.xlsx,2017,HH407,3,S00300,Noncomparable imports,DetailedSpecialCommodity,,214,312120,Breweries,Industry,,79,numeric
detail_use_intermediate_2017,2017,detail,producer_use,IOUse_After_Redefinitions_PRO_Detail.xlsx,2017,HI407,3,S00300,Noncomparable imports,DetailedSpecialCommodity,,215,312130,Wineries,Industry,,45,numeric
detail_use_intermediate_2017,2017,detail,producer_use,IOUse_After_Redefinitions_PRO_Detail.xlsx,2017,HJ407,3,S00300,Noncomparable imports,DetailedSpecialCommodity,,216,312140,Distilleries,Industry,,22,numeric
detail_use_intermediate_2017,2017,detail,producer_use,IOUse_After_Redefinitions_PRO_Detail.xlsx,2017,HK407,3,S00300,Noncomparable imports,DetailedSpecialCommodity,,217,312200,Tobacco manufacturing,Industry,,145,numeric
detail_use_intermediate_2017,2017,detail,producer_use,IOUse_After_Redefinitions_PRO_Detail.xlsx,2017,HL407,3,S00300,Noncomparable imports,DetailedSpecialCommodity,,218,313100,"Fiber, yarn, and thread mills",Industry,,15,numeric
detail_use_intermediate_2017,2017,detail,producer_use,IOUse_After_Redefinitions_PRO_Detail.xlsx,2017,HM407,3,S00300,Noncomparable imports,DetailedSpecialCommodity,,219,313200,Fabric mills,Industry,,36,numeric
detail_use_intermediate_2017,2017,detail,producer_use,IOUse_After_Redefinitions_PRO_Detail.xlsx,2017,HN407,3,S00300,Noncomparable imports,DetailedSpecialCommodity,,220,313300,Textile and fabric finishing and fabric coating mills,Industry,,5,numeric
detail_use_intermediate_2017,2017,detail,producer_use,IOUse_After_Redefinitions_PRO_Detail.xlsx,2017,HO407,3,S00300,Noncomparable imports,DetailedSpecialCommodity,,221,314110,Carpet and rug mills,Industry,,23,numeric
detail_use_intermediate_2017,2017,detail,producer_use,IOUse_After_Redefinitions_PRO_Detail.xlsx,2017,HP407,3,S00300,Noncomparable imports,DetailedSpecialCommodity,,222,314120,Curtain and linen mills,Industry,,7,numeric
detail_use_intermediate_2017,2017,detail,producer_use,IOUse_After_Redefinitions_PRO_Detail.xlsx,2017,HQ407,3,S00300,Noncomparable imports,DetailedSpecialCommodity,,223,314900,Other textile product mills,Industry,,19,numeric
detail_use_intermediate_2017,2017,detail,producer_use,IOUse_After_Redefinitions_PRO_Detail.xlsx,2017,HR407,3,S00300,Noncomparable imports,DetailedSpecialCommodity,,224,315000,Apparel manufacturing,Industry,,15,numeric
detail_use_intermediate_2017,2017,detail,producer_use,IOUse_After_Redefinitions_PRO_Detail.xlsx,2017,HS407,3,S00300,Noncomparable imports,DetailedSpecialCommodity,,225,316000,Leather and allied product manufacturing,Industry,,0,blank
detail_use_intermediate_2017,2017,detail,producer_use,IOUse_After_Redefinitions_PRO_Detail.xlsx,2017,HT407,3,S00300,Noncomparable imports,DetailedSpecialCommodity,,226,322110,Pulp mills,Industry,,20,numeric
detail_use_intermediate_2017,2017,detail,producer_use,IOUse_After_Redefinitions_PRO_Detail.xlsx,2017,HU407,3,S00300,Noncomparable imports,DetailedSpecialCommodity,,227,322120,Paper mills,Industry,,146,numeric
detail_use_intermediate_2017,2017,detail,producer_use,IOUse_After_Redefinitions_PRO_Detail.xlsx,2017,HV407,3,S00300,Noncomparable imports,DetailedSpecialCommodity,,228,322130,Paperboard mills,Industry,,10,numeric
detail_use_intermediate_2017,2017,detail,producer_use,IOUse_After_Redefinitions_PRO_Detail.xlsx,2017,HW407,3,S00300,Noncomparable imports,DetailedSpecialCommodity,,229,322210,Paperboard container manufacturing,Industry,,309,numeric
detail_use_intermediate_2017,2017,detail,producer_use,IOUse_After_Redefinitions_PRO_Detail.xlsx,2017,HX407,3,S00300,Noncomparable imports,DetailedSpecialCommodity,,230,322220,Paper bag and coated and treated paper manufacturing,Industry,,71,numeric
detail_use_intermediate_2017,2017,detail,producer_use,IOUse_After_Redefinitions_PRO_Detail.xlsx,2017,HY407,3,S00300,Noncomparable imports,DetailedSpecialCommodity,,231,322230,Stationery product manufacturing,Industry,,5,numeric
detail_use_intermediate_2017,2017,detail,producer_use,IOUse_After_Redefinitions_PRO_Detail.xlsx,2017,HZ407,3,S00300,Noncomparable imports,DetailedSpecialCommodity,,232,322291,Sanitary paper product manufacturing,Industry,,42,numeric
detail_use_intermediate_2017,2017,detail,producer_use,IOUse_After_Redefinitions_PRO_Detail.xlsx,2017,IA407,3,S00300,Noncomparable imports,DetailedSpecialCommodity,,233,322299,All other converted paper product manufacturing,Industry,,8,numeric
detail_use_intermediate_2017,2017,detail,producer_use,IOUse_After_Redefinitions_PRO_Detail.xlsx,2017,IB407,3,S00300,Noncomparable imports,DetailedSpecialCommodity,,234,323110,Printing,Industry,,302,numeric
detail_use_intermediate_2017,2017,detail,producer_use,IOUse_After_Redefinitions_PRO_Detail.xlsx,2017,IC407,3,S00300,Noncomparable imports,DetailedSpecialCommodity,,235,323120,Support activities for printing,Industry,,0,blank
detail_use_intermediate_2017,2017,detail,producer_use,IOUse_After_Redefinitions_PRO_Detail.xlsx,2017,ID407,3,S00300,Noncomparable imports,DetailedSpecialCommodity,,236,324110,Petroleum refineries,Industry,,5608,numeric
detail_use_intermediate_2017,2017,detail,producer_use,IOUse_After_Redefinitions_PRO_Detail.xlsx,2017,IE407,3,S00300,Noncomparable imports,DetailedSpecialCommodity,,237,324121,Asphalt paving mixture and block manufacturing,Industry,,63,numeric
detail_use_intermediate_2017,2017,detail,producer_use,IOUse_After_Redefinitions_PRO_Detail.xlsx,2017,IF407,3,S00300,Noncomparable imports,DetailedSpecialCommodity,,238,324122,Asphalt shingle and coating materials manufacturing,Industry,,0,blank
detail_use_intermediate_2017,2017,detail,producer_use,IOUse_After_Redefinitions_PRO_Detail.xlsx,2017,IG407,3,S00300,Noncomparable imports,DetailedSpecialCommodity,,239,324190,Other petroleum and coal products manufacturing,Industry,,10,numeric
detail_use_intermediate_2017,2017,detail,producer_use,IOUse_After_Redefinitions_PRO_Detail.xlsx,2017,IH407,3,S00300,Noncomparable imports,DetailedSpecialCommodity,,240,325110,Petrochemical manufacturing,Industry,,513,numeric
detail_use_intermediate_2017,2017,detail,producer_use,IOUse_After_Redefinitions_PRO_Detail.xlsx,2017,II407,3,S00300,Noncomparable imports,DetailedSpecialCommodity,,241,325120,Industrial gas manufacturing,Industry,,23,numeric
detail_use_intermediate_2017,2017,detail,producer_use,IOUse_After_Redefinitions_PRO_Detail.xlsx,2017,IJ407,3,S00300,Noncomparable imports,DetailedSpecialCommodity,,242,325130,Synthetic dye and pigment manufacturing,Industry,,23,numeric
detail_use_intermediate_2017,2017,detail,producer_use,IOUse_After_Redefinitions_PRO_Detail.xlsx,2017,IK407,3,S00300,Noncomparable imports,DetailedSpecialCommodity,,243,325180,Other basic inorganic chemical manufacturing,Industry,,108,numeric
detail_use_intermediate_2017,2017,detail,producer_use,IOUse_After_Redefinitions_PRO_Detail.xlsx,2017,IL407,3,S00300,Noncomparable imports,DetailedSpecialCommodity,,244,325190,Other basic organic chemical manufacturing,Industry,,580,numeric
detail_use_intermediate_2017,2017,detail,producer_use,IOUse_After_Redefinitions_PRO_Detail.xlsx,2017,IM407,3,S00300,Noncomparable imports,DetailedSpecialCommodity,,245,325211,Plastics material and resin manufacturing,Industry,,292,numeric
detail_use_intermediate_2017,2017,detail,producer_use,IOUse_After_Redefinitions_PRO_Detail.xlsx,2017,IN407,3,S00300,Noncomparable imports,DetailedSpecialCommodity,,246,3252A0,Synthetic rubber and artificial and synthetic fibers and filaments manufacturing,Industry,,38,numeric
detail_use_intermediate_2017,2017,detail,producer_use,IOUse_After_Redefinitions_PRO_Detail.xlsx,2017,IO407,3,S00300,Noncomparable imports,DetailedSpecialCommodity,,247,325411,Medicinal and botanical manufacturing,Industry,,51,numeric
detail_use_intermediate_2017,2017,detail,producer_use,IOUse_After_Redefinitions_PRO_Detail.xlsx,2017,IP407,3,S00300,Noncomparable imports,DetailedSpecialCommodity,,248,325412,Pharmaceutical preparation manufacturing,Industry,,290,numeric
detail_use_intermediate_2017,2017,detail,producer_use,IOUse_After_Redefinitions_PRO_Detail.xlsx,2017,IQ407,3,S00300,Noncomparable imports,DetailedSpecialCommodity,,249,325413,In-vitro diagnostic substance manufacturing,Industry,,0,blank
detail_use_intermediate_2017,2017,detail,producer_use,IOUse_After_Redefinitions_PRO_Detail.xlsx,2017,IR407,3,S00300,Noncomparable imports,DetailedSpecialCommodity,,250,325414,Biological product (except diagnostic) manufacturing,Industry,,140,numeric
detail_use_intermediate_2017,2017,detail,producer_use,IOUse_After_Redefinitions_PRO_Detail.xlsx,2017,IS407,3,S00300,Noncomparable imports,DetailedSpecialCommodity,,251,325310,Fertilizer manufacturing,Industry,,92,numeric
detail_use_intermediate_2017,2017,detail,producer_use,IOUse_After_Redefinitions_PRO_Detail.xlsx,2017,IT407,3,S00300,Noncomparable imports,DetailedSpecialCommodity,,252,325320,Pesticide and other agricultural chemical manufacturing,Industry,,30,numeric
detail_use_intermediate_2017,2017,detail,producer_use,IOUse_After_Redefinitions_PRO_Detail.xlsx,2017,IU407,3,S00300,Noncomparable imports,DetailedSpecialCommodity,,253,325510,Paint and coating manufacturing,Industry,,52,numeric
detail_use_intermediate_2017,2017,detail,producer_use,IOUse_After_Redefinitions_PRO_Detail.xlsx,2017,IV407,3,S00300,Noncomparable imports,DetailedSpecialCommodity,,254,325520,Adhesive manufacturing,Industry,,30,numeric
detail_use_intermediate_2017,2017,detail,producer_use,IOUse_After_Redefinitions_PRO_Detail.xlsx,2017,IW407,3,S00300,Noncomparable imports,DetailedSpecialCommodity,,255,325610,Soap and cleaning compound manufacturing,Industry,,139,numeric
detail_use_intermediate_2017,2017,detail,producer_use,IOUse_After_Redefinitions_PRO_Detail.xlsx,2017,IX407,3,S00300,Noncomparable imports,DetailedSpecialCommodity,,256,325620,Toilet preparation manufacturing,Industry,,66,numeric
detail_use_intermediate_2017,2017,detail,producer_use,IOUse_After_Redefinitions_PRO_Detail.xlsx,2017,IY407,3,S00300,Noncomparable imports,DetailedSpecialCommodity,,257,325910,Printing ink manufacturing,Industry,,11,numeric
detail_use_intermediate_2017,2017,detail,producer_use,IOUse_After_Redefinitions_PRO_Detail.xlsx,2017,IZ407,3,S00300,Noncomparable imports,DetailedSpecialCommodity,,258,3259A0,All other chemical product and preparation manufacturing,Industry,,82,numeric
detail_use_intermediate_2017,2017,detail,producer_use,IOUse_After_Redefinitions_PRO_Detail.xlsx,2017,JA407,3,S00300,Noncomparable imports,DetailedSpecialCommodity,,259,326110,Plastics packaging materials and unlaminated film and sheet manufacturing,Industry,,121,numeric
detail_use_intermediate_2017,2017,detail,producer_use,IOUse_After_Redefinitions_PRO_Detail.xlsx,2017,JB407,3,S00300,Noncomparable imports,DetailedSpecialCommodity,,260,326120,"Plastics pipe, pipe fitting, and unlaminated profile shape manufacturing",Industry,,62,numeric
detail_use_intermediate_2017,2017,detail,producer_use,IOUse_After_Redefinitions_PRO_Detail.xlsx,2017,JC407,3,S00300,Noncomparable imports,DetailedSpecialCommodity,,261,326130,"Laminated plastics plate, sheet (except packaging), and shape manufacturing",Industry,,0,blank
detail_use_intermediate_2017,2017,detail,producer_use,IOUse_After_Redefinitions_PRO_Detail.xlsx,2017,JD407,3,S00300,Noncomparable imports,DetailedSpecialCommodity,,262,326140,Polystyrene foam product manufacturing,Industry,,0,blank
detail_use_intermediate_2017,2017,detail,producer_use,IOUse_After_Redefinitions_PRO_Detail.xlsx,2017,JE407,3,S00300,Noncomparable imports,DetailedSpecialCommodity,,263,326150,Urethane and other foam product (except polystyrene) manufacturing,Industry,,0,blank
detail_use_intermediate_2017,2017,detail,producer_use,IOUse_After_Redefinitions_PRO_Detail.xlsx,2017,JF407,3,S00300,Noncomparable imports,DetailedSpecialCommodity,,264,326160,Plastics bottle manufacturing,Industry,,51,numeric
detail_use_intermediate_2017,2017,detail,producer_use,IOUse_After_Redefinitions_PRO_Detail.xlsx,2017,JG407,3,S00300,Noncomparable imports,DetailedSpecialCommodity,,265,326190,Other plastics product manufacturing,Industry,,344,numeric
detail_use_intermediate_2017,2017,detail,producer_use,IOUse_After_Redefinitions_PRO_Detail.xlsx,2017,JH407,3,S00300,Noncomparable imports,DetailedSpecialCommodity,,266,326210,Tire manufacturing,Industry,,58,numeric
detail_use_intermediate_2017,2017,detail,producer_use,IOUse_After_Redefinitions_PRO_Detail.xlsx,2017,JI407,3,S00300,Noncomparable imports,DetailedSpecialCommodity,,267,326220,Rubber and plastics hoses and belting manufacturing,Industry,,19,numeric
detail_use_intermediate_2017,2017,detail,producer_use,IOUse_After_Redefinitions_PRO_Detail.xlsx,2017,JJ407,3,S00300,Noncomparable imports,DetailedSpecialCommodity,,268,326290,Other rubber product manufacturing,Industry,,72,numeric
detail_use_intermediate_2017,2017,detail,producer_use,IOUse_After_Redefinitions_PRO_Detail.xlsx,2017,JK407,3,S00300,Noncomparable imports,DetailedSpecialCommodity,,269,423100,Motor vehicle and motor vehicle parts and supplies,Industry,,575,numeric
detail_use_intermediate_2017,2017,detail,producer_use,IOUse_After_Redefinitions_PRO_Detail.xlsx,2017,JL407,3,S00300,Noncomparable imports,DetailedSpecialCommodity,,270,423400,Professional and commercial equipment and supplies,Industry,,990,numeric
detail_use_intermediate_2017,2017,detail,producer_use,IOUse_After_Redefinitions_PRO_Detail.xlsx,2017,JM407,3,S00300,Noncomparable imports,DetailedSpecialCommodity,,271,423600,Household appliances and electrical and electronic goods,Industry,,1190,numeric
detail_use_intermediate_2017,2017,detail,producer_use,IOUse_After_Redefinitions_PRO_Detail.xlsx,2017,JN407,3,S00300,Noncomparable imports,DetailedSpecialCommodity,,272,423800,"Machinery, equipment, and supplies",Industry,,1134,numeric
detail_use_intermediate_2017,2017,detail,producer_use,IOUse_After_Redefinitions_PRO_Detail.xlsx,2017,JO407,3,S00300,Noncomparable imports,DetailedSpecialCommodity,,273,423A00,Other durable goods merchant wholesalers,Industry,,1011,numeric
detail_use_intermediate_2017,2017,detail,producer_use,IOUse_After_Redefinitions_PRO_Detail.xlsx,2017,JP407,3,S00300,Noncomparable imports,DetailedSpecialCommodity,,274,424200,Drugs and druggists' sundries,Industry,,434,numeric
detail_use_intermediate_2017,2017,detail,producer_use,IOUse_After_Redefinitions_PRO_Detail.xlsx,2017,JQ407,3,S00300,Noncomparable imports,DetailedSpecialCommodity,,275,424400,Grocery and related product wholesalers,Industry,,796,numeric
detail_use_intermediate_2017,2017,detail,producer_use,IOUse_After_Redefinitions_PRO_Detail.xlsx,2017,JR407,3,S00300,Noncomparable imports,DetailedSpecialCommodity,,276,424700,Petroleum and petroleum products,Industry,,858,numeric
detail_use_intermediate_2017,2017,detail,producer_use,IOUse_After_Redefinitions_PRO_Detail.xlsx,2017,JS407,3,S00300,Noncomparable imports,DetailedSpecialCommodity,,277,424A00,Other nondurable goods merchant wholesalers,Industry,,857,numeric
detail_use_intermediate_2017,2017,detail,producer_use,IOUse_After_Redefinitions_PRO_Detail.xlsx,2017,JT407,3,S00300,Noncomparable imports,DetailedSpecialCommodity,,278,425000,Wholesale electronic markets and agents and brokers,Industry,,397,numeric
detail_use_intermediate_2017,2017,detail,producer_use,IOUse_After_Redefinitions_PRO_Detail.xlsx,2017,JU407,3,S00300,Noncomparable imports,DetailedSpecialCommodity,,279,4200ID,Customs duties,Industry,,0,blank
detail_use_intermediate_2017,2017,detail,producer_use,IOUse_After_Redefinitions_PRO_Detail.xlsx,2017,JV407,3,S00300,Noncomparable imports,DetailedSpecialCommodity,,280,441000,Motor vehicle and parts dealers,Industry,,120,numeric
detail_use_intermediate_2017,2017,detail,producer_use,IOUse_After_Redefinitions_PRO_Detail.xlsx,2017,JW407,3,S00300,Noncomparable imports,DetailedSpecialCommodity,,281,445000,Food and beverage stores,Industry,,512,numeric
detail_use_intermediate_2017,2017,detail,producer_use,IOUse_After_Redefinitions_PRO_Detail.xlsx,2017,JX407,3,S00300,Noncomparable imports,DetailedSpecialCommodity,,282,452000,General merchandise stores,Industry,,1016,numeric
detail_use_intermediate_2017,2017,detail,producer_use,IOUse_After_Redefinitions_PRO_Detail.xlsx,2017,JY407,3,S00300,Noncomparable imports,DetailedSpecialCommodity,,283,444000,Building material and garden equipment and supplies dealers,Industry,,0,blank
detail_use_intermediate_2017,2017,detail,producer_use,IOUse_After_Redefinitions_PRO_Detail.xlsx,2017,JZ407,3,S00300,Noncomparable imports,DetailedSpecialCommodity,,284,446000,Health and personal care stores,Industry,,177,numeric
detail_use_intermediate_2017,2017,detail,producer_use,IOUse_After_Redefinitions_PRO_Detail.xlsx,2017,KA407,3,S00300,Noncomparable imports,DetailedSpecialCommodity,,285,447000,Gasoline stations,Industry,,107,numeric
detail_use_intermediate_2017,2017,detail,producer_use,IOUse_After_Redefinitions_PRO_Detail.xlsx,2017,KB407,3,S00300,Noncomparable imports,DetailedSpecialCommodity,,286,448000,Clothing and clothing accessories stores,Industry,,284,numeric
detail_use_intermediate_2017,2017,detail,producer_use,IOUse_After_Redefinitions_PRO_Detail.xlsx,2017,KC407,3,S00300,Noncomparable imports,DetailedSpecialCommodity,,287,454000,Nonstore retailers,Industry,,2601,numeric
detail_use_intermediate_2017,2017,detail,producer_use,IOUse_After_Redefinitions_PRO_Detail.xlsx,2017,KD407,3,S00300,Noncomparable imports,DetailedSpecialCommodity,,288,4B0000,All other retail,Industry,,139,numeric
detail_use_intermediate_2017,2017,detail,producer_use,IOUse_After_Redefinitions_PRO_Detail.xlsx,2017,KE407,3,S00300,Noncomparable imports,DetailedSpecialCommodity,,289,481000,Air transportation,Industry,,15226,numeric
detail_use_intermediate_2017,2017,detail,producer_use,IOUse_After_Redefinitions_PRO_Detail.xlsx,2017,KF407,3,S00300,Noncomparable imports,DetailedSpecialCommodity,,290,482000,Rail transportation,Industry,,138,numeric
detail_use_intermediate_2017,2017,detail,producer_use,IOUse_After_Redefinitions_PRO_Detail.xlsx,2017,KG407,3,S00300,Noncomparable imports,DetailedSpecialCommodity,,291,483000,Water transportation,Industry,,1681,numeric
detail_use_intermediate_2017,2017,detail,producer_use,IOUse_After_Redefinitions_PRO_Detail.xlsx,2017,KH407,3,S00300,Noncomparable imports,DetailedSpecialCommodity,,292,484000,Truck transportation,Industry,,947,numeric
detail_use_intermediate_2017,2017,detail,producer_use,IOUse_After_Redefinitions_PRO_Detail.xlsx,2017,KI407,3,S00300,Noncomparable imports,DetailedSpecialCommodity,,293,485000,Transit and ground passenger transportation,Industry,,15,numeric
detail_use_intermediate_2017,2017,detail,producer_use,IOUse_After_Redefinitions_PRO_Detail.xlsx,2017,KJ407,3,S00300,Noncomparable imports,DetailedSpecialCommodity,,294,486000,Pipeline transportation,Industry,,47,numeric
detail_use_intermediate_2017,2017,detail,producer_use,IOUse_After_Redefinitions_PRO_Detail.xlsx,2017,KK407,3,S00300,Noncomparable imports,DetailedSpecialCommodity,,295,48A000,Scenic and sightseeing transportation and support activities,Industry,,455,numeric
detail_use_intermediate_2017,2017,detail,producer_use,IOUse_After_Redefinitions_PRO_Detail.xlsx,2017,KL407,3,S00300,Noncomparable imports,DetailedSpecialCommodity,,296,492000,Couriers and messengers,Industry,,92,numeric
detail_use_intermediate_2017,2017,detail,producer_use,IOUse_After_Redefinitions_PRO_Detail.xlsx,2017,KM407,3,S00300,Noncomparable imports,DetailedSpecialCommodity,,297,493000,Warehousing and storage,Industry,,108,numeric
detail_use_intermediate_2017,2017,detail,producer_use,IOUse_After_Redefinitions_PRO_Detail.xlsx,2017,KN407,3,S00300,Noncomparable imports,DetailedSpecialCommodity,,298,511110,Newspaper publishers,Industry,,101,numeric
detail_use_intermediate_2017,2017,detail,producer_use,IOUse_After_Redefinitions_PRO_Detail.xlsx,2017,KO407,3,S00300,Noncomparable imports,DetailedSpecialCommodity,,299,511120,Periodical Publishers,Industry,,8,numeric
detail_use_intermediate_2017,2017,detail,producer_use,IOUse_After_Redefinitions_PRO_Detail.xlsx,2017,KP407,3,S00300,Noncomparable imports,DetailedSpecialCommodity,,300,511130,Book publishers,Industry,,87,numeric
detail_use_intermediate_2017,2017,detail,producer_use,IOUse_After_Redefinitions_PRO_Detail.xlsx,2017,KQ407,3,S00300,Noncomparable imports,DetailedSpecialCommodity,,301,5111A0,"Directory, mailing list, and other publishers",Industry,,34,numeric
detail_use_intermediate_2017,2017,detail,producer_use,IOUse_After_Redefinitions_PRO_Detail.xlsx,2017,KR407,3,S00300,Noncomparable imports,DetailedSpecialCommodity,,302,511200,Software publishers,Industry,,663,numeric
detail_use_intermediate_2017,2017,detail,producer_use,IOUse_After_Redefinitions_PRO_Detail.xlsx,2017,KS407,3,S00300,Noncomparable imports,DetailedSpecialCommodity,,303,512100,Motion picture and video industries,Industry,,274,numeric
detail_use_intermediate_2017,2017,detail,producer_use,IOUse_After_Redefinitions_PRO_Detail.xlsx,2017,KT407,3,S00300,Noncomparable imports,DetailedSpecialCommodity,,304,512200,Sound recording industries,Industry,,45,numeric
detail_use_intermediate_2017,2017,detail,producer_use,IOUse_After_Redefinitions_PRO_Detail.xlsx,2017,KU407,3,S00300,Noncomparable imports,DetailedSpecialCommodity,,305,515100,Radio and television broadcasting,Industry,,49,numeric
detail_use_intermediate_2017,2017,detail,producer_use,IOUse_After_Redefinitions_PRO_Detail.xlsx,2017,KV407,3,S00300,Noncomparable imports,DetailedSpecialCommodity,,306,515200,Cable and other subscription programming,Industry,,159,numeric
detail_use_intermediate_2017,2017,detail,producer_use,IOUse_After_Redefinitions_PRO_Detail.xlsx,2017,KW407,3,S00300,Noncomparable imports,DetailedSpecialCommodity,,307,517110,Wired telecommunications carriers,Industry,,2872,numeric
detail_use_intermediate_2017,2017,detail,producer_use,IOUse_After_Redefinitions_PRO_Detail.xlsx,2017,KX407,3,S00300,Noncomparable imports,DetailedSpecialCommodity,,308,517210,Wireless telecommunications carriers (except satellite),Industry,,3886,numeric
detail_use_intermediate_2017,2017,detail,producer_use,IOUse_After_Redefinitions_PRO_Detail.xlsx,2017,KY407,3,S00300,Noncomparable imports,DetailedSpecialCommodity,,309,517A00,"Satellite, telecommunications resellers, and all other telecommunications",Industry,,442,numeric
detail_use_intermediate_2017,2017,detail,producer_use,IOUse_After_Redefinitions_PRO_Detail.xlsx,2017,KZ407,3,S00300,Noncomparable imports,DetailedSpecialCommodity,,310,518200,"Data processing, hosting, and related services",Industry,,525,numeric
detail_use_intermediate_2017,2017,detail,producer_use,IOUse_After_Redefinitions_PRO_Detail.xlsx,2017,LA407,3,S00300,Noncomparable imports,DetailedSpecialCommodity,,311,519130,Internet publishing and broadcasting and Web search portals,Industry,,240,numeric
detail_use_intermediate_2017,2017,detail,producer_use,IOUse_After_Redefinitions_PRO_Detail.xlsx,2017,LB407,3,S00300,Noncomparable imports,DetailedSpecialCommodity,,312,5191A0,"News syndicates, libraries, archives and all other information services",Industry,,11,numeric
detail_use_intermediate_2017,2017,detail,producer_use,IOUse_After_Redefinitions_PRO_Detail.xlsx,2017,LC407,3,S00300,Noncomparable imports,DetailedSpecialCommodity,,313,522A00,Nondepository credit intermediation and related activities,Industry,,1719,numeric
detail_use_intermediate_2017,2017,detail,producer_use,IOUse_After_Redefinitions_PRO_Detail.xlsx,2017,LD407,3,S00300,Noncomparable imports,DetailedSpecialCommodity,,314,52A000,Monetary authorities and depository credit intermediation,Industry,,2573,numeric
detail_use_intermediate_2017,2017,detail,producer_use,IOUse_After_Redefinitions_PRO_Detail.xlsx,2017,LE407,3,S00300,Noncomparable imports,DetailedSpecialCommodity,,315,523900,Other financial investment activities,Industry,,779,numeric
detail_use_intermediate_2017,2017,detail,producer_use,IOUse_After_Redefinitions_PRO_Detail.xlsx,2017,LF407,3,S00300,Noncomparable imports,DetailedSpecialCommodity,,316,523A00,Securities and commodity contracts intermediation and brokerage,Industry,,32051,numeric
detail_use_intermediate_2017,2017,detail,producer_use,IOUse_After_Redefinitions_PRO_Detail.xlsx,2017,LG407,3,S00300,Noncomparable imports,DetailedSpecialCommodity,,317,524113,Direct life insurance carriers,Industry,,255,numeric
detail_use_intermediate_2017,2017,detail,producer_use,IOUse_After_Redefinitions_PRO_Detail.xlsx,2017,LH407,3,S00300,Noncomparable imports,DetailedSpecialCommodity,,318,5241XX,"Insurance carriers, except direct life",Industry,,547,numeric
detail_use_intermediate_2017,2017,detail,producer_use,IOUse_After_Redefinitions_PRO_Detail.xlsx,2017,LI407,3,S00300,Noncomparable imports,DetailedSpecialCommodity,,319,524200,"Insurance agencies, brokerages, and related activities",Industry,,577,numeric
detail_use_intermediate_2017,2017,detail,producer_use,IOUse_After_Redefinitions_PRO_Detail.xlsx,2017,LJ407,3,S00300,Noncomparable imports,DetailedSpecialCommodity,,320,525000,"Funds, trusts, and other financial vehicles",Industry,,249,numeric
detail_use_intermediate_2017,2017,detail,producer_use,IOUse_After_Redefinitions_PRO_Detail.xlsx,2017,LK407,3,S00300,Noncomparable imports,DetailedSpecialCommodity,,321,531HSO,Owner-occupied housing,Industry,,0,blank
detail_use_intermediate_2017,2017,detail,producer_use,IOUse_After_Redefinitions_PRO_Detail.xlsx,2017,LL407,3,S00300,Noncomparable imports,DetailedSpecialCommodity,,322,531HST,Tenant-occupied housing,Industry,,98,numeric
detail_use_intermediate_2017,2017,detail,producer_use,IOUse_After_Redefinitions_PRO_Detail.xlsx,2017,LM407,3,S00300,Noncomparable imports,DetailedSpecialCommodity,,323,531ORE,Other real estate,Industry,,1316,numeric
detail_use_intermediate_2017,2017,detail,producer_use,IOUse_After_Redefinitions_PRO_Detail.xlsx,2017,LN407,3,S00300,Noncomparable imports,DetailedSpecialCommodity,,324,532100,Automotive equipment rental and leasing,Industry,,49,numeric
detail_use_intermediate_2017,2017,detail,producer_use,IOUse_After_Redefinitions_PRO_Detail.xlsx,2017,LO407,3,S00300,Noncomparable imports,DetailedSpecialCommodity,,325,532400,Commercial and industrial machinery and equipment rental and leasing,Industry,,468,numeric
detail_use_intermediate_2017,2017,detail,producer_use,IOUse_After_Redefinitions_PRO_Detail.xlsx,2017,LP407,3,S00300,Noncomparable imports,DetailedSpecialCommodity,,326,532A00,General and consumer goods rental,Industry,,126,numeric
detail_use_intermediate_2017,2017,detail,producer_use,IOUse_After_Redefinitions_PRO_Detail.xlsx,2017,LQ407,3,S00300,Noncomparable imports,DetailedSpecialCommodity,,327,533000,Lessors of nonfinancial intangible assets,Industry,,912,numeric
detail_use_intermediate_2017,2017,detail,producer_use,IOUse_After_Redefinitions_PRO_Detail.xlsx,2017,LR407,3,S00300,Noncomparable imports,DetailedSpecialCommodity,,328,541100,Legal services,Industry,,278,numeric
detail_use_intermediate_2017,2017,detail,producer_use,IOUse_After_Redefinitions_PRO_Detail.xlsx,2017,LS407,3,S00300,Noncomparable imports,DetailedSpecialCommodity,,329,541511,Custom computer programming services,Industry,,514,numeric
detail_use_intermediate_2017,2017,detail,producer_use,IOUse_After_Redefinitions_PRO_Detail.xlsx,2017,LT407,3,S00300,Noncomparable imports,DetailedSpecialCommodity,,330,541512,Computer systems design services,Industry,,1859,numeric
detail_use_intermediate_2017,2017,detail,producer_use,IOUse_After_Redefinitions_PRO_Detail.xlsx,2017,LU407,3,S00300,Noncomparable imports,DetailedSpecialCommodity,,331,54151A,"Other computer related services, including facilities management",Industry,,161,numeric
detail_use_intermediate_2017,2017,detail,producer_use,IOUse_After_Redefinitions_PRO_Detail.xlsx,2017,LV407,3,S00300,Noncomparable imports,DetailedSpecialCommodity,,332,541200,"Accounting, tax preparation, bookkeeping, and payroll services",Industry,,150,numeric
detail_use_intermediate_2017,2017,detail,producer_use,IOUse_After_Redefinitions_PRO_Detail.xlsx,2017,LW407,3,S00300,Noncomparable imports,DetailedSpecialCommodity,,333,541300,"Architectural, engineering, and related services",Industry,,1180,numeric
detail_use_intermediate_2017,2017,detail,producer_use,IOUse_After_Redefinitions_PRO_Detail.xlsx,2017,LX407,3,S00300,Noncomparable imports,DetailedSpecialCommodity,,334,541610,Management consulting services,Industry,,702,numeric
detail_use_intermediate_2017,2017,detail,producer_use,IOUse_After_Redefinitions_PRO_Detail.xlsx,2017,LY407,3,S00300,Noncomparable imports,DetailedSpecialCommodity,,335,5416A0,Environmental and other technical consulting services,Industry,,261,numeric
detail_use_intermediate_2017,2017,detail,producer_use,IOUse_After_Redefinitions_PRO_Detail.xlsx,2017,LZ407,3,S00300,Noncomparable imports,DetailedSpecialCommodity,,336,541700,Scientific research and development services,Industry,,321,numeric
detail_use_intermediate_2017,2017,detail,producer_use,IOUse_After_Redefinitions_PRO_Detail.xlsx,2017,MA407,3,S00300,Noncomparable imports,DetailedSpecialCommodity,,337,541800,"Advertising, public relations, and related services",Industry,,260,numeric
detail_use_intermediate_2017,2017,detail,producer_use,IOUse_After_Redefinitions_PRO_Detail.xlsx,2017,MB407,3,S00300,Noncomparable imports,DetailedSpecialCommodity,,338,541400,Specialized design services,Industry,,11,numeric
detail_use_intermediate_2017,2017,detail,producer_use,IOUse_After_Redefinitions_PRO_Detail.xlsx,2017,MC407,3,S00300,Noncomparable imports,DetailedSpecialCommodity,,339,541920,Photographic services,Industry,,42,numeric
detail_use_intermediate_2017,2017,detail,producer_use,IOUse_After_Redefinitions_PRO_Detail.xlsx,2017,MD407,3,S00300,Noncomparable imports,DetailedSpecialCommodity,,340,541940,Veterinary services,Industry,,117,numeric
detail_use_intermediate_2017,2017,detail,producer_use,IOUse_After_Redefinitions_PRO_Detail.xlsx,2017,ME407,3,S00300,Noncomparable imports,DetailedSpecialCommodity,,341,5419A0,"All other miscellaneous professional, scientific, and technical services",Industry,,218,numeric
detail_use_intermediate_2017,2017,detail,producer_use,IOUse_After_Redefinitions_PRO_Detail.xlsx,2017,MF407,3,S00300,Noncomparable imports,DetailedSpecialCommodity,,342,550000,Management of companies and enterprises,Industry,,2114,numeric
detail_use_intermediate_2017,2017,detail,producer_use,IOUse_After_Redefinitions_PRO_Detail.xlsx,2017,MG407,3,S00300,Noncomparable imports,DetailedSpecialCommodity,,343,561300,Employment services,Industry,,665,numeric
detail_use_intermediate_2017,2017,detail,producer_use,IOUse_After_Redefinitions_PRO_Detail.xlsx,2017,MH407,3,S00300,Noncomparable imports,DetailedSpecialCommodity,,344,561700,Services to buildings and dwellings,Industry,,286,numeric
detail_use_intermediate_2017,2017,detail,producer_use,IOUse_After_Redefinitions_PRO_Detail.xlsx,2017,MI407,3,S00300,Noncomparable imports,DetailedSpecialCommodity,,345,561100,Office administrative services,Industry,,48,numeric
detail_use_intermediate_2017,2017,detail,producer_use,IOUse_After_Redefinitions_PRO_Detail.xlsx,2017,MJ407,3,S00300,Noncomparable imports,DetailedSpecialCommodity,,346,561200,Facilities support services,Industry,,31,numeric
detail_use_intermediate_2017,2017,detail,producer_use,IOUse_After_Redefinitions_PRO_Detail.xlsx,2017,MK407,3,S00300,Noncomparable imports,DetailedSpecialCommodity,,347,561400,Business support services,Industry,,294,numeric
detail_use_intermediate_2017,2017,detail,producer_use,IOUse_After_Redefinitions_PRO_Detail.xlsx,2017,ML407,3,S00300,Noncomparable imports,DetailedSpecialCommodity,,348,561500,Travel arrangement and reservation services,Industry,,34,numeric
detail_use_intermediate_2017,2017,detail,producer_use,IOUse_After_Redefinitions_PRO_Detail.xlsx,2017,MM407,3,S00300,Noncomparable imports,DetailedSpecialCommodity,,349,561600,Investigation and security services,Industry,,5,numeric
detail_use_intermediate_2017,2017,detail,producer_use,IOUse_After_Redefinitions_PRO_Detail.xlsx,2017,MN407,3,S00300,Noncomparable imports,DetailedSpecialCommodity,,350,561900,Other support services,Industry,,29,numeric
detail_use_intermediate_2017,2017,detail,producer_use,IOUse_After_Redefinitions_PRO_Detail.xlsx,2017,MO407,3,S00300,Noncomparable imports,DetailedSpecialCommodity,,351,562000,Waste management and remediation services,Industry,,108,numeric
detail_use_intermediate_2017,2017,detail,producer_use,IOUse_After_Redefinitions_PRO_Detail.xlsx,2017,MP407,3,S00300,Noncomparable imports,DetailedSpecialCommodity,,352,611100,Elementary and secondary schools,Industry,,0,blank
detail_use_intermediate_2017,2017,detail,producer_use,IOUse_After_Redefinitions_PRO_Detail.xlsx,2017,MQ407,3,S00300,Noncomparable imports,DetailedSpecialCommodity,,353,611A00,"Junior colleges, colleges, universities, and professional schools",Industry,,429,numeric
detail_use_intermediate_2017,2017,detail,producer_use,IOUse_After_Redefinitions_PRO_Detail.xlsx,2017,MR407,3,S00300,Noncomparable imports,DetailedSpecialCommodity,,354,611B00,Other educational services,Industry,,106,numeric
detail_use_intermediate_2017,2017,detail,producer_use,IOUse_After_Redefinitions_PRO_Detail.xlsx,2017,MS407,3,S00300,Noncomparable imports,DetailedSpecialCommodity,,355,621100,Offices of physicians,Industry,,0,blank
detail_use_intermediate_2017,2017,detail,producer_use,IOUse_After_Redefinitions_PRO_Detail.xlsx,2017,MT407,3,S00300,Noncomparable imports,DetailedSpecialCommodity,,356,621200,Offices of dentists,Industry,,0,blank
detail_use_intermediate_2017,2017,detail,producer_use,IOUse_After_Redefinitions_PRO_Detail.xlsx,2017,MU407,3,S00300,Noncomparable imports,DetailedSpecialCommodity,,357,621300,Offices of other health practitioners,Industry,,0,blank
detail_use_intermediate_2017,2017,detail,producer_use,IOUse_After_Redefinitions_PRO_Detail.xlsx,2017,MV407,3,S00300,Noncomparable imports,DetailedSpecialCommodity,,358,621400,Outpatient care centers,Industry,,0,blank
detail_use_intermediate_2017,2017,detail,producer_use,IOUse_After_Redefinitions_PRO_Detail.xlsx,2017,MW407,3,S00300,Noncomparable imports,DetailedSpecialCommodity,,359,621500,Medical and diagnostic laboratories,Industry,,0,blank
detail_use_intermediate_2017,2017,detail,producer_use,IOUse_After_Redefinitions_PRO_Detail.xlsx,2017,MX407,3,S00300,Noncomparable imports,DetailedSpecialCommodity,,360,621600,Home health care services,Industry,,0,blank
detail_use_intermediate_2017,2017,detail,producer_use,IOUse_After_Redefinitions_PRO_Detail.xlsx,2017,MY407,3,S00300,Noncomparable imports,DetailedSpecialCommodity,,361,621900,Other ambulatory health care services,Industry,,0,blank
detail_use_intermediate_2017,2017,detail,producer_use,IOUse_After_Redefinitions_PRO_Detail.xlsx,2017,MZ407,3,S00300,Noncomparable imports,DetailedSpecialCommodity,,362,622000,Hospitals,Industry,,0,blank
detail_use_intermediate_2017,2017,detail,producer_use,IOUse_After_Redefinitions_PRO_Detail.xlsx,2017,NA407,3,S00300,Noncomparable imports,DetailedSpecialCommodity,,363,623A00,Nursing and community care facilities,Industry,,268,numeric
detail_use_intermediate_2017,2017,detail,producer_use,IOUse_After_Redefinitions_PRO_Detail.xlsx,2017,NB407,3,S00300,Noncomparable imports,DetailedSpecialCommodity,,364,623B00,"Residential mental health, substance abuse, and other residential care facilities",Industry,,25,numeric
detail_use_intermediate_2017,2017,detail,producer_use,IOUse_After_Redefinitions_PRO_Detail.xlsx,2017,NC407,3,S00300,Noncomparable imports,DetailedSpecialCommodity,,365,624100,Individual and family services,Industry,,0,blank
detail_use_intermediate_2017,2017,detail,producer_use,IOUse_After_Redefinitions_PRO_Detail.xlsx,2017,ND407,3,S00300,Noncomparable imports,DetailedSpecialCommodity,,366,624400,Child day care services,Industry,,0,blank
detail_use_intermediate_2017,2017,detail,producer_use,IOUse_After_Redefinitions_PRO_Detail.xlsx,2017,NE407,3,S00300,Noncomparable imports,DetailedSpecialCommodity,,367,624A00,"Community food, housing, and other relief services, including vocational rehabilitation services",Industry,,0,blank
detail_use_intermediate_2017,2017,detail,producer_use,IOUse_After_Redefinitions_PRO_Detail.xlsx,2017,NF407,3,S00300,Noncomparable imports,DetailedSpecialCommodity,,368,711100,Performing arts companies,Industry,,32,numeric
detail_use_intermediate_2017,2017,detail,producer_use,IOUse_After_Redefinitions_PRO_Detail.xlsx,2017,NG407,3,S00300,Noncomparable imports,DetailedSpecialCommodity,,369,711200,Spectator sports,Industry,,51,numeric
detail_use_intermediate_2017,2017,detail,producer_use,IOUse_After_Redefinitions_PRO_Detail.xlsx,2017,NH407,3,S00300,Noncomparable imports,DetailedSpecialCommodity,,370,711500,"Independent artists, writers, and performers",Industry,,171,numeric
detail_use_intermediate_2017,2017,detail,producer_use,IOUse_After_Redefinitions_PRO_Detail.xlsx,2017,NI407,3,S00300,Noncomparable imports,DetailedSpecialCommodity,,371,711A00,Promoters of performing arts and sports and agents for public figures,Industry,,88,numeric
detail_use_intermediate_2017,2017,detail,producer_use,IOUse_After_Redefinitions_PRO_Detail.xlsx,2017,NJ407,3,S00300,Noncomparable imports,DetailedSpecialCommodity,,372,712000,"Museums, historical sites, zoos, and parks",Industry,,0,blank
detail_use_intermediate_2017,2017,detail,producer_use,IOUse_After_Redefinitions_PRO_Detail.xlsx,2017,NK407,3,S00300,Noncomparable imports,DetailedSpecialCommodity,,373,713100,Amusement parks and arcades,Industry,,36,numeric
detail_use_intermediate_2017,2017,detail,producer_use,IOUse_After_Redefinitions_PRO_Detail.xlsx,2017,NL407,3,S00300,Noncomparable imports,DetailedSpecialCommodity,,374,713200,Gambling industries (except casino hotels),Industry,,67,numeric
detail_use_intermediate_2017,2017,detail,producer_use,IOUse_After_Redefinitions_PRO_Detail.xlsx,2017,NM407,3,S00300,Noncomparable imports,DetailedSpecialCommodity,,375,713900,Other amusement and recreation industries,Industry,,131,numeric
detail_use_intermediate_2017,2017,detail,producer_use,IOUse_After_Redefinitions_PRO_Detail.xlsx,2017,NN407,3,S00300,Noncomparable imports,DetailedSpecialCommodity,,376,721000,Accommodation,Industry,,666,numeric
detail_use_intermediate_2017,2017,detail,producer_use,IOUse_After_Redefinitions_PRO_Detail.xlsx,2017,NO407,3,S00300,Noncomparable imports,DetailedSpecialCommodity,,377,722110,Full-service restaurants,Industry,,1074,numeric
detail_use_intermediate_2017,2017,detail,producer_use,IOUse_After_Redefinitions_PRO_Detail.xlsx,2017,NP407,3,S00300,Noncomparable imports,DetailedSpecialCommodity,,378,722211,Limited-service restaurants,Industry,,764,numeric
detail_use_intermediate_2017,2017,detail,producer_use,IOUse_After_Redefinitions_PRO_Detail.xlsx,2017,NQ407,3,S00300,Noncomparable imports,DetailedSpecialCommodity,,379,722A00,All other food and drinking places,Industry,,103,numeric
detail_use_intermediate_2017,2017,detail,producer_use,IOUse_After_Redefinitions_PRO_Detail.xlsx,2017,NR407,3,S00300,Noncomparable imports,DetailedSpecialCommodity,,380,811100,Automotive repair and maintenance (including car washes),Industry,,102,numeric
detail_use_intermediate_2017,2017,detail,producer_use,IOUse_After_Redefinitions_PRO_Detail.xlsx,2017,NS407,3,S00300,Noncomparable imports,DetailedSpecialCommodity,,381,811200,Electronic and precision equipment repair and maintenance,Industry,,48,numeric
detail_use_intermediate_2017,2017,detail,producer_use,IOUse_After_Redefinitions_PRO_Detail.xlsx,2017,NT407,3,S00300,Noncomparable imports,DetailedSpecialCommodity,,382,811300,Commercial and industrial machinery and equipment repair and maintenance,Industry,,51,numeric
detail_use_intermediate_2017,2017,detail,producer_use,IOUse_After_Redefinitions_PRO_Detail.xlsx,2017,NU407,3,S00300,Noncomparable imports,DetailedSpecialCommodity,,383,811400,Personal and household goods repair and maintenance,Industry,,58,numeric
detail_use_intermediate_2017,2017,detail,producer_use,IOUse_After_Redefinitions_PRO_Detail.xlsx,2017,NV407,3,S00300,Noncomparable imports,DetailedSpecialCommodity,,384,812100,Personal care services,Industry,,53,numeric
detail_use_intermediate_2017,2017,detail,producer_use,IOUse_After_Redefinitions_PRO_Detail.xlsx,2017,NW407,3,S00300,Noncomparable imports,DetailedSpecialCommodity,,385,812200,Death care services,Industry,,4276,numeric
detail_use_intermediate_2017,2017,detail,producer_use,IOUse_After_Redefinitions_PRO_Detail.xlsx,2017,NX407,3,S00300,Noncomparable imports,DetailedSpecialCommodity,,386,812300,Dry-cleaning and laundry services,Industry,,10,numeric
detail_use_intermediate_2017,2017,detail,producer_use,IOUse_After_Redefinitions_PRO_Detail.xlsx,2017,NY407,3,S00300,Noncomparable imports,DetailedSpecialCommodity,,387,812900,Other personal services,Industry,,30,numeric
detail_use_intermediate_2017,2017,detail,producer_use,IOUse_After_Redefinitions_PRO_Detail.xlsx,2017,NZ407,3,S00300,Noncomparable imports,DetailedSpecialCommodity,,388,813100,Religious organizations,Industry,,0,blank
detail_use_intermediate_2017,2017,detail,producer_use,IOUse_After_Redefinitions_PRO_Detail.xlsx,2017,OA407,3,S00300,Noncomparable imports,DetailedSpecialCommodity,,389,813A00,"Grantmaking, giving, and social advocacy organizations",Industry,,0,blank
detail_use_intermediate_2017,2017,detail,producer_use,IOUse_After_Redefinitions_PRO_Detail.xlsx,2017,OB407,3,S00300,Noncomparable imports,DetailedSpecialCommodity,,390,813B00,"Civic, social, professional, and similar organizations",Industry,,0,blank
detail_use_intermediate_2017,2017,detail,producer_use,IOUse_After_Redefinitions_PRO_Detail.xlsx,2017,OC407,3,S00300,Noncomparable imports,DetailedSpecialCommodity,,391,814000,Private households,Industry,,0,blank
detail_use_intermediate_2017,2017,detail,producer_use,IOUse_After_Redefinitions_PRO_Detail.xlsx,2017,OD407,3,S00300,Noncomparable imports,DetailedSpecialCommodity,,392,S00500,Federal general government (defense),Industry,,11756,numeric
detail_use_intermediate_2017,2017,detail,producer_use,IOUse_After_Redefinitions_PRO_Detail.xlsx,2017,OE407,3,S00300,Noncomparable imports,DetailedSpecialCommodity,,393,S00600,Federal general government (nondefense),Industry,,2797,numeric
detail_use_intermediate_2017,2017,detail,producer_use,IOUse_After_Redefinitions_PRO_Detail.xlsx,2017,OF407,3,S00300,Noncomparable imports,DetailedSpecialCommodity,,394,491000,Postal service,Industry,,8,numeric
detail_use_intermediate_2017,2017,detail,producer_use,IOUse_After_Redefinitions_PRO_Detail.xlsx,2017,OG407,3,S00300,Noncomparable imports,DetailedSpecialCommodity,,395,S00101,Federal electric utilities,Industry,,0,blank
detail_use_intermediate_2017,2017,detail,producer_use,IOUse_After_Redefinitions_PRO_Detail.xlsx,2017,OH407,3,S00300,Noncomparable imports,DetailedSpecialCommodity,,396,S00102,Other federal government enterprises,Industry,,0,blank
detail_use_intermediate_2017,2017,detail,producer_use,IOUse_After_Redefinitions_PRO_Detail.xlsx,2017,OI407,3,S00300,Noncomparable imports,DetailedSpecialCommodity,,397,GSLGE,State and local government (educational services),Industry,,0,blank
detail_use_intermediate_2017,2017,detail,producer_use,IOUse_After_Redefinitions_PRO_Detail.xlsx,2017,OJ407,3,S00300,Noncomparable imports,DetailedSpecialCommodity,,398,GSLGH,State and local government (hospitals and health services),Industry,,0,blank
detail_use_intermediate_2017,2017,detail,producer_use,IOUse_After_Redefinitions_PRO_Detail.xlsx,2017,OK407,3,S00300,Noncomparable imports,DetailedSpecialCommodity,,399,GSLGO,State and local government (other services),Industry,,0,blank
detail_use_intermediate_2017,2017,detail,producer_use,IOUse_After_Redefinitions_PRO_Detail.xlsx,2017,OL407,3,S00300,Noncomparable imports,DetailedSpecialCommodity,,400,S00201,State and local government passenger transit,Industry,,0,blank
detail_use_intermediate_2017,2017,detail,producer_use,IOUse_After_Redefinitions_PRO_Detail.xlsx,2017,OM407,3,S00300,Noncomparable imports,DetailedSpecialCommodity,,401,S00202,State and local government electric utilities,Industry,,0,blank
detail_use_intermediate_2017,2017,detail,producer_use,IOUse_After_Redefinitions_PRO_Detail.xlsx,2017,ON407,3,S00300,Noncomparable imports,DetailedSpecialCommodity,,402,S00203,Other state and local government enterprises,Industry,,0,blank
detail_use_intermediate_2017,2017,detail,producer_use,IOUse_After_Redefinitions_PRO_Detail.xlsx,2017,C408,4,S00900,Rest of the world adjustment,DetailedSpecialCommodity,,1,1111A0,Oilseed farming,Industry,,0,blank
detail_use_intermediate_2017,2017,detail,producer_use,IOUse_After_Redefinitions_PRO_Detail.xlsx,2017,D408,4,S00900,Rest of the world adjustment,DetailedSpecialCommodity,,2,1111B0,Grain farming,Industry,,0,blank
detail_use_intermediate_2017,2017,detail,producer_use,IOUse_After_Redefinitions_PRO_Detail.xlsx,2017,E408,4,S00900,Rest of the world adjustment,DetailedSpecialCommodity,,3,111200,Vegetable and melon farming,Industry,,0,blank
detail_use_intermediate_2017,2017,detail,producer_use,IOUse_After_Redefinitions_PRO_Detail.xlsx,2017,F408,4,S00900,Rest of the world adjustment,DetailedSpecialCommodity,,4,111300,Fruit and tree nut farming,Industry,,0,blank
detail_use_intermediate_2017,2017,detail,producer_use,IOUse_After_Redefinitions_PRO_Detail.xlsx,2017,G408,4,S00900,Rest of the world adjustment,DetailedSpecialCommodity,,5,111400,"Greenhouse, nursery, and floriculture production",Industry,,0,blank
detail_use_intermediate_2017,2017,detail,producer_use,IOUse_After_Redefinitions_PRO_Detail.xlsx,2017,H408,4,S00900,Rest of the world adjustment,DetailedSpecialCommodity,,6,111900,Other crop farming,Industry,,0,blank
detail_use_intermediate_2017,2017,detail,producer_use,IOUse_After_Redefinitions_PRO_Detail.xlsx,2017,I408,4,S00900,Rest of the world adjustment,DetailedSpecialCommodity,,7,112120,Dairy cattle and milk production,Industry,,0,blank
detail_use_intermediate_2017,2017,detail,producer_use,IOUse_After_Redefinitions_PRO_Detail.xlsx,2017,J408,4,S00900,Rest of the world adjustment,DetailedSpecialCommodity,,8,1121A0,"Beef cattle ranching and farming, including feedlots and dual-purpose ranching and farming",Industry,,0,blank
detail_use_intermediate_2017,2017,detail,producer_use,IOUse_After_Redefinitions_PRO_Detail.xlsx,2017,K408,4,S00900,Rest of the world adjustment,DetailedSpecialCommodity,,9,112300,Poultry and egg production,Industry,,0,blank
detail_use_intermediate_2017,2017,detail,producer_use,IOUse_After_Redefinitions_PRO_Detail.xlsx,2017,L408,4,S00900,Rest of the world adjustment,DetailedSpecialCommodity,,10,112A00,"Animal production, except cattle and poultry and eggs",Industry,,0,blank
detail_use_intermediate_2017,2017,detail,producer_use,IOUse_After_Redefinitions_PRO_Detail.xlsx,2017,M408,4,S00900,Rest of the world adjustment,DetailedSpecialCommodity,,11,113000,Forestry and logging,Industry,,0,blank
detail_use_intermediate_2017,2017,detail,producer_use,IOUse_After_Redefinitions_PRO_Detail.xlsx,2017,N408,4,S00900,Rest of the world adjustment,DetailedSpecialCommodity,,12,114000,"Fishing, hunting and trapping",Industry,,0,blank
detail_use_intermediate_2017,2017,detail,producer_use,IOUse_After_Redefinitions_PRO_Detail.xlsx,2017,O408,4,S00900,Rest of the world adjustment,DetailedSpecialCommodity,,13,115000,Support activities for agriculture and forestry,Industry,,0,blank
detail_use_intermediate_2017,2017,detail,producer_use,IOUse_After_Redefinitions_PRO_Detail.xlsx,2017,P408,4,S00900,Rest of the world adjustment,DetailedSpecialCommodity,,14,211000,Oil and gas extraction,Industry,,0,blank
detail_use_intermediate_2017,2017,detail,producer_use,IOUse_After_Redefinitions_PRO_Detail.xlsx,2017,Q408,4,S00900,Rest of the world adjustment,DetailedSpecialCommodity,,15,212100,Coal mining,Industry,,0,blank
detail_use_intermediate_2017,2017,detail,producer_use,IOUse_After_Redefinitions_PRO_Detail.xlsx,2017,R408,4,S00900,Rest of the world adjustment,DetailedSpecialCommodity,,16,212230,"Copper, nickel, lead, and zinc mining",Industry,,0,blank
detail_use_intermediate_2017,2017,detail,producer_use,IOUse_After_Redefinitions_PRO_Detail.xlsx,2017,S408,4,S00900,Rest of the world adjustment,DetailedSpecialCommodity,,17,2122A0,"Iron, gold, silver, and other metal ore mining",Industry,,0,blank
detail_use_intermediate_2017,2017,detail,producer_use,IOUse_After_Redefinitions_PRO_Detail.xlsx,2017,T408,4,S00900,Rest of the world adjustment,DetailedSpecialCommodity,,18,212310,Stone mining and quarrying,Industry,,0,blank
detail_use_intermediate_2017,2017,detail,producer_use,IOUse_After_Redefinitions_PRO_Detail.xlsx,2017,U408,4,S00900,Rest of the world adjustment,DetailedSpecialCommodity,,19,2123A0,Other nonmetallic mineral mining and quarrying,Industry,,0,blank
detail_use_intermediate_2017,2017,detail,producer_use,IOUse_After_Redefinitions_PRO_Detail.xlsx,2017,V408,4,S00900,Rest of the world adjustment,DetailedSpecialCommodity,,20,213111,Drilling oil and gas wells,Industry,,0,blank
detail_use_intermediate_2017,2017,detail,producer_use,IOUse_After_Redefinitions_PRO_Detail.xlsx,2017,W408,4,S00900,Rest of the world adjustment,DetailedSpecialCommodity,,21,21311A,Other support activities for mining,Industry,,0,blank
detail_use_intermediate_2017,2017,detail,producer_use,IOUse_After_Redefinitions_PRO_Detail.xlsx,2017,X408,4,S00900,Rest of the world adjustment,DetailedSpecialCommodity,,22,221100,"Electric power generation, transmission, and distribution",Industry,,0,blank
detail_use_intermediate_2017,2017,detail,producer_use,IOUse_After_Redefinitions_PRO_Detail.xlsx,2017,Y408,4,S00900,Rest of the world adjustment,DetailedSpecialCommodity,,23,221200,Natural gas distribution,Industry,,0,blank
detail_use_intermediate_2017,2017,detail,producer_use,IOUse_After_Redefinitions_PRO_Detail.xlsx,2017,Z408,4,S00900,Rest of the world adjustment,DetailedSpecialCommodity,,24,221300,"Water, sewage and other systems",Industry,,0,blank
detail_use_intermediate_2017,2017,detail,producer_use,IOUse_After_Redefinitions_PRO_Detail.xlsx,2017,AA408,4,S00900,Rest of the world adjustment,DetailedSpecialCommodity,,25,233210,Health care structures,Industry,,0,blank
detail_use_intermediate_2017,2017,detail,producer_use,IOUse_After_Redefinitions_PRO_Detail.xlsx,2017,AB408,4,S00900,Rest of the world adjustment,DetailedSpecialCommodity,,26,233262,Educational and vocational structures,Industry,,0,blank
detail_use_intermediate_2017,2017,detail,producer_use,IOUse_After_Redefinitions_PRO_Detail.xlsx,2017,AC408,4,S00900,Rest of the world adjustment,DetailedSpecialCommodity,,27,230301,Nonresidential maintenance and repair,Industry,,0,blank
detail_use_intermediate_2017,2017,detail,producer_use,IOUse_After_Redefinitions_PRO_Detail.xlsx,2017,AD408,4,S00900,Rest of the world adjustment,DetailedSpecialCommodity,,28,230302,Residential maintenance and repair,Industry,,0,blank
detail_use_intermediate_2017,2017,detail,producer_use,IOUse_After_Redefinitions_PRO_Detail.xlsx,2017,AE408,4,S00900,Rest of the world adjustment,DetailedSpecialCommodity,,29,2332A0,Office and commercial structures,Industry,,0,blank
detail_use_intermediate_2017,2017,detail,producer_use,IOUse_After_Redefinitions_PRO_Detail.xlsx,2017,AF408,4,S00900,Rest of the world adjustment,DetailedSpecialCommodity,,30,233412,Multifamily residential structures,Industry,,0,blank
detail_use_intermediate_2017,2017,detail,producer_use,IOUse_After_Redefinitions_PRO_Detail.xlsx,2017,AG408,4,S00900,Rest of the world adjustment,DetailedSpecialCommodity,,31,2334A0,Other residential structures,Industry,,0,blank
detail_use_intermediate_2017,2017,detail,producer_use,IOUse_After_Redefinitions_PRO_Detail.xlsx,2017,AH408,4,S00900,Rest of the world adjustment,DetailedSpecialCommodity,,32,233230,Manufacturing structures,Industry,,0,blank
detail_use_intermediate_2017,2017,detail,producer_use,IOUse_After_Redefinitions_PRO_Detail.xlsx,2017,AI408,4,S00900,Rest of the world adjustment,DetailedSpecialCommodity,,33,2332D0,Other nonresidential structures,Industry,,0,blank
detail_use_intermediate_2017,2017,detail,producer_use,IOUse_After_Redefinitions_PRO_Detail.xlsx,2017,AJ408,4,S00900,Rest of the world adjustment,DetailedSpecialCommodity,,34,233240,Power and communication structures,Industry,,0,blank
detail_use_intermediate_2017,2017,detail,producer_use,IOUse_After_Redefinitions_PRO_Detail.xlsx,2017,AK408,4,S00900,Rest of the world adjustment,DetailedSpecialCommodity,,35,233411,Single-family residential structures,Industry,,0,blank
detail_use_intermediate_2017,2017,detail,producer_use,IOUse_After_Redefinitions_PRO_Detail.xlsx,2017,AL408,4,S00900,Rest of the world adjustment,DetailedSpecialCommodity,,36,2332C0,Transportation structures and highways and streets,Industry,,0,blank
detail_use_intermediate_2017,2017,detail,producer_use,IOUse_After_Redefinitions_PRO_Detail.xlsx,2017,AM408,4,S00900,Rest of the world adjustment,DetailedSpecialCommodity,,37,321100,Sawmills and wood preservation,Industry,,0,blank
detail_use_intermediate_2017,2017,detail,producer_use,IOUse_After_Redefinitions_PRO_Detail.xlsx,2017,AN408,4,S00900,Rest of the world adjustment,DetailedSpecialCommodity,,38,321200,"Veneer, plywood, and engineered wood product manufacturing",Industry,,0,blank
detail_use_intermediate_2017,2017,detail,producer_use,IOUse_After_Redefinitions_PRO_Detail.xlsx,2017,AO408,4,S00900,Rest of the world adjustment,DetailedSpecialCommodity,,39,321910,Millwork,Industry,,0,blank
detail_use_intermediate_2017,2017,detail,producer_use,IOUse_After_Redefinitions_PRO_Detail.xlsx,2017,AP408,4,S00900,Rest of the world adjustment,DetailedSpecialCommodity,,40,3219A0,All other wood product manufacturing,Industry,,0,blank
detail_use_intermediate_2017,2017,detail,producer_use,IOUse_After_Redefinitions_PRO_Detail.xlsx,2017,AQ408,4,S00900,Rest of the world adjustment,DetailedSpecialCommodity,,41,327100,Clay product and refractory manufacturing,Industry,,0,blank
detail_use_intermediate_2017,2017,detail,producer_use,IOUse_After_Redefinitions_PRO_Detail.xlsx,2017,AR408,4,S00900,Rest of the world adjustment,DetailedSpecialCommodity,,42,327200,Glass and glass product manufacturing,Industry,,0,blank
detail_use_intermediate_2017,2017,detail,producer_use,IOUse_After_Redefinitions_PRO_Detail.xlsx,2017,AS408,4,S00900,Rest of the world adjustment,DetailedSpecialCommodity,,43,327310,Cement manufacturing,Industry,,0,blank
detail_use_intermediate_2017,2017,detail,producer_use,IOUse_After_Redefinitions_PRO_Detail.xlsx,2017,AT408,4,S00900,Rest of the world adjustment,DetailedSpecialCommodity,,44,327320,Ready-mix concrete manufacturing,Industry,,0,blank
detail_use_intermediate_2017,2017,detail,producer_use,IOUse_After_Redefinitions_PRO_Detail.xlsx,2017,AU408,4,S00900,Rest of the world adjustment,DetailedSpecialCommodity,,45,327330,"Concrete pipe, brick, and block manufacturing",Industry,,0,blank
detail_use_intermediate_2017,2017,detail,producer_use,IOUse_After_Redefinitions_PRO_Detail.xlsx,2017,AV408,4,S00900,Rest of the world adjustment,DetailedSpecialCommodity,,46,327390,Other concrete product manufacturing,Industry,,0,blank
detail_use_intermediate_2017,2017,detail,producer_use,IOUse_After_Redefinitions_PRO_Detail.xlsx,2017,AW408,4,S00900,Rest of the world adjustment,DetailedSpecialCommodity,,47,327400,Lime and gypsum product manufacturing,Industry,,0,blank
detail_use_intermediate_2017,2017,detail,producer_use,IOUse_After_Redefinitions_PRO_Detail.xlsx,2017,AX408,4,S00900,Rest of the world adjustment,DetailedSpecialCommodity,,48,327910,Abrasive product manufacturing,Industry,,0,blank
detail_use_intermediate_2017,2017,detail,producer_use,IOUse_After_Redefinitions_PRO_Detail.xlsx,2017,AY408,4,S00900,Rest of the world adjustment,DetailedSpecialCommodity,,49,327991,Cut stone and stone product manufacturing,Industry,,0,blank
detail_use_intermediate_2017,2017,detail,producer_use,IOUse_After_Redefinitions_PRO_Detail.xlsx,2017,AZ408,4,S00900,Rest of the world adjustment,DetailedSpecialCommodity,,50,327992,Ground or treated mineral and earth manufacturing,Industry,,0,blank
detail_use_intermediate_2017,2017,detail,producer_use,IOUse_After_Redefinitions_PRO_Detail.xlsx,2017,BA408,4,S00900,Rest of the world adjustment,DetailedSpecialCommodity,,51,327993,Mineral wool manufacturing,Industry,,0,blank
detail_use_intermediate_2017,2017,detail,producer_use,IOUse_After_Redefinitions_PRO_Detail.xlsx,2017,BB408,4,S00900,Rest of the world adjustment,DetailedSpecialCommodity,,52,327999,Miscellaneous nonmetallic mineral products,Industry,,0,blank
detail_use_intermediate_2017,2017,detail,producer_use,IOUse_After_Redefinitions_PRO_Detail.xlsx,2017,BC408,4,S00900,Rest of the world adjustment,DetailedSpecialCommodity,,53,331110,Iron and steel mills and ferroalloy manufacturing,Industry,,0,blank
detail_use_intermediate_2017,2017,detail,producer_use,IOUse_After_Redefinitions_PRO_Detail.xlsx,2017,BD408,4,S00900,Rest of the world adjustment,DetailedSpecialCommodity,,54,331200,Steel product manufacturing from purchased steel,Industry,,0,blank
detail_use_intermediate_2017,2017,detail,producer_use,IOUse_After_Redefinitions_PRO_Detail.xlsx,2017,BE408,4,S00900,Rest of the world adjustment,DetailedSpecialCommodity,,55,331314,Secondary smelting and alloying of aluminum,Industry,,0,blank
detail_use_intermediate_2017,2017,detail,producer_use,IOUse_After_Redefinitions_PRO_Detail.xlsx,2017,BF408,4,S00900,Rest of the world adjustment,DetailedSpecialCommodity,,56,331313,Alumina refining and primary aluminum production,Industry,,0,blank
detail_use_intermediate_2017,2017,detail,producer_use,IOUse_After_Redefinitions_PRO_Detail.xlsx,2017,BG408,4,S00900,Rest of the world adjustment,DetailedSpecialCommodity,,57,33131B,Aluminum product manufacturing from purchased aluminum,Industry,,0,blank
detail_use_intermediate_2017,2017,detail,producer_use,IOUse_After_Redefinitions_PRO_Detail.xlsx,2017,BH408,4,S00900,Rest of the world adjustment,DetailedSpecialCommodity,,58,331410,Nonferrous metal (except aluminum) smelting and refining,Industry,,0,blank
detail_use_intermediate_2017,2017,detail,producer_use,IOUse_After_Redefinitions_PRO_Detail.xlsx,2017,BI408,4,S00900,Rest of the world adjustment,DetailedSpecialCommodity,,59,331420,"Copper rolling, drawing, extruding and alloying",Industry,,0,blank
detail_use_intermediate_2017,2017,detail,producer_use,IOUse_After_Redefinitions_PRO_Detail.xlsx,2017,BJ408,4,S00900,Rest of the world adjustment,DetailedSpecialCommodity,,60,331490,"Nonferrous metal (except copper and aluminum) rolling, drawing, extruding and alloying",Industry,,0,blank
detail_use_intermediate_2017,2017,detail,producer_use,IOUse_After_Redefinitions_PRO_Detail.xlsx,2017,BK408,4,S00900,Rest of the world adjustment,DetailedSpecialCommodity,,61,331510,Ferrous metal foundries,Industry,,0,blank
detail_use_intermediate_2017,2017,detail,producer_use,IOUse_After_Redefinitions_PRO_Detail.xlsx,2017,BL408,4,S00900,Rest of the world adjustment,DetailedSpecialCommodity,,62,331520,Nonferrous metal foundries,Industry,,0,blank
detail_use_intermediate_2017,2017,detail,producer_use,IOUse_After_Redefinitions_PRO_Detail.xlsx,2017,BM408,4,S00900,Rest of the world adjustment,DetailedSpecialCommodity,,63,332114,Custom roll forming,Industry,,0,blank
detail_use_intermediate_2017,2017,detail,producer_use,IOUse_After_Redefinitions_PRO_Detail.xlsx,2017,BN408,4,S00900,Rest of the world adjustment,DetailedSpecialCommodity,,64,33211A,"All other forging, stamping, and sintering",Industry,,0,blank
detail_use_intermediate_2017,2017,detail,producer_use,IOUse_After_Redefinitions_PRO_Detail.xlsx,2017,BO408,4,S00900,Rest of the world adjustment,DetailedSpecialCommodity,,65,332119,"Metal crown, closure, and other metal stamping (except automotive)",Industry,,0,blank
detail_use_intermediate_2017,2017,detail,producer_use,IOUse_After_Redefinitions_PRO_Detail.xlsx,2017,BP408,4,S00900,Rest of the world adjustment,DetailedSpecialCommodity,,66,332200,Cutlery and handtool manufacturing,Industry,,0,blank
detail_use_intermediate_2017,2017,detail,producer_use,IOUse_After_Redefinitions_PRO_Detail.xlsx,2017,BQ408,4,S00900,Rest of the world adjustment,DetailedSpecialCommodity,,67,332310,Plate work and fabricated structural product manufacturing,Industry,,0,blank
detail_use_intermediate_2017,2017,detail,producer_use,IOUse_After_Redefinitions_PRO_Detail.xlsx,2017,BR408,4,S00900,Rest of the world adjustment,DetailedSpecialCommodity,,68,332320,Ornamental and architectural metal products manufacturing,Industry,,0,blank
detail_use_intermediate_2017,2017,detail,producer_use,IOUse_After_Redefinitions_PRO_Detail.xlsx,2017,BS408,4,S00900,Rest of the world adjustment,DetailedSpecialCommodity,,69,332410,Power boiler and heat exchanger manufacturing,Industry,,0,blank
detail_use_intermediate_2017,2017,detail,producer_use,IOUse_After_Redefinitions_PRO_Detail.xlsx,2017,BT408,4,S00900,Rest of the world adjustment,DetailedSpecialCommodity,,70,332420,Metal tank (heavy gauge) manufacturing,Industry,,0,blank
detail_use_intermediate_2017,2017,detail,producer_use,IOUse_After_Redefinitions_PRO_Detail.xlsx,2017,BU408,4,S00900,Rest of the world adjustment,DetailedSpecialCommodity,,71,332430,"Metal can, box, and other metal container (light gauge) manufacturing",Industry,,0,blank
detail_use_intermediate_2017,2017,detail,producer_use,IOUse_After_Redefinitions_PRO_Detail.xlsx,2017,BV408,4,S00900,Rest of the world adjustment,DetailedSpecialCommodity,,72,332500,Hardware manufacturing,Industry,,0,blank
detail_use_intermediate_2017,2017,detail,producer_use,IOUse_After_Redefinitions_PRO_Detail.xlsx,2017,BW408,4,S00900,Rest of the world adjustment,DetailedSpecialCommodity,,73,332600,Spring and wire product manufacturing,Industry,,0,blank
detail_use_intermediate_2017,2017,detail,producer_use,IOUse_After_Redefinitions_PRO_Detail.xlsx,2017,BX408,4,S00900,Rest of the world adjustment,DetailedSpecialCommodity,,74,332710,Machine shops,Industry,,0,blank
detail_use_intermediate_2017,2017,detail,producer_use,IOUse_After_Redefinitions_PRO_Detail.xlsx,2017,BY408,4,S00900,Rest of the world adjustment,DetailedSpecialCommodity,,75,332720,"Turned product and screw, nut, and bolt manufacturing",Industry,,0,blank
detail_use_intermediate_2017,2017,detail,producer_use,IOUse_After_Redefinitions_PRO_Detail.xlsx,2017,BZ408,4,S00900,Rest of the world adjustment,DetailedSpecialCommodity,,76,332800,"Coating, engraving, heat treating and allied activities",Industry,,0,blank
detail_use_intermediate_2017,2017,detail,producer_use,IOUse_After_Redefinitions_PRO_Detail.xlsx,2017,CA408,4,S00900,Rest of the world adjustment,DetailedSpecialCommodity,,77,332913,Plumbing fixture fitting and trim manufacturing,Industry,,0,blank
detail_use_intermediate_2017,2017,detail,producer_use,IOUse_After_Redefinitions_PRO_Detail.xlsx,2017,CB408,4,S00900,Rest of the world adjustment,DetailedSpecialCommodity,,78,33291A,Valve and fittings other than plumbing,Industry,,0,blank
detail_use_intermediate_2017,2017,detail,producer_use,IOUse_After_Redefinitions_PRO_Detail.xlsx,2017,CC408,4,S00900,Rest of the world adjustment,DetailedSpecialCommodity,,79,332991,Ball and roller bearing manufacturing,Industry,,0,blank
detail_use_intermediate_2017,2017,detail,producer_use,IOUse_After_Redefinitions_PRO_Detail.xlsx,2017,CD408,4,S00900,Rest of the world adjustment,DetailedSpecialCommodity,,80,332996,Fabricated pipe and pipe fitting manufacturing,Industry,,0,blank
detail_use_intermediate_2017,2017,detail,producer_use,IOUse_After_Redefinitions_PRO_Detail.xlsx,2017,CE408,4,S00900,Rest of the world adjustment,DetailedSpecialCommodity,,81,33299A,"Ammunition, arms, ordnance, and accessories manufacturing",Industry,,0,blank
detail_use_intermediate_2017,2017,detail,producer_use,IOUse_After_Redefinitions_PRO_Detail.xlsx,2017,CF408,4,S00900,Rest of the world adjustment,DetailedSpecialCommodity,,82,332999,Other fabricated metal manufacturing,Industry,,0,blank
detail_use_intermediate_2017,2017,detail,producer_use,IOUse_After_Redefinitions_PRO_Detail.xlsx,2017,CG408,4,S00900,Rest of the world adjustment,DetailedSpecialCommodity,,83,333111,Farm machinery and equipment manufacturing,Industry,,0,blank
detail_use_intermediate_2017,2017,detail,producer_use,IOUse_After_Redefinitions_PRO_Detail.xlsx,2017,CH408,4,S00900,Rest of the world adjustment,DetailedSpecialCommodity,,84,333112,Lawn and garden equipment manufacturing,Industry,,0,blank
detail_use_intermediate_2017,2017,detail,producer_use,IOUse_After_Redefinitions_PRO_Detail.xlsx,2017,CI408,4,S00900,Rest of the world adjustment,DetailedSpecialCommodity,,85,333120,Construction machinery manufacturing,Industry,,0,blank
detail_use_intermediate_2017,2017,detail,producer_use,IOUse_After_Redefinitions_PRO_Detail.xlsx,2017,CJ408,4,S00900,Rest of the world adjustment,DetailedSpecialCommodity,,86,333130,Mining and oil and gas field machinery manufacturing,Industry,,0,blank
detail_use_intermediate_2017,2017,detail,producer_use,IOUse_After_Redefinitions_PRO_Detail.xlsx,2017,CK408,4,S00900,Rest of the world adjustment,DetailedSpecialCommodity,,87,333242,Semiconductor machinery manufacturing,Industry,,0,blank
detail_use_intermediate_2017,2017,detail,producer_use,IOUse_After_Redefinitions_PRO_Detail.xlsx,2017,CL408,4,S00900,Rest of the world adjustment,DetailedSpecialCommodity,,88,33329A,Other industrial machinery manufacturing,Industry,,0,blank
detail_use_intermediate_2017,2017,detail,producer_use,IOUse_After_Redefinitions_PRO_Detail.xlsx,2017,CM408,4,S00900,Rest of the world adjustment,DetailedSpecialCommodity,,89,333314,Optical instrument and lens manufacturing,Industry,,0,blank
detail_use_intermediate_2017,2017,detail,producer_use,IOUse_After_Redefinitions_PRO_Detail.xlsx,2017,CN408,4,S00900,Rest of the world adjustment,DetailedSpecialCommodity,,90,333316,Photographic and photocopying equipment manufacturing,Industry,,0,blank
detail_use_intermediate_2017,2017,detail,producer_use,IOUse_After_Redefinitions_PRO_Detail.xlsx,2017,CO408,4,S00900,Rest of the world adjustment,DetailedSpecialCommodity,,91,333318,Other commercial and service industry machinery manufacturing,Industry,,0,blank
detail_use_intermediate_2017,2017,detail,producer_use,IOUse_After_Redefinitions_PRO_Detail.xlsx,2017,CP408,4,S00900,Rest of the world adjustment,DetailedSpecialCommodity,,92,333414,Heating equipment (except warm air furnaces) manufacturing,Industry,,0,blank
detail_use_intermediate_2017,2017,detail,producer_use,IOUse_After_Redefinitions_PRO_Detail.xlsx,2017,CQ408,4,S00900,Rest of the world adjustment,DetailedSpecialCommodity,,93,333415,"Air conditioning, refrigeration, and warm air heating equipment manufacturing",Industry,,0,blank
detail_use_intermediate_2017,2017,detail,producer_use,IOUse_After_Redefinitions_PRO_Detail.xlsx,2017,CR408,4,S00900,Rest of the world adjustment,DetailedSpecialCommodity,,94,333413,Industrial and commercial fan and blower and air purification equipment manufacturing,Industry,,0,blank
detail_use_intermediate_2017,2017,detail,producer_use,IOUse_After_Redefinitions_PRO_Detail.xlsx,2017,CS408,4,S00900,Rest of the world adjustment,DetailedSpecialCommodity,,95,333511,Industrial mold manufacturing,Industry,,0,blank
detail_use_intermediate_2017,2017,detail,producer_use,IOUse_After_Redefinitions_PRO_Detail.xlsx,2017,CT408,4,S00900,Rest of the world adjustment,DetailedSpecialCommodity,,96,333514,"Special tool, die, jig, and fixture manufacturing",Industry,,0,blank
detail_use_intermediate_2017,2017,detail,producer_use,IOUse_After_Redefinitions_PRO_Detail.xlsx,2017,CU408,4,S00900,Rest of the world adjustment,DetailedSpecialCommodity,,97,333517,Machine tool manufacturing,Industry,,0,blank
detail_use_intermediate_2017,2017,detail,producer_use,IOUse_After_Redefinitions_PRO_Detail.xlsx,2017,CV408,4,S00900,Rest of the world adjustment,DetailedSpecialCommodity,,98,33351B,"Cutting and machine tool accessory, rolling mill, and other metalworking machinery manufacturing",Industry,,0,blank
detail_use_intermediate_2017,2017,detail,producer_use,IOUse_After_Redefinitions_PRO_Detail.xlsx,2017,CW408,4,S00900,Rest of the world adjustment,DetailedSpecialCommodity,,99,333611,Turbine and turbine generator set units manufacturing,Industry,,0,blank
detail_use_intermediate_2017,2017,detail,producer_use,IOUse_After_Redefinitions_PRO_Detail.xlsx,2017,CX408,4,S00900,Rest of the world adjustment,DetailedSpecialCommodity,,100,333612,"Speed changer, industrial high-speed drive, and gear manufacturing",Industry,,0,blank
detail_use_intermediate_2017,2017,detail,producer_use,IOUse_After_Redefinitions_PRO_Detail.xlsx,2017,CY408,4,S00900,Rest of the world adjustment,DetailedSpecialCommodity,,101,333613,Mechanical power transmission equipment manufacturing,Industry,,0,blank
detail_use_intermediate_2017,2017,detail,producer_use,IOUse_After_Redefinitions_PRO_Detail.xlsx,2017,CZ408,4,S00900,Rest of the world adjustment,DetailedSpecialCommodity,,102,333618,Other engine equipment manufacturing,Industry,,0,blank
detail_use_intermediate_2017,2017,detail,producer_use,IOUse_After_Redefinitions_PRO_Detail.xlsx,2017,DA408,4,S00900,Rest of the world adjustment,DetailedSpecialCommodity,,103,333912,Air and gas compressor manufacturing,Industry,,0,blank
detail_use_intermediate_2017,2017,detail,producer_use,IOUse_After_Redefinitions_PRO_Detail.xlsx,2017,DB408,4,S00900,Rest of the world adjustment,DetailedSpecialCommodity,,104,333914,"Measuring, dispensing, and other pumping equipment manufacturing",Industry,,0,blank
detail_use_intermediate_2017,2017,detail,producer_use,IOUse_After_Redefinitions_PRO_Detail.xlsx,2017,DC408,4,S00900,Rest of the world adjustment,DetailedSpecialCommodity,,105,333920,Material handling equipment manufacturing,Industry,,0,blank
detail_use_intermediate_2017,2017,detail,producer_use,IOUse_After_Redefinitions_PRO_Detail.xlsx,2017,DD408,4,S00900,Rest of the world adjustment,DetailedSpecialCommodity,,106,333991,Power-driven handtool manufacturing,Industry,,0,blank
detail_use_intermediate_2017,2017,detail,producer_use,IOUse_After_Redefinitions_PRO_Detail.xlsx,2017,DE408,4,S00900,Rest of the world adjustment,DetailedSpecialCommodity,,107,333993,Packaging machinery manufacturing,Industry,,0,blank
detail_use_intermediate_2017,2017,detail,producer_use,IOUse_After_Redefinitions_PRO_Detail.xlsx,2017,DF408,4,S00900,Rest of the world adjustment,DetailedSpecialCommodity,,108,333994,Industrial process furnace and oven manufacturing,Industry,,0,blank
detail_use_intermediate_2017,2017,detail,producer_use,IOUse_After_Redefinitions_PRO_Detail.xlsx,2017,DG408,4,S00900,Rest of the world adjustment,DetailedSpecialCommodity,,109,33399A,Other general purpose machinery manufacturing,Industry,,0,blank
detail_use_intermediate_2017,2017,detail,producer_use,IOUse_After_Redefinitions_PRO_Detail.xlsx,2017,DH408,4,S00900,Rest of the world adjustment,DetailedSpecialCommodity,,110,33399B,Fluid power process machinery,Industry,,0,blank
detail_use_intermediate_2017,2017,detail,producer_use,IOUse_After_Redefinitions_PRO_Detail.xlsx,2017,DI408,4,S00900,Rest of the world adjustment,DetailedSpecialCommodity,,111,334111,Electronic computer manufacturing,Industry,,0,blank
detail_use_intermediate_2017,2017,detail,producer_use,IOUse_After_Redefinitions_PRO_Detail.xlsx,2017,DJ408,4,S00900,Rest of the world adjustment,DetailedSpecialCommodity,,112,334112,Computer storage device manufacturing,Industry,,0,blank
detail_use_intermediate_2017,2017,detail,producer_use,IOUse_After_Redefinitions_PRO_Detail.xlsx,2017,DK408,4,S00900,Rest of the world adjustment,DetailedSpecialCommodity,,113,334118,Computer terminals and other computer peripheral equipment manufacturing,Industry,,0,blank
detail_use_intermediate_2017,2017,detail,producer_use,IOUse_After_Redefinitions_PRO_Detail.xlsx,2017,DL408,4,S00900,Rest of the world adjustment,DetailedSpecialCommodity,,114,334210,Telephone apparatus manufacturing,Industry,,0,blank
detail_use_intermediate_2017,2017,detail,producer_use,IOUse_After_Redefinitions_PRO_Detail.xlsx,2017,DM408,4,S00900,Rest of the world adjustment,DetailedSpecialCommodity,,115,334220,Broadcast and wireless communications equipment,Industry,,0,blank
detail_use_intermediate_2017,2017,detail,producer_use,IOUse_After_Redefinitions_PRO_Detail.xlsx,2017,DN408,4,S00900,Rest of the world adjustment,DetailedSpecialCommodity,,116,334290,Other communications equipment manufacturing,Industry,,0,blank
detail_use_intermediate_2017,2017,detail,producer_use,IOUse_After_Redefinitions_PRO_Detail.xlsx,2017,DO408,4,S00900,Rest of the world adjustment,DetailedSpecialCommodity,,117,334413,Semiconductor and related device manufacturing,Industry,,0,blank
detail_use_intermediate_2017,2017,detail,producer_use,IOUse_After_Redefinitions_PRO_Detail.xlsx,2017,DP408,4,S00900,Rest of the world adjustment,DetailedSpecialCommodity,,118,334418,Printed circuit assembly (electronic assembly) manufacturing,Industry,,0,blank
detail_use_intermediate_2017,2017,detail,producer_use,IOUse_After_Redefinitions_PRO_Detail.xlsx,2017,DQ408,4,S00900,Rest of the world adjustment,DetailedSpecialCommodity,,119,33441A,Other electronic component manufacturing,Industry,,0,blank
detail_use_intermediate_2017,2017,detail,producer_use,IOUse_After_Redefinitions_PRO_Detail.xlsx,2017,DR408,4,S00900,Rest of the world adjustment,DetailedSpecialCommodity,,120,334510,Electromedical and electrotherapeutic apparatus manufacturing,Industry,,0,blank
detail_use_intermediate_2017,2017,detail,producer_use,IOUse_After_Redefinitions_PRO_Detail.xlsx,2017,DS408,4,S00900,Rest of the world adjustment,DetailedSpecialCommodity,,121,334511,"Search, detection, and navigation instruments manufacturing",Industry,,0,blank
detail_use_intermediate_2017,2017,detail,producer_use,IOUse_After_Redefinitions_PRO_Detail.xlsx,2017,DT408,4,S00900,Rest of the world adjustment,DetailedSpecialCommodity,,122,334512,Automatic environmental control manufacturing,Industry,,0,blank
detail_use_intermediate_2017,2017,detail,producer_use,IOUse_After_Redefinitions_PRO_Detail.xlsx,2017,DU408,4,S00900,Rest of the world adjustment,DetailedSpecialCommodity,,123,334513,Industrial process variable instruments manufacturing,Industry,,0,blank
detail_use_intermediate_2017,2017,detail,producer_use,IOUse_After_Redefinitions_PRO_Detail.xlsx,2017,DV408,4,S00900,Rest of the world adjustment,DetailedSpecialCommodity,,124,334514,Totalizing fluid meter and counting device manufacturing,Industry,,0,blank
detail_use_intermediate_2017,2017,detail,producer_use,IOUse_After_Redefinitions_PRO_Detail.xlsx,2017,DW408,4,S00900,Rest of the world adjustment,DetailedSpecialCommodity,,125,334515,Electricity and signal testing instruments manufacturing,Industry,,0,blank
detail_use_intermediate_2017,2017,detail,producer_use,IOUse_After_Redefinitions_PRO_Detail.xlsx,2017,DX408,4,S00900,Rest of the world adjustment,DetailedSpecialCommodity,,126,334516,Analytical laboratory instrument manufacturing,Industry,,0,blank
detail_use_intermediate_2017,2017,detail,producer_use,IOUse_After_Redefinitions_PRO_Detail.xlsx,2017,DY408,4,S00900,Rest of the world adjustment,DetailedSpecialCommodity,,127,334517,Irradiation apparatus manufacturing,Industry,,0,blank
detail_use_intermediate_2017,2017,detail,producer_use,IOUse_After_Redefinitions_PRO_Detail.xlsx,2017,DZ408,4,S00900,Rest of the world adjustment,DetailedSpecialCommodity,,128,33451A,"Watch, clock, and other measuring and controlling device manufacturing",Industry,,0,blank
detail_use_intermediate_2017,2017,detail,producer_use,IOUse_After_Redefinitions_PRO_Detail.xlsx,2017,EA408,4,S00900,Rest of the world adjustment,DetailedSpecialCommodity,,129,334300,Audio and video equipment manufacturing,Industry,,0,blank
detail_use_intermediate_2017,2017,detail,producer_use,IOUse_After_Redefinitions_PRO_Detail.xlsx,2017,EB408,4,S00900,Rest of the world adjustment,DetailedSpecialCommodity,,130,334610,Manufacturing and reproducing magnetic and optical media,Industry,,0,blank
detail_use_intermediate_2017,2017,detail,producer_use,IOUse_After_Redefinitions_PRO_Detail.xlsx,2017,EC408,4,S00900,Rest of the world adjustment,DetailedSpecialCommodity,,131,335110,Electric lamp bulb and part manufacturing,Industry,,0,blank
detail_use_intermediate_2017,2017,detail,producer_use,IOUse_After_Redefinitions_PRO_Detail.xlsx,2017,ED408,4,S00900,Rest of the world adjustment,DetailedSpecialCommodity,,132,335120,Lighting fixture manufacturing,Industry,,0,blank
detail_use_intermediate_2017,2017,detail,producer_use,IOUse_After_Redefinitions_PRO_Detail.xlsx,2017,EE408,4,S00900,Rest of the world adjustment,DetailedSpecialCommodity,,133,335210,Small electrical appliance manufacturing,Industry,,0,blank
detail_use_intermediate_2017,2017,detail,producer_use,IOUse_After_Redefinitions_PRO_Detail.xlsx,2017,EF408,4,S00900,Rest of the world adjustment,DetailedSpecialCommodity,,134,335220,Major household appliance manufacturing,Industry,,0,blank
detail_use_intermediate_2017,2017,detail,producer_use,IOUse_After_Redefinitions_PRO_Detail.xlsx,2017,EG408,4,S00900,Rest of the world adjustment,DetailedSpecialCommodity,,135,335311,"Power, distribution, and specialty transformer manufacturing",Industry,,0,blank
detail_use_intermediate_2017,2017,detail,producer_use,IOUse_After_Redefinitions_PRO_Detail.xlsx,2017,EH408,4,S00900,Rest of the world adjustment,DetailedSpecialCommodity,,136,335312,Motor and generator manufacturing,Industry,,0,blank
detail_use_intermediate_2017,2017,detail,producer_use,IOUse_After_Redefinitions_PRO_Detail.xlsx,2017,EI408,4,S00900,Rest of the world adjustment,DetailedSpecialCommodity,,137,335313,Switchgear and switchboard apparatus manufacturing,Industry,,0,blank
detail_use_intermediate_2017,2017,detail,producer_use,IOUse_After_Redefinitions_PRO_Detail.xlsx,2017,EJ408,4,S00900,Rest of the world adjustment,DetailedSpecialCommodity,,138,335314,Relay and industrial control manufacturing,Industry,,0,blank
detail_use_intermediate_2017,2017,detail,producer_use,IOUse_After_Redefinitions_PRO_Detail.xlsx,2017,EK408,4,S00900,Rest of the world adjustment,DetailedSpecialCommodity,,139,335911,Storage battery manufacturing,Industry,,0,blank
detail_use_intermediate_2017,2017,detail,producer_use,IOUse_After_Redefinitions_PRO_Detail.xlsx,2017,EL408,4,S00900,Rest of the world adjustment,DetailedSpecialCommodity,,140,335912,Primary battery manufacturing,Industry,,0,blank
detail_use_intermediate_2017,2017,detail,producer_use,IOUse_After_Redefinitions_PRO_Detail.xlsx,2017,EM408,4,S00900,Rest of the world adjustment,DetailedSpecialCommodity,,141,335920,Communication and energy wire and cable manufacturing,Industry,,0,blank
detail_use_intermediate_2017,2017,detail,producer_use,IOUse_After_Redefinitions_PRO_Detail.xlsx,2017,EN408,4,S00900,Rest of the world adjustment,DetailedSpecialCommodity,,142,335930,Wiring device manufacturing,Industry,,0,blank
detail_use_intermediate_2017,2017,detail,producer_use,IOUse_After_Redefinitions_PRO_Detail.xlsx,2017,EO408,4,S00900,Rest of the world adjustment,DetailedSpecialCommodity,,143,335991,Carbon and graphite product manufacturing,Industry,,0,blank
detail_use_intermediate_2017,2017,detail,producer_use,IOUse_After_Redefinitions_PRO_Detail.xlsx,2017,EP408,4,S00900,Rest of the world adjustment,DetailedSpecialCommodity,,144,335999,All other miscellaneous electrical equipment and component manufacturing,Industry,,0,blank
detail_use_intermediate_2017,2017,detail,producer_use,IOUse_After_Redefinitions_PRO_Detail.xlsx,2017,EQ408,4,S00900,Rest of the world adjustment,DetailedSpecialCommodity,,145,336111,Automobile manufacturing,Industry,,0,blank
detail_use_intermediate_2017,2017,detail,producer_use,IOUse_After_Redefinitions_PRO_Detail.xlsx,2017,ER408,4,S00900,Rest of the world adjustment,DetailedSpecialCommodity,,146,336112,Light truck and utility vehicle manufacturing,Industry,,0,blank
detail_use_intermediate_2017,2017,detail,producer_use,IOUse_After_Redefinitions_PRO_Detail.xlsx,2017,ES408,4,S00900,Rest of the world adjustment,DetailedSpecialCommodity,,147,336120,Heavy duty truck manufacturing,Industry,,0,blank
detail_use_intermediate_2017,2017,detail,producer_use,IOUse_After_Redefinitions_PRO_Detail.xlsx,2017,ET408,4,S00900,Rest of the world adjustment,DetailedSpecialCommodity,,148,336211,Motor vehicle body manufacturing,Industry,,0,blank
detail_use_intermediate_2017,2017,detail,producer_use,IOUse_After_Redefinitions_PRO_Detail.xlsx,2017,EU408,4,S00900,Rest of the world adjustment,DetailedSpecialCommodity,,149,336212,Truck trailer manufacturing,Industry,,0,blank
detail_use_intermediate_2017,2017,detail,producer_use,IOUse_After_Redefinitions_PRO_Detail.xlsx,2017,EV408,4,S00900,Rest of the world adjustment,DetailedSpecialCommodity,,150,336213,Motor home manufacturing,Industry,,0,blank
detail_use_intermediate_2017,2017,detail,producer_use,IOUse_After_Redefinitions_PRO_Detail.xlsx,2017,EW408,4,S00900,Rest of the world adjustment,DetailedSpecialCommodity,,151,336214,Travel trailer and camper manufacturing,Industry,,0,blank
detail_use_intermediate_2017,2017,detail,producer_use,IOUse_After_Redefinitions_PRO_Detail.xlsx,2017,EX408,4,S00900,Rest of the world adjustment,DetailedSpecialCommodity,,152,336310,Motor vehicle gasoline engine and engine parts manufacturing,Industry,,0,blank
detail_use_intermediate_2017,2017,detail,producer_use,IOUse_After_Redefinitions_PRO_Detail.xlsx,2017,EY408,4,S00900,Rest of the world adjustment,DetailedSpecialCommodity,,153,336320,Motor vehicle electrical and electronic equipment manufacturing,Industry,,0,blank
detail_use_intermediate_2017,2017,detail,producer_use,IOUse_After_Redefinitions_PRO_Detail.xlsx,2017,EZ408,4,S00900,Rest of the world adjustment,DetailedSpecialCommodity,,154,336350,Motor vehicle transmission and power train parts manufacturing,Industry,,0,blank
detail_use_intermediate_2017,2017,detail,producer_use,IOUse_After_Redefinitions_PRO_Detail.xlsx,2017,FA408,4,S00900,Rest of the world adjustment,DetailedSpecialCommodity,,155,336360,Motor vehicle seating and interior trim manufacturing,Industry,,0,blank
detail_use_intermediate_2017,2017,detail,producer_use,IOUse_After_Redefinitions_PRO_Detail.xlsx,2017,FB408,4,S00900,Rest of the world adjustment,DetailedSpecialCommodity,,156,336370,Motor vehicle metal stamping,Industry,,0,blank
detail_use_intermediate_2017,2017,detail,producer_use,IOUse_After_Redefinitions_PRO_Detail.xlsx,2017,FC408,4,S00900,Rest of the world adjustment,DetailedSpecialCommodity,,157,336390,Other motor vehicle parts manufacturing,Industry,,0,blank
detail_use_intermediate_2017,2017,detail,producer_use,IOUse_After_Redefinitions_PRO_Detail.xlsx,2017,FD408,4,S00900,Rest of the world adjustment,DetailedSpecialCommodity,,158,3363A0,"Motor vehicle steering, suspension component (except spring), and brake systems manufacturing",Industry,,0,blank
detail_use_intermediate_2017,2017,detail,producer_use,IOUse_After_Redefinitions_PRO_Detail.xlsx,2017,FE408,4,S00900,Rest of the world adjustment,DetailedSpecialCommodity,,159,336411,Aircraft manufacturing,Industry,,0,blank
detail_use_intermediate_2017,2017,detail,producer_use,IOUse_After_Redefinitions_PRO_Detail.xlsx,2017,FF408,4,S00900,Rest of the world adjustment,DetailedSpecialCommodity,,160,336412,Aircraft engine and engine parts manufacturing,Industry,,0,blank
detail_use_intermediate_2017,2017,detail,producer_use,IOUse_After_Redefinitions_PRO_Detail.xlsx,2017,FG408,4,S00900,Rest of the world adjustment,DetailedSpecialCommodity,,161,336413,Other aircraft parts and auxiliary equipment manufacturing,Industry,,0,blank
detail_use_intermediate_2017,2017,detail,producer_use,IOUse_After_Redefinitions_PRO_Detail.xlsx,2017,FH408,4,S00900,Rest of the world adjustment,DetailedSpecialCommodity,,162,336414,Guided missile and space vehicle manufacturing,Industry,,0,blank
detail_use_intermediate_2017,2017,detail,producer_use,IOUse_After_Redefinitions_PRO_Detail.xlsx,2017,FI408,4,S00900,Rest of the world adjustment,DetailedSpecialCommodity,,163,33641A,Propulsion units and parts for space vehicles and guided missiles,Industry,,0,blank
detail_use_intermediate_2017,2017,detail,producer_use,IOUse_After_Redefinitions_PRO_Detail.xlsx,2017,FJ408,4,S00900,Rest of the world adjustment,DetailedSpecialCommodity,,164,336500,Railroad rolling stock manufacturing,Industry,,0,blank
detail_use_intermediate_2017,2017,detail,producer_use,IOUse_After_Redefinitions_PRO_Detail.xlsx,2017,FK408,4,S00900,Rest of the world adjustment,DetailedSpecialCommodity,,165,336611,Ship building and repairing,Industry,,0,blank
detail_use_intermediate_2017,2017,detail,producer_use,IOUse_After_Redefinitions_PRO_Detail.xlsx,2017,FL408,4,S00900,Rest of the world adjustment,DetailedSpecialCommodity,,166,336612,Boat building,Industry,,0,blank
detail_use_intermediate_2017,2017,detail,producer_use,IOUse_After_Redefinitions_PRO_Detail.xlsx,2017,FM408,4,S00900,Rest of the world adjustment,DetailedSpecialCommodity,,167,336991,"Motorcycle, bicycle, and parts manufacturing",Industry,,0,blank
detail_use_intermediate_2017,2017,detail,producer_use,IOUse_After_Redefinitions_PRO_Detail.xlsx,2017,FN408,4,S00900,Rest of the world adjustment,DetailedSpecialCommodity,,168,336992,"Military armored vehicle, tank, and tank component manufacturing",Industry,,0,blank
detail_use_intermediate_2017,2017,detail,producer_use,IOUse_After_Redefinitions_PRO_Detail.xlsx,2017,FO408,4,S00900,Rest of the world adjustment,DetailedSpecialCommodity,,169,336999,All other transportation equipment manufacturing,Industry,,0,blank
detail_use_intermediate_2017,2017,detail,producer_use,IOUse_After_Redefinitions_PRO_Detail.xlsx,2017,FP408,4,S00900,Rest of the world adjustment,DetailedSpecialCommodity,,170,337110,Wood kitchen cabinet and countertop manufacturing,Industry,,0,blank
detail_use_intermediate_2017,2017,detail,producer_use,IOUse_After_Redefinitions_PRO_Detail.xlsx,2017,FQ408,4,S00900,Rest of the world adjustment,DetailedSpecialCommodity,,171,337121,Upholstered household furniture manufacturing,Industry,,0,blank
detail_use_intermediate_2017,2017,detail,producer_use,IOUse_After_Redefinitions_PRO_Detail.xlsx,2017,FR408,4,S00900,Rest of the world adjustment,DetailedSpecialCommodity,,172,337122,Nonupholstered wood household furniture manufacturing,Industry,,0,blank
detail_use_intermediate_2017,2017,detail,producer_use,IOUse_After_Redefinitions_PRO_Detail.xlsx,2017,FS408,4,S00900,Rest of the world adjustment,DetailedSpecialCommodity,,173,337127,Institutional furniture manufacturing,Industry,,0,blank
detail_use_intermediate_2017,2017,detail,producer_use,IOUse_After_Redefinitions_PRO_Detail.xlsx,2017,FT408,4,S00900,Rest of the world adjustment,DetailedSpecialCommodity,,174,33712N,Other household nonupholstered furniture,Industry,,0,blank
detail_use_intermediate_2017,2017,detail,producer_use,IOUse_After_Redefinitions_PRO_Detail.xlsx,2017,FU408,4,S00900,Rest of the world adjustment,DetailedSpecialCommodity,,175,337215,"Showcase, partition, shelving, and locker manufacturing",Industry,,0,blank
detail_use_intermediate_2017,2017,detail,producer_use,IOUse_After_Redefinitions_PRO_Detail.xlsx,2017,FV408,4,S00900,Rest of the world adjustment,DetailedSpecialCommodity,,176,33721A,Office furniture and custom architectural woodwork and millwork manufacturing,Industry,,0,blank
detail_use_intermediate_2017,2017,detail,producer_use,IOUse_After_Redefinitions_PRO_Detail.xlsx,2017,FW408,4,S00900,Rest of the world adjustment,DetailedSpecialCommodity,,177,337900,Other furniture related product manufacturing,Industry,,0,blank
detail_use_intermediate_2017,2017,detail,producer_use,IOUse_After_Redefinitions_PRO_Detail.xlsx,2017,FX408,4,S00900,Rest of the world adjustment,DetailedSpecialCommodity,,178,339112,Surgical and medical instrument manufacturing,Industry,,0,blank
detail_use_intermediate_2017,2017,detail,producer_use,IOUse_After_Redefinitions_PRO_Detail.xlsx,2017,FY408,4,S00900,Rest of the world adjustment,DetailedSpecialCommodity,,179,339113,Surgical appliance and supplies manufacturing,Industry,,0,blank
detail_use_intermediate_2017,2017,detail,producer_use,IOUse_After_Redefinitions_PRO_Detail.xlsx,2017,FZ408,4,S00900,Rest of the world adjustment,DetailedSpecialCommodity,,180,339114,Dental equipment and supplies manufacturing,Industry,,0,blank
detail_use_intermediate_2017,2017,detail,producer_use,IOUse_After_Redefinitions_PRO_Detail.xlsx,2017,GA408,4,S00900,Rest of the world adjustment,DetailedSpecialCommodity,,181,339115,Ophthalmic goods manufacturing,Industry,,0,blank
detail_use_intermediate_2017,2017,detail,producer_use,IOUse_After_Redefinitions_PRO_Detail.xlsx,2017,GB408,4,S00900,Rest of the world adjustment,DetailedSpecialCommodity,,182,339116,Dental laboratories,Industry,,0,blank
detail_use_intermediate_2017,2017,detail,producer_use,IOUse_After_Redefinitions_PRO_Detail.xlsx,2017,GC408,4,S00900,Rest of the world adjustment,DetailedSpecialCommodity,,183,339910,Jewelry and silverware manufacturing,Industry,,0,blank
detail_use_intermediate_2017,2017,detail,producer_use,IOUse_After_Redefinitions_PRO_Detail.xlsx,2017,GD408,4,S00900,Rest of the world adjustment,DetailedSpecialCommodity,,184,339920,Sporting and athletic goods manufacturing,Industry,,0,blank
detail_use_intermediate_2017,2017,detail,producer_use,IOUse_After_Redefinitions_PRO_Detail.xlsx,2017,GE408,4,S00900,Rest of the world adjustment,DetailedSpecialCommodity,,185,339930,"Doll, toy, and game manufacturing",Industry,,0,blank
detail_use_intermediate_2017,2017,detail,producer_use,IOUse_After_Redefinitions_PRO_Detail.xlsx,2017,GF408,4,S00900,Rest of the world adjustment,DetailedSpecialCommodity,,186,339940,Office supplies (except paper) manufacturing,Industry,,0,blank
detail_use_intermediate_2017,2017,detail,producer_use,IOUse_After_Redefinitions_PRO_Detail.xlsx,2017,GG408,4,S00900,Rest of the world adjustment,DetailedSpecialCommodity,,187,339950,Sign manufacturing,Industry,,0,blank
detail_use_intermediate_2017,2017,detail,producer_use,IOUse_After_Redefinitions_PRO_Detail.xlsx,2017,GH408,4,S00900,Rest of the world adjustment,DetailedSpecialCommodity,,188,339990,All other miscellaneous manufacturing,Industry,,0,blank
detail_use_intermediate_2017,2017,detail,producer_use,IOUse_After_Redefinitions_PRO_Detail.xlsx,2017,GI408,4,S00900,Rest of the world adjustment,DetailedSpecialCommodity,,189,311111,Dog and cat food manufacturing,Industry,,0,blank
detail_use_intermediate_2017,2017,detail,producer_use,IOUse_After_Redefinitions_PRO_Detail.xlsx,2017,GJ408,4,S00900,Rest of the world adjustment,DetailedSpecialCommodity,,190,311119,Other animal food manufacturing,Industry,,0,blank
detail_use_intermediate_2017,2017,detail,producer_use,IOUse_After_Redefinitions_PRO_Detail.xlsx,2017,GK408,4,S00900,Rest of the world adjustment,DetailedSpecialCommodity,,191,311210,Flour milling and malt manufacturing,Industry,,0,blank
detail_use_intermediate_2017,2017,detail,producer_use,IOUse_After_Redefinitions_PRO_Detail.xlsx,2017,GL408,4,S00900,Rest of the world adjustment,DetailedSpecialCommodity,,192,311221,Wet corn milling,Industry,,0,blank
detail_use_intermediate_2017,2017,detail,producer_use,IOUse_After_Redefinitions_PRO_Detail.xlsx,2017,GM408,4,S00900,Rest of the world adjustment,DetailedSpecialCommodity,,193,311225,Fats and oils refining and blending,Industry,,0,blank
detail_use_intermediate_2017,2017,detail,producer_use,IOUse_After_Redefinitions_PRO_Detail.xlsx,2017,GN408,4,S00900,Rest of the world adjustment,DetailedSpecialCommodity,,194,311224,Soybean and other oilseed processing,Industry,,0,blank
detail_use_intermediate_2017,2017,detail,producer_use,IOUse_After_Redefinitions_PRO_Detail.xlsx,2017,GO408,4,S00900,Rest of the world adjustment,DetailedSpecialCommodity,,195,311230,Breakfast cereal manufacturing,Industry,,0,blank
detail_use_intermediate_2017,2017,detail,producer_use,IOUse_After_Redefinitions_PRO_Detail.xlsx,2017,GP408,4,S00900,Rest of the world adjustment,DetailedSpecialCommodity,,196,311300,Sugar and confectionery product manufacturing,Industry,,0,blank
detail_use_intermediate_2017,2017,detail,producer_use,IOUse_After_Redefinitions_PRO_Detail.xlsx,2017,GQ408,4,S00900,Rest of the world adjustment,DetailedSpecialCommodity,,197,311410,Frozen food manufacturing,Industry,,0,blank
detail_use_intermediate_2017,2017,detail,producer_use,IOUse_After_Redefinitions_PRO_Detail.xlsx,2017,GR408,4,S00900,Rest of the world adjustment,DetailedSpecialCommodity,,198,311420,"Fruit and vegetable canning, pickling, and drying",Industry,,0,blank
detail_use_intermediate_2017,2017,detail,producer_use,IOUse_After_Redefinitions_PRO_Detail.xlsx,2017,GS408,4,S00900,Rest of the world adjustment,DetailedSpecialCommodity,,199,311513,Cheese manufacturing,Industry,,0,blank
detail_use_intermediate_2017,2017,detail,producer_use,IOUse_After_Redefinitions_PRO_Detail.xlsx,2017,GT408,4,S00900,Rest of the world adjustment,DetailedSpecialCommodity,,200,311514,"Dry, condensed, and evaporated dairy product manufacturing",Industry,,0,blank
detail_use_intermediate_2017,2017,detail,producer_use,IOUse_After_Redefinitions_PRO_Detail.xlsx,2017,GU408,4,S00900,Rest of the world adjustment,DetailedSpecialCommodity,,201,31151A,Fluid milk and butter manufacturing,Industry,,0,blank
detail_use_intermediate_2017,2017,detail,producer_use,IOUse_After_Redefinitions_PRO_Detail.xlsx,2017,GV408,4,S00900,Rest of the world adjustment,DetailedSpecialCommodity,,202,311520,Ice cream and frozen dessert manufacturing,Industry,,0,blank
detail_use_intermediate_2017,2017,detail,producer_use,IOUse_After_Redefinitions_PRO_Detail.xlsx,2017,GW408,4,S00900,Rest of the world adjustment,DetailedSpecialCommodity,,203,311615,Poultry processing,Industry,,0,blank
detail_use_intermediate_2017,2017,detail,producer_use,IOUse_After_Redefinitions_PRO_Detail.xlsx,2017,GX408,4,S00900,Rest of the world adjustment,DetailedSpecialCommodity,,204,31161A,"Animal (except poultry) slaughtering, rendering, and processing",Industry,,0,blank
detail_use_intermediate_2017,2017,detail,producer_use,IOUse_After_Redefinitions_PRO_Detail.xlsx,2017,GY408,4,S00900,Rest of the world adjustment,DetailedSpecialCommodity,,205,311700,Seafood product preparation and packaging,Industry,,0,blank
detail_use_intermediate_2017,2017,detail,producer_use,IOUse_After_Redefinitions_PRO_Detail.xlsx,2017,GZ408,4,S00900,Rest of the world adjustment,DetailedSpecialCommodity,,206,311810,Bread and bakery product manufacturing,Industry,,0,blank
detail_use_intermediate_2017,2017,detail,producer_use,IOUse_After_Redefinitions_PRO_Detail.xlsx,2017,HA408,4,S00900,Rest of the world adjustment,DetailedSpecialCommodity,,207,3118A0,"Cookie, cracker, pasta, and tortilla manufacturing",Industry,,0,blank
detail_use_intermediate_2017,2017,detail,producer_use,IOUse_After_Redefinitions_PRO_Detail.xlsx,2017,HB408,4,S00900,Rest of the world adjustment,DetailedSpecialCommodity,,208,311910,Snack food manufacturing,Industry,,0,blank
detail_use_intermediate_2017,2017,detail,producer_use,IOUse_After_Redefinitions_PRO_Detail.xlsx,2017,HC408,4,S00900,Rest of the world adjustment,DetailedSpecialCommodity,,209,311920,Coffee and tea manufacturing,Industry,,0,blank
detail_use_intermediate_2017,2017,detail,producer_use,IOUse_After_Redefinitions_PRO_Detail.xlsx,2017,HD408,4,S00900,Rest of the world adjustment,DetailedSpecialCommodity,,210,311930,Flavoring syrup and concentrate manufacturing,Industry,,0,blank
detail_use_intermediate_2017,2017,detail,producer_use,IOUse_After_Redefinitions_PRO_Detail.xlsx,2017,HE408,4,S00900,Rest of the world adjustment,DetailedSpecialCommodity,,211,311940,Seasoning and dressing manufacturing,Industry,,0,blank
detail_use_intermediate_2017,2017,detail,producer_use,IOUse_After_Redefinitions_PRO_Detail.xlsx,2017,HF408,4,S00900,Rest of the world adjustment,DetailedSpecialCommodity,,212,311990,All other food manufacturing,Industry,,0,blank
detail_use_intermediate_2017,2017,detail,producer_use,IOUse_After_Redefinitions_PRO_Detail.xlsx,2017,HG408,4,S00900,Rest of the world adjustment,DetailedSpecialCommodity,,213,312110,Soft drink and ice manufacturing,Industry,,0,blank
detail_use_intermediate_2017,2017,detail,producer_use,IOUse_After_Redefinitions_PRO_Detail.xlsx,2017,HH408,4,S00900,Rest of the world adjustment,DetailedSpecialCommodity,,214,312120,Breweries,Industry,,0,blank
detail_use_intermediate_2017,2017,detail,producer_use,IOUse_After_Redefinitions_PRO_Detail.xlsx,2017,HI408,4,S00900,Rest of the world adjustment,DetailedSpecialCommodity,,215,312130,Wineries,Industry,,0,blank
detail_use_intermediate_2017,2017,detail,producer_use,IOUse_After_Redefinitions_PRO_Detail.xlsx,2017,HJ408,4,S00900,Rest of the world adjustment,DetailedSpecialCommodity,,216,312140,Distilleries,Industry,,0,blank
detail_use_intermediate_2017,2017,detail,producer_use,IOUse_After_Redefinitions_PRO_Detail.xlsx,2017,HK408,4,S00900,Rest of the world adjustment,DetailedSpecialCommodity,,217,312200,Tobacco manufacturing,Industry,,0,blank
detail_use_intermediate_2017,2017,detail,producer_use,IOUse_After_Redefinitions_PRO_Detail.xlsx,2017,HL408,4,S00900,Rest of the world adjustment,DetailedSpecialCommodity,,218,313100,"Fiber, yarn, and thread mills",Industry,,0,blank
detail_use_intermediate_2017,2017,detail,producer_use,IOUse_After_Redefinitions_PRO_Detail.xlsx,2017,HM408,4,S00900,Rest of the world adjustment,DetailedSpecialCommodity,,219,313200,Fabric mills,Industry,,0,blank
detail_use_intermediate_2017,2017,detail,producer_use,IOUse_After_Redefinitions_PRO_Detail.xlsx,2017,HN408,4,S00900,Rest of the world adjustment,DetailedSpecialCommodity,,220,313300,Textile and fabric finishing and fabric coating mills,Industry,,0,blank
detail_use_intermediate_2017,2017,detail,producer_use,IOUse_After_Redefinitions_PRO_Detail.xlsx,2017,HO408,4,S00900,Rest of the world adjustment,DetailedSpecialCommodity,,221,314110,Carpet and rug mills,Industry,,0,blank
detail_use_intermediate_2017,2017,detail,producer_use,IOUse_After_Redefinitions_PRO_Detail.xlsx,2017,HP408,4,S00900,Rest of the world adjustment,DetailedSpecialCommodity,,222,314120,Curtain and linen mills,Industry,,0,blank
detail_use_intermediate_2017,2017,detail,producer_use,IOUse_After_Redefinitions_PRO_Detail.xlsx,2017,HQ408,4,S00900,Rest of the world adjustment,DetailedSpecialCommodity,,223,314900,Other textile product mills,Industry,,0,blank
detail_use_intermediate_2017,2017,detail,producer_use,IOUse_After_Redefinitions_PRO_Detail.xlsx,2017,HR408,4,S00900,Rest of the world adjustment,DetailedSpecialCommodity,,224,315000,Apparel manufacturing,Industry,,0,blank
detail_use_intermediate_2017,2017,detail,producer_use,IOUse_After_Redefinitions_PRO_Detail.xlsx,2017,HS408,4,S00900,Rest of the world adjustment,DetailedSpecialCommodity,,225,316000,Leather and allied product manufacturing,Industry,,0,blank
detail_use_intermediate_2017,2017,detail,producer_use,IOUse_After_Redefinitions_PRO_Detail.xlsx,2017,HT408,4,S00900,Rest of the world adjustment,DetailedSpecialCommodity,,226,322110,Pulp mills,Industry,,0,blank
detail_use_intermediate_2017,2017,detail,producer_use,IOUse_After_Redefinitions_PRO_Detail.xlsx,2017,HU408,4,S00900,Rest of the world adjustment,DetailedSpecialCommodity,,227,322120,Paper mills,Industry,,0,blank
detail_use_intermediate_2017,2017,detail,producer_use,IOUse_After_Redefinitions_PRO_Detail.xlsx,2017,HV408,4,S00900,Rest of the world adjustment,DetailedSpecialCommodity,,228,322130,Paperboard mills,Industry,,0,blank
detail_use_intermediate_2017,2017,detail,producer_use,IOUse_After_Redefinitions_PRO_Detail.xlsx,2017,HW408,4,S00900,Rest of the world adjustment,DetailedSpecialCommodity,,229,322210,Paperboard container manufacturing,Industry,,0,blank
detail_use_intermediate_2017,2017,detail,producer_use,IOUse_After_Redefinitions_PRO_Detail.xlsx,2017,HX408,4,S00900,Rest of the world adjustment,DetailedSpecialCommodity,,230,322220,Paper bag and coated and treated paper manufacturing,Industry,,0,blank
detail_use_intermediate_2017,2017,detail,producer_use,IOUse_After_Redefinitions_PRO_Detail.xlsx,2017,HY408,4,S00900,Rest of the world adjustment,DetailedSpecialCommodity,,231,322230,Stationery product manufacturing,Industry,,0,blank
detail_use_intermediate_2017,2017,detail,producer_use,IOUse_After_Redefinitions_PRO_Detail.xlsx,2017,HZ408,4,S00900,Rest of the world adjustment,DetailedSpecialCommodity,,232,322291,Sanitary paper product manufacturing,Industry,,0,blank
detail_use_intermediate_2017,2017,detail,producer_use,IOUse_After_Redefinitions_PRO_Detail.xlsx,2017,IA408,4,S00900,Rest of the world adjustment,DetailedSpecialCommodity,,233,322299,All other converted paper product manufacturing,Industry,,0,blank
detail_use_intermediate_2017,2017,detail,producer_use,IOUse_After_Redefinitions_PRO_Detail.xlsx,2017,IB408,4,S00900,Rest of the world adjustment,DetailedSpecialCommodity,,234,323110,Printing,Industry,,0,blank
detail_use_intermediate_2017,2017,detail,producer_use,IOUse_After_Redefinitions_PRO_Detail.xlsx,2017,IC408,4,S00900,Rest of the world adjustment,DetailedSpecialCommodity,,235,323120,Support activities for printing,Industry,,0,blank
detail_use_intermediate_2017,2017,detail,producer_use,IOUse_After_Redefinitions_PRO_Detail.xlsx,2017,ID408,4,S00900,Rest of the world adjustment,DetailedSpecialCommodity,,236,324110,Petroleum refineries,Industry,,0,blank
detail_use_intermediate_2017,2017,detail,producer_use,IOUse_After_Redefinitions_PRO_Detail.xlsx,2017,IE408,4,S00900,Rest of the world adjustment,DetailedSpecialCommodity,,237,324121,Asphalt paving mixture and block manufacturing,Industry,,0,blank
detail_use_intermediate_2017,2017,detail,producer_use,IOUse_After_Redefinitions_PRO_Detail.xlsx,2017,IF408,4,S00900,Rest of the world adjustment,DetailedSpecialCommodity,,238,324122,Asphalt shingle and coating materials manufacturing,Industry,,0,blank
detail_use_intermediate_2017,2017,detail,producer_use,IOUse_After_Redefinitions_PRO_Detail.xlsx,2017,IG408,4,S00900,Rest of the world adjustment,DetailedSpecialCommodity,,239,324190,Other petroleum and coal products manufacturing,Industry,,0,blank
detail_use_intermediate_2017,2017,detail,producer_use,IOUse_After_Redefinitions_PRO_Detail.xlsx,2017,IH408,4,S00900,Rest of the world adjustment,DetailedSpecialCommodity,,240,325110,Petrochemical manufacturing,Industry,,0,blank
detail_use_intermediate_2017,2017,detail,producer_use,IOUse_After_Redefinitions_PRO_Detail.xlsx,2017,II408,4,S00900,Rest of the world adjustment,DetailedSpecialCommodity,,241,325120,Industrial gas manufacturing,Industry,,0,blank
detail_use_intermediate_2017,2017,detail,producer_use,IOUse_After_Redefinitions_PRO_Detail.xlsx,2017,IJ408,4,S00900,Rest of the world adjustment,DetailedSpecialCommodity,,242,325130,Synthetic dye and pigment manufacturing,Industry,,0,blank
detail_use_intermediate_2017,2017,detail,producer_use,IOUse_After_Redefinitions_PRO_Detail.xlsx,2017,IK408,4,S00900,Rest of the world adjustment,DetailedSpecialCommodity,,243,325180,Other basic inorganic chemical manufacturing,Industry,,0,blank
detail_use_intermediate_2017,2017,detail,producer_use,IOUse_After_Redefinitions_PRO_Detail.xlsx,2017,IL408,4,S00900,Rest of the world adjustment,DetailedSpecialCommodity,,244,325190,Other basic organic chemical manufacturing,Industry,,0,blank
detail_use_intermediate_2017,2017,detail,producer_use,IOUse_After_Redefinitions_PRO_Detail.xlsx,2017,IM408,4,S00900,Rest of the world adjustment,DetailedSpecialCommodity,,245,325211,Plastics material and resin manufacturing,Industry,,0,blank
detail_use_intermediate_2017,2017,detail,producer_use,IOUse_After_Redefinitions_PRO_Detail.xlsx,2017,IN408,4,S00900,Rest of the world adjustment,DetailedSpecialCommodity,,246,3252A0,Synthetic rubber and artificial and synthetic fibers and filaments manufacturing,Industry,,0,blank
detail_use_intermediate_2017,2017,detail,producer_use,IOUse_After_Redefinitions_PRO_Detail.xlsx,2017,IO408,4,S00900,Rest of the world adjustment,DetailedSpecialCommodity,,247,325411,Medicinal and botanical manufacturing,Industry,,0,blank
detail_use_intermediate_2017,2017,detail,producer_use,IOUse_After_Redefinitions_PRO_Detail.xlsx,2017,IP408,4,S00900,Rest of the world adjustment,DetailedSpecialCommodity,,248,325412,Pharmaceutical preparation manufacturing,Industry,,0,blank
detail_use_intermediate_2017,2017,detail,producer_use,IOUse_After_Redefinitions_PRO_Detail.xlsx,2017,IQ408,4,S00900,Rest of the world adjustment,DetailedSpecialCommodity,,249,325413,In-vitro diagnostic substance manufacturing,Industry,,0,blank
detail_use_intermediate_2017,2017,detail,producer_use,IOUse_After_Redefinitions_PRO_Detail.xlsx,2017,IR408,4,S00900,Rest of the world adjustment,DetailedSpecialCommodity,,250,325414,Biological product (except diagnostic) manufacturing,Industry,,0,blank
detail_use_intermediate_2017,2017,detail,producer_use,IOUse_After_Redefinitions_PRO_Detail.xlsx,2017,IS408,4,S00900,Rest of the world adjustment,DetailedSpecialCommodity,,251,325310,Fertilizer manufacturing,Industry,,0,blank
detail_use_intermediate_2017,2017,detail,producer_use,IOUse_After_Redefinitions_PRO_Detail.xlsx,2017,IT408,4,S00900,Rest of the world adjustment,DetailedSpecialCommodity,,252,325320,Pesticide and other agricultural chemical manufacturing,Industry,,0,blank
detail_use_intermediate_2017,2017,detail,producer_use,IOUse_After_Redefinitions_PRO_Detail.xlsx,2017,IU408,4,S00900,Rest of the world adjustment,DetailedSpecialCommodity,,253,325510,Paint and coating manufacturing,Industry,,0,blank
detail_use_intermediate_2017,2017,detail,producer_use,IOUse_After_Redefinitions_PRO_Detail.xlsx,2017,IV408,4,S00900,Rest of the world adjustment,DetailedSpecialCommodity,,254,325520,Adhesive manufacturing,Industry,,0,blank
detail_use_intermediate_2017,2017,detail,producer_use,IOUse_After_Redefinitions_PRO_Detail.xlsx,2017,IW408,4,S00900,Rest of the world adjustment,DetailedSpecialCommodity,,255,325610,Soap and cleaning compound manufacturing,Industry,,0,blank
detail_use_intermediate_2017,2017,detail,producer_use,IOUse_After_Redefinitions_PRO_Detail.xlsx,2017,IX408,4,S00900,Rest of the world adjustment,DetailedSpecialCommodity,,256,325620,Toilet preparation manufacturing,Industry,,0,blank
detail_use_intermediate_2017,2017,detail,producer_use,IOUse_After_Redefinitions_PRO_Detail.xlsx,2017,IY408,4,S00900,Rest of the world adjustment,DetailedSpecialCommodity,,257,325910,Printing ink manufacturing,Industry,,0,blank
detail_use_intermediate_2017,2017,detail,producer_use,IOUse_After_Redefinitions_PRO_Detail.xlsx,2017,IZ408,4,S00900,Rest of the world adjustment,DetailedSpecialCommodity,,258,3259A0,All other chemical product and preparation manufacturing,Industry,,0,blank
detail_use_intermediate_2017,2017,detail,producer_use,IOUse_After_Redefinitions_PRO_Detail.xlsx,2017,JA408,4,S00900,Rest of the world adjustment,DetailedSpecialCommodity,,259,326110,Plastics packaging materials and unlaminated film and sheet manufacturing,Industry,,0,blank
detail_use_intermediate_2017,2017,detail,producer_use,IOUse_After_Redefinitions_PRO_Detail.xlsx,2017,JB408,4,S00900,Rest of the world adjustment,DetailedSpecialCommodity,,260,326120,"Plastics pipe, pipe fitting, and unlaminated profile shape manufacturing",Industry,,0,blank
detail_use_intermediate_2017,2017,detail,producer_use,IOUse_After_Redefinitions_PRO_Detail.xlsx,2017,JC408,4,S00900,Rest of the world adjustment,DetailedSpecialCommodity,,261,326130,"Laminated plastics plate, sheet (except packaging), and shape manufacturing",Industry,,0,blank
detail_use_intermediate_2017,2017,detail,producer_use,IOUse_After_Redefinitions_PRO_Detail.xlsx,2017,JD408,4,S00900,Rest of the world adjustment,DetailedSpecialCommodity,,262,326140,Polystyrene foam product manufacturing,Industry,,0,blank
detail_use_intermediate_2017,2017,detail,producer_use,IOUse_After_Redefinitions_PRO_Detail.xlsx,2017,JE408,4,S00900,Rest of the world adjustment,DetailedSpecialCommodity,,263,326150,Urethane and other foam product (except polystyrene) manufacturing,Industry,,0,blank
detail_use_intermediate_2017,2017,detail,producer_use,IOUse_After_Redefinitions_PRO_Detail.xlsx,2017,JF408,4,S00900,Rest of the world adjustment,DetailedSpecialCommodity,,264,326160,Plastics bottle manufacturing,Industry,,0,blank
detail_use_intermediate_2017,2017,detail,producer_use,IOUse_After_Redefinitions_PRO_Detail.xlsx,2017,JG408,4,S00900,Rest of the world adjustment,DetailedSpecialCommodity,,265,326190,Other plastics product manufacturing,Industry,,0,blank
detail_use_intermediate_2017,2017,detail,producer_use,IOUse_After_Redefinitions_PRO_Detail.xlsx,2017,JH408,4,S00900,Rest of the world adjustment,DetailedSpecialCommodity,,266,326210,Tire manufacturing,Industry,,0,blank
detail_use_intermediate_2017,2017,detail,producer_use,IOUse_After_Redefinitions_PRO_Detail.xlsx,2017,JI408,4,S00900,Rest of the world adjustment,DetailedSpecialCommodity,,267,326220,Rubber and plastics hoses and belting manufacturing,Industry,,0,blank
detail_use_intermediate_2017,2017,detail,producer_use,IOUse_After_Redefinitions_PRO_Detail.xlsx,2017,JJ408,4,S00900,Rest of the world adjustment,DetailedSpecialCommodity,,268,326290,Other rubber product manufacturing,Industry,,0,blank
detail_use_intermediate_2017,2017,detail,producer_use,IOUse_After_Redefinitions_PRO_Detail.xlsx,2017,JK408,4,S00900,Rest of the world adjustment,DetailedSpecialCommodity,,269,423100,Motor vehicle and motor vehicle parts and supplies,Industry,,0,blank
detail_use_intermediate_2017,2017,detail,producer_use,IOUse_After_Redefinitions_PRO_Detail.xlsx,2017,JL408,4,S00900,Rest of the world adjustment,DetailedSpecialCommodity,,270,423400,Professional and commercial equipment and supplies,Industry,,0,blank
detail_use_intermediate_2017,2017,detail,producer_use,IOUse_After_Redefinitions_PRO_Detail.xlsx,2017,JM408,4,S00900,Rest of the world adjustment,DetailedSpecialCommodity,,271,423600,Household appliances and electrical and electronic goods,Industry,,0,blank
detail_use_intermediate_2017,2017,detail,producer_use,IOUse_After_Redefinitions_PRO_Detail.xlsx,2017,JN408,4,S00900,Rest of the world adjustment,DetailedSpecialCommodity,,272,423800,"Machinery, equipment, and supplies",Industry,,0,blank
detail_use_intermediate_2017,2017,detail,producer_use,IOUse_After_Redefinitions_PRO_Detail.xlsx,2017,JO408,4,S00900,Rest of the world adjustment,DetailedSpecialCommodity,,273,423A00,Other durable goods merchant wholesalers,Industry,,0,blank
detail_use_intermediate_2017,2017,detail,producer_use,IOUse_After_Redefinitions_PRO_Detail.xlsx,2017,JP408,4,S00900,Rest of the world adjustment,DetailedSpecialCommodity,,274,424200,Drugs and druggists' sundries,Industry,,0,blank
detail_use_intermediate_2017,2017,detail,producer_use,IOUse_After_Redefinitions_PRO_Detail.xlsx,2017,JQ408,4,S00900,Rest of the world adjustment,DetailedSpecialCommodity,,275,424400,Grocery and related product wholesalers,Industry,,0,blank
detail_use_intermediate_2017,2017,detail,producer_use,IOUse_After_Redefinitions_PRO_Detail.xlsx,2017,JR408,4,S00900,Rest of the world adjustment,DetailedSpecialCommodity,,276,424700,Petroleum and petroleum products,Industry,,0,blank
detail_use_intermediate_2017,2017,detail,producer_use,IOUse_After_Redefinitions_PRO_Detail.xlsx,2017,JS408,4,S00900,Rest of the world adjustment,DetailedSpecialCommodity,,277,424A00,Other nondurable goods merchant wholesalers,Industry,,0,blank
detail_use_intermediate_2017,2017,detail,producer_use,IOUse_After_Redefinitions_PRO_Detail.xlsx,2017,JT408,4,S00900,Rest of the world adjustment,DetailedSpecialCommodity,,278,425000,Wholesale electronic markets and agents and brokers,Industry,,0,blank
detail_use_intermediate_2017,2017,detail,producer_use,IOUse_After_Redefinitions_PRO_Detail.xlsx,2017,JU408,4,S00900,Rest of the world adjustment,DetailedSpecialCommodity,,279,4200ID,Customs duties,Industry,,0,blank
detail_use_intermediate_2017,2017,detail,producer_use,IOUse_After_Redefinitions_PRO_Detail.xlsx,2017,JV408,4,S00900,Rest of the world adjustment,DetailedSpecialCommodity,,280,441000,Motor vehicle and parts dealers,Industry,,0,blank
detail_use_intermediate_2017,2017,detail,producer_use,IOUse_After_Redefinitions_PRO_Detail.xlsx,2017,JW408,4,S00900,Rest of the world adjustment,DetailedSpecialCommodity,,281,445000,Food and beverage stores,Industry,,0,blank
detail_use_intermediate_2017,2017,detail,producer_use,IOUse_After_Redefinitions_PRO_Detail.xlsx,2017,JX408,4,S00900,Rest of the world adjustment,DetailedSpecialCommodity,,282,452000,General merchandise stores,Industry,,0,blank
detail_use_intermediate_2017,2017,detail,producer_use,IOUse_After_Redefinitions_PRO_Detail.xlsx,2017,JY408,4,S00900,Rest of the world adjustment,DetailedSpecialCommodity,,283,444000,Building material and garden equipment and supplies dealers,Industry,,0,blank
detail_use_intermediate_2017,2017,detail,producer_use,IOUse_After_Redefinitions_PRO_Detail.xlsx,2017,JZ408,4,S00900,Rest of the world adjustment,DetailedSpecialCommodity,,284,446000,Health and personal care stores,Industry,,0,blank
detail_use_intermediate_2017,2017,detail,producer_use,IOUse_After_Redefinitions_PRO_Detail.xlsx,2017,KA408,4,S00900,Rest of the world adjustment,DetailedSpecialCommodity,,285,447000,Gasoline stations,Industry,,0,blank
detail_use_intermediate_2017,2017,detail,producer_use,IOUse_After_Redefinitions_PRO_Detail.xlsx,2017,KB408,4,S00900,Rest of the world adjustment,DetailedSpecialCommodity,,286,448000,Clothing and clothing accessories stores,Industry,,0,blank
detail_use_intermediate_2017,2017,detail,producer_use,IOUse_After_Redefinitions_PRO_Detail.xlsx,2017,KC408,4,S00900,Rest of the world adjustment,DetailedSpecialCommodity,,287,454000,Nonstore retailers,Industry,,0,blank
detail_use_intermediate_2017,2017,detail,producer_use,IOUse_After_Redefinitions_PRO_Detail.xlsx,2017,KD408,4,S00900,Rest of the world adjustment,DetailedSpecialCommodity,,288,4B0000,All other retail,Industry,,0,blank
detail_use_intermediate_2017,2017,detail,producer_use,IOUse_After_Redefinitions_PRO_Detail.xlsx,2017,KE408,4,S00900,Rest of the world adjustment,DetailedSpecialCommodity,,289,481000,Air transportation,Industry,,0,blank
detail_use_intermediate_2017,2017,detail,producer_use,IOUse_After_Redefinitions_PRO_Detail.xlsx,2017,KF408,4,S00900,Rest of the world adjustment,DetailedSpecialCommodity,,290,482000,Rail transportation,Industry,,0,blank
detail_use_intermediate_2017,2017,detail,producer_use,IOUse_After_Redefinitions_PRO_Detail.xlsx,2017,KG408,4,S00900,Rest of the world adjustment,DetailedSpecialCommodity,,291,483000,Water transportation,Industry,,0,blank
detail_use_intermediate_2017,2017,detail,producer_use,IOUse_After_Redefinitions_PRO_Detail.xlsx,2017,KH408,4,S00900,Rest of the world adjustment,DetailedSpecialCommodity,,292,484000,Truck transportation,Industry,,0,blank
detail_use_intermediate_2017,2017,detail,producer_use,IOUse_After_Redefinitions_PRO_Detail.xlsx,2017,KI408,4,S00900,Rest of the world adjustment,DetailedSpecialCommodity,,293,485000,Transit and ground passenger transportation,Industry,,0,blank
detail_use_intermediate_2017,2017,detail,producer_use,IOUse_After_Redefinitions_PRO_Detail.xlsx,2017,KJ408,4,S00900,Rest of the world adjustment,DetailedSpecialCommodity,,294,486000,Pipeline transportation,Industry,,0,blank
detail_use_intermediate_2017,2017,detail,producer_use,IOUse_After_Redefinitions_PRO_Detail.xlsx,2017,KK408,4,S00900,Rest of the world adjustment,DetailedSpecialCommodity,,295,48A000,Scenic and sightseeing transportation and support activities,Industry,,0,blank
detail_use_intermediate_2017,2017,detail,producer_use,IOUse_After_Redefinitions_PRO_Detail.xlsx,2017,KL408,4,S00900,Rest of the world adjustment,DetailedSpecialCommodity,,296,492000,Couriers and messengers,Industry,,0,blank
detail_use_intermediate_2017,2017,detail,producer_use,IOUse_After_Redefinitions_PRO_Detail.xlsx,2017,KM408,4,S00900,Rest of the world adjustment,DetailedSpecialCommodity,,297,493000,Warehousing and storage,Industry,,0,blank
detail_use_intermediate_2017,2017,detail,producer_use,IOUse_After_Redefinitions_PRO_Detail.xlsx,2017,KN408,4,S00900,Rest of the world adjustment,DetailedSpecialCommodity,,298,511110,Newspaper publishers,Industry,,0,blank
detail_use_intermediate_2017,2017,detail,producer_use,IOUse_After_Redefinitions_PRO_Detail.xlsx,2017,KO408,4,S00900,Rest of the world adjustment,DetailedSpecialCommodity,,299,511120,Periodical Publishers,Industry,,0,blank
detail_use_intermediate_2017,2017,detail,producer_use,IOUse_After_Redefinitions_PRO_Detail.xlsx,2017,KP408,4,S00900,Rest of the world adjustment,DetailedSpecialCommodity,,300,511130,Book publishers,Industry,,0,blank
detail_use_intermediate_2017,2017,detail,producer_use,IOUse_After_Redefinitions_PRO_Detail.xlsx,2017,KQ408,4,S00900,Rest of the world adjustment,DetailedSpecialCommodity,,301,5111A0,"Directory, mailing list, and other publishers",Industry,,0,blank
detail_use_intermediate_2017,2017,detail,producer_use,IOUse_After_Redefinitions_PRO_Detail.xlsx,2017,KR408,4,S00900,Rest of the world adjustment,DetailedSpecialCommodity,,302,511200,Software publishers,Industry,,0,blank
detail_use_intermediate_2017,2017,detail,producer_use,IOUse_After_Redefinitions_PRO_Detail.xlsx,2017,KS408,4,S00900,Rest of the world adjustment,DetailedSpecialCommodity,,303,512100,Motion picture and video industries,Industry,,0,blank
detail_use_intermediate_2017,2017,detail,producer_use,IOUse_After_Redefinitions_PRO_Detail.xlsx,2017,KT408,4,S00900,Rest of the world adjustment,DetailedSpecialCommodity,,304,512200,Sound recording industries,Industry,,0,blank
detail_use_intermediate_2017,2017,detail,producer_use,IOUse_After_Redefinitions_PRO_Detail.xlsx,2017,KU408,4,S00900,Rest of the world adjustment,DetailedSpecialCommodity,,305,515100,Radio and television broadcasting,Industry,,0,blank
detail_use_intermediate_2017,2017,detail,producer_use,IOUse_After_Redefinitions_PRO_Detail.xlsx,2017,KV408,4,S00900,Rest of the world adjustment,DetailedSpecialCommodity,,306,515200,Cable and other subscription programming,Industry,,0,blank
detail_use_intermediate_2017,2017,detail,producer_use,IOUse_After_Redefinitions_PRO_Detail.xlsx,2017,KW408,4,S00900,Rest of the world adjustment,DetailedSpecialCommodity,,307,517110,Wired telecommunications carriers,Industry,,0,blank
detail_use_intermediate_2017,2017,detail,producer_use,IOUse_After_Redefinitions_PRO_Detail.xlsx,2017,KX408,4,S00900,Rest of the world adjustment,DetailedSpecialCommodity,,308,517210,Wireless telecommunications carriers (except satellite),Industry,,0,blank
detail_use_intermediate_2017,2017,detail,producer_use,IOUse_After_Redefinitions_PRO_Detail.xlsx,2017,KY408,4,S00900,Rest of the world adjustment,DetailedSpecialCommodity,,309,517A00,"Satellite, telecommunications resellers, and all other telecommunications",Industry,,0,blank
detail_use_intermediate_2017,2017,detail,producer_use,IOUse_After_Redefinitions_PRO_Detail.xlsx,2017,KZ408,4,S00900,Rest of the world adjustment,DetailedSpecialCommodity,,310,518200,"Data processing, hosting, and related services",Industry,,0,blank
detail_use_intermediate_2017,2017,detail,producer_use,IOUse_After_Redefinitions_PRO_Detail.xlsx,2017,LA408,4,S00900,Rest of the world adjustment,DetailedSpecialCommodity,,311,519130,Internet publishing and broadcasting and Web search portals,Industry,,0,blank
detail_use_intermediate_2017,2017,detail,producer_use,IOUse_After_Redefinitions_PRO_Detail.xlsx,2017,LB408,4,S00900,Rest of the world adjustment,DetailedSpecialCommodity,,312,5191A0,"News syndicates, libraries, archives and all other information services",Industry,,0,blank
detail_use_intermediate_2017,2017,detail,producer_use,IOUse_After_Redefinitions_PRO_Detail.xlsx,2017,LC408,4,S00900,Rest of the world adjustment,DetailedSpecialCommodity,,313,522A00,Nondepository credit intermediation and related activities,Industry,,0,blank
detail_use_intermediate_2017,2017,detail,producer_use,IOUse_After_Redefinitions_PRO_Detail.xlsx,2017,LD408,4,S00900,Rest of the world adjustment,DetailedSpecialCommodity,,314,52A000,Monetary authorities and depository credit intermediation,Industry,,0,blank
detail_use_intermediate_2017,2017,detail,producer_use,IOUse_After_Redefinitions_PRO_Detail.xlsx,2017,LE408,4,S00900,Rest of the world adjustment,DetailedSpecialCommodity,,315,523900,Other financial investment activities,Industry,,0,blank
detail_use_intermediate_2017,2017,detail,producer_use,IOUse_After_Redefinitions_PRO_Detail.xlsx,2017,LF408,4,S00900,Rest of the world adjustment,DetailedSpecialCommodity,,316,523A00,Securities and commodity contracts intermediation and brokerage,Industry,,0,blank
detail_use_intermediate_2017,2017,detail,producer_use,IOUse_After_Redefinitions_PRO_Detail.xlsx,2017,LG408,4,S00900,Rest of the world adjustment,DetailedSpecialCommodity,,317,524113,Direct life insurance carriers,Industry,,0,blank
detail_use_intermediate_2017,2017,detail,producer_use,IOUse_After_Redefinitions_PRO_Detail.xlsx,2017,LH408,4,S00900,Rest of the world adjustment,DetailedSpecialCommodity,,318,5241XX,"Insurance carriers, except direct life",Industry,,0,blank
detail_use_intermediate_2017,2017,detail,producer_use,IOUse_After_Redefinitions_PRO_Detail.xlsx,2017,LI408,4,S00900,Rest of the world adjustment,DetailedSpecialCommodity,,319,524200,"Insurance agencies, brokerages, and related activities",Industry,,0,blank
detail_use_intermediate_2017,2017,detail,producer_use,IOUse_After_Redefinitions_PRO_Detail.xlsx,2017,LJ408,4,S00900,Rest of the world adjustment,DetailedSpecialCommodity,,320,525000,"Funds, trusts, and other financial vehicles",Industry,,0,blank
detail_use_intermediate_2017,2017,detail,producer_use,IOUse_After_Redefinitions_PRO_Detail.xlsx,2017,LK408,4,S00900,Rest of the world adjustment,DetailedSpecialCommodity,,321,531HSO,Owner-occupied housing,Industry,,0,blank
detail_use_intermediate_2017,2017,detail,producer_use,IOUse_After_Redefinitions_PRO_Detail.xlsx,2017,LL408,4,S00900,Rest of the world adjustment,DetailedSpecialCommodity,,322,531HST,Tenant-occupied housing,Industry,,0,blank
detail_use_intermediate_2017,2017,detail,producer_use,IOUse_After_Redefinitions_PRO_Detail.xlsx,2017,LM408,4,S00900,Rest of the world adjustment,DetailedSpecialCommodity,,323,531ORE,Other real estate,Industry,,0,blank
detail_use_intermediate_2017,2017,detail,producer_use,IOUse_After_Redefinitions_PRO_Detail.xlsx,2017,LN408,4,S00900,Rest of the world adjustment,DetailedSpecialCommodity,,324,532100,Automotive equipment rental and leasing,Industry,,0,blank
detail_use_intermediate_2017,2017,detail,producer_use,IOUse_After_Redefinitions_PRO_Detail.xlsx,2017,LO408,4,S00900,Rest of the world adjustment,DetailedSpecialCommodity,,325,532400,Commercial and industrial machinery and equipment rental and leasing,Industry,,0,blank
detail_use_intermediate_2017,2017,detail,producer_use,IOUse_After_Redefinitions_PRO_Detail.xlsx,2017,LP408,4,S00900,Rest of the world adjustment,DetailedSpecialCommodity,,326,532A00,General and consumer goods rental,Industry,,0,blank
detail_use_intermediate_2017,2017,detail,producer_use,IOUse_After_Redefinitions_PRO_Detail.xlsx,2017,LQ408,4,S00900,Rest of the world adjustment,DetailedSpecialCommodity,,327,533000,Lessors of nonfinancial intangible assets,Industry,,0,blank
detail_use_intermediate_2017,2017,detail,producer_use,IOUse_After_Redefinitions_PRO_Detail.xlsx,2017,LR408,4,S00900,Rest of the world adjustment,DetailedSpecialCommodity,,328,541100,Legal services,Industry,,0,blank
detail_use_intermediate_2017,2017,detail,producer_use,IOUse_After_Redefinitions_PRO_Detail.xlsx,2017,LS408,4,S00900,Rest of the world adjustment,DetailedSpecialCommodity,,329,541511,Custom computer programming services,Industry,,0,blank
detail_use_intermediate_2017,2017,detail,producer_use,IOUse_After_Redefinitions_PRO_Detail.xlsx,2017,LT408,4,S00900,Rest of the world adjustment,DetailedSpecialCommodity,,330,541512,Computer systems design services,Industry,,0,blank
detail_use_intermediate_2017,2017,detail,producer_use,IOUse_After_Redefinitions_PRO_Detail.xlsx,2017,LU408,4,S00900,Rest of the world adjustment,DetailedSpecialCommodity,,331,54151A,"Other computer related services, including facilities management",Industry,,0,blank
detail_use_intermediate_2017,2017,detail,producer_use,IOUse_After_Redefinitions_PRO_Detail.xlsx,2017,LV408,4,S00900,Rest of the world adjustment,DetailedSpecialCommodity,,332,541200,"Accounting, tax preparation, bookkeeping, and payroll services",Industry,,0,blank
detail_use_intermediate_2017,2017,detail,producer_use,IOUse_After_Redefinitions_PRO_Detail.xlsx,2017,LW408,4,S00900,Rest of the world adjustment,DetailedSpecialCommodity,,333,541300,"Architectural, engineering, and related services",Industry,,0,blank
detail_use_intermediate_2017,2017,detail,producer_use,IOUse_After_Redefinitions_PRO_Detail.xlsx,2017,LX408,4,S00900,Rest of the world adjustment,DetailedSpecialCommodity,,334,541610,Management consulting services,Industry,,0,blank
detail_use_intermediate_2017,2017,detail,producer_use,IOUse_After_Redefinitions_PRO_Detail.xlsx,2017,LY408,4,S00900,Rest of the world adjustment,DetailedSpecialCommodity,,335,5416A0,Environmental and other technical consulting services,Industry,,0,blank
detail_use_intermediate_2017,2017,detail,producer_use,IOUse_After_Redefinitions_PRO_Detail.xlsx,2017,LZ408,4,S00900,Rest of the world adjustment,DetailedSpecialCommodity,,336,541700,Scientific research and development services,Industry,,0,blank
detail_use_intermediate_2017,2017,detail,producer_use,IOUse_After_Redefinitions_PRO_Detail.xlsx,2017,MA408,4,S00900,Rest of the world adjustment,DetailedSpecialCommodity,,337,541800,"Advertising, public relations, and related services",Industry,,0,blank
detail_use_intermediate_2017,2017,detail,producer_use,IOUse_After_Redefinitions_PRO_Detail.xlsx,2017,MB408,4,S00900,Rest of the world adjustment,DetailedSpecialCommodity,,338,541400,Specialized design services,Industry,,0,blank
detail_use_intermediate_2017,2017,detail,producer_use,IOUse_After_Redefinitions_PRO_Detail.xlsx,2017,MC408,4,S00900,Rest of the world adjustment,DetailedSpecialCommodity,,339,541920,Photographic services,Industry,,0,blank
detail_use_intermediate_2017,2017,detail,producer_use,IOUse_After_Redefinitions_PRO_Detail.xlsx,2017,MD408,4,S00900,Rest of the world adjustment,DetailedSpecialCommodity,,340,541940,Veterinary services,Industry,,0,blank
detail_use_intermediate_2017,2017,detail,producer_use,IOUse_After_Redefinitions_PRO_Detail.xlsx,2017,ME408,4,S00900,Rest of the world adjustment,DetailedSpecialCommodity,,341,5419A0,"All other miscellaneous professional, scientific, and technical services",Industry,,0,blank
detail_use_intermediate_2017,2017,detail,producer_use,IOUse_After_Redefinitions_PRO_Detail.xlsx,2017,MF408,4,S00900,Rest of the world adjustment,DetailedSpecialCommodity,,342,550000,Management of companies and enterprises,Industry,,0,blank
detail_use_intermediate_2017,2017,detail,producer_use,IOUse_After_Redefinitions_PRO_Detail.xlsx,2017,MG408,4,S00900,Rest of the world adjustment,DetailedSpecialCommodity,,343,561300,Employment services,Industry,,0,blank
detail_use_intermediate_2017,2017,detail,producer_use,IOUse_After_Redefinitions_PRO_Detail.xlsx,2017,MH408,4,S00900,Rest of the world adjustment,DetailedSpecialCommodity,,344,561700,Services to buildings and dwellings,Industry,,0,blank
detail_use_intermediate_2017,2017,detail,producer_use,IOUse_After_Redefinitions_PRO_Detail.xlsx,2017,MI408,4,S00900,Rest of the world adjustment,DetailedSpecialCommodity,,345,561100,Office administrative services,Industry,,0,blank
detail_use_intermediate_2017,2017,detail,producer_use,IOUse_After_Redefinitions_PRO_Detail.xlsx,2017,MJ408,4,S00900,Rest of the world adjustment,DetailedSpecialCommodity,,346,561200,Facilities support services,Industry,,0,blank
detail_use_intermediate_2017,2017,detail,producer_use,IOUse_After_Redefinitions_PRO_Detail.xlsx,2017,MK408,4,S00900,Rest of the world adjustment,DetailedSpecialCommodity,,347,561400,Business support services,Industry,,0,blank
detail_use_intermediate_2017,2017,detail,producer_use,IOUse_After_Redefinitions_PRO_Detail.xlsx,2017,ML408,4,S00900,Rest of the world adjustment,DetailedSpecialCommodity,,348,561500,Travel arrangement and reservation services,Industry,,0,blank
detail_use_intermediate_2017,2017,detail,producer_use,IOUse_After_Redefinitions_PRO_Detail.xlsx,2017,MM408,4,S00900,Rest of the world adjustment,DetailedSpecialCommodity,,349,561600,Investigation and security services,Industry,,0,blank
detail_use_intermediate_2017,2017,detail,producer_use,IOUse_After_Redefinitions_PRO_Detail.xlsx,2017,MN408,4,S00900,Rest of the world adjustment,DetailedSpecialCommodity,,350,561900,Other support services,Industry,,0,blank
detail_use_intermediate_2017,2017,detail,producer_use,IOUse_After_Redefinitions_PRO_Detail.xlsx,2017,MO408,4,S00900,Rest of the world adjustment,DetailedSpecialCommodity,,351,562000,Waste management and remediation services,Industry,,0,blank
detail_use_intermediate_2017,2017,detail,producer_use,IOUse_After_Redefinitions_PRO_Detail.xlsx,2017,MP408,4,S00900,Rest of the world adjustment,DetailedSpecialCommodity,,352,611100,Elementary and secondary schools,Industry,,0,blank
detail_use_intermediate_2017,2017,detail,producer_use,IOUse_After_Redefinitions_PRO_Detail.xlsx,2017,MQ408,4,S00900,Rest of the world adjustment,DetailedSpecialCommodity,,353,611A00,"Junior colleges, colleges, universities, and professional schools",Industry,,0,blank
detail_use_intermediate_2017,2017,detail,producer_use,IOUse_After_Redefinitions_PRO_Detail.xlsx,2017,MR408,4,S00900,Rest of the world adjustment,DetailedSpecialCommodity,,354,611B00,Other educational services,Industry,,0,blank
detail_use_intermediate_2017,2017,detail,producer_use,IOUse_After_Redefinitions_PRO_Detail.xlsx,2017,MS408,4,S00900,Rest of the world adjustment,DetailedSpecialCommodity,,355,621100,Offices of physicians,Industry,,0,blank
detail_use_intermediate_2017,2017,detail,producer_use,IOUse_After_Redefinitions_PRO_Detail.xlsx,2017,MT408,4,S00900,Rest of the world adjustment,DetailedSpecialCommodity,,356,621200,Offices of dentists,Industry,,0,blank
detail_use_intermediate_2017,2017,detail,producer_use,IOUse_After_Redefinitions_PRO_Detail.xlsx,2017,MU408,4,S00900,Rest of the world adjustment,DetailedSpecialCommodity,,357,621300,Offices of other health practitioners,Industry,,0,blank
detail_use_intermediate_2017,2017,detail,producer_use,IOUse_After_Redefinitions_PRO_Detail.xlsx,2017,MV408,4,S00900,Rest of the world adjustment,DetailedSpecialCommodity,,358,621400,Outpatient care centers,Industry,,0,blank
detail_use_intermediate_2017,2017,detail,producer_use,IOUse_After_Redefinitions_PRO_Detail.xlsx,2017,MW408,4,S00900,Rest of the world adjustment,DetailedSpecialCommodity,,359,621500,Medical and diagnostic laboratories,Industry,,0,blank
detail_use_intermediate_2017,2017,detail,producer_use,IOUse_After_Redefinitions_PRO_Detail.xlsx,2017,MX408,4,S00900,Rest of the world adjustment,DetailedSpecialCommodity,,360,621600,Home health care services,Industry,,0,blank
detail_use_intermediate_2017,2017,detail,producer_use,IOUse_After_Redefinitions_PRO_Detail.xlsx,2017,MY408,4,S00900,Rest of the world adjustment,DetailedSpecialCommodity,,361,621900,Other ambulatory health care services,Industry,,0,blank
detail_use_intermediate_2017,2017,detail,producer_use,IOUse_After_Redefinitions_PRO_Detail.xlsx,2017,MZ408,4,S00900,Rest of the world adjustment,DetailedSpecialCommodity,,362,622000,Hospitals,Industry,,0,blank
detail_use_intermediate_2017,2017,detail,producer_use,IOUse_After_Redefinitions_PRO_Detail.xlsx,2017,NA408,4,S00900,Rest of the world adjustment,DetailedSpecialCommodity,,363,623A00,Nursing and community care facilities,Industry,,0,blank
detail_use_intermediate_2017,2017,detail,producer_use,IOUse_After_Redefinitions_PRO_Detail.xlsx,2017,NB408,4,S00900,Rest of the world adjustment,DetailedSpecialCommodity,,364,623B00,"Residential mental health, substance abuse, and other residential care facilities",Industry,,0,blank
detail_use_intermediate_2017,2017,detail,producer_use,IOUse_After_Redefinitions_PRO_Detail.xlsx,2017,NC408,4,S00900,Rest of the world adjustment,DetailedSpecialCommodity,,365,624100,Individual and family services,Industry,,0,blank
detail_use_intermediate_2017,2017,detail,producer_use,IOUse_After_Redefinitions_PRO_Detail.xlsx,2017,ND408,4,S00900,Rest of the world adjustment,DetailedSpecialCommodity,,366,624400,Child day care services,Industry,,0,blank
detail_use_intermediate_2017,2017,detail,producer_use,IOUse_After_Redefinitions_PRO_Detail.xlsx,2017,NE408,4,S00900,Rest of the world adjustment,DetailedSpecialCommodity,,367,624A00,"Community food, housing, and other relief services, including vocational rehabilitation services",Industry,,0,blank
detail_use_intermediate_2017,2017,detail,producer_use,IOUse_After_Redefinitions_PRO_Detail.xlsx,2017,NF408,4,S00900,Rest of the world adjustment,DetailedSpecialCommodity,,368,711100,Performing arts companies,Industry,,0,blank
detail_use_intermediate_2017,2017,detail,producer_use,IOUse_After_Redefinitions_PRO_Detail.xlsx,2017,NG408,4,S00900,Rest of the world adjustment,DetailedSpecialCommodity,,369,711200,Spectator sports,Industry,,0,blank
detail_use_intermediate_2017,2017,detail,producer_use,IOUse_After_Redefinitions_PRO_Detail.xlsx,2017,NH408,4,S00900,Rest of the world adjustment,DetailedSpecialCommodity,,370,711500,"Independent artists, writers, and performers",Industry,,0,blank
detail_use_intermediate_2017,2017,detail,producer_use,IOUse_After_Redefinitions_PRO_Detail.xlsx,2017,NI408,4,S00900,Rest of the world adjustment,DetailedSpecialCommodity,,371,711A00,Promoters of performing arts and sports and agents for public figures,Industry,,0,blank
detail_use_intermediate_2017,2017,detail,producer_use,IOUse_After_Redefinitions_PRO_Detail.xlsx,2017,NJ408,4,S00900,Rest of the world adjustment,DetailedSpecialCommodity,,372,712000,"Museums, historical sites, zoos, and parks",Industry,,0,blank
detail_use_intermediate_2017,2017,detail,producer_use,IOUse_After_Redefinitions_PRO_Detail.xlsx,2017,NK408,4,S00900,Rest of the world adjustment,DetailedSpecialCommodity,,373,713100,Amusement parks and arcades,Industry,,0,blank
detail_use_intermediate_2017,2017,detail,producer_use,IOUse_After_Redefinitions_PRO_Detail.xlsx,2017,NL408,4,S00900,Rest of the world adjustment,DetailedSpecialCommodity,,374,713200,Gambling industries (except casino hotels),Industry,,0,blank
detail_use_intermediate_2017,2017,detail,producer_use,IOUse_After_Redefinitions_PRO_Detail.xlsx,2017,NM408,4,S00900,Rest of the world adjustment,DetailedSpecialCommodity,,375,713900,Other amusement and recreation industries,Industry,,0,blank
detail_use_intermediate_2017,2017,detail,producer_use,IOUse_After_Redefinitions_PRO_Detail.xlsx,2017,NN408,4,S00900,Rest of the world adjustment,DetailedSpecialCommodity,,376,721000,Accommodation,Industry,,0,blank
detail_use_intermediate_2017,2017,detail,producer_use,IOUse_After_Redefinitions_PRO_Detail.xlsx,2017,NO408,4,S00900,Rest of the world adjustment,DetailedSpecialCommodity,,377,722110,Full-service restaurants,Industry,,0,blank
detail_use_intermediate_2017,2017,detail,producer_use,IOUse_After_Redefinitions_PRO_Detail.xlsx,2017,NP408,4,S00900,Rest of the world adjustment,DetailedSpecialCommodity,,378,722211,Limited-service restaurants,Industry,,0,blank
detail_use_intermediate_2017,2017,detail,producer_use,IOUse_After_Redefinitions_PRO_Detail.xlsx,2017,NQ408,4,S00900,Rest of the world adjustment,DetailedSpecialCommodity,,379,722A00,All other food and drinking places,Industry,,0,blank
detail_use_intermediate_2017,2017,detail,producer_use,IOUse_After_Redefinitions_PRO_Detail.xlsx,2017,NR408,4,S00900,Rest of the world adjustment,DetailedSpecialCommodity,,380,811100,Automotive repair and maintenance (including car washes),Industry,,0,blank
detail_use_intermediate_2017,2017,detail,producer_use,IOUse_After_Redefinitions_PRO_Detail.xlsx,2017,NS408,4,S00900,Rest of the world adjustment,DetailedSpecialCommodity,,381,811200,Electronic and precision equipment repair and maintenance,Industry,,0,blank
detail_use_intermediate_2017,2017,detail,producer_use,IOUse_After_Redefinitions_PRO_Detail.xlsx,2017,NT408,4,S00900,Rest of the world adjustment,DetailedSpecialCommodity,,382,811300,Commercial and industrial machinery and equipment repair and maintenance,Industry,,0,blank
detail_use_intermediate_2017,2017,detail,producer_use,IOUse_After_Redefinitions_PRO_Detail.xlsx,2017,NU408,4,S00900,Rest of the world adjustment,DetailedSpecialCommodity,,383,811400,Personal and household goods repair and maintenance,Industry,,0,blank
detail_use_intermediate_2017,2017,detail,producer_use,IOUse_After_Redefinitions_PRO_Detail.xlsx,2017,NV408,4,S00900,Rest of the world adjustment,DetailedSpecialCommodity,,384,812100,Personal care services,Industry,,0,blank
detail_use_intermediate_2017,2017,detail,producer_use,IOUse_After_Redefinitions_PRO_Detail.xlsx,2017,NW408,4,S00900,Rest of the world adjustment,DetailedSpecialCommodity,,385,812200,Death care services,Industry,,0,blank
detail_use_intermediate_2017,2017,detail,producer_use,IOUse_After_Redefinitions_PRO_Detail.xlsx,2017,NX408,4,S00900,Rest of the world adjustment,DetailedSpecialCommodity,,386,812300,Dry-cleaning and laundry services,Industry,,0,blank
detail_use_intermediate_2017,2017,detail,producer_use,IOUse_After_Redefinitions_PRO_Detail.xlsx,2017,NY408,4,S00900,Rest of the world adjustment,DetailedSpecialCommodity,,387,812900,Other personal services,Industry,,0,blank
detail_use_intermediate_2017,2017,detail,producer_use,IOUse_After_Redefinitions_PRO_Detail.xlsx,2017,NZ408,4,S00900,Rest of the world adjustment,DetailedSpecialCommodity,,388,813100,Religious organizations,Industry,,0,blank
detail_use_intermediate_2017,2017,detail,producer_use,IOUse_After_Redefinitions_PRO_Detail.xlsx,2017,OA408,4,S00900,Rest of the world adjustment,DetailedSpecialCommodity,,389,813A00,"Grantmaking, giving, and social advocacy organizations",Industry,,0,blank
detail_use_intermediate_2017,2017,detail,producer_use,IOUse_After_Redefinitions_PRO_Detail.xlsx,2017,OB408,4,S00900,Rest of the world adjustment,DetailedSpecialCommodity,,390,813B00,"Civic, social, professional, and similar organizations",Industry,,0,blank
detail_use_intermediate_2017,2017,detail,producer_use,IOUse_After_Redefinitions_PRO_Detail.xlsx,2017,OC408,4,S00900,Rest of the world adjustment,DetailedSpecialCommodity,,391,814000,Private households,Industry,,0,blank
detail_use_intermediate_2017,2017,detail,producer_use,IOUse_After_Redefinitions_PRO_Detail.xlsx,2017,OD408,4,S00900,Rest of the world adjustment,DetailedSpecialCommodity,,392,S00500,Federal general government (defense),Industry,,0,blank
detail_use_intermediate_2017,2017,detail,producer_use,IOUse_After_Redefinitions_PRO_Detail.xlsx,2017,OE408,4,S00900,Rest of the world adjustment,DetailedSpecialCommodity,,393,S00600,Federal general government (nondefense),Industry,,0,blank
detail_use_intermediate_2017,2017,detail,producer_use,IOUse_After_Redefinitions_PRO_Detail.xlsx,2017,OF408,4,S00900,Rest of the world adjustment,DetailedSpecialCommodity,,394,491000,Postal service,Industry,,0,blank
detail_use_intermediate_2017,2017,detail,producer_use,IOUse_After_Redefinitions_PRO_Detail.xlsx,2017,OG408,4,S00900,Rest of the world adjustment,DetailedSpecialCommodity,,395,S00101,Federal electric utilities,Industry,,0,blank
detail_use_intermediate_2017,2017,detail,producer_use,IOUse_After_Redefinitions_PRO_Detail.xlsx,2017,OH408,4,S00900,Rest of the world adjustment,DetailedSpecialCommodity,,396,S00102,Other federal government enterprises,Industry,,0,blank
detail_use_intermediate_2017,2017,detail,producer_use,IOUse_After_Redefinitions_PRO_Detail.xlsx,2017,OI408,4,S00900,Rest of the world adjustment,DetailedSpecialCommodity,,397,GSLGE,State and local government (educational services),Industry,,0,blank
detail_use_intermediate_2017,2017,detail,producer_use,IOUse_After_Redefinitions_PRO_Detail.xlsx,2017,OJ408,4,S00900,Rest of the world adjustment,DetailedSpecialCommodity,,398,GSLGH,State and local government (hospitals and health services),Industry,,0,blank
detail_use_intermediate_2017,2017,detail,producer_use,IOUse_After_Redefinitions_PRO_Detail.xlsx,2017,OK408,4,S00900,Rest of the world adjustment,DetailedSpecialCommodity,,399,GSLGO,State and local government (other services),Industry,,0,blank
detail_use_intermediate_2017,2017,detail,producer_use,IOUse_After_Redefinitions_PRO_Detail.xlsx,2017,OL408,4,S00900,Rest of the world adjustment,DetailedSpecialCommodity,,400,S00201,State and local government passenger transit,Industry,,0,blank
detail_use_intermediate_2017,2017,detail,producer_use,IOUse_After_Redefinitions_PRO_Detail.xlsx,2017,OM408,4,S00900,Rest of the world adjustment,DetailedSpecialCommodity,,401,S00202,State and local government electric utilities,Industry,,0,blank
detail_use_intermediate_2017,2017,detail,producer_use,IOUse_After_Redefinitions_PRO_Detail.xlsx,2017,ON408,4,S00900,Rest of the world adjustment,DetailedSpecialCommodity,,402,S00203,Other state and local government enterprises,Industry,,0,blank
detail_use_final_2017,2017,detail,producer_use,IOUse_After_Redefinitions_PRO_Detail.xlsx,2017,OP405,1,S00401,Scrap,DetailedSpecialCommodity,,1,F01000,Personal consumption expenditures,FinalUse,F010,-12990,numeric
detail_use_final_2017,2017,detail,producer_use,IOUse_After_Redefinitions_PRO_Detail.xlsx,2017,OT405,1,S00401,Scrap,DetailedSpecialCommodity,,2,F02S00,Nonresidential private fixed investment in structures,FinalUse,F02S,0,blank
detail_use_final_2017,2017,detail,producer_use,IOUse_After_Redefinitions_PRO_Detail.xlsx,2017,OQ405,1,S00401,Scrap,DetailedSpecialCommodity,,3,F02E00,Nonresidential private fixed investment in equipment,FinalUse,F02E,-9109,numeric
detail_use_final_2017,2017,detail,producer_use,IOUse_After_Redefinitions_PRO_Detail.xlsx,2017,OR405,1,S00401,Scrap,DetailedSpecialCommodity,,4,F02N00,Nonresidential private fixed investment in intellectual property products,FinalUse,F02N,0,blank
detail_use_final_2017,2017,detail,producer_use,IOUse_After_Redefinitions_PRO_Detail.xlsx,2017,OS405,1,S00401,Scrap,DetailedSpecialCommodity,,5,F02R00,Residential private fixed investment,FinalUse,F02R,0,blank
detail_use_final_2017,2017,detail,producer_use,IOUse_After_Redefinitions_PRO_Detail.xlsx,2017,OU405,1,S00401,Scrap,DetailedSpecialCommodity,,6,F03000,Change in private inventories,FinalUse,F030,86,numeric
detail_use_final_2017,2017,detail,producer_use,IOUse_After_Redefinitions_PRO_Detail.xlsx,2017,OV405,1,S00401,Scrap,DetailedSpecialCommodity,,7,F04000,Exports of goods and services,FinalUse,F040,9002,numeric
detail_use_final_2017,2017,detail,producer_use,IOUse_After_Redefinitions_PRO_Detail.xlsx,2017,OW405,1,S00401,Scrap,DetailedSpecialCommodity,,8,F05000,Imports of goods and services,FinalUse,F050,-6711,numeric
detail_use_final_2017,2017,detail,producer_use,IOUse_After_Redefinitions_PRO_Detail.xlsx,2017,OX405,1,S00401,Scrap,DetailedSpecialCommodity,,9,F06C00,Federal Government defense: Consumption expenditures,FinalUse,F06C,0,blank
detail_use_final_2017,2017,detail,producer_use,IOUse_After_Redefinitions_PRO_Detail.xlsx,2017,PA405,1,S00401,Scrap,DetailedSpecialCommodity,,10,F06S00,Federal national defense: Gross investment in structures,FinalUse,F06S,0,blank
detail_use_final_2017,2017,detail,producer_use,IOUse_After_Redefinitions_PRO_Detail.xlsx,2017,OY405,1,S00401,Scrap,DetailedSpecialCommodity,,11,F06E00,Federal national defense: Gross investment in equipment,FinalUse,F06E,0,blank
detail_use_final_2017,2017,detail,producer_use,IOUse_After_Redefinitions_PRO_Detail.xlsx,2017,OZ405,1,S00401,Scrap,DetailedSpecialCommodity,,12,F06N00,Federal national defense: Gross investment in intellectual property products,FinalUse,F06N,0,blank
detail_use_final_2017,2017,detail,producer_use,IOUse_After_Redefinitions_PRO_Detail.xlsx,2017,PB405,1,S00401,Scrap,DetailedSpecialCommodity,,13,F07C00,Federal Government nondefense: Consumption expenditures,FinalUse,F07C,0,blank
detail_use_final_2017,2017,detail,producer_use,IOUse_After_Redefinitions_PRO_Detail.xlsx,2017,PE405,1,S00401,Scrap,DetailedSpecialCommodity,,14,F07S00,Federal nondefense: Gross investment in structures,FinalUse,F07S,0,blank
detail_use_final_2017,2017,detail,producer_use,IOUse_After_Redefinitions_PRO_Detail.xlsx,2017,PC405,1,S00401,Scrap,DetailedSpecialCommodity,,15,F07E00,Federal nondefense: Gross investment in equipment,FinalUse,F07E,0,numeric
detail_use_final_2017,2017,detail,producer_use,IOUse_After_Redefinitions_PRO_Detail.xlsx,2017,PD405,1,S00401,Scrap,DetailedSpecialCommodity,,16,F07N00,Federal nondefense: Gross investment in intellectual property products,FinalUse,F07N,0,blank
detail_use_final_2017,2017,detail,producer_use,IOUse_After_Redefinitions_PRO_Detail.xlsx,2017,PF405,1,S00401,Scrap,DetailedSpecialCommodity,,17,F10C00,State and local government consumption expenditures,FinalUse,F10C,0,blank
detail_use_final_2017,2017,detail,producer_use,IOUse_After_Redefinitions_PRO_Detail.xlsx,2017,PI405,1,S00401,Scrap,DetailedSpecialCommodity,,18,F10S00,State and local: Gross investment in structures,FinalUse,F10S,0,blank
detail_use_final_2017,2017,detail,producer_use,IOUse_After_Redefinitions_PRO_Detail.xlsx,2017,PG405,1,S00401,Scrap,DetailedSpecialCommodity,,19,F10E00,State and local: Gross investment in equipment,FinalUse,F10E,0,blank
detail_use_final_2017,2017,detail,producer_use,IOUse_After_Redefinitions_PRO_Detail.xlsx,2017,PH405,1,S00401,Scrap,DetailedSpecialCommodity,,20,F10N00,State and local: Gross investment in intellectual property products,FinalUse,F10N,0,blank
detail_use_final_2017,2017,detail,producer_use,IOUse_After_Redefinitions_PRO_Detail.xlsx,2017,OP406,2,S00402,Used and secondhand goods,DetailedSpecialCommodity,,1,F01000,Personal consumption expenditures,FinalUse,F010,94319,numeric
detail_use_final_2017,2017,detail,producer_use,IOUse_After_Redefinitions_PRO_Detail.xlsx,2017,OT406,2,S00402,Used and secondhand goods,DetailedSpecialCommodity,,2,F02S00,Nonresidential private fixed investment in structures,FinalUse,F02S,-2586,numeric
detail_use_final_2017,2017,detail,producer_use,IOUse_After_Redefinitions_PRO_Detail.xlsx,2017,OQ406,2,S00402,Used and secondhand goods,DetailedSpecialCommodity,,3,F02E00,Nonresidential private fixed investment in equipment,FinalUse,F02E,-116054,numeric
detail_use_final_2017,2017,detail,producer_use,IOUse_After_Redefinitions_PRO_Detail.xlsx,2017,OR406,2,S00402,Used and secondhand goods,DetailedSpecialCommodity,,4,F02N00,Nonresidential private fixed investment in intellectual property products,FinalUse,F02N,0,blank
detail_use_final_2017,2017,detail,producer_use,IOUse_After_Redefinitions_PRO_Detail.xlsx,2017,OS406,2,S00402,Used and secondhand goods,DetailedSpecialCommodity,,5,F02R00,Residential private fixed investment,FinalUse,F02R,1361,numeric
detail_use_final_2017,2017,detail,producer_use,IOUse_After_Redefinitions_PRO_Detail.xlsx,2017,OU406,2,S00402,Used and secondhand goods,DetailedSpecialCommodity,,6,F03000,Change in private inventories,FinalUse,F030,4113,numeric
detail_use_final_2017,2017,detail,producer_use,IOUse_After_Redefinitions_PRO_Detail.xlsx,2017,OV406,2,S00402,Used and secondhand goods,DetailedSpecialCommodity,,7,F04000,Exports of goods and services,FinalUse,F040,11931,numeric
detail_use_final_2017,2017,detail,producer_use,IOUse_After_Redefinitions_PRO_Detail.xlsx,2017,OW406,2,S00402,Used and secondhand goods,DetailedSpecialCommodity,,8,F05000,Imports of goods and services,FinalUse,F050,-7364,numeric
detail_use_final_2017,2017,detail,producer_use,IOUse_After_Redefinitions_PRO_Detail.xlsx,2017,OX406,2,S00402,Used and secondhand goods,DetailedSpecialCommodity,,9,F06C00,Federal Government defense: Consumption expenditures,FinalUse,F06C,0,blank
detail_use_final_2017,2017,detail,producer_use,IOUse_After_Redefinitions_PRO_Detail.xlsx,2017,PA406,2,S00402,Used and secondhand goods,DetailedSpecialCommodity,,10,F06S00,Federal national defense: Gross investment in structures,FinalUse,F06S,-4,numeric
detail_use_final_2017,2017,detail,producer_use,IOUse_After_Redefinitions_PRO_Detail.xlsx,2017,OY406,2,S00402,Used and secondhand goods,DetailedSpecialCommodity,,11,F06E00,Federal national defense: Gross investment in equipment,FinalUse,F06E,0,numeric
detail_use_final_2017,2017,detail,producer_use,IOUse_After_Redefinitions_PRO_Detail.xlsx,2017,OZ406,2,S00402,Used and secondhand goods,DetailedSpecialCommodity,,12,F06N00,Federal national defense: Gross investment in intellectual property products,FinalUse,F06N,0,blank
detail_use_final_2017,2017,detail,producer_use,IOUse_After_Redefinitions_PRO_Detail.xlsx,2017,PB406,2,S00402,Used and secondhand goods,DetailedSpecialCommodity,,13,F07C00,Federal Government nondefense: Consumption expenditures,FinalUse,F07C,0,blank
detail_use_final_2017,2017,detail,producer_use,IOUse_After_Redefinitions_PRO_Detail.xlsx,2017,PE406,2,S00402,Used and secondhand goods,DetailedSpecialCommodity,,14,F07S00,Federal nondefense: Gross investment in structures,FinalUse,F07S,-2683,numeric
detail_use_final_2017,2017,detail,producer_use,IOUse_After_Redefinitions_PRO_Detail.xlsx,2017,PC406,2,S00402,Used and secondhand goods,DetailedSpecialCommodity,,15,F07E00,Federal nondefense: Gross investment in equipment,FinalUse,F07E,-4,numeric
detail_use_final_2017,2017,detail,producer_use,IOUse_After_Redefinitions_PRO_Detail.xlsx,2017,PD406,2,S00402,Used and secondhand goods,DetailedSpecialCommodity,,16,F07N00,Federal nondefense: Gross investment in intellectual property products,FinalUse,F07N,0,blank
detail_use_final_2017,2017,detail,producer_use,IOUse_After_Redefinitions_PRO_Detail.xlsx,2017,PF406,2,S00402,Used and secondhand goods,DetailedSpecialCommodity,,17,F10C00,State and local government consumption expenditures,FinalUse,F10C,0,blank
detail_use_final_2017,2017,detail,producer_use,IOUse_After_Redefinitions_PRO_Detail.xlsx,2017,PI406,2,S00402,Used and secondhand goods,DetailedSpecialCommodity,,18,F10S00,State and local: Gross investment in structures,FinalUse,F10S,3909,numeric
detail_use_final_2017,2017,detail,producer_use,IOUse_After_Redefinitions_PRO_Detail.xlsx,2017,PG406,2,S00402,Used and secondhand goods,DetailedSpecialCommodity,,19,F10E00,State and local: Gross investment in equipment,FinalUse,F10E,-14497,numeric
detail_use_final_2017,2017,detail,producer_use,IOUse_After_Redefinitions_PRO_Detail.xlsx,2017,PH406,2,S00402,Used and secondhand goods,DetailedSpecialCommodity,,20,F10N00,State and local: Gross investment in intellectual property products,FinalUse,F10N,0,blank
detail_use_final_2017,2017,detail,producer_use,IOUse_After_Redefinitions_PRO_Detail.xlsx,2017,OP407,3,S00300,Noncomparable imports,DetailedSpecialCommodity,,1,F01000,Personal consumption expenditures,FinalUse,F010,110221,numeric
detail_use_final_2017,2017,detail,producer_use,IOUse_After_Redefinitions_PRO_Detail.xlsx,2017,OT407,3,S00300,Noncomparable imports,DetailedSpecialCommodity,,2,F02S00,Nonresidential private fixed investment in structures,FinalUse,F02S,0,blank
detail_use_final_2017,2017,detail,producer_use,IOUse_After_Redefinitions_PRO_Detail.xlsx,2017,OQ407,3,S00300,Noncomparable imports,DetailedSpecialCommodity,,3,F02E00,Nonresidential private fixed investment in equipment,FinalUse,F02E,0,blank
detail_use_final_2017,2017,detail,producer_use,IOUse_After_Redefinitions_PRO_Detail.xlsx,2017,OR407,3,S00300,Noncomparable imports,DetailedSpecialCommodity,,4,F02N00,Nonresidential private fixed investment in intellectual property products,FinalUse,F02N,7711,numeric
detail_use_final_2017,2017,detail,producer_use,IOUse_After_Redefinitions_PRO_Detail.xlsx,2017,OS407,3,S00300,Noncomparable imports,DetailedSpecialCommodity,,5,F02R00,Residential private fixed investment,FinalUse,F02R,0,blank
detail_use_final_2017,2017,detail,producer_use,IOUse_After_Redefinitions_PRO_Detail.xlsx,2017,OU407,3,S00300,Noncomparable imports,DetailedSpecialCommodity,,6,F03000,Change in private inventories,FinalUse,F030,0,blank
detail_use_final_2017,2017,detail,producer_use,IOUse_After_Redefinitions_PRO_Detail.xlsx,2017,OV407,3,S00300,Noncomparable imports,DetailedSpecialCommodity,,7,F04000,Exports of goods and services,FinalUse,F040,0,blank
detail_use_final_2017,2017,detail,producer_use,IOUse_After_Redefinitions_PRO_Detail.xlsx,2017,OW407,3,S00300,Noncomparable imports,DetailedSpecialCommodity,,8,F05000,Imports of goods and services,FinalUse,F050,-260421,numeric
detail_use_final_2017,2017,detail,producer_use,IOUse_After_Redefinitions_PRO_Detail.xlsx,2017,OX407,3,S00300,Noncomparable imports,DetailedSpecialCommodity,,9,F06C00,Federal Government defense: Consumption expenditures,FinalUse,F06C,0,blank
detail_use_final_2017,2017,detail,producer_use,IOUse_After_Redefinitions_PRO_Detail.xlsx,2017,PA407,3,S00300,Noncomparable imports,DetailedSpecialCommodity,,10,F06S00,Federal national defense: Gross investment in structures,FinalUse,F06S,0,blank
detail_use_final_2017,2017,detail,producer_use,IOUse_After_Redefinitions_PRO_Detail.xlsx,2017,OY407,3,S00300,Noncomparable imports,DetailedSpecialCommodity,,11,F06E00,Federal national defense: Gross investment in equipment,FinalUse,F06E,0,blank
detail_use_final_2017,2017,detail,producer_use,IOUse_After_Redefinitions_PRO_Detail.xlsx,2017,OZ407,3,S00300,Noncomparable imports,DetailedSpecialCommodity,,12,F06N00,Federal national defense: Gross investment in intellectual property products,FinalUse,F06N,0,blank
detail_use_final_2017,2017,detail,producer_use,IOUse_After_Redefinitions_PRO_Detail.xlsx,2017,PB407,3,S00300,Noncomparable imports,DetailedSpecialCommodity,,13,F07C00,Federal Government nondefense: Consumption expenditures,FinalUse,F07C,0,blank
detail_use_final_2017,2017,detail,producer_use,IOUse_After_Redefinitions_PRO_Detail.xlsx,2017,PE407,3,S00300,Noncomparable imports,DetailedSpecialCommodity,,14,F07S00,Federal nondefense: Gross investment in structures,FinalUse,F07S,0,blank
detail_use_final_2017,2017,detail,producer_use,IOUse_After_Redefinitions_PRO_Detail.xlsx,2017,PC407,3,S00300,Noncomparable imports,DetailedSpecialCommodity,,15,F07E00,Federal nondefense: Gross investment in equipment,FinalUse,F07E,0,blank
detail_use_final_2017,2017,detail,producer_use,IOUse_After_Redefinitions_PRO_Detail.xlsx,2017,PD407,3,S00300,Noncomparable imports,DetailedSpecialCommodity,,16,F07N00,Federal nondefense: Gross investment in intellectual property products,FinalUse,F07N,0,blank
detail_use_final_2017,2017,detail,producer_use,IOUse_After_Redefinitions_PRO_Detail.xlsx,2017,PF407,3,S00300,Noncomparable imports,DetailedSpecialCommodity,,17,F10C00,State and local government consumption expenditures,FinalUse,F10C,0,blank
detail_use_final_2017,2017,detail,producer_use,IOUse_After_Redefinitions_PRO_Detail.xlsx,2017,PI407,3,S00300,Noncomparable imports,DetailedSpecialCommodity,,18,F10S00,State and local: Gross investment in structures,FinalUse,F10S,0,blank
detail_use_final_2017,2017,detail,producer_use,IOUse_After_Redefinitions_PRO_Detail.xlsx,2017,PG407,3,S00300,Noncomparable imports,DetailedSpecialCommodity,,19,F10E00,State and local: Gross investment in equipment,FinalUse,F10E,0,blank
detail_use_final_2017,2017,detail,producer_use,IOUse_After_Redefinitions_PRO_Detail.xlsx,2017,PH407,3,S00300,Noncomparable imports,DetailedSpecialCommodity,,20,F10N00,State and local: Gross investment in intellectual property products,FinalUse,F10N,0,blank
detail_use_final_2017,2017,detail,producer_use,IOUse_After_Redefinitions_PRO_Detail.xlsx,2017,OP408,4,S00900,Rest of the world adjustment,DetailedSpecialCommodity,,1,F01000,Personal consumption expenditures,FinalUse,F010,-200997,numeric
detail_use_final_2017,2017,detail,producer_use,IOUse_After_Redefinitions_PRO_Detail.xlsx,2017,OT408,4,S00900,Rest of the world adjustment,DetailedSpecialCommodity,,2,F02S00,Nonresidential private fixed investment in structures,FinalUse,F02S,0,blank
detail_use_final_2017,2017,detail,producer_use,IOUse_After_Redefinitions_PRO_Detail.xlsx,2017,OQ408,4,S00900,Rest of the world adjustment,DetailedSpecialCommodity,,3,F02E00,Nonresidential private fixed investment in equipment,FinalUse,F02E,0,blank
detail_use_final_2017,2017,detail,producer_use,IOUse_After_Redefinitions_PRO_Detail.xlsx,2017,OR408,4,S00900,Rest of the world adjustment,DetailedSpecialCommodity,,4,F02N00,Nonresidential private fixed investment in intellectual property products,FinalUse,F02N,0,blank
detail_use_final_2017,2017,detail,producer_use,IOUse_After_Redefinitions_PRO_Detail.xlsx,2017,OS408,4,S00900,Rest of the world adjustment,DetailedSpecialCommodity,,5,F02R00,Residential private fixed investment,FinalUse,F02R,0,blank
detail_use_final_2017,2017,detail,producer_use,IOUse_After_Redefinitions_PRO_Detail.xlsx,2017,OU408,4,S00900,Rest of the world adjustment,DetailedSpecialCommodity,,6,F03000,Change in private inventories,FinalUse,F030,0,blank
detail_use_final_2017,2017,detail,producer_use,IOUse_After_Redefinitions_PRO_Detail.xlsx,2017,OV408,4,S00900,Rest of the world adjustment,DetailedSpecialCommodity,,7,F04000,Exports of goods and services,FinalUse,F040,204439,numeric
detail_use_final_2017,2017,detail,producer_use,IOUse_After_Redefinitions_PRO_Detail.xlsx,2017,OW408,4,S00900,Rest of the world adjustment,DetailedSpecialCommodity,,8,F05000,Imports of goods and services,FinalUse,F050,26,numeric
detail_use_final_2017,2017,detail,producer_use,IOUse_After_Redefinitions_PRO_Detail.xlsx,2017,OX408,4,S00900,Rest of the world adjustment,DetailedSpecialCommodity,,9,F06C00,Federal Government defense: Consumption expenditures,FinalUse,F06C,0,blank
detail_use_final_2017,2017,detail,producer_use,IOUse_After_Redefinitions_PRO_Detail.xlsx,2017,PA408,4,S00900,Rest of the world adjustment,DetailedSpecialCommodity,,10,F06S00,Federal national defense: Gross investment in structures,FinalUse,F06S,0,blank
detail_use_final_2017,2017,detail,producer_use,IOUse_After_Redefinitions_PRO_Detail.xlsx,2017,OY408,4,S00900,Rest of the world adjustment,DetailedSpecialCommodity,,11,F06E00,Federal national defense: Gross investment in equipment,FinalUse,F06E,0,blank
detail_use_final_2017,2017,detail,producer_use,IOUse_After_Redefinitions_PRO_Detail.xlsx,2017,OZ408,4,S00900,Rest of the world adjustment,DetailedSpecialCommodity,,12,F06N00,Federal national defense: Gross investment in intellectual property products,FinalUse,F06N,0,blank
detail_use_final_2017,2017,detail,producer_use,IOUse_After_Redefinitions_PRO_Detail.xlsx,2017,PB408,4,S00900,Rest of the world adjustment,DetailedSpecialCommodity,,13,F07C00,Federal Government nondefense: Consumption expenditures,FinalUse,F07C,0,blank
detail_use_final_2017,2017,detail,producer_use,IOUse_After_Redefinitions_PRO_Detail.xlsx,2017,PE408,4,S00900,Rest of the world adjustment,DetailedSpecialCommodity,,14,F07S00,Federal nondefense: Gross investment in structures,FinalUse,F07S,0,blank
detail_use_final_2017,2017,detail,producer_use,IOUse_After_Redefinitions_PRO_Detail.xlsx,2017,PC408,4,S00900,Rest of the world adjustment,DetailedSpecialCommodity,,15,F07E00,Federal nondefense: Gross investment in equipment,FinalUse,F07E,0,blank
detail_use_final_2017,2017,detail,producer_use,IOUse_After_Redefinitions_PRO_Detail.xlsx,2017,PD408,4,S00900,Rest of the world adjustment,DetailedSpecialCommodity,,16,F07N00,Federal nondefense: Gross investment in intellectual property products,FinalUse,F07N,0,blank
detail_use_final_2017,2017,detail,producer_use,IOUse_After_Redefinitions_PRO_Detail.xlsx,2017,PF408,4,S00900,Rest of the world adjustment,DetailedSpecialCommodity,,17,F10C00,State and local government consumption expenditures,FinalUse,F10C,0,blank
detail_use_final_2017,2017,detail,producer_use,IOUse_After_Redefinitions_PRO_Detail.xlsx,2017,PI408,4,S00900,Rest of the world adjustment,DetailedSpecialCommodity,,18,F10S00,State and local: Gross investment in structures,FinalUse,F10S,0,blank
detail_use_final_2017,2017,detail,producer_use,IOUse_After_Redefinitions_PRO_Detail.xlsx,2017,PG408,4,S00900,Rest of the world adjustment,DetailedSpecialCommodity,,19,F10E00,State and local: Gross investment in equipment,FinalUse,F10E,0,blank
detail_use_final_2017,2017,detail,producer_use,IOUse_After_Redefinitions_PRO_Detail.xlsx,2017,PH408,4,S00900,Rest of the world adjustment,DetailedSpecialCommodity,,20,F10N00,State and local: Gross investment in intellectual property products,FinalUse,F10N,0,blank
detail_use_controls_2017,2017,detail,producer_use,IOUse_After_Redefinitions_PRO_Detail.xlsx,2017,OO405,1,S00401,Scrap,DetailedSpecialCommodity,,1,T001,Total Intermediate,Control,,30485,numeric
detail_use_controls_2017,2017,detail,producer_use,IOUse_After_Redefinitions_PRO_Detail.xlsx,2017,PJ405,1,S00401,Scrap,DetailedSpecialCommodity,,2,T004,Total Final Uses (GDP),Control,,-19722,numeric
detail_use_controls_2017,2017,detail,producer_use,IOUse_After_Redefinitions_PRO_Detail.xlsx,2017,PK405,1,S00401,Scrap,DetailedSpecialCommodity,,3,T007,Total Commodity Output,Control,,10763,numeric
detail_use_controls_2017,2017,detail,producer_use,IOUse_After_Redefinitions_PRO_Detail.xlsx,2017,OO406,2,S00402,Used and secondhand goods,DetailedSpecialCommodity,,1,T001,Total Intermediate,Control,,27562,numeric
detail_use_controls_2017,2017,detail,producer_use,IOUse_After_Redefinitions_PRO_Detail.xlsx,2017,PJ406,2,S00402,Used and secondhand goods,DetailedSpecialCommodity,,2,T004,Total Final Uses (GDP),Control,,-27562,numeric
detail_use_controls_2017,2017,detail,producer_use,IOUse_After_Redefinitions_PRO_Detail.xlsx,2017,PK406,2,S00402,Used and secondhand goods,DetailedSpecialCommodity,,3,T007,Total Commodity Output,Control,,0,blank
detail_use_controls_2017,2017,detail,producer_use,IOUse_After_Redefinitions_PRO_Detail.xlsx,2017,OO407,3,S00300,Noncomparable imports,DetailedSpecialCommodity,,1,T001,Total Intermediate,Control,,142489,numeric
detail_use_controls_2017,2017,detail,producer_use,IOUse_After_Redefinitions_PRO_Detail.xlsx,2017,PJ407,3,S00300,Noncomparable imports,DetailedSpecialCommodity,,2,T004,Total Final Uses (GDP),Control,,-142489,numeric
detail_use_controls_2017,2017,detail,producer_use,IOUse_After_Redefinitions_PRO_Detail.xlsx,2017,PK407,3,S00300,Noncomparable imports,DetailedSpecialCommodity,,3,T007,Total Commodity Output,Control,,0,blank
detail_use_controls_2017,2017,detail,producer_use,IOUse_After_Redefinitions_PRO_Detail.xlsx,2017,OO408,4,S00900,Rest of the world adjustment,DetailedSpecialCommodity,,1,T001,Total Intermediate,Control,,0,blank
detail_use_controls_2017,2017,detail,producer_use,IOUse_After_Redefinitions_PRO_Detail.xlsx,2017,PJ408,4,S00900,Rest of the world adjustment,DetailedSpecialCommodity,,2,T004,Total Final Uses (GDP),Control,,3468,numeric
detail_use_controls_2017,2017,detail,producer_use,IOUse_After_Redefinitions_PRO_Detail.xlsx,2017,PK408,4,S00900,Rest of the world adjustment,DetailedSpecialCommodity,,3,T007,Total Commodity Output,Control,,3468,numeric
summary_use_intermediate_2017,2017,summary,producer_use,IOUse_After_Redefinitions_PRO_Summary.xlsx,2017,C79,1,Used,"Scrap, used and secondhand goods",SummarySpecialCommodity,,1,111CA,Farms,Industry,111CA,-18,numeric
summary_use_intermediate_2017,2017,summary,producer_use,IOUse_After_Redefinitions_PRO_Summary.xlsx,2017,D79,1,Used,"Scrap, used and secondhand goods",SummarySpecialCommodity,,2,113FF,"Forestry, fishing, and related activities",Industry,113FF,125,numeric
summary_use_intermediate_2017,2017,summary,producer_use,IOUse_After_Redefinitions_PRO_Summary.xlsx,2017,E79,1,Used,"Scrap, used and secondhand goods",SummarySpecialCommodity,,3,211,Oil and gas extraction,Industry,211,0,ellipsis
summary_use_intermediate_2017,2017,summary,producer_use,IOUse_After_Redefinitions_PRO_Summary.xlsx,2017,F79,1,Used,"Scrap, used and secondhand goods",SummarySpecialCommodity,,4,212,"Mining, except oil and gas",Industry,212,0,ellipsis
summary_use_intermediate_2017,2017,summary,producer_use,IOUse_After_Redefinitions_PRO_Summary.xlsx,2017,G79,1,Used,"Scrap, used and secondhand goods",SummarySpecialCommodity,,5,213,Support activities for mining,Industry,213,1073,numeric
summary_use_intermediate_2017,2017,summary,producer_use,IOUse_After_Redefinitions_PRO_Summary.xlsx,2017,H79,1,Used,"Scrap, used and secondhand goods",SummarySpecialCommodity,,6,22,Utilities,Industry,22,5750,numeric
summary_use_intermediate_2017,2017,summary,producer_use,IOUse_After_Redefinitions_PRO_Summary.xlsx,2017,I79,1,Used,"Scrap, used and secondhand goods",SummarySpecialCommodity,,7,23,Construction,Industry,23,2662,numeric
summary_use_intermediate_2017,2017,summary,producer_use,IOUse_After_Redefinitions_PRO_Summary.xlsx,2017,J79,1,Used,"Scrap, used and secondhand goods",SummarySpecialCommodity,,8,321,Wood products,Industry,321,0,ellipsis
summary_use_intermediate_2017,2017,summary,producer_use,IOUse_After_Redefinitions_PRO_Summary.xlsx,2017,K79,1,Used,"Scrap, used and secondhand goods",SummarySpecialCommodity,,9,327,Nonmetallic mineral products,Industry,327,83,numeric
summary_use_intermediate_2017,2017,summary,producer_use,IOUse_After_Redefinitions_PRO_Summary.xlsx,2017,L79,1,Used,"Scrap, used and secondhand goods",SummarySpecialCommodity,,10,331,Primary metals,Industry,331,27625,numeric
summary_use_intermediate_2017,2017,summary,producer_use,IOUse_After_Redefinitions_PRO_Summary.xlsx,2017,M79,1,Used,"Scrap, used and secondhand goods",SummarySpecialCommodity,,11,332,Fabricated metal products,Industry,332,723,numeric
summary_use_intermediate_2017,2017,summary,producer_use,IOUse_After_Redefinitions_PRO_Summary.xlsx,2017,N79,1,Used,"Scrap, used and secondhand goods",SummarySpecialCommodity,,12,333,Machinery,Industry,333,9,numeric
summary_use_intermediate_2017,2017,summary,producer_use,IOUse_After_Redefinitions_PRO_Summary.xlsx,2017,O79,1,Used,"Scrap, used and secondhand goods",SummarySpecialCommodity,,13,334,Computer and electronic products,Industry,334,0,ellipsis
summary_use_intermediate_2017,2017,summary,producer_use,IOUse_After_Redefinitions_PRO_Summary.xlsx,2017,P79,1,Used,"Scrap, used and secondhand goods",SummarySpecialCommodity,,14,335,"Electrical equipment, appliances, and components",Industry,335,0,ellipsis
summary_use_intermediate_2017,2017,summary,producer_use,IOUse_After_Redefinitions_PRO_Summary.xlsx,2017,Q79,1,Used,"Scrap, used and secondhand goods",SummarySpecialCommodity,,15,3361MV,"Motor vehicles, bodies and trailers, and parts",Industry,3361MV,0,ellipsis
summary_use_intermediate_2017,2017,summary,producer_use,IOUse_After_Redefinitions_PRO_Summary.xlsx,2017,R79,1,Used,"Scrap, used and secondhand goods",SummarySpecialCommodity,,16,3364OT,Other transportation equipment,Industry,3364OT,0,ellipsis
summary_use_intermediate_2017,2017,summary,producer_use,IOUse_After_Redefinitions_PRO_Summary.xlsx,2017,S79,1,Used,"Scrap, used and secondhand goods",SummarySpecialCommodity,,17,337,Furniture and related products,Industry,337,0,ellipsis
summary_use_intermediate_2017,2017,summary,producer_use,IOUse_After_Redefinitions_PRO_Summary.xlsx,2017,T79,1,Used,"Scrap, used and secondhand goods",SummarySpecialCommodity,,18,339,Miscellaneous manufacturing,Industry,339,77,numeric
summary_use_intermediate_2017,2017,summary,producer_use,IOUse_After_Redefinitions_PRO_Summary.xlsx,2017,U79,1,Used,"Scrap, used and secondhand goods",SummarySpecialCommodity,,19,311FT,Food and beverage and tobacco products,Industry,311FT,1,numeric
summary_use_intermediate_2017,2017,summary,producer_use,IOUse_After_Redefinitions_PRO_Summary.xlsx,2017,V79,1,Used,"Scrap, used and secondhand goods",SummarySpecialCommodity,,20,313TT,Textile mills and textile product mills,Industry,313TT,17,numeric
summary_use_intermediate_2017,2017,summary,producer_use,IOUse_After_Redefinitions_PRO_Summary.xlsx,2017,W79,1,Used,"Scrap, used and secondhand goods",SummarySpecialCommodity,,21,315AL,Apparel and leather and allied products,Industry,315AL,0,ellipsis
summary_use_intermediate_2017,2017,summary,producer_use,IOUse_After_Redefinitions_PRO_Summary.xlsx,2017,X79,1,Used,"Scrap, used and secondhand goods",SummarySpecialCommodity,,22,322,Paper products,Industry,322,1943,numeric
summary_use_intermediate_2017,2017,summary,producer_use,IOUse_After_Redefinitions_PRO_Summary.xlsx,2017,Y79,1,Used,"Scrap, used and secondhand goods",SummarySpecialCommodity,,23,323,Printing and related support activities,Industry,323,0,ellipsis
summary_use_intermediate_2017,2017,summary,producer_use,IOUse_After_Redefinitions_PRO_Summary.xlsx,2017,Z79,1,Used,"Scrap, used and secondhand goods",SummarySpecialCommodity,,24,324,Petroleum and coal products,Industry,324,0,ellipsis
summary_use_intermediate_2017,2017,summary,producer_use,IOUse_After_Redefinitions_PRO_Summary.xlsx,2017,AA79,1,Used,"Scrap, used and secondhand goods",SummarySpecialCommodity,,25,325,Chemical products,Industry,325,38,numeric
summary_use_intermediate_2017,2017,summary,producer_use,IOUse_After_Redefinitions_PRO_Summary.xlsx,2017,AB79,1,Used,"Scrap, used and secondhand goods",SummarySpecialCommodity,,26,326,Plastics and rubber products,Industry,326,48,numeric
summary_use_intermediate_2017,2017,summary,producer_use,IOUse_After_Redefinitions_PRO_Summary.xlsx,2017,AC79,1,Used,"Scrap, used and secondhand goods",SummarySpecialCommodity,,27,42,Wholesale trade,Industry,42,0,ellipsis
summary_use_intermediate_2017,2017,summary,producer_use,IOUse_After_Redefinitions_PRO_Summary.xlsx,2017,AD79,1,Used,"Scrap, used and secondhand goods",SummarySpecialCommodity,,28,441,Motor vehicle and parts dealers,Industry,441,40,numeric
summary_use_intermediate_2017,2017,summary,producer_use,IOUse_After_Redefinitions_PRO_Summary.xlsx,2017,AE79,1,Used,"Scrap, used and secondhand goods",SummarySpecialCommodity,,29,445,Food and beverage stores,Industry,445,0,ellipsis
summary_use_intermediate_2017,2017,summary,producer_use,IOUse_After_Redefinitions_PRO_Summary.xlsx,2017,AF79,1,Used,"Scrap, used and secondhand goods",SummarySpecialCommodity,,30,452,General merchandise stores,Industry,452,0,ellipsis
summary_use_intermediate_2017,2017,summary,producer_use,IOUse_After_Redefinitions_PRO_Summary.xlsx,2017,AG79,1,Used,"Scrap, used and secondhand goods",SummarySpecialCommodity,,31,4A0,Other retail,Industry,4A0,226,numeric
summary_use_intermediate_2017,2017,summary,producer_use,IOUse_After_Redefinitions_PRO_Summary.xlsx,2017,AH79,1,Used,"Scrap, used and secondhand goods",SummarySpecialCommodity,,32,481,Air transportation,Industry,481,-303,numeric
summary_use_intermediate_2017,2017,summary,producer_use,IOUse_After_Redefinitions_PRO_Summary.xlsx,2017,AI79,1,Used,"Scrap, used and secondhand goods",SummarySpecialCommodity,,33,482,Rail transportation,Industry,482,0,ellipsis
summary_use_intermediate_2017,2017,summary,producer_use,IOUse_After_Redefinitions_PRO_Summary.xlsx,2017,AJ79,1,Used,"Scrap, used and secondhand goods",SummarySpecialCommodity,,34,483,Water transportation,Industry,483,-183,numeric
summary_use_intermediate_2017,2017,summary,producer_use,IOUse_After_Redefinitions_PRO_Summary.xlsx,2017,AK79,1,Used,"Scrap, used and secondhand goods",SummarySpecialCommodity,,35,484,Truck transportation,Industry,484,384,numeric
summary_use_intermediate_2017,2017,summary,producer_use,IOUse_After_Redefinitions_PRO_Summary.xlsx,2017,AL79,1,Used,"Scrap, used and secondhand goods",SummarySpecialCommodity,,36,485,Transit and ground passenger transportation,Industry,485,4,numeric
summary_use_intermediate_2017,2017,summary,producer_use,IOUse_After_Redefinitions_PRO_Summary.xlsx,2017,AM79,1,Used,"Scrap, used and secondhand goods",SummarySpecialCommodity,,37,486,Pipeline transportation,Industry,486,132,numeric
summary_use_intermediate_2017,2017,summary,producer_use,IOUse_After_Redefinitions_PRO_Summary.xlsx,2017,AN79,1,Used,"Scrap, used and secondhand goods",SummarySpecialCommodity,,38,487OS,Other transportation and support activities,Industry,487OS,5603,numeric
summary_use_intermediate_2017,2017,summary,producer_use,IOUse_After_Redefinitions_PRO_Summary.xlsx,2017,AO79,1,Used,"Scrap, used and secondhand goods",SummarySpecialCommodity,,39,493,Warehousing and storage,Industry,493,0,ellipsis
summary_use_intermediate_2017,2017,summary,producer_use,IOUse_After_Redefinitions_PRO_Summary.xlsx,2017,AP79,1,Used,"Scrap, used and secondhand goods",SummarySpecialCommodity,,40,511,"Publishing industries, except internet (includes software)",Industry,511,0,ellipsis
summary_use_intermediate_2017,2017,summary,producer_use,IOUse_After_Redefinitions_PRO_Summary.xlsx,2017,AQ79,1,Used,"Scrap, used and secondhand goods",SummarySpecialCommodity,,41,512,Motion picture and sound recording industries,Industry,512,101,numeric
summary_use_intermediate_2017,2017,summary,producer_use,IOUse_After_Redefinitions_PRO_Summary.xlsx,2017,AR79,1,Used,"Scrap, used and secondhand goods",SummarySpecialCommodity,,42,513,Broadcasting and telecommunications,Industry,513,1,numeric
summary_use_intermediate_2017,2017,summary,producer_use,IOUse_After_Redefinitions_PRO_Summary.xlsx,2017,AS79,1,Used,"Scrap, used and secondhand goods",SummarySpecialCommodity,,43,514,"Data processing, internet publishing, and other information services",Industry,514,0,ellipsis
summary_use_intermediate_2017,2017,summary,producer_use,IOUse_After_Redefinitions_PRO_Summary.xlsx,2017,AT79,1,Used,"Scrap, used and secondhand goods",SummarySpecialCommodity,,44,521CI,"Federal Reserve banks, credit intermediation, and related activities",Industry,521CI,0,ellipsis
summary_use_intermediate_2017,2017,summary,producer_use,IOUse_After_Redefinitions_PRO_Summary.xlsx,2017,AU79,1,Used,"Scrap, used and secondhand goods",SummarySpecialCommodity,,45,523,"Securities, commodity contracts, and investments",Industry,523,0,ellipsis
summary_use_intermediate_2017,2017,summary,producer_use,IOUse_After_Redefinitions_PRO_Summary.xlsx,2017,AV79,1,Used,"Scrap, used and secondhand goods",SummarySpecialCommodity,,46,524,Insurance carriers and related activities,Industry,524,0,ellipsis
summary_use_intermediate_2017,2017,summary,producer_use,IOUse_After_Redefinitions_PRO_Summary.xlsx,2017,AW79,1,Used,"Scrap, used and secondhand goods",SummarySpecialCommodity,,47,525,"Funds, trusts, and other financial vehicles",Industry,525,0,ellipsis
summary_use_intermediate_2017,2017,summary,producer_use,IOUse_After_Redefinitions_PRO_Summary.xlsx,2017,AX79,1,Used,"Scrap, used and secondhand goods",SummarySpecialCommodity,,48,HS,Housing,Industry,HS,0,ellipsis
summary_use_intermediate_2017,2017,summary,producer_use,IOUse_After_Redefinitions_PRO_Summary.xlsx,2017,AY79,1,Used,"Scrap, used and secondhand goods",SummarySpecialCommodity,,49,ORE,Other real estate,Industry,ORE,0,ellipsis
summary_use_intermediate_2017,2017,summary,producer_use,IOUse_After_Redefinitions_PRO_Summary.xlsx,2017,AZ79,1,Used,"Scrap, used and secondhand goods",SummarySpecialCommodity,,50,532RL,Rental and leasing services and lessors of intangible assets,Industry,532RL,8,numeric
summary_use_intermediate_2017,2017,summary,producer_use,IOUse_After_Redefinitions_PRO_Summary.xlsx,2017,BA79,1,Used,"Scrap, used and secondhand goods",SummarySpecialCommodity,,51,5411,Legal services,Industry,5411,0,ellipsis
summary_use_intermediate_2017,2017,summary,producer_use,IOUse_After_Redefinitions_PRO_Summary.xlsx,2017,BB79,1,Used,"Scrap, used and secondhand goods",SummarySpecialCommodity,,52,5415,Computer systems design and related services,Industry,5415,0,ellipsis
summary_use_intermediate_2017,2017,summary,producer_use,IOUse_After_Redefinitions_PRO_Summary.xlsx,2017,BC79,1,Used,"Scrap, used and secondhand goods",SummarySpecialCommodity,,53,5412OP,"Miscellaneous professional, scientific, and technical services",Industry,5412OP,0,ellipsis
summary_use_intermediate_2017,2017,summary,producer_use,IOUse_After_Redefinitions_PRO_Summary.xlsx,2017,BD79,1,Used,"Scrap, used and secondhand goods",SummarySpecialCommodity,,54,55,Management of companies and enterprises,Industry,55,375,numeric
summary_use_intermediate_2017,2017,summary,producer_use,IOUse_After_Redefinitions_PRO_Summary.xlsx,2017,BE79,1,Used,"Scrap, used and secondhand goods",SummarySpecialCommodity,,55,561,Administrative and support services,Industry,561,0,ellipsis
summary_use_intermediate_2017,2017,summary,producer_use,IOUse_After_Redefinitions_PRO_Summary.xlsx,2017,BF79,1,Used,"Scrap, used and secondhand goods",SummarySpecialCommodity,,56,562,Waste management and remediation services,Industry,562,0,ellipsis
summary_use_intermediate_2017,2017,summary,producer_use,IOUse_After_Redefinitions_PRO_Summary.xlsx,2017,BG79,1,Used,"Scrap, used and secondhand goods",SummarySpecialCommodity,,57,61,Educational services,Industry,61,819,numeric
summary_use_intermediate_2017,2017,summary,producer_use,IOUse_After_Redefinitions_PRO_Summary.xlsx,2017,BH79,1,Used,"Scrap, used and secondhand goods",SummarySpecialCommodity,,58,621,Ambulatory health care services,Industry,621,0,numeric
summary_use_intermediate_2017,2017,summary,producer_use,IOUse_After_Redefinitions_PRO_Summary.xlsx,2017,BI79,1,Used,"Scrap, used and secondhand goods",SummarySpecialCommodity,,59,622,Hospitals,Industry,622,0,ellipsis
summary_use_intermediate_2017,2017,summary,producer_use,IOUse_After_Redefinitions_PRO_Summary.xlsx,2017,BJ79,1,Used,"Scrap, used and secondhand goods",SummarySpecialCommodity,,60,623,Nursing and residential care facilities,Industry,623,0,ellipsis
summary_use_intermediate_2017,2017,summary,producer_use,IOUse_After_Redefinitions_PRO_Summary.xlsx,2017,BK79,1,Used,"Scrap, used and secondhand goods",SummarySpecialCommodity,,61,624,Social assistance,Industry,624,0,ellipsis
summary_use_intermediate_2017,2017,summary,producer_use,IOUse_After_Redefinitions_PRO_Summary.xlsx,2017,BL79,1,Used,"Scrap, used and secondhand goods",SummarySpecialCommodity,,62,711AS,"Performing arts, spectator sports, museums, and related activities",Industry,711AS,-133,numeric
summary_use_intermediate_2017,2017,summary,producer_use,IOUse_After_Redefinitions_PRO_Summary.xlsx,2017,BM79,1,Used,"Scrap, used and secondhand goods",SummarySpecialCommodity,,63,713,"Amusements, gambling, and recreation industries",Industry,713,580,numeric
summary_use_intermediate_2017,2017,summary,producer_use,IOUse_After_Redefinitions_PRO_Summary.xlsx,2017,BN79,1,Used,"Scrap, used and secondhand goods",SummarySpecialCommodity,,64,721,Accommodation,Industry,721,0,ellipsis
summary_use_intermediate_2017,2017,summary,producer_use,IOUse_After_Redefinitions_PRO_Summary.xlsx,2017,BO79,1,Used,"Scrap, used and secondhand goods",SummarySpecialCommodity,,65,722,Food services and drinking places,Industry,722,0,ellipsis
summary_use_intermediate_2017,2017,summary,producer_use,IOUse_After_Redefinitions_PRO_Summary.xlsx,2017,BP79,1,Used,"Scrap, used and secondhand goods",SummarySpecialCommodity,,66,81,"Other services, except government",Industry,81,10286,numeric
summary_use_intermediate_2017,2017,summary,producer_use,IOUse_After_Redefinitions_PRO_Summary.xlsx,2017,BQ79,1,Used,"Scrap, used and secondhand goods",SummarySpecialCommodity,,67,GFGD,Federal general government (defense),Industry,GFGD,-49,numeric
summary_use_intermediate_2017,2017,summary,producer_use,IOUse_After_Redefinitions_PRO_Summary.xlsx,2017,BR79,1,Used,"Scrap, used and secondhand goods",SummarySpecialCommodity,,68,GFGN,Federal general government (nondefense),Industry,GFGN,0,ellipsis
summary_use_intermediate_2017,2017,summary,producer_use,IOUse_After_Redefinitions_PRO_Summary.xlsx,2017,BS79,1,Used,"Scrap, used and secondhand goods",SummarySpecialCommodity,,69,GFE,Federal government enterprises,Industry,GFE,0,ellipsis
summary_use_intermediate_2017,2017,summary,producer_use,IOUse_After_Redefinitions_PRO_Summary.xlsx,2017,BT79,1,Used,"Scrap, used and secondhand goods",SummarySpecialCommodity,,70,GSLG,State and local general government,Industry,GSLG,0,ellipsis
summary_use_intermediate_2017,2017,summary,producer_use,IOUse_After_Redefinitions_PRO_Summary.xlsx,2017,BU79,1,Used,"Scrap, used and secondhand goods",SummarySpecialCommodity,,71,GSLE,State and local government enterprises,Industry,GSLE,0,ellipsis
summary_use_intermediate_2017,2017,summary,producer_use,IOUse_After_Redefinitions_PRO_Summary.xlsx,2017,C80,2,Other,Noncomparable imports and rest-of-the-world adjustment [1],SummarySpecialCommodity,,1,111CA,Farms,Industry,111CA,1086,numeric
summary_use_intermediate_2017,2017,summary,producer_use,IOUse_After_Redefinitions_PRO_Summary.xlsx,2017,D80,2,Other,Noncomparable imports and rest-of-the-world adjustment [1],SummarySpecialCommodity,,2,113FF,"Forestry, fishing, and related activities",Industry,113FF,48,numeric
summary_use_intermediate_2017,2017,summary,producer_use,IOUse_After_Redefinitions_PRO_Summary.xlsx,2017,E80,2,Other,Noncomparable imports and rest-of-the-world adjustment [1],SummarySpecialCommodity,,3,211,Oil and gas extraction,Industry,211,512,numeric
summary_use_intermediate_2017,2017,summary,producer_use,IOUse_After_Redefinitions_PRO_Summary.xlsx,2017,F80,2,Other,Noncomparable imports and rest-of-the-world adjustment [1],SummarySpecialCommodity,,4,212,"Mining, except oil and gas",Industry,212,18,numeric
summary_use_intermediate_2017,2017,summary,producer_use,IOUse_After_Redefinitions_PRO_Summary.xlsx,2017,G80,2,Other,Noncomparable imports and rest-of-the-world adjustment [1],SummarySpecialCommodity,,5,213,Support activities for mining,Industry,213,417,numeric
summary_use_intermediate_2017,2017,summary,producer_use,IOUse_After_Redefinitions_PRO_Summary.xlsx,2017,H80,2,Other,Noncomparable imports and rest-of-the-world adjustment [1],SummarySpecialCommodity,,6,22,Utilities,Industry,22,1900,numeric
summary_use_intermediate_2017,2017,summary,producer_use,IOUse_After_Redefinitions_PRO_Summary.xlsx,2017,I80,2,Other,Noncomparable imports and rest-of-the-world adjustment [1],SummarySpecialCommodity,,7,23,Construction,Industry,23,1780,numeric
summary_use_intermediate_2017,2017,summary,producer_use,IOUse_After_Redefinitions_PRO_Summary.xlsx,2017,J80,2,Other,Noncomparable imports and rest-of-the-world adjustment [1],SummarySpecialCommodity,,8,321,Wood products,Industry,321,192,numeric
summary_use_intermediate_2017,2017,summary,producer_use,IOUse_After_Redefinitions_PRO_Summary.xlsx,2017,K80,2,Other,Noncomparable imports and rest-of-the-world adjustment [1],SummarySpecialCommodity,,9,327,Nonmetallic mineral products,Industry,327,268,numeric
summary_use_intermediate_2017,2017,summary,producer_use,IOUse_After_Redefinitions_PRO_Summary.xlsx,2017,L80,2,Other,Noncomparable imports and rest-of-the-world adjustment [1],SummarySpecialCommodity,,10,331,Primary metals,Industry,331,642,numeric
summary_use_intermediate_2017,2017,summary,producer_use,IOUse_After_Redefinitions_PRO_Summary.xlsx,2017,M80,2,Other,Noncomparable imports and rest-of-the-world adjustment [1],SummarySpecialCommodity,,11,332,Fabricated metal products,Industry,332,771,numeric
summary_use_intermediate_2017,2017,summary,producer_use,IOUse_After_Redefinitions_PRO_Summary.xlsx,2017,N80,2,Other,Noncomparable imports and rest-of-the-world adjustment [1],SummarySpecialCommodity,,12,333,Machinery,Industry,333,1582,numeric
summary_use_intermediate_2017,2017,summary,producer_use,IOUse_After_Redefinitions_PRO_Summary.xlsx,2017,O80,2,Other,Noncomparable imports and rest-of-the-world adjustment [1],SummarySpecialCommodity,,13,334,Computer and electronic products,Industry,334,1531,numeric
summary_use_intermediate_2017,2017,summary,producer_use,IOUse_After_Redefinitions_PRO_Summary.xlsx,2017,P80,2,Other,Noncomparable imports and rest-of-the-world adjustment [1],SummarySpecialCommodity,,14,335,"Electrical equipment, appliances, and components",Industry,335,369,numeric
summary_use_intermediate_2017,2017,summary,producer_use,IOUse_After_Redefinitions_PRO_Summary.xlsx,2017,Q80,2,Other,Noncomparable imports and rest-of-the-world adjustment [1],SummarySpecialCommodity,,15,3361MV,"Motor vehicles, bodies and trailers, and parts",Industry,3361MV,1464,numeric
summary_use_intermediate_2017,2017,summary,producer_use,IOUse_After_Redefinitions_PRO_Summary.xlsx,2017,R80,2,Other,Noncomparable imports and rest-of-the-world adjustment [1],SummarySpecialCommodity,,16,3364OT,Other transportation equipment,Industry,3364OT,1124,numeric
summary_use_intermediate_2017,2017,summary,producer_use,IOUse_After_Redefinitions_PRO_Summary.xlsx,2017,S80,2,Other,Noncomparable imports and rest-of-the-world adjustment [1],SummarySpecialCommodity,,17,337,Furniture and related products,Industry,337,172,numeric
summary_use_intermediate_2017,2017,summary,producer_use,IOUse_After_Redefinitions_PRO_Summary.xlsx,2017,T80,2,Other,Noncomparable imports and rest-of-the-world adjustment [1],SummarySpecialCommodity,,18,339,Miscellaneous manufacturing,Industry,339,554,numeric
summary_use_intermediate_2017,2017,summary,producer_use,IOUse_After_Redefinitions_PRO_Summary.xlsx,2017,U80,2,Other,Noncomparable imports and rest-of-the-world adjustment [1],SummarySpecialCommodity,,19,311FT,Food and beverage and tobacco products,Industry,311FT,2150,numeric
summary_use_intermediate_2017,2017,summary,producer_use,IOUse_After_Redefinitions_PRO_Summary.xlsx,2017,V80,2,Other,Noncomparable imports and rest-of-the-world adjustment [1],SummarySpecialCommodity,,20,313TT,Textile mills and textile product mills,Industry,313TT,106,numeric
summary_use_intermediate_2017,2017,summary,producer_use,IOUse_After_Redefinitions_PRO_Summary.xlsx,2017,W80,2,Other,Noncomparable imports and rest-of-the-world adjustment [1],SummarySpecialCommodity,,21,315AL,Apparel and leather and allied products,Industry,315AL,15,numeric
summary_use_intermediate_2017,2017,summary,producer_use,IOUse_After_Redefinitions_PRO_Summary.xlsx,2017,X80,2,Other,Noncomparable imports and rest-of-the-world adjustment [1],SummarySpecialCommodity,,22,322,Paper products,Industry,322,611,numeric
summary_use_intermediate_2017,2017,summary,producer_use,IOUse_After_Redefinitions_PRO_Summary.xlsx,2017,Y80,2,Other,Noncomparable imports and rest-of-the-world adjustment [1],SummarySpecialCommodity,,23,323,Printing and related support activities,Industry,323,302,numeric
summary_use_intermediate_2017,2017,summary,producer_use,IOUse_After_Redefinitions_PRO_Summary.xlsx,2017,Z80,2,Other,Noncomparable imports and rest-of-the-world adjustment [1],SummarySpecialCommodity,,24,324,Petroleum and coal products,Industry,324,5681,numeric
summary_use_intermediate_2017,2017,summary,producer_use,IOUse_After_Redefinitions_PRO_Summary.xlsx,2017,AA80,2,Other,Noncomparable imports and rest-of-the-world adjustment [1],SummarySpecialCommodity,,25,325,Chemical products,Industry,325,2560,numeric
summary_use_intermediate_2017,2017,summary,producer_use,IOUse_After_Redefinitions_PRO_Summary.xlsx,2017,AB80,2,Other,Noncomparable imports and rest-of-the-world adjustment [1],SummarySpecialCommodity,,26,326,Plastics and rubber products,Industry,326,726,numeric
summary_use_intermediate_2017,2017,summary,producer_use,IOUse_After_Redefinitions_PRO_Summary.xlsx,2017,AC80,2,Other,Noncomparable imports and rest-of-the-world adjustment [1],SummarySpecialCommodity,,27,42,Wholesale trade,Industry,42,8244,numeric
summary_use_intermediate_2017,2017,summary,producer_use,IOUse_After_Redefinitions_PRO_Summary.xlsx,2017,AD80,2,Other,Noncomparable imports and rest-of-the-world adjustment [1],SummarySpecialCommodity,,28,441,Motor vehicle and parts dealers,Industry,441,120,numeric
summary_use_intermediate_2017,2017,summary,producer_use,IOUse_After_Redefinitions_PRO_Summary.xlsx,2017,AE80,2,Other,Noncomparable imports and rest-of-the-world adjustment [1],SummarySpecialCommodity,,29,445,Food and beverage stores,Industry,445,512,numeric
summary_use_intermediate_2017,2017,summary,producer_use,IOUse_After_Redefinitions_PRO_Summary.xlsx,2017,AF80,2,Other,Noncomparable imports and rest-of-the-world adjustment [1],SummarySpecialCommodity,,30,452,General merchandise stores,Industry,452,1016,numeric
summary_use_intermediate_2017,2017,summary,producer_use,IOUse_After_Redefinitions_PRO_Summary.xlsx,2017,AG80,2,Other,Noncomparable imports and rest-of-the-world adjustment [1],SummarySpecialCommodity,,31,4A0,Other retail,Industry,4A0,3308,numeric
summary_use_intermediate_2017,2017,summary,producer_use,IOUse_After_Redefinitions_PRO_Summary.xlsx,2017,AH80,2,Other,Noncomparable imports and rest-of-the-world adjustment [1],SummarySpecialCommodity,,32,481,Air transportation,Industry,481,15226,numeric
summary_use_intermediate_2017,2017,summary,producer_use,IOUse_After_Redefinitions_PRO_Summary.xlsx,2017,AI80,2,Other,Noncomparable imports and rest-of-the-world adjustment [1],SummarySpecialCommodity,,33,482,Rail transportation,Industry,482,138,numeric
summary_use_intermediate_2017,2017,summary,producer_use,IOUse_After_Redefinitions_PRO_Summary.xlsx,2017,AJ80,2,Other,Noncomparable imports and rest-of-the-world adjustment [1],SummarySpecialCommodity,,34,483,Water transportation,Industry,483,1681,numeric
summary_use_intermediate_2017,2017,summary,producer_use,IOUse_After_Redefinitions_PRO_Summary.xlsx,2017,AK80,2,Other,Noncomparable imports and rest-of-the-world adjustment [1],SummarySpecialCommodity,,35,484,Truck transportation,Industry,484,947,numeric
summary_use_intermediate_2017,2017,summary,producer_use,IOUse_After_Redefinitions_PRO_Summary.xlsx,2017,AL80,2,Other,Noncomparable imports and rest-of-the-world adjustment [1],SummarySpecialCommodity,,36,485,Transit and ground passenger transportation,Industry,485,15,numeric
summary_use_intermediate_2017,2017,summary,producer_use,IOUse_After_Redefinitions_PRO_Summary.xlsx,2017,AM80,2,Other,Noncomparable imports and rest-of-the-world adjustment [1],SummarySpecialCommodity,,37,486,Pipeline transportation,Industry,486,47,numeric
summary_use_intermediate_2017,2017,summary,producer_use,IOUse_After_Redefinitions_PRO_Summary.xlsx,2017,AN80,2,Other,Noncomparable imports and rest-of-the-world adjustment [1],SummarySpecialCommodity,,38,487OS,Other transportation and support activities,Industry,487OS,548,numeric
summary_use_intermediate_2017,2017,summary,producer_use,IOUse_After_Redefinitions_PRO_Summary.xlsx,2017,AO80,2,Other,Noncomparable imports and rest-of-the-world adjustment [1],SummarySpecialCommodity,,39,493,Warehousing and storage,Industry,493,108,numeric
summary_use_intermediate_2017,2017,summary,producer_use,IOUse_After_Redefinitions_PRO_Summary.xlsx,2017,AP80,2,Other,Noncomparable imports and rest-of-the-world adjustment [1],SummarySpecialCommodity,,40,511,"Publishing industries, except internet (includes software)",Industry,511,893,numeric
summary_use_intermediate_2017,2017,summary,producer_use,IOUse_After_Redefinitions_PRO_Summary.xlsx,2017,AQ80,2,Other,Noncomparable imports and rest-of-the-world adjustment [1],SummarySpecialCommodity,,41,512,Motion picture and sound recording industries,Industry,512,318,numeric
summary_use_intermediate_2017,2017,summary,producer_use,IOUse_After_Redefinitions_PRO_Summary.xlsx,2017,AR80,2,Other,Noncomparable imports and rest-of-the-world adjustment [1],SummarySpecialCommodity,,42,513,Broadcasting and telecommunications,Industry,513,7407,numeric
summary_use_intermediate_2017,2017,summary,producer_use,IOUse_After_Redefinitions_PRO_Summary.xlsx,2017,AS80,2,Other,Noncomparable imports and rest-of-the-world adjustment [1],SummarySpecialCommodity,,43,514,"Data processing, internet publishing, and other information services",Industry,514,776,numeric
summary_use_intermediate_2017,2017,summary,producer_use,IOUse_After_Redefinitions_PRO_Summary.xlsx,2017,AT80,2,Other,Noncomparable imports and rest-of-the-world adjustment [1],SummarySpecialCommodity,,44,521CI,"Federal Reserve banks, credit intermediation, and related activities",Industry,521CI,4292,numeric
summary_use_intermediate_2017,2017,summary,producer_use,IOUse_After_Redefinitions_PRO_Summary.xlsx,2017,AU80,2,Other,Noncomparable imports and rest-of-the-world adjustment [1],SummarySpecialCommodity,,45,523,"Securities, commodity contracts, and investments",Industry,523,32829,numeric
summary_use_intermediate_2017,2017,summary,producer_use,IOUse_After_Redefinitions_PRO_Summary.xlsx,2017,AV80,2,Other,Noncomparable imports and rest-of-the-world adjustment [1],SummarySpecialCommodity,,46,524,Insurance carriers and related activities,Industry,524,1378,numeric
summary_use_intermediate_2017,2017,summary,producer_use,IOUse_After_Redefinitions_PRO_Summary.xlsx,2017,AW80,2,Other,Noncomparable imports and rest-of-the-world adjustment [1],SummarySpecialCommodity,,47,525,"Funds, trusts, and other financial vehicles",Industry,525,249,numeric
summary_use_intermediate_2017,2017,summary,producer_use,IOUse_After_Redefinitions_PRO_Summary.xlsx,2017,AX80,2,Other,Noncomparable imports and rest-of-the-world adjustment [1],SummarySpecialCommodity,,48,HS,Housing,Industry,HS,98,numeric
summary_use_intermediate_2017,2017,summary,producer_use,IOUse_After_Redefinitions_PRO_Summary.xlsx,2017,AY80,2,Other,Noncomparable imports and rest-of-the-world adjustment [1],SummarySpecialCommodity,,49,ORE,Other real estate,Industry,ORE,1316,numeric
summary_use_intermediate_2017,2017,summary,producer_use,IOUse_After_Redefinitions_PRO_Summary.xlsx,2017,AZ80,2,Other,Noncomparable imports and rest-of-the-world adjustment [1],SummarySpecialCommodity,,50,532RL,Rental and leasing services and lessors of intangible assets,Industry,532RL,1555,numeric
summary_use_intermediate_2017,2017,summary,producer_use,IOUse_After_Redefinitions_PRO_Summary.xlsx,2017,BA80,2,Other,Noncomparable imports and rest-of-the-world adjustment [1],SummarySpecialCommodity,,51,5411,Legal services,Industry,5411,278,numeric
summary_use_intermediate_2017,2017,summary,producer_use,IOUse_After_Redefinitions_PRO_Summary.xlsx,2017,BB80,2,Other,Noncomparable imports and rest-of-the-world adjustment [1],SummarySpecialCommodity,,52,5415,Computer systems design and related services,Industry,5415,2534,numeric
summary_use_intermediate_2017,2017,summary,producer_use,IOUse_After_Redefinitions_PRO_Summary.xlsx,2017,BC80,2,Other,Noncomparable imports and rest-of-the-world adjustment [1],SummarySpecialCommodity,,53,5412OP,"Miscellaneous professional, scientific, and technical services",Industry,5412OP,3262,numeric
summary_use_intermediate_2017,2017,summary,producer_use,IOUse_After_Redefinitions_PRO_Summary.xlsx,2017,BD80,2,Other,Noncomparable imports and rest-of-the-world adjustment [1],SummarySpecialCommodity,,54,55,Management of companies and enterprises,Industry,55,2114,numeric
summary_use_intermediate_2017,2017,summary,producer_use,IOUse_After_Redefinitions_PRO_Summary.xlsx,2017,BE80,2,Other,Noncomparable imports and rest-of-the-world adjustment [1],SummarySpecialCommodity,,55,561,Administrative and support services,Industry,561,1392,numeric
summary_use_intermediate_2017,2017,summary,producer_use,IOUse_After_Redefinitions_PRO_Summary.xlsx,2017,BF80,2,Other,Noncomparable imports and rest-of-the-world adjustment [1],SummarySpecialCommodity,,56,562,Waste management and remediation services,Industry,562,108,numeric
summary_use_intermediate_2017,2017,summary,producer_use,IOUse_After_Redefinitions_PRO_Summary.xlsx,2017,BG80,2,Other,Noncomparable imports and rest-of-the-world adjustment [1],SummarySpecialCommodity,,57,61,Educational services,Industry,61,535,numeric
summary_use_intermediate_2017,2017,summary,producer_use,IOUse_After_Redefinitions_PRO_Summary.xlsx,2017,BH80,2,Other,Noncomparable imports and rest-of-the-world adjustment [1],SummarySpecialCommodity,,58,621,Ambulatory health care services,Industry,621,0,ellipsis
summary_use_intermediate_2017,2017,summary,producer_use,IOUse_After_Redefinitions_PRO_Summary.xlsx,2017,BI80,2,Other,Noncomparable imports and rest-of-the-world adjustment [1],SummarySpecialCommodity,,59,622,Hospitals,Industry,622,0,ellipsis
summary_use_intermediate_2017,2017,summary,producer_use,IOUse_After_Redefinitions_PRO_Summary.xlsx,2017,BJ80,2,Other,Noncomparable imports and rest-of-the-world adjustment [1],SummarySpecialCommodity,,60,623,Nursing and residential care facilities,Industry,623,294,numeric
summary_use_intermediate_2017,2017,summary,producer_use,IOUse_After_Redefinitions_PRO_Summary.xlsx,2017,BK80,2,Other,Noncomparable imports and rest-of-the-world adjustment [1],SummarySpecialCommodity,,61,624,Social assistance,Industry,624,0,ellipsis
summary_use_intermediate_2017,2017,summary,producer_use,IOUse_After_Redefinitions_PRO_Summary.xlsx,2017,BL80,2,Other,Noncomparable imports and rest-of-the-world adjustment [1],SummarySpecialCommodity,,62,711AS,"Performing arts, spectator sports, museums, and related activities",Industry,711AS,342,numeric
summary_use_intermediate_2017,2017,summary,producer_use,IOUse_After_Redefinitions_PRO_Summary.xlsx,2017,BM80,2,Other,Noncomparable imports and rest-of-the-world adjustment [1],SummarySpecialCommodity,,63,713,"Amusements, gambling, and recreation industries",Industry,713,234,numeric
summary_use_intermediate_2017,2017,summary,producer_use,IOUse_After_Redefinitions_PRO_Summary.xlsx,2017,BN80,2,Other,Noncomparable imports and rest-of-the-world adjustment [1],SummarySpecialCommodity,,64,721,Accommodation,Industry,721,666,numeric
summary_use_intermediate_2017,2017,summary,producer_use,IOUse_After_Redefinitions_PRO_Summary.xlsx,2017,BO80,2,Other,Noncomparable imports and rest-of-the-world adjustment [1],SummarySpecialCommodity,,65,722,Food services and drinking places,Industry,722,1942,numeric
summary_use_intermediate_2017,2017,summary,producer_use,IOUse_After_Redefinitions_PRO_Summary.xlsx,2017,BP80,2,Other,Noncomparable imports and rest-of-the-world adjustment [1],SummarySpecialCommodity,,66,81,"Other services, except government",Industry,81,4627,numeric
summary_use_intermediate_2017,2017,summary,producer_use,IOUse_After_Redefinitions_PRO_Summary.xlsx,2017,BQ80,2,Other,Noncomparable imports and rest-of-the-world adjustment [1],SummarySpecialCommodity,,67,GFGD,Federal general government (defense),Industry,GFGD,11756,numeric
summary_use_intermediate_2017,2017,summary,producer_use,IOUse_After_Redefinitions_PRO_Summary.xlsx,2017,BR80,2,Other,Noncomparable imports and rest-of-the-world adjustment [1],SummarySpecialCommodity,,68,GFGN,Federal general government (nondefense),Industry,GFGN,2797,numeric
summary_use_intermediate_2017,2017,summary,producer_use,IOUse_After_Redefinitions_PRO_Summary.xlsx,2017,BS80,2,Other,Noncomparable imports and rest-of-the-world adjustment [1],SummarySpecialCommodity,,69,GFE,Federal government enterprises,Industry,GFE,8,numeric
summary_use_intermediate_2017,2017,summary,producer_use,IOUse_After_Redefinitions_PRO_Summary.xlsx,2017,BT80,2,Other,Noncomparable imports and rest-of-the-world adjustment [1],SummarySpecialCommodity,,70,GSLG,State and local general government,Industry,GSLG,0,ellipsis
summary_use_intermediate_2017,2017,summary,producer_use,IOUse_After_Redefinitions_PRO_Summary.xlsx,2017,BU80,2,Other,Noncomparable imports and rest-of-the-world adjustment [1],SummarySpecialCommodity,,71,GSLE,State and local government enterprises,Industry,GSLE,0,ellipsis
summary_use_final_2017,2017,summary,producer_use,IOUse_After_Redefinitions_PRO_Summary.xlsx,2017,BW79,1,Used,"Scrap, used and secondhand goods",SummarySpecialCommodity,,1,F010,Personal consumption expenditures,FinalUse,F010,81328,numeric
summary_use_final_2017,2017,summary,producer_use,IOUse_After_Redefinitions_PRO_Summary.xlsx,2017,BX79,1,Used,"Scrap, used and secondhand goods",SummarySpecialCommodity,,2,F02S,Nonresidential private fixed investment in structures,FinalUse,F02S,-2586,numeric
summary_use_final_2017,2017,summary,producer_use,IOUse_After_Redefinitions_PRO_Summary.xlsx,2017,BY79,1,Used,"Scrap, used and secondhand goods",SummarySpecialCommodity,,3,F02E,Nonresidential private fixed investment in equipment,FinalUse,F02E,-125163,numeric
summary_use_final_2017,2017,summary,producer_use,IOUse_After_Redefinitions_PRO_Summary.xlsx,2017,BZ79,1,Used,"Scrap, used and secondhand goods",SummarySpecialCommodity,,4,F02N,Nonresidential private fixed investment in intellectual property products,FinalUse,F02N,0,ellipsis
summary_use_final_2017,2017,summary,producer_use,IOUse_After_Redefinitions_PRO_Summary.xlsx,2017,CA79,1,Used,"Scrap, used and secondhand goods",SummarySpecialCommodity,,5,F02R,Residential private fixed investment,FinalUse,F02R,1361,numeric
summary_use_final_2017,2017,summary,producer_use,IOUse_After_Redefinitions_PRO_Summary.xlsx,2017,CB79,1,Used,"Scrap, used and secondhand goods",SummarySpecialCommodity,,6,F030,Change in private inventories,FinalUse,F030,4199,numeric
summary_use_final_2017,2017,summary,producer_use,IOUse_After_Redefinitions_PRO_Summary.xlsx,2017,CC79,1,Used,"Scrap, used and secondhand goods",SummarySpecialCommodity,,7,F040,Exports of goods and services,FinalUse,F040,20932,numeric
summary_use_final_2017,2017,summary,producer_use,IOUse_After_Redefinitions_PRO_Summary.xlsx,2017,CD79,1,Used,"Scrap, used and secondhand goods",SummarySpecialCommodity,,8,F050,Imports of goods and services,FinalUse,F050,-14075,numeric
summary_use_final_2017,2017,summary,producer_use,IOUse_After_Redefinitions_PRO_Summary.xlsx,2017,CE79,1,Used,"Scrap, used and secondhand goods",SummarySpecialCommodity,,9,F06C,Federal national defense: Consumption expenditures,FinalUse,F06C,0,ellipsis
summary_use_final_2017,2017,summary,producer_use,IOUse_After_Redefinitions_PRO_Summary.xlsx,2017,CF79,1,Used,"Scrap, used and secondhand goods",SummarySpecialCommodity,,10,F06S,Federal national defense: Gross investment in structures,FinalUse,F06S,-4,numeric
summary_use_final_2017,2017,summary,producer_use,IOUse_After_Redefinitions_PRO_Summary.xlsx,2017,CG79,1,Used,"Scrap, used and secondhand goods",SummarySpecialCommodity,,11,F06E,Federal national defense: Gross investment in equipment,FinalUse,F06E,0,numeric
summary_use_final_2017,2017,summary,producer_use,IOUse_After_Redefinitions_PRO_Summary.xlsx,2017,CH79,1,Used,"Scrap, used and secondhand goods",SummarySpecialCommodity,,12,F06N,Federal national defense: Gross investment in intellectual property products,FinalUse,F06N,0,ellipsis
summary_use_final_2017,2017,summary,producer_use,IOUse_After_Redefinitions_PRO_Summary.xlsx,2017,CI79,1,Used,"Scrap, used and secondhand goods",SummarySpecialCommodity,,13,F07C,Federal national nondefense: Consumption expenditures,FinalUse,F07C,0,ellipsis
summary_use_final_2017,2017,summary,producer_use,IOUse_After_Redefinitions_PRO_Summary.xlsx,2017,CJ79,1,Used,"Scrap, used and secondhand goods",SummarySpecialCommodity,,14,F07S,Federal national nondefense: Gross investment in structures,FinalUse,F07S,-2683,numeric
summary_use_final_2017,2017,summary,producer_use,IOUse_After_Redefinitions_PRO_Summary.xlsx,2017,CK79,1,Used,"Scrap, used and secondhand goods",SummarySpecialCommodity,,15,F07E,Federal national nondefense: Gross investment in equipment,FinalUse,F07E,-4,numeric
summary_use_final_2017,2017,summary,producer_use,IOUse_After_Redefinitions_PRO_Summary.xlsx,2017,CL79,1,Used,"Scrap, used and secondhand goods",SummarySpecialCommodity,,16,F07N,Federal national nondefense: Gross investment in intellectual property products,FinalUse,F07N,0,ellipsis
summary_use_final_2017,2017,summary,producer_use,IOUse_After_Redefinitions_PRO_Summary.xlsx,2017,CM79,1,Used,"Scrap, used and secondhand goods",SummarySpecialCommodity,,17,F10C,State and local: Consumption expenditures,FinalUse,F10C,0,ellipsis
summary_use_final_2017,2017,summary,producer_use,IOUse_After_Redefinitions_PRO_Summary.xlsx,2017,CN79,1,Used,"Scrap, used and secondhand goods",SummarySpecialCommodity,,18,F10S,State and local: Gross investment in structures,FinalUse,F10S,3909,numeric
summary_use_final_2017,2017,summary,producer_use,IOUse_After_Redefinitions_PRO_Summary.xlsx,2017,CO79,1,Used,"Scrap, used and secondhand goods",SummarySpecialCommodity,,19,F10E,State and local: Gross investment in equipment,FinalUse,F10E,-14497,numeric
summary_use_final_2017,2017,summary,producer_use,IOUse_After_Redefinitions_PRO_Summary.xlsx,2017,CP79,1,Used,"Scrap, used and secondhand goods",SummarySpecialCommodity,,20,F10N,State and local: Gross investment in intellectual property products,FinalUse,F10N,0,ellipsis
summary_use_final_2017,2017,summary,producer_use,IOUse_After_Redefinitions_PRO_Summary.xlsx,2017,BW80,2,Other,Noncomparable imports and rest-of-the-world adjustment [1],SummarySpecialCommodity,,1,F010,Personal consumption expenditures,FinalUse,F010,-90776,numeric
summary_use_final_2017,2017,summary,producer_use,IOUse_After_Redefinitions_PRO_Summary.xlsx,2017,BX80,2,Other,Noncomparable imports and rest-of-the-world adjustment [1],SummarySpecialCommodity,,2,F02S,Nonresidential private fixed investment in structures,FinalUse,F02S,0,ellipsis
summary_use_final_2017,2017,summary,producer_use,IOUse_After_Redefinitions_PRO_Summary.xlsx,2017,BY80,2,Other,Noncomparable imports and rest-of-the-world adjustment [1],SummarySpecialCommodity,,3,F02E,Nonresidential private fixed investment in equipment,FinalUse,F02E,0,ellipsis
summary_use_final_2017,2017,summary,producer_use,IOUse_After_Redefinitions_PRO_Summary.xlsx,2017,BZ80,2,Other,Noncomparable imports and rest-of-the-world adjustment [1],SummarySpecialCommodity,,4,F02N,Nonresidential private fixed investment in intellectual property products,FinalUse,F02N,7711,numeric
summary_use_final_2017,2017,summary,producer_use,IOUse_After_Redefinitions_PRO_Summary.xlsx,2017,CA80,2,Other,Noncomparable imports and rest-of-the-world adjustment [1],SummarySpecialCommodity,,5,F02R,Residential private fixed investment,FinalUse,F02R,0,ellipsis
summary_use_final_2017,2017,summary,producer_use,IOUse_After_Redefinitions_PRO_Summary.xlsx,2017,CB80,2,Other,Noncomparable imports and rest-of-the-world adjustment [1],SummarySpecialCommodity,,6,F030,Change in private inventories,FinalUse,F030,0,ellipsis
summary_use_final_2017,2017,summary,producer_use,IOUse_After_Redefinitions_PRO_Summary.xlsx,2017,CC80,2,Other,Noncomparable imports and rest-of-the-world adjustment [1],SummarySpecialCommodity,,7,F040,Exports of goods and services,FinalUse,F040,204439,numeric
summary_use_final_2017,2017,summary,producer_use,IOUse_After_Redefinitions_PRO_Summary.xlsx,2017,CD80,2,Other,Noncomparable imports and rest-of-the-world adjustment [1],SummarySpecialCommodity,,8,F050,Imports of goods and services,FinalUse,F050,-260394,numeric
summary_use_final_2017,2017,summary,producer_use,IOUse_After_Redefinitions_PRO_Summary.xlsx,2017,CE80,2,Other,Noncomparable imports and rest-of-the-world adjustment [1],SummarySpecialCommodity,,9,F06C,Federal national defense: Consumption expenditures,FinalUse,F06C,0,ellipsis
summary_use_final_2017,2017,summary,producer_use,IOUse_After_Redefinitions_PRO_Summary.xlsx,2017,CF80,2,Other,Noncomparable imports and rest-of-the-world adjustment [1],SummarySpecialCommodity,,10,F06S,Federal national defense: Gross investment in structures,FinalUse,F06S,0,ellipsis
summary_use_final_2017,2017,summary,producer_use,IOUse_After_Redefinitions_PRO_Summary.xlsx,2017,CG80,2,Other,Noncomparable imports and rest-of-the-world adjustment [1],SummarySpecialCommodity,,11,F06E,Federal national defense: Gross investment in equipment,FinalUse,F06E,0,ellipsis
summary_use_final_2017,2017,summary,producer_use,IOUse_After_Redefinitions_PRO_Summary.xlsx,2017,CH80,2,Other,Noncomparable imports and rest-of-the-world adjustment [1],SummarySpecialCommodity,,12,F06N,Federal national defense: Gross investment in intellectual property products,FinalUse,F06N,0,ellipsis
summary_use_final_2017,2017,summary,producer_use,IOUse_After_Redefinitions_PRO_Summary.xlsx,2017,CI80,2,Other,Noncomparable imports and rest-of-the-world adjustment [1],SummarySpecialCommodity,,13,F07C,Federal national nondefense: Consumption expenditures,FinalUse,F07C,0,ellipsis
summary_use_final_2017,2017,summary,producer_use,IOUse_After_Redefinitions_PRO_Summary.xlsx,2017,CJ80,2,Other,Noncomparable imports and rest-of-the-world adjustment [1],SummarySpecialCommodity,,14,F07S,Federal national nondefense: Gross investment in structures,FinalUse,F07S,0,ellipsis
summary_use_final_2017,2017,summary,producer_use,IOUse_After_Redefinitions_PRO_Summary.xlsx,2017,CK80,2,Other,Noncomparable imports and rest-of-the-world adjustment [1],SummarySpecialCommodity,,15,F07E,Federal national nondefense: Gross investment in equipment,FinalUse,F07E,0,ellipsis
summary_use_final_2017,2017,summary,producer_use,IOUse_After_Redefinitions_PRO_Summary.xlsx,2017,CL80,2,Other,Noncomparable imports and rest-of-the-world adjustment [1],SummarySpecialCommodity,,16,F07N,Federal national nondefense: Gross investment in intellectual property products,FinalUse,F07N,0,ellipsis
summary_use_final_2017,2017,summary,producer_use,IOUse_After_Redefinitions_PRO_Summary.xlsx,2017,CM80,2,Other,Noncomparable imports and rest-of-the-world adjustment [1],SummarySpecialCommodity,,17,F10C,State and local: Consumption expenditures,FinalUse,F10C,0,ellipsis
summary_use_final_2017,2017,summary,producer_use,IOUse_After_Redefinitions_PRO_Summary.xlsx,2017,CN80,2,Other,Noncomparable imports and rest-of-the-world adjustment [1],SummarySpecialCommodity,,18,F10S,State and local: Gross investment in structures,FinalUse,F10S,0,ellipsis
summary_use_final_2017,2017,summary,producer_use,IOUse_After_Redefinitions_PRO_Summary.xlsx,2017,CO80,2,Other,Noncomparable imports and rest-of-the-world adjustment [1],SummarySpecialCommodity,,19,F10E,State and local: Gross investment in equipment,FinalUse,F10E,0,ellipsis
summary_use_final_2017,2017,summary,producer_use,IOUse_After_Redefinitions_PRO_Summary.xlsx,2017,CP80,2,Other,Noncomparable imports and rest-of-the-world adjustment [1],SummarySpecialCommodity,,20,F10N,State and local: Gross investment in intellectual property products,FinalUse,F10N,0,ellipsis
summary_use_controls_2017,2017,summary,producer_use,IOUse_After_Redefinitions_PRO_Summary.xlsx,2017,BV79,1,Used,"Scrap, used and secondhand goods",SummarySpecialCommodity,,1,T001,Total Intermediate,Control,,58047,numeric
summary_use_controls_2017,2017,summary,producer_use,IOUse_After_Redefinitions_PRO_Summary.xlsx,2017,CQ79,1,Used,"Scrap, used and secondhand goods",SummarySpecialCommodity,,2,T004,Total Final Uses (GDP),Control,,-47284,numeric
summary_use_controls_2017,2017,summary,producer_use,IOUse_After_Redefinitions_PRO_Summary.xlsx,2017,CR79,1,Used,"Scrap, used and secondhand goods",SummarySpecialCommodity,,3,T007,Total Commodity Output,Control,,10763,numeric
summary_use_controls_2017,2017,summary,producer_use,IOUse_After_Redefinitions_PRO_Summary.xlsx,2017,BV80,2,Other,Noncomparable imports and rest-of-the-world adjustment [1],SummarySpecialCommodity,,1,T001,Total Intermediate,Control,,142489,numeric
summary_use_controls_2017,2017,summary,producer_use,IOUse_After_Redefinitions_PRO_Summary.xlsx,2017,CQ80,2,Other,Noncomparable imports and rest-of-the-world adjustment [1],SummarySpecialCommodity,,2,T004,Total Final Uses (GDP),Control,,-139021,numeric
summary_use_controls_2017,2017,summary,producer_use,IOUse_After_Redefinitions_PRO_Summary.xlsx,2017,CR80,2,Other,Noncomparable imports and rest-of-the-world adjustment [1],SummarySpecialCommodity,,3,T007,Total Commodity Output,Control,,3468,numeric
detail_make_components_2017,2017,detail,producer_make,IOMake_After_Redefinitions_PRO_Detail.xlsx,2017,OK7,1,1111A0,Oilseed farming,Industry,,1,S00401,Scrap,DetailedSpecialCommodity,,0,blank
detail_make_components_2017,2017,detail,producer_make,IOMake_After_Redefinitions_PRO_Detail.xlsx,2017,OL7,1,1111A0,Oilseed farming,Industry,,2,S00402,Used and secondhand goods,DetailedSpecialCommodity,,0,blank
detail_make_components_2017,2017,detail,producer_make,IOMake_After_Redefinitions_PRO_Detail.xlsx,2017,OM7,1,1111A0,Oilseed farming,Industry,,3,S00300,Noncomparable imports,DetailedSpecialCommodity,,0,blank
detail_make_components_2017,2017,detail,producer_make,IOMake_After_Redefinitions_PRO_Detail.xlsx,2017,ON7,1,1111A0,Oilseed farming,Industry,,4,S00900,Rest of the world adjustment,DetailedSpecialCommodity,,0,blank
detail_make_components_2017,2017,detail,producer_make,IOMake_After_Redefinitions_PRO_Detail.xlsx,2017,OK8,2,1111B0,Grain farming,Industry,,1,S00401,Scrap,DetailedSpecialCommodity,,0,blank
detail_make_components_2017,2017,detail,producer_make,IOMake_After_Redefinitions_PRO_Detail.xlsx,2017,OL8,2,1111B0,Grain farming,Industry,,2,S00402,Used and secondhand goods,DetailedSpecialCommodity,,0,blank
detail_make_components_2017,2017,detail,producer_make,IOMake_After_Redefinitions_PRO_Detail.xlsx,2017,OM8,2,1111B0,Grain farming,Industry,,3,S00300,Noncomparable imports,DetailedSpecialCommodity,,0,blank
detail_make_components_2017,2017,detail,producer_make,IOMake_After_Redefinitions_PRO_Detail.xlsx,2017,ON8,2,1111B0,Grain farming,Industry,,4,S00900,Rest of the world adjustment,DetailedSpecialCommodity,,0,blank
detail_make_components_2017,2017,detail,producer_make,IOMake_After_Redefinitions_PRO_Detail.xlsx,2017,OK9,3,111200,Vegetable and melon farming,Industry,,1,S00401,Scrap,DetailedSpecialCommodity,,0,blank
detail_make_components_2017,2017,detail,producer_make,IOMake_After_Redefinitions_PRO_Detail.xlsx,2017,OL9,3,111200,Vegetable and melon farming,Industry,,2,S00402,Used and secondhand goods,DetailedSpecialCommodity,,0,blank
detail_make_components_2017,2017,detail,producer_make,IOMake_After_Redefinitions_PRO_Detail.xlsx,2017,OM9,3,111200,Vegetable and melon farming,Industry,,3,S00300,Noncomparable imports,DetailedSpecialCommodity,,0,blank
detail_make_components_2017,2017,detail,producer_make,IOMake_After_Redefinitions_PRO_Detail.xlsx,2017,ON9,3,111200,Vegetable and melon farming,Industry,,4,S00900,Rest of the world adjustment,DetailedSpecialCommodity,,0,blank
detail_make_components_2017,2017,detail,producer_make,IOMake_After_Redefinitions_PRO_Detail.xlsx,2017,OK10,4,111300,Fruit and tree nut farming,Industry,,1,S00401,Scrap,DetailedSpecialCommodity,,0,blank
detail_make_components_2017,2017,detail,producer_make,IOMake_After_Redefinitions_PRO_Detail.xlsx,2017,OL10,4,111300,Fruit and tree nut farming,Industry,,2,S00402,Used and secondhand goods,DetailedSpecialCommodity,,0,blank
detail_make_components_2017,2017,detail,producer_make,IOMake_After_Redefinitions_PRO_Detail.xlsx,2017,OM10,4,111300,Fruit and tree nut farming,Industry,,3,S00300,Noncomparable imports,DetailedSpecialCommodity,,0,blank
detail_make_components_2017,2017,detail,producer_make,IOMake_After_Redefinitions_PRO_Detail.xlsx,2017,ON10,4,111300,Fruit and tree nut farming,Industry,,4,S00900,Rest of the world adjustment,DetailedSpecialCommodity,,0,blank
detail_make_components_2017,2017,detail,producer_make,IOMake_After_Redefinitions_PRO_Detail.xlsx,2017,OK11,5,111400,"Greenhouse, nursery, and floriculture production",Industry,,1,S00401,Scrap,DetailedSpecialCommodity,,0,blank
detail_make_components_2017,2017,detail,producer_make,IOMake_After_Redefinitions_PRO_Detail.xlsx,2017,OL11,5,111400,"Greenhouse, nursery, and floriculture production",Industry,,2,S00402,Used and secondhand goods,DetailedSpecialCommodity,,0,blank
detail_make_components_2017,2017,detail,producer_make,IOMake_After_Redefinitions_PRO_Detail.xlsx,2017,OM11,5,111400,"Greenhouse, nursery, and floriculture production",Industry,,3,S00300,Noncomparable imports,DetailedSpecialCommodity,,0,blank
detail_make_components_2017,2017,detail,producer_make,IOMake_After_Redefinitions_PRO_Detail.xlsx,2017,ON11,5,111400,"Greenhouse, nursery, and floriculture production",Industry,,4,S00900,Rest of the world adjustment,DetailedSpecialCommodity,,0,blank
detail_make_components_2017,2017,detail,producer_make,IOMake_After_Redefinitions_PRO_Detail.xlsx,2017,OK12,6,111900,Other crop farming,Industry,,1,S00401,Scrap,DetailedSpecialCommodity,,0,blank
detail_make_components_2017,2017,detail,producer_make,IOMake_After_Redefinitions_PRO_Detail.xlsx,2017,OL12,6,111900,Other crop farming,Industry,,2,S00402,Used and secondhand goods,DetailedSpecialCommodity,,0,blank
detail_make_components_2017,2017,detail,producer_make,IOMake_After_Redefinitions_PRO_Detail.xlsx,2017,OM12,6,111900,Other crop farming,Industry,,3,S00300,Noncomparable imports,DetailedSpecialCommodity,,0,blank
detail_make_components_2017,2017,detail,producer_make,IOMake_After_Redefinitions_PRO_Detail.xlsx,2017,ON12,6,111900,Other crop farming,Industry,,4,S00900,Rest of the world adjustment,DetailedSpecialCommodity,,0,blank
detail_make_components_2017,2017,detail,producer_make,IOMake_After_Redefinitions_PRO_Detail.xlsx,2017,OK13,7,112120,Dairy cattle and milk production,Industry,,1,S00401,Scrap,DetailedSpecialCommodity,,0,blank
detail_make_components_2017,2017,detail,producer_make,IOMake_After_Redefinitions_PRO_Detail.xlsx,2017,OL13,7,112120,Dairy cattle and milk production,Industry,,2,S00402,Used and secondhand goods,DetailedSpecialCommodity,,0,blank
detail_make_components_2017,2017,detail,producer_make,IOMake_After_Redefinitions_PRO_Detail.xlsx,2017,OM13,7,112120,Dairy cattle and milk production,Industry,,3,S00300,Noncomparable imports,DetailedSpecialCommodity,,0,blank
detail_make_components_2017,2017,detail,producer_make,IOMake_After_Redefinitions_PRO_Detail.xlsx,2017,ON13,7,112120,Dairy cattle and milk production,Industry,,4,S00900,Rest of the world adjustment,DetailedSpecialCommodity,,0,blank
detail_make_components_2017,2017,detail,producer_make,IOMake_After_Redefinitions_PRO_Detail.xlsx,2017,OK14,8,1121A0,"Beef cattle ranching and farming, including feedlots and dual-purpose ranching and farming",Industry,,1,S00401,Scrap,DetailedSpecialCommodity,,0,blank
detail_make_components_2017,2017,detail,producer_make,IOMake_After_Redefinitions_PRO_Detail.xlsx,2017,OL14,8,1121A0,"Beef cattle ranching and farming, including feedlots and dual-purpose ranching and farming",Industry,,2,S00402,Used and secondhand goods,DetailedSpecialCommodity,,0,blank
detail_make_components_2017,2017,detail,producer_make,IOMake_After_Redefinitions_PRO_Detail.xlsx,2017,OM14,8,1121A0,"Beef cattle ranching and farming, including feedlots and dual-purpose ranching and farming",Industry,,3,S00300,Noncomparable imports,DetailedSpecialCommodity,,0,blank
detail_make_components_2017,2017,detail,producer_make,IOMake_After_Redefinitions_PRO_Detail.xlsx,2017,ON14,8,1121A0,"Beef cattle ranching and farming, including feedlots and dual-purpose ranching and farming",Industry,,4,S00900,Rest of the world adjustment,DetailedSpecialCommodity,,0,blank
detail_make_components_2017,2017,detail,producer_make,IOMake_After_Redefinitions_PRO_Detail.xlsx,2017,OK15,9,112300,Poultry and egg production,Industry,,1,S00401,Scrap,DetailedSpecialCommodity,,0,blank
detail_make_components_2017,2017,detail,producer_make,IOMake_After_Redefinitions_PRO_Detail.xlsx,2017,OL15,9,112300,Poultry and egg production,Industry,,2,S00402,Used and secondhand goods,DetailedSpecialCommodity,,0,blank
detail_make_components_2017,2017,detail,producer_make,IOMake_After_Redefinitions_PRO_Detail.xlsx,2017,OM15,9,112300,Poultry and egg production,Industry,,3,S00300,Noncomparable imports,DetailedSpecialCommodity,,0,blank
detail_make_components_2017,2017,detail,producer_make,IOMake_After_Redefinitions_PRO_Detail.xlsx,2017,ON15,9,112300,Poultry and egg production,Industry,,4,S00900,Rest of the world adjustment,DetailedSpecialCommodity,,0,blank
detail_make_components_2017,2017,detail,producer_make,IOMake_After_Redefinitions_PRO_Detail.xlsx,2017,OK16,10,112A00,"Animal production, except cattle and poultry and eggs",Industry,,1,S00401,Scrap,DetailedSpecialCommodity,,0,blank
detail_make_components_2017,2017,detail,producer_make,IOMake_After_Redefinitions_PRO_Detail.xlsx,2017,OL16,10,112A00,"Animal production, except cattle and poultry and eggs",Industry,,2,S00402,Used and secondhand goods,DetailedSpecialCommodity,,0,blank
detail_make_components_2017,2017,detail,producer_make,IOMake_After_Redefinitions_PRO_Detail.xlsx,2017,OM16,10,112A00,"Animal production, except cattle and poultry and eggs",Industry,,3,S00300,Noncomparable imports,DetailedSpecialCommodity,,0,blank
detail_make_components_2017,2017,detail,producer_make,IOMake_After_Redefinitions_PRO_Detail.xlsx,2017,ON16,10,112A00,"Animal production, except cattle and poultry and eggs",Industry,,4,S00900,Rest of the world adjustment,DetailedSpecialCommodity,,0,blank
detail_make_components_2017,2017,detail,producer_make,IOMake_After_Redefinitions_PRO_Detail.xlsx,2017,OK17,11,113000,Forestry and logging,Industry,,1,S00401,Scrap,DetailedSpecialCommodity,,0,blank
detail_make_components_2017,2017,detail,producer_make,IOMake_After_Redefinitions_PRO_Detail.xlsx,2017,OL17,11,113000,Forestry and logging,Industry,,2,S00402,Used and secondhand goods,DetailedSpecialCommodity,,0,blank
detail_make_components_2017,2017,detail,producer_make,IOMake_After_Redefinitions_PRO_Detail.xlsx,2017,OM17,11,113000,Forestry and logging,Industry,,3,S00300,Noncomparable imports,DetailedSpecialCommodity,,0,blank
detail_make_components_2017,2017,detail,producer_make,IOMake_After_Redefinitions_PRO_Detail.xlsx,2017,ON17,11,113000,Forestry and logging,Industry,,4,S00900,Rest of the world adjustment,DetailedSpecialCommodity,,0,blank
detail_make_components_2017,2017,detail,producer_make,IOMake_After_Redefinitions_PRO_Detail.xlsx,2017,OK18,12,114000,"Fishing, hunting and trapping",Industry,,1,S00401,Scrap,DetailedSpecialCommodity,,0,blank
detail_make_components_2017,2017,detail,producer_make,IOMake_After_Redefinitions_PRO_Detail.xlsx,2017,OL18,12,114000,"Fishing, hunting and trapping",Industry,,2,S00402,Used and secondhand goods,DetailedSpecialCommodity,,0,blank
detail_make_components_2017,2017,detail,producer_make,IOMake_After_Redefinitions_PRO_Detail.xlsx,2017,OM18,12,114000,"Fishing, hunting and trapping",Industry,,3,S00300,Noncomparable imports,DetailedSpecialCommodity,,0,blank
detail_make_components_2017,2017,detail,producer_make,IOMake_After_Redefinitions_PRO_Detail.xlsx,2017,ON18,12,114000,"Fishing, hunting and trapping",Industry,,4,S00900,Rest of the world adjustment,DetailedSpecialCommodity,,0,blank
detail_make_components_2017,2017,detail,producer_make,IOMake_After_Redefinitions_PRO_Detail.xlsx,2017,OK19,13,115000,Support activities for agriculture and forestry,Industry,,1,S00401,Scrap,DetailedSpecialCommodity,,0,blank
detail_make_components_2017,2017,detail,producer_make,IOMake_After_Redefinitions_PRO_Detail.xlsx,2017,OL19,13,115000,Support activities for agriculture and forestry,Industry,,2,S00402,Used and secondhand goods,DetailedSpecialCommodity,,0,blank
detail_make_components_2017,2017,detail,producer_make,IOMake_After_Redefinitions_PRO_Detail.xlsx,2017,OM19,13,115000,Support activities for agriculture and forestry,Industry,,3,S00300,Noncomparable imports,DetailedSpecialCommodity,,0,blank
detail_make_components_2017,2017,detail,producer_make,IOMake_After_Redefinitions_PRO_Detail.xlsx,2017,ON19,13,115000,Support activities for agriculture and forestry,Industry,,4,S00900,Rest of the world adjustment,DetailedSpecialCommodity,,0,blank
detail_make_components_2017,2017,detail,producer_make,IOMake_After_Redefinitions_PRO_Detail.xlsx,2017,OK20,14,211000,Oil and gas extraction,Industry,,1,S00401,Scrap,DetailedSpecialCommodity,,0,blank
detail_make_components_2017,2017,detail,producer_make,IOMake_After_Redefinitions_PRO_Detail.xlsx,2017,OL20,14,211000,Oil and gas extraction,Industry,,2,S00402,Used and secondhand goods,DetailedSpecialCommodity,,0,blank
detail_make_components_2017,2017,detail,producer_make,IOMake_After_Redefinitions_PRO_Detail.xlsx,2017,OM20,14,211000,Oil and gas extraction,Industry,,3,S00300,Noncomparable imports,DetailedSpecialCommodity,,0,blank
detail_make_components_2017,2017,detail,producer_make,IOMake_After_Redefinitions_PRO_Detail.xlsx,2017,ON20,14,211000,Oil and gas extraction,Industry,,4,S00900,Rest of the world adjustment,DetailedSpecialCommodity,,0,blank
detail_make_components_2017,2017,detail,producer_make,IOMake_After_Redefinitions_PRO_Detail.xlsx,2017,OK21,15,212100,Coal mining,Industry,,1,S00401,Scrap,DetailedSpecialCommodity,,0,blank
detail_make_components_2017,2017,detail,producer_make,IOMake_After_Redefinitions_PRO_Detail.xlsx,2017,OL21,15,212100,Coal mining,Industry,,2,S00402,Used and secondhand goods,DetailedSpecialCommodity,,0,blank
detail_make_components_2017,2017,detail,producer_make,IOMake_After_Redefinitions_PRO_Detail.xlsx,2017,OM21,15,212100,Coal mining,Industry,,3,S00300,Noncomparable imports,DetailedSpecialCommodity,,0,blank
detail_make_components_2017,2017,detail,producer_make,IOMake_After_Redefinitions_PRO_Detail.xlsx,2017,ON21,15,212100,Coal mining,Industry,,4,S00900,Rest of the world adjustment,DetailedSpecialCommodity,,0,blank
detail_make_components_2017,2017,detail,producer_make,IOMake_After_Redefinitions_PRO_Detail.xlsx,2017,OK22,16,212230,"Copper, nickel, lead, and zinc mining",Industry,,1,S00401,Scrap,DetailedSpecialCommodity,,0,blank
detail_make_components_2017,2017,detail,producer_make,IOMake_After_Redefinitions_PRO_Detail.xlsx,2017,OL22,16,212230,"Copper, nickel, lead, and zinc mining",Industry,,2,S00402,Used and secondhand goods,DetailedSpecialCommodity,,0,blank
detail_make_components_2017,2017,detail,producer_make,IOMake_After_Redefinitions_PRO_Detail.xlsx,2017,OM22,16,212230,"Copper, nickel, lead, and zinc mining",Industry,,3,S00300,Noncomparable imports,DetailedSpecialCommodity,,0,blank
detail_make_components_2017,2017,detail,producer_make,IOMake_After_Redefinitions_PRO_Detail.xlsx,2017,ON22,16,212230,"Copper, nickel, lead, and zinc mining",Industry,,4,S00900,Rest of the world adjustment,DetailedSpecialCommodity,,0,blank
detail_make_components_2017,2017,detail,producer_make,IOMake_After_Redefinitions_PRO_Detail.xlsx,2017,OK23,17,2122A0,"Iron, gold, silver, and other metal ore mining",Industry,,1,S00401,Scrap,DetailedSpecialCommodity,,0,blank
detail_make_components_2017,2017,detail,producer_make,IOMake_After_Redefinitions_PRO_Detail.xlsx,2017,OL23,17,2122A0,"Iron, gold, silver, and other metal ore mining",Industry,,2,S00402,Used and secondhand goods,DetailedSpecialCommodity,,0,blank
detail_make_components_2017,2017,detail,producer_make,IOMake_After_Redefinitions_PRO_Detail.xlsx,2017,OM23,17,2122A0,"Iron, gold, silver, and other metal ore mining",Industry,,3,S00300,Noncomparable imports,DetailedSpecialCommodity,,0,blank
detail_make_components_2017,2017,detail,producer_make,IOMake_After_Redefinitions_PRO_Detail.xlsx,2017,ON23,17,2122A0,"Iron, gold, silver, and other metal ore mining",Industry,,4,S00900,Rest of the world adjustment,DetailedSpecialCommodity,,0,blank
detail_make_components_2017,2017,detail,producer_make,IOMake_After_Redefinitions_PRO_Detail.xlsx,2017,OK24,18,212310,Stone mining and quarrying,Industry,,1,S00401,Scrap,DetailedSpecialCommodity,,0,blank
detail_make_components_2017,2017,detail,producer_make,IOMake_After_Redefinitions_PRO_Detail.xlsx,2017,OL24,18,212310,Stone mining and quarrying,Industry,,2,S00402,Used and secondhand goods,DetailedSpecialCommodity,,0,blank
detail_make_components_2017,2017,detail,producer_make,IOMake_After_Redefinitions_PRO_Detail.xlsx,2017,OM24,18,212310,Stone mining and quarrying,Industry,,3,S00300,Noncomparable imports,DetailedSpecialCommodity,,0,blank
detail_make_components_2017,2017,detail,producer_make,IOMake_After_Redefinitions_PRO_Detail.xlsx,2017,ON24,18,212310,Stone mining and quarrying,Industry,,4,S00900,Rest of the world adjustment,DetailedSpecialCommodity,,0,blank
detail_make_components_2017,2017,detail,producer_make,IOMake_After_Redefinitions_PRO_Detail.xlsx,2017,OK25,19,2123A0,Other nonmetallic mineral mining and quarrying,Industry,,1,S00401,Scrap,DetailedSpecialCommodity,,0,blank
detail_make_components_2017,2017,detail,producer_make,IOMake_After_Redefinitions_PRO_Detail.xlsx,2017,OL25,19,2123A0,Other nonmetallic mineral mining and quarrying,Industry,,2,S00402,Used and secondhand goods,DetailedSpecialCommodity,,0,blank
detail_make_components_2017,2017,detail,producer_make,IOMake_After_Redefinitions_PRO_Detail.xlsx,2017,OM25,19,2123A0,Other nonmetallic mineral mining and quarrying,Industry,,3,S00300,Noncomparable imports,DetailedSpecialCommodity,,0,blank
detail_make_components_2017,2017,detail,producer_make,IOMake_After_Redefinitions_PRO_Detail.xlsx,2017,ON25,19,2123A0,Other nonmetallic mineral mining and quarrying,Industry,,4,S00900,Rest of the world adjustment,DetailedSpecialCommodity,,0,blank
detail_make_components_2017,2017,detail,producer_make,IOMake_After_Redefinitions_PRO_Detail.xlsx,2017,OK26,20,213111,Drilling oil and gas wells,Industry,,1,S00401,Scrap,DetailedSpecialCommodity,,0,blank
detail_make_components_2017,2017,detail,producer_make,IOMake_After_Redefinitions_PRO_Detail.xlsx,2017,OL26,20,213111,Drilling oil and gas wells,Industry,,2,S00402,Used and secondhand goods,DetailedSpecialCommodity,,0,blank
detail_make_components_2017,2017,detail,producer_make,IOMake_After_Redefinitions_PRO_Detail.xlsx,2017,OM26,20,213111,Drilling oil and gas wells,Industry,,3,S00300,Noncomparable imports,DetailedSpecialCommodity,,0,blank
detail_make_components_2017,2017,detail,producer_make,IOMake_After_Redefinitions_PRO_Detail.xlsx,2017,ON26,20,213111,Drilling oil and gas wells,Industry,,4,S00900,Rest of the world adjustment,DetailedSpecialCommodity,,0,blank
detail_make_components_2017,2017,detail,producer_make,IOMake_After_Redefinitions_PRO_Detail.xlsx,2017,OK27,21,21311A,Other support activities for mining,Industry,,1,S00401,Scrap,DetailedSpecialCommodity,,0,blank
detail_make_components_2017,2017,detail,producer_make,IOMake_After_Redefinitions_PRO_Detail.xlsx,2017,OL27,21,21311A,Other support activities for mining,Industry,,2,S00402,Used and secondhand goods,DetailedSpecialCommodity,,0,blank
detail_make_components_2017,2017,detail,producer_make,IOMake_After_Redefinitions_PRO_Detail.xlsx,2017,OM27,21,21311A,Other support activities for mining,Industry,,3,S00300,Noncomparable imports,DetailedSpecialCommodity,,0,blank
detail_make_components_2017,2017,detail,producer_make,IOMake_After_Redefinitions_PRO_Detail.xlsx,2017,ON27,21,21311A,Other support activities for mining,Industry,,4,S00900,Rest of the world adjustment,DetailedSpecialCommodity,,0,blank
detail_make_components_2017,2017,detail,producer_make,IOMake_After_Redefinitions_PRO_Detail.xlsx,2017,OK28,22,221100,"Electric power generation, transmission, and distribution",Industry,,1,S00401,Scrap,DetailedSpecialCommodity,,0,blank
detail_make_components_2017,2017,detail,producer_make,IOMake_After_Redefinitions_PRO_Detail.xlsx,2017,OL28,22,221100,"Electric power generation, transmission, and distribution",Industry,,2,S00402,Used and secondhand goods,DetailedSpecialCommodity,,0,blank
detail_make_components_2017,2017,detail,producer_make,IOMake_After_Redefinitions_PRO_Detail.xlsx,2017,OM28,22,221100,"Electric power generation, transmission, and distribution",Industry,,3,S00300,Noncomparable imports,DetailedSpecialCommodity,,0,blank
detail_make_components_2017,2017,detail,producer_make,IOMake_After_Redefinitions_PRO_Detail.xlsx,2017,ON28,22,221100,"Electric power generation, transmission, and distribution",Industry,,4,S00900,Rest of the world adjustment,DetailedSpecialCommodity,,0,blank
detail_make_components_2017,2017,detail,producer_make,IOMake_After_Redefinitions_PRO_Detail.xlsx,2017,OK29,23,221200,Natural gas distribution,Industry,,1,S00401,Scrap,DetailedSpecialCommodity,,0,blank
detail_make_components_2017,2017,detail,producer_make,IOMake_After_Redefinitions_PRO_Detail.xlsx,2017,OL29,23,221200,Natural gas distribution,Industry,,2,S00402,Used and secondhand goods,DetailedSpecialCommodity,,0,blank
detail_make_components_2017,2017,detail,producer_make,IOMake_After_Redefinitions_PRO_Detail.xlsx,2017,OM29,23,221200,Natural gas distribution,Industry,,3,S00300,Noncomparable imports,DetailedSpecialCommodity,,0,blank
detail_make_components_2017,2017,detail,producer_make,IOMake_After_Redefinitions_PRO_Detail.xlsx,2017,ON29,23,221200,Natural gas distribution,Industry,,4,S00900,Rest of the world adjustment,DetailedSpecialCommodity,,0,blank
detail_make_components_2017,2017,detail,producer_make,IOMake_After_Redefinitions_PRO_Detail.xlsx,2017,OK30,24,221300,"Water, sewage and other systems",Industry,,1,S00401,Scrap,DetailedSpecialCommodity,,0,blank
detail_make_components_2017,2017,detail,producer_make,IOMake_After_Redefinitions_PRO_Detail.xlsx,2017,OL30,24,221300,"Water, sewage and other systems",Industry,,2,S00402,Used and secondhand goods,DetailedSpecialCommodity,,0,blank
detail_make_components_2017,2017,detail,producer_make,IOMake_After_Redefinitions_PRO_Detail.xlsx,2017,OM30,24,221300,"Water, sewage and other systems",Industry,,3,S00300,Noncomparable imports,DetailedSpecialCommodity,,0,blank
detail_make_components_2017,2017,detail,producer_make,IOMake_After_Redefinitions_PRO_Detail.xlsx,2017,ON30,24,221300,"Water, sewage and other systems",Industry,,4,S00900,Rest of the world adjustment,DetailedSpecialCommodity,,0,blank
detail_make_components_2017,2017,detail,producer_make,IOMake_After_Redefinitions_PRO_Detail.xlsx,2017,OK31,25,233210,Health care structures,Industry,,1,S00401,Scrap,DetailedSpecialCommodity,,0,blank
detail_make_components_2017,2017,detail,producer_make,IOMake_After_Redefinitions_PRO_Detail.xlsx,2017,OL31,25,233210,Health care structures,Industry,,2,S00402,Used and secondhand goods,DetailedSpecialCommodity,,0,blank
detail_make_components_2017,2017,detail,producer_make,IOMake_After_Redefinitions_PRO_Detail.xlsx,2017,OM31,25,233210,Health care structures,Industry,,3,S00300,Noncomparable imports,DetailedSpecialCommodity,,0,blank
detail_make_components_2017,2017,detail,producer_make,IOMake_After_Redefinitions_PRO_Detail.xlsx,2017,ON31,25,233210,Health care structures,Industry,,4,S00900,Rest of the world adjustment,DetailedSpecialCommodity,,0,blank
detail_make_components_2017,2017,detail,producer_make,IOMake_After_Redefinitions_PRO_Detail.xlsx,2017,OK32,26,233262,Educational and vocational structures,Industry,,1,S00401,Scrap,DetailedSpecialCommodity,,0,blank
detail_make_components_2017,2017,detail,producer_make,IOMake_After_Redefinitions_PRO_Detail.xlsx,2017,OL32,26,233262,Educational and vocational structures,Industry,,2,S00402,Used and secondhand goods,DetailedSpecialCommodity,,0,blank
detail_make_components_2017,2017,detail,producer_make,IOMake_After_Redefinitions_PRO_Detail.xlsx,2017,OM32,26,233262,Educational and vocational structures,Industry,,3,S00300,Noncomparable imports,DetailedSpecialCommodity,,0,blank
detail_make_components_2017,2017,detail,producer_make,IOMake_After_Redefinitions_PRO_Detail.xlsx,2017,ON32,26,233262,Educational and vocational structures,Industry,,4,S00900,Rest of the world adjustment,DetailedSpecialCommodity,,0,blank
detail_make_components_2017,2017,detail,producer_make,IOMake_After_Redefinitions_PRO_Detail.xlsx,2017,OK33,27,230301,Nonresidential maintenance and repair,Industry,,1,S00401,Scrap,DetailedSpecialCommodity,,0,blank
detail_make_components_2017,2017,detail,producer_make,IOMake_After_Redefinitions_PRO_Detail.xlsx,2017,OL33,27,230301,Nonresidential maintenance and repair,Industry,,2,S00402,Used and secondhand goods,DetailedSpecialCommodity,,0,blank
detail_make_components_2017,2017,detail,producer_make,IOMake_After_Redefinitions_PRO_Detail.xlsx,2017,OM33,27,230301,Nonresidential maintenance and repair,Industry,,3,S00300,Noncomparable imports,DetailedSpecialCommodity,,0,blank
detail_make_components_2017,2017,detail,producer_make,IOMake_After_Redefinitions_PRO_Detail.xlsx,2017,ON33,27,230301,Nonresidential maintenance and repair,Industry,,4,S00900,Rest of the world adjustment,DetailedSpecialCommodity,,0,blank
detail_make_components_2017,2017,detail,producer_make,IOMake_After_Redefinitions_PRO_Detail.xlsx,2017,OK34,28,230302,Residential maintenance and repair,Industry,,1,S00401,Scrap,DetailedSpecialCommodity,,0,blank
detail_make_components_2017,2017,detail,producer_make,IOMake_After_Redefinitions_PRO_Detail.xlsx,2017,OL34,28,230302,Residential maintenance and repair,Industry,,2,S00402,Used and secondhand goods,DetailedSpecialCommodity,,0,blank
detail_make_components_2017,2017,detail,producer_make,IOMake_After_Redefinitions_PRO_Detail.xlsx,2017,OM34,28,230302,Residential maintenance and repair,Industry,,3,S00300,Noncomparable imports,DetailedSpecialCommodity,,0,blank
detail_make_components_2017,2017,detail,producer_make,IOMake_After_Redefinitions_PRO_Detail.xlsx,2017,ON34,28,230302,Residential maintenance and repair,Industry,,4,S00900,Rest of the world adjustment,DetailedSpecialCommodity,,0,blank
detail_make_components_2017,2017,detail,producer_make,IOMake_After_Redefinitions_PRO_Detail.xlsx,2017,OK35,29,2332A0,Office and commercial structures,Industry,,1,S00401,Scrap,DetailedSpecialCommodity,,0,blank
detail_make_components_2017,2017,detail,producer_make,IOMake_After_Redefinitions_PRO_Detail.xlsx,2017,OL35,29,2332A0,Office and commercial structures,Industry,,2,S00402,Used and secondhand goods,DetailedSpecialCommodity,,0,blank
detail_make_components_2017,2017,detail,producer_make,IOMake_After_Redefinitions_PRO_Detail.xlsx,2017,OM35,29,2332A0,Office and commercial structures,Industry,,3,S00300,Noncomparable imports,DetailedSpecialCommodity,,0,blank
detail_make_components_2017,2017,detail,producer_make,IOMake_After_Redefinitions_PRO_Detail.xlsx,2017,ON35,29,2332A0,Office and commercial structures,Industry,,4,S00900,Rest of the world adjustment,DetailedSpecialCommodity,,0,blank
detail_make_components_2017,2017,detail,producer_make,IOMake_After_Redefinitions_PRO_Detail.xlsx,2017,OK36,30,233412,Multifamily residential structures,Industry,,1,S00401,Scrap,DetailedSpecialCommodity,,0,blank
detail_make_components_2017,2017,detail,producer_make,IOMake_After_Redefinitions_PRO_Detail.xlsx,2017,OL36,30,233412,Multifamily residential structures,Industry,,2,S00402,Used and secondhand goods,DetailedSpecialCommodity,,0,blank
detail_make_components_2017,2017,detail,producer_make,IOMake_After_Redefinitions_PRO_Detail.xlsx,2017,OM36,30,233412,Multifamily residential structures,Industry,,3,S00300,Noncomparable imports,DetailedSpecialCommodity,,0,blank
detail_make_components_2017,2017,detail,producer_make,IOMake_After_Redefinitions_PRO_Detail.xlsx,2017,ON36,30,233412,Multifamily residential structures,Industry,,4,S00900,Rest of the world adjustment,DetailedSpecialCommodity,,0,blank
detail_make_components_2017,2017,detail,producer_make,IOMake_After_Redefinitions_PRO_Detail.xlsx,2017,OK37,31,2334A0,Other residential structures,Industry,,1,S00401,Scrap,DetailedSpecialCommodity,,0,blank
detail_make_components_2017,2017,detail,producer_make,IOMake_After_Redefinitions_PRO_Detail.xlsx,2017,OL37,31,2334A0,Other residential structures,Industry,,2,S00402,Used and secondhand goods,DetailedSpecialCommodity,,0,blank
detail_make_components_2017,2017,detail,producer_make,IOMake_After_Redefinitions_PRO_Detail.xlsx,2017,OM37,31,2334A0,Other residential structures,Industry,,3,S00300,Noncomparable imports,DetailedSpecialCommodity,,0,blank
detail_make_components_2017,2017,detail,producer_make,IOMake_After_Redefinitions_PRO_Detail.xlsx,2017,ON37,31,2334A0,Other residential structures,Industry,,4,S00900,Rest of the world adjustment,DetailedSpecialCommodity,,0,blank
detail_make_components_2017,2017,detail,producer_make,IOMake_After_Redefinitions_PRO_Detail.xlsx,2017,OK38,32,233230,Manufacturing structures,Industry,,1,S00401,Scrap,DetailedSpecialCommodity,,0,blank
detail_make_components_2017,2017,detail,producer_make,IOMake_After_Redefinitions_PRO_Detail.xlsx,2017,OL38,32,233230,Manufacturing structures,Industry,,2,S00402,Used and secondhand goods,DetailedSpecialCommodity,,0,blank
detail_make_components_2017,2017,detail,producer_make,IOMake_After_Redefinitions_PRO_Detail.xlsx,2017,OM38,32,233230,Manufacturing structures,Industry,,3,S00300,Noncomparable imports,DetailedSpecialCommodity,,0,blank
detail_make_components_2017,2017,detail,producer_make,IOMake_After_Redefinitions_PRO_Detail.xlsx,2017,ON38,32,233230,Manufacturing structures,Industry,,4,S00900,Rest of the world adjustment,DetailedSpecialCommodity,,0,blank
detail_make_components_2017,2017,detail,producer_make,IOMake_After_Redefinitions_PRO_Detail.xlsx,2017,OK39,33,2332D0,Other nonresidential structures,Industry,,1,S00401,Scrap,DetailedSpecialCommodity,,0,blank
detail_make_components_2017,2017,detail,producer_make,IOMake_After_Redefinitions_PRO_Detail.xlsx,2017,OL39,33,2332D0,Other nonresidential structures,Industry,,2,S00402,Used and secondhand goods,DetailedSpecialCommodity,,0,blank
detail_make_components_2017,2017,detail,producer_make,IOMake_After_Redefinitions_PRO_Detail.xlsx,2017,OM39,33,2332D0,Other nonresidential structures,Industry,,3,S00300,Noncomparable imports,DetailedSpecialCommodity,,0,blank
detail_make_components_2017,2017,detail,producer_make,IOMake_After_Redefinitions_PRO_Detail.xlsx,2017,ON39,33,2332D0,Other nonresidential structures,Industry,,4,S00900,Rest of the world adjustment,DetailedSpecialCommodity,,0,blank
detail_make_components_2017,2017,detail,producer_make,IOMake_After_Redefinitions_PRO_Detail.xlsx,2017,OK40,34,233240,Power and communication structures,Industry,,1,S00401,Scrap,DetailedSpecialCommodity,,0,blank
detail_make_components_2017,2017,detail,producer_make,IOMake_After_Redefinitions_PRO_Detail.xlsx,2017,OL40,34,233240,Power and communication structures,Industry,,2,S00402,Used and secondhand goods,DetailedSpecialCommodity,,0,blank
detail_make_components_2017,2017,detail,producer_make,IOMake_After_Redefinitions_PRO_Detail.xlsx,2017,OM40,34,233240,Power and communication structures,Industry,,3,S00300,Noncomparable imports,DetailedSpecialCommodity,,0,blank
detail_make_components_2017,2017,detail,producer_make,IOMake_After_Redefinitions_PRO_Detail.xlsx,2017,ON40,34,233240,Power and communication structures,Industry,,4,S00900,Rest of the world adjustment,DetailedSpecialCommodity,,0,blank
detail_make_components_2017,2017,detail,producer_make,IOMake_After_Redefinitions_PRO_Detail.xlsx,2017,OK41,35,233411,Single-family residential structures,Industry,,1,S00401,Scrap,DetailedSpecialCommodity,,0,blank
detail_make_components_2017,2017,detail,producer_make,IOMake_After_Redefinitions_PRO_Detail.xlsx,2017,OL41,35,233411,Single-family residential structures,Industry,,2,S00402,Used and secondhand goods,DetailedSpecialCommodity,,0,blank
detail_make_components_2017,2017,detail,producer_make,IOMake_After_Redefinitions_PRO_Detail.xlsx,2017,OM41,35,233411,Single-family residential structures,Industry,,3,S00300,Noncomparable imports,DetailedSpecialCommodity,,0,blank
detail_make_components_2017,2017,detail,producer_make,IOMake_After_Redefinitions_PRO_Detail.xlsx,2017,ON41,35,233411,Single-family residential structures,Industry,,4,S00900,Rest of the world adjustment,DetailedSpecialCommodity,,0,blank
detail_make_components_2017,2017,detail,producer_make,IOMake_After_Redefinitions_PRO_Detail.xlsx,2017,OK42,36,2332C0,Transportation structures and highways and streets,Industry,,1,S00401,Scrap,DetailedSpecialCommodity,,0,blank
detail_make_components_2017,2017,detail,producer_make,IOMake_After_Redefinitions_PRO_Detail.xlsx,2017,OL42,36,2332C0,Transportation structures and highways and streets,Industry,,2,S00402,Used and secondhand goods,DetailedSpecialCommodity,,0,blank
detail_make_components_2017,2017,detail,producer_make,IOMake_After_Redefinitions_PRO_Detail.xlsx,2017,OM42,36,2332C0,Transportation structures and highways and streets,Industry,,3,S00300,Noncomparable imports,DetailedSpecialCommodity,,0,blank
detail_make_components_2017,2017,detail,producer_make,IOMake_After_Redefinitions_PRO_Detail.xlsx,2017,ON42,36,2332C0,Transportation structures and highways and streets,Industry,,4,S00900,Rest of the world adjustment,DetailedSpecialCommodity,,0,blank
detail_make_components_2017,2017,detail,producer_make,IOMake_After_Redefinitions_PRO_Detail.xlsx,2017,OK43,37,321100,Sawmills and wood preservation,Industry,,1,S00401,Scrap,DetailedSpecialCommodity,,2,numeric
detail_make_components_2017,2017,detail,producer_make,IOMake_After_Redefinitions_PRO_Detail.xlsx,2017,OL43,37,321100,Sawmills and wood preservation,Industry,,2,S00402,Used and secondhand goods,DetailedSpecialCommodity,,0,blank
detail_make_components_2017,2017,detail,producer_make,IOMake_After_Redefinitions_PRO_Detail.xlsx,2017,OM43,37,321100,Sawmills and wood preservation,Industry,,3,S00300,Noncomparable imports,DetailedSpecialCommodity,,0,blank
detail_make_components_2017,2017,detail,producer_make,IOMake_After_Redefinitions_PRO_Detail.xlsx,2017,ON43,37,321100,Sawmills and wood preservation,Industry,,4,S00900,Rest of the world adjustment,DetailedSpecialCommodity,,0,blank
detail_make_components_2017,2017,detail,producer_make,IOMake_After_Redefinitions_PRO_Detail.xlsx,2017,OK44,38,321200,"Veneer, plywood, and engineered wood product manufacturing",Industry,,1,S00401,Scrap,DetailedSpecialCommodity,,68,numeric
detail_make_components_2017,2017,detail,producer_make,IOMake_After_Redefinitions_PRO_Detail.xlsx,2017,OL44,38,321200,"Veneer, plywood, and engineered wood product manufacturing",Industry,,2,S00402,Used and secondhand goods,DetailedSpecialCommodity,,0,blank
detail_make_components_2017,2017,detail,producer_make,IOMake_After_Redefinitions_PRO_Detail.xlsx,2017,OM44,38,321200,"Veneer, plywood, and engineered wood product manufacturing",Industry,,3,S00300,Noncomparable imports,DetailedSpecialCommodity,,0,blank
detail_make_components_2017,2017,detail,producer_make,IOMake_After_Redefinitions_PRO_Detail.xlsx,2017,ON44,38,321200,"Veneer, plywood, and engineered wood product manufacturing",Industry,,4,S00900,Rest of the world adjustment,DetailedSpecialCommodity,,0,blank
detail_make_components_2017,2017,detail,producer_make,IOMake_After_Redefinitions_PRO_Detail.xlsx,2017,OK45,39,321910,Millwork,Industry,,1,S00401,Scrap,DetailedSpecialCommodity,,157,numeric
detail_make_components_2017,2017,detail,producer_make,IOMake_After_Redefinitions_PRO_Detail.xlsx,2017,OL45,39,321910,Millwork,Industry,,2,S00402,Used and secondhand goods,DetailedSpecialCommodity,,0,blank
detail_make_components_2017,2017,detail,producer_make,IOMake_After_Redefinitions_PRO_Detail.xlsx,2017,OM45,39,321910,Millwork,Industry,,3,S00300,Noncomparable imports,DetailedSpecialCommodity,,0,blank
detail_make_components_2017,2017,detail,producer_make,IOMake_After_Redefinitions_PRO_Detail.xlsx,2017,ON45,39,321910,Millwork,Industry,,4,S00900,Rest of the world adjustment,DetailedSpecialCommodity,,0,blank
detail_make_components_2017,2017,detail,producer_make,IOMake_After_Redefinitions_PRO_Detail.xlsx,2017,OK46,40,3219A0,All other wood product manufacturing,Industry,,1,S00401,Scrap,DetailedSpecialCommodity,,59,numeric
detail_make_components_2017,2017,detail,producer_make,IOMake_After_Redefinitions_PRO_Detail.xlsx,2017,OL46,40,3219A0,All other wood product manufacturing,Industry,,2,S00402,Used and secondhand goods,DetailedSpecialCommodity,,0,blank
detail_make_components_2017,2017,detail,producer_make,IOMake_After_Redefinitions_PRO_Detail.xlsx,2017,OM46,40,3219A0,All other wood product manufacturing,Industry,,3,S00300,Noncomparable imports,DetailedSpecialCommodity,,0,blank
detail_make_components_2017,2017,detail,producer_make,IOMake_After_Redefinitions_PRO_Detail.xlsx,2017,ON46,40,3219A0,All other wood product manufacturing,Industry,,4,S00900,Rest of the world adjustment,DetailedSpecialCommodity,,0,blank
detail_make_components_2017,2017,detail,producer_make,IOMake_After_Redefinitions_PRO_Detail.xlsx,2017,OK47,41,327100,Clay product and refractory manufacturing,Industry,,1,S00401,Scrap,DetailedSpecialCommodity,,0,blank
detail_make_components_2017,2017,detail,producer_make,IOMake_After_Redefinitions_PRO_Detail.xlsx,2017,OL47,41,327100,Clay product and refractory manufacturing,Industry,,2,S00402,Used and secondhand goods,DetailedSpecialCommodity,,0,blank
detail_make_components_2017,2017,detail,producer_make,IOMake_After_Redefinitions_PRO_Detail.xlsx,2017,OM47,41,327100,Clay product and refractory manufacturing,Industry,,3,S00300,Noncomparable imports,DetailedSpecialCommodity,,0,blank
detail_make_components_2017,2017,detail,producer_make,IOMake_After_Redefinitions_PRO_Detail.xlsx,2017,ON47,41,327100,Clay product and refractory manufacturing,Industry,,4,S00900,Rest of the world adjustment,DetailedSpecialCommodity,,0,blank
detail_make_components_2017,2017,detail,producer_make,IOMake_After_Redefinitions_PRO_Detail.xlsx,2017,OK48,42,327200,Glass and glass product manufacturing,Industry,,1,S00401,Scrap,DetailedSpecialCommodity,,3,numeric
detail_make_components_2017,2017,detail,producer_make,IOMake_After_Redefinitions_PRO_Detail.xlsx,2017,OL48,42,327200,Glass and glass product manufacturing,Industry,,2,S00402,Used and secondhand goods,DetailedSpecialCommodity,,0,blank
detail_make_components_2017,2017,detail,producer_make,IOMake_After_Redefinitions_PRO_Detail.xlsx,2017,OM48,42,327200,Glass and glass product manufacturing,Industry,,3,S00300,Noncomparable imports,DetailedSpecialCommodity,,0,blank
detail_make_components_2017,2017,detail,producer_make,IOMake_After_Redefinitions_PRO_Detail.xlsx,2017,ON48,42,327200,Glass and glass product manufacturing,Industry,,4,S00900,Rest of the world adjustment,DetailedSpecialCommodity,,0,blank
detail_make_components_2017,2017,detail,producer_make,IOMake_After_Redefinitions_PRO_Detail.xlsx,2017,OK49,43,327310,Cement manufacturing,Industry,,1,S00401,Scrap,DetailedSpecialCommodity,,0,blank
detail_make_components_2017,2017,detail,producer_make,IOMake_After_Redefinitions_PRO_Detail.xlsx,2017,OL49,43,327310,Cement manufacturing,Industry,,2,S00402,Used and secondhand goods,DetailedSpecialCommodity,,0,blank
detail_make_components_2017,2017,detail,producer_make,IOMake_After_Redefinitions_PRO_Detail.xlsx,2017,OM49,43,327310,Cement manufacturing,Industry,,3,S00300,Noncomparable imports,DetailedSpecialCommodity,,0,blank
detail_make_components_2017,2017,detail,producer_make,IOMake_After_Redefinitions_PRO_Detail.xlsx,2017,ON49,43,327310,Cement manufacturing,Industry,,4,S00900,Rest of the world adjustment,DetailedSpecialCommodity,,0,blank
detail_make_components_2017,2017,detail,producer_make,IOMake_After_Redefinitions_PRO_Detail.xlsx,2017,OK50,44,327320,Ready-mix concrete manufacturing,Industry,,1,S00401,Scrap,DetailedSpecialCommodity,,0,blank
detail_make_components_2017,2017,detail,producer_make,IOMake_After_Redefinitions_PRO_Detail.xlsx,2017,OL50,44,327320,Ready-mix concrete manufacturing,Industry,,2,S00402,Used and secondhand goods,DetailedSpecialCommodity,,0,blank
detail_make_components_2017,2017,detail,producer_make,IOMake_After_Redefinitions_PRO_Detail.xlsx,2017,OM50,44,327320,Ready-mix concrete manufacturing,Industry,,3,S00300,Noncomparable imports,DetailedSpecialCommodity,,0,blank
detail_make_components_2017,2017,detail,producer_make,IOMake_After_Redefinitions_PRO_Detail.xlsx,2017,ON50,44,327320,Ready-mix concrete manufacturing,Industry,,4,S00900,Rest of the world adjustment,DetailedSpecialCommodity,,0,blank
detail_make_components_2017,2017,detail,producer_make,IOMake_After_Redefinitions_PRO_Detail.xlsx,2017,OK51,45,327330,"Concrete pipe, brick, and block manufacturing",Industry,,1,S00401,Scrap,DetailedSpecialCommodity,,0,blank
detail_make_components_2017,2017,detail,producer_make,IOMake_After_Redefinitions_PRO_Detail.xlsx,2017,OL51,45,327330,"Concrete pipe, brick, and block manufacturing",Industry,,2,S00402,Used and secondhand goods,DetailedSpecialCommodity,,0,blank
detail_make_components_2017,2017,detail,producer_make,IOMake_After_Redefinitions_PRO_Detail.xlsx,2017,OM51,45,327330,"Concrete pipe, brick, and block manufacturing",Industry,,3,S00300,Noncomparable imports,DetailedSpecialCommodity,,0,blank
detail_make_components_2017,2017,detail,producer_make,IOMake_After_Redefinitions_PRO_Detail.xlsx,2017,ON51,45,327330,"Concrete pipe, brick, and block manufacturing",Industry,,4,S00900,Rest of the world adjustment,DetailedSpecialCommodity,,0,blank
detail_make_components_2017,2017,detail,producer_make,IOMake_After_Redefinitions_PRO_Detail.xlsx,2017,OK52,46,327390,Other concrete product manufacturing,Industry,,1,S00401,Scrap,DetailedSpecialCommodity,,0,blank
detail_make_components_2017,2017,detail,producer_make,IOMake_After_Redefinitions_PRO_Detail.xlsx,2017,OL52,46,327390,Other concrete product manufacturing,Industry,,2,S00402,Used and secondhand goods,DetailedSpecialCommodity,,0,blank
detail_make_components_2017,2017,detail,producer_make,IOMake_After_Redefinitions_PRO_Detail.xlsx,2017,OM52,46,327390,Other concrete product manufacturing,Industry,,3,S00300,Noncomparable imports,DetailedSpecialCommodity,,0,blank
detail_make_components_2017,2017,detail,producer_make,IOMake_After_Redefinitions_PRO_Detail.xlsx,2017,ON52,46,327390,Other concrete product manufacturing,Industry,,4,S00900,Rest of the world adjustment,DetailedSpecialCommodity,,0,blank
detail_make_components_2017,2017,detail,producer_make,IOMake_After_Redefinitions_PRO_Detail.xlsx,2017,OK53,47,327400,Lime and gypsum product manufacturing,Industry,,1,S00401,Scrap,DetailedSpecialCommodity,,0,blank
detail_make_components_2017,2017,detail,producer_make,IOMake_After_Redefinitions_PRO_Detail.xlsx,2017,OL53,47,327400,Lime and gypsum product manufacturing,Industry,,2,S00402,Used and secondhand goods,DetailedSpecialCommodity,,0,blank
detail_make_components_2017,2017,detail,producer_make,IOMake_After_Redefinitions_PRO_Detail.xlsx,2017,OM53,47,327400,Lime and gypsum product manufacturing,Industry,,3,S00300,Noncomparable imports,DetailedSpecialCommodity,,0,blank
detail_make_components_2017,2017,detail,producer_make,IOMake_After_Redefinitions_PRO_Detail.xlsx,2017,ON53,47,327400,Lime and gypsum product manufacturing,Industry,,4,S00900,Rest of the world adjustment,DetailedSpecialCommodity,,0,blank
detail_make_components_2017,2017,detail,producer_make,IOMake_After_Redefinitions_PRO_Detail.xlsx,2017,OK54,48,327910,Abrasive product manufacturing,Industry,,1,S00401,Scrap,DetailedSpecialCommodity,,0,blank
detail_make_components_2017,2017,detail,producer_make,IOMake_After_Redefinitions_PRO_Detail.xlsx,2017,OL54,48,327910,Abrasive product manufacturing,Industry,,2,S00402,Used and secondhand goods,DetailedSpecialCommodity,,0,blank
detail_make_components_2017,2017,detail,producer_make,IOMake_After_Redefinitions_PRO_Detail.xlsx,2017,OM54,48,327910,Abrasive product manufacturing,Industry,,3,S00300,Noncomparable imports,DetailedSpecialCommodity,,0,blank
detail_make_components_2017,2017,detail,producer_make,IOMake_After_Redefinitions_PRO_Detail.xlsx,2017,ON54,48,327910,Abrasive product manufacturing,Industry,,4,S00900,Rest of the world adjustment,DetailedSpecialCommodity,,0,blank
detail_make_components_2017,2017,detail,producer_make,IOMake_After_Redefinitions_PRO_Detail.xlsx,2017,OK55,49,327991,Cut stone and stone product manufacturing,Industry,,1,S00401,Scrap,DetailedSpecialCommodity,,0,blank
detail_make_components_2017,2017,detail,producer_make,IOMake_After_Redefinitions_PRO_Detail.xlsx,2017,OL55,49,327991,Cut stone and stone product manufacturing,Industry,,2,S00402,Used and secondhand goods,DetailedSpecialCommodity,,0,blank
detail_make_components_2017,2017,detail,producer_make,IOMake_After_Redefinitions_PRO_Detail.xlsx,2017,OM55,49,327991,Cut stone and stone product manufacturing,Industry,,3,S00300,Noncomparable imports,DetailedSpecialCommodity,,0,blank
detail_make_components_2017,2017,detail,producer_make,IOMake_After_Redefinitions_PRO_Detail.xlsx,2017,ON55,49,327991,Cut stone and stone product manufacturing,Industry,,4,S00900,Rest of the world adjustment,DetailedSpecialCommodity,,0,blank
detail_make_components_2017,2017,detail,producer_make,IOMake_After_Redefinitions_PRO_Detail.xlsx,2017,OK56,50,327992,Ground or treated mineral and earth manufacturing,Industry,,1,S00401,Scrap,DetailedSpecialCommodity,,0,blank
detail_make_components_2017,2017,detail,producer_make,IOMake_After_Redefinitions_PRO_Detail.xlsx,2017,OL56,50,327992,Ground or treated mineral and earth manufacturing,Industry,,2,S00402,Used and secondhand goods,DetailedSpecialCommodity,,0,blank
detail_make_components_2017,2017,detail,producer_make,IOMake_After_Redefinitions_PRO_Detail.xlsx,2017,OM56,50,327992,Ground or treated mineral and earth manufacturing,Industry,,3,S00300,Noncomparable imports,DetailedSpecialCommodity,,0,blank
detail_make_components_2017,2017,detail,producer_make,IOMake_After_Redefinitions_PRO_Detail.xlsx,2017,ON56,50,327992,Ground or treated mineral and earth manufacturing,Industry,,4,S00900,Rest of the world adjustment,DetailedSpecialCommodity,,0,blank
detail_make_components_2017,2017,detail,producer_make,IOMake_After_Redefinitions_PRO_Detail.xlsx,2017,OK57,51,327993,Mineral wool manufacturing,Industry,,1,S00401,Scrap,DetailedSpecialCommodity,,0,blank
detail_make_components_2017,2017,detail,producer_make,IOMake_After_Redefinitions_PRO_Detail.xlsx,2017,OL57,51,327993,Mineral wool manufacturing,Industry,,2,S00402,Used and secondhand goods,DetailedSpecialCommodity,,0,blank
detail_make_components_2017,2017,detail,producer_make,IOMake_After_Redefinitions_PRO_Detail.xlsx,2017,OM57,51,327993,Mineral wool manufacturing,Industry,,3,S00300,Noncomparable imports,DetailedSpecialCommodity,,0,blank
detail_make_components_2017,2017,detail,producer_make,IOMake_After_Redefinitions_PRO_Detail.xlsx,2017,ON57,51,327993,Mineral wool manufacturing,Industry,,4,S00900,Rest of the world adjustment,DetailedSpecialCommodity,,0,blank
detail_make_components_2017,2017,detail,producer_make,IOMake_After_Redefinitions_PRO_Detail.xlsx,2017,OK58,52,327999,Miscellaneous nonmetallic mineral products,Industry,,1,S00401,Scrap,DetailedSpecialCommodity,,0,blank
detail_make_components_2017,2017,detail,producer_make,IOMake_After_Redefinitions_PRO_Detail.xlsx,2017,OL58,52,327999,Miscellaneous nonmetallic mineral products,Industry,,2,S00402,Used and secondhand goods,DetailedSpecialCommodity,,0,blank
detail_make_components_2017,2017,detail,producer_make,IOMake_After_Redefinitions_PRO_Detail.xlsx,2017,OM58,52,327999,Miscellaneous nonmetallic mineral products,Industry,,3,S00300,Noncomparable imports,DetailedSpecialCommodity,,0,blank
detail_make_components_2017,2017,detail,producer_make,IOMake_After_Redefinitions_PRO_Detail.xlsx,2017,ON58,52,327999,Miscellaneous nonmetallic mineral products,Industry,,4,S00900,Rest of the world adjustment,DetailedSpecialCommodity,,0,blank
detail_make_components_2017,2017,detail,producer_make,IOMake_After_Redefinitions_PRO_Detail.xlsx,2017,OK59,53,331110,Iron and steel mills and ferroalloy manufacturing,Industry,,1,S00401,Scrap,DetailedSpecialCommodity,,156,numeric
detail_make_components_2017,2017,detail,producer_make,IOMake_After_Redefinitions_PRO_Detail.xlsx,2017,OL59,53,331110,Iron and steel mills and ferroalloy manufacturing,Industry,,2,S00402,Used and secondhand goods,DetailedSpecialCommodity,,0,blank
detail_make_components_2017,2017,detail,producer_make,IOMake_After_Redefinitions_PRO_Detail.xlsx,2017,OM59,53,331110,Iron and steel mills and ferroalloy manufacturing,Industry,,3,S00300,Noncomparable imports,DetailedSpecialCommodity,,0,blank
detail_make_components_2017,2017,detail,producer_make,IOMake_After_Redefinitions_PRO_Detail.xlsx,2017,ON59,53,331110,Iron and steel mills and ferroalloy manufacturing,Industry,,4,S00900,Rest of the world adjustment,DetailedSpecialCommodity,,0,blank
detail_make_components_2017,2017,detail,producer_make,IOMake_After_Redefinitions_PRO_Detail.xlsx,2017,OK60,54,331200,Steel product manufacturing from purchased steel,Industry,,1,S00401,Scrap,DetailedSpecialCommodity,,186,numeric
detail_make_components_2017,2017,detail,producer_make,IOMake_After_Redefinitions_PRO_Detail.xlsx,2017,OL60,54,331200,Steel product manufacturing from purchased steel,Industry,,2,S00402,Used and secondhand goods,DetailedSpecialCommodity,,0,blank
detail_make_components_2017,2017,detail,producer_make,IOMake_After_Redefinitions_PRO_Detail.xlsx,2017,OM60,54,331200,Steel product manufacturing from purchased steel,Industry,,3,S00300,Noncomparable imports,DetailedSpecialCommodity,,0,blank
detail_make_components_2017,2017,detail,producer_make,IOMake_After_Redefinitions_PRO_Detail.xlsx,2017,ON60,54,331200,Steel product manufacturing from purchased steel,Industry,,4,S00900,Rest of the world adjustment,DetailedSpecialCommodity,,0,blank
detail_make_components_2017,2017,detail,producer_make,IOMake_After_Redefinitions_PRO_Detail.xlsx,2017,OK61,55,331314,Secondary smelting and alloying of aluminum,Industry,,1,S00401,Scrap,DetailedSpecialCommodity,,3,numeric
detail_make_components_2017,2017,detail,producer_make,IOMake_After_Redefinitions_PRO_Detail.xlsx,2017,OL61,55,331314,Secondary smelting and alloying of aluminum,Industry,,2,S00402,Used and secondhand goods,DetailedSpecialCommodity,,0,blank
detail_make_components_2017,2017,detail,producer_make,IOMake_After_Redefinitions_PRO_Detail.xlsx,2017,OM61,55,331314,Secondary smelting and alloying of aluminum,Industry,,3,S00300,Noncomparable imports,DetailedSpecialCommodity,,0,blank
detail_make_components_2017,2017,detail,producer_make,IOMake_After_Redefinitions_PRO_Detail.xlsx,2017,ON61,55,331314,Secondary smelting and alloying of aluminum,Industry,,4,S00900,Rest of the world adjustment,DetailedSpecialCommodity,,0,blank
detail_make_components_2017,2017,detail,producer_make,IOMake_After_Redefinitions_PRO_Detail.xlsx,2017,OK62,56,331313,Alumina refining and primary aluminum production,Industry,,1,S00401,Scrap,DetailedSpecialCommodity,,1,numeric
detail_make_components_2017,2017,detail,producer_make,IOMake_After_Redefinitions_PRO_Detail.xlsx,2017,OL62,56,331313,Alumina refining and primary aluminum production,Industry,,2,S00402,Used and secondhand goods,DetailedSpecialCommodity,,0,blank
detail_make_components_2017,2017,detail,producer_make,IOMake_After_Redefinitions_PRO_Detail.xlsx,2017,OM62,56,331313,Alumina refining and primary aluminum production,Industry,,3,S00300,Noncomparable imports,DetailedSpecialCommodity,,0,blank
detail_make_components_2017,2017,detail,producer_make,IOMake_After_Redefinitions_PRO_Detail.xlsx,2017,ON62,56,331313,Alumina refining and primary aluminum production,Industry,,4,S00900,Rest of the world adjustment,DetailedSpecialCommodity,,0,blank
detail_make_components_2017,2017,detail,producer_make,IOMake_After_Redefinitions_PRO_Detail.xlsx,2017,OK63,57,33131B,Aluminum product manufacturing from purchased aluminum,Industry,,1,S00401,Scrap,DetailedSpecialCommodity,,262,numeric
detail_make_components_2017,2017,detail,producer_make,IOMake_After_Redefinitions_PRO_Detail.xlsx,2017,OL63,57,33131B,Aluminum product manufacturing from purchased aluminum,Industry,,2,S00402,Used and secondhand goods,DetailedSpecialCommodity,,0,blank
detail_make_components_2017,2017,detail,producer_make,IOMake_After_Redefinitions_PRO_Detail.xlsx,2017,OM63,57,33131B,Aluminum product manufacturing from purchased aluminum,Industry,,3,S00300,Noncomparable imports,DetailedSpecialCommodity,,0,blank
detail_make_components_2017,2017,detail,producer_make,IOMake_After_Redefinitions_PRO_Detail.xlsx,2017,ON63,57,33131B,Aluminum product manufacturing from purchased aluminum,Industry,,4,S00900,Rest of the world adjustment,DetailedSpecialCommodity,,0,blank
detail_make_components_2017,2017,detail,producer_make,IOMake_After_Redefinitions_PRO_Detail.xlsx,2017,OK64,58,331410,Nonferrous metal (except aluminum) smelting and refining,Industry,,1,S00401,Scrap,DetailedSpecialCommodity,,49,numeric
detail_make_components_2017,2017,detail,producer_make,IOMake_After_Redefinitions_PRO_Detail.xlsx,2017,OL64,58,331410,Nonferrous metal (except aluminum) smelting and refining,Industry,,2,S00402,Used and secondhand goods,DetailedSpecialCommodity,,0,blank
detail_make_components_2017,2017,detail,producer_make,IOMake_After_Redefinitions_PRO_Detail.xlsx,2017,OM64,58,331410,Nonferrous metal (except aluminum) smelting and refining,Industry,,3,S00300,Noncomparable imports,DetailedSpecialCommodity,,0,blank
detail_make_components_2017,2017,detail,producer_make,IOMake_After_Redefinitions_PRO_Detail.xlsx,2017,ON64,58,331410,Nonferrous metal (except aluminum) smelting and refining,Industry,,4,S00900,Rest of the world adjustment,DetailedSpecialCommodity,,0,blank
detail_make_components_2017,2017,detail,producer_make,IOMake_After_Redefinitions_PRO_Detail.xlsx,2017,OK65,59,331420,"Copper rolling, drawing, extruding and alloying",Industry,,1,S00401,Scrap,DetailedSpecialCommodity,,0,numeric
detail_make_components_2017,2017,detail,producer_make,IOMake_After_Redefinitions_PRO_Detail.xlsx,2017,OL65,59,331420,"Copper rolling, drawing, extruding and alloying",Industry,,2,S00402,Used and secondhand goods,DetailedSpecialCommodity,,0,blank
detail_make_components_2017,2017,detail,producer_make,IOMake_After_Redefinitions_PRO_Detail.xlsx,2017,OM65,59,331420,"Copper rolling, drawing, extruding and alloying",Industry,,3,S00300,Noncomparable imports,DetailedSpecialCommodity,,0,blank
detail_make_components_2017,2017,detail,producer_make,IOMake_After_Redefinitions_PRO_Detail.xlsx,2017,ON65,59,331420,"Copper rolling, drawing, extruding and alloying",Industry,,4,S00900,Rest of the world adjustment,DetailedSpecialCommodity,,0,blank
detail_make_components_2017,2017,detail,producer_make,IOMake_After_Redefinitions_PRO_Detail.xlsx,2017,OK66,60,331490,"Nonferrous metal (except copper and aluminum) rolling, drawing, extruding and alloying",Industry,,1,S00401,Scrap,DetailedSpecialCommodity,,30,numeric
detail_make_components_2017,2017,detail,producer_make,IOMake_After_Redefinitions_PRO_Detail.xlsx,2017,OL66,60,331490,"Nonferrous metal (except copper and aluminum) rolling, drawing, extruding and alloying",Industry,,2,S00402,Used and secondhand goods,DetailedSpecialCommodity,,0,blank
detail_make_components_2017,2017,detail,producer_make,IOMake_After_Redefinitions_PRO_Detail.xlsx,2017,OM66,60,331490,"Nonferrous metal (except copper and aluminum) rolling, drawing, extruding and alloying",Industry,,3,S00300,Noncomparable imports,DetailedSpecialCommodity,,0,blank
detail_make_components_2017,2017,detail,producer_make,IOMake_After_Redefinitions_PRO_Detail.xlsx,2017,ON66,60,331490,"Nonferrous metal (except copper and aluminum) rolling, drawing, extruding and alloying",Industry,,4,S00900,Rest of the world adjustment,DetailedSpecialCommodity,,0,blank
detail_make_components_2017,2017,detail,producer_make,IOMake_After_Redefinitions_PRO_Detail.xlsx,2017,OK67,61,331510,Ferrous metal foundries,Industry,,1,S00401,Scrap,DetailedSpecialCommodity,,15,numeric
detail_make_components_2017,2017,detail,producer_make,IOMake_After_Redefinitions_PRO_Detail.xlsx,2017,OL67,61,331510,Ferrous metal foundries,Industry,,2,S00402,Used and secondhand goods,DetailedSpecialCommodity,,0,blank
detail_make_components_2017,2017,detail,producer_make,IOMake_After_Redefinitions_PRO_Detail.xlsx,2017,OM67,61,331510,Ferrous metal foundries,Industry,,3,S00300,Noncomparable imports,DetailedSpecialCommodity,,0,blank
detail_make_components_2017,2017,detail,producer_make,IOMake_After_Redefinitions_PRO_Detail.xlsx,2017,ON67,61,331510,Ferrous metal foundries,Industry,,4,S00900,Rest of the world adjustment,DetailedSpecialCommodity,,0,blank
detail_make_components_2017,2017,detail,producer_make,IOMake_After_Redefinitions_PRO_Detail.xlsx,2017,OK68,62,331520,Nonferrous metal foundries,Industry,,1,S00401,Scrap,DetailedSpecialCommodity,,49,numeric
detail_make_components_2017,2017,detail,producer_make,IOMake_After_Redefinitions_PRO_Detail.xlsx,2017,OL68,62,331520,Nonferrous metal foundries,Industry,,2,S00402,Used and secondhand goods,DetailedSpecialCommodity,,0,blank
detail_make_components_2017,2017,detail,producer_make,IOMake_After_Redefinitions_PRO_Detail.xlsx,2017,OM68,62,331520,Nonferrous metal foundries,Industry,,3,S00300,Noncomparable imports,DetailedSpecialCommodity,,0,blank
detail_make_components_2017,2017,detail,producer_make,IOMake_After_Redefinitions_PRO_Detail.xlsx,2017,ON68,62,331520,Nonferrous metal foundries,Industry,,4,S00900,Rest of the world adjustment,DetailedSpecialCommodity,,0,blank
detail_make_components_2017,2017,detail,producer_make,IOMake_After_Redefinitions_PRO_Detail.xlsx,2017,OK69,63,332114,Custom roll forming,Industry,,1,S00401,Scrap,DetailedSpecialCommodity,,95,numeric
detail_make_components_2017,2017,detail,producer_make,IOMake_After_Redefinitions_PRO_Detail.xlsx,2017,OL69,63,332114,Custom roll forming,Industry,,2,S00402,Used and secondhand goods,DetailedSpecialCommodity,,0,blank
detail_make_components_2017,2017,detail,producer_make,IOMake_After_Redefinitions_PRO_Detail.xlsx,2017,OM69,63,332114,Custom roll forming,Industry,,3,S00300,Noncomparable imports,DetailedSpecialCommodity,,0,blank
detail_make_components_2017,2017,detail,producer_make,IOMake_After_Redefinitions_PRO_Detail.xlsx,2017,ON69,63,332114,Custom roll forming,Industry,,4,S00900,Rest of the world adjustment,DetailedSpecialCommodity,,0,blank
detail_make_components_2017,2017,detail,producer_make,IOMake_After_Redefinitions_PRO_Detail.xlsx,2017,OK70,64,33211A,"All other forging, stamping, and sintering",Industry,,1,S00401,Scrap,DetailedSpecialCommodity,,89,numeric
detail_make_components_2017,2017,detail,producer_make,IOMake_After_Redefinitions_PRO_Detail.xlsx,2017,OL70,64,33211A,"All other forging, stamping, and sintering",Industry,,2,S00402,Used and secondhand goods,DetailedSpecialCommodity,,0,blank
detail_make_components_2017,2017,detail,producer_make,IOMake_After_Redefinitions_PRO_Detail.xlsx,2017,OM70,64,33211A,"All other forging, stamping, and sintering",Industry,,3,S00300,Noncomparable imports,DetailedSpecialCommodity,,0,blank
detail_make_components_2017,2017,detail,producer_make,IOMake_After_Redefinitions_PRO_Detail.xlsx,2017,ON70,64,33211A,"All other forging, stamping, and sintering",Industry,,4,S00900,Rest of the world adjustment,DetailedSpecialCommodity,,0,blank
detail_make_components_2017,2017,detail,producer_make,IOMake_After_Redefinitions_PRO_Detail.xlsx,2017,OK71,65,332119,"Metal crown, closure, and other metal stamping (except automotive)",Industry,,1,S00401,Scrap,DetailedSpecialCommodity,,680,numeric
detail_make_components_2017,2017,detail,producer_make,IOMake_After_Redefinitions_PRO_Detail.xlsx,2017,OL71,65,332119,"Metal crown, closure, and other metal stamping (except automotive)",Industry,,2,S00402,Used and secondhand goods,DetailedSpecialCommodity,,0,blank
detail_make_components_2017,2017,detail,producer_make,IOMake_After_Redefinitions_PRO_Detail.xlsx,2017,OM71,65,332119,"Metal crown, closure, and other metal stamping (except automotive)",Industry,,3,S00300,Noncomparable imports,DetailedSpecialCommodity,,0,blank
detail_make_components_2017,2017,detail,producer_make,IOMake_After_Redefinitions_PRO_Detail.xlsx,2017,ON71,65,332119,"Metal crown, closure, and other metal stamping (except automotive)",Industry,,4,S00900,Rest of the world adjustment,DetailedSpecialCommodity,,0,blank
detail_make_components_2017,2017,detail,producer_make,IOMake_After_Redefinitions_PRO_Detail.xlsx,2017,OK72,66,332200,Cutlery and handtool manufacturing,Industry,,1,S00401,Scrap,DetailedSpecialCommodity,,11,numeric
detail_make_components_2017,2017,detail,producer_make,IOMake_After_Redefinitions_PRO_Detail.xlsx,2017,OL72,66,332200,Cutlery and handtool manufacturing,Industry,,2,S00402,Used and secondhand goods,DetailedSpecialCommodity,,0,blank
detail_make_components_2017,2017,detail,producer_make,IOMake_After_Redefinitions_PRO_Detail.xlsx,2017,OM72,66,332200,Cutlery and handtool manufacturing,Industry,,3,S00300,Noncomparable imports,DetailedSpecialCommodity,,0,blank
detail_make_components_2017,2017,detail,producer_make,IOMake_After_Redefinitions_PRO_Detail.xlsx,2017,ON72,66,332200,Cutlery and handtool manufacturing,Industry,,4,S00900,Rest of the world adjustment,DetailedSpecialCommodity,,0,blank
detail_make_components_2017,2017,detail,producer_make,IOMake_After_Redefinitions_PRO_Detail.xlsx,2017,OK73,67,332310,Plate work and fabricated structural product manufacturing,Industry,,1,S00401,Scrap,DetailedSpecialCommodity,,260,numeric
detail_make_components_2017,2017,detail,producer_make,IOMake_After_Redefinitions_PRO_Detail.xlsx,2017,OL73,67,332310,Plate work and fabricated structural product manufacturing,Industry,,2,S00402,Used and secondhand goods,DetailedSpecialCommodity,,0,blank
detail_make_components_2017,2017,detail,producer_make,IOMake_After_Redefinitions_PRO_Detail.xlsx,2017,OM73,67,332310,Plate work and fabricated structural product manufacturing,Industry,,3,S00300,Noncomparable imports,DetailedSpecialCommodity,,0,blank
detail_make_components_2017,2017,detail,producer_make,IOMake_After_Redefinitions_PRO_Detail.xlsx,2017,ON73,67,332310,Plate work and fabricated structural product manufacturing,Industry,,4,S00900,Rest of the world adjustment,DetailedSpecialCommodity,,0,blank
detail_make_components_2017,2017,detail,producer_make,IOMake_After_Redefinitions_PRO_Detail.xlsx,2017,OK74,68,332320,Ornamental and architectural metal products manufacturing,Industry,,1,S00401,Scrap,DetailedSpecialCommodity,,267,numeric
detail_make_components_2017,2017,detail,producer_make,IOMake_After_Redefinitions_PRO_Detail.xlsx,2017,OL74,68,332320,Ornamental and architectural metal products manufacturing,Industry,,2,S00402,Used and secondhand goods,DetailedSpecialCommodity,,0,blank
detail_make_components_2017,2017,detail,producer_make,IOMake_After_Redefinitions_PRO_Detail.xlsx,2017,OM74,68,332320,Ornamental and architectural metal products manufacturing,Industry,,3,S00300,Noncomparable imports,DetailedSpecialCommodity,,0,blank
detail_make_components_2017,2017,detail,producer_make,IOMake_After_Redefinitions_PRO_Detail.xlsx,2017,ON74,68,332320,Ornamental and architectural metal products manufacturing,Industry,,4,S00900,Rest of the world adjustment,DetailedSpecialCommodity,,0,blank
detail_make_components_2017,2017,detail,producer_make,IOMake_After_Redefinitions_PRO_Detail.xlsx,2017,OK75,69,332410,Power boiler and heat exchanger manufacturing,Industry,,1,S00401,Scrap,DetailedSpecialCommodity,,6,numeric
detail_make_components_2017,2017,detail,producer_make,IOMake_After_Redefinitions_PRO_Detail.xlsx,2017,OL75,69,332410,Power boiler and heat exchanger manufacturing,Industry,,2,S00402,Used and secondhand goods,DetailedSpecialCommodity,,0,blank
detail_make_components_2017,2017,detail,producer_make,IOMake_After_Redefinitions_PRO_Detail.xlsx,2017,OM75,69,332410,Power boiler and heat exchanger manufacturing,Industry,,3,S00300,Noncomparable imports,DetailedSpecialCommodity,,0,blank
detail_make_components_2017,2017,detail,producer_make,IOMake_After_Redefinitions_PRO_Detail.xlsx,2017,ON75,69,332410,Power boiler and heat exchanger manufacturing,Industry,,4,S00900,Rest of the world adjustment,DetailedSpecialCommodity,,0,blank
detail_make_components_2017,2017,detail,producer_make,IOMake_After_Redefinitions_PRO_Detail.xlsx,2017,OK76,70,332420,Metal tank (heavy gauge) manufacturing,Industry,,1,S00401,Scrap,DetailedSpecialCommodity,,73,numeric
detail_make_components_2017,2017,detail,producer_make,IOMake_After_Redefinitions_PRO_Detail.xlsx,2017,OL76,70,332420,Metal tank (heavy gauge) manufacturing,Industry,,2,S00402,Used and secondhand goods,DetailedSpecialCommodity,,0,blank
detail_make_components_2017,2017,detail,producer_make,IOMake_After_Redefinitions_PRO_Detail.xlsx,2017,OM76,70,332420,Metal tank (heavy gauge) manufacturing,Industry,,3,S00300,Noncomparable imports,DetailedSpecialCommodity,,0,blank
detail_make_components_2017,2017,detail,producer_make,IOMake_After_Redefinitions_PRO_Detail.xlsx,2017,ON76,70,332420,Metal tank (heavy gauge) manufacturing,Industry,,4,S00900,Rest of the world adjustment,DetailedSpecialCommodity,,0,blank
detail_make_components_2017,2017,detail,producer_make,IOMake_After_Redefinitions_PRO_Detail.xlsx,2017,OK77,71,332430,"Metal can, box, and other metal container (light gauge) manufacturing",Industry,,1,S00401,Scrap,DetailedSpecialCommodity,,188,numeric
detail_make_components_2017,2017,detail,producer_make,IOMake_After_Redefinitions_PRO_Detail.xlsx,2017,OL77,71,332430,"Metal can, box, and other metal container (light gauge) manufacturing",Industry,,2,S00402,Used and secondhand goods,DetailedSpecialCommodity,,0,blank
detail_make_components_2017,2017,detail,producer_make,IOMake_After_Redefinitions_PRO_Detail.xlsx,2017,OM77,71,332430,"Metal can, box, and other metal container (light gauge) manufacturing",Industry,,3,S00300,Noncomparable imports,DetailedSpecialCommodity,,0,blank
detail_make_components_2017,2017,detail,producer_make,IOMake_After_Redefinitions_PRO_Detail.xlsx,2017,ON77,71,332430,"Metal can, box, and other metal container (light gauge) manufacturing",Industry,,4,S00900,Rest of the world adjustment,DetailedSpecialCommodity,,0,blank
detail_make_components_2017,2017,detail,producer_make,IOMake_After_Redefinitions_PRO_Detail.xlsx,2017,OK78,72,332500,Hardware manufacturing,Industry,,1,S00401,Scrap,DetailedSpecialCommodity,,14,numeric
detail_make_components_2017,2017,detail,producer_make,IOMake_After_Redefinitions_PRO_Detail.xlsx,2017,OL78,72,332500,Hardware manufacturing,Industry,,2,S00402,Used and secondhand goods,DetailedSpecialCommodity,,0,blank
detail_make_components_2017,2017,detail,producer_make,IOMake_After_Redefinitions_PRO_Detail.xlsx,2017,OM78,72,332500,Hardware manufacturing,Industry,,3,S00300,Noncomparable imports,DetailedSpecialCommodity,,0,blank
detail_make_components_2017,2017,detail,producer_make,IOMake_After_Redefinitions_PRO_Detail.xlsx,2017,ON78,72,332500,Hardware manufacturing,Industry,,4,S00900,Rest of the world adjustment,DetailedSpecialCommodity,,0,blank
detail_make_components_2017,2017,detail,producer_make,IOMake_After_Redefinitions_PRO_Detail.xlsx,2017,OK79,73,332600,Spring and wire product manufacturing,Industry,,1,S00401,Scrap,DetailedSpecialCommodity,,182,numeric
detail_make_components_2017,2017,detail,producer_make,IOMake_After_Redefinitions_PRO_Detail.xlsx,2017,OL79,73,332600,Spring and wire product manufacturing,Industry,,2,S00402,Used and secondhand goods,DetailedSpecialCommodity,,0,blank
detail_make_components_2017,2017,detail,producer_make,IOMake_After_Redefinitions_PRO_Detail.xlsx,2017,OM79,73,332600,Spring and wire product manufacturing,Industry,,3,S00300,Noncomparable imports,DetailedSpecialCommodity,,0,blank
detail_make_components_2017,2017,detail,producer_make,IOMake_After_Redefinitions_PRO_Detail.xlsx,2017,ON79,73,332600,Spring and wire product manufacturing,Industry,,4,S00900,Rest of the world adjustment,DetailedSpecialCommodity,,0,blank
detail_make_components_2017,2017,detail,producer_make,IOMake_After_Redefinitions_PRO_Detail.xlsx,2017,OK80,74,332710,Machine shops,Industry,,1,S00401,Scrap,DetailedSpecialCommodity,,124,numeric
detail_make_components_2017,2017,detail,producer_make,IOMake_After_Redefinitions_PRO_Detail.xlsx,2017,OL80,74,332710,Machine shops,Industry,,2,S00402,Used and secondhand goods,DetailedSpecialCommodity,,0,blank
detail_make_components_2017,2017,detail,producer_make,IOMake_After_Redefinitions_PRO_Detail.xlsx,2017,OM80,74,332710,Machine shops,Industry,,3,S00300,Noncomparable imports,DetailedSpecialCommodity,,0,blank
detail_make_components_2017,2017,detail,producer_make,IOMake_After_Redefinitions_PRO_Detail.xlsx,2017,ON80,74,332710,Machine shops,Industry,,4,S00900,Rest of the world adjustment,DetailedSpecialCommodity,,0,blank
detail_make_components_2017,2017,detail,producer_make,IOMake_After_Redefinitions_PRO_Detail.xlsx,2017,OK81,75,332720,"Turned product and screw, nut, and bolt manufacturing",Industry,,1,S00401,Scrap,DetailedSpecialCommodity,,324,numeric
detail_make_components_2017,2017,detail,producer_make,IOMake_After_Redefinitions_PRO_Detail.xlsx,2017,OL81,75,332720,"Turned product and screw, nut, and bolt manufacturing",Industry,,2,S00402,Used and secondhand goods,DetailedSpecialCommodity,,0,blank
detail_make_components_2017,2017,detail,producer_make,IOMake_After_Redefinitions_PRO_Detail.xlsx,2017,OM81,75,332720,"Turned product and screw, nut, and bolt manufacturing",Industry,,3,S00300,Noncomparable imports,DetailedSpecialCommodity,,0,blank
detail_make_components_2017,2017,detail,producer_make,IOMake_After_Redefinitions_PRO_Detail.xlsx,2017,ON81,75,332720,"Turned product and screw, nut, and bolt manufacturing",Industry,,4,S00900,Rest of the world adjustment,DetailedSpecialCommodity,,0,blank
detail_make_components_2017,2017,detail,producer_make,IOMake_After_Redefinitions_PRO_Detail.xlsx,2017,OK82,76,332800,"Coating, engraving, heat treating and allied activities",Industry,,1,S00401,Scrap,DetailedSpecialCommodity,,252,numeric
detail_make_components_2017,2017,detail,producer_make,IOMake_After_Redefinitions_PRO_Detail.xlsx,2017,OL82,76,332800,"Coating, engraving, heat treating and allied activities",Industry,,2,S00402,Used and secondhand goods,DetailedSpecialCommodity,,0,blank
detail_make_components_2017,2017,detail,producer_make,IOMake_After_Redefinitions_PRO_Detail.xlsx,2017,OM82,76,332800,"Coating, engraving, heat treating and allied activities",Industry,,3,S00300,Noncomparable imports,DetailedSpecialCommodity,,0,blank
detail_make_components_2017,2017,detail,producer_make,IOMake_After_Redefinitions_PRO_Detail.xlsx,2017,ON82,76,332800,"Coating, engraving, heat treating and allied activities",Industry,,4,S00900,Rest of the world adjustment,DetailedSpecialCommodity,,0,blank
detail_make_components_2017,2017,detail,producer_make,IOMake_After_Redefinitions_PRO_Detail.xlsx,2017,OK83,77,332913,Plumbing fixture fitting and trim manufacturing,Industry,,1,S00401,Scrap,DetailedSpecialCommodity,,1,numeric
detail_make_components_2017,2017,detail,producer_make,IOMake_After_Redefinitions_PRO_Detail.xlsx,2017,OL83,77,332913,Plumbing fixture fitting and trim manufacturing,Industry,,2,S00402,Used and secondhand goods,DetailedSpecialCommodity,,0,blank
detail_make_components_2017,2017,detail,producer_make,IOMake_After_Redefinitions_PRO_Detail.xlsx,2017,OM83,77,332913,Plumbing fixture fitting and trim manufacturing,Industry,,3,S00300,Noncomparable imports,DetailedSpecialCommodity,,0,blank
detail_make_components_2017,2017,detail,producer_make,IOMake_After_Redefinitions_PRO_Detail.xlsx,2017,ON83,77,332913,Plumbing fixture fitting and trim manufacturing,Industry,,4,S00900,Rest of the world adjustment,DetailedSpecialCommodity,,0,blank
detail_make_components_2017,2017,detail,producer_make,IOMake_After_Redefinitions_PRO_Detail.xlsx,2017,OK84,78,33291A,Valve and fittings other than plumbing,Industry,,1,S00401,Scrap,DetailedSpecialCommodity,,19,numeric
detail_make_components_2017,2017,detail,producer_make,IOMake_After_Redefinitions_PRO_Detail.xlsx,2017,OL84,78,33291A,Valve and fittings other than plumbing,Industry,,2,S00402,Used and secondhand goods,DetailedSpecialCommodity,,0,blank
detail_make_components_2017,2017,detail,producer_make,IOMake_After_Redefinitions_PRO_Detail.xlsx,2017,OM84,78,33291A,Valve and fittings other than plumbing,Industry,,3,S00300,Noncomparable imports,DetailedSpecialCommodity,,0,blank
detail_make_components_2017,2017,detail,producer_make,IOMake_After_Redefinitions_PRO_Detail.xlsx,2017,ON84,78,33291A,Valve and fittings other than plumbing,Industry,,4,S00900,Rest of the world adjustment,DetailedSpecialCommodity,,0,blank
detail_make_components_2017,2017,detail,producer_make,IOMake_After_Redefinitions_PRO_Detail.xlsx,2017,OK85,79,332991,Ball and roller bearing manufacturing,Industry,,1,S00401,Scrap,DetailedSpecialCommodity,,7,numeric
detail_make_components_2017,2017,detail,producer_make,IOMake_After_Redefinitions_PRO_Detail.xlsx,2017,OL85,79,332991,Ball and roller bearing manufacturing,Industry,,2,S00402,Used and secondhand goods,DetailedSpecialCommodity,,0,blank
detail_make_components_2017,2017,detail,producer_make,IOMake_After_Redefinitions_PRO_Detail.xlsx,2017,OM85,79,332991,Ball and roller bearing manufacturing,Industry,,3,S00300,Noncomparable imports,DetailedSpecialCommodity,,0,blank
detail_make_components_2017,2017,detail,producer_make,IOMake_After_Redefinitions_PRO_Detail.xlsx,2017,ON85,79,332991,Ball and roller bearing manufacturing,Industry,,4,S00900,Rest of the world adjustment,DetailedSpecialCommodity,,0,blank
detail_make_components_2017,2017,detail,producer_make,IOMake_After_Redefinitions_PRO_Detail.xlsx,2017,OK86,80,332996,Fabricated pipe and pipe fitting manufacturing,Industry,,1,S00401,Scrap,DetailedSpecialCommodity,,24,numeric
detail_make_components_2017,2017,detail,producer_make,IOMake_After_Redefinitions_PRO_Detail.xlsx,2017,OL86,80,332996,Fabricated pipe and pipe fitting manufacturing,Industry,,2,S00402,Used and secondhand goods,DetailedSpecialCommodity,,0,blank
detail_make_components_2017,2017,detail,producer_make,IOMake_After_Redefinitions_PRO_Detail.xlsx,2017,OM86,80,332996,Fabricated pipe and pipe fitting manufacturing,Industry,,3,S00300,Noncomparable imports,DetailedSpecialCommodity,,0,blank
detail_make_components_2017,2017,detail,producer_make,IOMake_After_Redefinitions_PRO_Detail.xlsx,2017,ON86,80,332996,Fabricated pipe and pipe fitting manufacturing,Industry,,4,S00900,Rest of the world adjustment,DetailedSpecialCommodity,,0,blank
detail_make_components_2017,2017,detail,producer_make,IOMake_After_Redefinitions_PRO_Detail.xlsx,2017,OK87,81,33299A,"Ammunition, arms, ordnance, and accessories manufacturing",Industry,,1,S00401,Scrap,DetailedSpecialCommodity,,19,numeric
detail_make_components_2017,2017,detail,producer_make,IOMake_After_Redefinitions_PRO_Detail.xlsx,2017,OL87,81,33299A,"Ammunition, arms, ordnance, and accessories manufacturing",Industry,,2,S00402,Used and secondhand goods,DetailedSpecialCommodity,,0,blank
detail_make_components_2017,2017,detail,producer_make,IOMake_After_Redefinitions_PRO_Detail.xlsx,2017,OM87,81,33299A,"Ammunition, arms, ordnance, and accessories manufacturing",Industry,,3,S00300,Noncomparable imports,DetailedSpecialCommodity,,0,blank
detail_make_components_2017,2017,detail,producer_make,IOMake_After_Redefinitions_PRO_Detail.xlsx,2017,ON87,81,33299A,"Ammunition, arms, ordnance, and accessories manufacturing",Industry,,4,S00900,Rest of the world adjustment,DetailedSpecialCommodity,,0,blank
detail_make_components_2017,2017,detail,producer_make,IOMake_After_Redefinitions_PRO_Detail.xlsx,2017,OK88,82,332999,Other fabricated metal manufacturing,Industry,,1,S00401,Scrap,DetailedSpecialCommodity,,284,numeric
detail_make_components_2017,2017,detail,producer_make,IOMake_After_Redefinitions_PRO_Detail.xlsx,2017,OL88,82,332999,Other fabricated metal manufacturing,Industry,,2,S00402,Used and secondhand goods,DetailedSpecialCommodity,,0,blank
detail_make_components_2017,2017,detail,producer_make,IOMake_After_Redefinitions_PRO_Detail.xlsx,2017,OM88,82,332999,Other fabricated metal manufacturing,Industry,,3,S00300,Noncomparable imports,DetailedSpecialCommodity,,0,blank
detail_make_components_2017,2017,detail,producer_make,IOMake_After_Redefinitions_PRO_Detail.xlsx,2017,ON88,82,332999,Other fabricated metal manufacturing,Industry,,4,S00900,Rest of the world adjustment,DetailedSpecialCommodity,,0,blank
detail_make_components_2017,2017,detail,producer_make,IOMake_After_Redefinitions_PRO_Detail.xlsx,2017,OK89,83,333111,Farm machinery and equipment manufacturing,Industry,,1,S00401,Scrap,DetailedSpecialCommodity,,30,numeric
detail_make_components_2017,2017,detail,producer_make,IOMake_After_Redefinitions_PRO_Detail.xlsx,2017,OL89,83,333111,Farm machinery and equipment manufacturing,Industry,,2,S00402,Used and secondhand goods,DetailedSpecialCommodity,,0,blank
detail_make_components_2017,2017,detail,producer_make,IOMake_After_Redefinitions_PRO_Detail.xlsx,2017,OM89,83,333111,Farm machinery and equipment manufacturing,Industry,,3,S00300,Noncomparable imports,DetailedSpecialCommodity,,0,blank
detail_make_components_2017,2017,detail,producer_make,IOMake_After_Redefinitions_PRO_Detail.xlsx,2017,ON89,83,333111,Farm machinery and equipment manufacturing,Industry,,4,S00900,Rest of the world adjustment,DetailedSpecialCommodity,,0,blank
detail_make_components_2017,2017,detail,producer_make,IOMake_After_Redefinitions_PRO_Detail.xlsx,2017,OK90,84,333112,Lawn and garden equipment manufacturing,Industry,,1,S00401,Scrap,DetailedSpecialCommodity,,1,numeric
detail_make_components_2017,2017,detail,producer_make,IOMake_After_Redefinitions_PRO_Detail.xlsx,2017,OL90,84,333112,Lawn and garden equipment manufacturing,Industry,,2,S00402,Used and secondhand goods,DetailedSpecialCommodity,,0,blank
detail_make_components_2017,2017,detail,producer_make,IOMake_After_Redefinitions_PRO_Detail.xlsx,2017,OM90,84,333112,Lawn and garden equipment manufacturing,Industry,,3,S00300,Noncomparable imports,DetailedSpecialCommodity,,0,blank
detail_make_components_2017,2017,detail,producer_make,IOMake_After_Redefinitions_PRO_Detail.xlsx,2017,ON90,84,333112,Lawn and garden equipment manufacturing,Industry,,4,S00900,Rest of the world adjustment,DetailedSpecialCommodity,,0,blank
detail_make_components_2017,2017,detail,producer_make,IOMake_After_Redefinitions_PRO_Detail.xlsx,2017,OK91,85,333120,Construction machinery manufacturing,Industry,,1,S00401,Scrap,DetailedSpecialCommodity,,0,numeric
detail_make_components_2017,2017,detail,producer_make,IOMake_After_Redefinitions_PRO_Detail.xlsx,2017,OL91,85,333120,Construction machinery manufacturing,Industry,,2,S00402,Used and secondhand goods,DetailedSpecialCommodity,,0,blank
detail_make_components_2017,2017,detail,producer_make,IOMake_After_Redefinitions_PRO_Detail.xlsx,2017,OM91,85,333120,Construction machinery manufacturing,Industry,,3,S00300,Noncomparable imports,DetailedSpecialCommodity,,0,blank
detail_make_components_2017,2017,detail,producer_make,IOMake_After_Redefinitions_PRO_Detail.xlsx,2017,ON91,85,333120,Construction machinery manufacturing,Industry,,4,S00900,Rest of the world adjustment,DetailedSpecialCommodity,,0,blank
detail_make_components_2017,2017,detail,producer_make,IOMake_After_Redefinitions_PRO_Detail.xlsx,2017,OK92,86,333130,Mining and oil and gas field machinery manufacturing,Industry,,1,S00401,Scrap,DetailedSpecialCommodity,,0,blank
detail_make_components_2017,2017,detail,producer_make,IOMake_After_Redefinitions_PRO_Detail.xlsx,2017,OL92,86,333130,Mining and oil and gas field machinery manufacturing,Industry,,2,S00402,Used and secondhand goods,DetailedSpecialCommodity,,0,blank
detail_make_components_2017,2017,detail,producer_make,IOMake_After_Redefinitions_PRO_Detail.xlsx,2017,OM92,86,333130,Mining and oil and gas field machinery manufacturing,Industry,,3,S00300,Noncomparable imports,DetailedSpecialCommodity,,0,blank
detail_make_components_2017,2017,detail,producer_make,IOMake_After_Redefinitions_PRO_Detail.xlsx,2017,ON92,86,333130,Mining and oil and gas field machinery manufacturing,Industry,,4,S00900,Rest of the world adjustment,DetailedSpecialCommodity,,0,blank
detail_make_components_2017,2017,detail,producer_make,IOMake_After_Redefinitions_PRO_Detail.xlsx,2017,OK93,87,333242,Semiconductor machinery manufacturing,Industry,,1,S00401,Scrap,DetailedSpecialCommodity,,1,numeric
detail_make_components_2017,2017,detail,producer_make,IOMake_After_Redefinitions_PRO_Detail.xlsx,2017,OL93,87,333242,Semiconductor machinery manufacturing,Industry,,2,S00402,Used and secondhand goods,DetailedSpecialCommodity,,0,blank
detail_make_components_2017,2017,detail,producer_make,IOMake_After_Redefinitions_PRO_Detail.xlsx,2017,OM93,87,333242,Semiconductor machinery manufacturing,Industry,,3,S00300,Noncomparable imports,DetailedSpecialCommodity,,0,blank
detail_make_components_2017,2017,detail,producer_make,IOMake_After_Redefinitions_PRO_Detail.xlsx,2017,ON93,87,333242,Semiconductor machinery manufacturing,Industry,,4,S00900,Rest of the world adjustment,DetailedSpecialCommodity,,0,blank
detail_make_components_2017,2017,detail,producer_make,IOMake_After_Redefinitions_PRO_Detail.xlsx,2017,OK94,88,33329A,Other industrial machinery manufacturing,Industry,,1,S00401,Scrap,DetailedSpecialCommodity,,10,numeric
detail_make_components_2017,2017,detail,producer_make,IOMake_After_Redefinitions_PRO_Detail.xlsx,2017,OL94,88,33329A,Other industrial machinery manufacturing,Industry,,2,S00402,Used and secondhand goods,DetailedSpecialCommodity,,0,blank
detail_make_components_2017,2017,detail,producer_make,IOMake_After_Redefinitions_PRO_Detail.xlsx,2017,OM94,88,33329A,Other industrial machinery manufacturing,Industry,,3,S00300,Noncomparable imports,DetailedSpecialCommodity,,0,blank
detail_make_components_2017,2017,detail,producer_make,IOMake_After_Redefinitions_PRO_Detail.xlsx,2017,ON94,88,33329A,Other industrial machinery manufacturing,Industry,,4,S00900,Rest of the world adjustment,DetailedSpecialCommodity,,0,blank
detail_make_components_2017,2017,detail,producer_make,IOMake_After_Redefinitions_PRO_Detail.xlsx,2017,OK95,89,333314,Optical instrument and lens manufacturing,Industry,,1,S00401,Scrap,DetailedSpecialCommodity,,0,blank
detail_make_components_2017,2017,detail,producer_make,IOMake_After_Redefinitions_PRO_Detail.xlsx,2017,OL95,89,333314,Optical instrument and lens manufacturing,Industry,,2,S00402,Used and secondhand goods,DetailedSpecialCommodity,,0,blank
detail_make_components_2017,2017,detail,producer_make,IOMake_After_Redefinitions_PRO_Detail.xlsx,2017,OM95,89,333314,Optical instrument and lens manufacturing,Industry,,3,S00300,Noncomparable imports,DetailedSpecialCommodity,,0,blank
detail_make_components_2017,2017,detail,producer_make,IOMake_After_Redefinitions_PRO_Detail.xlsx,2017,ON95,89,333314,Optical instrument and lens manufacturing,Industry,,4,S00900,Rest of the world adjustment,DetailedSpecialCommodity,,0,blank
detail_make_components_2017,2017,detail,producer_make,IOMake_After_Redefinitions_PRO_Detail.xlsx,2017,OK96,90,333316,Photographic and photocopying equipment manufacturing,Industry,,1,S00401,Scrap,DetailedSpecialCommodity,,0,blank
detail_make_components_2017,2017,detail,producer_make,IOMake_After_Redefinitions_PRO_Detail.xlsx,2017,OL96,90,333316,Photographic and photocopying equipment manufacturing,Industry,,2,S00402,Used and secondhand goods,DetailedSpecialCommodity,,0,blank
detail_make_components_2017,2017,detail,producer_make,IOMake_After_Redefinitions_PRO_Detail.xlsx,2017,OM96,90,333316,Photographic and photocopying equipment manufacturing,Industry,,3,S00300,Noncomparable imports,DetailedSpecialCommodity,,0,blank
detail_make_components_2017,2017,detail,producer_make,IOMake_After_Redefinitions_PRO_Detail.xlsx,2017,ON96,90,333316,Photographic and photocopying equipment manufacturing,Industry,,4,S00900,Rest of the world adjustment,DetailedSpecialCommodity,,0,blank
detail_make_components_2017,2017,detail,producer_make,IOMake_After_Redefinitions_PRO_Detail.xlsx,2017,OK97,91,333318,Other commercial and service industry machinery manufacturing,Industry,,1,S00401,Scrap,DetailedSpecialCommodity,,0,numeric
detail_make_components_2017,2017,detail,producer_make,IOMake_After_Redefinitions_PRO_Detail.xlsx,2017,OL97,91,333318,Other commercial and service industry machinery manufacturing,Industry,,2,S00402,Used and secondhand goods,DetailedSpecialCommodity,,0,blank
detail_make_components_2017,2017,detail,producer_make,IOMake_After_Redefinitions_PRO_Detail.xlsx,2017,OM97,91,333318,Other commercial and service industry machinery manufacturing,Industry,,3,S00300,Noncomparable imports,DetailedSpecialCommodity,,0,blank
detail_make_components_2017,2017,detail,producer_make,IOMake_After_Redefinitions_PRO_Detail.xlsx,2017,ON97,91,333318,Other commercial and service industry machinery manufacturing,Industry,,4,S00900,Rest of the world adjustment,DetailedSpecialCommodity,,0,blank
detail_make_components_2017,2017,detail,producer_make,IOMake_After_Redefinitions_PRO_Detail.xlsx,2017,OK98,92,333414,Heating equipment (except warm air furnaces) manufacturing,Industry,,1,S00401,Scrap,DetailedSpecialCommodity,,6,numeric
detail_make_components_2017,2017,detail,producer_make,IOMake_After_Redefinitions_PRO_Detail.xlsx,2017,OL98,92,333414,Heating equipment (except warm air furnaces) manufacturing,Industry,,2,S00402,Used and secondhand goods,DetailedSpecialCommodity,,0,blank
detail_make_components_2017,2017,detail,producer_make,IOMake_After_Redefinitions_PRO_Detail.xlsx,2017,OM98,92,333414,Heating equipment (except warm air furnaces) manufacturing,Industry,,3,S00300,Noncomparable imports,DetailedSpecialCommodity,,0,blank
detail_make_components_2017,2017,detail,producer_make,IOMake_After_Redefinitions_PRO_Detail.xlsx,2017,ON98,92,333414,Heating equipment (except warm air furnaces) manufacturing,Industry,,4,S00900,Rest of the world adjustment,DetailedSpecialCommodity,,0,blank
detail_make_components_2017,2017,detail,producer_make,IOMake_After_Redefinitions_PRO_Detail.xlsx,2017,OK99,93,333415,"Air conditioning, refrigeration, and warm air heating equipment manufacturing",Industry,,1,S00401,Scrap,DetailedSpecialCommodity,,4,numeric
detail_make_components_2017,2017,detail,producer_make,IOMake_After_Redefinitions_PRO_Detail.xlsx,2017,OL99,93,333415,"Air conditioning, refrigeration, and warm air heating equipment manufacturing",Industry,,2,S00402,Used and secondhand goods,DetailedSpecialCommodity,,0,blank
detail_make_components_2017,2017,detail,producer_make,IOMake_After_Redefinitions_PRO_Detail.xlsx,2017,OM99,93,333415,"Air conditioning, refrigeration, and warm air heating equipment manufacturing",Industry,,3,S00300,Noncomparable imports,DetailedSpecialCommodity,,0,blank
detail_make_components_2017,2017,detail,producer_make,IOMake_After_Redefinitions_PRO_Detail.xlsx,2017,ON99,93,333415,"Air conditioning, refrigeration, and warm air heating equipment manufacturing",Industry,,4,S00900,Rest of the world adjustment,DetailedSpecialCommodity,,0,blank
detail_make_components_2017,2017,detail,producer_make,IOMake_After_Redefinitions_PRO_Detail.xlsx,2017,OK100,94,333413,Industrial and commercial fan and blower and air purification equipment manufacturing,Industry,,1,S00401,Scrap,DetailedSpecialCommodity,,0,numeric
detail_make_components_2017,2017,detail,producer_make,IOMake_After_Redefinitions_PRO_Detail.xlsx,2017,OL100,94,333413,Industrial and commercial fan and blower and air purification equipment manufacturing,Industry,,2,S00402,Used and secondhand goods,DetailedSpecialCommodity,,0,blank
detail_make_components_2017,2017,detail,producer_make,IOMake_After_Redefinitions_PRO_Detail.xlsx,2017,OM100,94,333413,Industrial and commercial fan and blower and air purification equipment manufacturing,Industry,,3,S00300,Noncomparable imports,DetailedSpecialCommodity,,0,blank
detail_make_components_2017,2017,detail,producer_make,IOMake_After_Redefinitions_PRO_Detail.xlsx,2017,ON100,94,333413,Industrial and commercial fan and blower and air purification equipment manufacturing,Industry,,4,S00900,Rest of the world adjustment,DetailedSpecialCommodity,,0,blank
detail_make_components_2017,2017,detail,producer_make,IOMake_After_Redefinitions_PRO_Detail.xlsx,2017,OK101,95,333511,Industrial mold manufacturing,Industry,,1,S00401,Scrap,DetailedSpecialCommodity,,12,numeric
detail_make_components_2017,2017,detail,producer_make,IOMake_After_Redefinitions_PRO_Detail.xlsx,2017,OL101,95,333511,Industrial mold manufacturing,Industry,,2,S00402,Used and secondhand goods,DetailedSpecialCommodity,,0,blank
detail_make_components_2017,2017,detail,producer_make,IOMake_After_Redefinitions_PRO_Detail.xlsx,2017,OM101,95,333511,Industrial mold manufacturing,Industry,,3,S00300,Noncomparable imports,DetailedSpecialCommodity,,0,blank
detail_make_components_2017,2017,detail,producer_make,IOMake_After_Redefinitions_PRO_Detail.xlsx,2017,ON101,95,333511,Industrial mold manufacturing,Industry,,4,S00900,Rest of the world adjustment,DetailedSpecialCommodity,,0,blank
detail_make_components_2017,2017,detail,producer_make,IOMake_After_Redefinitions_PRO_Detail.xlsx,2017,OK102,96,333514,"Special tool, die, jig, and fixture manufacturing",Industry,,1,S00401,Scrap,DetailedSpecialCommodity,,38,numeric
detail_make_components_2017,2017,detail,producer_make,IOMake_After_Redefinitions_PRO_Detail.xlsx,2017,OL102,96,333514,"Special tool, die, jig, and fixture manufacturing",Industry,,2,S00402,Used and secondhand goods,DetailedSpecialCommodity,,0,blank
detail_make_components_2017,2017,detail,producer_make,IOMake_After_Redefinitions_PRO_Detail.xlsx,2017,OM102,96,333514,"Special tool, die, jig, and fixture manufacturing",Industry,,3,S00300,Noncomparable imports,DetailedSpecialCommodity,,0,blank
detail_make_components_2017,2017,detail,producer_make,IOMake_After_Redefinitions_PRO_Detail.xlsx,2017,ON102,96,333514,"Special tool, die, jig, and fixture manufacturing",Industry,,4,S00900,Rest of the world adjustment,DetailedSpecialCommodity,,0,blank
detail_make_components_2017,2017,detail,producer_make,IOMake_After_Redefinitions_PRO_Detail.xlsx,2017,OK103,97,333517,Machine tool manufacturing,Industry,,1,S00401,Scrap,DetailedSpecialCommodity,,8,numeric
detail_make_components_2017,2017,detail,producer_make,IOMake_After_Redefinitions_PRO_Detail.xlsx,2017,OL103,97,333517,Machine tool manufacturing,Industry,,2,S00402,Used and secondhand goods,DetailedSpecialCommodity,,0,blank
detail_make_components_2017,2017,detail,producer_make,IOMake_After_Redefinitions_PRO_Detail.xlsx,2017,OM103,97,333517,Machine tool manufacturing,Industry,,3,S00300,Noncomparable imports,DetailedSpecialCommodity,,0,blank
detail_make_components_2017,2017,detail,producer_make,IOMake_After_Redefinitions_PRO_Detail.xlsx,2017,ON103,97,333517,Machine tool manufacturing,Industry,,4,S00900,Rest of the world adjustment,DetailedSpecialCommodity,,0,blank
detail_make_components_2017,2017,detail,producer_make,IOMake_After_Redefinitions_PRO_Detail.xlsx,2017,OK104,98,33351B,"Cutting and machine tool accessory, rolling mill, and other metalworking machinery manufacturing",Industry,,1,S00401,Scrap,DetailedSpecialCommodity,,37,numeric
detail_make_components_2017,2017,detail,producer_make,IOMake_After_Redefinitions_PRO_Detail.xlsx,2017,OL104,98,33351B,"Cutting and machine tool accessory, rolling mill, and other metalworking machinery manufacturing",Industry,,2,S00402,Used and secondhand goods,DetailedSpecialCommodity,,0,blank
detail_make_components_2017,2017,detail,producer_make,IOMake_After_Redefinitions_PRO_Detail.xlsx,2017,OM104,98,33351B,"Cutting and machine tool accessory, rolling mill, and other metalworking machinery manufacturing",Industry,,3,S00300,Noncomparable imports,DetailedSpecialCommodity,,0,blank
detail_make_components_2017,2017,detail,producer_make,IOMake_After_Redefinitions_PRO_Detail.xlsx,2017,ON104,98,33351B,"Cutting and machine tool accessory, rolling mill, and other metalworking machinery manufacturing",Industry,,4,S00900,Rest of the world adjustment,DetailedSpecialCommodity,,0,blank
detail_make_components_2017,2017,detail,producer_make,IOMake_After_Redefinitions_PRO_Detail.xlsx,2017,OK105,99,333611,Turbine and turbine generator set units manufacturing,Industry,,1,S00401,Scrap,DetailedSpecialCommodity,,5,numeric
detail_make_components_2017,2017,detail,producer_make,IOMake_After_Redefinitions_PRO_Detail.xlsx,2017,OL105,99,333611,Turbine and turbine generator set units manufacturing,Industry,,2,S00402,Used and secondhand goods,DetailedSpecialCommodity,,0,blank
detail_make_components_2017,2017,detail,producer_make,IOMake_After_Redefinitions_PRO_Detail.xlsx,2017,OM105,99,333611,Turbine and turbine generator set units manufacturing,Industry,,3,S00300,Noncomparable imports,DetailedSpecialCommodity,,0,blank
detail_make_components_2017,2017,detail,producer_make,IOMake_After_Redefinitions_PRO_Detail.xlsx,2017,ON105,99,333611,Turbine and turbine generator set units manufacturing,Industry,,4,S00900,Rest of the world adjustment,DetailedSpecialCommodity,,0,blank
detail_make_components_2017,2017,detail,producer_make,IOMake_After_Redefinitions_PRO_Detail.xlsx,2017,OK106,100,333612,"Speed changer, industrial high-speed drive, and gear manufacturing",Industry,,1,S00401,Scrap,DetailedSpecialCommodity,,3,numeric
detail_make_components_2017,2017,detail,producer_make,IOMake_After_Redefinitions_PRO_Detail.xlsx,2017,OL106,100,333612,"Speed changer, industrial high-speed drive, and gear manufacturing",Industry,,2,S00402,Used and secondhand goods,DetailedSpecialCommodity,,0,blank
detail_make_components_2017,2017,detail,producer_make,IOMake_After_Redefinitions_PRO_Detail.xlsx,2017,OM106,100,333612,"Speed changer, industrial high-speed drive, and gear manufacturing",Industry,,3,S00300,Noncomparable imports,DetailedSpecialCommodity,,0,blank
detail_make_components_2017,2017,detail,producer_make,IOMake_After_Redefinitions_PRO_Detail.xlsx,2017,ON106,100,333612,"Speed changer, industrial high-speed drive, and gear manufacturing",Industry,,4,S00900,Rest of the world adjustment,DetailedSpecialCommodity,,0,blank
detail_make_components_2017,2017,detail,producer_make,IOMake_After_Redefinitions_PRO_Detail.xlsx,2017,OK107,101,333613,Mechanical power transmission equipment manufacturing,Industry,,1,S00401,Scrap,DetailedSpecialCommodity,,28,numeric
detail_make_components_2017,2017,detail,producer_make,IOMake_After_Redefinitions_PRO_Detail.xlsx,2017,OL107,101,333613,Mechanical power transmission equipment manufacturing,Industry,,2,S00402,Used and secondhand goods,DetailedSpecialCommodity,,0,blank
detail_make_components_2017,2017,detail,producer_make,IOMake_After_Redefinitions_PRO_Detail.xlsx,2017,OM107,101,333613,Mechanical power transmission equipment manufacturing,Industry,,3,S00300,Noncomparable imports,DetailedSpecialCommodity,,0,blank
detail_make_components_2017,2017,detail,producer_make,IOMake_After_Redefinitions_PRO_Detail.xlsx,2017,ON107,101,333613,Mechanical power transmission equipment manufacturing,Industry,,4,S00900,Rest of the world adjustment,DetailedSpecialCommodity,,0,blank
detail_make_components_2017,2017,detail,producer_make,IOMake_After_Redefinitions_PRO_Detail.xlsx,2017,OK108,102,333618,Other engine equipment manufacturing,Industry,,1,S00401,Scrap,DetailedSpecialCommodity,,19,numeric
detail_make_components_2017,2017,detail,producer_make,IOMake_After_Redefinitions_PRO_Detail.xlsx,2017,OL108,102,333618,Other engine equipment manufacturing,Industry,,2,S00402,Used and secondhand goods,DetailedSpecialCommodity,,0,blank
detail_make_components_2017,2017,detail,producer_make,IOMake_After_Redefinitions_PRO_Detail.xlsx,2017,OM108,102,333618,Other engine equipment manufacturing,Industry,,3,S00300,Noncomparable imports,DetailedSpecialCommodity,,0,blank
detail_make_components_2017,2017,detail,producer_make,IOMake_After_Redefinitions_PRO_Detail.xlsx,2017,ON108,102,333618,Other engine equipment manufacturing,Industry,,4,S00900,Rest of the world adjustment,DetailedSpecialCommodity,,0,blank
detail_make_components_2017,2017,detail,producer_make,IOMake_After_Redefinitions_PRO_Detail.xlsx,2017,OK109,103,333912,Air and gas compressor manufacturing,Industry,,1,S00401,Scrap,DetailedSpecialCommodity,,0,numeric
detail_make_components_2017,2017,detail,producer_make,IOMake_After_Redefinitions_PRO_Detail.xlsx,2017,OL109,103,333912,Air and gas compressor manufacturing,Industry,,2,S00402,Used and secondhand goods,DetailedSpecialCommodity,,0,blank
detail_make_components_2017,2017,detail,producer_make,IOMake_After_Redefinitions_PRO_Detail.xlsx,2017,OM109,103,333912,Air and gas compressor manufacturing,Industry,,3,S00300,Noncomparable imports,DetailedSpecialCommodity,,0,blank
detail_make_components_2017,2017,detail,producer_make,IOMake_After_Redefinitions_PRO_Detail.xlsx,2017,ON109,103,333912,Air and gas compressor manufacturing,Industry,,4,S00900,Rest of the world adjustment,DetailedSpecialCommodity,,0,blank
detail_make_components_2017,2017,detail,producer_make,IOMake_After_Redefinitions_PRO_Detail.xlsx,2017,OK110,104,333914,"Measuring, dispensing, and other pumping equipment manufacturing",Industry,,1,S00401,Scrap,DetailedSpecialCommodity,,0,numeric
detail_make_components_2017,2017,detail,producer_make,IOMake_After_Redefinitions_PRO_Detail.xlsx,2017,OL110,104,333914,"Measuring, dispensing, and other pumping equipment manufacturing",Industry,,2,S00402,Used and secondhand goods,DetailedSpecialCommodity,,0,blank
detail_make_components_2017,2017,detail,producer_make,IOMake_After_Redefinitions_PRO_Detail.xlsx,2017,OM110,104,333914,"Measuring, dispensing, and other pumping equipment manufacturing",Industry,,3,S00300,Noncomparable imports,DetailedSpecialCommodity,,0,blank
detail_make_components_2017,2017,detail,producer_make,IOMake_After_Redefinitions_PRO_Detail.xlsx,2017,ON110,104,333914,"Measuring, dispensing, and other pumping equipment manufacturing",Industry,,4,S00900,Rest of the world adjustment,DetailedSpecialCommodity,,0,blank
detail_make_components_2017,2017,detail,producer_make,IOMake_After_Redefinitions_PRO_Detail.xlsx,2017,OK111,105,333920,Material handling equipment manufacturing,Industry,,1,S00401,Scrap,DetailedSpecialCommodity,,0,numeric
detail_make_components_2017,2017,detail,producer_make,IOMake_After_Redefinitions_PRO_Detail.xlsx,2017,OL111,105,333920,Material handling equipment manufacturing,Industry,,2,S00402,Used and secondhand goods,DetailedSpecialCommodity,,0,blank
detail_make_components_2017,2017,detail,producer_make,IOMake_After_Redefinitions_PRO_Detail.xlsx,2017,OM111,105,333920,Material handling equipment manufacturing,Industry,,3,S00300,Noncomparable imports,DetailedSpecialCommodity,,0,blank
detail_make_components_2017,2017,detail,producer_make,IOMake_After_Redefinitions_PRO_Detail.xlsx,2017,ON111,105,333920,Material handling equipment manufacturing,Industry,,4,S00900,Rest of the world adjustment,DetailedSpecialCommodity,,0,blank
detail_make_components_2017,2017,detail,producer_make,IOMake_After_Redefinitions_PRO_Detail.xlsx,2017,OK112,106,333991,Power-driven handtool manufacturing,Industry,,1,S00401,Scrap,DetailedSpecialCommodity,,0,numeric
detail_make_components_2017,2017,detail,producer_make,IOMake_After_Redefinitions_PRO_Detail.xlsx,2017,OL112,106,333991,Power-driven handtool manufacturing,Industry,,2,S00402,Used and secondhand goods,DetailedSpecialCommodity,,0,blank
detail_make_components_2017,2017,detail,producer_make,IOMake_After_Redefinitions_PRO_Detail.xlsx,2017,OM112,106,333991,Power-driven handtool manufacturing,Industry,,3,S00300,Noncomparable imports,DetailedSpecialCommodity,,0,blank
detail_make_components_2017,2017,detail,producer_make,IOMake_After_Redefinitions_PRO_Detail.xlsx,2017,ON112,106,333991,Power-driven handtool manufacturing,Industry,,4,S00900,Rest of the world adjustment,DetailedSpecialCommodity,,0,blank
detail_make_components_2017,2017,detail,producer_make,IOMake_After_Redefinitions_PRO_Detail.xlsx,2017,OK113,107,333993,Packaging machinery manufacturing,Industry,,1,S00401,Scrap,DetailedSpecialCommodity,,0,blank
detail_make_components_2017,2017,detail,producer_make,IOMake_After_Redefinitions_PRO_Detail.xlsx,2017,OL113,107,333993,Packaging machinery manufacturing,Industry,,2,S00402,Used and secondhand goods,DetailedSpecialCommodity,,0,blank
detail_make_components_2017,2017,detail,producer_make,IOMake_After_Redefinitions_PRO_Detail.xlsx,2017,OM113,107,333993,Packaging machinery manufacturing,Industry,,3,S00300,Noncomparable imports,DetailedSpecialCommodity,,0,blank
detail_make_components_2017,2017,detail,producer_make,IOMake_After_Redefinitions_PRO_Detail.xlsx,2017,ON113,107,333993,Packaging machinery manufacturing,Industry,,4,S00900,Rest of the world adjustment,DetailedSpecialCommodity,,0,blank
detail_make_components_2017,2017,detail,producer_make,IOMake_After_Redefinitions_PRO_Detail.xlsx,2017,OK114,108,333994,Industrial process furnace and oven manufacturing,Industry,,1,S00401,Scrap,DetailedSpecialCommodity,,0,blank
detail_make_components_2017,2017,detail,producer_make,IOMake_After_Redefinitions_PRO_Detail.xlsx,2017,OL114,108,333994,Industrial process furnace and oven manufacturing,Industry,,2,S00402,Used and secondhand goods,DetailedSpecialCommodity,,0,blank
detail_make_components_2017,2017,detail,producer_make,IOMake_After_Redefinitions_PRO_Detail.xlsx,2017,OM114,108,333994,Industrial process furnace and oven manufacturing,Industry,,3,S00300,Noncomparable imports,DetailedSpecialCommodity,,0,blank
detail_make_components_2017,2017,detail,producer_make,IOMake_After_Redefinitions_PRO_Detail.xlsx,2017,ON114,108,333994,Industrial process furnace and oven manufacturing,Industry,,4,S00900,Rest of the world adjustment,DetailedSpecialCommodity,,0,blank
detail_make_components_2017,2017,detail,producer_make,IOMake_After_Redefinitions_PRO_Detail.xlsx,2017,OK115,109,33399A,Other general purpose machinery manufacturing,Industry,,1,S00401,Scrap,DetailedSpecialCommodity,,0,numeric
detail_make_components_2017,2017,detail,producer_make,IOMake_After_Redefinitions_PRO_Detail.xlsx,2017,OL115,109,33399A,Other general purpose machinery manufacturing,Industry,,2,S00402,Used and secondhand goods,DetailedSpecialCommodity,,0,blank
detail_make_components_2017,2017,detail,producer_make,IOMake_After_Redefinitions_PRO_Detail.xlsx,2017,OM115,109,33399A,Other general purpose machinery manufacturing,Industry,,3,S00300,Noncomparable imports,DetailedSpecialCommodity,,0,blank
detail_make_components_2017,2017,detail,producer_make,IOMake_After_Redefinitions_PRO_Detail.xlsx,2017,ON115,109,33399A,Other general purpose machinery manufacturing,Industry,,4,S00900,Rest of the world adjustment,DetailedSpecialCommodity,,0,blank
detail_make_components_2017,2017,detail,producer_make,IOMake_After_Redefinitions_PRO_Detail.xlsx,2017,OK116,110,33399B,Fluid power process machinery,Industry,,1,S00401,Scrap,DetailedSpecialCommodity,,0,numeric
detail_make_components_2017,2017,detail,producer_make,IOMake_After_Redefinitions_PRO_Detail.xlsx,2017,OL116,110,33399B,Fluid power process machinery,Industry,,2,S00402,Used and secondhand goods,DetailedSpecialCommodity,,0,blank
detail_make_components_2017,2017,detail,producer_make,IOMake_After_Redefinitions_PRO_Detail.xlsx,2017,OM116,110,33399B,Fluid power process machinery,Industry,,3,S00300,Noncomparable imports,DetailedSpecialCommodity,,0,blank
detail_make_components_2017,2017,detail,producer_make,IOMake_After_Redefinitions_PRO_Detail.xlsx,2017,ON116,110,33399B,Fluid power process machinery,Industry,,4,S00900,Rest of the world adjustment,DetailedSpecialCommodity,,0,blank
detail_make_components_2017,2017,detail,producer_make,IOMake_After_Redefinitions_PRO_Detail.xlsx,2017,OK117,111,334111,Electronic computer manufacturing,Industry,,1,S00401,Scrap,DetailedSpecialCommodity,,0,numeric
detail_make_components_2017,2017,detail,producer_make,IOMake_After_Redefinitions_PRO_Detail.xlsx,2017,OL117,111,334111,Electronic computer manufacturing,Industry,,2,S00402,Used and secondhand goods,DetailedSpecialCommodity,,0,blank
detail_make_components_2017,2017,detail,producer_make,IOMake_After_Redefinitions_PRO_Detail.xlsx,2017,OM117,111,334111,Electronic computer manufacturing,Industry,,3,S00300,Noncomparable imports,DetailedSpecialCommodity,,0,blank
detail_make_components_2017,2017,detail,producer_make,IOMake_After_Redefinitions_PRO_Detail.xlsx,2017,ON117,111,334111,Electronic computer manufacturing,Industry,,4,S00900,Rest of the world adjustment,DetailedSpecialCommodity,,0,blank
detail_make_components_2017,2017,detail,producer_make,IOMake_After_Redefinitions_PRO_Detail.xlsx,2017,OK118,112,334112,Computer storage device manufacturing,Industry,,1,S00401,Scrap,DetailedSpecialCommodity,,0,blank
detail_make_components_2017,2017,detail,producer_make,IOMake_After_Redefinitions_PRO_Detail.xlsx,2017,OL118,112,334112,Computer storage device manufacturing,Industry,,2,S00402,Used and secondhand goods,DetailedSpecialCommodity,,0,blank
detail_make_components_2017,2017,detail,producer_make,IOMake_After_Redefinitions_PRO_Detail.xlsx,2017,OM118,112,334112,Computer storage device manufacturing,Industry,,3,S00300,Noncomparable imports,DetailedSpecialCommodity,,0,blank
detail_make_components_2017,2017,detail,producer_make,IOMake_After_Redefinitions_PRO_Detail.xlsx,2017,ON118,112,334112,Computer storage device manufacturing,Industry,,4,S00900,Rest of the world adjustment,DetailedSpecialCommodity,,0,blank
detail_make_components_2017,2017,detail,producer_make,IOMake_After_Redefinitions_PRO_Detail.xlsx,2017,OK119,113,334118,Computer terminals and other computer peripheral equipment manufacturing,Industry,,1,S00401,Scrap,DetailedSpecialCommodity,,0,numeric
detail_make_components_2017,2017,detail,producer_make,IOMake_After_Redefinitions_PRO_Detail.xlsx,2017,OL119,113,334118,Computer terminals and other computer peripheral equipment manufacturing,Industry,,2,S00402,Used and secondhand goods,DetailedSpecialCommodity,,0,blank
detail_make_components_2017,2017,detail,producer_make,IOMake_After_Redefinitions_PRO_Detail.xlsx,2017,OM119,113,334118,Computer terminals and other computer peripheral equipment manufacturing,Industry,,3,S00300,Noncomparable imports,DetailedSpecialCommodity,,0,blank
detail_make_components_2017,2017,detail,producer_make,IOMake_After_Redefinitions_PRO_Detail.xlsx,2017,ON119,113,334118,Computer terminals and other computer peripheral equipment manufacturing,Industry,,4,S00900,Rest of the world adjustment,DetailedSpecialCommodity,,0,blank
detail_make_components_2017,2017,detail,producer_make,IOMake_After_Redefinitions_PRO_Detail.xlsx,2017,OK120,114,334210,Telephone apparatus manufacturing,Industry,,1,S00401,Scrap,DetailedSpecialCommodity,,0,blank
detail_make_components_2017,2017,detail,producer_make,IOMake_After_Redefinitions_PRO_Detail.xlsx,2017,OL120,114,334210,Telephone apparatus manufacturing,Industry,,2,S00402,Used and secondhand goods,DetailedSpecialCommodity,,0,blank
detail_make_components_2017,2017,detail,producer_make,IOMake_After_Redefinitions_PRO_Detail.xlsx,2017,OM120,114,334210,Telephone apparatus manufacturing,Industry,,3,S00300,Noncomparable imports,DetailedSpecialCommodity,,0,blank
detail_make_components_2017,2017,detail,producer_make,IOMake_After_Redefinitions_PRO_Detail.xlsx,2017,ON120,114,334210,Telephone apparatus manufacturing,Industry,,4,S00900,Rest of the world adjustment,DetailedSpecialCommodity,,0,blank
detail_make_components_2017,2017,detail,producer_make,IOMake_After_Redefinitions_PRO_Detail.xlsx,2017,OK121,115,334220,Broadcast and wireless communications equipment,Industry,,1,S00401,Scrap,DetailedSpecialCommodity,,0,numeric
detail_make_components_2017,2017,detail,producer_make,IOMake_After_Redefinitions_PRO_Detail.xlsx,2017,OL121,115,334220,Broadcast and wireless communications equipment,Industry,,2,S00402,Used and secondhand goods,DetailedSpecialCommodity,,0,blank
detail_make_components_2017,2017,detail,producer_make,IOMake_After_Redefinitions_PRO_Detail.xlsx,2017,OM121,115,334220,Broadcast and wireless communications equipment,Industry,,3,S00300,Noncomparable imports,DetailedSpecialCommodity,,0,blank
detail_make_components_2017,2017,detail,producer_make,IOMake_After_Redefinitions_PRO_Detail.xlsx,2017,ON121,115,334220,Broadcast and wireless communications equipment,Industry,,4,S00900,Rest of the world adjustment,DetailedSpecialCommodity,,0,blank
detail_make_components_2017,2017,detail,producer_make,IOMake_After_Redefinitions_PRO_Detail.xlsx,2017,OK122,116,334290,Other communications equipment manufacturing,Industry,,1,S00401,Scrap,DetailedSpecialCommodity,,0,blank
detail_make_components_2017,2017,detail,producer_make,IOMake_After_Redefinitions_PRO_Detail.xlsx,2017,OL122,116,334290,Other communications equipment manufacturing,Industry,,2,S00402,Used and secondhand goods,DetailedSpecialCommodity,,0,blank
detail_make_components_2017,2017,detail,producer_make,IOMake_After_Redefinitions_PRO_Detail.xlsx,2017,OM122,116,334290,Other communications equipment manufacturing,Industry,,3,S00300,Noncomparable imports,DetailedSpecialCommodity,,0,blank
detail_make_components_2017,2017,detail,producer_make,IOMake_After_Redefinitions_PRO_Detail.xlsx,2017,ON122,116,334290,Other communications equipment manufacturing,Industry,,4,S00900,Rest of the world adjustment,DetailedSpecialCommodity,,0,blank
detail_make_components_2017,2017,detail,producer_make,IOMake_After_Redefinitions_PRO_Detail.xlsx,2017,OK123,117,334413,Semiconductor and related device manufacturing,Industry,,1,S00401,Scrap,DetailedSpecialCommodity,,0,numeric
detail_make_components_2017,2017,detail,producer_make,IOMake_After_Redefinitions_PRO_Detail.xlsx,2017,OL123,117,334413,Semiconductor and related device manufacturing,Industry,,2,S00402,Used and secondhand goods,DetailedSpecialCommodity,,0,blank
detail_make_components_2017,2017,detail,producer_make,IOMake_After_Redefinitions_PRO_Detail.xlsx,2017,OM123,117,334413,Semiconductor and related device manufacturing,Industry,,3,S00300,Noncomparable imports,DetailedSpecialCommodity,,0,blank
detail_make_components_2017,2017,detail,producer_make,IOMake_After_Redefinitions_PRO_Detail.xlsx,2017,ON123,117,334413,Semiconductor and related device manufacturing,Industry,,4,S00900,Rest of the world adjustment,DetailedSpecialCommodity,,0,blank
detail_make_components_2017,2017,detail,producer_make,IOMake_After_Redefinitions_PRO_Detail.xlsx,2017,OK124,118,334418,Printed circuit assembly (electronic assembly) manufacturing,Industry,,1,S00401,Scrap,DetailedSpecialCommodity,,0,numeric
detail_make_components_2017,2017,detail,producer_make,IOMake_After_Redefinitions_PRO_Detail.xlsx,2017,OL124,118,334418,Printed circuit assembly (electronic assembly) manufacturing,Industry,,2,S00402,Used and secondhand goods,DetailedSpecialCommodity,,0,blank
detail_make_components_2017,2017,detail,producer_make,IOMake_After_Redefinitions_PRO_Detail.xlsx,2017,OM124,118,334418,Printed circuit assembly (electronic assembly) manufacturing,Industry,,3,S00300,Noncomparable imports,DetailedSpecialCommodity,,0,blank
detail_make_components_2017,2017,detail,producer_make,IOMake_After_Redefinitions_PRO_Detail.xlsx,2017,ON124,118,334418,Printed circuit assembly (electronic assembly) manufacturing,Industry,,4,S00900,Rest of the world adjustment,DetailedSpecialCommodity,,0,blank
detail_make_components_2017,2017,detail,producer_make,IOMake_After_Redefinitions_PRO_Detail.xlsx,2017,OK125,119,33441A,Other electronic component manufacturing,Industry,,1,S00401,Scrap,DetailedSpecialCommodity,,0,numeric
detail_make_components_2017,2017,detail,producer_make,IOMake_After_Redefinitions_PRO_Detail.xlsx,2017,OL125,119,33441A,Other electronic component manufacturing,Industry,,2,S00402,Used and secondhand goods,DetailedSpecialCommodity,,0,blank
detail_make_components_2017,2017,detail,producer_make,IOMake_After_Redefinitions_PRO_Detail.xlsx,2017,OM125,119,33441A,Other electronic component manufacturing,Industry,,3,S00300,Noncomparable imports,DetailedSpecialCommodity,,0,blank
detail_make_components_2017,2017,detail,producer_make,IOMake_After_Redefinitions_PRO_Detail.xlsx,2017,ON125,119,33441A,Other electronic component manufacturing,Industry,,4,S00900,Rest of the world adjustment,DetailedSpecialCommodity,,0,blank
detail_make_components_2017,2017,detail,producer_make,IOMake_After_Redefinitions_PRO_Detail.xlsx,2017,OK126,120,334510,Electromedical and electrotherapeutic apparatus manufacturing,Industry,,1,S00401,Scrap,DetailedSpecialCommodity,,0,blank
detail_make_components_2017,2017,detail,producer_make,IOMake_After_Redefinitions_PRO_Detail.xlsx,2017,OL126,120,334510,Electromedical and electrotherapeutic apparatus manufacturing,Industry,,2,S00402,Used and secondhand goods,DetailedSpecialCommodity,,0,blank
detail_make_components_2017,2017,detail,producer_make,IOMake_After_Redefinitions_PRO_Detail.xlsx,2017,OM126,120,334510,Electromedical and electrotherapeutic apparatus manufacturing,Industry,,3,S00300,Noncomparable imports,DetailedSpecialCommodity,,0,blank
detail_make_components_2017,2017,detail,producer_make,IOMake_After_Redefinitions_PRO_Detail.xlsx,2017,ON126,120,334510,Electromedical and electrotherapeutic apparatus manufacturing,Industry,,4,S00900,Rest of the world adjustment,DetailedSpecialCommodity,,0,blank
detail_make_components_2017,2017,detail,producer_make,IOMake_After_Redefinitions_PRO_Detail.xlsx,2017,OK127,121,334511,"Search, detection, and navigation instruments manufacturing",Industry,,1,S00401,Scrap,DetailedSpecialCommodity,,0,blank
detail_make_components_2017,2017,detail,producer_make,IOMake_After_Redefinitions_PRO_Detail.xlsx,2017,OL127,121,334511,"Search, detection, and navigation instruments manufacturing",Industry,,2,S00402,Used and secondhand goods,DetailedSpecialCommodity,,0,blank
detail_make_components_2017,2017,detail,producer_make,IOMake_After_Redefinitions_PRO_Detail.xlsx,2017,OM127,121,334511,"Search, detection, and navigation instruments manufacturing",Industry,,3,S00300,Noncomparable imports,DetailedSpecialCommodity,,0,blank
detail_make_components_2017,2017,detail,producer_make,IOMake_After_Redefinitions_PRO_Detail.xlsx,2017,ON127,121,334511,"Search, detection, and navigation instruments manufacturing",Industry,,4,S00900,Rest of the world adjustment,DetailedSpecialCommodity,,0,blank
detail_make_components_2017,2017,detail,producer_make,IOMake_After_Redefinitions_PRO_Detail.xlsx,2017,OK128,122,334512,Automatic environmental control manufacturing,Industry,,1,S00401,Scrap,DetailedSpecialCommodity,,0,blank
detail_make_components_2017,2017,detail,producer_make,IOMake_After_Redefinitions_PRO_Detail.xlsx,2017,OL128,122,334512,Automatic environmental control manufacturing,Industry,,2,S00402,Used and secondhand goods,DetailedSpecialCommodity,,0,blank
detail_make_components_2017,2017,detail,producer_make,IOMake_After_Redefinitions_PRO_Detail.xlsx,2017,OM128,122,334512,Automatic environmental control manufacturing,Industry,,3,S00300,Noncomparable imports,DetailedSpecialCommodity,,0,blank
detail_make_components_2017,2017,detail,producer_make,IOMake_After_Redefinitions_PRO_Detail.xlsx,2017,ON128,122,334512,Automatic environmental control manufacturing,Industry,,4,S00900,Rest of the world adjustment,DetailedSpecialCommodity,,0,blank
detail_make_components_2017,2017,detail,producer_make,IOMake_After_Redefinitions_PRO_Detail.xlsx,2017,OK129,123,334513,Industrial process variable instruments manufacturing,Industry,,1,S00401,Scrap,DetailedSpecialCommodity,,0,blank
detail_make_components_2017,2017,detail,producer_make,IOMake_After_Redefinitions_PRO_Detail.xlsx,2017,OL129,123,334513,Industrial process variable instruments manufacturing,Industry,,2,S00402,Used and secondhand goods,DetailedSpecialCommodity,,0,blank
detail_make_components_2017,2017,detail,producer_make,IOMake_After_Redefinitions_PRO_Detail.xlsx,2017,OM129,123,334513,Industrial process variable instruments manufacturing,Industry,,3,S00300,Noncomparable imports,DetailedSpecialCommodity,,0,blank
detail_make_components_2017,2017,detail,producer_make,IOMake_After_Redefinitions_PRO_Detail.xlsx,2017,ON129,123,334513,Industrial process variable instruments manufacturing,Industry,,4,S00900,Rest of the world adjustment,DetailedSpecialCommodity,,0,blank
detail_make_components_2017,2017,detail,producer_make,IOMake_After_Redefinitions_PRO_Detail.xlsx,2017,OK130,124,334514,Totalizing fluid meter and counting device manufacturing,Industry,,1,S00401,Scrap,DetailedSpecialCommodity,,0,blank
detail_make_components_2017,2017,detail,producer_make,IOMake_After_Redefinitions_PRO_Detail.xlsx,2017,OL130,124,334514,Totalizing fluid meter and counting device manufacturing,Industry,,2,S00402,Used and secondhand goods,DetailedSpecialCommodity,,0,blank
detail_make_components_2017,2017,detail,producer_make,IOMake_After_Redefinitions_PRO_Detail.xlsx,2017,OM130,124,334514,Totalizing fluid meter and counting device manufacturing,Industry,,3,S00300,Noncomparable imports,DetailedSpecialCommodity,,0,blank
detail_make_components_2017,2017,detail,producer_make,IOMake_After_Redefinitions_PRO_Detail.xlsx,2017,ON130,124,334514,Totalizing fluid meter and counting device manufacturing,Industry,,4,S00900,Rest of the world adjustment,DetailedSpecialCommodity,,0,blank
detail_make_components_2017,2017,detail,producer_make,IOMake_After_Redefinitions_PRO_Detail.xlsx,2017,OK131,125,334515,Electricity and signal testing instruments manufacturing,Industry,,1,S00401,Scrap,DetailedSpecialCommodity,,0,blank
detail_make_components_2017,2017,detail,producer_make,IOMake_After_Redefinitions_PRO_Detail.xlsx,2017,OL131,125,334515,Electricity and signal testing instruments manufacturing,Industry,,2,S00402,Used and secondhand goods,DetailedSpecialCommodity,,0,blank
detail_make_components_2017,2017,detail,producer_make,IOMake_After_Redefinitions_PRO_Detail.xlsx,2017,OM131,125,334515,Electricity and signal testing instruments manufacturing,Industry,,3,S00300,Noncomparable imports,DetailedSpecialCommodity,,0,blank
detail_make_components_2017,2017,detail,producer_make,IOMake_After_Redefinitions_PRO_Detail.xlsx,2017,ON131,125,334515,Electricity and signal testing instruments manufacturing,Industry,,4,S00900,Rest of the world adjustment,DetailedSpecialCommodity,,0,blank
detail_make_components_2017,2017,detail,producer_make,IOMake_After_Redefinitions_PRO_Detail.xlsx,2017,OK132,126,334516,Analytical laboratory instrument manufacturing,Industry,,1,S00401,Scrap,DetailedSpecialCommodity,,0,blank
detail_make_components_2017,2017,detail,producer_make,IOMake_After_Redefinitions_PRO_Detail.xlsx,2017,OL132,126,334516,Analytical laboratory instrument manufacturing,Industry,,2,S00402,Used and secondhand goods,DetailedSpecialCommodity,,0,blank
detail_make_components_2017,2017,detail,producer_make,IOMake_After_Redefinitions_PRO_Detail.xlsx,2017,OM132,126,334516,Analytical laboratory instrument manufacturing,Industry,,3,S00300,Noncomparable imports,DetailedSpecialCommodity,,0,blank
detail_make_components_2017,2017,detail,producer_make,IOMake_After_Redefinitions_PRO_Detail.xlsx,2017,ON132,126,334516,Analytical laboratory instrument manufacturing,Industry,,4,S00900,Rest of the world adjustment,DetailedSpecialCommodity,,0,blank
detail_make_components_2017,2017,detail,producer_make,IOMake_After_Redefinitions_PRO_Detail.xlsx,2017,OK133,127,334517,Irradiation apparatus manufacturing,Industry,,1,S00401,Scrap,DetailedSpecialCommodity,,0,blank
detail_make_components_2017,2017,detail,producer_make,IOMake_After_Redefinitions_PRO_Detail.xlsx,2017,OL133,127,334517,Irradiation apparatus manufacturing,Industry,,2,S00402,Used and secondhand goods,DetailedSpecialCommodity,,0,blank
detail_make_components_2017,2017,detail,producer_make,IOMake_After_Redefinitions_PRO_Detail.xlsx,2017,OM133,127,334517,Irradiation apparatus manufacturing,Industry,,3,S00300,Noncomparable imports,DetailedSpecialCommodity,,0,blank
detail_make_components_2017,2017,detail,producer_make,IOMake_After_Redefinitions_PRO_Detail.xlsx,2017,ON133,127,334517,Irradiation apparatus manufacturing,Industry,,4,S00900,Rest of the world adjustment,DetailedSpecialCommodity,,0,blank
detail_make_components_2017,2017,detail,producer_make,IOMake_After_Redefinitions_PRO_Detail.xlsx,2017,OK134,128,33451A,"Watch, clock, and other measuring and controlling device manufacturing",Industry,,1,S00401,Scrap,DetailedSpecialCommodity,,0,blank
detail_make_components_2017,2017,detail,producer_make,IOMake_After_Redefinitions_PRO_Detail.xlsx,2017,OL134,128,33451A,"Watch, clock, and other measuring and controlling device manufacturing",Industry,,2,S00402,Used and secondhand goods,DetailedSpecialCommodity,,0,blank
detail_make_components_2017,2017,detail,producer_make,IOMake_After_Redefinitions_PRO_Detail.xlsx,2017,OM134,128,33451A,"Watch, clock, and other measuring and controlling device manufacturing",Industry,,3,S00300,Noncomparable imports,DetailedSpecialCommodity,,0,blank
detail_make_components_2017,2017,detail,producer_make,IOMake_After_Redefinitions_PRO_Detail.xlsx,2017,ON134,128,33451A,"Watch, clock, and other measuring and controlling device manufacturing",Industry,,4,S00900,Rest of the world adjustment,DetailedSpecialCommodity,,0,blank
detail_make_components_2017,2017,detail,producer_make,IOMake_After_Redefinitions_PRO_Detail.xlsx,2017,OK135,129,334300,Audio and video equipment manufacturing,Industry,,1,S00401,Scrap,DetailedSpecialCommodity,,0,blank
detail_make_components_2017,2017,detail,producer_make,IOMake_After_Redefinitions_PRO_Detail.xlsx,2017,OL135,129,334300,Audio and video equipment manufacturing,Industry,,2,S00402,Used and secondhand goods,DetailedSpecialCommodity,,0,blank
detail_make_components_2017,2017,detail,producer_make,IOMake_After_Redefinitions_PRO_Detail.xlsx,2017,OM135,129,334300,Audio and video equipment manufacturing,Industry,,3,S00300,Noncomparable imports,DetailedSpecialCommodity,,0,blank
detail_make_components_2017,2017,detail,producer_make,IOMake_After_Redefinitions_PRO_Detail.xlsx,2017,ON135,129,334300,Audio and video equipment manufacturing,Industry,,4,S00900,Rest of the world adjustment,DetailedSpecialCommodity,,0,blank
detail_make_components_2017,2017,detail,producer_make,IOMake_After_Redefinitions_PRO_Detail.xlsx,2017,OK136,130,334610,Manufacturing and reproducing magnetic and optical media,Industry,,1,S00401,Scrap,DetailedSpecialCommodity,,0,blank
detail_make_components_2017,2017,detail,producer_make,IOMake_After_Redefinitions_PRO_Detail.xlsx,2017,OL136,130,334610,Manufacturing and reproducing magnetic and optical media,Industry,,2,S00402,Used and secondhand goods,DetailedSpecialCommodity,,0,blank
detail_make_components_2017,2017,detail,producer_make,IOMake_After_Redefinitions_PRO_Detail.xlsx,2017,OM136,130,334610,Manufacturing and reproducing magnetic and optical media,Industry,,3,S00300,Noncomparable imports,DetailedSpecialCommodity,,0,blank
detail_make_components_2017,2017,detail,producer_make,IOMake_After_Redefinitions_PRO_Detail.xlsx,2017,ON136,130,334610,Manufacturing and reproducing magnetic and optical media,Industry,,4,S00900,Rest of the world adjustment,DetailedSpecialCommodity,,0,blank
detail_make_components_2017,2017,detail,producer_make,IOMake_After_Redefinitions_PRO_Detail.xlsx,2017,OK137,131,335110,Electric lamp bulb and part manufacturing,Industry,,1,S00401,Scrap,DetailedSpecialCommodity,,0,blank
detail_make_components_2017,2017,detail,producer_make,IOMake_After_Redefinitions_PRO_Detail.xlsx,2017,OL137,131,335110,Electric lamp bulb and part manufacturing,Industry,,2,S00402,Used and secondhand goods,DetailedSpecialCommodity,,0,blank
detail_make_components_2017,2017,detail,producer_make,IOMake_After_Redefinitions_PRO_Detail.xlsx,2017,OM137,131,335110,Electric lamp bulb and part manufacturing,Industry,,3,S00300,Noncomparable imports,DetailedSpecialCommodity,,0,blank
detail_make_components_2017,2017,detail,producer_make,IOMake_After_Redefinitions_PRO_Detail.xlsx,2017,ON137,131,335110,Electric lamp bulb and part manufacturing,Industry,,4,S00900,Rest of the world adjustment,DetailedSpecialCommodity,,0,blank
detail_make_components_2017,2017,detail,producer_make,IOMake_After_Redefinitions_PRO_Detail.xlsx,2017,OK138,132,335120,Lighting fixture manufacturing,Industry,,1,S00401,Scrap,DetailedSpecialCommodity,,0,blank
detail_make_components_2017,2017,detail,producer_make,IOMake_After_Redefinitions_PRO_Detail.xlsx,2017,OL138,132,335120,Lighting fixture manufacturing,Industry,,2,S00402,Used and secondhand goods,DetailedSpecialCommodity,,0,blank
detail_make_components_2017,2017,detail,producer_make,IOMake_After_Redefinitions_PRO_Detail.xlsx,2017,OM138,132,335120,Lighting fixture manufacturing,Industry,,3,S00300,Noncomparable imports,DetailedSpecialCommodity,,0,blank
detail_make_components_2017,2017,detail,producer_make,IOMake_After_Redefinitions_PRO_Detail.xlsx,2017,ON138,132,335120,Lighting fixture manufacturing,Industry,,4,S00900,Rest of the world adjustment,DetailedSpecialCommodity,,0,blank
detail_make_components_2017,2017,detail,producer_make,IOMake_After_Redefinitions_PRO_Detail.xlsx,2017,OK139,133,335210,Small electrical appliance manufacturing,Industry,,1,S00401,Scrap,DetailedSpecialCommodity,,0,numeric
detail_make_components_2017,2017,detail,producer_make,IOMake_After_Redefinitions_PRO_Detail.xlsx,2017,OL139,133,335210,Small electrical appliance manufacturing,Industry,,2,S00402,Used and secondhand goods,DetailedSpecialCommodity,,0,blank
detail_make_components_2017,2017,detail,producer_make,IOMake_After_Redefinitions_PRO_Detail.xlsx,2017,OM139,133,335210,Small electrical appliance manufacturing,Industry,,3,S00300,Noncomparable imports,DetailedSpecialCommodity,,0,blank
detail_make_components_2017,2017,detail,producer_make,IOMake_After_Redefinitions_PRO_Detail.xlsx,2017,ON139,133,335210,Small electrical appliance manufacturing,Industry,,4,S00900,Rest of the world adjustment,DetailedSpecialCommodity,,0,blank
detail_make_components_2017,2017,detail,producer_make,IOMake_After_Redefinitions_PRO_Detail.xlsx,2017,OK140,134,335220,Major household appliance manufacturing,Industry,,1,S00401,Scrap,DetailedSpecialCommodity,,0,numeric
detail_make_components_2017,2017,detail,producer_make,IOMake_After_Redefinitions_PRO_Detail.xlsx,2017,OL140,134,335220,Major household appliance manufacturing,Industry,,2,S00402,Used and secondhand goods,DetailedSpecialCommodity,,0,blank
detail_make_components_2017,2017,detail,producer_make,IOMake_After_Redefinitions_PRO_Detail.xlsx,2017,OM140,134,335220,Major household appliance manufacturing,Industry,,3,S00300,Noncomparable imports,DetailedSpecialCommodity,,0,blank
detail_make_components_2017,2017,detail,producer_make,IOMake_After_Redefinitions_PRO_Detail.xlsx,2017,ON140,134,335220,Major household appliance manufacturing,Industry,,4,S00900,Rest of the world adjustment,DetailedSpecialCommodity,,0,blank
detail_make_components_2017,2017,detail,producer_make,IOMake_After_Redefinitions_PRO_Detail.xlsx,2017,OK141,135,335311,"Power, distribution, and specialty transformer manufacturing",Industry,,1,S00401,Scrap,DetailedSpecialCommodity,,0,blank
detail_make_components_2017,2017,detail,producer_make,IOMake_After_Redefinitions_PRO_Detail.xlsx,2017,OL141,135,335311,"Power, distribution, and specialty transformer manufacturing",Industry,,2,S00402,Used and secondhand goods,DetailedSpecialCommodity,,0,blank
detail_make_components_2017,2017,detail,producer_make,IOMake_After_Redefinitions_PRO_Detail.xlsx,2017,OM141,135,335311,"Power, distribution, and specialty transformer manufacturing",Industry,,3,S00300,Noncomparable imports,DetailedSpecialCommodity,,0,blank
detail_make_components_2017,2017,detail,producer_make,IOMake_After_Redefinitions_PRO_Detail.xlsx,2017,ON141,135,335311,"Power, distribution, and specialty transformer manufacturing",Industry,,4,S00900,Rest of the world adjustment,DetailedSpecialCommodity,,0,blank
detail_make_components_2017,2017,detail,producer_make,IOMake_After_Redefinitions_PRO_Detail.xlsx,2017,OK142,136,335312,Motor and generator manufacturing,Industry,,1,S00401,Scrap,DetailedSpecialCommodity,,0,blank
detail_make_components_2017,2017,detail,producer_make,IOMake_After_Redefinitions_PRO_Detail.xlsx,2017,OL142,136,335312,Motor and generator manufacturing,Industry,,2,S00402,Used and secondhand goods,DetailedSpecialCommodity,,0,blank
detail_make_components_2017,2017,detail,producer_make,IOMake_After_Redefinitions_PRO_Detail.xlsx,2017,OM142,136,335312,Motor and generator manufacturing,Industry,,3,S00300,Noncomparable imports,DetailedSpecialCommodity,,0,blank
detail_make_components_2017,2017,detail,producer_make,IOMake_After_Redefinitions_PRO_Detail.xlsx,2017,ON142,136,335312,Motor and generator manufacturing,Industry,,4,S00900,Rest of the world adjustment,DetailedSpecialCommodity,,0,blank
detail_make_components_2017,2017,detail,producer_make,IOMake_After_Redefinitions_PRO_Detail.xlsx,2017,OK143,137,335313,Switchgear and switchboard apparatus manufacturing,Industry,,1,S00401,Scrap,DetailedSpecialCommodity,,0,blank
detail_make_components_2017,2017,detail,producer_make,IOMake_After_Redefinitions_PRO_Detail.xlsx,2017,OL143,137,335313,Switchgear and switchboard apparatus manufacturing,Industry,,2,S00402,Used and secondhand goods,DetailedSpecialCommodity,,0,blank
detail_make_components_2017,2017,detail,producer_make,IOMake_After_Redefinitions_PRO_Detail.xlsx,2017,OM143,137,335313,Switchgear and switchboard apparatus manufacturing,Industry,,3,S00300,Noncomparable imports,DetailedSpecialCommodity,,0,blank
detail_make_components_2017,2017,detail,producer_make,IOMake_After_Redefinitions_PRO_Detail.xlsx,2017,ON143,137,335313,Switchgear and switchboard apparatus manufacturing,Industry,,4,S00900,Rest of the world adjustment,DetailedSpecialCommodity,,0,blank
detail_make_components_2017,2017,detail,producer_make,IOMake_After_Redefinitions_PRO_Detail.xlsx,2017,OK144,138,335314,Relay and industrial control manufacturing,Industry,,1,S00401,Scrap,DetailedSpecialCommodity,,0,blank
detail_make_components_2017,2017,detail,producer_make,IOMake_After_Redefinitions_PRO_Detail.xlsx,2017,OL144,138,335314,Relay and industrial control manufacturing,Industry,,2,S00402,Used and secondhand goods,DetailedSpecialCommodity,,0,blank
detail_make_components_2017,2017,detail,producer_make,IOMake_After_Redefinitions_PRO_Detail.xlsx,2017,OM144,138,335314,Relay and industrial control manufacturing,Industry,,3,S00300,Noncomparable imports,DetailedSpecialCommodity,,0,blank
detail_make_components_2017,2017,detail,producer_make,IOMake_After_Redefinitions_PRO_Detail.xlsx,2017,ON144,138,335314,Relay and industrial control manufacturing,Industry,,4,S00900,Rest of the world adjustment,DetailedSpecialCommodity,,0,blank
detail_make_components_2017,2017,detail,producer_make,IOMake_After_Redefinitions_PRO_Detail.xlsx,2017,OK145,139,335911,Storage battery manufacturing,Industry,,1,S00401,Scrap,DetailedSpecialCommodity,,0,numeric
detail_make_components_2017,2017,detail,producer_make,IOMake_After_Redefinitions_PRO_Detail.xlsx,2017,OL145,139,335911,Storage battery manufacturing,Industry,,2,S00402,Used and secondhand goods,DetailedSpecialCommodity,,0,blank
detail_make_components_2017,2017,detail,producer_make,IOMake_After_Redefinitions_PRO_Detail.xlsx,2017,OM145,139,335911,Storage battery manufacturing,Industry,,3,S00300,Noncomparable imports,DetailedSpecialCommodity,,0,blank
detail_make_components_2017,2017,detail,producer_make,IOMake_After_Redefinitions_PRO_Detail.xlsx,2017,ON145,139,335911,Storage battery manufacturing,Industry,,4,S00900,Rest of the world adjustment,DetailedSpecialCommodity,,0,blank
detail_make_components_2017,2017,detail,producer_make,IOMake_After_Redefinitions_PRO_Detail.xlsx,2017,OK146,140,335912,Primary battery manufacturing,Industry,,1,S00401,Scrap,DetailedSpecialCommodity,,0,numeric
detail_make_components_2017,2017,detail,producer_make,IOMake_After_Redefinitions_PRO_Detail.xlsx,2017,OL146,140,335912,Primary battery manufacturing,Industry,,2,S00402,Used and secondhand goods,DetailedSpecialCommodity,,0,blank
detail_make_components_2017,2017,detail,producer_make,IOMake_After_Redefinitions_PRO_Detail.xlsx,2017,OM146,140,335912,Primary battery manufacturing,Industry,,3,S00300,Noncomparable imports,DetailedSpecialCommodity,,0,blank
detail_make_components_2017,2017,detail,producer_make,IOMake_After_Redefinitions_PRO_Detail.xlsx,2017,ON146,140,335912,Primary battery manufacturing,Industry,,4,S00900,Rest of the world adjustment,DetailedSpecialCommodity,,0,blank
detail_make_components_2017,2017,detail,producer_make,IOMake_After_Redefinitions_PRO_Detail.xlsx,2017,OK147,141,335920,Communication and energy wire and cable manufacturing,Industry,,1,S00401,Scrap,DetailedSpecialCommodity,,0,blank
detail_make_components_2017,2017,detail,producer_make,IOMake_After_Redefinitions_PRO_Detail.xlsx,2017,OL147,141,335920,Communication and energy wire and cable manufacturing,Industry,,2,S00402,Used and secondhand goods,DetailedSpecialCommodity,,0,blank
detail_make_components_2017,2017,detail,producer_make,IOMake_After_Redefinitions_PRO_Detail.xlsx,2017,OM147,141,335920,Communication and energy wire and cable manufacturing,Industry,,3,S00300,Noncomparable imports,DetailedSpecialCommodity,,0,blank
detail_make_components_2017,2017,detail,producer_make,IOMake_After_Redefinitions_PRO_Detail.xlsx,2017,ON147,141,335920,Communication and energy wire and cable manufacturing,Industry,,4,S00900,Rest of the world adjustment,DetailedSpecialCommodity,,0,blank
detail_make_components_2017,2017,detail,producer_make,IOMake_After_Redefinitions_PRO_Detail.xlsx,2017,OK148,142,335930,Wiring device manufacturing,Industry,,1,S00401,Scrap,DetailedSpecialCommodity,,0,blank
detail_make_components_2017,2017,detail,producer_make,IOMake_After_Redefinitions_PRO_Detail.xlsx,2017,OL148,142,335930,Wiring device manufacturing,Industry,,2,S00402,Used and secondhand goods,DetailedSpecialCommodity,,0,blank
detail_make_components_2017,2017,detail,producer_make,IOMake_After_Redefinitions_PRO_Detail.xlsx,2017,OM148,142,335930,Wiring device manufacturing,Industry,,3,S00300,Noncomparable imports,DetailedSpecialCommodity,,0,blank
detail_make_components_2017,2017,detail,producer_make,IOMake_After_Redefinitions_PRO_Detail.xlsx,2017,ON148,142,335930,Wiring device manufacturing,Industry,,4,S00900,Rest of the world adjustment,DetailedSpecialCommodity,,0,blank
detail_make_components_2017,2017,detail,producer_make,IOMake_After_Redefinitions_PRO_Detail.xlsx,2017,OK149,143,335991,Carbon and graphite product manufacturing,Industry,,1,S00401,Scrap,DetailedSpecialCommodity,,0,blank
detail_make_components_2017,2017,detail,producer_make,IOMake_After_Redefinitions_PRO_Detail.xlsx,2017,OL149,143,335991,Carbon and graphite product manufacturing,Industry,,2,S00402,Used and secondhand goods,DetailedSpecialCommodity,,0,blank
detail_make_components_2017,2017,detail,producer_make,IOMake_After_Redefinitions_PRO_Detail.xlsx,2017,OM149,143,335991,Carbon and graphite product manufacturing,Industry,,3,S00300,Noncomparable imports,DetailedSpecialCommodity,,0,blank
detail_make_components_2017,2017,detail,producer_make,IOMake_After_Redefinitions_PRO_Detail.xlsx,2017,ON149,143,335991,Carbon and graphite product manufacturing,Industry,,4,S00900,Rest of the world adjustment,DetailedSpecialCommodity,,0,blank
detail_make_components_2017,2017,detail,producer_make,IOMake_After_Redefinitions_PRO_Detail.xlsx,2017,OK150,144,335999,All other miscellaneous electrical equipment and component manufacturing,Industry,,1,S00401,Scrap,DetailedSpecialCommodity,,0,numeric
detail_make_components_2017,2017,detail,producer_make,IOMake_After_Redefinitions_PRO_Detail.xlsx,2017,OL150,144,335999,All other miscellaneous electrical equipment and component manufacturing,Industry,,2,S00402,Used and secondhand goods,DetailedSpecialCommodity,,0,blank
detail_make_components_2017,2017,detail,producer_make,IOMake_After_Redefinitions_PRO_Detail.xlsx,2017,OM150,144,335999,All other miscellaneous electrical equipment and component manufacturing,Industry,,3,S00300,Noncomparable imports,DetailedSpecialCommodity,,0,blank
detail_make_components_2017,2017,detail,producer_make,IOMake_After_Redefinitions_PRO_Detail.xlsx,2017,ON150,144,335999,All other miscellaneous electrical equipment and component manufacturing,Industry,,4,S00900,Rest of the world adjustment,DetailedSpecialCommodity,,0,blank
detail_make_components_2017,2017,detail,producer_make,IOMake_After_Redefinitions_PRO_Detail.xlsx,2017,OK151,145,336111,Automobile manufacturing,Industry,,1,S00401,Scrap,DetailedSpecialCommodity,,0,blank
detail_make_components_2017,2017,detail,producer_make,IOMake_After_Redefinitions_PRO_Detail.xlsx,2017,OL151,145,336111,Automobile manufacturing,Industry,,2,S00402,Used and secondhand goods,DetailedSpecialCommodity,,0,blank
detail_make_components_2017,2017,detail,producer_make,IOMake_After_Redefinitions_PRO_Detail.xlsx,2017,OM151,145,336111,Automobile manufacturing,Industry,,3,S00300,Noncomparable imports,DetailedSpecialCommodity,,0,blank
detail_make_components_2017,2017,detail,producer_make,IOMake_After_Redefinitions_PRO_Detail.xlsx,2017,ON151,145,336111,Automobile manufacturing,Industry,,4,S00900,Rest of the world adjustment,DetailedSpecialCommodity,,0,blank
detail_make_components_2017,2017,detail,producer_make,IOMake_After_Redefinitions_PRO_Detail.xlsx,2017,OK152,146,336112,Light truck and utility vehicle manufacturing,Industry,,1,S00401,Scrap,DetailedSpecialCommodity,,0,blank
detail_make_components_2017,2017,detail,producer_make,IOMake_After_Redefinitions_PRO_Detail.xlsx,2017,OL152,146,336112,Light truck and utility vehicle manufacturing,Industry,,2,S00402,Used and secondhand goods,DetailedSpecialCommodity,,0,blank
detail_make_components_2017,2017,detail,producer_make,IOMake_After_Redefinitions_PRO_Detail.xlsx,2017,OM152,146,336112,Light truck and utility vehicle manufacturing,Industry,,3,S00300,Noncomparable imports,DetailedSpecialCommodity,,0,blank
detail_make_components_2017,2017,detail,producer_make,IOMake_After_Redefinitions_PRO_Detail.xlsx,2017,ON152,146,336112,Light truck and utility vehicle manufacturing,Industry,,4,S00900,Rest of the world adjustment,DetailedSpecialCommodity,,0,blank
detail_make_components_2017,2017,detail,producer_make,IOMake_After_Redefinitions_PRO_Detail.xlsx,2017,OK153,147,336120,Heavy duty truck manufacturing,Industry,,1,S00401,Scrap,DetailedSpecialCommodity,,0,blank
detail_make_components_2017,2017,detail,producer_make,IOMake_After_Redefinitions_PRO_Detail.xlsx,2017,OL153,147,336120,Heavy duty truck manufacturing,Industry,,2,S00402,Used and secondhand goods,DetailedSpecialCommodity,,0,blank
detail_make_components_2017,2017,detail,producer_make,IOMake_After_Redefinitions_PRO_Detail.xlsx,2017,OM153,147,336120,Heavy duty truck manufacturing,Industry,,3,S00300,Noncomparable imports,DetailedSpecialCommodity,,0,blank
detail_make_components_2017,2017,detail,producer_make,IOMake_After_Redefinitions_PRO_Detail.xlsx,2017,ON153,147,336120,Heavy duty truck manufacturing,Industry,,4,S00900,Rest of the world adjustment,DetailedSpecialCommodity,,0,blank
detail_make_components_2017,2017,detail,producer_make,IOMake_After_Redefinitions_PRO_Detail.xlsx,2017,OK154,148,336211,Motor vehicle body manufacturing,Industry,,1,S00401,Scrap,DetailedSpecialCommodity,,0,blank
detail_make_components_2017,2017,detail,producer_make,IOMake_After_Redefinitions_PRO_Detail.xlsx,2017,OL154,148,336211,Motor vehicle body manufacturing,Industry,,2,S00402,Used and secondhand goods,DetailedSpecialCommodity,,0,blank
detail_make_components_2017,2017,detail,producer_make,IOMake_After_Redefinitions_PRO_Detail.xlsx,2017,OM154,148,336211,Motor vehicle body manufacturing,Industry,,3,S00300,Noncomparable imports,DetailedSpecialCommodity,,0,blank
detail_make_components_2017,2017,detail,producer_make,IOMake_After_Redefinitions_PRO_Detail.xlsx,2017,ON154,148,336211,Motor vehicle body manufacturing,Industry,,4,S00900,Rest of the world adjustment,DetailedSpecialCommodity,,0,blank
detail_make_components_2017,2017,detail,producer_make,IOMake_After_Redefinitions_PRO_Detail.xlsx,2017,OK155,149,336212,Truck trailer manufacturing,Industry,,1,S00401,Scrap,DetailedSpecialCommodity,,0,blank
detail_make_components_2017,2017,detail,producer_make,IOMake_After_Redefinitions_PRO_Detail.xlsx,2017,OL155,149,336212,Truck trailer manufacturing,Industry,,2,S00402,Used and secondhand goods,DetailedSpecialCommodity,,0,blank
detail_make_components_2017,2017,detail,producer_make,IOMake_After_Redefinitions_PRO_Detail.xlsx,2017,OM155,149,336212,Truck trailer manufacturing,Industry,,3,S00300,Noncomparable imports,DetailedSpecialCommodity,,0,blank
detail_make_components_2017,2017,detail,producer_make,IOMake_After_Redefinitions_PRO_Detail.xlsx,2017,ON155,149,336212,Truck trailer manufacturing,Industry,,4,S00900,Rest of the world adjustment,DetailedSpecialCommodity,,0,blank
detail_make_components_2017,2017,detail,producer_make,IOMake_After_Redefinitions_PRO_Detail.xlsx,2017,OK156,150,336213,Motor home manufacturing,Industry,,1,S00401,Scrap,DetailedSpecialCommodity,,0,blank
detail_make_components_2017,2017,detail,producer_make,IOMake_After_Redefinitions_PRO_Detail.xlsx,2017,OL156,150,336213,Motor home manufacturing,Industry,,2,S00402,Used and secondhand goods,DetailedSpecialCommodity,,0,blank
detail_make_components_2017,2017,detail,producer_make,IOMake_After_Redefinitions_PRO_Detail.xlsx,2017,OM156,150,336213,Motor home manufacturing,Industry,,3,S00300,Noncomparable imports,DetailedSpecialCommodity,,0,blank
detail_make_components_2017,2017,detail,producer_make,IOMake_After_Redefinitions_PRO_Detail.xlsx,2017,ON156,150,336213,Motor home manufacturing,Industry,,4,S00900,Rest of the world adjustment,DetailedSpecialCommodity,,0,blank
detail_make_components_2017,2017,detail,producer_make,IOMake_After_Redefinitions_PRO_Detail.xlsx,2017,OK157,151,336214,Travel trailer and camper manufacturing,Industry,,1,S00401,Scrap,DetailedSpecialCommodity,,0,blank
detail_make_components_2017,2017,detail,producer_make,IOMake_After_Redefinitions_PRO_Detail.xlsx,2017,OL157,151,336214,Travel trailer and camper manufacturing,Industry,,2,S00402,Used and secondhand goods,DetailedSpecialCommodity,,0,blank
detail_make_components_2017,2017,detail,producer_make,IOMake_After_Redefinitions_PRO_Detail.xlsx,2017,OM157,151,336214,Travel trailer and camper manufacturing,Industry,,3,S00300,Noncomparable imports,DetailedSpecialCommodity,,0,blank
detail_make_components_2017,2017,detail,producer_make,IOMake_After_Redefinitions_PRO_Detail.xlsx,2017,ON157,151,336214,Travel trailer and camper manufacturing,Industry,,4,S00900,Rest of the world adjustment,DetailedSpecialCommodity,,0,blank
detail_make_components_2017,2017,detail,producer_make,IOMake_After_Redefinitions_PRO_Detail.xlsx,2017,OK158,152,336310,Motor vehicle gasoline engine and engine parts manufacturing,Industry,,1,S00401,Scrap,DetailedSpecialCommodity,,39,numeric
detail_make_components_2017,2017,detail,producer_make,IOMake_After_Redefinitions_PRO_Detail.xlsx,2017,OL158,152,336310,Motor vehicle gasoline engine and engine parts manufacturing,Industry,,2,S00402,Used and secondhand goods,DetailedSpecialCommodity,,0,blank
detail_make_components_2017,2017,detail,producer_make,IOMake_After_Redefinitions_PRO_Detail.xlsx,2017,OM158,152,336310,Motor vehicle gasoline engine and engine parts manufacturing,Industry,,3,S00300,Noncomparable imports,DetailedSpecialCommodity,,0,blank
detail_make_components_2017,2017,detail,producer_make,IOMake_After_Redefinitions_PRO_Detail.xlsx,2017,ON158,152,336310,Motor vehicle gasoline engine and engine parts manufacturing,Industry,,4,S00900,Rest of the world adjustment,DetailedSpecialCommodity,,0,blank
detail_make_components_2017,2017,detail,producer_make,IOMake_After_Redefinitions_PRO_Detail.xlsx,2017,OK159,153,336320,Motor vehicle electrical and electronic equipment manufacturing,Industry,,1,S00401,Scrap,DetailedSpecialCommodity,,114,numeric
detail_make_components_2017,2017,detail,producer_make,IOMake_After_Redefinitions_PRO_Detail.xlsx,2017,OL159,153,336320,Motor vehicle electrical and electronic equipment manufacturing,Industry,,2,S00402,Used and secondhand goods,DetailedSpecialCommodity,,0,blank
detail_make_components_2017,2017,detail,producer_make,IOMake_After_Redefinitions_PRO_Detail.xlsx,2017,OM159,153,336320,Motor vehicle electrical and electronic equipment manufacturing,Industry,,3,S00300,Noncomparable imports,DetailedSpecialCommodity,,0,blank
detail_make_components_2017,2017,detail,producer_make,IOMake_After_Redefinitions_PRO_Detail.xlsx,2017,ON159,153,336320,Motor vehicle electrical and electronic equipment manufacturing,Industry,,4,S00900,Rest of the world adjustment,DetailedSpecialCommodity,,0,blank
detail_make_components_2017,2017,detail,producer_make,IOMake_After_Redefinitions_PRO_Detail.xlsx,2017,OK160,154,336350,Motor vehicle transmission and power train parts manufacturing,Industry,,1,S00401,Scrap,DetailedSpecialCommodity,,56,numeric
detail_make_components_2017,2017,detail,producer_make,IOMake_After_Redefinitions_PRO_Detail.xlsx,2017,OL160,154,336350,Motor vehicle transmission and power train parts manufacturing,Industry,,2,S00402,Used and secondhand goods,DetailedSpecialCommodity,,0,blank
detail_make_components_2017,2017,detail,producer_make,IOMake_After_Redefinitions_PRO_Detail.xlsx,2017,OM160,154,336350,Motor vehicle transmission and power train parts manufacturing,Industry,,3,S00300,Noncomparable imports,DetailedSpecialCommodity,,0,blank
detail_make_components_2017,2017,detail,producer_make,IOMake_After_Redefinitions_PRO_Detail.xlsx,2017,ON160,154,336350,Motor vehicle transmission and power train parts manufacturing,Industry,,4,S00900,Rest of the world adjustment,DetailedSpecialCommodity,,0,blank
detail_make_components_2017,2017,detail,producer_make,IOMake_After_Redefinitions_PRO_Detail.xlsx,2017,OK161,155,336360,Motor vehicle seating and interior trim manufacturing,Industry,,1,S00401,Scrap,DetailedSpecialCommodity,,61,numeric
detail_make_components_2017,2017,detail,producer_make,IOMake_After_Redefinitions_PRO_Detail.xlsx,2017,OL161,155,336360,Motor vehicle seating and interior trim manufacturing,Industry,,2,S00402,Used and secondhand goods,DetailedSpecialCommodity,,0,blank
detail_make_components_2017,2017,detail,producer_make,IOMake_After_Redefinitions_PRO_Detail.xlsx,2017,OM161,155,336360,Motor vehicle seating and interior trim manufacturing,Industry,,3,S00300,Noncomparable imports,DetailedSpecialCommodity,,0,blank
detail_make_components_2017,2017,detail,producer_make,IOMake_After_Redefinitions_PRO_Detail.xlsx,2017,ON161,155,336360,Motor vehicle seating and interior trim manufacturing,Industry,,4,S00900,Rest of the world adjustment,DetailedSpecialCommodity,,0,blank
detail_make_components_2017,2017,detail,producer_make,IOMake_After_Redefinitions_PRO_Detail.xlsx,2017,OK162,156,336370,Motor vehicle metal stamping,Industry,,1,S00401,Scrap,DetailedSpecialCommodity,,116,numeric
detail_make_components_2017,2017,detail,producer_make,IOMake_After_Redefinitions_PRO_Detail.xlsx,2017,OL162,156,336370,Motor vehicle metal stamping,Industry,,2,S00402,Used and secondhand goods,DetailedSpecialCommodity,,0,blank
detail_make_components_2017,2017,detail,producer_make,IOMake_After_Redefinitions_PRO_Detail.xlsx,2017,OM162,156,336370,Motor vehicle metal stamping,Industry,,3,S00300,Noncomparable imports,DetailedSpecialCommodity,,0,blank
detail_make_components_2017,2017,detail,producer_make,IOMake_After_Redefinitions_PRO_Detail.xlsx,2017,ON162,156,336370,Motor vehicle metal stamping,Industry,,4,S00900,Rest of the world adjustment,DetailedSpecialCommodity,,0,blank
detail_make_components_2017,2017,detail,producer_make,IOMake_After_Redefinitions_PRO_Detail.xlsx,2017,OK163,157,336390,Other motor vehicle parts manufacturing,Industry,,1,S00401,Scrap,DetailedSpecialCommodity,,151,numeric
detail_make_components_2017,2017,detail,producer_make,IOMake_After_Redefinitions_PRO_Detail.xlsx,2017,OL163,157,336390,Other motor vehicle parts manufacturing,Industry,,2,S00402,Used and secondhand goods,DetailedSpecialCommodity,,0,blank
detail_make_components_2017,2017,detail,producer_make,IOMake_After_Redefinitions_PRO_Detail.xlsx,2017,OM163,157,336390,Other motor vehicle parts manufacturing,Industry,,3,S00300,Noncomparable imports,DetailedSpecialCommodity,,0,blank
detail_make_components_2017,2017,detail,producer_make,IOMake_After_Redefinitions_PRO_Detail.xlsx,2017,ON163,157,336390,Other motor vehicle parts manufacturing,Industry,,4,S00900,Rest of the world adjustment,DetailedSpecialCommodity,,0,blank
detail_make_components_2017,2017,detail,producer_make,IOMake_After_Redefinitions_PRO_Detail.xlsx,2017,OK164,158,3363A0,"Motor vehicle steering, suspension component (except spring), and brake systems manufacturing",Industry,,1,S00401,Scrap,DetailedSpecialCommodity,,120,numeric
detail_make_components_2017,2017,detail,producer_make,IOMake_After_Redefinitions_PRO_Detail.xlsx,2017,OL164,158,3363A0,"Motor vehicle steering, suspension component (except spring), and brake systems manufacturing",Industry,,2,S00402,Used and secondhand goods,DetailedSpecialCommodity,,0,blank
detail_make_components_2017,2017,detail,producer_make,IOMake_After_Redefinitions_PRO_Detail.xlsx,2017,OM164,158,3363A0,"Motor vehicle steering, suspension component (except spring), and brake systems manufacturing",Industry,,3,S00300,Noncomparable imports,DetailedSpecialCommodity,,0,blank
detail_make_components_2017,2017,detail,producer_make,IOMake_After_Redefinitions_PRO_Detail.xlsx,2017,ON164,158,3363A0,"Motor vehicle steering, suspension component (except spring), and brake systems manufacturing",Industry,,4,S00900,Rest of the world adjustment,DetailedSpecialCommodity,,0,blank
detail_make_components_2017,2017,detail,producer_make,IOMake_After_Redefinitions_PRO_Detail.xlsx,2017,OK165,159,336411,Aircraft manufacturing,Industry,,1,S00401,Scrap,DetailedSpecialCommodity,,0,numeric
detail_make_components_2017,2017,detail,producer_make,IOMake_After_Redefinitions_PRO_Detail.xlsx,2017,OL165,159,336411,Aircraft manufacturing,Industry,,2,S00402,Used and secondhand goods,DetailedSpecialCommodity,,0,blank
detail_make_components_2017,2017,detail,producer_make,IOMake_After_Redefinitions_PRO_Detail.xlsx,2017,OM165,159,336411,Aircraft manufacturing,Industry,,3,S00300,Noncomparable imports,DetailedSpecialCommodity,,0,blank
detail_make_components_2017,2017,detail,producer_make,IOMake_After_Redefinitions_PRO_Detail.xlsx,2017,ON165,159,336411,Aircraft manufacturing,Industry,,4,S00900,Rest of the world adjustment,DetailedSpecialCommodity,,0,blank
detail_make_components_2017,2017,detail,producer_make,IOMake_After_Redefinitions_PRO_Detail.xlsx,2017,OK166,160,336412,Aircraft engine and engine parts manufacturing,Industry,,1,S00401,Scrap,DetailedSpecialCommodity,,9,numeric
detail_make_components_2017,2017,detail,producer_make,IOMake_After_Redefinitions_PRO_Detail.xlsx,2017,OL166,160,336412,Aircraft engine and engine parts manufacturing,Industry,,2,S00402,Used and secondhand goods,DetailedSpecialCommodity,,0,blank
detail_make_components_2017,2017,detail,producer_make,IOMake_After_Redefinitions_PRO_Detail.xlsx,2017,OM166,160,336412,Aircraft engine and engine parts manufacturing,Industry,,3,S00300,Noncomparable imports,DetailedSpecialCommodity,,0,blank
detail_make_components_2017,2017,detail,producer_make,IOMake_After_Redefinitions_PRO_Detail.xlsx,2017,ON166,160,336412,Aircraft engine and engine parts manufacturing,Industry,,4,S00900,Rest of the world adjustment,DetailedSpecialCommodity,,0,blank
detail_make_components_2017,2017,detail,producer_make,IOMake_After_Redefinitions_PRO_Detail.xlsx,2017,OK167,161,336413,Other aircraft parts and auxiliary equipment manufacturing,Industry,,1,S00401,Scrap,DetailedSpecialCommodity,,29,numeric
detail_make_components_2017,2017,detail,producer_make,IOMake_After_Redefinitions_PRO_Detail.xlsx,2017,OL167,161,336413,Other aircraft parts and auxiliary equipment manufacturing,Industry,,2,S00402,Used and secondhand goods,DetailedSpecialCommodity,,0,blank
detail_make_components_2017,2017,detail,producer_make,IOMake_After_Redefinitions_PRO_Detail.xlsx,2017,OM167,161,336413,Other aircraft parts and auxiliary equipment manufacturing,Industry,,3,S00300,Noncomparable imports,DetailedSpecialCommodity,,0,blank
detail_make_components_2017,2017,detail,producer_make,IOMake_After_Redefinitions_PRO_Detail.xlsx,2017,ON167,161,336413,Other aircraft parts and auxiliary equipment manufacturing,Industry,,4,S00900,Rest of the world adjustment,DetailedSpecialCommodity,,0,blank
detail_make_components_2017,2017,detail,producer_make,IOMake_After_Redefinitions_PRO_Detail.xlsx,2017,OK168,162,336414,Guided missile and space vehicle manufacturing,Industry,,1,S00401,Scrap,DetailedSpecialCommodity,,0,blank
detail_make_components_2017,2017,detail,producer_make,IOMake_After_Redefinitions_PRO_Detail.xlsx,2017,OL168,162,336414,Guided missile and space vehicle manufacturing,Industry,,2,S00402,Used and secondhand goods,DetailedSpecialCommodity,,0,blank
detail_make_components_2017,2017,detail,producer_make,IOMake_After_Redefinitions_PRO_Detail.xlsx,2017,OM168,162,336414,Guided missile and space vehicle manufacturing,Industry,,3,S00300,Noncomparable imports,DetailedSpecialCommodity,,0,blank
detail_make_components_2017,2017,detail,producer_make,IOMake_After_Redefinitions_PRO_Detail.xlsx,2017,ON168,162,336414,Guided missile and space vehicle manufacturing,Industry,,4,S00900,Rest of the world adjustment,DetailedSpecialCommodity,,0,blank
detail_make_components_2017,2017,detail,producer_make,IOMake_After_Redefinitions_PRO_Detail.xlsx,2017,OK169,163,33641A,Propulsion units and parts for space vehicles and guided missiles,Industry,,1,S00401,Scrap,DetailedSpecialCommodity,,0,blank
detail_make_components_2017,2017,detail,producer_make,IOMake_After_Redefinitions_PRO_Detail.xlsx,2017,OL169,163,33641A,Propulsion units and parts for space vehicles and guided missiles,Industry,,2,S00402,Used and secondhand goods,DetailedSpecialCommodity,,0,blank
detail_make_components_2017,2017,detail,producer_make,IOMake_After_Redefinitions_PRO_Detail.xlsx,2017,OM169,163,33641A,Propulsion units and parts for space vehicles and guided missiles,Industry,,3,S00300,Noncomparable imports,DetailedSpecialCommodity,,0,blank
detail_make_components_2017,2017,detail,producer_make,IOMake_After_Redefinitions_PRO_Detail.xlsx,2017,ON169,163,33641A,Propulsion units and parts for space vehicles and guided missiles,Industry,,4,S00900,Rest of the world adjustment,DetailedSpecialCommodity,,0,blank
detail_make_components_2017,2017,detail,producer_make,IOMake_After_Redefinitions_PRO_Detail.xlsx,2017,OK170,164,336500,Railroad rolling stock manufacturing,Industry,,1,S00401,Scrap,DetailedSpecialCommodity,,14,numeric
detail_make_components_2017,2017,detail,producer_make,IOMake_After_Redefinitions_PRO_Detail.xlsx,2017,OL170,164,336500,Railroad rolling stock manufacturing,Industry,,2,S00402,Used and secondhand goods,DetailedSpecialCommodity,,0,blank
detail_make_components_2017,2017,detail,producer_make,IOMake_After_Redefinitions_PRO_Detail.xlsx,2017,OM170,164,336500,Railroad rolling stock manufacturing,Industry,,3,S00300,Noncomparable imports,DetailedSpecialCommodity,,0,blank
detail_make_components_2017,2017,detail,producer_make,IOMake_After_Redefinitions_PRO_Detail.xlsx,2017,ON170,164,336500,Railroad rolling stock manufacturing,Industry,,4,S00900,Rest of the world adjustment,DetailedSpecialCommodity,,0,blank
detail_make_components_2017,2017,detail,producer_make,IOMake_After_Redefinitions_PRO_Detail.xlsx,2017,OK171,165,336611,Ship building and repairing,Industry,,1,S00401,Scrap,DetailedSpecialCommodity,,5,numeric
detail_make_components_2017,2017,detail,producer_make,IOMake_After_Redefinitions_PRO_Detail.xlsx,2017,OL171,165,336611,Ship building and repairing,Industry,,2,S00402,Used and secondhand goods,DetailedSpecialCommodity,,0,blank
detail_make_components_2017,2017,detail,producer_make,IOMake_After_Redefinitions_PRO_Detail.xlsx,2017,OM171,165,336611,Ship building and repairing,Industry,,3,S00300,Noncomparable imports,DetailedSpecialCommodity,,0,blank
detail_make_components_2017,2017,detail,producer_make,IOMake_After_Redefinitions_PRO_Detail.xlsx,2017,ON171,165,336611,Ship building and repairing,Industry,,4,S00900,Rest of the world adjustment,DetailedSpecialCommodity,,0,blank
detail_make_components_2017,2017,detail,producer_make,IOMake_After_Redefinitions_PRO_Detail.xlsx,2017,OK172,166,336612,Boat building,Industry,,1,S00401,Scrap,DetailedSpecialCommodity,,0,blank
detail_make_components_2017,2017,detail,producer_make,IOMake_After_Redefinitions_PRO_Detail.xlsx,2017,OL172,166,336612,Boat building,Industry,,2,S00402,Used and secondhand goods,DetailedSpecialCommodity,,0,blank
detail_make_components_2017,2017,detail,producer_make,IOMake_After_Redefinitions_PRO_Detail.xlsx,2017,OM172,166,336612,Boat building,Industry,,3,S00300,Noncomparable imports,DetailedSpecialCommodity,,0,blank
detail_make_components_2017,2017,detail,producer_make,IOMake_After_Redefinitions_PRO_Detail.xlsx,2017,ON172,166,336612,Boat building,Industry,,4,S00900,Rest of the world adjustment,DetailedSpecialCommodity,,0,blank
detail_make_components_2017,2017,detail,producer_make,IOMake_After_Redefinitions_PRO_Detail.xlsx,2017,OK173,167,336991,"Motorcycle, bicycle, and parts manufacturing",Industry,,1,S00401,Scrap,DetailedSpecialCommodity,,0,blank
detail_make_components_2017,2017,detail,producer_make,IOMake_After_Redefinitions_PRO_Detail.xlsx,2017,OL173,167,336991,"Motorcycle, bicycle, and parts manufacturing",Industry,,2,S00402,Used and secondhand goods,DetailedSpecialCommodity,,0,blank
detail_make_components_2017,2017,detail,producer_make,IOMake_After_Redefinitions_PRO_Detail.xlsx,2017,OM173,167,336991,"Motorcycle, bicycle, and parts manufacturing",Industry,,3,S00300,Noncomparable imports,DetailedSpecialCommodity,,0,blank
detail_make_components_2017,2017,detail,producer_make,IOMake_After_Redefinitions_PRO_Detail.xlsx,2017,ON173,167,336991,"Motorcycle, bicycle, and parts manufacturing",Industry,,4,S00900,Rest of the world adjustment,DetailedSpecialCommodity,,0,blank
detail_make_components_2017,2017,detail,producer_make,IOMake_After_Redefinitions_PRO_Detail.xlsx,2017,OK174,168,336992,"Military armored vehicle, tank, and tank component manufacturing",Industry,,1,S00401,Scrap,DetailedSpecialCommodity,,0,numeric
detail_make_components_2017,2017,detail,producer_make,IOMake_After_Redefinitions_PRO_Detail.xlsx,2017,OL174,168,336992,"Military armored vehicle, tank, and tank component manufacturing",Industry,,2,S00402,Used and secondhand goods,DetailedSpecialCommodity,,0,blank
detail_make_components_2017,2017,detail,producer_make,IOMake_After_Redefinitions_PRO_Detail.xlsx,2017,OM174,168,336992,"Military armored vehicle, tank, and tank component manufacturing",Industry,,3,S00300,Noncomparable imports,DetailedSpecialCommodity,,0,blank
detail_make_components_2017,2017,detail,producer_make,IOMake_After_Redefinitions_PRO_Detail.xlsx,2017,ON174,168,336992,"Military armored vehicle, tank, and tank component manufacturing",Industry,,4,S00900,Rest of the world adjustment,DetailedSpecialCommodity,,0,blank
detail_make_components_2017,2017,detail,producer_make,IOMake_After_Redefinitions_PRO_Detail.xlsx,2017,OK175,169,336999,All other transportation equipment manufacturing,Industry,,1,S00401,Scrap,DetailedSpecialCommodity,,0,numeric
detail_make_components_2017,2017,detail,producer_make,IOMake_After_Redefinitions_PRO_Detail.xlsx,2017,OL175,169,336999,All other transportation equipment manufacturing,Industry,,2,S00402,Used and secondhand goods,DetailedSpecialCommodity,,0,blank
detail_make_components_2017,2017,detail,producer_make,IOMake_After_Redefinitions_PRO_Detail.xlsx,2017,OM175,169,336999,All other transportation equipment manufacturing,Industry,,3,S00300,Noncomparable imports,DetailedSpecialCommodity,,0,blank
detail_make_components_2017,2017,detail,producer_make,IOMake_After_Redefinitions_PRO_Detail.xlsx,2017,ON175,169,336999,All other transportation equipment manufacturing,Industry,,4,S00900,Rest of the world adjustment,DetailedSpecialCommodity,,0,blank
detail_make_components_2017,2017,detail,producer_make,IOMake_After_Redefinitions_PRO_Detail.xlsx,2017,OK176,170,337110,Wood kitchen cabinet and countertop manufacturing,Industry,,1,S00401,Scrap,DetailedSpecialCommodity,,0,blank
detail_make_components_2017,2017,detail,producer_make,IOMake_After_Redefinitions_PRO_Detail.xlsx,2017,OL176,170,337110,Wood kitchen cabinet and countertop manufacturing,Industry,,2,S00402,Used and secondhand goods,DetailedSpecialCommodity,,0,blank
detail_make_components_2017,2017,detail,producer_make,IOMake_After_Redefinitions_PRO_Detail.xlsx,2017,OM176,170,337110,Wood kitchen cabinet and countertop manufacturing,Industry,,3,S00300,Noncomparable imports,DetailedSpecialCommodity,,0,blank
detail_make_components_2017,2017,detail,producer_make,IOMake_After_Redefinitions_PRO_Detail.xlsx,2017,ON176,170,337110,Wood kitchen cabinet and countertop manufacturing,Industry,,4,S00900,Rest of the world adjustment,DetailedSpecialCommodity,,0,blank
detail_make_components_2017,2017,detail,producer_make,IOMake_After_Redefinitions_PRO_Detail.xlsx,2017,OK177,171,337121,Upholstered household furniture manufacturing,Industry,,1,S00401,Scrap,DetailedSpecialCommodity,,0,blank
detail_make_components_2017,2017,detail,producer_make,IOMake_After_Redefinitions_PRO_Detail.xlsx,2017,OL177,171,337121,Upholstered household furniture manufacturing,Industry,,2,S00402,Used and secondhand goods,DetailedSpecialCommodity,,0,blank
detail_make_components_2017,2017,detail,producer_make,IOMake_After_Redefinitions_PRO_Detail.xlsx,2017,OM177,171,337121,Upholstered household furniture manufacturing,Industry,,3,S00300,Noncomparable imports,DetailedSpecialCommodity,,0,blank
detail_make_components_2017,2017,detail,producer_make,IOMake_After_Redefinitions_PRO_Detail.xlsx,2017,ON177,171,337121,Upholstered household furniture manufacturing,Industry,,4,S00900,Rest of the world adjustment,DetailedSpecialCommodity,,0,blank
detail_make_components_2017,2017,detail,producer_make,IOMake_After_Redefinitions_PRO_Detail.xlsx,2017,OK178,172,337122,Nonupholstered wood household furniture manufacturing,Industry,,1,S00401,Scrap,DetailedSpecialCommodity,,0,blank
detail_make_components_2017,2017,detail,producer_make,IOMake_After_Redefinitions_PRO_Detail.xlsx,2017,OL178,172,337122,Nonupholstered wood household furniture manufacturing,Industry,,2,S00402,Used and secondhand goods,DetailedSpecialCommodity,,0,blank
detail_make_components_2017,2017,detail,producer_make,IOMake_After_Redefinitions_PRO_Detail.xlsx,2017,OM178,172,337122,Nonupholstered wood household furniture manufacturing,Industry,,3,S00300,Noncomparable imports,DetailedSpecialCommodity,,0,blank
detail_make_components_2017,2017,detail,producer_make,IOMake_After_Redefinitions_PRO_Detail.xlsx,2017,ON178,172,337122,Nonupholstered wood household furniture manufacturing,Industry,,4,S00900,Rest of the world adjustment,DetailedSpecialCommodity,,0,blank
detail_make_components_2017,2017,detail,producer_make,IOMake_After_Redefinitions_PRO_Detail.xlsx,2017,OK179,173,337127,Institutional furniture manufacturing,Industry,,1,S00401,Scrap,DetailedSpecialCommodity,,0,blank
detail_make_components_2017,2017,detail,producer_make,IOMake_After_Redefinitions_PRO_Detail.xlsx,2017,OL179,173,337127,Institutional furniture manufacturing,Industry,,2,S00402,Used and secondhand goods,DetailedSpecialCommodity,,0,blank
detail_make_components_2017,2017,detail,producer_make,IOMake_After_Redefinitions_PRO_Detail.xlsx,2017,OM179,173,337127,Institutional furniture manufacturing,Industry,,3,S00300,Noncomparable imports,DetailedSpecialCommodity,,0,blank
detail_make_components_2017,2017,detail,producer_make,IOMake_After_Redefinitions_PRO_Detail.xlsx,2017,ON179,173,337127,Institutional furniture manufacturing,Industry,,4,S00900,Rest of the world adjustment,DetailedSpecialCommodity,,0,blank
detail_make_components_2017,2017,detail,producer_make,IOMake_After_Redefinitions_PRO_Detail.xlsx,2017,OK180,174,33712N,Other household nonupholstered furniture,Industry,,1,S00401,Scrap,DetailedSpecialCommodity,,0,blank
detail_make_components_2017,2017,detail,producer_make,IOMake_After_Redefinitions_PRO_Detail.xlsx,2017,OL180,174,33712N,Other household nonupholstered furniture,Industry,,2,S00402,Used and secondhand goods,DetailedSpecialCommodity,,0,blank
detail_make_components_2017,2017,detail,producer_make,IOMake_After_Redefinitions_PRO_Detail.xlsx,2017,OM180,174,33712N,Other household nonupholstered furniture,Industry,,3,S00300,Noncomparable imports,DetailedSpecialCommodity,,0,blank
detail_make_components_2017,2017,detail,producer_make,IOMake_After_Redefinitions_PRO_Detail.xlsx,2017,ON180,174,33712N,Other household nonupholstered furniture,Industry,,4,S00900,Rest of the world adjustment,DetailedSpecialCommodity,,0,blank
detail_make_components_2017,2017,detail,producer_make,IOMake_After_Redefinitions_PRO_Detail.xlsx,2017,OK181,175,337215,"Showcase, partition, shelving, and locker manufacturing",Industry,,1,S00401,Scrap,DetailedSpecialCommodity,,0,blank
detail_make_components_2017,2017,detail,producer_make,IOMake_After_Redefinitions_PRO_Detail.xlsx,2017,OL181,175,337215,"Showcase, partition, shelving, and locker manufacturing",Industry,,2,S00402,Used and secondhand goods,DetailedSpecialCommodity,,0,blank
detail_make_components_2017,2017,detail,producer_make,IOMake_After_Redefinitions_PRO_Detail.xlsx,2017,OM181,175,337215,"Showcase, partition, shelving, and locker manufacturing",Industry,,3,S00300,Noncomparable imports,DetailedSpecialCommodity,,0,blank
detail_make_components_2017,2017,detail,producer_make,IOMake_After_Redefinitions_PRO_Detail.xlsx,2017,ON181,175,337215,"Showcase, partition, shelving, and locker manufacturing",Industry,,4,S00900,Rest of the world adjustment,DetailedSpecialCommodity,,0,blank
detail_make_components_2017,2017,detail,producer_make,IOMake_After_Redefinitions_PRO_Detail.xlsx,2017,OK182,176,33721A,Office furniture and custom architectural woodwork and millwork manufacturing,Industry,,1,S00401,Scrap,DetailedSpecialCommodity,,0,blank
detail_make_components_2017,2017,detail,producer_make,IOMake_After_Redefinitions_PRO_Detail.xlsx,2017,OL182,176,33721A,Office furniture and custom architectural woodwork and millwork manufacturing,Industry,,2,S00402,Used and secondhand goods,DetailedSpecialCommodity,,0,blank
detail_make_components_2017,2017,detail,producer_make,IOMake_After_Redefinitions_PRO_Detail.xlsx,2017,OM182,176,33721A,Office furniture and custom architectural woodwork and millwork manufacturing,Industry,,3,S00300,Noncomparable imports,DetailedSpecialCommodity,,0,blank
detail_make_components_2017,2017,detail,producer_make,IOMake_After_Redefinitions_PRO_Detail.xlsx,2017,ON182,176,33721A,Office furniture and custom architectural woodwork and millwork manufacturing,Industry,,4,S00900,Rest of the world adjustment,DetailedSpecialCommodity,,0,blank
detail_make_components_2017,2017,detail,producer_make,IOMake_After_Redefinitions_PRO_Detail.xlsx,2017,OK183,177,337900,Other furniture related product manufacturing,Industry,,1,S00401,Scrap,DetailedSpecialCommodity,,0,blank
detail_make_components_2017,2017,detail,producer_make,IOMake_After_Redefinitions_PRO_Detail.xlsx,2017,OL183,177,337900,Other furniture related product manufacturing,Industry,,2,S00402,Used and secondhand goods,DetailedSpecialCommodity,,0,blank
detail_make_components_2017,2017,detail,producer_make,IOMake_After_Redefinitions_PRO_Detail.xlsx,2017,OM183,177,337900,Other furniture related product manufacturing,Industry,,3,S00300,Noncomparable imports,DetailedSpecialCommodity,,0,blank
detail_make_components_2017,2017,detail,producer_make,IOMake_After_Redefinitions_PRO_Detail.xlsx,2017,ON183,177,337900,Other furniture related product manufacturing,Industry,,4,S00900,Rest of the world adjustment,DetailedSpecialCommodity,,0,blank
detail_make_components_2017,2017,detail,producer_make,IOMake_After_Redefinitions_PRO_Detail.xlsx,2017,OK184,178,339112,Surgical and medical instrument manufacturing,Industry,,1,S00401,Scrap,DetailedSpecialCommodity,,0,blank
detail_make_components_2017,2017,detail,producer_make,IOMake_After_Redefinitions_PRO_Detail.xlsx,2017,OL184,178,339112,Surgical and medical instrument manufacturing,Industry,,2,S00402,Used and secondhand goods,DetailedSpecialCommodity,,0,blank
detail_make_components_2017,2017,detail,producer_make,IOMake_After_Redefinitions_PRO_Detail.xlsx,2017,OM184,178,339112,Surgical and medical instrument manufacturing,Industry,,3,S00300,Noncomparable imports,DetailedSpecialCommodity,,0,blank
detail_make_components_2017,2017,detail,producer_make,IOMake_After_Redefinitions_PRO_Detail.xlsx,2017,ON184,178,339112,Surgical and medical instrument manufacturing,Industry,,4,S00900,Rest of the world adjustment,DetailedSpecialCommodity,,0,blank
detail_make_components_2017,2017,detail,producer_make,IOMake_After_Redefinitions_PRO_Detail.xlsx,2017,OK185,179,339113,Surgical appliance and supplies manufacturing,Industry,,1,S00401,Scrap,DetailedSpecialCommodity,,0,blank
detail_make_components_2017,2017,detail,producer_make,IOMake_After_Redefinitions_PRO_Detail.xlsx,2017,OL185,179,339113,Surgical appliance and supplies manufacturing,Industry,,2,S00402,Used and secondhand goods,DetailedSpecialCommodity,,0,blank
detail_make_components_2017,2017,detail,producer_make,IOMake_After_Redefinitions_PRO_Detail.xlsx,2017,OM185,179,339113,Surgical appliance and supplies manufacturing,Industry,,3,S00300,Noncomparable imports,DetailedSpecialCommodity,,0,blank
detail_make_components_2017,2017,detail,producer_make,IOMake_After_Redefinitions_PRO_Detail.xlsx,2017,ON185,179,339113,Surgical appliance and supplies manufacturing,Industry,,4,S00900,Rest of the world adjustment,DetailedSpecialCommodity,,0,blank
detail_make_components_2017,2017,detail,producer_make,IOMake_After_Redefinitions_PRO_Detail.xlsx,2017,OK186,180,339114,Dental equipment and supplies manufacturing,Industry,,1,S00401,Scrap,DetailedSpecialCommodity,,0,numeric
detail_make_components_2017,2017,detail,producer_make,IOMake_After_Redefinitions_PRO_Detail.xlsx,2017,OL186,180,339114,Dental equipment and supplies manufacturing,Industry,,2,S00402,Used and secondhand goods,DetailedSpecialCommodity,,0,blank
detail_make_components_2017,2017,detail,producer_make,IOMake_After_Redefinitions_PRO_Detail.xlsx,2017,OM186,180,339114,Dental equipment and supplies manufacturing,Industry,,3,S00300,Noncomparable imports,DetailedSpecialCommodity,,0,blank
detail_make_components_2017,2017,detail,producer_make,IOMake_After_Redefinitions_PRO_Detail.xlsx,2017,ON186,180,339114,Dental equipment and supplies manufacturing,Industry,,4,S00900,Rest of the world adjustment,DetailedSpecialCommodity,,0,blank
detail_make_components_2017,2017,detail,producer_make,IOMake_After_Redefinitions_PRO_Detail.xlsx,2017,OK187,181,339115,Ophthalmic goods manufacturing,Industry,,1,S00401,Scrap,DetailedSpecialCommodity,,0,numeric
detail_make_components_2017,2017,detail,producer_make,IOMake_After_Redefinitions_PRO_Detail.xlsx,2017,OL187,181,339115,Ophthalmic goods manufacturing,Industry,,2,S00402,Used and secondhand goods,DetailedSpecialCommodity,,0,blank
detail_make_components_2017,2017,detail,producer_make,IOMake_After_Redefinitions_PRO_Detail.xlsx,2017,OM187,181,339115,Ophthalmic goods manufacturing,Industry,,3,S00300,Noncomparable imports,DetailedSpecialCommodity,,0,blank
detail_make_components_2017,2017,detail,producer_make,IOMake_After_Redefinitions_PRO_Detail.xlsx,2017,ON187,181,339115,Ophthalmic goods manufacturing,Industry,,4,S00900,Rest of the world adjustment,DetailedSpecialCommodity,,0,blank
detail_make_components_2017,2017,detail,producer_make,IOMake_After_Redefinitions_PRO_Detail.xlsx,2017,OK188,182,339116,Dental laboratories,Industry,,1,S00401,Scrap,DetailedSpecialCommodity,,0,numeric
detail_make_components_2017,2017,detail,producer_make,IOMake_After_Redefinitions_PRO_Detail.xlsx,2017,OL188,182,339116,Dental laboratories,Industry,,2,S00402,Used and secondhand goods,DetailedSpecialCommodity,,0,blank
detail_make_components_2017,2017,detail,producer_make,IOMake_After_Redefinitions_PRO_Detail.xlsx,2017,OM188,182,339116,Dental laboratories,Industry,,3,S00300,Noncomparable imports,DetailedSpecialCommodity,,0,blank
detail_make_components_2017,2017,detail,producer_make,IOMake_After_Redefinitions_PRO_Detail.xlsx,2017,ON188,182,339116,Dental laboratories,Industry,,4,S00900,Rest of the world adjustment,DetailedSpecialCommodity,,0,blank
detail_make_components_2017,2017,detail,producer_make,IOMake_After_Redefinitions_PRO_Detail.xlsx,2017,OK189,183,339910,Jewelry and silverware manufacturing,Industry,,1,S00401,Scrap,DetailedSpecialCommodity,,0,numeric
detail_make_components_2017,2017,detail,producer_make,IOMake_After_Redefinitions_PRO_Detail.xlsx,2017,OL189,183,339910,Jewelry and silverware manufacturing,Industry,,2,S00402,Used and secondhand goods,DetailedSpecialCommodity,,0,blank
detail_make_components_2017,2017,detail,producer_make,IOMake_After_Redefinitions_PRO_Detail.xlsx,2017,OM189,183,339910,Jewelry and silverware manufacturing,Industry,,3,S00300,Noncomparable imports,DetailedSpecialCommodity,,0,blank
detail_make_components_2017,2017,detail,producer_make,IOMake_After_Redefinitions_PRO_Detail.xlsx,2017,ON189,183,339910,Jewelry and silverware manufacturing,Industry,,4,S00900,Rest of the world adjustment,DetailedSpecialCommodity,,0,blank
detail_make_components_2017,2017,detail,producer_make,IOMake_After_Redefinitions_PRO_Detail.xlsx,2017,OK190,184,339920,Sporting and athletic goods manufacturing,Industry,,1,S00401,Scrap,DetailedSpecialCommodity,,0,numeric
detail_make_components_2017,2017,detail,producer_make,IOMake_After_Redefinitions_PRO_Detail.xlsx,2017,OL190,184,339920,Sporting and athletic goods manufacturing,Industry,,2,S00402,Used and secondhand goods,DetailedSpecialCommodity,,0,blank
detail_make_components_2017,2017,detail,producer_make,IOMake_After_Redefinitions_PRO_Detail.xlsx,2017,OM190,184,339920,Sporting and athletic goods manufacturing,Industry,,3,S00300,Noncomparable imports,DetailedSpecialCommodity,,0,blank
detail_make_components_2017,2017,detail,producer_make,IOMake_After_Redefinitions_PRO_Detail.xlsx,2017,ON190,184,339920,Sporting and athletic goods manufacturing,Industry,,4,S00900,Rest of the world adjustment,DetailedSpecialCommodity,,0,blank
detail_make_components_2017,2017,detail,producer_make,IOMake_After_Redefinitions_PRO_Detail.xlsx,2017,OK191,185,339930,"Doll, toy, and game manufacturing",Industry,,1,S00401,Scrap,DetailedSpecialCommodity,,0,blank
detail_make_components_2017,2017,detail,producer_make,IOMake_After_Redefinitions_PRO_Detail.xlsx,2017,OL191,185,339930,"Doll, toy, and game manufacturing",Industry,,2,S00402,Used and secondhand goods,DetailedSpecialCommodity,,0,blank
detail_make_components_2017,2017,detail,producer_make,IOMake_After_Redefinitions_PRO_Detail.xlsx,2017,OM191,185,339930,"Doll, toy, and game manufacturing",Industry,,3,S00300,Noncomparable imports,DetailedSpecialCommodity,,0,blank
detail_make_components_2017,2017,detail,producer_make,IOMake_After_Redefinitions_PRO_Detail.xlsx,2017,ON191,185,339930,"Doll, toy, and game manufacturing",Industry,,4,S00900,Rest of the world adjustment,DetailedSpecialCommodity,,0,blank
detail_make_components_2017,2017,detail,producer_make,IOMake_After_Redefinitions_PRO_Detail.xlsx,2017,OK192,186,339940,Office supplies (except paper) manufacturing,Industry,,1,S00401,Scrap,DetailedSpecialCommodity,,0,blank
detail_make_components_2017,2017,detail,producer_make,IOMake_After_Redefinitions_PRO_Detail.xlsx,2017,OL192,186,339940,Office supplies (except paper) manufacturing,Industry,,2,S00402,Used and secondhand goods,DetailedSpecialCommodity,,0,blank
detail_make_components_2017,2017,detail,producer_make,IOMake_After_Redefinitions_PRO_Detail.xlsx,2017,OM192,186,339940,Office supplies (except paper) manufacturing,Industry,,3,S00300,Noncomparable imports,DetailedSpecialCommodity,,0,blank
detail_make_components_2017,2017,detail,producer_make,IOMake_After_Redefinitions_PRO_Detail.xlsx,2017,ON192,186,339940,Office supplies (except paper) manufacturing,Industry,,4,S00900,Rest of the world adjustment,DetailedSpecialCommodity,,0,blank
detail_make_components_2017,2017,detail,producer_make,IOMake_After_Redefinitions_PRO_Detail.xlsx,2017,OK193,187,339950,Sign manufacturing,Industry,,1,S00401,Scrap,DetailedSpecialCommodity,,0,blank
detail_make_components_2017,2017,detail,producer_make,IOMake_After_Redefinitions_PRO_Detail.xlsx,2017,OL193,187,339950,Sign manufacturing,Industry,,2,S00402,Used and secondhand goods,DetailedSpecialCommodity,,0,blank
detail_make_components_2017,2017,detail,producer_make,IOMake_After_Redefinitions_PRO_Detail.xlsx,2017,OM193,187,339950,Sign manufacturing,Industry,,3,S00300,Noncomparable imports,DetailedSpecialCommodity,,0,blank
detail_make_components_2017,2017,detail,producer_make,IOMake_After_Redefinitions_PRO_Detail.xlsx,2017,ON193,187,339950,Sign manufacturing,Industry,,4,S00900,Rest of the world adjustment,DetailedSpecialCommodity,,0,blank
detail_make_components_2017,2017,detail,producer_make,IOMake_After_Redefinitions_PRO_Detail.xlsx,2017,OK194,188,339990,All other miscellaneous manufacturing,Industry,,1,S00401,Scrap,DetailedSpecialCommodity,,0,numeric
detail_make_components_2017,2017,detail,producer_make,IOMake_After_Redefinitions_PRO_Detail.xlsx,2017,OL194,188,339990,All other miscellaneous manufacturing,Industry,,2,S00402,Used and secondhand goods,DetailedSpecialCommodity,,0,blank
detail_make_components_2017,2017,detail,producer_make,IOMake_After_Redefinitions_PRO_Detail.xlsx,2017,OM194,188,339990,All other miscellaneous manufacturing,Industry,,3,S00300,Noncomparable imports,DetailedSpecialCommodity,,0,blank
detail_make_components_2017,2017,detail,producer_make,IOMake_After_Redefinitions_PRO_Detail.xlsx,2017,ON194,188,339990,All other miscellaneous manufacturing,Industry,,4,S00900,Rest of the world adjustment,DetailedSpecialCommodity,,0,blank
detail_make_components_2017,2017,detail,producer_make,IOMake_After_Redefinitions_PRO_Detail.xlsx,2017,OK195,189,311111,Dog and cat food manufacturing,Industry,,1,S00401,Scrap,DetailedSpecialCommodity,,0,blank
detail_make_components_2017,2017,detail,producer_make,IOMake_After_Redefinitions_PRO_Detail.xlsx,2017,OL195,189,311111,Dog and cat food manufacturing,Industry,,2,S00402,Used and secondhand goods,DetailedSpecialCommodity,,0,blank
detail_make_components_2017,2017,detail,producer_make,IOMake_After_Redefinitions_PRO_Detail.xlsx,2017,OM195,189,311111,Dog and cat food manufacturing,Industry,,3,S00300,Noncomparable imports,DetailedSpecialCommodity,,0,blank
detail_make_components_2017,2017,detail,producer_make,IOMake_After_Redefinitions_PRO_Detail.xlsx,2017,ON195,189,311111,Dog and cat food manufacturing,Industry,,4,S00900,Rest of the world adjustment,DetailedSpecialCommodity,,0,blank
detail_make_components_2017,2017,detail,producer_make,IOMake_After_Redefinitions_PRO_Detail.xlsx,2017,OK196,190,311119,Other animal food manufacturing,Industry,,1,S00401,Scrap,DetailedSpecialCommodity,,0,blank
detail_make_components_2017,2017,detail,producer_make,IOMake_After_Redefinitions_PRO_Detail.xlsx,2017,OL196,190,311119,Other animal food manufacturing,Industry,,2,S00402,Used and secondhand goods,DetailedSpecialCommodity,,0,blank
detail_make_components_2017,2017,detail,producer_make,IOMake_After_Redefinitions_PRO_Detail.xlsx,2017,OM196,190,311119,Other animal food manufacturing,Industry,,3,S00300,Noncomparable imports,DetailedSpecialCommodity,,0,blank
detail_make_components_2017,2017,detail,producer_make,IOMake_After_Redefinitions_PRO_Detail.xlsx,2017,ON196,190,311119,Other animal food manufacturing,Industry,,4,S00900,Rest of the world adjustment,DetailedSpecialCommodity,,0,blank
detail_make_components_2017,2017,detail,producer_make,IOMake_After_Redefinitions_PRO_Detail.xlsx,2017,OK197,191,311210,Flour milling and malt manufacturing,Industry,,1,S00401,Scrap,DetailedSpecialCommodity,,0,blank
detail_make_components_2017,2017,detail,producer_make,IOMake_After_Redefinitions_PRO_Detail.xlsx,2017,OL197,191,311210,Flour milling and malt manufacturing,Industry,,2,S00402,Used and secondhand goods,DetailedSpecialCommodity,,0,blank
detail_make_components_2017,2017,detail,producer_make,IOMake_After_Redefinitions_PRO_Detail.xlsx,2017,OM197,191,311210,Flour milling and malt manufacturing,Industry,,3,S00300,Noncomparable imports,DetailedSpecialCommodity,,0,blank
detail_make_components_2017,2017,detail,producer_make,IOMake_After_Redefinitions_PRO_Detail.xlsx,2017,ON197,191,311210,Flour milling and malt manufacturing,Industry,,4,S00900,Rest of the world adjustment,DetailedSpecialCommodity,,0,blank
detail_make_components_2017,2017,detail,producer_make,IOMake_After_Redefinitions_PRO_Detail.xlsx,2017,OK198,192,311221,Wet corn milling,Industry,,1,S00401,Scrap,DetailedSpecialCommodity,,0,blank
detail_make_components_2017,2017,detail,producer_make,IOMake_After_Redefinitions_PRO_Detail.xlsx,2017,OL198,192,311221,Wet corn milling,Industry,,2,S00402,Used and secondhand goods,DetailedSpecialCommodity,,0,blank
detail_make_components_2017,2017,detail,producer_make,IOMake_After_Redefinitions_PRO_Detail.xlsx,2017,OM198,192,311221,Wet corn milling,Industry,,3,S00300,Noncomparable imports,DetailedSpecialCommodity,,0,blank
detail_make_components_2017,2017,detail,producer_make,IOMake_After_Redefinitions_PRO_Detail.xlsx,2017,ON198,192,311221,Wet corn milling,Industry,,4,S00900,Rest of the world adjustment,DetailedSpecialCommodity,,0,blank
detail_make_components_2017,2017,detail,producer_make,IOMake_After_Redefinitions_PRO_Detail.xlsx,2017,OK199,193,311225,Fats and oils refining and blending,Industry,,1,S00401,Scrap,DetailedSpecialCommodity,,0,blank
detail_make_components_2017,2017,detail,producer_make,IOMake_After_Redefinitions_PRO_Detail.xlsx,2017,OL199,193,311225,Fats and oils refining and blending,Industry,,2,S00402,Used and secondhand goods,DetailedSpecialCommodity,,0,blank
detail_make_components_2017,2017,detail,producer_make,IOMake_After_Redefinitions_PRO_Detail.xlsx,2017,OM199,193,311225,Fats and oils refining and blending,Industry,,3,S00300,Noncomparable imports,DetailedSpecialCommodity,,0,blank
detail_make_components_2017,2017,detail,producer_make,IOMake_After_Redefinitions_PRO_Detail.xlsx,2017,ON199,193,311225,Fats and oils refining and blending,Industry,,4,S00900,Rest of the world adjustment,DetailedSpecialCommodity,,0,blank
detail_make_components_2017,2017,detail,producer_make,IOMake_After_Redefinitions_PRO_Detail.xlsx,2017,OK200,194,311224,Soybean and other oilseed processing,Industry,,1,S00401,Scrap,DetailedSpecialCommodity,,0,blank
detail_make_components_2017,2017,detail,producer_make,IOMake_After_Redefinitions_PRO_Detail.xlsx,2017,OL200,194,311224,Soybean and other oilseed processing,Industry,,2,S00402,Used and secondhand goods,DetailedSpecialCommodity,,0,blank
detail_make_components_2017,2017,detail,producer_make,IOMake_After_Redefinitions_PRO_Detail.xlsx,2017,OM200,194,311224,Soybean and other oilseed processing,Industry,,3,S00300,Noncomparable imports,DetailedSpecialCommodity,,0,blank
detail_make_components_2017,2017,detail,producer_make,IOMake_After_Redefinitions_PRO_Detail.xlsx,2017,ON200,194,311224,Soybean and other oilseed processing,Industry,,4,S00900,Rest of the world adjustment,DetailedSpecialCommodity,,0,blank
detail_make_components_2017,2017,detail,producer_make,IOMake_After_Redefinitions_PRO_Detail.xlsx,2017,OK201,195,311230,Breakfast cereal manufacturing,Industry,,1,S00401,Scrap,DetailedSpecialCommodity,,0,blank
detail_make_components_2017,2017,detail,producer_make,IOMake_After_Redefinitions_PRO_Detail.xlsx,2017,OL201,195,311230,Breakfast cereal manufacturing,Industry,,2,S00402,Used and secondhand goods,DetailedSpecialCommodity,,0,blank
detail_make_components_2017,2017,detail,producer_make,IOMake_After_Redefinitions_PRO_Detail.xlsx,2017,OM201,195,311230,Breakfast cereal manufacturing,Industry,,3,S00300,Noncomparable imports,DetailedSpecialCommodity,,0,blank
detail_make_components_2017,2017,detail,producer_make,IOMake_After_Redefinitions_PRO_Detail.xlsx,2017,ON201,195,311230,Breakfast cereal manufacturing,Industry,,4,S00900,Rest of the world adjustment,DetailedSpecialCommodity,,0,blank
detail_make_components_2017,2017,detail,producer_make,IOMake_After_Redefinitions_PRO_Detail.xlsx,2017,OK202,196,311300,Sugar and confectionery product manufacturing,Industry,,1,S00401,Scrap,DetailedSpecialCommodity,,0,blank
detail_make_components_2017,2017,detail,producer_make,IOMake_After_Redefinitions_PRO_Detail.xlsx,2017,OL202,196,311300,Sugar and confectionery product manufacturing,Industry,,2,S00402,Used and secondhand goods,DetailedSpecialCommodity,,0,blank
detail_make_components_2017,2017,detail,producer_make,IOMake_After_Redefinitions_PRO_Detail.xlsx,2017,OM202,196,311300,Sugar and confectionery product manufacturing,Industry,,3,S00300,Noncomparable imports,DetailedSpecialCommodity,,0,blank
detail_make_components_2017,2017,detail,producer_make,IOMake_After_Redefinitions_PRO_Detail.xlsx,2017,ON202,196,311300,Sugar and confectionery product manufacturing,Industry,,4,S00900,Rest of the world adjustment,DetailedSpecialCommodity,,0,blank
detail_make_components_2017,2017,detail,producer_make,IOMake_After_Redefinitions_PRO_Detail.xlsx,2017,OK203,197,311410,Frozen food manufacturing,Industry,,1,S00401,Scrap,DetailedSpecialCommodity,,0,blank
detail_make_components_2017,2017,detail,producer_make,IOMake_After_Redefinitions_PRO_Detail.xlsx,2017,OL203,197,311410,Frozen food manufacturing,Industry,,2,S00402,Used and secondhand goods,DetailedSpecialCommodity,,0,blank
detail_make_components_2017,2017,detail,producer_make,IOMake_After_Redefinitions_PRO_Detail.xlsx,2017,OM203,197,311410,Frozen food manufacturing,Industry,,3,S00300,Noncomparable imports,DetailedSpecialCommodity,,0,blank
detail_make_components_2017,2017,detail,producer_make,IOMake_After_Redefinitions_PRO_Detail.xlsx,2017,ON203,197,311410,Frozen food manufacturing,Industry,,4,S00900,Rest of the world adjustment,DetailedSpecialCommodity,,0,blank
detail_make_components_2017,2017,detail,producer_make,IOMake_After_Redefinitions_PRO_Detail.xlsx,2017,OK204,198,311420,"Fruit and vegetable canning, pickling, and drying",Industry,,1,S00401,Scrap,DetailedSpecialCommodity,,0,blank
detail_make_components_2017,2017,detail,producer_make,IOMake_After_Redefinitions_PRO_Detail.xlsx,2017,OL204,198,311420,"Fruit and vegetable canning, pickling, and drying",Industry,,2,S00402,Used and secondhand goods,DetailedSpecialCommodity,,0,blank
detail_make_components_2017,2017,detail,producer_make,IOMake_After_Redefinitions_PRO_Detail.xlsx,2017,OM204,198,311420,"Fruit and vegetable canning, pickling, and drying",Industry,,3,S00300,Noncomparable imports,DetailedSpecialCommodity,,0,blank
detail_make_components_2017,2017,detail,producer_make,IOMake_After_Redefinitions_PRO_Detail.xlsx,2017,ON204,198,311420,"Fruit and vegetable canning, pickling, and drying",Industry,,4,S00900,Rest of the world adjustment,DetailedSpecialCommodity,,0,blank
detail_make_components_2017,2017,detail,producer_make,IOMake_After_Redefinitions_PRO_Detail.xlsx,2017,OK205,199,311513,Cheese manufacturing,Industry,,1,S00401,Scrap,DetailedSpecialCommodity,,0,blank
detail_make_components_2017,2017,detail,producer_make,IOMake_After_Redefinitions_PRO_Detail.xlsx,2017,OL205,199,311513,Cheese manufacturing,Industry,,2,S00402,Used and secondhand goods,DetailedSpecialCommodity,,0,blank
detail_make_components_2017,2017,detail,producer_make,IOMake_After_Redefinitions_PRO_Detail.xlsx,2017,OM205,199,311513,Cheese manufacturing,Industry,,3,S00300,Noncomparable imports,DetailedSpecialCommodity,,0,blank
detail_make_components_2017,2017,detail,producer_make,IOMake_After_Redefinitions_PRO_Detail.xlsx,2017,ON205,199,311513,Cheese manufacturing,Industry,,4,S00900,Rest of the world adjustment,DetailedSpecialCommodity,,0,blank
detail_make_components_2017,2017,detail,producer_make,IOMake_After_Redefinitions_PRO_Detail.xlsx,2017,OK206,200,311514,"Dry, condensed, and evaporated dairy product manufacturing",Industry,,1,S00401,Scrap,DetailedSpecialCommodity,,0,blank
detail_make_components_2017,2017,detail,producer_make,IOMake_After_Redefinitions_PRO_Detail.xlsx,2017,OL206,200,311514,"Dry, condensed, and evaporated dairy product manufacturing",Industry,,2,S00402,Used and secondhand goods,DetailedSpecialCommodity,,0,blank
detail_make_components_2017,2017,detail,producer_make,IOMake_After_Redefinitions_PRO_Detail.xlsx,2017,OM206,200,311514,"Dry, condensed, and evaporated dairy product manufacturing",Industry,,3,S00300,Noncomparable imports,DetailedSpecialCommodity,,0,blank
detail_make_components_2017,2017,detail,producer_make,IOMake_After_Redefinitions_PRO_Detail.xlsx,2017,ON206,200,311514,"Dry, condensed, and evaporated dairy product manufacturing",Industry,,4,S00900,Rest of the world adjustment,DetailedSpecialCommodity,,0,blank
detail_make_components_2017,2017,detail,producer_make,IOMake_After_Redefinitions_PRO_Detail.xlsx,2017,OK207,201,31151A,Fluid milk and butter manufacturing,Industry,,1,S00401,Scrap,DetailedSpecialCommodity,,0,blank
detail_make_components_2017,2017,detail,producer_make,IOMake_After_Redefinitions_PRO_Detail.xlsx,2017,OL207,201,31151A,Fluid milk and butter manufacturing,Industry,,2,S00402,Used and secondhand goods,DetailedSpecialCommodity,,0,blank
detail_make_components_2017,2017,detail,producer_make,IOMake_After_Redefinitions_PRO_Detail.xlsx,2017,OM207,201,31151A,Fluid milk and butter manufacturing,Industry,,3,S00300,Noncomparable imports,DetailedSpecialCommodity,,0,blank
detail_make_components_2017,2017,detail,producer_make,IOMake_After_Redefinitions_PRO_Detail.xlsx,2017,ON207,201,31151A,Fluid milk and butter manufacturing,Industry,,4,S00900,Rest of the world adjustment,DetailedSpecialCommodity,,0,blank
detail_make_components_2017,2017,detail,producer_make,IOMake_After_Redefinitions_PRO_Detail.xlsx,2017,OK208,202,311520,Ice cream and frozen dessert manufacturing,Industry,,1,S00401,Scrap,DetailedSpecialCommodity,,0,blank
detail_make_components_2017,2017,detail,producer_make,IOMake_After_Redefinitions_PRO_Detail.xlsx,2017,OL208,202,311520,Ice cream and frozen dessert manufacturing,Industry,,2,S00402,Used and secondhand goods,DetailedSpecialCommodity,,0,blank
detail_make_components_2017,2017,detail,producer_make,IOMake_After_Redefinitions_PRO_Detail.xlsx,2017,OM208,202,311520,Ice cream and frozen dessert manufacturing,Industry,,3,S00300,Noncomparable imports,DetailedSpecialCommodity,,0,blank
detail_make_components_2017,2017,detail,producer_make,IOMake_After_Redefinitions_PRO_Detail.xlsx,2017,ON208,202,311520,Ice cream and frozen dessert manufacturing,Industry,,4,S00900,Rest of the world adjustment,DetailedSpecialCommodity,,0,blank
detail_make_components_2017,2017,detail,producer_make,IOMake_After_Redefinitions_PRO_Detail.xlsx,2017,OK209,203,311615,Poultry processing,Industry,,1,S00401,Scrap,DetailedSpecialCommodity,,0,blank
detail_make_components_2017,2017,detail,producer_make,IOMake_After_Redefinitions_PRO_Detail.xlsx,2017,OL209,203,311615,Poultry processing,Industry,,2,S00402,Used and secondhand goods,DetailedSpecialCommodity,,0,blank
detail_make_components_2017,2017,detail,producer_make,IOMake_After_Redefinitions_PRO_Detail.xlsx,2017,OM209,203,311615,Poultry processing,Industry,,3,S00300,Noncomparable imports,DetailedSpecialCommodity,,0,blank
detail_make_components_2017,2017,detail,producer_make,IOMake_After_Redefinitions_PRO_Detail.xlsx,2017,ON209,203,311615,Poultry processing,Industry,,4,S00900,Rest of the world adjustment,DetailedSpecialCommodity,,0,blank
detail_make_components_2017,2017,detail,producer_make,IOMake_After_Redefinitions_PRO_Detail.xlsx,2017,OK210,204,31161A,"Animal (except poultry) slaughtering, rendering, and processing",Industry,,1,S00401,Scrap,DetailedSpecialCommodity,,0,blank
detail_make_components_2017,2017,detail,producer_make,IOMake_After_Redefinitions_PRO_Detail.xlsx,2017,OL210,204,31161A,"Animal (except poultry) slaughtering, rendering, and processing",Industry,,2,S00402,Used and secondhand goods,DetailedSpecialCommodity,,0,blank
detail_make_components_2017,2017,detail,producer_make,IOMake_After_Redefinitions_PRO_Detail.xlsx,2017,OM210,204,31161A,"Animal (except poultry) slaughtering, rendering, and processing",Industry,,3,S00300,Noncomparable imports,DetailedSpecialCommodity,,0,blank
detail_make_components_2017,2017,detail,producer_make,IOMake_After_Redefinitions_PRO_Detail.xlsx,2017,ON210,204,31161A,"Animal (except poultry) slaughtering, rendering, and processing",Industry,,4,S00900,Rest of the world adjustment,DetailedSpecialCommodity,,0,blank
detail_make_components_2017,2017,detail,producer_make,IOMake_After_Redefinitions_PRO_Detail.xlsx,2017,OK211,205,311700,Seafood product preparation and packaging,Industry,,1,S00401,Scrap,DetailedSpecialCommodity,,0,blank
detail_make_components_2017,2017,detail,producer_make,IOMake_After_Redefinitions_PRO_Detail.xlsx,2017,OL211,205,311700,Seafood product preparation and packaging,Industry,,2,S00402,Used and secondhand goods,DetailedSpecialCommodity,,0,blank
detail_make_components_2017,2017,detail,producer_make,IOMake_After_Redefinitions_PRO_Detail.xlsx,2017,OM211,205,311700,Seafood product preparation and packaging,Industry,,3,S00300,Noncomparable imports,DetailedSpecialCommodity,,0,blank
detail_make_components_2017,2017,detail,producer_make,IOMake_After_Redefinitions_PRO_Detail.xlsx,2017,ON211,205,311700,Seafood product preparation and packaging,Industry,,4,S00900,Rest of the world adjustment,DetailedSpecialCommodity,,0,blank
detail_make_components_2017,2017,detail,producer_make,IOMake_After_Redefinitions_PRO_Detail.xlsx,2017,OK212,206,311810,Bread and bakery product manufacturing,Industry,,1,S00401,Scrap,DetailedSpecialCommodity,,0,blank
detail_make_components_2017,2017,detail,producer_make,IOMake_After_Redefinitions_PRO_Detail.xlsx,2017,OL212,206,311810,Bread and bakery product manufacturing,Industry,,2,S00402,Used and secondhand goods,DetailedSpecialCommodity,,0,blank
detail_make_components_2017,2017,detail,producer_make,IOMake_After_Redefinitions_PRO_Detail.xlsx,2017,OM212,206,311810,Bread and bakery product manufacturing,Industry,,3,S00300,Noncomparable imports,DetailedSpecialCommodity,,0,blank
detail_make_components_2017,2017,detail,producer_make,IOMake_After_Redefinitions_PRO_Detail.xlsx,2017,ON212,206,311810,Bread and bakery product manufacturing,Industry,,4,S00900,Rest of the world adjustment,DetailedSpecialCommodity,,0,blank
detail_make_components_2017,2017,detail,producer_make,IOMake_After_Redefinitions_PRO_Detail.xlsx,2017,OK213,207,3118A0,"Cookie, cracker, pasta, and tortilla manufacturing",Industry,,1,S00401,Scrap,DetailedSpecialCommodity,,0,blank
detail_make_components_2017,2017,detail,producer_make,IOMake_After_Redefinitions_PRO_Detail.xlsx,2017,OL213,207,3118A0,"Cookie, cracker, pasta, and tortilla manufacturing",Industry,,2,S00402,Used and secondhand goods,DetailedSpecialCommodity,,0,blank
detail_make_components_2017,2017,detail,producer_make,IOMake_After_Redefinitions_PRO_Detail.xlsx,2017,OM213,207,3118A0,"Cookie, cracker, pasta, and tortilla manufacturing",Industry,,3,S00300,Noncomparable imports,DetailedSpecialCommodity,,0,blank
detail_make_components_2017,2017,detail,producer_make,IOMake_After_Redefinitions_PRO_Detail.xlsx,2017,ON213,207,3118A0,"Cookie, cracker, pasta, and tortilla manufacturing",Industry,,4,S00900,Rest of the world adjustment,DetailedSpecialCommodity,,0,blank
detail_make_components_2017,2017,detail,producer_make,IOMake_After_Redefinitions_PRO_Detail.xlsx,2017,OK214,208,311910,Snack food manufacturing,Industry,,1,S00401,Scrap,DetailedSpecialCommodity,,0,blank
detail_make_components_2017,2017,detail,producer_make,IOMake_After_Redefinitions_PRO_Detail.xlsx,2017,OL214,208,311910,Snack food manufacturing,Industry,,2,S00402,Used and secondhand goods,DetailedSpecialCommodity,,0,blank
detail_make_components_2017,2017,detail,producer_make,IOMake_After_Redefinitions_PRO_Detail.xlsx,2017,OM214,208,311910,Snack food manufacturing,Industry,,3,S00300,Noncomparable imports,DetailedSpecialCommodity,,0,blank
detail_make_components_2017,2017,detail,producer_make,IOMake_After_Redefinitions_PRO_Detail.xlsx,2017,ON214,208,311910,Snack food manufacturing,Industry,,4,S00900,Rest of the world adjustment,DetailedSpecialCommodity,,0,blank
detail_make_components_2017,2017,detail,producer_make,IOMake_After_Redefinitions_PRO_Detail.xlsx,2017,OK215,209,311920,Coffee and tea manufacturing,Industry,,1,S00401,Scrap,DetailedSpecialCommodity,,0,blank
detail_make_components_2017,2017,detail,producer_make,IOMake_After_Redefinitions_PRO_Detail.xlsx,2017,OL215,209,311920,Coffee and tea manufacturing,Industry,,2,S00402,Used and secondhand goods,DetailedSpecialCommodity,,0,blank
detail_make_components_2017,2017,detail,producer_make,IOMake_After_Redefinitions_PRO_Detail.xlsx,2017,OM215,209,311920,Coffee and tea manufacturing,Industry,,3,S00300,Noncomparable imports,DetailedSpecialCommodity,,0,blank
detail_make_components_2017,2017,detail,producer_make,IOMake_After_Redefinitions_PRO_Detail.xlsx,2017,ON215,209,311920,Coffee and tea manufacturing,Industry,,4,S00900,Rest of the world adjustment,DetailedSpecialCommodity,,0,blank
detail_make_components_2017,2017,detail,producer_make,IOMake_After_Redefinitions_PRO_Detail.xlsx,2017,OK216,210,311930,Flavoring syrup and concentrate manufacturing,Industry,,1,S00401,Scrap,DetailedSpecialCommodity,,0,blank
detail_make_components_2017,2017,detail,producer_make,IOMake_After_Redefinitions_PRO_Detail.xlsx,2017,OL216,210,311930,Flavoring syrup and concentrate manufacturing,Industry,,2,S00402,Used and secondhand goods,DetailedSpecialCommodity,,0,blank
detail_make_components_2017,2017,detail,producer_make,IOMake_After_Redefinitions_PRO_Detail.xlsx,2017,OM216,210,311930,Flavoring syrup and concentrate manufacturing,Industry,,3,S00300,Noncomparable imports,DetailedSpecialCommodity,,0,blank
detail_make_components_2017,2017,detail,producer_make,IOMake_After_Redefinitions_PRO_Detail.xlsx,2017,ON216,210,311930,Flavoring syrup and concentrate manufacturing,Industry,,4,S00900,Rest of the world adjustment,DetailedSpecialCommodity,,0,blank
detail_make_components_2017,2017,detail,producer_make,IOMake_After_Redefinitions_PRO_Detail.xlsx,2017,OK217,211,311940,Seasoning and dressing manufacturing,Industry,,1,S00401,Scrap,DetailedSpecialCommodity,,0,blank
detail_make_components_2017,2017,detail,producer_make,IOMake_After_Redefinitions_PRO_Detail.xlsx,2017,OL217,211,311940,Seasoning and dressing manufacturing,Industry,,2,S00402,Used and secondhand goods,DetailedSpecialCommodity,,0,blank
detail_make_components_2017,2017,detail,producer_make,IOMake_After_Redefinitions_PRO_Detail.xlsx,2017,OM217,211,311940,Seasoning and dressing manufacturing,Industry,,3,S00300,Noncomparable imports,DetailedSpecialCommodity,,0,blank
detail_make_components_2017,2017,detail,producer_make,IOMake_After_Redefinitions_PRO_Detail.xlsx,2017,ON217,211,311940,Seasoning and dressing manufacturing,Industry,,4,S00900,Rest of the world adjustment,DetailedSpecialCommodity,,0,blank
detail_make_components_2017,2017,detail,producer_make,IOMake_After_Redefinitions_PRO_Detail.xlsx,2017,OK218,212,311990,All other food manufacturing,Industry,,1,S00401,Scrap,DetailedSpecialCommodity,,0,blank
detail_make_components_2017,2017,detail,producer_make,IOMake_After_Redefinitions_PRO_Detail.xlsx,2017,OL218,212,311990,All other food manufacturing,Industry,,2,S00402,Used and secondhand goods,DetailedSpecialCommodity,,0,blank
detail_make_components_2017,2017,detail,producer_make,IOMake_After_Redefinitions_PRO_Detail.xlsx,2017,OM218,212,311990,All other food manufacturing,Industry,,3,S00300,Noncomparable imports,DetailedSpecialCommodity,,0,blank
detail_make_components_2017,2017,detail,producer_make,IOMake_After_Redefinitions_PRO_Detail.xlsx,2017,ON218,212,311990,All other food manufacturing,Industry,,4,S00900,Rest of the world adjustment,DetailedSpecialCommodity,,0,blank
detail_make_components_2017,2017,detail,producer_make,IOMake_After_Redefinitions_PRO_Detail.xlsx,2017,OK219,213,312110,Soft drink and ice manufacturing,Industry,,1,S00401,Scrap,DetailedSpecialCommodity,,0,blank
detail_make_components_2017,2017,detail,producer_make,IOMake_After_Redefinitions_PRO_Detail.xlsx,2017,OL219,213,312110,Soft drink and ice manufacturing,Industry,,2,S00402,Used and secondhand goods,DetailedSpecialCommodity,,0,blank
detail_make_components_2017,2017,detail,producer_make,IOMake_After_Redefinitions_PRO_Detail.xlsx,2017,OM219,213,312110,Soft drink and ice manufacturing,Industry,,3,S00300,Noncomparable imports,DetailedSpecialCommodity,,0,blank
detail_make_components_2017,2017,detail,producer_make,IOMake_After_Redefinitions_PRO_Detail.xlsx,2017,ON219,213,312110,Soft drink and ice manufacturing,Industry,,4,S00900,Rest of the world adjustment,DetailedSpecialCommodity,,0,blank
detail_make_components_2017,2017,detail,producer_make,IOMake_After_Redefinitions_PRO_Detail.xlsx,2017,OK220,214,312120,Breweries,Industry,,1,S00401,Scrap,DetailedSpecialCommodity,,0,blank
detail_make_components_2017,2017,detail,producer_make,IOMake_After_Redefinitions_PRO_Detail.xlsx,2017,OL220,214,312120,Breweries,Industry,,2,S00402,Used and secondhand goods,DetailedSpecialCommodity,,0,blank
detail_make_components_2017,2017,detail,producer_make,IOMake_After_Redefinitions_PRO_Detail.xlsx,2017,OM220,214,312120,Breweries,Industry,,3,S00300,Noncomparable imports,DetailedSpecialCommodity,,0,blank
detail_make_components_2017,2017,detail,producer_make,IOMake_After_Redefinitions_PRO_Detail.xlsx,2017,ON220,214,312120,Breweries,Industry,,4,S00900,Rest of the world adjustment,DetailedSpecialCommodity,,0,blank
detail_make_components_2017,2017,detail,producer_make,IOMake_After_Redefinitions_PRO_Detail.xlsx,2017,OK221,215,312130,Wineries,Industry,,1,S00401,Scrap,DetailedSpecialCommodity,,0,blank
detail_make_components_2017,2017,detail,producer_make,IOMake_After_Redefinitions_PRO_Detail.xlsx,2017,OL221,215,312130,Wineries,Industry,,2,S00402,Used and secondhand goods,DetailedSpecialCommodity,,0,blank
detail_make_components_2017,2017,detail,producer_make,IOMake_After_Redefinitions_PRO_Detail.xlsx,2017,OM221,215,312130,Wineries,Industry,,3,S00300,Noncomparable imports,DetailedSpecialCommodity,,0,blank
detail_make_components_2017,2017,detail,producer_make,IOMake_After_Redefinitions_PRO_Detail.xlsx,2017,ON221,215,312130,Wineries,Industry,,4,S00900,Rest of the world adjustment,DetailedSpecialCommodity,,0,blank
detail_make_components_2017,2017,detail,producer_make,IOMake_After_Redefinitions_PRO_Detail.xlsx,2017,OK222,216,312140,Distilleries,Industry,,1,S00401,Scrap,DetailedSpecialCommodity,,0,blank
detail_make_components_2017,2017,detail,producer_make,IOMake_After_Redefinitions_PRO_Detail.xlsx,2017,OL222,216,312140,Distilleries,Industry,,2,S00402,Used and secondhand goods,DetailedSpecialCommodity,,0,blank
detail_make_components_2017,2017,detail,producer_make,IOMake_After_Redefinitions_PRO_Detail.xlsx,2017,OM222,216,312140,Distilleries,Industry,,3,S00300,Noncomparable imports,DetailedSpecialCommodity,,0,blank
detail_make_components_2017,2017,detail,producer_make,IOMake_After_Redefinitions_PRO_Detail.xlsx,2017,ON222,216,312140,Distilleries,Industry,,4,S00900,Rest of the world adjustment,DetailedSpecialCommodity,,0,blank
detail_make_components_2017,2017,detail,producer_make,IOMake_After_Redefinitions_PRO_Detail.xlsx,2017,OK223,217,312200,Tobacco manufacturing,Industry,,1,S00401,Scrap,DetailedSpecialCommodity,,1,numeric
detail_make_components_2017,2017,detail,producer_make,IOMake_After_Redefinitions_PRO_Detail.xlsx,2017,OL223,217,312200,Tobacco manufacturing,Industry,,2,S00402,Used and secondhand goods,DetailedSpecialCommodity,,0,blank
detail_make_components_2017,2017,detail,producer_make,IOMake_After_Redefinitions_PRO_Detail.xlsx,2017,OM223,217,312200,Tobacco manufacturing,Industry,,3,S00300,Noncomparable imports,DetailedSpecialCommodity,,0,blank
detail_make_components_2017,2017,detail,producer_make,IOMake_After_Redefinitions_PRO_Detail.xlsx,2017,ON223,217,312200,Tobacco manufacturing,Industry,,4,S00900,Rest of the world adjustment,DetailedSpecialCommodity,,0,blank
detail_make_components_2017,2017,detail,producer_make,IOMake_After_Redefinitions_PRO_Detail.xlsx,2017,OK224,218,313100,"Fiber, yarn, and thread mills",Industry,,1,S00401,Scrap,DetailedSpecialCommodity,,0,blank
detail_make_components_2017,2017,detail,producer_make,IOMake_After_Redefinitions_PRO_Detail.xlsx,2017,OL224,218,313100,"Fiber, yarn, and thread mills",Industry,,2,S00402,Used and secondhand goods,DetailedSpecialCommodity,,0,blank
detail_make_components_2017,2017,detail,producer_make,IOMake_After_Redefinitions_PRO_Detail.xlsx,2017,OM224,218,313100,"Fiber, yarn, and thread mills",Industry,,3,S00300,Noncomparable imports,DetailedSpecialCommodity,,0,blank
detail_make_components_2017,2017,detail,producer_make,IOMake_After_Redefinitions_PRO_Detail.xlsx,2017,ON224,218,313100,"Fiber, yarn, and thread mills",Industry,,4,S00900,Rest of the world adjustment,DetailedSpecialCommodity,,0,blank
detail_make_components_2017,2017,detail,producer_make,IOMake_After_Redefinitions_PRO_Detail.xlsx,2017,OK225,219,313200,Fabric mills,Industry,,1,S00401,Scrap,DetailedSpecialCommodity,,0,numeric
detail_make_components_2017,2017,detail,producer_make,IOMake_After_Redefinitions_PRO_Detail.xlsx,2017,OL225,219,313200,Fabric mills,Industry,,2,S00402,Used and secondhand goods,DetailedSpecialCommodity,,0,blank
detail_make_components_2017,2017,detail,producer_make,IOMake_After_Redefinitions_PRO_Detail.xlsx,2017,OM225,219,313200,Fabric mills,Industry,,3,S00300,Noncomparable imports,DetailedSpecialCommodity,,0,blank
detail_make_components_2017,2017,detail,producer_make,IOMake_After_Redefinitions_PRO_Detail.xlsx,2017,ON225,219,313200,Fabric mills,Industry,,4,S00900,Rest of the world adjustment,DetailedSpecialCommodity,,0,blank
detail_make_components_2017,2017,detail,producer_make,IOMake_After_Redefinitions_PRO_Detail.xlsx,2017,OK226,220,313300,Textile and fabric finishing and fabric coating mills,Industry,,1,S00401,Scrap,DetailedSpecialCommodity,,0,blank
detail_make_components_2017,2017,detail,producer_make,IOMake_After_Redefinitions_PRO_Detail.xlsx,2017,OL226,220,313300,Textile and fabric finishing and fabric coating mills,Industry,,2,S00402,Used and secondhand goods,DetailedSpecialCommodity,,0,blank
detail_make_components_2017,2017,detail,producer_make,IOMake_After_Redefinitions_PRO_Detail.xlsx,2017,OM226,220,313300,Textile and fabric finishing and fabric coating mills,Industry,,3,S00300,Noncomparable imports,DetailedSpecialCommodity,,0,blank
detail_make_components_2017,2017,detail,producer_make,IOMake_After_Redefinitions_PRO_Detail.xlsx,2017,ON226,220,313300,Textile and fabric finishing and fabric coating mills,Industry,,4,S00900,Rest of the world adjustment,DetailedSpecialCommodity,,0,blank
detail_make_components_2017,2017,detail,producer_make,IOMake_After_Redefinitions_PRO_Detail.xlsx,2017,OK227,221,314110,Carpet and rug mills,Industry,,1,S00401,Scrap,DetailedSpecialCommodity,,0,numeric
detail_make_components_2017,2017,detail,producer_make,IOMake_After_Redefinitions_PRO_Detail.xlsx,2017,OL227,221,314110,Carpet and rug mills,Industry,,2,S00402,Used and secondhand goods,DetailedSpecialCommodity,,0,blank
detail_make_components_2017,2017,detail,producer_make,IOMake_After_Redefinitions_PRO_Detail.xlsx,2017,OM227,221,314110,Carpet and rug mills,Industry,,3,S00300,Noncomparable imports,DetailedSpecialCommodity,,0,blank
detail_make_components_2017,2017,detail,producer_make,IOMake_After_Redefinitions_PRO_Detail.xlsx,2017,ON227,221,314110,Carpet and rug mills,Industry,,4,S00900,Rest of the world adjustment,DetailedSpecialCommodity,,0,blank
detail_make_components_2017,2017,detail,producer_make,IOMake_After_Redefinitions_PRO_Detail.xlsx,2017,OK228,222,314120,Curtain and linen mills,Industry,,1,S00401,Scrap,DetailedSpecialCommodity,,0,numeric
detail_make_components_2017,2017,detail,producer_make,IOMake_After_Redefinitions_PRO_Detail.xlsx,2017,OL228,222,314120,Curtain and linen mills,Industry,,2,S00402,Used and secondhand goods,DetailedSpecialCommodity,,0,blank
detail_make_components_2017,2017,detail,producer_make,IOMake_After_Redefinitions_PRO_Detail.xlsx,2017,OM228,222,314120,Curtain and linen mills,Industry,,3,S00300,Noncomparable imports,DetailedSpecialCommodity,,0,blank
detail_make_components_2017,2017,detail,producer_make,IOMake_After_Redefinitions_PRO_Detail.xlsx,2017,ON228,222,314120,Curtain and linen mills,Industry,,4,S00900,Rest of the world adjustment,DetailedSpecialCommodity,,0,blank
detail_make_components_2017,2017,detail,producer_make,IOMake_After_Redefinitions_PRO_Detail.xlsx,2017,OK229,223,314900,Other textile product mills,Industry,,1,S00401,Scrap,DetailedSpecialCommodity,,0,numeric
detail_make_components_2017,2017,detail,producer_make,IOMake_After_Redefinitions_PRO_Detail.xlsx,2017,OL229,223,314900,Other textile product mills,Industry,,2,S00402,Used and secondhand goods,DetailedSpecialCommodity,,0,blank
detail_make_components_2017,2017,detail,producer_make,IOMake_After_Redefinitions_PRO_Detail.xlsx,2017,OM229,223,314900,Other textile product mills,Industry,,3,S00300,Noncomparable imports,DetailedSpecialCommodity,,0,blank
detail_make_components_2017,2017,detail,producer_make,IOMake_After_Redefinitions_PRO_Detail.xlsx,2017,ON229,223,314900,Other textile product mills,Industry,,4,S00900,Rest of the world adjustment,DetailedSpecialCommodity,,0,blank
detail_make_components_2017,2017,detail,producer_make,IOMake_After_Redefinitions_PRO_Detail.xlsx,2017,OK230,224,315000,Apparel manufacturing,Industry,,1,S00401,Scrap,DetailedSpecialCommodity,,0,numeric
detail_make_components_2017,2017,detail,producer_make,IOMake_After_Redefinitions_PRO_Detail.xlsx,2017,OL230,224,315000,Apparel manufacturing,Industry,,2,S00402,Used and secondhand goods,DetailedSpecialCommodity,,0,blank
detail_make_components_2017,2017,detail,producer_make,IOMake_After_Redefinitions_PRO_Detail.xlsx,2017,OM230,224,315000,Apparel manufacturing,Industry,,3,S00300,Noncomparable imports,DetailedSpecialCommodity,,0,blank
detail_make_components_2017,2017,detail,producer_make,IOMake_After_Redefinitions_PRO_Detail.xlsx,2017,ON230,224,315000,Apparel manufacturing,Industry,,4,S00900,Rest of the world adjustment,DetailedSpecialCommodity,,0,blank
detail_make_components_2017,2017,detail,producer_make,IOMake_After_Redefinitions_PRO_Detail.xlsx,2017,OK231,225,316000,Leather and allied product manufacturing,Industry,,1,S00401,Scrap,DetailedSpecialCommodity,,0,blank
detail_make_components_2017,2017,detail,producer_make,IOMake_After_Redefinitions_PRO_Detail.xlsx,2017,OL231,225,316000,Leather and allied product manufacturing,Industry,,2,S00402,Used and secondhand goods,DetailedSpecialCommodity,,0,blank
detail_make_components_2017,2017,detail,producer_make,IOMake_After_Redefinitions_PRO_Detail.xlsx,2017,OM231,225,316000,Leather and allied product manufacturing,Industry,,3,S00300,Noncomparable imports,DetailedSpecialCommodity,,0,blank
detail_make_components_2017,2017,detail,producer_make,IOMake_After_Redefinitions_PRO_Detail.xlsx,2017,ON231,225,316000,Leather and allied product manufacturing,Industry,,4,S00900,Rest of the world adjustment,DetailedSpecialCommodity,,0,blank
detail_make_components_2017,2017,detail,producer_make,IOMake_After_Redefinitions_PRO_Detail.xlsx,2017,OK232,226,322110,Pulp mills,Industry,,1,S00401,Scrap,DetailedSpecialCommodity,,0,blank
detail_make_components_2017,2017,detail,producer_make,IOMake_After_Redefinitions_PRO_Detail.xlsx,2017,OL232,226,322110,Pulp mills,Industry,,2,S00402,Used and secondhand goods,DetailedSpecialCommodity,,0,blank
detail_make_components_2017,2017,detail,producer_make,IOMake_After_Redefinitions_PRO_Detail.xlsx,2017,OM232,226,322110,Pulp mills,Industry,,3,S00300,Noncomparable imports,DetailedSpecialCommodity,,0,blank
detail_make_components_2017,2017,detail,producer_make,IOMake_After_Redefinitions_PRO_Detail.xlsx,2017,ON232,226,322110,Pulp mills,Industry,,4,S00900,Rest of the world adjustment,DetailedSpecialCommodity,,0,blank
detail_make_components_2017,2017,detail,producer_make,IOMake_After_Redefinitions_PRO_Detail.xlsx,2017,OK233,227,322120,Paper mills,Industry,,1,S00401,Scrap,DetailedSpecialCommodity,,0,numeric
detail_make_components_2017,2017,detail,producer_make,IOMake_After_Redefinitions_PRO_Detail.xlsx,2017,OL233,227,322120,Paper mills,Industry,,2,S00402,Used and secondhand goods,DetailedSpecialCommodity,,0,blank
detail_make_components_2017,2017,detail,producer_make,IOMake_After_Redefinitions_PRO_Detail.xlsx,2017,OM233,227,322120,Paper mills,Industry,,3,S00300,Noncomparable imports,DetailedSpecialCommodity,,0,blank
detail_make_components_2017,2017,detail,producer_make,IOMake_After_Redefinitions_PRO_Detail.xlsx,2017,ON233,227,322120,Paper mills,Industry,,4,S00900,Rest of the world adjustment,DetailedSpecialCommodity,,0,blank
detail_make_components_2017,2017,detail,producer_make,IOMake_After_Redefinitions_PRO_Detail.xlsx,2017,OK234,228,322130,Paperboard mills,Industry,,1,S00401,Scrap,DetailedSpecialCommodity,,0,blank
detail_make_components_2017,2017,detail,producer_make,IOMake_After_Redefinitions_PRO_Detail.xlsx,2017,OL234,228,322130,Paperboard mills,Industry,,2,S00402,Used and secondhand goods,DetailedSpecialCommodity,,0,blank
detail_make_components_2017,2017,detail,producer_make,IOMake_After_Redefinitions_PRO_Detail.xlsx,2017,OM234,228,322130,Paperboard mills,Industry,,3,S00300,Noncomparable imports,DetailedSpecialCommodity,,0,blank
detail_make_components_2017,2017,detail,producer_make,IOMake_After_Redefinitions_PRO_Detail.xlsx,2017,ON234,228,322130,Paperboard mills,Industry,,4,S00900,Rest of the world adjustment,DetailedSpecialCommodity,,0,blank
detail_make_components_2017,2017,detail,producer_make,IOMake_After_Redefinitions_PRO_Detail.xlsx,2017,OK235,229,322210,Paperboard container manufacturing,Industry,,1,S00401,Scrap,DetailedSpecialCommodity,,353,numeric
detail_make_components_2017,2017,detail,producer_make,IOMake_After_Redefinitions_PRO_Detail.xlsx,2017,OL235,229,322210,Paperboard container manufacturing,Industry,,2,S00402,Used and secondhand goods,DetailedSpecialCommodity,,0,blank
detail_make_components_2017,2017,detail,producer_make,IOMake_After_Redefinitions_PRO_Detail.xlsx,2017,OM235,229,322210,Paperboard container manufacturing,Industry,,3,S00300,Noncomparable imports,DetailedSpecialCommodity,,0,blank
detail_make_components_2017,2017,detail,producer_make,IOMake_After_Redefinitions_PRO_Detail.xlsx,2017,ON235,229,322210,Paperboard container manufacturing,Industry,,4,S00900,Rest of the world adjustment,DetailedSpecialCommodity,,0,blank
detail_make_components_2017,2017,detail,producer_make,IOMake_After_Redefinitions_PRO_Detail.xlsx,2017,OK236,230,322220,Paper bag and coated and treated paper manufacturing,Industry,,1,S00401,Scrap,DetailedSpecialCommodity,,10,numeric
detail_make_components_2017,2017,detail,producer_make,IOMake_After_Redefinitions_PRO_Detail.xlsx,2017,OL236,230,322220,Paper bag and coated and treated paper manufacturing,Industry,,2,S00402,Used and secondhand goods,DetailedSpecialCommodity,,0,blank
detail_make_components_2017,2017,detail,producer_make,IOMake_After_Redefinitions_PRO_Detail.xlsx,2017,OM236,230,322220,Paper bag and coated and treated paper manufacturing,Industry,,3,S00300,Noncomparable imports,DetailedSpecialCommodity,,0,blank
detail_make_components_2017,2017,detail,producer_make,IOMake_After_Redefinitions_PRO_Detail.xlsx,2017,ON236,230,322220,Paper bag and coated and treated paper manufacturing,Industry,,4,S00900,Rest of the world adjustment,DetailedSpecialCommodity,,0,blank
detail_make_components_2017,2017,detail,producer_make,IOMake_After_Redefinitions_PRO_Detail.xlsx,2017,OK237,231,322230,Stationery product manufacturing,Industry,,1,S00401,Scrap,DetailedSpecialCommodity,,57,numeric
detail_make_components_2017,2017,detail,producer_make,IOMake_After_Redefinitions_PRO_Detail.xlsx,2017,OL237,231,322230,Stationery product manufacturing,Industry,,2,S00402,Used and secondhand goods,DetailedSpecialCommodity,,0,blank
detail_make_components_2017,2017,detail,producer_make,IOMake_After_Redefinitions_PRO_Detail.xlsx,2017,OM237,231,322230,Stationery product manufacturing,Industry,,3,S00300,Noncomparable imports,DetailedSpecialCommodity,,0,blank
detail_make_components_2017,2017,detail,producer_make,IOMake_After_Redefinitions_PRO_Detail.xlsx,2017,ON237,231,322230,Stationery product manufacturing,Industry,,4,S00900,Rest of the world adjustment,DetailedSpecialCommodity,,0,blank
detail_make_components_2017,2017,detail,producer_make,IOMake_After_Redefinitions_PRO_Detail.xlsx,2017,OK238,232,322291,Sanitary paper product manufacturing,Industry,,1,S00401,Scrap,DetailedSpecialCommodity,,11,numeric
detail_make_components_2017,2017,detail,producer_make,IOMake_After_Redefinitions_PRO_Detail.xlsx,2017,OL238,232,322291,Sanitary paper product manufacturing,Industry,,2,S00402,Used and secondhand goods,DetailedSpecialCommodity,,0,blank
detail_make_components_2017,2017,detail,producer_make,IOMake_After_Redefinitions_PRO_Detail.xlsx,2017,OM238,232,322291,Sanitary paper product manufacturing,Industry,,3,S00300,Noncomparable imports,DetailedSpecialCommodity,,0,blank
detail_make_components_2017,2017,detail,producer_make,IOMake_After_Redefinitions_PRO_Detail.xlsx,2017,ON238,232,322291,Sanitary paper product manufacturing,Industry,,4,S00900,Rest of the world adjustment,DetailedSpecialCommodity,,0,blank
detail_make_components_2017,2017,detail,producer_make,IOMake_After_Redefinitions_PRO_Detail.xlsx,2017,OK239,233,322299,All other converted paper product manufacturing,Industry,,1,S00401,Scrap,DetailedSpecialCommodity,,22,numeric
detail_make_components_2017,2017,detail,producer_make,IOMake_After_Redefinitions_PRO_Detail.xlsx,2017,OL239,233,322299,All other converted paper product manufacturing,Industry,,2,S00402,Used and secondhand goods,DetailedSpecialCommodity,,0,blank
detail_make_components_2017,2017,detail,producer_make,IOMake_After_Redefinitions_PRO_Detail.xlsx,2017,OM239,233,322299,All other converted paper product manufacturing,Industry,,3,S00300,Noncomparable imports,DetailedSpecialCommodity,,0,blank
detail_make_components_2017,2017,detail,producer_make,IOMake_After_Redefinitions_PRO_Detail.xlsx,2017,ON239,233,322299,All other converted paper product manufacturing,Industry,,4,S00900,Rest of the world adjustment,DetailedSpecialCommodity,,0,blank
detail_make_components_2017,2017,detail,producer_make,IOMake_After_Redefinitions_PRO_Detail.xlsx,2017,OK240,234,323110,Printing,Industry,,1,S00401,Scrap,DetailedSpecialCommodity,,206,numeric
detail_make_components_2017,2017,detail,producer_make,IOMake_After_Redefinitions_PRO_Detail.xlsx,2017,OL240,234,323110,Printing,Industry,,2,S00402,Used and secondhand goods,DetailedSpecialCommodity,,0,blank
detail_make_components_2017,2017,detail,producer_make,IOMake_After_Redefinitions_PRO_Detail.xlsx,2017,OM240,234,323110,Printing,Industry,,3,S00300,Noncomparable imports,DetailedSpecialCommodity,,0,blank
detail_make_components_2017,2017,detail,producer_make,IOMake_After_Redefinitions_PRO_Detail.xlsx,2017,ON240,234,323110,Printing,Industry,,4,S00900,Rest of the world adjustment,DetailedSpecialCommodity,,0,blank
detail_make_components_2017,2017,detail,producer_make,IOMake_After_Redefinitions_PRO_Detail.xlsx,2017,OK241,235,323120,Support activities for printing,Industry,,1,S00401,Scrap,DetailedSpecialCommodity,,2,numeric
detail_make_components_2017,2017,detail,producer_make,IOMake_After_Redefinitions_PRO_Detail.xlsx,2017,OL241,235,323120,Support activities for printing,Industry,,2,S00402,Used and secondhand goods,DetailedSpecialCommodity,,0,blank
detail_make_components_2017,2017,detail,producer_make,IOMake_After_Redefinitions_PRO_Detail.xlsx,2017,OM241,235,323120,Support activities for printing,Industry,,3,S00300,Noncomparable imports,DetailedSpecialCommodity,,0,blank
detail_make_components_2017,2017,detail,producer_make,IOMake_After_Redefinitions_PRO_Detail.xlsx,2017,ON241,235,323120,Support activities for printing,Industry,,4,S00900,Rest of the world adjustment,DetailedSpecialCommodity,,0,blank
detail_make_components_2017,2017,detail,producer_make,IOMake_After_Redefinitions_PRO_Detail.xlsx,2017,OK242,236,324110,Petroleum refineries,Industry,,1,S00401,Scrap,DetailedSpecialCommodity,,0,blank
detail_make_components_2017,2017,detail,producer_make,IOMake_After_Redefinitions_PRO_Detail.xlsx,2017,OL242,236,324110,Petroleum refineries,Industry,,2,S00402,Used and secondhand goods,DetailedSpecialCommodity,,0,blank
detail_make_components_2017,2017,detail,producer_make,IOMake_After_Redefinitions_PRO_Detail.xlsx,2017,OM242,236,324110,Petroleum refineries,Industry,,3,S00300,Noncomparable imports,DetailedSpecialCommodity,,0,blank
detail_make_components_2017,2017,detail,producer_make,IOMake_After_Redefinitions_PRO_Detail.xlsx,2017,ON242,236,324110,Petroleum refineries,Industry,,4,S00900,Rest of the world adjustment,DetailedSpecialCommodity,,0,blank
detail_make_components_2017,2017,detail,producer_make,IOMake_After_Redefinitions_PRO_Detail.xlsx,2017,OK243,237,324121,Asphalt paving mixture and block manufacturing,Industry,,1,S00401,Scrap,DetailedSpecialCommodity,,0,blank
detail_make_components_2017,2017,detail,producer_make,IOMake_After_Redefinitions_PRO_Detail.xlsx,2017,OL243,237,324121,Asphalt paving mixture and block manufacturing,Industry,,2,S00402,Used and secondhand goods,DetailedSpecialCommodity,,0,blank
detail_make_components_2017,2017,detail,producer_make,IOMake_After_Redefinitions_PRO_Detail.xlsx,2017,OM243,237,324121,Asphalt paving mixture and block manufacturing,Industry,,3,S00300,Noncomparable imports,DetailedSpecialCommodity,,0,blank
detail_make_components_2017,2017,detail,producer_make,IOMake_After_Redefinitions_PRO_Detail.xlsx,2017,ON243,237,324121,Asphalt paving mixture and block manufacturing,Industry,,4,S00900,Rest of the world adjustment,DetailedSpecialCommodity,,0,blank
detail_make_components_2017,2017,detail,producer_make,IOMake_After_Redefinitions_PRO_Detail.xlsx,2017,OK244,238,324122,Asphalt shingle and coating materials manufacturing,Industry,,1,S00401,Scrap,DetailedSpecialCommodity,,0,blank
detail_make_components_2017,2017,detail,producer_make,IOMake_After_Redefinitions_PRO_Detail.xlsx,2017,OL244,238,324122,Asphalt shingle and coating materials manufacturing,Industry,,2,S00402,Used and secondhand goods,DetailedSpecialCommodity,,0,blank
detail_make_components_2017,2017,detail,producer_make,IOMake_After_Redefinitions_PRO_Detail.xlsx,2017,OM244,238,324122,Asphalt shingle and coating materials manufacturing,Industry,,3,S00300,Noncomparable imports,DetailedSpecialCommodity,,0,blank
detail_make_components_2017,2017,detail,producer_make,IOMake_After_Redefinitions_PRO_Detail.xlsx,2017,ON244,238,324122,Asphalt shingle and coating materials manufacturing,Industry,,4,S00900,Rest of the world adjustment,DetailedSpecialCommodity,,0,blank
detail_make_components_2017,2017,detail,producer_make,IOMake_After_Redefinitions_PRO_Detail.xlsx,2017,OK245,239,324190,Other petroleum and coal products manufacturing,Industry,,1,S00401,Scrap,DetailedSpecialCommodity,,0,blank
detail_make_components_2017,2017,detail,producer_make,IOMake_After_Redefinitions_PRO_Detail.xlsx,2017,OL245,239,324190,Other petroleum and coal products manufacturing,Industry,,2,S00402,Used and secondhand goods,DetailedSpecialCommodity,,0,blank
detail_make_components_2017,2017,detail,producer_make,IOMake_After_Redefinitions_PRO_Detail.xlsx,2017,OM245,239,324190,Other petroleum and coal products manufacturing,Industry,,3,S00300,Noncomparable imports,DetailedSpecialCommodity,,0,blank
detail_make_components_2017,2017,detail,producer_make,IOMake_After_Redefinitions_PRO_Detail.xlsx,2017,ON245,239,324190,Other petroleum and coal products manufacturing,Industry,,4,S00900,Rest of the world adjustment,DetailedSpecialCommodity,,0,blank
detail_make_components_2017,2017,detail,producer_make,IOMake_After_Redefinitions_PRO_Detail.xlsx,2017,OK246,240,325110,Petrochemical manufacturing,Industry,,1,S00401,Scrap,DetailedSpecialCommodity,,0,blank
detail_make_components_2017,2017,detail,producer_make,IOMake_After_Redefinitions_PRO_Detail.xlsx,2017,OL246,240,325110,Petrochemical manufacturing,Industry,,2,S00402,Used and secondhand goods,DetailedSpecialCommodity,,0,blank
detail_make_components_2017,2017,detail,producer_make,IOMake_After_Redefinitions_PRO_Detail.xlsx,2017,OM246,240,325110,Petrochemical manufacturing,Industry,,3,S00300,Noncomparable imports,DetailedSpecialCommodity,,0,blank
detail_make_components_2017,2017,detail,producer_make,IOMake_After_Redefinitions_PRO_Detail.xlsx,2017,ON246,240,325110,Petrochemical manufacturing,Industry,,4,S00900,Rest of the world adjustment,DetailedSpecialCommodity,,0,blank
detail_make_components_2017,2017,detail,producer_make,IOMake_After_Redefinitions_PRO_Detail.xlsx,2017,OK247,241,325120,Industrial gas manufacturing,Industry,,1,S00401,Scrap,DetailedSpecialCommodity,,0,blank
detail_make_components_2017,2017,detail,producer_make,IOMake_After_Redefinitions_PRO_Detail.xlsx,2017,OL247,241,325120,Industrial gas manufacturing,Industry,,2,S00402,Used and secondhand goods,DetailedSpecialCommodity,,0,blank
detail_make_components_2017,2017,detail,producer_make,IOMake_After_Redefinitions_PRO_Detail.xlsx,2017,OM247,241,325120,Industrial gas manufacturing,Industry,,3,S00300,Noncomparable imports,DetailedSpecialCommodity,,0,blank
detail_make_components_2017,2017,detail,producer_make,IOMake_After_Redefinitions_PRO_Detail.xlsx,2017,ON247,241,325120,Industrial gas manufacturing,Industry,,4,S00900,Rest of the world adjustment,DetailedSpecialCommodity,,0,blank
detail_make_components_2017,2017,detail,producer_make,IOMake_After_Redefinitions_PRO_Detail.xlsx,2017,OK248,242,325130,Synthetic dye and pigment manufacturing,Industry,,1,S00401,Scrap,DetailedSpecialCommodity,,0,blank
detail_make_components_2017,2017,detail,producer_make,IOMake_After_Redefinitions_PRO_Detail.xlsx,2017,OL248,242,325130,Synthetic dye and pigment manufacturing,Industry,,2,S00402,Used and secondhand goods,DetailedSpecialCommodity,,0,blank
detail_make_components_2017,2017,detail,producer_make,IOMake_After_Redefinitions_PRO_Detail.xlsx,2017,OM248,242,325130,Synthetic dye and pigment manufacturing,Industry,,3,S00300,Noncomparable imports,DetailedSpecialCommodity,,0,blank
detail_make_components_2017,2017,detail,producer_make,IOMake_After_Redefinitions_PRO_Detail.xlsx,2017,ON248,242,325130,Synthetic dye and pigment manufacturing,Industry,,4,S00900,Rest of the world adjustment,DetailedSpecialCommodity,,0,blank
detail_make_components_2017,2017,detail,producer_make,IOMake_After_Redefinitions_PRO_Detail.xlsx,2017,OK249,243,325180,Other basic inorganic chemical manufacturing,Industry,,1,S00401,Scrap,DetailedSpecialCommodity,,0,blank
detail_make_components_2017,2017,detail,producer_make,IOMake_After_Redefinitions_PRO_Detail.xlsx,2017,OL249,243,325180,Other basic inorganic chemical manufacturing,Industry,,2,S00402,Used and secondhand goods,DetailedSpecialCommodity,,0,blank
detail_make_components_2017,2017,detail,producer_make,IOMake_After_Redefinitions_PRO_Detail.xlsx,2017,OM249,243,325180,Other basic inorganic chemical manufacturing,Industry,,3,S00300,Noncomparable imports,DetailedSpecialCommodity,,0,blank
detail_make_components_2017,2017,detail,producer_make,IOMake_After_Redefinitions_PRO_Detail.xlsx,2017,ON249,243,325180,Other basic inorganic chemical manufacturing,Industry,,4,S00900,Rest of the world adjustment,DetailedSpecialCommodity,,0,blank
detail_make_components_2017,2017,detail,producer_make,IOMake_After_Redefinitions_PRO_Detail.xlsx,2017,OK250,244,325190,Other basic organic chemical manufacturing,Industry,,1,S00401,Scrap,DetailedSpecialCommodity,,0,blank
detail_make_components_2017,2017,detail,producer_make,IOMake_After_Redefinitions_PRO_Detail.xlsx,2017,OL250,244,325190,Other basic organic chemical manufacturing,Industry,,2,S00402,Used and secondhand goods,DetailedSpecialCommodity,,0,blank
detail_make_components_2017,2017,detail,producer_make,IOMake_After_Redefinitions_PRO_Detail.xlsx,2017,OM250,244,325190,Other basic organic chemical manufacturing,Industry,,3,S00300,Noncomparable imports,DetailedSpecialCommodity,,0,blank
detail_make_components_2017,2017,detail,producer_make,IOMake_After_Redefinitions_PRO_Detail.xlsx,2017,ON250,244,325190,Other basic organic chemical manufacturing,Industry,,4,S00900,Rest of the world adjustment,DetailedSpecialCommodity,,0,blank
detail_make_components_2017,2017,detail,producer_make,IOMake_After_Redefinitions_PRO_Detail.xlsx,2017,OK251,245,325211,Plastics material and resin manufacturing,Industry,,1,S00401,Scrap,DetailedSpecialCommodity,,0,blank
detail_make_components_2017,2017,detail,producer_make,IOMake_After_Redefinitions_PRO_Detail.xlsx,2017,OL251,245,325211,Plastics material and resin manufacturing,Industry,,2,S00402,Used and secondhand goods,DetailedSpecialCommodity,,0,blank
detail_make_components_2017,2017,detail,producer_make,IOMake_After_Redefinitions_PRO_Detail.xlsx,2017,OM251,245,325211,Plastics material and resin manufacturing,Industry,,3,S00300,Noncomparable imports,DetailedSpecialCommodity,,0,blank
detail_make_components_2017,2017,detail,producer_make,IOMake_After_Redefinitions_PRO_Detail.xlsx,2017,ON251,245,325211,Plastics material and resin manufacturing,Industry,,4,S00900,Rest of the world adjustment,DetailedSpecialCommodity,,0,blank
detail_make_components_2017,2017,detail,producer_make,IOMake_After_Redefinitions_PRO_Detail.xlsx,2017,OK252,246,3252A0,Synthetic rubber and artificial and synthetic fibers and filaments manufacturing,Industry,,1,S00401,Scrap,DetailedSpecialCommodity,,0,blank
detail_make_components_2017,2017,detail,producer_make,IOMake_After_Redefinitions_PRO_Detail.xlsx,2017,OL252,246,3252A0,Synthetic rubber and artificial and synthetic fibers and filaments manufacturing,Industry,,2,S00402,Used and secondhand goods,DetailedSpecialCommodity,,0,blank
detail_make_components_2017,2017,detail,producer_make,IOMake_After_Redefinitions_PRO_Detail.xlsx,2017,OM252,246,3252A0,Synthetic rubber and artificial and synthetic fibers and filaments manufacturing,Industry,,3,S00300,Noncomparable imports,DetailedSpecialCommodity,,0,blank
detail_make_components_2017,2017,detail,producer_make,IOMake_After_Redefinitions_PRO_Detail.xlsx,2017,ON252,246,3252A0,Synthetic rubber and artificial and synthetic fibers and filaments manufacturing,Industry,,4,S00900,Rest of the world adjustment,DetailedSpecialCommodity,,0,blank
detail_make_components_2017,2017,detail,producer_make,IOMake_After_Redefinitions_PRO_Detail.xlsx,2017,OK253,247,325411,Medicinal and botanical manufacturing,Industry,,1,S00401,Scrap,DetailedSpecialCommodity,,0,blank
detail_make_components_2017,2017,detail,producer_make,IOMake_After_Redefinitions_PRO_Detail.xlsx,2017,OL253,247,325411,Medicinal and botanical manufacturing,Industry,,2,S00402,Used and secondhand goods,DetailedSpecialCommodity,,0,blank
detail_make_components_2017,2017,detail,producer_make,IOMake_After_Redefinitions_PRO_Detail.xlsx,2017,OM253,247,325411,Medicinal and botanical manufacturing,Industry,,3,S00300,Noncomparable imports,DetailedSpecialCommodity,,0,blank
detail_make_components_2017,2017,detail,producer_make,IOMake_After_Redefinitions_PRO_Detail.xlsx,2017,ON253,247,325411,Medicinal and botanical manufacturing,Industry,,4,S00900,Rest of the world adjustment,DetailedSpecialCommodity,,0,blank
detail_make_components_2017,2017,detail,producer_make,IOMake_After_Redefinitions_PRO_Detail.xlsx,2017,OK254,248,325412,Pharmaceutical preparation manufacturing,Industry,,1,S00401,Scrap,DetailedSpecialCommodity,,0,blank
detail_make_components_2017,2017,detail,producer_make,IOMake_After_Redefinitions_PRO_Detail.xlsx,2017,OL254,248,325412,Pharmaceutical preparation manufacturing,Industry,,2,S00402,Used and secondhand goods,DetailedSpecialCommodity,,0,blank
detail_make_components_2017,2017,detail,producer_make,IOMake_After_Redefinitions_PRO_Detail.xlsx,2017,OM254,248,325412,Pharmaceutical preparation manufacturing,Industry,,3,S00300,Noncomparable imports,DetailedSpecialCommodity,,0,blank
detail_make_components_2017,2017,detail,producer_make,IOMake_After_Redefinitions_PRO_Detail.xlsx,2017,ON254,248,325412,Pharmaceutical preparation manufacturing,Industry,,4,S00900,Rest of the world adjustment,DetailedSpecialCommodity,,0,blank
detail_make_components_2017,2017,detail,producer_make,IOMake_After_Redefinitions_PRO_Detail.xlsx,2017,OK255,249,325413,In-vitro diagnostic substance manufacturing,Industry,,1,S00401,Scrap,DetailedSpecialCommodity,,0,blank
detail_make_components_2017,2017,detail,producer_make,IOMake_After_Redefinitions_PRO_Detail.xlsx,2017,OL255,249,325413,In-vitro diagnostic substance manufacturing,Industry,,2,S00402,Used and secondhand goods,DetailedSpecialCommodity,,0,blank
detail_make_components_2017,2017,detail,producer_make,IOMake_After_Redefinitions_PRO_Detail.xlsx,2017,OM255,249,325413,In-vitro diagnostic substance manufacturing,Industry,,3,S00300,Noncomparable imports,DetailedSpecialCommodity,,0,blank
detail_make_components_2017,2017,detail,producer_make,IOMake_After_Redefinitions_PRO_Detail.xlsx,2017,ON255,249,325413,In-vitro diagnostic substance manufacturing,Industry,,4,S00900,Rest of the world adjustment,DetailedSpecialCommodity,,0,blank
detail_make_components_2017,2017,detail,producer_make,IOMake_After_Redefinitions_PRO_Detail.xlsx,2017,OK256,250,325414,Biological product (except diagnostic) manufacturing,Industry,,1,S00401,Scrap,DetailedSpecialCommodity,,0,blank
detail_make_components_2017,2017,detail,producer_make,IOMake_After_Redefinitions_PRO_Detail.xlsx,2017,OL256,250,325414,Biological product (except diagnostic) manufacturing,Industry,,2,S00402,Used and secondhand goods,DetailedSpecialCommodity,,0,blank
detail_make_components_2017,2017,detail,producer_make,IOMake_After_Redefinitions_PRO_Detail.xlsx,2017,OM256,250,325414,Biological product (except diagnostic) manufacturing,Industry,,3,S00300,Noncomparable imports,DetailedSpecialCommodity,,0,blank
detail_make_components_2017,2017,detail,producer_make,IOMake_After_Redefinitions_PRO_Detail.xlsx,2017,ON256,250,325414,Biological product (except diagnostic) manufacturing,Industry,,4,S00900,Rest of the world adjustment,DetailedSpecialCommodity,,0,blank
detail_make_components_2017,2017,detail,producer_make,IOMake_After_Redefinitions_PRO_Detail.xlsx,2017,OK257,251,325310,Fertilizer manufacturing,Industry,,1,S00401,Scrap,DetailedSpecialCommodity,,0,blank
detail_make_components_2017,2017,detail,producer_make,IOMake_After_Redefinitions_PRO_Detail.xlsx,2017,OL257,251,325310,Fertilizer manufacturing,Industry,,2,S00402,Used and secondhand goods,DetailedSpecialCommodity,,0,blank
detail_make_components_2017,2017,detail,producer_make,IOMake_After_Redefinitions_PRO_Detail.xlsx,2017,OM257,251,325310,Fertilizer manufacturing,Industry,,3,S00300,Noncomparable imports,DetailedSpecialCommodity,,0,blank
detail_make_components_2017,2017,detail,producer_make,IOMake_After_Redefinitions_PRO_Detail.xlsx,2017,ON257,251,325310,Fertilizer manufacturing,Industry,,4,S00900,Rest of the world adjustment,DetailedSpecialCommodity,,0,blank
detail_make_components_2017,2017,detail,producer_make,IOMake_After_Redefinitions_PRO_Detail.xlsx,2017,OK258,252,325320,Pesticide and other agricultural chemical manufacturing,Industry,,1,S00401,Scrap,DetailedSpecialCommodity,,0,blank
detail_make_components_2017,2017,detail,producer_make,IOMake_After_Redefinitions_PRO_Detail.xlsx,2017,OL258,252,325320,Pesticide and other agricultural chemical manufacturing,Industry,,2,S00402,Used and secondhand goods,DetailedSpecialCommodity,,0,blank
detail_make_components_2017,2017,detail,producer_make,IOMake_After_Redefinitions_PRO_Detail.xlsx,2017,OM258,252,325320,Pesticide and other agricultural chemical manufacturing,Industry,,3,S00300,Noncomparable imports,DetailedSpecialCommodity,,0,blank
detail_make_components_2017,2017,detail,producer_make,IOMake_After_Redefinitions_PRO_Detail.xlsx,2017,ON258,252,325320,Pesticide and other agricultural chemical manufacturing,Industry,,4,S00900,Rest of the world adjustment,DetailedSpecialCommodity,,0,blank
detail_make_components_2017,2017,detail,producer_make,IOMake_After_Redefinitions_PRO_Detail.xlsx,2017,OK259,253,325510,Paint and coating manufacturing,Industry,,1,S00401,Scrap,DetailedSpecialCommodity,,0,blank
detail_make_components_2017,2017,detail,producer_make,IOMake_After_Redefinitions_PRO_Detail.xlsx,2017,OL259,253,325510,Paint and coating manufacturing,Industry,,2,S00402,Used and secondhand goods,DetailedSpecialCommodity,,0,blank
detail_make_components_2017,2017,detail,producer_make,IOMake_After_Redefinitions_PRO_Detail.xlsx,2017,OM259,253,325510,Paint and coating manufacturing,Industry,,3,S00300,Noncomparable imports,DetailedSpecialCommodity,,0,blank
detail_make_components_2017,2017,detail,producer_make,IOMake_After_Redefinitions_PRO_Detail.xlsx,2017,ON259,253,325510,Paint and coating manufacturing,Industry,,4,S00900,Rest of the world adjustment,DetailedSpecialCommodity,,0,blank
detail_make_components_2017,2017,detail,producer_make,IOMake_After_Redefinitions_PRO_Detail.xlsx,2017,OK260,254,325520,Adhesive manufacturing,Industry,,1,S00401,Scrap,DetailedSpecialCommodity,,0,blank
detail_make_components_2017,2017,detail,producer_make,IOMake_After_Redefinitions_PRO_Detail.xlsx,2017,OL260,254,325520,Adhesive manufacturing,Industry,,2,S00402,Used and secondhand goods,DetailedSpecialCommodity,,0,blank
detail_make_components_2017,2017,detail,producer_make,IOMake_After_Redefinitions_PRO_Detail.xlsx,2017,OM260,254,325520,Adhesive manufacturing,Industry,,3,S00300,Noncomparable imports,DetailedSpecialCommodity,,0,blank
detail_make_components_2017,2017,detail,producer_make,IOMake_After_Redefinitions_PRO_Detail.xlsx,2017,ON260,254,325520,Adhesive manufacturing,Industry,,4,S00900,Rest of the world adjustment,DetailedSpecialCommodity,,0,blank
detail_make_components_2017,2017,detail,producer_make,IOMake_After_Redefinitions_PRO_Detail.xlsx,2017,OK261,255,325610,Soap and cleaning compound manufacturing,Industry,,1,S00401,Scrap,DetailedSpecialCommodity,,0,blank
detail_make_components_2017,2017,detail,producer_make,IOMake_After_Redefinitions_PRO_Detail.xlsx,2017,OL261,255,325610,Soap and cleaning compound manufacturing,Industry,,2,S00402,Used and secondhand goods,DetailedSpecialCommodity,,0,blank
detail_make_components_2017,2017,detail,producer_make,IOMake_After_Redefinitions_PRO_Detail.xlsx,2017,OM261,255,325610,Soap and cleaning compound manufacturing,Industry,,3,S00300,Noncomparable imports,DetailedSpecialCommodity,,0,blank
detail_make_components_2017,2017,detail,producer_make,IOMake_After_Redefinitions_PRO_Detail.xlsx,2017,ON261,255,325610,Soap and cleaning compound manufacturing,Industry,,4,S00900,Rest of the world adjustment,DetailedSpecialCommodity,,0,blank
detail_make_components_2017,2017,detail,producer_make,IOMake_After_Redefinitions_PRO_Detail.xlsx,2017,OK262,256,325620,Toilet preparation manufacturing,Industry,,1,S00401,Scrap,DetailedSpecialCommodity,,0,blank
detail_make_components_2017,2017,detail,producer_make,IOMake_After_Redefinitions_PRO_Detail.xlsx,2017,OL262,256,325620,Toilet preparation manufacturing,Industry,,2,S00402,Used and secondhand goods,DetailedSpecialCommodity,,0,blank
detail_make_components_2017,2017,detail,producer_make,IOMake_After_Redefinitions_PRO_Detail.xlsx,2017,OM262,256,325620,Toilet preparation manufacturing,Industry,,3,S00300,Noncomparable imports,DetailedSpecialCommodity,,0,blank
detail_make_components_2017,2017,detail,producer_make,IOMake_After_Redefinitions_PRO_Detail.xlsx,2017,ON262,256,325620,Toilet preparation manufacturing,Industry,,4,S00900,Rest of the world adjustment,DetailedSpecialCommodity,,0,blank
detail_make_components_2017,2017,detail,producer_make,IOMake_After_Redefinitions_PRO_Detail.xlsx,2017,OK263,257,325910,Printing ink manufacturing,Industry,,1,S00401,Scrap,DetailedSpecialCommodity,,0,blank
detail_make_components_2017,2017,detail,producer_make,IOMake_After_Redefinitions_PRO_Detail.xlsx,2017,OL263,257,325910,Printing ink manufacturing,Industry,,2,S00402,Used and secondhand goods,DetailedSpecialCommodity,,0,blank
detail_make_components_2017,2017,detail,producer_make,IOMake_After_Redefinitions_PRO_Detail.xlsx,2017,OM263,257,325910,Printing ink manufacturing,Industry,,3,S00300,Noncomparable imports,DetailedSpecialCommodity,,0,blank
detail_make_components_2017,2017,detail,producer_make,IOMake_After_Redefinitions_PRO_Detail.xlsx,2017,ON263,257,325910,Printing ink manufacturing,Industry,,4,S00900,Rest of the world adjustment,DetailedSpecialCommodity,,0,blank
detail_make_components_2017,2017,detail,producer_make,IOMake_After_Redefinitions_PRO_Detail.xlsx,2017,OK264,258,3259A0,All other chemical product and preparation manufacturing,Industry,,1,S00401,Scrap,DetailedSpecialCommodity,,0,blank
detail_make_components_2017,2017,detail,producer_make,IOMake_After_Redefinitions_PRO_Detail.xlsx,2017,OL264,258,3259A0,All other chemical product and preparation manufacturing,Industry,,2,S00402,Used and secondhand goods,DetailedSpecialCommodity,,0,blank
detail_make_components_2017,2017,detail,producer_make,IOMake_After_Redefinitions_PRO_Detail.xlsx,2017,OM264,258,3259A0,All other chemical product and preparation manufacturing,Industry,,3,S00300,Noncomparable imports,DetailedSpecialCommodity,,0,blank
detail_make_components_2017,2017,detail,producer_make,IOMake_After_Redefinitions_PRO_Detail.xlsx,2017,ON264,258,3259A0,All other chemical product and preparation manufacturing,Industry,,4,S00900,Rest of the world adjustment,DetailedSpecialCommodity,,0,blank
detail_make_components_2017,2017,detail,producer_make,IOMake_After_Redefinitions_PRO_Detail.xlsx,2017,OK265,259,326110,Plastics packaging materials and unlaminated film and sheet manufacturing,Industry,,1,S00401,Scrap,DetailedSpecialCommodity,,64,numeric
detail_make_components_2017,2017,detail,producer_make,IOMake_After_Redefinitions_PRO_Detail.xlsx,2017,OL265,259,326110,Plastics packaging materials and unlaminated film and sheet manufacturing,Industry,,2,S00402,Used and secondhand goods,DetailedSpecialCommodity,,0,blank
detail_make_components_2017,2017,detail,producer_make,IOMake_After_Redefinitions_PRO_Detail.xlsx,2017,OM265,259,326110,Plastics packaging materials and unlaminated film and sheet manufacturing,Industry,,3,S00300,Noncomparable imports,DetailedSpecialCommodity,,0,blank
detail_make_components_2017,2017,detail,producer_make,IOMake_After_Redefinitions_PRO_Detail.xlsx,2017,ON265,259,326110,Plastics packaging materials and unlaminated film and sheet manufacturing,Industry,,4,S00900,Rest of the world adjustment,DetailedSpecialCommodity,,0,blank
detail_make_components_2017,2017,detail,producer_make,IOMake_After_Redefinitions_PRO_Detail.xlsx,2017,OK266,260,326120,"Plastics pipe, pipe fitting, and unlaminated profile shape manufacturing",Industry,,1,S00401,Scrap,DetailedSpecialCommodity,,123,numeric
detail_make_components_2017,2017,detail,producer_make,IOMake_After_Redefinitions_PRO_Detail.xlsx,2017,OL266,260,326120,"Plastics pipe, pipe fitting, and unlaminated profile shape manufacturing",Industry,,2,S00402,Used and secondhand goods,DetailedSpecialCommodity,,0,blank
detail_make_components_2017,2017,detail,producer_make,IOMake_After_Redefinitions_PRO_Detail.xlsx,2017,OM266,260,326120,"Plastics pipe, pipe fitting, and unlaminated profile shape manufacturing",Industry,,3,S00300,Noncomparable imports,DetailedSpecialCommodity,,0,blank
detail_make_components_2017,2017,detail,producer_make,IOMake_After_Redefinitions_PRO_Detail.xlsx,2017,ON266,260,326120,"Plastics pipe, pipe fitting, and unlaminated profile shape manufacturing",Industry,,4,S00900,Rest of the world adjustment,DetailedSpecialCommodity,,0,blank
detail_make_components_2017,2017,detail,producer_make,IOMake_After_Redefinitions_PRO_Detail.xlsx,2017,OK267,261,326130,"Laminated plastics plate, sheet (except packaging), and shape manufacturing",Industry,,1,S00401,Scrap,DetailedSpecialCommodity,,7,numeric
detail_make_components_2017,2017,detail,producer_make,IOMake_After_Redefinitions_PRO_Detail.xlsx,2017,OL267,261,326130,"Laminated plastics plate, sheet (except packaging), and shape manufacturing",Industry,,2,S00402,Used and secondhand goods,DetailedSpecialCommodity,,0,blank
detail_make_components_2017,2017,detail,producer_make,IOMake_After_Redefinitions_PRO_Detail.xlsx,2017,OM267,261,326130,"Laminated plastics plate, sheet (except packaging), and shape manufacturing",Industry,,3,S00300,Noncomparable imports,DetailedSpecialCommodity,,0,blank
detail_make_components_2017,2017,detail,producer_make,IOMake_After_Redefinitions_PRO_Detail.xlsx,2017,ON267,261,326130,"Laminated plastics plate, sheet (except packaging), and shape manufacturing",Industry,,4,S00900,Rest of the world adjustment,DetailedSpecialCommodity,,0,blank
detail_make_components_2017,2017,detail,producer_make,IOMake_After_Redefinitions_PRO_Detail.xlsx,2017,OK268,262,326140,Polystyrene foam product manufacturing,Industry,,1,S00401,Scrap,DetailedSpecialCommodity,,12,numeric
detail_make_components_2017,2017,detail,producer_make,IOMake_After_Redefinitions_PRO_Detail.xlsx,2017,OL268,262,326140,Polystyrene foam product manufacturing,Industry,,2,S00402,Used and secondhand goods,DetailedSpecialCommodity,,0,blank
detail_make_components_2017,2017,detail,producer_make,IOMake_After_Redefinitions_PRO_Detail.xlsx,2017,OM268,262,326140,Polystyrene foam product manufacturing,Industry,,3,S00300,Noncomparable imports,DetailedSpecialCommodity,,0,blank
detail_make_components_2017,2017,detail,producer_make,IOMake_After_Redefinitions_PRO_Detail.xlsx,2017,ON268,262,326140,Polystyrene foam product manufacturing,Industry,,4,S00900,Rest of the world adjustment,DetailedSpecialCommodity,,0,blank
detail_make_components_2017,2017,detail,producer_make,IOMake_After_Redefinitions_PRO_Detail.xlsx,2017,OK269,263,326150,Urethane and other foam product (except polystyrene) manufacturing,Industry,,1,S00401,Scrap,DetailedSpecialCommodity,,40,numeric
detail_make_components_2017,2017,detail,producer_make,IOMake_After_Redefinitions_PRO_Detail.xlsx,2017,OL269,263,326150,Urethane and other foam product (except polystyrene) manufacturing,Industry,,2,S00402,Used and secondhand goods,DetailedSpecialCommodity,,0,blank
detail_make_components_2017,2017,detail,producer_make,IOMake_After_Redefinitions_PRO_Detail.xlsx,2017,OM269,263,326150,Urethane and other foam product (except polystyrene) manufacturing,Industry,,3,S00300,Noncomparable imports,DetailedSpecialCommodity,,0,blank
detail_make_components_2017,2017,detail,producer_make,IOMake_After_Redefinitions_PRO_Detail.xlsx,2017,ON269,263,326150,Urethane and other foam product (except polystyrene) manufacturing,Industry,,4,S00900,Rest of the world adjustment,DetailedSpecialCommodity,,0,blank
detail_make_components_2017,2017,detail,producer_make,IOMake_After_Redefinitions_PRO_Detail.xlsx,2017,OK270,264,326160,Plastics bottle manufacturing,Industry,,1,S00401,Scrap,DetailedSpecialCommodity,,9,numeric
detail_make_components_2017,2017,detail,producer_make,IOMake_After_Redefinitions_PRO_Detail.xlsx,2017,OL270,264,326160,Plastics bottle manufacturing,Industry,,2,S00402,Used and secondhand goods,DetailedSpecialCommodity,,0,blank
detail_make_components_2017,2017,detail,producer_make,IOMake_After_Redefinitions_PRO_Detail.xlsx,2017,OM270,264,326160,Plastics bottle manufacturing,Industry,,3,S00300,Noncomparable imports,DetailedSpecialCommodity,,0,blank
detail_make_components_2017,2017,detail,producer_make,IOMake_After_Redefinitions_PRO_Detail.xlsx,2017,ON270,264,326160,Plastics bottle manufacturing,Industry,,4,S00900,Rest of the world adjustment,DetailedSpecialCommodity,,0,blank
detail_make_components_2017,2017,detail,producer_make,IOMake_After_Redefinitions_PRO_Detail.xlsx,2017,OK271,265,326190,Other plastics product manufacturing,Industry,,1,S00401,Scrap,DetailedSpecialCommodity,,12,numeric
detail_make_components_2017,2017,detail,producer_make,IOMake_After_Redefinitions_PRO_Detail.xlsx,2017,OL271,265,326190,Other plastics product manufacturing,Industry,,2,S00402,Used and secondhand goods,DetailedSpecialCommodity,,0,blank
detail_make_components_2017,2017,detail,producer_make,IOMake_After_Redefinitions_PRO_Detail.xlsx,2017,OM271,265,326190,Other plastics product manufacturing,Industry,,3,S00300,Noncomparable imports,DetailedSpecialCommodity,,0,blank
detail_make_components_2017,2017,detail,producer_make,IOMake_After_Redefinitions_PRO_Detail.xlsx,2017,ON271,265,326190,Other plastics product manufacturing,Industry,,4,S00900,Rest of the world adjustment,DetailedSpecialCommodity,,0,blank
detail_make_components_2017,2017,detail,producer_make,IOMake_After_Redefinitions_PRO_Detail.xlsx,2017,OK272,266,326210,Tire manufacturing,Industry,,1,S00401,Scrap,DetailedSpecialCommodity,,2,numeric
detail_make_components_2017,2017,detail,producer_make,IOMake_After_Redefinitions_PRO_Detail.xlsx,2017,OL272,266,326210,Tire manufacturing,Industry,,2,S00402,Used and secondhand goods,DetailedSpecialCommodity,,0,blank
detail_make_components_2017,2017,detail,producer_make,IOMake_After_Redefinitions_PRO_Detail.xlsx,2017,OM272,266,326210,Tire manufacturing,Industry,,3,S00300,Noncomparable imports,DetailedSpecialCommodity,,0,blank
detail_make_components_2017,2017,detail,producer_make,IOMake_After_Redefinitions_PRO_Detail.xlsx,2017,ON272,266,326210,Tire manufacturing,Industry,,4,S00900,Rest of the world adjustment,DetailedSpecialCommodity,,0,blank
detail_make_components_2017,2017,detail,producer_make,IOMake_After_Redefinitions_PRO_Detail.xlsx,2017,OK273,267,326220,Rubber and plastics hoses and belting manufacturing,Industry,,1,S00401,Scrap,DetailedSpecialCommodity,,0,blank
detail_make_components_2017,2017,detail,producer_make,IOMake_After_Redefinitions_PRO_Detail.xlsx,2017,OL273,267,326220,Rubber and plastics hoses and belting manufacturing,Industry,,2,S00402,Used and secondhand goods,DetailedSpecialCommodity,,0,blank
detail_make_components_2017,2017,detail,producer_make,IOMake_After_Redefinitions_PRO_Detail.xlsx,2017,OM273,267,326220,Rubber and plastics hoses and belting manufacturing,Industry,,3,S00300,Noncomparable imports,DetailedSpecialCommodity,,0,blank
detail_make_components_2017,2017,detail,producer_make,IOMake_After_Redefinitions_PRO_Detail.xlsx,2017,ON273,267,326220,Rubber and plastics hoses and belting manufacturing,Industry,,4,S00900,Rest of the world adjustment,DetailedSpecialCommodity,,0,blank
detail_make_components_2017,2017,detail,producer_make,IOMake_After_Redefinitions_PRO_Detail.xlsx,2017,OK274,268,326290,Other rubber product manufacturing,Industry,,1,S00401,Scrap,DetailedSpecialCommodity,,0,blank
detail_make_components_2017,2017,detail,producer_make,IOMake_After_Redefinitions_PRO_Detail.xlsx,2017,OL274,268,326290,Other rubber product manufacturing,Industry,,2,S00402,Used and secondhand goods,DetailedSpecialCommodity,,0,blank
detail_make_components_2017,2017,detail,producer_make,IOMake_After_Redefinitions_PRO_Detail.xlsx,2017,OM274,268,326290,Other rubber product manufacturing,Industry,,3,S00300,Noncomparable imports,DetailedSpecialCommodity,,0,blank
detail_make_components_2017,2017,detail,producer_make,IOMake_After_Redefinitions_PRO_Detail.xlsx,2017,ON274,268,326290,Other rubber product manufacturing,Industry,,4,S00900,Rest of the world adjustment,DetailedSpecialCommodity,,0,blank
detail_make_components_2017,2017,detail,producer_make,IOMake_After_Redefinitions_PRO_Detail.xlsx,2017,OK275,269,423100,Motor vehicle and motor vehicle parts and supplies,Industry,,1,S00401,Scrap,DetailedSpecialCommodity,,0,blank
detail_make_components_2017,2017,detail,producer_make,IOMake_After_Redefinitions_PRO_Detail.xlsx,2017,OL275,269,423100,Motor vehicle and motor vehicle parts and supplies,Industry,,2,S00402,Used and secondhand goods,DetailedSpecialCommodity,,0,blank
detail_make_components_2017,2017,detail,producer_make,IOMake_After_Redefinitions_PRO_Detail.xlsx,2017,OM275,269,423100,Motor vehicle and motor vehicle parts and supplies,Industry,,3,S00300,Noncomparable imports,DetailedSpecialCommodity,,0,blank
detail_make_components_2017,2017,detail,producer_make,IOMake_After_Redefinitions_PRO_Detail.xlsx,2017,ON275,269,423100,Motor vehicle and motor vehicle parts and supplies,Industry,,4,S00900,Rest of the world adjustment,DetailedSpecialCommodity,,0,blank
detail_make_components_2017,2017,detail,producer_make,IOMake_After_Redefinitions_PRO_Detail.xlsx,2017,OK276,270,423400,Professional and commercial equipment and supplies,Industry,,1,S00401,Scrap,DetailedSpecialCommodity,,0,blank
detail_make_components_2017,2017,detail,producer_make,IOMake_After_Redefinitions_PRO_Detail.xlsx,2017,OL276,270,423400,Professional and commercial equipment and supplies,Industry,,2,S00402,Used and secondhand goods,DetailedSpecialCommodity,,0,blank
detail_make_components_2017,2017,detail,producer_make,IOMake_After_Redefinitions_PRO_Detail.xlsx,2017,OM276,270,423400,Professional and commercial equipment and supplies,Industry,,3,S00300,Noncomparable imports,DetailedSpecialCommodity,,0,blank
detail_make_components_2017,2017,detail,producer_make,IOMake_After_Redefinitions_PRO_Detail.xlsx,2017,ON276,270,423400,Professional and commercial equipment and supplies,Industry,,4,S00900,Rest of the world adjustment,DetailedSpecialCommodity,,0,blank
detail_make_components_2017,2017,detail,producer_make,IOMake_After_Redefinitions_PRO_Detail.xlsx,2017,OK277,271,423600,Household appliances and electrical and electronic goods,Industry,,1,S00401,Scrap,DetailedSpecialCommodity,,0,blank
detail_make_components_2017,2017,detail,producer_make,IOMake_After_Redefinitions_PRO_Detail.xlsx,2017,OL277,271,423600,Household appliances and electrical and electronic goods,Industry,,2,S00402,Used and secondhand goods,DetailedSpecialCommodity,,0,blank
detail_make_components_2017,2017,detail,producer_make,IOMake_After_Redefinitions_PRO_Detail.xlsx,2017,OM277,271,423600,Household appliances and electrical and electronic goods,Industry,,3,S00300,Noncomparable imports,DetailedSpecialCommodity,,0,blank
detail_make_components_2017,2017,detail,producer_make,IOMake_After_Redefinitions_PRO_Detail.xlsx,2017,ON277,271,423600,Household appliances and electrical and electronic goods,Industry,,4,S00900,Rest of the world adjustment,DetailedSpecialCommodity,,0,blank
detail_make_components_2017,2017,detail,producer_make,IOMake_After_Redefinitions_PRO_Detail.xlsx,2017,OK278,272,423800,"Machinery, equipment, and supplies",Industry,,1,S00401,Scrap,DetailedSpecialCommodity,,0,blank
detail_make_components_2017,2017,detail,producer_make,IOMake_After_Redefinitions_PRO_Detail.xlsx,2017,OL278,272,423800,"Machinery, equipment, and supplies",Industry,,2,S00402,Used and secondhand goods,DetailedSpecialCommodity,,0,blank
detail_make_components_2017,2017,detail,producer_make,IOMake_After_Redefinitions_PRO_Detail.xlsx,2017,OM278,272,423800,"Machinery, equipment, and supplies",Industry,,3,S00300,Noncomparable imports,DetailedSpecialCommodity,,0,blank
detail_make_components_2017,2017,detail,producer_make,IOMake_After_Redefinitions_PRO_Detail.xlsx,2017,ON278,272,423800,"Machinery, equipment, and supplies",Industry,,4,S00900,Rest of the world adjustment,DetailedSpecialCommodity,,0,blank
detail_make_components_2017,2017,detail,producer_make,IOMake_After_Redefinitions_PRO_Detail.xlsx,2017,OK279,273,423A00,Other durable goods merchant wholesalers,Industry,,1,S00401,Scrap,DetailedSpecialCommodity,,0,blank
detail_make_components_2017,2017,detail,producer_make,IOMake_After_Redefinitions_PRO_Detail.xlsx,2017,OL279,273,423A00,Other durable goods merchant wholesalers,Industry,,2,S00402,Used and secondhand goods,DetailedSpecialCommodity,,0,blank
detail_make_components_2017,2017,detail,producer_make,IOMake_After_Redefinitions_PRO_Detail.xlsx,2017,OM279,273,423A00,Other durable goods merchant wholesalers,Industry,,3,S00300,Noncomparable imports,DetailedSpecialCommodity,,0,blank
detail_make_components_2017,2017,detail,producer_make,IOMake_After_Redefinitions_PRO_Detail.xlsx,2017,ON279,273,423A00,Other durable goods merchant wholesalers,Industry,,4,S00900,Rest of the world adjustment,DetailedSpecialCommodity,,0,blank
detail_make_components_2017,2017,detail,producer_make,IOMake_After_Redefinitions_PRO_Detail.xlsx,2017,OK280,274,424200,Drugs and druggists' sundries,Industry,,1,S00401,Scrap,DetailedSpecialCommodity,,0,blank
detail_make_components_2017,2017,detail,producer_make,IOMake_After_Redefinitions_PRO_Detail.xlsx,2017,OL280,274,424200,Drugs and druggists' sundries,Industry,,2,S00402,Used and secondhand goods,DetailedSpecialCommodity,,0,blank
detail_make_components_2017,2017,detail,producer_make,IOMake_After_Redefinitions_PRO_Detail.xlsx,2017,OM280,274,424200,Drugs and druggists' sundries,Industry,,3,S00300,Noncomparable imports,DetailedSpecialCommodity,,0,blank
detail_make_components_2017,2017,detail,producer_make,IOMake_After_Redefinitions_PRO_Detail.xlsx,2017,ON280,274,424200,Drugs and druggists' sundries,Industry,,4,S00900,Rest of the world adjustment,DetailedSpecialCommodity,,0,blank
detail_make_components_2017,2017,detail,producer_make,IOMake_After_Redefinitions_PRO_Detail.xlsx,2017,OK281,275,424400,Grocery and related product wholesalers,Industry,,1,S00401,Scrap,DetailedSpecialCommodity,,0,blank
detail_make_components_2017,2017,detail,producer_make,IOMake_After_Redefinitions_PRO_Detail.xlsx,2017,OL281,275,424400,Grocery and related product wholesalers,Industry,,2,S00402,Used and secondhand goods,DetailedSpecialCommodity,,0,blank
detail_make_components_2017,2017,detail,producer_make,IOMake_After_Redefinitions_PRO_Detail.xlsx,2017,OM281,275,424400,Grocery and related product wholesalers,Industry,,3,S00300,Noncomparable imports,DetailedSpecialCommodity,,0,blank
detail_make_components_2017,2017,detail,producer_make,IOMake_After_Redefinitions_PRO_Detail.xlsx,2017,ON281,275,424400,Grocery and related product wholesalers,Industry,,4,S00900,Rest of the world adjustment,DetailedSpecialCommodity,,0,blank
detail_make_components_2017,2017,detail,producer_make,IOMake_After_Redefinitions_PRO_Detail.xlsx,2017,OK282,276,424700,Petroleum and petroleum products,Industry,,1,S00401,Scrap,DetailedSpecialCommodity,,0,blank
detail_make_components_2017,2017,detail,producer_make,IOMake_After_Redefinitions_PRO_Detail.xlsx,2017,OL282,276,424700,Petroleum and petroleum products,Industry,,2,S00402,Used and secondhand goods,DetailedSpecialCommodity,,0,blank
detail_make_components_2017,2017,detail,producer_make,IOMake_After_Redefinitions_PRO_Detail.xlsx,2017,OM282,276,424700,Petroleum and petroleum products,Industry,,3,S00300,Noncomparable imports,DetailedSpecialCommodity,,0,blank
detail_make_components_2017,2017,detail,producer_make,IOMake_After_Redefinitions_PRO_Detail.xlsx,2017,ON282,276,424700,Petroleum and petroleum products,Industry,,4,S00900,Rest of the world adjustment,DetailedSpecialCommodity,,0,blank
detail_make_components_2017,2017,detail,producer_make,IOMake_After_Redefinitions_PRO_Detail.xlsx,2017,OK283,277,424A00,Other nondurable goods merchant wholesalers,Industry,,1,S00401,Scrap,DetailedSpecialCommodity,,0,blank
detail_make_components_2017,2017,detail,producer_make,IOMake_After_Redefinitions_PRO_Detail.xlsx,2017,OL283,277,424A00,Other nondurable goods merchant wholesalers,Industry,,2,S00402,Used and secondhand goods,DetailedSpecialCommodity,,0,blank
detail_make_components_2017,2017,detail,producer_make,IOMake_After_Redefinitions_PRO_Detail.xlsx,2017,OM283,277,424A00,Other nondurable goods merchant wholesalers,Industry,,3,S00300,Noncomparable imports,DetailedSpecialCommodity,,0,blank
detail_make_components_2017,2017,detail,producer_make,IOMake_After_Redefinitions_PRO_Detail.xlsx,2017,ON283,277,424A00,Other nondurable goods merchant wholesalers,Industry,,4,S00900,Rest of the world adjustment,DetailedSpecialCommodity,,0,blank
detail_make_components_2017,2017,detail,producer_make,IOMake_After_Redefinitions_PRO_Detail.xlsx,2017,OK284,278,425000,Wholesale electronic markets and agents and brokers,Industry,,1,S00401,Scrap,DetailedSpecialCommodity,,0,blank
detail_make_components_2017,2017,detail,producer_make,IOMake_After_Redefinitions_PRO_Detail.xlsx,2017,OL284,278,425000,Wholesale electronic markets and agents and brokers,Industry,,2,S00402,Used and secondhand goods,DetailedSpecialCommodity,,0,blank
detail_make_components_2017,2017,detail,producer_make,IOMake_After_Redefinitions_PRO_Detail.xlsx,2017,OM284,278,425000,Wholesale electronic markets and agents and brokers,Industry,,3,S00300,Noncomparable imports,DetailedSpecialCommodity,,0,blank
detail_make_components_2017,2017,detail,producer_make,IOMake_After_Redefinitions_PRO_Detail.xlsx,2017,ON284,278,425000,Wholesale electronic markets and agents and brokers,Industry,,4,S00900,Rest of the world adjustment,DetailedSpecialCommodity,,0,blank
detail_make_components_2017,2017,detail,producer_make,IOMake_After_Redefinitions_PRO_Detail.xlsx,2017,OK285,279,4200ID,Customs duties,Industry,,1,S00401,Scrap,DetailedSpecialCommodity,,0,blank
detail_make_components_2017,2017,detail,producer_make,IOMake_After_Redefinitions_PRO_Detail.xlsx,2017,OL285,279,4200ID,Customs duties,Industry,,2,S00402,Used and secondhand goods,DetailedSpecialCommodity,,0,blank
detail_make_components_2017,2017,detail,producer_make,IOMake_After_Redefinitions_PRO_Detail.xlsx,2017,OM285,279,4200ID,Customs duties,Industry,,3,S00300,Noncomparable imports,DetailedSpecialCommodity,,0,blank
detail_make_components_2017,2017,detail,producer_make,IOMake_After_Redefinitions_PRO_Detail.xlsx,2017,ON285,279,4200ID,Customs duties,Industry,,4,S00900,Rest of the world adjustment,DetailedSpecialCommodity,,0,blank
detail_make_components_2017,2017,detail,producer_make,IOMake_After_Redefinitions_PRO_Detail.xlsx,2017,OK286,280,441000,Motor vehicle and parts dealers,Industry,,1,S00401,Scrap,DetailedSpecialCommodity,,0,blank
detail_make_components_2017,2017,detail,producer_make,IOMake_After_Redefinitions_PRO_Detail.xlsx,2017,OL286,280,441000,Motor vehicle and parts dealers,Industry,,2,S00402,Used and secondhand goods,DetailedSpecialCommodity,,0,blank
detail_make_components_2017,2017,detail,producer_make,IOMake_After_Redefinitions_PRO_Detail.xlsx,2017,OM286,280,441000,Motor vehicle and parts dealers,Industry,,3,S00300,Noncomparable imports,DetailedSpecialCommodity,,0,blank
detail_make_components_2017,2017,detail,producer_make,IOMake_After_Redefinitions_PRO_Detail.xlsx,2017,ON286,280,441000,Motor vehicle and parts dealers,Industry,,4,S00900,Rest of the world adjustment,DetailedSpecialCommodity,,0,blank
detail_make_components_2017,2017,detail,producer_make,IOMake_After_Redefinitions_PRO_Detail.xlsx,2017,OK287,281,445000,Food and beverage stores,Industry,,1,S00401,Scrap,DetailedSpecialCommodity,,0,blank
detail_make_components_2017,2017,detail,producer_make,IOMake_After_Redefinitions_PRO_Detail.xlsx,2017,OL287,281,445000,Food and beverage stores,Industry,,2,S00402,Used and secondhand goods,DetailedSpecialCommodity,,0,blank
detail_make_components_2017,2017,detail,producer_make,IOMake_After_Redefinitions_PRO_Detail.xlsx,2017,OM287,281,445000,Food and beverage stores,Industry,,3,S00300,Noncomparable imports,DetailedSpecialCommodity,,0,blank
detail_make_components_2017,2017,detail,producer_make,IOMake_After_Redefinitions_PRO_Detail.xlsx,2017,ON287,281,445000,Food and beverage stores,Industry,,4,S00900,Rest of the world adjustment,DetailedSpecialCommodity,,0,blank
detail_make_components_2017,2017,detail,producer_make,IOMake_After_Redefinitions_PRO_Detail.xlsx,2017,OK288,282,452000,General merchandise stores,Industry,,1,S00401,Scrap,DetailedSpecialCommodity,,0,blank
detail_make_components_2017,2017,detail,producer_make,IOMake_After_Redefinitions_PRO_Detail.xlsx,2017,OL288,282,452000,General merchandise stores,Industry,,2,S00402,Used and secondhand goods,DetailedSpecialCommodity,,0,blank
detail_make_components_2017,2017,detail,producer_make,IOMake_After_Redefinitions_PRO_Detail.xlsx,2017,OM288,282,452000,General merchandise stores,Industry,,3,S00300,Noncomparable imports,DetailedSpecialCommodity,,0,blank
detail_make_components_2017,2017,detail,producer_make,IOMake_After_Redefinitions_PRO_Detail.xlsx,2017,ON288,282,452000,General merchandise stores,Industry,,4,S00900,Rest of the world adjustment,DetailedSpecialCommodity,,0,blank
detail_make_components_2017,2017,detail,producer_make,IOMake_After_Redefinitions_PRO_Detail.xlsx,2017,OK289,283,444000,Building material and garden equipment and supplies dealers,Industry,,1,S00401,Scrap,DetailedSpecialCommodity,,0,blank
detail_make_components_2017,2017,detail,producer_make,IOMake_After_Redefinitions_PRO_Detail.xlsx,2017,OL289,283,444000,Building material and garden equipment and supplies dealers,Industry,,2,S00402,Used and secondhand goods,DetailedSpecialCommodity,,0,blank
detail_make_components_2017,2017,detail,producer_make,IOMake_After_Redefinitions_PRO_Detail.xlsx,2017,OM289,283,444000,Building material and garden equipment and supplies dealers,Industry,,3,S00300,Noncomparable imports,DetailedSpecialCommodity,,0,blank
detail_make_components_2017,2017,detail,producer_make,IOMake_After_Redefinitions_PRO_Detail.xlsx,2017,ON289,283,444000,Building material and garden equipment and supplies dealers,Industry,,4,S00900,Rest of the world adjustment,DetailedSpecialCommodity,,0,blank
detail_make_components_2017,2017,detail,producer_make,IOMake_After_Redefinitions_PRO_Detail.xlsx,2017,OK290,284,446000,Health and personal care stores,Industry,,1,S00401,Scrap,DetailedSpecialCommodity,,0,blank
detail_make_components_2017,2017,detail,producer_make,IOMake_After_Redefinitions_PRO_Detail.xlsx,2017,OL290,284,446000,Health and personal care stores,Industry,,2,S00402,Used and secondhand goods,DetailedSpecialCommodity,,0,blank
detail_make_components_2017,2017,detail,producer_make,IOMake_After_Redefinitions_PRO_Detail.xlsx,2017,OM290,284,446000,Health and personal care stores,Industry,,3,S00300,Noncomparable imports,DetailedSpecialCommodity,,0,blank
detail_make_components_2017,2017,detail,producer_make,IOMake_After_Redefinitions_PRO_Detail.xlsx,2017,ON290,284,446000,Health and personal care stores,Industry,,4,S00900,Rest of the world adjustment,DetailedSpecialCommodity,,0,blank
detail_make_components_2017,2017,detail,producer_make,IOMake_After_Redefinitions_PRO_Detail.xlsx,2017,OK291,285,447000,Gasoline stations,Industry,,1,S00401,Scrap,DetailedSpecialCommodity,,0,blank
detail_make_components_2017,2017,detail,producer_make,IOMake_After_Redefinitions_PRO_Detail.xlsx,2017,OL291,285,447000,Gasoline stations,Industry,,2,S00402,Used and secondhand goods,DetailedSpecialCommodity,,0,blank
detail_make_components_2017,2017,detail,producer_make,IOMake_After_Redefinitions_PRO_Detail.xlsx,2017,OM291,285,447000,Gasoline stations,Industry,,3,S00300,Noncomparable imports,DetailedSpecialCommodity,,0,blank
detail_make_components_2017,2017,detail,producer_make,IOMake_After_Redefinitions_PRO_Detail.xlsx,2017,ON291,285,447000,Gasoline stations,Industry,,4,S00900,Rest of the world adjustment,DetailedSpecialCommodity,,0,blank
detail_make_components_2017,2017,detail,producer_make,IOMake_After_Redefinitions_PRO_Detail.xlsx,2017,OK292,286,448000,Clothing and clothing accessories stores,Industry,,1,S00401,Scrap,DetailedSpecialCommodity,,0,blank
detail_make_components_2017,2017,detail,producer_make,IOMake_After_Redefinitions_PRO_Detail.xlsx,2017,OL292,286,448000,Clothing and clothing accessories stores,Industry,,2,S00402,Used and secondhand goods,DetailedSpecialCommodity,,0,blank
detail_make_components_2017,2017,detail,producer_make,IOMake_After_Redefinitions_PRO_Detail.xlsx,2017,OM292,286,448000,Clothing and clothing accessories stores,Industry,,3,S00300,Noncomparable imports,DetailedSpecialCommodity,,0,blank
detail_make_components_2017,2017,detail,producer_make,IOMake_After_Redefinitions_PRO_Detail.xlsx,2017,ON292,286,448000,Clothing and clothing accessories stores,Industry,,4,S00900,Rest of the world adjustment,DetailedSpecialCommodity,,0,blank
detail_make_components_2017,2017,detail,producer_make,IOMake_After_Redefinitions_PRO_Detail.xlsx,2017,OK293,287,454000,Nonstore retailers,Industry,,1,S00401,Scrap,DetailedSpecialCommodity,,0,blank
detail_make_components_2017,2017,detail,producer_make,IOMake_After_Redefinitions_PRO_Detail.xlsx,2017,OL293,287,454000,Nonstore retailers,Industry,,2,S00402,Used and secondhand goods,DetailedSpecialCommodity,,0,blank
detail_make_components_2017,2017,detail,producer_make,IOMake_After_Redefinitions_PRO_Detail.xlsx,2017,OM293,287,454000,Nonstore retailers,Industry,,3,S00300,Noncomparable imports,DetailedSpecialCommodity,,0,blank
detail_make_components_2017,2017,detail,producer_make,IOMake_After_Redefinitions_PRO_Detail.xlsx,2017,ON293,287,454000,Nonstore retailers,Industry,,4,S00900,Rest of the world adjustment,DetailedSpecialCommodity,,0,blank
detail_make_components_2017,2017,detail,producer_make,IOMake_After_Redefinitions_PRO_Detail.xlsx,2017,OK294,288,4B0000,All other retail,Industry,,1,S00401,Scrap,DetailedSpecialCommodity,,0,blank
detail_make_components_2017,2017,detail,producer_make,IOMake_After_Redefinitions_PRO_Detail.xlsx,2017,OL294,288,4B0000,All other retail,Industry,,2,S00402,Used and secondhand goods,DetailedSpecialCommodity,,0,blank
detail_make_components_2017,2017,detail,producer_make,IOMake_After_Redefinitions_PRO_Detail.xlsx,2017,OM294,288,4B0000,All other retail,Industry,,3,S00300,Noncomparable imports,DetailedSpecialCommodity,,0,blank
detail_make_components_2017,2017,detail,producer_make,IOMake_After_Redefinitions_PRO_Detail.xlsx,2017,ON294,288,4B0000,All other retail,Industry,,4,S00900,Rest of the world adjustment,DetailedSpecialCommodity,,0,blank
detail_make_components_2017,2017,detail,producer_make,IOMake_After_Redefinitions_PRO_Detail.xlsx,2017,OK295,289,481000,Air transportation,Industry,,1,S00401,Scrap,DetailedSpecialCommodity,,0,blank
detail_make_components_2017,2017,detail,producer_make,IOMake_After_Redefinitions_PRO_Detail.xlsx,2017,OL295,289,481000,Air transportation,Industry,,2,S00402,Used and secondhand goods,DetailedSpecialCommodity,,0,blank
detail_make_components_2017,2017,detail,producer_make,IOMake_After_Redefinitions_PRO_Detail.xlsx,2017,OM295,289,481000,Air transportation,Industry,,3,S00300,Noncomparable imports,DetailedSpecialCommodity,,0,blank
detail_make_components_2017,2017,detail,producer_make,IOMake_After_Redefinitions_PRO_Detail.xlsx,2017,ON295,289,481000,Air transportation,Industry,,4,S00900,Rest of the world adjustment,DetailedSpecialCommodity,,0,blank
detail_make_components_2017,2017,detail,producer_make,IOMake_After_Redefinitions_PRO_Detail.xlsx,2017,OK296,290,482000,Rail transportation,Industry,,1,S00401,Scrap,DetailedSpecialCommodity,,0,blank
detail_make_components_2017,2017,detail,producer_make,IOMake_After_Redefinitions_PRO_Detail.xlsx,2017,OL296,290,482000,Rail transportation,Industry,,2,S00402,Used and secondhand goods,DetailedSpecialCommodity,,0,blank
detail_make_components_2017,2017,detail,producer_make,IOMake_After_Redefinitions_PRO_Detail.xlsx,2017,OM296,290,482000,Rail transportation,Industry,,3,S00300,Noncomparable imports,DetailedSpecialCommodity,,0,blank
detail_make_components_2017,2017,detail,producer_make,IOMake_After_Redefinitions_PRO_Detail.xlsx,2017,ON296,290,482000,Rail transportation,Industry,,4,S00900,Rest of the world adjustment,DetailedSpecialCommodity,,0,blank
detail_make_components_2017,2017,detail,producer_make,IOMake_After_Redefinitions_PRO_Detail.xlsx,2017,OK297,291,483000,Water transportation,Industry,,1,S00401,Scrap,DetailedSpecialCommodity,,0,blank
detail_make_components_2017,2017,detail,producer_make,IOMake_After_Redefinitions_PRO_Detail.xlsx,2017,OL297,291,483000,Water transportation,Industry,,2,S00402,Used and secondhand goods,DetailedSpecialCommodity,,0,blank
detail_make_components_2017,2017,detail,producer_make,IOMake_After_Redefinitions_PRO_Detail.xlsx,2017,OM297,291,483000,Water transportation,Industry,,3,S00300,Noncomparable imports,DetailedSpecialCommodity,,0,blank
detail_make_components_2017,2017,detail,producer_make,IOMake_After_Redefinitions_PRO_Detail.xlsx,2017,ON297,291,483000,Water transportation,Industry,,4,S00900,Rest of the world adjustment,DetailedSpecialCommodity,,0,blank
detail_make_components_2017,2017,detail,producer_make,IOMake_After_Redefinitions_PRO_Detail.xlsx,2017,OK298,292,484000,Truck transportation,Industry,,1,S00401,Scrap,DetailedSpecialCommodity,,0,blank
detail_make_components_2017,2017,detail,producer_make,IOMake_After_Redefinitions_PRO_Detail.xlsx,2017,OL298,292,484000,Truck transportation,Industry,,2,S00402,Used and secondhand goods,DetailedSpecialCommodity,,0,blank
detail_make_components_2017,2017,detail,producer_make,IOMake_After_Redefinitions_PRO_Detail.xlsx,2017,OM298,292,484000,Truck transportation,Industry,,3,S00300,Noncomparable imports,DetailedSpecialCommodity,,0,blank
detail_make_components_2017,2017,detail,producer_make,IOMake_After_Redefinitions_PRO_Detail.xlsx,2017,ON298,292,484000,Truck transportation,Industry,,4,S00900,Rest of the world adjustment,DetailedSpecialCommodity,,0,blank
detail_make_components_2017,2017,detail,producer_make,IOMake_After_Redefinitions_PRO_Detail.xlsx,2017,OK299,293,485000,Transit and ground passenger transportation,Industry,,1,S00401,Scrap,DetailedSpecialCommodity,,0,blank
detail_make_components_2017,2017,detail,producer_make,IOMake_After_Redefinitions_PRO_Detail.xlsx,2017,OL299,293,485000,Transit and ground passenger transportation,Industry,,2,S00402,Used and secondhand goods,DetailedSpecialCommodity,,0,blank
detail_make_components_2017,2017,detail,producer_make,IOMake_After_Redefinitions_PRO_Detail.xlsx,2017,OM299,293,485000,Transit and ground passenger transportation,Industry,,3,S00300,Noncomparable imports,DetailedSpecialCommodity,,0,blank
detail_make_components_2017,2017,detail,producer_make,IOMake_After_Redefinitions_PRO_Detail.xlsx,2017,ON299,293,485000,Transit and ground passenger transportation,Industry,,4,S00900,Rest of the world adjustment,DetailedSpecialCommodity,,0,blank
detail_make_components_2017,2017,detail,producer_make,IOMake_After_Redefinitions_PRO_Detail.xlsx,2017,OK300,294,486000,Pipeline transportation,Industry,,1,S00401,Scrap,DetailedSpecialCommodity,,0,blank
detail_make_components_2017,2017,detail,producer_make,IOMake_After_Redefinitions_PRO_Detail.xlsx,2017,OL300,294,486000,Pipeline transportation,Industry,,2,S00402,Used and secondhand goods,DetailedSpecialCommodity,,0,blank
detail_make_components_2017,2017,detail,producer_make,IOMake_After_Redefinitions_PRO_Detail.xlsx,2017,OM300,294,486000,Pipeline transportation,Industry,,3,S00300,Noncomparable imports,DetailedSpecialCommodity,,0,blank
detail_make_components_2017,2017,detail,producer_make,IOMake_After_Redefinitions_PRO_Detail.xlsx,2017,ON300,294,486000,Pipeline transportation,Industry,,4,S00900,Rest of the world adjustment,DetailedSpecialCommodity,,0,blank
detail_make_components_2017,2017,detail,producer_make,IOMake_After_Redefinitions_PRO_Detail.xlsx,2017,OK301,295,48A000,Scenic and sightseeing transportation and support activities,Industry,,1,S00401,Scrap,DetailedSpecialCommodity,,0,blank
detail_make_components_2017,2017,detail,producer_make,IOMake_After_Redefinitions_PRO_Detail.xlsx,2017,OL301,295,48A000,Scenic and sightseeing transportation and support activities,Industry,,2,S00402,Used and secondhand goods,DetailedSpecialCommodity,,0,blank
detail_make_components_2017,2017,detail,producer_make,IOMake_After_Redefinitions_PRO_Detail.xlsx,2017,OM301,295,48A000,Scenic and sightseeing transportation and support activities,Industry,,3,S00300,Noncomparable imports,DetailedSpecialCommodity,,0,blank
detail_make_components_2017,2017,detail,producer_make,IOMake_After_Redefinitions_PRO_Detail.xlsx,2017,ON301,295,48A000,Scenic and sightseeing transportation and support activities,Industry,,4,S00900,Rest of the world adjustment,DetailedSpecialCommodity,,0,blank
detail_make_components_2017,2017,detail,producer_make,IOMake_After_Redefinitions_PRO_Detail.xlsx,2017,OK302,296,492000,Couriers and messengers,Industry,,1,S00401,Scrap,DetailedSpecialCommodity,,0,blank
detail_make_components_2017,2017,detail,producer_make,IOMake_After_Redefinitions_PRO_Detail.xlsx,2017,OL302,296,492000,Couriers and messengers,Industry,,2,S00402,Used and secondhand goods,DetailedSpecialCommodity,,0,blank
detail_make_components_2017,2017,detail,producer_make,IOMake_After_Redefinitions_PRO_Detail.xlsx,2017,OM302,296,492000,Couriers and messengers,Industry,,3,S00300,Noncomparable imports,DetailedSpecialCommodity,,0,blank
detail_make_components_2017,2017,detail,producer_make,IOMake_After_Redefinitions_PRO_Detail.xlsx,2017,ON302,296,492000,Couriers and messengers,Industry,,4,S00900,Rest of the world adjustment,DetailedSpecialCommodity,,0,blank
detail_make_components_2017,2017,detail,producer_make,IOMake_After_Redefinitions_PRO_Detail.xlsx,2017,OK303,297,493000,Warehousing and storage,Industry,,1,S00401,Scrap,DetailedSpecialCommodity,,0,blank
detail_make_components_2017,2017,detail,producer_make,IOMake_After_Redefinitions_PRO_Detail.xlsx,2017,OL303,297,493000,Warehousing and storage,Industry,,2,S00402,Used and secondhand goods,DetailedSpecialCommodity,,0,blank
detail_make_components_2017,2017,detail,producer_make,IOMake_After_Redefinitions_PRO_Detail.xlsx,2017,OM303,297,493000,Warehousing and storage,Industry,,3,S00300,Noncomparable imports,DetailedSpecialCommodity,,0,blank
detail_make_components_2017,2017,detail,producer_make,IOMake_After_Redefinitions_PRO_Detail.xlsx,2017,ON303,297,493000,Warehousing and storage,Industry,,4,S00900,Rest of the world adjustment,DetailedSpecialCommodity,,0,blank
detail_make_components_2017,2017,detail,producer_make,IOMake_After_Redefinitions_PRO_Detail.xlsx,2017,OK304,298,511110,Newspaper publishers,Industry,,1,S00401,Scrap,DetailedSpecialCommodity,,0,blank
detail_make_components_2017,2017,detail,producer_make,IOMake_After_Redefinitions_PRO_Detail.xlsx,2017,OL304,298,511110,Newspaper publishers,Industry,,2,S00402,Used and secondhand goods,DetailedSpecialCommodity,,0,blank
detail_make_components_2017,2017,detail,producer_make,IOMake_After_Redefinitions_PRO_Detail.xlsx,2017,OM304,298,511110,Newspaper publishers,Industry,,3,S00300,Noncomparable imports,DetailedSpecialCommodity,,0,blank
detail_make_components_2017,2017,detail,producer_make,IOMake_After_Redefinitions_PRO_Detail.xlsx,2017,ON304,298,511110,Newspaper publishers,Industry,,4,S00900,Rest of the world adjustment,DetailedSpecialCommodity,,0,blank
detail_make_components_2017,2017,detail,producer_make,IOMake_After_Redefinitions_PRO_Detail.xlsx,2017,OK305,299,511120,Periodical Publishers,Industry,,1,S00401,Scrap,DetailedSpecialCommodity,,0,blank
detail_make_components_2017,2017,detail,producer_make,IOMake_After_Redefinitions_PRO_Detail.xlsx,2017,OL305,299,511120,Periodical Publishers,Industry,,2,S00402,Used and secondhand goods,DetailedSpecialCommodity,,0,blank
detail_make_components_2017,2017,detail,producer_make,IOMake_After_Redefinitions_PRO_Detail.xlsx,2017,OM305,299,511120,Periodical Publishers,Industry,,3,S00300,Noncomparable imports,DetailedSpecialCommodity,,0,blank
detail_make_components_2017,2017,detail,producer_make,IOMake_After_Redefinitions_PRO_Detail.xlsx,2017,ON305,299,511120,Periodical Publishers,Industry,,4,S00900,Rest of the world adjustment,DetailedSpecialCommodity,,0,blank
detail_make_components_2017,2017,detail,producer_make,IOMake_After_Redefinitions_PRO_Detail.xlsx,2017,OK306,300,511130,Book publishers,Industry,,1,S00401,Scrap,DetailedSpecialCommodity,,0,blank
detail_make_components_2017,2017,detail,producer_make,IOMake_After_Redefinitions_PRO_Detail.xlsx,2017,OL306,300,511130,Book publishers,Industry,,2,S00402,Used and secondhand goods,DetailedSpecialCommodity,,0,blank
detail_make_components_2017,2017,detail,producer_make,IOMake_After_Redefinitions_PRO_Detail.xlsx,2017,OM306,300,511130,Book publishers,Industry,,3,S00300,Noncomparable imports,DetailedSpecialCommodity,,0,blank
detail_make_components_2017,2017,detail,producer_make,IOMake_After_Redefinitions_PRO_Detail.xlsx,2017,ON306,300,511130,Book publishers,Industry,,4,S00900,Rest of the world adjustment,DetailedSpecialCommodity,,0,blank
detail_make_components_2017,2017,detail,producer_make,IOMake_After_Redefinitions_PRO_Detail.xlsx,2017,OK307,301,5111A0,"Directory, mailing list, and other publishers",Industry,,1,S00401,Scrap,DetailedSpecialCommodity,,0,blank
detail_make_components_2017,2017,detail,producer_make,IOMake_After_Redefinitions_PRO_Detail.xlsx,2017,OL307,301,5111A0,"Directory, mailing list, and other publishers",Industry,,2,S00402,Used and secondhand goods,DetailedSpecialCommodity,,0,blank
detail_make_components_2017,2017,detail,producer_make,IOMake_After_Redefinitions_PRO_Detail.xlsx,2017,OM307,301,5111A0,"Directory, mailing list, and other publishers",Industry,,3,S00300,Noncomparable imports,DetailedSpecialCommodity,,0,blank
detail_make_components_2017,2017,detail,producer_make,IOMake_After_Redefinitions_PRO_Detail.xlsx,2017,ON307,301,5111A0,"Directory, mailing list, and other publishers",Industry,,4,S00900,Rest of the world adjustment,DetailedSpecialCommodity,,0,blank
detail_make_components_2017,2017,detail,producer_make,IOMake_After_Redefinitions_PRO_Detail.xlsx,2017,OK308,302,511200,Software publishers,Industry,,1,S00401,Scrap,DetailedSpecialCommodity,,0,blank
detail_make_components_2017,2017,detail,producer_make,IOMake_After_Redefinitions_PRO_Detail.xlsx,2017,OL308,302,511200,Software publishers,Industry,,2,S00402,Used and secondhand goods,DetailedSpecialCommodity,,0,blank
detail_make_components_2017,2017,detail,producer_make,IOMake_After_Redefinitions_PRO_Detail.xlsx,2017,OM308,302,511200,Software publishers,Industry,,3,S00300,Noncomparable imports,DetailedSpecialCommodity,,0,blank
detail_make_components_2017,2017,detail,producer_make,IOMake_After_Redefinitions_PRO_Detail.xlsx,2017,ON308,302,511200,Software publishers,Industry,,4,S00900,Rest of the world adjustment,DetailedSpecialCommodity,,0,blank
detail_make_components_2017,2017,detail,producer_make,IOMake_After_Redefinitions_PRO_Detail.xlsx,2017,OK309,303,512100,Motion picture and video industries,Industry,,1,S00401,Scrap,DetailedSpecialCommodity,,0,blank
detail_make_components_2017,2017,detail,producer_make,IOMake_After_Redefinitions_PRO_Detail.xlsx,2017,OL309,303,512100,Motion picture and video industries,Industry,,2,S00402,Used and secondhand goods,DetailedSpecialCommodity,,0,blank
detail_make_components_2017,2017,detail,producer_make,IOMake_After_Redefinitions_PRO_Detail.xlsx,2017,OM309,303,512100,Motion picture and video industries,Industry,,3,S00300,Noncomparable imports,DetailedSpecialCommodity,,0,blank
detail_make_components_2017,2017,detail,producer_make,IOMake_After_Redefinitions_PRO_Detail.xlsx,2017,ON309,303,512100,Motion picture and video industries,Industry,,4,S00900,Rest of the world adjustment,DetailedSpecialCommodity,,0,blank
detail_make_components_2017,2017,detail,producer_make,IOMake_After_Redefinitions_PRO_Detail.xlsx,2017,OK310,304,512200,Sound recording industries,Industry,,1,S00401,Scrap,DetailedSpecialCommodity,,0,blank
detail_make_components_2017,2017,detail,producer_make,IOMake_After_Redefinitions_PRO_Detail.xlsx,2017,OL310,304,512200,Sound recording industries,Industry,,2,S00402,Used and secondhand goods,DetailedSpecialCommodity,,0,blank
detail_make_components_2017,2017,detail,producer_make,IOMake_After_Redefinitions_PRO_Detail.xlsx,2017,OM310,304,512200,Sound recording industries,Industry,,3,S00300,Noncomparable imports,DetailedSpecialCommodity,,0,blank
detail_make_components_2017,2017,detail,producer_make,IOMake_After_Redefinitions_PRO_Detail.xlsx,2017,ON310,304,512200,Sound recording industries,Industry,,4,S00900,Rest of the world adjustment,DetailedSpecialCommodity,,0,blank
detail_make_components_2017,2017,detail,producer_make,IOMake_After_Redefinitions_PRO_Detail.xlsx,2017,OK311,305,515100,Radio and television broadcasting,Industry,,1,S00401,Scrap,DetailedSpecialCommodity,,0,blank
detail_make_components_2017,2017,detail,producer_make,IOMake_After_Redefinitions_PRO_Detail.xlsx,2017,OL311,305,515100,Radio and television broadcasting,Industry,,2,S00402,Used and secondhand goods,DetailedSpecialCommodity,,0,blank
detail_make_components_2017,2017,detail,producer_make,IOMake_After_Redefinitions_PRO_Detail.xlsx,2017,OM311,305,515100,Radio and television broadcasting,Industry,,3,S00300,Noncomparable imports,DetailedSpecialCommodity,,0,blank
detail_make_components_2017,2017,detail,producer_make,IOMake_After_Redefinitions_PRO_Detail.xlsx,2017,ON311,305,515100,Radio and television broadcasting,Industry,,4,S00900,Rest of the world adjustment,DetailedSpecialCommodity,,0,blank
detail_make_components_2017,2017,detail,producer_make,IOMake_After_Redefinitions_PRO_Detail.xlsx,2017,OK312,306,515200,Cable and other subscription programming,Industry,,1,S00401,Scrap,DetailedSpecialCommodity,,0,blank
detail_make_components_2017,2017,detail,producer_make,IOMake_After_Redefinitions_PRO_Detail.xlsx,2017,OL312,306,515200,Cable and other subscription programming,Industry,,2,S00402,Used and secondhand goods,DetailedSpecialCommodity,,0,blank
detail_make_components_2017,2017,detail,producer_make,IOMake_After_Redefinitions_PRO_Detail.xlsx,2017,OM312,306,515200,Cable and other subscription programming,Industry,,3,S00300,Noncomparable imports,DetailedSpecialCommodity,,0,blank
detail_make_components_2017,2017,detail,producer_make,IOMake_After_Redefinitions_PRO_Detail.xlsx,2017,ON312,306,515200,Cable and other subscription programming,Industry,,4,S00900,Rest of the world adjustment,DetailedSpecialCommodity,,0,blank
detail_make_components_2017,2017,detail,producer_make,IOMake_After_Redefinitions_PRO_Detail.xlsx,2017,OK313,307,517110,Wired telecommunications carriers,Industry,,1,S00401,Scrap,DetailedSpecialCommodity,,0,blank
detail_make_components_2017,2017,detail,producer_make,IOMake_After_Redefinitions_PRO_Detail.xlsx,2017,OL313,307,517110,Wired telecommunications carriers,Industry,,2,S00402,Used and secondhand goods,DetailedSpecialCommodity,,0,blank
detail_make_components_2017,2017,detail,producer_make,IOMake_After_Redefinitions_PRO_Detail.xlsx,2017,OM313,307,517110,Wired telecommunications carriers,Industry,,3,S00300,Noncomparable imports,DetailedSpecialCommodity,,0,blank
detail_make_components_2017,2017,detail,producer_make,IOMake_After_Redefinitions_PRO_Detail.xlsx,2017,ON313,307,517110,Wired telecommunications carriers,Industry,,4,S00900,Rest of the world adjustment,DetailedSpecialCommodity,,0,blank
detail_make_components_2017,2017,detail,producer_make,IOMake_After_Redefinitions_PRO_Detail.xlsx,2017,OK314,308,517210,Wireless telecommunications carriers (except satellite),Industry,,1,S00401,Scrap,DetailedSpecialCommodity,,0,blank
detail_make_components_2017,2017,detail,producer_make,IOMake_After_Redefinitions_PRO_Detail.xlsx,2017,OL314,308,517210,Wireless telecommunications carriers (except satellite),Industry,,2,S00402,Used and secondhand goods,DetailedSpecialCommodity,,0,blank
detail_make_components_2017,2017,detail,producer_make,IOMake_After_Redefinitions_PRO_Detail.xlsx,2017,OM314,308,517210,Wireless telecommunications carriers (except satellite),Industry,,3,S00300,Noncomparable imports,DetailedSpecialCommodity,,0,blank
detail_make_components_2017,2017,detail,producer_make,IOMake_After_Redefinitions_PRO_Detail.xlsx,2017,ON314,308,517210,Wireless telecommunications carriers (except satellite),Industry,,4,S00900,Rest of the world adjustment,DetailedSpecialCommodity,,0,blank
detail_make_components_2017,2017,detail,producer_make,IOMake_After_Redefinitions_PRO_Detail.xlsx,2017,OK315,309,517A00,"Satellite, telecommunications resellers, and all other telecommunications",Industry,,1,S00401,Scrap,DetailedSpecialCommodity,,0,blank
detail_make_components_2017,2017,detail,producer_make,IOMake_After_Redefinitions_PRO_Detail.xlsx,2017,OL315,309,517A00,"Satellite, telecommunications resellers, and all other telecommunications",Industry,,2,S00402,Used and secondhand goods,DetailedSpecialCommodity,,0,blank
detail_make_components_2017,2017,detail,producer_make,IOMake_After_Redefinitions_PRO_Detail.xlsx,2017,OM315,309,517A00,"Satellite, telecommunications resellers, and all other telecommunications",Industry,,3,S00300,Noncomparable imports,DetailedSpecialCommodity,,0,blank
detail_make_components_2017,2017,detail,producer_make,IOMake_After_Redefinitions_PRO_Detail.xlsx,2017,ON315,309,517A00,"Satellite, telecommunications resellers, and all other telecommunications",Industry,,4,S00900,Rest of the world adjustment,DetailedSpecialCommodity,,0,blank
detail_make_components_2017,2017,detail,producer_make,IOMake_After_Redefinitions_PRO_Detail.xlsx,2017,OK316,310,518200,"Data processing, hosting, and related services",Industry,,1,S00401,Scrap,DetailedSpecialCommodity,,0,blank
detail_make_components_2017,2017,detail,producer_make,IOMake_After_Redefinitions_PRO_Detail.xlsx,2017,OL316,310,518200,"Data processing, hosting, and related services",Industry,,2,S00402,Used and secondhand goods,DetailedSpecialCommodity,,0,blank
detail_make_components_2017,2017,detail,producer_make,IOMake_After_Redefinitions_PRO_Detail.xlsx,2017,OM316,310,518200,"Data processing, hosting, and related services",Industry,,3,S00300,Noncomparable imports,DetailedSpecialCommodity,,0,blank
detail_make_components_2017,2017,detail,producer_make,IOMake_After_Redefinitions_PRO_Detail.xlsx,2017,ON316,310,518200,"Data processing, hosting, and related services",Industry,,4,S00900,Rest of the world adjustment,DetailedSpecialCommodity,,0,blank
detail_make_components_2017,2017,detail,producer_make,IOMake_After_Redefinitions_PRO_Detail.xlsx,2017,OK317,311,519130,Internet publishing and broadcasting and Web search portals,Industry,,1,S00401,Scrap,DetailedSpecialCommodity,,0,blank
detail_make_components_2017,2017,detail,producer_make,IOMake_After_Redefinitions_PRO_Detail.xlsx,2017,OL317,311,519130,Internet publishing and broadcasting and Web search portals,Industry,,2,S00402,Used and secondhand goods,DetailedSpecialCommodity,,0,blank
detail_make_components_2017,2017,detail,producer_make,IOMake_After_Redefinitions_PRO_Detail.xlsx,2017,OM317,311,519130,Internet publishing and broadcasting and Web search portals,Industry,,3,S00300,Noncomparable imports,DetailedSpecialCommodity,,0,blank
detail_make_components_2017,2017,detail,producer_make,IOMake_After_Redefinitions_PRO_Detail.xlsx,2017,ON317,311,519130,Internet publishing and broadcasting and Web search portals,Industry,,4,S00900,Rest of the world adjustment,DetailedSpecialCommodity,,0,blank
detail_make_components_2017,2017,detail,producer_make,IOMake_After_Redefinitions_PRO_Detail.xlsx,2017,OK318,312,5191A0,"News syndicates, libraries, archives and all other information services",Industry,,1,S00401,Scrap,DetailedSpecialCommodity,,0,blank
detail_make_components_2017,2017,detail,producer_make,IOMake_After_Redefinitions_PRO_Detail.xlsx,2017,OL318,312,5191A0,"News syndicates, libraries, archives and all other information services",Industry,,2,S00402,Used and secondhand goods,DetailedSpecialCommodity,,0,blank
detail_make_components_2017,2017,detail,producer_make,IOMake_After_Redefinitions_PRO_Detail.xlsx,2017,OM318,312,5191A0,"News syndicates, libraries, archives and all other information services",Industry,,3,S00300,Noncomparable imports,DetailedSpecialCommodity,,0,blank
detail_make_components_2017,2017,detail,producer_make,IOMake_After_Redefinitions_PRO_Detail.xlsx,2017,ON318,312,5191A0,"News syndicates, libraries, archives and all other information services",Industry,,4,S00900,Rest of the world adjustment,DetailedSpecialCommodity,,0,blank
detail_make_components_2017,2017,detail,producer_make,IOMake_After_Redefinitions_PRO_Detail.xlsx,2017,OK319,313,522A00,Nondepository credit intermediation and related activities,Industry,,1,S00401,Scrap,DetailedSpecialCommodity,,0,blank
detail_make_components_2017,2017,detail,producer_make,IOMake_After_Redefinitions_PRO_Detail.xlsx,2017,OL319,313,522A00,Nondepository credit intermediation and related activities,Industry,,2,S00402,Used and secondhand goods,DetailedSpecialCommodity,,0,blank
detail_make_components_2017,2017,detail,producer_make,IOMake_After_Redefinitions_PRO_Detail.xlsx,2017,OM319,313,522A00,Nondepository credit intermediation and related activities,Industry,,3,S00300,Noncomparable imports,DetailedSpecialCommodity,,0,blank
detail_make_components_2017,2017,detail,producer_make,IOMake_After_Redefinitions_PRO_Detail.xlsx,2017,ON319,313,522A00,Nondepository credit intermediation and related activities,Industry,,4,S00900,Rest of the world adjustment,DetailedSpecialCommodity,,0,blank
detail_make_components_2017,2017,detail,producer_make,IOMake_After_Redefinitions_PRO_Detail.xlsx,2017,OK320,314,52A000,Monetary authorities and depository credit intermediation,Industry,,1,S00401,Scrap,DetailedSpecialCommodity,,0,blank
detail_make_components_2017,2017,detail,producer_make,IOMake_After_Redefinitions_PRO_Detail.xlsx,2017,OL320,314,52A000,Monetary authorities and depository credit intermediation,Industry,,2,S00402,Used and secondhand goods,DetailedSpecialCommodity,,0,blank
detail_make_components_2017,2017,detail,producer_make,IOMake_After_Redefinitions_PRO_Detail.xlsx,2017,OM320,314,52A000,Monetary authorities and depository credit intermediation,Industry,,3,S00300,Noncomparable imports,DetailedSpecialCommodity,,0,blank
detail_make_components_2017,2017,detail,producer_make,IOMake_After_Redefinitions_PRO_Detail.xlsx,2017,ON320,314,52A000,Monetary authorities and depository credit intermediation,Industry,,4,S00900,Rest of the world adjustment,DetailedSpecialCommodity,,0,blank
detail_make_components_2017,2017,detail,producer_make,IOMake_After_Redefinitions_PRO_Detail.xlsx,2017,OK321,315,523900,Other financial investment activities,Industry,,1,S00401,Scrap,DetailedSpecialCommodity,,0,blank
detail_make_components_2017,2017,detail,producer_make,IOMake_After_Redefinitions_PRO_Detail.xlsx,2017,OL321,315,523900,Other financial investment activities,Industry,,2,S00402,Used and secondhand goods,DetailedSpecialCommodity,,0,blank
detail_make_components_2017,2017,detail,producer_make,IOMake_After_Redefinitions_PRO_Detail.xlsx,2017,OM321,315,523900,Other financial investment activities,Industry,,3,S00300,Noncomparable imports,DetailedSpecialCommodity,,0,blank
detail_make_components_2017,2017,detail,producer_make,IOMake_After_Redefinitions_PRO_Detail.xlsx,2017,ON321,315,523900,Other financial investment activities,Industry,,4,S00900,Rest of the world adjustment,DetailedSpecialCommodity,,0,blank
detail_make_components_2017,2017,detail,producer_make,IOMake_After_Redefinitions_PRO_Detail.xlsx,2017,OK322,316,523A00,Securities and commodity contracts intermediation and brokerage,Industry,,1,S00401,Scrap,DetailedSpecialCommodity,,0,blank
detail_make_components_2017,2017,detail,producer_make,IOMake_After_Redefinitions_PRO_Detail.xlsx,2017,OL322,316,523A00,Securities and commodity contracts intermediation and brokerage,Industry,,2,S00402,Used and secondhand goods,DetailedSpecialCommodity,,0,blank
detail_make_components_2017,2017,detail,producer_make,IOMake_After_Redefinitions_PRO_Detail.xlsx,2017,OM322,316,523A00,Securities and commodity contracts intermediation and brokerage,Industry,,3,S00300,Noncomparable imports,DetailedSpecialCommodity,,0,blank
detail_make_components_2017,2017,detail,producer_make,IOMake_After_Redefinitions_PRO_Detail.xlsx,2017,ON322,316,523A00,Securities and commodity contracts intermediation and brokerage,Industry,,4,S00900,Rest of the world adjustment,DetailedSpecialCommodity,,0,blank
detail_make_components_2017,2017,detail,producer_make,IOMake_After_Redefinitions_PRO_Detail.xlsx,2017,OK323,317,524113,Direct life insurance carriers,Industry,,1,S00401,Scrap,DetailedSpecialCommodity,,0,blank
detail_make_components_2017,2017,detail,producer_make,IOMake_After_Redefinitions_PRO_Detail.xlsx,2017,OL323,317,524113,Direct life insurance carriers,Industry,,2,S00402,Used and secondhand goods,DetailedSpecialCommodity,,0,blank
detail_make_components_2017,2017,detail,producer_make,IOMake_After_Redefinitions_PRO_Detail.xlsx,2017,OM323,317,524113,Direct life insurance carriers,Industry,,3,S00300,Noncomparable imports,DetailedSpecialCommodity,,0,blank
detail_make_components_2017,2017,detail,producer_make,IOMake_After_Redefinitions_PRO_Detail.xlsx,2017,ON323,317,524113,Direct life insurance carriers,Industry,,4,S00900,Rest of the world adjustment,DetailedSpecialCommodity,,0,blank
detail_make_components_2017,2017,detail,producer_make,IOMake_After_Redefinitions_PRO_Detail.xlsx,2017,OK324,318,5241XX,"Insurance carriers, except direct life",Industry,,1,S00401,Scrap,DetailedSpecialCommodity,,0,blank
detail_make_components_2017,2017,detail,producer_make,IOMake_After_Redefinitions_PRO_Detail.xlsx,2017,OL324,318,5241XX,"Insurance carriers, except direct life",Industry,,2,S00402,Used and secondhand goods,DetailedSpecialCommodity,,0,blank
detail_make_components_2017,2017,detail,producer_make,IOMake_After_Redefinitions_PRO_Detail.xlsx,2017,OM324,318,5241XX,"Insurance carriers, except direct life",Industry,,3,S00300,Noncomparable imports,DetailedSpecialCommodity,,0,blank
detail_make_components_2017,2017,detail,producer_make,IOMake_After_Redefinitions_PRO_Detail.xlsx,2017,ON324,318,5241XX,"Insurance carriers, except direct life",Industry,,4,S00900,Rest of the world adjustment,DetailedSpecialCommodity,,0,blank
detail_make_components_2017,2017,detail,producer_make,IOMake_After_Redefinitions_PRO_Detail.xlsx,2017,OK325,319,524200,"Insurance agencies, brokerages, and related activities",Industry,,1,S00401,Scrap,DetailedSpecialCommodity,,0,blank
detail_make_components_2017,2017,detail,producer_make,IOMake_After_Redefinitions_PRO_Detail.xlsx,2017,OL325,319,524200,"Insurance agencies, brokerages, and related activities",Industry,,2,S00402,Used and secondhand goods,DetailedSpecialCommodity,,0,blank
detail_make_components_2017,2017,detail,producer_make,IOMake_After_Redefinitions_PRO_Detail.xlsx,2017,OM325,319,524200,"Insurance agencies, brokerages, and related activities",Industry,,3,S00300,Noncomparable imports,DetailedSpecialCommodity,,0,blank
detail_make_components_2017,2017,detail,producer_make,IOMake_After_Redefinitions_PRO_Detail.xlsx,2017,ON325,319,524200,"Insurance agencies, brokerages, and related activities",Industry,,4,S00900,Rest of the world adjustment,DetailedSpecialCommodity,,0,blank
detail_make_components_2017,2017,detail,producer_make,IOMake_After_Redefinitions_PRO_Detail.xlsx,2017,OK326,320,525000,"Funds, trusts, and other financial vehicles",Industry,,1,S00401,Scrap,DetailedSpecialCommodity,,0,blank
detail_make_components_2017,2017,detail,producer_make,IOMake_After_Redefinitions_PRO_Detail.xlsx,2017,OL326,320,525000,"Funds, trusts, and other financial vehicles",Industry,,2,S00402,Used and secondhand goods,DetailedSpecialCommodity,,0,blank
detail_make_components_2017,2017,detail,producer_make,IOMake_After_Redefinitions_PRO_Detail.xlsx,2017,OM326,320,525000,"Funds, trusts, and other financial vehicles",Industry,,3,S00300,Noncomparable imports,DetailedSpecialCommodity,,0,blank
detail_make_components_2017,2017,detail,producer_make,IOMake_After_Redefinitions_PRO_Detail.xlsx,2017,ON326,320,525000,"Funds, trusts, and other financial vehicles",Industry,,4,S00900,Rest of the world adjustment,DetailedSpecialCommodity,,0,blank
detail_make_components_2017,2017,detail,producer_make,IOMake_After_Redefinitions_PRO_Detail.xlsx,2017,OK327,321,531HSO,Owner-occupied housing,Industry,,1,S00401,Scrap,DetailedSpecialCommodity,,0,blank
detail_make_components_2017,2017,detail,producer_make,IOMake_After_Redefinitions_PRO_Detail.xlsx,2017,OL327,321,531HSO,Owner-occupied housing,Industry,,2,S00402,Used and secondhand goods,DetailedSpecialCommodity,,0,blank
detail_make_components_2017,2017,detail,producer_make,IOMake_After_Redefinitions_PRO_Detail.xlsx,2017,OM327,321,531HSO,Owner-occupied housing,Industry,,3,S00300,Noncomparable imports,DetailedSpecialCommodity,,0,blank
detail_make_components_2017,2017,detail,producer_make,IOMake_After_Redefinitions_PRO_Detail.xlsx,2017,ON327,321,531HSO,Owner-occupied housing,Industry,,4,S00900,Rest of the world adjustment,DetailedSpecialCommodity,,0,blank
detail_make_components_2017,2017,detail,producer_make,IOMake_After_Redefinitions_PRO_Detail.xlsx,2017,OK328,322,531HST,Tenant-occupied housing,Industry,,1,S00401,Scrap,DetailedSpecialCommodity,,0,blank
detail_make_components_2017,2017,detail,producer_make,IOMake_After_Redefinitions_PRO_Detail.xlsx,2017,OL328,322,531HST,Tenant-occupied housing,Industry,,2,S00402,Used and secondhand goods,DetailedSpecialCommodity,,0,blank
detail_make_components_2017,2017,detail,producer_make,IOMake_After_Redefinitions_PRO_Detail.xlsx,2017,OM328,322,531HST,Tenant-occupied housing,Industry,,3,S00300,Noncomparable imports,DetailedSpecialCommodity,,0,blank
detail_make_components_2017,2017,detail,producer_make,IOMake_After_Redefinitions_PRO_Detail.xlsx,2017,ON328,322,531HST,Tenant-occupied housing,Industry,,4,S00900,Rest of the world adjustment,DetailedSpecialCommodity,,0,blank
detail_make_components_2017,2017,detail,producer_make,IOMake_After_Redefinitions_PRO_Detail.xlsx,2017,OK329,323,531ORE,Other real estate,Industry,,1,S00401,Scrap,DetailedSpecialCommodity,,0,blank
detail_make_components_2017,2017,detail,producer_make,IOMake_After_Redefinitions_PRO_Detail.xlsx,2017,OL329,323,531ORE,Other real estate,Industry,,2,S00402,Used and secondhand goods,DetailedSpecialCommodity,,0,blank
detail_make_components_2017,2017,detail,producer_make,IOMake_After_Redefinitions_PRO_Detail.xlsx,2017,OM329,323,531ORE,Other real estate,Industry,,3,S00300,Noncomparable imports,DetailedSpecialCommodity,,0,blank
detail_make_components_2017,2017,detail,producer_make,IOMake_After_Redefinitions_PRO_Detail.xlsx,2017,ON329,323,531ORE,Other real estate,Industry,,4,S00900,Rest of the world adjustment,DetailedSpecialCommodity,,0,blank
detail_make_components_2017,2017,detail,producer_make,IOMake_After_Redefinitions_PRO_Detail.xlsx,2017,OK330,324,532100,Automotive equipment rental and leasing,Industry,,1,S00401,Scrap,DetailedSpecialCommodity,,0,blank
detail_make_components_2017,2017,detail,producer_make,IOMake_After_Redefinitions_PRO_Detail.xlsx,2017,OL330,324,532100,Automotive equipment rental and leasing,Industry,,2,S00402,Used and secondhand goods,DetailedSpecialCommodity,,0,blank
detail_make_components_2017,2017,detail,producer_make,IOMake_After_Redefinitions_PRO_Detail.xlsx,2017,OM330,324,532100,Automotive equipment rental and leasing,Industry,,3,S00300,Noncomparable imports,DetailedSpecialCommodity,,0,blank
detail_make_components_2017,2017,detail,producer_make,IOMake_After_Redefinitions_PRO_Detail.xlsx,2017,ON330,324,532100,Automotive equipment rental and leasing,Industry,,4,S00900,Rest of the world adjustment,DetailedSpecialCommodity,,0,blank
detail_make_components_2017,2017,detail,producer_make,IOMake_After_Redefinitions_PRO_Detail.xlsx,2017,OK331,325,532400,Commercial and industrial machinery and equipment rental and leasing,Industry,,1,S00401,Scrap,DetailedSpecialCommodity,,0,blank
detail_make_components_2017,2017,detail,producer_make,IOMake_After_Redefinitions_PRO_Detail.xlsx,2017,OL331,325,532400,Commercial and industrial machinery and equipment rental and leasing,Industry,,2,S00402,Used and secondhand goods,DetailedSpecialCommodity,,0,blank
detail_make_components_2017,2017,detail,producer_make,IOMake_After_Redefinitions_PRO_Detail.xlsx,2017,OM331,325,532400,Commercial and industrial machinery and equipment rental and leasing,Industry,,3,S00300,Noncomparable imports,DetailedSpecialCommodity,,0,blank
detail_make_components_2017,2017,detail,producer_make,IOMake_After_Redefinitions_PRO_Detail.xlsx,2017,ON331,325,532400,Commercial and industrial machinery and equipment rental and leasing,Industry,,4,S00900,Rest of the world adjustment,DetailedSpecialCommodity,,0,blank
detail_make_components_2017,2017,detail,producer_make,IOMake_After_Redefinitions_PRO_Detail.xlsx,2017,OK332,326,532A00,General and consumer goods rental,Industry,,1,S00401,Scrap,DetailedSpecialCommodity,,0,blank
detail_make_components_2017,2017,detail,producer_make,IOMake_After_Redefinitions_PRO_Detail.xlsx,2017,OL332,326,532A00,General and consumer goods rental,Industry,,2,S00402,Used and secondhand goods,DetailedSpecialCommodity,,0,blank
detail_make_components_2017,2017,detail,producer_make,IOMake_After_Redefinitions_PRO_Detail.xlsx,2017,OM332,326,532A00,General and consumer goods rental,Industry,,3,S00300,Noncomparable imports,DetailedSpecialCommodity,,0,blank
detail_make_components_2017,2017,detail,producer_make,IOMake_After_Redefinitions_PRO_Detail.xlsx,2017,ON332,326,532A00,General and consumer goods rental,Industry,,4,S00900,Rest of the world adjustment,DetailedSpecialCommodity,,0,blank
detail_make_components_2017,2017,detail,producer_make,IOMake_After_Redefinitions_PRO_Detail.xlsx,2017,OK333,327,533000,Lessors of nonfinancial intangible assets,Industry,,1,S00401,Scrap,DetailedSpecialCommodity,,0,blank
detail_make_components_2017,2017,detail,producer_make,IOMake_After_Redefinitions_PRO_Detail.xlsx,2017,OL333,327,533000,Lessors of nonfinancial intangible assets,Industry,,2,S00402,Used and secondhand goods,DetailedSpecialCommodity,,0,blank
detail_make_components_2017,2017,detail,producer_make,IOMake_After_Redefinitions_PRO_Detail.xlsx,2017,OM333,327,533000,Lessors of nonfinancial intangible assets,Industry,,3,S00300,Noncomparable imports,DetailedSpecialCommodity,,0,blank
detail_make_components_2017,2017,detail,producer_make,IOMake_After_Redefinitions_PRO_Detail.xlsx,2017,ON333,327,533000,Lessors of nonfinancial intangible assets,Industry,,4,S00900,Rest of the world adjustment,DetailedSpecialCommodity,,0,blank
detail_make_components_2017,2017,detail,producer_make,IOMake_After_Redefinitions_PRO_Detail.xlsx,2017,OK334,328,541100,Legal services,Industry,,1,S00401,Scrap,DetailedSpecialCommodity,,0,blank
detail_make_components_2017,2017,detail,producer_make,IOMake_After_Redefinitions_PRO_Detail.xlsx,2017,OL334,328,541100,Legal services,Industry,,2,S00402,Used and secondhand goods,DetailedSpecialCommodity,,0,blank
detail_make_components_2017,2017,detail,producer_make,IOMake_After_Redefinitions_PRO_Detail.xlsx,2017,OM334,328,541100,Legal services,Industry,,3,S00300,Noncomparable imports,DetailedSpecialCommodity,,0,blank
detail_make_components_2017,2017,detail,producer_make,IOMake_After_Redefinitions_PRO_Detail.xlsx,2017,ON334,328,541100,Legal services,Industry,,4,S00900,Rest of the world adjustment,DetailedSpecialCommodity,,0,blank
detail_make_components_2017,2017,detail,producer_make,IOMake_After_Redefinitions_PRO_Detail.xlsx,2017,OK335,329,541511,Custom computer programming services,Industry,,1,S00401,Scrap,DetailedSpecialCommodity,,0,blank
detail_make_components_2017,2017,detail,producer_make,IOMake_After_Redefinitions_PRO_Detail.xlsx,2017,OL335,329,541511,Custom computer programming services,Industry,,2,S00402,Used and secondhand goods,DetailedSpecialCommodity,,0,blank
detail_make_components_2017,2017,detail,producer_make,IOMake_After_Redefinitions_PRO_Detail.xlsx,2017,OM335,329,541511,Custom computer programming services,Industry,,3,S00300,Noncomparable imports,DetailedSpecialCommodity,,0,blank
detail_make_components_2017,2017,detail,producer_make,IOMake_After_Redefinitions_PRO_Detail.xlsx,2017,ON335,329,541511,Custom computer programming services,Industry,,4,S00900,Rest of the world adjustment,DetailedSpecialCommodity,,0,blank
detail_make_components_2017,2017,detail,producer_make,IOMake_After_Redefinitions_PRO_Detail.xlsx,2017,OK336,330,541512,Computer systems design services,Industry,,1,S00401,Scrap,DetailedSpecialCommodity,,0,blank
detail_make_components_2017,2017,detail,producer_make,IOMake_After_Redefinitions_PRO_Detail.xlsx,2017,OL336,330,541512,Computer systems design services,Industry,,2,S00402,Used and secondhand goods,DetailedSpecialCommodity,,0,blank
detail_make_components_2017,2017,detail,producer_make,IOMake_After_Redefinitions_PRO_Detail.xlsx,2017,OM336,330,541512,Computer systems design services,Industry,,3,S00300,Noncomparable imports,DetailedSpecialCommodity,,0,blank
detail_make_components_2017,2017,detail,producer_make,IOMake_After_Redefinitions_PRO_Detail.xlsx,2017,ON336,330,541512,Computer systems design services,Industry,,4,S00900,Rest of the world adjustment,DetailedSpecialCommodity,,0,blank
detail_make_components_2017,2017,detail,producer_make,IOMake_After_Redefinitions_PRO_Detail.xlsx,2017,OK337,331,54151A,"Other computer related services, including facilities management",Industry,,1,S00401,Scrap,DetailedSpecialCommodity,,0,blank
detail_make_components_2017,2017,detail,producer_make,IOMake_After_Redefinitions_PRO_Detail.xlsx,2017,OL337,331,54151A,"Other computer related services, including facilities management",Industry,,2,S00402,Used and secondhand goods,DetailedSpecialCommodity,,0,blank
detail_make_components_2017,2017,detail,producer_make,IOMake_After_Redefinitions_PRO_Detail.xlsx,2017,OM337,331,54151A,"Other computer related services, including facilities management",Industry,,3,S00300,Noncomparable imports,DetailedSpecialCommodity,,0,blank
detail_make_components_2017,2017,detail,producer_make,IOMake_After_Redefinitions_PRO_Detail.xlsx,2017,ON337,331,54151A,"Other computer related services, including facilities management",Industry,,4,S00900,Rest of the world adjustment,DetailedSpecialCommodity,,0,blank
detail_make_components_2017,2017,detail,producer_make,IOMake_After_Redefinitions_PRO_Detail.xlsx,2017,OK338,332,541200,"Accounting, tax preparation, bookkeeping, and payroll services",Industry,,1,S00401,Scrap,DetailedSpecialCommodity,,0,blank
detail_make_components_2017,2017,detail,producer_make,IOMake_After_Redefinitions_PRO_Detail.xlsx,2017,OL338,332,541200,"Accounting, tax preparation, bookkeeping, and payroll services",Industry,,2,S00402,Used and secondhand goods,DetailedSpecialCommodity,,0,blank
detail_make_components_2017,2017,detail,producer_make,IOMake_After_Redefinitions_PRO_Detail.xlsx,2017,OM338,332,541200,"Accounting, tax preparation, bookkeeping, and payroll services",Industry,,3,S00300,Noncomparable imports,DetailedSpecialCommodity,,0,blank
detail_make_components_2017,2017,detail,producer_make,IOMake_After_Redefinitions_PRO_Detail.xlsx,2017,ON338,332,541200,"Accounting, tax preparation, bookkeeping, and payroll services",Industry,,4,S00900,Rest of the world adjustment,DetailedSpecialCommodity,,0,blank
detail_make_components_2017,2017,detail,producer_make,IOMake_After_Redefinitions_PRO_Detail.xlsx,2017,OK339,333,541300,"Architectural, engineering, and related services",Industry,,1,S00401,Scrap,DetailedSpecialCommodity,,0,blank
detail_make_components_2017,2017,detail,producer_make,IOMake_After_Redefinitions_PRO_Detail.xlsx,2017,OL339,333,541300,"Architectural, engineering, and related services",Industry,,2,S00402,Used and secondhand goods,DetailedSpecialCommodity,,0,blank
detail_make_components_2017,2017,detail,producer_make,IOMake_After_Redefinitions_PRO_Detail.xlsx,2017,OM339,333,541300,"Architectural, engineering, and related services",Industry,,3,S00300,Noncomparable imports,DetailedSpecialCommodity,,0,blank
detail_make_components_2017,2017,detail,producer_make,IOMake_After_Redefinitions_PRO_Detail.xlsx,2017,ON339,333,541300,"Architectural, engineering, and related services",Industry,,4,S00900,Rest of the world adjustment,DetailedSpecialCommodity,,0,blank
detail_make_components_2017,2017,detail,producer_make,IOMake_After_Redefinitions_PRO_Detail.xlsx,2017,OK340,334,541610,Management consulting services,Industry,,1,S00401,Scrap,DetailedSpecialCommodity,,0,blank
detail_make_components_2017,2017,detail,producer_make,IOMake_After_Redefinitions_PRO_Detail.xlsx,2017,OL340,334,541610,Management consulting services,Industry,,2,S00402,Used and secondhand goods,DetailedSpecialCommodity,,0,blank
detail_make_components_2017,2017,detail,producer_make,IOMake_After_Redefinitions_PRO_Detail.xlsx,2017,OM340,334,541610,Management consulting services,Industry,,3,S00300,Noncomparable imports,DetailedSpecialCommodity,,0,blank
detail_make_components_2017,2017,detail,producer_make,IOMake_After_Redefinitions_PRO_Detail.xlsx,2017,ON340,334,541610,Management consulting services,Industry,,4,S00900,Rest of the world adjustment,DetailedSpecialCommodity,,0,blank
detail_make_components_2017,2017,detail,producer_make,IOMake_After_Redefinitions_PRO_Detail.xlsx,2017,OK341,335,5416A0,Environmental and other technical consulting services,Industry,,1,S00401,Scrap,DetailedSpecialCommodity,,0,blank
detail_make_components_2017,2017,detail,producer_make,IOMake_After_Redefinitions_PRO_Detail.xlsx,2017,OL341,335,5416A0,Environmental and other technical consulting services,Industry,,2,S00402,Used and secondhand goods,DetailedSpecialCommodity,,0,blank
detail_make_components_2017,2017,detail,producer_make,IOMake_After_Redefinitions_PRO_Detail.xlsx,2017,OM341,335,5416A0,Environmental and other technical consulting services,Industry,,3,S00300,Noncomparable imports,DetailedSpecialCommodity,,0,blank
detail_make_components_2017,2017,detail,producer_make,IOMake_After_Redefinitions_PRO_Detail.xlsx,2017,ON341,335,5416A0,Environmental and other technical consulting services,Industry,,4,S00900,Rest of the world adjustment,DetailedSpecialCommodity,,0,blank
detail_make_components_2017,2017,detail,producer_make,IOMake_After_Redefinitions_PRO_Detail.xlsx,2017,OK342,336,541700,Scientific research and development services,Industry,,1,S00401,Scrap,DetailedSpecialCommodity,,0,blank
detail_make_components_2017,2017,detail,producer_make,IOMake_After_Redefinitions_PRO_Detail.xlsx,2017,OL342,336,541700,Scientific research and development services,Industry,,2,S00402,Used and secondhand goods,DetailedSpecialCommodity,,0,blank
detail_make_components_2017,2017,detail,producer_make,IOMake_After_Redefinitions_PRO_Detail.xlsx,2017,OM342,336,541700,Scientific research and development services,Industry,,3,S00300,Noncomparable imports,DetailedSpecialCommodity,,0,blank
detail_make_components_2017,2017,detail,producer_make,IOMake_After_Redefinitions_PRO_Detail.xlsx,2017,ON342,336,541700,Scientific research and development services,Industry,,4,S00900,Rest of the world adjustment,DetailedSpecialCommodity,,0,blank
detail_make_components_2017,2017,detail,producer_make,IOMake_After_Redefinitions_PRO_Detail.xlsx,2017,OK343,337,541800,"Advertising, public relations, and related services",Industry,,1,S00401,Scrap,DetailedSpecialCommodity,,0,blank
detail_make_components_2017,2017,detail,producer_make,IOMake_After_Redefinitions_PRO_Detail.xlsx,2017,OL343,337,541800,"Advertising, public relations, and related services",Industry,,2,S00402,Used and secondhand goods,DetailedSpecialCommodity,,0,blank
detail_make_components_2017,2017,detail,producer_make,IOMake_After_Redefinitions_PRO_Detail.xlsx,2017,OM343,337,541800,"Advertising, public relations, and related services",Industry,,3,S00300,Noncomparable imports,DetailedSpecialCommodity,,0,blank
detail_make_components_2017,2017,detail,producer_make,IOMake_After_Redefinitions_PRO_Detail.xlsx,2017,ON343,337,541800,"Advertising, public relations, and related services",Industry,,4,S00900,Rest of the world adjustment,DetailedSpecialCommodity,,0,blank
detail_make_components_2017,2017,detail,producer_make,IOMake_After_Redefinitions_PRO_Detail.xlsx,2017,OK344,338,541400,Specialized design services,Industry,,1,S00401,Scrap,DetailedSpecialCommodity,,0,blank
detail_make_components_2017,2017,detail,producer_make,IOMake_After_Redefinitions_PRO_Detail.xlsx,2017,OL344,338,541400,Specialized design services,Industry,,2,S00402,Used and secondhand goods,DetailedSpecialCommodity,,0,blank
detail_make_components_2017,2017,detail,producer_make,IOMake_After_Redefinitions_PRO_Detail.xlsx,2017,OM344,338,541400,Specialized design services,Industry,,3,S00300,Noncomparable imports,DetailedSpecialCommodity,,0,blank
detail_make_components_2017,2017,detail,producer_make,IOMake_After_Redefinitions_PRO_Detail.xlsx,2017,ON344,338,541400,Specialized design services,Industry,,4,S00900,Rest of the world adjustment,DetailedSpecialCommodity,,0,blank
detail_make_components_2017,2017,detail,producer_make,IOMake_After_Redefinitions_PRO_Detail.xlsx,2017,OK345,339,541920,Photographic services,Industry,,1,S00401,Scrap,DetailedSpecialCommodity,,0,blank
detail_make_components_2017,2017,detail,producer_make,IOMake_After_Redefinitions_PRO_Detail.xlsx,2017,OL345,339,541920,Photographic services,Industry,,2,S00402,Used and secondhand goods,DetailedSpecialCommodity,,0,blank
detail_make_components_2017,2017,detail,producer_make,IOMake_After_Redefinitions_PRO_Detail.xlsx,2017,OM345,339,541920,Photographic services,Industry,,3,S00300,Noncomparable imports,DetailedSpecialCommodity,,0,blank
detail_make_components_2017,2017,detail,producer_make,IOMake_After_Redefinitions_PRO_Detail.xlsx,2017,ON345,339,541920,Photographic services,Industry,,4,S00900,Rest of the world adjustment,DetailedSpecialCommodity,,0,blank
detail_make_components_2017,2017,detail,producer_make,IOMake_After_Redefinitions_PRO_Detail.xlsx,2017,OK346,340,541940,Veterinary services,Industry,,1,S00401,Scrap,DetailedSpecialCommodity,,0,blank
detail_make_components_2017,2017,detail,producer_make,IOMake_After_Redefinitions_PRO_Detail.xlsx,2017,OL346,340,541940,Veterinary services,Industry,,2,S00402,Used and secondhand goods,DetailedSpecialCommodity,,0,blank
detail_make_components_2017,2017,detail,producer_make,IOMake_After_Redefinitions_PRO_Detail.xlsx,2017,OM346,340,541940,Veterinary services,Industry,,3,S00300,Noncomparable imports,DetailedSpecialCommodity,,0,blank
detail_make_components_2017,2017,detail,producer_make,IOMake_After_Redefinitions_PRO_Detail.xlsx,2017,ON346,340,541940,Veterinary services,Industry,,4,S00900,Rest of the world adjustment,DetailedSpecialCommodity,,0,blank
detail_make_components_2017,2017,detail,producer_make,IOMake_After_Redefinitions_PRO_Detail.xlsx,2017,OK347,341,5419A0,"All other miscellaneous professional, scientific, and technical services",Industry,,1,S00401,Scrap,DetailedSpecialCommodity,,0,blank
detail_make_components_2017,2017,detail,producer_make,IOMake_After_Redefinitions_PRO_Detail.xlsx,2017,OL347,341,5419A0,"All other miscellaneous professional, scientific, and technical services",Industry,,2,S00402,Used and secondhand goods,DetailedSpecialCommodity,,0,blank
detail_make_components_2017,2017,detail,producer_make,IOMake_After_Redefinitions_PRO_Detail.xlsx,2017,OM347,341,5419A0,"All other miscellaneous professional, scientific, and technical services",Industry,,3,S00300,Noncomparable imports,DetailedSpecialCommodity,,0,blank
detail_make_components_2017,2017,detail,producer_make,IOMake_After_Redefinitions_PRO_Detail.xlsx,2017,ON347,341,5419A0,"All other miscellaneous professional, scientific, and technical services",Industry,,4,S00900,Rest of the world adjustment,DetailedSpecialCommodity,,0,blank
detail_make_components_2017,2017,detail,producer_make,IOMake_After_Redefinitions_PRO_Detail.xlsx,2017,OK348,342,550000,Management of companies and enterprises,Industry,,1,S00401,Scrap,DetailedSpecialCommodity,,0,blank
detail_make_components_2017,2017,detail,producer_make,IOMake_After_Redefinitions_PRO_Detail.xlsx,2017,OL348,342,550000,Management of companies and enterprises,Industry,,2,S00402,Used and secondhand goods,DetailedSpecialCommodity,,0,blank
detail_make_components_2017,2017,detail,producer_make,IOMake_After_Redefinitions_PRO_Detail.xlsx,2017,OM348,342,550000,Management of companies and enterprises,Industry,,3,S00300,Noncomparable imports,DetailedSpecialCommodity,,0,blank
detail_make_components_2017,2017,detail,producer_make,IOMake_After_Redefinitions_PRO_Detail.xlsx,2017,ON348,342,550000,Management of companies and enterprises,Industry,,4,S00900,Rest of the world adjustment,DetailedSpecialCommodity,,0,blank
detail_make_components_2017,2017,detail,producer_make,IOMake_After_Redefinitions_PRO_Detail.xlsx,2017,OK349,343,561300,Employment services,Industry,,1,S00401,Scrap,DetailedSpecialCommodity,,0,blank
detail_make_components_2017,2017,detail,producer_make,IOMake_After_Redefinitions_PRO_Detail.xlsx,2017,OL349,343,561300,Employment services,Industry,,2,S00402,Used and secondhand goods,DetailedSpecialCommodity,,0,blank
detail_make_components_2017,2017,detail,producer_make,IOMake_After_Redefinitions_PRO_Detail.xlsx,2017,OM349,343,561300,Employment services,Industry,,3,S00300,Noncomparable imports,DetailedSpecialCommodity,,0,blank
detail_make_components_2017,2017,detail,producer_make,IOMake_After_Redefinitions_PRO_Detail.xlsx,2017,ON349,343,561300,Employment services,Industry,,4,S00900,Rest of the world adjustment,DetailedSpecialCommodity,,0,blank
detail_make_components_2017,2017,detail,producer_make,IOMake_After_Redefinitions_PRO_Detail.xlsx,2017,OK350,344,561700,Services to buildings and dwellings,Industry,,1,S00401,Scrap,DetailedSpecialCommodity,,0,blank
detail_make_components_2017,2017,detail,producer_make,IOMake_After_Redefinitions_PRO_Detail.xlsx,2017,OL350,344,561700,Services to buildings and dwellings,Industry,,2,S00402,Used and secondhand goods,DetailedSpecialCommodity,,0,blank
detail_make_components_2017,2017,detail,producer_make,IOMake_After_Redefinitions_PRO_Detail.xlsx,2017,OM350,344,561700,Services to buildings and dwellings,Industry,,3,S00300,Noncomparable imports,DetailedSpecialCommodity,,0,blank
detail_make_components_2017,2017,detail,producer_make,IOMake_After_Redefinitions_PRO_Detail.xlsx,2017,ON350,344,561700,Services to buildings and dwellings,Industry,,4,S00900,Rest of the world adjustment,DetailedSpecialCommodity,,0,blank
detail_make_components_2017,2017,detail,producer_make,IOMake_After_Redefinitions_PRO_Detail.xlsx,2017,OK351,345,561100,Office administrative services,Industry,,1,S00401,Scrap,DetailedSpecialCommodity,,0,blank
detail_make_components_2017,2017,detail,producer_make,IOMake_After_Redefinitions_PRO_Detail.xlsx,2017,OL351,345,561100,Office administrative services,Industry,,2,S00402,Used and secondhand goods,DetailedSpecialCommodity,,0,blank
detail_make_components_2017,2017,detail,producer_make,IOMake_After_Redefinitions_PRO_Detail.xlsx,2017,OM351,345,561100,Office administrative services,Industry,,3,S00300,Noncomparable imports,DetailedSpecialCommodity,,0,blank
detail_make_components_2017,2017,detail,producer_make,IOMake_After_Redefinitions_PRO_Detail.xlsx,2017,ON351,345,561100,Office administrative services,Industry,,4,S00900,Rest of the world adjustment,DetailedSpecialCommodity,,0,blank
detail_make_components_2017,2017,detail,producer_make,IOMake_After_Redefinitions_PRO_Detail.xlsx,2017,OK352,346,561200,Facilities support services,Industry,,1,S00401,Scrap,DetailedSpecialCommodity,,0,blank
detail_make_components_2017,2017,detail,producer_make,IOMake_After_Redefinitions_PRO_Detail.xlsx,2017,OL352,346,561200,Facilities support services,Industry,,2,S00402,Used and secondhand goods,DetailedSpecialCommodity,,0,blank
detail_make_components_2017,2017,detail,producer_make,IOMake_After_Redefinitions_PRO_Detail.xlsx,2017,OM352,346,561200,Facilities support services,Industry,,3,S00300,Noncomparable imports,DetailedSpecialCommodity,,0,blank
detail_make_components_2017,2017,detail,producer_make,IOMake_After_Redefinitions_PRO_Detail.xlsx,2017,ON352,346,561200,Facilities support services,Industry,,4,S00900,Rest of the world adjustment,DetailedSpecialCommodity,,0,blank
detail_make_components_2017,2017,detail,producer_make,IOMake_After_Redefinitions_PRO_Detail.xlsx,2017,OK353,347,561400,Business support services,Industry,,1,S00401,Scrap,DetailedSpecialCommodity,,0,blank
detail_make_components_2017,2017,detail,producer_make,IOMake_After_Redefinitions_PRO_Detail.xlsx,2017,OL353,347,561400,Business support services,Industry,,2,S00402,Used and secondhand goods,DetailedSpecialCommodity,,0,blank
detail_make_components_2017,2017,detail,producer_make,IOMake_After_Redefinitions_PRO_Detail.xlsx,2017,OM353,347,561400,Business support services,Industry,,3,S00300,Noncomparable imports,DetailedSpecialCommodity,,0,blank
detail_make_components_2017,2017,detail,producer_make,IOMake_After_Redefinitions_PRO_Detail.xlsx,2017,ON353,347,561400,Business support services,Industry,,4,S00900,Rest of the world adjustment,DetailedSpecialCommodity,,0,blank
detail_make_components_2017,2017,detail,producer_make,IOMake_After_Redefinitions_PRO_Detail.xlsx,2017,OK354,348,561500,Travel arrangement and reservation services,Industry,,1,S00401,Scrap,DetailedSpecialCommodity,,0,blank
detail_make_components_2017,2017,detail,producer_make,IOMake_After_Redefinitions_PRO_Detail.xlsx,2017,OL354,348,561500,Travel arrangement and reservation services,Industry,,2,S00402,Used and secondhand goods,DetailedSpecialCommodity,,0,blank
detail_make_components_2017,2017,detail,producer_make,IOMake_After_Redefinitions_PRO_Detail.xlsx,2017,OM354,348,561500,Travel arrangement and reservation services,Industry,,3,S00300,Noncomparable imports,DetailedSpecialCommodity,,0,blank
detail_make_components_2017,2017,detail,producer_make,IOMake_After_Redefinitions_PRO_Detail.xlsx,2017,ON354,348,561500,Travel arrangement and reservation services,Industry,,4,S00900,Rest of the world adjustment,DetailedSpecialCommodity,,0,blank
detail_make_components_2017,2017,detail,producer_make,IOMake_After_Redefinitions_PRO_Detail.xlsx,2017,OK355,349,561600,Investigation and security services,Industry,,1,S00401,Scrap,DetailedSpecialCommodity,,0,blank
detail_make_components_2017,2017,detail,producer_make,IOMake_After_Redefinitions_PRO_Detail.xlsx,2017,OL355,349,561600,Investigation and security services,Industry,,2,S00402,Used and secondhand goods,DetailedSpecialCommodity,,0,blank
detail_make_components_2017,2017,detail,producer_make,IOMake_After_Redefinitions_PRO_Detail.xlsx,2017,OM355,349,561600,Investigation and security services,Industry,,3,S00300,Noncomparable imports,DetailedSpecialCommodity,,0,blank
detail_make_components_2017,2017,detail,producer_make,IOMake_After_Redefinitions_PRO_Detail.xlsx,2017,ON355,349,561600,Investigation and security services,Industry,,4,S00900,Rest of the world adjustment,DetailedSpecialCommodity,,0,blank
detail_make_components_2017,2017,detail,producer_make,IOMake_After_Redefinitions_PRO_Detail.xlsx,2017,OK356,350,561900,Other support services,Industry,,1,S00401,Scrap,DetailedSpecialCommodity,,0,blank
detail_make_components_2017,2017,detail,producer_make,IOMake_After_Redefinitions_PRO_Detail.xlsx,2017,OL356,350,561900,Other support services,Industry,,2,S00402,Used and secondhand goods,DetailedSpecialCommodity,,0,blank
detail_make_components_2017,2017,detail,producer_make,IOMake_After_Redefinitions_PRO_Detail.xlsx,2017,OM356,350,561900,Other support services,Industry,,3,S00300,Noncomparable imports,DetailedSpecialCommodity,,0,blank
detail_make_components_2017,2017,detail,producer_make,IOMake_After_Redefinitions_PRO_Detail.xlsx,2017,ON356,350,561900,Other support services,Industry,,4,S00900,Rest of the world adjustment,DetailedSpecialCommodity,,0,blank
detail_make_components_2017,2017,detail,producer_make,IOMake_After_Redefinitions_PRO_Detail.xlsx,2017,OK357,351,562000,Waste management and remediation services,Industry,,1,S00401,Scrap,DetailedSpecialCommodity,,829,numeric
detail_make_components_2017,2017,detail,producer_make,IOMake_After_Redefinitions_PRO_Detail.xlsx,2017,OL357,351,562000,Waste management and remediation services,Industry,,2,S00402,Used and secondhand goods,DetailedSpecialCommodity,,0,blank
detail_make_components_2017,2017,detail,producer_make,IOMake_After_Redefinitions_PRO_Detail.xlsx,2017,OM357,351,562000,Waste management and remediation services,Industry,,3,S00300,Noncomparable imports,DetailedSpecialCommodity,,0,blank
detail_make_components_2017,2017,detail,producer_make,IOMake_After_Redefinitions_PRO_Detail.xlsx,2017,ON357,351,562000,Waste management and remediation services,Industry,,4,S00900,Rest of the world adjustment,DetailedSpecialCommodity,,0,blank
detail_make_components_2017,2017,detail,producer_make,IOMake_After_Redefinitions_PRO_Detail.xlsx,2017,OK358,352,611100,Elementary and secondary schools,Industry,,1,S00401,Scrap,DetailedSpecialCommodity,,0,blank
detail_make_components_2017,2017,detail,producer_make,IOMake_After_Redefinitions_PRO_Detail.xlsx,2017,OL358,352,611100,Elementary and secondary schools,Industry,,2,S00402,Used and secondhand goods,DetailedSpecialCommodity,,0,blank
detail_make_components_2017,2017,detail,producer_make,IOMake_After_Redefinitions_PRO_Detail.xlsx,2017,OM358,352,611100,Elementary and secondary schools,Industry,,3,S00300,Noncomparable imports,DetailedSpecialCommodity,,0,blank
detail_make_components_2017,2017,detail,producer_make,IOMake_After_Redefinitions_PRO_Detail.xlsx,2017,ON358,352,611100,Elementary and secondary schools,Industry,,4,S00900,Rest of the world adjustment,DetailedSpecialCommodity,,0,blank
detail_make_components_2017,2017,detail,producer_make,IOMake_After_Redefinitions_PRO_Detail.xlsx,2017,OK359,353,611A00,"Junior colleges, colleges, universities, and professional schools",Industry,,1,S00401,Scrap,DetailedSpecialCommodity,,0,blank
detail_make_components_2017,2017,detail,producer_make,IOMake_After_Redefinitions_PRO_Detail.xlsx,2017,OL359,353,611A00,"Junior colleges, colleges, universities, and professional schools",Industry,,2,S00402,Used and secondhand goods,DetailedSpecialCommodity,,0,blank
detail_make_components_2017,2017,detail,producer_make,IOMake_After_Redefinitions_PRO_Detail.xlsx,2017,OM359,353,611A00,"Junior colleges, colleges, universities, and professional schools",Industry,,3,S00300,Noncomparable imports,DetailedSpecialCommodity,,0,blank
detail_make_components_2017,2017,detail,producer_make,IOMake_After_Redefinitions_PRO_Detail.xlsx,2017,ON359,353,611A00,"Junior colleges, colleges, universities, and professional schools",Industry,,4,S00900,Rest of the world adjustment,DetailedSpecialCommodity,,0,blank
detail_make_components_2017,2017,detail,producer_make,IOMake_After_Redefinitions_PRO_Detail.xlsx,2017,OK360,354,611B00,Other educational services,Industry,,1,S00401,Scrap,DetailedSpecialCommodity,,0,blank
detail_make_components_2017,2017,detail,producer_make,IOMake_After_Redefinitions_PRO_Detail.xlsx,2017,OL360,354,611B00,Other educational services,Industry,,2,S00402,Used and secondhand goods,DetailedSpecialCommodity,,0,blank
detail_make_components_2017,2017,detail,producer_make,IOMake_After_Redefinitions_PRO_Detail.xlsx,2017,OM360,354,611B00,Other educational services,Industry,,3,S00300,Noncomparable imports,DetailedSpecialCommodity,,0,blank
detail_make_components_2017,2017,detail,producer_make,IOMake_After_Redefinitions_PRO_Detail.xlsx,2017,ON360,354,611B00,Other educational services,Industry,,4,S00900,Rest of the world adjustment,DetailedSpecialCommodity,,0,blank
detail_make_components_2017,2017,detail,producer_make,IOMake_After_Redefinitions_PRO_Detail.xlsx,2017,OK361,355,621100,Offices of physicians,Industry,,1,S00401,Scrap,DetailedSpecialCommodity,,0,blank
detail_make_components_2017,2017,detail,producer_make,IOMake_After_Redefinitions_PRO_Detail.xlsx,2017,OL361,355,621100,Offices of physicians,Industry,,2,S00402,Used and secondhand goods,DetailedSpecialCommodity,,0,blank
detail_make_components_2017,2017,detail,producer_make,IOMake_After_Redefinitions_PRO_Detail.xlsx,2017,OM361,355,621100,Offices of physicians,Industry,,3,S00300,Noncomparable imports,DetailedSpecialCommodity,,0,blank
detail_make_components_2017,2017,detail,producer_make,IOMake_After_Redefinitions_PRO_Detail.xlsx,2017,ON361,355,621100,Offices of physicians,Industry,,4,S00900,Rest of the world adjustment,DetailedSpecialCommodity,,0,blank
detail_make_components_2017,2017,detail,producer_make,IOMake_After_Redefinitions_PRO_Detail.xlsx,2017,OK362,356,621200,Offices of dentists,Industry,,1,S00401,Scrap,DetailedSpecialCommodity,,0,blank
detail_make_components_2017,2017,detail,producer_make,IOMake_After_Redefinitions_PRO_Detail.xlsx,2017,OL362,356,621200,Offices of dentists,Industry,,2,S00402,Used and secondhand goods,DetailedSpecialCommodity,,0,blank
detail_make_components_2017,2017,detail,producer_make,IOMake_After_Redefinitions_PRO_Detail.xlsx,2017,OM362,356,621200,Offices of dentists,Industry,,3,S00300,Noncomparable imports,DetailedSpecialCommodity,,0,blank
detail_make_components_2017,2017,detail,producer_make,IOMake_After_Redefinitions_PRO_Detail.xlsx,2017,ON362,356,621200,Offices of dentists,Industry,,4,S00900,Rest of the world adjustment,DetailedSpecialCommodity,,0,blank
detail_make_components_2017,2017,detail,producer_make,IOMake_After_Redefinitions_PRO_Detail.xlsx,2017,OK363,357,621300,Offices of other health practitioners,Industry,,1,S00401,Scrap,DetailedSpecialCommodity,,0,blank
detail_make_components_2017,2017,detail,producer_make,IOMake_After_Redefinitions_PRO_Detail.xlsx,2017,OL363,357,621300,Offices of other health practitioners,Industry,,2,S00402,Used and secondhand goods,DetailedSpecialCommodity,,0,blank
detail_make_components_2017,2017,detail,producer_make,IOMake_After_Redefinitions_PRO_Detail.xlsx,2017,OM363,357,621300,Offices of other health practitioners,Industry,,3,S00300,Noncomparable imports,DetailedSpecialCommodity,,0,blank
detail_make_components_2017,2017,detail,producer_make,IOMake_After_Redefinitions_PRO_Detail.xlsx,2017,ON363,357,621300,Offices of other health practitioners,Industry,,4,S00900,Rest of the world adjustment,DetailedSpecialCommodity,,0,blank
detail_make_components_2017,2017,detail,producer_make,IOMake_After_Redefinitions_PRO_Detail.xlsx,2017,OK364,358,621400,Outpatient care centers,Industry,,1,S00401,Scrap,DetailedSpecialCommodity,,0,blank
detail_make_components_2017,2017,detail,producer_make,IOMake_After_Redefinitions_PRO_Detail.xlsx,2017,OL364,358,621400,Outpatient care centers,Industry,,2,S00402,Used and secondhand goods,DetailedSpecialCommodity,,0,blank
detail_make_components_2017,2017,detail,producer_make,IOMake_After_Redefinitions_PRO_Detail.xlsx,2017,OM364,358,621400,Outpatient care centers,Industry,,3,S00300,Noncomparable imports,DetailedSpecialCommodity,,0,blank
detail_make_components_2017,2017,detail,producer_make,IOMake_After_Redefinitions_PRO_Detail.xlsx,2017,ON364,358,621400,Outpatient care centers,Industry,,4,S00900,Rest of the world adjustment,DetailedSpecialCommodity,,0,blank
detail_make_components_2017,2017,detail,producer_make,IOMake_After_Redefinitions_PRO_Detail.xlsx,2017,OK365,359,621500,Medical and diagnostic laboratories,Industry,,1,S00401,Scrap,DetailedSpecialCommodity,,0,blank
detail_make_components_2017,2017,detail,producer_make,IOMake_After_Redefinitions_PRO_Detail.xlsx,2017,OL365,359,621500,Medical and diagnostic laboratories,Industry,,2,S00402,Used and secondhand goods,DetailedSpecialCommodity,,0,blank
detail_make_components_2017,2017,detail,producer_make,IOMake_After_Redefinitions_PRO_Detail.xlsx,2017,OM365,359,621500,Medical and diagnostic laboratories,Industry,,3,S00300,Noncomparable imports,DetailedSpecialCommodity,,0,blank
detail_make_components_2017,2017,detail,producer_make,IOMake_After_Redefinitions_PRO_Detail.xlsx,2017,ON365,359,621500,Medical and diagnostic laboratories,Industry,,4,S00900,Rest of the world adjustment,DetailedSpecialCommodity,,0,blank
detail_make_components_2017,2017,detail,producer_make,IOMake_After_Redefinitions_PRO_Detail.xlsx,2017,OK366,360,621600,Home health care services,Industry,,1,S00401,Scrap,DetailedSpecialCommodity,,0,blank
detail_make_components_2017,2017,detail,producer_make,IOMake_After_Redefinitions_PRO_Detail.xlsx,2017,OL366,360,621600,Home health care services,Industry,,2,S00402,Used and secondhand goods,DetailedSpecialCommodity,,0,blank
detail_make_components_2017,2017,detail,producer_make,IOMake_After_Redefinitions_PRO_Detail.xlsx,2017,OM366,360,621600,Home health care services,Industry,,3,S00300,Noncomparable imports,DetailedSpecialCommodity,,0,blank
detail_make_components_2017,2017,detail,producer_make,IOMake_After_Redefinitions_PRO_Detail.xlsx,2017,ON366,360,621600,Home health care services,Industry,,4,S00900,Rest of the world adjustment,DetailedSpecialCommodity,,0,blank
detail_make_components_2017,2017,detail,producer_make,IOMake_After_Redefinitions_PRO_Detail.xlsx,2017,OK367,361,621900,Other ambulatory health care services,Industry,,1,S00401,Scrap,DetailedSpecialCommodity,,0,blank
detail_make_components_2017,2017,detail,producer_make,IOMake_After_Redefinitions_PRO_Detail.xlsx,2017,OL367,361,621900,Other ambulatory health care services,Industry,,2,S00402,Used and secondhand goods,DetailedSpecialCommodity,,0,blank
detail_make_components_2017,2017,detail,producer_make,IOMake_After_Redefinitions_PRO_Detail.xlsx,2017,OM367,361,621900,Other ambulatory health care services,Industry,,3,S00300,Noncomparable imports,DetailedSpecialCommodity,,0,blank
detail_make_components_2017,2017,detail,producer_make,IOMake_After_Redefinitions_PRO_Detail.xlsx,2017,ON367,361,621900,Other ambulatory health care services,Industry,,4,S00900,Rest of the world adjustment,DetailedSpecialCommodity,,0,blank
detail_make_components_2017,2017,detail,producer_make,IOMake_After_Redefinitions_PRO_Detail.xlsx,2017,OK368,362,622000,Hospitals,Industry,,1,S00401,Scrap,DetailedSpecialCommodity,,0,blank
detail_make_components_2017,2017,detail,producer_make,IOMake_After_Redefinitions_PRO_Detail.xlsx,2017,OL368,362,622000,Hospitals,Industry,,2,S00402,Used and secondhand goods,DetailedSpecialCommodity,,0,blank
detail_make_components_2017,2017,detail,producer_make,IOMake_After_Redefinitions_PRO_Detail.xlsx,2017,OM368,362,622000,Hospitals,Industry,,3,S00300,Noncomparable imports,DetailedSpecialCommodity,,0,blank
detail_make_components_2017,2017,detail,producer_make,IOMake_After_Redefinitions_PRO_Detail.xlsx,2017,ON368,362,622000,Hospitals,Industry,,4,S00900,Rest of the world adjustment,DetailedSpecialCommodity,,0,blank
detail_make_components_2017,2017,detail,producer_make,IOMake_After_Redefinitions_PRO_Detail.xlsx,2017,OK369,363,623A00,Nursing and community care facilities,Industry,,1,S00401,Scrap,DetailedSpecialCommodity,,0,blank
detail_make_components_2017,2017,detail,producer_make,IOMake_After_Redefinitions_PRO_Detail.xlsx,2017,OL369,363,623A00,Nursing and community care facilities,Industry,,2,S00402,Used and secondhand goods,DetailedSpecialCommodity,,0,blank
detail_make_components_2017,2017,detail,producer_make,IOMake_After_Redefinitions_PRO_Detail.xlsx,2017,OM369,363,623A00,Nursing and community care facilities,Industry,,3,S00300,Noncomparable imports,DetailedSpecialCommodity,,0,blank
detail_make_components_2017,2017,detail,producer_make,IOMake_After_Redefinitions_PRO_Detail.xlsx,2017,ON369,363,623A00,Nursing and community care facilities,Industry,,4,S00900,Rest of the world adjustment,DetailedSpecialCommodity,,0,blank
detail_make_components_2017,2017,detail,producer_make,IOMake_After_Redefinitions_PRO_Detail.xlsx,2017,OK370,364,623B00,"Residential mental health, substance abuse, and other residential care facilities",Industry,,1,S00401,Scrap,DetailedSpecialCommodity,,0,blank
detail_make_components_2017,2017,detail,producer_make,IOMake_After_Redefinitions_PRO_Detail.xlsx,2017,OL370,364,623B00,"Residential mental health, substance abuse, and other residential care facilities",Industry,,2,S00402,Used and secondhand goods,DetailedSpecialCommodity,,0,blank
detail_make_components_2017,2017,detail,producer_make,IOMake_After_Redefinitions_PRO_Detail.xlsx,2017,OM370,364,623B00,"Residential mental health, substance abuse, and other residential care facilities",Industry,,3,S00300,Noncomparable imports,DetailedSpecialCommodity,,0,blank
detail_make_components_2017,2017,detail,producer_make,IOMake_After_Redefinitions_PRO_Detail.xlsx,2017,ON370,364,623B00,"Residential mental health, substance abuse, and other residential care facilities",Industry,,4,S00900,Rest of the world adjustment,DetailedSpecialCommodity,,0,blank
detail_make_components_2017,2017,detail,producer_make,IOMake_After_Redefinitions_PRO_Detail.xlsx,2017,OK371,365,624100,Individual and family services,Industry,,1,S00401,Scrap,DetailedSpecialCommodity,,0,blank
detail_make_components_2017,2017,detail,producer_make,IOMake_After_Redefinitions_PRO_Detail.xlsx,2017,OL371,365,624100,Individual and family services,Industry,,2,S00402,Used and secondhand goods,DetailedSpecialCommodity,,0,blank
detail_make_components_2017,2017,detail,producer_make,IOMake_After_Redefinitions_PRO_Detail.xlsx,2017,OM371,365,624100,Individual and family services,Industry,,3,S00300,Noncomparable imports,DetailedSpecialCommodity,,0,blank
detail_make_components_2017,2017,detail,producer_make,IOMake_After_Redefinitions_PRO_Detail.xlsx,2017,ON371,365,624100,Individual and family services,Industry,,4,S00900,Rest of the world adjustment,DetailedSpecialCommodity,,0,blank
detail_make_components_2017,2017,detail,producer_make,IOMake_After_Redefinitions_PRO_Detail.xlsx,2017,OK372,366,624400,Child day care services,Industry,,1,S00401,Scrap,DetailedSpecialCommodity,,0,blank
detail_make_components_2017,2017,detail,producer_make,IOMake_After_Redefinitions_PRO_Detail.xlsx,2017,OL372,366,624400,Child day care services,Industry,,2,S00402,Used and secondhand goods,DetailedSpecialCommodity,,0,blank
detail_make_components_2017,2017,detail,producer_make,IOMake_After_Redefinitions_PRO_Detail.xlsx,2017,OM372,366,624400,Child day care services,Industry,,3,S00300,Noncomparable imports,DetailedSpecialCommodity,,0,blank
detail_make_components_2017,2017,detail,producer_make,IOMake_After_Redefinitions_PRO_Detail.xlsx,2017,ON372,366,624400,Child day care services,Industry,,4,S00900,Rest of the world adjustment,DetailedSpecialCommodity,,0,blank
detail_make_components_2017,2017,detail,producer_make,IOMake_After_Redefinitions_PRO_Detail.xlsx,2017,OK373,367,624A00,"Community food, housing, and other relief services, including vocational rehabilitation services",Industry,,1,S00401,Scrap,DetailedSpecialCommodity,,0,blank
detail_make_components_2017,2017,detail,producer_make,IOMake_After_Redefinitions_PRO_Detail.xlsx,2017,OL373,367,624A00,"Community food, housing, and other relief services, including vocational rehabilitation services",Industry,,2,S00402,Used and secondhand goods,DetailedSpecialCommodity,,0,blank
detail_make_components_2017,2017,detail,producer_make,IOMake_After_Redefinitions_PRO_Detail.xlsx,2017,OM373,367,624A00,"Community food, housing, and other relief services, including vocational rehabilitation services",Industry,,3,S00300,Noncomparable imports,DetailedSpecialCommodity,,0,blank
detail_make_components_2017,2017,detail,producer_make,IOMake_After_Redefinitions_PRO_Detail.xlsx,2017,ON373,367,624A00,"Community food, housing, and other relief services, including vocational rehabilitation services",Industry,,4,S00900,Rest of the world adjustment,DetailedSpecialCommodity,,0,blank
detail_make_components_2017,2017,detail,producer_make,IOMake_After_Redefinitions_PRO_Detail.xlsx,2017,OK374,368,711100,Performing arts companies,Industry,,1,S00401,Scrap,DetailedSpecialCommodity,,0,blank
detail_make_components_2017,2017,detail,producer_make,IOMake_After_Redefinitions_PRO_Detail.xlsx,2017,OL374,368,711100,Performing arts companies,Industry,,2,S00402,Used and secondhand goods,DetailedSpecialCommodity,,0,blank
detail_make_components_2017,2017,detail,producer_make,IOMake_After_Redefinitions_PRO_Detail.xlsx,2017,OM374,368,711100,Performing arts companies,Industry,,3,S00300,Noncomparable imports,DetailedSpecialCommodity,,0,blank
detail_make_components_2017,2017,detail,producer_make,IOMake_After_Redefinitions_PRO_Detail.xlsx,2017,ON374,368,711100,Performing arts companies,Industry,,4,S00900,Rest of the world adjustment,DetailedSpecialCommodity,,0,blank
detail_make_components_2017,2017,detail,producer_make,IOMake_After_Redefinitions_PRO_Detail.xlsx,2017,OK375,369,711200,Spectator sports,Industry,,1,S00401,Scrap,DetailedSpecialCommodity,,0,blank
detail_make_components_2017,2017,detail,producer_make,IOMake_After_Redefinitions_PRO_Detail.xlsx,2017,OL375,369,711200,Spectator sports,Industry,,2,S00402,Used and secondhand goods,DetailedSpecialCommodity,,0,blank
detail_make_components_2017,2017,detail,producer_make,IOMake_After_Redefinitions_PRO_Detail.xlsx,2017,OM375,369,711200,Spectator sports,Industry,,3,S00300,Noncomparable imports,DetailedSpecialCommodity,,0,blank
detail_make_components_2017,2017,detail,producer_make,IOMake_After_Redefinitions_PRO_Detail.xlsx,2017,ON375,369,711200,Spectator sports,Industry,,4,S00900,Rest of the world adjustment,DetailedSpecialCommodity,,0,blank
detail_make_components_2017,2017,detail,producer_make,IOMake_After_Redefinitions_PRO_Detail.xlsx,2017,OK376,370,711500,"Independent artists, writers, and performers",Industry,,1,S00401,Scrap,DetailedSpecialCommodity,,0,blank
detail_make_components_2017,2017,detail,producer_make,IOMake_After_Redefinitions_PRO_Detail.xlsx,2017,OL376,370,711500,"Independent artists, writers, and performers",Industry,,2,S00402,Used and secondhand goods,DetailedSpecialCommodity,,0,blank
detail_make_components_2017,2017,detail,producer_make,IOMake_After_Redefinitions_PRO_Detail.xlsx,2017,OM376,370,711500,"Independent artists, writers, and performers",Industry,,3,S00300,Noncomparable imports,DetailedSpecialCommodity,,0,blank
detail_make_components_2017,2017,detail,producer_make,IOMake_After_Redefinitions_PRO_Detail.xlsx,2017,ON376,370,711500,"Independent artists, writers, and performers",Industry,,4,S00900,Rest of the world adjustment,DetailedSpecialCommodity,,0,blank
detail_make_components_2017,2017,detail,producer_make,IOMake_After_Redefinitions_PRO_Detail.xlsx,2017,OK377,371,711A00,Promoters of performing arts and sports and agents for public figures,Industry,,1,S00401,Scrap,DetailedSpecialCommodity,,0,blank
detail_make_components_2017,2017,detail,producer_make,IOMake_After_Redefinitions_PRO_Detail.xlsx,2017,OL377,371,711A00,Promoters of performing arts and sports and agents for public figures,Industry,,2,S00402,Used and secondhand goods,DetailedSpecialCommodity,,0,blank
detail_make_components_2017,2017,detail,producer_make,IOMake_After_Redefinitions_PRO_Detail.xlsx,2017,OM377,371,711A00,Promoters of performing arts and sports and agents for public figures,Industry,,3,S00300,Noncomparable imports,DetailedSpecialCommodity,,0,blank
detail_make_components_2017,2017,detail,producer_make,IOMake_After_Redefinitions_PRO_Detail.xlsx,2017,ON377,371,711A00,Promoters of performing arts and sports and agents for public figures,Industry,,4,S00900,Rest of the world adjustment,DetailedSpecialCommodity,,0,blank
detail_make_components_2017,2017,detail,producer_make,IOMake_After_Redefinitions_PRO_Detail.xlsx,2017,OK378,372,712000,"Museums, historical sites, zoos, and parks",Industry,,1,S00401,Scrap,DetailedSpecialCommodity,,0,blank
detail_make_components_2017,2017,detail,producer_make,IOMake_After_Redefinitions_PRO_Detail.xlsx,2017,OL378,372,712000,"Museums, historical sites, zoos, and parks",Industry,,2,S00402,Used and secondhand goods,DetailedSpecialCommodity,,0,blank
detail_make_components_2017,2017,detail,producer_make,IOMake_After_Redefinitions_PRO_Detail.xlsx,2017,OM378,372,712000,"Museums, historical sites, zoos, and parks",Industry,,3,S00300,Noncomparable imports,DetailedSpecialCommodity,,0,blank
detail_make_components_2017,2017,detail,producer_make,IOMake_After_Redefinitions_PRO_Detail.xlsx,2017,ON378,372,712000,"Museums, historical sites, zoos, and parks",Industry,,4,S00900,Rest of the world adjustment,DetailedSpecialCommodity,,0,blank
detail_make_components_2017,2017,detail,producer_make,IOMake_After_Redefinitions_PRO_Detail.xlsx,2017,OK379,373,713100,Amusement parks and arcades,Industry,,1,S00401,Scrap,DetailedSpecialCommodity,,0,blank
detail_make_components_2017,2017,detail,producer_make,IOMake_After_Redefinitions_PRO_Detail.xlsx,2017,OL379,373,713100,Amusement parks and arcades,Industry,,2,S00402,Used and secondhand goods,DetailedSpecialCommodity,,0,blank
detail_make_components_2017,2017,detail,producer_make,IOMake_After_Redefinitions_PRO_Detail.xlsx,2017,OM379,373,713100,Amusement parks and arcades,Industry,,3,S00300,Noncomparable imports,DetailedSpecialCommodity,,0,blank
detail_make_components_2017,2017,detail,producer_make,IOMake_After_Redefinitions_PRO_Detail.xlsx,2017,ON379,373,713100,Amusement parks and arcades,Industry,,4,S00900,Rest of the world adjustment,DetailedSpecialCommodity,,0,blank
detail_make_components_2017,2017,detail,producer_make,IOMake_After_Redefinitions_PRO_Detail.xlsx,2017,OK380,374,713200,Gambling industries (except casino hotels),Industry,,1,S00401,Scrap,DetailedSpecialCommodity,,0,blank
detail_make_components_2017,2017,detail,producer_make,IOMake_After_Redefinitions_PRO_Detail.xlsx,2017,OL380,374,713200,Gambling industries (except casino hotels),Industry,,2,S00402,Used and secondhand goods,DetailedSpecialCommodity,,0,blank
detail_make_components_2017,2017,detail,producer_make,IOMake_After_Redefinitions_PRO_Detail.xlsx,2017,OM380,374,713200,Gambling industries (except casino hotels),Industry,,3,S00300,Noncomparable imports,DetailedSpecialCommodity,,0,blank
detail_make_components_2017,2017,detail,producer_make,IOMake_After_Redefinitions_PRO_Detail.xlsx,2017,ON380,374,713200,Gambling industries (except casino hotels),Industry,,4,S00900,Rest of the world adjustment,DetailedSpecialCommodity,,0,blank
detail_make_components_2017,2017,detail,producer_make,IOMake_After_Redefinitions_PRO_Detail.xlsx,2017,OK381,375,713900,Other amusement and recreation industries,Industry,,1,S00401,Scrap,DetailedSpecialCommodity,,0,blank
detail_make_components_2017,2017,detail,producer_make,IOMake_After_Redefinitions_PRO_Detail.xlsx,2017,OL381,375,713900,Other amusement and recreation industries,Industry,,2,S00402,Used and secondhand goods,DetailedSpecialCommodity,,0,blank
detail_make_components_2017,2017,detail,producer_make,IOMake_After_Redefinitions_PRO_Detail.xlsx,2017,OM381,375,713900,Other amusement and recreation industries,Industry,,3,S00300,Noncomparable imports,DetailedSpecialCommodity,,0,blank
detail_make_components_2017,2017,detail,producer_make,IOMake_After_Redefinitions_PRO_Detail.xlsx,2017,ON381,375,713900,Other amusement and recreation industries,Industry,,4,S00900,Rest of the world adjustment,DetailedSpecialCommodity,,0,blank
detail_make_components_2017,2017,detail,producer_make,IOMake_After_Redefinitions_PRO_Detail.xlsx,2017,OK382,376,721000,Accommodation,Industry,,1,S00401,Scrap,DetailedSpecialCommodity,,0,blank
detail_make_components_2017,2017,detail,producer_make,IOMake_After_Redefinitions_PRO_Detail.xlsx,2017,OL382,376,721000,Accommodation,Industry,,2,S00402,Used and secondhand goods,DetailedSpecialCommodity,,0,blank
detail_make_components_2017,2017,detail,producer_make,IOMake_After_Redefinitions_PRO_Detail.xlsx,2017,OM382,376,721000,Accommodation,Industry,,3,S00300,Noncomparable imports,DetailedSpecialCommodity,,0,blank
detail_make_components_2017,2017,detail,producer_make,IOMake_After_Redefinitions_PRO_Detail.xlsx,2017,ON382,376,721000,Accommodation,Industry,,4,S00900,Rest of the world adjustment,DetailedSpecialCommodity,,0,blank
detail_make_components_2017,2017,detail,producer_make,IOMake_After_Redefinitions_PRO_Detail.xlsx,2017,OK383,377,722110,Full-service restaurants,Industry,,1,S00401,Scrap,DetailedSpecialCommodity,,6,numeric
detail_make_components_2017,2017,detail,producer_make,IOMake_After_Redefinitions_PRO_Detail.xlsx,2017,OL383,377,722110,Full-service restaurants,Industry,,2,S00402,Used and secondhand goods,DetailedSpecialCommodity,,0,blank
detail_make_components_2017,2017,detail,producer_make,IOMake_After_Redefinitions_PRO_Detail.xlsx,2017,OM383,377,722110,Full-service restaurants,Industry,,3,S00300,Noncomparable imports,DetailedSpecialCommodity,,0,blank
detail_make_components_2017,2017,detail,producer_make,IOMake_After_Redefinitions_PRO_Detail.xlsx,2017,ON383,377,722110,Full-service restaurants,Industry,,4,S00900,Rest of the world adjustment,DetailedSpecialCommodity,,0,blank
detail_make_components_2017,2017,detail,producer_make,IOMake_After_Redefinitions_PRO_Detail.xlsx,2017,OK384,378,722211,Limited-service restaurants,Industry,,1,S00401,Scrap,DetailedSpecialCommodity,,2,numeric
detail_make_components_2017,2017,detail,producer_make,IOMake_After_Redefinitions_PRO_Detail.xlsx,2017,OL384,378,722211,Limited-service restaurants,Industry,,2,S00402,Used and secondhand goods,DetailedSpecialCommodity,,0,blank
detail_make_components_2017,2017,detail,producer_make,IOMake_After_Redefinitions_PRO_Detail.xlsx,2017,OM384,378,722211,Limited-service restaurants,Industry,,3,S00300,Noncomparable imports,DetailedSpecialCommodity,,0,blank
detail_make_components_2017,2017,detail,producer_make,IOMake_After_Redefinitions_PRO_Detail.xlsx,2017,ON384,378,722211,Limited-service restaurants,Industry,,4,S00900,Rest of the world adjustment,DetailedSpecialCommodity,,0,blank
detail_make_components_2017,2017,detail,producer_make,IOMake_After_Redefinitions_PRO_Detail.xlsx,2017,OK385,379,722A00,All other food and drinking places,Industry,,1,S00401,Scrap,DetailedSpecialCommodity,,0,blank
detail_make_components_2017,2017,detail,producer_make,IOMake_After_Redefinitions_PRO_Detail.xlsx,2017,OL385,379,722A00,All other food and drinking places,Industry,,2,S00402,Used and secondhand goods,DetailedSpecialCommodity,,0,blank
detail_make_components_2017,2017,detail,producer_make,IOMake_After_Redefinitions_PRO_Detail.xlsx,2017,OM385,379,722A00,All other food and drinking places,Industry,,3,S00300,Noncomparable imports,DetailedSpecialCommodity,,0,blank
detail_make_components_2017,2017,detail,producer_make,IOMake_After_Redefinitions_PRO_Detail.xlsx,2017,ON385,379,722A00,All other food and drinking places,Industry,,4,S00900,Rest of the world adjustment,DetailedSpecialCommodity,,0,blank
detail_make_components_2017,2017,detail,producer_make,IOMake_After_Redefinitions_PRO_Detail.xlsx,2017,OK386,380,811100,Automotive repair and maintenance,Industry,,1,S00401,Scrap,DetailedSpecialCommodity,,0,blank
detail_make_components_2017,2017,detail,producer_make,IOMake_After_Redefinitions_PRO_Detail.xlsx,2017,OL386,380,811100,Automotive repair and maintenance,Industry,,2,S00402,Used and secondhand goods,DetailedSpecialCommodity,,0,blank
detail_make_components_2017,2017,detail,producer_make,IOMake_After_Redefinitions_PRO_Detail.xlsx,2017,OM386,380,811100,Automotive repair and maintenance,Industry,,3,S00300,Noncomparable imports,DetailedSpecialCommodity,,0,blank
detail_make_components_2017,2017,detail,producer_make,IOMake_After_Redefinitions_PRO_Detail.xlsx,2017,ON386,380,811100,Automotive repair and maintenance,Industry,,4,S00900,Rest of the world adjustment,DetailedSpecialCommodity,,0,blank
detail_make_components_2017,2017,detail,producer_make,IOMake_After_Redefinitions_PRO_Detail.xlsx,2017,OK387,381,811200,Electronic and precision equipment repair and maintenance,Industry,,1,S00401,Scrap,DetailedSpecialCommodity,,0,blank
detail_make_components_2017,2017,detail,producer_make,IOMake_After_Redefinitions_PRO_Detail.xlsx,2017,OL387,381,811200,Electronic and precision equipment repair and maintenance,Industry,,2,S00402,Used and secondhand goods,DetailedSpecialCommodity,,0,blank
detail_make_components_2017,2017,detail,producer_make,IOMake_After_Redefinitions_PRO_Detail.xlsx,2017,OM387,381,811200,Electronic and precision equipment repair and maintenance,Industry,,3,S00300,Noncomparable imports,DetailedSpecialCommodity,,0,blank
detail_make_components_2017,2017,detail,producer_make,IOMake_After_Redefinitions_PRO_Detail.xlsx,2017,ON387,381,811200,Electronic and precision equipment repair and maintenance,Industry,,4,S00900,Rest of the world adjustment,DetailedSpecialCommodity,,0,blank
detail_make_components_2017,2017,detail,producer_make,IOMake_After_Redefinitions_PRO_Detail.xlsx,2017,OK388,382,811300,Commercial and industrial machinery and equipment repair and maintenance,Industry,,1,S00401,Scrap,DetailedSpecialCommodity,,0,blank
detail_make_components_2017,2017,detail,producer_make,IOMake_After_Redefinitions_PRO_Detail.xlsx,2017,OL388,382,811300,Commercial and industrial machinery and equipment repair and maintenance,Industry,,2,S00402,Used and secondhand goods,DetailedSpecialCommodity,,0,blank
detail_make_components_2017,2017,detail,producer_make,IOMake_After_Redefinitions_PRO_Detail.xlsx,2017,OM388,382,811300,Commercial and industrial machinery and equipment repair and maintenance,Industry,,3,S00300,Noncomparable imports,DetailedSpecialCommodity,,0,blank
detail_make_components_2017,2017,detail,producer_make,IOMake_After_Redefinitions_PRO_Detail.xlsx,2017,ON388,382,811300,Commercial and industrial machinery and equipment repair and maintenance,Industry,,4,S00900,Rest of the world adjustment,DetailedSpecialCommodity,,0,blank
detail_make_components_2017,2017,detail,producer_make,IOMake_After_Redefinitions_PRO_Detail.xlsx,2017,OK389,383,811400,Personal and household goods repair and maintenance,Industry,,1,S00401,Scrap,DetailedSpecialCommodity,,0,blank
detail_make_components_2017,2017,detail,producer_make,IOMake_After_Redefinitions_PRO_Detail.xlsx,2017,OL389,383,811400,Personal and household goods repair and maintenance,Industry,,2,S00402,Used and secondhand goods,DetailedSpecialCommodity,,0,blank
detail_make_components_2017,2017,detail,producer_make,IOMake_After_Redefinitions_PRO_Detail.xlsx,2017,OM389,383,811400,Personal and household goods repair and maintenance,Industry,,3,S00300,Noncomparable imports,DetailedSpecialCommodity,,0,blank
detail_make_components_2017,2017,detail,producer_make,IOMake_After_Redefinitions_PRO_Detail.xlsx,2017,ON389,383,811400,Personal and household goods repair and maintenance,Industry,,4,S00900,Rest of the world adjustment,DetailedSpecialCommodity,,0,blank
detail_make_components_2017,2017,detail,producer_make,IOMake_After_Redefinitions_PRO_Detail.xlsx,2017,OK390,384,812100,Personal care services,Industry,,1,S00401,Scrap,DetailedSpecialCommodity,,0,blank
detail_make_components_2017,2017,detail,producer_make,IOMake_After_Redefinitions_PRO_Detail.xlsx,2017,OL390,384,812100,Personal care services,Industry,,2,S00402,Used and secondhand goods,DetailedSpecialCommodity,,0,blank
detail_make_components_2017,2017,detail,producer_make,IOMake_After_Redefinitions_PRO_Detail.xlsx,2017,OM390,384,812100,Personal care services,Industry,,3,S00300,Noncomparable imports,DetailedSpecialCommodity,,0,blank
detail_make_components_2017,2017,detail,producer_make,IOMake_After_Redefinitions_PRO_Detail.xlsx,2017,ON390,384,812100,Personal care services,Industry,,4,S00900,Rest of the world adjustment,DetailedSpecialCommodity,,0,blank
detail_make_components_2017,2017,detail,producer_make,IOMake_After_Redefinitions_PRO_Detail.xlsx,2017,OK391,385,812200,Death care services,Industry,,1,S00401,Scrap,DetailedSpecialCommodity,,0,blank
detail_make_components_2017,2017,detail,producer_make,IOMake_After_Redefinitions_PRO_Detail.xlsx,2017,OL391,385,812200,Death care services,Industry,,2,S00402,Used and secondhand goods,DetailedSpecialCommodity,,0,blank
detail_make_components_2017,2017,detail,producer_make,IOMake_After_Redefinitions_PRO_Detail.xlsx,2017,OM391,385,812200,Death care services,Industry,,3,S00300,Noncomparable imports,DetailedSpecialCommodity,,0,blank
detail_make_components_2017,2017,detail,producer_make,IOMake_After_Redefinitions_PRO_Detail.xlsx,2017,ON391,385,812200,Death care services,Industry,,4,S00900,Rest of the world adjustment,DetailedSpecialCommodity,,0,blank
detail_make_components_2017,2017,detail,producer_make,IOMake_After_Redefinitions_PRO_Detail.xlsx,2017,OK392,386,812300,Dry-cleaning and laundry services,Industry,,1,S00401,Scrap,DetailedSpecialCommodity,,0,blank
detail_make_components_2017,2017,detail,producer_make,IOMake_After_Redefinitions_PRO_Detail.xlsx,2017,OL392,386,812300,Dry-cleaning and laundry services,Industry,,2,S00402,Used and secondhand goods,DetailedSpecialCommodity,,0,blank
detail_make_components_2017,2017,detail,producer_make,IOMake_After_Redefinitions_PRO_Detail.xlsx,2017,OM392,386,812300,Dry-cleaning and laundry services,Industry,,3,S00300,Noncomparable imports,DetailedSpecialCommodity,,0,blank
detail_make_components_2017,2017,detail,producer_make,IOMake_After_Redefinitions_PRO_Detail.xlsx,2017,ON392,386,812300,Dry-cleaning and laundry services,Industry,,4,S00900,Rest of the world adjustment,DetailedSpecialCommodity,,0,blank
detail_make_components_2017,2017,detail,producer_make,IOMake_After_Redefinitions_PRO_Detail.xlsx,2017,OK393,387,812900,Other personal services,Industry,,1,S00401,Scrap,DetailedSpecialCommodity,,0,blank
detail_make_components_2017,2017,detail,producer_make,IOMake_After_Redefinitions_PRO_Detail.xlsx,2017,OL393,387,812900,Other personal services,Industry,,2,S00402,Used and secondhand goods,DetailedSpecialCommodity,,0,blank
detail_make_components_2017,2017,detail,producer_make,IOMake_After_Redefinitions_PRO_Detail.xlsx,2017,OM393,387,812900,Other personal services,Industry,,3,S00300,Noncomparable imports,DetailedSpecialCommodity,,0,blank
detail_make_components_2017,2017,detail,producer_make,IOMake_After_Redefinitions_PRO_Detail.xlsx,2017,ON393,387,812900,Other personal services,Industry,,4,S00900,Rest of the world adjustment,DetailedSpecialCommodity,,0,blank
detail_make_components_2017,2017,detail,producer_make,IOMake_After_Redefinitions_PRO_Detail.xlsx,2017,OK394,388,813100,Religious organizations,Industry,,1,S00401,Scrap,DetailedSpecialCommodity,,0,blank
detail_make_components_2017,2017,detail,producer_make,IOMake_After_Redefinitions_PRO_Detail.xlsx,2017,OL394,388,813100,Religious organizations,Industry,,2,S00402,Used and secondhand goods,DetailedSpecialCommodity,,0,blank
detail_make_components_2017,2017,detail,producer_make,IOMake_After_Redefinitions_PRO_Detail.xlsx,2017,OM394,388,813100,Religious organizations,Industry,,3,S00300,Noncomparable imports,DetailedSpecialCommodity,,0,blank
detail_make_components_2017,2017,detail,producer_make,IOMake_After_Redefinitions_PRO_Detail.xlsx,2017,ON394,388,813100,Religious organizations,Industry,,4,S00900,Rest of the world adjustment,DetailedSpecialCommodity,,0,blank
detail_make_components_2017,2017,detail,producer_make,IOMake_After_Redefinitions_PRO_Detail.xlsx,2017,OK395,389,813A00,"Grantmaking, giving, and social advocacy organizations",Industry,,1,S00401,Scrap,DetailedSpecialCommodity,,0,blank
detail_make_components_2017,2017,detail,producer_make,IOMake_After_Redefinitions_PRO_Detail.xlsx,2017,OL395,389,813A00,"Grantmaking, giving, and social advocacy organizations",Industry,,2,S00402,Used and secondhand goods,DetailedSpecialCommodity,,0,blank
detail_make_components_2017,2017,detail,producer_make,IOMake_After_Redefinitions_PRO_Detail.xlsx,2017,OM395,389,813A00,"Grantmaking, giving, and social advocacy organizations",Industry,,3,S00300,Noncomparable imports,DetailedSpecialCommodity,,0,blank
detail_make_components_2017,2017,detail,producer_make,IOMake_After_Redefinitions_PRO_Detail.xlsx,2017,ON395,389,813A00,"Grantmaking, giving, and social advocacy organizations",Industry,,4,S00900,Rest of the world adjustment,DetailedSpecialCommodity,,0,blank
detail_make_components_2017,2017,detail,producer_make,IOMake_After_Redefinitions_PRO_Detail.xlsx,2017,OK396,390,813B00,"Civic, social, professional, and similar organizations",Industry,,1,S00401,Scrap,DetailedSpecialCommodity,,0,blank
detail_make_components_2017,2017,detail,producer_make,IOMake_After_Redefinitions_PRO_Detail.xlsx,2017,OL396,390,813B00,"Civic, social, professional, and similar organizations",Industry,,2,S00402,Used and secondhand goods,DetailedSpecialCommodity,,0,blank
detail_make_components_2017,2017,detail,producer_make,IOMake_After_Redefinitions_PRO_Detail.xlsx,2017,OM396,390,813B00,"Civic, social, professional, and similar organizations",Industry,,3,S00300,Noncomparable imports,DetailedSpecialCommodity,,0,blank
detail_make_components_2017,2017,detail,producer_make,IOMake_After_Redefinitions_PRO_Detail.xlsx,2017,ON396,390,813B00,"Civic, social, professional, and similar organizations",Industry,,4,S00900,Rest of the world adjustment,DetailedSpecialCommodity,,0,blank
detail_make_components_2017,2017,detail,producer_make,IOMake_After_Redefinitions_PRO_Detail.xlsx,2017,OK397,391,814000,Private households,Industry,,1,S00401,Scrap,DetailedSpecialCommodity,,0,blank
detail_make_components_2017,2017,detail,producer_make,IOMake_After_Redefinitions_PRO_Detail.xlsx,2017,OL397,391,814000,Private households,Industry,,2,S00402,Used and secondhand goods,DetailedSpecialCommodity,,0,blank
detail_make_components_2017,2017,detail,producer_make,IOMake_After_Redefinitions_PRO_Detail.xlsx,2017,OM397,391,814000,Private households,Industry,,3,S00300,Noncomparable imports,DetailedSpecialCommodity,,0,blank
detail_make_components_2017,2017,detail,producer_make,IOMake_After_Redefinitions_PRO_Detail.xlsx,2017,ON397,391,814000,Private households,Industry,,4,S00900,Rest of the world adjustment,DetailedSpecialCommodity,,0,blank
detail_make_components_2017,2017,detail,producer_make,IOMake_After_Redefinitions_PRO_Detail.xlsx,2017,OK398,392,S00500,Federal general government (defense),Industry,,1,S00401,Scrap,DetailedSpecialCommodity,,0,blank
detail_make_components_2017,2017,detail,producer_make,IOMake_After_Redefinitions_PRO_Detail.xlsx,2017,OL398,392,S00500,Federal general government (defense),Industry,,2,S00402,Used and secondhand goods,DetailedSpecialCommodity,,0,blank
detail_make_components_2017,2017,detail,producer_make,IOMake_After_Redefinitions_PRO_Detail.xlsx,2017,OM398,392,S00500,Federal general government (defense),Industry,,3,S00300,Noncomparable imports,DetailedSpecialCommodity,,0,blank
detail_make_components_2017,2017,detail,producer_make,IOMake_After_Redefinitions_PRO_Detail.xlsx,2017,ON398,392,S00500,Federal general government (defense),Industry,,4,S00900,Rest of the world adjustment,DetailedSpecialCommodity,,0,blank
detail_make_components_2017,2017,detail,producer_make,IOMake_After_Redefinitions_PRO_Detail.xlsx,2017,OK399,393,S00600,Federal general government (nondefense),Industry,,1,S00401,Scrap,DetailedSpecialCommodity,,0,blank
detail_make_components_2017,2017,detail,producer_make,IOMake_After_Redefinitions_PRO_Detail.xlsx,2017,OL399,393,S00600,Federal general government (nondefense),Industry,,2,S00402,Used and secondhand goods,DetailedSpecialCommodity,,0,blank
detail_make_components_2017,2017,detail,producer_make,IOMake_After_Redefinitions_PRO_Detail.xlsx,2017,OM399,393,S00600,Federal general government (nondefense),Industry,,3,S00300,Noncomparable imports,DetailedSpecialCommodity,,0,blank
detail_make_components_2017,2017,detail,producer_make,IOMake_After_Redefinitions_PRO_Detail.xlsx,2017,ON399,393,S00600,Federal general government (nondefense),Industry,,4,S00900,Rest of the world adjustment,DetailedSpecialCommodity,,3468,numeric
detail_make_components_2017,2017,detail,producer_make,IOMake_After_Redefinitions_PRO_Detail.xlsx,2017,OK400,394,491000,Postal service,Industry,,1,S00401,Scrap,DetailedSpecialCommodity,,0,blank
detail_make_components_2017,2017,detail,producer_make,IOMake_After_Redefinitions_PRO_Detail.xlsx,2017,OL400,394,491000,Postal service,Industry,,2,S00402,Used and secondhand goods,DetailedSpecialCommodity,,0,blank
detail_make_components_2017,2017,detail,producer_make,IOMake_After_Redefinitions_PRO_Detail.xlsx,2017,OM400,394,491000,Postal service,Industry,,3,S00300,Noncomparable imports,DetailedSpecialCommodity,,0,blank
detail_make_components_2017,2017,detail,producer_make,IOMake_After_Redefinitions_PRO_Detail.xlsx,2017,ON400,394,491000,Postal service,Industry,,4,S00900,Rest of the world adjustment,DetailedSpecialCommodity,,0,blank
detail_make_components_2017,2017,detail,producer_make,IOMake_After_Redefinitions_PRO_Detail.xlsx,2017,OK401,395,S00101,Federal electric utilities,Industry,,1,S00401,Scrap,DetailedSpecialCommodity,,0,blank
detail_make_components_2017,2017,detail,producer_make,IOMake_After_Redefinitions_PRO_Detail.xlsx,2017,OL401,395,S00101,Federal electric utilities,Industry,,2,S00402,Used and secondhand goods,DetailedSpecialCommodity,,0,blank
detail_make_components_2017,2017,detail,producer_make,IOMake_After_Redefinitions_PRO_Detail.xlsx,2017,OM401,395,S00101,Federal electric utilities,Industry,,3,S00300,Noncomparable imports,DetailedSpecialCommodity,,0,blank
detail_make_components_2017,2017,detail,producer_make,IOMake_After_Redefinitions_PRO_Detail.xlsx,2017,ON401,395,S00101,Federal electric utilities,Industry,,4,S00900,Rest of the world adjustment,DetailedSpecialCommodity,,0,blank
detail_make_components_2017,2017,detail,producer_make,IOMake_After_Redefinitions_PRO_Detail.xlsx,2017,OK402,396,S00102,Other federal government enterprises,Industry,,1,S00401,Scrap,DetailedSpecialCommodity,,0,blank
detail_make_components_2017,2017,detail,producer_make,IOMake_After_Redefinitions_PRO_Detail.xlsx,2017,OL402,396,S00102,Other federal government enterprises,Industry,,2,S00402,Used and secondhand goods,DetailedSpecialCommodity,,0,blank
detail_make_components_2017,2017,detail,producer_make,IOMake_After_Redefinitions_PRO_Detail.xlsx,2017,OM402,396,S00102,Other federal government enterprises,Industry,,3,S00300,Noncomparable imports,DetailedSpecialCommodity,,0,blank
detail_make_components_2017,2017,detail,producer_make,IOMake_After_Redefinitions_PRO_Detail.xlsx,2017,ON402,396,S00102,Other federal government enterprises,Industry,,4,S00900,Rest of the world adjustment,DetailedSpecialCommodity,,0,blank
detail_make_components_2017,2017,detail,producer_make,IOMake_After_Redefinitions_PRO_Detail.xlsx,2017,OK403,397,GSLGE,State and local government (educational services),Industry,,1,S00401,Scrap,DetailedSpecialCommodity,,0,blank
detail_make_components_2017,2017,detail,producer_make,IOMake_After_Redefinitions_PRO_Detail.xlsx,2017,OL403,397,GSLGE,State and local government (educational services),Industry,,2,S00402,Used and secondhand goods,DetailedSpecialCommodity,,0,blank
detail_make_components_2017,2017,detail,producer_make,IOMake_After_Redefinitions_PRO_Detail.xlsx,2017,OM403,397,GSLGE,State and local government (educational services),Industry,,3,S00300,Noncomparable imports,DetailedSpecialCommodity,,0,blank
detail_make_components_2017,2017,detail,producer_make,IOMake_After_Redefinitions_PRO_Detail.xlsx,2017,ON403,397,GSLGE,State and local government (educational services),Industry,,4,S00900,Rest of the world adjustment,DetailedSpecialCommodity,,0,blank
detail_make_components_2017,2017,detail,producer_make,IOMake_After_Redefinitions_PRO_Detail.xlsx,2017,OK404,398,GSLGH,State and local government (hospitals and health services),Industry,,1,S00401,Scrap,DetailedSpecialCommodity,,0,blank
detail_make_components_2017,2017,detail,producer_make,IOMake_After_Redefinitions_PRO_Detail.xlsx,2017,OL404,398,GSLGH,State and local government (hospitals and health services),Industry,,2,S00402,Used and secondhand goods,DetailedSpecialCommodity,,0,blank
detail_make_components_2017,2017,detail,producer_make,IOMake_After_Redefinitions_PRO_Detail.xlsx,2017,OM404,398,GSLGH,State and local government (hospitals and health services),Industry,,3,S00300,Noncomparable imports,DetailedSpecialCommodity,,0,blank
detail_make_components_2017,2017,detail,producer_make,IOMake_After_Redefinitions_PRO_Detail.xlsx,2017,ON404,398,GSLGH,State and local government (hospitals and health services),Industry,,4,S00900,Rest of the world adjustment,DetailedSpecialCommodity,,0,blank
detail_make_components_2017,2017,detail,producer_make,IOMake_After_Redefinitions_PRO_Detail.xlsx,2017,OK405,399,GSLGO,State and local government (other services),Industry,,1,S00401,Scrap,DetailedSpecialCommodity,,4118,numeric
detail_make_components_2017,2017,detail,producer_make,IOMake_After_Redefinitions_PRO_Detail.xlsx,2017,OL405,399,GSLGO,State and local government (other services),Industry,,2,S00402,Used and secondhand goods,DetailedSpecialCommodity,,0,blank
detail_make_components_2017,2017,detail,producer_make,IOMake_After_Redefinitions_PRO_Detail.xlsx,2017,OM405,399,GSLGO,State and local government (other services),Industry,,3,S00300,Noncomparable imports,DetailedSpecialCommodity,,0,blank
detail_make_components_2017,2017,detail,producer_make,IOMake_After_Redefinitions_PRO_Detail.xlsx,2017,ON405,399,GSLGO,State and local government (other services),Industry,,4,S00900,Rest of the world adjustment,DetailedSpecialCommodity,,0,blank
detail_make_components_2017,2017,detail,producer_make,IOMake_After_Redefinitions_PRO_Detail.xlsx,2017,OK406,400,S00201,State and local government passenger transit,Industry,,1,S00401,Scrap,DetailedSpecialCommodity,,0,blank
detail_make_components_2017,2017,detail,producer_make,IOMake_After_Redefinitions_PRO_Detail.xlsx,2017,OL406,400,S00201,State and local government passenger transit,Industry,,2,S00402,Used and secondhand goods,DetailedSpecialCommodity,,0,blank
detail_make_components_2017,2017,detail,producer_make,IOMake_After_Redefinitions_PRO_Detail.xlsx,2017,OM406,400,S00201,State and local government passenger transit,Industry,,3,S00300,Noncomparable imports,DetailedSpecialCommodity,,0,blank
detail_make_components_2017,2017,detail,producer_make,IOMake_After_Redefinitions_PRO_Detail.xlsx,2017,ON406,400,S00201,State and local government passenger transit,Industry,,4,S00900,Rest of the world adjustment,DetailedSpecialCommodity,,0,blank
detail_make_components_2017,2017,detail,producer_make,IOMake_After_Redefinitions_PRO_Detail.xlsx,2017,OK407,401,S00202,State and local government electric utilities,Industry,,1,S00401,Scrap,DetailedSpecialCommodity,,0,blank
detail_make_components_2017,2017,detail,producer_make,IOMake_After_Redefinitions_PRO_Detail.xlsx,2017,OL407,401,S00202,State and local government electric utilities,Industry,,2,S00402,Used and secondhand goods,DetailedSpecialCommodity,,0,blank
detail_make_components_2017,2017,detail,producer_make,IOMake_After_Redefinitions_PRO_Detail.xlsx,2017,OM407,401,S00202,State and local government electric utilities,Industry,,3,S00300,Noncomparable imports,DetailedSpecialCommodity,,0,blank
detail_make_components_2017,2017,detail,producer_make,IOMake_After_Redefinitions_PRO_Detail.xlsx,2017,ON407,401,S00202,State and local government electric utilities,Industry,,4,S00900,Rest of the world adjustment,DetailedSpecialCommodity,,0,blank
detail_make_components_2017,2017,detail,producer_make,IOMake_After_Redefinitions_PRO_Detail.xlsx,2017,OK408,402,S00203,Other state and local government enterprises,Industry,,1,S00401,Scrap,DetailedSpecialCommodity,,0,blank
detail_make_components_2017,2017,detail,producer_make,IOMake_After_Redefinitions_PRO_Detail.xlsx,2017,OL408,402,S00203,Other state and local government enterprises,Industry,,2,S00402,Used and secondhand goods,DetailedSpecialCommodity,,0,blank
detail_make_components_2017,2017,detail,producer_make,IOMake_After_Redefinitions_PRO_Detail.xlsx,2017,OM408,402,S00203,Other state and local government enterprises,Industry,,3,S00300,Noncomparable imports,DetailedSpecialCommodity,,0,blank
detail_make_components_2017,2017,detail,producer_make,IOMake_After_Redefinitions_PRO_Detail.xlsx,2017,ON408,402,S00203,Other state and local government enterprises,Industry,,4,S00900,Rest of the world adjustment,DetailedSpecialCommodity,,0,blank
detail_make_output_2017,2017,detail,producer_make,IOMake_After_Redefinitions_PRO_Detail.xlsx,2017,OK409,1,T007,Total Commodity Output,Control,,1,S00401,Scrap,DetailedSpecialCommodity,,10763,numeric
detail_make_output_2017,2017,detail,producer_make,IOMake_After_Redefinitions_PRO_Detail.xlsx,2017,OL409,1,T007,Total Commodity Output,Control,,2,S00402,Used and secondhand goods,DetailedSpecialCommodity,,0,blank
detail_make_output_2017,2017,detail,producer_make,IOMake_After_Redefinitions_PRO_Detail.xlsx,2017,OM409,1,T007,Total Commodity Output,Control,,3,S00300,Noncomparable imports,DetailedSpecialCommodity,,0,blank
detail_make_output_2017,2017,detail,producer_make,IOMake_After_Redefinitions_PRO_Detail.xlsx,2017,ON409,1,T007,Total Commodity Output,Control,,4,S00900,Rest of the world adjustment,DetailedSpecialCommodity,,3468,numeric
summary_make_components_2017,2017,summary,producer_make,IOMake_After_Redefinitions_PRO_Summary.xlsx,2017,BV8,1,111CA,Farms,Industry,111CA,1,Used,"Scrap, used and secondhand goods /1/",SummarySpecialCommodity,,0,ellipsis
summary_make_components_2017,2017,summary,producer_make,IOMake_After_Redefinitions_PRO_Summary.xlsx,2017,BW8,1,111CA,Farms,Industry,111CA,2,Other,Noncomparable imports and rest-of-the-world adjustment /2/,SummarySpecialCommodity,,0,ellipsis
summary_make_components_2017,2017,summary,producer_make,IOMake_After_Redefinitions_PRO_Summary.xlsx,2017,BV9,2,113FF,"Forestry, fishing, and related activities",Industry,113FF,1,Used,"Scrap, used and secondhand goods /1/",SummarySpecialCommodity,,0,ellipsis
summary_make_components_2017,2017,summary,producer_make,IOMake_After_Redefinitions_PRO_Summary.xlsx,2017,BW9,2,113FF,"Forestry, fishing, and related activities",Industry,113FF,2,Other,Noncomparable imports and rest-of-the-world adjustment /2/,SummarySpecialCommodity,,0,ellipsis
summary_make_components_2017,2017,summary,producer_make,IOMake_After_Redefinitions_PRO_Summary.xlsx,2017,BV10,3,211,Oil and gas extraction,Industry,211,1,Used,"Scrap, used and secondhand goods /1/",SummarySpecialCommodity,,0,ellipsis
summary_make_components_2017,2017,summary,producer_make,IOMake_After_Redefinitions_PRO_Summary.xlsx,2017,BW10,3,211,Oil and gas extraction,Industry,211,2,Other,Noncomparable imports and rest-of-the-world adjustment /2/,SummarySpecialCommodity,,0,ellipsis
summary_make_components_2017,2017,summary,producer_make,IOMake_After_Redefinitions_PRO_Summary.xlsx,2017,BV11,4,212,"Mining, except oil and gas",Industry,212,1,Used,"Scrap, used and secondhand goods /1/",SummarySpecialCommodity,,0,ellipsis
summary_make_components_2017,2017,summary,producer_make,IOMake_After_Redefinitions_PRO_Summary.xlsx,2017,BW11,4,212,"Mining, except oil and gas",Industry,212,2,Other,Noncomparable imports and rest-of-the-world adjustment /2/,SummarySpecialCommodity,,0,ellipsis
summary_make_components_2017,2017,summary,producer_make,IOMake_After_Redefinitions_PRO_Summary.xlsx,2017,BV12,5,213,Support activities for mining,Industry,213,1,Used,"Scrap, used and secondhand goods /1/",SummarySpecialCommodity,,0,ellipsis
summary_make_components_2017,2017,summary,producer_make,IOMake_After_Redefinitions_PRO_Summary.xlsx,2017,BW12,5,213,Support activities for mining,Industry,213,2,Other,Noncomparable imports and rest-of-the-world adjustment /2/,SummarySpecialCommodity,,0,ellipsis
summary_make_components_2017,2017,summary,producer_make,IOMake_After_Redefinitions_PRO_Summary.xlsx,2017,BV13,6,22,Utilities,Industry,22,1,Used,"Scrap, used and secondhand goods /1/",SummarySpecialCommodity,,0,ellipsis
summary_make_components_2017,2017,summary,producer_make,IOMake_After_Redefinitions_PRO_Summary.xlsx,2017,BW13,6,22,Utilities,Industry,22,2,Other,Noncomparable imports and rest-of-the-world adjustment /2/,SummarySpecialCommodity,,0,ellipsis
summary_make_components_2017,2017,summary,producer_make,IOMake_After_Redefinitions_PRO_Summary.xlsx,2017,BV14,7,23,Construction,Industry,23,1,Used,"Scrap, used and secondhand goods /1/",SummarySpecialCommodity,,0,ellipsis
summary_make_components_2017,2017,summary,producer_make,IOMake_After_Redefinitions_PRO_Summary.xlsx,2017,BW14,7,23,Construction,Industry,23,2,Other,Noncomparable imports and rest-of-the-world adjustment /2/,SummarySpecialCommodity,,0,ellipsis
summary_make_components_2017,2017,summary,producer_make,IOMake_After_Redefinitions_PRO_Summary.xlsx,2017,BV15,8,321,Wood products,Industry,321,1,Used,"Scrap, used and secondhand goods /1/",SummarySpecialCommodity,,286,numeric
summary_make_components_2017,2017,summary,producer_make,IOMake_After_Redefinitions_PRO_Summary.xlsx,2017,BW15,8,321,Wood products,Industry,321,2,Other,Noncomparable imports and rest-of-the-world adjustment /2/,SummarySpecialCommodity,,0,ellipsis
summary_make_components_2017,2017,summary,producer_make,IOMake_After_Redefinitions_PRO_Summary.xlsx,2017,BV16,9,327,Nonmetallic mineral products,Industry,327,1,Used,"Scrap, used and secondhand goods /1/",SummarySpecialCommodity,,3,numeric
summary_make_components_2017,2017,summary,producer_make,IOMake_After_Redefinitions_PRO_Summary.xlsx,2017,BW16,9,327,Nonmetallic mineral products,Industry,327,2,Other,Noncomparable imports and rest-of-the-world adjustment /2/,SummarySpecialCommodity,,0,ellipsis
summary_make_components_2017,2017,summary,producer_make,IOMake_After_Redefinitions_PRO_Summary.xlsx,2017,BV17,10,331,Primary metals,Industry,331,1,Used,"Scrap, used and secondhand goods /1/",SummarySpecialCommodity,,752,numeric
summary_make_components_2017,2017,summary,producer_make,IOMake_After_Redefinitions_PRO_Summary.xlsx,2017,BW17,10,331,Primary metals,Industry,331,2,Other,Noncomparable imports and rest-of-the-world adjustment /2/,SummarySpecialCommodity,,0,ellipsis
summary_make_components_2017,2017,summary,producer_make,IOMake_After_Redefinitions_PRO_Summary.xlsx,2017,BV18,11,332,Fabricated metal products,Industry,332,1,Used,"Scrap, used and secondhand goods /1/",SummarySpecialCommodity,,2918,numeric
summary_make_components_2017,2017,summary,producer_make,IOMake_After_Redefinitions_PRO_Summary.xlsx,2017,BW18,11,332,Fabricated metal products,Industry,332,2,Other,Noncomparable imports and rest-of-the-world adjustment /2/,SummarySpecialCommodity,,0,ellipsis
summary_make_components_2017,2017,summary,producer_make,IOMake_After_Redefinitions_PRO_Summary.xlsx,2017,BV19,12,333,Machinery,Industry,333,1,Used,"Scrap, used and secondhand goods /1/",SummarySpecialCommodity,,201,numeric
summary_make_components_2017,2017,summary,producer_make,IOMake_After_Redefinitions_PRO_Summary.xlsx,2017,BW19,12,333,Machinery,Industry,333,2,Other,Noncomparable imports and rest-of-the-world adjustment /2/,SummarySpecialCommodity,,0,ellipsis
summary_make_components_2017,2017,summary,producer_make,IOMake_After_Redefinitions_PRO_Summary.xlsx,2017,BV20,13,334,Computer and electronic products,Industry,334,1,Used,"Scrap, used and secondhand goods /1/",SummarySpecialCommodity,,0,numeric
summary_make_components_2017,2017,summary,producer_make,IOMake_After_Redefinitions_PRO_Summary.xlsx,2017,BW20,13,334,Computer and electronic products,Industry,334,2,Other,Noncomparable imports and rest-of-the-world adjustment /2/,SummarySpecialCommodity,,0,ellipsis
summary_make_components_2017,2017,summary,producer_make,IOMake_After_Redefinitions_PRO_Summary.xlsx,2017,BV21,14,335,"Electrical equipment, appliances, and components",Industry,335,1,Used,"Scrap, used and secondhand goods /1/",SummarySpecialCommodity,,0,numeric
summary_make_components_2017,2017,summary,producer_make,IOMake_After_Redefinitions_PRO_Summary.xlsx,2017,BW21,14,335,"Electrical equipment, appliances, and components",Industry,335,2,Other,Noncomparable imports and rest-of-the-world adjustment /2/,SummarySpecialCommodity,,0,ellipsis
summary_make_components_2017,2017,summary,producer_make,IOMake_After_Redefinitions_PRO_Summary.xlsx,2017,BV22,15,3361MV,"Motor vehicles, bodies and trailers, and parts",Industry,3361MV,1,Used,"Scrap, used and secondhand goods /1/",SummarySpecialCommodity,,658,numeric
summary_make_components_2017,2017,summary,producer_make,IOMake_After_Redefinitions_PRO_Summary.xlsx,2017,BW22,15,3361MV,"Motor vehicles, bodies and trailers, and parts",Industry,3361MV,2,Other,Noncomparable imports and rest-of-the-world adjustment /2/,SummarySpecialCommodity,,0,ellipsis
summary_make_components_2017,2017,summary,producer_make,IOMake_After_Redefinitions_PRO_Summary.xlsx,2017,BV23,16,3364OT,Other transportation equipment,Industry,3364OT,1,Used,"Scrap, used and secondhand goods /1/",SummarySpecialCommodity,,58,numeric
summary_make_components_2017,2017,summary,producer_make,IOMake_After_Redefinitions_PRO_Summary.xlsx,2017,BW23,16,3364OT,Other transportation equipment,Industry,3364OT,2,Other,Noncomparable imports and rest-of-the-world adjustment /2/,SummarySpecialCommodity,,0,ellipsis
summary_make_components_2017,2017,summary,producer_make,IOMake_After_Redefinitions_PRO_Summary.xlsx,2017,BV24,17,337,Furniture and related products,Industry,337,1,Used,"Scrap, used and secondhand goods /1/",SummarySpecialCommodity,,0,ellipsis
summary_make_components_2017,2017,summary,producer_make,IOMake_After_Redefinitions_PRO_Summary.xlsx,2017,BW24,17,337,Furniture and related products,Industry,337,2,Other,Noncomparable imports and rest-of-the-world adjustment /2/,SummarySpecialCommodity,,0,ellipsis
summary_make_components_2017,2017,summary,producer_make,IOMake_After_Redefinitions_PRO_Summary.xlsx,2017,BV25,18,339,Miscellaneous manufacturing,Industry,339,1,Used,"Scrap, used and secondhand goods /1/",SummarySpecialCommodity,,0,numeric
summary_make_components_2017,2017,summary,producer_make,IOMake_After_Redefinitions_PRO_Summary.xlsx,2017,BW25,18,339,Miscellaneous manufacturing,Industry,339,2,Other,Noncomparable imports and rest-of-the-world adjustment /2/,SummarySpecialCommodity,,0,ellipsis
summary_make_components_2017,2017,summary,producer_make,IOMake_After_Redefinitions_PRO_Summary.xlsx,2017,BV26,19,311FT,Food and beverage and tobacco products,Industry,311FT,1,Used,"Scrap, used and secondhand goods /1/",SummarySpecialCommodity,,1,numeric
summary_make_components_2017,2017,summary,producer_make,IOMake_After_Redefinitions_PRO_Summary.xlsx,2017,BW26,19,311FT,Food and beverage and tobacco products,Industry,311FT,2,Other,Noncomparable imports and rest-of-the-world adjustment /2/,SummarySpecialCommodity,,0,ellipsis
summary_make_components_2017,2017,summary,producer_make,IOMake_After_Redefinitions_PRO_Summary.xlsx,2017,BV27,20,313TT,Textile mills and textile product mills,Industry,313TT,1,Used,"Scrap, used and secondhand goods /1/",SummarySpecialCommodity,,0,numeric
summary_make_components_2017,2017,summary,producer_make,IOMake_After_Redefinitions_PRO_Summary.xlsx,2017,BW27,20,313TT,Textile mills and textile product mills,Industry,313TT,2,Other,Noncomparable imports and rest-of-the-world adjustment /2/,SummarySpecialCommodity,,0,ellipsis
summary_make_components_2017,2017,summary,producer_make,IOMake_After_Redefinitions_PRO_Summary.xlsx,2017,BV28,21,315AL,Apparel and leather and allied products,Industry,315AL,1,Used,"Scrap, used and secondhand goods /1/",SummarySpecialCommodity,,0,numeric
summary_make_components_2017,2017,summary,producer_make,IOMake_After_Redefinitions_PRO_Summary.xlsx,2017,BW28,21,315AL,Apparel and leather and allied products,Industry,315AL,2,Other,Noncomparable imports and rest-of-the-world adjustment /2/,SummarySpecialCommodity,,0,ellipsis
summary_make_components_2017,2017,summary,producer_make,IOMake_After_Redefinitions_PRO_Summary.xlsx,2017,BV29,22,322,Paper products,Industry,322,1,Used,"Scrap, used and secondhand goods /1/",SummarySpecialCommodity,,454,numeric
summary_make_components_2017,2017,summary,producer_make,IOMake_After_Redefinitions_PRO_Summary.xlsx,2017,BW29,22,322,Paper products,Industry,322,2,Other,Noncomparable imports and rest-of-the-world adjustment /2/,SummarySpecialCommodity,,0,ellipsis
summary_make_components_2017,2017,summary,producer_make,IOMake_After_Redefinitions_PRO_Summary.xlsx,2017,BV30,23,323,Printing and related support activities,Industry,323,1,Used,"Scrap, used and secondhand goods /1/",SummarySpecialCommodity,,208,numeric
summary_make_components_2017,2017,summary,producer_make,IOMake_After_Redefinitions_PRO_Summary.xlsx,2017,BW30,23,323,Printing and related support activities,Industry,323,2,Other,Noncomparable imports and rest-of-the-world adjustment /2/,SummarySpecialCommodity,,0,ellipsis
summary_make_components_2017,2017,summary,producer_make,IOMake_After_Redefinitions_PRO_Summary.xlsx,2017,BV31,24,324,Petroleum and coal products,Industry,324,1,Used,"Scrap, used and secondhand goods /1/",SummarySpecialCommodity,,0,ellipsis
summary_make_components_2017,2017,summary,producer_make,IOMake_After_Redefinitions_PRO_Summary.xlsx,2017,BW31,24,324,Petroleum and coal products,Industry,324,2,Other,Noncomparable imports and rest-of-the-world adjustment /2/,SummarySpecialCommodity,,0,ellipsis
summary_make_components_2017,2017,summary,producer_make,IOMake_After_Redefinitions_PRO_Summary.xlsx,2017,BV32,25,325,Chemical products,Industry,325,1,Used,"Scrap, used and secondhand goods /1/",SummarySpecialCommodity,,0,ellipsis
summary_make_components_2017,2017,summary,producer_make,IOMake_After_Redefinitions_PRO_Summary.xlsx,2017,BW32,25,325,Chemical products,Industry,325,2,Other,Noncomparable imports and rest-of-the-world adjustment /2/,SummarySpecialCommodity,,0,ellipsis
summary_make_components_2017,2017,summary,producer_make,IOMake_After_Redefinitions_PRO_Summary.xlsx,2017,BV33,26,326,Plastics and rubber products,Industry,326,1,Used,"Scrap, used and secondhand goods /1/",SummarySpecialCommodity,,269,numeric
summary_make_components_2017,2017,summary,producer_make,IOMake_After_Redefinitions_PRO_Summary.xlsx,2017,BW33,26,326,Plastics and rubber products,Industry,326,2,Other,Noncomparable imports and rest-of-the-world adjustment /2/,SummarySpecialCommodity,,0,ellipsis
summary_make_components_2017,2017,summary,producer_make,IOMake_After_Redefinitions_PRO_Summary.xlsx,2017,BV34,27,42,Wholesale trade,Industry,42,1,Used,"Scrap, used and secondhand goods /1/",SummarySpecialCommodity,,0,ellipsis
summary_make_components_2017,2017,summary,producer_make,IOMake_After_Redefinitions_PRO_Summary.xlsx,2017,BW34,27,42,Wholesale trade,Industry,42,2,Other,Noncomparable imports and rest-of-the-world adjustment /2/,SummarySpecialCommodity,,0,ellipsis
summary_make_components_2017,2017,summary,producer_make,IOMake_After_Redefinitions_PRO_Summary.xlsx,2017,BV35,28,441,Motor vehicle and parts dealers,Industry,441,1,Used,"Scrap, used and secondhand goods /1/",SummarySpecialCommodity,,0,ellipsis
summary_make_components_2017,2017,summary,producer_make,IOMake_After_Redefinitions_PRO_Summary.xlsx,2017,BW35,28,441,Motor vehicle and parts dealers,Industry,441,2,Other,Noncomparable imports and rest-of-the-world adjustment /2/,SummarySpecialCommodity,,0,ellipsis
summary_make_components_2017,2017,summary,producer_make,IOMake_After_Redefinitions_PRO_Summary.xlsx,2017,BV36,29,445,Food and beverage stores,Industry,445,1,Used,"Scrap, used and secondhand goods /1/",SummarySpecialCommodity,,0,ellipsis
summary_make_components_2017,2017,summary,producer_make,IOMake_After_Redefinitions_PRO_Summary.xlsx,2017,BW36,29,445,Food and beverage stores,Industry,445,2,Other,Noncomparable imports and rest-of-the-world adjustment /2/,SummarySpecialCommodity,,0,ellipsis
summary_make_components_2017,2017,summary,producer_make,IOMake_After_Redefinitions_PRO_Summary.xlsx,2017,BV37,30,452,General merchandise stores,Industry,452,1,Used,"Scrap, used and secondhand goods /1/",SummarySpecialCommodity,,0,ellipsis
summary_make_components_2017,2017,summary,producer_make,IOMake_After_Redefinitions_PRO_Summary.xlsx,2017,BW37,30,452,General merchandise stores,Industry,452,2,Other,Noncomparable imports and rest-of-the-world adjustment /2/,SummarySpecialCommodity,,0,ellipsis
summary_make_components_2017,2017,summary,producer_make,IOMake_After_Redefinitions_PRO_Summary.xlsx,2017,BV38,31,4A0,Other retail,Industry,4A0,1,Used,"Scrap, used and secondhand goods /1/",SummarySpecialCommodity,,0,ellipsis
summary_make_components_2017,2017,summary,producer_make,IOMake_After_Redefinitions_PRO_Summary.xlsx,2017,BW38,31,4A0,Other retail,Industry,4A0,2,Other,Noncomparable imports and rest-of-the-world adjustment /2/,SummarySpecialCommodity,,0,ellipsis
summary_make_components_2017,2017,summary,producer_make,IOMake_After_Redefinitions_PRO_Summary.xlsx,2017,BV39,32,481,Air transportation,Industry,481,1,Used,"Scrap, used and secondhand goods /1/",SummarySpecialCommodity,,0,ellipsis
summary_make_components_2017,2017,summary,producer_make,IOMake_After_Redefinitions_PRO_Summary.xlsx,2017,BW39,32,481,Air transportation,Industry,481,2,Other,Noncomparable imports and rest-of-the-world adjustment /2/,SummarySpecialCommodity,,0,ellipsis
summary_make_components_2017,2017,summary,producer_make,IOMake_After_Redefinitions_PRO_Summary.xlsx,2017,BV40,33,482,Rail transportation,Industry,482,1,Used,"Scrap, used and secondhand goods /1/",SummarySpecialCommodity,,0,ellipsis
summary_make_components_2017,2017,summary,producer_make,IOMake_After_Redefinitions_PRO_Summary.xlsx,2017,BW40,33,482,Rail transportation,Industry,482,2,Other,Noncomparable imports and rest-of-the-world adjustment /2/,SummarySpecialCommodity,,0,ellipsis
summary_make_components_2017,2017,summary,producer_make,IOMake_After_Redefinitions_PRO_Summary.xlsx,2017,BV41,34,483,Water transportation,Industry,483,1,Used,"Scrap, used and secondhand goods /1/",SummarySpecialCommodity,,0,ellipsis
summary_make_components_2017,2017,summary,producer_make,IOMake_After_Redefinitions_PRO_Summary.xlsx,2017,BW41,34,483,Water transportation,Industry,483,2,Other,Noncomparable imports and rest-of-the-world adjustment /2/,SummarySpecialCommodity,,0,ellipsis
summary_make_components_2017,2017,summary,producer_make,IOMake_After_Redefinitions_PRO_Summary.xlsx,2017,BV42,35,484,Truck transportation,Industry,484,1,Used,"Scrap, used and secondhand goods /1/",SummarySpecialCommodity,,0,ellipsis
summary_make_components_2017,2017,summary,producer_make,IOMake_After_Redefinitions_PRO_Summary.xlsx,2017,BW42,35,484,Truck transportation,Industry,484,2,Other,Noncomparable imports and rest-of-the-world adjustment /2/,SummarySpecialCommodity,,0,ellipsis
summary_make_components_2017,2017,summary,producer_make,IOMake_After_Redefinitions_PRO_Summary.xlsx,2017,BV43,36,485,Transit and ground passenger transportation,Industry,485,1,Used,"Scrap, used and secondhand goods /1/",SummarySpecialCommodity,,0,ellipsis
summary_make_components_2017,2017,summary,producer_make,IOMake_After_Redefinitions_PRO_Summary.xlsx,2017,BW43,36,485,Transit and ground passenger transportation,Industry,485,2,Other,Noncomparable imports and rest-of-the-world adjustment /2/,SummarySpecialCommodity,,0,ellipsis
summary_make_components_2017,2017,summary,producer_make,IOMake_After_Redefinitions_PRO_Summary.xlsx,2017,BV44,37,486,Pipeline transportation,Industry,486,1,Used,"Scrap, used and secondhand goods /1/",SummarySpecialCommodity,,0,ellipsis
summary_make_components_2017,2017,summary,producer_make,IOMake_After_Redefinitions_PRO_Summary.xlsx,2017,BW44,37,486,Pipeline transportation,Industry,486,2,Other,Noncomparable imports and rest-of-the-world adjustment /2/,SummarySpecialCommodity,,0,ellipsis
summary_make_components_2017,2017,summary,producer_make,IOMake_After_Redefinitions_PRO_Summary.xlsx,2017,BV45,38,487OS,Other transportation and support activities,Industry,487OS,1,Used,"Scrap, used and secondhand goods /1/",SummarySpecialCommodity,,0,ellipsis
summary_make_components_2017,2017,summary,producer_make,IOMake_After_Redefinitions_PRO_Summary.xlsx,2017,BW45,38,487OS,Other transportation and support activities,Industry,487OS,2,Other,Noncomparable imports and rest-of-the-world adjustment /2/,SummarySpecialCommodity,,0,ellipsis
summary_make_components_2017,2017,summary,producer_make,IOMake_After_Redefinitions_PRO_Summary.xlsx,2017,BV46,39,493,Warehousing and storage,Industry,493,1,Used,"Scrap, used and secondhand goods /1/",SummarySpecialCommodity,,0,ellipsis
summary_make_components_2017,2017,summary,producer_make,IOMake_After_Redefinitions_PRO_Summary.xlsx,2017,BW46,39,493,Warehousing and storage,Industry,493,2,Other,Noncomparable imports and rest-of-the-world adjustment /2/,SummarySpecialCommodity,,0,ellipsis
summary_make_components_2017,2017,summary,producer_make,IOMake_After_Redefinitions_PRO_Summary.xlsx,2017,BV47,40,511,"Publishing industries, except internet (includes software)",Industry,511,1,Used,"Scrap, used and secondhand goods /1/",SummarySpecialCommodity,,0,ellipsis
summary_make_components_2017,2017,summary,producer_make,IOMake_After_Redefinitions_PRO_Summary.xlsx,2017,BW47,40,511,"Publishing industries, except internet (includes software)",Industry,511,2,Other,Noncomparable imports and rest-of-the-world adjustment /2/,SummarySpecialCommodity,,0,ellipsis
summary_make_components_2017,2017,summary,producer_make,IOMake_After_Redefinitions_PRO_Summary.xlsx,2017,BV48,41,512,Motion picture and sound recording industries,Industry,512,1,Used,"Scrap, used and secondhand goods /1/",SummarySpecialCommodity,,0,ellipsis
summary_make_components_2017,2017,summary,producer_make,IOMake_After_Redefinitions_PRO_Summary.xlsx,2017,BW48,41,512,Motion picture and sound recording industries,Industry,512,2,Other,Noncomparable imports and rest-of-the-world adjustment /2/,SummarySpecialCommodity,,0,ellipsis
summary_make_components_2017,2017,summary,producer_make,IOMake_After_Redefinitions_PRO_Summary.xlsx,2017,BV49,42,513,Broadcasting and telecommunications,Industry,513,1,Used,"Scrap, used and secondhand goods /1/",SummarySpecialCommodity,,0,ellipsis
summary_make_components_2017,2017,summary,producer_make,IOMake_After_Redefinitions_PRO_Summary.xlsx,2017,BW49,42,513,Broadcasting and telecommunications,Industry,513,2,Other,Noncomparable imports and rest-of-the-world adjustment /2/,SummarySpecialCommodity,,0,ellipsis
summary_make_components_2017,2017,summary,producer_make,IOMake_After_Redefinitions_PRO_Summary.xlsx,2017,BV50,43,514,"Data processing, internet publishing, and other information services",Industry,514,1,Used,"Scrap, used and secondhand goods /1/",SummarySpecialCommodity,,0,ellipsis
summary_make_components_2017,2017,summary,producer_make,IOMake_After_Redefinitions_PRO_Summary.xlsx,2017,BW50,43,514,"Data processing, internet publishing, and other information services",Industry,514,2,Other,Noncomparable imports and rest-of-the-world adjustment /2/,SummarySpecialCommodity,,0,ellipsis
summary_make_components_2017,2017,summary,producer_make,IOMake_After_Redefinitions_PRO_Summary.xlsx,2017,BV51,44,521CI,"Federal Reserve banks, credit intermediation, and related activities",Industry,521CI,1,Used,"Scrap, used and secondhand goods /1/",SummarySpecialCommodity,,0,ellipsis
summary_make_components_2017,2017,summary,producer_make,IOMake_After_Redefinitions_PRO_Summary.xlsx,2017,BW51,44,521CI,"Federal Reserve banks, credit intermediation, and related activities",Industry,521CI,2,Other,Noncomparable imports and rest-of-the-world adjustment /2/,SummarySpecialCommodity,,0,ellipsis
summary_make_components_2017,2017,summary,producer_make,IOMake_After_Redefinitions_PRO_Summary.xlsx,2017,BV52,45,523,"Securities, commodity contracts, and investments",Industry,523,1,Used,"Scrap, used and secondhand goods /1/",SummarySpecialCommodity,,0,ellipsis
summary_make_components_2017,2017,summary,producer_make,IOMake_After_Redefinitions_PRO_Summary.xlsx,2017,BW52,45,523,"Securities, commodity contracts, and investments",Industry,523,2,Other,Noncomparable imports and rest-of-the-world adjustment /2/,SummarySpecialCommodity,,0,ellipsis
summary_make_components_2017,2017,summary,producer_make,IOMake_After_Redefinitions_PRO_Summary.xlsx,2017,BV53,46,524,Insurance carriers and related activities,Industry,524,1,Used,"Scrap, used and secondhand goods /1/",SummarySpecialCommodity,,0,ellipsis
summary_make_components_2017,2017,summary,producer_make,IOMake_After_Redefinitions_PRO_Summary.xlsx,2017,BW53,46,524,Insurance carriers and related activities,Industry,524,2,Other,Noncomparable imports and rest-of-the-world adjustment /2/,SummarySpecialCommodity,,0,ellipsis
summary_make_components_2017,2017,summary,producer_make,IOMake_After_Redefinitions_PRO_Summary.xlsx,2017,BV54,47,525,"Funds, trusts, and other financial vehicles",Industry,525,1,Used,"Scrap, used and secondhand goods /1/",SummarySpecialCommodity,,0,ellipsis
summary_make_components_2017,2017,summary,producer_make,IOMake_After_Redefinitions_PRO_Summary.xlsx,2017,BW54,47,525,"Funds, trusts, and other financial vehicles",Industry,525,2,Other,Noncomparable imports and rest-of-the-world adjustment /2/,SummarySpecialCommodity,,0,ellipsis
summary_make_components_2017,2017,summary,producer_make,IOMake_After_Redefinitions_PRO_Summary.xlsx,2017,BV55,48,HS,Housing,Industry,HS,1,Used,"Scrap, used and secondhand goods /1/",SummarySpecialCommodity,,0,ellipsis
summary_make_components_2017,2017,summary,producer_make,IOMake_After_Redefinitions_PRO_Summary.xlsx,2017,BW55,48,HS,Housing,Industry,HS,2,Other,Noncomparable imports and rest-of-the-world adjustment /2/,SummarySpecialCommodity,,0,ellipsis
summary_make_components_2017,2017,summary,producer_make,IOMake_After_Redefinitions_PRO_Summary.xlsx,2017,BV56,49,ORE,Other real estate,Industry,ORE,1,Used,"Scrap, used and secondhand goods /1/",SummarySpecialCommodity,,0,ellipsis
summary_make_components_2017,2017,summary,producer_make,IOMake_After_Redefinitions_PRO_Summary.xlsx,2017,BW56,49,ORE,Other real estate,Industry,ORE,2,Other,Noncomparable imports and rest-of-the-world adjustment /2/,SummarySpecialCommodity,,0,ellipsis
summary_make_components_2017,2017,summary,producer_make,IOMake_After_Redefinitions_PRO_Summary.xlsx,2017,BV57,50,532RL,Rental and leasing services and lessors of intangible assets,Industry,532RL,1,Used,"Scrap, used and secondhand goods /1/",SummarySpecialCommodity,,0,ellipsis
summary_make_components_2017,2017,summary,producer_make,IOMake_After_Redefinitions_PRO_Summary.xlsx,2017,BW57,50,532RL,Rental and leasing services and lessors of intangible assets,Industry,532RL,2,Other,Noncomparable imports and rest-of-the-world adjustment /2/,SummarySpecialCommodity,,0,ellipsis
summary_make_components_2017,2017,summary,producer_make,IOMake_After_Redefinitions_PRO_Summary.xlsx,2017,BV58,51,5411,Legal services,Industry,5411,1,Used,"Scrap, used and secondhand goods /1/",SummarySpecialCommodity,,0,ellipsis
summary_make_components_2017,2017,summary,producer_make,IOMake_After_Redefinitions_PRO_Summary.xlsx,2017,BW58,51,5411,Legal services,Industry,5411,2,Other,Noncomparable imports and rest-of-the-world adjustment /2/,SummarySpecialCommodity,,0,ellipsis
summary_make_components_2017,2017,summary,producer_make,IOMake_After_Redefinitions_PRO_Summary.xlsx,2017,BV59,52,5415,Computer systems design and related services,Industry,5415,1,Used,"Scrap, used and secondhand goods /1/",SummarySpecialCommodity,,0,ellipsis
summary_make_components_2017,2017,summary,producer_make,IOMake_After_Redefinitions_PRO_Summary.xlsx,2017,BW59,52,5415,Computer systems design and related services,Industry,5415,2,Other,Noncomparable imports and rest-of-the-world adjustment /2/,SummarySpecialCommodity,,0,ellipsis
summary_make_components_2017,2017,summary,producer_make,IOMake_After_Redefinitions_PRO_Summary.xlsx,2017,BV60,53,5412OP,"Miscellaneous professional, scientific, and technical services",Industry,5412OP,1,Used,"Scrap, used and secondhand goods /1/",SummarySpecialCommodity,,0,ellipsis
summary_make_components_2017,2017,summary,producer_make,IOMake_After_Redefinitions_PRO_Summary.xlsx,2017,BW60,53,5412OP,"Miscellaneous professional, scientific, and technical services",Industry,5412OP,2,Other,Noncomparable imports and rest-of-the-world adjustment /2/,SummarySpecialCommodity,,0,ellipsis
summary_make_components_2017,2017,summary,producer_make,IOMake_After_Redefinitions_PRO_Summary.xlsx,2017,BV61,54,55,Management of companies and enterprises,Industry,55,1,Used,"Scrap, used and secondhand goods /1/",SummarySpecialCommodity,,0,ellipsis
summary_make_components_2017,2017,summary,producer_make,IOMake_After_Redefinitions_PRO_Summary.xlsx,2017,BW61,54,55,Management of companies and enterprises,Industry,55,2,Other,Noncomparable imports and rest-of-the-world adjustment /2/,SummarySpecialCommodity,,0,ellipsis
summary_make_components_2017,2017,summary,producer_make,IOMake_After_Redefinitions_PRO_Summary.xlsx,2017,BV62,55,561,Administrative and support services,Industry,561,1,Used,"Scrap, used and secondhand goods /1/",SummarySpecialCommodity,,0,ellipsis
summary_make_components_2017,2017,summary,producer_make,IOMake_After_Redefinitions_PRO_Summary.xlsx,2017,BW62,55,561,Administrative and support services,Industry,561,2,Other,Noncomparable imports and rest-of-the-world adjustment /2/,SummarySpecialCommodity,,0,ellipsis
summary_make_components_2017,2017,summary,producer_make,IOMake_After_Redefinitions_PRO_Summary.xlsx,2017,BV63,56,562,Waste management and remediation services,Industry,562,1,Used,"Scrap, used and secondhand goods /1/",SummarySpecialCommodity,,829,numeric
summary_make_components_2017,2017,summary,producer_make,IOMake_After_Redefinitions_PRO_Summary.xlsx,2017,BW63,56,562,Waste management and remediation services,Industry,562,2,Other,Noncomparable imports and rest-of-the-world adjustment /2/,SummarySpecialCommodity,,0,ellipsis
summary_make_components_2017,2017,summary,producer_make,IOMake_After_Redefinitions_PRO_Summary.xlsx,2017,BV64,57,61,Educational services,Industry,61,1,Used,"Scrap, used and secondhand goods /1/",SummarySpecialCommodity,,0,ellipsis
summary_make_components_2017,2017,summary,producer_make,IOMake_After_Redefinitions_PRO_Summary.xlsx,2017,BW64,57,61,Educational services,Industry,61,2,Other,Noncomparable imports and rest-of-the-world adjustment /2/,SummarySpecialCommodity,,0,ellipsis
summary_make_components_2017,2017,summary,producer_make,IOMake_After_Redefinitions_PRO_Summary.xlsx,2017,BV65,58,621,Ambulatory health care services,Industry,621,1,Used,"Scrap, used and secondhand goods /1/",SummarySpecialCommodity,,0,ellipsis
summary_make_components_2017,2017,summary,producer_make,IOMake_After_Redefinitions_PRO_Summary.xlsx,2017,BW65,58,621,Ambulatory health care services,Industry,621,2,Other,Noncomparable imports and rest-of-the-world adjustment /2/,SummarySpecialCommodity,,0,ellipsis
summary_make_components_2017,2017,summary,producer_make,IOMake_After_Redefinitions_PRO_Summary.xlsx,2017,BV66,59,622,Hospitals,Industry,622,1,Used,"Scrap, used and secondhand goods /1/",SummarySpecialCommodity,,0,ellipsis
summary_make_components_2017,2017,summary,producer_make,IOMake_After_Redefinitions_PRO_Summary.xlsx,2017,BW66,59,622,Hospitals,Industry,622,2,Other,Noncomparable imports and rest-of-the-world adjustment /2/,SummarySpecialCommodity,,0,ellipsis
summary_make_components_2017,2017,summary,producer_make,IOMake_After_Redefinitions_PRO_Summary.xlsx,2017,BV67,60,623,Nursing and residential care facilities,Industry,623,1,Used,"Scrap, used and secondhand goods /1/",SummarySpecialCommodity,,0,ellipsis
summary_make_components_2017,2017,summary,producer_make,IOMake_After_Redefinitions_PRO_Summary.xlsx,2017,BW67,60,623,Nursing and residential care facilities,Industry,623,2,Other,Noncomparable imports and rest-of-the-world adjustment /2/,SummarySpecialCommodity,,0,ellipsis
summary_make_components_2017,2017,summary,producer_make,IOMake_After_Redefinitions_PRO_Summary.xlsx,2017,BV68,61,624,Social assistance,Industry,624,1,Used,"Scrap, used and secondhand goods /1/",SummarySpecialCommodity,,0,ellipsis
summary_make_components_2017,2017,summary,producer_make,IOMake_After_Redefinitions_PRO_Summary.xlsx,2017,BW68,61,624,Social assistance,Industry,624,2,Other,Noncomparable imports and rest-of-the-world adjustment /2/,SummarySpecialCommodity,,0,ellipsis
summary_make_components_2017,2017,summary,producer_make,IOMake_After_Redefinitions_PRO_Summary.xlsx,2017,BV69,62,711AS,"Performing arts, spectator sports, museums, and related activities",Industry,711AS,1,Used,"Scrap, used and secondhand goods /1/",SummarySpecialCommodity,,0,ellipsis
summary_make_components_2017,2017,summary,producer_make,IOMake_After_Redefinitions_PRO_Summary.xlsx,2017,BW69,62,711AS,"Performing arts, spectator sports, museums, and related activities",Industry,711AS,2,Other,Noncomparable imports and rest-of-the-world adjustment /2/,SummarySpecialCommodity,,0,ellipsis
summary_make_components_2017,2017,summary,producer_make,IOMake_After_Redefinitions_PRO_Summary.xlsx,2017,BV70,63,713,"Amusements, gambling, and recreation industries",Industry,713,1,Used,"Scrap, used and secondhand goods /1/",SummarySpecialCommodity,,0,ellipsis
summary_make_components_2017,2017,summary,producer_make,IOMake_After_Redefinitions_PRO_Summary.xlsx,2017,BW70,63,713,"Amusements, gambling, and recreation industries",Industry,713,2,Other,Noncomparable imports and rest-of-the-world adjustment /2/,SummarySpecialCommodity,,0,ellipsis
summary_make_components_2017,2017,summary,producer_make,IOMake_After_Redefinitions_PRO_Summary.xlsx,2017,BV71,64,721,Accommodation,Industry,721,1,Used,"Scrap, used and secondhand goods /1/",SummarySpecialCommodity,,0,ellipsis
summary_make_components_2017,2017,summary,producer_make,IOMake_After_Redefinitions_PRO_Summary.xlsx,2017,BW71,64,721,Accommodation,Industry,721,2,Other,Noncomparable imports and rest-of-the-world adjustment /2/,SummarySpecialCommodity,,0,ellipsis
summary_make_components_2017,2017,summary,producer_make,IOMake_After_Redefinitions_PRO_Summary.xlsx,2017,BV72,65,722,Food services and drinking places,Industry,722,1,Used,"Scrap, used and secondhand goods /1/",SummarySpecialCommodity,,8,numeric
summary_make_components_2017,2017,summary,producer_make,IOMake_After_Redefinitions_PRO_Summary.xlsx,2017,BW72,65,722,Food services and drinking places,Industry,722,2,Other,Noncomparable imports and rest-of-the-world adjustment /2/,SummarySpecialCommodity,,0,ellipsis
summary_make_components_2017,2017,summary,producer_make,IOMake_After_Redefinitions_PRO_Summary.xlsx,2017,BV73,66,81,"Other services, except government",Industry,81,1,Used,"Scrap, used and secondhand goods /1/",SummarySpecialCommodity,,0,ellipsis
summary_make_components_2017,2017,summary,producer_make,IOMake_After_Redefinitions_PRO_Summary.xlsx,2017,BW73,66,81,"Other services, except government",Industry,81,2,Other,Noncomparable imports and rest-of-the-world adjustment /2/,SummarySpecialCommodity,,0,ellipsis
summary_make_components_2017,2017,summary,producer_make,IOMake_After_Redefinitions_PRO_Summary.xlsx,2017,BV74,67,GFGD,Federal general government (defense),Industry,GFGD,1,Used,"Scrap, used and secondhand goods /1/",SummarySpecialCommodity,,0,ellipsis
summary_make_components_2017,2017,summary,producer_make,IOMake_After_Redefinitions_PRO_Summary.xlsx,2017,BW74,67,GFGD,Federal general government (defense),Industry,GFGD,2,Other,Noncomparable imports and rest-of-the-world adjustment /2/,SummarySpecialCommodity,,0,ellipsis
summary_make_components_2017,2017,summary,producer_make,IOMake_After_Redefinitions_PRO_Summary.xlsx,2017,BV75,68,GFGN,Federal general government (nondefense),Industry,GFGN,1,Used,"Scrap, used and secondhand goods /1/",SummarySpecialCommodity,,0,ellipsis
summary_make_components_2017,2017,summary,producer_make,IOMake_After_Redefinitions_PRO_Summary.xlsx,2017,BW75,68,GFGN,Federal general government (nondefense),Industry,GFGN,2,Other,Noncomparable imports and rest-of-the-world adjustment /2/,SummarySpecialCommodity,,3468,numeric
summary_make_components_2017,2017,summary,producer_make,IOMake_After_Redefinitions_PRO_Summary.xlsx,2017,BV76,69,GFE,Federal government enterprises,Industry,GFE,1,Used,"Scrap, used and secondhand goods /1/",SummarySpecialCommodity,,0,ellipsis
summary_make_components_2017,2017,summary,producer_make,IOMake_After_Redefinitions_PRO_Summary.xlsx,2017,BW76,69,GFE,Federal government enterprises,Industry,GFE,2,Other,Noncomparable imports and rest-of-the-world adjustment /2/,SummarySpecialCommodity,,0,ellipsis
summary_make_components_2017,2017,summary,producer_make,IOMake_After_Redefinitions_PRO_Summary.xlsx,2017,BV77,70,GSLG,State and local general government,Industry,GSLG,1,Used,"Scrap, used and secondhand goods /1/",SummarySpecialCommodity,,4118,numeric
summary_make_components_2017,2017,summary,producer_make,IOMake_After_Redefinitions_PRO_Summary.xlsx,2017,BW77,70,GSLG,State and local general government,Industry,GSLG,2,Other,Noncomparable imports and rest-of-the-world adjustment /2/,SummarySpecialCommodity,,0,ellipsis
summary_make_components_2017,2017,summary,producer_make,IOMake_After_Redefinitions_PRO_Summary.xlsx,2017,BV78,71,GSLE,State and local government enterprises,Industry,GSLE,1,Used,"Scrap, used and secondhand goods /1/",SummarySpecialCommodity,,0,ellipsis
summary_make_components_2017,2017,summary,producer_make,IOMake_After_Redefinitions_PRO_Summary.xlsx,2017,BW78,71,GSLE,State and local government enterprises,Industry,GSLE,2,Other,Noncomparable imports and rest-of-the-world adjustment /2/,SummarySpecialCommodity,,0,ellipsis
summary_make_output_2017,2017,summary,producer_make,IOMake_After_Redefinitions_PRO_Summary.xlsx,2017,BV79,1,T007,Total Commodity Output,Control,,1,Used,"Scrap, used and secondhand goods /1/",SummarySpecialCommodity,,10763,numeric
summary_make_output_2017,2017,summary,producer_make,IOMake_After_Redefinitions_PRO_Summary.xlsx,2017,BW79,1,T007,Total Commodity Output,Control,,2,Other,Noncomparable imports and rest-of-the-world adjustment /2/,SummarySpecialCommodity,,3468,numeric
