table_key,api_row_position,row_code,api_column_position,column_code,api_token,api_token_class,api_numeric_value_millions,authenticated_display_value_millions,common_basis_source_cell_kind,common_basis_value_millions,exact_semantic_and_value_match
UIMARI,1,111CA,1,111CA,"2,607",NONZERO_INTEGER,2607,2607,numeric,2607,true
UIMARI,1,111CA,2,113FF,31,NONZERO_INTEGER,31,31,numeric,31,true
UIMARI,1,111CA,3,211,---,MARKER_TRIPLE_DASH,,0,selected_zero_not_shown,0,true
UIMARI,1,111CA,4,212,0,LITERAL_ZERO,0,0,numeric,0,true
UIMARI,1,111CA,5,213,0,LITERAL_ZERO,0,0,numeric,0,true
UIMARI,1,111CA,6,22,---,MARKER_TRIPLE_DASH,,0,selected_zero_not_shown,0,true
UIMARI,1,111CA,7,23,70,NONZERO_INTEGER,70,70,numeric,70,true
UIMARI,1,111CA,8,321,---,MARKER_TRIPLE_DASH,,0,selected_zero_not_shown,0,true
UIMARI,1,111CA,9,327,---,MARKER_TRIPLE_DASH,,0,selected_zero_not_shown,0,true
UIMARI,1,111CA,10,331,---,MARKER_TRIPLE_DASH,,0,selected_zero_not_shown,0,true
UIMARI,1,111CA,11,332,---,MARKER_TRIPLE_DASH,,0,selected_zero_not_shown,0,true
UIMARI,1,111CA,12,333,---,MARKER_TRIPLE_DASH,,0,selected_zero_not_shown,0,true
UIMARI,1,111CA,13,334,---,MARKER_TRIPLE_DASH,,0,selected_zero_not_shown,0,true
UIMARI,1,111CA,14,335,---,MARKER_TRIPLE_DASH,,0,selected_zero_not_shown,0,true
UIMARI,1,111CA,15,3361MV,---,MARKER_TRIPLE_DASH,,0,selected_zero_not_shown,0,true
UIMARI,1,111CA,16,3364OT,---,MARKER_TRIPLE_DASH,,0,selected_zero_not_shown,0,true
UIMARI,1,111CA,17,337,---,MARKER_TRIPLE_DASH,,0,selected_zero_not_shown,0,true
UIMARI,1,111CA,18,339,8,NONZERO_INTEGER,8,8,numeric,8,true
UIMARI,1,111CA,19,311FT,"18,161",NONZERO_INTEGER,18161,18161,numeric,18161,true
UIMARI,1,111CA,20,313TT,5,NONZERO_INTEGER,5,5,numeric,5,true
UIMARI,1,111CA,21,315AL,---,MARKER_TRIPLE_DASH,,0,selected_zero_not_shown,0,true
UIMARI,1,111CA,22,322,---,MARKER_TRIPLE_DASH,,0,selected_zero_not_shown,0,true
UIMARI,1,111CA,23,323,---,MARKER_TRIPLE_DASH,,0,selected_zero_not_shown,0,true
UIMARI,1,111CA,24,324,---,MARKER_TRIPLE_DASH,,0,selected_zero_not_shown,0,true
UIMARI,1,111CA,25,325,475,NONZERO_INTEGER,475,475,numeric,475,true
UIMARI,1,111CA,26,326,---,MARKER_TRIPLE_DASH,,0,selected_zero_not_shown,0,true
UIMARI,1,111CA,27,42,2,NONZERO_INTEGER,2,2,numeric,2,true
UIMARI,1,111CA,28,441,35,NONZERO_INTEGER,35,35,numeric,35,true
UIMARI,1,111CA,29,445,12,NONZERO_INTEGER,12,12,numeric,12,true
UIMARI,1,111CA,30,452,4,NONZERO_INTEGER,4,4,numeric,4,true
UIMARI,1,111CA,31,4A0,13,NONZERO_INTEGER,13,13,numeric,13,true
UIMARI,1,111CA,32,481,---,MARKER_TRIPLE_DASH,,0,selected_zero_not_shown,0,true
UIMARI,1,111CA,33,482,---,MARKER_TRIPLE_DASH,,0,selected_zero_not_shown,0,true
UIMARI,1,111CA,34,483,---,MARKER_TRIPLE_DASH,,0,selected_zero_not_shown,0,true
UIMARI,1,111CA,35,484,---,MARKER_TRIPLE_DASH,,0,selected_zero_not_shown,0,true
UIMARI,1,111CA,36,485,---,MARKER_TRIPLE_DASH,,0,selected_zero_not_shown,0,true
UIMARI,1,111CA,37,486,---,MARKER_TRIPLE_DASH,,0,selected_zero_not_shown,0,true
UIMARI,1,111CA,38,487OS,12,NONZERO_INTEGER,12,12,numeric,12,true
UIMARI,1,111CA,39,493,---,MARKER_TRIPLE_DASH,,0,selected_zero_not_shown,0,true
UIMARI,1,111CA,40,511,---,MARKER_TRIPLE_DASH,,0,selected_zero_not_shown,0,true
UIMARI,1,111CA,41,512,---,MARKER_TRIPLE_DASH,,0,selected_zero_not_shown,0,true
UIMARI,1,111CA,42,513,---,MARKER_TRIPLE_DASH,,0,selected_zero_not_shown,0,true
UIMARI,1,111CA,43,514,---,MARKER_TRIPLE_DASH,,0,selected_zero_not_shown,0,true
UIMARI,1,111CA,44,521CI,0,LITERAL_ZERO,0,0,numeric,0,true
UIMARI,1,111CA,45,523,---,MARKER_TRIPLE_DASH,,0,selected_zero_not_shown,0,true
UIMARI,1,111CA,46,524,---,MARKER_TRIPLE_DASH,,0,selected_zero_not_shown,0,true
UIMARI,1,111CA,47,525,---,MARKER_TRIPLE_DASH,,0,selected_zero_not_shown,0,true
UIMARI,1,111CA,48,HS,0,LITERAL_ZERO,0,0,numeric,0,true
UIMARI,1,111CA,49,ORE,0,LITERAL_ZERO,0,0,numeric,0,true
UIMARI,1,111CA,50,532RL,---,MARKER_TRIPLE_DASH,,0,selected_zero_not_shown,0,true
UIMARI,1,111CA,51,5411,0,LITERAL_ZERO,0,0,numeric,0,true
UIMARI,1,111CA,52,5415,0,LITERAL_ZERO,0,0,numeric,0,true
UIMARI,1,111CA,53,5412OP,59,NONZERO_INTEGER,59,59,numeric,59,true
UIMARI,1,111CA,54,55,1,NONZERO_INTEGER,1,1,numeric,1,true
UIMARI,1,111CA,55,561,102,NONZERO_INTEGER,102,102,numeric,102,true
UIMARI,1,111CA,56,562,---,MARKER_TRIPLE_DASH,,0,selected_zero_not_shown,0,true
UIMARI,1,111CA,57,61,65,NONZERO_INTEGER,65,65,numeric,65,true
UIMARI,1,111CA,58,621,---,MARKER_TRIPLE_DASH,,0,selected_zero_not_shown,0,true
UIMARI,1,111CA,59,622,---,MARKER_TRIPLE_DASH,,0,selected_zero_not_shown,0,true
UIMARI,1,111CA,60,623,---,MARKER_TRIPLE_DASH,,0,selected_zero_not_shown,0,true
UIMARI,1,111CA,61,624,---,MARKER_TRIPLE_DASH,,0,selected_zero_not_shown,0,true
UIMARI,1,111CA,62,711AS,---,MARKER_TRIPLE_DASH,,0,selected_zero_not_shown,0,true
UIMARI,1,111CA,63,713,121,NONZERO_INTEGER,121,121,numeric,121,true
UIMARI,1,111CA,64,721,8,NONZERO_INTEGER,8,8,numeric,8,true
UIMARI,1,111CA,65,722,"3,901",NONZERO_INTEGER,3901,3901,numeric,3901,true
UIMARI,1,111CA,66,81,2,NONZERO_INTEGER,2,2,numeric,2,true
UIMARI,1,111CA,67,GFGD,20,NONZERO_INTEGER,20,20,numeric,20,true
UIMARI,1,111CA,68,GFGN,132,NONZERO_INTEGER,132,132,numeric,132,true
UIMARI,1,111CA,69,GFE,---,MARKER_TRIPLE_DASH,,0,selected_zero_not_shown,0,true
UIMARI,1,111CA,70,GSLG,732,NONZERO_INTEGER,732,732,numeric,732,true
UIMARI,1,111CA,71,GSLE,---,MARKER_TRIPLE_DASH,,0,selected_zero_not_shown,0,true
UIMARI,1,111CA,72,T001,"26,579",NONZERO_INTEGER,26579,26579,numeric,26579,true
UIMARI,1,111CA,73,F010,"33,931",NONZERO_INTEGER,33931,33931,numeric,33931,true
UIMARI,1,111CA,74,F02S,---,MARKER_TRIPLE_DASH,,0,selected_zero_not_shown,0,true
UIMARI,1,111CA,75,F02E,---,MARKER_TRIPLE_DASH,,0,selected_zero_not_shown,0,true
UIMARI,1,111CA,76,F02N,---,MARKER_TRIPLE_DASH,,0,selected_zero_not_shown,0,true
UIMARI,1,111CA,77,F02R,---,MARKER_TRIPLE_DASH,,0,selected_zero_not_shown,0,true
UIMARI,1,111CA,78,F030,75,NONZERO_INTEGER,75,75,numeric,75,true
UIMARI,1,111CA,79,F040,---,MARKER_TRIPLE_DASH,,0,selected_zero_not_shown,0,true
UIMARI,1,111CA,80,F050,"-60,585",NONZERO_INTEGER,-60585,-60585,numeric,-60585,true
UIMARI,1,111CA,81,F06C,---,MARKER_TRIPLE_DASH,,0,selected_zero_not_shown,0,true
UIMARI,1,111CA,82,F06S,---,MARKER_TRIPLE_DASH,,0,selected_zero_not_shown,0,true
UIMARI,1,111CA,83,F06E,---,MARKER_TRIPLE_DASH,,0,selected_zero_not_shown,0,true
UIMARI,1,111CA,84,F06N,---,MARKER_TRIPLE_DASH,,0,selected_zero_not_shown,0,true
UIMARI,1,111CA,85,F07C,---,MARKER_TRIPLE_DASH,,0,selected_zero_not_shown,0,true
UIMARI,1,111CA,86,F07S,---,MARKER_TRIPLE_DASH,,0,selected_zero_not_shown,0,true
UIMARI,1,111CA,87,F07E,---,MARKER_TRIPLE_DASH,,0,selected_zero_not_shown,0,true
UIMARI,1,111CA,88,F07N,---,MARKER_TRIPLE_DASH,,0,selected_zero_not_shown,0,true
UIMARI,1,111CA,89,F10C,---,MARKER_TRIPLE_DASH,,0,selected_zero_not_shown,0,true
UIMARI,1,111CA,90,F10S,---,MARKER_TRIPLE_DASH,,0,selected_zero_not_shown,0,true
UIMARI,1,111CA,91,F10E,---,MARKER_TRIPLE_DASH,,0,selected_zero_not_shown,0,true
UIMARI,1,111CA,92,F10N,---,MARKER_TRIPLE_DASH,,0,selected_zero_not_shown,0,true
UIMARI,1,111CA,93,T004,"-26,579",NONZERO_INTEGER,-26579,-26579,numeric,-26579,true
UIMARI,2,113FF,1,111CA,290,NONZERO_INTEGER,290,290,numeric,290,true
UIMARI,2,113FF,2,113FF,11,NONZERO_INTEGER,11,11,numeric,11,true
UIMARI,2,113FF,3,211,---,MARKER_TRIPLE_DASH,,0,selected_zero_not_shown,0,true
UIMARI,2,113FF,4,212,1,NONZERO_INTEGER,1,1,numeric,1,true
UIMARI,2,113FF,5,213,---,MARKER_TRIPLE_DASH,,0,selected_zero_not_shown,0,true
UIMARI,2,113FF,6,22,---,MARKER_TRIPLE_DASH,,0,selected_zero_not_shown,0,true
UIMARI,2,113FF,7,23,---,MARKER_TRIPLE_DASH,,0,selected_zero_not_shown,0,true
UIMARI,2,113FF,8,321,211,NONZERO_INTEGER,211,211,numeric,211,true
UIMARI,2,113FF,9,327,0,LITERAL_ZERO,0,0,numeric,0,true
UIMARI,2,113FF,10,331,---,MARKER_TRIPLE_DASH,,0,selected_zero_not_shown,0,true
UIMARI,2,113FF,11,332,---,MARKER_TRIPLE_DASH,,0,selected_zero_not_shown,0,true
UIMARI,2,113FF,12,333,---,MARKER_TRIPLE_DASH,,0,selected_zero_not_shown,0,true
UIMARI,2,113FF,13,334,---,MARKER_TRIPLE_DASH,,0,selected_zero_not_shown,0,true
UIMARI,2,113FF,14,335,---,MARKER_TRIPLE_DASH,,0,selected_zero_not_shown,0,true
UIMARI,2,113FF,15,3361MV,---,MARKER_TRIPLE_DASH,,0,selected_zero_not_shown,0,true
UIMARI,2,113FF,16,3364OT,---,MARKER_TRIPLE_DASH,,0,selected_zero_not_shown,0,true
UIMARI,2,113FF,17,337,73,NONZERO_INTEGER,73,73,numeric,73,true
UIMARI,2,113FF,18,339,183,NONZERO_INTEGER,183,183,numeric,183,true
UIMARI,2,113FF,19,311FT,"5,796",NONZERO_INTEGER,5796,5796,numeric,5796,true
UIMARI,2,113FF,20,313TT,---,MARKER_TRIPLE_DASH,,0,selected_zero_not_shown,0,true
UIMARI,2,113FF,21,315AL,18,NONZERO_INTEGER,18,18,numeric,18,true
UIMARI,2,113FF,22,322,40,NONZERO_INTEGER,40,40,numeric,40,true
UIMARI,2,113FF,23,323,19,NONZERO_INTEGER,19,19,numeric,19,true
UIMARI,2,113FF,24,324,---,MARKER_TRIPLE_DASH,,0,selected_zero_not_shown,0,true
UIMARI,2,113FF,25,325,271,NONZERO_INTEGER,271,271,numeric,271,true
UIMARI,2,113FF,26,326,"1,229",NONZERO_INTEGER,1229,1229,numeric,1229,true
UIMARI,2,113FF,27,42,---,MARKER_TRIPLE_DASH,,0,selected_zero_not_shown,0,true
UIMARI,2,113FF,28,441,---,MARKER_TRIPLE_DASH,,0,selected_zero_not_shown,0,true
UIMARI,2,113FF,29,445,408,NONZERO_INTEGER,408,408,numeric,408,true
UIMARI,2,113FF,30,452,---,MARKER_TRIPLE_DASH,,0,selected_zero_not_shown,0,true
UIMARI,2,113FF,31,4A0,---,MARKER_TRIPLE_DASH,,0,selected_zero_not_shown,0,true
UIMARI,2,113FF,32,481,---,MARKER_TRIPLE_DASH,,0,selected_zero_not_shown,0,true
UIMARI,2,113FF,33,482,---,MARKER_TRIPLE_DASH,,0,selected_zero_not_shown,0,true
UIMARI,2,113FF,34,483,---,MARKER_TRIPLE_DASH,,0,selected_zero_not_shown,0,true
UIMARI,2,113FF,35,484,---,MARKER_TRIPLE_DASH,,0,selected_zero_not_shown,0,true
UIMARI,2,113FF,36,485,---,MARKER_TRIPLE_DASH,,0,selected_zero_not_shown,0,true
UIMARI,2,113FF,37,486,---,MARKER_TRIPLE_DASH,,0,selected_zero_not_shown,0,true
UIMARI,2,113FF,38,487OS,1,NONZERO_INTEGER,1,1,numeric,1,true
UIMARI,2,113FF,39,493,---,MARKER_TRIPLE_DASH,,0,selected_zero_not_shown,0,true
UIMARI,2,113FF,40,511,---,MARKER_TRIPLE_DASH,,0,selected_zero_not_shown,0,true
UIMARI,2,113FF,41,512,---,MARKER_TRIPLE_DASH,,0,selected_zero_not_shown,0,true
UIMARI,2,113FF,42,513,---,MARKER_TRIPLE_DASH,,0,selected_zero_not_shown,0,true
UIMARI,2,113FF,43,514,---,MARKER_TRIPLE_DASH,,0,selected_zero_not_shown,0,true
UIMARI,2,113FF,44,521CI,---,MARKER_TRIPLE_DASH,,0,selected_zero_not_shown,0,true
UIMARI,2,113FF,45,523,---,MARKER_TRIPLE_DASH,,0,selected_zero_not_shown,0,true
UIMARI,2,113FF,46,524,---,MARKER_TRIPLE_DASH,,0,selected_zero_not_shown,0,true
UIMARI,2,113FF,47,525,---,MARKER_TRIPLE_DASH,,0,selected_zero_not_shown,0,true
UIMARI,2,113FF,48,HS,---,MARKER_TRIPLE_DASH,,0,selected_zero_not_shown,0,true
UIMARI,2,113FF,49,ORE,---,MARKER_TRIPLE_DASH,,0,selected_zero_not_shown,0,true
UIMARI,2,113FF,50,532RL,---,MARKER_TRIPLE_DASH,,0,selected_zero_not_shown,0,true
UIMARI,2,113FF,51,5411,---,MARKER_TRIPLE_DASH,,0,selected_zero_not_shown,0,true
UIMARI,2,113FF,52,5415,---,MARKER_TRIPLE_DASH,,0,selected_zero_not_shown,0,true
UIMARI,2,113FF,53,5412OP,13,NONZERO_INTEGER,13,13,numeric,13,true
UIMARI,2,113FF,54,55,0,LITERAL_ZERO,0,0,numeric,0,true
UIMARI,2,113FF,55,561,3,NONZERO_INTEGER,3,3,numeric,3,true
UIMARI,2,113FF,56,562,---,MARKER_TRIPLE_DASH,,0,selected_zero_not_shown,0,true
UIMARI,2,113FF,57,61,30,NONZERO_INTEGER,30,30,numeric,30,true
UIMARI,2,113FF,58,621,---,MARKER_TRIPLE_DASH,,0,selected_zero_not_shown,0,true
UIMARI,2,113FF,59,622,---,MARKER_TRIPLE_DASH,,0,selected_zero_not_shown,0,true
UIMARI,2,113FF,60,623,---,MARKER_TRIPLE_DASH,,0,selected_zero_not_shown,0,true
UIMARI,2,113FF,61,624,---,MARKER_TRIPLE_DASH,,0,selected_zero_not_shown,0,true
UIMARI,2,113FF,62,711AS,---,MARKER_TRIPLE_DASH,,0,selected_zero_not_shown,0,true
UIMARI,2,113FF,63,713,271,NONZERO_INTEGER,271,271,numeric,271,true
UIMARI,2,113FF,64,721,258,NONZERO_INTEGER,258,258,numeric,258,true
UIMARI,2,113FF,65,722,"5,328",NONZERO_INTEGER,5328,5328,numeric,5328,true
UIMARI,2,113FF,66,81,74,NONZERO_INTEGER,74,74,numeric,74,true
UIMARI,2,113FF,67,GFGD,---,MARKER_TRIPLE_DASH,,0,selected_zero_not_shown,0,true
UIMARI,2,113FF,68,GFGN,---,MARKER_TRIPLE_DASH,,0,selected_zero_not_shown,0,true
UIMARI,2,113FF,69,GFE,11,NONZERO_INTEGER,11,11,numeric,11,true
UIMARI,2,113FF,70,GSLG,774,NONZERO_INTEGER,774,774,numeric,774,true
UIMARI,2,113FF,71,GSLE,---,MARKER_TRIPLE_DASH,,0,selected_zero_not_shown,0,true
UIMARI,2,113FF,72,T001,"15,315",NONZERO_INTEGER,15315,15315,numeric,15315,true
UIMARI,2,113FF,73,F010,"4,417",NONZERO_INTEGER,4417,4417,numeric,4417,true
UIMARI,2,113FF,74,F02S,---,MARKER_TRIPLE_DASH,,0,selected_zero_not_shown,0,true
UIMARI,2,113FF,75,F02E,---,MARKER_TRIPLE_DASH,,0,selected_zero_not_shown,0,true
UIMARI,2,113FF,76,F02N,---,MARKER_TRIPLE_DASH,,0,selected_zero_not_shown,0,true
UIMARI,2,113FF,77,F02R,---,MARKER_TRIPLE_DASH,,0,selected_zero_not_shown,0,true
UIMARI,2,113FF,78,F030,-9,NONZERO_INTEGER,-9,-9,numeric,-9,true
UIMARI,2,113FF,79,F040,---,MARKER_TRIPLE_DASH,,0,selected_zero_not_shown,0,true
UIMARI,2,113FF,80,F050,"-19,722",NONZERO_INTEGER,-19722,-19722,numeric,-19722,true
UIMARI,2,113FF,81,F06C,---,MARKER_TRIPLE_DASH,,0,selected_zero_not_shown,0,true
UIMARI,2,113FF,82,F06S,---,MARKER_TRIPLE_DASH,,0,selected_zero_not_shown,0,true
UIMARI,2,113FF,83,F06E,---,MARKER_TRIPLE_DASH,,0,selected_zero_not_shown,0,true
UIMARI,2,113FF,84,F06N,---,MARKER_TRIPLE_DASH,,0,selected_zero_not_shown,0,true
UIMARI,2,113FF,85,F07C,---,MARKER_TRIPLE_DASH,,0,selected_zero_not_shown,0,true
UIMARI,2,113FF,86,F07S,---,MARKER_TRIPLE_DASH,,0,selected_zero_not_shown,0,true
UIMARI,2,113FF,87,F07E,---,MARKER_TRIPLE_DASH,,0,selected_zero_not_shown,0,true
UIMARI,2,113FF,88,F07N,---,MARKER_TRIPLE_DASH,,0,selected_zero_not_shown,0,true
UIMARI,2,113FF,89,F10C,---,MARKER_TRIPLE_DASH,,0,selected_zero_not_shown,0,true
UIMARI,2,113FF,90,F10S,---,MARKER_TRIPLE_DASH,,0,selected_zero_not_shown,0,true
UIMARI,2,113FF,91,F10E,---,MARKER_TRIPLE_DASH,,0,selected_zero_not_shown,0,true
UIMARI,2,113FF,92,F10N,---,MARKER_TRIPLE_DASH,,0,selected_zero_not_shown,0,true
UIMARI,2,113FF,93,T004,"-15,315",NONZERO_INTEGER,-15315,-15315,numeric,-15315,true
UIMARI,3,211,1,111CA,---,MARKER_TRIPLE_DASH,,0,selected_zero_not_shown,0,true
UIMARI,3,211,2,113FF,---,MARKER_TRIPLE_DASH,,0,selected_zero_not_shown,0,true
UIMARI,3,211,3,211,"7,354",NONZERO_INTEGER,7354,7354,numeric,7354,true
UIMARI,3,211,4,212,0,LITERAL_ZERO,0,0,numeric,0,true
UIMARI,3,211,5,213,0,LITERAL_ZERO,0,0,numeric,0,true
UIMARI,3,211,6,22,"2,001",NONZERO_INTEGER,2001,2001,numeric,2001,true
UIMARI,3,211,7,23,---,MARKER_TRIPLE_DASH,,0,selected_zero_not_shown,0,true
UIMARI,3,211,8,321,1,NONZERO_INTEGER,1,1,numeric,1,true
UIMARI,3,211,9,327,0,LITERAL_ZERO,0,0,numeric,0,true
UIMARI,3,211,10,331,0,LITERAL_ZERO,0,0,numeric,0,true
UIMARI,3,211,11,332,0,LITERAL_ZERO,0,0,numeric,0,true
UIMARI,3,211,12,333,---,MARKER_TRIPLE_DASH,,0,selected_zero_not_shown,0,true
UIMARI,3,211,13,334,---,MARKER_TRIPLE_DASH,,0,selected_zero_not_shown,0,true
UIMARI,3,211,14,335,---,MARKER_TRIPLE_DASH,,0,selected_zero_not_shown,0,true
UIMARI,3,211,15,3361MV,0,LITERAL_ZERO,0,0,numeric,0,true
UIMARI,3,211,16,3364OT,---,MARKER_TRIPLE_DASH,,0,selected_zero_not_shown,0,true
UIMARI,3,211,17,337,---,MARKER_TRIPLE_DASH,,0,selected_zero_not_shown,0,true
UIMARI,3,211,18,339,---,MARKER_TRIPLE_DASH,,0,selected_zero_not_shown,0,true
UIMARI,3,211,19,311FT,1,NONZERO_INTEGER,1,1,numeric,1,true
UIMARI,3,211,20,313TT,---,MARKER_TRIPLE_DASH,,0,selected_zero_not_shown,0,true
UIMARI,3,211,21,315AL,---,MARKER_TRIPLE_DASH,,0,selected_zero_not_shown,0,true
UIMARI,3,211,22,322,0,LITERAL_ZERO,0,0,numeric,0,true
UIMARI,3,211,23,323,0,LITERAL_ZERO,0,0,numeric,0,true
UIMARI,3,211,24,324,"161,668",NONZERO_INTEGER,161668,161668,numeric,161668,true
UIMARI,3,211,25,325,991,NONZERO_INTEGER,991,991,numeric,991,true
UIMARI,3,211,26,326,1,NONZERO_INTEGER,1,1,numeric,1,true
UIMARI,3,211,27,42,2,NONZERO_INTEGER,2,2,numeric,2,true
UIMARI,3,211,28,441,1,NONZERO_INTEGER,1,1,numeric,1,true
UIMARI,3,211,29,445,0,LITERAL_ZERO,0,0,numeric,0,true
UIMARI,3,211,30,452,0,LITERAL_ZERO,0,0,numeric,0,true
UIMARI,3,211,31,4A0,3,NONZERO_INTEGER,3,3,numeric,3,true
UIMARI,3,211,32,481,---,MARKER_TRIPLE_DASH,,0,selected_zero_not_shown,0,true
UIMARI,3,211,33,482,---,MARKER_TRIPLE_DASH,,0,selected_zero_not_shown,0,true
UIMARI,3,211,34,483,---,MARKER_TRIPLE_DASH,,0,selected_zero_not_shown,0,true
UIMARI,3,211,35,484,---,MARKER_TRIPLE_DASH,,0,selected_zero_not_shown,0,true
UIMARI,3,211,36,485,---,MARKER_TRIPLE_DASH,,0,selected_zero_not_shown,0,true
UIMARI,3,211,37,486,1,NONZERO_INTEGER,1,1,numeric,1,true
UIMARI,3,211,38,487OS,---,MARKER_TRIPLE_DASH,,0,selected_zero_not_shown,0,true
UIMARI,3,211,39,493,13,NONZERO_INTEGER,13,13,numeric,13,true
UIMARI,3,211,40,511,9,NONZERO_INTEGER,9,9,numeric,9,true
UIMARI,3,211,41,512,1,NONZERO_INTEGER,1,1,numeric,1,true
UIMARI,3,211,42,513,1,NONZERO_INTEGER,1,1,numeric,1,true
UIMARI,3,211,43,514,4,NONZERO_INTEGER,4,4,numeric,4,true
UIMARI,3,211,44,521CI,---,MARKER_TRIPLE_DASH,,0,selected_zero_not_shown,0,true
UIMARI,3,211,45,523,---,MARKER_TRIPLE_DASH,,0,selected_zero_not_shown,0,true
UIMARI,3,211,46,524,---,MARKER_TRIPLE_DASH,,0,selected_zero_not_shown,0,true
UIMARI,3,211,47,525,---,MARKER_TRIPLE_DASH,,0,selected_zero_not_shown,0,true
UIMARI,3,211,48,HS,---,MARKER_TRIPLE_DASH,,0,selected_zero_not_shown,0,true
UIMARI,3,211,49,ORE,4,NONZERO_INTEGER,4,4,numeric,4,true
UIMARI,3,211,50,532RL,---,MARKER_TRIPLE_DASH,,0,selected_zero_not_shown,0,true
UIMARI,3,211,51,5411,---,MARKER_TRIPLE_DASH,,0,selected_zero_not_shown,0,true
UIMARI,3,211,52,5415,0,LITERAL_ZERO,0,0,numeric,0,true
UIMARI,3,211,53,5412OP,2,NONZERO_INTEGER,2,2,numeric,2,true
UIMARI,3,211,54,55,0,LITERAL_ZERO,0,0,numeric,0,true
UIMARI,3,211,55,561,1,NONZERO_INTEGER,1,1,numeric,1,true
UIMARI,3,211,56,562,2,NONZERO_INTEGER,2,2,numeric,2,true
UIMARI,3,211,57,61,36,NONZERO_INTEGER,36,36,numeric,36,true
UIMARI,3,211,58,621,15,NONZERO_INTEGER,15,15,numeric,15,true
UIMARI,3,211,59,622,0,LITERAL_ZERO,0,0,numeric,0,true
UIMARI,3,211,60,623,1,NONZERO_INTEGER,1,1,numeric,1,true
UIMARI,3,211,61,624,1,NONZERO_INTEGER,1,1,numeric,1,true
UIMARI,3,211,62,711AS,1,NONZERO_INTEGER,1,1,numeric,1,true
UIMARI,3,211,63,713,5,NONZERO_INTEGER,5,5,numeric,5,true
UIMARI,3,211,64,721,1,NONZERO_INTEGER,1,1,numeric,1,true
UIMARI,3,211,65,722,1,NONZERO_INTEGER,1,1,numeric,1,true
UIMARI,3,211,66,81,4,NONZERO_INTEGER,4,4,numeric,4,true
UIMARI,3,211,67,GFGD,---,MARKER_TRIPLE_DASH,,0,selected_zero_not_shown,0,true
UIMARI,3,211,68,GFGN,---,MARKER_TRIPLE_DASH,,0,selected_zero_not_shown,0,true
UIMARI,3,211,69,GFE,72,NONZERO_INTEGER,72,72,numeric,72,true
UIMARI,3,211,70,GSLG,---,MARKER_TRIPLE_DASH,,0,selected_zero_not_shown,0,true
UIMARI,3,211,71,GSLE,"1,709",NONZERO_INTEGER,1709,1709,numeric,1709,true
UIMARI,3,211,72,T001,"173,907",NONZERO_INTEGER,173907,173907,numeric,173907,true
UIMARI,3,211,73,F010,---,MARKER_TRIPLE_DASH,,0,selected_zero_not_shown,0,true
UIMARI,3,211,74,F02S,---,MARKER_TRIPLE_DASH,,0,selected_zero_not_shown,0,true
UIMARI,3,211,75,F02E,---,MARKER_TRIPLE_DASH,,0,selected_zero_not_shown,0,true
UIMARI,3,211,76,F02N,---,MARKER_TRIPLE_DASH,,0,selected_zero_not_shown,0,true
UIMARI,3,211,77,F02R,---,MARKER_TRIPLE_DASH,,0,selected_zero_not_shown,0,true
UIMARI,3,211,78,F030,-79,NONZERO_INTEGER,-79,-79,numeric,-79,true
UIMARI,3,211,79,F040,---,MARKER_TRIPLE_DASH,,0,selected_zero_not_shown,0,true
UIMARI,3,211,80,F050,"-173,829",NONZERO_INTEGER,-173829,-173829,numeric,-173829,true
UIMARI,3,211,81,F06C,---,MARKER_TRIPLE_DASH,,0,selected_zero_not_shown,0,true
UIMARI,3,211,82,F06S,---,MARKER_TRIPLE_DASH,,0,selected_zero_not_shown,0,true
UIMARI,3,211,83,F06E,---,MARKER_TRIPLE_DASH,,0,selected_zero_not_shown,0,true
UIMARI,3,211,84,F06N,---,MARKER_TRIPLE_DASH,,0,selected_zero_not_shown,0,true
UIMARI,3,211,85,F07C,---,MARKER_TRIPLE_DASH,,0,selected_zero_not_shown,0,true
UIMARI,3,211,86,F07S,---,MARKER_TRIPLE_DASH,,0,selected_zero_not_shown,0,true
UIMARI,3,211,87,F07E,---,MARKER_TRIPLE_DASH,,0,selected_zero_not_shown,0,true
UIMARI,3,211,88,F07N,---,MARKER_TRIPLE_DASH,,0,selected_zero_not_shown,0,true
UIMARI,3,211,89,F10C,---,MARKER_TRIPLE_DASH,,0,selected_zero_not_shown,0,true
UIMARI,3,211,90,F10S,---,MARKER_TRIPLE_DASH,,0,selected_zero_not_shown,0,true
UIMARI,3,211,91,F10E,---,MARKER_TRIPLE_DASH,,0,selected_zero_not_shown,0,true
UIMARI,3,211,92,F10N,---,MARKER_TRIPLE_DASH,,0,selected_zero_not_shown,0,true
UIMARI,3,211,93,T004,"-173,907",NONZERO_INTEGER,-173907,-173907,numeric,-173907,true
UIMARI,4,212,1,111CA,124,NONZERO_INTEGER,124,124,numeric,124,true
UIMARI,4,212,2,113FF,0,LITERAL_ZERO,0,0,numeric,0,true
UIMARI,4,212,3,211,1,NONZERO_INTEGER,1,1,numeric,1,true
UIMARI,4,212,4,212,137,NONZERO_INTEGER,137,137,numeric,137,true
UIMARI,4,212,5,213,4,NONZERO_INTEGER,4,4,numeric,4,true
UIMARI,4,212,6,22,74,NONZERO_INTEGER,74,74,numeric,74,true
UIMARI,4,212,7,23,639,NONZERO_INTEGER,639,639,numeric,639,true
UIMARI,4,212,8,321,0,LITERAL_ZERO,0,0,numeric,0,true
UIMARI,4,212,9,327,797,NONZERO_INTEGER,797,797,numeric,797,true
UIMARI,4,212,10,331,"1,333",NONZERO_INTEGER,1333,1333,numeric,1333,true
UIMARI,4,212,11,332,18,NONZERO_INTEGER,18,18,numeric,18,true
UIMARI,4,212,12,333,13,NONZERO_INTEGER,13,13,numeric,13,true
UIMARI,4,212,13,334,1,NONZERO_INTEGER,1,1,numeric,1,true
UIMARI,4,212,14,335,28,NONZERO_INTEGER,28,28,numeric,28,true
UIMARI,4,212,15,3361MV,30,NONZERO_INTEGER,30,30,numeric,30,true
UIMARI,4,212,16,3364OT,8,NONZERO_INTEGER,8,8,numeric,8,true
UIMARI,4,212,17,337,0,LITERAL_ZERO,0,0,numeric,0,true
UIMARI,4,212,18,339,48,NONZERO_INTEGER,48,48,numeric,48,true
UIMARI,4,212,19,311FT,181,NONZERO_INTEGER,181,181,numeric,181,true
UIMARI,4,212,20,313TT,0,LITERAL_ZERO,0,0,numeric,0,true
UIMARI,4,212,21,315AL,---,MARKER_TRIPLE_DASH,,0,selected_zero_not_shown,0,true
UIMARI,4,212,22,322,14,NONZERO_INTEGER,14,14,numeric,14,true
UIMARI,4,212,23,323,---,MARKER_TRIPLE_DASH,,0,selected_zero_not_shown,0,true
UIMARI,4,212,24,324,63,NONZERO_INTEGER,63,63,numeric,63,true
UIMARI,4,212,25,325,"1,253",NONZERO_INTEGER,1253,1253,numeric,1253,true
UIMARI,4,212,26,326,1,NONZERO_INTEGER,1,1,numeric,1,true
UIMARI,4,212,27,42,7,NONZERO_INTEGER,7,7,numeric,7,true
UIMARI,4,212,28,441,---,MARKER_TRIPLE_DASH,,0,selected_zero_not_shown,0,true
UIMARI,4,212,29,445,---,MARKER_TRIPLE_DASH,,0,selected_zero_not_shown,0,true
UIMARI,4,212,30,452,---,MARKER_TRIPLE_DASH,,0,selected_zero_not_shown,0,true
UIMARI,4,212,31,4A0,1,NONZERO_INTEGER,1,1,numeric,1,true
UIMARI,4,212,32,481,---,MARKER_TRIPLE_DASH,,0,selected_zero_not_shown,0,true
UIMARI,4,212,33,482,1,NONZERO_INTEGER,1,1,numeric,1,true
UIMARI,4,212,34,483,---,MARKER_TRIPLE_DASH,,0,selected_zero_not_shown,0,true
UIMARI,4,212,35,484,0,LITERAL_ZERO,0,0,numeric,0,true
UIMARI,4,212,36,485,0,LITERAL_ZERO,0,0,numeric,0,true
UIMARI,4,212,37,486,---,MARKER_TRIPLE_DASH,,0,selected_zero_not_shown,0,true
UIMARI,4,212,38,487OS,0,LITERAL_ZERO,0,0,numeric,0,true
UIMARI,4,212,39,493,0,LITERAL_ZERO,0,0,numeric,0,true
UIMARI,4,212,40,511,0,LITERAL_ZERO,0,0,numeric,0,true
UIMARI,4,212,41,512,0,LITERAL_ZERO,0,0,numeric,0,true
UIMARI,4,212,42,513,0,LITERAL_ZERO,0,0,numeric,0,true
UIMARI,4,212,43,514,0,LITERAL_ZERO,0,0,numeric,0,true
UIMARI,4,212,44,521CI,---,MARKER_TRIPLE_DASH,,0,selected_zero_not_shown,0,true
UIMARI,4,212,45,523,---,MARKER_TRIPLE_DASH,,0,selected_zero_not_shown,0,true
UIMARI,4,212,46,524,---,MARKER_TRIPLE_DASH,,0,selected_zero_not_shown,0,true
UIMARI,4,212,47,525,---,MARKER_TRIPLE_DASH,,0,selected_zero_not_shown,0,true
UIMARI,4,212,48,HS,0,LITERAL_ZERO,0,0,numeric,0,true
UIMARI,4,212,49,ORE,---,MARKER_TRIPLE_DASH,,0,selected_zero_not_shown,0,true
UIMARI,4,212,50,532RL,---,MARKER_TRIPLE_DASH,,0,selected_zero_not_shown,0,true
UIMARI,4,212,51,5411,---,MARKER_TRIPLE_DASH,,0,selected_zero_not_shown,0,true
UIMARI,4,212,52,5415,---,MARKER_TRIPLE_DASH,,0,selected_zero_not_shown,0,true
UIMARI,4,212,53,5412OP,149,NONZERO_INTEGER,149,149,numeric,149,true
UIMARI,4,212,54,55,1,NONZERO_INTEGER,1,1,numeric,1,true
UIMARI,4,212,55,561,0,LITERAL_ZERO,0,0,numeric,0,true
UIMARI,4,212,56,562,0,LITERAL_ZERO,0,0,numeric,0,true
UIMARI,4,212,57,61,0,LITERAL_ZERO,0,0,numeric,0,true
UIMARI,4,212,58,621,---,MARKER_TRIPLE_DASH,,0,selected_zero_not_shown,0,true
UIMARI,4,212,59,622,0,LITERAL_ZERO,0,0,numeric,0,true
UIMARI,4,212,60,623,0,LITERAL_ZERO,0,0,numeric,0,true
UIMARI,4,212,61,624,11,NONZERO_INTEGER,11,11,numeric,11,true
UIMARI,4,212,62,711AS,0,LITERAL_ZERO,0,0,numeric,0,true
UIMARI,4,212,63,713,0,LITERAL_ZERO,0,0,numeric,0,true
UIMARI,4,212,64,721,0,LITERAL_ZERO,0,0,numeric,0,true
UIMARI,4,212,65,722,8,NONZERO_INTEGER,8,8,numeric,8,true
UIMARI,4,212,66,81,0,LITERAL_ZERO,0,0,numeric,0,true
UIMARI,4,212,67,GFGD,---,MARKER_TRIPLE_DASH,,0,selected_zero_not_shown,0,true
UIMARI,4,212,68,GFGN,87,NONZERO_INTEGER,87,87,numeric,87,true
UIMARI,4,212,69,GFE,---,MARKER_TRIPLE_DASH,,0,selected_zero_not_shown,0,true
UIMARI,4,212,70,GSLG,749,NONZERO_INTEGER,749,749,numeric,749,true
UIMARI,4,212,71,GSLE,57,NONZERO_INTEGER,57,57,numeric,57,true
UIMARI,4,212,72,T001,"5,843",NONZERO_INTEGER,5843,5843,numeric,5843,true
UIMARI,4,212,73,F010,76,NONZERO_INTEGER,76,76,numeric,76,true
UIMARI,4,212,74,F02S,---,MARKER_TRIPLE_DASH,,0,selected_zero_not_shown,0,true
UIMARI,4,212,75,F02E,258,NONZERO_INTEGER,258,258,numeric,258,true
UIMARI,4,212,76,F02N,---,MARKER_TRIPLE_DASH,,0,selected_zero_not_shown,0,true
UIMARI,4,212,77,F02R,---,MARKER_TRIPLE_DASH,,0,selected_zero_not_shown,0,true
UIMARI,4,212,78,F030,32,NONZERO_INTEGER,32,32,numeric,32,true
UIMARI,4,212,79,F040,---,MARKER_TRIPLE_DASH,,0,selected_zero_not_shown,0,true
UIMARI,4,212,80,F050,"-6,209",NONZERO_INTEGER,-6209,-6209,numeric,-6209,true
UIMARI,4,212,81,F06C,---,MARKER_TRIPLE_DASH,,0,selected_zero_not_shown,0,true
UIMARI,4,212,82,F06S,---,MARKER_TRIPLE_DASH,,0,selected_zero_not_shown,0,true
UIMARI,4,212,83,F06E,---,MARKER_TRIPLE_DASH,,0,selected_zero_not_shown,0,true
UIMARI,4,212,84,F06N,---,MARKER_TRIPLE_DASH,,0,selected_zero_not_shown,0,true
UIMARI,4,212,85,F07C,---,MARKER_TRIPLE_DASH,,0,selected_zero_not_shown,0,true
UIMARI,4,212,86,F07S,---,MARKER_TRIPLE_DASH,,0,selected_zero_not_shown,0,true
UIMARI,4,212,87,F07E,---,MARKER_TRIPLE_DASH,,0,selected_zero_not_shown,0,true
UIMARI,4,212,88,F07N,---,MARKER_TRIPLE_DASH,,0,selected_zero_not_shown,0,true
UIMARI,4,212,89,F10C,---,MARKER_TRIPLE_DASH,,0,selected_zero_not_shown,0,true
UIMARI,4,212,90,F10S,---,MARKER_TRIPLE_DASH,,0,selected_zero_not_shown,0,true
UIMARI,4,212,91,F10E,---,MARKER_TRIPLE_DASH,,0,selected_zero_not_shown,0,true
UIMARI,4,212,92,F10N,---,MARKER_TRIPLE_DASH,,0,selected_zero_not_shown,0,true
UIMARI,4,212,93,T004,"-5,843",NONZERO_INTEGER,-5843,-5843,numeric,-5843,true
UIMARI,5,213,1,111CA,---,MARKER_TRIPLE_DASH,,0,selected_zero_not_shown,0,true
UIMARI,5,213,2,113FF,---,MARKER_TRIPLE_DASH,,0,selected_zero_not_shown,0,true
UIMARI,5,213,3,211,320,NONZERO_INTEGER,320,320,numeric,320,true
UIMARI,5,213,4,212,61,NONZERO_INTEGER,61,61,numeric,61,true
UIMARI,5,213,5,213,47,NONZERO_INTEGER,47,47,numeric,47,true
UIMARI,5,213,6,22,---,MARKER_TRIPLE_DASH,,0,selected_zero_not_shown,0,true
UIMARI,5,213,7,23,---,MARKER_TRIPLE_DASH,,0,selected_zero_not_shown,0,true
UIMARI,5,213,8,321,---,MARKER_TRIPLE_DASH,,0,selected_zero_not_shown,0,true
UIMARI,5,213,9,327,---,MARKER_TRIPLE_DASH,,0,selected_zero_not_shown,0,true
UIMARI,5,213,10,331,---,MARKER_TRIPLE_DASH,,0,selected_zero_not_shown,0,true
UIMARI,5,213,11,332,---,MARKER_TRIPLE_DASH,,0,selected_zero_not_shown,0,true
UIMARI,5,213,12,333,---,MARKER_TRIPLE_DASH,,0,selected_zero_not_shown,0,true
UIMARI,5,213,13,334,---,MARKER_TRIPLE_DASH,,0,selected_zero_not_shown,0,true
UIMARI,5,213,14,335,---,MARKER_TRIPLE_DASH,,0,selected_zero_not_shown,0,true
UIMARI,5,213,15,3361MV,---,MARKER_TRIPLE_DASH,,0,selected_zero_not_shown,0,true
UIMARI,5,213,16,3364OT,---,MARKER_TRIPLE_DASH,,0,selected_zero_not_shown,0,true
UIMARI,5,213,17,337,---,MARKER_TRIPLE_DASH,,0,selected_zero_not_shown,0,true
UIMARI,5,213,18,339,---,MARKER_TRIPLE_DASH,,0,selected_zero_not_shown,0,true
UIMARI,5,213,19,311FT,---,MARKER_TRIPLE_DASH,,0,selected_zero_not_shown,0,true
UIMARI,5,213,20,313TT,---,MARKER_TRIPLE_DASH,,0,selected_zero_not_shown,0,true
UIMARI,5,213,21,315AL,---,MARKER_TRIPLE_DASH,,0,selected_zero_not_shown,0,true
UIMARI,5,213,22,322,---,MARKER_TRIPLE_DASH,,0,selected_zero_not_shown,0,true
UIMARI,5,213,23,323,---,MARKER_TRIPLE_DASH,,0,selected_zero_not_shown,0,true
UIMARI,5,213,24,324,---,MARKER_TRIPLE_DASH,,0,selected_zero_not_shown,0,true
UIMARI,5,213,25,325,---,MARKER_TRIPLE_DASH,,0,selected_zero_not_shown,0,true
UIMARI,5,213,26,326,---,MARKER_TRIPLE_DASH,,0,selected_zero_not_shown,0,true
UIMARI,5,213,27,42,---,MARKER_TRIPLE_DASH,,0,selected_zero_not_shown,0,true
UIMARI,5,213,28,441,---,MARKER_TRIPLE_DASH,,0,selected_zero_not_shown,0,true
UIMARI,5,213,29,445,---,MARKER_TRIPLE_DASH,,0,selected_zero_not_shown,0,true
UIMARI,5,213,30,452,---,MARKER_TRIPLE_DASH,,0,selected_zero_not_shown,0,true
UIMARI,5,213,31,4A0,---,MARKER_TRIPLE_DASH,,0,selected_zero_not_shown,0,true
UIMARI,5,213,32,481,---,MARKER_TRIPLE_DASH,,0,selected_zero_not_shown,0,true
UIMARI,5,213,33,482,---,MARKER_TRIPLE_DASH,,0,selected_zero_not_shown,0,true
UIMARI,5,213,34,483,---,MARKER_TRIPLE_DASH,,0,selected_zero_not_shown,0,true
UIMARI,5,213,35,484,---,MARKER_TRIPLE_DASH,,0,selected_zero_not_shown,0,true
UIMARI,5,213,36,485,---,MARKER_TRIPLE_DASH,,0,selected_zero_not_shown,0,true
UIMARI,5,213,37,486,---,MARKER_TRIPLE_DASH,,0,selected_zero_not_shown,0,true
UIMARI,5,213,38,487OS,---,MARKER_TRIPLE_DASH,,0,selected_zero_not_shown,0,true
UIMARI,5,213,39,493,---,MARKER_TRIPLE_DASH,,0,selected_zero_not_shown,0,true
UIMARI,5,213,40,511,---,MARKER_TRIPLE_DASH,,0,selected_zero_not_shown,0,true
UIMARI,5,213,41,512,---,MARKER_TRIPLE_DASH,,0,selected_zero_not_shown,0,true
UIMARI,5,213,42,513,---,MARKER_TRIPLE_DASH,,0,selected_zero_not_shown,0,true
UIMARI,5,213,43,514,---,MARKER_TRIPLE_DASH,,0,selected_zero_not_shown,0,true
UIMARI,5,213,44,521CI,---,MARKER_TRIPLE_DASH,,0,selected_zero_not_shown,0,true
UIMARI,5,213,45,523,---,MARKER_TRIPLE_DASH,,0,selected_zero_not_shown,0,true
UIMARI,5,213,46,524,---,MARKER_TRIPLE_DASH,,0,selected_zero_not_shown,0,true
UIMARI,5,213,47,525,---,MARKER_TRIPLE_DASH,,0,selected_zero_not_shown,0,true
UIMARI,5,213,48,HS,---,MARKER_TRIPLE_DASH,,0,selected_zero_not_shown,0,true
UIMARI,5,213,49,ORE,---,MARKER_TRIPLE_DASH,,0,selected_zero_not_shown,0,true
UIMARI,5,213,50,532RL,---,MARKER_TRIPLE_DASH,,0,selected_zero_not_shown,0,true
UIMARI,5,213,51,5411,---,MARKER_TRIPLE_DASH,,0,selected_zero_not_shown,0,true
UIMARI,5,213,52,5415,---,MARKER_TRIPLE_DASH,,0,selected_zero_not_shown,0,true
UIMARI,5,213,53,5412OP,1,NONZERO_INTEGER,1,1,numeric,1,true
UIMARI,5,213,54,55,0,LITERAL_ZERO,0,0,numeric,0,true
UIMARI,5,213,55,561,---,MARKER_TRIPLE_DASH,,0,selected_zero_not_shown,0,true
UIMARI,5,213,56,562,---,MARKER_TRIPLE_DASH,,0,selected_zero_not_shown,0,true
UIMARI,5,213,57,61,---,MARKER_TRIPLE_DASH,,0,selected_zero_not_shown,0,true
UIMARI,5,213,58,621,---,MARKER_TRIPLE_DASH,,0,selected_zero_not_shown,0,true
UIMARI,5,213,59,622,---,MARKER_TRIPLE_DASH,,0,selected_zero_not_shown,0,true
UIMARI,5,213,60,623,---,MARKER_TRIPLE_DASH,,0,selected_zero_not_shown,0,true
UIMARI,5,213,61,624,---,MARKER_TRIPLE_DASH,,0,selected_zero_not_shown,0,true
UIMARI,5,213,62,711AS,---,MARKER_TRIPLE_DASH,,0,selected_zero_not_shown,0,true
UIMARI,5,213,63,713,---,MARKER_TRIPLE_DASH,,0,selected_zero_not_shown,0,true
UIMARI,5,213,64,721,---,MARKER_TRIPLE_DASH,,0,selected_zero_not_shown,0,true
UIMARI,5,213,65,722,---,MARKER_TRIPLE_DASH,,0,selected_zero_not_shown,0,true
UIMARI,5,213,66,81,---,MARKER_TRIPLE_DASH,,0,selected_zero_not_shown,0,true
UIMARI,5,213,67,GFGD,---,MARKER_TRIPLE_DASH,,0,selected_zero_not_shown,0,true
UIMARI,5,213,68,GFGN,---,MARKER_TRIPLE_DASH,,0,selected_zero_not_shown,0,true
UIMARI,5,213,69,GFE,---,MARKER_TRIPLE_DASH,,0,selected_zero_not_shown,0,true
UIMARI,5,213,70,GSLG,---,MARKER_TRIPLE_DASH,,0,selected_zero_not_shown,0,true
UIMARI,5,213,71,GSLE,---,MARKER_TRIPLE_DASH,,0,selected_zero_not_shown,0,true
UIMARI,5,213,72,T001,429,NONZERO_INTEGER,429,429,numeric,429,true
UIMARI,5,213,73,F010,---,MARKER_TRIPLE_DASH,,0,selected_zero_not_shown,0,true
UIMARI,5,213,74,F02S,"1,953",NONZERO_INTEGER,1953,1953,numeric,1953,true
UIMARI,5,213,75,F02E,104,NONZERO_INTEGER,104,104,numeric,104,true
UIMARI,5,213,76,F02N,---,MARKER_TRIPLE_DASH,,0,selected_zero_not_shown,0,true
UIMARI,5,213,77,F02R,---,MARKER_TRIPLE_DASH,,0,selected_zero_not_shown,0,true
UIMARI,5,213,78,F030,---,MARKER_TRIPLE_DASH,,0,selected_zero_not_shown,0,true
UIMARI,5,213,79,F040,---,MARKER_TRIPLE_DASH,,0,selected_zero_not_shown,0,true
UIMARI,5,213,80,F050,"-2,485",NONZERO_INTEGER,-2485,-2485,numeric,-2485,true
UIMARI,5,213,81,F06C,---,MARKER_TRIPLE_DASH,,0,selected_zero_not_shown,0,true
UIMARI,5,213,82,F06S,---,MARKER_TRIPLE_DASH,,0,selected_zero_not_shown,0,true
UIMARI,5,213,83,F06E,---,MARKER_TRIPLE_DASH,,0,selected_zero_not_shown,0,true
UIMARI,5,213,84,F06N,---,MARKER_TRIPLE_DASH,,0,selected_zero_not_shown,0,true
UIMARI,5,213,85,F07C,---,MARKER_TRIPLE_DASH,,0,selected_zero_not_shown,0,true
UIMARI,5,213,86,F07S,---,MARKER_TRIPLE_DASH,,0,selected_zero_not_shown,0,true
UIMARI,5,213,87,F07E,---,MARKER_TRIPLE_DASH,,0,selected_zero_not_shown,0,true
UIMARI,5,213,88,F07N,---,MARKER_TRIPLE_DASH,,0,selected_zero_not_shown,0,true
UIMARI,5,213,89,F10C,---,MARKER_TRIPLE_DASH,,0,selected_zero_not_shown,0,true
UIMARI,5,213,90,F10S,---,MARKER_TRIPLE_DASH,,0,selected_zero_not_shown,0,true
UIMARI,5,213,91,F10E,---,MARKER_TRIPLE_DASH,,0,selected_zero_not_shown,0,true
UIMARI,5,213,92,F10N,---,MARKER_TRIPLE_DASH,,0,selected_zero_not_shown,0,true
UIMARI,5,213,93,T004,-429,NONZERO_INTEGER,-429,-429,numeric,-429,true
UIMARI,6,22,1,111CA,15,NONZERO_INTEGER,15,15,numeric,15,true
UIMARI,6,22,2,113FF,0,LITERAL_ZERO,0,0,numeric,0,true
UIMARI,6,22,3,211,18,NONZERO_INTEGER,18,18,numeric,18,true
UIMARI,6,22,4,212,14,NONZERO_INTEGER,14,14,numeric,14,true
UIMARI,6,22,5,213,1,NONZERO_INTEGER,1,1,numeric,1,true
UIMARI,6,22,6,22,88,NONZERO_INTEGER,88,88,numeric,88,true
UIMARI,6,22,7,23,70,NONZERO_INTEGER,70,70,numeric,70,true
UIMARI,6,22,8,321,7,NONZERO_INTEGER,7,7,numeric,7,true
UIMARI,6,22,9,327,15,NONZERO_INTEGER,15,15,numeric,15,true
UIMARI,6,22,10,331,21,NONZERO_INTEGER,21,21,numeric,21,true
UIMARI,6,22,11,332,17,NONZERO_INTEGER,17,17,numeric,17,true
UIMARI,6,22,12,333,8,NONZERO_INTEGER,8,8,numeric,8,true
UIMARI,6,22,13,334,5,NONZERO_INTEGER,5,5,numeric,5,true
UIMARI,6,22,14,335,4,NONZERO_INTEGER,4,4,numeric,4,true
UIMARI,6,22,15,3361MV,10,NONZERO_INTEGER,10,10,numeric,10,true
UIMARI,6,22,16,3364OT,9,NONZERO_INTEGER,9,9,numeric,9,true
UIMARI,6,22,17,337,2,NONZERO_INTEGER,2,2,numeric,2,true
UIMARI,6,22,18,339,4,NONZERO_INTEGER,4,4,numeric,4,true
UIMARI,6,22,19,311FT,32,NONZERO_INTEGER,32,32,numeric,32,true
UIMARI,6,22,20,313TT,3,NONZERO_INTEGER,3,3,numeric,3,true
UIMARI,6,22,21,315AL,0,LITERAL_ZERO,0,0,numeric,0,true
UIMARI,6,22,22,322,18,NONZERO_INTEGER,18,18,numeric,18,true
UIMARI,6,22,23,323,5,NONZERO_INTEGER,5,5,numeric,5,true
UIMARI,6,22,24,324,6,NONZERO_INTEGER,6,6,numeric,6,true
UIMARI,6,22,25,325,34,NONZERO_INTEGER,34,34,numeric,34,true
UIMARI,6,22,26,326,18,NONZERO_INTEGER,18,18,numeric,18,true
UIMARI,6,22,27,42,65,NONZERO_INTEGER,65,65,numeric,65,true
UIMARI,6,22,28,441,25,NONZERO_INTEGER,25,25,numeric,25,true
UIMARI,6,22,29,445,39,NONZERO_INTEGER,39,39,numeric,39,true
UIMARI,6,22,30,452,26,NONZERO_INTEGER,26,26,numeric,26,true
UIMARI,6,22,31,4A0,74,NONZERO_INTEGER,74,74,numeric,74,true
UIMARI,6,22,32,481,2,NONZERO_INTEGER,2,2,numeric,2,true
UIMARI,6,22,33,482,0,LITERAL_ZERO,0,0,numeric,0,true
UIMARI,6,22,34,483,2,NONZERO_INTEGER,2,2,numeric,2,true
UIMARI,6,22,35,484,17,NONZERO_INTEGER,17,17,numeric,17,true
UIMARI,6,22,36,485,2,NONZERO_INTEGER,2,2,numeric,2,true
UIMARI,6,22,37,486,6,NONZERO_INTEGER,6,6,numeric,6,true
UIMARI,6,22,38,487OS,8,NONZERO_INTEGER,8,8,numeric,8,true
UIMARI,6,22,39,493,12,NONZERO_INTEGER,12,12,numeric,12,true
UIMARI,6,22,40,511,6,NONZERO_INTEGER,6,6,numeric,6,true
UIMARI,6,22,41,512,2,NONZERO_INTEGER,2,2,numeric,2,true
UIMARI,6,22,42,513,39,NONZERO_INTEGER,39,39,numeric,39,true
UIMARI,6,22,43,514,31,NONZERO_INTEGER,31,31,numeric,31,true
UIMARI,6,22,44,521CI,21,NONZERO_INTEGER,21,21,numeric,21,true
UIMARI,6,22,45,523,9,NONZERO_INTEGER,9,9,numeric,9,true
UIMARI,6,22,46,524,3,NONZERO_INTEGER,3,3,numeric,3,true
UIMARI,6,22,47,525,0,LITERAL_ZERO,0,0,numeric,0,true
UIMARI,6,22,48,HS,1,NONZERO_INTEGER,1,1,numeric,1,true
UIMARI,6,22,49,ORE,159,NONZERO_INTEGER,159,159,numeric,159,true
UIMARI,6,22,50,532RL,14,NONZERO_INTEGER,14,14,numeric,14,true
UIMARI,6,22,51,5411,3,NONZERO_INTEGER,3,3,numeric,3,true
UIMARI,6,22,52,5415,6,NONZERO_INTEGER,6,6,numeric,6,true
UIMARI,6,22,53,5412OP,30,NONZERO_INTEGER,30,30,numeric,30,true
UIMARI,6,22,54,55,22,NONZERO_INTEGER,22,22,numeric,22,true
UIMARI,6,22,55,561,17,NONZERO_INTEGER,17,17,numeric,17,true
UIMARI,6,22,56,562,8,NONZERO_INTEGER,8,8,numeric,8,true
UIMARI,6,22,57,61,3,NONZERO_INTEGER,3,3,numeric,3,true
UIMARI,6,22,58,621,25,NONZERO_INTEGER,25,25,numeric,25,true
UIMARI,6,22,59,622,34,NONZERO_INTEGER,34,34,numeric,34,true
UIMARI,6,22,60,623,18,NONZERO_INTEGER,18,18,numeric,18,true
UIMARI,6,22,61,624,8,NONZERO_INTEGER,8,8,numeric,8,true
UIMARI,6,22,62,711AS,6,NONZERO_INTEGER,6,6,numeric,6,true
UIMARI,6,22,63,713,20,NONZERO_INTEGER,20,20,numeric,20,true
UIMARI,6,22,64,721,29,NONZERO_INTEGER,29,29,numeric,29,true
UIMARI,6,22,65,722,123,NONZERO_INTEGER,123,123,numeric,123,true
UIMARI,6,22,66,81,37,NONZERO_INTEGER,37,37,numeric,37,true
UIMARI,6,22,67,GFGD,7,NONZERO_INTEGER,7,7,numeric,7,true
UIMARI,6,22,68,GFGN,1,NONZERO_INTEGER,1,1,numeric,1,true
UIMARI,6,22,69,GFE,23,NONZERO_INTEGER,23,23,numeric,23,true
UIMARI,6,22,70,GSLG,18,NONZERO_INTEGER,18,18,numeric,18,true
UIMARI,6,22,71,GSLE,9,NONZERO_INTEGER,9,9,numeric,9,true
UIMARI,6,22,72,T001,"1,432",NONZERO_INTEGER,1432,1432,numeric,1432,true
UIMARI,6,22,73,F010,"1,057",NONZERO_INTEGER,1057,1057,numeric,1057,true
UIMARI,6,22,74,F02S,---,MARKER_TRIPLE_DASH,,0,selected_zero_not_shown,0,true
UIMARI,6,22,75,F02E,---,MARKER_TRIPLE_DASH,,0,selected_zero_not_shown,0,true
UIMARI,6,22,76,F02N,---,MARKER_TRIPLE_DASH,,0,selected_zero_not_shown,0,true
UIMARI,6,22,77,F02R,---,MARKER_TRIPLE_DASH,,0,selected_zero_not_shown,0,true
UIMARI,6,22,78,F030,---,MARKER_TRIPLE_DASH,,0,selected_zero_not_shown,0,true
UIMARI,6,22,79,F040,---,MARKER_TRIPLE_DASH,,0,selected_zero_not_shown,0,true
UIMARI,6,22,80,F050,"-2,489",NONZERO_INTEGER,-2489,-2489,numeric,-2489,true
UIMARI,6,22,81,F06C,---,MARKER_TRIPLE_DASH,,0,selected_zero_not_shown,0,true
UIMARI,6,22,82,F06S,---,MARKER_TRIPLE_DASH,,0,selected_zero_not_shown,0,true
UIMARI,6,22,83,F06E,---,MARKER_TRIPLE_DASH,,0,selected_zero_not_shown,0,true
UIMARI,6,22,84,F06N,---,MARKER_TRIPLE_DASH,,0,selected_zero_not_shown,0,true
UIMARI,6,22,85,F07C,---,MARKER_TRIPLE_DASH,,0,selected_zero_not_shown,0,true
UIMARI,6,22,86,F07S,---,MARKER_TRIPLE_DASH,,0,selected_zero_not_shown,0,true
UIMARI,6,22,87,F07E,---,MARKER_TRIPLE_DASH,,0,selected_zero_not_shown,0,true
UIMARI,6,22,88,F07N,---,MARKER_TRIPLE_DASH,,0,selected_zero_not_shown,0,true
UIMARI,6,22,89,F10C,---,MARKER_TRIPLE_DASH,,0,selected_zero_not_shown,0,true
UIMARI,6,22,90,F10S,---,MARKER_TRIPLE_DASH,,0,selected_zero_not_shown,0,true
UIMARI,6,22,91,F10E,---,MARKER_TRIPLE_DASH,,0,selected_zero_not_shown,0,true
UIMARI,6,22,92,F10N,---,MARKER_TRIPLE_DASH,,0,selected_zero_not_shown,0,true
UIMARI,6,22,93,T004,"-1,432",NONZERO_INTEGER,-1432,-1432,numeric,-1432,true
UIMARI,7,23,1,111CA,---,MARKER_TRIPLE_DASH,,0,selected_zero_not_shown,0,true
UIMARI,7,23,2,113FF,---,MARKER_TRIPLE_DASH,,0,selected_zero_not_shown,0,true
UIMARI,7,23,3,211,---,MARKER_TRIPLE_DASH,,0,selected_zero_not_shown,0,true
UIMARI,7,23,4,212,---,MARKER_TRIPLE_DASH,,0,selected_zero_not_shown,0,true
UIMARI,7,23,5,213,---,MARKER_TRIPLE_DASH,,0,selected_zero_not_shown,0,true
UIMARI,7,23,6,22,---,MARKER_TRIPLE_DASH,,0,selected_zero_not_shown,0,true
UIMARI,7,23,7,23,---,MARKER_TRIPLE_DASH,,0,selected_zero_not_shown,0,true
UIMARI,7,23,8,321,---,MARKER_TRIPLE_DASH,,0,selected_zero_not_shown,0,true
UIMARI,7,23,9,327,---,MARKER_TRIPLE_DASH,,0,selected_zero_not_shown,0,true
UIMARI,7,23,10,331,---,MARKER_TRIPLE_DASH,,0,selected_zero_not_shown,0,true
UIMARI,7,23,11,332,---,MARKER_TRIPLE_DASH,,0,selected_zero_not_shown,0,true
UIMARI,7,23,12,333,---,MARKER_TRIPLE_DASH,,0,selected_zero_not_shown,0,true
UIMARI,7,23,13,334,---,MARKER_TRIPLE_DASH,,0,selected_zero_not_shown,0,true
UIMARI,7,23,14,335,---,MARKER_TRIPLE_DASH,,0,selected_zero_not_shown,0,true
UIMARI,7,23,15,3361MV,---,MARKER_TRIPLE_DASH,,0,selected_zero_not_shown,0,true
UIMARI,7,23,16,3364OT,---,MARKER_TRIPLE_DASH,,0,selected_zero_not_shown,0,true
UIMARI,7,23,17,337,---,MARKER_TRIPLE_DASH,,0,selected_zero_not_shown,0,true
UIMARI,7,23,18,339,---,MARKER_TRIPLE_DASH,,0,selected_zero_not_shown,0,true
UIMARI,7,23,19,311FT,---,MARKER_TRIPLE_DASH,,0,selected_zero_not_shown,0,true
UIMARI,7,23,20,313TT,---,MARKER_TRIPLE_DASH,,0,selected_zero_not_shown,0,true
UIMARI,7,23,21,315AL,---,MARKER_TRIPLE_DASH,,0,selected_zero_not_shown,0,true
UIMARI,7,23,22,322,---,MARKER_TRIPLE_DASH,,0,selected_zero_not_shown,0,true
UIMARI,7,23,23,323,---,MARKER_TRIPLE_DASH,,0,selected_zero_not_shown,0,true
UIMARI,7,23,24,324,---,MARKER_TRIPLE_DASH,,0,selected_zero_not_shown,0,true
UIMARI,7,23,25,325,---,MARKER_TRIPLE_DASH,,0,selected_zero_not_shown,0,true
UIMARI,7,23,26,326,---,MARKER_TRIPLE_DASH,,0,selected_zero_not_shown,0,true
UIMARI,7,23,27,42,---,MARKER_TRIPLE_DASH,,0,selected_zero_not_shown,0,true
UIMARI,7,23,28,441,---,MARKER_TRIPLE_DASH,,0,selected_zero_not_shown,0,true
UIMARI,7,23,29,445,---,MARKER_TRIPLE_DASH,,0,selected_zero_not_shown,0,true
UIMARI,7,23,30,452,---,MARKER_TRIPLE_DASH,,0,selected_zero_not_shown,0,true
UIMARI,7,23,31,4A0,---,MARKER_TRIPLE_DASH,,0,selected_zero_not_shown,0,true
UIMARI,7,23,32,481,---,MARKER_TRIPLE_DASH,,0,selected_zero_not_shown,0,true
UIMARI,7,23,33,482,---,MARKER_TRIPLE_DASH,,0,selected_zero_not_shown,0,true
UIMARI,7,23,34,483,---,MARKER_TRIPLE_DASH,,0,selected_zero_not_shown,0,true
UIMARI,7,23,35,484,---,MARKER_TRIPLE_DASH,,0,selected_zero_not_shown,0,true
UIMARI,7,23,36,485,---,MARKER_TRIPLE_DASH,,0,selected_zero_not_shown,0,true
UIMARI,7,23,37,486,---,MARKER_TRIPLE_DASH,,0,selected_zero_not_shown,0,true
UIMARI,7,23,38,487OS,---,MARKER_TRIPLE_DASH,,0,selected_zero_not_shown,0,true
UIMARI,7,23,39,493,---,MARKER_TRIPLE_DASH,,0,selected_zero_not_shown,0,true
UIMARI,7,23,40,511,---,MARKER_TRIPLE_DASH,,0,selected_zero_not_shown,0,true
UIMARI,7,23,41,512,---,MARKER_TRIPLE_DASH,,0,selected_zero_not_shown,0,true
UIMARI,7,23,42,513,---,MARKER_TRIPLE_DASH,,0,selected_zero_not_shown,0,true
UIMARI,7,23,43,514,---,MARKER_TRIPLE_DASH,,0,selected_zero_not_shown,0,true
UIMARI,7,23,44,521CI,---,MARKER_TRIPLE_DASH,,0,selected_zero_not_shown,0,true
UIMARI,7,23,45,523,---,MARKER_TRIPLE_DASH,,0,selected_zero_not_shown,0,true
UIMARI,7,23,46,524,---,MARKER_TRIPLE_DASH,,0,selected_zero_not_shown,0,true
UIMARI,7,23,47,525,---,MARKER_TRIPLE_DASH,,0,selected_zero_not_shown,0,true
UIMARI,7,23,48,HS,---,MARKER_TRIPLE_DASH,,0,selected_zero_not_shown,0,true
UIMARI,7,23,49,ORE,---,MARKER_TRIPLE_DASH,,0,selected_zero_not_shown,0,true
UIMARI,7,23,50,532RL,---,MARKER_TRIPLE_DASH,,0,selected_zero_not_shown,0,true
UIMARI,7,23,51,5411,---,MARKER_TRIPLE_DASH,,0,selected_zero_not_shown,0,true
UIMARI,7,23,52,5415,---,MARKER_TRIPLE_DASH,,0,selected_zero_not_shown,0,true
UIMARI,7,23,53,5412OP,---,MARKER_TRIPLE_DASH,,0,selected_zero_not_shown,0,true
UIMARI,7,23,54,55,---,MARKER_TRIPLE_DASH,,0,selected_zero_not_shown,0,true
UIMARI,7,23,55,561,---,MARKER_TRIPLE_DASH,,0,selected_zero_not_shown,0,true
UIMARI,7,23,56,562,---,MARKER_TRIPLE_DASH,,0,selected_zero_not_shown,0,true
UIMARI,7,23,57,61,---,MARKER_TRIPLE_DASH,,0,selected_zero_not_shown,0,true
UIMARI,7,23,58,621,---,MARKER_TRIPLE_DASH,,0,selected_zero_not_shown,0,true
UIMARI,7,23,59,622,---,MARKER_TRIPLE_DASH,,0,selected_zero_not_shown,0,true
UIMARI,7,23,60,623,---,MARKER_TRIPLE_DASH,,0,selected_zero_not_shown,0,true
UIMARI,7,23,61,624,---,MARKER_TRIPLE_DASH,,0,selected_zero_not_shown,0,true
UIMARI,7,23,62,711AS,---,MARKER_TRIPLE_DASH,,0,selected_zero_not_shown,0,true
UIMARI,7,23,63,713,---,MARKER_TRIPLE_DASH,,0,selected_zero_not_shown,0,true
UIMARI,7,23,64,721,---,MARKER_TRIPLE_DASH,,0,selected_zero_not_shown,0,true
UIMARI,7,23,65,722,---,MARKER_TRIPLE_DASH,,0,selected_zero_not_shown,0,true
UIMARI,7,23,66,81,---,MARKER_TRIPLE_DASH,,0,selected_zero_not_shown,0,true
UIMARI,7,23,67,GFGD,---,MARKER_TRIPLE_DASH,,0,selected_zero_not_shown,0,true
UIMARI,7,23,68,GFGN,---,MARKER_TRIPLE_DASH,,0,selected_zero_not_shown,0,true
UIMARI,7,23,69,GFE,---,MARKER_TRIPLE_DASH,,0,selected_zero_not_shown,0,true
UIMARI,7,23,70,GSLG,---,MARKER_TRIPLE_DASH,,0,selected_zero_not_shown,0,true
UIMARI,7,23,71,GSLE,---,MARKER_TRIPLE_DASH,,0,selected_zero_not_shown,0,true
UIMARI,7,23,72,T001,---,MARKER_TRIPLE_DASH,,0,selected_zero_not_shown,0,true
UIMARI,7,23,73,F010,---,MARKER_TRIPLE_DASH,,0,selected_zero_not_shown,0,true
UIMARI,7,23,74,F02S,---,MARKER_TRIPLE_DASH,,0,selected_zero_not_shown,0,true
UIMARI,7,23,75,F02E,---,MARKER_TRIPLE_DASH,,0,selected_zero_not_shown,0,true
UIMARI,7,23,76,F02N,---,MARKER_TRIPLE_DASH,,0,selected_zero_not_shown,0,true
UIMARI,7,23,77,F02R,---,MARKER_TRIPLE_DASH,,0,selected_zero_not_shown,0,true
UIMARI,7,23,78,F030,---,MARKER_TRIPLE_DASH,,0,selected_zero_not_shown,0,true
UIMARI,7,23,79,F040,---,MARKER_TRIPLE_DASH,,0,selected_zero_not_shown,0,true
UIMARI,7,23,80,F050,---,MARKER_TRIPLE_DASH,,0,selected_zero_not_shown,0,true
UIMARI,7,23,81,F06C,---,MARKER_TRIPLE_DASH,,0,selected_zero_not_shown,0,true
UIMARI,7,23,82,F06S,---,MARKER_TRIPLE_DASH,,0,selected_zero_not_shown,0,true
UIMARI,7,23,83,F06E,---,MARKER_TRIPLE_DASH,,0,selected_zero_not_shown,0,true
UIMARI,7,23,84,F06N,---,MARKER_TRIPLE_DASH,,0,selected_zero_not_shown,0,true
UIMARI,7,23,85,F07C,---,MARKER_TRIPLE_DASH,,0,selected_zero_not_shown,0,true
UIMARI,7,23,86,F07S,---,MARKER_TRIPLE_DASH,,0,selected_zero_not_shown,0,true
UIMARI,7,23,87,F07E,---,MARKER_TRIPLE_DASH,,0,selected_zero_not_shown,0,true
UIMARI,7,23,88,F07N,---,MARKER_TRIPLE_DASH,,0,selected_zero_not_shown,0,true
UIMARI,7,23,89,F10C,---,MARKER_TRIPLE_DASH,,0,selected_zero_not_shown,0,true
UIMARI,7,23,90,F10S,---,MARKER_TRIPLE_DASH,,0,selected_zero_not_shown,0,true
UIMARI,7,23,91,F10E,---,MARKER_TRIPLE_DASH,,0,selected_zero_not_shown,0,true
UIMARI,7,23,92,F10N,---,MARKER_TRIPLE_DASH,,0,selected_zero_not_shown,0,true
UIMARI,7,23,93,T004,---,MARKER_TRIPLE_DASH,,0,selected_zero_not_shown,0,true
UIMARI,8,321,1,111CA,13,NONZERO_INTEGER,13,13,numeric,13,true
UIMARI,8,321,2,113FF,---,MARKER_TRIPLE_DASH,,0,selected_zero_not_shown,0,true
UIMARI,8,321,3,211,---,MARKER_TRIPLE_DASH,,0,selected_zero_not_shown,0,true
UIMARI,8,321,4,212,3,NONZERO_INTEGER,3,3,numeric,3,true
UIMARI,8,321,5,213,11,NONZERO_INTEGER,11,11,numeric,11,true
UIMARI,8,321,6,22,---,MARKER_TRIPLE_DASH,,0,selected_zero_not_shown,0,true
UIMARI,8,321,7,23,"10,570",NONZERO_INTEGER,10570,10570,numeric,10570,true
UIMARI,8,321,8,321,"5,140",NONZERO_INTEGER,5140,5140,numeric,5140,true
UIMARI,8,321,9,327,5,NONZERO_INTEGER,5,5,numeric,5,true
UIMARI,8,321,10,331,1,NONZERO_INTEGER,1,1,numeric,1,true
UIMARI,8,321,11,332,40,NONZERO_INTEGER,40,40,numeric,40,true
UIMARI,8,321,12,333,168,NONZERO_INTEGER,168,168,numeric,168,true
UIMARI,8,321,13,334,2,NONZERO_INTEGER,2,2,numeric,2,true
UIMARI,8,321,14,335,---,MARKER_TRIPLE_DASH,,0,selected_zero_not_shown,0,true
UIMARI,8,321,15,3361MV,433,NONZERO_INTEGER,433,433,numeric,433,true
UIMARI,8,321,16,3364OT,29,NONZERO_INTEGER,29,29,numeric,29,true
UIMARI,8,321,17,337,"1,521",NONZERO_INTEGER,1521,1521,numeric,1521,true
UIMARI,8,321,18,339,231,NONZERO_INTEGER,231,231,numeric,231,true
UIMARI,8,321,19,311FT,24,NONZERO_INTEGER,24,24,numeric,24,true
UIMARI,8,321,20,313TT,23,NONZERO_INTEGER,23,23,numeric,23,true
UIMARI,8,321,21,315AL,0,LITERAL_ZERO,0,0,numeric,0,true
UIMARI,8,321,22,322,520,NONZERO_INTEGER,520,520,numeric,520,true
UIMARI,8,321,23,323,1,NONZERO_INTEGER,1,1,numeric,1,true
UIMARI,8,321,24,324,---,MARKER_TRIPLE_DASH,,0,selected_zero_not_shown,0,true
UIMARI,8,321,25,325,39,NONZERO_INTEGER,39,39,numeric,39,true
UIMARI,8,321,26,326,295,NONZERO_INTEGER,295,295,numeric,295,true
UIMARI,8,321,27,42,226,NONZERO_INTEGER,226,226,numeric,226,true
UIMARI,8,321,28,441,8,NONZERO_INTEGER,8,8,numeric,8,true
UIMARI,8,321,29,445,18,NONZERO_INTEGER,18,18,numeric,18,true
UIMARI,8,321,30,452,4,NONZERO_INTEGER,4,4,numeric,4,true
UIMARI,8,321,31,4A0,48,NONZERO_INTEGER,48,48,numeric,48,true
UIMARI,8,321,32,481,---,MARKER_TRIPLE_DASH,,0,selected_zero_not_shown,0,true
UIMARI,8,321,33,482,250,NONZERO_INTEGER,250,250,numeric,250,true
UIMARI,8,321,34,483,---,MARKER_TRIPLE_DASH,,0,selected_zero_not_shown,0,true
UIMARI,8,321,35,484,1,NONZERO_INTEGER,1,1,numeric,1,true
UIMARI,8,321,36,485,---,MARKER_TRIPLE_DASH,,0,selected_zero_not_shown,0,true
UIMARI,8,321,37,486,1,NONZERO_INTEGER,1,1,numeric,1,true
UIMARI,8,321,38,487OS,2,NONZERO_INTEGER,2,2,numeric,2,true
UIMARI,8,321,39,493,14,NONZERO_INTEGER,14,14,numeric,14,true
UIMARI,8,321,40,511,3,NONZERO_INTEGER,3,3,numeric,3,true
UIMARI,8,321,41,512,7,NONZERO_INTEGER,7,7,numeric,7,true
UIMARI,8,321,42,513,70,NONZERO_INTEGER,70,70,numeric,70,true
UIMARI,8,321,43,514,179,NONZERO_INTEGER,179,179,numeric,179,true
UIMARI,8,321,44,521CI,45,NONZERO_INTEGER,45,45,numeric,45,true
UIMARI,8,321,45,523,2,NONZERO_INTEGER,2,2,numeric,2,true
UIMARI,8,321,46,524,---,MARKER_TRIPLE_DASH,,0,selected_zero_not_shown,0,true
UIMARI,8,321,47,525,---,MARKER_TRIPLE_DASH,,0,selected_zero_not_shown,0,true
UIMARI,8,321,48,HS,4,NONZERO_INTEGER,4,4,numeric,4,true
UIMARI,8,321,49,ORE,627,NONZERO_INTEGER,627,627,numeric,627,true
UIMARI,8,321,50,532RL,112,NONZERO_INTEGER,112,112,numeric,112,true
UIMARI,8,321,51,5411,3,NONZERO_INTEGER,3,3,numeric,3,true
UIMARI,8,321,52,5415,8,NONZERO_INTEGER,8,8,numeric,8,true
UIMARI,8,321,53,5412OP,72,NONZERO_INTEGER,72,72,numeric,72,true
UIMARI,8,321,54,55,0,LITERAL_ZERO,0,0,numeric,0,true
UIMARI,8,321,55,561,80,NONZERO_INTEGER,80,80,numeric,80,true
UIMARI,8,321,56,562,5,NONZERO_INTEGER,5,5,numeric,5,true
UIMARI,8,321,57,61,15,NONZERO_INTEGER,15,15,numeric,15,true
UIMARI,8,321,58,621,77,NONZERO_INTEGER,77,77,numeric,77,true
UIMARI,8,321,59,622,88,NONZERO_INTEGER,88,88,numeric,88,true
UIMARI,8,321,60,623,1,NONZERO_INTEGER,1,1,numeric,1,true
UIMARI,8,321,61,624,106,NONZERO_INTEGER,106,106,numeric,106,true
UIMARI,8,321,62,711AS,2,NONZERO_INTEGER,2,2,numeric,2,true
UIMARI,8,321,63,713,50,NONZERO_INTEGER,50,50,numeric,50,true
UIMARI,8,321,64,721,286,NONZERO_INTEGER,286,286,numeric,286,true
UIMARI,8,321,65,722,255,NONZERO_INTEGER,255,255,numeric,255,true
UIMARI,8,321,66,81,93,NONZERO_INTEGER,93,93,numeric,93,true
UIMARI,8,321,67,GFGD,9,NONZERO_INTEGER,9,9,numeric,9,true
UIMARI,8,321,68,GFGN,4,NONZERO_INTEGER,4,4,numeric,4,true
UIMARI,8,321,69,GFE,1,NONZERO_INTEGER,1,1,numeric,1,true
UIMARI,8,321,70,GSLG,"1,067",NONZERO_INTEGER,1067,1067,numeric,1067,true
UIMARI,8,321,71,GSLE,48,NONZERO_INTEGER,48,48,numeric,48,true
UIMARI,8,321,72,T001,"22,958",NONZERO_INTEGER,22958,22958,numeric,22958,true
UIMARI,8,321,73,F010,"1,999",NONZERO_INTEGER,1999,1999,numeric,1999,true
UIMARI,8,321,74,F02S,---,MARKER_TRIPLE_DASH,,0,selected_zero_not_shown,0,true
UIMARI,8,321,75,F02E,---,MARKER_TRIPLE_DASH,,0,selected_zero_not_shown,0,true
UIMARI,8,321,76,F02N,---,MARKER_TRIPLE_DASH,,0,selected_zero_not_shown,0,true
UIMARI,8,321,77,F02R,11,NONZERO_INTEGER,11,11,numeric,11,true
UIMARI,8,321,78,F030,80,NONZERO_INTEGER,80,80,numeric,80,true
UIMARI,8,321,79,F040,---,MARKER_TRIPLE_DASH,,0,selected_zero_not_shown,0,true
UIMARI,8,321,80,F050,"-25,047",NONZERO_INTEGER,-25047,-25047,numeric,-25047,true
UIMARI,8,321,81,F06C,---,MARKER_TRIPLE_DASH,,0,selected_zero_not_shown,0,true
UIMARI,8,321,82,F06S,---,MARKER_TRIPLE_DASH,,0,selected_zero_not_shown,0,true
UIMARI,8,321,83,F06E,---,MARKER_TRIPLE_DASH,,0,selected_zero_not_shown,0,true
UIMARI,8,321,84,F06N,---,MARKER_TRIPLE_DASH,,0,selected_zero_not_shown,0,true
UIMARI,8,321,85,F07C,---,MARKER_TRIPLE_DASH,,0,selected_zero_not_shown,0,true
UIMARI,8,321,86,F07S,---,MARKER_TRIPLE_DASH,,0,selected_zero_not_shown,0,true
UIMARI,8,321,87,F07E,---,MARKER_TRIPLE_DASH,,0,selected_zero_not_shown,0,true
UIMARI,8,321,88,F07N,---,MARKER_TRIPLE_DASH,,0,selected_zero_not_shown,0,true
UIMARI,8,321,89,F10C,---,MARKER_TRIPLE_DASH,,0,selected_zero_not_shown,0,true
UIMARI,8,321,90,F10S,---,MARKER_TRIPLE_DASH,,0,selected_zero_not_shown,0,true
UIMARI,8,321,91,F10E,---,MARKER_TRIPLE_DASH,,0,selected_zero_not_shown,0,true
UIMARI,8,321,92,F10N,---,MARKER_TRIPLE_DASH,,0,selected_zero_not_shown,0,true
UIMARI,8,321,93,T004,"-22,958",NONZERO_INTEGER,-22958,-22958,numeric,-22958,true
UIMARI,9,327,1,111CA,0,LITERAL_ZERO,0,0,numeric,0,true
UIMARI,9,327,2,113FF,0,LITERAL_ZERO,0,0,numeric,0,true
UIMARI,9,327,3,211,285,NONZERO_INTEGER,285,285,numeric,285,true
UIMARI,9,327,4,212,8,NONZERO_INTEGER,8,8,numeric,8,true
UIMARI,9,327,5,213,75,NONZERO_INTEGER,75,75,numeric,75,true
UIMARI,9,327,6,22,0,LITERAL_ZERO,0,0,numeric,0,true
UIMARI,9,327,7,23,"9,737",NONZERO_INTEGER,9737,9737,numeric,9737,true
UIMARI,9,327,8,321,191,NONZERO_INTEGER,191,191,numeric,191,true
UIMARI,9,327,9,327,"3,840",NONZERO_INTEGER,3840,3840,numeric,3840,true
UIMARI,9,327,10,331,573,NONZERO_INTEGER,573,573,numeric,573,true
UIMARI,9,327,11,332,610,NONZERO_INTEGER,610,610,numeric,610,true
UIMARI,9,327,12,333,510,NONZERO_INTEGER,510,510,numeric,510,true
UIMARI,9,327,13,334,68,NONZERO_INTEGER,68,68,numeric,68,true
UIMARI,9,327,14,335,306,NONZERO_INTEGER,306,306,numeric,306,true
UIMARI,9,327,15,3361MV,"1,368",NONZERO_INTEGER,1368,1368,numeric,1368,true
UIMARI,9,327,16,3364OT,112,NONZERO_INTEGER,112,112,numeric,112,true
UIMARI,9,327,17,337,92,NONZERO_INTEGER,92,92,numeric,92,true
UIMARI,9,327,18,339,190,NONZERO_INTEGER,190,190,numeric,190,true
UIMARI,9,327,19,311FT,758,NONZERO_INTEGER,758,758,numeric,758,true
UIMARI,9,327,20,313TT,12,NONZERO_INTEGER,12,12,numeric,12,true
UIMARI,9,327,21,315AL,---,MARKER_TRIPLE_DASH,,0,selected_zero_not_shown,0,true
UIMARI,9,327,22,322,15,NONZERO_INTEGER,15,15,numeric,15,true
UIMARI,9,327,23,323,0,LITERAL_ZERO,0,0,numeric,0,true
UIMARI,9,327,24,324,275,NONZERO_INTEGER,275,275,numeric,275,true
UIMARI,9,327,25,325,222,NONZERO_INTEGER,222,222,numeric,222,true
UIMARI,9,327,26,326,535,NONZERO_INTEGER,535,535,numeric,535,true
UIMARI,9,327,27,42,17,NONZERO_INTEGER,17,17,numeric,17,true
UIMARI,9,327,28,441,134,NONZERO_INTEGER,134,134,numeric,134,true
UIMARI,9,327,29,445,24,NONZERO_INTEGER,24,24,numeric,24,true
UIMARI,9,327,30,452,---,MARKER_TRIPLE_DASH,,0,selected_zero_not_shown,0,true
UIMARI,9,327,31,4A0,186,NONZERO_INTEGER,186,186,numeric,186,true
UIMARI,9,327,32,481,---,MARKER_TRIPLE_DASH,,0,selected_zero_not_shown,0,true
UIMARI,9,327,33,482,2,NONZERO_INTEGER,2,2,numeric,2,true
UIMARI,9,327,34,483,---,MARKER_TRIPLE_DASH,,0,selected_zero_not_shown,0,true
UIMARI,9,327,35,484,50,NONZERO_INTEGER,50,50,numeric,50,true
UIMARI,9,327,36,485,---,MARKER_TRIPLE_DASH,,0,selected_zero_not_shown,0,true
UIMARI,9,327,37,486,---,MARKER_TRIPLE_DASH,,0,selected_zero_not_shown,0,true
UIMARI,9,327,38,487OS,2,NONZERO_INTEGER,2,2,numeric,2,true
UIMARI,9,327,39,493,27,NONZERO_INTEGER,27,27,numeric,27,true
UIMARI,9,327,40,511,0,LITERAL_ZERO,0,0,numeric,0,true
UIMARI,9,327,41,512,0,LITERAL_ZERO,0,0,numeric,0,true
UIMARI,9,327,42,513,624,NONZERO_INTEGER,624,624,numeric,624,true
UIMARI,9,327,43,514,144,NONZERO_INTEGER,144,144,numeric,144,true
UIMARI,9,327,44,521CI,16,NONZERO_INTEGER,16,16,numeric,16,true
UIMARI,9,327,45,523,28,NONZERO_INTEGER,28,28,numeric,28,true
UIMARI,9,327,46,524,12,NONZERO_INTEGER,12,12,numeric,12,true
UIMARI,9,327,47,525,---,MARKER_TRIPLE_DASH,,0,selected_zero_not_shown,0,true
UIMARI,9,327,48,HS,1,NONZERO_INTEGER,1,1,numeric,1,true
UIMARI,9,327,49,ORE,0,LITERAL_ZERO,0,0,numeric,0,true
UIMARI,9,327,50,532RL,200,NONZERO_INTEGER,200,200,numeric,200,true
UIMARI,9,327,51,5411,---,MARKER_TRIPLE_DASH,,0,selected_zero_not_shown,0,true
UIMARI,9,327,52,5415,7,NONZERO_INTEGER,7,7,numeric,7,true
UIMARI,9,327,53,5412OP,859,NONZERO_INTEGER,859,859,numeric,859,true
UIMARI,9,327,54,55,12,NONZERO_INTEGER,12,12,numeric,12,true
UIMARI,9,327,55,561,200,NONZERO_INTEGER,200,200,numeric,200,true
UIMARI,9,327,56,562,114,NONZERO_INTEGER,114,114,numeric,114,true
UIMARI,9,327,57,61,48,NONZERO_INTEGER,48,48,numeric,48,true
UIMARI,9,327,58,621,589,NONZERO_INTEGER,589,589,numeric,589,true
UIMARI,9,327,59,622,"1,506",NONZERO_INTEGER,1506,1506,numeric,1506,true
UIMARI,9,327,60,623,48,NONZERO_INTEGER,48,48,numeric,48,true
UIMARI,9,327,61,624,110,NONZERO_INTEGER,110,110,numeric,110,true
UIMARI,9,327,62,711AS,2,NONZERO_INTEGER,2,2,numeric,2,true
UIMARI,9,327,63,713,42,NONZERO_INTEGER,42,42,numeric,42,true
UIMARI,9,327,64,721,12,NONZERO_INTEGER,12,12,numeric,12,true
UIMARI,9,327,65,722,926,NONZERO_INTEGER,926,926,numeric,926,true
UIMARI,9,327,66,81,213,NONZERO_INTEGER,213,213,numeric,213,true
UIMARI,9,327,67,GFGD,15,NONZERO_INTEGER,15,15,numeric,15,true
UIMARI,9,327,68,GFGN,372,NONZERO_INTEGER,372,372,numeric,372,true
UIMARI,9,327,69,GFE,---,MARKER_TRIPLE_DASH,,0,selected_zero_not_shown,0,true
UIMARI,9,327,70,GSLG,872,NONZERO_INTEGER,872,872,numeric,872,true
UIMARI,9,327,71,GSLE,277,NONZERO_INTEGER,277,277,numeric,277,true
UIMARI,9,327,72,T001,"27,474",NONZERO_INTEGER,27474,27474,numeric,27474,true
UIMARI,9,327,73,F010,"6,626",NONZERO_INTEGER,6626,6626,numeric,6626,true
UIMARI,9,327,74,F02S,---,MARKER_TRIPLE_DASH,,0,selected_zero_not_shown,0,true
UIMARI,9,327,75,F02E,---,MARKER_TRIPLE_DASH,,0,selected_zero_not_shown,0,true
UIMARI,9,327,76,F02N,---,MARKER_TRIPLE_DASH,,0,selected_zero_not_shown,0,true
UIMARI,9,327,77,F02R,---,MARKER_TRIPLE_DASH,,0,selected_zero_not_shown,0,true
UIMARI,9,327,78,F030,179,NONZERO_INTEGER,179,179,numeric,179,true
UIMARI,9,327,79,F040,---,MARKER_TRIPLE_DASH,,0,selected_zero_not_shown,0,true
UIMARI,9,327,80,F050,"-34,279",NONZERO_INTEGER,-34279,-34279,numeric,-34279,true
UIMARI,9,327,81,F06C,---,MARKER_TRIPLE_DASH,,0,selected_zero_not_shown,0,true
UIMARI,9,327,82,F06S,---,MARKER_TRIPLE_DASH,,0,selected_zero_not_shown,0,true
UIMARI,9,327,83,F06E,---,MARKER_TRIPLE_DASH,,0,selected_zero_not_shown,0,true
UIMARI,9,327,84,F06N,---,MARKER_TRIPLE_DASH,,0,selected_zero_not_shown,0,true
UIMARI,9,327,85,F07C,---,MARKER_TRIPLE_DASH,,0,selected_zero_not_shown,0,true
UIMARI,9,327,86,F07S,---,MARKER_TRIPLE_DASH,,0,selected_zero_not_shown,0,true
UIMARI,9,327,87,F07E,---,MARKER_TRIPLE_DASH,,0,selected_zero_not_shown,0,true
UIMARI,9,327,88,F07N,---,MARKER_TRIPLE_DASH,,0,selected_zero_not_shown,0,true
UIMARI,9,327,89,F10C,---,MARKER_TRIPLE_DASH,,0,selected_zero_not_shown,0,true
UIMARI,9,327,90,F10S,---,MARKER_TRIPLE_DASH,,0,selected_zero_not_shown,0,true
UIMARI,9,327,91,F10E,---,MARKER_TRIPLE_DASH,,0,selected_zero_not_shown,0,true
UIMARI,9,327,92,F10N,---,MARKER_TRIPLE_DASH,,0,selected_zero_not_shown,0,true
UIMARI,9,327,93,T004,"-27,474",NONZERO_INTEGER,-27474,-27474,numeric,-27474,true
UIMARI,10,331,1,111CA,46,NONZERO_INTEGER,46,46,numeric,46,true
UIMARI,10,331,2,113FF,---,MARKER_TRIPLE_DASH,,0,selected_zero_not_shown,0,true
UIMARI,10,331,3,211,"1,437",NONZERO_INTEGER,1437,1437,numeric,1437,true
UIMARI,10,331,4,212,120,NONZERO_INTEGER,120,120,numeric,120,true
UIMARI,10,331,5,213,76,NONZERO_INTEGER,76,76,numeric,76,true
UIMARI,10,331,6,22,0,LITERAL_ZERO,0,0,numeric,0,true
UIMARI,10,331,7,23,"2,430",NONZERO_INTEGER,2430,2430,numeric,2430,true
UIMARI,10,331,8,321,82,NONZERO_INTEGER,82,82,numeric,82,true
UIMARI,10,331,9,327,526,NONZERO_INTEGER,526,526,numeric,526,true
UIMARI,10,331,10,331,"36,296",NONZERO_INTEGER,36296,36296,numeric,36296,true
UIMARI,10,331,11,332,"17,494",NONZERO_INTEGER,17494,17494,numeric,17494,true
UIMARI,10,331,12,333,"6,680",NONZERO_INTEGER,6680,6680,numeric,6680,true
UIMARI,10,331,13,334,"1,229",NONZERO_INTEGER,1229,1229,numeric,1229,true
UIMARI,10,331,14,335,"9,968",NONZERO_INTEGER,9968,9968,numeric,9968,true
UIMARI,10,331,15,3361MV,"10,131",NONZERO_INTEGER,10131,10131,numeric,10131,true
UIMARI,10,331,16,3364OT,"1,433",NONZERO_INTEGER,1433,1433,numeric,1433,true
UIMARI,10,331,17,337,896,NONZERO_INTEGER,896,896,numeric,896,true
UIMARI,10,331,18,339,"2,218",NONZERO_INTEGER,2218,2218,numeric,2218,true
UIMARI,10,331,19,311FT,488,NONZERO_INTEGER,488,488,numeric,488,true
UIMARI,10,331,20,313TT,7,NONZERO_INTEGER,7,7,numeric,7,true
UIMARI,10,331,21,315AL,---,MARKER_TRIPLE_DASH,,0,selected_zero_not_shown,0,true
UIMARI,10,331,22,322,284,NONZERO_INTEGER,284,284,numeric,284,true
UIMARI,10,331,23,323,6,NONZERO_INTEGER,6,6,numeric,6,true
UIMARI,10,331,24,324,7,NONZERO_INTEGER,7,7,numeric,7,true
UIMARI,10,331,25,325,11,NONZERO_INTEGER,11,11,numeric,11,true
UIMARI,10,331,26,326,352,NONZERO_INTEGER,352,352,numeric,352,true
UIMARI,10,331,27,42,132,NONZERO_INTEGER,132,132,numeric,132,true
UIMARI,10,331,28,441,0,LITERAL_ZERO,0,0,numeric,0,true
UIMARI,10,331,29,445,---,MARKER_TRIPLE_DASH,,0,selected_zero_not_shown,0,true
UIMARI,10,331,30,452,---,MARKER_TRIPLE_DASH,,0,selected_zero_not_shown,0,true
UIMARI,10,331,31,4A0,8,NONZERO_INTEGER,8,8,numeric,8,true
UIMARI,10,331,32,481,---,MARKER_TRIPLE_DASH,,0,selected_zero_not_shown,0,true
UIMARI,10,331,33,482,46,NONZERO_INTEGER,46,46,numeric,46,true
UIMARI,10,331,34,483,---,MARKER_TRIPLE_DASH,,0,selected_zero_not_shown,0,true
UIMARI,10,331,35,484,---,MARKER_TRIPLE_DASH,,0,selected_zero_not_shown,0,true
UIMARI,10,331,36,485,---,MARKER_TRIPLE_DASH,,0,selected_zero_not_shown,0,true
UIMARI,10,331,37,486,---,MARKER_TRIPLE_DASH,,0,selected_zero_not_shown,0,true
UIMARI,10,331,38,487OS,6,NONZERO_INTEGER,6,6,numeric,6,true
UIMARI,10,331,39,493,---,MARKER_TRIPLE_DASH,,0,selected_zero_not_shown,0,true
UIMARI,10,331,40,511,5,NONZERO_INTEGER,5,5,numeric,5,true
UIMARI,10,331,41,512,4,NONZERO_INTEGER,4,4,numeric,4,true
UIMARI,10,331,42,513,46,NONZERO_INTEGER,46,46,numeric,46,true
UIMARI,10,331,43,514,492,NONZERO_INTEGER,492,492,numeric,492,true
UIMARI,10,331,44,521CI,---,MARKER_TRIPLE_DASH,,0,selected_zero_not_shown,0,true
UIMARI,10,331,45,523,---,MARKER_TRIPLE_DASH,,0,selected_zero_not_shown,0,true
UIMARI,10,331,46,524,---,MARKER_TRIPLE_DASH,,0,selected_zero_not_shown,0,true
UIMARI,10,331,47,525,---,MARKER_TRIPLE_DASH,,0,selected_zero_not_shown,0,true
UIMARI,10,331,48,HS,0,LITERAL_ZERO,0,0,numeric,0,true
UIMARI,10,331,49,ORE,"1,077",NONZERO_INTEGER,1077,1077,numeric,1077,true
UIMARI,10,331,50,532RL,51,NONZERO_INTEGER,51,51,numeric,51,true
UIMARI,10,331,51,5411,---,MARKER_TRIPLE_DASH,,0,selected_zero_not_shown,0,true
UIMARI,10,331,52,5415,---,MARKER_TRIPLE_DASH,,0,selected_zero_not_shown,0,true
UIMARI,10,331,53,5412OP,672,NONZERO_INTEGER,672,672,numeric,672,true
UIMARI,10,331,54,55,16,NONZERO_INTEGER,16,16,numeric,16,true
UIMARI,10,331,55,561,229,NONZERO_INTEGER,229,229,numeric,229,true
UIMARI,10,331,56,562,82,NONZERO_INTEGER,82,82,numeric,82,true
UIMARI,10,331,57,61,112,NONZERO_INTEGER,112,112,numeric,112,true
UIMARI,10,331,58,621,69,NONZERO_INTEGER,69,69,numeric,69,true
UIMARI,10,331,59,622,10,NONZERO_INTEGER,10,10,numeric,10,true
UIMARI,10,331,60,623,6,NONZERO_INTEGER,6,6,numeric,6,true
UIMARI,10,331,61,624,108,NONZERO_INTEGER,108,108,numeric,108,true
UIMARI,10,331,62,711AS,11,NONZERO_INTEGER,11,11,numeric,11,true
UIMARI,10,331,63,713,117,NONZERO_INTEGER,117,117,numeric,117,true
UIMARI,10,331,64,721,12,NONZERO_INTEGER,12,12,numeric,12,true
UIMARI,10,331,65,722,44,NONZERO_INTEGER,44,44,numeric,44,true
UIMARI,10,331,66,81,320,NONZERO_INTEGER,320,320,numeric,320,true
UIMARI,10,331,67,GFGD,285,NONZERO_INTEGER,285,285,numeric,285,true
UIMARI,10,331,68,GFGN,419,NONZERO_INTEGER,419,419,numeric,419,true
UIMARI,10,331,69,GFE,---,MARKER_TRIPLE_DASH,,0,selected_zero_not_shown,0,true
UIMARI,10,331,70,GSLG,3,NONZERO_INTEGER,3,3,numeric,3,true
UIMARI,10,331,71,GSLE,336,NONZERO_INTEGER,336,336,numeric,336,true
UIMARI,10,331,72,T001,"96,939",NONZERO_INTEGER,96939,96939,numeric,96939,true
UIMARI,10,331,73,F010,511,NONZERO_INTEGER,511,511,numeric,511,true
UIMARI,10,331,74,F02S,---,MARKER_TRIPLE_DASH,,0,selected_zero_not_shown,0,true
UIMARI,10,331,75,F02E,---,MARKER_TRIPLE_DASH,,0,selected_zero_not_shown,0,true
UIMARI,10,331,76,F02N,---,MARKER_TRIPLE_DASH,,0,selected_zero_not_shown,0,true
UIMARI,10,331,77,F02R,---,MARKER_TRIPLE_DASH,,0,selected_zero_not_shown,0,true
UIMARI,10,331,78,F030,151,NONZERO_INTEGER,151,151,numeric,151,true
UIMARI,10,331,79,F040,---,MARKER_TRIPLE_DASH,,0,selected_zero_not_shown,0,true
UIMARI,10,331,80,F050,"-97,601",NONZERO_INTEGER,-97601,-97601,numeric,-97601,true
UIMARI,10,331,81,F06C,---,MARKER_TRIPLE_DASH,,0,selected_zero_not_shown,0,true
UIMARI,10,331,82,F06S,---,MARKER_TRIPLE_DASH,,0,selected_zero_not_shown,0,true
UIMARI,10,331,83,F06E,---,MARKER_TRIPLE_DASH,,0,selected_zero_not_shown,0,true
UIMARI,10,331,84,F06N,---,MARKER_TRIPLE_DASH,,0,selected_zero_not_shown,0,true
UIMARI,10,331,85,F07C,---,MARKER_TRIPLE_DASH,,0,selected_zero_not_shown,0,true
UIMARI,10,331,86,F07S,---,MARKER_TRIPLE_DASH,,0,selected_zero_not_shown,0,true
UIMARI,10,331,87,F07E,---,MARKER_TRIPLE_DASH,,0,selected_zero_not_shown,0,true
UIMARI,10,331,88,F07N,---,MARKER_TRIPLE_DASH,,0,selected_zero_not_shown,0,true
UIMARI,10,331,89,F10C,---,MARKER_TRIPLE_DASH,,0,selected_zero_not_shown,0,true
UIMARI,10,331,90,F10S,---,MARKER_TRIPLE_DASH,,0,selected_zero_not_shown,0,true
UIMARI,10,331,91,F10E,---,MARKER_TRIPLE_DASH,,0,selected_zero_not_shown,0,true
UIMARI,10,331,92,F10N,---,MARKER_TRIPLE_DASH,,0,selected_zero_not_shown,0,true
UIMARI,10,331,93,T004,"-96,939",NONZERO_INTEGER,-96939,-96939,numeric,-96939,true
UIMARI,11,332,1,111CA,650,NONZERO_INTEGER,650,650,numeric,650,true
UIMARI,11,332,2,113FF,31,NONZERO_INTEGER,31,31,numeric,31,true
UIMARI,11,332,3,211,"3,398",NONZERO_INTEGER,3398,3398,numeric,3398,true
UIMARI,11,332,4,212,153,NONZERO_INTEGER,153,153,numeric,153,true
UIMARI,11,332,5,213,88,NONZERO_INTEGER,88,88,numeric,88,true
UIMARI,11,332,6,22,414,NONZERO_INTEGER,414,414,numeric,414,true
UIMARI,11,332,7,23,"23,880",NONZERO_INTEGER,23880,23880,numeric,23880,true
UIMARI,11,332,8,321,575,NONZERO_INTEGER,575,575,numeric,575,true
UIMARI,11,332,9,327,171,NONZERO_INTEGER,171,171,numeric,171,true
UIMARI,11,332,10,331,406,NONZERO_INTEGER,406,406,numeric,406,true
UIMARI,11,332,11,332,"4,582",NONZERO_INTEGER,4582,4582,numeric,4582,true
UIMARI,11,332,12,333,"3,606",NONZERO_INTEGER,3606,3606,numeric,3606,true
UIMARI,11,332,13,334,629,NONZERO_INTEGER,629,629,numeric,629,true
UIMARI,11,332,14,335,"1,350",NONZERO_INTEGER,1350,1350,numeric,1350,true
UIMARI,11,332,15,3361MV,"4,433",NONZERO_INTEGER,4433,4433,numeric,4433,true
UIMARI,11,332,16,3364OT,"1,547",NONZERO_INTEGER,1547,1547,numeric,1547,true
UIMARI,11,332,17,337,674,NONZERO_INTEGER,674,674,numeric,674,true
UIMARI,11,332,18,339,364,NONZERO_INTEGER,364,364,numeric,364,true
UIMARI,11,332,19,311FT,"1,983",NONZERO_INTEGER,1983,1983,numeric,1983,true
UIMARI,11,332,20,313TT,39,NONZERO_INTEGER,39,39,numeric,39,true
UIMARI,11,332,21,315AL,-3,NONZERO_INTEGER,-3,-3,numeric,-3,true
UIMARI,11,332,22,322,708,NONZERO_INTEGER,708,708,numeric,708,true
UIMARI,11,332,23,323,38,NONZERO_INTEGER,38,38,numeric,38,true
UIMARI,11,332,24,324,37,NONZERO_INTEGER,37,37,numeric,37,true
UIMARI,11,332,25,325,"1,381",NONZERO_INTEGER,1381,1381,numeric,1381,true
UIMARI,11,332,26,326,896,NONZERO_INTEGER,896,896,numeric,896,true
UIMARI,11,332,27,42,356,NONZERO_INTEGER,356,356,numeric,356,true
UIMARI,11,332,28,441,100,NONZERO_INTEGER,100,100,numeric,100,true
UIMARI,11,332,29,445,68,NONZERO_INTEGER,68,68,numeric,68,true
UIMARI,11,332,30,452,19,NONZERO_INTEGER,19,19,numeric,19,true
UIMARI,11,332,31,4A0,"1,003",NONZERO_INTEGER,1003,1003,numeric,1003,true
UIMARI,11,332,32,481,1,NONZERO_INTEGER,1,1,numeric,1,true
UIMARI,11,332,33,482,78,NONZERO_INTEGER,78,78,numeric,78,true
UIMARI,11,332,34,483,38,NONZERO_INTEGER,38,38,numeric,38,true
UIMARI,11,332,35,484,307,NONZERO_INTEGER,307,307,numeric,307,true
UIMARI,11,332,36,485,222,NONZERO_INTEGER,222,222,numeric,222,true
UIMARI,11,332,37,486,13,NONZERO_INTEGER,13,13,numeric,13,true
UIMARI,11,332,38,487OS,97,NONZERO_INTEGER,97,97,numeric,97,true
UIMARI,11,332,39,493,134,NONZERO_INTEGER,134,134,numeric,134,true
UIMARI,11,332,40,511,43,NONZERO_INTEGER,43,43,numeric,43,true
UIMARI,11,332,41,512,4,NONZERO_INTEGER,4,4,numeric,4,true
UIMARI,11,332,42,513,"2,824",NONZERO_INTEGER,2824,2824,numeric,2824,true
UIMARI,11,332,43,514,428,NONZERO_INTEGER,428,428,numeric,428,true
UIMARI,11,332,44,521CI,54,NONZERO_INTEGER,54,54,numeric,54,true
UIMARI,11,332,45,523,31,NONZERO_INTEGER,31,31,numeric,31,true
UIMARI,11,332,46,524,---,MARKER_TRIPLE_DASH,,0,selected_zero_not_shown,0,true
UIMARI,11,332,47,525,27,NONZERO_INTEGER,27,27,numeric,27,true
UIMARI,11,332,48,HS,4,NONZERO_INTEGER,4,4,numeric,4,true
UIMARI,11,332,49,ORE,864,NONZERO_INTEGER,864,864,numeric,864,true
UIMARI,11,332,50,532RL,443,NONZERO_INTEGER,443,443,numeric,443,true
UIMARI,11,332,51,5411,11,NONZERO_INTEGER,11,11,numeric,11,true
UIMARI,11,332,52,5415,400,NONZERO_INTEGER,400,400,numeric,400,true
UIMARI,11,332,53,5412OP,"1,334",NONZERO_INTEGER,1334,1334,numeric,1334,true
UIMARI,11,332,54,55,113,NONZERO_INTEGER,113,113,numeric,113,true
UIMARI,11,332,55,561,999,NONZERO_INTEGER,999,999,numeric,999,true
UIMARI,11,332,56,562,756,NONZERO_INTEGER,756,756,numeric,756,true
UIMARI,11,332,57,61,102,NONZERO_INTEGER,102,102,numeric,102,true
UIMARI,11,332,58,621,76,NONZERO_INTEGER,76,76,numeric,76,true
UIMARI,11,332,59,622,251,NONZERO_INTEGER,251,251,numeric,251,true
UIMARI,11,332,60,623,5,NONZERO_INTEGER,5,5,numeric,5,true
UIMARI,11,332,61,624,"1,045",NONZERO_INTEGER,1045,1045,numeric,1045,true
UIMARI,11,332,62,711AS,7,NONZERO_INTEGER,7,7,numeric,7,true
UIMARI,11,332,63,713,313,NONZERO_INTEGER,313,313,numeric,313,true
UIMARI,11,332,64,721,608,NONZERO_INTEGER,608,608,numeric,608,true
UIMARI,11,332,65,722,"1,273",NONZERO_INTEGER,1273,1273,numeric,1273,true
UIMARI,11,332,66,81,"1,250",NONZERO_INTEGER,1250,1250,numeric,1250,true
UIMARI,11,332,67,GFGD,"2,870",NONZERO_INTEGER,2870,2870,numeric,2870,true
UIMARI,11,332,68,GFGN,347,NONZERO_INTEGER,347,347,numeric,347,true
UIMARI,11,332,69,GFE,42,NONZERO_INTEGER,42,42,numeric,42,true
UIMARI,11,332,70,GSLG,"1,343",NONZERO_INTEGER,1343,1343,numeric,1343,true
UIMARI,11,332,71,GSLE,"1,551",NONZERO_INTEGER,1551,1551,numeric,1551,true
UIMARI,11,332,72,T001,"73,887",NONZERO_INTEGER,73887,73887,numeric,73887,true
UIMARI,11,332,73,F010,"14,696",NONZERO_INTEGER,14696,14696,numeric,14696,true
UIMARI,11,332,74,F02S,---,MARKER_TRIPLE_DASH,,0,selected_zero_not_shown,0,true
UIMARI,11,332,75,F02E,"5,755",NONZERO_INTEGER,5755,5755,numeric,5755,true
UIMARI,11,332,76,F02N,---,MARKER_TRIPLE_DASH,,0,selected_zero_not_shown,0,true
UIMARI,11,332,77,F02R,---,MARKER_TRIPLE_DASH,,0,selected_zero_not_shown,0,true
UIMARI,11,332,78,F030,655,NONZERO_INTEGER,655,655,numeric,655,true
UIMARI,11,332,79,F040,---,MARKER_TRIPLE_DASH,,0,selected_zero_not_shown,0,true
UIMARI,11,332,80,F050,"-95,095",NONZERO_INTEGER,-95095,-95095,numeric,-95095,true
UIMARI,11,332,81,F06C,---,MARKER_TRIPLE_DASH,,0,selected_zero_not_shown,0,true
UIMARI,11,332,82,F06S,---,MARKER_TRIPLE_DASH,,0,selected_zero_not_shown,0,true
UIMARI,11,332,83,F06E,52,NONZERO_INTEGER,52,52,numeric,52,true
UIMARI,11,332,84,F06N,---,MARKER_TRIPLE_DASH,,0,selected_zero_not_shown,0,true
UIMARI,11,332,85,F07C,---,MARKER_TRIPLE_DASH,,0,selected_zero_not_shown,0,true
UIMARI,11,332,86,F07S,---,MARKER_TRIPLE_DASH,,0,selected_zero_not_shown,0,true
UIMARI,11,332,87,F07E,6,NONZERO_INTEGER,6,6,numeric,6,true
UIMARI,11,332,88,F07N,---,MARKER_TRIPLE_DASH,,0,selected_zero_not_shown,0,true
UIMARI,11,332,89,F10C,---,MARKER_TRIPLE_DASH,,0,selected_zero_not_shown,0,true
UIMARI,11,332,90,F10S,---,MARKER_TRIPLE_DASH,,0,selected_zero_not_shown,0,true
UIMARI,11,332,91,F10E,43,NONZERO_INTEGER,43,43,numeric,43,true
UIMARI,11,332,92,F10N,---,MARKER_TRIPLE_DASH,,0,selected_zero_not_shown,0,true
UIMARI,11,332,93,T004,"-73,887",NONZERO_INTEGER,-73887,-73887,numeric,-73887,true
UIMARI,12,333,1,111CA,"2,326",NONZERO_INTEGER,2326,2326,numeric,2326,true
UIMARI,12,333,2,113FF,17,NONZERO_INTEGER,17,17,numeric,17,true
UIMARI,12,333,3,211,"4,456",NONZERO_INTEGER,4456,4456,numeric,4456,true
UIMARI,12,333,4,212,"2,297",NONZERO_INTEGER,2297,2297,numeric,2297,true
UIMARI,12,333,5,213,"1,553",NONZERO_INTEGER,1553,1553,numeric,1553,true
UIMARI,12,333,6,22,668,NONZERO_INTEGER,668,668,numeric,668,true
UIMARI,12,333,7,23,"16,213",NONZERO_INTEGER,16213,16213,numeric,16213,true
UIMARI,12,333,8,321,190,NONZERO_INTEGER,190,190,numeric,190,true
UIMARI,12,333,9,327,52,NONZERO_INTEGER,52,52,numeric,52,true
UIMARI,12,333,10,331,452,NONZERO_INTEGER,452,452,numeric,452,true
UIMARI,12,333,11,332,"2,400",NONZERO_INTEGER,2400,2400,numeric,2400,true
UIMARI,12,333,12,333,"15,594",NONZERO_INTEGER,15594,15594,numeric,15594,true
UIMARI,12,333,13,334,188,NONZERO_INTEGER,188,188,numeric,188,true
UIMARI,12,333,14,335,"1,438",NONZERO_INTEGER,1438,1438,numeric,1438,true
UIMARI,12,333,15,3361MV,"16,706",NONZERO_INTEGER,16706,16706,numeric,16706,true
UIMARI,12,333,16,3364OT,981,NONZERO_INTEGER,981,981,numeric,981,true
UIMARI,12,333,17,337,67,NONZERO_INTEGER,67,67,numeric,67,true
UIMARI,12,333,18,339,471,NONZERO_INTEGER,471,471,numeric,471,true
UIMARI,12,333,19,311FT,"3,625",NONZERO_INTEGER,3625,3625,numeric,3625,true
UIMARI,12,333,20,313TT,12,NONZERO_INTEGER,12,12,numeric,12,true
UIMARI,12,333,21,315AL,1,NONZERO_INTEGER,1,1,numeric,1,true
UIMARI,12,333,22,322,941,NONZERO_INTEGER,941,941,numeric,941,true
UIMARI,12,333,23,323,740,NONZERO_INTEGER,740,740,numeric,740,true
UIMARI,12,333,24,324,22,NONZERO_INTEGER,22,22,numeric,22,true
UIMARI,12,333,25,325,"2,775",NONZERO_INTEGER,2775,2775,numeric,2775,true
UIMARI,12,333,26,326,"1,193",NONZERO_INTEGER,1193,1193,numeric,1193,true
UIMARI,12,333,27,42,769,NONZERO_INTEGER,769,769,numeric,769,true
UIMARI,12,333,28,441,91,NONZERO_INTEGER,91,91,numeric,91,true
UIMARI,12,333,29,445,46,NONZERO_INTEGER,46,46,numeric,46,true
UIMARI,12,333,30,452,21,NONZERO_INTEGER,21,21,numeric,21,true
UIMARI,12,333,31,4A0,343,NONZERO_INTEGER,343,343,numeric,343,true
UIMARI,12,333,32,481,1,NONZERO_INTEGER,1,1,numeric,1,true
UIMARI,12,333,33,482,10,NONZERO_INTEGER,10,10,numeric,10,true
UIMARI,12,333,34,483,14,NONZERO_INTEGER,14,14,numeric,14,true
UIMARI,12,333,35,484,186,NONZERO_INTEGER,186,186,numeric,186,true
UIMARI,12,333,36,485,47,NONZERO_INTEGER,47,47,numeric,47,true
UIMARI,12,333,37,486,20,NONZERO_INTEGER,20,20,numeric,20,true
UIMARI,12,333,38,487OS,"3,218",NONZERO_INTEGER,3218,3218,numeric,3218,true
UIMARI,12,333,39,493,461,NONZERO_INTEGER,461,461,numeric,461,true
UIMARI,12,333,40,511,23,NONZERO_INTEGER,23,23,numeric,23,true
UIMARI,12,333,41,512,1,NONZERO_INTEGER,1,1,numeric,1,true
UIMARI,12,333,42,513,240,NONZERO_INTEGER,240,240,numeric,240,true
UIMARI,12,333,43,514,68,NONZERO_INTEGER,68,68,numeric,68,true
UIMARI,12,333,44,521CI,1,NONZERO_INTEGER,1,1,numeric,1,true
UIMARI,12,333,45,523,7,NONZERO_INTEGER,7,7,numeric,7,true
UIMARI,12,333,46,524,391,NONZERO_INTEGER,391,391,numeric,391,true
UIMARI,12,333,47,525,---,MARKER_TRIPLE_DASH,,0,selected_zero_not_shown,0,true
UIMARI,12,333,48,HS,1,NONZERO_INTEGER,1,1,numeric,1,true
UIMARI,12,333,49,ORE,4,NONZERO_INTEGER,4,4,numeric,4,true
UIMARI,12,333,50,532RL,299,NONZERO_INTEGER,299,299,numeric,299,true
UIMARI,12,333,51,5411,2,NONZERO_INTEGER,2,2,numeric,2,true
UIMARI,12,333,52,5415,"1,610",NONZERO_INTEGER,1610,1610,numeric,1610,true
UIMARI,12,333,53,5412OP,"1,786",NONZERO_INTEGER,1786,1786,numeric,1786,true
UIMARI,12,333,54,55,272,NONZERO_INTEGER,272,272,numeric,272,true
UIMARI,12,333,55,561,"3,975",NONZERO_INTEGER,3975,3975,numeric,3975,true
UIMARI,12,333,56,562,"2,975",NONZERO_INTEGER,2975,2975,numeric,2975,true
UIMARI,12,333,57,61,789,NONZERO_INTEGER,789,789,numeric,789,true
UIMARI,12,333,58,621,975,NONZERO_INTEGER,975,975,numeric,975,true
UIMARI,12,333,59,622,243,NONZERO_INTEGER,243,243,numeric,243,true
UIMARI,12,333,60,623,30,NONZERO_INTEGER,30,30,numeric,30,true
UIMARI,12,333,61,624,51,NONZERO_INTEGER,51,51,numeric,51,true
UIMARI,12,333,62,711AS,9,NONZERO_INTEGER,9,9,numeric,9,true
UIMARI,12,333,63,713,148,NONZERO_INTEGER,148,148,numeric,148,true
UIMARI,12,333,64,721,30,NONZERO_INTEGER,30,30,numeric,30,true
UIMARI,12,333,65,722,276,NONZERO_INTEGER,276,276,numeric,276,true
UIMARI,12,333,66,81,"3,999",NONZERO_INTEGER,3999,3999,numeric,3999,true
UIMARI,12,333,67,GFGD,"1,024",NONZERO_INTEGER,1024,1024,numeric,1024,true
UIMARI,12,333,68,GFGN,347,NONZERO_INTEGER,347,347,numeric,347,true
UIMARI,12,333,69,GFE,212,NONZERO_INTEGER,212,212,numeric,212,true
UIMARI,12,333,70,GSLG,"3,797",NONZERO_INTEGER,3797,3797,numeric,3797,true
UIMARI,12,333,71,GSLE,"2,559",NONZERO_INTEGER,2559,2559,numeric,2559,true
UIMARI,12,333,72,T001,"106,749",NONZERO_INTEGER,106749,106749,numeric,106749,true
UIMARI,12,333,73,F010,"8,882",NONZERO_INTEGER,8882,8882,numeric,8882,true
UIMARI,12,333,74,F02S,---,MARKER_TRIPLE_DASH,,0,selected_zero_not_shown,0,true
UIMARI,12,333,75,F02E,"116,941",NONZERO_INTEGER,116941,116941,numeric,116941,true
UIMARI,12,333,76,F02N,---,MARKER_TRIPLE_DASH,,0,selected_zero_not_shown,0,true
UIMARI,12,333,77,F02R,---,MARKER_TRIPLE_DASH,,0,selected_zero_not_shown,0,true
UIMARI,12,333,78,F030,659,NONZERO_INTEGER,659,659,numeric,659,true
UIMARI,12,333,79,F040,---,MARKER_TRIPLE_DASH,,0,selected_zero_not_shown,0,true
UIMARI,12,333,80,F050,"-238,285",NONZERO_INTEGER,-238285,-238285,numeric,-238285,true
UIMARI,12,333,81,F06C,---,MARKER_TRIPLE_DASH,,0,selected_zero_not_shown,0,true
UIMARI,12,333,82,F06S,---,MARKER_TRIPLE_DASH,,0,selected_zero_not_shown,0,true
UIMARI,12,333,83,F06E,504,NONZERO_INTEGER,504,504,numeric,504,true
UIMARI,12,333,84,F06N,---,MARKER_TRIPLE_DASH,,0,selected_zero_not_shown,0,true
UIMARI,12,333,85,F07C,---,MARKER_TRIPLE_DASH,,0,selected_zero_not_shown,0,true
UIMARI,12,333,86,F07S,---,MARKER_TRIPLE_DASH,,0,selected_zero_not_shown,0,true
UIMARI,12,333,87,F07E,22,NONZERO_INTEGER,22,22,numeric,22,true
UIMARI,12,333,88,F07N,---,MARKER_TRIPLE_DASH,,0,selected_zero_not_shown,0,true
UIMARI,12,333,89,F10C,---,MARKER_TRIPLE_DASH,,0,selected_zero_not_shown,0,true
UIMARI,12,333,90,F10S,---,MARKER_TRIPLE_DASH,,0,selected_zero_not_shown,0,true
UIMARI,12,333,91,F10E,"4,528",NONZERO_INTEGER,4528,4528,numeric,4528,true
UIMARI,12,333,92,F10N,---,MARKER_TRIPLE_DASH,,0,selected_zero_not_shown,0,true
UIMARI,12,333,93,T004,"-106,749",NONZERO_INTEGER,-106749,-106749,numeric,-106749,true
UIMARI,13,334,1,111CA,5,NONZERO_INTEGER,5,5,numeric,5,true
UIMARI,13,334,2,113FF,0,LITERAL_ZERO,0,0,numeric,0,true
UIMARI,13,334,3,211,45,NONZERO_INTEGER,45,45,numeric,45,true
UIMARI,13,334,4,212,20,NONZERO_INTEGER,20,20,numeric,20,true
UIMARI,13,334,5,213,79,NONZERO_INTEGER,79,79,numeric,79,true
UIMARI,13,334,6,22,32,NONZERO_INTEGER,32,32,numeric,32,true
UIMARI,13,334,7,23,"4,622",NONZERO_INTEGER,4622,4622,numeric,4622,true
UIMARI,13,334,8,321,602,NONZERO_INTEGER,602,602,numeric,602,true
UIMARI,13,334,9,327,234,NONZERO_INTEGER,234,234,numeric,234,true
UIMARI,13,334,10,331,370,NONZERO_INTEGER,370,370,numeric,370,true
UIMARI,13,334,11,332,"2,483",NONZERO_INTEGER,2483,2483,numeric,2483,true
UIMARI,13,334,12,333,"2,383",NONZERO_INTEGER,2383,2383,numeric,2383,true
UIMARI,13,334,13,334,"15,900",NONZERO_INTEGER,15900,15900,numeric,15900,true
UIMARI,13,334,14,335,"1,341",NONZERO_INTEGER,1341,1341,numeric,1341,true
UIMARI,13,334,15,3361MV,"16,602",NONZERO_INTEGER,16602,16602,numeric,16602,true
UIMARI,13,334,16,3364OT,"6,841",NONZERO_INTEGER,6841,6841,numeric,6841,true
UIMARI,13,334,17,337,308,NONZERO_INTEGER,308,308,numeric,308,true
UIMARI,13,334,18,339,378,NONZERO_INTEGER,378,378,numeric,378,true
UIMARI,13,334,19,311FT,"1,560",NONZERO_INTEGER,1560,1560,numeric,1560,true
UIMARI,13,334,20,313TT,95,NONZERO_INTEGER,95,95,numeric,95,true
UIMARI,13,334,21,315AL,3,NONZERO_INTEGER,3,3,numeric,3,true
UIMARI,13,334,22,322,49,NONZERO_INTEGER,49,49,numeric,49,true
UIMARI,13,334,23,323,280,NONZERO_INTEGER,280,280,numeric,280,true
UIMARI,13,334,24,324,82,NONZERO_INTEGER,82,82,numeric,82,true
UIMARI,13,334,25,325,"1,208",NONZERO_INTEGER,1208,1208,numeric,1208,true
UIMARI,13,334,26,326,594,NONZERO_INTEGER,594,594,numeric,594,true
UIMARI,13,334,27,42,"33,061",NONZERO_INTEGER,33061,33061,numeric,33061,true
UIMARI,13,334,28,441,"1,017",NONZERO_INTEGER,1017,1017,numeric,1017,true
UIMARI,13,334,29,445,419,NONZERO_INTEGER,419,419,numeric,419,true
UIMARI,13,334,30,452,398,NONZERO_INTEGER,398,398,numeric,398,true
UIMARI,13,334,31,4A0,"1,454",NONZERO_INTEGER,1454,1454,numeric,1454,true
UIMARI,13,334,32,481,3,NONZERO_INTEGER,3,3,numeric,3,true
UIMARI,13,334,33,482,14,NONZERO_INTEGER,14,14,numeric,14,true
UIMARI,13,334,34,483,0,LITERAL_ZERO,0,0,numeric,0,true
UIMARI,13,334,35,484,249,NONZERO_INTEGER,249,249,numeric,249,true
UIMARI,13,334,36,485,1,NONZERO_INTEGER,1,1,numeric,1,true
UIMARI,13,334,37,486,6,NONZERO_INTEGER,6,6,numeric,6,true
UIMARI,13,334,38,487OS,64,NONZERO_INTEGER,64,64,numeric,64,true
UIMARI,13,334,39,493,120,NONZERO_INTEGER,120,120,numeric,120,true
UIMARI,13,334,40,511,"1,624",NONZERO_INTEGER,1624,1624,numeric,1624,true
UIMARI,13,334,41,512,322,NONZERO_INTEGER,322,322,numeric,322,true
UIMARI,13,334,42,513,"20,319",NONZERO_INTEGER,20319,20319,numeric,20319,true
UIMARI,13,334,43,514,"6,875",NONZERO_INTEGER,6875,6875,numeric,6875,true
UIMARI,13,334,44,521CI,"1,170",NONZERO_INTEGER,1170,1170,numeric,1170,true
UIMARI,13,334,45,523,"2,488",NONZERO_INTEGER,2488,2488,numeric,2488,true
UIMARI,13,334,46,524,10,NONZERO_INTEGER,10,10,numeric,10,true
UIMARI,13,334,47,525,"1,420",NONZERO_INTEGER,1420,1420,numeric,1420,true
UIMARI,13,334,48,HS,0,LITERAL_ZERO,0,0,numeric,0,true
UIMARI,13,334,49,ORE,540,NONZERO_INTEGER,540,540,numeric,540,true
UIMARI,13,334,50,532RL,58,NONZERO_INTEGER,58,58,numeric,58,true
UIMARI,13,334,51,5411,"1,699",NONZERO_INTEGER,1699,1699,numeric,1699,true
UIMARI,13,334,52,5415,"3,231",NONZERO_INTEGER,3231,3231,numeric,3231,true
UIMARI,13,334,53,5412OP,"8,108",NONZERO_INTEGER,8108,8108,numeric,8108,true
UIMARI,13,334,54,55,"14,398",NONZERO_INTEGER,14398,14398,numeric,14398,true
UIMARI,13,334,55,561,"5,230",NONZERO_INTEGER,5230,5230,numeric,5230,true
UIMARI,13,334,56,562,543,NONZERO_INTEGER,543,543,numeric,543,true
UIMARI,13,334,57,61,356,NONZERO_INTEGER,356,356,numeric,356,true
UIMARI,13,334,58,621,"4,516",NONZERO_INTEGER,4516,4516,numeric,4516,true
UIMARI,13,334,59,622,841,NONZERO_INTEGER,841,841,numeric,841,true
UIMARI,13,334,60,623,135,NONZERO_INTEGER,135,135,numeric,135,true
UIMARI,13,334,61,624,576,NONZERO_INTEGER,576,576,numeric,576,true
UIMARI,13,334,62,711AS,33,NONZERO_INTEGER,33,33,numeric,33,true
UIMARI,13,334,63,713,239,NONZERO_INTEGER,239,239,numeric,239,true
UIMARI,13,334,64,721,170,NONZERO_INTEGER,170,170,numeric,170,true
UIMARI,13,334,65,722,227,NONZERO_INTEGER,227,227,numeric,227,true
UIMARI,13,334,66,81,"4,742",NONZERO_INTEGER,4742,4742,numeric,4742,true
UIMARI,13,334,67,GFGD,"8,650",NONZERO_INTEGER,8650,8650,numeric,8650,true
UIMARI,13,334,68,GFGN,"3,177",NONZERO_INTEGER,3177,3177,numeric,3177,true
UIMARI,13,334,69,GFE,0,LITERAL_ZERO,0,0,numeric,0,true
UIMARI,13,334,70,GSLG,"2,447",NONZERO_INTEGER,2447,2447,numeric,2447,true
UIMARI,13,334,71,GSLE,"1,048",NONZERO_INTEGER,1048,1048,numeric,1048,true
UIMARI,13,334,72,T001,"188,112",NONZERO_INTEGER,188112,188112,numeric,188112,true
UIMARI,13,334,73,F010,"111,129",NONZERO_INTEGER,111129,111129,numeric,111129,true
UIMARI,13,334,74,F02S,---,MARKER_TRIPLE_DASH,,0,selected_zero_not_shown,0,true
UIMARI,13,334,75,F02E,"142,979",NONZERO_INTEGER,142979,142979,numeric,142979,true
UIMARI,13,334,76,F02N,---,MARKER_TRIPLE_DASH,,0,selected_zero_not_shown,0,true
UIMARI,13,334,77,F02R,0,LITERAL_ZERO,0,0,numeric,0,true
UIMARI,13,334,78,F030,158,NONZERO_INTEGER,158,158,numeric,158,true
UIMARI,13,334,79,F040,---,MARKER_TRIPLE_DASH,,0,selected_zero_not_shown,0,true
UIMARI,13,334,80,F050,"-450,871",NONZERO_INTEGER,-450871,-450871,numeric,-450871,true
UIMARI,13,334,81,F06C,---,MARKER_TRIPLE_DASH,,0,selected_zero_not_shown,0,true
UIMARI,13,334,82,F06S,---,MARKER_TRIPLE_DASH,,0,selected_zero_not_shown,0,true
UIMARI,13,334,83,F06E,"5,345",NONZERO_INTEGER,5345,5345,numeric,5345,true
UIMARI,13,334,84,F06N,---,MARKER_TRIPLE_DASH,,0,selected_zero_not_shown,0,true
UIMARI,13,334,85,F07C,---,MARKER_TRIPLE_DASH,,0,selected_zero_not_shown,0,true
UIMARI,13,334,86,F07S,---,MARKER_TRIPLE_DASH,,0,selected_zero_not_shown,0,true
UIMARI,13,334,87,F07E,542,NONZERO_INTEGER,542,542,numeric,542,true
UIMARI,13,334,88,F07N,---,MARKER_TRIPLE_DASH,,0,selected_zero_not_shown,0,true
UIMARI,13,334,89,F10C,---,MARKER_TRIPLE_DASH,,0,selected_zero_not_shown,0,true
UIMARI,13,334,90,F10S,---,MARKER_TRIPLE_DASH,,0,selected_zero_not_shown,0,true
UIMARI,13,334,91,F10E,"2,606",NONZERO_INTEGER,2606,2606,numeric,2606,true
UIMARI,13,334,92,F10N,---,MARKER_TRIPLE_DASH,,0,selected_zero_not_shown,0,true
UIMARI,13,334,93,T004,"-188,112",NONZERO_INTEGER,-188112,-188112,numeric,-188112,true
UIMARI,14,335,1,111CA,"3,892",NONZERO_INTEGER,3892,3892,numeric,3892,true
UIMARI,14,335,2,113FF,27,NONZERO_INTEGER,27,27,numeric,27,true
UIMARI,14,335,3,211,61,NONZERO_INTEGER,61,61,numeric,61,true
UIMARI,14,335,4,212,34,NONZERO_INTEGER,34,34,numeric,34,true
UIMARI,14,335,5,213,394,NONZERO_INTEGER,394,394,numeric,394,true
UIMARI,14,335,6,22,9,NONZERO_INTEGER,9,9,numeric,9,true
UIMARI,14,335,7,23,"30,451",NONZERO_INTEGER,30451,30451,numeric,30451,true
UIMARI,14,335,8,321,370,NONZERO_INTEGER,370,370,numeric,370,true
UIMARI,14,335,9,327,144,NONZERO_INTEGER,144,144,numeric,144,true
UIMARI,14,335,10,331,"1,038",NONZERO_INTEGER,1038,1038,numeric,1038,true
UIMARI,14,335,11,332,"2,580",NONZERO_INTEGER,2580,2580,numeric,2580,true
UIMARI,14,335,12,333,"9,503",NONZERO_INTEGER,9503,9503,numeric,9503,true
UIMARI,14,335,13,334,"1,513",NONZERO_INTEGER,1513,1513,numeric,1513,true
UIMARI,14,335,14,335,"7,408",NONZERO_INTEGER,7408,7408,numeric,7408,true
UIMARI,14,335,15,3361MV,"3,393",NONZERO_INTEGER,3393,3393,numeric,3393,true
UIMARI,14,335,16,3364OT,770,NONZERO_INTEGER,770,770,numeric,770,true
UIMARI,14,335,17,337,117,NONZERO_INTEGER,117,117,numeric,117,true
UIMARI,14,335,18,339,462,NONZERO_INTEGER,462,462,numeric,462,true
UIMARI,14,335,19,311FT,"1,831",NONZERO_INTEGER,1831,1831,numeric,1831,true
UIMARI,14,335,20,313TT,49,NONZERO_INTEGER,49,49,numeric,49,true
UIMARI,14,335,21,315AL,3,NONZERO_INTEGER,3,3,numeric,3,true
UIMARI,14,335,22,322,600,NONZERO_INTEGER,600,600,numeric,600,true
UIMARI,14,335,23,323,104,NONZERO_INTEGER,104,104,numeric,104,true
UIMARI,14,335,24,324,61,NONZERO_INTEGER,61,61,numeric,61,true
UIMARI,14,335,25,325,637,NONZERO_INTEGER,637,637,numeric,637,true
UIMARI,14,335,26,326,575,NONZERO_INTEGER,575,575,numeric,575,true
UIMARI,14,335,27,42,41,NONZERO_INTEGER,41,41,numeric,41,true
UIMARI,14,335,28,441,285,NONZERO_INTEGER,285,285,numeric,285,true
UIMARI,14,335,29,445,54,NONZERO_INTEGER,54,54,numeric,54,true
UIMARI,14,335,30,452,187,NONZERO_INTEGER,187,187,numeric,187,true
UIMARI,14,335,31,4A0,226,NONZERO_INTEGER,226,226,numeric,226,true
UIMARI,14,335,32,481,1,NONZERO_INTEGER,1,1,numeric,1,true
UIMARI,14,335,33,482,63,NONZERO_INTEGER,63,63,numeric,63,true
UIMARI,14,335,34,483,---,MARKER_TRIPLE_DASH,,0,selected_zero_not_shown,0,true
UIMARI,14,335,35,484,41,NONZERO_INTEGER,41,41,numeric,41,true
UIMARI,14,335,36,485,104,NONZERO_INTEGER,104,104,numeric,104,true
UIMARI,14,335,37,486,2,NONZERO_INTEGER,2,2,numeric,2,true
UIMARI,14,335,38,487OS,14,NONZERO_INTEGER,14,14,numeric,14,true
UIMARI,14,335,39,493,62,NONZERO_INTEGER,62,62,numeric,62,true
UIMARI,14,335,40,511,2,NONZERO_INTEGER,2,2,numeric,2,true
UIMARI,14,335,41,512,---,MARKER_TRIPLE_DASH,,0,selected_zero_not_shown,0,true
UIMARI,14,335,42,513,"2,991",NONZERO_INTEGER,2991,2991,numeric,2991,true
UIMARI,14,335,43,514,107,NONZERO_INTEGER,107,107,numeric,107,true
UIMARI,14,335,44,521CI,80,NONZERO_INTEGER,80,80,numeric,80,true
UIMARI,14,335,45,523,79,NONZERO_INTEGER,79,79,numeric,79,true
UIMARI,14,335,46,524,71,NONZERO_INTEGER,71,71,numeric,71,true
UIMARI,14,335,47,525,---,MARKER_TRIPLE_DASH,,0,selected_zero_not_shown,0,true
UIMARI,14,335,48,HS,1,NONZERO_INTEGER,1,1,numeric,1,true
UIMARI,14,335,49,ORE,847,NONZERO_INTEGER,847,847,numeric,847,true
UIMARI,14,335,50,532RL,170,NONZERO_INTEGER,170,170,numeric,170,true
UIMARI,14,335,51,5411,0,LITERAL_ZERO,0,0,numeric,0,true
UIMARI,14,335,52,5415,"2,195",NONZERO_INTEGER,2195,2195,numeric,2195,true
UIMARI,14,335,53,5412OP,"4,207",NONZERO_INTEGER,4207,4207,numeric,4207,true
UIMARI,14,335,54,55,19,NONZERO_INTEGER,19,19,numeric,19,true
UIMARI,14,335,55,561,"1,063",NONZERO_INTEGER,1063,1063,numeric,1063,true
UIMARI,14,335,56,562,718,NONZERO_INTEGER,718,718,numeric,718,true
UIMARI,14,335,57,61,77,NONZERO_INTEGER,77,77,numeric,77,true
UIMARI,14,335,58,621,6,NONZERO_INTEGER,6,6,numeric,6,true
UIMARI,14,335,59,622,487,NONZERO_INTEGER,487,487,numeric,487,true
UIMARI,14,335,60,623,564,NONZERO_INTEGER,564,564,numeric,564,true
UIMARI,14,335,61,624,210,NONZERO_INTEGER,210,210,numeric,210,true
UIMARI,14,335,62,711AS,35,NONZERO_INTEGER,35,35,numeric,35,true
UIMARI,14,335,63,713,201,NONZERO_INTEGER,201,201,numeric,201,true
UIMARI,14,335,64,721,458,NONZERO_INTEGER,458,458,numeric,458,true
UIMARI,14,335,65,722,612,NONZERO_INTEGER,612,612,numeric,612,true
UIMARI,14,335,66,81,"2,071",NONZERO_INTEGER,2071,2071,numeric,2071,true
UIMARI,14,335,67,GFGD,"2,435",NONZERO_INTEGER,2435,2435,numeric,2435,true
UIMARI,14,335,68,GFGN,"2,666",NONZERO_INTEGER,2666,2666,numeric,2666,true
UIMARI,14,335,69,GFE,76,NONZERO_INTEGER,76,76,numeric,76,true
UIMARI,14,335,70,GSLG,966,NONZERO_INTEGER,966,966,numeric,966,true
UIMARI,14,335,71,GSLE,"2,233",NONZERO_INTEGER,2233,2233,numeric,2233,true
UIMARI,14,335,72,T001,"92,753",NONZERO_INTEGER,92753,92753,numeric,92753,true
UIMARI,14,335,73,F010,"56,985",NONZERO_INTEGER,56985,56985,numeric,56985,true
UIMARI,14,335,74,F02S,---,MARKER_TRIPLE_DASH,,0,selected_zero_not_shown,0,true
UIMARI,14,335,75,F02E,"25,714",NONZERO_INTEGER,25714,25714,numeric,25714,true
UIMARI,14,335,76,F02N,---,MARKER_TRIPLE_DASH,,0,selected_zero_not_shown,0,true
UIMARI,14,335,77,F02R,"4,933",NONZERO_INTEGER,4933,4933,numeric,4933,true
UIMARI,14,335,78,F030,290,NONZERO_INTEGER,290,290,numeric,290,true
UIMARI,14,335,79,F040,---,MARKER_TRIPLE_DASH,,0,selected_zero_not_shown,0,true
UIMARI,14,335,80,F050,"-181,394",NONZERO_INTEGER,-181394,-181394,numeric,-181394,true
UIMARI,14,335,81,F06C,---,MARKER_TRIPLE_DASH,,0,selected_zero_not_shown,0,true
UIMARI,14,335,82,F06S,---,MARKER_TRIPLE_DASH,,0,selected_zero_not_shown,0,true
UIMARI,14,335,83,F06E,290,NONZERO_INTEGER,290,290,numeric,290,true
UIMARI,14,335,84,F06N,---,MARKER_TRIPLE_DASH,,0,selected_zero_not_shown,0,true
UIMARI,14,335,85,F07C,---,MARKER_TRIPLE_DASH,,0,selected_zero_not_shown,0,true
UIMARI,14,335,86,F07S,---,MARKER_TRIPLE_DASH,,0,selected_zero_not_shown,0,true
UIMARI,14,335,87,F07E,27,NONZERO_INTEGER,27,27,numeric,27,true
UIMARI,14,335,88,F07N,---,MARKER_TRIPLE_DASH,,0,selected_zero_not_shown,0,true
UIMARI,14,335,89,F10C,---,MARKER_TRIPLE_DASH,,0,selected_zero_not_shown,0,true
UIMARI,14,335,90,F10S,---,MARKER_TRIPLE_DASH,,0,selected_zero_not_shown,0,true
UIMARI,14,335,91,F10E,402,NONZERO_INTEGER,402,402,numeric,402,true
UIMARI,14,335,92,F10N,---,MARKER_TRIPLE_DASH,,0,selected_zero_not_shown,0,true
UIMARI,14,335,93,T004,"-92,753",NONZERO_INTEGER,-92753,-92753,numeric,-92753,true
UIMARI,15,3361MV,1,111CA,645,NONZERO_INTEGER,645,645,numeric,645,true
UIMARI,15,3361MV,2,113FF,29,NONZERO_INTEGER,29,29,numeric,29,true
UIMARI,15,3361MV,3,211,432,NONZERO_INTEGER,432,432,numeric,432,true
UIMARI,15,3361MV,4,212,324,NONZERO_INTEGER,324,324,numeric,324,true
UIMARI,15,3361MV,5,213,142,NONZERO_INTEGER,142,142,numeric,142,true
UIMARI,15,3361MV,6,22,17,NONZERO_INTEGER,17,17,numeric,17,true
UIMARI,15,3361MV,7,23,"1,418",NONZERO_INTEGER,1418,1418,numeric,1418,true
UIMARI,15,3361MV,8,321,"1,411",NONZERO_INTEGER,1411,1411,numeric,1411,true
UIMARI,15,3361MV,9,327,339,NONZERO_INTEGER,339,339,numeric,339,true
UIMARI,15,3361MV,10,331,581,NONZERO_INTEGER,581,581,numeric,581,true
UIMARI,15,3361MV,11,332,777,NONZERO_INTEGER,777,777,numeric,777,true
UIMARI,15,3361MV,12,333,"4,623",NONZERO_INTEGER,4623,4623,numeric,4623,true
UIMARI,15,3361MV,13,334,521,NONZERO_INTEGER,521,521,numeric,521,true
UIMARI,15,3361MV,14,335,489,NONZERO_INTEGER,489,489,numeric,489,true
UIMARI,15,3361MV,15,3361MV,"69,134",NONZERO_INTEGER,69134,69134,numeric,69134,true
UIMARI,15,3361MV,16,3364OT,"1,389",NONZERO_INTEGER,1389,1389,numeric,1389,true
UIMARI,15,3361MV,17,337,264,NONZERO_INTEGER,264,264,numeric,264,true
UIMARI,15,3361MV,18,339,359,NONZERO_INTEGER,359,359,numeric,359,true
UIMARI,15,3361MV,19,311FT,"2,647",NONZERO_INTEGER,2647,2647,numeric,2647,true
UIMARI,15,3361MV,20,313TT,35,NONZERO_INTEGER,35,35,numeric,35,true
UIMARI,15,3361MV,21,315AL,1,NONZERO_INTEGER,1,1,numeric,1,true
UIMARI,15,3361MV,22,322,784,NONZERO_INTEGER,784,784,numeric,784,true
UIMARI,15,3361MV,23,323,82,NONZERO_INTEGER,82,82,numeric,82,true
UIMARI,15,3361MV,24,324,56,NONZERO_INTEGER,56,56,numeric,56,true
UIMARI,15,3361MV,25,325,698,NONZERO_INTEGER,698,698,numeric,698,true
UIMARI,15,3361MV,26,326,378,NONZERO_INTEGER,378,378,numeric,378,true
UIMARI,15,3361MV,27,42,"4,151",NONZERO_INTEGER,4151,4151,numeric,4151,true
UIMARI,15,3361MV,28,441,"1,366",NONZERO_INTEGER,1366,1366,numeric,1366,true
UIMARI,15,3361MV,29,445,883,NONZERO_INTEGER,883,883,numeric,883,true
UIMARI,15,3361MV,30,452,110,NONZERO_INTEGER,110,110,numeric,110,true
UIMARI,15,3361MV,31,4A0,"2,645",NONZERO_INTEGER,2645,2645,numeric,2645,true
UIMARI,15,3361MV,32,481,---,MARKER_TRIPLE_DASH,,0,selected_zero_not_shown,0,true
UIMARI,15,3361MV,33,482,30,NONZERO_INTEGER,30,30,numeric,30,true
UIMARI,15,3361MV,34,483,---,MARKER_TRIPLE_DASH,,0,selected_zero_not_shown,0,true
UIMARI,15,3361MV,35,484,"3,063",NONZERO_INTEGER,3063,3063,numeric,3063,true
UIMARI,15,3361MV,36,485,393,NONZERO_INTEGER,393,393,numeric,393,true
UIMARI,15,3361MV,37,486,0,LITERAL_ZERO,0,0,numeric,0,true
UIMARI,15,3361MV,38,487OS,65,NONZERO_INTEGER,65,65,numeric,65,true
UIMARI,15,3361MV,39,493,725,NONZERO_INTEGER,725,725,numeric,725,true
UIMARI,15,3361MV,40,511,89,NONZERO_INTEGER,89,89,numeric,89,true
UIMARI,15,3361MV,41,512,36,NONZERO_INTEGER,36,36,numeric,36,true
UIMARI,15,3361MV,42,513,487,NONZERO_INTEGER,487,487,numeric,487,true
UIMARI,15,3361MV,43,514,340,NONZERO_INTEGER,340,340,numeric,340,true
UIMARI,15,3361MV,44,521CI,69,NONZERO_INTEGER,69,69,numeric,69,true
UIMARI,15,3361MV,45,523,16,NONZERO_INTEGER,16,16,numeric,16,true
UIMARI,15,3361MV,46,524,---,MARKER_TRIPLE_DASH,,0,selected_zero_not_shown,0,true
UIMARI,15,3361MV,47,525,---,MARKER_TRIPLE_DASH,,0,selected_zero_not_shown,0,true
UIMARI,15,3361MV,48,HS,---,MARKER_TRIPLE_DASH,,0,selected_zero_not_shown,0,true
UIMARI,15,3361MV,49,ORE,---,MARKER_TRIPLE_DASH,,0,selected_zero_not_shown,0,true
UIMARI,15,3361MV,50,532RL,"1,702",NONZERO_INTEGER,1702,1702,numeric,1702,true
UIMARI,15,3361MV,51,5411,---,MARKER_TRIPLE_DASH,,0,selected_zero_not_shown,0,true
UIMARI,15,3361MV,52,5415,46,NONZERO_INTEGER,46,46,numeric,46,true
UIMARI,15,3361MV,53,5412OP,"1,614",NONZERO_INTEGER,1614,1614,numeric,1614,true
UIMARI,15,3361MV,54,55,346,NONZERO_INTEGER,346,346,numeric,346,true
UIMARI,15,3361MV,55,561,"7,273",NONZERO_INTEGER,7273,7273,numeric,7273,true
UIMARI,15,3361MV,56,562,796,NONZERO_INTEGER,796,796,numeric,796,true
UIMARI,15,3361MV,57,61,857,NONZERO_INTEGER,857,857,numeric,857,true
UIMARI,15,3361MV,58,621,500,NONZERO_INTEGER,500,500,numeric,500,true
UIMARI,15,3361MV,59,622,"1,243",NONZERO_INTEGER,1243,1243,numeric,1243,true
UIMARI,15,3361MV,60,623,103,NONZERO_INTEGER,103,103,numeric,103,true
UIMARI,15,3361MV,61,624,"1,247",NONZERO_INTEGER,1247,1247,numeric,1247,true
UIMARI,15,3361MV,62,711AS,27,NONZERO_INTEGER,27,27,numeric,27,true
UIMARI,15,3361MV,63,713,90,NONZERO_INTEGER,90,90,numeric,90,true
UIMARI,15,3361MV,64,721,88,NONZERO_INTEGER,88,88,numeric,88,true
UIMARI,15,3361MV,65,722,"1,062",NONZERO_INTEGER,1062,1062,numeric,1062,true
UIMARI,15,3361MV,66,81,"8,191",NONZERO_INTEGER,8191,8191,numeric,8191,true
UIMARI,15,3361MV,67,GFGD,"6,286",NONZERO_INTEGER,6286,6286,numeric,6286,true
UIMARI,15,3361MV,68,GFGN,116,NONZERO_INTEGER,116,116,numeric,116,true
UIMARI,15,3361MV,69,GFE,"1,204",NONZERO_INTEGER,1204,1204,numeric,1204,true
UIMARI,15,3361MV,70,GSLG,"5,569",NONZERO_INTEGER,5569,5569,numeric,5569,true
UIMARI,15,3361MV,71,GSLE,"1,004",NONZERO_INTEGER,1004,1004,numeric,1004,true
UIMARI,15,3361MV,72,T001,"141,405",NONZERO_INTEGER,141405,141405,numeric,141405,true
UIMARI,15,3361MV,73,F010,"73,713",NONZERO_INTEGER,73713,73713,numeric,73713,true
UIMARI,15,3361MV,74,F02S,---,MARKER_TRIPLE_DASH,,0,selected_zero_not_shown,0,true
UIMARI,15,3361MV,75,F02E,"126,413",NONZERO_INTEGER,126413,126413,numeric,126413,true
UIMARI,15,3361MV,76,F02N,---,MARKER_TRIPLE_DASH,,0,selected_zero_not_shown,0,true
UIMARI,15,3361MV,77,F02R,---,MARKER_TRIPLE_DASH,,0,selected_zero_not_shown,0,true
UIMARI,15,3361MV,78,F030,"7,315",NONZERO_INTEGER,7315,7315,numeric,7315,true
UIMARI,15,3361MV,79,F040,---,MARKER_TRIPLE_DASH,,0,selected_zero_not_shown,0,true
UIMARI,15,3361MV,80,F050,"-425,789",NONZERO_INTEGER,-425789,-425789,numeric,-425789,true
UIMARI,15,3361MV,81,F06C,---,MARKER_TRIPLE_DASH,,0,selected_zero_not_shown,0,true
UIMARI,15,3361MV,82,F06S,---,MARKER_TRIPLE_DASH,,0,selected_zero_not_shown,0,true
UIMARI,15,3361MV,83,F06E,"27,346",NONZERO_INTEGER,27346,27346,numeric,27346,true
UIMARI,15,3361MV,84,F06N,---,MARKER_TRIPLE_DASH,,0,selected_zero_not_shown,0,true
UIMARI,15,3361MV,85,F07C,---,MARKER_TRIPLE_DASH,,0,selected_zero_not_shown,0,true
UIMARI,15,3361MV,86,F07S,---,MARKER_TRIPLE_DASH,,0,selected_zero_not_shown,0,true
UIMARI,15,3361MV,87,F07E,"13,169",NONZERO_INTEGER,13169,13169,numeric,13169,true
UIMARI,15,3361MV,88,F07N,---,MARKER_TRIPLE_DASH,,0,selected_zero_not_shown,0,true
UIMARI,15,3361MV,89,F10C,---,MARKER_TRIPLE_DASH,,0,selected_zero_not_shown,0,true
UIMARI,15,3361MV,90,F10S,---,MARKER_TRIPLE_DASH,,0,selected_zero_not_shown,0,true
UIMARI,15,3361MV,91,F10E,"36,428",NONZERO_INTEGER,36428,36428,numeric,36428,true
UIMARI,15,3361MV,92,F10N,---,MARKER_TRIPLE_DASH,,0,selected_zero_not_shown,0,true
UIMARI,15,3361MV,93,T004,"-141,405",NONZERO_INTEGER,-141405,-141405,numeric,-141405,true
UIMARI,16,3364OT,1,111CA,---,MARKER_TRIPLE_DASH,,0,selected_zero_not_shown,0,true
UIMARI,16,3364OT,2,113FF,0,LITERAL_ZERO,0,0,numeric,0,true
UIMARI,16,3364OT,3,211,---,MARKER_TRIPLE_DASH,,0,selected_zero_not_shown,0,true
UIMARI,16,3364OT,4,212,---,MARKER_TRIPLE_DASH,,0,selected_zero_not_shown,0,true
UIMARI,16,3364OT,5,213,---,MARKER_TRIPLE_DASH,,0,selected_zero_not_shown,0,true
UIMARI,16,3364OT,6,22,---,MARKER_TRIPLE_DASH,,0,selected_zero_not_shown,0,true
UIMARI,16,3364OT,7,23,0,LITERAL_ZERO,0,0,numeric,0,true
UIMARI,16,3364OT,8,321,---,MARKER_TRIPLE_DASH,,0,selected_zero_not_shown,0,true
UIMARI,16,3364OT,9,327,---,MARKER_TRIPLE_DASH,,0,selected_zero_not_shown,0,true
UIMARI,16,3364OT,10,331,---,MARKER_TRIPLE_DASH,,0,selected_zero_not_shown,0,true
UIMARI,16,3364OT,11,332,---,MARKER_TRIPLE_DASH,,0,selected_zero_not_shown,0,true
UIMARI,16,3364OT,12,333,---,MARKER_TRIPLE_DASH,,0,selected_zero_not_shown,0,true
UIMARI,16,3364OT,13,334,---,MARKER_TRIPLE_DASH,,0,selected_zero_not_shown,0,true
UIMARI,16,3364OT,14,335,---,MARKER_TRIPLE_DASH,,0,selected_zero_not_shown,0,true
UIMARI,16,3364OT,15,3361MV,---,MARKER_TRIPLE_DASH,,0,selected_zero_not_shown,0,true
UIMARI,16,3364OT,16,3364OT,"36,499",NONZERO_INTEGER,36499,36499,numeric,36499,true
UIMARI,16,3364OT,17,337,---,MARKER_TRIPLE_DASH,,0,selected_zero_not_shown,0,true
UIMARI,16,3364OT,18,339,---,MARKER_TRIPLE_DASH,,0,selected_zero_not_shown,0,true
UIMARI,16,3364OT,19,311FT,---,MARKER_TRIPLE_DASH,,0,selected_zero_not_shown,0,true
UIMARI,16,3364OT,20,313TT,---,MARKER_TRIPLE_DASH,,0,selected_zero_not_shown,0,true
UIMARI,16,3364OT,21,315AL,---,MARKER_TRIPLE_DASH,,0,selected_zero_not_shown,0,true
UIMARI,16,3364OT,22,322,---,MARKER_TRIPLE_DASH,,0,selected_zero_not_shown,0,true
UIMARI,16,3364OT,23,323,---,MARKER_TRIPLE_DASH,,0,selected_zero_not_shown,0,true
UIMARI,16,3364OT,24,324,---,MARKER_TRIPLE_DASH,,0,selected_zero_not_shown,0,true
UIMARI,16,3364OT,25,325,---,MARKER_TRIPLE_DASH,,0,selected_zero_not_shown,0,true
UIMARI,16,3364OT,26,326,---,MARKER_TRIPLE_DASH,,0,selected_zero_not_shown,0,true
UIMARI,16,3364OT,27,42,---,MARKER_TRIPLE_DASH,,0,selected_zero_not_shown,0,true
UIMARI,16,3364OT,28,441,---,MARKER_TRIPLE_DASH,,0,selected_zero_not_shown,0,true
UIMARI,16,3364OT,29,445,---,MARKER_TRIPLE_DASH,,0,selected_zero_not_shown,0,true
UIMARI,16,3364OT,30,452,---,MARKER_TRIPLE_DASH,,0,selected_zero_not_shown,0,true
UIMARI,16,3364OT,31,4A0,---,MARKER_TRIPLE_DASH,,0,selected_zero_not_shown,0,true
UIMARI,16,3364OT,32,481,---,MARKER_TRIPLE_DASH,,0,selected_zero_not_shown,0,true
UIMARI,16,3364OT,33,482,20,NONZERO_INTEGER,20,20,numeric,20,true
UIMARI,16,3364OT,34,483,0,LITERAL_ZERO,0,0,numeric,0,true
UIMARI,16,3364OT,35,484,---,MARKER_TRIPLE_DASH,,0,selected_zero_not_shown,0,true
UIMARI,16,3364OT,36,485,---,MARKER_TRIPLE_DASH,,0,selected_zero_not_shown,0,true
UIMARI,16,3364OT,37,486,---,MARKER_TRIPLE_DASH,,0,selected_zero_not_shown,0,true
UIMARI,16,3364OT,38,487OS,891,NONZERO_INTEGER,891,891,numeric,891,true
UIMARI,16,3364OT,39,493,---,MARKER_TRIPLE_DASH,,0,selected_zero_not_shown,0,true
UIMARI,16,3364OT,40,511,---,MARKER_TRIPLE_DASH,,0,selected_zero_not_shown,0,true
UIMARI,16,3364OT,41,512,---,MARKER_TRIPLE_DASH,,0,selected_zero_not_shown,0,true
UIMARI,16,3364OT,42,513,0,LITERAL_ZERO,0,0,numeric,0,true
UIMARI,16,3364OT,43,514,---,MARKER_TRIPLE_DASH,,0,selected_zero_not_shown,0,true
UIMARI,16,3364OT,44,521CI,---,MARKER_TRIPLE_DASH,,0,selected_zero_not_shown,0,true
UIMARI,16,3364OT,45,523,---,MARKER_TRIPLE_DASH,,0,selected_zero_not_shown,0,true
UIMARI,16,3364OT,46,524,---,MARKER_TRIPLE_DASH,,0,selected_zero_not_shown,0,true
UIMARI,16,3364OT,47,525,---,MARKER_TRIPLE_DASH,,0,selected_zero_not_shown,0,true
UIMARI,16,3364OT,48,HS,---,MARKER_TRIPLE_DASH,,0,selected_zero_not_shown,0,true
UIMARI,16,3364OT,49,ORE,---,MARKER_TRIPLE_DASH,,0,selected_zero_not_shown,0,true
UIMARI,16,3364OT,50,532RL,---,MARKER_TRIPLE_DASH,,0,selected_zero_not_shown,0,true
UIMARI,16,3364OT,51,5411,---,MARKER_TRIPLE_DASH,,0,selected_zero_not_shown,0,true
UIMARI,16,3364OT,52,5415,---,MARKER_TRIPLE_DASH,,0,selected_zero_not_shown,0,true
UIMARI,16,3364OT,53,5412OP,-2,NONZERO_INTEGER,-2,-2,numeric,-2,true
UIMARI,16,3364OT,54,55,---,MARKER_TRIPLE_DASH,,0,selected_zero_not_shown,0,true
UIMARI,16,3364OT,55,561,---,MARKER_TRIPLE_DASH,,0,selected_zero_not_shown,0,true
UIMARI,16,3364OT,56,562,---,MARKER_TRIPLE_DASH,,0,selected_zero_not_shown,0,true
UIMARI,16,3364OT,57,61,---,MARKER_TRIPLE_DASH,,0,selected_zero_not_shown,0,true
UIMARI,16,3364OT,58,621,---,MARKER_TRIPLE_DASH,,0,selected_zero_not_shown,0,true
UIMARI,16,3364OT,59,622,---,MARKER_TRIPLE_DASH,,0,selected_zero_not_shown,0,true
UIMARI,16,3364OT,60,623,---,MARKER_TRIPLE_DASH,,0,selected_zero_not_shown,0,true
UIMARI,16,3364OT,61,624,---,MARKER_TRIPLE_DASH,,0,selected_zero_not_shown,0,true
UIMARI,16,3364OT,62,711AS,---,MARKER_TRIPLE_DASH,,0,selected_zero_not_shown,0,true
UIMARI,16,3364OT,63,713,---,MARKER_TRIPLE_DASH,,0,selected_zero_not_shown,0,true
UIMARI,16,3364OT,64,721,---,MARKER_TRIPLE_DASH,,0,selected_zero_not_shown,0,true
UIMARI,16,3364OT,65,722,---,MARKER_TRIPLE_DASH,,0,selected_zero_not_shown,0,true
UIMARI,16,3364OT,66,81,---,MARKER_TRIPLE_DASH,,0,selected_zero_not_shown,0,true
UIMARI,16,3364OT,67,GFGD,"2,788",NONZERO_INTEGER,2788,2788,numeric,2788,true
UIMARI,16,3364OT,68,GFGN,861,NONZERO_INTEGER,861,861,numeric,861,true
UIMARI,16,3364OT,69,GFE,---,MARKER_TRIPLE_DASH,,0,selected_zero_not_shown,0,true
UIMARI,16,3364OT,70,GSLG,---,MARKER_TRIPLE_DASH,,0,selected_zero_not_shown,0,true
UIMARI,16,3364OT,71,GSLE,6,NONZERO_INTEGER,6,6,numeric,6,true
UIMARI,16,3364OT,72,T001,"41,064",NONZERO_INTEGER,41064,41064,numeric,41064,true
UIMARI,16,3364OT,73,F010,"10,567",NONZERO_INTEGER,10567,10567,numeric,10567,true
UIMARI,16,3364OT,74,F02S,---,MARKER_TRIPLE_DASH,,0,selected_zero_not_shown,0,true
UIMARI,16,3364OT,75,F02E,"19,579",NONZERO_INTEGER,19579,19579,numeric,19579,true
UIMARI,16,3364OT,76,F02N,---,MARKER_TRIPLE_DASH,,0,selected_zero_not_shown,0,true
UIMARI,16,3364OT,77,F02R,---,MARKER_TRIPLE_DASH,,0,selected_zero_not_shown,0,true
UIMARI,16,3364OT,78,F030,"-10,549",NONZERO_INTEGER,-10549,-10549,numeric,-10549,true
UIMARI,16,3364OT,79,F040,---,MARKER_TRIPLE_DASH,,0,selected_zero_not_shown,0,true
UIMARI,16,3364OT,80,F050,"-61,241",NONZERO_INTEGER,-61241,-61241,numeric,-61241,true
UIMARI,16,3364OT,81,F06C,---,MARKER_TRIPLE_DASH,,0,selected_zero_not_shown,0,true
UIMARI,16,3364OT,82,F06S,---,MARKER_TRIPLE_DASH,,0,selected_zero_not_shown,0,true
UIMARI,16,3364OT,83,F06E,366,NONZERO_INTEGER,366,366,numeric,366,true
UIMARI,16,3364OT,84,F06N,---,MARKER_TRIPLE_DASH,,0,selected_zero_not_shown,0,true
UIMARI,16,3364OT,85,F07C,---,MARKER_TRIPLE_DASH,,0,selected_zero_not_shown,0,true
UIMARI,16,3364OT,86,F07S,---,MARKER_TRIPLE_DASH,,0,selected_zero_not_shown,0,true
UIMARI,16,3364OT,87,F07E,104,NONZERO_INTEGER,104,104,numeric,104,true
UIMARI,16,3364OT,88,F07N,---,MARKER_TRIPLE_DASH,,0,selected_zero_not_shown,0,true
UIMARI,16,3364OT,89,F10C,---,MARKER_TRIPLE_DASH,,0,selected_zero_not_shown,0,true
UIMARI,16,3364OT,90,F10S,---,MARKER_TRIPLE_DASH,,0,selected_zero_not_shown,0,true
UIMARI,16,3364OT,91,F10E,110,NONZERO_INTEGER,110,110,numeric,110,true
UIMARI,16,3364OT,92,F10N,---,MARKER_TRIPLE_DASH,,0,selected_zero_not_shown,0,true
UIMARI,16,3364OT,93,T004,"-41,064",NONZERO_INTEGER,-41064,-41064,numeric,-41064,true
UIMARI,17,337,1,111CA,---,MARKER_TRIPLE_DASH,,0,selected_zero_not_shown,0,true
UIMARI,17,337,2,113FF,---,MARKER_TRIPLE_DASH,,0,selected_zero_not_shown,0,true
UIMARI,17,337,3,211,---,MARKER_TRIPLE_DASH,,0,selected_zero_not_shown,0,true
UIMARI,17,337,4,212,---,MARKER_TRIPLE_DASH,,0,selected_zero_not_shown,0,true
UIMARI,17,337,5,213,---,MARKER_TRIPLE_DASH,,0,selected_zero_not_shown,0,true
UIMARI,17,337,6,22,---,MARKER_TRIPLE_DASH,,0,selected_zero_not_shown,0,true
UIMARI,17,337,7,23,20,NONZERO_INTEGER,20,20,numeric,20,true
UIMARI,17,337,8,321,46,NONZERO_INTEGER,46,46,numeric,46,true
UIMARI,17,337,9,327,0,LITERAL_ZERO,0,0,numeric,0,true
UIMARI,17,337,10,331,---,MARKER_TRIPLE_DASH,,0,selected_zero_not_shown,0,true
UIMARI,17,337,11,332,---,MARKER_TRIPLE_DASH,,0,selected_zero_not_shown,0,true
UIMARI,17,337,12,333,---,MARKER_TRIPLE_DASH,,0,selected_zero_not_shown,0,true
UIMARI,17,337,13,334,---,MARKER_TRIPLE_DASH,,0,selected_zero_not_shown,0,true
UIMARI,17,337,14,335,---,MARKER_TRIPLE_DASH,,0,selected_zero_not_shown,0,true
UIMARI,17,337,15,3361MV,---,MARKER_TRIPLE_DASH,,0,selected_zero_not_shown,0,true
UIMARI,17,337,16,3364OT,---,MARKER_TRIPLE_DASH,,0,selected_zero_not_shown,0,true
UIMARI,17,337,17,337,"1,950",NONZERO_INTEGER,1950,1950,numeric,1950,true
UIMARI,17,337,18,339,---,MARKER_TRIPLE_DASH,,0,selected_zero_not_shown,0,true
UIMARI,17,337,19,311FT,---,MARKER_TRIPLE_DASH,,0,selected_zero_not_shown,0,true
UIMARI,17,337,20,313TT,---,MARKER_TRIPLE_DASH,,0,selected_zero_not_shown,0,true
UIMARI,17,337,21,315AL,---,MARKER_TRIPLE_DASH,,0,selected_zero_not_shown,0,true
UIMARI,17,337,22,322,0,LITERAL_ZERO,0,0,numeric,0,true
UIMARI,17,337,23,323,---,MARKER_TRIPLE_DASH,,0,selected_zero_not_shown,0,true
UIMARI,17,337,24,324,---,MARKER_TRIPLE_DASH,,0,selected_zero_not_shown,0,true
UIMARI,17,337,25,325,---,MARKER_TRIPLE_DASH,,0,selected_zero_not_shown,0,true
UIMARI,17,337,26,326,---,MARKER_TRIPLE_DASH,,0,selected_zero_not_shown,0,true
UIMARI,17,337,27,42,576,NONZERO_INTEGER,576,576,numeric,576,true
UIMARI,17,337,28,441,98,NONZERO_INTEGER,98,98,numeric,98,true
UIMARI,17,337,29,445,---,MARKER_TRIPLE_DASH,,0,selected_zero_not_shown,0,true
UIMARI,17,337,30,452,---,MARKER_TRIPLE_DASH,,0,selected_zero_not_shown,0,true
UIMARI,17,337,31,4A0,"1,099",NONZERO_INTEGER,1099,1099,numeric,1099,true
UIMARI,17,337,32,481,---,MARKER_TRIPLE_DASH,,0,selected_zero_not_shown,0,true
UIMARI,17,337,33,482,---,MARKER_TRIPLE_DASH,,0,selected_zero_not_shown,0,true
UIMARI,17,337,34,483,---,MARKER_TRIPLE_DASH,,0,selected_zero_not_shown,0,true
UIMARI,17,337,35,484,---,MARKER_TRIPLE_DASH,,0,selected_zero_not_shown,0,true
UIMARI,17,337,36,485,---,MARKER_TRIPLE_DASH,,0,selected_zero_not_shown,0,true
UIMARI,17,337,37,486,---,MARKER_TRIPLE_DASH,,0,selected_zero_not_shown,0,true
UIMARI,17,337,38,487OS,---,MARKER_TRIPLE_DASH,,0,selected_zero_not_shown,0,true
UIMARI,17,337,39,493,---,MARKER_TRIPLE_DASH,,0,selected_zero_not_shown,0,true
UIMARI,17,337,40,511,---,MARKER_TRIPLE_DASH,,0,selected_zero_not_shown,0,true
UIMARI,17,337,41,512,---,MARKER_TRIPLE_DASH,,0,selected_zero_not_shown,0,true
UIMARI,17,337,42,513,---,MARKER_TRIPLE_DASH,,0,selected_zero_not_shown,0,true
UIMARI,17,337,43,514,---,MARKER_TRIPLE_DASH,,0,selected_zero_not_shown,0,true
UIMARI,17,337,44,521CI,---,MARKER_TRIPLE_DASH,,0,selected_zero_not_shown,0,true
UIMARI,17,337,45,523,---,MARKER_TRIPLE_DASH,,0,selected_zero_not_shown,0,true
UIMARI,17,337,46,524,---,MARKER_TRIPLE_DASH,,0,selected_zero_not_shown,0,true
UIMARI,17,337,47,525,---,MARKER_TRIPLE_DASH,,0,selected_zero_not_shown,0,true
UIMARI,17,337,48,HS,"1,235",NONZERO_INTEGER,1235,1235,numeric,1235,true
UIMARI,17,337,49,ORE,---,MARKER_TRIPLE_DASH,,0,selected_zero_not_shown,0,true
UIMARI,17,337,50,532RL,---,MARKER_TRIPLE_DASH,,0,selected_zero_not_shown,0,true
UIMARI,17,337,51,5411,---,MARKER_TRIPLE_DASH,,0,selected_zero_not_shown,0,true
UIMARI,17,337,52,5415,---,MARKER_TRIPLE_DASH,,0,selected_zero_not_shown,0,true
UIMARI,17,337,53,5412OP,408,NONZERO_INTEGER,408,408,numeric,408,true
UIMARI,17,337,54,55,4,NONZERO_INTEGER,4,4,numeric,4,true
UIMARI,17,337,55,561,---,MARKER_TRIPLE_DASH,,0,selected_zero_not_shown,0,true
UIMARI,17,337,56,562,---,MARKER_TRIPLE_DASH,,0,selected_zero_not_shown,0,true
UIMARI,17,337,57,61,---,MARKER_TRIPLE_DASH,,0,selected_zero_not_shown,0,true
UIMARI,17,337,58,621,217,NONZERO_INTEGER,217,217,numeric,217,true
UIMARI,17,337,59,622,17,NONZERO_INTEGER,17,17,numeric,17,true
UIMARI,17,337,60,623,---,MARKER_TRIPLE_DASH,,0,selected_zero_not_shown,0,true
UIMARI,17,337,61,624,---,MARKER_TRIPLE_DASH,,0,selected_zero_not_shown,0,true
UIMARI,17,337,62,711AS,512,NONZERO_INTEGER,512,512,numeric,512,true
UIMARI,17,337,63,713,286,NONZERO_INTEGER,286,286,numeric,286,true
UIMARI,17,337,64,721,---,MARKER_TRIPLE_DASH,,0,selected_zero_not_shown,0,true
UIMARI,17,337,65,722,---,MARKER_TRIPLE_DASH,,0,selected_zero_not_shown,0,true
UIMARI,17,337,66,81,158,NONZERO_INTEGER,158,158,numeric,158,true
UIMARI,17,337,67,GFGD,---,MARKER_TRIPLE_DASH,,0,selected_zero_not_shown,0,true
UIMARI,17,337,68,GFGN,---,MARKER_TRIPLE_DASH,,0,selected_zero_not_shown,0,true
UIMARI,17,337,69,GFE,6,NONZERO_INTEGER,6,6,numeric,6,true
UIMARI,17,337,70,GSLG,---,MARKER_TRIPLE_DASH,,0,selected_zero_not_shown,0,true
UIMARI,17,337,71,GSLE,"1,117",NONZERO_INTEGER,1117,1117,numeric,1117,true
UIMARI,17,337,72,T001,"7,750",NONZERO_INTEGER,7750,7750,numeric,7750,true
UIMARI,17,337,73,F010,"30,449",NONZERO_INTEGER,30449,30449,numeric,30449,true
UIMARI,17,337,74,F02S,---,MARKER_TRIPLE_DASH,,0,selected_zero_not_shown,0,true
UIMARI,17,337,75,F02E,"13,706",NONZERO_INTEGER,13706,13706,numeric,13706,true
UIMARI,17,337,76,F02N,---,MARKER_TRIPLE_DASH,,0,selected_zero_not_shown,0,true
UIMARI,17,337,77,F02R,236,NONZERO_INTEGER,236,236,numeric,236,true
UIMARI,17,337,78,F030,51,NONZERO_INTEGER,51,51,numeric,51,true
UIMARI,17,337,79,F040,---,MARKER_TRIPLE_DASH,,0,selected_zero_not_shown,0,true
UIMARI,17,337,80,F050,"-52,506",NONZERO_INTEGER,-52506,-52506,numeric,-52506,true
UIMARI,17,337,81,F06C,---,MARKER_TRIPLE_DASH,,0,selected_zero_not_shown,0,true
UIMARI,17,337,82,F06S,---,MARKER_TRIPLE_DASH,,0,selected_zero_not_shown,0,true
UIMARI,17,337,83,F06E,0,LITERAL_ZERO,0,0,numeric,0,true
UIMARI,17,337,84,F06N,---,MARKER_TRIPLE_DASH,,0,selected_zero_not_shown,0,true
UIMARI,17,337,85,F07C,---,MARKER_TRIPLE_DASH,,0,selected_zero_not_shown,0,true
UIMARI,17,337,86,F07S,---,MARKER_TRIPLE_DASH,,0,selected_zero_not_shown,0,true
UIMARI,17,337,87,F07E,0,LITERAL_ZERO,0,0,numeric,0,true
UIMARI,17,337,88,F07N,---,MARKER_TRIPLE_DASH,,0,selected_zero_not_shown,0,true
UIMARI,17,337,89,F10C,---,MARKER_TRIPLE_DASH,,0,selected_zero_not_shown,0,true
UIMARI,17,337,90,F10S,---,MARKER_TRIPLE_DASH,,0,selected_zero_not_shown,0,true
UIMARI,17,337,91,F10E,314,NONZERO_INTEGER,314,314,numeric,314,true
UIMARI,17,337,92,F10N,---,MARKER_TRIPLE_DASH,,0,selected_zero_not_shown,0,true
UIMARI,17,337,93,T004,"-7,750",NONZERO_INTEGER,-7750,-7750,numeric,-7750,true
UIMARI,18,339,1,111CA,8,NONZERO_INTEGER,8,8,numeric,8,true
UIMARI,18,339,2,113FF,0,LITERAL_ZERO,0,0,numeric,0,true
UIMARI,18,339,3,211,24,NONZERO_INTEGER,24,24,numeric,24,true
UIMARI,18,339,4,212,14,NONZERO_INTEGER,14,14,numeric,14,true
UIMARI,18,339,5,213,6,NONZERO_INTEGER,6,6,numeric,6,true
UIMARI,18,339,6,22,---,MARKER_TRIPLE_DASH,,0,selected_zero_not_shown,0,true
UIMARI,18,339,7,23,277,NONZERO_INTEGER,277,277,numeric,277,true
UIMARI,18,339,8,321,4,NONZERO_INTEGER,4,4,numeric,4,true
UIMARI,18,339,9,327,3,NONZERO_INTEGER,3,3,numeric,3,true
UIMARI,18,339,10,331,0,LITERAL_ZERO,0,0,numeric,0,true
UIMARI,18,339,11,332,21,NONZERO_INTEGER,21,21,numeric,21,true
UIMARI,18,339,12,333,771,NONZERO_INTEGER,771,771,numeric,771,true
UIMARI,18,339,13,334,0,LITERAL_ZERO,0,0,numeric,0,true
UIMARI,18,339,14,335,215,NONZERO_INTEGER,215,215,numeric,215,true
UIMARI,18,339,15,3361MV,"1,011",NONZERO_INTEGER,1011,1011,numeric,1011,true
UIMARI,18,339,16,3364OT,1,NONZERO_INTEGER,1,1,numeric,1,true
UIMARI,18,339,17,337,---,MARKER_TRIPLE_DASH,,0,selected_zero_not_shown,0,true
UIMARI,18,339,18,339,"1,346",NONZERO_INTEGER,1346,1346,numeric,1346,true
UIMARI,18,339,19,311FT,---,MARKER_TRIPLE_DASH,,0,selected_zero_not_shown,0,true
UIMARI,18,339,20,313TT,1,NONZERO_INTEGER,1,1,numeric,1,true
UIMARI,18,339,21,315AL,31,NONZERO_INTEGER,31,31,numeric,31,true
UIMARI,18,339,22,322,---,MARKER_TRIPLE_DASH,,0,selected_zero_not_shown,0,true
UIMARI,18,339,23,323,1,NONZERO_INTEGER,1,1,numeric,1,true
UIMARI,18,339,24,324,0,LITERAL_ZERO,0,0,numeric,0,true
UIMARI,18,339,25,325,138,NONZERO_INTEGER,138,138,numeric,138,true
UIMARI,18,339,26,326,11,NONZERO_INTEGER,11,11,numeric,11,true
UIMARI,18,339,27,42,228,NONZERO_INTEGER,228,228,numeric,228,true
UIMARI,18,339,28,441,223,NONZERO_INTEGER,223,223,numeric,223,true
UIMARI,18,339,29,445,55,NONZERO_INTEGER,55,55,numeric,55,true
UIMARI,18,339,30,452,0,LITERAL_ZERO,0,0,numeric,0,true
UIMARI,18,339,31,4A0,316,NONZERO_INTEGER,316,316,numeric,316,true
UIMARI,18,339,32,481,0,LITERAL_ZERO,0,0,numeric,0,true
UIMARI,18,339,33,482,0,LITERAL_ZERO,0,0,numeric,0,true
UIMARI,18,339,34,483,---,MARKER_TRIPLE_DASH,,0,selected_zero_not_shown,0,true
UIMARI,18,339,35,484,4,NONZERO_INTEGER,4,4,numeric,4,true
UIMARI,18,339,36,485,4,NONZERO_INTEGER,4,4,numeric,4,true
UIMARI,18,339,37,486,0,LITERAL_ZERO,0,0,numeric,0,true
UIMARI,18,339,38,487OS,30,NONZERO_INTEGER,30,30,numeric,30,true
UIMARI,18,339,39,493,47,NONZERO_INTEGER,47,47,numeric,47,true
UIMARI,18,339,40,511,2,NONZERO_INTEGER,2,2,numeric,2,true
UIMARI,18,339,41,512,1,NONZERO_INTEGER,1,1,numeric,1,true
UIMARI,18,339,42,513,13,NONZERO_INTEGER,13,13,numeric,13,true
UIMARI,18,339,43,514,20,NONZERO_INTEGER,20,20,numeric,20,true
UIMARI,18,339,44,521CI,25,NONZERO_INTEGER,25,25,numeric,25,true
UIMARI,18,339,45,523,17,NONZERO_INTEGER,17,17,numeric,17,true
UIMARI,18,339,46,524,9,NONZERO_INTEGER,9,9,numeric,9,true
UIMARI,18,339,47,525,---,MARKER_TRIPLE_DASH,,0,selected_zero_not_shown,0,true
UIMARI,18,339,48,HS,0,LITERAL_ZERO,0,0,numeric,0,true
UIMARI,18,339,49,ORE,112,NONZERO_INTEGER,112,112,numeric,112,true
UIMARI,18,339,50,532RL,24,NONZERO_INTEGER,24,24,numeric,24,true
UIMARI,18,339,51,5411,2,NONZERO_INTEGER,2,2,numeric,2,true
UIMARI,18,339,52,5415,4,NONZERO_INTEGER,4,4,numeric,4,true
UIMARI,18,339,53,5412OP,"1,047",NONZERO_INTEGER,1047,1047,numeric,1047,true
UIMARI,18,339,54,55,2,NONZERO_INTEGER,2,2,numeric,2,true
UIMARI,18,339,55,561,693,NONZERO_INTEGER,693,693,numeric,693,true
UIMARI,18,339,56,562,22,NONZERO_INTEGER,22,22,numeric,22,true
UIMARI,18,339,57,61,124,NONZERO_INTEGER,124,124,numeric,124,true
UIMARI,18,339,58,621,"6,216",NONZERO_INTEGER,6216,6216,numeric,6216,true
UIMARI,18,339,59,622,"11,696",NONZERO_INTEGER,11696,11696,numeric,11696,true
UIMARI,18,339,60,623,225,NONZERO_INTEGER,225,225,numeric,225,true
UIMARI,18,339,61,624,457,NONZERO_INTEGER,457,457,numeric,457,true
UIMARI,18,339,62,711AS,53,NONZERO_INTEGER,53,53,numeric,53,true
UIMARI,18,339,63,713,75,NONZERO_INTEGER,75,75,numeric,75,true
UIMARI,18,339,64,721,12,NONZERO_INTEGER,12,12,numeric,12,true
UIMARI,18,339,65,722,504,NONZERO_INTEGER,504,504,numeric,504,true
UIMARI,18,339,66,81,669,NONZERO_INTEGER,669,669,numeric,669,true
UIMARI,18,339,67,GFGD,611,NONZERO_INTEGER,611,611,numeric,611,true
UIMARI,18,339,68,GFGN,180,NONZERO_INTEGER,180,180,numeric,180,true
UIMARI,18,339,69,GFE,---,MARKER_TRIPLE_DASH,,0,selected_zero_not_shown,0,true
UIMARI,18,339,70,GSLG,"3,101",NONZERO_INTEGER,3101,3101,numeric,3101,true
UIMARI,18,339,71,GSLE,6,NONZERO_INTEGER,6,6,numeric,6,true
UIMARI,18,339,72,T001,"30,712",NONZERO_INTEGER,30712,30712,numeric,30712,true
UIMARI,18,339,73,F010,"78,170",NONZERO_INTEGER,78170,78170,numeric,78170,true
UIMARI,18,339,74,F02S,---,MARKER_TRIPLE_DASH,,0,selected_zero_not_shown,0,true
UIMARI,18,339,75,F02E,"19,549",NONZERO_INTEGER,19549,19549,numeric,19549,true
UIMARI,18,339,76,F02N,---,MARKER_TRIPLE_DASH,,0,selected_zero_not_shown,0,true
UIMARI,18,339,77,F02R,---,MARKER_TRIPLE_DASH,,0,selected_zero_not_shown,0,true
UIMARI,18,339,78,F030,467,NONZERO_INTEGER,467,467,numeric,467,true
UIMARI,18,339,79,F040,---,MARKER_TRIPLE_DASH,,0,selected_zero_not_shown,0,true
UIMARI,18,339,80,F050,"-129,006",NONZERO_INTEGER,-129006,-129006,numeric,-129006,true
UIMARI,18,339,81,F06C,---,MARKER_TRIPLE_DASH,,0,selected_zero_not_shown,0,true
UIMARI,18,339,82,F06S,---,MARKER_TRIPLE_DASH,,0,selected_zero_not_shown,0,true
UIMARI,18,339,83,F06E,17,NONZERO_INTEGER,17,17,numeric,17,true
UIMARI,18,339,84,F06N,---,MARKER_TRIPLE_DASH,,0,selected_zero_not_shown,0,true
UIMARI,18,339,85,F07C,---,MARKER_TRIPLE_DASH,,0,selected_zero_not_shown,0,true
UIMARI,18,339,86,F07S,---,MARKER_TRIPLE_DASH,,0,selected_zero_not_shown,0,true
UIMARI,18,339,87,F07E,1,NONZERO_INTEGER,1,1,numeric,1,true
UIMARI,18,339,88,F07N,---,MARKER_TRIPLE_DASH,,0,selected_zero_not_shown,0,true
UIMARI,18,339,89,F10C,---,MARKER_TRIPLE_DASH,,0,selected_zero_not_shown,0,true
UIMARI,18,339,90,F10S,---,MARKER_TRIPLE_DASH,,0,selected_zero_not_shown,0,true
UIMARI,18,339,91,F10E,90,NONZERO_INTEGER,90,90,numeric,90,true
UIMARI,18,339,92,F10N,---,MARKER_TRIPLE_DASH,,0,selected_zero_not_shown,0,true
UIMARI,18,339,93,T004,"-30,712",NONZERO_INTEGER,-30712,-30712,numeric,-30712,true
UIMARI,19,311FT,1,111CA,"1,483",NONZERO_INTEGER,1483,1483,numeric,1483,true
UIMARI,19,311FT,2,113FF,0,LITERAL_ZERO,0,0,numeric,0,true
UIMARI,19,311FT,3,211,---,MARKER_TRIPLE_DASH,,0,selected_zero_not_shown,0,true
UIMARI,19,311FT,4,212,---,MARKER_TRIPLE_DASH,,0,selected_zero_not_shown,0,true
UIMARI,19,311FT,5,213,---,MARKER_TRIPLE_DASH,,0,selected_zero_not_shown,0,true
UIMARI,19,311FT,6,22,---,MARKER_TRIPLE_DASH,,0,selected_zero_not_shown,0,true
UIMARI,19,311FT,7,23,---,MARKER_TRIPLE_DASH,,0,selected_zero_not_shown,0,true
UIMARI,19,311FT,8,321,1,NONZERO_INTEGER,1,1,numeric,1,true
UIMARI,19,311FT,9,327,235,NONZERO_INTEGER,235,235,numeric,235,true
UIMARI,19,311FT,10,331,0,LITERAL_ZERO,0,0,numeric,0,true
UIMARI,19,311FT,11,332,---,MARKER_TRIPLE_DASH,,0,selected_zero_not_shown,0,true
UIMARI,19,311FT,12,333,---,MARKER_TRIPLE_DASH,,0,selected_zero_not_shown,0,true
UIMARI,19,311FT,13,334,---,MARKER_TRIPLE_DASH,,0,selected_zero_not_shown,0,true
UIMARI,19,311FT,14,335,---,MARKER_TRIPLE_DASH,,0,selected_zero_not_shown,0,true
UIMARI,19,311FT,15,3361MV,---,MARKER_TRIPLE_DASH,,0,selected_zero_not_shown,0,true
UIMARI,19,311FT,16,3364OT,---,MARKER_TRIPLE_DASH,,0,selected_zero_not_shown,0,true
UIMARI,19,311FT,17,337,---,MARKER_TRIPLE_DASH,,0,selected_zero_not_shown,0,true
UIMARI,19,311FT,18,339,6,NONZERO_INTEGER,6,6,numeric,6,true
UIMARI,19,311FT,19,311FT,"24,877",NONZERO_INTEGER,24877,24877,numeric,24877,true
UIMARI,19,311FT,20,313TT,0,LITERAL_ZERO,0,0,numeric,0,true
UIMARI,19,311FT,21,315AL,2,NONZERO_INTEGER,2,2,numeric,2,true
UIMARI,19,311FT,22,322,70,NONZERO_INTEGER,70,70,numeric,70,true
UIMARI,19,311FT,23,323,1,NONZERO_INTEGER,1,1,numeric,1,true
UIMARI,19,311FT,24,324,75,NONZERO_INTEGER,75,75,numeric,75,true
UIMARI,19,311FT,25,325,"2,135",NONZERO_INTEGER,2135,2135,numeric,2135,true
UIMARI,19,311FT,26,326,52,NONZERO_INTEGER,52,52,numeric,52,true
UIMARI,19,311FT,27,42,122,NONZERO_INTEGER,122,122,numeric,122,true
UIMARI,19,311FT,28,441,---,MARKER_TRIPLE_DASH,,0,selected_zero_not_shown,0,true
UIMARI,19,311FT,29,445,155,NONZERO_INTEGER,155,155,numeric,155,true
UIMARI,19,311FT,30,452,37,NONZERO_INTEGER,37,37,numeric,37,true
UIMARI,19,311FT,31,4A0,---,MARKER_TRIPLE_DASH,,0,selected_zero_not_shown,0,true
UIMARI,19,311FT,32,481,116,NONZERO_INTEGER,116,116,numeric,116,true
UIMARI,19,311FT,33,482,0,LITERAL_ZERO,0,0,numeric,0,true
UIMARI,19,311FT,34,483,38,NONZERO_INTEGER,38,38,numeric,38,true
UIMARI,19,311FT,35,484,6,NONZERO_INTEGER,6,6,numeric,6,true
UIMARI,19,311FT,36,485,---,MARKER_TRIPLE_DASH,,0,selected_zero_not_shown,0,true
UIMARI,19,311FT,37,486,---,MARKER_TRIPLE_DASH,,0,selected_zero_not_shown,0,true
UIMARI,19,311FT,38,487OS,1,NONZERO_INTEGER,1,1,numeric,1,true
UIMARI,19,311FT,39,493,---,MARKER_TRIPLE_DASH,,0,selected_zero_not_shown,0,true
UIMARI,19,311FT,40,511,7,NONZERO_INTEGER,7,7,numeric,7,true
UIMARI,19,311FT,41,512,1,NONZERO_INTEGER,1,1,numeric,1,true
UIMARI,19,311FT,42,513,---,MARKER_TRIPLE_DASH,,0,selected_zero_not_shown,0,true
UIMARI,19,311FT,43,514,101,NONZERO_INTEGER,101,101,numeric,101,true
UIMARI,19,311FT,44,521CI,---,MARKER_TRIPLE_DASH,,0,selected_zero_not_shown,0,true
UIMARI,19,311FT,45,523,---,MARKER_TRIPLE_DASH,,0,selected_zero_not_shown,0,true
UIMARI,19,311FT,46,524,---,MARKER_TRIPLE_DASH,,0,selected_zero_not_shown,0,true
UIMARI,19,311FT,47,525,---,MARKER_TRIPLE_DASH,,0,selected_zero_not_shown,0,true
UIMARI,19,311FT,48,HS,---,MARKER_TRIPLE_DASH,,0,selected_zero_not_shown,0,true
UIMARI,19,311FT,49,ORE,---,MARKER_TRIPLE_DASH,,0,selected_zero_not_shown,0,true
UIMARI,19,311FT,50,532RL,---,MARKER_TRIPLE_DASH,,0,selected_zero_not_shown,0,true
UIMARI,19,311FT,51,5411,---,MARKER_TRIPLE_DASH,,0,selected_zero_not_shown,0,true
UIMARI,19,311FT,52,5415,---,MARKER_TRIPLE_DASH,,0,selected_zero_not_shown,0,true
UIMARI,19,311FT,53,5412OP,324,NONZERO_INTEGER,324,324,numeric,324,true
UIMARI,19,311FT,54,55,2,NONZERO_INTEGER,2,2,numeric,2,true
UIMARI,19,311FT,55,561,---,MARKER_TRIPLE_DASH,,0,selected_zero_not_shown,0,true
UIMARI,19,311FT,56,562,---,MARKER_TRIPLE_DASH,,0,selected_zero_not_shown,0,true
UIMARI,19,311FT,57,61,591,NONZERO_INTEGER,591,591,numeric,591,true
UIMARI,19,311FT,58,621,3,NONZERO_INTEGER,3,3,numeric,3,true
UIMARI,19,311FT,59,622,838,NONZERO_INTEGER,838,838,numeric,838,true
UIMARI,19,311FT,60,623,489,NONZERO_INTEGER,489,489,numeric,489,true
UIMARI,19,311FT,61,624,"1,437",NONZERO_INTEGER,1437,1437,numeric,1437,true
UIMARI,19,311FT,62,711AS,13,NONZERO_INTEGER,13,13,numeric,13,true
UIMARI,19,311FT,63,713,614,NONZERO_INTEGER,614,614,numeric,614,true
UIMARI,19,311FT,64,721,395,NONZERO_INTEGER,395,395,numeric,395,true
UIMARI,19,311FT,65,722,"15,735",NONZERO_INTEGER,15735,15735,numeric,15735,true
UIMARI,19,311FT,66,81,211,NONZERO_INTEGER,211,211,numeric,211,true
UIMARI,19,311FT,67,GFGD,714,NONZERO_INTEGER,714,714,numeric,714,true
UIMARI,19,311FT,68,GFGN,4,NONZERO_INTEGER,4,4,numeric,4,true
UIMARI,19,311FT,69,GFE,80,NONZERO_INTEGER,80,80,numeric,80,true
UIMARI,19,311FT,70,GSLG,"10,221",NONZERO_INTEGER,10221,10221,numeric,10221,true
UIMARI,19,311FT,71,GSLE,---,MARKER_TRIPLE_DASH,,0,selected_zero_not_shown,0,true
UIMARI,19,311FT,72,T001,"61,194",NONZERO_INTEGER,61194,61194,numeric,61194,true
UIMARI,19,311FT,73,F010,"98,674",NONZERO_INTEGER,98674,98674,numeric,98674,true
UIMARI,19,311FT,74,F02S,---,MARKER_TRIPLE_DASH,,0,selected_zero_not_shown,0,true
UIMARI,19,311FT,75,F02E,---,MARKER_TRIPLE_DASH,,0,selected_zero_not_shown,0,true
UIMARI,19,311FT,76,F02N,---,MARKER_TRIPLE_DASH,,0,selected_zero_not_shown,0,true
UIMARI,19,311FT,77,F02R,---,MARKER_TRIPLE_DASH,,0,selected_zero_not_shown,0,true
UIMARI,19,311FT,78,F030,204,NONZERO_INTEGER,204,204,numeric,204,true
UIMARI,19,311FT,79,F040,---,MARKER_TRIPLE_DASH,,0,selected_zero_not_shown,0,true
UIMARI,19,311FT,80,F050,"-160,071",NONZERO_INTEGER,-160071,-160071,numeric,-160071,true
UIMARI,19,311FT,81,F06C,---,MARKER_TRIPLE_DASH,,0,selected_zero_not_shown,0,true
UIMARI,19,311FT,82,F06S,---,MARKER_TRIPLE_DASH,,0,selected_zero_not_shown,0,true
UIMARI,19,311FT,83,F06E,---,MARKER_TRIPLE_DASH,,0,selected_zero_not_shown,0,true
UIMARI,19,311FT,84,F06N,---,MARKER_TRIPLE_DASH,,0,selected_zero_not_shown,0,true
UIMARI,19,311FT,85,F07C,---,MARKER_TRIPLE_DASH,,0,selected_zero_not_shown,0,true
UIMARI,19,311FT,86,F07S,---,MARKER_TRIPLE_DASH,,0,selected_zero_not_shown,0,true
UIMARI,19,311FT,87,F07E,---,MARKER_TRIPLE_DASH,,0,selected_zero_not_shown,0,true
UIMARI,19,311FT,88,F07N,---,MARKER_TRIPLE_DASH,,0,selected_zero_not_shown,0,true
UIMARI,19,311FT,89,F10C,---,MARKER_TRIPLE_DASH,,0,selected_zero_not_shown,0,true
UIMARI,19,311FT,90,F10S,---,MARKER_TRIPLE_DASH,,0,selected_zero_not_shown,0,true
UIMARI,19,311FT,91,F10E,---,MARKER_TRIPLE_DASH,,0,selected_zero_not_shown,0,true
UIMARI,19,311FT,92,F10N,---,MARKER_TRIPLE_DASH,,0,selected_zero_not_shown,0,true
UIMARI,19,311FT,93,T004,"-61,194",NONZERO_INTEGER,-61194,-61194,numeric,-61194,true
UIMARI,20,313TT,1,111CA,4,NONZERO_INTEGER,4,4,numeric,4,true
UIMARI,20,313TT,2,113FF,3,NONZERO_INTEGER,3,3,numeric,3,true
UIMARI,20,313TT,3,211,---,MARKER_TRIPLE_DASH,,0,selected_zero_not_shown,0,true
UIMARI,20,313TT,4,212,1,NONZERO_INTEGER,1,1,numeric,1,true
UIMARI,20,313TT,5,213,---,MARKER_TRIPLE_DASH,,0,selected_zero_not_shown,0,true
UIMARI,20,313TT,6,22,---,MARKER_TRIPLE_DASH,,0,selected_zero_not_shown,0,true
UIMARI,20,313TT,7,23,441,NONZERO_INTEGER,441,441,numeric,441,true
UIMARI,20,313TT,8,321,169,NONZERO_INTEGER,169,169,numeric,169,true
UIMARI,20,313TT,9,327,110,NONZERO_INTEGER,110,110,numeric,110,true
UIMARI,20,313TT,10,331,---,MARKER_TRIPLE_DASH,,0,selected_zero_not_shown,0,true
UIMARI,20,313TT,11,332,0,LITERAL_ZERO,0,0,numeric,0,true
UIMARI,20,313TT,12,333,97,NONZERO_INTEGER,97,97,numeric,97,true
UIMARI,20,313TT,13,334,0,LITERAL_ZERO,0,0,numeric,0,true
UIMARI,20,313TT,14,335,0,LITERAL_ZERO,0,0,numeric,0,true
UIMARI,20,313TT,15,3361MV,398,NONZERO_INTEGER,398,398,numeric,398,true
UIMARI,20,313TT,16,3364OT,174,NONZERO_INTEGER,174,174,numeric,174,true
UIMARI,20,313TT,17,337,"1,620",NONZERO_INTEGER,1620,1620,numeric,1620,true
UIMARI,20,313TT,18,339,120,NONZERO_INTEGER,120,120,numeric,120,true
UIMARI,20,313TT,19,311FT,67,NONZERO_INTEGER,67,67,numeric,67,true
UIMARI,20,313TT,20,313TT,"1,925",NONZERO_INTEGER,1925,1925,numeric,1925,true
UIMARI,20,313TT,21,315AL,866,NONZERO_INTEGER,866,866,numeric,866,true
UIMARI,20,313TT,22,322,712,NONZERO_INTEGER,712,712,numeric,712,true
UIMARI,20,313TT,23,323,54,NONZERO_INTEGER,54,54,numeric,54,true
UIMARI,20,313TT,24,324,15,NONZERO_INTEGER,15,15,numeric,15,true
UIMARI,20,313TT,25,325,0,LITERAL_ZERO,0,0,numeric,0,true
UIMARI,20,313TT,26,326,"1,422",NONZERO_INTEGER,1422,1422,numeric,1422,true
UIMARI,20,313TT,27,42,653,NONZERO_INTEGER,653,653,numeric,653,true
UIMARI,20,313TT,28,441,6,NONZERO_INTEGER,6,6,numeric,6,true
UIMARI,20,313TT,29,445,25,NONZERO_INTEGER,25,25,numeric,25,true
UIMARI,20,313TT,30,452,"3,022",NONZERO_INTEGER,3022,3022,numeric,3022,true
UIMARI,20,313TT,31,4A0,282,NONZERO_INTEGER,282,282,numeric,282,true
UIMARI,20,313TT,32,481,---,MARKER_TRIPLE_DASH,,0,selected_zero_not_shown,0,true
UIMARI,20,313TT,33,482,---,MARKER_TRIPLE_DASH,,0,selected_zero_not_shown,0,true
UIMARI,20,313TT,34,483,0,LITERAL_ZERO,0,0,numeric,0,true
UIMARI,20,313TT,35,484,2,NONZERO_INTEGER,2,2,numeric,2,true
UIMARI,20,313TT,36,485,---,MARKER_TRIPLE_DASH,,0,selected_zero_not_shown,0,true
UIMARI,20,313TT,37,486,---,MARKER_TRIPLE_DASH,,0,selected_zero_not_shown,0,true
UIMARI,20,313TT,38,487OS,1,NONZERO_INTEGER,1,1,numeric,1,true
UIMARI,20,313TT,39,493,1,NONZERO_INTEGER,1,1,numeric,1,true
UIMARI,20,313TT,40,511,---,MARKER_TRIPLE_DASH,,0,selected_zero_not_shown,0,true
UIMARI,20,313TT,41,512,100,NONZERO_INTEGER,100,100,numeric,100,true
UIMARI,20,313TT,42,513,---,MARKER_TRIPLE_DASH,,0,selected_zero_not_shown,0,true
UIMARI,20,313TT,43,514,0,LITERAL_ZERO,0,0,numeric,0,true
UIMARI,20,313TT,44,521CI,---,MARKER_TRIPLE_DASH,,0,selected_zero_not_shown,0,true
UIMARI,20,313TT,45,523,---,MARKER_TRIPLE_DASH,,0,selected_zero_not_shown,0,true
UIMARI,20,313TT,46,524,---,MARKER_TRIPLE_DASH,,0,selected_zero_not_shown,0,true
UIMARI,20,313TT,47,525,---,MARKER_TRIPLE_DASH,,0,selected_zero_not_shown,0,true
UIMARI,20,313TT,48,HS,0,LITERAL_ZERO,0,0,numeric,0,true
UIMARI,20,313TT,49,ORE,12,NONZERO_INTEGER,12,12,numeric,12,true
UIMARI,20,313TT,50,532RL,58,NONZERO_INTEGER,58,58,numeric,58,true
UIMARI,20,313TT,51,5411,---,MARKER_TRIPLE_DASH,,0,selected_zero_not_shown,0,true
UIMARI,20,313TT,52,5415,---,MARKER_TRIPLE_DASH,,0,selected_zero_not_shown,0,true
UIMARI,20,313TT,53,5412OP,176,NONZERO_INTEGER,176,176,numeric,176,true
UIMARI,20,313TT,54,55,4,NONZERO_INTEGER,4,4,numeric,4,true
UIMARI,20,313TT,55,561,201,NONZERO_INTEGER,201,201,numeric,201,true
UIMARI,20,313TT,56,562,212,NONZERO_INTEGER,212,212,numeric,212,true
UIMARI,20,313TT,57,61,2,NONZERO_INTEGER,2,2,numeric,2,true
UIMARI,20,313TT,58,621,75,NONZERO_INTEGER,75,75,numeric,75,true
UIMARI,20,313TT,59,622,249,NONZERO_INTEGER,249,249,numeric,249,true
UIMARI,20,313TT,60,623,"1,435",NONZERO_INTEGER,1435,1435,numeric,1435,true
UIMARI,20,313TT,61,624,870,NONZERO_INTEGER,870,870,numeric,870,true
UIMARI,20,313TT,62,711AS,---,MARKER_TRIPLE_DASH,,0,selected_zero_not_shown,0,true
UIMARI,20,313TT,63,713,32,NONZERO_INTEGER,32,32,numeric,32,true
UIMARI,20,313TT,64,721,833,NONZERO_INTEGER,833,833,numeric,833,true
UIMARI,20,313TT,65,722,312,NONZERO_INTEGER,312,312,numeric,312,true
UIMARI,20,313TT,66,81,427,NONZERO_INTEGER,427,427,numeric,427,true
UIMARI,20,313TT,67,GFGD,126,NONZERO_INTEGER,126,126,numeric,126,true
UIMARI,20,313TT,68,GFGN,175,NONZERO_INTEGER,175,175,numeric,175,true
UIMARI,20,313TT,69,GFE,0,LITERAL_ZERO,0,0,numeric,0,true
UIMARI,20,313TT,70,GSLG,"1,135",NONZERO_INTEGER,1135,1135,numeric,1135,true
UIMARI,20,313TT,71,GSLE,38,NONZERO_INTEGER,38,38,numeric,38,true
UIMARI,20,313TT,72,T001,"18,665",NONZERO_INTEGER,18665,18665,numeric,18665,true
UIMARI,20,313TT,73,F010,"19,111",NONZERO_INTEGER,19111,19111,numeric,19111,true
UIMARI,20,313TT,74,F02S,---,MARKER_TRIPLE_DASH,,0,selected_zero_not_shown,0,true
UIMARI,20,313TT,75,F02E,42,NONZERO_INTEGER,42,42,numeric,42,true
UIMARI,20,313TT,76,F02N,---,MARKER_TRIPLE_DASH,,0,selected_zero_not_shown,0,true
UIMARI,20,313TT,77,F02R,119,NONZERO_INTEGER,119,119,numeric,119,true
UIMARI,20,313TT,78,F030,181,NONZERO_INTEGER,181,181,numeric,181,true
UIMARI,20,313TT,79,F040,---,MARKER_TRIPLE_DASH,,0,selected_zero_not_shown,0,true
UIMARI,20,313TT,80,F050,"-38,119",NONZERO_INTEGER,-38119,-38119,numeric,-38119,true
UIMARI,20,313TT,81,F06C,---,MARKER_TRIPLE_DASH,,0,selected_zero_not_shown,0,true
UIMARI,20,313TT,82,F06S,---,MARKER_TRIPLE_DASH,,0,selected_zero_not_shown,0,true
UIMARI,20,313TT,83,F06E,---,MARKER_TRIPLE_DASH,,0,selected_zero_not_shown,0,true
UIMARI,20,313TT,84,F06N,---,MARKER_TRIPLE_DASH,,0,selected_zero_not_shown,0,true
UIMARI,20,313TT,85,F07C,---,MARKER_TRIPLE_DASH,,0,selected_zero_not_shown,0,true
UIMARI,20,313TT,86,F07S,---,MARKER_TRIPLE_DASH,,0,selected_zero_not_shown,0,true
UIMARI,20,313TT,87,F07E,1,NONZERO_INTEGER,1,1,numeric,1,true
UIMARI,20,313TT,88,F07N,---,MARKER_TRIPLE_DASH,,0,selected_zero_not_shown,0,true
UIMARI,20,313TT,89,F10C,---,MARKER_TRIPLE_DASH,,0,selected_zero_not_shown,0,true
UIMARI,20,313TT,90,F10S,---,MARKER_TRIPLE_DASH,,0,selected_zero_not_shown,0,true
UIMARI,20,313TT,91,F10E,0,LITERAL_ZERO,0,0,numeric,0,true
UIMARI,20,313TT,92,F10N,---,MARKER_TRIPLE_DASH,,0,selected_zero_not_shown,0,true
UIMARI,20,313TT,93,T004,"-18,665",NONZERO_INTEGER,-18665,-18665,numeric,-18665,true
UIMARI,21,315AL,1,111CA,16,NONZERO_INTEGER,16,16,numeric,16,true
UIMARI,21,315AL,2,113FF,---,MARKER_TRIPLE_DASH,,0,selected_zero_not_shown,0,true
UIMARI,21,315AL,3,211,---,MARKER_TRIPLE_DASH,,0,selected_zero_not_shown,0,true
UIMARI,21,315AL,4,212,---,MARKER_TRIPLE_DASH,,0,selected_zero_not_shown,0,true
UIMARI,21,315AL,5,213,---,MARKER_TRIPLE_DASH,,0,selected_zero_not_shown,0,true
UIMARI,21,315AL,6,22,---,MARKER_TRIPLE_DASH,,0,selected_zero_not_shown,0,true
UIMARI,21,315AL,7,23,---,MARKER_TRIPLE_DASH,,0,selected_zero_not_shown,0,true
UIMARI,21,315AL,8,321,---,MARKER_TRIPLE_DASH,,0,selected_zero_not_shown,0,true
UIMARI,21,315AL,9,327,0,LITERAL_ZERO,0,0,numeric,0,true
UIMARI,21,315AL,10,331,---,MARKER_TRIPLE_DASH,,0,selected_zero_not_shown,0,true
UIMARI,21,315AL,11,332,---,MARKER_TRIPLE_DASH,,0,selected_zero_not_shown,0,true
UIMARI,21,315AL,12,333,---,MARKER_TRIPLE_DASH,,0,selected_zero_not_shown,0,true
UIMARI,21,315AL,13,334,---,MARKER_TRIPLE_DASH,,0,selected_zero_not_shown,0,true
UIMARI,21,315AL,14,335,---,MARKER_TRIPLE_DASH,,0,selected_zero_not_shown,0,true
UIMARI,21,315AL,15,3361MV,902,NONZERO_INTEGER,902,902,numeric,902,true
UIMARI,21,315AL,16,3364OT,---,MARKER_TRIPLE_DASH,,0,selected_zero_not_shown,0,true
UIMARI,21,315AL,17,337,---,MARKER_TRIPLE_DASH,,0,selected_zero_not_shown,0,true
UIMARI,21,315AL,18,339,52,NONZERO_INTEGER,52,52,numeric,52,true
UIMARI,21,315AL,19,311FT,8,NONZERO_INTEGER,8,8,numeric,8,true
UIMARI,21,315AL,20,313TT,1,NONZERO_INTEGER,1,1,numeric,1,true
UIMARI,21,315AL,21,315AL,299,NONZERO_INTEGER,299,299,numeric,299,true
UIMARI,21,315AL,22,322,---,MARKER_TRIPLE_DASH,,0,selected_zero_not_shown,0,true
UIMARI,21,315AL,23,323,10,NONZERO_INTEGER,10,10,numeric,10,true
UIMARI,21,315AL,24,324,---,MARKER_TRIPLE_DASH,,0,selected_zero_not_shown,0,true
UIMARI,21,315AL,25,325,---,MARKER_TRIPLE_DASH,,0,selected_zero_not_shown,0,true
UIMARI,21,315AL,26,326,0,LITERAL_ZERO,0,0,numeric,0,true
UIMARI,21,315AL,27,42,7,NONZERO_INTEGER,7,7,numeric,7,true
UIMARI,21,315AL,28,441,1,NONZERO_INTEGER,1,1,numeric,1,true
UIMARI,21,315AL,29,445,---,MARKER_TRIPLE_DASH,,0,selected_zero_not_shown,0,true
UIMARI,21,315AL,30,452,4,NONZERO_INTEGER,4,4,numeric,4,true
UIMARI,21,315AL,31,4A0,7,NONZERO_INTEGER,7,7,numeric,7,true
UIMARI,21,315AL,32,481,---,MARKER_TRIPLE_DASH,,0,selected_zero_not_shown,0,true
UIMARI,21,315AL,33,482,---,MARKER_TRIPLE_DASH,,0,selected_zero_not_shown,0,true
UIMARI,21,315AL,34,483,---,MARKER_TRIPLE_DASH,,0,selected_zero_not_shown,0,true
UIMARI,21,315AL,35,484,---,MARKER_TRIPLE_DASH,,0,selected_zero_not_shown,0,true
UIMARI,21,315AL,36,485,---,MARKER_TRIPLE_DASH,,0,selected_zero_not_shown,0,true
UIMARI,21,315AL,37,486,---,MARKER_TRIPLE_DASH,,0,selected_zero_not_shown,0,true
UIMARI,21,315AL,38,487OS,---,MARKER_TRIPLE_DASH,,0,selected_zero_not_shown,0,true
UIMARI,21,315AL,39,493,---,MARKER_TRIPLE_DASH,,0,selected_zero_not_shown,0,true
UIMARI,21,315AL,40,511,---,MARKER_TRIPLE_DASH,,0,selected_zero_not_shown,0,true
UIMARI,21,315AL,41,512,1,NONZERO_INTEGER,1,1,numeric,1,true
UIMARI,21,315AL,42,513,3,NONZERO_INTEGER,3,3,numeric,3,true
UIMARI,21,315AL,43,514,---,MARKER_TRIPLE_DASH,,0,selected_zero_not_shown,0,true
UIMARI,21,315AL,44,521CI,---,MARKER_TRIPLE_DASH,,0,selected_zero_not_shown,0,true
UIMARI,21,315AL,45,523,---,MARKER_TRIPLE_DASH,,0,selected_zero_not_shown,0,true
UIMARI,21,315AL,46,524,---,MARKER_TRIPLE_DASH,,0,selected_zero_not_shown,0,true
UIMARI,21,315AL,47,525,---,MARKER_TRIPLE_DASH,,0,selected_zero_not_shown,0,true
UIMARI,21,315AL,48,HS,---,MARKER_TRIPLE_DASH,,0,selected_zero_not_shown,0,true
UIMARI,21,315AL,49,ORE,---,MARKER_TRIPLE_DASH,,0,selected_zero_not_shown,0,true
UIMARI,21,315AL,50,532RL,14,NONZERO_INTEGER,14,14,numeric,14,true
UIMARI,21,315AL,51,5411,---,MARKER_TRIPLE_DASH,,0,selected_zero_not_shown,0,true
UIMARI,21,315AL,52,5415,---,MARKER_TRIPLE_DASH,,0,selected_zero_not_shown,0,true
UIMARI,21,315AL,53,5412OP,---,MARKER_TRIPLE_DASH,,0,selected_zero_not_shown,0,true
UIMARI,21,315AL,54,55,0,LITERAL_ZERO,0,0,numeric,0,true
UIMARI,21,315AL,55,561,0,LITERAL_ZERO,0,0,numeric,0,true
UIMARI,21,315AL,56,562,---,MARKER_TRIPLE_DASH,,0,selected_zero_not_shown,0,true
UIMARI,21,315AL,57,61,2,NONZERO_INTEGER,2,2,numeric,2,true
UIMARI,21,315AL,58,621,0,LITERAL_ZERO,0,0,numeric,0,true
UIMARI,21,315AL,59,622,3,NONZERO_INTEGER,3,3,numeric,3,true
UIMARI,21,315AL,60,623,---,MARKER_TRIPLE_DASH,,0,selected_zero_not_shown,0,true
UIMARI,21,315AL,61,624,5,NONZERO_INTEGER,5,5,numeric,5,true
UIMARI,21,315AL,62,711AS,13,NONZERO_INTEGER,13,13,numeric,13,true
UIMARI,21,315AL,63,713,14,NONZERO_INTEGER,14,14,numeric,14,true
UIMARI,21,315AL,64,721,3,NONZERO_INTEGER,3,3,numeric,3,true
UIMARI,21,315AL,65,722,3,NONZERO_INTEGER,3,3,numeric,3,true
UIMARI,21,315AL,66,81,112,NONZERO_INTEGER,112,112,numeric,112,true
UIMARI,21,315AL,67,GFGD,90,NONZERO_INTEGER,90,90,numeric,90,true
UIMARI,21,315AL,68,GFGN,15,NONZERO_INTEGER,15,15,numeric,15,true
UIMARI,21,315AL,69,GFE,7,NONZERO_INTEGER,7,7,numeric,7,true
UIMARI,21,315AL,70,GSLG,788,NONZERO_INTEGER,788,788,numeric,788,true
UIMARI,21,315AL,71,GSLE,---,MARKER_TRIPLE_DASH,,0,selected_zero_not_shown,0,true
UIMARI,21,315AL,72,T001,"2,380",NONZERO_INTEGER,2380,2380,numeric,2380,true
UIMARI,21,315AL,73,F010,"171,377",NONZERO_INTEGER,171377,171377,numeric,171377,true
UIMARI,21,315AL,74,F02S,---,MARKER_TRIPLE_DASH,,0,selected_zero_not_shown,0,true
UIMARI,21,315AL,75,F02E,---,MARKER_TRIPLE_DASH,,0,selected_zero_not_shown,0,true
UIMARI,21,315AL,76,F02N,---,MARKER_TRIPLE_DASH,,0,selected_zero_not_shown,0,true
UIMARI,21,315AL,77,F02R,---,MARKER_TRIPLE_DASH,,0,selected_zero_not_shown,0,true
UIMARI,21,315AL,78,F030,812,NONZERO_INTEGER,812,812,numeric,812,true
UIMARI,21,315AL,79,F040,---,MARKER_TRIPLE_DASH,,0,selected_zero_not_shown,0,true
UIMARI,21,315AL,80,F050,"-174,569",NONZERO_INTEGER,-174569,-174569,numeric,-174569,true
UIMARI,21,315AL,81,F06C,---,MARKER_TRIPLE_DASH,,0,selected_zero_not_shown,0,true
UIMARI,21,315AL,82,F06S,---,MARKER_TRIPLE_DASH,,0,selected_zero_not_shown,0,true
UIMARI,21,315AL,83,F06E,---,MARKER_TRIPLE_DASH,,0,selected_zero_not_shown,0,true
UIMARI,21,315AL,84,F06N,---,MARKER_TRIPLE_DASH,,0,selected_zero_not_shown,0,true
UIMARI,21,315AL,85,F07C,---,MARKER_TRIPLE_DASH,,0,selected_zero_not_shown,0,true
UIMARI,21,315AL,86,F07S,---,MARKER_TRIPLE_DASH,,0,selected_zero_not_shown,0,true
UIMARI,21,315AL,87,F07E,---,MARKER_TRIPLE_DASH,,0,selected_zero_not_shown,0,true
UIMARI,21,315AL,88,F07N,---,MARKER_TRIPLE_DASH,,0,selected_zero_not_shown,0,true
UIMARI,21,315AL,89,F10C,---,MARKER_TRIPLE_DASH,,0,selected_zero_not_shown,0,true
UIMARI,21,315AL,90,F10S,---,MARKER_TRIPLE_DASH,,0,selected_zero_not_shown,0,true
UIMARI,21,315AL,91,F10E,---,MARKER_TRIPLE_DASH,,0,selected_zero_not_shown,0,true
UIMARI,21,315AL,92,F10N,---,MARKER_TRIPLE_DASH,,0,selected_zero_not_shown,0,true
UIMARI,21,315AL,93,T004,"-2,380",NONZERO_INTEGER,-2380,-2380,numeric,-2380,true
UIMARI,22,322,1,111CA,255,NONZERO_INTEGER,255,255,numeric,255,true
UIMARI,22,322,2,113FF,---,MARKER_TRIPLE_DASH,,0,selected_zero_not_shown,0,true
UIMARI,22,322,3,211,10,NONZERO_INTEGER,10,10,numeric,10,true
UIMARI,22,322,4,212,19,NONZERO_INTEGER,19,19,numeric,19,true
UIMARI,22,322,5,213,4,NONZERO_INTEGER,4,4,numeric,4,true
UIMARI,22,322,6,22,1,NONZERO_INTEGER,1,1,numeric,1,true
UIMARI,22,322,7,23,634,NONZERO_INTEGER,634,634,numeric,634,true
UIMARI,22,322,8,321,56,NONZERO_INTEGER,56,56,numeric,56,true
UIMARI,22,322,9,327,112,NONZERO_INTEGER,112,112,numeric,112,true
UIMARI,22,322,10,331,66,NONZERO_INTEGER,66,66,numeric,66,true
UIMARI,22,322,11,332,91,NONZERO_INTEGER,91,91,numeric,91,true
UIMARI,22,322,12,333,86,NONZERO_INTEGER,86,86,numeric,86,true
UIMARI,22,322,13,334,20,NONZERO_INTEGER,20,20,numeric,20,true
UIMARI,22,322,14,335,135,NONZERO_INTEGER,135,135,numeric,135,true
UIMARI,22,322,15,3361MV,236,NONZERO_INTEGER,236,236,numeric,236,true
UIMARI,22,322,16,3364OT,17,NONZERO_INTEGER,17,17,numeric,17,true
UIMARI,22,322,17,337,62,NONZERO_INTEGER,62,62,numeric,62,true
UIMARI,22,322,18,339,108,NONZERO_INTEGER,108,108,numeric,108,true
UIMARI,22,322,19,311FT,"3,602",NONZERO_INTEGER,3602,3602,numeric,3602,true
UIMARI,22,322,20,313TT,25,NONZERO_INTEGER,25,25,numeric,25,true
UIMARI,22,322,21,315AL,0,LITERAL_ZERO,0,0,numeric,0,true
UIMARI,22,322,22,322,"10,108",NONZERO_INTEGER,10108,10108,numeric,10108,true
UIMARI,22,322,23,323,"2,382",NONZERO_INTEGER,2382,2382,numeric,2382,true
UIMARI,22,322,24,324,23,NONZERO_INTEGER,23,23,numeric,23,true
UIMARI,22,322,25,325,386,NONZERO_INTEGER,386,386,numeric,386,true
UIMARI,22,322,26,326,502,NONZERO_INTEGER,502,502,numeric,502,true
UIMARI,22,322,27,42,"1,697",NONZERO_INTEGER,1697,1697,numeric,1697,true
UIMARI,22,322,28,441,30,NONZERO_INTEGER,30,30,numeric,30,true
UIMARI,22,322,29,445,148,NONZERO_INTEGER,148,148,numeric,148,true
UIMARI,22,322,30,452,30,NONZERO_INTEGER,30,30,numeric,30,true
UIMARI,22,322,31,4A0,304,NONZERO_INTEGER,304,304,numeric,304,true
UIMARI,22,322,32,481,2,NONZERO_INTEGER,2,2,numeric,2,true
UIMARI,22,322,33,482,5,NONZERO_INTEGER,5,5,numeric,5,true
UIMARI,22,322,34,483,0,LITERAL_ZERO,0,0,numeric,0,true
UIMARI,22,322,35,484,12,NONZERO_INTEGER,12,12,numeric,12,true
UIMARI,22,322,36,485,230,NONZERO_INTEGER,230,230,numeric,230,true
UIMARI,22,322,37,486,3,NONZERO_INTEGER,3,3,numeric,3,true
UIMARI,22,322,38,487OS,107,NONZERO_INTEGER,107,107,numeric,107,true
UIMARI,22,322,39,493,17,NONZERO_INTEGER,17,17,numeric,17,true
UIMARI,22,322,40,511,75,NONZERO_INTEGER,75,75,numeric,75,true
UIMARI,22,322,41,512,4,NONZERO_INTEGER,4,4,numeric,4,true
UIMARI,22,322,42,513,13,NONZERO_INTEGER,13,13,numeric,13,true
UIMARI,22,322,43,514,26,NONZERO_INTEGER,26,26,numeric,26,true
UIMARI,22,322,44,521CI,75,NONZERO_INTEGER,75,75,numeric,75,true
UIMARI,22,322,45,523,34,NONZERO_INTEGER,34,34,numeric,34,true
UIMARI,22,322,46,524,152,NONZERO_INTEGER,152,152,numeric,152,true
UIMARI,22,322,47,525,0,LITERAL_ZERO,0,0,numeric,0,true
UIMARI,22,322,48,HS,0,LITERAL_ZERO,0,0,numeric,0,true
UIMARI,22,322,49,ORE,91,NONZERO_INTEGER,91,91,numeric,91,true
UIMARI,22,322,50,532RL,97,NONZERO_INTEGER,97,97,numeric,97,true
UIMARI,22,322,51,5411,15,NONZERO_INTEGER,15,15,numeric,15,true
UIMARI,22,322,52,5415,36,NONZERO_INTEGER,36,36,numeric,36,true
UIMARI,22,322,53,5412OP,262,NONZERO_INTEGER,262,262,numeric,262,true
UIMARI,22,322,54,55,78,NONZERO_INTEGER,78,78,numeric,78,true
UIMARI,22,322,55,561,396,NONZERO_INTEGER,396,396,numeric,396,true
UIMARI,22,322,56,562,38,NONZERO_INTEGER,38,38,numeric,38,true
UIMARI,22,322,57,61,48,NONZERO_INTEGER,48,48,numeric,48,true
UIMARI,22,322,58,621,152,NONZERO_INTEGER,152,152,numeric,152,true
UIMARI,22,322,59,622,235,NONZERO_INTEGER,235,235,numeric,235,true
UIMARI,22,322,60,623,128,NONZERO_INTEGER,128,128,numeric,128,true
UIMARI,22,322,61,624,126,NONZERO_INTEGER,126,126,numeric,126,true
UIMARI,22,322,62,711AS,3,NONZERO_INTEGER,3,3,numeric,3,true
UIMARI,22,322,63,713,19,NONZERO_INTEGER,19,19,numeric,19,true
UIMARI,22,322,64,721,564,NONZERO_INTEGER,564,564,numeric,564,true
UIMARI,22,322,65,722,908,NONZERO_INTEGER,908,908,numeric,908,true
UIMARI,22,322,66,81,87,NONZERO_INTEGER,87,87,numeric,87,true
UIMARI,22,322,67,GFGD,56,NONZERO_INTEGER,56,56,numeric,56,true
UIMARI,22,322,68,GFGN,317,NONZERO_INTEGER,317,317,numeric,317,true
UIMARI,22,322,69,GFE,7,NONZERO_INTEGER,7,7,numeric,7,true
UIMARI,22,322,70,GSLG,"2,030",NONZERO_INTEGER,2030,2030,numeric,2030,true
UIMARI,22,322,71,GSLE,11,NONZERO_INTEGER,11,11,numeric,11,true
UIMARI,22,322,72,T001,"27,610",NONZERO_INTEGER,27610,27610,numeric,27610,true
UIMARI,22,322,73,F010,"3,327",NONZERO_INTEGER,3327,3327,numeric,3327,true
UIMARI,22,322,74,F02S,---,MARKER_TRIPLE_DASH,,0,selected_zero_not_shown,0,true
UIMARI,22,322,75,F02E,---,MARKER_TRIPLE_DASH,,0,selected_zero_not_shown,0,true
UIMARI,22,322,76,F02N,---,MARKER_TRIPLE_DASH,,0,selected_zero_not_shown,0,true
UIMARI,22,322,77,F02R,---,MARKER_TRIPLE_DASH,,0,selected_zero_not_shown,0,true
UIMARI,22,322,78,F030,57,NONZERO_INTEGER,57,57,numeric,57,true
UIMARI,22,322,79,F040,---,MARKER_TRIPLE_DASH,,0,selected_zero_not_shown,0,true
UIMARI,22,322,80,F050,"-30,995",NONZERO_INTEGER,-30995,-30995,numeric,-30995,true
UIMARI,22,322,81,F06C,---,MARKER_TRIPLE_DASH,,0,selected_zero_not_shown,0,true
UIMARI,22,322,82,F06S,---,MARKER_TRIPLE_DASH,,0,selected_zero_not_shown,0,true
UIMARI,22,322,83,F06E,---,MARKER_TRIPLE_DASH,,0,selected_zero_not_shown,0,true
UIMARI,22,322,84,F06N,---,MARKER_TRIPLE_DASH,,0,selected_zero_not_shown,0,true
UIMARI,22,322,85,F07C,---,MARKER_TRIPLE_DASH,,0,selected_zero_not_shown,0,true
UIMARI,22,322,86,F07S,---,MARKER_TRIPLE_DASH,,0,selected_zero_not_shown,0,true
UIMARI,22,322,87,F07E,---,MARKER_TRIPLE_DASH,,0,selected_zero_not_shown,0,true
UIMARI,22,322,88,F07N,---,MARKER_TRIPLE_DASH,,0,selected_zero_not_shown,0,true
UIMARI,22,322,89,F10C,---,MARKER_TRIPLE_DASH,,0,selected_zero_not_shown,0,true
UIMARI,22,322,90,F10S,---,MARKER_TRIPLE_DASH,,0,selected_zero_not_shown,0,true
UIMARI,22,322,91,F10E,---,MARKER_TRIPLE_DASH,,0,selected_zero_not_shown,0,true
UIMARI,22,322,92,F10N,---,MARKER_TRIPLE_DASH,,0,selected_zero_not_shown,0,true
UIMARI,22,322,93,T004,"-27,610",NONZERO_INTEGER,-27610,-27610,numeric,-27610,true
UIMARI,23,323,1,111CA,0,LITERAL_ZERO,0,0,numeric,0,true
UIMARI,23,323,2,113FF,---,MARKER_TRIPLE_DASH,,0,selected_zero_not_shown,0,true
UIMARI,23,323,3,211,0,LITERAL_ZERO,0,0,numeric,0,true
UIMARI,23,323,4,212,0,LITERAL_ZERO,0,0,numeric,0,true
UIMARI,23,323,5,213,---,MARKER_TRIPLE_DASH,,0,selected_zero_not_shown,0,true
UIMARI,23,323,6,22,1,NONZERO_INTEGER,1,1,numeric,1,true
UIMARI,23,323,7,23,15,NONZERO_INTEGER,15,15,numeric,15,true
UIMARI,23,323,8,321,---,MARKER_TRIPLE_DASH,,0,selected_zero_not_shown,0,true
UIMARI,23,323,9,327,---,MARKER_TRIPLE_DASH,,0,selected_zero_not_shown,0,true
UIMARI,23,323,10,331,---,MARKER_TRIPLE_DASH,,0,selected_zero_not_shown,0,true
UIMARI,23,323,11,332,2,NONZERO_INTEGER,2,2,numeric,2,true
UIMARI,23,323,12,333,0,LITERAL_ZERO,0,0,numeric,0,true
UIMARI,23,323,13,334,---,MARKER_TRIPLE_DASH,,0,selected_zero_not_shown,0,true
UIMARI,23,323,14,335,0,LITERAL_ZERO,0,0,numeric,0,true
UIMARI,23,323,15,3361MV,---,MARKER_TRIPLE_DASH,,0,selected_zero_not_shown,0,true
UIMARI,23,323,16,3364OT,---,MARKER_TRIPLE_DASH,,0,selected_zero_not_shown,0,true
UIMARI,23,323,17,337,---,MARKER_TRIPLE_DASH,,0,selected_zero_not_shown,0,true
UIMARI,23,323,18,339,---,MARKER_TRIPLE_DASH,,0,selected_zero_not_shown,0,true
UIMARI,23,323,19,311FT,3,NONZERO_INTEGER,3,3,numeric,3,true
UIMARI,23,323,20,313TT,---,MARKER_TRIPLE_DASH,,0,selected_zero_not_shown,0,true
UIMARI,23,323,21,315AL,0,LITERAL_ZERO,0,0,numeric,0,true
UIMARI,23,323,22,322,---,MARKER_TRIPLE_DASH,,0,selected_zero_not_shown,0,true
UIMARI,23,323,23,323,32,NONZERO_INTEGER,32,32,numeric,32,true
UIMARI,23,323,24,324,---,MARKER_TRIPLE_DASH,,0,selected_zero_not_shown,0,true
UIMARI,23,323,25,325,5,NONZERO_INTEGER,5,5,numeric,5,true
UIMARI,23,323,26,326,---,MARKER_TRIPLE_DASH,,0,selected_zero_not_shown,0,true
UIMARI,23,323,27,42,170,NONZERO_INTEGER,170,170,numeric,170,true
UIMARI,23,323,28,441,5,NONZERO_INTEGER,5,5,numeric,5,true
UIMARI,23,323,29,445,5,NONZERO_INTEGER,5,5,numeric,5,true
UIMARI,23,323,30,452,3,NONZERO_INTEGER,3,3,numeric,3,true
UIMARI,23,323,31,4A0,209,NONZERO_INTEGER,209,209,numeric,209,true
UIMARI,23,323,32,481,---,MARKER_TRIPLE_DASH,,0,selected_zero_not_shown,0,true
UIMARI,23,323,33,482,0,LITERAL_ZERO,0,0,numeric,0,true
UIMARI,23,323,34,483,---,MARKER_TRIPLE_DASH,,0,selected_zero_not_shown,0,true
UIMARI,23,323,35,484,3,NONZERO_INTEGER,3,3,numeric,3,true
UIMARI,23,323,36,485,0,LITERAL_ZERO,0,0,numeric,0,true
UIMARI,23,323,37,486,1,NONZERO_INTEGER,1,1,numeric,1,true
UIMARI,23,323,38,487OS,2,NONZERO_INTEGER,2,2,numeric,2,true
UIMARI,23,323,39,493,1,NONZERO_INTEGER,1,1,numeric,1,true
UIMARI,23,323,40,511,38,NONZERO_INTEGER,38,38,numeric,38,true
UIMARI,23,323,41,512,9,NONZERO_INTEGER,9,9,numeric,9,true
UIMARI,23,323,42,513,67,NONZERO_INTEGER,67,67,numeric,67,true
UIMARI,23,323,43,514,84,NONZERO_INTEGER,84,84,numeric,84,true
UIMARI,23,323,44,521CI,32,NONZERO_INTEGER,32,32,numeric,32,true
UIMARI,23,323,45,523,90,NONZERO_INTEGER,90,90,numeric,90,true
UIMARI,23,323,46,524,124,NONZERO_INTEGER,124,124,numeric,124,true
UIMARI,23,323,47,525,---,MARKER_TRIPLE_DASH,,0,selected_zero_not_shown,0,true
UIMARI,23,323,48,HS,---,MARKER_TRIPLE_DASH,,0,selected_zero_not_shown,0,true
UIMARI,23,323,49,ORE,17,NONZERO_INTEGER,17,17,numeric,17,true
UIMARI,23,323,50,532RL,5,NONZERO_INTEGER,5,5,numeric,5,true
UIMARI,23,323,51,5411,4,NONZERO_INTEGER,4,4,numeric,4,true
UIMARI,23,323,52,5415,7,NONZERO_INTEGER,7,7,numeric,7,true
UIMARI,23,323,53,5412OP,91,NONZERO_INTEGER,91,91,numeric,91,true
UIMARI,23,323,54,55,8,NONZERO_INTEGER,8,8,numeric,8,true
UIMARI,23,323,55,561,581,NONZERO_INTEGER,581,581,numeric,581,true
UIMARI,23,323,56,562,0,LITERAL_ZERO,0,0,numeric,0,true
UIMARI,23,323,57,61,10,NONZERO_INTEGER,10,10,numeric,10,true
UIMARI,23,323,58,621,42,NONZERO_INTEGER,42,42,numeric,42,true
UIMARI,23,323,59,622,87,NONZERO_INTEGER,87,87,numeric,87,true
UIMARI,23,323,60,623,2,NONZERO_INTEGER,2,2,numeric,2,true
UIMARI,23,323,61,624,36,NONZERO_INTEGER,36,36,numeric,36,true
UIMARI,23,323,62,711AS,21,NONZERO_INTEGER,21,21,numeric,21,true
UIMARI,23,323,63,713,3,NONZERO_INTEGER,3,3,numeric,3,true
UIMARI,23,323,64,721,330,NONZERO_INTEGER,330,330,numeric,330,true
UIMARI,23,323,65,722,71,NONZERO_INTEGER,71,71,numeric,71,true
UIMARI,23,323,66,81,33,NONZERO_INTEGER,33,33,numeric,33,true
UIMARI,23,323,67,GFGD,86,NONZERO_INTEGER,86,86,numeric,86,true
UIMARI,23,323,68,GFGN,116,NONZERO_INTEGER,116,116,numeric,116,true
UIMARI,23,323,69,GFE,---,MARKER_TRIPLE_DASH,,0,selected_zero_not_shown,0,true
UIMARI,23,323,70,GSLG,479,NONZERO_INTEGER,479,479,numeric,479,true
UIMARI,23,323,71,GSLE,9,NONZERO_INTEGER,9,9,numeric,9,true
UIMARI,23,323,72,T001,"2,940",NONZERO_INTEGER,2940,2940,numeric,2940,true
UIMARI,23,323,73,F010,499,NONZERO_INTEGER,499,499,numeric,499,true
UIMARI,23,323,74,F02S,---,MARKER_TRIPLE_DASH,,0,selected_zero_not_shown,0,true
UIMARI,23,323,75,F02E,---,MARKER_TRIPLE_DASH,,0,selected_zero_not_shown,0,true
UIMARI,23,323,76,F02N,---,MARKER_TRIPLE_DASH,,0,selected_zero_not_shown,0,true
UIMARI,23,323,77,F02R,---,MARKER_TRIPLE_DASH,,0,selected_zero_not_shown,0,true
UIMARI,23,323,78,F030,-14,NONZERO_INTEGER,-14,-14,numeric,-14,true
UIMARI,23,323,79,F040,---,MARKER_TRIPLE_DASH,,0,selected_zero_not_shown,0,true
UIMARI,23,323,80,F050,"-3,425",NONZERO_INTEGER,-3425,-3425,numeric,-3425,true
UIMARI,23,323,81,F06C,---,MARKER_TRIPLE_DASH,,0,selected_zero_not_shown,0,true
UIMARI,23,323,82,F06S,---,MARKER_TRIPLE_DASH,,0,selected_zero_not_shown,0,true
UIMARI,23,323,83,F06E,---,MARKER_TRIPLE_DASH,,0,selected_zero_not_shown,0,true
UIMARI,23,323,84,F06N,---,MARKER_TRIPLE_DASH,,0,selected_zero_not_shown,0,true
UIMARI,23,323,85,F07C,---,MARKER_TRIPLE_DASH,,0,selected_zero_not_shown,0,true
UIMARI,23,323,86,F07S,---,MARKER_TRIPLE_DASH,,0,selected_zero_not_shown,0,true
UIMARI,23,323,87,F07E,---,MARKER_TRIPLE_DASH,,0,selected_zero_not_shown,0,true
UIMARI,23,323,88,F07N,---,MARKER_TRIPLE_DASH,,0,selected_zero_not_shown,0,true
UIMARI,23,323,89,F10C,---,MARKER_TRIPLE_DASH,,0,selected_zero_not_shown,0,true
UIMARI,23,323,90,F10S,---,MARKER_TRIPLE_DASH,,0,selected_zero_not_shown,0,true
UIMARI,23,323,91,F10E,---,MARKER_TRIPLE_DASH,,0,selected_zero_not_shown,0,true
UIMARI,23,323,92,F10N,---,MARKER_TRIPLE_DASH,,0,selected_zero_not_shown,0,true
UIMARI,23,323,93,T004,"-2,940",NONZERO_INTEGER,-2940,-2940,numeric,-2940,true
UIMARI,24,324,1,111CA,"1,491",NONZERO_INTEGER,1491,1491,numeric,1491,true
UIMARI,24,324,2,113FF,23,NONZERO_INTEGER,23,23,numeric,23,true
UIMARI,24,324,3,211,309,NONZERO_INTEGER,309,309,numeric,309,true
UIMARI,24,324,4,212,305,NONZERO_INTEGER,305,305,numeric,305,true
UIMARI,24,324,5,213,91,NONZERO_INTEGER,91,91,numeric,91,true
UIMARI,24,324,6,22,"4,633",NONZERO_INTEGER,4633,4633,numeric,4633,true
UIMARI,24,324,7,23,"2,437",NONZERO_INTEGER,2437,2437,numeric,2437,true
UIMARI,24,324,8,321,72,NONZERO_INTEGER,72,72,numeric,72,true
UIMARI,24,324,9,327,51,NONZERO_INTEGER,51,51,numeric,51,true
UIMARI,24,324,10,331,721,NONZERO_INTEGER,721,721,numeric,721,true
UIMARI,24,324,11,332,152,NONZERO_INTEGER,152,152,numeric,152,true
UIMARI,24,324,12,333,551,NONZERO_INTEGER,551,551,numeric,551,true
UIMARI,24,324,13,334,101,NONZERO_INTEGER,101,101,numeric,101,true
UIMARI,24,324,14,335,37,NONZERO_INTEGER,37,37,numeric,37,true
UIMARI,24,324,15,3361MV,20,NONZERO_INTEGER,20,20,numeric,20,true
UIMARI,24,324,16,3364OT,16,NONZERO_INTEGER,16,16,numeric,16,true
UIMARI,24,324,17,337,6,NONZERO_INTEGER,6,6,numeric,6,true
UIMARI,24,324,18,339,6,NONZERO_INTEGER,6,6,numeric,6,true
UIMARI,24,324,19,311FT,415,NONZERO_INTEGER,415,415,numeric,415,true
UIMARI,24,324,20,313TT,6,NONZERO_INTEGER,6,6,numeric,6,true
UIMARI,24,324,21,315AL,0,LITERAL_ZERO,0,0,numeric,0,true
UIMARI,24,324,22,322,307,NONZERO_INTEGER,307,307,numeric,307,true
UIMARI,24,324,23,323,217,NONZERO_INTEGER,217,217,numeric,217,true
UIMARI,24,324,24,324,"3,242",NONZERO_INTEGER,3242,3242,numeric,3242,true
UIMARI,24,324,25,325,"3,061",NONZERO_INTEGER,3061,3061,numeric,3061,true
UIMARI,24,324,26,326,87,NONZERO_INTEGER,87,87,numeric,87,true
UIMARI,24,324,27,42,305,NONZERO_INTEGER,305,305,numeric,305,true
UIMARI,24,324,28,441,82,NONZERO_INTEGER,82,82,numeric,82,true
UIMARI,24,324,29,445,28,NONZERO_INTEGER,28,28,numeric,28,true
UIMARI,24,324,30,452,16,NONZERO_INTEGER,16,16,numeric,16,true
UIMARI,24,324,31,4A0,111,NONZERO_INTEGER,111,111,numeric,111,true
UIMARI,24,324,32,481,"8,135",NONZERO_INTEGER,8135,8135,numeric,8135,true
UIMARI,24,324,33,482,765,NONZERO_INTEGER,765,765,numeric,765,true
UIMARI,24,324,34,483,"1,471",NONZERO_INTEGER,1471,1471,numeric,1471,true
UIMARI,24,324,35,484,"1,596",NONZERO_INTEGER,1596,1596,numeric,1596,true
UIMARI,24,324,36,485,141,NONZERO_INTEGER,141,141,numeric,141,true
UIMARI,24,324,37,486,18,NONZERO_INTEGER,18,18,numeric,18,true
UIMARI,24,324,38,487OS,"1,333",NONZERO_INTEGER,1333,1333,numeric,1333,true
UIMARI,24,324,39,493,415,NONZERO_INTEGER,415,415,numeric,415,true
UIMARI,24,324,40,511,27,NONZERO_INTEGER,27,27,numeric,27,true
UIMARI,24,324,41,512,5,NONZERO_INTEGER,5,5,numeric,5,true
UIMARI,24,324,42,513,53,NONZERO_INTEGER,53,53,numeric,53,true
UIMARI,24,324,43,514,19,NONZERO_INTEGER,19,19,numeric,19,true
UIMARI,24,324,44,521CI,104,NONZERO_INTEGER,104,104,numeric,104,true
UIMARI,24,324,45,523,127,NONZERO_INTEGER,127,127,numeric,127,true
UIMARI,24,324,46,524,3,NONZERO_INTEGER,3,3,numeric,3,true
UIMARI,24,324,47,525,57,NONZERO_INTEGER,57,57,numeric,57,true
UIMARI,24,324,48,HS,1,NONZERO_INTEGER,1,1,numeric,1,true
UIMARI,24,324,49,ORE,125,NONZERO_INTEGER,125,125,numeric,125,true
UIMARI,24,324,50,532RL,68,NONZERO_INTEGER,68,68,numeric,68,true
UIMARI,24,324,51,5411,3,NONZERO_INTEGER,3,3,numeric,3,true
UIMARI,24,324,52,5415,39,NONZERO_INTEGER,39,39,numeric,39,true
UIMARI,24,324,53,5412OP,164,NONZERO_INTEGER,164,164,numeric,164,true
UIMARI,24,324,54,55,88,NONZERO_INTEGER,88,88,numeric,88,true
UIMARI,24,324,55,561,570,NONZERO_INTEGER,570,570,numeric,570,true
UIMARI,24,324,56,562,483,NONZERO_INTEGER,483,483,numeric,483,true
UIMARI,24,324,57,61,264,NONZERO_INTEGER,264,264,numeric,264,true
UIMARI,24,324,58,621,204,NONZERO_INTEGER,204,204,numeric,204,true
UIMARI,24,324,59,622,169,NONZERO_INTEGER,169,169,numeric,169,true
UIMARI,24,324,60,623,88,NONZERO_INTEGER,88,88,numeric,88,true
UIMARI,24,324,61,624,52,NONZERO_INTEGER,52,52,numeric,52,true
UIMARI,24,324,62,711AS,51,NONZERO_INTEGER,51,51,numeric,51,true
UIMARI,24,324,63,713,57,NONZERO_INTEGER,57,57,numeric,57,true
UIMARI,24,324,64,721,106,NONZERO_INTEGER,106,106,numeric,106,true
UIMARI,24,324,65,722,600,NONZERO_INTEGER,600,600,numeric,600,true
UIMARI,24,324,66,81,262,NONZERO_INTEGER,262,262,numeric,262,true
UIMARI,24,324,67,GFGD,"2,919",NONZERO_INTEGER,2919,2919,numeric,2919,true
UIMARI,24,324,68,GFGN,221,NONZERO_INTEGER,221,221,numeric,221,true
UIMARI,24,324,69,GFE,95,NONZERO_INTEGER,95,95,numeric,95,true
UIMARI,24,324,70,GSLG,"15,358",NONZERO_INTEGER,15358,15358,numeric,15358,true
UIMARI,24,324,71,GSLE,"4,008",NONZERO_INTEGER,4008,4008,numeric,4008,true
UIMARI,24,324,72,T001,"59,164",NONZERO_INTEGER,59164,59164,numeric,59164,true
UIMARI,24,324,73,F010,"11,928",NONZERO_INTEGER,11928,11928,numeric,11928,true
UIMARI,24,324,74,F02S,---,MARKER_TRIPLE_DASH,,0,selected_zero_not_shown,0,true
UIMARI,24,324,75,F02E,---,MARKER_TRIPLE_DASH,,0,selected_zero_not_shown,0,true
UIMARI,24,324,76,F02N,---,MARKER_TRIPLE_DASH,,0,selected_zero_not_shown,0,true
UIMARI,24,324,77,F02R,---,MARKER_TRIPLE_DASH,,0,selected_zero_not_shown,0,true
UIMARI,24,324,78,F030,450,NONZERO_INTEGER,450,450,numeric,450,true
UIMARI,24,324,79,F040,---,MARKER_TRIPLE_DASH,,0,selected_zero_not_shown,0,true
UIMARI,24,324,80,F050,"-71,542",NONZERO_INTEGER,-71542,-71542,numeric,-71542,true
UIMARI,24,324,81,F06C,---,MARKER_TRIPLE_DASH,,0,selected_zero_not_shown,0,true
UIMARI,24,324,82,F06S,---,MARKER_TRIPLE_DASH,,0,selected_zero_not_shown,0,true
UIMARI,24,324,83,F06E,---,MARKER_TRIPLE_DASH,,0,selected_zero_not_shown,0,true
UIMARI,24,324,84,F06N,---,MARKER_TRIPLE_DASH,,0,selected_zero_not_shown,0,true
UIMARI,24,324,85,F07C,---,MARKER_TRIPLE_DASH,,0,selected_zero_not_shown,0,true
UIMARI,24,324,86,F07S,---,MARKER_TRIPLE_DASH,,0,selected_zero_not_shown,0,true
UIMARI,24,324,87,F07E,---,MARKER_TRIPLE_DASH,,0,selected_zero_not_shown,0,true
UIMARI,24,324,88,F07N,---,MARKER_TRIPLE_DASH,,0,selected_zero_not_shown,0,true
UIMARI,24,324,89,F10C,---,MARKER_TRIPLE_DASH,,0,selected_zero_not_shown,0,true
UIMARI,24,324,90,F10S,---,MARKER_TRIPLE_DASH,,0,selected_zero_not_shown,0,true
UIMARI,24,324,91,F10E,---,MARKER_TRIPLE_DASH,,0,selected_zero_not_shown,0,true
UIMARI,24,324,92,F10N,---,MARKER_TRIPLE_DASH,,0,selected_zero_not_shown,0,true
UIMARI,24,324,93,T004,"-59,164",NONZERO_INTEGER,-59164,-59164,numeric,-59164,true
UIMARI,25,325,1,111CA,"4,126",NONZERO_INTEGER,4126,4126,numeric,4126,true
UIMARI,25,325,2,113FF,296,NONZERO_INTEGER,296,296,numeric,296,true
UIMARI,25,325,3,211,"2,234",NONZERO_INTEGER,2234,2234,numeric,2234,true
UIMARI,25,325,4,212,485,NONZERO_INTEGER,485,485,numeric,485,true
UIMARI,25,325,5,213,478,NONZERO_INTEGER,478,478,numeric,478,true
UIMARI,25,325,6,22,74,NONZERO_INTEGER,74,74,numeric,74,true
UIMARI,25,325,7,23,"3,403",NONZERO_INTEGER,3403,3403,numeric,3403,true
UIMARI,25,325,8,321,484,NONZERO_INTEGER,484,484,numeric,484,true
UIMARI,25,325,9,327,"1,191",NONZERO_INTEGER,1191,1191,numeric,1191,true
UIMARI,25,325,10,331,425,NONZERO_INTEGER,425,425,numeric,425,true
UIMARI,25,325,11,332,"2,405",NONZERO_INTEGER,2405,2405,numeric,2405,true
UIMARI,25,325,12,333,272,NONZERO_INTEGER,272,272,numeric,272,true
UIMARI,25,325,13,334,282,NONZERO_INTEGER,282,282,numeric,282,true
UIMARI,25,325,14,335,732,NONZERO_INTEGER,732,732,numeric,732,true
UIMARI,25,325,15,3361MV,"1,597",NONZERO_INTEGER,1597,1597,numeric,1597,true
UIMARI,25,325,16,3364OT,245,NONZERO_INTEGER,245,245,numeric,245,true
UIMARI,25,325,17,337,193,NONZERO_INTEGER,193,193,numeric,193,true
UIMARI,25,325,18,339,"1,169",NONZERO_INTEGER,1169,1169,numeric,1169,true
UIMARI,25,325,19,311FT,"2,622",NONZERO_INTEGER,2622,2622,numeric,2622,true
UIMARI,25,325,20,313TT,"2,266",NONZERO_INTEGER,2266,2266,numeric,2266,true
UIMARI,25,325,21,315AL,16,NONZERO_INTEGER,16,16,numeric,16,true
UIMARI,25,325,22,322,"1,886",NONZERO_INTEGER,1886,1886,numeric,1886,true
UIMARI,25,325,23,323,316,NONZERO_INTEGER,316,316,numeric,316,true
UIMARI,25,325,24,324,"1,870",NONZERO_INTEGER,1870,1870,numeric,1870,true
UIMARI,25,325,25,325,"67,922",NONZERO_INTEGER,67922,67922,numeric,67922,true
UIMARI,25,325,26,326,"16,707",NONZERO_INTEGER,16707,16707,numeric,16707,true
UIMARI,25,325,27,42,670,NONZERO_INTEGER,670,670,numeric,670,true
UIMARI,25,325,28,441,24,NONZERO_INTEGER,24,24,numeric,24,true
UIMARI,25,325,29,445,11,NONZERO_INTEGER,11,11,numeric,11,true
UIMARI,25,325,30,452,9,NONZERO_INTEGER,9,9,numeric,9,true
UIMARI,25,325,31,4A0,37,NONZERO_INTEGER,37,37,numeric,37,true
UIMARI,25,325,32,481,---,MARKER_TRIPLE_DASH,,0,selected_zero_not_shown,0,true
UIMARI,25,325,33,482,11,NONZERO_INTEGER,11,11,numeric,11,true
UIMARI,25,325,34,483,1,NONZERO_INTEGER,1,1,numeric,1,true
UIMARI,25,325,35,484,45,NONZERO_INTEGER,45,45,numeric,45,true
UIMARI,25,325,36,485,0,LITERAL_ZERO,0,0,numeric,0,true
UIMARI,25,325,37,486,0,LITERAL_ZERO,0,0,numeric,0,true
UIMARI,25,325,38,487OS,10,NONZERO_INTEGER,10,10,numeric,10,true
UIMARI,25,325,39,493,49,NONZERO_INTEGER,49,49,numeric,49,true
UIMARI,25,325,40,511,11,NONZERO_INTEGER,11,11,numeric,11,true
UIMARI,25,325,41,512,77,NONZERO_INTEGER,77,77,numeric,77,true
UIMARI,25,325,42,513,242,NONZERO_INTEGER,242,242,numeric,242,true
UIMARI,25,325,43,514,137,NONZERO_INTEGER,137,137,numeric,137,true
UIMARI,25,325,44,521CI,16,NONZERO_INTEGER,16,16,numeric,16,true
UIMARI,25,325,45,523,38,NONZERO_INTEGER,38,38,numeric,38,true
UIMARI,25,325,46,524,16,NONZERO_INTEGER,16,16,numeric,16,true
UIMARI,25,325,47,525,---,MARKER_TRIPLE_DASH,,0,selected_zero_not_shown,0,true
UIMARI,25,325,48,HS,71,NONZERO_INTEGER,71,71,numeric,71,true
UIMARI,25,325,49,ORE,"5,184",NONZERO_INTEGER,5184,5184,numeric,5184,true
UIMARI,25,325,50,532RL,9,NONZERO_INTEGER,9,9,numeric,9,true
UIMARI,25,325,51,5411,18,NONZERO_INTEGER,18,18,numeric,18,true
UIMARI,25,325,52,5415,49,NONZERO_INTEGER,49,49,numeric,49,true
UIMARI,25,325,53,5412OP,"56,197",NONZERO_INTEGER,56197,56197,numeric,56197,true
UIMARI,25,325,54,55,"4,007",NONZERO_INTEGER,4007,4007,numeric,4007,true
UIMARI,25,325,55,561,"2,471",NONZERO_INTEGER,2471,2471,numeric,2471,true
UIMARI,25,325,56,562,407,NONZERO_INTEGER,407,407,numeric,407,true
UIMARI,25,325,57,61,227,NONZERO_INTEGER,227,227,numeric,227,true
UIMARI,25,325,58,621,"18,724",NONZERO_INTEGER,18724,18724,numeric,18724,true
UIMARI,25,325,59,622,473,NONZERO_INTEGER,473,473,numeric,473,true
UIMARI,25,325,60,623,127,NONZERO_INTEGER,127,127,numeric,127,true
UIMARI,25,325,61,624,72,NONZERO_INTEGER,72,72,numeric,72,true
UIMARI,25,325,62,711AS,3,NONZERO_INTEGER,3,3,numeric,3,true
UIMARI,25,325,63,713,102,NONZERO_INTEGER,102,102,numeric,102,true
UIMARI,25,325,64,721,15,NONZERO_INTEGER,15,15,numeric,15,true
UIMARI,25,325,65,722,856,NONZERO_INTEGER,856,856,numeric,856,true
UIMARI,25,325,66,81,"1,069",NONZERO_INTEGER,1069,1069,numeric,1069,true
UIMARI,25,325,67,GFGD,"3,187",NONZERO_INTEGER,3187,3187,numeric,3187,true
UIMARI,25,325,68,GFGN,"1,220",NONZERO_INTEGER,1220,1220,numeric,1220,true
UIMARI,25,325,69,GFE,21,NONZERO_INTEGER,21,21,numeric,21,true
UIMARI,25,325,70,GSLG,"14,390",NONZERO_INTEGER,14390,14390,numeric,14390,true
UIMARI,25,325,71,GSLE,326,NONZERO_INTEGER,326,326,numeric,326,true
UIMARI,25,325,72,T001,"224,328",NONZERO_INTEGER,224328,224328,numeric,224328,true
UIMARI,25,325,73,F010,"150,857",NONZERO_INTEGER,150857,150857,numeric,150857,true
UIMARI,25,325,74,F02S,---,MARKER_TRIPLE_DASH,,0,selected_zero_not_shown,0,true
UIMARI,25,325,75,F02E,"3,362",NONZERO_INTEGER,3362,3362,numeric,3362,true
UIMARI,25,325,76,F02N,---,MARKER_TRIPLE_DASH,,0,selected_zero_not_shown,0,true
UIMARI,25,325,77,F02R,---,MARKER_TRIPLE_DASH,,0,selected_zero_not_shown,0,true
UIMARI,25,325,78,F030,420,NONZERO_INTEGER,420,420,numeric,420,true
UIMARI,25,325,79,F040,---,MARKER_TRIPLE_DASH,,0,selected_zero_not_shown,0,true
UIMARI,25,325,80,F050,"-378,967",NONZERO_INTEGER,-378967,-378967,numeric,-378967,true
UIMARI,25,325,81,F06C,---,MARKER_TRIPLE_DASH,,0,selected_zero_not_shown,0,true
UIMARI,25,325,82,F06S,---,MARKER_TRIPLE_DASH,,0,selected_zero_not_shown,0,true
UIMARI,25,325,83,F06E,---,MARKER_TRIPLE_DASH,,0,selected_zero_not_shown,0,true
UIMARI,25,325,84,F06N,---,MARKER_TRIPLE_DASH,,0,selected_zero_not_shown,0,true
UIMARI,25,325,85,F07C,---,MARKER_TRIPLE_DASH,,0,selected_zero_not_shown,0,true
UIMARI,25,325,86,F07S,---,MARKER_TRIPLE_DASH,,0,selected_zero_not_shown,0,true
UIMARI,25,325,87,F07E,---,MARKER_TRIPLE_DASH,,0,selected_zero_not_shown,0,true
UIMARI,25,325,88,F07N,---,MARKER_TRIPLE_DASH,,0,selected_zero_not_shown,0,true
UIMARI,25,325,89,F10C,---,MARKER_TRIPLE_DASH,,0,selected_zero_not_shown,0,true
UIMARI,25,325,90,F10S,---,MARKER_TRIPLE_DASH,,0,selected_zero_not_shown,0,true
UIMARI,25,325,91,F10E,---,MARKER_TRIPLE_DASH,,0,selected_zero_not_shown,0,true
UIMARI,25,325,92,F10N,---,MARKER_TRIPLE_DASH,,0,selected_zero_not_shown,0,true
UIMARI,25,325,93,T004,"-224,328",NONZERO_INTEGER,-224328,-224328,numeric,-224328,true
UIMARI,26,326,1,111CA,446,NONZERO_INTEGER,446,446,numeric,446,true
UIMARI,26,326,2,113FF,3,NONZERO_INTEGER,3,3,numeric,3,true
UIMARI,26,326,3,211,14,NONZERO_INTEGER,14,14,numeric,14,true
UIMARI,26,326,4,212,445,NONZERO_INTEGER,445,445,numeric,445,true
UIMARI,26,326,5,213,192,NONZERO_INTEGER,192,192,numeric,192,true
UIMARI,26,326,6,22,5,NONZERO_INTEGER,5,5,numeric,5,true
UIMARI,26,326,7,23,"8,819",NONZERO_INTEGER,8819,8819,numeric,8819,true
UIMARI,26,326,8,321,401,NONZERO_INTEGER,401,401,numeric,401,true
UIMARI,26,326,9,327,351,NONZERO_INTEGER,351,351,numeric,351,true
UIMARI,26,326,10,331,230,NONZERO_INTEGER,230,230,numeric,230,true
UIMARI,26,326,11,332,710,NONZERO_INTEGER,710,710,numeric,710,true
UIMARI,26,326,12,333,"2,269",NONZERO_INTEGER,2269,2269,numeric,2269,true
UIMARI,26,326,13,334,359,NONZERO_INTEGER,359,359,numeric,359,true
UIMARI,26,326,14,335,525,NONZERO_INTEGER,525,525,numeric,525,true
UIMARI,26,326,15,3361MV,"5,557",NONZERO_INTEGER,5557,5557,numeric,5557,true
UIMARI,26,326,16,3364OT,384,NONZERO_INTEGER,384,384,numeric,384,true
UIMARI,26,326,17,337,386,NONZERO_INTEGER,386,386,numeric,386,true
UIMARI,26,326,18,339,587,NONZERO_INTEGER,587,587,numeric,587,true
UIMARI,26,326,19,311FT,"2,742",NONZERO_INTEGER,2742,2742,numeric,2742,true
UIMARI,26,326,20,313TT,73,NONZERO_INTEGER,73,73,numeric,73,true
UIMARI,26,326,21,315AL,6,NONZERO_INTEGER,6,6,numeric,6,true
UIMARI,26,326,22,322,414,NONZERO_INTEGER,414,414,numeric,414,true
UIMARI,26,326,23,323,930,NONZERO_INTEGER,930,930,numeric,930,true
UIMARI,26,326,24,324,38,NONZERO_INTEGER,38,38,numeric,38,true
UIMARI,26,326,25,325,"1,627",NONZERO_INTEGER,1627,1627,numeric,1627,true
UIMARI,26,326,26,326,"2,964",NONZERO_INTEGER,2964,2964,numeric,2964,true
UIMARI,26,326,27,42,"2,684",NONZERO_INTEGER,2684,2684,numeric,2684,true
UIMARI,26,326,28,441,183,NONZERO_INTEGER,183,183,numeric,183,true
UIMARI,26,326,29,445,144,NONZERO_INTEGER,144,144,numeric,144,true
UIMARI,26,326,30,452,57,NONZERO_INTEGER,57,57,numeric,57,true
UIMARI,26,326,31,4A0,561,NONZERO_INTEGER,561,561,numeric,561,true
UIMARI,26,326,32,481,280,NONZERO_INTEGER,280,280,numeric,280,true
UIMARI,26,326,33,482,0,LITERAL_ZERO,0,0,numeric,0,true
UIMARI,26,326,34,483,0,LITERAL_ZERO,0,0,numeric,0,true
UIMARI,26,326,35,484,280,NONZERO_INTEGER,280,280,numeric,280,true
UIMARI,26,326,36,485,97,NONZERO_INTEGER,97,97,numeric,97,true
UIMARI,26,326,37,486,31,NONZERO_INTEGER,31,31,numeric,31,true
UIMARI,26,326,38,487OS,40,NONZERO_INTEGER,40,40,numeric,40,true
UIMARI,26,326,39,493,80,NONZERO_INTEGER,80,80,numeric,80,true
UIMARI,26,326,40,511,45,NONZERO_INTEGER,45,45,numeric,45,true
UIMARI,26,326,41,512,17,NONZERO_INTEGER,17,17,numeric,17,true
UIMARI,26,326,42,513,411,NONZERO_INTEGER,411,411,numeric,411,true
UIMARI,26,326,43,514,95,NONZERO_INTEGER,95,95,numeric,95,true
UIMARI,26,326,44,521CI,7,NONZERO_INTEGER,7,7,numeric,7,true
UIMARI,26,326,45,523,24,NONZERO_INTEGER,24,24,numeric,24,true
UIMARI,26,326,46,524,354,NONZERO_INTEGER,354,354,numeric,354,true
UIMARI,26,326,47,525,0,LITERAL_ZERO,0,0,numeric,0,true
UIMARI,26,326,48,HS,2,NONZERO_INTEGER,2,2,numeric,2,true
UIMARI,26,326,49,ORE,375,NONZERO_INTEGER,375,375,numeric,375,true
UIMARI,26,326,50,532RL,904,NONZERO_INTEGER,904,904,numeric,904,true
UIMARI,26,326,51,5411,5,NONZERO_INTEGER,5,5,numeric,5,true
UIMARI,26,326,52,5415,90,NONZERO_INTEGER,90,90,numeric,90,true
UIMARI,26,326,53,5412OP,"1,160",NONZERO_INTEGER,1160,1160,numeric,1160,true
UIMARI,26,326,54,55,24,NONZERO_INTEGER,24,24,numeric,24,true
UIMARI,26,326,55,561,420,NONZERO_INTEGER,420,420,numeric,420,true
UIMARI,26,326,56,562,44,NONZERO_INTEGER,44,44,numeric,44,true
UIMARI,26,326,57,61,210,NONZERO_INTEGER,210,210,numeric,210,true
UIMARI,26,326,58,621,982,NONZERO_INTEGER,982,982,numeric,982,true
UIMARI,26,326,59,622,"1,143",NONZERO_INTEGER,1143,1143,numeric,1143,true
UIMARI,26,326,60,623,162,NONZERO_INTEGER,162,162,numeric,162,true
UIMARI,26,326,61,624,382,NONZERO_INTEGER,382,382,numeric,382,true
UIMARI,26,326,62,711AS,8,NONZERO_INTEGER,8,8,numeric,8,true
UIMARI,26,326,63,713,74,NONZERO_INTEGER,74,74,numeric,74,true
UIMARI,26,326,64,721,20,NONZERO_INTEGER,20,20,numeric,20,true
UIMARI,26,326,65,722,574,NONZERO_INTEGER,574,574,numeric,574,true
UIMARI,26,326,66,81,608,NONZERO_INTEGER,608,608,numeric,608,true
UIMARI,26,326,67,GFGD,777,NONZERO_INTEGER,777,777,numeric,777,true
UIMARI,26,326,68,GFGN,511,NONZERO_INTEGER,511,511,numeric,511,true
UIMARI,26,326,69,GFE,8,NONZERO_INTEGER,8,8,numeric,8,true
UIMARI,26,326,70,GSLG,"5,637",NONZERO_INTEGER,5637,5637,numeric,5637,true
UIMARI,26,326,71,GSLE,343,NONZERO_INTEGER,343,343,numeric,343,true
UIMARI,26,326,72,T001,"50,331",NONZERO_INTEGER,50331,50331,numeric,50331,true
UIMARI,26,326,73,F010,"27,412",NONZERO_INTEGER,27412,27412,numeric,27412,true
UIMARI,26,326,74,F02S,---,MARKER_TRIPLE_DASH,,0,selected_zero_not_shown,0,true
UIMARI,26,326,75,F02E,36,NONZERO_INTEGER,36,36,numeric,36,true
UIMARI,26,326,76,F02N,---,MARKER_TRIPLE_DASH,,0,selected_zero_not_shown,0,true
UIMARI,26,326,77,F02R,---,MARKER_TRIPLE_DASH,,0,selected_zero_not_shown,0,true
UIMARI,26,326,78,F030,161,NONZERO_INTEGER,161,161,numeric,161,true
UIMARI,26,326,79,F040,---,MARKER_TRIPLE_DASH,,0,selected_zero_not_shown,0,true
UIMARI,26,326,80,F050,"-77,941",NONZERO_INTEGER,-77941,-77941,numeric,-77941,true
UIMARI,26,326,81,F06C,---,MARKER_TRIPLE_DASH,,0,selected_zero_not_shown,0,true
UIMARI,26,326,82,F06S,---,MARKER_TRIPLE_DASH,,0,selected_zero_not_shown,0,true
UIMARI,26,326,83,F06E,---,MARKER_TRIPLE_DASH,,0,selected_zero_not_shown,0,true
UIMARI,26,326,84,F06N,---,MARKER_TRIPLE_DASH,,0,selected_zero_not_shown,0,true
UIMARI,26,326,85,F07C,---,MARKER_TRIPLE_DASH,,0,selected_zero_not_shown,0,true
UIMARI,26,326,86,F07S,---,MARKER_TRIPLE_DASH,,0,selected_zero_not_shown,0,true
UIMARI,26,326,87,F07E,1,NONZERO_INTEGER,1,1,numeric,1,true
UIMARI,26,326,88,F07N,---,MARKER_TRIPLE_DASH,,0,selected_zero_not_shown,0,true
UIMARI,26,326,89,F10C,---,MARKER_TRIPLE_DASH,,0,selected_zero_not_shown,0,true
UIMARI,26,326,90,F10S,---,MARKER_TRIPLE_DASH,,0,selected_zero_not_shown,0,true
UIMARI,26,326,91,F10E,---,MARKER_TRIPLE_DASH,,0,selected_zero_not_shown,0,true
UIMARI,26,326,92,F10N,---,MARKER_TRIPLE_DASH,,0,selected_zero_not_shown,0,true
UIMARI,26,326,93,T004,"-50,331",NONZERO_INTEGER,-50331,-50331,numeric,-50331,true
UIMARI,27,42,1,111CA,---,MARKER_TRIPLE_DASH,,0,selected_zero_not_shown,0,true
UIMARI,27,42,2,113FF,---,MARKER_TRIPLE_DASH,,0,selected_zero_not_shown,0,true
UIMARI,27,42,3,211,---,MARKER_TRIPLE_DASH,,0,selected_zero_not_shown,0,true
UIMARI,27,42,4,212,---,MARKER_TRIPLE_DASH,,0,selected_zero_not_shown,0,true
UIMARI,27,42,5,213,---,MARKER_TRIPLE_DASH,,0,selected_zero_not_shown,0,true
UIMARI,27,42,6,22,---,MARKER_TRIPLE_DASH,,0,selected_zero_not_shown,0,true
UIMARI,27,42,7,23,---,MARKER_TRIPLE_DASH,,0,selected_zero_not_shown,0,true
UIMARI,27,42,8,321,---,MARKER_TRIPLE_DASH,,0,selected_zero_not_shown,0,true
UIMARI,27,42,9,327,---,MARKER_TRIPLE_DASH,,0,selected_zero_not_shown,0,true
UIMARI,27,42,10,331,---,MARKER_TRIPLE_DASH,,0,selected_zero_not_shown,0,true
UIMARI,27,42,11,332,---,MARKER_TRIPLE_DASH,,0,selected_zero_not_shown,0,true
UIMARI,27,42,12,333,---,MARKER_TRIPLE_DASH,,0,selected_zero_not_shown,0,true
UIMARI,27,42,13,334,---,MARKER_TRIPLE_DASH,,0,selected_zero_not_shown,0,true
UIMARI,27,42,14,335,---,MARKER_TRIPLE_DASH,,0,selected_zero_not_shown,0,true
UIMARI,27,42,15,3361MV,---,MARKER_TRIPLE_DASH,,0,selected_zero_not_shown,0,true
UIMARI,27,42,16,3364OT,---,MARKER_TRIPLE_DASH,,0,selected_zero_not_shown,0,true
UIMARI,27,42,17,337,---,MARKER_TRIPLE_DASH,,0,selected_zero_not_shown,0,true
UIMARI,27,42,18,339,---,MARKER_TRIPLE_DASH,,0,selected_zero_not_shown,0,true
UIMARI,27,42,19,311FT,---,MARKER_TRIPLE_DASH,,0,selected_zero_not_shown,0,true
UIMARI,27,42,20,313TT,---,MARKER_TRIPLE_DASH,,0,selected_zero_not_shown,0,true
UIMARI,27,42,21,315AL,---,MARKER_TRIPLE_DASH,,0,selected_zero_not_shown,0,true
UIMARI,27,42,22,322,---,MARKER_TRIPLE_DASH,,0,selected_zero_not_shown,0,true
UIMARI,27,42,23,323,---,MARKER_TRIPLE_DASH,,0,selected_zero_not_shown,0,true
UIMARI,27,42,24,324,---,MARKER_TRIPLE_DASH,,0,selected_zero_not_shown,0,true
UIMARI,27,42,25,325,---,MARKER_TRIPLE_DASH,,0,selected_zero_not_shown,0,true
UIMARI,27,42,26,326,---,MARKER_TRIPLE_DASH,,0,selected_zero_not_shown,0,true
UIMARI,27,42,27,42,---,MARKER_TRIPLE_DASH,,0,selected_zero_not_shown,0,true
UIMARI,27,42,28,441,---,MARKER_TRIPLE_DASH,,0,selected_zero_not_shown,0,true
UIMARI,27,42,29,445,---,MARKER_TRIPLE_DASH,,0,selected_zero_not_shown,0,true
UIMARI,27,42,30,452,---,MARKER_TRIPLE_DASH,,0,selected_zero_not_shown,0,true
UIMARI,27,42,31,4A0,---,MARKER_TRIPLE_DASH,,0,selected_zero_not_shown,0,true
UIMARI,27,42,32,481,---,MARKER_TRIPLE_DASH,,0,selected_zero_not_shown,0,true
UIMARI,27,42,33,482,---,MARKER_TRIPLE_DASH,,0,selected_zero_not_shown,0,true
UIMARI,27,42,34,483,---,MARKER_TRIPLE_DASH,,0,selected_zero_not_shown,0,true
UIMARI,27,42,35,484,---,MARKER_TRIPLE_DASH,,0,selected_zero_not_shown,0,true
UIMARI,27,42,36,485,---,MARKER_TRIPLE_DASH,,0,selected_zero_not_shown,0,true
UIMARI,27,42,37,486,---,MARKER_TRIPLE_DASH,,0,selected_zero_not_shown,0,true
UIMARI,27,42,38,487OS,---,MARKER_TRIPLE_DASH,,0,selected_zero_not_shown,0,true
UIMARI,27,42,39,493,---,MARKER_TRIPLE_DASH,,0,selected_zero_not_shown,0,true
UIMARI,27,42,40,511,---,MARKER_TRIPLE_DASH,,0,selected_zero_not_shown,0,true
UIMARI,27,42,41,512,---,MARKER_TRIPLE_DASH,,0,selected_zero_not_shown,0,true
UIMARI,27,42,42,513,---,MARKER_TRIPLE_DASH,,0,selected_zero_not_shown,0,true
UIMARI,27,42,43,514,---,MARKER_TRIPLE_DASH,,0,selected_zero_not_shown,0,true
UIMARI,27,42,44,521CI,---,MARKER_TRIPLE_DASH,,0,selected_zero_not_shown,0,true
UIMARI,27,42,45,523,---,MARKER_TRIPLE_DASH,,0,selected_zero_not_shown,0,true
UIMARI,27,42,46,524,---,MARKER_TRIPLE_DASH,,0,selected_zero_not_shown,0,true
UIMARI,27,42,47,525,---,MARKER_TRIPLE_DASH,,0,selected_zero_not_shown,0,true
UIMARI,27,42,48,HS,---,MARKER_TRIPLE_DASH,,0,selected_zero_not_shown,0,true
UIMARI,27,42,49,ORE,---,MARKER_TRIPLE_DASH,,0,selected_zero_not_shown,0,true
UIMARI,27,42,50,532RL,---,MARKER_TRIPLE_DASH,,0,selected_zero_not_shown,0,true
UIMARI,27,42,51,5411,---,MARKER_TRIPLE_DASH,,0,selected_zero_not_shown,0,true
UIMARI,27,42,52,5415,---,MARKER_TRIPLE_DASH,,0,selected_zero_not_shown,0,true
UIMARI,27,42,53,5412OP,---,MARKER_TRIPLE_DASH,,0,selected_zero_not_shown,0,true
UIMARI,27,42,54,55,---,MARKER_TRIPLE_DASH,,0,selected_zero_not_shown,0,true
UIMARI,27,42,55,561,---,MARKER_TRIPLE_DASH,,0,selected_zero_not_shown,0,true
UIMARI,27,42,56,562,---,MARKER_TRIPLE_DASH,,0,selected_zero_not_shown,0,true
UIMARI,27,42,57,61,---,MARKER_TRIPLE_DASH,,0,selected_zero_not_shown,0,true
UIMARI,27,42,58,621,---,MARKER_TRIPLE_DASH,,0,selected_zero_not_shown,0,true
UIMARI,27,42,59,622,---,MARKER_TRIPLE_DASH,,0,selected_zero_not_shown,0,true
UIMARI,27,42,60,623,---,MARKER_TRIPLE_DASH,,0,selected_zero_not_shown,0,true
UIMARI,27,42,61,624,---,MARKER_TRIPLE_DASH,,0,selected_zero_not_shown,0,true
UIMARI,27,42,62,711AS,---,MARKER_TRIPLE_DASH,,0,selected_zero_not_shown,0,true
UIMARI,27,42,63,713,---,MARKER_TRIPLE_DASH,,0,selected_zero_not_shown,0,true
UIMARI,27,42,64,721,---,MARKER_TRIPLE_DASH,,0,selected_zero_not_shown,0,true
UIMARI,27,42,65,722,---,MARKER_TRIPLE_DASH,,0,selected_zero_not_shown,0,true
UIMARI,27,42,66,81,---,MARKER_TRIPLE_DASH,,0,selected_zero_not_shown,0,true
UIMARI,27,42,67,GFGD,---,MARKER_TRIPLE_DASH,,0,selected_zero_not_shown,0,true
UIMARI,27,42,68,GFGN,---,MARKER_TRIPLE_DASH,,0,selected_zero_not_shown,0,true
UIMARI,27,42,69,GFE,---,MARKER_TRIPLE_DASH,,0,selected_zero_not_shown,0,true
UIMARI,27,42,70,GSLG,---,MARKER_TRIPLE_DASH,,0,selected_zero_not_shown,0,true
UIMARI,27,42,71,GSLE,---,MARKER_TRIPLE_DASH,,0,selected_zero_not_shown,0,true
UIMARI,27,42,72,T001,---,MARKER_TRIPLE_DASH,,0,selected_zero_not_shown,0,true
UIMARI,27,42,73,F010,---,MARKER_TRIPLE_DASH,,0,selected_zero_not_shown,0,true
UIMARI,27,42,74,F02S,---,MARKER_TRIPLE_DASH,,0,selected_zero_not_shown,0,true
UIMARI,27,42,75,F02E,---,MARKER_TRIPLE_DASH,,0,selected_zero_not_shown,0,true
UIMARI,27,42,76,F02N,---,MARKER_TRIPLE_DASH,,0,selected_zero_not_shown,0,true
UIMARI,27,42,77,F02R,---,MARKER_TRIPLE_DASH,,0,selected_zero_not_shown,0,true
UIMARI,27,42,78,F030,---,MARKER_TRIPLE_DASH,,0,selected_zero_not_shown,0,true
UIMARI,27,42,79,F040,---,MARKER_TRIPLE_DASH,,0,selected_zero_not_shown,0,true
UIMARI,27,42,80,F050,---,MARKER_TRIPLE_DASH,,0,selected_zero_not_shown,0,true
UIMARI,27,42,81,F06C,---,MARKER_TRIPLE_DASH,,0,selected_zero_not_shown,0,true
UIMARI,27,42,82,F06S,---,MARKER_TRIPLE_DASH,,0,selected_zero_not_shown,0,true
UIMARI,27,42,83,F06E,---,MARKER_TRIPLE_DASH,,0,selected_zero_not_shown,0,true
UIMARI,27,42,84,F06N,---,MARKER_TRIPLE_DASH,,0,selected_zero_not_shown,0,true
UIMARI,27,42,85,F07C,---,MARKER_TRIPLE_DASH,,0,selected_zero_not_shown,0,true
UIMARI,27,42,86,F07S,---,MARKER_TRIPLE_DASH,,0,selected_zero_not_shown,0,true
UIMARI,27,42,87,F07E,---,MARKER_TRIPLE_DASH,,0,selected_zero_not_shown,0,true
UIMARI,27,42,88,F07N,---,MARKER_TRIPLE_DASH,,0,selected_zero_not_shown,0,true
UIMARI,27,42,89,F10C,---,MARKER_TRIPLE_DASH,,0,selected_zero_not_shown,0,true
UIMARI,27,42,90,F10S,---,MARKER_TRIPLE_DASH,,0,selected_zero_not_shown,0,true
UIMARI,27,42,91,F10E,---,MARKER_TRIPLE_DASH,,0,selected_zero_not_shown,0,true
UIMARI,27,42,92,F10N,---,MARKER_TRIPLE_DASH,,0,selected_zero_not_shown,0,true
UIMARI,27,42,93,T004,---,MARKER_TRIPLE_DASH,,0,selected_zero_not_shown,0,true
UIMARI,28,441,1,111CA,---,MARKER_TRIPLE_DASH,,0,selected_zero_not_shown,0,true
UIMARI,28,441,2,113FF,---,MARKER_TRIPLE_DASH,,0,selected_zero_not_shown,0,true
UIMARI,28,441,3,211,---,MARKER_TRIPLE_DASH,,0,selected_zero_not_shown,0,true
UIMARI,28,441,4,212,---,MARKER_TRIPLE_DASH,,0,selected_zero_not_shown,0,true
UIMARI,28,441,5,213,---,MARKER_TRIPLE_DASH,,0,selected_zero_not_shown,0,true
UIMARI,28,441,6,22,---,MARKER_TRIPLE_DASH,,0,selected_zero_not_shown,0,true
UIMARI,28,441,7,23,---,MARKER_TRIPLE_DASH,,0,selected_zero_not_shown,0,true
UIMARI,28,441,8,321,---,MARKER_TRIPLE_DASH,,0,selected_zero_not_shown,0,true
UIMARI,28,441,9,327,---,MARKER_TRIPLE_DASH,,0,selected_zero_not_shown,0,true
UIMARI,28,441,10,331,---,MARKER_TRIPLE_DASH,,0,selected_zero_not_shown,0,true
UIMARI,28,441,11,332,---,MARKER_TRIPLE_DASH,,0,selected_zero_not_shown,0,true
UIMARI,28,441,12,333,---,MARKER_TRIPLE_DASH,,0,selected_zero_not_shown,0,true
UIMARI,28,441,13,334,---,MARKER_TRIPLE_DASH,,0,selected_zero_not_shown,0,true
UIMARI,28,441,14,335,---,MARKER_TRIPLE_DASH,,0,selected_zero_not_shown,0,true
UIMARI,28,441,15,3361MV,---,MARKER_TRIPLE_DASH,,0,selected_zero_not_shown,0,true
UIMARI,28,441,16,3364OT,---,MARKER_TRIPLE_DASH,,0,selected_zero_not_shown,0,true
UIMARI,28,441,17,337,---,MARKER_TRIPLE_DASH,,0,selected_zero_not_shown,0,true
UIMARI,28,441,18,339,---,MARKER_TRIPLE_DASH,,0,selected_zero_not_shown,0,true
UIMARI,28,441,19,311FT,---,MARKER_TRIPLE_DASH,,0,selected_zero_not_shown,0,true
UIMARI,28,441,20,313TT,---,MARKER_TRIPLE_DASH,,0,selected_zero_not_shown,0,true
UIMARI,28,441,21,315AL,---,MARKER_TRIPLE_DASH,,0,selected_zero_not_shown,0,true
UIMARI,28,441,22,322,---,MARKER_TRIPLE_DASH,,0,selected_zero_not_shown,0,true
UIMARI,28,441,23,323,---,MARKER_TRIPLE_DASH,,0,selected_zero_not_shown,0,true
UIMARI,28,441,24,324,---,MARKER_TRIPLE_DASH,,0,selected_zero_not_shown,0,true
UIMARI,28,441,25,325,---,MARKER_TRIPLE_DASH,,0,selected_zero_not_shown,0,true
UIMARI,28,441,26,326,---,MARKER_TRIPLE_DASH,,0,selected_zero_not_shown,0,true
UIMARI,28,441,27,42,---,MARKER_TRIPLE_DASH,,0,selected_zero_not_shown,0,true
UIMARI,28,441,28,441,---,MARKER_TRIPLE_DASH,,0,selected_zero_not_shown,0,true
UIMARI,28,441,29,445,---,MARKER_TRIPLE_DASH,,0,selected_zero_not_shown,0,true
UIMARI,28,441,30,452,---,MARKER_TRIPLE_DASH,,0,selected_zero_not_shown,0,true
UIMARI,28,441,31,4A0,---,MARKER_TRIPLE_DASH,,0,selected_zero_not_shown,0,true
UIMARI,28,441,32,481,---,MARKER_TRIPLE_DASH,,0,selected_zero_not_shown,0,true
UIMARI,28,441,33,482,---,MARKER_TRIPLE_DASH,,0,selected_zero_not_shown,0,true
UIMARI,28,441,34,483,---,MARKER_TRIPLE_DASH,,0,selected_zero_not_shown,0,true
UIMARI,28,441,35,484,---,MARKER_TRIPLE_DASH,,0,selected_zero_not_shown,0,true
UIMARI,28,441,36,485,---,MARKER_TRIPLE_DASH,,0,selected_zero_not_shown,0,true
UIMARI,28,441,37,486,---,MARKER_TRIPLE_DASH,,0,selected_zero_not_shown,0,true
UIMARI,28,441,38,487OS,---,MARKER_TRIPLE_DASH,,0,selected_zero_not_shown,0,true
UIMARI,28,441,39,493,---,MARKER_TRIPLE_DASH,,0,selected_zero_not_shown,0,true
UIMARI,28,441,40,511,---,MARKER_TRIPLE_DASH,,0,selected_zero_not_shown,0,true
UIMARI,28,441,41,512,---,MARKER_TRIPLE_DASH,,0,selected_zero_not_shown,0,true
UIMARI,28,441,42,513,---,MARKER_TRIPLE_DASH,,0,selected_zero_not_shown,0,true
UIMARI,28,441,43,514,---,MARKER_TRIPLE_DASH,,0,selected_zero_not_shown,0,true
UIMARI,28,441,44,521CI,---,MARKER_TRIPLE_DASH,,0,selected_zero_not_shown,0,true
UIMARI,28,441,45,523,---,MARKER_TRIPLE_DASH,,0,selected_zero_not_shown,0,true
UIMARI,28,441,46,524,---,MARKER_TRIPLE_DASH,,0,selected_zero_not_shown,0,true
UIMARI,28,441,47,525,---,MARKER_TRIPLE_DASH,,0,selected_zero_not_shown,0,true
UIMARI,28,441,48,HS,---,MARKER_TRIPLE_DASH,,0,selected_zero_not_shown,0,true
UIMARI,28,441,49,ORE,---,MARKER_TRIPLE_DASH,,0,selected_zero_not_shown,0,true
UIMARI,28,441,50,532RL,---,MARKER_TRIPLE_DASH,,0,selected_zero_not_shown,0,true
UIMARI,28,441,51,5411,---,MARKER_TRIPLE_DASH,,0,selected_zero_not_shown,0,true
UIMARI,28,441,52,5415,---,MARKER_TRIPLE_DASH,,0,selected_zero_not_shown,0,true
UIMARI,28,441,53,5412OP,---,MARKER_TRIPLE_DASH,,0,selected_zero_not_shown,0,true
UIMARI,28,441,54,55,---,MARKER_TRIPLE_DASH,,0,selected_zero_not_shown,0,true
UIMARI,28,441,55,561,---,MARKER_TRIPLE_DASH,,0,selected_zero_not_shown,0,true
UIMARI,28,441,56,562,---,MARKER_TRIPLE_DASH,,0,selected_zero_not_shown,0,true
UIMARI,28,441,57,61,---,MARKER_TRIPLE_DASH,,0,selected_zero_not_shown,0,true
UIMARI,28,441,58,621,---,MARKER_TRIPLE_DASH,,0,selected_zero_not_shown,0,true
UIMARI,28,441,59,622,---,MARKER_TRIPLE_DASH,,0,selected_zero_not_shown,0,true
UIMARI,28,441,60,623,---,MARKER_TRIPLE_DASH,,0,selected_zero_not_shown,0,true
UIMARI,28,441,61,624,---,MARKER_TRIPLE_DASH,,0,selected_zero_not_shown,0,true
UIMARI,28,441,62,711AS,---,MARKER_TRIPLE_DASH,,0,selected_zero_not_shown,0,true
UIMARI,28,441,63,713,---,MARKER_TRIPLE_DASH,,0,selected_zero_not_shown,0,true
UIMARI,28,441,64,721,---,MARKER_TRIPLE_DASH,,0,selected_zero_not_shown,0,true
UIMARI,28,441,65,722,---,MARKER_TRIPLE_DASH,,0,selected_zero_not_shown,0,true
UIMARI,28,441,66,81,---,MARKER_TRIPLE_DASH,,0,selected_zero_not_shown,0,true
UIMARI,28,441,67,GFGD,---,MARKER_TRIPLE_DASH,,0,selected_zero_not_shown,0,true
UIMARI,28,441,68,GFGN,---,MARKER_TRIPLE_DASH,,0,selected_zero_not_shown,0,true
UIMARI,28,441,69,GFE,---,MARKER_TRIPLE_DASH,,0,selected_zero_not_shown,0,true
UIMARI,28,441,70,GSLG,---,MARKER_TRIPLE_DASH,,0,selected_zero_not_shown,0,true
UIMARI,28,441,71,GSLE,---,MARKER_TRIPLE_DASH,,0,selected_zero_not_shown,0,true
UIMARI,28,441,72,T001,---,MARKER_TRIPLE_DASH,,0,selected_zero_not_shown,0,true
UIMARI,28,441,73,F010,---,MARKER_TRIPLE_DASH,,0,selected_zero_not_shown,0,true
UIMARI,28,441,74,F02S,---,MARKER_TRIPLE_DASH,,0,selected_zero_not_shown,0,true
UIMARI,28,441,75,F02E,---,MARKER_TRIPLE_DASH,,0,selected_zero_not_shown,0,true
UIMARI,28,441,76,F02N,---,MARKER_TRIPLE_DASH,,0,selected_zero_not_shown,0,true
UIMARI,28,441,77,F02R,---,MARKER_TRIPLE_DASH,,0,selected_zero_not_shown,0,true
UIMARI,28,441,78,F030,---,MARKER_TRIPLE_DASH,,0,selected_zero_not_shown,0,true
UIMARI,28,441,79,F040,---,MARKER_TRIPLE_DASH,,0,selected_zero_not_shown,0,true
UIMARI,28,441,80,F050,---,MARKER_TRIPLE_DASH,,0,selected_zero_not_shown,0,true
UIMARI,28,441,81,F06C,---,MARKER_TRIPLE_DASH,,0,selected_zero_not_shown,0,true
UIMARI,28,441,82,F06S,---,MARKER_TRIPLE_DASH,,0,selected_zero_not_shown,0,true
UIMARI,28,441,83,F06E,---,MARKER_TRIPLE_DASH,,0,selected_zero_not_shown,0,true
UIMARI,28,441,84,F06N,---,MARKER_TRIPLE_DASH,,0,selected_zero_not_shown,0,true
UIMARI,28,441,85,F07C,---,MARKER_TRIPLE_DASH,,0,selected_zero_not_shown,0,true
UIMARI,28,441,86,F07S,---,MARKER_TRIPLE_DASH,,0,selected_zero_not_shown,0,true
UIMARI,28,441,87,F07E,---,MARKER_TRIPLE_DASH,,0,selected_zero_not_shown,0,true
UIMARI,28,441,88,F07N,---,MARKER_TRIPLE_DASH,,0,selected_zero_not_shown,0,true
UIMARI,28,441,89,F10C,---,MARKER_TRIPLE_DASH,,0,selected_zero_not_shown,0,true
UIMARI,28,441,90,F10S,---,MARKER_TRIPLE_DASH,,0,selected_zero_not_shown,0,true
UIMARI,28,441,91,F10E,---,MARKER_TRIPLE_DASH,,0,selected_zero_not_shown,0,true
UIMARI,28,441,92,F10N,---,MARKER_TRIPLE_DASH,,0,selected_zero_not_shown,0,true
UIMARI,28,441,93,T004,---,MARKER_TRIPLE_DASH,,0,selected_zero_not_shown,0,true
UIMARI,29,445,1,111CA,---,MARKER_TRIPLE_DASH,,0,selected_zero_not_shown,0,true
UIMARI,29,445,2,113FF,---,MARKER_TRIPLE_DASH,,0,selected_zero_not_shown,0,true
UIMARI,29,445,3,211,---,MARKER_TRIPLE_DASH,,0,selected_zero_not_shown,0,true
UIMARI,29,445,4,212,---,MARKER_TRIPLE_DASH,,0,selected_zero_not_shown,0,true
UIMARI,29,445,5,213,---,MARKER_TRIPLE_DASH,,0,selected_zero_not_shown,0,true
UIMARI,29,445,6,22,---,MARKER_TRIPLE_DASH,,0,selected_zero_not_shown,0,true
UIMARI,29,445,7,23,---,MARKER_TRIPLE_DASH,,0,selected_zero_not_shown,0,true
UIMARI,29,445,8,321,---,MARKER_TRIPLE_DASH,,0,selected_zero_not_shown,0,true
UIMARI,29,445,9,327,---,MARKER_TRIPLE_DASH,,0,selected_zero_not_shown,0,true
UIMARI,29,445,10,331,---,MARKER_TRIPLE_DASH,,0,selected_zero_not_shown,0,true
UIMARI,29,445,11,332,---,MARKER_TRIPLE_DASH,,0,selected_zero_not_shown,0,true
UIMARI,29,445,12,333,---,MARKER_TRIPLE_DASH,,0,selected_zero_not_shown,0,true
UIMARI,29,445,13,334,---,MARKER_TRIPLE_DASH,,0,selected_zero_not_shown,0,true
UIMARI,29,445,14,335,---,MARKER_TRIPLE_DASH,,0,selected_zero_not_shown,0,true
UIMARI,29,445,15,3361MV,---,MARKER_TRIPLE_DASH,,0,selected_zero_not_shown,0,true
UIMARI,29,445,16,3364OT,---,MARKER_TRIPLE_DASH,,0,selected_zero_not_shown,0,true
UIMARI,29,445,17,337,---,MARKER_TRIPLE_DASH,,0,selected_zero_not_shown,0,true
UIMARI,29,445,18,339,---,MARKER_TRIPLE_DASH,,0,selected_zero_not_shown,0,true
UIMARI,29,445,19,311FT,---,MARKER_TRIPLE_DASH,,0,selected_zero_not_shown,0,true
UIMARI,29,445,20,313TT,---,MARKER_TRIPLE_DASH,,0,selected_zero_not_shown,0,true
UIMARI,29,445,21,315AL,---,MARKER_TRIPLE_DASH,,0,selected_zero_not_shown,0,true
UIMARI,29,445,22,322,---,MARKER_TRIPLE_DASH,,0,selected_zero_not_shown,0,true
UIMARI,29,445,23,323,---,MARKER_TRIPLE_DASH,,0,selected_zero_not_shown,0,true
UIMARI,29,445,24,324,---,MARKER_TRIPLE_DASH,,0,selected_zero_not_shown,0,true
UIMARI,29,445,25,325,---,MARKER_TRIPLE_DASH,,0,selected_zero_not_shown,0,true
UIMARI,29,445,26,326,---,MARKER_TRIPLE_DASH,,0,selected_zero_not_shown,0,true
UIMARI,29,445,27,42,---,MARKER_TRIPLE_DASH,,0,selected_zero_not_shown,0,true
UIMARI,29,445,28,441,---,MARKER_TRIPLE_DASH,,0,selected_zero_not_shown,0,true
UIMARI,29,445,29,445,---,MARKER_TRIPLE_DASH,,0,selected_zero_not_shown,0,true
UIMARI,29,445,30,452,---,MARKER_TRIPLE_DASH,,0,selected_zero_not_shown,0,true
UIMARI,29,445,31,4A0,---,MARKER_TRIPLE_DASH,,0,selected_zero_not_shown,0,true
UIMARI,29,445,32,481,---,MARKER_TRIPLE_DASH,,0,selected_zero_not_shown,0,true
UIMARI,29,445,33,482,---,MARKER_TRIPLE_DASH,,0,selected_zero_not_shown,0,true
UIMARI,29,445,34,483,---,MARKER_TRIPLE_DASH,,0,selected_zero_not_shown,0,true
UIMARI,29,445,35,484,---,MARKER_TRIPLE_DASH,,0,selected_zero_not_shown,0,true
UIMARI,29,445,36,485,---,MARKER_TRIPLE_DASH,,0,selected_zero_not_shown,0,true
UIMARI,29,445,37,486,---,MARKER_TRIPLE_DASH,,0,selected_zero_not_shown,0,true
UIMARI,29,445,38,487OS,---,MARKER_TRIPLE_DASH,,0,selected_zero_not_shown,0,true
UIMARI,29,445,39,493,---,MARKER_TRIPLE_DASH,,0,selected_zero_not_shown,0,true
UIMARI,29,445,40,511,---,MARKER_TRIPLE_DASH,,0,selected_zero_not_shown,0,true
UIMARI,29,445,41,512,---,MARKER_TRIPLE_DASH,,0,selected_zero_not_shown,0,true
UIMARI,29,445,42,513,---,MARKER_TRIPLE_DASH,,0,selected_zero_not_shown,0,true
UIMARI,29,445,43,514,---,MARKER_TRIPLE_DASH,,0,selected_zero_not_shown,0,true
UIMARI,29,445,44,521CI,---,MARKER_TRIPLE_DASH,,0,selected_zero_not_shown,0,true
UIMARI,29,445,45,523,---,MARKER_TRIPLE_DASH,,0,selected_zero_not_shown,0,true
UIMARI,29,445,46,524,---,MARKER_TRIPLE_DASH,,0,selected_zero_not_shown,0,true
UIMARI,29,445,47,525,---,MARKER_TRIPLE_DASH,,0,selected_zero_not_shown,0,true
UIMARI,29,445,48,HS,---,MARKER_TRIPLE_DASH,,0,selected_zero_not_shown,0,true
UIMARI,29,445,49,ORE,---,MARKER_TRIPLE_DASH,,0,selected_zero_not_shown,0,true
UIMARI,29,445,50,532RL,---,MARKER_TRIPLE_DASH,,0,selected_zero_not_shown,0,true
UIMARI,29,445,51,5411,---,MARKER_TRIPLE_DASH,,0,selected_zero_not_shown,0,true
UIMARI,29,445,52,5415,---,MARKER_TRIPLE_DASH,,0,selected_zero_not_shown,0,true
UIMARI,29,445,53,5412OP,---,MARKER_TRIPLE_DASH,,0,selected_zero_not_shown,0,true
UIMARI,29,445,54,55,---,MARKER_TRIPLE_DASH,,0,selected_zero_not_shown,0,true
UIMARI,29,445,55,561,---,MARKER_TRIPLE_DASH,,0,selected_zero_not_shown,0,true
UIMARI,29,445,56,562,---,MARKER_TRIPLE_DASH,,0,selected_zero_not_shown,0,true
UIMARI,29,445,57,61,---,MARKER_TRIPLE_DASH,,0,selected_zero_not_shown,0,true
UIMARI,29,445,58,621,---,MARKER_TRIPLE_DASH,,0,selected_zero_not_shown,0,true
UIMARI,29,445,59,622,---,MARKER_TRIPLE_DASH,,0,selected_zero_not_shown,0,true
UIMARI,29,445,60,623,---,MARKER_TRIPLE_DASH,,0,selected_zero_not_shown,0,true
UIMARI,29,445,61,624,---,MARKER_TRIPLE_DASH,,0,selected_zero_not_shown,0,true
UIMARI,29,445,62,711AS,---,MARKER_TRIPLE_DASH,,0,selected_zero_not_shown,0,true
UIMARI,29,445,63,713,---,MARKER_TRIPLE_DASH,,0,selected_zero_not_shown,0,true
UIMARI,29,445,64,721,---,MARKER_TRIPLE_DASH,,0,selected_zero_not_shown,0,true
UIMARI,29,445,65,722,---,MARKER_TRIPLE_DASH,,0,selected_zero_not_shown,0,true
UIMARI,29,445,66,81,---,MARKER_TRIPLE_DASH,,0,selected_zero_not_shown,0,true
UIMARI,29,445,67,GFGD,---,MARKER_TRIPLE_DASH,,0,selected_zero_not_shown,0,true
UIMARI,29,445,68,GFGN,---,MARKER_TRIPLE_DASH,,0,selected_zero_not_shown,0,true
UIMARI,29,445,69,GFE,---,MARKER_TRIPLE_DASH,,0,selected_zero_not_shown,0,true
UIMARI,29,445,70,GSLG,---,MARKER_TRIPLE_DASH,,0,selected_zero_not_shown,0,true
UIMARI,29,445,71,GSLE,---,MARKER_TRIPLE_DASH,,0,selected_zero_not_shown,0,true
UIMARI,29,445,72,T001,---,MARKER_TRIPLE_DASH,,0,selected_zero_not_shown,0,true
UIMARI,29,445,73,F010,---,MARKER_TRIPLE_DASH,,0,selected_zero_not_shown,0,true
UIMARI,29,445,74,F02S,---,MARKER_TRIPLE_DASH,,0,selected_zero_not_shown,0,true
UIMARI,29,445,75,F02E,---,MARKER_TRIPLE_DASH,,0,selected_zero_not_shown,0,true
UIMARI,29,445,76,F02N,---,MARKER_TRIPLE_DASH,,0,selected_zero_not_shown,0,true
UIMARI,29,445,77,F02R,---,MARKER_TRIPLE_DASH,,0,selected_zero_not_shown,0,true
UIMARI,29,445,78,F030,---,MARKER_TRIPLE_DASH,,0,selected_zero_not_shown,0,true
UIMARI,29,445,79,F040,---,MARKER_TRIPLE_DASH,,0,selected_zero_not_shown,0,true
UIMARI,29,445,80,F050,---,MARKER_TRIPLE_DASH,,0,selected_zero_not_shown,0,true
UIMARI,29,445,81,F06C,---,MARKER_TRIPLE_DASH,,0,selected_zero_not_shown,0,true
UIMARI,29,445,82,F06S,---,MARKER_TRIPLE_DASH,,0,selected_zero_not_shown,0,true
UIMARI,29,445,83,F06E,---,MARKER_TRIPLE_DASH,,0,selected_zero_not_shown,0,true
UIMARI,29,445,84,F06N,---,MARKER_TRIPLE_DASH,,0,selected_zero_not_shown,0,true
UIMARI,29,445,85,F07C,---,MARKER_TRIPLE_DASH,,0,selected_zero_not_shown,0,true
UIMARI,29,445,86,F07S,---,MARKER_TRIPLE_DASH,,0,selected_zero_not_shown,0,true
UIMARI,29,445,87,F07E,---,MARKER_TRIPLE_DASH,,0,selected_zero_not_shown,0,true
UIMARI,29,445,88,F07N,---,MARKER_TRIPLE_DASH,,0,selected_zero_not_shown,0,true
UIMARI,29,445,89,F10C,---,MARKER_TRIPLE_DASH,,0,selected_zero_not_shown,0,true
UIMARI,29,445,90,F10S,---,MARKER_TRIPLE_DASH,,0,selected_zero_not_shown,0,true
UIMARI,29,445,91,F10E,---,MARKER_TRIPLE_DASH,,0,selected_zero_not_shown,0,true
UIMARI,29,445,92,F10N,---,MARKER_TRIPLE_DASH,,0,selected_zero_not_shown,0,true
UIMARI,29,445,93,T004,---,MARKER_TRIPLE_DASH,,0,selected_zero_not_shown,0,true
UIMARI,30,452,1,111CA,---,MARKER_TRIPLE_DASH,,0,selected_zero_not_shown,0,true
UIMARI,30,452,2,113FF,---,MARKER_TRIPLE_DASH,,0,selected_zero_not_shown,0,true
UIMARI,30,452,3,211,---,MARKER_TRIPLE_DASH,,0,selected_zero_not_shown,0,true
UIMARI,30,452,4,212,---,MARKER_TRIPLE_DASH,,0,selected_zero_not_shown,0,true
UIMARI,30,452,5,213,---,MARKER_TRIPLE_DASH,,0,selected_zero_not_shown,0,true
UIMARI,30,452,6,22,---,MARKER_TRIPLE_DASH,,0,selected_zero_not_shown,0,true
UIMARI,30,452,7,23,---,MARKER_TRIPLE_DASH,,0,selected_zero_not_shown,0,true
UIMARI,30,452,8,321,---,MARKER_TRIPLE_DASH,,0,selected_zero_not_shown,0,true
UIMARI,30,452,9,327,---,MARKER_TRIPLE_DASH,,0,selected_zero_not_shown,0,true
UIMARI,30,452,10,331,---,MARKER_TRIPLE_DASH,,0,selected_zero_not_shown,0,true
UIMARI,30,452,11,332,---,MARKER_TRIPLE_DASH,,0,selected_zero_not_shown,0,true
UIMARI,30,452,12,333,---,MARKER_TRIPLE_DASH,,0,selected_zero_not_shown,0,true
UIMARI,30,452,13,334,---,MARKER_TRIPLE_DASH,,0,selected_zero_not_shown,0,true
UIMARI,30,452,14,335,---,MARKER_TRIPLE_DASH,,0,selected_zero_not_shown,0,true
UIMARI,30,452,15,3361MV,---,MARKER_TRIPLE_DASH,,0,selected_zero_not_shown,0,true
UIMARI,30,452,16,3364OT,---,MARKER_TRIPLE_DASH,,0,selected_zero_not_shown,0,true
UIMARI,30,452,17,337,---,MARKER_TRIPLE_DASH,,0,selected_zero_not_shown,0,true
UIMARI,30,452,18,339,---,MARKER_TRIPLE_DASH,,0,selected_zero_not_shown,0,true
UIMARI,30,452,19,311FT,---,MARKER_TRIPLE_DASH,,0,selected_zero_not_shown,0,true
UIMARI,30,452,20,313TT,---,MARKER_TRIPLE_DASH,,0,selected_zero_not_shown,0,true
UIMARI,30,452,21,315AL,---,MARKER_TRIPLE_DASH,,0,selected_zero_not_shown,0,true
UIMARI,30,452,22,322,---,MARKER_TRIPLE_DASH,,0,selected_zero_not_shown,0,true
UIMARI,30,452,23,323,---,MARKER_TRIPLE_DASH,,0,selected_zero_not_shown,0,true
UIMARI,30,452,24,324,---,MARKER_TRIPLE_DASH,,0,selected_zero_not_shown,0,true
UIMARI,30,452,25,325,---,MARKER_TRIPLE_DASH,,0,selected_zero_not_shown,0,true
UIMARI,30,452,26,326,---,MARKER_TRIPLE_DASH,,0,selected_zero_not_shown,0,true
UIMARI,30,452,27,42,---,MARKER_TRIPLE_DASH,,0,selected_zero_not_shown,0,true
UIMARI,30,452,28,441,---,MARKER_TRIPLE_DASH,,0,selected_zero_not_shown,0,true
UIMARI,30,452,29,445,---,MARKER_TRIPLE_DASH,,0,selected_zero_not_shown,0,true
UIMARI,30,452,30,452,---,MARKER_TRIPLE_DASH,,0,selected_zero_not_shown,0,true
UIMARI,30,452,31,4A0,---,MARKER_TRIPLE_DASH,,0,selected_zero_not_shown,0,true
UIMARI,30,452,32,481,---,MARKER_TRIPLE_DASH,,0,selected_zero_not_shown,0,true
UIMARI,30,452,33,482,---,MARKER_TRIPLE_DASH,,0,selected_zero_not_shown,0,true
UIMARI,30,452,34,483,---,MARKER_TRIPLE_DASH,,0,selected_zero_not_shown,0,true
UIMARI,30,452,35,484,---,MARKER_TRIPLE_DASH,,0,selected_zero_not_shown,0,true
UIMARI,30,452,36,485,---,MARKER_TRIPLE_DASH,,0,selected_zero_not_shown,0,true
UIMARI,30,452,37,486,---,MARKER_TRIPLE_DASH,,0,selected_zero_not_shown,0,true
UIMARI,30,452,38,487OS,---,MARKER_TRIPLE_DASH,,0,selected_zero_not_shown,0,true
UIMARI,30,452,39,493,---,MARKER_TRIPLE_DASH,,0,selected_zero_not_shown,0,true
UIMARI,30,452,40,511,---,MARKER_TRIPLE_DASH,,0,selected_zero_not_shown,0,true
UIMARI,30,452,41,512,---,MARKER_TRIPLE_DASH,,0,selected_zero_not_shown,0,true
UIMARI,30,452,42,513,---,MARKER_TRIPLE_DASH,,0,selected_zero_not_shown,0,true
UIMARI,30,452,43,514,---,MARKER_TRIPLE_DASH,,0,selected_zero_not_shown,0,true
UIMARI,30,452,44,521CI,---,MARKER_TRIPLE_DASH,,0,selected_zero_not_shown,0,true
UIMARI,30,452,45,523,---,MARKER_TRIPLE_DASH,,0,selected_zero_not_shown,0,true
UIMARI,30,452,46,524,---,MARKER_TRIPLE_DASH,,0,selected_zero_not_shown,0,true
UIMARI,30,452,47,525,---,MARKER_TRIPLE_DASH,,0,selected_zero_not_shown,0,true
UIMARI,30,452,48,HS,---,MARKER_TRIPLE_DASH,,0,selected_zero_not_shown,0,true
UIMARI,30,452,49,ORE,---,MARKER_TRIPLE_DASH,,0,selected_zero_not_shown,0,true
UIMARI,30,452,50,532RL,---,MARKER_TRIPLE_DASH,,0,selected_zero_not_shown,0,true
UIMARI,30,452,51,5411,---,MARKER_TRIPLE_DASH,,0,selected_zero_not_shown,0,true
UIMARI,30,452,52,5415,---,MARKER_TRIPLE_DASH,,0,selected_zero_not_shown,0,true
UIMARI,30,452,53,5412OP,---,MARKER_TRIPLE_DASH,,0,selected_zero_not_shown,0,true
UIMARI,30,452,54,55,---,MARKER_TRIPLE_DASH,,0,selected_zero_not_shown,0,true
UIMARI,30,452,55,561,---,MARKER_TRIPLE_DASH,,0,selected_zero_not_shown,0,true
UIMARI,30,452,56,562,---,MARKER_TRIPLE_DASH,,0,selected_zero_not_shown,0,true
UIMARI,30,452,57,61,---,MARKER_TRIPLE_DASH,,0,selected_zero_not_shown,0,true
UIMARI,30,452,58,621,---,MARKER_TRIPLE_DASH,,0,selected_zero_not_shown,0,true
UIMARI,30,452,59,622,---,MARKER_TRIPLE_DASH,,0,selected_zero_not_shown,0,true
UIMARI,30,452,60,623,---,MARKER_TRIPLE_DASH,,0,selected_zero_not_shown,0,true
UIMARI,30,452,61,624,---,MARKER_TRIPLE_DASH,,0,selected_zero_not_shown,0,true
UIMARI,30,452,62,711AS,---,MARKER_TRIPLE_DASH,,0,selected_zero_not_shown,0,true
UIMARI,30,452,63,713,---,MARKER_TRIPLE_DASH,,0,selected_zero_not_shown,0,true
UIMARI,30,452,64,721,---,MARKER_TRIPLE_DASH,,0,selected_zero_not_shown,0,true
UIMARI,30,452,65,722,---,MARKER_TRIPLE_DASH,,0,selected_zero_not_shown,0,true
UIMARI,30,452,66,81,---,MARKER_TRIPLE_DASH,,0,selected_zero_not_shown,0,true
UIMARI,30,452,67,GFGD,---,MARKER_TRIPLE_DASH,,0,selected_zero_not_shown,0,true
UIMARI,30,452,68,GFGN,---,MARKER_TRIPLE_DASH,,0,selected_zero_not_shown,0,true
UIMARI,30,452,69,GFE,---,MARKER_TRIPLE_DASH,,0,selected_zero_not_shown,0,true
UIMARI,30,452,70,GSLG,---,MARKER_TRIPLE_DASH,,0,selected_zero_not_shown,0,true
UIMARI,30,452,71,GSLE,---,MARKER_TRIPLE_DASH,,0,selected_zero_not_shown,0,true
UIMARI,30,452,72,T001,---,MARKER_TRIPLE_DASH,,0,selected_zero_not_shown,0,true
UIMARI,30,452,73,F010,---,MARKER_TRIPLE_DASH,,0,selected_zero_not_shown,0,true
UIMARI,30,452,74,F02S,---,MARKER_TRIPLE_DASH,,0,selected_zero_not_shown,0,true
UIMARI,30,452,75,F02E,---,MARKER_TRIPLE_DASH,,0,selected_zero_not_shown,0,true
UIMARI,30,452,76,F02N,---,MARKER_TRIPLE_DASH,,0,selected_zero_not_shown,0,true
UIMARI,30,452,77,F02R,---,MARKER_TRIPLE_DASH,,0,selected_zero_not_shown,0,true
UIMARI,30,452,78,F030,---,MARKER_TRIPLE_DASH,,0,selected_zero_not_shown,0,true
UIMARI,30,452,79,F040,---,MARKER_TRIPLE_DASH,,0,selected_zero_not_shown,0,true
UIMARI,30,452,80,F050,---,MARKER_TRIPLE_DASH,,0,selected_zero_not_shown,0,true
UIMARI,30,452,81,F06C,---,MARKER_TRIPLE_DASH,,0,selected_zero_not_shown,0,true
UIMARI,30,452,82,F06S,---,MARKER_TRIPLE_DASH,,0,selected_zero_not_shown,0,true
UIMARI,30,452,83,F06E,---,MARKER_TRIPLE_DASH,,0,selected_zero_not_shown,0,true
UIMARI,30,452,84,F06N,---,MARKER_TRIPLE_DASH,,0,selected_zero_not_shown,0,true
UIMARI,30,452,85,F07C,---,MARKER_TRIPLE_DASH,,0,selected_zero_not_shown,0,true
UIMARI,30,452,86,F07S,---,MARKER_TRIPLE_DASH,,0,selected_zero_not_shown,0,true
UIMARI,30,452,87,F07E,---,MARKER_TRIPLE_DASH,,0,selected_zero_not_shown,0,true
UIMARI,30,452,88,F07N,---,MARKER_TRIPLE_DASH,,0,selected_zero_not_shown,0,true
UIMARI,30,452,89,F10C,---,MARKER_TRIPLE_DASH,,0,selected_zero_not_shown,0,true
UIMARI,30,452,90,F10S,---,MARKER_TRIPLE_DASH,,0,selected_zero_not_shown,0,true
UIMARI,30,452,91,F10E,---,MARKER_TRIPLE_DASH,,0,selected_zero_not_shown,0,true
UIMARI,30,452,92,F10N,---,MARKER_TRIPLE_DASH,,0,selected_zero_not_shown,0,true
UIMARI,30,452,93,T004,---,MARKER_TRIPLE_DASH,,0,selected_zero_not_shown,0,true
UIMARI,31,4A0,1,111CA,---,MARKER_TRIPLE_DASH,,0,selected_zero_not_shown,0,true
UIMARI,31,4A0,2,113FF,---,MARKER_TRIPLE_DASH,,0,selected_zero_not_shown,0,true
UIMARI,31,4A0,3,211,---,MARKER_TRIPLE_DASH,,0,selected_zero_not_shown,0,true
UIMARI,31,4A0,4,212,---,MARKER_TRIPLE_DASH,,0,selected_zero_not_shown,0,true
UIMARI,31,4A0,5,213,---,MARKER_TRIPLE_DASH,,0,selected_zero_not_shown,0,true
UIMARI,31,4A0,6,22,---,MARKER_TRIPLE_DASH,,0,selected_zero_not_shown,0,true
UIMARI,31,4A0,7,23,---,MARKER_TRIPLE_DASH,,0,selected_zero_not_shown,0,true
UIMARI,31,4A0,8,321,---,MARKER_TRIPLE_DASH,,0,selected_zero_not_shown,0,true
UIMARI,31,4A0,9,327,---,MARKER_TRIPLE_DASH,,0,selected_zero_not_shown,0,true
UIMARI,31,4A0,10,331,---,MARKER_TRIPLE_DASH,,0,selected_zero_not_shown,0,true
UIMARI,31,4A0,11,332,---,MARKER_TRIPLE_DASH,,0,selected_zero_not_shown,0,true
UIMARI,31,4A0,12,333,---,MARKER_TRIPLE_DASH,,0,selected_zero_not_shown,0,true
UIMARI,31,4A0,13,334,---,MARKER_TRIPLE_DASH,,0,selected_zero_not_shown,0,true
UIMARI,31,4A0,14,335,---,MARKER_TRIPLE_DASH,,0,selected_zero_not_shown,0,true
UIMARI,31,4A0,15,3361MV,---,MARKER_TRIPLE_DASH,,0,selected_zero_not_shown,0,true
UIMARI,31,4A0,16,3364OT,---,MARKER_TRIPLE_DASH,,0,selected_zero_not_shown,0,true
UIMARI,31,4A0,17,337,---,MARKER_TRIPLE_DASH,,0,selected_zero_not_shown,0,true
UIMARI,31,4A0,18,339,---,MARKER_TRIPLE_DASH,,0,selected_zero_not_shown,0,true
UIMARI,31,4A0,19,311FT,---,MARKER_TRIPLE_DASH,,0,selected_zero_not_shown,0,true
UIMARI,31,4A0,20,313TT,---,MARKER_TRIPLE_DASH,,0,selected_zero_not_shown,0,true
UIMARI,31,4A0,21,315AL,---,MARKER_TRIPLE_DASH,,0,selected_zero_not_shown,0,true
UIMARI,31,4A0,22,322,---,MARKER_TRIPLE_DASH,,0,selected_zero_not_shown,0,true
UIMARI,31,4A0,23,323,---,MARKER_TRIPLE_DASH,,0,selected_zero_not_shown,0,true
UIMARI,31,4A0,24,324,---,MARKER_TRIPLE_DASH,,0,selected_zero_not_shown,0,true
UIMARI,31,4A0,25,325,---,MARKER_TRIPLE_DASH,,0,selected_zero_not_shown,0,true
UIMARI,31,4A0,26,326,---,MARKER_TRIPLE_DASH,,0,selected_zero_not_shown,0,true
UIMARI,31,4A0,27,42,---,MARKER_TRIPLE_DASH,,0,selected_zero_not_shown,0,true
UIMARI,31,4A0,28,441,---,MARKER_TRIPLE_DASH,,0,selected_zero_not_shown,0,true
UIMARI,31,4A0,29,445,---,MARKER_TRIPLE_DASH,,0,selected_zero_not_shown,0,true
UIMARI,31,4A0,30,452,---,MARKER_TRIPLE_DASH,,0,selected_zero_not_shown,0,true
UIMARI,31,4A0,31,4A0,---,MARKER_TRIPLE_DASH,,0,selected_zero_not_shown,0,true
UIMARI,31,4A0,32,481,---,MARKER_TRIPLE_DASH,,0,selected_zero_not_shown,0,true
UIMARI,31,4A0,33,482,---,MARKER_TRIPLE_DASH,,0,selected_zero_not_shown,0,true
UIMARI,31,4A0,34,483,---,MARKER_TRIPLE_DASH,,0,selected_zero_not_shown,0,true
UIMARI,31,4A0,35,484,---,MARKER_TRIPLE_DASH,,0,selected_zero_not_shown,0,true
UIMARI,31,4A0,36,485,---,MARKER_TRIPLE_DASH,,0,selected_zero_not_shown,0,true
UIMARI,31,4A0,37,486,---,MARKER_TRIPLE_DASH,,0,selected_zero_not_shown,0,true
UIMARI,31,4A0,38,487OS,---,MARKER_TRIPLE_DASH,,0,selected_zero_not_shown,0,true
UIMARI,31,4A0,39,493,---,MARKER_TRIPLE_DASH,,0,selected_zero_not_shown,0,true
UIMARI,31,4A0,40,511,---,MARKER_TRIPLE_DASH,,0,selected_zero_not_shown,0,true
UIMARI,31,4A0,41,512,---,MARKER_TRIPLE_DASH,,0,selected_zero_not_shown,0,true
UIMARI,31,4A0,42,513,---,MARKER_TRIPLE_DASH,,0,selected_zero_not_shown,0,true
UIMARI,31,4A0,43,514,---,MARKER_TRIPLE_DASH,,0,selected_zero_not_shown,0,true
UIMARI,31,4A0,44,521CI,---,MARKER_TRIPLE_DASH,,0,selected_zero_not_shown,0,true
UIMARI,31,4A0,45,523,---,MARKER_TRIPLE_DASH,,0,selected_zero_not_shown,0,true
UIMARI,31,4A0,46,524,---,MARKER_TRIPLE_DASH,,0,selected_zero_not_shown,0,true
UIMARI,31,4A0,47,525,---,MARKER_TRIPLE_DASH,,0,selected_zero_not_shown,0,true
UIMARI,31,4A0,48,HS,---,MARKER_TRIPLE_DASH,,0,selected_zero_not_shown,0,true
UIMARI,31,4A0,49,ORE,---,MARKER_TRIPLE_DASH,,0,selected_zero_not_shown,0,true
UIMARI,31,4A0,50,532RL,---,MARKER_TRIPLE_DASH,,0,selected_zero_not_shown,0,true
UIMARI,31,4A0,51,5411,---,MARKER_TRIPLE_DASH,,0,selected_zero_not_shown,0,true
UIMARI,31,4A0,52,5415,---,MARKER_TRIPLE_DASH,,0,selected_zero_not_shown,0,true
UIMARI,31,4A0,53,5412OP,---,MARKER_TRIPLE_DASH,,0,selected_zero_not_shown,0,true
UIMARI,31,4A0,54,55,---,MARKER_TRIPLE_DASH,,0,selected_zero_not_shown,0,true
UIMARI,31,4A0,55,561,---,MARKER_TRIPLE_DASH,,0,selected_zero_not_shown,0,true
UIMARI,31,4A0,56,562,---,MARKER_TRIPLE_DASH,,0,selected_zero_not_shown,0,true
UIMARI,31,4A0,57,61,---,MARKER_TRIPLE_DASH,,0,selected_zero_not_shown,0,true
UIMARI,31,4A0,58,621,---,MARKER_TRIPLE_DASH,,0,selected_zero_not_shown,0,true
UIMARI,31,4A0,59,622,---,MARKER_TRIPLE_DASH,,0,selected_zero_not_shown,0,true
UIMARI,31,4A0,60,623,---,MARKER_TRIPLE_DASH,,0,selected_zero_not_shown,0,true
UIMARI,31,4A0,61,624,---,MARKER_TRIPLE_DASH,,0,selected_zero_not_shown,0,true
UIMARI,31,4A0,62,711AS,---,MARKER_TRIPLE_DASH,,0,selected_zero_not_shown,0,true
UIMARI,31,4A0,63,713,---,MARKER_TRIPLE_DASH,,0,selected_zero_not_shown,0,true
UIMARI,31,4A0,64,721,---,MARKER_TRIPLE_DASH,,0,selected_zero_not_shown,0,true
UIMARI,31,4A0,65,722,---,MARKER_TRIPLE_DASH,,0,selected_zero_not_shown,0,true
UIMARI,31,4A0,66,81,---,MARKER_TRIPLE_DASH,,0,selected_zero_not_shown,0,true
UIMARI,31,4A0,67,GFGD,---,MARKER_TRIPLE_DASH,,0,selected_zero_not_shown,0,true
UIMARI,31,4A0,68,GFGN,---,MARKER_TRIPLE_DASH,,0,selected_zero_not_shown,0,true
UIMARI,31,4A0,69,GFE,---,MARKER_TRIPLE_DASH,,0,selected_zero_not_shown,0,true
UIMARI,31,4A0,70,GSLG,---,MARKER_TRIPLE_DASH,,0,selected_zero_not_shown,0,true
UIMARI,31,4A0,71,GSLE,---,MARKER_TRIPLE_DASH,,0,selected_zero_not_shown,0,true
UIMARI,31,4A0,72,T001,---,MARKER_TRIPLE_DASH,,0,selected_zero_not_shown,0,true
UIMARI,31,4A0,73,F010,---,MARKER_TRIPLE_DASH,,0,selected_zero_not_shown,0,true
UIMARI,31,4A0,74,F02S,---,MARKER_TRIPLE_DASH,,0,selected_zero_not_shown,0,true
UIMARI,31,4A0,75,F02E,---,MARKER_TRIPLE_DASH,,0,selected_zero_not_shown,0,true
UIMARI,31,4A0,76,F02N,---,MARKER_TRIPLE_DASH,,0,selected_zero_not_shown,0,true
UIMARI,31,4A0,77,F02R,---,MARKER_TRIPLE_DASH,,0,selected_zero_not_shown,0,true
UIMARI,31,4A0,78,F030,---,MARKER_TRIPLE_DASH,,0,selected_zero_not_shown,0,true
UIMARI,31,4A0,79,F040,---,MARKER_TRIPLE_DASH,,0,selected_zero_not_shown,0,true
UIMARI,31,4A0,80,F050,---,MARKER_TRIPLE_DASH,,0,selected_zero_not_shown,0,true
UIMARI,31,4A0,81,F06C,---,MARKER_TRIPLE_DASH,,0,selected_zero_not_shown,0,true
UIMARI,31,4A0,82,F06S,---,MARKER_TRIPLE_DASH,,0,selected_zero_not_shown,0,true
UIMARI,31,4A0,83,F06E,---,MARKER_TRIPLE_DASH,,0,selected_zero_not_shown,0,true
UIMARI,31,4A0,84,F06N,---,MARKER_TRIPLE_DASH,,0,selected_zero_not_shown,0,true
UIMARI,31,4A0,85,F07C,---,MARKER_TRIPLE_DASH,,0,selected_zero_not_shown,0,true
UIMARI,31,4A0,86,F07S,---,MARKER_TRIPLE_DASH,,0,selected_zero_not_shown,0,true
UIMARI,31,4A0,87,F07E,---,MARKER_TRIPLE_DASH,,0,selected_zero_not_shown,0,true
UIMARI,31,4A0,88,F07N,---,MARKER_TRIPLE_DASH,,0,selected_zero_not_shown,0,true
UIMARI,31,4A0,89,F10C,---,MARKER_TRIPLE_DASH,,0,selected_zero_not_shown,0,true
UIMARI,31,4A0,90,F10S,---,MARKER_TRIPLE_DASH,,0,selected_zero_not_shown,0,true
UIMARI,31,4A0,91,F10E,---,MARKER_TRIPLE_DASH,,0,selected_zero_not_shown,0,true
UIMARI,31,4A0,92,F10N,---,MARKER_TRIPLE_DASH,,0,selected_zero_not_shown,0,true
UIMARI,31,4A0,93,T004,---,MARKER_TRIPLE_DASH,,0,selected_zero_not_shown,0,true
UIMARI,32,481,1,111CA,---,MARKER_TRIPLE_DASH,,0,selected_zero_not_shown,0,true
UIMARI,32,481,2,113FF,---,MARKER_TRIPLE_DASH,,0,selected_zero_not_shown,0,true
UIMARI,32,481,3,211,0,LITERAL_ZERO,0,0,numeric,0,true
UIMARI,32,481,4,212,2,NONZERO_INTEGER,2,2,numeric,2,true
UIMARI,32,481,5,213,37,NONZERO_INTEGER,37,37,numeric,37,true
UIMARI,32,481,6,22,154,NONZERO_INTEGER,154,154,numeric,154,true
UIMARI,32,481,7,23,104,NONZERO_INTEGER,104,104,numeric,104,true
UIMARI,32,481,8,321,48,NONZERO_INTEGER,48,48,numeric,48,true
UIMARI,32,481,9,327,58,NONZERO_INTEGER,58,58,numeric,58,true
UIMARI,32,481,10,331,49,NONZERO_INTEGER,49,49,numeric,49,true
UIMARI,32,481,11,332,85,NONZERO_INTEGER,85,85,numeric,85,true
UIMARI,32,481,12,333,48,NONZERO_INTEGER,48,48,numeric,48,true
UIMARI,32,481,13,334,5,NONZERO_INTEGER,5,5,numeric,5,true
UIMARI,32,481,14,335,6,NONZERO_INTEGER,6,6,numeric,6,true
UIMARI,32,481,15,3361MV,53,NONZERO_INTEGER,53,53,numeric,53,true
UIMARI,32,481,16,3364OT,11,NONZERO_INTEGER,11,11,numeric,11,true
UIMARI,32,481,17,337,23,NONZERO_INTEGER,23,23,numeric,23,true
UIMARI,32,481,18,339,25,NONZERO_INTEGER,25,25,numeric,25,true
UIMARI,32,481,19,311FT,100,NONZERO_INTEGER,100,100,numeric,100,true
UIMARI,32,481,20,313TT,3,NONZERO_INTEGER,3,3,numeric,3,true
UIMARI,32,481,21,315AL,0,LITERAL_ZERO,0,0,numeric,0,true
UIMARI,32,481,22,322,44,NONZERO_INTEGER,44,44,numeric,44,true
UIMARI,32,481,23,323,36,NONZERO_INTEGER,36,36,numeric,36,true
UIMARI,32,481,24,324,10,NONZERO_INTEGER,10,10,numeric,10,true
UIMARI,32,481,25,325,35,NONZERO_INTEGER,35,35,numeric,35,true
UIMARI,32,481,26,326,74,NONZERO_INTEGER,74,74,numeric,74,true
UIMARI,32,481,27,42,"1,468",NONZERO_INTEGER,1468,1468,numeric,1468,true
UIMARI,32,481,28,441,44,NONZERO_INTEGER,44,44,numeric,44,true
UIMARI,32,481,29,445,3,NONZERO_INTEGER,3,3,numeric,3,true
UIMARI,32,481,30,452,8,NONZERO_INTEGER,8,8,numeric,8,true
UIMARI,32,481,31,4A0,5,NONZERO_INTEGER,5,5,numeric,5,true
UIMARI,32,481,32,481,0,LITERAL_ZERO,0,0,numeric,0,true
UIMARI,32,481,33,482,12,NONZERO_INTEGER,12,12,numeric,12,true
UIMARI,32,481,34,483,---,MARKER_TRIPLE_DASH,,0,selected_zero_not_shown,0,true
UIMARI,32,481,35,484,---,MARKER_TRIPLE_DASH,,0,selected_zero_not_shown,0,true
UIMARI,32,481,36,485,---,MARKER_TRIPLE_DASH,,0,selected_zero_not_shown,0,true
UIMARI,32,481,37,486,4,NONZERO_INTEGER,4,4,numeric,4,true
UIMARI,32,481,38,487OS,17,NONZERO_INTEGER,17,17,numeric,17,true
UIMARI,32,481,39,493,3,NONZERO_INTEGER,3,3,numeric,3,true
UIMARI,32,481,40,511,103,NONZERO_INTEGER,103,103,numeric,103,true
UIMARI,32,481,41,512,45,NONZERO_INTEGER,45,45,numeric,45,true
UIMARI,32,481,42,513,124,NONZERO_INTEGER,124,124,numeric,124,true
UIMARI,32,481,43,514,620,NONZERO_INTEGER,620,620,numeric,620,true
UIMARI,32,481,44,521CI,"1,453",NONZERO_INTEGER,1453,1453,numeric,1453,true
UIMARI,32,481,45,523,821,NONZERO_INTEGER,821,821,numeric,821,true
UIMARI,32,481,46,524,45,NONZERO_INTEGER,45,45,numeric,45,true
UIMARI,32,481,47,525,101,NONZERO_INTEGER,101,101,numeric,101,true
UIMARI,32,481,48,HS,1,NONZERO_INTEGER,1,1,numeric,1,true
UIMARI,32,481,49,ORE,"3,282",NONZERO_INTEGER,3282,3282,numeric,3282,true
UIMARI,32,481,50,532RL,457,NONZERO_INTEGER,457,457,numeric,457,true
UIMARI,32,481,51,5411,225,NONZERO_INTEGER,225,225,numeric,225,true
UIMARI,32,481,52,5415,"1,181",NONZERO_INTEGER,1181,1181,numeric,1181,true
UIMARI,32,481,53,5412OP,"1,108",NONZERO_INTEGER,1108,1108,numeric,1108,true
UIMARI,32,481,54,55,98,NONZERO_INTEGER,98,98,numeric,98,true
UIMARI,32,481,55,561,"1,018",NONZERO_INTEGER,1018,1018,numeric,1018,true
UIMARI,32,481,56,562,123,NONZERO_INTEGER,123,123,numeric,123,true
UIMARI,32,481,57,61,248,NONZERO_INTEGER,248,248,numeric,248,true
UIMARI,32,481,58,621,"1,076",NONZERO_INTEGER,1076,1076,numeric,1076,true
UIMARI,32,481,59,622,60,NONZERO_INTEGER,60,60,numeric,60,true
UIMARI,32,481,60,623,86,NONZERO_INTEGER,86,86,numeric,86,true
UIMARI,32,481,61,624,176,NONZERO_INTEGER,176,176,numeric,176,true
UIMARI,32,481,62,711AS,34,NONZERO_INTEGER,34,34,numeric,34,true
UIMARI,32,481,63,713,53,NONZERO_INTEGER,53,53,numeric,53,true
UIMARI,32,481,64,721,45,NONZERO_INTEGER,45,45,numeric,45,true
UIMARI,32,481,65,722,883,NONZERO_INTEGER,883,883,numeric,883,true
UIMARI,32,481,66,81,210,NONZERO_INTEGER,210,210,numeric,210,true
UIMARI,32,481,67,GFGD,---,MARKER_TRIPLE_DASH,,0,selected_zero_not_shown,0,true
UIMARI,32,481,68,GFGN,"1,156",NONZERO_INTEGER,1156,1156,numeric,1156,true
UIMARI,32,481,69,GFE,15,NONZERO_INTEGER,15,15,numeric,15,true
UIMARI,32,481,70,GSLG,857,NONZERO_INTEGER,857,857,numeric,857,true
UIMARI,32,481,71,GSLE,28,NONZERO_INTEGER,28,28,numeric,28,true
UIMARI,32,481,72,T001,"18,305",NONZERO_INTEGER,18305,18305,numeric,18305,true
UIMARI,32,481,73,F010,"52,541",NONZERO_INTEGER,52541,52541,numeric,52541,true
UIMARI,32,481,74,F02S,---,MARKER_TRIPLE_DASH,,0,selected_zero_not_shown,0,true
UIMARI,32,481,75,F02E,---,MARKER_TRIPLE_DASH,,0,selected_zero_not_shown,0,true
UIMARI,32,481,76,F02N,---,MARKER_TRIPLE_DASH,,0,selected_zero_not_shown,0,true
UIMARI,32,481,77,F02R,---,MARKER_TRIPLE_DASH,,0,selected_zero_not_shown,0,true
UIMARI,32,481,78,F030,---,MARKER_TRIPLE_DASH,,0,selected_zero_not_shown,0,true
UIMARI,32,481,79,F040,---,MARKER_TRIPLE_DASH,,0,selected_zero_not_shown,0,true
UIMARI,32,481,80,F050,"-70,846",NONZERO_INTEGER,-70846,-70846,numeric,-70846,true
UIMARI,32,481,81,F06C,---,MARKER_TRIPLE_DASH,,0,selected_zero_not_shown,0,true
UIMARI,32,481,82,F06S,---,MARKER_TRIPLE_DASH,,0,selected_zero_not_shown,0,true
UIMARI,32,481,83,F06E,---,MARKER_TRIPLE_DASH,,0,selected_zero_not_shown,0,true
UIMARI,32,481,84,F06N,---,MARKER_TRIPLE_DASH,,0,selected_zero_not_shown,0,true
UIMARI,32,481,85,F07C,---,MARKER_TRIPLE_DASH,,0,selected_zero_not_shown,0,true
UIMARI,32,481,86,F07S,---,MARKER_TRIPLE_DASH,,0,selected_zero_not_shown,0,true
UIMARI,32,481,87,F07E,---,MARKER_TRIPLE_DASH,,0,selected_zero_not_shown,0,true
UIMARI,32,481,88,F07N,---,MARKER_TRIPLE_DASH,,0,selected_zero_not_shown,0,true
UIMARI,32,481,89,F10C,---,MARKER_TRIPLE_DASH,,0,selected_zero_not_shown,0,true
UIMARI,32,481,90,F10S,---,MARKER_TRIPLE_DASH,,0,selected_zero_not_shown,0,true
UIMARI,32,481,91,F10E,---,MARKER_TRIPLE_DASH,,0,selected_zero_not_shown,0,true
UIMARI,32,481,92,F10N,---,MARKER_TRIPLE_DASH,,0,selected_zero_not_shown,0,true
UIMARI,32,481,93,T004,"-18,305",NONZERO_INTEGER,-18305,-18305,numeric,-18305,true
UIMARI,33,482,1,111CA,---,MARKER_TRIPLE_DASH,,0,selected_zero_not_shown,0,true
UIMARI,33,482,2,113FF,---,MARKER_TRIPLE_DASH,,0,selected_zero_not_shown,0,true
UIMARI,33,482,3,211,---,MARKER_TRIPLE_DASH,,0,selected_zero_not_shown,0,true
UIMARI,33,482,4,212,---,MARKER_TRIPLE_DASH,,0,selected_zero_not_shown,0,true
UIMARI,33,482,5,213,---,MARKER_TRIPLE_DASH,,0,selected_zero_not_shown,0,true
UIMARI,33,482,6,22,---,MARKER_TRIPLE_DASH,,0,selected_zero_not_shown,0,true
UIMARI,33,482,7,23,---,MARKER_TRIPLE_DASH,,0,selected_zero_not_shown,0,true
UIMARI,33,482,8,321,---,MARKER_TRIPLE_DASH,,0,selected_zero_not_shown,0,true
UIMARI,33,482,9,327,---,MARKER_TRIPLE_DASH,,0,selected_zero_not_shown,0,true
UIMARI,33,482,10,331,---,MARKER_TRIPLE_DASH,,0,selected_zero_not_shown,0,true
UIMARI,33,482,11,332,---,MARKER_TRIPLE_DASH,,0,selected_zero_not_shown,0,true
UIMARI,33,482,12,333,---,MARKER_TRIPLE_DASH,,0,selected_zero_not_shown,0,true
UIMARI,33,482,13,334,---,MARKER_TRIPLE_DASH,,0,selected_zero_not_shown,0,true
UIMARI,33,482,14,335,---,MARKER_TRIPLE_DASH,,0,selected_zero_not_shown,0,true
UIMARI,33,482,15,3361MV,---,MARKER_TRIPLE_DASH,,0,selected_zero_not_shown,0,true
UIMARI,33,482,16,3364OT,---,MARKER_TRIPLE_DASH,,0,selected_zero_not_shown,0,true
UIMARI,33,482,17,337,---,MARKER_TRIPLE_DASH,,0,selected_zero_not_shown,0,true
UIMARI,33,482,18,339,---,MARKER_TRIPLE_DASH,,0,selected_zero_not_shown,0,true
UIMARI,33,482,19,311FT,---,MARKER_TRIPLE_DASH,,0,selected_zero_not_shown,0,true
UIMARI,33,482,20,313TT,---,MARKER_TRIPLE_DASH,,0,selected_zero_not_shown,0,true
UIMARI,33,482,21,315AL,---,MARKER_TRIPLE_DASH,,0,selected_zero_not_shown,0,true
UIMARI,33,482,22,322,---,MARKER_TRIPLE_DASH,,0,selected_zero_not_shown,0,true
UIMARI,33,482,23,323,---,MARKER_TRIPLE_DASH,,0,selected_zero_not_shown,0,true
UIMARI,33,482,24,324,---,MARKER_TRIPLE_DASH,,0,selected_zero_not_shown,0,true
UIMARI,33,482,25,325,---,MARKER_TRIPLE_DASH,,0,selected_zero_not_shown,0,true
UIMARI,33,482,26,326,---,MARKER_TRIPLE_DASH,,0,selected_zero_not_shown,0,true
UIMARI,33,482,27,42,---,MARKER_TRIPLE_DASH,,0,selected_zero_not_shown,0,true
UIMARI,33,482,28,441,---,MARKER_TRIPLE_DASH,,0,selected_zero_not_shown,0,true
UIMARI,33,482,29,445,---,MARKER_TRIPLE_DASH,,0,selected_zero_not_shown,0,true
UIMARI,33,482,30,452,---,MARKER_TRIPLE_DASH,,0,selected_zero_not_shown,0,true
UIMARI,33,482,31,4A0,---,MARKER_TRIPLE_DASH,,0,selected_zero_not_shown,0,true
UIMARI,33,482,32,481,---,MARKER_TRIPLE_DASH,,0,selected_zero_not_shown,0,true
UIMARI,33,482,33,482,---,MARKER_TRIPLE_DASH,,0,selected_zero_not_shown,0,true
UIMARI,33,482,34,483,---,MARKER_TRIPLE_DASH,,0,selected_zero_not_shown,0,true
UIMARI,33,482,35,484,---,MARKER_TRIPLE_DASH,,0,selected_zero_not_shown,0,true
UIMARI,33,482,36,485,---,MARKER_TRIPLE_DASH,,0,selected_zero_not_shown,0,true
UIMARI,33,482,37,486,---,MARKER_TRIPLE_DASH,,0,selected_zero_not_shown,0,true
UIMARI,33,482,38,487OS,---,MARKER_TRIPLE_DASH,,0,selected_zero_not_shown,0,true
UIMARI,33,482,39,493,---,MARKER_TRIPLE_DASH,,0,selected_zero_not_shown,0,true
UIMARI,33,482,40,511,---,MARKER_TRIPLE_DASH,,0,selected_zero_not_shown,0,true
UIMARI,33,482,41,512,---,MARKER_TRIPLE_DASH,,0,selected_zero_not_shown,0,true
UIMARI,33,482,42,513,---,MARKER_TRIPLE_DASH,,0,selected_zero_not_shown,0,true
UIMARI,33,482,43,514,---,MARKER_TRIPLE_DASH,,0,selected_zero_not_shown,0,true
UIMARI,33,482,44,521CI,---,MARKER_TRIPLE_DASH,,0,selected_zero_not_shown,0,true
UIMARI,33,482,45,523,---,MARKER_TRIPLE_DASH,,0,selected_zero_not_shown,0,true
UIMARI,33,482,46,524,---,MARKER_TRIPLE_DASH,,0,selected_zero_not_shown,0,true
UIMARI,33,482,47,525,---,MARKER_TRIPLE_DASH,,0,selected_zero_not_shown,0,true
UIMARI,33,482,48,HS,---,MARKER_TRIPLE_DASH,,0,selected_zero_not_shown,0,true
UIMARI,33,482,49,ORE,---,MARKER_TRIPLE_DASH,,0,selected_zero_not_shown,0,true
UIMARI,33,482,50,532RL,---,MARKER_TRIPLE_DASH,,0,selected_zero_not_shown,0,true
UIMARI,33,482,51,5411,---,MARKER_TRIPLE_DASH,,0,selected_zero_not_shown,0,true
UIMARI,33,482,52,5415,---,MARKER_TRIPLE_DASH,,0,selected_zero_not_shown,0,true
UIMARI,33,482,53,5412OP,---,MARKER_TRIPLE_DASH,,0,selected_zero_not_shown,0,true
UIMARI,33,482,54,55,---,MARKER_TRIPLE_DASH,,0,selected_zero_not_shown,0,true
UIMARI,33,482,55,561,---,MARKER_TRIPLE_DASH,,0,selected_zero_not_shown,0,true
UIMARI,33,482,56,562,---,MARKER_TRIPLE_DASH,,0,selected_zero_not_shown,0,true
UIMARI,33,482,57,61,---,MARKER_TRIPLE_DASH,,0,selected_zero_not_shown,0,true
UIMARI,33,482,58,621,---,MARKER_TRIPLE_DASH,,0,selected_zero_not_shown,0,true
UIMARI,33,482,59,622,---,MARKER_TRIPLE_DASH,,0,selected_zero_not_shown,0,true
UIMARI,33,482,60,623,---,MARKER_TRIPLE_DASH,,0,selected_zero_not_shown,0,true
UIMARI,33,482,61,624,---,MARKER_TRIPLE_DASH,,0,selected_zero_not_shown,0,true
UIMARI,33,482,62,711AS,---,MARKER_TRIPLE_DASH,,0,selected_zero_not_shown,0,true
UIMARI,33,482,63,713,---,MARKER_TRIPLE_DASH,,0,selected_zero_not_shown,0,true
UIMARI,33,482,64,721,---,MARKER_TRIPLE_DASH,,0,selected_zero_not_shown,0,true
UIMARI,33,482,65,722,---,MARKER_TRIPLE_DASH,,0,selected_zero_not_shown,0,true
UIMARI,33,482,66,81,---,MARKER_TRIPLE_DASH,,0,selected_zero_not_shown,0,true
UIMARI,33,482,67,GFGD,---,MARKER_TRIPLE_DASH,,0,selected_zero_not_shown,0,true
UIMARI,33,482,68,GFGN,---,MARKER_TRIPLE_DASH,,0,selected_zero_not_shown,0,true
UIMARI,33,482,69,GFE,---,MARKER_TRIPLE_DASH,,0,selected_zero_not_shown,0,true
UIMARI,33,482,70,GSLG,---,MARKER_TRIPLE_DASH,,0,selected_zero_not_shown,0,true
UIMARI,33,482,71,GSLE,---,MARKER_TRIPLE_DASH,,0,selected_zero_not_shown,0,true
UIMARI,33,482,72,T001,---,MARKER_TRIPLE_DASH,,0,selected_zero_not_shown,0,true
UIMARI,33,482,73,F010,---,MARKER_TRIPLE_DASH,,0,selected_zero_not_shown,0,true
UIMARI,33,482,74,F02S,---,MARKER_TRIPLE_DASH,,0,selected_zero_not_shown,0,true
UIMARI,33,482,75,F02E,---,MARKER_TRIPLE_DASH,,0,selected_zero_not_shown,0,true
UIMARI,33,482,76,F02N,---,MARKER_TRIPLE_DASH,,0,selected_zero_not_shown,0,true
UIMARI,33,482,77,F02R,---,MARKER_TRIPLE_DASH,,0,selected_zero_not_shown,0,true
UIMARI,33,482,78,F030,---,MARKER_TRIPLE_DASH,,0,selected_zero_not_shown,0,true
UIMARI,33,482,79,F040,---,MARKER_TRIPLE_DASH,,0,selected_zero_not_shown,0,true
UIMARI,33,482,80,F050,---,MARKER_TRIPLE_DASH,,0,selected_zero_not_shown,0,true
UIMARI,33,482,81,F06C,---,MARKER_TRIPLE_DASH,,0,selected_zero_not_shown,0,true
UIMARI,33,482,82,F06S,---,MARKER_TRIPLE_DASH,,0,selected_zero_not_shown,0,true
UIMARI,33,482,83,F06E,---,MARKER_TRIPLE_DASH,,0,selected_zero_not_shown,0,true
UIMARI,33,482,84,F06N,---,MARKER_TRIPLE_DASH,,0,selected_zero_not_shown,0,true
UIMARI,33,482,85,F07C,---,MARKER_TRIPLE_DASH,,0,selected_zero_not_shown,0,true
UIMARI,33,482,86,F07S,---,MARKER_TRIPLE_DASH,,0,selected_zero_not_shown,0,true
UIMARI,33,482,87,F07E,---,MARKER_TRIPLE_DASH,,0,selected_zero_not_shown,0,true
UIMARI,33,482,88,F07N,---,MARKER_TRIPLE_DASH,,0,selected_zero_not_shown,0,true
UIMARI,33,482,89,F10C,---,MARKER_TRIPLE_DASH,,0,selected_zero_not_shown,0,true
UIMARI,33,482,90,F10S,---,MARKER_TRIPLE_DASH,,0,selected_zero_not_shown,0,true
UIMARI,33,482,91,F10E,---,MARKER_TRIPLE_DASH,,0,selected_zero_not_shown,0,true
UIMARI,33,482,92,F10N,---,MARKER_TRIPLE_DASH,,0,selected_zero_not_shown,0,true
UIMARI,33,482,93,T004,---,MARKER_TRIPLE_DASH,,0,selected_zero_not_shown,0,true
UIMARI,34,483,1,111CA,---,MARKER_TRIPLE_DASH,,0,selected_zero_not_shown,0,true
UIMARI,34,483,2,113FF,---,MARKER_TRIPLE_DASH,,0,selected_zero_not_shown,0,true
UIMARI,34,483,3,211,---,MARKER_TRIPLE_DASH,,0,selected_zero_not_shown,0,true
UIMARI,34,483,4,212,---,MARKER_TRIPLE_DASH,,0,selected_zero_not_shown,0,true
UIMARI,34,483,5,213,---,MARKER_TRIPLE_DASH,,0,selected_zero_not_shown,0,true
UIMARI,34,483,6,22,---,MARKER_TRIPLE_DASH,,0,selected_zero_not_shown,0,true
UIMARI,34,483,7,23,---,MARKER_TRIPLE_DASH,,0,selected_zero_not_shown,0,true
UIMARI,34,483,8,321,---,MARKER_TRIPLE_DASH,,0,selected_zero_not_shown,0,true
UIMARI,34,483,9,327,---,MARKER_TRIPLE_DASH,,0,selected_zero_not_shown,0,true
UIMARI,34,483,10,331,---,MARKER_TRIPLE_DASH,,0,selected_zero_not_shown,0,true
UIMARI,34,483,11,332,---,MARKER_TRIPLE_DASH,,0,selected_zero_not_shown,0,true
UIMARI,34,483,12,333,---,MARKER_TRIPLE_DASH,,0,selected_zero_not_shown,0,true
UIMARI,34,483,13,334,---,MARKER_TRIPLE_DASH,,0,selected_zero_not_shown,0,true
UIMARI,34,483,14,335,---,MARKER_TRIPLE_DASH,,0,selected_zero_not_shown,0,true
UIMARI,34,483,15,3361MV,---,MARKER_TRIPLE_DASH,,0,selected_zero_not_shown,0,true
UIMARI,34,483,16,3364OT,---,MARKER_TRIPLE_DASH,,0,selected_zero_not_shown,0,true
UIMARI,34,483,17,337,---,MARKER_TRIPLE_DASH,,0,selected_zero_not_shown,0,true
UIMARI,34,483,18,339,---,MARKER_TRIPLE_DASH,,0,selected_zero_not_shown,0,true
UIMARI,34,483,19,311FT,---,MARKER_TRIPLE_DASH,,0,selected_zero_not_shown,0,true
UIMARI,34,483,20,313TT,---,MARKER_TRIPLE_DASH,,0,selected_zero_not_shown,0,true
UIMARI,34,483,21,315AL,---,MARKER_TRIPLE_DASH,,0,selected_zero_not_shown,0,true
UIMARI,34,483,22,322,---,MARKER_TRIPLE_DASH,,0,selected_zero_not_shown,0,true
UIMARI,34,483,23,323,---,MARKER_TRIPLE_DASH,,0,selected_zero_not_shown,0,true
UIMARI,34,483,24,324,---,MARKER_TRIPLE_DASH,,0,selected_zero_not_shown,0,true
UIMARI,34,483,25,325,---,MARKER_TRIPLE_DASH,,0,selected_zero_not_shown,0,true
UIMARI,34,483,26,326,---,MARKER_TRIPLE_DASH,,0,selected_zero_not_shown,0,true
UIMARI,34,483,27,42,---,MARKER_TRIPLE_DASH,,0,selected_zero_not_shown,0,true
UIMARI,34,483,28,441,---,MARKER_TRIPLE_DASH,,0,selected_zero_not_shown,0,true
UIMARI,34,483,29,445,---,MARKER_TRIPLE_DASH,,0,selected_zero_not_shown,0,true
UIMARI,34,483,30,452,---,MARKER_TRIPLE_DASH,,0,selected_zero_not_shown,0,true
UIMARI,34,483,31,4A0,---,MARKER_TRIPLE_DASH,,0,selected_zero_not_shown,0,true
UIMARI,34,483,32,481,---,MARKER_TRIPLE_DASH,,0,selected_zero_not_shown,0,true
UIMARI,34,483,33,482,---,MARKER_TRIPLE_DASH,,0,selected_zero_not_shown,0,true
UIMARI,34,483,34,483,---,MARKER_TRIPLE_DASH,,0,selected_zero_not_shown,0,true
UIMARI,34,483,35,484,---,MARKER_TRIPLE_DASH,,0,selected_zero_not_shown,0,true
UIMARI,34,483,36,485,---,MARKER_TRIPLE_DASH,,0,selected_zero_not_shown,0,true
UIMARI,34,483,37,486,---,MARKER_TRIPLE_DASH,,0,selected_zero_not_shown,0,true
UIMARI,34,483,38,487OS,---,MARKER_TRIPLE_DASH,,0,selected_zero_not_shown,0,true
UIMARI,34,483,39,493,---,MARKER_TRIPLE_DASH,,0,selected_zero_not_shown,0,true
UIMARI,34,483,40,511,---,MARKER_TRIPLE_DASH,,0,selected_zero_not_shown,0,true
UIMARI,34,483,41,512,---,MARKER_TRIPLE_DASH,,0,selected_zero_not_shown,0,true
UIMARI,34,483,42,513,---,MARKER_TRIPLE_DASH,,0,selected_zero_not_shown,0,true
UIMARI,34,483,43,514,---,MARKER_TRIPLE_DASH,,0,selected_zero_not_shown,0,true
UIMARI,34,483,44,521CI,---,MARKER_TRIPLE_DASH,,0,selected_zero_not_shown,0,true
UIMARI,34,483,45,523,---,MARKER_TRIPLE_DASH,,0,selected_zero_not_shown,0,true
UIMARI,34,483,46,524,---,MARKER_TRIPLE_DASH,,0,selected_zero_not_shown,0,true
UIMARI,34,483,47,525,---,MARKER_TRIPLE_DASH,,0,selected_zero_not_shown,0,true
UIMARI,34,483,48,HS,---,MARKER_TRIPLE_DASH,,0,selected_zero_not_shown,0,true
UIMARI,34,483,49,ORE,---,MARKER_TRIPLE_DASH,,0,selected_zero_not_shown,0,true
UIMARI,34,483,50,532RL,---,MARKER_TRIPLE_DASH,,0,selected_zero_not_shown,0,true
UIMARI,34,483,51,5411,---,MARKER_TRIPLE_DASH,,0,selected_zero_not_shown,0,true
UIMARI,34,483,52,5415,---,MARKER_TRIPLE_DASH,,0,selected_zero_not_shown,0,true
UIMARI,34,483,53,5412OP,---,MARKER_TRIPLE_DASH,,0,selected_zero_not_shown,0,true
UIMARI,34,483,54,55,---,MARKER_TRIPLE_DASH,,0,selected_zero_not_shown,0,true
UIMARI,34,483,55,561,---,MARKER_TRIPLE_DASH,,0,selected_zero_not_shown,0,true
UIMARI,34,483,56,562,---,MARKER_TRIPLE_DASH,,0,selected_zero_not_shown,0,true
UIMARI,34,483,57,61,---,MARKER_TRIPLE_DASH,,0,selected_zero_not_shown,0,true
UIMARI,34,483,58,621,---,MARKER_TRIPLE_DASH,,0,selected_zero_not_shown,0,true
UIMARI,34,483,59,622,---,MARKER_TRIPLE_DASH,,0,selected_zero_not_shown,0,true
UIMARI,34,483,60,623,---,MARKER_TRIPLE_DASH,,0,selected_zero_not_shown,0,true
UIMARI,34,483,61,624,---,MARKER_TRIPLE_DASH,,0,selected_zero_not_shown,0,true
UIMARI,34,483,62,711AS,---,MARKER_TRIPLE_DASH,,0,selected_zero_not_shown,0,true
UIMARI,34,483,63,713,---,MARKER_TRIPLE_DASH,,0,selected_zero_not_shown,0,true
UIMARI,34,483,64,721,---,MARKER_TRIPLE_DASH,,0,selected_zero_not_shown,0,true
UIMARI,34,483,65,722,---,MARKER_TRIPLE_DASH,,0,selected_zero_not_shown,0,true
UIMARI,34,483,66,81,---,MARKER_TRIPLE_DASH,,0,selected_zero_not_shown,0,true
UIMARI,34,483,67,GFGD,---,MARKER_TRIPLE_DASH,,0,selected_zero_not_shown,0,true
UIMARI,34,483,68,GFGN,---,MARKER_TRIPLE_DASH,,0,selected_zero_not_shown,0,true
UIMARI,34,483,69,GFE,---,MARKER_TRIPLE_DASH,,0,selected_zero_not_shown,0,true
UIMARI,34,483,70,GSLG,---,MARKER_TRIPLE_DASH,,0,selected_zero_not_shown,0,true
UIMARI,34,483,71,GSLE,---,MARKER_TRIPLE_DASH,,0,selected_zero_not_shown,0,true
UIMARI,34,483,72,T001,---,MARKER_TRIPLE_DASH,,0,selected_zero_not_shown,0,true
UIMARI,34,483,73,F010,---,MARKER_TRIPLE_DASH,,0,selected_zero_not_shown,0,true
UIMARI,34,483,74,F02S,---,MARKER_TRIPLE_DASH,,0,selected_zero_not_shown,0,true
UIMARI,34,483,75,F02E,---,MARKER_TRIPLE_DASH,,0,selected_zero_not_shown,0,true
UIMARI,34,483,76,F02N,---,MARKER_TRIPLE_DASH,,0,selected_zero_not_shown,0,true
UIMARI,34,483,77,F02R,---,MARKER_TRIPLE_DASH,,0,selected_zero_not_shown,0,true
UIMARI,34,483,78,F030,---,MARKER_TRIPLE_DASH,,0,selected_zero_not_shown,0,true
UIMARI,34,483,79,F040,---,MARKER_TRIPLE_DASH,,0,selected_zero_not_shown,0,true
UIMARI,34,483,80,F050,---,MARKER_TRIPLE_DASH,,0,selected_zero_not_shown,0,true
UIMARI,34,483,81,F06C,---,MARKER_TRIPLE_DASH,,0,selected_zero_not_shown,0,true
UIMARI,34,483,82,F06S,---,MARKER_TRIPLE_DASH,,0,selected_zero_not_shown,0,true
UIMARI,34,483,83,F06E,---,MARKER_TRIPLE_DASH,,0,selected_zero_not_shown,0,true
UIMARI,34,483,84,F06N,---,MARKER_TRIPLE_DASH,,0,selected_zero_not_shown,0,true
UIMARI,34,483,85,F07C,---,MARKER_TRIPLE_DASH,,0,selected_zero_not_shown,0,true
UIMARI,34,483,86,F07S,---,MARKER_TRIPLE_DASH,,0,selected_zero_not_shown,0,true
UIMARI,34,483,87,F07E,---,MARKER_TRIPLE_DASH,,0,selected_zero_not_shown,0,true
UIMARI,34,483,88,F07N,---,MARKER_TRIPLE_DASH,,0,selected_zero_not_shown,0,true
UIMARI,34,483,89,F10C,---,MARKER_TRIPLE_DASH,,0,selected_zero_not_shown,0,true
UIMARI,34,483,90,F10S,---,MARKER_TRIPLE_DASH,,0,selected_zero_not_shown,0,true
UIMARI,34,483,91,F10E,---,MARKER_TRIPLE_DASH,,0,selected_zero_not_shown,0,true
UIMARI,34,483,92,F10N,---,MARKER_TRIPLE_DASH,,0,selected_zero_not_shown,0,true
UIMARI,34,483,93,T004,---,MARKER_TRIPLE_DASH,,0,selected_zero_not_shown,0,true
UIMARI,35,484,1,111CA,---,MARKER_TRIPLE_DASH,,0,selected_zero_not_shown,0,true
UIMARI,35,484,2,113FF,---,MARKER_TRIPLE_DASH,,0,selected_zero_not_shown,0,true
UIMARI,35,484,3,211,---,MARKER_TRIPLE_DASH,,0,selected_zero_not_shown,0,true
UIMARI,35,484,4,212,---,MARKER_TRIPLE_DASH,,0,selected_zero_not_shown,0,true
UIMARI,35,484,5,213,---,MARKER_TRIPLE_DASH,,0,selected_zero_not_shown,0,true
UIMARI,35,484,6,22,---,MARKER_TRIPLE_DASH,,0,selected_zero_not_shown,0,true
UIMARI,35,484,7,23,---,MARKER_TRIPLE_DASH,,0,selected_zero_not_shown,0,true
UIMARI,35,484,8,321,---,MARKER_TRIPLE_DASH,,0,selected_zero_not_shown,0,true
UIMARI,35,484,9,327,---,MARKER_TRIPLE_DASH,,0,selected_zero_not_shown,0,true
UIMARI,35,484,10,331,---,MARKER_TRIPLE_DASH,,0,selected_zero_not_shown,0,true
UIMARI,35,484,11,332,---,MARKER_TRIPLE_DASH,,0,selected_zero_not_shown,0,true
UIMARI,35,484,12,333,---,MARKER_TRIPLE_DASH,,0,selected_zero_not_shown,0,true
UIMARI,35,484,13,334,---,MARKER_TRIPLE_DASH,,0,selected_zero_not_shown,0,true
UIMARI,35,484,14,335,---,MARKER_TRIPLE_DASH,,0,selected_zero_not_shown,0,true
UIMARI,35,484,15,3361MV,---,MARKER_TRIPLE_DASH,,0,selected_zero_not_shown,0,true
UIMARI,35,484,16,3364OT,---,MARKER_TRIPLE_DASH,,0,selected_zero_not_shown,0,true
UIMARI,35,484,17,337,---,MARKER_TRIPLE_DASH,,0,selected_zero_not_shown,0,true
UIMARI,35,484,18,339,---,MARKER_TRIPLE_DASH,,0,selected_zero_not_shown,0,true
UIMARI,35,484,19,311FT,---,MARKER_TRIPLE_DASH,,0,selected_zero_not_shown,0,true
UIMARI,35,484,20,313TT,---,MARKER_TRIPLE_DASH,,0,selected_zero_not_shown,0,true
UIMARI,35,484,21,315AL,---,MARKER_TRIPLE_DASH,,0,selected_zero_not_shown,0,true
UIMARI,35,484,22,322,---,MARKER_TRIPLE_DASH,,0,selected_zero_not_shown,0,true
UIMARI,35,484,23,323,---,MARKER_TRIPLE_DASH,,0,selected_zero_not_shown,0,true
UIMARI,35,484,24,324,---,MARKER_TRIPLE_DASH,,0,selected_zero_not_shown,0,true
UIMARI,35,484,25,325,---,MARKER_TRIPLE_DASH,,0,selected_zero_not_shown,0,true
UIMARI,35,484,26,326,---,MARKER_TRIPLE_DASH,,0,selected_zero_not_shown,0,true
UIMARI,35,484,27,42,---,MARKER_TRIPLE_DASH,,0,selected_zero_not_shown,0,true
UIMARI,35,484,28,441,---,MARKER_TRIPLE_DASH,,0,selected_zero_not_shown,0,true
UIMARI,35,484,29,445,---,MARKER_TRIPLE_DASH,,0,selected_zero_not_shown,0,true
UIMARI,35,484,30,452,---,MARKER_TRIPLE_DASH,,0,selected_zero_not_shown,0,true
UIMARI,35,484,31,4A0,---,MARKER_TRIPLE_DASH,,0,selected_zero_not_shown,0,true
UIMARI,35,484,32,481,---,MARKER_TRIPLE_DASH,,0,selected_zero_not_shown,0,true
UIMARI,35,484,33,482,---,MARKER_TRIPLE_DASH,,0,selected_zero_not_shown,0,true
UIMARI,35,484,34,483,---,MARKER_TRIPLE_DASH,,0,selected_zero_not_shown,0,true
UIMARI,35,484,35,484,---,MARKER_TRIPLE_DASH,,0,selected_zero_not_shown,0,true
UIMARI,35,484,36,485,---,MARKER_TRIPLE_DASH,,0,selected_zero_not_shown,0,true
UIMARI,35,484,37,486,---,MARKER_TRIPLE_DASH,,0,selected_zero_not_shown,0,true
UIMARI,35,484,38,487OS,---,MARKER_TRIPLE_DASH,,0,selected_zero_not_shown,0,true
UIMARI,35,484,39,493,---,MARKER_TRIPLE_DASH,,0,selected_zero_not_shown,0,true
UIMARI,35,484,40,511,---,MARKER_TRIPLE_DASH,,0,selected_zero_not_shown,0,true
UIMARI,35,484,41,512,---,MARKER_TRIPLE_DASH,,0,selected_zero_not_shown,0,true
UIMARI,35,484,42,513,---,MARKER_TRIPLE_DASH,,0,selected_zero_not_shown,0,true
UIMARI,35,484,43,514,---,MARKER_TRIPLE_DASH,,0,selected_zero_not_shown,0,true
UIMARI,35,484,44,521CI,---,MARKER_TRIPLE_DASH,,0,selected_zero_not_shown,0,true
UIMARI,35,484,45,523,---,MARKER_TRIPLE_DASH,,0,selected_zero_not_shown,0,true
UIMARI,35,484,46,524,---,MARKER_TRIPLE_DASH,,0,selected_zero_not_shown,0,true
UIMARI,35,484,47,525,---,MARKER_TRIPLE_DASH,,0,selected_zero_not_shown,0,true
UIMARI,35,484,48,HS,---,MARKER_TRIPLE_DASH,,0,selected_zero_not_shown,0,true
UIMARI,35,484,49,ORE,---,MARKER_TRIPLE_DASH,,0,selected_zero_not_shown,0,true
UIMARI,35,484,50,532RL,---,MARKER_TRIPLE_DASH,,0,selected_zero_not_shown,0,true
UIMARI,35,484,51,5411,---,MARKER_TRIPLE_DASH,,0,selected_zero_not_shown,0,true
UIMARI,35,484,52,5415,---,MARKER_TRIPLE_DASH,,0,selected_zero_not_shown,0,true
UIMARI,35,484,53,5412OP,---,MARKER_TRIPLE_DASH,,0,selected_zero_not_shown,0,true
UIMARI,35,484,54,55,---,MARKER_TRIPLE_DASH,,0,selected_zero_not_shown,0,true
UIMARI,35,484,55,561,---,MARKER_TRIPLE_DASH,,0,selected_zero_not_shown,0,true
UIMARI,35,484,56,562,---,MARKER_TRIPLE_DASH,,0,selected_zero_not_shown,0,true
UIMARI,35,484,57,61,---,MARKER_TRIPLE_DASH,,0,selected_zero_not_shown,0,true
UIMARI,35,484,58,621,---,MARKER_TRIPLE_DASH,,0,selected_zero_not_shown,0,true
UIMARI,35,484,59,622,---,MARKER_TRIPLE_DASH,,0,selected_zero_not_shown,0,true
UIMARI,35,484,60,623,---,MARKER_TRIPLE_DASH,,0,selected_zero_not_shown,0,true
UIMARI,35,484,61,624,---,MARKER_TRIPLE_DASH,,0,selected_zero_not_shown,0,true
UIMARI,35,484,62,711AS,---,MARKER_TRIPLE_DASH,,0,selected_zero_not_shown,0,true
UIMARI,35,484,63,713,---,MARKER_TRIPLE_DASH,,0,selected_zero_not_shown,0,true
UIMARI,35,484,64,721,---,MARKER_TRIPLE_DASH,,0,selected_zero_not_shown,0,true
UIMARI,35,484,65,722,---,MARKER_TRIPLE_DASH,,0,selected_zero_not_shown,0,true
UIMARI,35,484,66,81,---,MARKER_TRIPLE_DASH,,0,selected_zero_not_shown,0,true
UIMARI,35,484,67,GFGD,---,MARKER_TRIPLE_DASH,,0,selected_zero_not_shown,0,true
UIMARI,35,484,68,GFGN,---,MARKER_TRIPLE_DASH,,0,selected_zero_not_shown,0,true
UIMARI,35,484,69,GFE,---,MARKER_TRIPLE_DASH,,0,selected_zero_not_shown,0,true
UIMARI,35,484,70,GSLG,---,MARKER_TRIPLE_DASH,,0,selected_zero_not_shown,0,true
UIMARI,35,484,71,GSLE,---,MARKER_TRIPLE_DASH,,0,selected_zero_not_shown,0,true
UIMARI,35,484,72,T001,---,MARKER_TRIPLE_DASH,,0,selected_zero_not_shown,0,true
UIMARI,35,484,73,F010,---,MARKER_TRIPLE_DASH,,0,selected_zero_not_shown,0,true
UIMARI,35,484,74,F02S,---,MARKER_TRIPLE_DASH,,0,selected_zero_not_shown,0,true
UIMARI,35,484,75,F02E,---,MARKER_TRIPLE_DASH,,0,selected_zero_not_shown,0,true
UIMARI,35,484,76,F02N,---,MARKER_TRIPLE_DASH,,0,selected_zero_not_shown,0,true
UIMARI,35,484,77,F02R,---,MARKER_TRIPLE_DASH,,0,selected_zero_not_shown,0,true
UIMARI,35,484,78,F030,---,MARKER_TRIPLE_DASH,,0,selected_zero_not_shown,0,true
UIMARI,35,484,79,F040,---,MARKER_TRIPLE_DASH,,0,selected_zero_not_shown,0,true
UIMARI,35,484,80,F050,---,MARKER_TRIPLE_DASH,,0,selected_zero_not_shown,0,true
UIMARI,35,484,81,F06C,---,MARKER_TRIPLE_DASH,,0,selected_zero_not_shown,0,true
UIMARI,35,484,82,F06S,---,MARKER_TRIPLE_DASH,,0,selected_zero_not_shown,0,true
UIMARI,35,484,83,F06E,---,MARKER_TRIPLE_DASH,,0,selected_zero_not_shown,0,true
UIMARI,35,484,84,F06N,---,MARKER_TRIPLE_DASH,,0,selected_zero_not_shown,0,true
UIMARI,35,484,85,F07C,---,MARKER_TRIPLE_DASH,,0,selected_zero_not_shown,0,true
UIMARI,35,484,86,F07S,---,MARKER_TRIPLE_DASH,,0,selected_zero_not_shown,0,true
UIMARI,35,484,87,F07E,---,MARKER_TRIPLE_DASH,,0,selected_zero_not_shown,0,true
UIMARI,35,484,88,F07N,---,MARKER_TRIPLE_DASH,,0,selected_zero_not_shown,0,true
UIMARI,35,484,89,F10C,---,MARKER_TRIPLE_DASH,,0,selected_zero_not_shown,0,true
UIMARI,35,484,90,F10S,---,MARKER_TRIPLE_DASH,,0,selected_zero_not_shown,0,true
UIMARI,35,484,91,F10E,---,MARKER_TRIPLE_DASH,,0,selected_zero_not_shown,0,true
UIMARI,35,484,92,F10N,---,MARKER_TRIPLE_DASH,,0,selected_zero_not_shown,0,true
UIMARI,35,484,93,T004,---,MARKER_TRIPLE_DASH,,0,selected_zero_not_shown,0,true
UIMARI,36,485,1,111CA,---,MARKER_TRIPLE_DASH,,0,selected_zero_not_shown,0,true
UIMARI,36,485,2,113FF,---,MARKER_TRIPLE_DASH,,0,selected_zero_not_shown,0,true
UIMARI,36,485,3,211,---,MARKER_TRIPLE_DASH,,0,selected_zero_not_shown,0,true
UIMARI,36,485,4,212,---,MARKER_TRIPLE_DASH,,0,selected_zero_not_shown,0,true
UIMARI,36,485,5,213,---,MARKER_TRIPLE_DASH,,0,selected_zero_not_shown,0,true
UIMARI,36,485,6,22,---,MARKER_TRIPLE_DASH,,0,selected_zero_not_shown,0,true
UIMARI,36,485,7,23,---,MARKER_TRIPLE_DASH,,0,selected_zero_not_shown,0,true
UIMARI,36,485,8,321,---,MARKER_TRIPLE_DASH,,0,selected_zero_not_shown,0,true
UIMARI,36,485,9,327,---,MARKER_TRIPLE_DASH,,0,selected_zero_not_shown,0,true
UIMARI,36,485,10,331,---,MARKER_TRIPLE_DASH,,0,selected_zero_not_shown,0,true
UIMARI,36,485,11,332,---,MARKER_TRIPLE_DASH,,0,selected_zero_not_shown,0,true
UIMARI,36,485,12,333,---,MARKER_TRIPLE_DASH,,0,selected_zero_not_shown,0,true
UIMARI,36,485,13,334,---,MARKER_TRIPLE_DASH,,0,selected_zero_not_shown,0,true
UIMARI,36,485,14,335,---,MARKER_TRIPLE_DASH,,0,selected_zero_not_shown,0,true
UIMARI,36,485,15,3361MV,---,MARKER_TRIPLE_DASH,,0,selected_zero_not_shown,0,true
UIMARI,36,485,16,3364OT,---,MARKER_TRIPLE_DASH,,0,selected_zero_not_shown,0,true
UIMARI,36,485,17,337,---,MARKER_TRIPLE_DASH,,0,selected_zero_not_shown,0,true
UIMARI,36,485,18,339,---,MARKER_TRIPLE_DASH,,0,selected_zero_not_shown,0,true
UIMARI,36,485,19,311FT,---,MARKER_TRIPLE_DASH,,0,selected_zero_not_shown,0,true
UIMARI,36,485,20,313TT,---,MARKER_TRIPLE_DASH,,0,selected_zero_not_shown,0,true
UIMARI,36,485,21,315AL,---,MARKER_TRIPLE_DASH,,0,selected_zero_not_shown,0,true
UIMARI,36,485,22,322,---,MARKER_TRIPLE_DASH,,0,selected_zero_not_shown,0,true
UIMARI,36,485,23,323,---,MARKER_TRIPLE_DASH,,0,selected_zero_not_shown,0,true
UIMARI,36,485,24,324,---,MARKER_TRIPLE_DASH,,0,selected_zero_not_shown,0,true
UIMARI,36,485,25,325,---,MARKER_TRIPLE_DASH,,0,selected_zero_not_shown,0,true
UIMARI,36,485,26,326,---,MARKER_TRIPLE_DASH,,0,selected_zero_not_shown,0,true
UIMARI,36,485,27,42,---,MARKER_TRIPLE_DASH,,0,selected_zero_not_shown,0,true
UIMARI,36,485,28,441,---,MARKER_TRIPLE_DASH,,0,selected_zero_not_shown,0,true
UIMARI,36,485,29,445,---,MARKER_TRIPLE_DASH,,0,selected_zero_not_shown,0,true
UIMARI,36,485,30,452,---,MARKER_TRIPLE_DASH,,0,selected_zero_not_shown,0,true
UIMARI,36,485,31,4A0,---,MARKER_TRIPLE_DASH,,0,selected_zero_not_shown,0,true
UIMARI,36,485,32,481,---,MARKER_TRIPLE_DASH,,0,selected_zero_not_shown,0,true
UIMARI,36,485,33,482,---,MARKER_TRIPLE_DASH,,0,selected_zero_not_shown,0,true
UIMARI,36,485,34,483,---,MARKER_TRIPLE_DASH,,0,selected_zero_not_shown,0,true
UIMARI,36,485,35,484,---,MARKER_TRIPLE_DASH,,0,selected_zero_not_shown,0,true
UIMARI,36,485,36,485,---,MARKER_TRIPLE_DASH,,0,selected_zero_not_shown,0,true
UIMARI,36,485,37,486,---,MARKER_TRIPLE_DASH,,0,selected_zero_not_shown,0,true
UIMARI,36,485,38,487OS,---,MARKER_TRIPLE_DASH,,0,selected_zero_not_shown,0,true
UIMARI,36,485,39,493,---,MARKER_TRIPLE_DASH,,0,selected_zero_not_shown,0,true
UIMARI,36,485,40,511,---,MARKER_TRIPLE_DASH,,0,selected_zero_not_shown,0,true
UIMARI,36,485,41,512,---,MARKER_TRIPLE_DASH,,0,selected_zero_not_shown,0,true
UIMARI,36,485,42,513,---,MARKER_TRIPLE_DASH,,0,selected_zero_not_shown,0,true
UIMARI,36,485,43,514,---,MARKER_TRIPLE_DASH,,0,selected_zero_not_shown,0,true
UIMARI,36,485,44,521CI,---,MARKER_TRIPLE_DASH,,0,selected_zero_not_shown,0,true
UIMARI,36,485,45,523,---,MARKER_TRIPLE_DASH,,0,selected_zero_not_shown,0,true
UIMARI,36,485,46,524,---,MARKER_TRIPLE_DASH,,0,selected_zero_not_shown,0,true
UIMARI,36,485,47,525,---,MARKER_TRIPLE_DASH,,0,selected_zero_not_shown,0,true
UIMARI,36,485,48,HS,---,MARKER_TRIPLE_DASH,,0,selected_zero_not_shown,0,true
UIMARI,36,485,49,ORE,---,MARKER_TRIPLE_DASH,,0,selected_zero_not_shown,0,true
UIMARI,36,485,50,532RL,---,MARKER_TRIPLE_DASH,,0,selected_zero_not_shown,0,true
UIMARI,36,485,51,5411,---,MARKER_TRIPLE_DASH,,0,selected_zero_not_shown,0,true
UIMARI,36,485,52,5415,---,MARKER_TRIPLE_DASH,,0,selected_zero_not_shown,0,true
UIMARI,36,485,53,5412OP,---,MARKER_TRIPLE_DASH,,0,selected_zero_not_shown,0,true
UIMARI,36,485,54,55,---,MARKER_TRIPLE_DASH,,0,selected_zero_not_shown,0,true
UIMARI,36,485,55,561,---,MARKER_TRIPLE_DASH,,0,selected_zero_not_shown,0,true
UIMARI,36,485,56,562,---,MARKER_TRIPLE_DASH,,0,selected_zero_not_shown,0,true
UIMARI,36,485,57,61,---,MARKER_TRIPLE_DASH,,0,selected_zero_not_shown,0,true
UIMARI,36,485,58,621,---,MARKER_TRIPLE_DASH,,0,selected_zero_not_shown,0,true
UIMARI,36,485,59,622,---,MARKER_TRIPLE_DASH,,0,selected_zero_not_shown,0,true
UIMARI,36,485,60,623,---,MARKER_TRIPLE_DASH,,0,selected_zero_not_shown,0,true
UIMARI,36,485,61,624,---,MARKER_TRIPLE_DASH,,0,selected_zero_not_shown,0,true
UIMARI,36,485,62,711AS,---,MARKER_TRIPLE_DASH,,0,selected_zero_not_shown,0,true
UIMARI,36,485,63,713,---,MARKER_TRIPLE_DASH,,0,selected_zero_not_shown,0,true
UIMARI,36,485,64,721,---,MARKER_TRIPLE_DASH,,0,selected_zero_not_shown,0,true
UIMARI,36,485,65,722,---,MARKER_TRIPLE_DASH,,0,selected_zero_not_shown,0,true
UIMARI,36,485,66,81,---,MARKER_TRIPLE_DASH,,0,selected_zero_not_shown,0,true
UIMARI,36,485,67,GFGD,---,MARKER_TRIPLE_DASH,,0,selected_zero_not_shown,0,true
UIMARI,36,485,68,GFGN,---,MARKER_TRIPLE_DASH,,0,selected_zero_not_shown,0,true
UIMARI,36,485,69,GFE,---,MARKER_TRIPLE_DASH,,0,selected_zero_not_shown,0,true
UIMARI,36,485,70,GSLG,---,MARKER_TRIPLE_DASH,,0,selected_zero_not_shown,0,true
UIMARI,36,485,71,GSLE,---,MARKER_TRIPLE_DASH,,0,selected_zero_not_shown,0,true
UIMARI,36,485,72,T001,---,MARKER_TRIPLE_DASH,,0,selected_zero_not_shown,0,true
UIMARI,36,485,73,F010,---,MARKER_TRIPLE_DASH,,0,selected_zero_not_shown,0,true
UIMARI,36,485,74,F02S,---,MARKER_TRIPLE_DASH,,0,selected_zero_not_shown,0,true
UIMARI,36,485,75,F02E,---,MARKER_TRIPLE_DASH,,0,selected_zero_not_shown,0,true
UIMARI,36,485,76,F02N,---,MARKER_TRIPLE_DASH,,0,selected_zero_not_shown,0,true
UIMARI,36,485,77,F02R,---,MARKER_TRIPLE_DASH,,0,selected_zero_not_shown,0,true
UIMARI,36,485,78,F030,---,MARKER_TRIPLE_DASH,,0,selected_zero_not_shown,0,true
UIMARI,36,485,79,F040,---,MARKER_TRIPLE_DASH,,0,selected_zero_not_shown,0,true
UIMARI,36,485,80,F050,---,MARKER_TRIPLE_DASH,,0,selected_zero_not_shown,0,true
UIMARI,36,485,81,F06C,---,MARKER_TRIPLE_DASH,,0,selected_zero_not_shown,0,true
UIMARI,36,485,82,F06S,---,MARKER_TRIPLE_DASH,,0,selected_zero_not_shown,0,true
UIMARI,36,485,83,F06E,---,MARKER_TRIPLE_DASH,,0,selected_zero_not_shown,0,true
UIMARI,36,485,84,F06N,---,MARKER_TRIPLE_DASH,,0,selected_zero_not_shown,0,true
UIMARI,36,485,85,F07C,---,MARKER_TRIPLE_DASH,,0,selected_zero_not_shown,0,true
UIMARI,36,485,86,F07S,---,MARKER_TRIPLE_DASH,,0,selected_zero_not_shown,0,true
UIMARI,36,485,87,F07E,---,MARKER_TRIPLE_DASH,,0,selected_zero_not_shown,0,true
UIMARI,36,485,88,F07N,---,MARKER_TRIPLE_DASH,,0,selected_zero_not_shown,0,true
UIMARI,36,485,89,F10C,---,MARKER_TRIPLE_DASH,,0,selected_zero_not_shown,0,true
UIMARI,36,485,90,F10S,---,MARKER_TRIPLE_DASH,,0,selected_zero_not_shown,0,true
UIMARI,36,485,91,F10E,---,MARKER_TRIPLE_DASH,,0,selected_zero_not_shown,0,true
UIMARI,36,485,92,F10N,---,MARKER_TRIPLE_DASH,,0,selected_zero_not_shown,0,true
UIMARI,36,485,93,T004,---,MARKER_TRIPLE_DASH,,0,selected_zero_not_shown,0,true
UIMARI,37,486,1,111CA,---,MARKER_TRIPLE_DASH,,0,selected_zero_not_shown,0,true
UIMARI,37,486,2,113FF,---,MARKER_TRIPLE_DASH,,0,selected_zero_not_shown,0,true
UIMARI,37,486,3,211,---,MARKER_TRIPLE_DASH,,0,selected_zero_not_shown,0,true
UIMARI,37,486,4,212,---,MARKER_TRIPLE_DASH,,0,selected_zero_not_shown,0,true
UIMARI,37,486,5,213,---,MARKER_TRIPLE_DASH,,0,selected_zero_not_shown,0,true
UIMARI,37,486,6,22,---,MARKER_TRIPLE_DASH,,0,selected_zero_not_shown,0,true
UIMARI,37,486,7,23,---,MARKER_TRIPLE_DASH,,0,selected_zero_not_shown,0,true
UIMARI,37,486,8,321,---,MARKER_TRIPLE_DASH,,0,selected_zero_not_shown,0,true
UIMARI,37,486,9,327,---,MARKER_TRIPLE_DASH,,0,selected_zero_not_shown,0,true
UIMARI,37,486,10,331,---,MARKER_TRIPLE_DASH,,0,selected_zero_not_shown,0,true
UIMARI,37,486,11,332,---,MARKER_TRIPLE_DASH,,0,selected_zero_not_shown,0,true
UIMARI,37,486,12,333,---,MARKER_TRIPLE_DASH,,0,selected_zero_not_shown,0,true
UIMARI,37,486,13,334,---,MARKER_TRIPLE_DASH,,0,selected_zero_not_shown,0,true
UIMARI,37,486,14,335,---,MARKER_TRIPLE_DASH,,0,selected_zero_not_shown,0,true
UIMARI,37,486,15,3361MV,---,MARKER_TRIPLE_DASH,,0,selected_zero_not_shown,0,true
UIMARI,37,486,16,3364OT,---,MARKER_TRIPLE_DASH,,0,selected_zero_not_shown,0,true
UIMARI,37,486,17,337,---,MARKER_TRIPLE_DASH,,0,selected_zero_not_shown,0,true
UIMARI,37,486,18,339,---,MARKER_TRIPLE_DASH,,0,selected_zero_not_shown,0,true
UIMARI,37,486,19,311FT,---,MARKER_TRIPLE_DASH,,0,selected_zero_not_shown,0,true
UIMARI,37,486,20,313TT,---,MARKER_TRIPLE_DASH,,0,selected_zero_not_shown,0,true
UIMARI,37,486,21,315AL,---,MARKER_TRIPLE_DASH,,0,selected_zero_not_shown,0,true
UIMARI,37,486,22,322,---,MARKER_TRIPLE_DASH,,0,selected_zero_not_shown,0,true
UIMARI,37,486,23,323,---,MARKER_TRIPLE_DASH,,0,selected_zero_not_shown,0,true
UIMARI,37,486,24,324,---,MARKER_TRIPLE_DASH,,0,selected_zero_not_shown,0,true
UIMARI,37,486,25,325,---,MARKER_TRIPLE_DASH,,0,selected_zero_not_shown,0,true
UIMARI,37,486,26,326,---,MARKER_TRIPLE_DASH,,0,selected_zero_not_shown,0,true
UIMARI,37,486,27,42,---,MARKER_TRIPLE_DASH,,0,selected_zero_not_shown,0,true
UIMARI,37,486,28,441,---,MARKER_TRIPLE_DASH,,0,selected_zero_not_shown,0,true
UIMARI,37,486,29,445,---,MARKER_TRIPLE_DASH,,0,selected_zero_not_shown,0,true
UIMARI,37,486,30,452,---,MARKER_TRIPLE_DASH,,0,selected_zero_not_shown,0,true
UIMARI,37,486,31,4A0,---,MARKER_TRIPLE_DASH,,0,selected_zero_not_shown,0,true
UIMARI,37,486,32,481,---,MARKER_TRIPLE_DASH,,0,selected_zero_not_shown,0,true
UIMARI,37,486,33,482,---,MARKER_TRIPLE_DASH,,0,selected_zero_not_shown,0,true
UIMARI,37,486,34,483,---,MARKER_TRIPLE_DASH,,0,selected_zero_not_shown,0,true
UIMARI,37,486,35,484,---,MARKER_TRIPLE_DASH,,0,selected_zero_not_shown,0,true
UIMARI,37,486,36,485,---,MARKER_TRIPLE_DASH,,0,selected_zero_not_shown,0,true
UIMARI,37,486,37,486,---,MARKER_TRIPLE_DASH,,0,selected_zero_not_shown,0,true
UIMARI,37,486,38,487OS,---,MARKER_TRIPLE_DASH,,0,selected_zero_not_shown,0,true
UIMARI,37,486,39,493,---,MARKER_TRIPLE_DASH,,0,selected_zero_not_shown,0,true
UIMARI,37,486,40,511,---,MARKER_TRIPLE_DASH,,0,selected_zero_not_shown,0,true
UIMARI,37,486,41,512,---,MARKER_TRIPLE_DASH,,0,selected_zero_not_shown,0,true
UIMARI,37,486,42,513,---,MARKER_TRIPLE_DASH,,0,selected_zero_not_shown,0,true
UIMARI,37,486,43,514,---,MARKER_TRIPLE_DASH,,0,selected_zero_not_shown,0,true
UIMARI,37,486,44,521CI,---,MARKER_TRIPLE_DASH,,0,selected_zero_not_shown,0,true
UIMARI,37,486,45,523,---,MARKER_TRIPLE_DASH,,0,selected_zero_not_shown,0,true
UIMARI,37,486,46,524,---,MARKER_TRIPLE_DASH,,0,selected_zero_not_shown,0,true
UIMARI,37,486,47,525,---,MARKER_TRIPLE_DASH,,0,selected_zero_not_shown,0,true
UIMARI,37,486,48,HS,---,MARKER_TRIPLE_DASH,,0,selected_zero_not_shown,0,true
UIMARI,37,486,49,ORE,---,MARKER_TRIPLE_DASH,,0,selected_zero_not_shown,0,true
UIMARI,37,486,50,532RL,---,MARKER_TRIPLE_DASH,,0,selected_zero_not_shown,0,true
UIMARI,37,486,51,5411,---,MARKER_TRIPLE_DASH,,0,selected_zero_not_shown,0,true
UIMARI,37,486,52,5415,---,MARKER_TRIPLE_DASH,,0,selected_zero_not_shown,0,true
UIMARI,37,486,53,5412OP,---,MARKER_TRIPLE_DASH,,0,selected_zero_not_shown,0,true
UIMARI,37,486,54,55,---,MARKER_TRIPLE_DASH,,0,selected_zero_not_shown,0,true
UIMARI,37,486,55,561,---,MARKER_TRIPLE_DASH,,0,selected_zero_not_shown,0,true
UIMARI,37,486,56,562,---,MARKER_TRIPLE_DASH,,0,selected_zero_not_shown,0,true
UIMARI,37,486,57,61,---,MARKER_TRIPLE_DASH,,0,selected_zero_not_shown,0,true
UIMARI,37,486,58,621,---,MARKER_TRIPLE_DASH,,0,selected_zero_not_shown,0,true
UIMARI,37,486,59,622,---,MARKER_TRIPLE_DASH,,0,selected_zero_not_shown,0,true
UIMARI,37,486,60,623,---,MARKER_TRIPLE_DASH,,0,selected_zero_not_shown,0,true
UIMARI,37,486,61,624,---,MARKER_TRIPLE_DASH,,0,selected_zero_not_shown,0,true
UIMARI,37,486,62,711AS,---,MARKER_TRIPLE_DASH,,0,selected_zero_not_shown,0,true
UIMARI,37,486,63,713,---,MARKER_TRIPLE_DASH,,0,selected_zero_not_shown,0,true
UIMARI,37,486,64,721,---,MARKER_TRIPLE_DASH,,0,selected_zero_not_shown,0,true
UIMARI,37,486,65,722,---,MARKER_TRIPLE_DASH,,0,selected_zero_not_shown,0,true
UIMARI,37,486,66,81,---,MARKER_TRIPLE_DASH,,0,selected_zero_not_shown,0,true
UIMARI,37,486,67,GFGD,---,MARKER_TRIPLE_DASH,,0,selected_zero_not_shown,0,true
UIMARI,37,486,68,GFGN,---,MARKER_TRIPLE_DASH,,0,selected_zero_not_shown,0,true
UIMARI,37,486,69,GFE,---,MARKER_TRIPLE_DASH,,0,selected_zero_not_shown,0,true
UIMARI,37,486,70,GSLG,---,MARKER_TRIPLE_DASH,,0,selected_zero_not_shown,0,true
UIMARI,37,486,71,GSLE,---,MARKER_TRIPLE_DASH,,0,selected_zero_not_shown,0,true
UIMARI,37,486,72,T001,---,MARKER_TRIPLE_DASH,,0,selected_zero_not_shown,0,true
UIMARI,37,486,73,F010,---,MARKER_TRIPLE_DASH,,0,selected_zero_not_shown,0,true
UIMARI,37,486,74,F02S,---,MARKER_TRIPLE_DASH,,0,selected_zero_not_shown,0,true
UIMARI,37,486,75,F02E,---,MARKER_TRIPLE_DASH,,0,selected_zero_not_shown,0,true
UIMARI,37,486,76,F02N,---,MARKER_TRIPLE_DASH,,0,selected_zero_not_shown,0,true
UIMARI,37,486,77,F02R,---,MARKER_TRIPLE_DASH,,0,selected_zero_not_shown,0,true
UIMARI,37,486,78,F030,---,MARKER_TRIPLE_DASH,,0,selected_zero_not_shown,0,true
UIMARI,37,486,79,F040,---,MARKER_TRIPLE_DASH,,0,selected_zero_not_shown,0,true
UIMARI,37,486,80,F050,---,MARKER_TRIPLE_DASH,,0,selected_zero_not_shown,0,true
UIMARI,37,486,81,F06C,---,MARKER_TRIPLE_DASH,,0,selected_zero_not_shown,0,true
UIMARI,37,486,82,F06S,---,MARKER_TRIPLE_DASH,,0,selected_zero_not_shown,0,true
UIMARI,37,486,83,F06E,---,MARKER_TRIPLE_DASH,,0,selected_zero_not_shown,0,true
UIMARI,37,486,84,F06N,---,MARKER_TRIPLE_DASH,,0,selected_zero_not_shown,0,true
UIMARI,37,486,85,F07C,---,MARKER_TRIPLE_DASH,,0,selected_zero_not_shown,0,true
UIMARI,37,486,86,F07S,---,MARKER_TRIPLE_DASH,,0,selected_zero_not_shown,0,true
UIMARI,37,486,87,F07E,---,MARKER_TRIPLE_DASH,,0,selected_zero_not_shown,0,true
UIMARI,37,486,88,F07N,---,MARKER_TRIPLE_DASH,,0,selected_zero_not_shown,0,true
UIMARI,37,486,89,F10C,---,MARKER_TRIPLE_DASH,,0,selected_zero_not_shown,0,true
UIMARI,37,486,90,F10S,---,MARKER_TRIPLE_DASH,,0,selected_zero_not_shown,0,true
UIMARI,37,486,91,F10E,---,MARKER_TRIPLE_DASH,,0,selected_zero_not_shown,0,true
UIMARI,37,486,92,F10N,---,MARKER_TRIPLE_DASH,,0,selected_zero_not_shown,0,true
UIMARI,37,486,93,T004,---,MARKER_TRIPLE_DASH,,0,selected_zero_not_shown,0,true
UIMARI,38,487OS,1,111CA,---,MARKER_TRIPLE_DASH,,0,selected_zero_not_shown,0,true
UIMARI,38,487OS,2,113FF,---,MARKER_TRIPLE_DASH,,0,selected_zero_not_shown,0,true
UIMARI,38,487OS,3,211,---,MARKER_TRIPLE_DASH,,0,selected_zero_not_shown,0,true
UIMARI,38,487OS,4,212,---,MARKER_TRIPLE_DASH,,0,selected_zero_not_shown,0,true
UIMARI,38,487OS,5,213,---,MARKER_TRIPLE_DASH,,0,selected_zero_not_shown,0,true
UIMARI,38,487OS,6,22,---,MARKER_TRIPLE_DASH,,0,selected_zero_not_shown,0,true
UIMARI,38,487OS,7,23,---,MARKER_TRIPLE_DASH,,0,selected_zero_not_shown,0,true
UIMARI,38,487OS,8,321,---,MARKER_TRIPLE_DASH,,0,selected_zero_not_shown,0,true
UIMARI,38,487OS,9,327,---,MARKER_TRIPLE_DASH,,0,selected_zero_not_shown,0,true
UIMARI,38,487OS,10,331,---,MARKER_TRIPLE_DASH,,0,selected_zero_not_shown,0,true
UIMARI,38,487OS,11,332,---,MARKER_TRIPLE_DASH,,0,selected_zero_not_shown,0,true
UIMARI,38,487OS,12,333,---,MARKER_TRIPLE_DASH,,0,selected_zero_not_shown,0,true
UIMARI,38,487OS,13,334,---,MARKER_TRIPLE_DASH,,0,selected_zero_not_shown,0,true
UIMARI,38,487OS,14,335,---,MARKER_TRIPLE_DASH,,0,selected_zero_not_shown,0,true
UIMARI,38,487OS,15,3361MV,---,MARKER_TRIPLE_DASH,,0,selected_zero_not_shown,0,true
UIMARI,38,487OS,16,3364OT,---,MARKER_TRIPLE_DASH,,0,selected_zero_not_shown,0,true
UIMARI,38,487OS,17,337,---,MARKER_TRIPLE_DASH,,0,selected_zero_not_shown,0,true
UIMARI,38,487OS,18,339,---,MARKER_TRIPLE_DASH,,0,selected_zero_not_shown,0,true
UIMARI,38,487OS,19,311FT,---,MARKER_TRIPLE_DASH,,0,selected_zero_not_shown,0,true
UIMARI,38,487OS,20,313TT,---,MARKER_TRIPLE_DASH,,0,selected_zero_not_shown,0,true
UIMARI,38,487OS,21,315AL,---,MARKER_TRIPLE_DASH,,0,selected_zero_not_shown,0,true
UIMARI,38,487OS,22,322,---,MARKER_TRIPLE_DASH,,0,selected_zero_not_shown,0,true
UIMARI,38,487OS,23,323,0,LITERAL_ZERO,0,0,numeric,0,true
UIMARI,38,487OS,24,324,---,MARKER_TRIPLE_DASH,,0,selected_zero_not_shown,0,true
UIMARI,38,487OS,25,325,---,MARKER_TRIPLE_DASH,,0,selected_zero_not_shown,0,true
UIMARI,38,487OS,26,326,---,MARKER_TRIPLE_DASH,,0,selected_zero_not_shown,0,true
UIMARI,38,487OS,27,42,13,NONZERO_INTEGER,13,13,numeric,13,true
UIMARI,38,487OS,28,441,0,LITERAL_ZERO,0,0,numeric,0,true
UIMARI,38,487OS,29,445,0,LITERAL_ZERO,0,0,numeric,0,true
UIMARI,38,487OS,30,452,0,LITERAL_ZERO,0,0,numeric,0,true
UIMARI,38,487OS,31,4A0,3,NONZERO_INTEGER,3,3,numeric,3,true
UIMARI,38,487OS,32,481,0,LITERAL_ZERO,0,0,numeric,0,true
UIMARI,38,487OS,33,482,0,LITERAL_ZERO,0,0,numeric,0,true
UIMARI,38,487OS,34,483,0,LITERAL_ZERO,0,0,numeric,0,true
UIMARI,38,487OS,35,484,3,NONZERO_INTEGER,3,3,numeric,3,true
UIMARI,38,487OS,36,485,0,LITERAL_ZERO,0,0,numeric,0,true
UIMARI,38,487OS,37,486,---,MARKER_TRIPLE_DASH,,0,selected_zero_not_shown,0,true
UIMARI,38,487OS,38,487OS,1,NONZERO_INTEGER,1,1,numeric,1,true
UIMARI,38,487OS,39,493,0,LITERAL_ZERO,0,0,numeric,0,true
UIMARI,38,487OS,40,511,0,LITERAL_ZERO,0,0,numeric,0,true
UIMARI,38,487OS,41,512,0,LITERAL_ZERO,0,0,numeric,0,true
UIMARI,38,487OS,42,513,0,LITERAL_ZERO,0,0,numeric,0,true
UIMARI,38,487OS,43,514,1,NONZERO_INTEGER,1,1,numeric,1,true
UIMARI,38,487OS,44,521CI,---,MARKER_TRIPLE_DASH,,0,selected_zero_not_shown,0,true
UIMARI,38,487OS,45,523,---,MARKER_TRIPLE_DASH,,0,selected_zero_not_shown,0,true
UIMARI,38,487OS,46,524,0,LITERAL_ZERO,0,0,numeric,0,true
UIMARI,38,487OS,47,525,---,MARKER_TRIPLE_DASH,,0,selected_zero_not_shown,0,true
UIMARI,38,487OS,48,HS,---,MARKER_TRIPLE_DASH,,0,selected_zero_not_shown,0,true
UIMARI,38,487OS,49,ORE,---,MARKER_TRIPLE_DASH,,0,selected_zero_not_shown,0,true
UIMARI,38,487OS,50,532RL,1,NONZERO_INTEGER,1,1,numeric,1,true
UIMARI,38,487OS,51,5411,0,LITERAL_ZERO,0,0,numeric,0,true
UIMARI,38,487OS,52,5415,0,LITERAL_ZERO,0,0,numeric,0,true
UIMARI,38,487OS,53,5412OP,1,NONZERO_INTEGER,1,1,numeric,1,true
UIMARI,38,487OS,54,55,0,LITERAL_ZERO,0,0,numeric,0,true
UIMARI,38,487OS,55,561,1,NONZERO_INTEGER,1,1,numeric,1,true
UIMARI,38,487OS,56,562,0,LITERAL_ZERO,0,0,numeric,0,true
UIMARI,38,487OS,57,61,0,LITERAL_ZERO,0,0,numeric,0,true
UIMARI,38,487OS,58,621,0,LITERAL_ZERO,0,0,numeric,0,true
UIMARI,38,487OS,59,622,1,NONZERO_INTEGER,1,1,numeric,1,true
UIMARI,38,487OS,60,623,0,LITERAL_ZERO,0,0,numeric,0,true
UIMARI,38,487OS,61,624,0,LITERAL_ZERO,0,0,numeric,0,true
UIMARI,38,487OS,62,711AS,0,LITERAL_ZERO,0,0,numeric,0,true
UIMARI,38,487OS,63,713,0,LITERAL_ZERO,0,0,numeric,0,true
UIMARI,38,487OS,64,721,0,LITERAL_ZERO,0,0,numeric,0,true
UIMARI,38,487OS,65,722,0,LITERAL_ZERO,0,0,numeric,0,true
UIMARI,38,487OS,66,81,0,LITERAL_ZERO,0,0,numeric,0,true
UIMARI,38,487OS,67,GFGD,---,MARKER_TRIPLE_DASH,,0,selected_zero_not_shown,0,true
UIMARI,38,487OS,68,GFGN,---,MARKER_TRIPLE_DASH,,0,selected_zero_not_shown,0,true
UIMARI,38,487OS,69,GFE,0,LITERAL_ZERO,0,0,numeric,0,true
UIMARI,38,487OS,70,GSLG,1,NONZERO_INTEGER,1,1,numeric,1,true
UIMARI,38,487OS,71,GSLE,0,LITERAL_ZERO,0,0,numeric,0,true
UIMARI,38,487OS,72,T001,29,NONZERO_INTEGER,29,29,numeric,29,true
UIMARI,38,487OS,73,F010,1,NONZERO_INTEGER,1,1,numeric,1,true
UIMARI,38,487OS,74,F02S,---,MARKER_TRIPLE_DASH,,0,selected_zero_not_shown,0,true
UIMARI,38,487OS,75,F02E,---,MARKER_TRIPLE_DASH,,0,selected_zero_not_shown,0,true
UIMARI,38,487OS,76,F02N,---,MARKER_TRIPLE_DASH,,0,selected_zero_not_shown,0,true
UIMARI,38,487OS,77,F02R,---,MARKER_TRIPLE_DASH,,0,selected_zero_not_shown,0,true
UIMARI,38,487OS,78,F030,---,MARKER_TRIPLE_DASH,,0,selected_zero_not_shown,0,true
UIMARI,38,487OS,79,F040,---,MARKER_TRIPLE_DASH,,0,selected_zero_not_shown,0,true
UIMARI,38,487OS,80,F050,-30,NONZERO_INTEGER,-30,-30,numeric,-30,true
UIMARI,38,487OS,81,F06C,---,MARKER_TRIPLE_DASH,,0,selected_zero_not_shown,0,true
UIMARI,38,487OS,82,F06S,---,MARKER_TRIPLE_DASH,,0,selected_zero_not_shown,0,true
UIMARI,38,487OS,83,F06E,---,MARKER_TRIPLE_DASH,,0,selected_zero_not_shown,0,true
UIMARI,38,487OS,84,F06N,---,MARKER_TRIPLE_DASH,,0,selected_zero_not_shown,0,true
UIMARI,38,487OS,85,F07C,---,MARKER_TRIPLE_DASH,,0,selected_zero_not_shown,0,true
UIMARI,38,487OS,86,F07S,---,MARKER_TRIPLE_DASH,,0,selected_zero_not_shown,0,true
UIMARI,38,487OS,87,F07E,---,MARKER_TRIPLE_DASH,,0,selected_zero_not_shown,0,true
UIMARI,38,487OS,88,F07N,---,MARKER_TRIPLE_DASH,,0,selected_zero_not_shown,0,true
UIMARI,38,487OS,89,F10C,---,MARKER_TRIPLE_DASH,,0,selected_zero_not_shown,0,true
UIMARI,38,487OS,90,F10S,---,MARKER_TRIPLE_DASH,,0,selected_zero_not_shown,0,true
UIMARI,38,487OS,91,F10E,---,MARKER_TRIPLE_DASH,,0,selected_zero_not_shown,0,true
UIMARI,38,487OS,92,F10N,---,MARKER_TRIPLE_DASH,,0,selected_zero_not_shown,0,true
UIMARI,38,487OS,93,T004,-29,NONZERO_INTEGER,-29,-29,numeric,-29,true
UIMARI,39,493,1,111CA,---,MARKER_TRIPLE_DASH,,0,selected_zero_not_shown,0,true
UIMARI,39,493,2,113FF,---,MARKER_TRIPLE_DASH,,0,selected_zero_not_shown,0,true
UIMARI,39,493,3,211,---,MARKER_TRIPLE_DASH,,0,selected_zero_not_shown,0,true
UIMARI,39,493,4,212,---,MARKER_TRIPLE_DASH,,0,selected_zero_not_shown,0,true
UIMARI,39,493,5,213,---,MARKER_TRIPLE_DASH,,0,selected_zero_not_shown,0,true
UIMARI,39,493,6,22,---,MARKER_TRIPLE_DASH,,0,selected_zero_not_shown,0,true
UIMARI,39,493,7,23,---,MARKER_TRIPLE_DASH,,0,selected_zero_not_shown,0,true
UIMARI,39,493,8,321,---,MARKER_TRIPLE_DASH,,0,selected_zero_not_shown,0,true
UIMARI,39,493,9,327,---,MARKER_TRIPLE_DASH,,0,selected_zero_not_shown,0,true
UIMARI,39,493,10,331,---,MARKER_TRIPLE_DASH,,0,selected_zero_not_shown,0,true
UIMARI,39,493,11,332,---,MARKER_TRIPLE_DASH,,0,selected_zero_not_shown,0,true
UIMARI,39,493,12,333,---,MARKER_TRIPLE_DASH,,0,selected_zero_not_shown,0,true
UIMARI,39,493,13,334,---,MARKER_TRIPLE_DASH,,0,selected_zero_not_shown,0,true
UIMARI,39,493,14,335,---,MARKER_TRIPLE_DASH,,0,selected_zero_not_shown,0,true
UIMARI,39,493,15,3361MV,---,MARKER_TRIPLE_DASH,,0,selected_zero_not_shown,0,true
UIMARI,39,493,16,3364OT,---,MARKER_TRIPLE_DASH,,0,selected_zero_not_shown,0,true
UIMARI,39,493,17,337,---,MARKER_TRIPLE_DASH,,0,selected_zero_not_shown,0,true
UIMARI,39,493,18,339,---,MARKER_TRIPLE_DASH,,0,selected_zero_not_shown,0,true
UIMARI,39,493,19,311FT,---,MARKER_TRIPLE_DASH,,0,selected_zero_not_shown,0,true
UIMARI,39,493,20,313TT,---,MARKER_TRIPLE_DASH,,0,selected_zero_not_shown,0,true
UIMARI,39,493,21,315AL,---,MARKER_TRIPLE_DASH,,0,selected_zero_not_shown,0,true
UIMARI,39,493,22,322,---,MARKER_TRIPLE_DASH,,0,selected_zero_not_shown,0,true
UIMARI,39,493,23,323,---,MARKER_TRIPLE_DASH,,0,selected_zero_not_shown,0,true
UIMARI,39,493,24,324,---,MARKER_TRIPLE_DASH,,0,selected_zero_not_shown,0,true
UIMARI,39,493,25,325,---,MARKER_TRIPLE_DASH,,0,selected_zero_not_shown,0,true
UIMARI,39,493,26,326,---,MARKER_TRIPLE_DASH,,0,selected_zero_not_shown,0,true
UIMARI,39,493,27,42,---,MARKER_TRIPLE_DASH,,0,selected_zero_not_shown,0,true
UIMARI,39,493,28,441,---,MARKER_TRIPLE_DASH,,0,selected_zero_not_shown,0,true
UIMARI,39,493,29,445,---,MARKER_TRIPLE_DASH,,0,selected_zero_not_shown,0,true
UIMARI,39,493,30,452,---,MARKER_TRIPLE_DASH,,0,selected_zero_not_shown,0,true
UIMARI,39,493,31,4A0,---,MARKER_TRIPLE_DASH,,0,selected_zero_not_shown,0,true
UIMARI,39,493,32,481,---,MARKER_TRIPLE_DASH,,0,selected_zero_not_shown,0,true
UIMARI,39,493,33,482,---,MARKER_TRIPLE_DASH,,0,selected_zero_not_shown,0,true
UIMARI,39,493,34,483,---,MARKER_TRIPLE_DASH,,0,selected_zero_not_shown,0,true
UIMARI,39,493,35,484,---,MARKER_TRIPLE_DASH,,0,selected_zero_not_shown,0,true
UIMARI,39,493,36,485,---,MARKER_TRIPLE_DASH,,0,selected_zero_not_shown,0,true
UIMARI,39,493,37,486,---,MARKER_TRIPLE_DASH,,0,selected_zero_not_shown,0,true
UIMARI,39,493,38,487OS,---,MARKER_TRIPLE_DASH,,0,selected_zero_not_shown,0,true
UIMARI,39,493,39,493,---,MARKER_TRIPLE_DASH,,0,selected_zero_not_shown,0,true
UIMARI,39,493,40,511,---,MARKER_TRIPLE_DASH,,0,selected_zero_not_shown,0,true
UIMARI,39,493,41,512,---,MARKER_TRIPLE_DASH,,0,selected_zero_not_shown,0,true
UIMARI,39,493,42,513,---,MARKER_TRIPLE_DASH,,0,selected_zero_not_shown,0,true
UIMARI,39,493,43,514,---,MARKER_TRIPLE_DASH,,0,selected_zero_not_shown,0,true
UIMARI,39,493,44,521CI,---,MARKER_TRIPLE_DASH,,0,selected_zero_not_shown,0,true
UIMARI,39,493,45,523,---,MARKER_TRIPLE_DASH,,0,selected_zero_not_shown,0,true
UIMARI,39,493,46,524,---,MARKER_TRIPLE_DASH,,0,selected_zero_not_shown,0,true
UIMARI,39,493,47,525,---,MARKER_TRIPLE_DASH,,0,selected_zero_not_shown,0,true
UIMARI,39,493,48,HS,---,MARKER_TRIPLE_DASH,,0,selected_zero_not_shown,0,true
UIMARI,39,493,49,ORE,---,MARKER_TRIPLE_DASH,,0,selected_zero_not_shown,0,true
UIMARI,39,493,50,532RL,---,MARKER_TRIPLE_DASH,,0,selected_zero_not_shown,0,true
UIMARI,39,493,51,5411,---,MARKER_TRIPLE_DASH,,0,selected_zero_not_shown,0,true
UIMARI,39,493,52,5415,---,MARKER_TRIPLE_DASH,,0,selected_zero_not_shown,0,true
UIMARI,39,493,53,5412OP,---,MARKER_TRIPLE_DASH,,0,selected_zero_not_shown,0,true
UIMARI,39,493,54,55,---,MARKER_TRIPLE_DASH,,0,selected_zero_not_shown,0,true
UIMARI,39,493,55,561,---,MARKER_TRIPLE_DASH,,0,selected_zero_not_shown,0,true
UIMARI,39,493,56,562,---,MARKER_TRIPLE_DASH,,0,selected_zero_not_shown,0,true
UIMARI,39,493,57,61,---,MARKER_TRIPLE_DASH,,0,selected_zero_not_shown,0,true
UIMARI,39,493,58,621,---,MARKER_TRIPLE_DASH,,0,selected_zero_not_shown,0,true
UIMARI,39,493,59,622,---,MARKER_TRIPLE_DASH,,0,selected_zero_not_shown,0,true
UIMARI,39,493,60,623,---,MARKER_TRIPLE_DASH,,0,selected_zero_not_shown,0,true
UIMARI,39,493,61,624,---,MARKER_TRIPLE_DASH,,0,selected_zero_not_shown,0,true
UIMARI,39,493,62,711AS,---,MARKER_TRIPLE_DASH,,0,selected_zero_not_shown,0,true
UIMARI,39,493,63,713,---,MARKER_TRIPLE_DASH,,0,selected_zero_not_shown,0,true
UIMARI,39,493,64,721,---,MARKER_TRIPLE_DASH,,0,selected_zero_not_shown,0,true
UIMARI,39,493,65,722,---,MARKER_TRIPLE_DASH,,0,selected_zero_not_shown,0,true
UIMARI,39,493,66,81,---,MARKER_TRIPLE_DASH,,0,selected_zero_not_shown,0,true
UIMARI,39,493,67,GFGD,---,MARKER_TRIPLE_DASH,,0,selected_zero_not_shown,0,true
UIMARI,39,493,68,GFGN,---,MARKER_TRIPLE_DASH,,0,selected_zero_not_shown,0,true
UIMARI,39,493,69,GFE,---,MARKER_TRIPLE_DASH,,0,selected_zero_not_shown,0,true
UIMARI,39,493,70,GSLG,---,MARKER_TRIPLE_DASH,,0,selected_zero_not_shown,0,true
UIMARI,39,493,71,GSLE,---,MARKER_TRIPLE_DASH,,0,selected_zero_not_shown,0,true
UIMARI,39,493,72,T001,---,MARKER_TRIPLE_DASH,,0,selected_zero_not_shown,0,true
UIMARI,39,493,73,F010,---,MARKER_TRIPLE_DASH,,0,selected_zero_not_shown,0,true
UIMARI,39,493,74,F02S,---,MARKER_TRIPLE_DASH,,0,selected_zero_not_shown,0,true
UIMARI,39,493,75,F02E,---,MARKER_TRIPLE_DASH,,0,selected_zero_not_shown,0,true
UIMARI,39,493,76,F02N,---,MARKER_TRIPLE_DASH,,0,selected_zero_not_shown,0,true
UIMARI,39,493,77,F02R,---,MARKER_TRIPLE_DASH,,0,selected_zero_not_shown,0,true
UIMARI,39,493,78,F030,---,MARKER_TRIPLE_DASH,,0,selected_zero_not_shown,0,true
UIMARI,39,493,79,F040,---,MARKER_TRIPLE_DASH,,0,selected_zero_not_shown,0,true
UIMARI,39,493,80,F050,---,MARKER_TRIPLE_DASH,,0,selected_zero_not_shown,0,true
UIMARI,39,493,81,F06C,---,MARKER_TRIPLE_DASH,,0,selected_zero_not_shown,0,true
UIMARI,39,493,82,F06S,---,MARKER_TRIPLE_DASH,,0,selected_zero_not_shown,0,true
UIMARI,39,493,83,F06E,---,MARKER_TRIPLE_DASH,,0,selected_zero_not_shown,0,true
UIMARI,39,493,84,F06N,---,MARKER_TRIPLE_DASH,,0,selected_zero_not_shown,0,true
UIMARI,39,493,85,F07C,---,MARKER_TRIPLE_DASH,,0,selected_zero_not_shown,0,true
UIMARI,39,493,86,F07S,---,MARKER_TRIPLE_DASH,,0,selected_zero_not_shown,0,true
UIMARI,39,493,87,F07E,---,MARKER_TRIPLE_DASH,,0,selected_zero_not_shown,0,true
UIMARI,39,493,88,F07N,---,MARKER_TRIPLE_DASH,,0,selected_zero_not_shown,0,true
UIMARI,39,493,89,F10C,---,MARKER_TRIPLE_DASH,,0,selected_zero_not_shown,0,true
UIMARI,39,493,90,F10S,---,MARKER_TRIPLE_DASH,,0,selected_zero_not_shown,0,true
UIMARI,39,493,91,F10E,---,MARKER_TRIPLE_DASH,,0,selected_zero_not_shown,0,true
UIMARI,39,493,92,F10N,---,MARKER_TRIPLE_DASH,,0,selected_zero_not_shown,0,true
UIMARI,39,493,93,T004,---,MARKER_TRIPLE_DASH,,0,selected_zero_not_shown,0,true
UIMARI,40,511,1,111CA,7,NONZERO_INTEGER,7,7,numeric,7,true
UIMARI,40,511,2,113FF,0,LITERAL_ZERO,0,0,numeric,0,true
UIMARI,40,511,3,211,2,NONZERO_INTEGER,2,2,numeric,2,true
UIMARI,40,511,4,212,0,LITERAL_ZERO,0,0,numeric,0,true
UIMARI,40,511,5,213,0,LITERAL_ZERO,0,0,numeric,0,true
UIMARI,40,511,6,22,21,NONZERO_INTEGER,21,21,numeric,21,true
UIMARI,40,511,7,23,133,NONZERO_INTEGER,133,133,numeric,133,true
UIMARI,40,511,8,321,3,NONZERO_INTEGER,3,3,numeric,3,true
UIMARI,40,511,9,327,0,LITERAL_ZERO,0,0,numeric,0,true
UIMARI,40,511,10,331,1,NONZERO_INTEGER,1,1,numeric,1,true
UIMARI,40,511,11,332,6,NONZERO_INTEGER,6,6,numeric,6,true
UIMARI,40,511,12,333,3,NONZERO_INTEGER,3,3,numeric,3,true
UIMARI,40,511,13,334,1,NONZERO_INTEGER,1,1,numeric,1,true
UIMARI,40,511,14,335,0,LITERAL_ZERO,0,0,numeric,0,true
UIMARI,40,511,15,3361MV,1,NONZERO_INTEGER,1,1,numeric,1,true
UIMARI,40,511,16,3364OT,10,NONZERO_INTEGER,10,10,numeric,10,true
UIMARI,40,511,17,337,1,NONZERO_INTEGER,1,1,numeric,1,true
UIMARI,40,511,18,339,2,NONZERO_INTEGER,2,2,numeric,2,true
UIMARI,40,511,19,311FT,1,NONZERO_INTEGER,1,1,numeric,1,true
UIMARI,40,511,20,313TT,---,MARKER_TRIPLE_DASH,,0,selected_zero_not_shown,0,true
UIMARI,40,511,21,315AL,0,LITERAL_ZERO,0,0,numeric,0,true
UIMARI,40,511,22,322,1,NONZERO_INTEGER,1,1,numeric,1,true
UIMARI,40,511,23,323,3,NONZERO_INTEGER,3,3,numeric,3,true
UIMARI,40,511,24,324,0,LITERAL_ZERO,0,0,numeric,0,true
UIMARI,40,511,25,325,1,NONZERO_INTEGER,1,1,numeric,1,true
UIMARI,40,511,26,326,1,NONZERO_INTEGER,1,1,numeric,1,true
UIMARI,40,511,27,42,326,NONZERO_INTEGER,326,326,numeric,326,true
UIMARI,40,511,28,441,57,NONZERO_INTEGER,57,57,numeric,57,true
UIMARI,40,511,29,445,4,NONZERO_INTEGER,4,4,numeric,4,true
UIMARI,40,511,30,452,16,NONZERO_INTEGER,16,16,numeric,16,true
UIMARI,40,511,31,4A0,69,NONZERO_INTEGER,69,69,numeric,69,true
UIMARI,40,511,32,481,1,NONZERO_INTEGER,1,1,numeric,1,true
UIMARI,40,511,33,482,5,NONZERO_INTEGER,5,5,numeric,5,true
UIMARI,40,511,34,483,---,MARKER_TRIPLE_DASH,,0,selected_zero_not_shown,0,true
UIMARI,40,511,35,484,2,NONZERO_INTEGER,2,2,numeric,2,true
UIMARI,40,511,36,485,1,NONZERO_INTEGER,1,1,numeric,1,true
UIMARI,40,511,37,486,---,MARKER_TRIPLE_DASH,,0,selected_zero_not_shown,0,true
UIMARI,40,511,38,487OS,26,NONZERO_INTEGER,26,26,numeric,26,true
UIMARI,40,511,39,493,9,NONZERO_INTEGER,9,9,numeric,9,true
UIMARI,40,511,40,511,38,NONZERO_INTEGER,38,38,numeric,38,true
UIMARI,40,511,41,512,3,NONZERO_INTEGER,3,3,numeric,3,true
UIMARI,40,511,42,513,49,NONZERO_INTEGER,49,49,numeric,49,true
UIMARI,40,511,43,514,270,NONZERO_INTEGER,270,270,numeric,270,true
UIMARI,40,511,44,521CI,44,NONZERO_INTEGER,44,44,numeric,44,true
UIMARI,40,511,45,523,143,NONZERO_INTEGER,143,143,numeric,143,true
UIMARI,40,511,46,524,48,NONZERO_INTEGER,48,48,numeric,48,true
UIMARI,40,511,47,525,8,NONZERO_INTEGER,8,8,numeric,8,true
UIMARI,40,511,48,HS,0,LITERAL_ZERO,0,0,numeric,0,true
UIMARI,40,511,49,ORE,92,NONZERO_INTEGER,92,92,numeric,92,true
UIMARI,40,511,50,532RL,33,NONZERO_INTEGER,33,33,numeric,33,true
UIMARI,40,511,51,5411,93,NONZERO_INTEGER,93,93,numeric,93,true
UIMARI,40,511,52,5415,99,NONZERO_INTEGER,99,99,numeric,99,true
UIMARI,40,511,53,5412OP,224,NONZERO_INTEGER,224,224,numeric,224,true
UIMARI,40,511,54,55,30,NONZERO_INTEGER,30,30,numeric,30,true
UIMARI,40,511,55,561,211,NONZERO_INTEGER,211,211,numeric,211,true
UIMARI,40,511,56,562,3,NONZERO_INTEGER,3,3,numeric,3,true
UIMARI,40,511,57,61,42,NONZERO_INTEGER,42,42,numeric,42,true
UIMARI,40,511,58,621,81,NONZERO_INTEGER,81,81,numeric,81,true
UIMARI,40,511,59,622,196,NONZERO_INTEGER,196,196,numeric,196,true
UIMARI,40,511,60,623,12,NONZERO_INTEGER,12,12,numeric,12,true
UIMARI,40,511,61,624,50,NONZERO_INTEGER,50,50,numeric,50,true
UIMARI,40,511,62,711AS,5,NONZERO_INTEGER,5,5,numeric,5,true
UIMARI,40,511,63,713,7,NONZERO_INTEGER,7,7,numeric,7,true
UIMARI,40,511,64,721,9,NONZERO_INTEGER,9,9,numeric,9,true
UIMARI,40,511,65,722,10,NONZERO_INTEGER,10,10,numeric,10,true
UIMARI,40,511,66,81,54,NONZERO_INTEGER,54,54,numeric,54,true
UIMARI,40,511,67,GFGD,2,NONZERO_INTEGER,2,2,numeric,2,true
UIMARI,40,511,68,GFGN,106,NONZERO_INTEGER,106,106,numeric,106,true
UIMARI,40,511,69,GFE,1,NONZERO_INTEGER,1,1,numeric,1,true
UIMARI,40,511,70,GSLG,669,NONZERO_INTEGER,669,669,numeric,669,true
UIMARI,40,511,71,GSLE,46,NONZERO_INTEGER,46,46,numeric,46,true
UIMARI,40,511,72,T001,"3,393",NONZERO_INTEGER,3393,3393,numeric,3393,true
UIMARI,40,511,73,F010,"2,890",NONZERO_INTEGER,2890,2890,numeric,2890,true
UIMARI,40,511,74,F02S,---,MARKER_TRIPLE_DASH,,0,selected_zero_not_shown,0,true
UIMARI,40,511,75,F02E,---,MARKER_TRIPLE_DASH,,0,selected_zero_not_shown,0,true
UIMARI,40,511,76,F02N,-28,NONZERO_INTEGER,-28,-28,numeric,-28,true
UIMARI,40,511,77,F02R,---,MARKER_TRIPLE_DASH,,0,selected_zero_not_shown,0,true
UIMARI,40,511,78,F030,29,NONZERO_INTEGER,29,29,numeric,29,true
UIMARI,40,511,79,F040,---,MARKER_TRIPLE_DASH,,0,selected_zero_not_shown,0,true
UIMARI,40,511,80,F050,"-6,280",NONZERO_INTEGER,-6280,-6280,numeric,-6280,true
UIMARI,40,511,81,F06C,---,MARKER_TRIPLE_DASH,,0,selected_zero_not_shown,0,true
UIMARI,40,511,82,F06S,---,MARKER_TRIPLE_DASH,,0,selected_zero_not_shown,0,true
UIMARI,40,511,83,F06E,---,MARKER_TRIPLE_DASH,,0,selected_zero_not_shown,0,true
UIMARI,40,511,84,F06N,-1,NONZERO_INTEGER,-1,-1,numeric,-1,true
UIMARI,40,511,85,F07C,---,MARKER_TRIPLE_DASH,,0,selected_zero_not_shown,0,true
UIMARI,40,511,86,F07S,---,MARKER_TRIPLE_DASH,,0,selected_zero_not_shown,0,true
UIMARI,40,511,87,F07E,---,MARKER_TRIPLE_DASH,,0,selected_zero_not_shown,0,true
UIMARI,40,511,88,F07N,-1,NONZERO_INTEGER,-1,-1,numeric,-1,true
UIMARI,40,511,89,F10C,---,MARKER_TRIPLE_DASH,,0,selected_zero_not_shown,0,true
UIMARI,40,511,90,F10S,---,MARKER_TRIPLE_DASH,,0,selected_zero_not_shown,0,true
UIMARI,40,511,91,F10E,---,MARKER_TRIPLE_DASH,,0,selected_zero_not_shown,0,true
UIMARI,40,511,92,F10N,-3,NONZERO_INTEGER,-3,-3,numeric,-3,true
UIMARI,40,511,93,T004,"-3,393",NONZERO_INTEGER,-3393,-3393,numeric,-3393,true
UIMARI,41,512,1,111CA,---,MARKER_TRIPLE_DASH,,0,selected_zero_not_shown,0,true
UIMARI,41,512,2,113FF,---,MARKER_TRIPLE_DASH,,0,selected_zero_not_shown,0,true
UIMARI,41,512,3,211,---,MARKER_TRIPLE_DASH,,0,selected_zero_not_shown,0,true
UIMARI,41,512,4,212,---,MARKER_TRIPLE_DASH,,0,selected_zero_not_shown,0,true
UIMARI,41,512,5,213,---,MARKER_TRIPLE_DASH,,0,selected_zero_not_shown,0,true
UIMARI,41,512,6,22,---,MARKER_TRIPLE_DASH,,0,selected_zero_not_shown,0,true
UIMARI,41,512,7,23,---,MARKER_TRIPLE_DASH,,0,selected_zero_not_shown,0,true
UIMARI,41,512,8,321,---,MARKER_TRIPLE_DASH,,0,selected_zero_not_shown,0,true
UIMARI,41,512,9,327,---,MARKER_TRIPLE_DASH,,0,selected_zero_not_shown,0,true
UIMARI,41,512,10,331,---,MARKER_TRIPLE_DASH,,0,selected_zero_not_shown,0,true
UIMARI,41,512,11,332,---,MARKER_TRIPLE_DASH,,0,selected_zero_not_shown,0,true
UIMARI,41,512,12,333,---,MARKER_TRIPLE_DASH,,0,selected_zero_not_shown,0,true
UIMARI,41,512,13,334,---,MARKER_TRIPLE_DASH,,0,selected_zero_not_shown,0,true
UIMARI,41,512,14,335,---,MARKER_TRIPLE_DASH,,0,selected_zero_not_shown,0,true
UIMARI,41,512,15,3361MV,---,MARKER_TRIPLE_DASH,,0,selected_zero_not_shown,0,true
UIMARI,41,512,16,3364OT,---,MARKER_TRIPLE_DASH,,0,selected_zero_not_shown,0,true
UIMARI,41,512,17,337,---,MARKER_TRIPLE_DASH,,0,selected_zero_not_shown,0,true
UIMARI,41,512,18,339,---,MARKER_TRIPLE_DASH,,0,selected_zero_not_shown,0,true
UIMARI,41,512,19,311FT,---,MARKER_TRIPLE_DASH,,0,selected_zero_not_shown,0,true
UIMARI,41,512,20,313TT,---,MARKER_TRIPLE_DASH,,0,selected_zero_not_shown,0,true
UIMARI,41,512,21,315AL,---,MARKER_TRIPLE_DASH,,0,selected_zero_not_shown,0,true
UIMARI,41,512,22,322,---,MARKER_TRIPLE_DASH,,0,selected_zero_not_shown,0,true
UIMARI,41,512,23,323,---,MARKER_TRIPLE_DASH,,0,selected_zero_not_shown,0,true
UIMARI,41,512,24,324,---,MARKER_TRIPLE_DASH,,0,selected_zero_not_shown,0,true
UIMARI,41,512,25,325,---,MARKER_TRIPLE_DASH,,0,selected_zero_not_shown,0,true
UIMARI,41,512,26,326,---,MARKER_TRIPLE_DASH,,0,selected_zero_not_shown,0,true
UIMARI,41,512,27,42,20,NONZERO_INTEGER,20,20,numeric,20,true
UIMARI,41,512,28,441,79,NONZERO_INTEGER,79,79,numeric,79,true
UIMARI,41,512,29,445,38,NONZERO_INTEGER,38,38,numeric,38,true
UIMARI,41,512,30,452,---,MARKER_TRIPLE_DASH,,0,selected_zero_not_shown,0,true
UIMARI,41,512,31,4A0,1,NONZERO_INTEGER,1,1,numeric,1,true
UIMARI,41,512,32,481,1,NONZERO_INTEGER,1,1,numeric,1,true
UIMARI,41,512,33,482,---,MARKER_TRIPLE_DASH,,0,selected_zero_not_shown,0,true
UIMARI,41,512,34,483,---,MARKER_TRIPLE_DASH,,0,selected_zero_not_shown,0,true
UIMARI,41,512,35,484,1,NONZERO_INTEGER,1,1,numeric,1,true
UIMARI,41,512,36,485,---,MARKER_TRIPLE_DASH,,0,selected_zero_not_shown,0,true
UIMARI,41,512,37,486,10,NONZERO_INTEGER,10,10,numeric,10,true
UIMARI,41,512,38,487OS,4,NONZERO_INTEGER,4,4,numeric,4,true
UIMARI,41,512,39,493,---,MARKER_TRIPLE_DASH,,0,selected_zero_not_shown,0,true
UIMARI,41,512,40,511,21,NONZERO_INTEGER,21,21,numeric,21,true
UIMARI,41,512,41,512,"3,759",NONZERO_INTEGER,3759,3759,numeric,3759,true
UIMARI,41,512,42,513,"4,356",NONZERO_INTEGER,4356,4356,numeric,4356,true
UIMARI,41,512,43,514,4,NONZERO_INTEGER,4,4,numeric,4,true
UIMARI,41,512,44,521CI,8,NONZERO_INTEGER,8,8,numeric,8,true
UIMARI,41,512,45,523,10,NONZERO_INTEGER,10,10,numeric,10,true
UIMARI,41,512,46,524,---,MARKER_TRIPLE_DASH,,0,selected_zero_not_shown,0,true
UIMARI,41,512,47,525,---,MARKER_TRIPLE_DASH,,0,selected_zero_not_shown,0,true
UIMARI,41,512,48,HS,---,MARKER_TRIPLE_DASH,,0,selected_zero_not_shown,0,true
UIMARI,41,512,49,ORE,32,NONZERO_INTEGER,32,32,numeric,32,true
UIMARI,41,512,50,532RL,30,NONZERO_INTEGER,30,30,numeric,30,true
UIMARI,41,512,51,5411,2,NONZERO_INTEGER,2,2,numeric,2,true
UIMARI,41,512,52,5415,14,NONZERO_INTEGER,14,14,numeric,14,true
UIMARI,41,512,53,5412OP,319,NONZERO_INTEGER,319,319,numeric,319,true
UIMARI,41,512,54,55,49,NONZERO_INTEGER,49,49,numeric,49,true
UIMARI,41,512,55,561,23,NONZERO_INTEGER,23,23,numeric,23,true
UIMARI,41,512,56,562,---,MARKER_TRIPLE_DASH,,0,selected_zero_not_shown,0,true
UIMARI,41,512,57,61,106,NONZERO_INTEGER,106,106,numeric,106,true
UIMARI,41,512,58,621,19,NONZERO_INTEGER,19,19,numeric,19,true
UIMARI,41,512,59,622,5,NONZERO_INTEGER,5,5,numeric,5,true
UIMARI,41,512,60,623,202,NONZERO_INTEGER,202,202,numeric,202,true
UIMARI,41,512,61,624,336,NONZERO_INTEGER,336,336,numeric,336,true
UIMARI,41,512,62,711AS,79,NONZERO_INTEGER,79,79,numeric,79,true
UIMARI,41,512,63,713,13,NONZERO_INTEGER,13,13,numeric,13,true
UIMARI,41,512,64,721,103,NONZERO_INTEGER,103,103,numeric,103,true
UIMARI,41,512,65,722,437,NONZERO_INTEGER,437,437,numeric,437,true
UIMARI,41,512,66,81,52,NONZERO_INTEGER,52,52,numeric,52,true
UIMARI,41,512,67,GFGD,10,NONZERO_INTEGER,10,10,numeric,10,true
UIMARI,41,512,68,GFGN,50,NONZERO_INTEGER,50,50,numeric,50,true
UIMARI,41,512,69,GFE,1,NONZERO_INTEGER,1,1,numeric,1,true
UIMARI,41,512,70,GSLG,94,NONZERO_INTEGER,94,94,numeric,94,true
UIMARI,41,512,71,GSLE,---,MARKER_TRIPLE_DASH,,0,selected_zero_not_shown,0,true
UIMARI,41,512,72,T001,"10,288",NONZERO_INTEGER,10288,10288,numeric,10288,true
UIMARI,41,512,73,F010,899,NONZERO_INTEGER,899,899,numeric,899,true
UIMARI,41,512,74,F02S,---,MARKER_TRIPLE_DASH,,0,selected_zero_not_shown,0,true
UIMARI,41,512,75,F02E,---,MARKER_TRIPLE_DASH,,0,selected_zero_not_shown,0,true
UIMARI,41,512,76,F02N,---,MARKER_TRIPLE_DASH,,0,selected_zero_not_shown,0,true
UIMARI,41,512,77,F02R,---,MARKER_TRIPLE_DASH,,0,selected_zero_not_shown,0,true
UIMARI,41,512,78,F030,17,NONZERO_INTEGER,17,17,numeric,17,true
UIMARI,41,512,79,F040,---,MARKER_TRIPLE_DASH,,0,selected_zero_not_shown,0,true
UIMARI,41,512,80,F050,"-11,204",NONZERO_INTEGER,-11204,-11204,numeric,-11204,true
UIMARI,41,512,81,F06C,---,MARKER_TRIPLE_DASH,,0,selected_zero_not_shown,0,true
UIMARI,41,512,82,F06S,---,MARKER_TRIPLE_DASH,,0,selected_zero_not_shown,0,true
UIMARI,41,512,83,F06E,---,MARKER_TRIPLE_DASH,,0,selected_zero_not_shown,0,true
UIMARI,41,512,84,F06N,---,MARKER_TRIPLE_DASH,,0,selected_zero_not_shown,0,true
UIMARI,41,512,85,F07C,---,MARKER_TRIPLE_DASH,,0,selected_zero_not_shown,0,true
UIMARI,41,512,86,F07S,---,MARKER_TRIPLE_DASH,,0,selected_zero_not_shown,0,true
UIMARI,41,512,87,F07E,---,MARKER_TRIPLE_DASH,,0,selected_zero_not_shown,0,true
UIMARI,41,512,88,F07N,---,MARKER_TRIPLE_DASH,,0,selected_zero_not_shown,0,true
UIMARI,41,512,89,F10C,---,MARKER_TRIPLE_DASH,,0,selected_zero_not_shown,0,true
UIMARI,41,512,90,F10S,---,MARKER_TRIPLE_DASH,,0,selected_zero_not_shown,0,true
UIMARI,41,512,91,F10E,---,MARKER_TRIPLE_DASH,,0,selected_zero_not_shown,0,true
UIMARI,41,512,92,F10N,---,MARKER_TRIPLE_DASH,,0,selected_zero_not_shown,0,true
UIMARI,41,512,93,T004,"-10,288",NONZERO_INTEGER,-10288,-10288,numeric,-10288,true
UIMARI,42,513,1,111CA,0,LITERAL_ZERO,0,0,numeric,0,true
UIMARI,42,513,2,113FF,0,LITERAL_ZERO,0,0,numeric,0,true
UIMARI,42,513,3,211,0,LITERAL_ZERO,0,0,numeric,0,true
UIMARI,42,513,4,212,0,LITERAL_ZERO,0,0,numeric,0,true
UIMARI,42,513,5,213,0,LITERAL_ZERO,0,0,numeric,0,true
UIMARI,42,513,6,22,0,LITERAL_ZERO,0,0,numeric,0,true
UIMARI,42,513,7,23,1,NONZERO_INTEGER,1,1,numeric,1,true
UIMARI,42,513,8,321,0,LITERAL_ZERO,0,0,numeric,0,true
UIMARI,42,513,9,327,0,LITERAL_ZERO,0,0,numeric,0,true
UIMARI,42,513,10,331,0,LITERAL_ZERO,0,0,numeric,0,true
UIMARI,42,513,11,332,0,LITERAL_ZERO,0,0,numeric,0,true
UIMARI,42,513,12,333,0,LITERAL_ZERO,0,0,numeric,0,true
UIMARI,42,513,13,334,0,LITERAL_ZERO,0,0,numeric,0,true
UIMARI,42,513,14,335,0,LITERAL_ZERO,0,0,numeric,0,true
UIMARI,42,513,15,3361MV,0,LITERAL_ZERO,0,0,numeric,0,true
UIMARI,42,513,16,3364OT,0,LITERAL_ZERO,0,0,numeric,0,true
UIMARI,42,513,17,337,0,LITERAL_ZERO,0,0,numeric,0,true
UIMARI,42,513,18,339,0,LITERAL_ZERO,0,0,numeric,0,true
UIMARI,42,513,19,311FT,0,LITERAL_ZERO,0,0,numeric,0,true
UIMARI,42,513,20,313TT,0,LITERAL_ZERO,0,0,numeric,0,true
UIMARI,42,513,21,315AL,0,LITERAL_ZERO,0,0,numeric,0,true
UIMARI,42,513,22,322,0,LITERAL_ZERO,0,0,numeric,0,true
UIMARI,42,513,23,323,0,LITERAL_ZERO,0,0,numeric,0,true
UIMARI,42,513,24,324,0,LITERAL_ZERO,0,0,numeric,0,true
UIMARI,42,513,25,325,0,LITERAL_ZERO,0,0,numeric,0,true
UIMARI,42,513,26,326,0,LITERAL_ZERO,0,0,numeric,0,true
UIMARI,42,513,27,42,1,NONZERO_INTEGER,1,1,numeric,1,true
UIMARI,42,513,28,441,0,LITERAL_ZERO,0,0,numeric,0,true
UIMARI,42,513,29,445,0,LITERAL_ZERO,0,0,numeric,0,true
UIMARI,42,513,30,452,0,LITERAL_ZERO,0,0,numeric,0,true
UIMARI,42,513,31,4A0,1,NONZERO_INTEGER,1,1,numeric,1,true
UIMARI,42,513,32,481,0,LITERAL_ZERO,0,0,numeric,0,true
UIMARI,42,513,33,482,0,LITERAL_ZERO,0,0,numeric,0,true
UIMARI,42,513,34,483,0,LITERAL_ZERO,0,0,numeric,0,true
UIMARI,42,513,35,484,0,LITERAL_ZERO,0,0,numeric,0,true
UIMARI,42,513,36,485,0,LITERAL_ZERO,0,0,numeric,0,true
UIMARI,42,513,37,486,1,NONZERO_INTEGER,1,1,numeric,1,true
UIMARI,42,513,38,487OS,0,LITERAL_ZERO,0,0,numeric,0,true
UIMARI,42,513,39,493,0,LITERAL_ZERO,0,0,numeric,0,true
UIMARI,42,513,40,511,1,NONZERO_INTEGER,1,1,numeric,1,true
UIMARI,42,513,41,512,0,LITERAL_ZERO,0,0,numeric,0,true
UIMARI,42,513,42,513,16,NONZERO_INTEGER,16,16,numeric,16,true
UIMARI,42,513,43,514,6,NONZERO_INTEGER,6,6,numeric,6,true
UIMARI,42,513,44,521CI,1,NONZERO_INTEGER,1,1,numeric,1,true
UIMARI,42,513,45,523,1,NONZERO_INTEGER,1,1,numeric,1,true
UIMARI,42,513,46,524,0,LITERAL_ZERO,0,0,numeric,0,true
UIMARI,42,513,47,525,0,LITERAL_ZERO,0,0,numeric,0,true
UIMARI,42,513,48,HS,0,LITERAL_ZERO,0,0,numeric,0,true
UIMARI,42,513,49,ORE,3,NONZERO_INTEGER,3,3,numeric,3,true
UIMARI,42,513,50,532RL,0,LITERAL_ZERO,0,0,numeric,0,true
UIMARI,42,513,51,5411,0,LITERAL_ZERO,0,0,numeric,0,true
UIMARI,42,513,52,5415,0,LITERAL_ZERO,0,0,numeric,0,true
UIMARI,42,513,53,5412OP,2,NONZERO_INTEGER,2,2,numeric,2,true
UIMARI,42,513,54,55,0,LITERAL_ZERO,0,0,numeric,0,true
UIMARI,42,513,55,561,2,NONZERO_INTEGER,2,2,numeric,2,true
UIMARI,42,513,56,562,0,LITERAL_ZERO,0,0,numeric,0,true
UIMARI,42,513,57,61,0,LITERAL_ZERO,0,0,numeric,0,true
UIMARI,42,513,58,621,1,NONZERO_INTEGER,1,1,numeric,1,true
UIMARI,42,513,59,622,0,LITERAL_ZERO,0,0,numeric,0,true
UIMARI,42,513,60,623,0,LITERAL_ZERO,0,0,numeric,0,true
UIMARI,42,513,61,624,0,LITERAL_ZERO,0,0,numeric,0,true
UIMARI,42,513,62,711AS,0,LITERAL_ZERO,0,0,numeric,0,true
UIMARI,42,513,63,713,0,LITERAL_ZERO,0,0,numeric,0,true
UIMARI,42,513,64,721,0,LITERAL_ZERO,0,0,numeric,0,true
UIMARI,42,513,65,722,0,LITERAL_ZERO,0,0,numeric,0,true
UIMARI,42,513,66,81,1,NONZERO_INTEGER,1,1,numeric,1,true
UIMARI,42,513,67,GFGD,1,NONZERO_INTEGER,1,1,numeric,1,true
UIMARI,42,513,68,GFGN,1,NONZERO_INTEGER,1,1,numeric,1,true
UIMARI,42,513,69,GFE,0,LITERAL_ZERO,0,0,numeric,0,true
UIMARI,42,513,70,GSLG,17,NONZERO_INTEGER,17,17,numeric,17,true
UIMARI,42,513,71,GSLE,1,NONZERO_INTEGER,1,1,numeric,1,true
UIMARI,42,513,72,T001,63,NONZERO_INTEGER,63,63,numeric,63,true
UIMARI,42,513,73,F010,73,NONZERO_INTEGER,73,73,numeric,73,true
UIMARI,42,513,74,F02S,---,MARKER_TRIPLE_DASH,,0,selected_zero_not_shown,0,true
UIMARI,42,513,75,F02E,---,MARKER_TRIPLE_DASH,,0,selected_zero_not_shown,0,true
UIMARI,42,513,76,F02N,---,MARKER_TRIPLE_DASH,,0,selected_zero_not_shown,0,true
UIMARI,42,513,77,F02R,---,MARKER_TRIPLE_DASH,,0,selected_zero_not_shown,0,true
UIMARI,42,513,78,F030,---,MARKER_TRIPLE_DASH,,0,selected_zero_not_shown,0,true
UIMARI,42,513,79,F040,---,MARKER_TRIPLE_DASH,,0,selected_zero_not_shown,0,true
UIMARI,42,513,80,F050,-136,NONZERO_INTEGER,-136,-136,numeric,-136,true
UIMARI,42,513,81,F06C,---,MARKER_TRIPLE_DASH,,0,selected_zero_not_shown,0,true
UIMARI,42,513,82,F06S,---,MARKER_TRIPLE_DASH,,0,selected_zero_not_shown,0,true
UIMARI,42,513,83,F06E,---,MARKER_TRIPLE_DASH,,0,selected_zero_not_shown,0,true
UIMARI,42,513,84,F06N,---,MARKER_TRIPLE_DASH,,0,selected_zero_not_shown,0,true
UIMARI,42,513,85,F07C,---,MARKER_TRIPLE_DASH,,0,selected_zero_not_shown,0,true
UIMARI,42,513,86,F07S,---,MARKER_TRIPLE_DASH,,0,selected_zero_not_shown,0,true
UIMARI,42,513,87,F07E,---,MARKER_TRIPLE_DASH,,0,selected_zero_not_shown,0,true
UIMARI,42,513,88,F07N,---,MARKER_TRIPLE_DASH,,0,selected_zero_not_shown,0,true
UIMARI,42,513,89,F10C,---,MARKER_TRIPLE_DASH,,0,selected_zero_not_shown,0,true
UIMARI,42,513,90,F10S,---,MARKER_TRIPLE_DASH,,0,selected_zero_not_shown,0,true
UIMARI,42,513,91,F10E,---,MARKER_TRIPLE_DASH,,0,selected_zero_not_shown,0,true
UIMARI,42,513,92,F10N,---,MARKER_TRIPLE_DASH,,0,selected_zero_not_shown,0,true
UIMARI,42,513,93,T004,-63,NONZERO_INTEGER,-63,-63,numeric,-63,true
UIMARI,43,514,1,111CA,---,MARKER_TRIPLE_DASH,,0,selected_zero_not_shown,0,true
UIMARI,43,514,2,113FF,0,LITERAL_ZERO,0,0,numeric,0,true
UIMARI,43,514,3,211,0,LITERAL_ZERO,0,0,numeric,0,true
UIMARI,43,514,4,212,0,LITERAL_ZERO,0,0,numeric,0,true
UIMARI,43,514,5,213,0,LITERAL_ZERO,0,0,numeric,0,true
UIMARI,43,514,6,22,12,NONZERO_INTEGER,12,12,numeric,12,true
UIMARI,43,514,7,23,13,NONZERO_INTEGER,13,13,numeric,13,true
UIMARI,43,514,8,321,2,NONZERO_INTEGER,2,2,numeric,2,true
UIMARI,43,514,9,327,2,NONZERO_INTEGER,2,2,numeric,2,true
UIMARI,43,514,10,331,2,NONZERO_INTEGER,2,2,numeric,2,true
UIMARI,43,514,11,332,4,NONZERO_INTEGER,4,4,numeric,4,true
UIMARI,43,514,12,333,3,NONZERO_INTEGER,3,3,numeric,3,true
UIMARI,43,514,13,334,0,LITERAL_ZERO,0,0,numeric,0,true
UIMARI,43,514,14,335,1,NONZERO_INTEGER,1,1,numeric,1,true
UIMARI,43,514,15,3361MV,1,NONZERO_INTEGER,1,1,numeric,1,true
UIMARI,43,514,16,3364OT,2,NONZERO_INTEGER,2,2,numeric,2,true
UIMARI,43,514,17,337,1,NONZERO_INTEGER,1,1,numeric,1,true
UIMARI,43,514,18,339,1,NONZERO_INTEGER,1,1,numeric,1,true
UIMARI,43,514,19,311FT,3,NONZERO_INTEGER,3,3,numeric,3,true
UIMARI,43,514,20,313TT,0,LITERAL_ZERO,0,0,numeric,0,true
UIMARI,43,514,21,315AL,0,LITERAL_ZERO,0,0,numeric,0,true
UIMARI,43,514,22,322,2,NONZERO_INTEGER,2,2,numeric,2,true
UIMARI,43,514,23,323,1,NONZERO_INTEGER,1,1,numeric,1,true
UIMARI,43,514,24,324,0,LITERAL_ZERO,0,0,numeric,0,true
UIMARI,43,514,25,325,1,NONZERO_INTEGER,1,1,numeric,1,true
UIMARI,43,514,26,326,1,NONZERO_INTEGER,1,1,numeric,1,true
UIMARI,43,514,27,42,14,NONZERO_INTEGER,14,14,numeric,14,true
UIMARI,43,514,28,441,30,NONZERO_INTEGER,30,30,numeric,30,true
UIMARI,43,514,29,445,8,NONZERO_INTEGER,8,8,numeric,8,true
UIMARI,43,514,30,452,8,NONZERO_INTEGER,8,8,numeric,8,true
UIMARI,43,514,31,4A0,50,NONZERO_INTEGER,50,50,numeric,50,true
UIMARI,43,514,32,481,2,NONZERO_INTEGER,2,2,numeric,2,true
UIMARI,43,514,33,482,---,MARKER_TRIPLE_DASH,,0,selected_zero_not_shown,0,true
UIMARI,43,514,34,483,---,MARKER_TRIPLE_DASH,,0,selected_zero_not_shown,0,true
UIMARI,43,514,35,484,1,NONZERO_INTEGER,1,1,numeric,1,true
UIMARI,43,514,36,485,1,NONZERO_INTEGER,1,1,numeric,1,true
UIMARI,43,514,37,486,0,LITERAL_ZERO,0,0,numeric,0,true
UIMARI,43,514,38,487OS,4,NONZERO_INTEGER,4,4,numeric,4,true
UIMARI,43,514,39,493,0,LITERAL_ZERO,0,0,numeric,0,true
UIMARI,43,514,40,511,12,NONZERO_INTEGER,12,12,numeric,12,true
UIMARI,43,514,41,512,1,NONZERO_INTEGER,1,1,numeric,1,true
UIMARI,43,514,42,513,16,NONZERO_INTEGER,16,16,numeric,16,true
UIMARI,43,514,43,514,98,NONZERO_INTEGER,98,98,numeric,98,true
UIMARI,43,514,44,521CI,58,NONZERO_INTEGER,58,58,numeric,58,true
UIMARI,43,514,45,523,29,NONZERO_INTEGER,29,29,numeric,29,true
UIMARI,43,514,46,524,13,NONZERO_INTEGER,13,13,numeric,13,true
UIMARI,43,514,47,525,20,NONZERO_INTEGER,20,20,numeric,20,true
UIMARI,43,514,48,HS,0,LITERAL_ZERO,0,0,numeric,0,true
UIMARI,43,514,49,ORE,6,NONZERO_INTEGER,6,6,numeric,6,true
UIMARI,43,514,50,532RL,15,NONZERO_INTEGER,15,15,numeric,15,true
UIMARI,43,514,51,5411,25,NONZERO_INTEGER,25,25,numeric,25,true
UIMARI,43,514,52,5415,33,NONZERO_INTEGER,33,33,numeric,33,true
UIMARI,43,514,53,5412OP,159,NONZERO_INTEGER,159,159,numeric,159,true
UIMARI,43,514,54,55,13,NONZERO_INTEGER,13,13,numeric,13,true
UIMARI,43,514,55,561,178,NONZERO_INTEGER,178,178,numeric,178,true
UIMARI,43,514,56,562,9,NONZERO_INTEGER,9,9,numeric,9,true
UIMARI,43,514,57,61,62,NONZERO_INTEGER,62,62,numeric,62,true
UIMARI,43,514,58,621,21,NONZERO_INTEGER,21,21,numeric,21,true
UIMARI,43,514,59,622,28,NONZERO_INTEGER,28,28,numeric,28,true
UIMARI,43,514,60,623,4,NONZERO_INTEGER,4,4,numeric,4,true
UIMARI,43,514,61,624,8,NONZERO_INTEGER,8,8,numeric,8,true
UIMARI,43,514,62,711AS,9,NONZERO_INTEGER,9,9,numeric,9,true
UIMARI,43,514,63,713,8,NONZERO_INTEGER,8,8,numeric,8,true
UIMARI,43,514,64,721,7,NONZERO_INTEGER,7,7,numeric,7,true
UIMARI,43,514,65,722,103,NONZERO_INTEGER,103,103,numeric,103,true
UIMARI,43,514,66,81,91,NONZERO_INTEGER,91,91,numeric,91,true
UIMARI,43,514,67,GFGD,1,NONZERO_INTEGER,1,1,numeric,1,true
UIMARI,43,514,68,GFGN,17,NONZERO_INTEGER,17,17,numeric,17,true
UIMARI,43,514,69,GFE,0,LITERAL_ZERO,0,0,numeric,0,true
UIMARI,43,514,70,GSLG,129,NONZERO_INTEGER,129,129,numeric,129,true
UIMARI,43,514,71,GSLE,28,NONZERO_INTEGER,28,28,numeric,28,true
UIMARI,43,514,72,T001,"1,371",NONZERO_INTEGER,1371,1371,numeric,1371,true
UIMARI,43,514,73,F010,682,NONZERO_INTEGER,682,682,numeric,682,true
UIMARI,43,514,74,F02S,---,MARKER_TRIPLE_DASH,,0,selected_zero_not_shown,0,true
UIMARI,43,514,75,F02E,---,MARKER_TRIPLE_DASH,,0,selected_zero_not_shown,0,true
UIMARI,43,514,76,F02N,15,NONZERO_INTEGER,15,15,numeric,15,true
UIMARI,43,514,77,F02R,---,MARKER_TRIPLE_DASH,,0,selected_zero_not_shown,0,true
UIMARI,43,514,78,F030,---,MARKER_TRIPLE_DASH,,0,selected_zero_not_shown,0,true
UIMARI,43,514,79,F040,---,MARKER_TRIPLE_DASH,,0,selected_zero_not_shown,0,true
UIMARI,43,514,80,F050,"-2,071",NONZERO_INTEGER,-2071,-2071,numeric,-2071,true
UIMARI,43,514,81,F06C,---,MARKER_TRIPLE_DASH,,0,selected_zero_not_shown,0,true
UIMARI,43,514,82,F06S,---,MARKER_TRIPLE_DASH,,0,selected_zero_not_shown,0,true
UIMARI,43,514,83,F06E,---,MARKER_TRIPLE_DASH,,0,selected_zero_not_shown,0,true
UIMARI,43,514,84,F06N,1,NONZERO_INTEGER,1,1,numeric,1,true
UIMARI,43,514,85,F07C,---,MARKER_TRIPLE_DASH,,0,selected_zero_not_shown,0,true
UIMARI,43,514,86,F07S,---,MARKER_TRIPLE_DASH,,0,selected_zero_not_shown,0,true
UIMARI,43,514,87,F07E,---,MARKER_TRIPLE_DASH,,0,selected_zero_not_shown,0,true
UIMARI,43,514,88,F07N,1,NONZERO_INTEGER,1,1,numeric,1,true
UIMARI,43,514,89,F10C,---,MARKER_TRIPLE_DASH,,0,selected_zero_not_shown,0,true
UIMARI,43,514,90,F10S,---,MARKER_TRIPLE_DASH,,0,selected_zero_not_shown,0,true
UIMARI,43,514,91,F10E,---,MARKER_TRIPLE_DASH,,0,selected_zero_not_shown,0,true
UIMARI,43,514,92,F10N,2,NONZERO_INTEGER,2,2,numeric,2,true
UIMARI,43,514,93,T004,"-1,371",NONZERO_INTEGER,-1371,-1371,numeric,-1371,true
UIMARI,44,521CI,1,111CA,63,NONZERO_INTEGER,63,63,numeric,63,true
UIMARI,44,521CI,2,113FF,7,NONZERO_INTEGER,7,7,numeric,7,true
UIMARI,44,521CI,3,211,28,NONZERO_INTEGER,28,28,numeric,28,true
UIMARI,44,521CI,4,212,9,NONZERO_INTEGER,9,9,numeric,9,true
UIMARI,44,521CI,5,213,6,NONZERO_INTEGER,6,6,numeric,6,true
UIMARI,44,521CI,6,22,87,NONZERO_INTEGER,87,87,numeric,87,true
UIMARI,44,521CI,7,23,144,NONZERO_INTEGER,144,144,numeric,144,true
UIMARI,44,521CI,8,321,11,NONZERO_INTEGER,11,11,numeric,11,true
UIMARI,44,521CI,9,327,10,NONZERO_INTEGER,10,10,numeric,10,true
UIMARI,44,521CI,10,331,16,NONZERO_INTEGER,16,16,numeric,16,true
UIMARI,44,521CI,11,332,22,NONZERO_INTEGER,22,22,numeric,22,true
UIMARI,44,521CI,12,333,18,NONZERO_INTEGER,18,18,numeric,18,true
UIMARI,44,521CI,13,334,37,NONZERO_INTEGER,37,37,numeric,37,true
UIMARI,44,521CI,14,335,16,NONZERO_INTEGER,16,16,numeric,16,true
UIMARI,44,521CI,15,3361MV,36,NONZERO_INTEGER,36,36,numeric,36,true
UIMARI,44,521CI,16,3364OT,10,NONZERO_INTEGER,10,10,numeric,10,true
UIMARI,44,521CI,17,337,8,NONZERO_INTEGER,8,8,numeric,8,true
UIMARI,44,521CI,18,339,24,NONZERO_INTEGER,24,24,numeric,24,true
UIMARI,44,521CI,19,311FT,37,NONZERO_INTEGER,37,37,numeric,37,true
UIMARI,44,521CI,20,313TT,3,NONZERO_INTEGER,3,3,numeric,3,true
UIMARI,44,521CI,21,315AL,6,NONZERO_INTEGER,6,6,numeric,6,true
UIMARI,44,521CI,22,322,12,NONZERO_INTEGER,12,12,numeric,12,true
UIMARI,44,521CI,23,323,7,NONZERO_INTEGER,7,7,numeric,7,true
UIMARI,44,521CI,24,324,6,NONZERO_INTEGER,6,6,numeric,6,true
UIMARI,44,521CI,25,325,51,NONZERO_INTEGER,51,51,numeric,51,true
UIMARI,44,521CI,26,326,22,NONZERO_INTEGER,22,22,numeric,22,true
UIMARI,44,521CI,27,42,159,NONZERO_INTEGER,159,159,numeric,159,true
UIMARI,44,521CI,28,441,44,NONZERO_INTEGER,44,44,numeric,44,true
UIMARI,44,521CI,29,445,15,NONZERO_INTEGER,15,15,numeric,15,true
UIMARI,44,521CI,30,452,11,NONZERO_INTEGER,11,11,numeric,11,true
UIMARI,44,521CI,31,4A0,58,NONZERO_INTEGER,58,58,numeric,58,true
UIMARI,44,521CI,32,481,21,NONZERO_INTEGER,21,21,numeric,21,true
UIMARI,44,521CI,33,482,19,NONZERO_INTEGER,19,19,numeric,19,true
UIMARI,44,521CI,34,483,2,NONZERO_INTEGER,2,2,numeric,2,true
UIMARI,44,521CI,35,484,23,NONZERO_INTEGER,23,23,numeric,23,true
UIMARI,44,521CI,36,485,5,NONZERO_INTEGER,5,5,numeric,5,true
UIMARI,44,521CI,37,486,34,NONZERO_INTEGER,34,34,numeric,34,true
UIMARI,44,521CI,38,487OS,35,NONZERO_INTEGER,35,35,numeric,35,true
UIMARI,44,521CI,39,493,2,NONZERO_INTEGER,2,2,numeric,2,true
UIMARI,44,521CI,40,511,92,NONZERO_INTEGER,92,92,numeric,92,true
UIMARI,44,521CI,41,512,37,NONZERO_INTEGER,37,37,numeric,37,true
UIMARI,44,521CI,42,513,202,NONZERO_INTEGER,202,202,numeric,202,true
UIMARI,44,521CI,43,514,122,NONZERO_INTEGER,122,122,numeric,122,true
UIMARI,44,521CI,44,521CI,189,NONZERO_INTEGER,189,189,numeric,189,true
UIMARI,44,521CI,45,523,486,NONZERO_INTEGER,486,486,numeric,486,true
UIMARI,44,521CI,46,524,9,NONZERO_INTEGER,9,9,numeric,9,true
UIMARI,44,521CI,47,525,51,NONZERO_INTEGER,51,51,numeric,51,true
UIMARI,44,521CI,48,HS,860,NONZERO_INTEGER,860,860,numeric,860,true
UIMARI,44,521CI,49,ORE,960,NONZERO_INTEGER,960,960,numeric,960,true
UIMARI,44,521CI,50,532RL,71,NONZERO_INTEGER,71,71,numeric,71,true
UIMARI,44,521CI,51,5411,17,NONZERO_INTEGER,17,17,numeric,17,true
UIMARI,44,521CI,52,5415,34,NONZERO_INTEGER,34,34,numeric,34,true
UIMARI,44,521CI,53,5412OP,212,NONZERO_INTEGER,212,212,numeric,212,true
UIMARI,44,521CI,54,55,152,NONZERO_INTEGER,152,152,numeric,152,true
UIMARI,44,521CI,55,561,66,NONZERO_INTEGER,66,66,numeric,66,true
UIMARI,44,521CI,56,562,13,NONZERO_INTEGER,13,13,numeric,13,true
UIMARI,44,521CI,57,61,6,NONZERO_INTEGER,6,6,numeric,6,true
UIMARI,44,521CI,58,621,52,NONZERO_INTEGER,52,52,numeric,52,true
UIMARI,44,521CI,59,622,21,NONZERO_INTEGER,21,21,numeric,21,true
UIMARI,44,521CI,60,623,6,NONZERO_INTEGER,6,6,numeric,6,true
UIMARI,44,521CI,61,624,8,NONZERO_INTEGER,8,8,numeric,8,true
UIMARI,44,521CI,62,711AS,13,NONZERO_INTEGER,13,13,numeric,13,true
UIMARI,44,521CI,63,713,15,NONZERO_INTEGER,15,15,numeric,15,true
UIMARI,44,521CI,64,721,53,NONZERO_INTEGER,53,53,numeric,53,true
UIMARI,44,521CI,65,722,53,NONZERO_INTEGER,53,53,numeric,53,true
UIMARI,44,521CI,66,81,38,NONZERO_INTEGER,38,38,numeric,38,true
UIMARI,44,521CI,67,GFGD,---,MARKER_TRIPLE_DASH,,0,selected_zero_not_shown,0,true
UIMARI,44,521CI,68,GFGN,195,NONZERO_INTEGER,195,195,numeric,195,true
UIMARI,44,521CI,69,GFE,0,LITERAL_ZERO,0,0,numeric,0,true
UIMARI,44,521CI,70,GSLG,213,NONZERO_INTEGER,213,213,numeric,213,true
UIMARI,44,521CI,71,GSLE,0,LITERAL_ZERO,0,0,numeric,0,true
UIMARI,44,521CI,72,T001,"5,374",NONZERO_INTEGER,5374,5374,numeric,5374,true
UIMARI,44,521CI,73,F010,"3,069",NONZERO_INTEGER,3069,3069,numeric,3069,true
UIMARI,44,521CI,74,F02S,---,MARKER_TRIPLE_DASH,,0,selected_zero_not_shown,0,true
UIMARI,44,521CI,75,F02E,---,MARKER_TRIPLE_DASH,,0,selected_zero_not_shown,0,true
UIMARI,44,521CI,76,F02N,---,MARKER_TRIPLE_DASH,,0,selected_zero_not_shown,0,true
UIMARI,44,521CI,77,F02R,---,MARKER_TRIPLE_DASH,,0,selected_zero_not_shown,0,true
UIMARI,44,521CI,78,F030,---,MARKER_TRIPLE_DASH,,0,selected_zero_not_shown,0,true
UIMARI,44,521CI,79,F040,---,MARKER_TRIPLE_DASH,,0,selected_zero_not_shown,0,true
UIMARI,44,521CI,80,F050,"-8,442",NONZERO_INTEGER,-8442,-8442,numeric,-8442,true
UIMARI,44,521CI,81,F06C,---,MARKER_TRIPLE_DASH,,0,selected_zero_not_shown,0,true
UIMARI,44,521CI,82,F06S,---,MARKER_TRIPLE_DASH,,0,selected_zero_not_shown,0,true
UIMARI,44,521CI,83,F06E,---,MARKER_TRIPLE_DASH,,0,selected_zero_not_shown,0,true
UIMARI,44,521CI,84,F06N,---,MARKER_TRIPLE_DASH,,0,selected_zero_not_shown,0,true
UIMARI,44,521CI,85,F07C,---,MARKER_TRIPLE_DASH,,0,selected_zero_not_shown,0,true
UIMARI,44,521CI,86,F07S,---,MARKER_TRIPLE_DASH,,0,selected_zero_not_shown,0,true
UIMARI,44,521CI,87,F07E,---,MARKER_TRIPLE_DASH,,0,selected_zero_not_shown,0,true
UIMARI,44,521CI,88,F07N,---,MARKER_TRIPLE_DASH,,0,selected_zero_not_shown,0,true
UIMARI,44,521CI,89,F10C,---,MARKER_TRIPLE_DASH,,0,selected_zero_not_shown,0,true
UIMARI,44,521CI,90,F10S,---,MARKER_TRIPLE_DASH,,0,selected_zero_not_shown,0,true
UIMARI,44,521CI,91,F10E,---,MARKER_TRIPLE_DASH,,0,selected_zero_not_shown,0,true
UIMARI,44,521CI,92,F10N,---,MARKER_TRIPLE_DASH,,0,selected_zero_not_shown,0,true
UIMARI,44,521CI,93,T004,"-5,374",NONZERO_INTEGER,-5374,-5374,numeric,-5374,true
UIMARI,45,523,1,111CA,0,LITERAL_ZERO,0,0,numeric,0,true
UIMARI,45,523,2,113FF,---,MARKER_TRIPLE_DASH,,0,selected_zero_not_shown,0,true
UIMARI,45,523,3,211,0,LITERAL_ZERO,0,0,numeric,0,true
UIMARI,45,523,4,212,0,LITERAL_ZERO,0,0,numeric,0,true
UIMARI,45,523,5,213,---,MARKER_TRIPLE_DASH,,0,selected_zero_not_shown,0,true
UIMARI,45,523,6,22,0,LITERAL_ZERO,0,0,numeric,0,true
UIMARI,45,523,7,23,0,LITERAL_ZERO,0,0,numeric,0,true
UIMARI,45,523,8,321,0,LITERAL_ZERO,0,0,numeric,0,true
UIMARI,45,523,9,327,---,MARKER_TRIPLE_DASH,,0,selected_zero_not_shown,0,true
UIMARI,45,523,10,331,1,NONZERO_INTEGER,1,1,numeric,1,true
UIMARI,45,523,11,332,1,NONZERO_INTEGER,1,1,numeric,1,true
UIMARI,45,523,12,333,1,NONZERO_INTEGER,1,1,numeric,1,true
UIMARI,45,523,13,334,0,LITERAL_ZERO,0,0,numeric,0,true
UIMARI,45,523,14,335,0,LITERAL_ZERO,0,0,numeric,0,true
UIMARI,45,523,15,3361MV,1,NONZERO_INTEGER,1,1,numeric,1,true
UIMARI,45,523,16,3364OT,0,LITERAL_ZERO,0,0,numeric,0,true
UIMARI,45,523,17,337,0,LITERAL_ZERO,0,0,numeric,0,true
UIMARI,45,523,18,339,0,LITERAL_ZERO,0,0,numeric,0,true
UIMARI,45,523,19,311FT,---,MARKER_TRIPLE_DASH,,0,selected_zero_not_shown,0,true
UIMARI,45,523,20,313TT,---,MARKER_TRIPLE_DASH,,0,selected_zero_not_shown,0,true
UIMARI,45,523,21,315AL,---,MARKER_TRIPLE_DASH,,0,selected_zero_not_shown,0,true
UIMARI,45,523,22,322,---,MARKER_TRIPLE_DASH,,0,selected_zero_not_shown,0,true
UIMARI,45,523,23,323,---,MARKER_TRIPLE_DASH,,0,selected_zero_not_shown,0,true
UIMARI,45,523,24,324,0,LITERAL_ZERO,0,0,numeric,0,true
UIMARI,45,523,25,325,---,MARKER_TRIPLE_DASH,,0,selected_zero_not_shown,0,true
UIMARI,45,523,26,326,---,MARKER_TRIPLE_DASH,,0,selected_zero_not_shown,0,true
UIMARI,45,523,27,42,0,LITERAL_ZERO,0,0,numeric,0,true
UIMARI,45,523,28,441,0,LITERAL_ZERO,0,0,numeric,0,true
UIMARI,45,523,29,445,0,LITERAL_ZERO,0,0,numeric,0,true
UIMARI,45,523,30,452,0,LITERAL_ZERO,0,0,numeric,0,true
UIMARI,45,523,31,4A0,0,LITERAL_ZERO,0,0,numeric,0,true
UIMARI,45,523,32,481,0,LITERAL_ZERO,0,0,numeric,0,true
UIMARI,45,523,33,482,---,MARKER_TRIPLE_DASH,,0,selected_zero_not_shown,0,true
UIMARI,45,523,34,483,1,NONZERO_INTEGER,1,1,numeric,1,true
UIMARI,45,523,35,484,0,LITERAL_ZERO,0,0,numeric,0,true
UIMARI,45,523,36,485,3,NONZERO_INTEGER,3,3,numeric,3,true
UIMARI,45,523,37,486,0,LITERAL_ZERO,0,0,numeric,0,true
UIMARI,45,523,38,487OS,1,NONZERO_INTEGER,1,1,numeric,1,true
UIMARI,45,523,39,493,---,MARKER_TRIPLE_DASH,,0,selected_zero_not_shown,0,true
UIMARI,45,523,40,511,0,LITERAL_ZERO,0,0,numeric,0,true
UIMARI,45,523,41,512,0,LITERAL_ZERO,0,0,numeric,0,true
UIMARI,45,523,42,513,0,LITERAL_ZERO,0,0,numeric,0,true
UIMARI,45,523,43,514,---,MARKER_TRIPLE_DASH,,0,selected_zero_not_shown,0,true
UIMARI,45,523,44,521CI,0,LITERAL_ZERO,0,0,numeric,0,true
UIMARI,45,523,45,523,17,NONZERO_INTEGER,17,17,numeric,17,true
UIMARI,45,523,46,524,---,MARKER_TRIPLE_DASH,,0,selected_zero_not_shown,0,true
UIMARI,45,523,47,525,2,NONZERO_INTEGER,2,2,numeric,2,true
UIMARI,45,523,48,HS,---,MARKER_TRIPLE_DASH,,0,selected_zero_not_shown,0,true
UIMARI,45,523,49,ORE,0,LITERAL_ZERO,0,0,numeric,0,true
UIMARI,45,523,50,532RL,---,MARKER_TRIPLE_DASH,,0,selected_zero_not_shown,0,true
UIMARI,45,523,51,5411,0,LITERAL_ZERO,0,0,numeric,0,true
UIMARI,45,523,52,5415,0,LITERAL_ZERO,0,0,numeric,0,true
UIMARI,45,523,53,5412OP,0,LITERAL_ZERO,0,0,numeric,0,true
UIMARI,45,523,54,55,6,NONZERO_INTEGER,6,6,numeric,6,true
UIMARI,45,523,55,561,0,LITERAL_ZERO,0,0,numeric,0,true
UIMARI,45,523,56,562,---,MARKER_TRIPLE_DASH,,0,selected_zero_not_shown,0,true
UIMARI,45,523,57,61,0,LITERAL_ZERO,0,0,numeric,0,true
UIMARI,45,523,58,621,0,LITERAL_ZERO,0,0,numeric,0,true
UIMARI,45,523,59,622,---,MARKER_TRIPLE_DASH,,0,selected_zero_not_shown,0,true
UIMARI,45,523,60,623,0,LITERAL_ZERO,0,0,numeric,0,true
UIMARI,45,523,61,624,---,MARKER_TRIPLE_DASH,,0,selected_zero_not_shown,0,true
UIMARI,45,523,62,711AS,1,NONZERO_INTEGER,1,1,numeric,1,true
UIMARI,45,523,63,713,0,LITERAL_ZERO,0,0,numeric,0,true
UIMARI,45,523,64,721,0,LITERAL_ZERO,0,0,numeric,0,true
UIMARI,45,523,65,722,1,NONZERO_INTEGER,1,1,numeric,1,true
UIMARI,45,523,66,81,1,NONZERO_INTEGER,1,1,numeric,1,true
UIMARI,45,523,67,GFGD,---,MARKER_TRIPLE_DASH,,0,selected_zero_not_shown,0,true
UIMARI,45,523,68,GFGN,0,LITERAL_ZERO,0,0,numeric,0,true
UIMARI,45,523,69,GFE,---,MARKER_TRIPLE_DASH,,0,selected_zero_not_shown,0,true
UIMARI,45,523,70,GSLG,0,LITERAL_ZERO,0,0,numeric,0,true
UIMARI,45,523,71,GSLE,0,LITERAL_ZERO,0,0,numeric,0,true
UIMARI,45,523,72,T001,43,NONZERO_INTEGER,43,43,numeric,43,true
UIMARI,45,523,73,F010,6,NONZERO_INTEGER,6,6,numeric,6,true
UIMARI,45,523,74,F02S,---,MARKER_TRIPLE_DASH,,0,selected_zero_not_shown,0,true
UIMARI,45,523,75,F02E,---,MARKER_TRIPLE_DASH,,0,selected_zero_not_shown,0,true
UIMARI,45,523,76,F02N,---,MARKER_TRIPLE_DASH,,0,selected_zero_not_shown,0,true
UIMARI,45,523,77,F02R,---,MARKER_TRIPLE_DASH,,0,selected_zero_not_shown,0,true
UIMARI,45,523,78,F030,---,MARKER_TRIPLE_DASH,,0,selected_zero_not_shown,0,true
UIMARI,45,523,79,F040,---,MARKER_TRIPLE_DASH,,0,selected_zero_not_shown,0,true
UIMARI,45,523,80,F050,-49,NONZERO_INTEGER,-49,-49,numeric,-49,true
UIMARI,45,523,81,F06C,---,MARKER_TRIPLE_DASH,,0,selected_zero_not_shown,0,true
UIMARI,45,523,82,F06S,---,MARKER_TRIPLE_DASH,,0,selected_zero_not_shown,0,true
UIMARI,45,523,83,F06E,---,MARKER_TRIPLE_DASH,,0,selected_zero_not_shown,0,true
UIMARI,45,523,84,F06N,---,MARKER_TRIPLE_DASH,,0,selected_zero_not_shown,0,true
UIMARI,45,523,85,F07C,---,MARKER_TRIPLE_DASH,,0,selected_zero_not_shown,0,true
UIMARI,45,523,86,F07S,---,MARKER_TRIPLE_DASH,,0,selected_zero_not_shown,0,true
UIMARI,45,523,87,F07E,---,MARKER_TRIPLE_DASH,,0,selected_zero_not_shown,0,true
UIMARI,45,523,88,F07N,---,MARKER_TRIPLE_DASH,,0,selected_zero_not_shown,0,true
UIMARI,45,523,89,F10C,---,MARKER_TRIPLE_DASH,,0,selected_zero_not_shown,0,true
UIMARI,45,523,90,F10S,---,MARKER_TRIPLE_DASH,,0,selected_zero_not_shown,0,true
UIMARI,45,523,91,F10E,---,MARKER_TRIPLE_DASH,,0,selected_zero_not_shown,0,true
UIMARI,45,523,92,F10N,---,MARKER_TRIPLE_DASH,,0,selected_zero_not_shown,0,true
UIMARI,45,523,93,T004,-43,NONZERO_INTEGER,-43,-43,numeric,-43,true
UIMARI,46,524,1,111CA,32,NONZERO_INTEGER,32,32,numeric,32,true
UIMARI,46,524,2,113FF,15,NONZERO_INTEGER,15,15,numeric,15,true
UIMARI,46,524,3,211,152,NONZERO_INTEGER,152,152,numeric,152,true
UIMARI,46,524,4,212,12,NONZERO_INTEGER,12,12,numeric,12,true
UIMARI,46,524,5,213,77,NONZERO_INTEGER,77,77,numeric,77,true
UIMARI,46,524,6,22,20,NONZERO_INTEGER,20,20,numeric,20,true
UIMARI,46,524,7,23,12,NONZERO_INTEGER,12,12,numeric,12,true
UIMARI,46,524,8,321,1,NONZERO_INTEGER,1,1,numeric,1,true
UIMARI,46,524,9,327,14,NONZERO_INTEGER,14,14,numeric,14,true
UIMARI,46,524,10,331,7,NONZERO_INTEGER,7,7,numeric,7,true
UIMARI,46,524,11,332,11,NONZERO_INTEGER,11,11,numeric,11,true
UIMARI,46,524,12,333,10,NONZERO_INTEGER,10,10,numeric,10,true
UIMARI,46,524,13,334,2,NONZERO_INTEGER,2,2,numeric,2,true
UIMARI,46,524,14,335,10,NONZERO_INTEGER,10,10,numeric,10,true
UIMARI,46,524,15,3361MV,43,NONZERO_INTEGER,43,43,numeric,43,true
UIMARI,46,524,16,3364OT,29,NONZERO_INTEGER,29,29,numeric,29,true
UIMARI,46,524,17,337,3,NONZERO_INTEGER,3,3,numeric,3,true
UIMARI,46,524,18,339,5,NONZERO_INTEGER,5,5,numeric,5,true
UIMARI,46,524,19,311FT,48,NONZERO_INTEGER,48,48,numeric,48,true
UIMARI,46,524,20,313TT,2,NONZERO_INTEGER,2,2,numeric,2,true
UIMARI,46,524,21,315AL,0,LITERAL_ZERO,0,0,numeric,0,true
UIMARI,46,524,22,322,3,NONZERO_INTEGER,3,3,numeric,3,true
UIMARI,46,524,23,323,1,NONZERO_INTEGER,1,1,numeric,1,true
UIMARI,46,524,24,324,2,NONZERO_INTEGER,2,2,numeric,2,true
UIMARI,46,524,25,325,20,NONZERO_INTEGER,20,20,numeric,20,true
UIMARI,46,524,26,326,7,NONZERO_INTEGER,7,7,numeric,7,true
UIMARI,46,524,27,42,"1,351",NONZERO_INTEGER,1351,1351,numeric,1351,true
UIMARI,46,524,28,441,122,NONZERO_INTEGER,122,122,numeric,122,true
UIMARI,46,524,29,445,33,NONZERO_INTEGER,33,33,numeric,33,true
UIMARI,46,524,30,452,30,NONZERO_INTEGER,30,30,numeric,30,true
UIMARI,46,524,31,4A0,165,NONZERO_INTEGER,165,165,numeric,165,true
UIMARI,46,524,32,481,50,NONZERO_INTEGER,50,50,numeric,50,true
UIMARI,46,524,33,482,0,LITERAL_ZERO,0,0,numeric,0,true
UIMARI,46,524,34,483,34,NONZERO_INTEGER,34,34,numeric,34,true
UIMARI,46,524,35,484,807,NONZERO_INTEGER,807,807,numeric,807,true
UIMARI,46,524,36,485,154,NONZERO_INTEGER,154,154,numeric,154,true
UIMARI,46,524,37,486,14,NONZERO_INTEGER,14,14,numeric,14,true
UIMARI,46,524,38,487OS,66,NONZERO_INTEGER,66,66,numeric,66,true
UIMARI,46,524,39,493,66,NONZERO_INTEGER,66,66,numeric,66,true
UIMARI,46,524,40,511,10,NONZERO_INTEGER,10,10,numeric,10,true
UIMARI,46,524,41,512,19,NONZERO_INTEGER,19,19,numeric,19,true
UIMARI,46,524,42,513,23,NONZERO_INTEGER,23,23,numeric,23,true
UIMARI,46,524,43,514,30,NONZERO_INTEGER,30,30,numeric,30,true
UIMARI,46,524,44,521CI,1,NONZERO_INTEGER,1,1,numeric,1,true
UIMARI,46,524,45,523,297,NONZERO_INTEGER,297,297,numeric,297,true
UIMARI,46,524,46,524,"82,795",NONZERO_INTEGER,82795,82795,numeric,82795,true
UIMARI,46,524,47,525,8,NONZERO_INTEGER,8,8,numeric,8,true
UIMARI,46,524,48,HS,1,NONZERO_INTEGER,1,1,numeric,1,true
UIMARI,46,524,49,ORE,"1,650",NONZERO_INTEGER,1650,1650,numeric,1650,true
UIMARI,46,524,50,532RL,449,NONZERO_INTEGER,449,449,numeric,449,true
UIMARI,46,524,51,5411,88,NONZERO_INTEGER,88,88,numeric,88,true
UIMARI,46,524,52,5415,82,NONZERO_INTEGER,82,82,numeric,82,true
UIMARI,46,524,53,5412OP,288,NONZERO_INTEGER,288,288,numeric,288,true
UIMARI,46,524,54,55,4,NONZERO_INTEGER,4,4,numeric,4,true
UIMARI,46,524,55,561,247,NONZERO_INTEGER,247,247,numeric,247,true
UIMARI,46,524,56,562,49,NONZERO_INTEGER,49,49,numeric,49,true
UIMARI,46,524,57,61,33,NONZERO_INTEGER,33,33,numeric,33,true
UIMARI,46,524,58,621,590,NONZERO_INTEGER,590,590,numeric,590,true
UIMARI,46,524,59,622,739,NONZERO_INTEGER,739,739,numeric,739,true
UIMARI,46,524,60,623,174,NONZERO_INTEGER,174,174,numeric,174,true
UIMARI,46,524,61,624,431,NONZERO_INTEGER,431,431,numeric,431,true
UIMARI,46,524,62,711AS,98,NONZERO_INTEGER,98,98,numeric,98,true
UIMARI,46,524,63,713,85,NONZERO_INTEGER,85,85,numeric,85,true
UIMARI,46,524,64,721,41,NONZERO_INTEGER,41,41,numeric,41,true
UIMARI,46,524,65,722,387,NONZERO_INTEGER,387,387,numeric,387,true
UIMARI,46,524,66,81,129,NONZERO_INTEGER,129,129,numeric,129,true
UIMARI,46,524,67,GFGD,---,MARKER_TRIPLE_DASH,,0,selected_zero_not_shown,0,true
UIMARI,46,524,68,GFGN,62,NONZERO_INTEGER,62,62,numeric,62,true
UIMARI,46,524,69,GFE,2,NONZERO_INTEGER,2,2,numeric,2,true
UIMARI,46,524,70,GSLG,179,NONZERO_INTEGER,179,179,numeric,179,true
UIMARI,46,524,71,GSLE,114,NONZERO_INTEGER,114,114,numeric,114,true
UIMARI,46,524,72,T001,"92,538",NONZERO_INTEGER,92538,92538,numeric,92538,true
UIMARI,46,524,73,F010,"2,703",NONZERO_INTEGER,2703,2703,numeric,2703,true
UIMARI,46,524,74,F02S,---,MARKER_TRIPLE_DASH,,0,selected_zero_not_shown,0,true
UIMARI,46,524,75,F02E,---,MARKER_TRIPLE_DASH,,0,selected_zero_not_shown,0,true
UIMARI,46,524,76,F02N,---,MARKER_TRIPLE_DASH,,0,selected_zero_not_shown,0,true
UIMARI,46,524,77,F02R,---,MARKER_TRIPLE_DASH,,0,selected_zero_not_shown,0,true
UIMARI,46,524,78,F030,---,MARKER_TRIPLE_DASH,,0,selected_zero_not_shown,0,true
UIMARI,46,524,79,F040,---,MARKER_TRIPLE_DASH,,0,selected_zero_not_shown,0,true
UIMARI,46,524,80,F050,"-95,241",NONZERO_INTEGER,-95241,-95241,numeric,-95241,true
UIMARI,46,524,81,F06C,---,MARKER_TRIPLE_DASH,,0,selected_zero_not_shown,0,true
UIMARI,46,524,82,F06S,---,MARKER_TRIPLE_DASH,,0,selected_zero_not_shown,0,true
UIMARI,46,524,83,F06E,---,MARKER_TRIPLE_DASH,,0,selected_zero_not_shown,0,true
UIMARI,46,524,84,F06N,---,MARKER_TRIPLE_DASH,,0,selected_zero_not_shown,0,true
UIMARI,46,524,85,F07C,---,MARKER_TRIPLE_DASH,,0,selected_zero_not_shown,0,true
UIMARI,46,524,86,F07S,---,MARKER_TRIPLE_DASH,,0,selected_zero_not_shown,0,true
UIMARI,46,524,87,F07E,---,MARKER_TRIPLE_DASH,,0,selected_zero_not_shown,0,true
UIMARI,46,524,88,F07N,---,MARKER_TRIPLE_DASH,,0,selected_zero_not_shown,0,true
UIMARI,46,524,89,F10C,---,MARKER_TRIPLE_DASH,,0,selected_zero_not_shown,0,true
UIMARI,46,524,90,F10S,---,MARKER_TRIPLE_DASH,,0,selected_zero_not_shown,0,true
UIMARI,46,524,91,F10E,---,MARKER_TRIPLE_DASH,,0,selected_zero_not_shown,0,true
UIMARI,46,524,92,F10N,---,MARKER_TRIPLE_DASH,,0,selected_zero_not_shown,0,true
UIMARI,46,524,93,T004,"-92,538",NONZERO_INTEGER,-92538,-92538,numeric,-92538,true
UIMARI,47,525,1,111CA,---,MARKER_TRIPLE_DASH,,0,selected_zero_not_shown,0,true
UIMARI,47,525,2,113FF,---,MARKER_TRIPLE_DASH,,0,selected_zero_not_shown,0,true
UIMARI,47,525,3,211,---,MARKER_TRIPLE_DASH,,0,selected_zero_not_shown,0,true
UIMARI,47,525,4,212,---,MARKER_TRIPLE_DASH,,0,selected_zero_not_shown,0,true
UIMARI,47,525,5,213,---,MARKER_TRIPLE_DASH,,0,selected_zero_not_shown,0,true
UIMARI,47,525,6,22,---,MARKER_TRIPLE_DASH,,0,selected_zero_not_shown,0,true
UIMARI,47,525,7,23,---,MARKER_TRIPLE_DASH,,0,selected_zero_not_shown,0,true
UIMARI,47,525,8,321,---,MARKER_TRIPLE_DASH,,0,selected_zero_not_shown,0,true
UIMARI,47,525,9,327,---,MARKER_TRIPLE_DASH,,0,selected_zero_not_shown,0,true
UIMARI,47,525,10,331,---,MARKER_TRIPLE_DASH,,0,selected_zero_not_shown,0,true
UIMARI,47,525,11,332,---,MARKER_TRIPLE_DASH,,0,selected_zero_not_shown,0,true
UIMARI,47,525,12,333,---,MARKER_TRIPLE_DASH,,0,selected_zero_not_shown,0,true
UIMARI,47,525,13,334,---,MARKER_TRIPLE_DASH,,0,selected_zero_not_shown,0,true
UIMARI,47,525,14,335,---,MARKER_TRIPLE_DASH,,0,selected_zero_not_shown,0,true
UIMARI,47,525,15,3361MV,---,MARKER_TRIPLE_DASH,,0,selected_zero_not_shown,0,true
UIMARI,47,525,16,3364OT,---,MARKER_TRIPLE_DASH,,0,selected_zero_not_shown,0,true
UIMARI,47,525,17,337,---,MARKER_TRIPLE_DASH,,0,selected_zero_not_shown,0,true
UIMARI,47,525,18,339,---,MARKER_TRIPLE_DASH,,0,selected_zero_not_shown,0,true
UIMARI,47,525,19,311FT,---,MARKER_TRIPLE_DASH,,0,selected_zero_not_shown,0,true
UIMARI,47,525,20,313TT,---,MARKER_TRIPLE_DASH,,0,selected_zero_not_shown,0,true
UIMARI,47,525,21,315AL,---,MARKER_TRIPLE_DASH,,0,selected_zero_not_shown,0,true
UIMARI,47,525,22,322,---,MARKER_TRIPLE_DASH,,0,selected_zero_not_shown,0,true
UIMARI,47,525,23,323,---,MARKER_TRIPLE_DASH,,0,selected_zero_not_shown,0,true
UIMARI,47,525,24,324,---,MARKER_TRIPLE_DASH,,0,selected_zero_not_shown,0,true
UIMARI,47,525,25,325,---,MARKER_TRIPLE_DASH,,0,selected_zero_not_shown,0,true
UIMARI,47,525,26,326,---,MARKER_TRIPLE_DASH,,0,selected_zero_not_shown,0,true
UIMARI,47,525,27,42,---,MARKER_TRIPLE_DASH,,0,selected_zero_not_shown,0,true
UIMARI,47,525,28,441,---,MARKER_TRIPLE_DASH,,0,selected_zero_not_shown,0,true
UIMARI,47,525,29,445,---,MARKER_TRIPLE_DASH,,0,selected_zero_not_shown,0,true
UIMARI,47,525,30,452,---,MARKER_TRIPLE_DASH,,0,selected_zero_not_shown,0,true
UIMARI,47,525,31,4A0,---,MARKER_TRIPLE_DASH,,0,selected_zero_not_shown,0,true
UIMARI,47,525,32,481,---,MARKER_TRIPLE_DASH,,0,selected_zero_not_shown,0,true
UIMARI,47,525,33,482,---,MARKER_TRIPLE_DASH,,0,selected_zero_not_shown,0,true
UIMARI,47,525,34,483,---,MARKER_TRIPLE_DASH,,0,selected_zero_not_shown,0,true
UIMARI,47,525,35,484,---,MARKER_TRIPLE_DASH,,0,selected_zero_not_shown,0,true
UIMARI,47,525,36,485,---,MARKER_TRIPLE_DASH,,0,selected_zero_not_shown,0,true
UIMARI,47,525,37,486,---,MARKER_TRIPLE_DASH,,0,selected_zero_not_shown,0,true
UIMARI,47,525,38,487OS,---,MARKER_TRIPLE_DASH,,0,selected_zero_not_shown,0,true
UIMARI,47,525,39,493,---,MARKER_TRIPLE_DASH,,0,selected_zero_not_shown,0,true
UIMARI,47,525,40,511,---,MARKER_TRIPLE_DASH,,0,selected_zero_not_shown,0,true
UIMARI,47,525,41,512,---,MARKER_TRIPLE_DASH,,0,selected_zero_not_shown,0,true
UIMARI,47,525,42,513,---,MARKER_TRIPLE_DASH,,0,selected_zero_not_shown,0,true
UIMARI,47,525,43,514,---,MARKER_TRIPLE_DASH,,0,selected_zero_not_shown,0,true
UIMARI,47,525,44,521CI,---,MARKER_TRIPLE_DASH,,0,selected_zero_not_shown,0,true
UIMARI,47,525,45,523,---,MARKER_TRIPLE_DASH,,0,selected_zero_not_shown,0,true
UIMARI,47,525,46,524,---,MARKER_TRIPLE_DASH,,0,selected_zero_not_shown,0,true
UIMARI,47,525,47,525,---,MARKER_TRIPLE_DASH,,0,selected_zero_not_shown,0,true
UIMARI,47,525,48,HS,---,MARKER_TRIPLE_DASH,,0,selected_zero_not_shown,0,true
UIMARI,47,525,49,ORE,---,MARKER_TRIPLE_DASH,,0,selected_zero_not_shown,0,true
UIMARI,47,525,50,532RL,---,MARKER_TRIPLE_DASH,,0,selected_zero_not_shown,0,true
UIMARI,47,525,51,5411,---,MARKER_TRIPLE_DASH,,0,selected_zero_not_shown,0,true
UIMARI,47,525,52,5415,---,MARKER_TRIPLE_DASH,,0,selected_zero_not_shown,0,true
UIMARI,47,525,53,5412OP,---,MARKER_TRIPLE_DASH,,0,selected_zero_not_shown,0,true
UIMARI,47,525,54,55,---,MARKER_TRIPLE_DASH,,0,selected_zero_not_shown,0,true
UIMARI,47,525,55,561,---,MARKER_TRIPLE_DASH,,0,selected_zero_not_shown,0,true
UIMARI,47,525,56,562,---,MARKER_TRIPLE_DASH,,0,selected_zero_not_shown,0,true
UIMARI,47,525,57,61,---,MARKER_TRIPLE_DASH,,0,selected_zero_not_shown,0,true
UIMARI,47,525,58,621,---,MARKER_TRIPLE_DASH,,0,selected_zero_not_shown,0,true
UIMARI,47,525,59,622,---,MARKER_TRIPLE_DASH,,0,selected_zero_not_shown,0,true
UIMARI,47,525,60,623,---,MARKER_TRIPLE_DASH,,0,selected_zero_not_shown,0,true
UIMARI,47,525,61,624,---,MARKER_TRIPLE_DASH,,0,selected_zero_not_shown,0,true
UIMARI,47,525,62,711AS,---,MARKER_TRIPLE_DASH,,0,selected_zero_not_shown,0,true
UIMARI,47,525,63,713,---,MARKER_TRIPLE_DASH,,0,selected_zero_not_shown,0,true
UIMARI,47,525,64,721,---,MARKER_TRIPLE_DASH,,0,selected_zero_not_shown,0,true
UIMARI,47,525,65,722,---,MARKER_TRIPLE_DASH,,0,selected_zero_not_shown,0,true
UIMARI,47,525,66,81,---,MARKER_TRIPLE_DASH,,0,selected_zero_not_shown,0,true
UIMARI,47,525,67,GFGD,---,MARKER_TRIPLE_DASH,,0,selected_zero_not_shown,0,true
UIMARI,47,525,68,GFGN,---,MARKER_TRIPLE_DASH,,0,selected_zero_not_shown,0,true
UIMARI,47,525,69,GFE,---,MARKER_TRIPLE_DASH,,0,selected_zero_not_shown,0,true
UIMARI,47,525,70,GSLG,---,MARKER_TRIPLE_DASH,,0,selected_zero_not_shown,0,true
UIMARI,47,525,71,GSLE,---,MARKER_TRIPLE_DASH,,0,selected_zero_not_shown,0,true
UIMARI,47,525,72,T001,---,MARKER_TRIPLE_DASH,,0,selected_zero_not_shown,0,true
UIMARI,47,525,73,F010,---,MARKER_TRIPLE_DASH,,0,selected_zero_not_shown,0,true
UIMARI,47,525,74,F02S,---,MARKER_TRIPLE_DASH,,0,selected_zero_not_shown,0,true
UIMARI,47,525,75,F02E,---,MARKER_TRIPLE_DASH,,0,selected_zero_not_shown,0,true
UIMARI,47,525,76,F02N,---,MARKER_TRIPLE_DASH,,0,selected_zero_not_shown,0,true
UIMARI,47,525,77,F02R,---,MARKER_TRIPLE_DASH,,0,selected_zero_not_shown,0,true
UIMARI,47,525,78,F030,---,MARKER_TRIPLE_DASH,,0,selected_zero_not_shown,0,true
UIMARI,47,525,79,F040,---,MARKER_TRIPLE_DASH,,0,selected_zero_not_shown,0,true
UIMARI,47,525,80,F050,---,MARKER_TRIPLE_DASH,,0,selected_zero_not_shown,0,true
UIMARI,47,525,81,F06C,---,MARKER_TRIPLE_DASH,,0,selected_zero_not_shown,0,true
UIMARI,47,525,82,F06S,---,MARKER_TRIPLE_DASH,,0,selected_zero_not_shown,0,true
UIMARI,47,525,83,F06E,---,MARKER_TRIPLE_DASH,,0,selected_zero_not_shown,0,true
UIMARI,47,525,84,F06N,---,MARKER_TRIPLE_DASH,,0,selected_zero_not_shown,0,true
UIMARI,47,525,85,F07C,---,MARKER_TRIPLE_DASH,,0,selected_zero_not_shown,0,true
UIMARI,47,525,86,F07S,---,MARKER_TRIPLE_DASH,,0,selected_zero_not_shown,0,true
UIMARI,47,525,87,F07E,---,MARKER_TRIPLE_DASH,,0,selected_zero_not_shown,0,true
UIMARI,47,525,88,F07N,---,MARKER_TRIPLE_DASH,,0,selected_zero_not_shown,0,true
UIMARI,47,525,89,F10C,---,MARKER_TRIPLE_DASH,,0,selected_zero_not_shown,0,true
UIMARI,47,525,90,F10S,---,MARKER_TRIPLE_DASH,,0,selected_zero_not_shown,0,true
UIMARI,47,525,91,F10E,---,MARKER_TRIPLE_DASH,,0,selected_zero_not_shown,0,true
UIMARI,47,525,92,F10N,---,MARKER_TRIPLE_DASH,,0,selected_zero_not_shown,0,true
UIMARI,47,525,93,T004,---,MARKER_TRIPLE_DASH,,0,selected_zero_not_shown,0,true
UIMARI,48,HS,1,111CA,---,MARKER_TRIPLE_DASH,,0,selected_zero_not_shown,0,true
UIMARI,48,HS,2,113FF,---,MARKER_TRIPLE_DASH,,0,selected_zero_not_shown,0,true
UIMARI,48,HS,3,211,---,MARKER_TRIPLE_DASH,,0,selected_zero_not_shown,0,true
UIMARI,48,HS,4,212,---,MARKER_TRIPLE_DASH,,0,selected_zero_not_shown,0,true
UIMARI,48,HS,5,213,---,MARKER_TRIPLE_DASH,,0,selected_zero_not_shown,0,true
UIMARI,48,HS,6,22,---,MARKER_TRIPLE_DASH,,0,selected_zero_not_shown,0,true
UIMARI,48,HS,7,23,---,MARKER_TRIPLE_DASH,,0,selected_zero_not_shown,0,true
UIMARI,48,HS,8,321,---,MARKER_TRIPLE_DASH,,0,selected_zero_not_shown,0,true
UIMARI,48,HS,9,327,---,MARKER_TRIPLE_DASH,,0,selected_zero_not_shown,0,true
UIMARI,48,HS,10,331,---,MARKER_TRIPLE_DASH,,0,selected_zero_not_shown,0,true
UIMARI,48,HS,11,332,---,MARKER_TRIPLE_DASH,,0,selected_zero_not_shown,0,true
UIMARI,48,HS,12,333,---,MARKER_TRIPLE_DASH,,0,selected_zero_not_shown,0,true
UIMARI,48,HS,13,334,---,MARKER_TRIPLE_DASH,,0,selected_zero_not_shown,0,true
UIMARI,48,HS,14,335,---,MARKER_TRIPLE_DASH,,0,selected_zero_not_shown,0,true
UIMARI,48,HS,15,3361MV,---,MARKER_TRIPLE_DASH,,0,selected_zero_not_shown,0,true
UIMARI,48,HS,16,3364OT,---,MARKER_TRIPLE_DASH,,0,selected_zero_not_shown,0,true
UIMARI,48,HS,17,337,---,MARKER_TRIPLE_DASH,,0,selected_zero_not_shown,0,true
UIMARI,48,HS,18,339,---,MARKER_TRIPLE_DASH,,0,selected_zero_not_shown,0,true
UIMARI,48,HS,19,311FT,---,MARKER_TRIPLE_DASH,,0,selected_zero_not_shown,0,true
UIMARI,48,HS,20,313TT,---,MARKER_TRIPLE_DASH,,0,selected_zero_not_shown,0,true
UIMARI,48,HS,21,315AL,---,MARKER_TRIPLE_DASH,,0,selected_zero_not_shown,0,true
UIMARI,48,HS,22,322,---,MARKER_TRIPLE_DASH,,0,selected_zero_not_shown,0,true
UIMARI,48,HS,23,323,---,MARKER_TRIPLE_DASH,,0,selected_zero_not_shown,0,true
UIMARI,48,HS,24,324,---,MARKER_TRIPLE_DASH,,0,selected_zero_not_shown,0,true
UIMARI,48,HS,25,325,---,MARKER_TRIPLE_DASH,,0,selected_zero_not_shown,0,true
UIMARI,48,HS,26,326,---,MARKER_TRIPLE_DASH,,0,selected_zero_not_shown,0,true
UIMARI,48,HS,27,42,---,MARKER_TRIPLE_DASH,,0,selected_zero_not_shown,0,true
UIMARI,48,HS,28,441,---,MARKER_TRIPLE_DASH,,0,selected_zero_not_shown,0,true
UIMARI,48,HS,29,445,---,MARKER_TRIPLE_DASH,,0,selected_zero_not_shown,0,true
UIMARI,48,HS,30,452,---,MARKER_TRIPLE_DASH,,0,selected_zero_not_shown,0,true
UIMARI,48,HS,31,4A0,---,MARKER_TRIPLE_DASH,,0,selected_zero_not_shown,0,true
UIMARI,48,HS,32,481,---,MARKER_TRIPLE_DASH,,0,selected_zero_not_shown,0,true
UIMARI,48,HS,33,482,---,MARKER_TRIPLE_DASH,,0,selected_zero_not_shown,0,true
UIMARI,48,HS,34,483,---,MARKER_TRIPLE_DASH,,0,selected_zero_not_shown,0,true
UIMARI,48,HS,35,484,---,MARKER_TRIPLE_DASH,,0,selected_zero_not_shown,0,true
UIMARI,48,HS,36,485,---,MARKER_TRIPLE_DASH,,0,selected_zero_not_shown,0,true
UIMARI,48,HS,37,486,---,MARKER_TRIPLE_DASH,,0,selected_zero_not_shown,0,true
UIMARI,48,HS,38,487OS,---,MARKER_TRIPLE_DASH,,0,selected_zero_not_shown,0,true
UIMARI,48,HS,39,493,---,MARKER_TRIPLE_DASH,,0,selected_zero_not_shown,0,true
UIMARI,48,HS,40,511,---,MARKER_TRIPLE_DASH,,0,selected_zero_not_shown,0,true
UIMARI,48,HS,41,512,---,MARKER_TRIPLE_DASH,,0,selected_zero_not_shown,0,true
UIMARI,48,HS,42,513,---,MARKER_TRIPLE_DASH,,0,selected_zero_not_shown,0,true
UIMARI,48,HS,43,514,---,MARKER_TRIPLE_DASH,,0,selected_zero_not_shown,0,true
UIMARI,48,HS,44,521CI,---,MARKER_TRIPLE_DASH,,0,selected_zero_not_shown,0,true
UIMARI,48,HS,45,523,---,MARKER_TRIPLE_DASH,,0,selected_zero_not_shown,0,true
UIMARI,48,HS,46,524,---,MARKER_TRIPLE_DASH,,0,selected_zero_not_shown,0,true
UIMARI,48,HS,47,525,---,MARKER_TRIPLE_DASH,,0,selected_zero_not_shown,0,true
UIMARI,48,HS,48,HS,---,MARKER_TRIPLE_DASH,,0,selected_zero_not_shown,0,true
UIMARI,48,HS,49,ORE,---,MARKER_TRIPLE_DASH,,0,selected_zero_not_shown,0,true
UIMARI,48,HS,50,532RL,---,MARKER_TRIPLE_DASH,,0,selected_zero_not_shown,0,true
UIMARI,48,HS,51,5411,---,MARKER_TRIPLE_DASH,,0,selected_zero_not_shown,0,true
UIMARI,48,HS,52,5415,---,MARKER_TRIPLE_DASH,,0,selected_zero_not_shown,0,true
UIMARI,48,HS,53,5412OP,---,MARKER_TRIPLE_DASH,,0,selected_zero_not_shown,0,true
UIMARI,48,HS,54,55,---,MARKER_TRIPLE_DASH,,0,selected_zero_not_shown,0,true
UIMARI,48,HS,55,561,---,MARKER_TRIPLE_DASH,,0,selected_zero_not_shown,0,true
UIMARI,48,HS,56,562,---,MARKER_TRIPLE_DASH,,0,selected_zero_not_shown,0,true
UIMARI,48,HS,57,61,---,MARKER_TRIPLE_DASH,,0,selected_zero_not_shown,0,true
UIMARI,48,HS,58,621,---,MARKER_TRIPLE_DASH,,0,selected_zero_not_shown,0,true
UIMARI,48,HS,59,622,---,MARKER_TRIPLE_DASH,,0,selected_zero_not_shown,0,true
UIMARI,48,HS,60,623,---,MARKER_TRIPLE_DASH,,0,selected_zero_not_shown,0,true
UIMARI,48,HS,61,624,---,MARKER_TRIPLE_DASH,,0,selected_zero_not_shown,0,true
UIMARI,48,HS,62,711AS,---,MARKER_TRIPLE_DASH,,0,selected_zero_not_shown,0,true
UIMARI,48,HS,63,713,---,MARKER_TRIPLE_DASH,,0,selected_zero_not_shown,0,true
UIMARI,48,HS,64,721,---,MARKER_TRIPLE_DASH,,0,selected_zero_not_shown,0,true
UIMARI,48,HS,65,722,---,MARKER_TRIPLE_DASH,,0,selected_zero_not_shown,0,true
UIMARI,48,HS,66,81,---,MARKER_TRIPLE_DASH,,0,selected_zero_not_shown,0,true
UIMARI,48,HS,67,GFGD,---,MARKER_TRIPLE_DASH,,0,selected_zero_not_shown,0,true
UIMARI,48,HS,68,GFGN,---,MARKER_TRIPLE_DASH,,0,selected_zero_not_shown,0,true
UIMARI,48,HS,69,GFE,---,MARKER_TRIPLE_DASH,,0,selected_zero_not_shown,0,true
UIMARI,48,HS,70,GSLG,---,MARKER_TRIPLE_DASH,,0,selected_zero_not_shown,0,true
UIMARI,48,HS,71,GSLE,---,MARKER_TRIPLE_DASH,,0,selected_zero_not_shown,0,true
UIMARI,48,HS,72,T001,---,MARKER_TRIPLE_DASH,,0,selected_zero_not_shown,0,true
UIMARI,48,HS,73,F010,---,MARKER_TRIPLE_DASH,,0,selected_zero_not_shown,0,true
UIMARI,48,HS,74,F02S,---,MARKER_TRIPLE_DASH,,0,selected_zero_not_shown,0,true
UIMARI,48,HS,75,F02E,---,MARKER_TRIPLE_DASH,,0,selected_zero_not_shown,0,true
UIMARI,48,HS,76,F02N,---,MARKER_TRIPLE_DASH,,0,selected_zero_not_shown,0,true
UIMARI,48,HS,77,F02R,---,MARKER_TRIPLE_DASH,,0,selected_zero_not_shown,0,true
UIMARI,48,HS,78,F030,---,MARKER_TRIPLE_DASH,,0,selected_zero_not_shown,0,true
UIMARI,48,HS,79,F040,---,MARKER_TRIPLE_DASH,,0,selected_zero_not_shown,0,true
UIMARI,48,HS,80,F050,---,MARKER_TRIPLE_DASH,,0,selected_zero_not_shown,0,true
UIMARI,48,HS,81,F06C,---,MARKER_TRIPLE_DASH,,0,selected_zero_not_shown,0,true
UIMARI,48,HS,82,F06S,---,MARKER_TRIPLE_DASH,,0,selected_zero_not_shown,0,true
UIMARI,48,HS,83,F06E,---,MARKER_TRIPLE_DASH,,0,selected_zero_not_shown,0,true
UIMARI,48,HS,84,F06N,---,MARKER_TRIPLE_DASH,,0,selected_zero_not_shown,0,true
UIMARI,48,HS,85,F07C,---,MARKER_TRIPLE_DASH,,0,selected_zero_not_shown,0,true
UIMARI,48,HS,86,F07S,---,MARKER_TRIPLE_DASH,,0,selected_zero_not_shown,0,true
UIMARI,48,HS,87,F07E,---,MARKER_TRIPLE_DASH,,0,selected_zero_not_shown,0,true
UIMARI,48,HS,88,F07N,---,MARKER_TRIPLE_DASH,,0,selected_zero_not_shown,0,true
UIMARI,48,HS,89,F10C,---,MARKER_TRIPLE_DASH,,0,selected_zero_not_shown,0,true
UIMARI,48,HS,90,F10S,---,MARKER_TRIPLE_DASH,,0,selected_zero_not_shown,0,true
UIMARI,48,HS,91,F10E,---,MARKER_TRIPLE_DASH,,0,selected_zero_not_shown,0,true
UIMARI,48,HS,92,F10N,---,MARKER_TRIPLE_DASH,,0,selected_zero_not_shown,0,true
UIMARI,48,HS,93,T004,---,MARKER_TRIPLE_DASH,,0,selected_zero_not_shown,0,true
UIMARI,49,ORE,1,111CA,---,MARKER_TRIPLE_DASH,,0,selected_zero_not_shown,0,true
UIMARI,49,ORE,2,113FF,---,MARKER_TRIPLE_DASH,,0,selected_zero_not_shown,0,true
UIMARI,49,ORE,3,211,---,MARKER_TRIPLE_DASH,,0,selected_zero_not_shown,0,true
UIMARI,49,ORE,4,212,---,MARKER_TRIPLE_DASH,,0,selected_zero_not_shown,0,true
UIMARI,49,ORE,5,213,---,MARKER_TRIPLE_DASH,,0,selected_zero_not_shown,0,true
UIMARI,49,ORE,6,22,---,MARKER_TRIPLE_DASH,,0,selected_zero_not_shown,0,true
UIMARI,49,ORE,7,23,---,MARKER_TRIPLE_DASH,,0,selected_zero_not_shown,0,true
UIMARI,49,ORE,8,321,---,MARKER_TRIPLE_DASH,,0,selected_zero_not_shown,0,true
UIMARI,49,ORE,9,327,---,MARKER_TRIPLE_DASH,,0,selected_zero_not_shown,0,true
UIMARI,49,ORE,10,331,---,MARKER_TRIPLE_DASH,,0,selected_zero_not_shown,0,true
UIMARI,49,ORE,11,332,---,MARKER_TRIPLE_DASH,,0,selected_zero_not_shown,0,true
UIMARI,49,ORE,12,333,---,MARKER_TRIPLE_DASH,,0,selected_zero_not_shown,0,true
UIMARI,49,ORE,13,334,---,MARKER_TRIPLE_DASH,,0,selected_zero_not_shown,0,true
UIMARI,49,ORE,14,335,---,MARKER_TRIPLE_DASH,,0,selected_zero_not_shown,0,true
UIMARI,49,ORE,15,3361MV,---,MARKER_TRIPLE_DASH,,0,selected_zero_not_shown,0,true
UIMARI,49,ORE,16,3364OT,---,MARKER_TRIPLE_DASH,,0,selected_zero_not_shown,0,true
UIMARI,49,ORE,17,337,---,MARKER_TRIPLE_DASH,,0,selected_zero_not_shown,0,true
UIMARI,49,ORE,18,339,---,MARKER_TRIPLE_DASH,,0,selected_zero_not_shown,0,true
UIMARI,49,ORE,19,311FT,---,MARKER_TRIPLE_DASH,,0,selected_zero_not_shown,0,true
UIMARI,49,ORE,20,313TT,---,MARKER_TRIPLE_DASH,,0,selected_zero_not_shown,0,true
UIMARI,49,ORE,21,315AL,---,MARKER_TRIPLE_DASH,,0,selected_zero_not_shown,0,true
UIMARI,49,ORE,22,322,---,MARKER_TRIPLE_DASH,,0,selected_zero_not_shown,0,true
UIMARI,49,ORE,23,323,---,MARKER_TRIPLE_DASH,,0,selected_zero_not_shown,0,true
UIMARI,49,ORE,24,324,---,MARKER_TRIPLE_DASH,,0,selected_zero_not_shown,0,true
UIMARI,49,ORE,25,325,---,MARKER_TRIPLE_DASH,,0,selected_zero_not_shown,0,true
UIMARI,49,ORE,26,326,---,MARKER_TRIPLE_DASH,,0,selected_zero_not_shown,0,true
UIMARI,49,ORE,27,42,---,MARKER_TRIPLE_DASH,,0,selected_zero_not_shown,0,true
UIMARI,49,ORE,28,441,---,MARKER_TRIPLE_DASH,,0,selected_zero_not_shown,0,true
UIMARI,49,ORE,29,445,---,MARKER_TRIPLE_DASH,,0,selected_zero_not_shown,0,true
UIMARI,49,ORE,30,452,---,MARKER_TRIPLE_DASH,,0,selected_zero_not_shown,0,true
UIMARI,49,ORE,31,4A0,---,MARKER_TRIPLE_DASH,,0,selected_zero_not_shown,0,true
UIMARI,49,ORE,32,481,---,MARKER_TRIPLE_DASH,,0,selected_zero_not_shown,0,true
UIMARI,49,ORE,33,482,---,MARKER_TRIPLE_DASH,,0,selected_zero_not_shown,0,true
UIMARI,49,ORE,34,483,---,MARKER_TRIPLE_DASH,,0,selected_zero_not_shown,0,true
UIMARI,49,ORE,35,484,---,MARKER_TRIPLE_DASH,,0,selected_zero_not_shown,0,true
UIMARI,49,ORE,36,485,---,MARKER_TRIPLE_DASH,,0,selected_zero_not_shown,0,true
UIMARI,49,ORE,37,486,---,MARKER_TRIPLE_DASH,,0,selected_zero_not_shown,0,true
UIMARI,49,ORE,38,487OS,---,MARKER_TRIPLE_DASH,,0,selected_zero_not_shown,0,true
UIMARI,49,ORE,39,493,---,MARKER_TRIPLE_DASH,,0,selected_zero_not_shown,0,true
UIMARI,49,ORE,40,511,---,MARKER_TRIPLE_DASH,,0,selected_zero_not_shown,0,true
UIMARI,49,ORE,41,512,---,MARKER_TRIPLE_DASH,,0,selected_zero_not_shown,0,true
UIMARI,49,ORE,42,513,---,MARKER_TRIPLE_DASH,,0,selected_zero_not_shown,0,true
UIMARI,49,ORE,43,514,---,MARKER_TRIPLE_DASH,,0,selected_zero_not_shown,0,true
UIMARI,49,ORE,44,521CI,---,MARKER_TRIPLE_DASH,,0,selected_zero_not_shown,0,true
UIMARI,49,ORE,45,523,---,MARKER_TRIPLE_DASH,,0,selected_zero_not_shown,0,true
UIMARI,49,ORE,46,524,---,MARKER_TRIPLE_DASH,,0,selected_zero_not_shown,0,true
UIMARI,49,ORE,47,525,---,MARKER_TRIPLE_DASH,,0,selected_zero_not_shown,0,true
UIMARI,49,ORE,48,HS,---,MARKER_TRIPLE_DASH,,0,selected_zero_not_shown,0,true
UIMARI,49,ORE,49,ORE,---,MARKER_TRIPLE_DASH,,0,selected_zero_not_shown,0,true
UIMARI,49,ORE,50,532RL,---,MARKER_TRIPLE_DASH,,0,selected_zero_not_shown,0,true
UIMARI,49,ORE,51,5411,---,MARKER_TRIPLE_DASH,,0,selected_zero_not_shown,0,true
UIMARI,49,ORE,52,5415,---,MARKER_TRIPLE_DASH,,0,selected_zero_not_shown,0,true
UIMARI,49,ORE,53,5412OP,---,MARKER_TRIPLE_DASH,,0,selected_zero_not_shown,0,true
UIMARI,49,ORE,54,55,---,MARKER_TRIPLE_DASH,,0,selected_zero_not_shown,0,true
UIMARI,49,ORE,55,561,---,MARKER_TRIPLE_DASH,,0,selected_zero_not_shown,0,true
UIMARI,49,ORE,56,562,---,MARKER_TRIPLE_DASH,,0,selected_zero_not_shown,0,true
UIMARI,49,ORE,57,61,---,MARKER_TRIPLE_DASH,,0,selected_zero_not_shown,0,true
UIMARI,49,ORE,58,621,---,MARKER_TRIPLE_DASH,,0,selected_zero_not_shown,0,true
UIMARI,49,ORE,59,622,---,MARKER_TRIPLE_DASH,,0,selected_zero_not_shown,0,true
UIMARI,49,ORE,60,623,---,MARKER_TRIPLE_DASH,,0,selected_zero_not_shown,0,true
UIMARI,49,ORE,61,624,---,MARKER_TRIPLE_DASH,,0,selected_zero_not_shown,0,true
UIMARI,49,ORE,62,711AS,---,MARKER_TRIPLE_DASH,,0,selected_zero_not_shown,0,true
UIMARI,49,ORE,63,713,---,MARKER_TRIPLE_DASH,,0,selected_zero_not_shown,0,true
UIMARI,49,ORE,64,721,---,MARKER_TRIPLE_DASH,,0,selected_zero_not_shown,0,true
UIMARI,49,ORE,65,722,---,MARKER_TRIPLE_DASH,,0,selected_zero_not_shown,0,true
UIMARI,49,ORE,66,81,---,MARKER_TRIPLE_DASH,,0,selected_zero_not_shown,0,true
UIMARI,49,ORE,67,GFGD,---,MARKER_TRIPLE_DASH,,0,selected_zero_not_shown,0,true
UIMARI,49,ORE,68,GFGN,---,MARKER_TRIPLE_DASH,,0,selected_zero_not_shown,0,true
UIMARI,49,ORE,69,GFE,---,MARKER_TRIPLE_DASH,,0,selected_zero_not_shown,0,true
UIMARI,49,ORE,70,GSLG,---,MARKER_TRIPLE_DASH,,0,selected_zero_not_shown,0,true
UIMARI,49,ORE,71,GSLE,---,MARKER_TRIPLE_DASH,,0,selected_zero_not_shown,0,true
UIMARI,49,ORE,72,T001,---,MARKER_TRIPLE_DASH,,0,selected_zero_not_shown,0,true
UIMARI,49,ORE,73,F010,---,MARKER_TRIPLE_DASH,,0,selected_zero_not_shown,0,true
UIMARI,49,ORE,74,F02S,---,MARKER_TRIPLE_DASH,,0,selected_zero_not_shown,0,true
UIMARI,49,ORE,75,F02E,---,MARKER_TRIPLE_DASH,,0,selected_zero_not_shown,0,true
UIMARI,49,ORE,76,F02N,---,MARKER_TRIPLE_DASH,,0,selected_zero_not_shown,0,true
UIMARI,49,ORE,77,F02R,---,MARKER_TRIPLE_DASH,,0,selected_zero_not_shown,0,true
UIMARI,49,ORE,78,F030,---,MARKER_TRIPLE_DASH,,0,selected_zero_not_shown,0,true
UIMARI,49,ORE,79,F040,---,MARKER_TRIPLE_DASH,,0,selected_zero_not_shown,0,true
UIMARI,49,ORE,80,F050,---,MARKER_TRIPLE_DASH,,0,selected_zero_not_shown,0,true
UIMARI,49,ORE,81,F06C,---,MARKER_TRIPLE_DASH,,0,selected_zero_not_shown,0,true
UIMARI,49,ORE,82,F06S,---,MARKER_TRIPLE_DASH,,0,selected_zero_not_shown,0,true
UIMARI,49,ORE,83,F06E,---,MARKER_TRIPLE_DASH,,0,selected_zero_not_shown,0,true
UIMARI,49,ORE,84,F06N,---,MARKER_TRIPLE_DASH,,0,selected_zero_not_shown,0,true
UIMARI,49,ORE,85,F07C,---,MARKER_TRIPLE_DASH,,0,selected_zero_not_shown,0,true
UIMARI,49,ORE,86,F07S,---,MARKER_TRIPLE_DASH,,0,selected_zero_not_shown,0,true
UIMARI,49,ORE,87,F07E,---,MARKER_TRIPLE_DASH,,0,selected_zero_not_shown,0,true
UIMARI,49,ORE,88,F07N,---,MARKER_TRIPLE_DASH,,0,selected_zero_not_shown,0,true
UIMARI,49,ORE,89,F10C,---,MARKER_TRIPLE_DASH,,0,selected_zero_not_shown,0,true
UIMARI,49,ORE,90,F10S,---,MARKER_TRIPLE_DASH,,0,selected_zero_not_shown,0,true
UIMARI,49,ORE,91,F10E,---,MARKER_TRIPLE_DASH,,0,selected_zero_not_shown,0,true
UIMARI,49,ORE,92,F10N,---,MARKER_TRIPLE_DASH,,0,selected_zero_not_shown,0,true
UIMARI,49,ORE,93,T004,---,MARKER_TRIPLE_DASH,,0,selected_zero_not_shown,0,true
UIMARI,50,532RL,1,111CA,---,MARKER_TRIPLE_DASH,,0,selected_zero_not_shown,0,true
UIMARI,50,532RL,2,113FF,---,MARKER_TRIPLE_DASH,,0,selected_zero_not_shown,0,true
UIMARI,50,532RL,3,211,---,MARKER_TRIPLE_DASH,,0,selected_zero_not_shown,0,true
UIMARI,50,532RL,4,212,---,MARKER_TRIPLE_DASH,,0,selected_zero_not_shown,0,true
UIMARI,50,532RL,5,213,---,MARKER_TRIPLE_DASH,,0,selected_zero_not_shown,0,true
UIMARI,50,532RL,6,22,---,MARKER_TRIPLE_DASH,,0,selected_zero_not_shown,0,true
UIMARI,50,532RL,7,23,---,MARKER_TRIPLE_DASH,,0,selected_zero_not_shown,0,true
UIMARI,50,532RL,8,321,---,MARKER_TRIPLE_DASH,,0,selected_zero_not_shown,0,true
UIMARI,50,532RL,9,327,---,MARKER_TRIPLE_DASH,,0,selected_zero_not_shown,0,true
UIMARI,50,532RL,10,331,---,MARKER_TRIPLE_DASH,,0,selected_zero_not_shown,0,true
UIMARI,50,532RL,11,332,---,MARKER_TRIPLE_DASH,,0,selected_zero_not_shown,0,true
UIMARI,50,532RL,12,333,---,MARKER_TRIPLE_DASH,,0,selected_zero_not_shown,0,true
UIMARI,50,532RL,13,334,---,MARKER_TRIPLE_DASH,,0,selected_zero_not_shown,0,true
UIMARI,50,532RL,14,335,---,MARKER_TRIPLE_DASH,,0,selected_zero_not_shown,0,true
UIMARI,50,532RL,15,3361MV,---,MARKER_TRIPLE_DASH,,0,selected_zero_not_shown,0,true
UIMARI,50,532RL,16,3364OT,---,MARKER_TRIPLE_DASH,,0,selected_zero_not_shown,0,true
UIMARI,50,532RL,17,337,---,MARKER_TRIPLE_DASH,,0,selected_zero_not_shown,0,true
UIMARI,50,532RL,18,339,---,MARKER_TRIPLE_DASH,,0,selected_zero_not_shown,0,true
UIMARI,50,532RL,19,311FT,---,MARKER_TRIPLE_DASH,,0,selected_zero_not_shown,0,true
UIMARI,50,532RL,20,313TT,---,MARKER_TRIPLE_DASH,,0,selected_zero_not_shown,0,true
UIMARI,50,532RL,21,315AL,---,MARKER_TRIPLE_DASH,,0,selected_zero_not_shown,0,true
UIMARI,50,532RL,22,322,---,MARKER_TRIPLE_DASH,,0,selected_zero_not_shown,0,true
UIMARI,50,532RL,23,323,---,MARKER_TRIPLE_DASH,,0,selected_zero_not_shown,0,true
UIMARI,50,532RL,24,324,---,MARKER_TRIPLE_DASH,,0,selected_zero_not_shown,0,true
UIMARI,50,532RL,25,325,---,MARKER_TRIPLE_DASH,,0,selected_zero_not_shown,0,true
UIMARI,50,532RL,26,326,---,MARKER_TRIPLE_DASH,,0,selected_zero_not_shown,0,true
UIMARI,50,532RL,27,42,---,MARKER_TRIPLE_DASH,,0,selected_zero_not_shown,0,true
UIMARI,50,532RL,28,441,---,MARKER_TRIPLE_DASH,,0,selected_zero_not_shown,0,true
UIMARI,50,532RL,29,445,---,MARKER_TRIPLE_DASH,,0,selected_zero_not_shown,0,true
UIMARI,50,532RL,30,452,---,MARKER_TRIPLE_DASH,,0,selected_zero_not_shown,0,true
UIMARI,50,532RL,31,4A0,---,MARKER_TRIPLE_DASH,,0,selected_zero_not_shown,0,true
UIMARI,50,532RL,32,481,---,MARKER_TRIPLE_DASH,,0,selected_zero_not_shown,0,true
UIMARI,50,532RL,33,482,---,MARKER_TRIPLE_DASH,,0,selected_zero_not_shown,0,true
UIMARI,50,532RL,34,483,---,MARKER_TRIPLE_DASH,,0,selected_zero_not_shown,0,true
UIMARI,50,532RL,35,484,---,MARKER_TRIPLE_DASH,,0,selected_zero_not_shown,0,true
UIMARI,50,532RL,36,485,---,MARKER_TRIPLE_DASH,,0,selected_zero_not_shown,0,true
UIMARI,50,532RL,37,486,---,MARKER_TRIPLE_DASH,,0,selected_zero_not_shown,0,true
UIMARI,50,532RL,38,487OS,---,MARKER_TRIPLE_DASH,,0,selected_zero_not_shown,0,true
UIMARI,50,532RL,39,493,---,MARKER_TRIPLE_DASH,,0,selected_zero_not_shown,0,true
UIMARI,50,532RL,40,511,---,MARKER_TRIPLE_DASH,,0,selected_zero_not_shown,0,true
UIMARI,50,532RL,41,512,---,MARKER_TRIPLE_DASH,,0,selected_zero_not_shown,0,true
UIMARI,50,532RL,42,513,---,MARKER_TRIPLE_DASH,,0,selected_zero_not_shown,0,true
UIMARI,50,532RL,43,514,---,MARKER_TRIPLE_DASH,,0,selected_zero_not_shown,0,true
UIMARI,50,532RL,44,521CI,---,MARKER_TRIPLE_DASH,,0,selected_zero_not_shown,0,true
UIMARI,50,532RL,45,523,---,MARKER_TRIPLE_DASH,,0,selected_zero_not_shown,0,true
UIMARI,50,532RL,46,524,---,MARKER_TRIPLE_DASH,,0,selected_zero_not_shown,0,true
UIMARI,50,532RL,47,525,---,MARKER_TRIPLE_DASH,,0,selected_zero_not_shown,0,true
UIMARI,50,532RL,48,HS,---,MARKER_TRIPLE_DASH,,0,selected_zero_not_shown,0,true
UIMARI,50,532RL,49,ORE,---,MARKER_TRIPLE_DASH,,0,selected_zero_not_shown,0,true
UIMARI,50,532RL,50,532RL,---,MARKER_TRIPLE_DASH,,0,selected_zero_not_shown,0,true
UIMARI,50,532RL,51,5411,---,MARKER_TRIPLE_DASH,,0,selected_zero_not_shown,0,true
UIMARI,50,532RL,52,5415,---,MARKER_TRIPLE_DASH,,0,selected_zero_not_shown,0,true
UIMARI,50,532RL,53,5412OP,---,MARKER_TRIPLE_DASH,,0,selected_zero_not_shown,0,true
UIMARI,50,532RL,54,55,---,MARKER_TRIPLE_DASH,,0,selected_zero_not_shown,0,true
UIMARI,50,532RL,55,561,---,MARKER_TRIPLE_DASH,,0,selected_zero_not_shown,0,true
UIMARI,50,532RL,56,562,---,MARKER_TRIPLE_DASH,,0,selected_zero_not_shown,0,true
UIMARI,50,532RL,57,61,---,MARKER_TRIPLE_DASH,,0,selected_zero_not_shown,0,true
UIMARI,50,532RL,58,621,---,MARKER_TRIPLE_DASH,,0,selected_zero_not_shown,0,true
UIMARI,50,532RL,59,622,---,MARKER_TRIPLE_DASH,,0,selected_zero_not_shown,0,true
UIMARI,50,532RL,60,623,---,MARKER_TRIPLE_DASH,,0,selected_zero_not_shown,0,true
UIMARI,50,532RL,61,624,---,MARKER_TRIPLE_DASH,,0,selected_zero_not_shown,0,true
UIMARI,50,532RL,62,711AS,---,MARKER_TRIPLE_DASH,,0,selected_zero_not_shown,0,true
UIMARI,50,532RL,63,713,---,MARKER_TRIPLE_DASH,,0,selected_zero_not_shown,0,true
UIMARI,50,532RL,64,721,---,MARKER_TRIPLE_DASH,,0,selected_zero_not_shown,0,true
UIMARI,50,532RL,65,722,---,MARKER_TRIPLE_DASH,,0,selected_zero_not_shown,0,true
UIMARI,50,532RL,66,81,---,MARKER_TRIPLE_DASH,,0,selected_zero_not_shown,0,true
UIMARI,50,532RL,67,GFGD,---,MARKER_TRIPLE_DASH,,0,selected_zero_not_shown,0,true
UIMARI,50,532RL,68,GFGN,---,MARKER_TRIPLE_DASH,,0,selected_zero_not_shown,0,true
UIMARI,50,532RL,69,GFE,---,MARKER_TRIPLE_DASH,,0,selected_zero_not_shown,0,true
UIMARI,50,532RL,70,GSLG,---,MARKER_TRIPLE_DASH,,0,selected_zero_not_shown,0,true
UIMARI,50,532RL,71,GSLE,---,MARKER_TRIPLE_DASH,,0,selected_zero_not_shown,0,true
UIMARI,50,532RL,72,T001,---,MARKER_TRIPLE_DASH,,0,selected_zero_not_shown,0,true
UIMARI,50,532RL,73,F010,---,MARKER_TRIPLE_DASH,,0,selected_zero_not_shown,0,true
UIMARI,50,532RL,74,F02S,---,MARKER_TRIPLE_DASH,,0,selected_zero_not_shown,0,true
UIMARI,50,532RL,75,F02E,---,MARKER_TRIPLE_DASH,,0,selected_zero_not_shown,0,true
UIMARI,50,532RL,76,F02N,---,MARKER_TRIPLE_DASH,,0,selected_zero_not_shown,0,true
UIMARI,50,532RL,77,F02R,---,MARKER_TRIPLE_DASH,,0,selected_zero_not_shown,0,true
UIMARI,50,532RL,78,F030,---,MARKER_TRIPLE_DASH,,0,selected_zero_not_shown,0,true
UIMARI,50,532RL,79,F040,---,MARKER_TRIPLE_DASH,,0,selected_zero_not_shown,0,true
UIMARI,50,532RL,80,F050,---,MARKER_TRIPLE_DASH,,0,selected_zero_not_shown,0,true
UIMARI,50,532RL,81,F06C,---,MARKER_TRIPLE_DASH,,0,selected_zero_not_shown,0,true
UIMARI,50,532RL,82,F06S,---,MARKER_TRIPLE_DASH,,0,selected_zero_not_shown,0,true
UIMARI,50,532RL,83,F06E,---,MARKER_TRIPLE_DASH,,0,selected_zero_not_shown,0,true
UIMARI,50,532RL,84,F06N,---,MARKER_TRIPLE_DASH,,0,selected_zero_not_shown,0,true
UIMARI,50,532RL,85,F07C,---,MARKER_TRIPLE_DASH,,0,selected_zero_not_shown,0,true
UIMARI,50,532RL,86,F07S,---,MARKER_TRIPLE_DASH,,0,selected_zero_not_shown,0,true
UIMARI,50,532RL,87,F07E,---,MARKER_TRIPLE_DASH,,0,selected_zero_not_shown,0,true
UIMARI,50,532RL,88,F07N,---,MARKER_TRIPLE_DASH,,0,selected_zero_not_shown,0,true
UIMARI,50,532RL,89,F10C,---,MARKER_TRIPLE_DASH,,0,selected_zero_not_shown,0,true
UIMARI,50,532RL,90,F10S,---,MARKER_TRIPLE_DASH,,0,selected_zero_not_shown,0,true
UIMARI,50,532RL,91,F10E,---,MARKER_TRIPLE_DASH,,0,selected_zero_not_shown,0,true
UIMARI,50,532RL,92,F10N,---,MARKER_TRIPLE_DASH,,0,selected_zero_not_shown,0,true
UIMARI,50,532RL,93,T004,---,MARKER_TRIPLE_DASH,,0,selected_zero_not_shown,0,true
UIMARI,51,5411,1,111CA,4,NONZERO_INTEGER,4,4,numeric,4,true
UIMARI,51,5411,2,113FF,1,NONZERO_INTEGER,1,1,numeric,1,true
UIMARI,51,5411,3,211,13,NONZERO_INTEGER,13,13,numeric,13,true
UIMARI,51,5411,4,212,7,NONZERO_INTEGER,7,7,numeric,7,true
UIMARI,51,5411,5,213,3,NONZERO_INTEGER,3,3,numeric,3,true
UIMARI,51,5411,6,22,74,NONZERO_INTEGER,74,74,numeric,74,true
UIMARI,51,5411,7,23,149,NONZERO_INTEGER,149,149,numeric,149,true
UIMARI,51,5411,8,321,8,NONZERO_INTEGER,8,8,numeric,8,true
UIMARI,51,5411,9,327,8,NONZERO_INTEGER,8,8,numeric,8,true
UIMARI,51,5411,10,331,13,NONZERO_INTEGER,13,13,numeric,13,true
UIMARI,51,5411,11,332,30,NONZERO_INTEGER,30,30,numeric,30,true
UIMARI,51,5411,12,333,13,NONZERO_INTEGER,13,13,numeric,13,true
UIMARI,51,5411,13,334,4,NONZERO_INTEGER,4,4,numeric,4,true
UIMARI,51,5411,14,335,2,NONZERO_INTEGER,2,2,numeric,2,true
UIMARI,51,5411,15,3361MV,18,NONZERO_INTEGER,18,18,numeric,18,true
UIMARI,51,5411,16,3364OT,6,NONZERO_INTEGER,6,6,numeric,6,true
UIMARI,51,5411,17,337,4,NONZERO_INTEGER,4,4,numeric,4,true
UIMARI,51,5411,18,339,14,NONZERO_INTEGER,14,14,numeric,14,true
UIMARI,51,5411,19,311FT,19,NONZERO_INTEGER,19,19,numeric,19,true
UIMARI,51,5411,20,313TT,2,NONZERO_INTEGER,2,2,numeric,2,true
UIMARI,51,5411,21,315AL,1,NONZERO_INTEGER,1,1,numeric,1,true
UIMARI,51,5411,22,322,13,NONZERO_INTEGER,13,13,numeric,13,true
UIMARI,51,5411,23,323,6,NONZERO_INTEGER,6,6,numeric,6,true
UIMARI,51,5411,24,324,2,NONZERO_INTEGER,2,2,numeric,2,true
UIMARI,51,5411,25,325,12,NONZERO_INTEGER,12,12,numeric,12,true
UIMARI,51,5411,26,326,18,NONZERO_INTEGER,18,18,numeric,18,true
UIMARI,51,5411,27,42,288,NONZERO_INTEGER,288,288,numeric,288,true
UIMARI,51,5411,28,441,12,NONZERO_INTEGER,12,12,numeric,12,true
UIMARI,51,5411,29,445,10,NONZERO_INTEGER,10,10,numeric,10,true
UIMARI,51,5411,30,452,8,NONZERO_INTEGER,8,8,numeric,8,true
UIMARI,51,5411,31,4A0,81,NONZERO_INTEGER,81,81,numeric,81,true
UIMARI,51,5411,32,481,5,NONZERO_INTEGER,5,5,numeric,5,true
UIMARI,51,5411,33,482,6,NONZERO_INTEGER,6,6,numeric,6,true
UIMARI,51,5411,34,483,3,NONZERO_INTEGER,3,3,numeric,3,true
UIMARI,51,5411,35,484,5,NONZERO_INTEGER,5,5,numeric,5,true
UIMARI,51,5411,36,485,7,NONZERO_INTEGER,7,7,numeric,7,true
UIMARI,51,5411,37,486,1,NONZERO_INTEGER,1,1,numeric,1,true
UIMARI,51,5411,38,487OS,8,NONZERO_INTEGER,8,8,numeric,8,true
UIMARI,51,5411,39,493,4,NONZERO_INTEGER,4,4,numeric,4,true
UIMARI,51,5411,40,511,66,NONZERO_INTEGER,66,66,numeric,66,true
UIMARI,51,5411,41,512,16,NONZERO_INTEGER,16,16,numeric,16,true
UIMARI,51,5411,42,513,41,NONZERO_INTEGER,41,41,numeric,41,true
UIMARI,51,5411,43,514,133,NONZERO_INTEGER,133,133,numeric,133,true
UIMARI,51,5411,44,521CI,82,NONZERO_INTEGER,82,82,numeric,82,true
UIMARI,51,5411,45,523,237,NONZERO_INTEGER,237,237,numeric,237,true
UIMARI,51,5411,46,524,210,NONZERO_INTEGER,210,210,numeric,210,true
UIMARI,51,5411,47,525,45,NONZERO_INTEGER,45,45,numeric,45,true
UIMARI,51,5411,48,HS,35,NONZERO_INTEGER,35,35,numeric,35,true
UIMARI,51,5411,49,ORE,184,NONZERO_INTEGER,184,184,numeric,184,true
UIMARI,51,5411,50,532RL,21,NONZERO_INTEGER,21,21,numeric,21,true
UIMARI,51,5411,51,5411,39,NONZERO_INTEGER,39,39,numeric,39,true
UIMARI,51,5411,52,5415,54,NONZERO_INTEGER,54,54,numeric,54,true
UIMARI,51,5411,53,5412OP,602,NONZERO_INTEGER,602,602,numeric,602,true
UIMARI,51,5411,54,55,154,NONZERO_INTEGER,154,154,numeric,154,true
UIMARI,51,5411,55,561,107,NONZERO_INTEGER,107,107,numeric,107,true
UIMARI,51,5411,56,562,8,NONZERO_INTEGER,8,8,numeric,8,true
UIMARI,51,5411,57,61,7,NONZERO_INTEGER,7,7,numeric,7,true
UIMARI,51,5411,58,621,93,NONZERO_INTEGER,93,93,numeric,93,true
UIMARI,51,5411,59,622,326,NONZERO_INTEGER,326,326,numeric,326,true
UIMARI,51,5411,60,623,24,NONZERO_INTEGER,24,24,numeric,24,true
UIMARI,51,5411,61,624,16,NONZERO_INTEGER,16,16,numeric,16,true
UIMARI,51,5411,62,711AS,46,NONZERO_INTEGER,46,46,numeric,46,true
UIMARI,51,5411,63,713,52,NONZERO_INTEGER,52,52,numeric,52,true
UIMARI,51,5411,64,721,10,NONZERO_INTEGER,10,10,numeric,10,true
UIMARI,51,5411,65,722,56,NONZERO_INTEGER,56,56,numeric,56,true
UIMARI,51,5411,66,81,124,NONZERO_INTEGER,124,124,numeric,124,true
UIMARI,51,5411,67,GFGD,---,MARKER_TRIPLE_DASH,,0,selected_zero_not_shown,0,true
UIMARI,51,5411,68,GFGN,3,NONZERO_INTEGER,3,3,numeric,3,true
UIMARI,51,5411,69,GFE,1,NONZERO_INTEGER,1,1,numeric,1,true
UIMARI,51,5411,70,GSLG,329,NONZERO_INTEGER,329,329,numeric,329,true
UIMARI,51,5411,71,GSLE,21,NONZERO_INTEGER,21,21,numeric,21,true
UIMARI,51,5411,72,T001,"4,019",NONZERO_INTEGER,4019,4019,numeric,4019,true
UIMARI,51,5411,73,F010,"1,902",NONZERO_INTEGER,1902,1902,numeric,1902,true
UIMARI,51,5411,74,F02S,---,MARKER_TRIPLE_DASH,,0,selected_zero_not_shown,0,true
UIMARI,51,5411,75,F02E,---,MARKER_TRIPLE_DASH,,0,selected_zero_not_shown,0,true
UIMARI,51,5411,76,F02N,---,MARKER_TRIPLE_DASH,,0,selected_zero_not_shown,0,true
UIMARI,51,5411,77,F02R,104,NONZERO_INTEGER,104,104,numeric,104,true
UIMARI,51,5411,78,F030,---,MARKER_TRIPLE_DASH,,0,selected_zero_not_shown,0,true
UIMARI,51,5411,79,F040,---,MARKER_TRIPLE_DASH,,0,selected_zero_not_shown,0,true
UIMARI,51,5411,80,F050,"-6,025",NONZERO_INTEGER,-6025,-6025,numeric,-6025,true
UIMARI,51,5411,81,F06C,---,MARKER_TRIPLE_DASH,,0,selected_zero_not_shown,0,true
UIMARI,51,5411,82,F06S,---,MARKER_TRIPLE_DASH,,0,selected_zero_not_shown,0,true
UIMARI,51,5411,83,F06E,---,MARKER_TRIPLE_DASH,,0,selected_zero_not_shown,0,true
UIMARI,51,5411,84,F06N,---,MARKER_TRIPLE_DASH,,0,selected_zero_not_shown,0,true
UIMARI,51,5411,85,F07C,---,MARKER_TRIPLE_DASH,,0,selected_zero_not_shown,0,true
UIMARI,51,5411,86,F07S,---,MARKER_TRIPLE_DASH,,0,selected_zero_not_shown,0,true
UIMARI,51,5411,87,F07E,---,MARKER_TRIPLE_DASH,,0,selected_zero_not_shown,0,true
UIMARI,51,5411,88,F07N,---,MARKER_TRIPLE_DASH,,0,selected_zero_not_shown,0,true
UIMARI,51,5411,89,F10C,---,MARKER_TRIPLE_DASH,,0,selected_zero_not_shown,0,true
UIMARI,51,5411,90,F10S,---,MARKER_TRIPLE_DASH,,0,selected_zero_not_shown,0,true
UIMARI,51,5411,91,F10E,---,MARKER_TRIPLE_DASH,,0,selected_zero_not_shown,0,true
UIMARI,51,5411,92,F10N,---,MARKER_TRIPLE_DASH,,0,selected_zero_not_shown,0,true
UIMARI,51,5411,93,T004,"-4,019",NONZERO_INTEGER,-4019,-4019,numeric,-4019,true
UIMARI,52,5415,1,111CA,62,NONZERO_INTEGER,62,62,numeric,62,true
UIMARI,52,5415,2,113FF,2,NONZERO_INTEGER,2,2,numeric,2,true
UIMARI,52,5415,3,211,512,NONZERO_INTEGER,512,512,numeric,512,true
UIMARI,52,5415,4,212,45,NONZERO_INTEGER,45,45,numeric,45,true
UIMARI,52,5415,5,213,6,NONZERO_INTEGER,6,6,numeric,6,true
UIMARI,52,5415,6,22,237,NONZERO_INTEGER,237,237,numeric,237,true
UIMARI,52,5415,7,23,"1,108",NONZERO_INTEGER,1108,1108,numeric,1108,true
UIMARI,52,5415,8,321,35,NONZERO_INTEGER,35,35,numeric,35,true
UIMARI,52,5415,9,327,37,NONZERO_INTEGER,37,37,numeric,37,true
UIMARI,52,5415,10,331,33,NONZERO_INTEGER,33,33,numeric,33,true
UIMARI,52,5415,11,332,153,NONZERO_INTEGER,153,153,numeric,153,true
UIMARI,52,5415,12,333,144,NONZERO_INTEGER,144,144,numeric,144,true
UIMARI,52,5415,13,334,27,NONZERO_INTEGER,27,27,numeric,27,true
UIMARI,52,5415,14,335,14,NONZERO_INTEGER,14,14,numeric,14,true
UIMARI,52,5415,15,3361MV,53,NONZERO_INTEGER,53,53,numeric,53,true
UIMARI,52,5415,16,3364OT,144,NONZERO_INTEGER,144,144,numeric,144,true
UIMARI,52,5415,17,337,21,NONZERO_INTEGER,21,21,numeric,21,true
UIMARI,52,5415,18,339,33,NONZERO_INTEGER,33,33,numeric,33,true
UIMARI,52,5415,19,311FT,129,NONZERO_INTEGER,129,129,numeric,129,true
UIMARI,52,5415,20,313TT,6,NONZERO_INTEGER,6,6,numeric,6,true
UIMARI,52,5415,21,315AL,2,NONZERO_INTEGER,2,2,numeric,2,true
UIMARI,52,5415,22,322,33,NONZERO_INTEGER,33,33,numeric,33,true
UIMARI,52,5415,23,323,34,NONZERO_INTEGER,34,34,numeric,34,true
UIMARI,52,5415,24,324,21,NONZERO_INTEGER,21,21,numeric,21,true
UIMARI,52,5415,25,325,26,NONZERO_INTEGER,26,26,numeric,26,true
UIMARI,52,5415,26,326,46,NONZERO_INTEGER,46,46,numeric,46,true
UIMARI,52,5415,27,42,"2,739",NONZERO_INTEGER,2739,2739,numeric,2739,true
UIMARI,52,5415,28,441,665,NONZERO_INTEGER,665,665,numeric,665,true
UIMARI,52,5415,29,445,90,NONZERO_INTEGER,90,90,numeric,90,true
UIMARI,52,5415,30,452,159,NONZERO_INTEGER,159,159,numeric,159,true
UIMARI,52,5415,31,4A0,794,NONZERO_INTEGER,794,794,numeric,794,true
UIMARI,52,5415,32,481,39,NONZERO_INTEGER,39,39,numeric,39,true
UIMARI,52,5415,33,482,114,NONZERO_INTEGER,114,114,numeric,114,true
UIMARI,52,5415,34,483,4,NONZERO_INTEGER,4,4,numeric,4,true
UIMARI,52,5415,35,484,84,NONZERO_INTEGER,84,84,numeric,84,true
UIMARI,52,5415,36,485,29,NONZERO_INTEGER,29,29,numeric,29,true
UIMARI,52,5415,37,486,2,NONZERO_INTEGER,2,2,numeric,2,true
UIMARI,52,5415,38,487OS,48,NONZERO_INTEGER,48,48,numeric,48,true
UIMARI,52,5415,39,493,16,NONZERO_INTEGER,16,16,numeric,16,true
UIMARI,52,5415,40,511,761,NONZERO_INTEGER,761,761,numeric,761,true
UIMARI,52,5415,41,512,54,NONZERO_INTEGER,54,54,numeric,54,true
UIMARI,52,5415,42,513,438,NONZERO_INTEGER,438,438,numeric,438,true
UIMARI,52,5415,43,514,"2,177",NONZERO_INTEGER,2177,2177,numeric,2177,true
UIMARI,52,5415,44,521CI,961,NONZERO_INTEGER,961,961,numeric,961,true
UIMARI,52,5415,45,523,"1,730",NONZERO_INTEGER,1730,1730,numeric,1730,true
UIMARI,52,5415,46,524,790,NONZERO_INTEGER,790,790,numeric,790,true
UIMARI,52,5415,47,525,172,NONZERO_INTEGER,172,172,numeric,172,true
UIMARI,52,5415,48,HS,102,NONZERO_INTEGER,102,102,numeric,102,true
UIMARI,52,5415,49,ORE,744,NONZERO_INTEGER,744,744,numeric,744,true
UIMARI,52,5415,50,532RL,90,NONZERO_INTEGER,90,90,numeric,90,true
UIMARI,52,5415,51,5411,539,NONZERO_INTEGER,539,539,numeric,539,true
UIMARI,52,5415,52,5415,"1,492",NONZERO_INTEGER,1492,1492,numeric,1492,true
UIMARI,52,5415,53,5412OP,"1,747",NONZERO_INTEGER,1747,1747,numeric,1747,true
UIMARI,52,5415,54,55,235,NONZERO_INTEGER,235,235,numeric,235,true
UIMARI,52,5415,55,561,"1,972",NONZERO_INTEGER,1972,1972,numeric,1972,true
UIMARI,52,5415,56,562,70,NONZERO_INTEGER,70,70,numeric,70,true
UIMARI,52,5415,57,61,332,NONZERO_INTEGER,332,332,numeric,332,true
UIMARI,52,5415,58,621,565,NONZERO_INTEGER,565,565,numeric,565,true
UIMARI,52,5415,59,622,794,NONZERO_INTEGER,794,794,numeric,794,true
UIMARI,52,5415,60,623,148,NONZERO_INTEGER,148,148,numeric,148,true
UIMARI,52,5415,61,624,234,NONZERO_INTEGER,234,234,numeric,234,true
UIMARI,52,5415,62,711AS,63,NONZERO_INTEGER,63,63,numeric,63,true
UIMARI,52,5415,63,713,150,NONZERO_INTEGER,150,150,numeric,150,true
UIMARI,52,5415,64,721,108,NONZERO_INTEGER,108,108,numeric,108,true
UIMARI,52,5415,65,722,726,NONZERO_INTEGER,726,726,numeric,726,true
UIMARI,52,5415,66,81,554,NONZERO_INTEGER,554,554,numeric,554,true
UIMARI,52,5415,67,GFGD,820,NONZERO_INTEGER,820,820,numeric,820,true
UIMARI,52,5415,68,GFGN,"1,586",NONZERO_INTEGER,1586,1586,numeric,1586,true
UIMARI,52,5415,69,GFE,14,NONZERO_INTEGER,14,14,numeric,14,true
UIMARI,52,5415,70,GSLG,"3,602",NONZERO_INTEGER,3602,3602,numeric,3602,true
UIMARI,52,5415,71,GSLE,737,NONZERO_INTEGER,737,737,numeric,737,true
UIMARI,52,5415,72,T001,"32,251",NONZERO_INTEGER,32251,32251,numeric,32251,true
UIMARI,52,5415,73,F010,---,MARKER_TRIPLE_DASH,,0,selected_zero_not_shown,0,true
UIMARI,52,5415,74,F02S,---,MARKER_TRIPLE_DASH,,0,selected_zero_not_shown,0,true
UIMARI,52,5415,75,F02E,"6,900",NONZERO_INTEGER,6900,6900,numeric,6900,true
UIMARI,52,5415,76,F02N,"19,161",NONZERO_INTEGER,19161,19161,numeric,19161,true
UIMARI,52,5415,77,F02R,---,MARKER_TRIPLE_DASH,,0,selected_zero_not_shown,0,true
UIMARI,52,5415,78,F030,---,MARKER_TRIPLE_DASH,,0,selected_zero_not_shown,0,true
UIMARI,52,5415,79,F040,---,MARKER_TRIPLE_DASH,,0,selected_zero_not_shown,0,true
UIMARI,52,5415,80,F050,"-62,386",NONZERO_INTEGER,-62386,-62386,numeric,-62386,true
UIMARI,52,5415,81,F06C,---,MARKER_TRIPLE_DASH,,0,selected_zero_not_shown,0,true
UIMARI,52,5415,82,F06S,---,MARKER_TRIPLE_DASH,,0,selected_zero_not_shown,0,true
UIMARI,52,5415,83,F06E,92,NONZERO_INTEGER,92,92,numeric,92,true
UIMARI,52,5415,84,F06N,858,NONZERO_INTEGER,858,858,numeric,858,true
UIMARI,52,5415,85,F07C,---,MARKER_TRIPLE_DASH,,0,selected_zero_not_shown,0,true
UIMARI,52,5415,86,F07S,---,MARKER_TRIPLE_DASH,,0,selected_zero_not_shown,0,true
UIMARI,52,5415,87,F07E,---,MARKER_TRIPLE_DASH,,0,selected_zero_not_shown,0,true
UIMARI,52,5415,88,F07N,"2,577",NONZERO_INTEGER,2577,2577,numeric,2577,true
UIMARI,52,5415,89,F10C,---,MARKER_TRIPLE_DASH,,0,selected_zero_not_shown,0,true
UIMARI,52,5415,90,F10S,---,MARKER_TRIPLE_DASH,,0,selected_zero_not_shown,0,true
UIMARI,52,5415,91,F10E,17,NONZERO_INTEGER,17,17,numeric,17,true
UIMARI,52,5415,92,F10N,532,NONZERO_INTEGER,532,532,numeric,532,true
UIMARI,52,5415,93,T004,"-32,251",NONZERO_INTEGER,-32251,-32251,numeric,-32251,true
UIMARI,53,5412OP,1,111CA,37,NONZERO_INTEGER,37,37,numeric,37,true
UIMARI,53,5412OP,2,113FF,40,NONZERO_INTEGER,40,40,numeric,40,true
UIMARI,53,5412OP,3,211,184,NONZERO_INTEGER,184,184,numeric,184,true
UIMARI,53,5412OP,4,212,74,NONZERO_INTEGER,74,74,numeric,74,true
UIMARI,53,5412OP,5,213,76,NONZERO_INTEGER,76,76,numeric,76,true
UIMARI,53,5412OP,6,22,316,NONZERO_INTEGER,316,316,numeric,316,true
UIMARI,53,5412OP,7,23,"3,831",NONZERO_INTEGER,3831,3831,numeric,3831,true
UIMARI,53,5412OP,8,321,141,NONZERO_INTEGER,141,141,numeric,141,true
UIMARI,53,5412OP,9,327,115,NONZERO_INTEGER,115,115,numeric,115,true
UIMARI,53,5412OP,10,331,147,NONZERO_INTEGER,147,147,numeric,147,true
UIMARI,53,5412OP,11,332,209,NONZERO_INTEGER,209,209,numeric,209,true
UIMARI,53,5412OP,12,333,136,NONZERO_INTEGER,136,136,numeric,136,true
UIMARI,53,5412OP,13,334,30,NONZERO_INTEGER,30,30,numeric,30,true
UIMARI,53,5412OP,14,335,92,NONZERO_INTEGER,92,92,numeric,92,true
UIMARI,53,5412OP,15,3361MV,175,NONZERO_INTEGER,175,175,numeric,175,true
UIMARI,53,5412OP,16,3364OT,62,NONZERO_INTEGER,62,62,numeric,62,true
UIMARI,53,5412OP,17,337,89,NONZERO_INTEGER,89,89,numeric,89,true
UIMARI,53,5412OP,18,339,110,NONZERO_INTEGER,110,110,numeric,110,true
UIMARI,53,5412OP,19,311FT,541,NONZERO_INTEGER,541,541,numeric,541,true
UIMARI,53,5412OP,20,313TT,26,NONZERO_INTEGER,26,26,numeric,26,true
UIMARI,53,5412OP,21,315AL,6,NONZERO_INTEGER,6,6,numeric,6,true
UIMARI,53,5412OP,22,322,163,NONZERO_INTEGER,163,163,numeric,163,true
UIMARI,53,5412OP,23,323,79,NONZERO_INTEGER,79,79,numeric,79,true
UIMARI,53,5412OP,24,324,51,NONZERO_INTEGER,51,51,numeric,51,true
UIMARI,53,5412OP,25,325,189,NONZERO_INTEGER,189,189,numeric,189,true
UIMARI,53,5412OP,26,326,187,NONZERO_INTEGER,187,187,numeric,187,true
UIMARI,53,5412OP,27,42,"8,754",NONZERO_INTEGER,8754,8754,numeric,8754,true
UIMARI,53,5412OP,28,441,"1,185",NONZERO_INTEGER,1185,1185,numeric,1185,true
UIMARI,53,5412OP,29,445,433,NONZERO_INTEGER,433,433,numeric,433,true
UIMARI,53,5412OP,30,452,144,NONZERO_INTEGER,144,144,numeric,144,true
UIMARI,53,5412OP,31,4A0,"4,045",NONZERO_INTEGER,4045,4045,numeric,4045,true
UIMARI,53,5412OP,32,481,29,NONZERO_INTEGER,29,29,numeric,29,true
UIMARI,53,5412OP,33,482,64,NONZERO_INTEGER,64,64,numeric,64,true
UIMARI,53,5412OP,34,483,95,NONZERO_INTEGER,95,95,numeric,95,true
UIMARI,53,5412OP,35,484,217,NONZERO_INTEGER,217,217,numeric,217,true
UIMARI,53,5412OP,36,485,251,NONZERO_INTEGER,251,251,numeric,251,true
UIMARI,53,5412OP,37,486,10,NONZERO_INTEGER,10,10,numeric,10,true
UIMARI,53,5412OP,38,487OS,157,NONZERO_INTEGER,157,157,numeric,157,true
UIMARI,53,5412OP,39,493,210,NONZERO_INTEGER,210,210,numeric,210,true
UIMARI,53,5412OP,40,511,"1,676",NONZERO_INTEGER,1676,1676,numeric,1676,true
UIMARI,53,5412OP,41,512,352,NONZERO_INTEGER,352,352,numeric,352,true
UIMARI,53,5412OP,42,513,"1,437",NONZERO_INTEGER,1437,1437,numeric,1437,true
UIMARI,53,5412OP,43,514,"5,119",NONZERO_INTEGER,5119,5119,numeric,5119,true
UIMARI,53,5412OP,44,521CI,"3,910",NONZERO_INTEGER,3910,3910,numeric,3910,true
UIMARI,53,5412OP,45,523,"5,977",NONZERO_INTEGER,5977,5977,numeric,5977,true
UIMARI,53,5412OP,46,524,"2,106",NONZERO_INTEGER,2106,2106,numeric,2106,true
UIMARI,53,5412OP,47,525,250,NONZERO_INTEGER,250,250,numeric,250,true
UIMARI,53,5412OP,48,HS,84,NONZERO_INTEGER,84,84,numeric,84,true
UIMARI,53,5412OP,49,ORE,"2,121",NONZERO_INTEGER,2121,2121,numeric,2121,true
UIMARI,53,5412OP,50,532RL,"1,404",NONZERO_INTEGER,1404,1404,numeric,1404,true
UIMARI,53,5412OP,51,5411,527,NONZERO_INTEGER,527,527,numeric,527,true
UIMARI,53,5412OP,52,5415,"1,954",NONZERO_INTEGER,1954,1954,numeric,1954,true
UIMARI,53,5412OP,53,5412OP,"17,465",NONZERO_INTEGER,17465,17465,numeric,17465,true
UIMARI,53,5412OP,54,55,"3,618",NONZERO_INTEGER,3618,3618,numeric,3618,true
UIMARI,53,5412OP,55,561,"2,875",NONZERO_INTEGER,2875,2875,numeric,2875,true
UIMARI,53,5412OP,56,562,301,NONZERO_INTEGER,301,301,numeric,301,true
UIMARI,53,5412OP,57,61,378,NONZERO_INTEGER,378,378,numeric,378,true
UIMARI,53,5412OP,58,621,"3,069",NONZERO_INTEGER,3069,3069,numeric,3069,true
UIMARI,53,5412OP,59,622,"4,059",NONZERO_INTEGER,4059,4059,numeric,4059,true
UIMARI,53,5412OP,60,623,952,NONZERO_INTEGER,952,952,numeric,952,true
UIMARI,53,5412OP,61,624,630,NONZERO_INTEGER,630,630,numeric,630,true
UIMARI,53,5412OP,62,711AS,"1,023",NONZERO_INTEGER,1023,1023,numeric,1023,true
UIMARI,53,5412OP,63,713,623,NONZERO_INTEGER,623,623,numeric,623,true
UIMARI,53,5412OP,64,721,364,NONZERO_INTEGER,364,364,numeric,364,true
UIMARI,53,5412OP,65,722,"1,449",NONZERO_INTEGER,1449,1449,numeric,1449,true
UIMARI,53,5412OP,66,81,"3,622",NONZERO_INTEGER,3622,3622,numeric,3622,true
UIMARI,53,5412OP,67,GFGD,"3,556",NONZERO_INTEGER,3556,3556,numeric,3556,true
UIMARI,53,5412OP,68,GFGN,"2,645",NONZERO_INTEGER,2645,2645,numeric,2645,true
UIMARI,53,5412OP,69,GFE,65,NONZERO_INTEGER,65,65,numeric,65,true
UIMARI,53,5412OP,70,GSLG,"5,531",NONZERO_INTEGER,5531,5531,numeric,5531,true
UIMARI,53,5412OP,71,GSLE,"1,563",NONZERO_INTEGER,1563,1563,numeric,1563,true
UIMARI,53,5412OP,72,T001,"103,408",NONZERO_INTEGER,103408,103408,numeric,103408,true
UIMARI,53,5412OP,73,F010,839,NONZERO_INTEGER,839,839,numeric,839,true
UIMARI,53,5412OP,74,F02S,---,MARKER_TRIPLE_DASH,,0,selected_zero_not_shown,0,true
UIMARI,53,5412OP,75,F02E,"2,088",NONZERO_INTEGER,2088,2088,numeric,2088,true
UIMARI,53,5412OP,76,F02N,"24,051",NONZERO_INTEGER,24051,24051,numeric,24051,true
UIMARI,53,5412OP,77,F02R,26,NONZERO_INTEGER,26,26,numeric,26,true
UIMARI,53,5412OP,78,F030,---,MARKER_TRIPLE_DASH,,0,selected_zero_not_shown,0,true
UIMARI,53,5412OP,79,F040,---,MARKER_TRIPLE_DASH,,0,selected_zero_not_shown,0,true
UIMARI,53,5412OP,80,F050,"-134,836",NONZERO_INTEGER,-134836,-134836,numeric,-134836,true
UIMARI,53,5412OP,81,F06C,---,MARKER_TRIPLE_DASH,,0,selected_zero_not_shown,0,true
UIMARI,53,5412OP,82,F06S,---,MARKER_TRIPLE_DASH,,0,selected_zero_not_shown,0,true
UIMARI,53,5412OP,83,F06E,---,MARKER_TRIPLE_DASH,,0,selected_zero_not_shown,0,true
UIMARI,53,5412OP,84,F06N,"2,346",NONZERO_INTEGER,2346,2346,numeric,2346,true
UIMARI,53,5412OP,85,F07C,---,MARKER_TRIPLE_DASH,,0,selected_zero_not_shown,0,true
UIMARI,53,5412OP,86,F07S,---,MARKER_TRIPLE_DASH,,0,selected_zero_not_shown,0,true
UIMARI,53,5412OP,87,F07E,---,MARKER_TRIPLE_DASH,,0,selected_zero_not_shown,0,true
UIMARI,53,5412OP,88,F07N,"2,079",NONZERO_INTEGER,2079,2079,numeric,2079,true
UIMARI,53,5412OP,89,F10C,---,MARKER_TRIPLE_DASH,,0,selected_zero_not_shown,0,true
UIMARI,53,5412OP,90,F10S,---,MARKER_TRIPLE_DASH,,0,selected_zero_not_shown,0,true
UIMARI,53,5412OP,91,F10E,---,MARKER_TRIPLE_DASH,,0,selected_zero_not_shown,0,true
UIMARI,53,5412OP,92,F10N,---,MARKER_TRIPLE_DASH,,0,selected_zero_not_shown,0,true
UIMARI,53,5412OP,93,T004,"-103,408",NONZERO_INTEGER,-103408,-103408,numeric,-103408,true
UIMARI,54,55,1,111CA,---,MARKER_TRIPLE_DASH,,0,selected_zero_not_shown,0,true
UIMARI,54,55,2,113FF,---,MARKER_TRIPLE_DASH,,0,selected_zero_not_shown,0,true
UIMARI,54,55,3,211,---,MARKER_TRIPLE_DASH,,0,selected_zero_not_shown,0,true
UIMARI,54,55,4,212,---,MARKER_TRIPLE_DASH,,0,selected_zero_not_shown,0,true
UIMARI,54,55,5,213,---,MARKER_TRIPLE_DASH,,0,selected_zero_not_shown,0,true
UIMARI,54,55,6,22,---,MARKER_TRIPLE_DASH,,0,selected_zero_not_shown,0,true
UIMARI,54,55,7,23,---,MARKER_TRIPLE_DASH,,0,selected_zero_not_shown,0,true
UIMARI,54,55,8,321,---,MARKER_TRIPLE_DASH,,0,selected_zero_not_shown,0,true
UIMARI,54,55,9,327,---,MARKER_TRIPLE_DASH,,0,selected_zero_not_shown,0,true
UIMARI,54,55,10,331,---,MARKER_TRIPLE_DASH,,0,selected_zero_not_shown,0,true
UIMARI,54,55,11,332,---,MARKER_TRIPLE_DASH,,0,selected_zero_not_shown,0,true
UIMARI,54,55,12,333,---,MARKER_TRIPLE_DASH,,0,selected_zero_not_shown,0,true
UIMARI,54,55,13,334,---,MARKER_TRIPLE_DASH,,0,selected_zero_not_shown,0,true
UIMARI,54,55,14,335,---,MARKER_TRIPLE_DASH,,0,selected_zero_not_shown,0,true
UIMARI,54,55,15,3361MV,---,MARKER_TRIPLE_DASH,,0,selected_zero_not_shown,0,true
UIMARI,54,55,16,3364OT,---,MARKER_TRIPLE_DASH,,0,selected_zero_not_shown,0,true
UIMARI,54,55,17,337,---,MARKER_TRIPLE_DASH,,0,selected_zero_not_shown,0,true
UIMARI,54,55,18,339,---,MARKER_TRIPLE_DASH,,0,selected_zero_not_shown,0,true
UIMARI,54,55,19,311FT,---,MARKER_TRIPLE_DASH,,0,selected_zero_not_shown,0,true
UIMARI,54,55,20,313TT,---,MARKER_TRIPLE_DASH,,0,selected_zero_not_shown,0,true
UIMARI,54,55,21,315AL,---,MARKER_TRIPLE_DASH,,0,selected_zero_not_shown,0,true
UIMARI,54,55,22,322,---,MARKER_TRIPLE_DASH,,0,selected_zero_not_shown,0,true
UIMARI,54,55,23,323,---,MARKER_TRIPLE_DASH,,0,selected_zero_not_shown,0,true
UIMARI,54,55,24,324,---,MARKER_TRIPLE_DASH,,0,selected_zero_not_shown,0,true
UIMARI,54,55,25,325,---,MARKER_TRIPLE_DASH,,0,selected_zero_not_shown,0,true
UIMARI,54,55,26,326,---,MARKER_TRIPLE_DASH,,0,selected_zero_not_shown,0,true
UIMARI,54,55,27,42,---,MARKER_TRIPLE_DASH,,0,selected_zero_not_shown,0,true
UIMARI,54,55,28,441,---,MARKER_TRIPLE_DASH,,0,selected_zero_not_shown,0,true
UIMARI,54,55,29,445,---,MARKER_TRIPLE_DASH,,0,selected_zero_not_shown,0,true
UIMARI,54,55,30,452,---,MARKER_TRIPLE_DASH,,0,selected_zero_not_shown,0,true
UIMARI,54,55,31,4A0,---,MARKER_TRIPLE_DASH,,0,selected_zero_not_shown,0,true
UIMARI,54,55,32,481,---,MARKER_TRIPLE_DASH,,0,selected_zero_not_shown,0,true
UIMARI,54,55,33,482,---,MARKER_TRIPLE_DASH,,0,selected_zero_not_shown,0,true
UIMARI,54,55,34,483,---,MARKER_TRIPLE_DASH,,0,selected_zero_not_shown,0,true
UIMARI,54,55,35,484,---,MARKER_TRIPLE_DASH,,0,selected_zero_not_shown,0,true
UIMARI,54,55,36,485,---,MARKER_TRIPLE_DASH,,0,selected_zero_not_shown,0,true
UIMARI,54,55,37,486,---,MARKER_TRIPLE_DASH,,0,selected_zero_not_shown,0,true
UIMARI,54,55,38,487OS,---,MARKER_TRIPLE_DASH,,0,selected_zero_not_shown,0,true
UIMARI,54,55,39,493,---,MARKER_TRIPLE_DASH,,0,selected_zero_not_shown,0,true
UIMARI,54,55,40,511,---,MARKER_TRIPLE_DASH,,0,selected_zero_not_shown,0,true
UIMARI,54,55,41,512,---,MARKER_TRIPLE_DASH,,0,selected_zero_not_shown,0,true
UIMARI,54,55,42,513,---,MARKER_TRIPLE_DASH,,0,selected_zero_not_shown,0,true
UIMARI,54,55,43,514,---,MARKER_TRIPLE_DASH,,0,selected_zero_not_shown,0,true
UIMARI,54,55,44,521CI,---,MARKER_TRIPLE_DASH,,0,selected_zero_not_shown,0,true
UIMARI,54,55,45,523,---,MARKER_TRIPLE_DASH,,0,selected_zero_not_shown,0,true
UIMARI,54,55,46,524,---,MARKER_TRIPLE_DASH,,0,selected_zero_not_shown,0,true
UIMARI,54,55,47,525,---,MARKER_TRIPLE_DASH,,0,selected_zero_not_shown,0,true
UIMARI,54,55,48,HS,---,MARKER_TRIPLE_DASH,,0,selected_zero_not_shown,0,true
UIMARI,54,55,49,ORE,---,MARKER_TRIPLE_DASH,,0,selected_zero_not_shown,0,true
UIMARI,54,55,50,532RL,---,MARKER_TRIPLE_DASH,,0,selected_zero_not_shown,0,true
UIMARI,54,55,51,5411,---,MARKER_TRIPLE_DASH,,0,selected_zero_not_shown,0,true
UIMARI,54,55,52,5415,---,MARKER_TRIPLE_DASH,,0,selected_zero_not_shown,0,true
UIMARI,54,55,53,5412OP,---,MARKER_TRIPLE_DASH,,0,selected_zero_not_shown,0,true
UIMARI,54,55,54,55,---,MARKER_TRIPLE_DASH,,0,selected_zero_not_shown,0,true
UIMARI,54,55,55,561,---,MARKER_TRIPLE_DASH,,0,selected_zero_not_shown,0,true
UIMARI,54,55,56,562,---,MARKER_TRIPLE_DASH,,0,selected_zero_not_shown,0,true
UIMARI,54,55,57,61,---,MARKER_TRIPLE_DASH,,0,selected_zero_not_shown,0,true
UIMARI,54,55,58,621,---,MARKER_TRIPLE_DASH,,0,selected_zero_not_shown,0,true
UIMARI,54,55,59,622,---,MARKER_TRIPLE_DASH,,0,selected_zero_not_shown,0,true
UIMARI,54,55,60,623,---,MARKER_TRIPLE_DASH,,0,selected_zero_not_shown,0,true
UIMARI,54,55,61,624,---,MARKER_TRIPLE_DASH,,0,selected_zero_not_shown,0,true
UIMARI,54,55,62,711AS,---,MARKER_TRIPLE_DASH,,0,selected_zero_not_shown,0,true
UIMARI,54,55,63,713,---,MARKER_TRIPLE_DASH,,0,selected_zero_not_shown,0,true
UIMARI,54,55,64,721,---,MARKER_TRIPLE_DASH,,0,selected_zero_not_shown,0,true
UIMARI,54,55,65,722,---,MARKER_TRIPLE_DASH,,0,selected_zero_not_shown,0,true
UIMARI,54,55,66,81,---,MARKER_TRIPLE_DASH,,0,selected_zero_not_shown,0,true
UIMARI,54,55,67,GFGD,---,MARKER_TRIPLE_DASH,,0,selected_zero_not_shown,0,true
UIMARI,54,55,68,GFGN,---,MARKER_TRIPLE_DASH,,0,selected_zero_not_shown,0,true
UIMARI,54,55,69,GFE,---,MARKER_TRIPLE_DASH,,0,selected_zero_not_shown,0,true
UIMARI,54,55,70,GSLG,---,MARKER_TRIPLE_DASH,,0,selected_zero_not_shown,0,true
UIMARI,54,55,71,GSLE,---,MARKER_TRIPLE_DASH,,0,selected_zero_not_shown,0,true
UIMARI,54,55,72,T001,---,MARKER_TRIPLE_DASH,,0,selected_zero_not_shown,0,true
UIMARI,54,55,73,F010,---,MARKER_TRIPLE_DASH,,0,selected_zero_not_shown,0,true
UIMARI,54,55,74,F02S,---,MARKER_TRIPLE_DASH,,0,selected_zero_not_shown,0,true
UIMARI,54,55,75,F02E,---,MARKER_TRIPLE_DASH,,0,selected_zero_not_shown,0,true
UIMARI,54,55,76,F02N,---,MARKER_TRIPLE_DASH,,0,selected_zero_not_shown,0,true
UIMARI,54,55,77,F02R,---,MARKER_TRIPLE_DASH,,0,selected_zero_not_shown,0,true
UIMARI,54,55,78,F030,---,MARKER_TRIPLE_DASH,,0,selected_zero_not_shown,0,true
UIMARI,54,55,79,F040,---,MARKER_TRIPLE_DASH,,0,selected_zero_not_shown,0,true
UIMARI,54,55,80,F050,---,MARKER_TRIPLE_DASH,,0,selected_zero_not_shown,0,true
UIMARI,54,55,81,F06C,---,MARKER_TRIPLE_DASH,,0,selected_zero_not_shown,0,true
UIMARI,54,55,82,F06S,---,MARKER_TRIPLE_DASH,,0,selected_zero_not_shown,0,true
UIMARI,54,55,83,F06E,---,MARKER_TRIPLE_DASH,,0,selected_zero_not_shown,0,true
UIMARI,54,55,84,F06N,---,MARKER_TRIPLE_DASH,,0,selected_zero_not_shown,0,true
UIMARI,54,55,85,F07C,---,MARKER_TRIPLE_DASH,,0,selected_zero_not_shown,0,true
UIMARI,54,55,86,F07S,---,MARKER_TRIPLE_DASH,,0,selected_zero_not_shown,0,true
UIMARI,54,55,87,F07E,---,MARKER_TRIPLE_DASH,,0,selected_zero_not_shown,0,true
UIMARI,54,55,88,F07N,---,MARKER_TRIPLE_DASH,,0,selected_zero_not_shown,0,true
UIMARI,54,55,89,F10C,---,MARKER_TRIPLE_DASH,,0,selected_zero_not_shown,0,true
UIMARI,54,55,90,F10S,---,MARKER_TRIPLE_DASH,,0,selected_zero_not_shown,0,true
UIMARI,54,55,91,F10E,---,MARKER_TRIPLE_DASH,,0,selected_zero_not_shown,0,true
UIMARI,54,55,92,F10N,---,MARKER_TRIPLE_DASH,,0,selected_zero_not_shown,0,true
UIMARI,54,55,93,T004,---,MARKER_TRIPLE_DASH,,0,selected_zero_not_shown,0,true
UIMARI,55,561,1,111CA,0,LITERAL_ZERO,0,0,numeric,0,true
UIMARI,55,561,2,113FF,0,LITERAL_ZERO,0,0,numeric,0,true
UIMARI,55,561,3,211,0,LITERAL_ZERO,0,0,numeric,0,true
UIMARI,55,561,4,212,0,LITERAL_ZERO,0,0,numeric,0,true
UIMARI,55,561,5,213,4,NONZERO_INTEGER,4,4,numeric,4,true
UIMARI,55,561,6,22,49,NONZERO_INTEGER,49,49,numeric,49,true
UIMARI,55,561,7,23,51,NONZERO_INTEGER,51,51,numeric,51,true
UIMARI,55,561,8,321,2,NONZERO_INTEGER,2,2,numeric,2,true
UIMARI,55,561,9,327,6,NONZERO_INTEGER,6,6,numeric,6,true
UIMARI,55,561,10,331,21,NONZERO_INTEGER,21,21,numeric,21,true
UIMARI,55,561,11,332,48,NONZERO_INTEGER,48,48,numeric,48,true
UIMARI,55,561,12,333,8,NONZERO_INTEGER,8,8,numeric,8,true
UIMARI,55,561,13,334,4,NONZERO_INTEGER,4,4,numeric,4,true
UIMARI,55,561,14,335,2,NONZERO_INTEGER,2,2,numeric,2,true
UIMARI,55,561,15,3361MV,10,NONZERO_INTEGER,10,10,numeric,10,true
UIMARI,55,561,16,3364OT,22,NONZERO_INTEGER,22,22,numeric,22,true
UIMARI,55,561,17,337,0,LITERAL_ZERO,0,0,numeric,0,true
UIMARI,55,561,18,339,7,NONZERO_INTEGER,7,7,numeric,7,true
UIMARI,55,561,19,311FT,10,NONZERO_INTEGER,10,10,numeric,10,true
UIMARI,55,561,20,313TT,0,LITERAL_ZERO,0,0,numeric,0,true
UIMARI,55,561,21,315AL,2,NONZERO_INTEGER,2,2,numeric,2,true
UIMARI,55,561,22,322,3,NONZERO_INTEGER,3,3,numeric,3,true
UIMARI,55,561,23,323,13,NONZERO_INTEGER,13,13,numeric,13,true
UIMARI,55,561,24,324,2,NONZERO_INTEGER,2,2,numeric,2,true
UIMARI,55,561,25,325,8,NONZERO_INTEGER,8,8,numeric,8,true
UIMARI,55,561,26,326,5,NONZERO_INTEGER,5,5,numeric,5,true
UIMARI,55,561,27,42,290,NONZERO_INTEGER,290,290,numeric,290,true
UIMARI,55,561,28,441,29,NONZERO_INTEGER,29,29,numeric,29,true
UIMARI,55,561,29,445,9,NONZERO_INTEGER,9,9,numeric,9,true
UIMARI,55,561,30,452,9,NONZERO_INTEGER,9,9,numeric,9,true
UIMARI,55,561,31,4A0,90,NONZERO_INTEGER,90,90,numeric,90,true
UIMARI,55,561,32,481,15,NONZERO_INTEGER,15,15,numeric,15,true
UIMARI,55,561,33,482,0,LITERAL_ZERO,0,0,numeric,0,true
UIMARI,55,561,34,483,4,NONZERO_INTEGER,4,4,numeric,4,true
UIMARI,55,561,35,484,54,NONZERO_INTEGER,54,54,numeric,54,true
UIMARI,55,561,36,485,73,NONZERO_INTEGER,73,73,numeric,73,true
UIMARI,55,561,37,486,11,NONZERO_INTEGER,11,11,numeric,11,true
UIMARI,55,561,38,487OS,42,NONZERO_INTEGER,42,42,numeric,42,true
UIMARI,55,561,39,493,32,NONZERO_INTEGER,32,32,numeric,32,true
UIMARI,55,561,40,511,146,NONZERO_INTEGER,146,146,numeric,146,true
UIMARI,55,561,41,512,10,NONZERO_INTEGER,10,10,numeric,10,true
UIMARI,55,561,42,513,206,NONZERO_INTEGER,206,206,numeric,206,true
UIMARI,55,561,43,514,249,NONZERO_INTEGER,249,249,numeric,249,true
UIMARI,55,561,44,521CI,105,NONZERO_INTEGER,105,105,numeric,105,true
UIMARI,55,561,45,523,123,NONZERO_INTEGER,123,123,numeric,123,true
UIMARI,55,561,46,524,65,NONZERO_INTEGER,65,65,numeric,65,true
UIMARI,55,561,47,525,0,LITERAL_ZERO,0,0,numeric,0,true
UIMARI,55,561,48,HS,2,NONZERO_INTEGER,2,2,numeric,2,true
UIMARI,55,561,49,ORE,136,NONZERO_INTEGER,136,136,numeric,136,true
UIMARI,55,561,50,532RL,98,NONZERO_INTEGER,98,98,numeric,98,true
UIMARI,55,561,51,5411,28,NONZERO_INTEGER,28,28,numeric,28,true
UIMARI,55,561,52,5415,231,NONZERO_INTEGER,231,231,numeric,231,true
UIMARI,55,561,53,5412OP,402,NONZERO_INTEGER,402,402,numeric,402,true
UIMARI,55,561,54,55,61,NONZERO_INTEGER,61,61,numeric,61,true
UIMARI,55,561,55,561,488,NONZERO_INTEGER,488,488,numeric,488,true
UIMARI,55,561,56,562,29,NONZERO_INTEGER,29,29,numeric,29,true
UIMARI,55,561,57,61,39,NONZERO_INTEGER,39,39,numeric,39,true
UIMARI,55,561,58,621,188,NONZERO_INTEGER,188,188,numeric,188,true
UIMARI,55,561,59,622,355,NONZERO_INTEGER,355,355,numeric,355,true
UIMARI,55,561,60,623,75,NONZERO_INTEGER,75,75,numeric,75,true
UIMARI,55,561,61,624,19,NONZERO_INTEGER,19,19,numeric,19,true
UIMARI,55,561,62,711AS,16,NONZERO_INTEGER,16,16,numeric,16,true
UIMARI,55,561,63,713,16,NONZERO_INTEGER,16,16,numeric,16,true
UIMARI,55,561,64,721,10,NONZERO_INTEGER,10,10,numeric,10,true
UIMARI,55,561,65,722,75,NONZERO_INTEGER,75,75,numeric,75,true
UIMARI,55,561,66,81,90,NONZERO_INTEGER,90,90,numeric,90,true
UIMARI,55,561,67,GFGD,21,NONZERO_INTEGER,21,21,numeric,21,true
UIMARI,55,561,68,GFGN,1,NONZERO_INTEGER,1,1,numeric,1,true
UIMARI,55,561,69,GFE,1,NONZERO_INTEGER,1,1,numeric,1,true
UIMARI,55,561,70,GSLG,103,NONZERO_INTEGER,103,103,numeric,103,true
UIMARI,55,561,71,GSLE,26,NONZERO_INTEGER,26,26,numeric,26,true
UIMARI,55,561,72,T001,"4,348",NONZERO_INTEGER,4348,4348,numeric,4348,true
UIMARI,55,561,73,F010,223,NONZERO_INTEGER,223,223,numeric,223,true
UIMARI,55,561,74,F02S,---,MARKER_TRIPLE_DASH,,0,selected_zero_not_shown,0,true
UIMARI,55,561,75,F02E,---,MARKER_TRIPLE_DASH,,0,selected_zero_not_shown,0,true
UIMARI,55,561,76,F02N,---,MARKER_TRIPLE_DASH,,0,selected_zero_not_shown,0,true
UIMARI,55,561,77,F02R,---,MARKER_TRIPLE_DASH,,0,selected_zero_not_shown,0,true
UIMARI,55,561,78,F030,---,MARKER_TRIPLE_DASH,,0,selected_zero_not_shown,0,true
UIMARI,55,561,79,F040,---,MARKER_TRIPLE_DASH,,0,selected_zero_not_shown,0,true
UIMARI,55,561,80,F050,"-4,571",NONZERO_INTEGER,-4571,-4571,numeric,-4571,true
UIMARI,55,561,81,F06C,---,MARKER_TRIPLE_DASH,,0,selected_zero_not_shown,0,true
UIMARI,55,561,82,F06S,---,MARKER_TRIPLE_DASH,,0,selected_zero_not_shown,0,true
UIMARI,55,561,83,F06E,---,MARKER_TRIPLE_DASH,,0,selected_zero_not_shown,0,true
UIMARI,55,561,84,F06N,---,MARKER_TRIPLE_DASH,,0,selected_zero_not_shown,0,true
UIMARI,55,561,85,F07C,---,MARKER_TRIPLE_DASH,,0,selected_zero_not_shown,0,true
UIMARI,55,561,86,F07S,---,MARKER_TRIPLE_DASH,,0,selected_zero_not_shown,0,true
UIMARI,55,561,87,F07E,---,MARKER_TRIPLE_DASH,,0,selected_zero_not_shown,0,true
UIMARI,55,561,88,F07N,---,MARKER_TRIPLE_DASH,,0,selected_zero_not_shown,0,true
UIMARI,55,561,89,F10C,---,MARKER_TRIPLE_DASH,,0,selected_zero_not_shown,0,true
UIMARI,55,561,90,F10S,---,MARKER_TRIPLE_DASH,,0,selected_zero_not_shown,0,true
UIMARI,55,561,91,F10E,---,MARKER_TRIPLE_DASH,,0,selected_zero_not_shown,0,true
UIMARI,55,561,92,F10N,---,MARKER_TRIPLE_DASH,,0,selected_zero_not_shown,0,true
UIMARI,55,561,93,T004,"-4,348",NONZERO_INTEGER,-4348,-4348,numeric,-4348,true
UIMARI,56,562,1,111CA,0,LITERAL_ZERO,0,0,numeric,0,true
UIMARI,56,562,2,113FF,0,LITERAL_ZERO,0,0,numeric,0,true
UIMARI,56,562,3,211,6,NONZERO_INTEGER,6,6,numeric,6,true
UIMARI,56,562,4,212,0,LITERAL_ZERO,0,0,numeric,0,true
UIMARI,56,562,5,213,0,LITERAL_ZERO,0,0,numeric,0,true
UIMARI,56,562,6,22,2,NONZERO_INTEGER,2,2,numeric,2,true
UIMARI,56,562,7,23,11,NONZERO_INTEGER,11,11,numeric,11,true
UIMARI,56,562,8,321,1,NONZERO_INTEGER,1,1,numeric,1,true
UIMARI,56,562,9,327,1,NONZERO_INTEGER,1,1,numeric,1,true
UIMARI,56,562,10,331,1,NONZERO_INTEGER,1,1,numeric,1,true
UIMARI,56,562,11,332,2,NONZERO_INTEGER,2,2,numeric,2,true
UIMARI,56,562,12,333,1,NONZERO_INTEGER,1,1,numeric,1,true
UIMARI,56,562,13,334,0,LITERAL_ZERO,0,0,numeric,0,true
UIMARI,56,562,14,335,0,LITERAL_ZERO,0,0,numeric,0,true
UIMARI,56,562,15,3361MV,1,NONZERO_INTEGER,1,1,numeric,1,true
UIMARI,56,562,16,3364OT,0,LITERAL_ZERO,0,0,numeric,0,true
UIMARI,56,562,17,337,0,LITERAL_ZERO,0,0,numeric,0,true
UIMARI,56,562,18,339,0,LITERAL_ZERO,0,0,numeric,0,true
UIMARI,56,562,19,311FT,5,NONZERO_INTEGER,5,5,numeric,5,true
UIMARI,56,562,20,313TT,0,LITERAL_ZERO,0,0,numeric,0,true
UIMARI,56,562,21,315AL,0,LITERAL_ZERO,0,0,numeric,0,true
UIMARI,56,562,22,322,1,NONZERO_INTEGER,1,1,numeric,1,true
UIMARI,56,562,23,323,0,LITERAL_ZERO,0,0,numeric,0,true
UIMARI,56,562,24,324,1,NONZERO_INTEGER,1,1,numeric,1,true
UIMARI,56,562,25,325,5,NONZERO_INTEGER,5,5,numeric,5,true
UIMARI,56,562,26,326,1,NONZERO_INTEGER,1,1,numeric,1,true
UIMARI,56,562,27,42,6,NONZERO_INTEGER,6,6,numeric,6,true
UIMARI,56,562,28,441,3,NONZERO_INTEGER,3,3,numeric,3,true
UIMARI,56,562,29,445,1,NONZERO_INTEGER,1,1,numeric,1,true
UIMARI,56,562,30,452,1,NONZERO_INTEGER,1,1,numeric,1,true
UIMARI,56,562,31,4A0,4,NONZERO_INTEGER,4,4,numeric,4,true
UIMARI,56,562,32,481,0,LITERAL_ZERO,0,0,numeric,0,true
UIMARI,56,562,33,482,0,LITERAL_ZERO,0,0,numeric,0,true
UIMARI,56,562,34,483,---,MARKER_TRIPLE_DASH,,0,selected_zero_not_shown,0,true
UIMARI,56,562,35,484,4,NONZERO_INTEGER,4,4,numeric,4,true
UIMARI,56,562,36,485,0,LITERAL_ZERO,0,0,numeric,0,true
UIMARI,56,562,37,486,0,LITERAL_ZERO,0,0,numeric,0,true
UIMARI,56,562,38,487OS,1,NONZERO_INTEGER,1,1,numeric,1,true
UIMARI,56,562,39,493,1,NONZERO_INTEGER,1,1,numeric,1,true
UIMARI,56,562,40,511,0,LITERAL_ZERO,0,0,numeric,0,true
UIMARI,56,562,41,512,0,LITERAL_ZERO,0,0,numeric,0,true
UIMARI,56,562,42,513,0,LITERAL_ZERO,0,0,numeric,0,true
UIMARI,56,562,43,514,0,LITERAL_ZERO,0,0,numeric,0,true
UIMARI,56,562,44,521CI,2,NONZERO_INTEGER,2,2,numeric,2,true
UIMARI,56,562,45,523,1,NONZERO_INTEGER,1,1,numeric,1,true
UIMARI,56,562,46,524,3,NONZERO_INTEGER,3,3,numeric,3,true
UIMARI,56,562,47,525,---,MARKER_TRIPLE_DASH,,0,selected_zero_not_shown,0,true
UIMARI,56,562,48,HS,0,LITERAL_ZERO,0,0,numeric,0,true
UIMARI,56,562,49,ORE,69,NONZERO_INTEGER,69,69,numeric,69,true
UIMARI,56,562,50,532RL,10,NONZERO_INTEGER,10,10,numeric,10,true
UIMARI,56,562,51,5411,1,NONZERO_INTEGER,1,1,numeric,1,true
UIMARI,56,562,52,5415,0,LITERAL_ZERO,0,0,numeric,0,true
UIMARI,56,562,53,5412OP,5,NONZERO_INTEGER,5,5,numeric,5,true
UIMARI,56,562,54,55,2,NONZERO_INTEGER,2,2,numeric,2,true
UIMARI,56,562,55,561,6,NONZERO_INTEGER,6,6,numeric,6,true
UIMARI,56,562,56,562,92,NONZERO_INTEGER,92,92,numeric,92,true
UIMARI,56,562,57,61,1,NONZERO_INTEGER,1,1,numeric,1,true
UIMARI,56,562,58,621,16,NONZERO_INTEGER,16,16,numeric,16,true
UIMARI,56,562,59,622,15,NONZERO_INTEGER,15,15,numeric,15,true
UIMARI,56,562,60,623,4,NONZERO_INTEGER,4,4,numeric,4,true
UIMARI,56,562,61,624,4,NONZERO_INTEGER,4,4,numeric,4,true
UIMARI,56,562,62,711AS,1,NONZERO_INTEGER,1,1,numeric,1,true
UIMARI,56,562,63,713,4,NONZERO_INTEGER,4,4,numeric,4,true
UIMARI,56,562,64,721,3,NONZERO_INTEGER,3,3,numeric,3,true
UIMARI,56,562,65,722,8,NONZERO_INTEGER,8,8,numeric,8,true
UIMARI,56,562,66,81,6,NONZERO_INTEGER,6,6,numeric,6,true
UIMARI,56,562,67,GFGD,1,NONZERO_INTEGER,1,1,numeric,1,true
UIMARI,56,562,68,GFGN,7,NONZERO_INTEGER,7,7,numeric,7,true
UIMARI,56,562,69,GFE,---,MARKER_TRIPLE_DASH,,0,selected_zero_not_shown,0,true
UIMARI,56,562,70,GSLG,221,NONZERO_INTEGER,221,221,numeric,221,true
UIMARI,56,562,71,GSLE,8,NONZERO_INTEGER,8,8,numeric,8,true
UIMARI,56,562,72,T001,557,NONZERO_INTEGER,557,557,numeric,557,true
UIMARI,56,562,73,F010,---,MARKER_TRIPLE_DASH,,0,selected_zero_not_shown,0,true
UIMARI,56,562,74,F02S,---,MARKER_TRIPLE_DASH,,0,selected_zero_not_shown,0,true
UIMARI,56,562,75,F02E,---,MARKER_TRIPLE_DASH,,0,selected_zero_not_shown,0,true
UIMARI,56,562,76,F02N,---,MARKER_TRIPLE_DASH,,0,selected_zero_not_shown,0,true
UIMARI,56,562,77,F02R,---,MARKER_TRIPLE_DASH,,0,selected_zero_not_shown,0,true
UIMARI,56,562,78,F030,---,MARKER_TRIPLE_DASH,,0,selected_zero_not_shown,0,true
UIMARI,56,562,79,F040,---,MARKER_TRIPLE_DASH,,0,selected_zero_not_shown,0,true
UIMARI,56,562,80,F050,-557,NONZERO_INTEGER,-557,-557,numeric,-557,true
UIMARI,56,562,81,F06C,---,MARKER_TRIPLE_DASH,,0,selected_zero_not_shown,0,true
UIMARI,56,562,82,F06S,---,MARKER_TRIPLE_DASH,,0,selected_zero_not_shown,0,true
UIMARI,56,562,83,F06E,---,MARKER_TRIPLE_DASH,,0,selected_zero_not_shown,0,true
UIMARI,56,562,84,F06N,---,MARKER_TRIPLE_DASH,,0,selected_zero_not_shown,0,true
UIMARI,56,562,85,F07C,---,MARKER_TRIPLE_DASH,,0,selected_zero_not_shown,0,true
UIMARI,56,562,86,F07S,---,MARKER_TRIPLE_DASH,,0,selected_zero_not_shown,0,true
UIMARI,56,562,87,F07E,---,MARKER_TRIPLE_DASH,,0,selected_zero_not_shown,0,true
UIMARI,56,562,88,F07N,---,MARKER_TRIPLE_DASH,,0,selected_zero_not_shown,0,true
UIMARI,56,562,89,F10C,---,MARKER_TRIPLE_DASH,,0,selected_zero_not_shown,0,true
UIMARI,56,562,90,F10S,---,MARKER_TRIPLE_DASH,,0,selected_zero_not_shown,0,true
UIMARI,56,562,91,F10E,---,MARKER_TRIPLE_DASH,,0,selected_zero_not_shown,0,true
UIMARI,56,562,92,F10N,---,MARKER_TRIPLE_DASH,,0,selected_zero_not_shown,0,true
UIMARI,56,562,93,T004,-557,NONZERO_INTEGER,-557,-557,numeric,-557,true
UIMARI,57,61,1,111CA,---,MARKER_TRIPLE_DASH,,0,selected_zero_not_shown,0,true
UIMARI,57,61,2,113FF,---,MARKER_TRIPLE_DASH,,0,selected_zero_not_shown,0,true
UIMARI,57,61,3,211,---,MARKER_TRIPLE_DASH,,0,selected_zero_not_shown,0,true
UIMARI,57,61,4,212,---,MARKER_TRIPLE_DASH,,0,selected_zero_not_shown,0,true
UIMARI,57,61,5,213,---,MARKER_TRIPLE_DASH,,0,selected_zero_not_shown,0,true
UIMARI,57,61,6,22,---,MARKER_TRIPLE_DASH,,0,selected_zero_not_shown,0,true
UIMARI,57,61,7,23,---,MARKER_TRIPLE_DASH,,0,selected_zero_not_shown,0,true
UIMARI,57,61,8,321,---,MARKER_TRIPLE_DASH,,0,selected_zero_not_shown,0,true
UIMARI,57,61,9,327,---,MARKER_TRIPLE_DASH,,0,selected_zero_not_shown,0,true
UIMARI,57,61,10,331,---,MARKER_TRIPLE_DASH,,0,selected_zero_not_shown,0,true
UIMARI,57,61,11,332,---,MARKER_TRIPLE_DASH,,0,selected_zero_not_shown,0,true
UIMARI,57,61,12,333,---,MARKER_TRIPLE_DASH,,0,selected_zero_not_shown,0,true
UIMARI,57,61,13,334,---,MARKER_TRIPLE_DASH,,0,selected_zero_not_shown,0,true
UIMARI,57,61,14,335,---,MARKER_TRIPLE_DASH,,0,selected_zero_not_shown,0,true
UIMARI,57,61,15,3361MV,---,MARKER_TRIPLE_DASH,,0,selected_zero_not_shown,0,true
UIMARI,57,61,16,3364OT,---,MARKER_TRIPLE_DASH,,0,selected_zero_not_shown,0,true
UIMARI,57,61,17,337,---,MARKER_TRIPLE_DASH,,0,selected_zero_not_shown,0,true
UIMARI,57,61,18,339,---,MARKER_TRIPLE_DASH,,0,selected_zero_not_shown,0,true
UIMARI,57,61,19,311FT,---,MARKER_TRIPLE_DASH,,0,selected_zero_not_shown,0,true
UIMARI,57,61,20,313TT,---,MARKER_TRIPLE_DASH,,0,selected_zero_not_shown,0,true
UIMARI,57,61,21,315AL,---,MARKER_TRIPLE_DASH,,0,selected_zero_not_shown,0,true
UIMARI,57,61,22,322,---,MARKER_TRIPLE_DASH,,0,selected_zero_not_shown,0,true
UIMARI,57,61,23,323,---,MARKER_TRIPLE_DASH,,0,selected_zero_not_shown,0,true
UIMARI,57,61,24,324,---,MARKER_TRIPLE_DASH,,0,selected_zero_not_shown,0,true
UIMARI,57,61,25,325,---,MARKER_TRIPLE_DASH,,0,selected_zero_not_shown,0,true
UIMARI,57,61,26,326,---,MARKER_TRIPLE_DASH,,0,selected_zero_not_shown,0,true
UIMARI,57,61,27,42,---,MARKER_TRIPLE_DASH,,0,selected_zero_not_shown,0,true
UIMARI,57,61,28,441,---,MARKER_TRIPLE_DASH,,0,selected_zero_not_shown,0,true
UIMARI,57,61,29,445,---,MARKER_TRIPLE_DASH,,0,selected_zero_not_shown,0,true
UIMARI,57,61,30,452,---,MARKER_TRIPLE_DASH,,0,selected_zero_not_shown,0,true
UIMARI,57,61,31,4A0,---,MARKER_TRIPLE_DASH,,0,selected_zero_not_shown,0,true
UIMARI,57,61,32,481,---,MARKER_TRIPLE_DASH,,0,selected_zero_not_shown,0,true
UIMARI,57,61,33,482,---,MARKER_TRIPLE_DASH,,0,selected_zero_not_shown,0,true
UIMARI,57,61,34,483,---,MARKER_TRIPLE_DASH,,0,selected_zero_not_shown,0,true
UIMARI,57,61,35,484,---,MARKER_TRIPLE_DASH,,0,selected_zero_not_shown,0,true
UIMARI,57,61,36,485,---,MARKER_TRIPLE_DASH,,0,selected_zero_not_shown,0,true
UIMARI,57,61,37,486,---,MARKER_TRIPLE_DASH,,0,selected_zero_not_shown,0,true
UIMARI,57,61,38,487OS,---,MARKER_TRIPLE_DASH,,0,selected_zero_not_shown,0,true
UIMARI,57,61,39,493,---,MARKER_TRIPLE_DASH,,0,selected_zero_not_shown,0,true
UIMARI,57,61,40,511,---,MARKER_TRIPLE_DASH,,0,selected_zero_not_shown,0,true
UIMARI,57,61,41,512,---,MARKER_TRIPLE_DASH,,0,selected_zero_not_shown,0,true
UIMARI,57,61,42,513,---,MARKER_TRIPLE_DASH,,0,selected_zero_not_shown,0,true
UIMARI,57,61,43,514,---,MARKER_TRIPLE_DASH,,0,selected_zero_not_shown,0,true
UIMARI,57,61,44,521CI,---,MARKER_TRIPLE_DASH,,0,selected_zero_not_shown,0,true
UIMARI,57,61,45,523,---,MARKER_TRIPLE_DASH,,0,selected_zero_not_shown,0,true
UIMARI,57,61,46,524,---,MARKER_TRIPLE_DASH,,0,selected_zero_not_shown,0,true
UIMARI,57,61,47,525,---,MARKER_TRIPLE_DASH,,0,selected_zero_not_shown,0,true
UIMARI,57,61,48,HS,---,MARKER_TRIPLE_DASH,,0,selected_zero_not_shown,0,true
UIMARI,57,61,49,ORE,---,MARKER_TRIPLE_DASH,,0,selected_zero_not_shown,0,true
UIMARI,57,61,50,532RL,---,MARKER_TRIPLE_DASH,,0,selected_zero_not_shown,0,true
UIMARI,57,61,51,5411,---,MARKER_TRIPLE_DASH,,0,selected_zero_not_shown,0,true
UIMARI,57,61,52,5415,---,MARKER_TRIPLE_DASH,,0,selected_zero_not_shown,0,true
UIMARI,57,61,53,5412OP,---,MARKER_TRIPLE_DASH,,0,selected_zero_not_shown,0,true
UIMARI,57,61,54,55,---,MARKER_TRIPLE_DASH,,0,selected_zero_not_shown,0,true
UIMARI,57,61,55,561,---,MARKER_TRIPLE_DASH,,0,selected_zero_not_shown,0,true
UIMARI,57,61,56,562,---,MARKER_TRIPLE_DASH,,0,selected_zero_not_shown,0,true
UIMARI,57,61,57,61,6,NONZERO_INTEGER,6,6,numeric,6,true
UIMARI,57,61,58,621,---,MARKER_TRIPLE_DASH,,0,selected_zero_not_shown,0,true
UIMARI,57,61,59,622,---,MARKER_TRIPLE_DASH,,0,selected_zero_not_shown,0,true
UIMARI,57,61,60,623,---,MARKER_TRIPLE_DASH,,0,selected_zero_not_shown,0,true
UIMARI,57,61,61,624,---,MARKER_TRIPLE_DASH,,0,selected_zero_not_shown,0,true
UIMARI,57,61,62,711AS,---,MARKER_TRIPLE_DASH,,0,selected_zero_not_shown,0,true
UIMARI,57,61,63,713,---,MARKER_TRIPLE_DASH,,0,selected_zero_not_shown,0,true
UIMARI,57,61,64,721,---,MARKER_TRIPLE_DASH,,0,selected_zero_not_shown,0,true
UIMARI,57,61,65,722,---,MARKER_TRIPLE_DASH,,0,selected_zero_not_shown,0,true
UIMARI,57,61,66,81,---,MARKER_TRIPLE_DASH,,0,selected_zero_not_shown,0,true
UIMARI,57,61,67,GFGD,---,MARKER_TRIPLE_DASH,,0,selected_zero_not_shown,0,true
UIMARI,57,61,68,GFGN,---,MARKER_TRIPLE_DASH,,0,selected_zero_not_shown,0,true
UIMARI,57,61,69,GFE,---,MARKER_TRIPLE_DASH,,0,selected_zero_not_shown,0,true
UIMARI,57,61,70,GSLG,506,NONZERO_INTEGER,506,506,numeric,506,true
UIMARI,57,61,71,GSLE,---,MARKER_TRIPLE_DASH,,0,selected_zero_not_shown,0,true
UIMARI,57,61,72,T001,511,NONZERO_INTEGER,511,511,numeric,511,true
UIMARI,57,61,73,F010,"2,208",NONZERO_INTEGER,2208,2208,numeric,2208,true
UIMARI,57,61,74,F02S,---,MARKER_TRIPLE_DASH,,0,selected_zero_not_shown,0,true
UIMARI,57,61,75,F02E,---,MARKER_TRIPLE_DASH,,0,selected_zero_not_shown,0,true
UIMARI,57,61,76,F02N,---,MARKER_TRIPLE_DASH,,0,selected_zero_not_shown,0,true
UIMARI,57,61,77,F02R,---,MARKER_TRIPLE_DASH,,0,selected_zero_not_shown,0,true
UIMARI,57,61,78,F030,---,MARKER_TRIPLE_DASH,,0,selected_zero_not_shown,0,true
UIMARI,57,61,79,F040,---,MARKER_TRIPLE_DASH,,0,selected_zero_not_shown,0,true
UIMARI,57,61,80,F050,"-2,719",NONZERO_INTEGER,-2719,-2719,numeric,-2719,true
UIMARI,57,61,81,F06C,---,MARKER_TRIPLE_DASH,,0,selected_zero_not_shown,0,true
UIMARI,57,61,82,F06S,---,MARKER_TRIPLE_DASH,,0,selected_zero_not_shown,0,true
UIMARI,57,61,83,F06E,---,MARKER_TRIPLE_DASH,,0,selected_zero_not_shown,0,true
UIMARI,57,61,84,F06N,---,MARKER_TRIPLE_DASH,,0,selected_zero_not_shown,0,true
UIMARI,57,61,85,F07C,---,MARKER_TRIPLE_DASH,,0,selected_zero_not_shown,0,true
UIMARI,57,61,86,F07S,---,MARKER_TRIPLE_DASH,,0,selected_zero_not_shown,0,true
UIMARI,57,61,87,F07E,---,MARKER_TRIPLE_DASH,,0,selected_zero_not_shown,0,true
UIMARI,57,61,88,F07N,---,MARKER_TRIPLE_DASH,,0,selected_zero_not_shown,0,true
UIMARI,57,61,89,F10C,---,MARKER_TRIPLE_DASH,,0,selected_zero_not_shown,0,true
UIMARI,57,61,90,F10S,---,MARKER_TRIPLE_DASH,,0,selected_zero_not_shown,0,true
UIMARI,57,61,91,F10E,---,MARKER_TRIPLE_DASH,,0,selected_zero_not_shown,0,true
UIMARI,57,61,92,F10N,---,MARKER_TRIPLE_DASH,,0,selected_zero_not_shown,0,true
UIMARI,57,61,93,T004,-511,NONZERO_INTEGER,-511,-511,numeric,-511,true
UIMARI,58,621,1,111CA,---,MARKER_TRIPLE_DASH,,0,selected_zero_not_shown,0,true
UIMARI,58,621,2,113FF,---,MARKER_TRIPLE_DASH,,0,selected_zero_not_shown,0,true
UIMARI,58,621,3,211,---,MARKER_TRIPLE_DASH,,0,selected_zero_not_shown,0,true
UIMARI,58,621,4,212,---,MARKER_TRIPLE_DASH,,0,selected_zero_not_shown,0,true
UIMARI,58,621,5,213,---,MARKER_TRIPLE_DASH,,0,selected_zero_not_shown,0,true
UIMARI,58,621,6,22,---,MARKER_TRIPLE_DASH,,0,selected_zero_not_shown,0,true
UIMARI,58,621,7,23,---,MARKER_TRIPLE_DASH,,0,selected_zero_not_shown,0,true
UIMARI,58,621,8,321,---,MARKER_TRIPLE_DASH,,0,selected_zero_not_shown,0,true
UIMARI,58,621,9,327,---,MARKER_TRIPLE_DASH,,0,selected_zero_not_shown,0,true
UIMARI,58,621,10,331,---,MARKER_TRIPLE_DASH,,0,selected_zero_not_shown,0,true
UIMARI,58,621,11,332,---,MARKER_TRIPLE_DASH,,0,selected_zero_not_shown,0,true
UIMARI,58,621,12,333,---,MARKER_TRIPLE_DASH,,0,selected_zero_not_shown,0,true
UIMARI,58,621,13,334,---,MARKER_TRIPLE_DASH,,0,selected_zero_not_shown,0,true
UIMARI,58,621,14,335,---,MARKER_TRIPLE_DASH,,0,selected_zero_not_shown,0,true
UIMARI,58,621,15,3361MV,---,MARKER_TRIPLE_DASH,,0,selected_zero_not_shown,0,true
UIMARI,58,621,16,3364OT,---,MARKER_TRIPLE_DASH,,0,selected_zero_not_shown,0,true
UIMARI,58,621,17,337,---,MARKER_TRIPLE_DASH,,0,selected_zero_not_shown,0,true
UIMARI,58,621,18,339,---,MARKER_TRIPLE_DASH,,0,selected_zero_not_shown,0,true
UIMARI,58,621,19,311FT,---,MARKER_TRIPLE_DASH,,0,selected_zero_not_shown,0,true
UIMARI,58,621,20,313TT,---,MARKER_TRIPLE_DASH,,0,selected_zero_not_shown,0,true
UIMARI,58,621,21,315AL,---,MARKER_TRIPLE_DASH,,0,selected_zero_not_shown,0,true
UIMARI,58,621,22,322,---,MARKER_TRIPLE_DASH,,0,selected_zero_not_shown,0,true
UIMARI,58,621,23,323,---,MARKER_TRIPLE_DASH,,0,selected_zero_not_shown,0,true
UIMARI,58,621,24,324,---,MARKER_TRIPLE_DASH,,0,selected_zero_not_shown,0,true
UIMARI,58,621,25,325,---,MARKER_TRIPLE_DASH,,0,selected_zero_not_shown,0,true
UIMARI,58,621,26,326,---,MARKER_TRIPLE_DASH,,0,selected_zero_not_shown,0,true
UIMARI,58,621,27,42,---,MARKER_TRIPLE_DASH,,0,selected_zero_not_shown,0,true
UIMARI,58,621,28,441,---,MARKER_TRIPLE_DASH,,0,selected_zero_not_shown,0,true
UIMARI,58,621,29,445,---,MARKER_TRIPLE_DASH,,0,selected_zero_not_shown,0,true
UIMARI,58,621,30,452,---,MARKER_TRIPLE_DASH,,0,selected_zero_not_shown,0,true
UIMARI,58,621,31,4A0,---,MARKER_TRIPLE_DASH,,0,selected_zero_not_shown,0,true
UIMARI,58,621,32,481,---,MARKER_TRIPLE_DASH,,0,selected_zero_not_shown,0,true
UIMARI,58,621,33,482,---,MARKER_TRIPLE_DASH,,0,selected_zero_not_shown,0,true
UIMARI,58,621,34,483,---,MARKER_TRIPLE_DASH,,0,selected_zero_not_shown,0,true
UIMARI,58,621,35,484,---,MARKER_TRIPLE_DASH,,0,selected_zero_not_shown,0,true
UIMARI,58,621,36,485,---,MARKER_TRIPLE_DASH,,0,selected_zero_not_shown,0,true
UIMARI,58,621,37,486,---,MARKER_TRIPLE_DASH,,0,selected_zero_not_shown,0,true
UIMARI,58,621,38,487OS,---,MARKER_TRIPLE_DASH,,0,selected_zero_not_shown,0,true
UIMARI,58,621,39,493,---,MARKER_TRIPLE_DASH,,0,selected_zero_not_shown,0,true
UIMARI,58,621,40,511,---,MARKER_TRIPLE_DASH,,0,selected_zero_not_shown,0,true
UIMARI,58,621,41,512,---,MARKER_TRIPLE_DASH,,0,selected_zero_not_shown,0,true
UIMARI,58,621,42,513,---,MARKER_TRIPLE_DASH,,0,selected_zero_not_shown,0,true
UIMARI,58,621,43,514,---,MARKER_TRIPLE_DASH,,0,selected_zero_not_shown,0,true
UIMARI,58,621,44,521CI,---,MARKER_TRIPLE_DASH,,0,selected_zero_not_shown,0,true
UIMARI,58,621,45,523,---,MARKER_TRIPLE_DASH,,0,selected_zero_not_shown,0,true
UIMARI,58,621,46,524,---,MARKER_TRIPLE_DASH,,0,selected_zero_not_shown,0,true
UIMARI,58,621,47,525,---,MARKER_TRIPLE_DASH,,0,selected_zero_not_shown,0,true
UIMARI,58,621,48,HS,---,MARKER_TRIPLE_DASH,,0,selected_zero_not_shown,0,true
UIMARI,58,621,49,ORE,---,MARKER_TRIPLE_DASH,,0,selected_zero_not_shown,0,true
UIMARI,58,621,50,532RL,---,MARKER_TRIPLE_DASH,,0,selected_zero_not_shown,0,true
UIMARI,58,621,51,5411,---,MARKER_TRIPLE_DASH,,0,selected_zero_not_shown,0,true
UIMARI,58,621,52,5415,---,MARKER_TRIPLE_DASH,,0,selected_zero_not_shown,0,true
UIMARI,58,621,53,5412OP,---,MARKER_TRIPLE_DASH,,0,selected_zero_not_shown,0,true
UIMARI,58,621,54,55,---,MARKER_TRIPLE_DASH,,0,selected_zero_not_shown,0,true
UIMARI,58,621,55,561,0,LITERAL_ZERO,0,0,numeric,0,true
UIMARI,58,621,56,562,---,MARKER_TRIPLE_DASH,,0,selected_zero_not_shown,0,true
UIMARI,58,621,57,61,---,MARKER_TRIPLE_DASH,,0,selected_zero_not_shown,0,true
UIMARI,58,621,58,621,3,NONZERO_INTEGER,3,3,numeric,3,true
UIMARI,58,621,59,622,1,NONZERO_INTEGER,1,1,numeric,1,true
UIMARI,58,621,60,623,0,LITERAL_ZERO,0,0,numeric,0,true
UIMARI,58,621,61,624,---,MARKER_TRIPLE_DASH,,0,selected_zero_not_shown,0,true
UIMARI,58,621,62,711AS,0,LITERAL_ZERO,0,0,numeric,0,true
UIMARI,58,621,63,713,0,LITERAL_ZERO,0,0,numeric,0,true
UIMARI,58,621,64,721,---,MARKER_TRIPLE_DASH,,0,selected_zero_not_shown,0,true
UIMARI,58,621,65,722,---,MARKER_TRIPLE_DASH,,0,selected_zero_not_shown,0,true
UIMARI,58,621,66,81,0,LITERAL_ZERO,0,0,numeric,0,true
UIMARI,58,621,67,GFGD,---,MARKER_TRIPLE_DASH,,0,selected_zero_not_shown,0,true
UIMARI,58,621,68,GFGN,0,LITERAL_ZERO,0,0,numeric,0,true
UIMARI,58,621,69,GFE,---,MARKER_TRIPLE_DASH,,0,selected_zero_not_shown,0,true
UIMARI,58,621,70,GSLG,0,LITERAL_ZERO,0,0,numeric,0,true
UIMARI,58,621,71,GSLE,---,MARKER_TRIPLE_DASH,,0,selected_zero_not_shown,0,true
UIMARI,58,621,72,T001,5,NONZERO_INTEGER,5,5,numeric,5,true
UIMARI,58,621,73,F010,294,NONZERO_INTEGER,294,294,numeric,294,true
UIMARI,58,621,74,F02S,---,MARKER_TRIPLE_DASH,,0,selected_zero_not_shown,0,true
UIMARI,58,621,75,F02E,---,MARKER_TRIPLE_DASH,,0,selected_zero_not_shown,0,true
UIMARI,58,621,76,F02N,---,MARKER_TRIPLE_DASH,,0,selected_zero_not_shown,0,true
UIMARI,58,621,77,F02R,---,MARKER_TRIPLE_DASH,,0,selected_zero_not_shown,0,true
UIMARI,58,621,78,F030,---,MARKER_TRIPLE_DASH,,0,selected_zero_not_shown,0,true
UIMARI,58,621,79,F040,---,MARKER_TRIPLE_DASH,,0,selected_zero_not_shown,0,true
UIMARI,58,621,80,F050,-300,NONZERO_INTEGER,-300,-300,numeric,-300,true
UIMARI,58,621,81,F06C,---,MARKER_TRIPLE_DASH,,0,selected_zero_not_shown,0,true
UIMARI,58,621,82,F06S,---,MARKER_TRIPLE_DASH,,0,selected_zero_not_shown,0,true
UIMARI,58,621,83,F06E,---,MARKER_TRIPLE_DASH,,0,selected_zero_not_shown,0,true
UIMARI,58,621,84,F06N,---,MARKER_TRIPLE_DASH,,0,selected_zero_not_shown,0,true
UIMARI,58,621,85,F07C,---,MARKER_TRIPLE_DASH,,0,selected_zero_not_shown,0,true
UIMARI,58,621,86,F07S,---,MARKER_TRIPLE_DASH,,0,selected_zero_not_shown,0,true
UIMARI,58,621,87,F07E,---,MARKER_TRIPLE_DASH,,0,selected_zero_not_shown,0,true
UIMARI,58,621,88,F07N,---,MARKER_TRIPLE_DASH,,0,selected_zero_not_shown,0,true
UIMARI,58,621,89,F10C,---,MARKER_TRIPLE_DASH,,0,selected_zero_not_shown,0,true
UIMARI,58,621,90,F10S,---,MARKER_TRIPLE_DASH,,0,selected_zero_not_shown,0,true
UIMARI,58,621,91,F10E,---,MARKER_TRIPLE_DASH,,0,selected_zero_not_shown,0,true
UIMARI,58,621,92,F10N,---,MARKER_TRIPLE_DASH,,0,selected_zero_not_shown,0,true
UIMARI,58,621,93,T004,-5,NONZERO_INTEGER,-5,-5,numeric,-5,true
UIMARI,59,622,1,111CA,---,MARKER_TRIPLE_DASH,,0,selected_zero_not_shown,0,true
UIMARI,59,622,2,113FF,---,MARKER_TRIPLE_DASH,,0,selected_zero_not_shown,0,true
UIMARI,59,622,3,211,---,MARKER_TRIPLE_DASH,,0,selected_zero_not_shown,0,true
UIMARI,59,622,4,212,---,MARKER_TRIPLE_DASH,,0,selected_zero_not_shown,0,true
UIMARI,59,622,5,213,---,MARKER_TRIPLE_DASH,,0,selected_zero_not_shown,0,true
UIMARI,59,622,6,22,---,MARKER_TRIPLE_DASH,,0,selected_zero_not_shown,0,true
UIMARI,59,622,7,23,---,MARKER_TRIPLE_DASH,,0,selected_zero_not_shown,0,true
UIMARI,59,622,8,321,---,MARKER_TRIPLE_DASH,,0,selected_zero_not_shown,0,true
UIMARI,59,622,9,327,---,MARKER_TRIPLE_DASH,,0,selected_zero_not_shown,0,true
UIMARI,59,622,10,331,---,MARKER_TRIPLE_DASH,,0,selected_zero_not_shown,0,true
UIMARI,59,622,11,332,---,MARKER_TRIPLE_DASH,,0,selected_zero_not_shown,0,true
UIMARI,59,622,12,333,---,MARKER_TRIPLE_DASH,,0,selected_zero_not_shown,0,true
UIMARI,59,622,13,334,---,MARKER_TRIPLE_DASH,,0,selected_zero_not_shown,0,true
UIMARI,59,622,14,335,---,MARKER_TRIPLE_DASH,,0,selected_zero_not_shown,0,true
UIMARI,59,622,15,3361MV,---,MARKER_TRIPLE_DASH,,0,selected_zero_not_shown,0,true
UIMARI,59,622,16,3364OT,---,MARKER_TRIPLE_DASH,,0,selected_zero_not_shown,0,true
UIMARI,59,622,17,337,---,MARKER_TRIPLE_DASH,,0,selected_zero_not_shown,0,true
UIMARI,59,622,18,339,---,MARKER_TRIPLE_DASH,,0,selected_zero_not_shown,0,true
UIMARI,59,622,19,311FT,---,MARKER_TRIPLE_DASH,,0,selected_zero_not_shown,0,true
UIMARI,59,622,20,313TT,---,MARKER_TRIPLE_DASH,,0,selected_zero_not_shown,0,true
UIMARI,59,622,21,315AL,---,MARKER_TRIPLE_DASH,,0,selected_zero_not_shown,0,true
UIMARI,59,622,22,322,---,MARKER_TRIPLE_DASH,,0,selected_zero_not_shown,0,true
UIMARI,59,622,23,323,---,MARKER_TRIPLE_DASH,,0,selected_zero_not_shown,0,true
UIMARI,59,622,24,324,---,MARKER_TRIPLE_DASH,,0,selected_zero_not_shown,0,true
UIMARI,59,622,25,325,---,MARKER_TRIPLE_DASH,,0,selected_zero_not_shown,0,true
UIMARI,59,622,26,326,---,MARKER_TRIPLE_DASH,,0,selected_zero_not_shown,0,true
UIMARI,59,622,27,42,---,MARKER_TRIPLE_DASH,,0,selected_zero_not_shown,0,true
UIMARI,59,622,28,441,---,MARKER_TRIPLE_DASH,,0,selected_zero_not_shown,0,true
UIMARI,59,622,29,445,---,MARKER_TRIPLE_DASH,,0,selected_zero_not_shown,0,true
UIMARI,59,622,30,452,---,MARKER_TRIPLE_DASH,,0,selected_zero_not_shown,0,true
UIMARI,59,622,31,4A0,---,MARKER_TRIPLE_DASH,,0,selected_zero_not_shown,0,true
UIMARI,59,622,32,481,---,MARKER_TRIPLE_DASH,,0,selected_zero_not_shown,0,true
UIMARI,59,622,33,482,---,MARKER_TRIPLE_DASH,,0,selected_zero_not_shown,0,true
UIMARI,59,622,34,483,---,MARKER_TRIPLE_DASH,,0,selected_zero_not_shown,0,true
UIMARI,59,622,35,484,---,MARKER_TRIPLE_DASH,,0,selected_zero_not_shown,0,true
UIMARI,59,622,36,485,---,MARKER_TRIPLE_DASH,,0,selected_zero_not_shown,0,true
UIMARI,59,622,37,486,---,MARKER_TRIPLE_DASH,,0,selected_zero_not_shown,0,true
UIMARI,59,622,38,487OS,---,MARKER_TRIPLE_DASH,,0,selected_zero_not_shown,0,true
UIMARI,59,622,39,493,---,MARKER_TRIPLE_DASH,,0,selected_zero_not_shown,0,true
UIMARI,59,622,40,511,---,MARKER_TRIPLE_DASH,,0,selected_zero_not_shown,0,true
UIMARI,59,622,41,512,---,MARKER_TRIPLE_DASH,,0,selected_zero_not_shown,0,true
UIMARI,59,622,42,513,---,MARKER_TRIPLE_DASH,,0,selected_zero_not_shown,0,true
UIMARI,59,622,43,514,---,MARKER_TRIPLE_DASH,,0,selected_zero_not_shown,0,true
UIMARI,59,622,44,521CI,---,MARKER_TRIPLE_DASH,,0,selected_zero_not_shown,0,true
UIMARI,59,622,45,523,---,MARKER_TRIPLE_DASH,,0,selected_zero_not_shown,0,true
UIMARI,59,622,46,524,---,MARKER_TRIPLE_DASH,,0,selected_zero_not_shown,0,true
UIMARI,59,622,47,525,---,MARKER_TRIPLE_DASH,,0,selected_zero_not_shown,0,true
UIMARI,59,622,48,HS,---,MARKER_TRIPLE_DASH,,0,selected_zero_not_shown,0,true
UIMARI,59,622,49,ORE,---,MARKER_TRIPLE_DASH,,0,selected_zero_not_shown,0,true
UIMARI,59,622,50,532RL,---,MARKER_TRIPLE_DASH,,0,selected_zero_not_shown,0,true
UIMARI,59,622,51,5411,---,MARKER_TRIPLE_DASH,,0,selected_zero_not_shown,0,true
UIMARI,59,622,52,5415,---,MARKER_TRIPLE_DASH,,0,selected_zero_not_shown,0,true
UIMARI,59,622,53,5412OP,---,MARKER_TRIPLE_DASH,,0,selected_zero_not_shown,0,true
UIMARI,59,622,54,55,---,MARKER_TRIPLE_DASH,,0,selected_zero_not_shown,0,true
UIMARI,59,622,55,561,---,MARKER_TRIPLE_DASH,,0,selected_zero_not_shown,0,true
UIMARI,59,622,56,562,---,MARKER_TRIPLE_DASH,,0,selected_zero_not_shown,0,true
UIMARI,59,622,57,61,---,MARKER_TRIPLE_DASH,,0,selected_zero_not_shown,0,true
UIMARI,59,622,58,621,---,MARKER_TRIPLE_DASH,,0,selected_zero_not_shown,0,true
UIMARI,59,622,59,622,---,MARKER_TRIPLE_DASH,,0,selected_zero_not_shown,0,true
UIMARI,59,622,60,623,---,MARKER_TRIPLE_DASH,,0,selected_zero_not_shown,0,true
UIMARI,59,622,61,624,---,MARKER_TRIPLE_DASH,,0,selected_zero_not_shown,0,true
UIMARI,59,622,62,711AS,---,MARKER_TRIPLE_DASH,,0,selected_zero_not_shown,0,true
UIMARI,59,622,63,713,---,MARKER_TRIPLE_DASH,,0,selected_zero_not_shown,0,true
UIMARI,59,622,64,721,---,MARKER_TRIPLE_DASH,,0,selected_zero_not_shown,0,true
UIMARI,59,622,65,722,---,MARKER_TRIPLE_DASH,,0,selected_zero_not_shown,0,true
UIMARI,59,622,66,81,---,MARKER_TRIPLE_DASH,,0,selected_zero_not_shown,0,true
UIMARI,59,622,67,GFGD,---,MARKER_TRIPLE_DASH,,0,selected_zero_not_shown,0,true
UIMARI,59,622,68,GFGN,---,MARKER_TRIPLE_DASH,,0,selected_zero_not_shown,0,true
UIMARI,59,622,69,GFE,---,MARKER_TRIPLE_DASH,,0,selected_zero_not_shown,0,true
UIMARI,59,622,70,GSLG,---,MARKER_TRIPLE_DASH,,0,selected_zero_not_shown,0,true
UIMARI,59,622,71,GSLE,---,MARKER_TRIPLE_DASH,,0,selected_zero_not_shown,0,true
UIMARI,59,622,72,T001,---,MARKER_TRIPLE_DASH,,0,selected_zero_not_shown,0,true
UIMARI,59,622,73,F010,"10,588",NONZERO_INTEGER,10588,10588,numeric,10588,true
UIMARI,59,622,74,F02S,---,MARKER_TRIPLE_DASH,,0,selected_zero_not_shown,0,true
UIMARI,59,622,75,F02E,---,MARKER_TRIPLE_DASH,,0,selected_zero_not_shown,0,true
UIMARI,59,622,76,F02N,---,MARKER_TRIPLE_DASH,,0,selected_zero_not_shown,0,true
UIMARI,59,622,77,F02R,---,MARKER_TRIPLE_DASH,,0,selected_zero_not_shown,0,true
UIMARI,59,622,78,F030,---,MARKER_TRIPLE_DASH,,0,selected_zero_not_shown,0,true
UIMARI,59,622,79,F040,---,MARKER_TRIPLE_DASH,,0,selected_zero_not_shown,0,true
UIMARI,59,622,80,F050,"-10,588",NONZERO_INTEGER,-10588,-10588,numeric,-10588,true
UIMARI,59,622,81,F06C,---,MARKER_TRIPLE_DASH,,0,selected_zero_not_shown,0,true
UIMARI,59,622,82,F06S,---,MARKER_TRIPLE_DASH,,0,selected_zero_not_shown,0,true
UIMARI,59,622,83,F06E,---,MARKER_TRIPLE_DASH,,0,selected_zero_not_shown,0,true
UIMARI,59,622,84,F06N,---,MARKER_TRIPLE_DASH,,0,selected_zero_not_shown,0,true
UIMARI,59,622,85,F07C,---,MARKER_TRIPLE_DASH,,0,selected_zero_not_shown,0,true
UIMARI,59,622,86,F07S,---,MARKER_TRIPLE_DASH,,0,selected_zero_not_shown,0,true
UIMARI,59,622,87,F07E,---,MARKER_TRIPLE_DASH,,0,selected_zero_not_shown,0,true
UIMARI,59,622,88,F07N,---,MARKER_TRIPLE_DASH,,0,selected_zero_not_shown,0,true
UIMARI,59,622,89,F10C,---,MARKER_TRIPLE_DASH,,0,selected_zero_not_shown,0,true
UIMARI,59,622,90,F10S,---,MARKER_TRIPLE_DASH,,0,selected_zero_not_shown,0,true
UIMARI,59,622,91,F10E,---,MARKER_TRIPLE_DASH,,0,selected_zero_not_shown,0,true
UIMARI,59,622,92,F10N,---,MARKER_TRIPLE_DASH,,0,selected_zero_not_shown,0,true
UIMARI,59,622,93,T004,---,MARKER_TRIPLE_DASH,,0,selected_zero_not_shown,0,true
UIMARI,60,623,1,111CA,---,MARKER_TRIPLE_DASH,,0,selected_zero_not_shown,0,true
UIMARI,60,623,2,113FF,---,MARKER_TRIPLE_DASH,,0,selected_zero_not_shown,0,true
UIMARI,60,623,3,211,---,MARKER_TRIPLE_DASH,,0,selected_zero_not_shown,0,true
UIMARI,60,623,4,212,---,MARKER_TRIPLE_DASH,,0,selected_zero_not_shown,0,true
UIMARI,60,623,5,213,---,MARKER_TRIPLE_DASH,,0,selected_zero_not_shown,0,true
UIMARI,60,623,6,22,---,MARKER_TRIPLE_DASH,,0,selected_zero_not_shown,0,true
UIMARI,60,623,7,23,---,MARKER_TRIPLE_DASH,,0,selected_zero_not_shown,0,true
UIMARI,60,623,8,321,---,MARKER_TRIPLE_DASH,,0,selected_zero_not_shown,0,true
UIMARI,60,623,9,327,---,MARKER_TRIPLE_DASH,,0,selected_zero_not_shown,0,true
UIMARI,60,623,10,331,---,MARKER_TRIPLE_DASH,,0,selected_zero_not_shown,0,true
UIMARI,60,623,11,332,---,MARKER_TRIPLE_DASH,,0,selected_zero_not_shown,0,true
UIMARI,60,623,12,333,---,MARKER_TRIPLE_DASH,,0,selected_zero_not_shown,0,true
UIMARI,60,623,13,334,---,MARKER_TRIPLE_DASH,,0,selected_zero_not_shown,0,true
UIMARI,60,623,14,335,---,MARKER_TRIPLE_DASH,,0,selected_zero_not_shown,0,true
UIMARI,60,623,15,3361MV,---,MARKER_TRIPLE_DASH,,0,selected_zero_not_shown,0,true
UIMARI,60,623,16,3364OT,---,MARKER_TRIPLE_DASH,,0,selected_zero_not_shown,0,true
UIMARI,60,623,17,337,---,MARKER_TRIPLE_DASH,,0,selected_zero_not_shown,0,true
UIMARI,60,623,18,339,---,MARKER_TRIPLE_DASH,,0,selected_zero_not_shown,0,true
UIMARI,60,623,19,311FT,---,MARKER_TRIPLE_DASH,,0,selected_zero_not_shown,0,true
UIMARI,60,623,20,313TT,---,MARKER_TRIPLE_DASH,,0,selected_zero_not_shown,0,true
UIMARI,60,623,21,315AL,---,MARKER_TRIPLE_DASH,,0,selected_zero_not_shown,0,true
UIMARI,60,623,22,322,---,MARKER_TRIPLE_DASH,,0,selected_zero_not_shown,0,true
UIMARI,60,623,23,323,---,MARKER_TRIPLE_DASH,,0,selected_zero_not_shown,0,true
UIMARI,60,623,24,324,---,MARKER_TRIPLE_DASH,,0,selected_zero_not_shown,0,true
UIMARI,60,623,25,325,---,MARKER_TRIPLE_DASH,,0,selected_zero_not_shown,0,true
UIMARI,60,623,26,326,---,MARKER_TRIPLE_DASH,,0,selected_zero_not_shown,0,true
UIMARI,60,623,27,42,---,MARKER_TRIPLE_DASH,,0,selected_zero_not_shown,0,true
UIMARI,60,623,28,441,---,MARKER_TRIPLE_DASH,,0,selected_zero_not_shown,0,true
UIMARI,60,623,29,445,---,MARKER_TRIPLE_DASH,,0,selected_zero_not_shown,0,true
UIMARI,60,623,30,452,---,MARKER_TRIPLE_DASH,,0,selected_zero_not_shown,0,true
UIMARI,60,623,31,4A0,---,MARKER_TRIPLE_DASH,,0,selected_zero_not_shown,0,true
UIMARI,60,623,32,481,---,MARKER_TRIPLE_DASH,,0,selected_zero_not_shown,0,true
UIMARI,60,623,33,482,---,MARKER_TRIPLE_DASH,,0,selected_zero_not_shown,0,true
UIMARI,60,623,34,483,---,MARKER_TRIPLE_DASH,,0,selected_zero_not_shown,0,true
UIMARI,60,623,35,484,---,MARKER_TRIPLE_DASH,,0,selected_zero_not_shown,0,true
UIMARI,60,623,36,485,---,MARKER_TRIPLE_DASH,,0,selected_zero_not_shown,0,true
UIMARI,60,623,37,486,---,MARKER_TRIPLE_DASH,,0,selected_zero_not_shown,0,true
UIMARI,60,623,38,487OS,---,MARKER_TRIPLE_DASH,,0,selected_zero_not_shown,0,true
UIMARI,60,623,39,493,---,MARKER_TRIPLE_DASH,,0,selected_zero_not_shown,0,true
UIMARI,60,623,40,511,---,MARKER_TRIPLE_DASH,,0,selected_zero_not_shown,0,true
UIMARI,60,623,41,512,---,MARKER_TRIPLE_DASH,,0,selected_zero_not_shown,0,true
UIMARI,60,623,42,513,---,MARKER_TRIPLE_DASH,,0,selected_zero_not_shown,0,true
UIMARI,60,623,43,514,---,MARKER_TRIPLE_DASH,,0,selected_zero_not_shown,0,true
UIMARI,60,623,44,521CI,---,MARKER_TRIPLE_DASH,,0,selected_zero_not_shown,0,true
UIMARI,60,623,45,523,---,MARKER_TRIPLE_DASH,,0,selected_zero_not_shown,0,true
UIMARI,60,623,46,524,---,MARKER_TRIPLE_DASH,,0,selected_zero_not_shown,0,true
UIMARI,60,623,47,525,---,MARKER_TRIPLE_DASH,,0,selected_zero_not_shown,0,true
UIMARI,60,623,48,HS,---,MARKER_TRIPLE_DASH,,0,selected_zero_not_shown,0,true
UIMARI,60,623,49,ORE,---,MARKER_TRIPLE_DASH,,0,selected_zero_not_shown,0,true
UIMARI,60,623,50,532RL,---,MARKER_TRIPLE_DASH,,0,selected_zero_not_shown,0,true
UIMARI,60,623,51,5411,---,MARKER_TRIPLE_DASH,,0,selected_zero_not_shown,0,true
UIMARI,60,623,52,5415,---,MARKER_TRIPLE_DASH,,0,selected_zero_not_shown,0,true
UIMARI,60,623,53,5412OP,---,MARKER_TRIPLE_DASH,,0,selected_zero_not_shown,0,true
UIMARI,60,623,54,55,---,MARKER_TRIPLE_DASH,,0,selected_zero_not_shown,0,true
UIMARI,60,623,55,561,---,MARKER_TRIPLE_DASH,,0,selected_zero_not_shown,0,true
UIMARI,60,623,56,562,---,MARKER_TRIPLE_DASH,,0,selected_zero_not_shown,0,true
UIMARI,60,623,57,61,---,MARKER_TRIPLE_DASH,,0,selected_zero_not_shown,0,true
UIMARI,60,623,58,621,---,MARKER_TRIPLE_DASH,,0,selected_zero_not_shown,0,true
UIMARI,60,623,59,622,---,MARKER_TRIPLE_DASH,,0,selected_zero_not_shown,0,true
UIMARI,60,623,60,623,---,MARKER_TRIPLE_DASH,,0,selected_zero_not_shown,0,true
UIMARI,60,623,61,624,---,MARKER_TRIPLE_DASH,,0,selected_zero_not_shown,0,true
UIMARI,60,623,62,711AS,---,MARKER_TRIPLE_DASH,,0,selected_zero_not_shown,0,true
UIMARI,60,623,63,713,---,MARKER_TRIPLE_DASH,,0,selected_zero_not_shown,0,true
UIMARI,60,623,64,721,---,MARKER_TRIPLE_DASH,,0,selected_zero_not_shown,0,true
UIMARI,60,623,65,722,---,MARKER_TRIPLE_DASH,,0,selected_zero_not_shown,0,true
UIMARI,60,623,66,81,---,MARKER_TRIPLE_DASH,,0,selected_zero_not_shown,0,true
UIMARI,60,623,67,GFGD,---,MARKER_TRIPLE_DASH,,0,selected_zero_not_shown,0,true
UIMARI,60,623,68,GFGN,1,NONZERO_INTEGER,1,1,numeric,1,true
UIMARI,60,623,69,GFE,---,MARKER_TRIPLE_DASH,,0,selected_zero_not_shown,0,true
UIMARI,60,623,70,GSLG,1,NONZERO_INTEGER,1,1,numeric,1,true
UIMARI,60,623,71,GSLE,---,MARKER_TRIPLE_DASH,,0,selected_zero_not_shown,0,true
UIMARI,60,623,72,T001,2,NONZERO_INTEGER,2,2,numeric,2,true
UIMARI,60,623,73,F010,84,NONZERO_INTEGER,84,84,numeric,84,true
UIMARI,60,623,74,F02S,---,MARKER_TRIPLE_DASH,,0,selected_zero_not_shown,0,true
UIMARI,60,623,75,F02E,---,MARKER_TRIPLE_DASH,,0,selected_zero_not_shown,0,true
UIMARI,60,623,76,F02N,---,MARKER_TRIPLE_DASH,,0,selected_zero_not_shown,0,true
UIMARI,60,623,77,F02R,---,MARKER_TRIPLE_DASH,,0,selected_zero_not_shown,0,true
UIMARI,60,623,78,F030,---,MARKER_TRIPLE_DASH,,0,selected_zero_not_shown,0,true
UIMARI,60,623,79,F040,---,MARKER_TRIPLE_DASH,,0,selected_zero_not_shown,0,true
UIMARI,60,623,80,F050,-86,NONZERO_INTEGER,-86,-86,numeric,-86,true
UIMARI,60,623,81,F06C,---,MARKER_TRIPLE_DASH,,0,selected_zero_not_shown,0,true
UIMARI,60,623,82,F06S,---,MARKER_TRIPLE_DASH,,0,selected_zero_not_shown,0,true
UIMARI,60,623,83,F06E,---,MARKER_TRIPLE_DASH,,0,selected_zero_not_shown,0,true
UIMARI,60,623,84,F06N,---,MARKER_TRIPLE_DASH,,0,selected_zero_not_shown,0,true
UIMARI,60,623,85,F07C,---,MARKER_TRIPLE_DASH,,0,selected_zero_not_shown,0,true
UIMARI,60,623,86,F07S,---,MARKER_TRIPLE_DASH,,0,selected_zero_not_shown,0,true
UIMARI,60,623,87,F07E,---,MARKER_TRIPLE_DASH,,0,selected_zero_not_shown,0,true
UIMARI,60,623,88,F07N,---,MARKER_TRIPLE_DASH,,0,selected_zero_not_shown,0,true
UIMARI,60,623,89,F10C,---,MARKER_TRIPLE_DASH,,0,selected_zero_not_shown,0,true
UIMARI,60,623,90,F10S,---,MARKER_TRIPLE_DASH,,0,selected_zero_not_shown,0,true
UIMARI,60,623,91,F10E,---,MARKER_TRIPLE_DASH,,0,selected_zero_not_shown,0,true
UIMARI,60,623,92,F10N,---,MARKER_TRIPLE_DASH,,0,selected_zero_not_shown,0,true
UIMARI,60,623,93,T004,-2,NONZERO_INTEGER,-2,-2,numeric,-2,true
UIMARI,61,624,1,111CA,---,MARKER_TRIPLE_DASH,,0,selected_zero_not_shown,0,true
UIMARI,61,624,2,113FF,---,MARKER_TRIPLE_DASH,,0,selected_zero_not_shown,0,true
UIMARI,61,624,3,211,---,MARKER_TRIPLE_DASH,,0,selected_zero_not_shown,0,true
UIMARI,61,624,4,212,---,MARKER_TRIPLE_DASH,,0,selected_zero_not_shown,0,true
UIMARI,61,624,5,213,---,MARKER_TRIPLE_DASH,,0,selected_zero_not_shown,0,true
UIMARI,61,624,6,22,---,MARKER_TRIPLE_DASH,,0,selected_zero_not_shown,0,true
UIMARI,61,624,7,23,---,MARKER_TRIPLE_DASH,,0,selected_zero_not_shown,0,true
UIMARI,61,624,8,321,---,MARKER_TRIPLE_DASH,,0,selected_zero_not_shown,0,true
UIMARI,61,624,9,327,---,MARKER_TRIPLE_DASH,,0,selected_zero_not_shown,0,true
UIMARI,61,624,10,331,---,MARKER_TRIPLE_DASH,,0,selected_zero_not_shown,0,true
UIMARI,61,624,11,332,---,MARKER_TRIPLE_DASH,,0,selected_zero_not_shown,0,true
UIMARI,61,624,12,333,---,MARKER_TRIPLE_DASH,,0,selected_zero_not_shown,0,true
UIMARI,61,624,13,334,---,MARKER_TRIPLE_DASH,,0,selected_zero_not_shown,0,true
UIMARI,61,624,14,335,---,MARKER_TRIPLE_DASH,,0,selected_zero_not_shown,0,true
UIMARI,61,624,15,3361MV,---,MARKER_TRIPLE_DASH,,0,selected_zero_not_shown,0,true
UIMARI,61,624,16,3364OT,---,MARKER_TRIPLE_DASH,,0,selected_zero_not_shown,0,true
UIMARI,61,624,17,337,---,MARKER_TRIPLE_DASH,,0,selected_zero_not_shown,0,true
UIMARI,61,624,18,339,---,MARKER_TRIPLE_DASH,,0,selected_zero_not_shown,0,true
UIMARI,61,624,19,311FT,---,MARKER_TRIPLE_DASH,,0,selected_zero_not_shown,0,true
UIMARI,61,624,20,313TT,---,MARKER_TRIPLE_DASH,,0,selected_zero_not_shown,0,true
UIMARI,61,624,21,315AL,---,MARKER_TRIPLE_DASH,,0,selected_zero_not_shown,0,true
UIMARI,61,624,22,322,---,MARKER_TRIPLE_DASH,,0,selected_zero_not_shown,0,true
UIMARI,61,624,23,323,---,MARKER_TRIPLE_DASH,,0,selected_zero_not_shown,0,true
UIMARI,61,624,24,324,---,MARKER_TRIPLE_DASH,,0,selected_zero_not_shown,0,true
UIMARI,61,624,25,325,---,MARKER_TRIPLE_DASH,,0,selected_zero_not_shown,0,true
UIMARI,61,624,26,326,---,MARKER_TRIPLE_DASH,,0,selected_zero_not_shown,0,true
UIMARI,61,624,27,42,---,MARKER_TRIPLE_DASH,,0,selected_zero_not_shown,0,true
UIMARI,61,624,28,441,---,MARKER_TRIPLE_DASH,,0,selected_zero_not_shown,0,true
UIMARI,61,624,29,445,---,MARKER_TRIPLE_DASH,,0,selected_zero_not_shown,0,true
UIMARI,61,624,30,452,---,MARKER_TRIPLE_DASH,,0,selected_zero_not_shown,0,true
UIMARI,61,624,31,4A0,---,MARKER_TRIPLE_DASH,,0,selected_zero_not_shown,0,true
UIMARI,61,624,32,481,---,MARKER_TRIPLE_DASH,,0,selected_zero_not_shown,0,true
UIMARI,61,624,33,482,---,MARKER_TRIPLE_DASH,,0,selected_zero_not_shown,0,true
UIMARI,61,624,34,483,---,MARKER_TRIPLE_DASH,,0,selected_zero_not_shown,0,true
UIMARI,61,624,35,484,---,MARKER_TRIPLE_DASH,,0,selected_zero_not_shown,0,true
UIMARI,61,624,36,485,---,MARKER_TRIPLE_DASH,,0,selected_zero_not_shown,0,true
UIMARI,61,624,37,486,---,MARKER_TRIPLE_DASH,,0,selected_zero_not_shown,0,true
UIMARI,61,624,38,487OS,---,MARKER_TRIPLE_DASH,,0,selected_zero_not_shown,0,true
UIMARI,61,624,39,493,---,MARKER_TRIPLE_DASH,,0,selected_zero_not_shown,0,true
UIMARI,61,624,40,511,---,MARKER_TRIPLE_DASH,,0,selected_zero_not_shown,0,true
UIMARI,61,624,41,512,---,MARKER_TRIPLE_DASH,,0,selected_zero_not_shown,0,true
UIMARI,61,624,42,513,---,MARKER_TRIPLE_DASH,,0,selected_zero_not_shown,0,true
UIMARI,61,624,43,514,---,MARKER_TRIPLE_DASH,,0,selected_zero_not_shown,0,true
UIMARI,61,624,44,521CI,---,MARKER_TRIPLE_DASH,,0,selected_zero_not_shown,0,true
UIMARI,61,624,45,523,---,MARKER_TRIPLE_DASH,,0,selected_zero_not_shown,0,true
UIMARI,61,624,46,524,---,MARKER_TRIPLE_DASH,,0,selected_zero_not_shown,0,true
UIMARI,61,624,47,525,---,MARKER_TRIPLE_DASH,,0,selected_zero_not_shown,0,true
UIMARI,61,624,48,HS,---,MARKER_TRIPLE_DASH,,0,selected_zero_not_shown,0,true
UIMARI,61,624,49,ORE,---,MARKER_TRIPLE_DASH,,0,selected_zero_not_shown,0,true
UIMARI,61,624,50,532RL,---,MARKER_TRIPLE_DASH,,0,selected_zero_not_shown,0,true
UIMARI,61,624,51,5411,---,MARKER_TRIPLE_DASH,,0,selected_zero_not_shown,0,true
UIMARI,61,624,52,5415,---,MARKER_TRIPLE_DASH,,0,selected_zero_not_shown,0,true
UIMARI,61,624,53,5412OP,---,MARKER_TRIPLE_DASH,,0,selected_zero_not_shown,0,true
UIMARI,61,624,54,55,---,MARKER_TRIPLE_DASH,,0,selected_zero_not_shown,0,true
UIMARI,61,624,55,561,---,MARKER_TRIPLE_DASH,,0,selected_zero_not_shown,0,true
UIMARI,61,624,56,562,---,MARKER_TRIPLE_DASH,,0,selected_zero_not_shown,0,true
UIMARI,61,624,57,61,---,MARKER_TRIPLE_DASH,,0,selected_zero_not_shown,0,true
UIMARI,61,624,58,621,---,MARKER_TRIPLE_DASH,,0,selected_zero_not_shown,0,true
UIMARI,61,624,59,622,---,MARKER_TRIPLE_DASH,,0,selected_zero_not_shown,0,true
UIMARI,61,624,60,623,---,MARKER_TRIPLE_DASH,,0,selected_zero_not_shown,0,true
UIMARI,61,624,61,624,---,MARKER_TRIPLE_DASH,,0,selected_zero_not_shown,0,true
UIMARI,61,624,62,711AS,---,MARKER_TRIPLE_DASH,,0,selected_zero_not_shown,0,true
UIMARI,61,624,63,713,---,MARKER_TRIPLE_DASH,,0,selected_zero_not_shown,0,true
UIMARI,61,624,64,721,---,MARKER_TRIPLE_DASH,,0,selected_zero_not_shown,0,true
UIMARI,61,624,65,722,---,MARKER_TRIPLE_DASH,,0,selected_zero_not_shown,0,true
UIMARI,61,624,66,81,---,MARKER_TRIPLE_DASH,,0,selected_zero_not_shown,0,true
UIMARI,61,624,67,GFGD,---,MARKER_TRIPLE_DASH,,0,selected_zero_not_shown,0,true
UIMARI,61,624,68,GFGN,---,MARKER_TRIPLE_DASH,,0,selected_zero_not_shown,0,true
UIMARI,61,624,69,GFE,---,MARKER_TRIPLE_DASH,,0,selected_zero_not_shown,0,true
UIMARI,61,624,70,GSLG,---,MARKER_TRIPLE_DASH,,0,selected_zero_not_shown,0,true
UIMARI,61,624,71,GSLE,---,MARKER_TRIPLE_DASH,,0,selected_zero_not_shown,0,true
UIMARI,61,624,72,T001,---,MARKER_TRIPLE_DASH,,0,selected_zero_not_shown,0,true
UIMARI,61,624,73,F010,---,MARKER_TRIPLE_DASH,,0,selected_zero_not_shown,0,true
UIMARI,61,624,74,F02S,---,MARKER_TRIPLE_DASH,,0,selected_zero_not_shown,0,true
UIMARI,61,624,75,F02E,---,MARKER_TRIPLE_DASH,,0,selected_zero_not_shown,0,true
UIMARI,61,624,76,F02N,---,MARKER_TRIPLE_DASH,,0,selected_zero_not_shown,0,true
UIMARI,61,624,77,F02R,---,MARKER_TRIPLE_DASH,,0,selected_zero_not_shown,0,true
UIMARI,61,624,78,F030,---,MARKER_TRIPLE_DASH,,0,selected_zero_not_shown,0,true
UIMARI,61,624,79,F040,---,MARKER_TRIPLE_DASH,,0,selected_zero_not_shown,0,true
UIMARI,61,624,80,F050,---,MARKER_TRIPLE_DASH,,0,selected_zero_not_shown,0,true
UIMARI,61,624,81,F06C,---,MARKER_TRIPLE_DASH,,0,selected_zero_not_shown,0,true
UIMARI,61,624,82,F06S,---,MARKER_TRIPLE_DASH,,0,selected_zero_not_shown,0,true
UIMARI,61,624,83,F06E,---,MARKER_TRIPLE_DASH,,0,selected_zero_not_shown,0,true
UIMARI,61,624,84,F06N,---,MARKER_TRIPLE_DASH,,0,selected_zero_not_shown,0,true
UIMARI,61,624,85,F07C,---,MARKER_TRIPLE_DASH,,0,selected_zero_not_shown,0,true
UIMARI,61,624,86,F07S,---,MARKER_TRIPLE_DASH,,0,selected_zero_not_shown,0,true
UIMARI,61,624,87,F07E,---,MARKER_TRIPLE_DASH,,0,selected_zero_not_shown,0,true
UIMARI,61,624,88,F07N,---,MARKER_TRIPLE_DASH,,0,selected_zero_not_shown,0,true
UIMARI,61,624,89,F10C,---,MARKER_TRIPLE_DASH,,0,selected_zero_not_shown,0,true
UIMARI,61,624,90,F10S,---,MARKER_TRIPLE_DASH,,0,selected_zero_not_shown,0,true
UIMARI,61,624,91,F10E,---,MARKER_TRIPLE_DASH,,0,selected_zero_not_shown,0,true
UIMARI,61,624,92,F10N,---,MARKER_TRIPLE_DASH,,0,selected_zero_not_shown,0,true
UIMARI,61,624,93,T004,---,MARKER_TRIPLE_DASH,,0,selected_zero_not_shown,0,true
UIMARI,62,711AS,1,111CA,1,NONZERO_INTEGER,1,1,numeric,1,true
UIMARI,62,711AS,2,113FF,---,MARKER_TRIPLE_DASH,,0,selected_zero_not_shown,0,true
UIMARI,62,711AS,3,211,---,MARKER_TRIPLE_DASH,,0,selected_zero_not_shown,0,true
UIMARI,62,711AS,4,212,---,MARKER_TRIPLE_DASH,,0,selected_zero_not_shown,0,true
UIMARI,62,711AS,5,213,0,LITERAL_ZERO,0,0,numeric,0,true
UIMARI,62,711AS,6,22,0,LITERAL_ZERO,0,0,numeric,0,true
UIMARI,62,711AS,7,23,2,NONZERO_INTEGER,2,2,numeric,2,true
UIMARI,62,711AS,8,321,0,LITERAL_ZERO,0,0,numeric,0,true
UIMARI,62,711AS,9,327,0,LITERAL_ZERO,0,0,numeric,0,true
UIMARI,62,711AS,10,331,0,LITERAL_ZERO,0,0,numeric,0,true
UIMARI,62,711AS,11,332,0,LITERAL_ZERO,0,0,numeric,0,true
UIMARI,62,711AS,12,333,0,LITERAL_ZERO,0,0,numeric,0,true
UIMARI,62,711AS,13,334,0,LITERAL_ZERO,0,0,numeric,0,true
UIMARI,62,711AS,14,335,0,LITERAL_ZERO,0,0,numeric,0,true
UIMARI,62,711AS,15,3361MV,0,LITERAL_ZERO,0,0,numeric,0,true
UIMARI,62,711AS,16,3364OT,0,LITERAL_ZERO,0,0,numeric,0,true
UIMARI,62,711AS,17,337,0,LITERAL_ZERO,0,0,numeric,0,true
UIMARI,62,711AS,18,339,0,LITERAL_ZERO,0,0,numeric,0,true
UIMARI,62,711AS,19,311FT,0,LITERAL_ZERO,0,0,numeric,0,true
UIMARI,62,711AS,20,313TT,0,LITERAL_ZERO,0,0,numeric,0,true
UIMARI,62,711AS,21,315AL,0,LITERAL_ZERO,0,0,numeric,0,true
UIMARI,62,711AS,22,322,0,LITERAL_ZERO,0,0,numeric,0,true
UIMARI,62,711AS,23,323,0,LITERAL_ZERO,0,0,numeric,0,true
UIMARI,62,711AS,24,324,0,LITERAL_ZERO,0,0,numeric,0,true
UIMARI,62,711AS,25,325,0,LITERAL_ZERO,0,0,numeric,0,true
UIMARI,62,711AS,26,326,0,LITERAL_ZERO,0,0,numeric,0,true
UIMARI,62,711AS,27,42,14,NONZERO_INTEGER,14,14,numeric,14,true
UIMARI,62,711AS,28,441,0,LITERAL_ZERO,0,0,numeric,0,true
UIMARI,62,711AS,29,445,0,LITERAL_ZERO,0,0,numeric,0,true
UIMARI,62,711AS,30,452,0,LITERAL_ZERO,0,0,numeric,0,true
UIMARI,62,711AS,31,4A0,3,NONZERO_INTEGER,3,3,numeric,3,true
UIMARI,62,711AS,32,481,---,MARKER_TRIPLE_DASH,,0,selected_zero_not_shown,0,true
UIMARI,62,711AS,33,482,0,LITERAL_ZERO,0,0,numeric,0,true
UIMARI,62,711AS,34,483,---,MARKER_TRIPLE_DASH,,0,selected_zero_not_shown,0,true
UIMARI,62,711AS,35,484,0,LITERAL_ZERO,0,0,numeric,0,true
UIMARI,62,711AS,36,485,0,LITERAL_ZERO,0,0,numeric,0,true
UIMARI,62,711AS,37,486,---,MARKER_TRIPLE_DASH,,0,selected_zero_not_shown,0,true
UIMARI,62,711AS,38,487OS,0,LITERAL_ZERO,0,0,numeric,0,true
UIMARI,62,711AS,39,493,0,LITERAL_ZERO,0,0,numeric,0,true
UIMARI,62,711AS,40,511,1,NONZERO_INTEGER,1,1,numeric,1,true
UIMARI,62,711AS,41,512,21,NONZERO_INTEGER,21,21,numeric,21,true
UIMARI,62,711AS,42,513,3,NONZERO_INTEGER,3,3,numeric,3,true
UIMARI,62,711AS,43,514,4,NONZERO_INTEGER,4,4,numeric,4,true
UIMARI,62,711AS,44,521CI,8,NONZERO_INTEGER,8,8,numeric,8,true
UIMARI,62,711AS,45,523,5,NONZERO_INTEGER,5,5,numeric,5,true
UIMARI,62,711AS,46,524,1,NONZERO_INTEGER,1,1,numeric,1,true
UIMARI,62,711AS,47,525,1,NONZERO_INTEGER,1,1,numeric,1,true
UIMARI,62,711AS,48,HS,0,LITERAL_ZERO,0,0,numeric,0,true
UIMARI,62,711AS,49,ORE,24,NONZERO_INTEGER,24,24,numeric,24,true
UIMARI,62,711AS,50,532RL,3,NONZERO_INTEGER,3,3,numeric,3,true
UIMARI,62,711AS,51,5411,2,NONZERO_INTEGER,2,2,numeric,2,true
UIMARI,62,711AS,52,5415,7,NONZERO_INTEGER,7,7,numeric,7,true
UIMARI,62,711AS,53,5412OP,8,NONZERO_INTEGER,8,8,numeric,8,true
UIMARI,62,711AS,54,55,1,NONZERO_INTEGER,1,1,numeric,1,true
UIMARI,62,711AS,55,561,8,NONZERO_INTEGER,8,8,numeric,8,true
UIMARI,62,711AS,56,562,1,NONZERO_INTEGER,1,1,numeric,1,true
UIMARI,62,711AS,57,61,3,NONZERO_INTEGER,3,3,numeric,3,true
UIMARI,62,711AS,58,621,7,NONZERO_INTEGER,7,7,numeric,7,true
UIMARI,62,711AS,59,622,1,NONZERO_INTEGER,1,1,numeric,1,true
UIMARI,62,711AS,60,623,1,NONZERO_INTEGER,1,1,numeric,1,true
UIMARI,62,711AS,61,624,1,NONZERO_INTEGER,1,1,numeric,1,true
UIMARI,62,711AS,62,711AS,76,NONZERO_INTEGER,76,76,numeric,76,true
UIMARI,62,711AS,63,713,0,LITERAL_ZERO,0,0,numeric,0,true
UIMARI,62,711AS,64,721,0,LITERAL_ZERO,0,0,numeric,0,true
UIMARI,62,711AS,65,722,7,NONZERO_INTEGER,7,7,numeric,7,true
UIMARI,62,711AS,66,81,2,NONZERO_INTEGER,2,2,numeric,2,true
UIMARI,62,711AS,67,GFGD,---,MARKER_TRIPLE_DASH,,0,selected_zero_not_shown,0,true
UIMARI,62,711AS,68,GFGN,0,LITERAL_ZERO,0,0,numeric,0,true
UIMARI,62,711AS,69,GFE,0,LITERAL_ZERO,0,0,numeric,0,true
UIMARI,62,711AS,70,GSLG,5,NONZERO_INTEGER,5,5,numeric,5,true
UIMARI,62,711AS,71,GSLE,0,LITERAL_ZERO,0,0,numeric,0,true
UIMARI,62,711AS,72,T001,225,NONZERO_INTEGER,225,225,numeric,225,true
UIMARI,62,711AS,73,F010,410,NONZERO_INTEGER,410,410,numeric,410,true
UIMARI,62,711AS,74,F02S,---,MARKER_TRIPLE_DASH,,0,selected_zero_not_shown,0,true
UIMARI,62,711AS,75,F02E,---,MARKER_TRIPLE_DASH,,0,selected_zero_not_shown,0,true
UIMARI,62,711AS,76,F02N,---,MARKER_TRIPLE_DASH,,0,selected_zero_not_shown,0,true
UIMARI,62,711AS,77,F02R,---,MARKER_TRIPLE_DASH,,0,selected_zero_not_shown,0,true
UIMARI,62,711AS,78,F030,---,MARKER_TRIPLE_DASH,,0,selected_zero_not_shown,0,true
UIMARI,62,711AS,79,F040,---,MARKER_TRIPLE_DASH,,0,selected_zero_not_shown,0,true
UIMARI,62,711AS,80,F050,-636,NONZERO_INTEGER,-636,-636,numeric,-636,true
UIMARI,62,711AS,81,F06C,---,MARKER_TRIPLE_DASH,,0,selected_zero_not_shown,0,true
UIMARI,62,711AS,82,F06S,---,MARKER_TRIPLE_DASH,,0,selected_zero_not_shown,0,true
UIMARI,62,711AS,83,F06E,---,MARKER_TRIPLE_DASH,,0,selected_zero_not_shown,0,true
UIMARI,62,711AS,84,F06N,---,MARKER_TRIPLE_DASH,,0,selected_zero_not_shown,0,true
UIMARI,62,711AS,85,F07C,---,MARKER_TRIPLE_DASH,,0,selected_zero_not_shown,0,true
UIMARI,62,711AS,86,F07S,---,MARKER_TRIPLE_DASH,,0,selected_zero_not_shown,0,true
UIMARI,62,711AS,87,F07E,---,MARKER_TRIPLE_DASH,,0,selected_zero_not_shown,0,true
UIMARI,62,711AS,88,F07N,---,MARKER_TRIPLE_DASH,,0,selected_zero_not_shown,0,true
UIMARI,62,711AS,89,F10C,---,MARKER_TRIPLE_DASH,,0,selected_zero_not_shown,0,true
UIMARI,62,711AS,90,F10S,---,MARKER_TRIPLE_DASH,,0,selected_zero_not_shown,0,true
UIMARI,62,711AS,91,F10E,---,MARKER_TRIPLE_DASH,,0,selected_zero_not_shown,0,true
UIMARI,62,711AS,92,F10N,---,MARKER_TRIPLE_DASH,,0,selected_zero_not_shown,0,true
UIMARI,62,711AS,93,T004,-225,NONZERO_INTEGER,-225,-225,numeric,-225,true
UIMARI,63,713,1,111CA,---,MARKER_TRIPLE_DASH,,0,selected_zero_not_shown,0,true
UIMARI,63,713,2,113FF,---,MARKER_TRIPLE_DASH,,0,selected_zero_not_shown,0,true
UIMARI,63,713,3,211,---,MARKER_TRIPLE_DASH,,0,selected_zero_not_shown,0,true
UIMARI,63,713,4,212,---,MARKER_TRIPLE_DASH,,0,selected_zero_not_shown,0,true
UIMARI,63,713,5,213,---,MARKER_TRIPLE_DASH,,0,selected_zero_not_shown,0,true
UIMARI,63,713,6,22,---,MARKER_TRIPLE_DASH,,0,selected_zero_not_shown,0,true
UIMARI,63,713,7,23,---,MARKER_TRIPLE_DASH,,0,selected_zero_not_shown,0,true
UIMARI,63,713,8,321,---,MARKER_TRIPLE_DASH,,0,selected_zero_not_shown,0,true
UIMARI,63,713,9,327,---,MARKER_TRIPLE_DASH,,0,selected_zero_not_shown,0,true
UIMARI,63,713,10,331,---,MARKER_TRIPLE_DASH,,0,selected_zero_not_shown,0,true
UIMARI,63,713,11,332,---,MARKER_TRIPLE_DASH,,0,selected_zero_not_shown,0,true
UIMARI,63,713,12,333,---,MARKER_TRIPLE_DASH,,0,selected_zero_not_shown,0,true
UIMARI,63,713,13,334,---,MARKER_TRIPLE_DASH,,0,selected_zero_not_shown,0,true
UIMARI,63,713,14,335,---,MARKER_TRIPLE_DASH,,0,selected_zero_not_shown,0,true
UIMARI,63,713,15,3361MV,---,MARKER_TRIPLE_DASH,,0,selected_zero_not_shown,0,true
UIMARI,63,713,16,3364OT,---,MARKER_TRIPLE_DASH,,0,selected_zero_not_shown,0,true
UIMARI,63,713,17,337,---,MARKER_TRIPLE_DASH,,0,selected_zero_not_shown,0,true
UIMARI,63,713,18,339,---,MARKER_TRIPLE_DASH,,0,selected_zero_not_shown,0,true
UIMARI,63,713,19,311FT,---,MARKER_TRIPLE_DASH,,0,selected_zero_not_shown,0,true
UIMARI,63,713,20,313TT,---,MARKER_TRIPLE_DASH,,0,selected_zero_not_shown,0,true
UIMARI,63,713,21,315AL,---,MARKER_TRIPLE_DASH,,0,selected_zero_not_shown,0,true
UIMARI,63,713,22,322,---,MARKER_TRIPLE_DASH,,0,selected_zero_not_shown,0,true
UIMARI,63,713,23,323,---,MARKER_TRIPLE_DASH,,0,selected_zero_not_shown,0,true
UIMARI,63,713,24,324,---,MARKER_TRIPLE_DASH,,0,selected_zero_not_shown,0,true
UIMARI,63,713,25,325,---,MARKER_TRIPLE_DASH,,0,selected_zero_not_shown,0,true
UIMARI,63,713,26,326,---,MARKER_TRIPLE_DASH,,0,selected_zero_not_shown,0,true
UIMARI,63,713,27,42,---,MARKER_TRIPLE_DASH,,0,selected_zero_not_shown,0,true
UIMARI,63,713,28,441,---,MARKER_TRIPLE_DASH,,0,selected_zero_not_shown,0,true
UIMARI,63,713,29,445,---,MARKER_TRIPLE_DASH,,0,selected_zero_not_shown,0,true
UIMARI,63,713,30,452,---,MARKER_TRIPLE_DASH,,0,selected_zero_not_shown,0,true
UIMARI,63,713,31,4A0,---,MARKER_TRIPLE_DASH,,0,selected_zero_not_shown,0,true
UIMARI,63,713,32,481,---,MARKER_TRIPLE_DASH,,0,selected_zero_not_shown,0,true
UIMARI,63,713,33,482,---,MARKER_TRIPLE_DASH,,0,selected_zero_not_shown,0,true
UIMARI,63,713,34,483,---,MARKER_TRIPLE_DASH,,0,selected_zero_not_shown,0,true
UIMARI,63,713,35,484,---,MARKER_TRIPLE_DASH,,0,selected_zero_not_shown,0,true
UIMARI,63,713,36,485,---,MARKER_TRIPLE_DASH,,0,selected_zero_not_shown,0,true
UIMARI,63,713,37,486,---,MARKER_TRIPLE_DASH,,0,selected_zero_not_shown,0,true
UIMARI,63,713,38,487OS,---,MARKER_TRIPLE_DASH,,0,selected_zero_not_shown,0,true
UIMARI,63,713,39,493,---,MARKER_TRIPLE_DASH,,0,selected_zero_not_shown,0,true
UIMARI,63,713,40,511,---,MARKER_TRIPLE_DASH,,0,selected_zero_not_shown,0,true
UIMARI,63,713,41,512,---,MARKER_TRIPLE_DASH,,0,selected_zero_not_shown,0,true
UIMARI,63,713,42,513,---,MARKER_TRIPLE_DASH,,0,selected_zero_not_shown,0,true
UIMARI,63,713,43,514,---,MARKER_TRIPLE_DASH,,0,selected_zero_not_shown,0,true
UIMARI,63,713,44,521CI,---,MARKER_TRIPLE_DASH,,0,selected_zero_not_shown,0,true
UIMARI,63,713,45,523,---,MARKER_TRIPLE_DASH,,0,selected_zero_not_shown,0,true
UIMARI,63,713,46,524,---,MARKER_TRIPLE_DASH,,0,selected_zero_not_shown,0,true
UIMARI,63,713,47,525,---,MARKER_TRIPLE_DASH,,0,selected_zero_not_shown,0,true
UIMARI,63,713,48,HS,---,MARKER_TRIPLE_DASH,,0,selected_zero_not_shown,0,true
UIMARI,63,713,49,ORE,---,MARKER_TRIPLE_DASH,,0,selected_zero_not_shown,0,true
UIMARI,63,713,50,532RL,---,MARKER_TRIPLE_DASH,,0,selected_zero_not_shown,0,true
UIMARI,63,713,51,5411,---,MARKER_TRIPLE_DASH,,0,selected_zero_not_shown,0,true
UIMARI,63,713,52,5415,---,MARKER_TRIPLE_DASH,,0,selected_zero_not_shown,0,true
UIMARI,63,713,53,5412OP,---,MARKER_TRIPLE_DASH,,0,selected_zero_not_shown,0,true
UIMARI,63,713,54,55,---,MARKER_TRIPLE_DASH,,0,selected_zero_not_shown,0,true
UIMARI,63,713,55,561,---,MARKER_TRIPLE_DASH,,0,selected_zero_not_shown,0,true
UIMARI,63,713,56,562,---,MARKER_TRIPLE_DASH,,0,selected_zero_not_shown,0,true
UIMARI,63,713,57,61,---,MARKER_TRIPLE_DASH,,0,selected_zero_not_shown,0,true
UIMARI,63,713,58,621,---,MARKER_TRIPLE_DASH,,0,selected_zero_not_shown,0,true
UIMARI,63,713,59,622,---,MARKER_TRIPLE_DASH,,0,selected_zero_not_shown,0,true
UIMARI,63,713,60,623,---,MARKER_TRIPLE_DASH,,0,selected_zero_not_shown,0,true
UIMARI,63,713,61,624,---,MARKER_TRIPLE_DASH,,0,selected_zero_not_shown,0,true
UIMARI,63,713,62,711AS,---,MARKER_TRIPLE_DASH,,0,selected_zero_not_shown,0,true
UIMARI,63,713,63,713,---,MARKER_TRIPLE_DASH,,0,selected_zero_not_shown,0,true
UIMARI,63,713,64,721,---,MARKER_TRIPLE_DASH,,0,selected_zero_not_shown,0,true
UIMARI,63,713,65,722,---,MARKER_TRIPLE_DASH,,0,selected_zero_not_shown,0,true
UIMARI,63,713,66,81,---,MARKER_TRIPLE_DASH,,0,selected_zero_not_shown,0,true
UIMARI,63,713,67,GFGD,---,MARKER_TRIPLE_DASH,,0,selected_zero_not_shown,0,true
UIMARI,63,713,68,GFGN,---,MARKER_TRIPLE_DASH,,0,selected_zero_not_shown,0,true
UIMARI,63,713,69,GFE,---,MARKER_TRIPLE_DASH,,0,selected_zero_not_shown,0,true
UIMARI,63,713,70,GSLG,---,MARKER_TRIPLE_DASH,,0,selected_zero_not_shown,0,true
UIMARI,63,713,71,GSLE,---,MARKER_TRIPLE_DASH,,0,selected_zero_not_shown,0,true
UIMARI,63,713,72,T001,---,MARKER_TRIPLE_DASH,,0,selected_zero_not_shown,0,true
UIMARI,63,713,73,F010,3,NONZERO_INTEGER,3,3,numeric,3,true
UIMARI,63,713,74,F02S,---,MARKER_TRIPLE_DASH,,0,selected_zero_not_shown,0,true
UIMARI,63,713,75,F02E,---,MARKER_TRIPLE_DASH,,0,selected_zero_not_shown,0,true
UIMARI,63,713,76,F02N,---,MARKER_TRIPLE_DASH,,0,selected_zero_not_shown,0,true
UIMARI,63,713,77,F02R,---,MARKER_TRIPLE_DASH,,0,selected_zero_not_shown,0,true
UIMARI,63,713,78,F030,---,MARKER_TRIPLE_DASH,,0,selected_zero_not_shown,0,true
UIMARI,63,713,79,F040,---,MARKER_TRIPLE_DASH,,0,selected_zero_not_shown,0,true
UIMARI,63,713,80,F050,-3,NONZERO_INTEGER,-3,-3,numeric,-3,true
UIMARI,63,713,81,F06C,---,MARKER_TRIPLE_DASH,,0,selected_zero_not_shown,0,true
UIMARI,63,713,82,F06S,---,MARKER_TRIPLE_DASH,,0,selected_zero_not_shown,0,true
UIMARI,63,713,83,F06E,---,MARKER_TRIPLE_DASH,,0,selected_zero_not_shown,0,true
UIMARI,63,713,84,F06N,---,MARKER_TRIPLE_DASH,,0,selected_zero_not_shown,0,true
UIMARI,63,713,85,F07C,---,MARKER_TRIPLE_DASH,,0,selected_zero_not_shown,0,true
UIMARI,63,713,86,F07S,---,MARKER_TRIPLE_DASH,,0,selected_zero_not_shown,0,true
UIMARI,63,713,87,F07E,---,MARKER_TRIPLE_DASH,,0,selected_zero_not_shown,0,true
UIMARI,63,713,88,F07N,---,MARKER_TRIPLE_DASH,,0,selected_zero_not_shown,0,true
UIMARI,63,713,89,F10C,---,MARKER_TRIPLE_DASH,,0,selected_zero_not_shown,0,true
UIMARI,63,713,90,F10S,---,MARKER_TRIPLE_DASH,,0,selected_zero_not_shown,0,true
UIMARI,63,713,91,F10E,---,MARKER_TRIPLE_DASH,,0,selected_zero_not_shown,0,true
UIMARI,63,713,92,F10N,---,MARKER_TRIPLE_DASH,,0,selected_zero_not_shown,0,true
UIMARI,63,713,93,T004,0,LITERAL_ZERO,0,0,numeric,0,true
UIMARI,64,721,1,111CA,---,MARKER_TRIPLE_DASH,,0,selected_zero_not_shown,0,true
UIMARI,64,721,2,113FF,---,MARKER_TRIPLE_DASH,,0,selected_zero_not_shown,0,true
UIMARI,64,721,3,211,---,MARKER_TRIPLE_DASH,,0,selected_zero_not_shown,0,true
UIMARI,64,721,4,212,---,MARKER_TRIPLE_DASH,,0,selected_zero_not_shown,0,true
UIMARI,64,721,5,213,---,MARKER_TRIPLE_DASH,,0,selected_zero_not_shown,0,true
UIMARI,64,721,6,22,---,MARKER_TRIPLE_DASH,,0,selected_zero_not_shown,0,true
UIMARI,64,721,7,23,---,MARKER_TRIPLE_DASH,,0,selected_zero_not_shown,0,true
UIMARI,64,721,8,321,---,MARKER_TRIPLE_DASH,,0,selected_zero_not_shown,0,true
UIMARI,64,721,9,327,---,MARKER_TRIPLE_DASH,,0,selected_zero_not_shown,0,true
UIMARI,64,721,10,331,---,MARKER_TRIPLE_DASH,,0,selected_zero_not_shown,0,true
UIMARI,64,721,11,332,---,MARKER_TRIPLE_DASH,,0,selected_zero_not_shown,0,true
UIMARI,64,721,12,333,---,MARKER_TRIPLE_DASH,,0,selected_zero_not_shown,0,true
UIMARI,64,721,13,334,---,MARKER_TRIPLE_DASH,,0,selected_zero_not_shown,0,true
UIMARI,64,721,14,335,---,MARKER_TRIPLE_DASH,,0,selected_zero_not_shown,0,true
UIMARI,64,721,15,3361MV,---,MARKER_TRIPLE_DASH,,0,selected_zero_not_shown,0,true
UIMARI,64,721,16,3364OT,---,MARKER_TRIPLE_DASH,,0,selected_zero_not_shown,0,true
UIMARI,64,721,17,337,---,MARKER_TRIPLE_DASH,,0,selected_zero_not_shown,0,true
UIMARI,64,721,18,339,---,MARKER_TRIPLE_DASH,,0,selected_zero_not_shown,0,true
UIMARI,64,721,19,311FT,---,MARKER_TRIPLE_DASH,,0,selected_zero_not_shown,0,true
UIMARI,64,721,20,313TT,---,MARKER_TRIPLE_DASH,,0,selected_zero_not_shown,0,true
UIMARI,64,721,21,315AL,---,MARKER_TRIPLE_DASH,,0,selected_zero_not_shown,0,true
UIMARI,64,721,22,322,---,MARKER_TRIPLE_DASH,,0,selected_zero_not_shown,0,true
UIMARI,64,721,23,323,---,MARKER_TRIPLE_DASH,,0,selected_zero_not_shown,0,true
UIMARI,64,721,24,324,---,MARKER_TRIPLE_DASH,,0,selected_zero_not_shown,0,true
UIMARI,64,721,25,325,---,MARKER_TRIPLE_DASH,,0,selected_zero_not_shown,0,true
UIMARI,64,721,26,326,---,MARKER_TRIPLE_DASH,,0,selected_zero_not_shown,0,true
UIMARI,64,721,27,42,---,MARKER_TRIPLE_DASH,,0,selected_zero_not_shown,0,true
UIMARI,64,721,28,441,---,MARKER_TRIPLE_DASH,,0,selected_zero_not_shown,0,true
UIMARI,64,721,29,445,---,MARKER_TRIPLE_DASH,,0,selected_zero_not_shown,0,true
UIMARI,64,721,30,452,---,MARKER_TRIPLE_DASH,,0,selected_zero_not_shown,0,true
UIMARI,64,721,31,4A0,---,MARKER_TRIPLE_DASH,,0,selected_zero_not_shown,0,true
UIMARI,64,721,32,481,---,MARKER_TRIPLE_DASH,,0,selected_zero_not_shown,0,true
UIMARI,64,721,33,482,---,MARKER_TRIPLE_DASH,,0,selected_zero_not_shown,0,true
UIMARI,64,721,34,483,---,MARKER_TRIPLE_DASH,,0,selected_zero_not_shown,0,true
UIMARI,64,721,35,484,---,MARKER_TRIPLE_DASH,,0,selected_zero_not_shown,0,true
UIMARI,64,721,36,485,---,MARKER_TRIPLE_DASH,,0,selected_zero_not_shown,0,true
UIMARI,64,721,37,486,---,MARKER_TRIPLE_DASH,,0,selected_zero_not_shown,0,true
UIMARI,64,721,38,487OS,---,MARKER_TRIPLE_DASH,,0,selected_zero_not_shown,0,true
UIMARI,64,721,39,493,---,MARKER_TRIPLE_DASH,,0,selected_zero_not_shown,0,true
UIMARI,64,721,40,511,---,MARKER_TRIPLE_DASH,,0,selected_zero_not_shown,0,true
UIMARI,64,721,41,512,---,MARKER_TRIPLE_DASH,,0,selected_zero_not_shown,0,true
UIMARI,64,721,42,513,---,MARKER_TRIPLE_DASH,,0,selected_zero_not_shown,0,true
UIMARI,64,721,43,514,---,MARKER_TRIPLE_DASH,,0,selected_zero_not_shown,0,true
UIMARI,64,721,44,521CI,---,MARKER_TRIPLE_DASH,,0,selected_zero_not_shown,0,true
UIMARI,64,721,45,523,---,MARKER_TRIPLE_DASH,,0,selected_zero_not_shown,0,true
UIMARI,64,721,46,524,---,MARKER_TRIPLE_DASH,,0,selected_zero_not_shown,0,true
UIMARI,64,721,47,525,---,MARKER_TRIPLE_DASH,,0,selected_zero_not_shown,0,true
UIMARI,64,721,48,HS,---,MARKER_TRIPLE_DASH,,0,selected_zero_not_shown,0,true
UIMARI,64,721,49,ORE,---,MARKER_TRIPLE_DASH,,0,selected_zero_not_shown,0,true
UIMARI,64,721,50,532RL,---,MARKER_TRIPLE_DASH,,0,selected_zero_not_shown,0,true
UIMARI,64,721,51,5411,---,MARKER_TRIPLE_DASH,,0,selected_zero_not_shown,0,true
UIMARI,64,721,52,5415,---,MARKER_TRIPLE_DASH,,0,selected_zero_not_shown,0,true
UIMARI,64,721,53,5412OP,---,MARKER_TRIPLE_DASH,,0,selected_zero_not_shown,0,true
UIMARI,64,721,54,55,---,MARKER_TRIPLE_DASH,,0,selected_zero_not_shown,0,true
UIMARI,64,721,55,561,---,MARKER_TRIPLE_DASH,,0,selected_zero_not_shown,0,true
UIMARI,64,721,56,562,---,MARKER_TRIPLE_DASH,,0,selected_zero_not_shown,0,true
UIMARI,64,721,57,61,---,MARKER_TRIPLE_DASH,,0,selected_zero_not_shown,0,true
UIMARI,64,721,58,621,---,MARKER_TRIPLE_DASH,,0,selected_zero_not_shown,0,true
UIMARI,64,721,59,622,---,MARKER_TRIPLE_DASH,,0,selected_zero_not_shown,0,true
UIMARI,64,721,60,623,---,MARKER_TRIPLE_DASH,,0,selected_zero_not_shown,0,true
UIMARI,64,721,61,624,---,MARKER_TRIPLE_DASH,,0,selected_zero_not_shown,0,true
UIMARI,64,721,62,711AS,---,MARKER_TRIPLE_DASH,,0,selected_zero_not_shown,0,true
UIMARI,64,721,63,713,---,MARKER_TRIPLE_DASH,,0,selected_zero_not_shown,0,true
UIMARI,64,721,64,721,---,MARKER_TRIPLE_DASH,,0,selected_zero_not_shown,0,true
UIMARI,64,721,65,722,---,MARKER_TRIPLE_DASH,,0,selected_zero_not_shown,0,true
UIMARI,64,721,66,81,---,MARKER_TRIPLE_DASH,,0,selected_zero_not_shown,0,true
UIMARI,64,721,67,GFGD,---,MARKER_TRIPLE_DASH,,0,selected_zero_not_shown,0,true
UIMARI,64,721,68,GFGN,---,MARKER_TRIPLE_DASH,,0,selected_zero_not_shown,0,true
UIMARI,64,721,69,GFE,---,MARKER_TRIPLE_DASH,,0,selected_zero_not_shown,0,true
UIMARI,64,721,70,GSLG,---,MARKER_TRIPLE_DASH,,0,selected_zero_not_shown,0,true
UIMARI,64,721,71,GSLE,---,MARKER_TRIPLE_DASH,,0,selected_zero_not_shown,0,true
UIMARI,64,721,72,T001,---,MARKER_TRIPLE_DASH,,0,selected_zero_not_shown,0,true
UIMARI,64,721,73,F010,---,MARKER_TRIPLE_DASH,,0,selected_zero_not_shown,0,true
UIMARI,64,721,74,F02S,---,MARKER_TRIPLE_DASH,,0,selected_zero_not_shown,0,true
UIMARI,64,721,75,F02E,---,MARKER_TRIPLE_DASH,,0,selected_zero_not_shown,0,true
UIMARI,64,721,76,F02N,---,MARKER_TRIPLE_DASH,,0,selected_zero_not_shown,0,true
UIMARI,64,721,77,F02R,---,MARKER_TRIPLE_DASH,,0,selected_zero_not_shown,0,true
UIMARI,64,721,78,F030,---,MARKER_TRIPLE_DASH,,0,selected_zero_not_shown,0,true
UIMARI,64,721,79,F040,---,MARKER_TRIPLE_DASH,,0,selected_zero_not_shown,0,true
UIMARI,64,721,80,F050,---,MARKER_TRIPLE_DASH,,0,selected_zero_not_shown,0,true
UIMARI,64,721,81,F06C,---,MARKER_TRIPLE_DASH,,0,selected_zero_not_shown,0,true
UIMARI,64,721,82,F06S,---,MARKER_TRIPLE_DASH,,0,selected_zero_not_shown,0,true
UIMARI,64,721,83,F06E,---,MARKER_TRIPLE_DASH,,0,selected_zero_not_shown,0,true
UIMARI,64,721,84,F06N,---,MARKER_TRIPLE_DASH,,0,selected_zero_not_shown,0,true
UIMARI,64,721,85,F07C,---,MARKER_TRIPLE_DASH,,0,selected_zero_not_shown,0,true
UIMARI,64,721,86,F07S,---,MARKER_TRIPLE_DASH,,0,selected_zero_not_shown,0,true
UIMARI,64,721,87,F07E,---,MARKER_TRIPLE_DASH,,0,selected_zero_not_shown,0,true
UIMARI,64,721,88,F07N,---,MARKER_TRIPLE_DASH,,0,selected_zero_not_shown,0,true
UIMARI,64,721,89,F10C,---,MARKER_TRIPLE_DASH,,0,selected_zero_not_shown,0,true
UIMARI,64,721,90,F10S,---,MARKER_TRIPLE_DASH,,0,selected_zero_not_shown,0,true
UIMARI,64,721,91,F10E,---,MARKER_TRIPLE_DASH,,0,selected_zero_not_shown,0,true
UIMARI,64,721,92,F10N,---,MARKER_TRIPLE_DASH,,0,selected_zero_not_shown,0,true
UIMARI,64,721,93,T004,---,MARKER_TRIPLE_DASH,,0,selected_zero_not_shown,0,true
UIMARI,65,722,1,111CA,---,MARKER_TRIPLE_DASH,,0,selected_zero_not_shown,0,true
UIMARI,65,722,2,113FF,---,MARKER_TRIPLE_DASH,,0,selected_zero_not_shown,0,true
UIMARI,65,722,3,211,---,MARKER_TRIPLE_DASH,,0,selected_zero_not_shown,0,true
UIMARI,65,722,4,212,---,MARKER_TRIPLE_DASH,,0,selected_zero_not_shown,0,true
UIMARI,65,722,5,213,---,MARKER_TRIPLE_DASH,,0,selected_zero_not_shown,0,true
UIMARI,65,722,6,22,---,MARKER_TRIPLE_DASH,,0,selected_zero_not_shown,0,true
UIMARI,65,722,7,23,---,MARKER_TRIPLE_DASH,,0,selected_zero_not_shown,0,true
UIMARI,65,722,8,321,---,MARKER_TRIPLE_DASH,,0,selected_zero_not_shown,0,true
UIMARI,65,722,9,327,---,MARKER_TRIPLE_DASH,,0,selected_zero_not_shown,0,true
UIMARI,65,722,10,331,---,MARKER_TRIPLE_DASH,,0,selected_zero_not_shown,0,true
UIMARI,65,722,11,332,---,MARKER_TRIPLE_DASH,,0,selected_zero_not_shown,0,true
UIMARI,65,722,12,333,---,MARKER_TRIPLE_DASH,,0,selected_zero_not_shown,0,true
UIMARI,65,722,13,334,---,MARKER_TRIPLE_DASH,,0,selected_zero_not_shown,0,true
UIMARI,65,722,14,335,---,MARKER_TRIPLE_DASH,,0,selected_zero_not_shown,0,true
UIMARI,65,722,15,3361MV,---,MARKER_TRIPLE_DASH,,0,selected_zero_not_shown,0,true
UIMARI,65,722,16,3364OT,---,MARKER_TRIPLE_DASH,,0,selected_zero_not_shown,0,true
UIMARI,65,722,17,337,---,MARKER_TRIPLE_DASH,,0,selected_zero_not_shown,0,true
UIMARI,65,722,18,339,---,MARKER_TRIPLE_DASH,,0,selected_zero_not_shown,0,true
UIMARI,65,722,19,311FT,---,MARKER_TRIPLE_DASH,,0,selected_zero_not_shown,0,true
UIMARI,65,722,20,313TT,---,MARKER_TRIPLE_DASH,,0,selected_zero_not_shown,0,true
UIMARI,65,722,21,315AL,---,MARKER_TRIPLE_DASH,,0,selected_zero_not_shown,0,true
UIMARI,65,722,22,322,---,MARKER_TRIPLE_DASH,,0,selected_zero_not_shown,0,true
UIMARI,65,722,23,323,---,MARKER_TRIPLE_DASH,,0,selected_zero_not_shown,0,true
UIMARI,65,722,24,324,---,MARKER_TRIPLE_DASH,,0,selected_zero_not_shown,0,true
UIMARI,65,722,25,325,---,MARKER_TRIPLE_DASH,,0,selected_zero_not_shown,0,true
UIMARI,65,722,26,326,---,MARKER_TRIPLE_DASH,,0,selected_zero_not_shown,0,true
UIMARI,65,722,27,42,---,MARKER_TRIPLE_DASH,,0,selected_zero_not_shown,0,true
UIMARI,65,722,28,441,---,MARKER_TRIPLE_DASH,,0,selected_zero_not_shown,0,true
UIMARI,65,722,29,445,---,MARKER_TRIPLE_DASH,,0,selected_zero_not_shown,0,true
UIMARI,65,722,30,452,---,MARKER_TRIPLE_DASH,,0,selected_zero_not_shown,0,true
UIMARI,65,722,31,4A0,---,MARKER_TRIPLE_DASH,,0,selected_zero_not_shown,0,true
UIMARI,65,722,32,481,---,MARKER_TRIPLE_DASH,,0,selected_zero_not_shown,0,true
UIMARI,65,722,33,482,---,MARKER_TRIPLE_DASH,,0,selected_zero_not_shown,0,true
UIMARI,65,722,34,483,---,MARKER_TRIPLE_DASH,,0,selected_zero_not_shown,0,true
UIMARI,65,722,35,484,---,MARKER_TRIPLE_DASH,,0,selected_zero_not_shown,0,true
UIMARI,65,722,36,485,---,MARKER_TRIPLE_DASH,,0,selected_zero_not_shown,0,true
UIMARI,65,722,37,486,---,MARKER_TRIPLE_DASH,,0,selected_zero_not_shown,0,true
UIMARI,65,722,38,487OS,---,MARKER_TRIPLE_DASH,,0,selected_zero_not_shown,0,true
UIMARI,65,722,39,493,---,MARKER_TRIPLE_DASH,,0,selected_zero_not_shown,0,true
UIMARI,65,722,40,511,---,MARKER_TRIPLE_DASH,,0,selected_zero_not_shown,0,true
UIMARI,65,722,41,512,---,MARKER_TRIPLE_DASH,,0,selected_zero_not_shown,0,true
UIMARI,65,722,42,513,---,MARKER_TRIPLE_DASH,,0,selected_zero_not_shown,0,true
UIMARI,65,722,43,514,---,MARKER_TRIPLE_DASH,,0,selected_zero_not_shown,0,true
UIMARI,65,722,44,521CI,---,MARKER_TRIPLE_DASH,,0,selected_zero_not_shown,0,true
UIMARI,65,722,45,523,---,MARKER_TRIPLE_DASH,,0,selected_zero_not_shown,0,true
UIMARI,65,722,46,524,---,MARKER_TRIPLE_DASH,,0,selected_zero_not_shown,0,true
UIMARI,65,722,47,525,---,MARKER_TRIPLE_DASH,,0,selected_zero_not_shown,0,true
UIMARI,65,722,48,HS,---,MARKER_TRIPLE_DASH,,0,selected_zero_not_shown,0,true
UIMARI,65,722,49,ORE,---,MARKER_TRIPLE_DASH,,0,selected_zero_not_shown,0,true
UIMARI,65,722,50,532RL,---,MARKER_TRIPLE_DASH,,0,selected_zero_not_shown,0,true
UIMARI,65,722,51,5411,---,MARKER_TRIPLE_DASH,,0,selected_zero_not_shown,0,true
UIMARI,65,722,52,5415,---,MARKER_TRIPLE_DASH,,0,selected_zero_not_shown,0,true
UIMARI,65,722,53,5412OP,---,MARKER_TRIPLE_DASH,,0,selected_zero_not_shown,0,true
UIMARI,65,722,54,55,---,MARKER_TRIPLE_DASH,,0,selected_zero_not_shown,0,true
UIMARI,65,722,55,561,---,MARKER_TRIPLE_DASH,,0,selected_zero_not_shown,0,true
UIMARI,65,722,56,562,---,MARKER_TRIPLE_DASH,,0,selected_zero_not_shown,0,true
UIMARI,65,722,57,61,---,MARKER_TRIPLE_DASH,,0,selected_zero_not_shown,0,true
UIMARI,65,722,58,621,---,MARKER_TRIPLE_DASH,,0,selected_zero_not_shown,0,true
UIMARI,65,722,59,622,---,MARKER_TRIPLE_DASH,,0,selected_zero_not_shown,0,true
UIMARI,65,722,60,623,---,MARKER_TRIPLE_DASH,,0,selected_zero_not_shown,0,true
UIMARI,65,722,61,624,---,MARKER_TRIPLE_DASH,,0,selected_zero_not_shown,0,true
UIMARI,65,722,62,711AS,---,MARKER_TRIPLE_DASH,,0,selected_zero_not_shown,0,true
UIMARI,65,722,63,713,---,MARKER_TRIPLE_DASH,,0,selected_zero_not_shown,0,true
UIMARI,65,722,64,721,---,MARKER_TRIPLE_DASH,,0,selected_zero_not_shown,0,true
UIMARI,65,722,65,722,---,MARKER_TRIPLE_DASH,,0,selected_zero_not_shown,0,true
UIMARI,65,722,66,81,---,MARKER_TRIPLE_DASH,,0,selected_zero_not_shown,0,true
UIMARI,65,722,67,GFGD,---,MARKER_TRIPLE_DASH,,0,selected_zero_not_shown,0,true
UIMARI,65,722,68,GFGN,---,MARKER_TRIPLE_DASH,,0,selected_zero_not_shown,0,true
UIMARI,65,722,69,GFE,---,MARKER_TRIPLE_DASH,,0,selected_zero_not_shown,0,true
UIMARI,65,722,70,GSLG,---,MARKER_TRIPLE_DASH,,0,selected_zero_not_shown,0,true
UIMARI,65,722,71,GSLE,---,MARKER_TRIPLE_DASH,,0,selected_zero_not_shown,0,true
UIMARI,65,722,72,T001,---,MARKER_TRIPLE_DASH,,0,selected_zero_not_shown,0,true
UIMARI,65,722,73,F010,---,MARKER_TRIPLE_DASH,,0,selected_zero_not_shown,0,true
UIMARI,65,722,74,F02S,---,MARKER_TRIPLE_DASH,,0,selected_zero_not_shown,0,true
UIMARI,65,722,75,F02E,---,MARKER_TRIPLE_DASH,,0,selected_zero_not_shown,0,true
UIMARI,65,722,76,F02N,---,MARKER_TRIPLE_DASH,,0,selected_zero_not_shown,0,true
UIMARI,65,722,77,F02R,---,MARKER_TRIPLE_DASH,,0,selected_zero_not_shown,0,true
UIMARI,65,722,78,F030,---,MARKER_TRIPLE_DASH,,0,selected_zero_not_shown,0,true
UIMARI,65,722,79,F040,---,MARKER_TRIPLE_DASH,,0,selected_zero_not_shown,0,true
UIMARI,65,722,80,F050,---,MARKER_TRIPLE_DASH,,0,selected_zero_not_shown,0,true
UIMARI,65,722,81,F06C,---,MARKER_TRIPLE_DASH,,0,selected_zero_not_shown,0,true
UIMARI,65,722,82,F06S,---,MARKER_TRIPLE_DASH,,0,selected_zero_not_shown,0,true
UIMARI,65,722,83,F06E,---,MARKER_TRIPLE_DASH,,0,selected_zero_not_shown,0,true
UIMARI,65,722,84,F06N,---,MARKER_TRIPLE_DASH,,0,selected_zero_not_shown,0,true
UIMARI,65,722,85,F07C,---,MARKER_TRIPLE_DASH,,0,selected_zero_not_shown,0,true
UIMARI,65,722,86,F07S,---,MARKER_TRIPLE_DASH,,0,selected_zero_not_shown,0,true
UIMARI,65,722,87,F07E,---,MARKER_TRIPLE_DASH,,0,selected_zero_not_shown,0,true
UIMARI,65,722,88,F07N,---,MARKER_TRIPLE_DASH,,0,selected_zero_not_shown,0,true
UIMARI,65,722,89,F10C,---,MARKER_TRIPLE_DASH,,0,selected_zero_not_shown,0,true
UIMARI,65,722,90,F10S,---,MARKER_TRIPLE_DASH,,0,selected_zero_not_shown,0,true
UIMARI,65,722,91,F10E,---,MARKER_TRIPLE_DASH,,0,selected_zero_not_shown,0,true
UIMARI,65,722,92,F10N,---,MARKER_TRIPLE_DASH,,0,selected_zero_not_shown,0,true
UIMARI,65,722,93,T004,---,MARKER_TRIPLE_DASH,,0,selected_zero_not_shown,0,true
UIMARI,66,81,1,111CA,---,MARKER_TRIPLE_DASH,,0,selected_zero_not_shown,0,true
UIMARI,66,81,2,113FF,---,MARKER_TRIPLE_DASH,,0,selected_zero_not_shown,0,true
UIMARI,66,81,3,211,---,MARKER_TRIPLE_DASH,,0,selected_zero_not_shown,0,true
UIMARI,66,81,4,212,---,MARKER_TRIPLE_DASH,,0,selected_zero_not_shown,0,true
UIMARI,66,81,5,213,---,MARKER_TRIPLE_DASH,,0,selected_zero_not_shown,0,true
UIMARI,66,81,6,22,---,MARKER_TRIPLE_DASH,,0,selected_zero_not_shown,0,true
UIMARI,66,81,7,23,---,MARKER_TRIPLE_DASH,,0,selected_zero_not_shown,0,true
UIMARI,66,81,8,321,---,MARKER_TRIPLE_DASH,,0,selected_zero_not_shown,0,true
UIMARI,66,81,9,327,---,MARKER_TRIPLE_DASH,,0,selected_zero_not_shown,0,true
UIMARI,66,81,10,331,---,MARKER_TRIPLE_DASH,,0,selected_zero_not_shown,0,true
UIMARI,66,81,11,332,---,MARKER_TRIPLE_DASH,,0,selected_zero_not_shown,0,true
UIMARI,66,81,12,333,---,MARKER_TRIPLE_DASH,,0,selected_zero_not_shown,0,true
UIMARI,66,81,13,334,---,MARKER_TRIPLE_DASH,,0,selected_zero_not_shown,0,true
UIMARI,66,81,14,335,---,MARKER_TRIPLE_DASH,,0,selected_zero_not_shown,0,true
UIMARI,66,81,15,3361MV,---,MARKER_TRIPLE_DASH,,0,selected_zero_not_shown,0,true
UIMARI,66,81,16,3364OT,---,MARKER_TRIPLE_DASH,,0,selected_zero_not_shown,0,true
UIMARI,66,81,17,337,---,MARKER_TRIPLE_DASH,,0,selected_zero_not_shown,0,true
UIMARI,66,81,18,339,---,MARKER_TRIPLE_DASH,,0,selected_zero_not_shown,0,true
UIMARI,66,81,19,311FT,---,MARKER_TRIPLE_DASH,,0,selected_zero_not_shown,0,true
UIMARI,66,81,20,313TT,---,MARKER_TRIPLE_DASH,,0,selected_zero_not_shown,0,true
UIMARI,66,81,21,315AL,---,MARKER_TRIPLE_DASH,,0,selected_zero_not_shown,0,true
UIMARI,66,81,22,322,---,MARKER_TRIPLE_DASH,,0,selected_zero_not_shown,0,true
UIMARI,66,81,23,323,---,MARKER_TRIPLE_DASH,,0,selected_zero_not_shown,0,true
UIMARI,66,81,24,324,---,MARKER_TRIPLE_DASH,,0,selected_zero_not_shown,0,true
UIMARI,66,81,25,325,---,MARKER_TRIPLE_DASH,,0,selected_zero_not_shown,0,true
UIMARI,66,81,26,326,---,MARKER_TRIPLE_DASH,,0,selected_zero_not_shown,0,true
UIMARI,66,81,27,42,---,MARKER_TRIPLE_DASH,,0,selected_zero_not_shown,0,true
UIMARI,66,81,28,441,---,MARKER_TRIPLE_DASH,,0,selected_zero_not_shown,0,true
UIMARI,66,81,29,445,---,MARKER_TRIPLE_DASH,,0,selected_zero_not_shown,0,true
UIMARI,66,81,30,452,---,MARKER_TRIPLE_DASH,,0,selected_zero_not_shown,0,true
UIMARI,66,81,31,4A0,---,MARKER_TRIPLE_DASH,,0,selected_zero_not_shown,0,true
UIMARI,66,81,32,481,---,MARKER_TRIPLE_DASH,,0,selected_zero_not_shown,0,true
UIMARI,66,81,33,482,---,MARKER_TRIPLE_DASH,,0,selected_zero_not_shown,0,true
UIMARI,66,81,34,483,---,MARKER_TRIPLE_DASH,,0,selected_zero_not_shown,0,true
UIMARI,66,81,35,484,---,MARKER_TRIPLE_DASH,,0,selected_zero_not_shown,0,true
UIMARI,66,81,36,485,---,MARKER_TRIPLE_DASH,,0,selected_zero_not_shown,0,true
UIMARI,66,81,37,486,---,MARKER_TRIPLE_DASH,,0,selected_zero_not_shown,0,true
UIMARI,66,81,38,487OS,---,MARKER_TRIPLE_DASH,,0,selected_zero_not_shown,0,true
UIMARI,66,81,39,493,---,MARKER_TRIPLE_DASH,,0,selected_zero_not_shown,0,true
UIMARI,66,81,40,511,---,MARKER_TRIPLE_DASH,,0,selected_zero_not_shown,0,true
UIMARI,66,81,41,512,---,MARKER_TRIPLE_DASH,,0,selected_zero_not_shown,0,true
UIMARI,66,81,42,513,---,MARKER_TRIPLE_DASH,,0,selected_zero_not_shown,0,true
UIMARI,66,81,43,514,---,MARKER_TRIPLE_DASH,,0,selected_zero_not_shown,0,true
UIMARI,66,81,44,521CI,---,MARKER_TRIPLE_DASH,,0,selected_zero_not_shown,0,true
UIMARI,66,81,45,523,---,MARKER_TRIPLE_DASH,,0,selected_zero_not_shown,0,true
UIMARI,66,81,46,524,---,MARKER_TRIPLE_DASH,,0,selected_zero_not_shown,0,true
UIMARI,66,81,47,525,---,MARKER_TRIPLE_DASH,,0,selected_zero_not_shown,0,true
UIMARI,66,81,48,HS,---,MARKER_TRIPLE_DASH,,0,selected_zero_not_shown,0,true
UIMARI,66,81,49,ORE,---,MARKER_TRIPLE_DASH,,0,selected_zero_not_shown,0,true
UIMARI,66,81,50,532RL,---,MARKER_TRIPLE_DASH,,0,selected_zero_not_shown,0,true
UIMARI,66,81,51,5411,---,MARKER_TRIPLE_DASH,,0,selected_zero_not_shown,0,true
UIMARI,66,81,52,5415,---,MARKER_TRIPLE_DASH,,0,selected_zero_not_shown,0,true
UIMARI,66,81,53,5412OP,---,MARKER_TRIPLE_DASH,,0,selected_zero_not_shown,0,true
UIMARI,66,81,54,55,---,MARKER_TRIPLE_DASH,,0,selected_zero_not_shown,0,true
UIMARI,66,81,55,561,---,MARKER_TRIPLE_DASH,,0,selected_zero_not_shown,0,true
UIMARI,66,81,56,562,---,MARKER_TRIPLE_DASH,,0,selected_zero_not_shown,0,true
UIMARI,66,81,57,61,---,MARKER_TRIPLE_DASH,,0,selected_zero_not_shown,0,true
UIMARI,66,81,58,621,---,MARKER_TRIPLE_DASH,,0,selected_zero_not_shown,0,true
UIMARI,66,81,59,622,---,MARKER_TRIPLE_DASH,,0,selected_zero_not_shown,0,true
UIMARI,66,81,60,623,---,MARKER_TRIPLE_DASH,,0,selected_zero_not_shown,0,true
UIMARI,66,81,61,624,---,MARKER_TRIPLE_DASH,,0,selected_zero_not_shown,0,true
UIMARI,66,81,62,711AS,---,MARKER_TRIPLE_DASH,,0,selected_zero_not_shown,0,true
UIMARI,66,81,63,713,---,MARKER_TRIPLE_DASH,,0,selected_zero_not_shown,0,true
UIMARI,66,81,64,721,---,MARKER_TRIPLE_DASH,,0,selected_zero_not_shown,0,true
UIMARI,66,81,65,722,---,MARKER_TRIPLE_DASH,,0,selected_zero_not_shown,0,true
UIMARI,66,81,66,81,---,MARKER_TRIPLE_DASH,,0,selected_zero_not_shown,0,true
UIMARI,66,81,67,GFGD,---,MARKER_TRIPLE_DASH,,0,selected_zero_not_shown,0,true
UIMARI,66,81,68,GFGN,---,MARKER_TRIPLE_DASH,,0,selected_zero_not_shown,0,true
UIMARI,66,81,69,GFE,---,MARKER_TRIPLE_DASH,,0,selected_zero_not_shown,0,true
UIMARI,66,81,70,GSLG,---,MARKER_TRIPLE_DASH,,0,selected_zero_not_shown,0,true
UIMARI,66,81,71,GSLE,---,MARKER_TRIPLE_DASH,,0,selected_zero_not_shown,0,true
UIMARI,66,81,72,T001,---,MARKER_TRIPLE_DASH,,0,selected_zero_not_shown,0,true
UIMARI,66,81,73,F010,---,MARKER_TRIPLE_DASH,,0,selected_zero_not_shown,0,true
UIMARI,66,81,74,F02S,---,MARKER_TRIPLE_DASH,,0,selected_zero_not_shown,0,true
UIMARI,66,81,75,F02E,---,MARKER_TRIPLE_DASH,,0,selected_zero_not_shown,0,true
UIMARI,66,81,76,F02N,---,MARKER_TRIPLE_DASH,,0,selected_zero_not_shown,0,true
UIMARI,66,81,77,F02R,---,MARKER_TRIPLE_DASH,,0,selected_zero_not_shown,0,true
UIMARI,66,81,78,F030,---,MARKER_TRIPLE_DASH,,0,selected_zero_not_shown,0,true
UIMARI,66,81,79,F040,---,MARKER_TRIPLE_DASH,,0,selected_zero_not_shown,0,true
UIMARI,66,81,80,F050,---,MARKER_TRIPLE_DASH,,0,selected_zero_not_shown,0,true
UIMARI,66,81,81,F06C,---,MARKER_TRIPLE_DASH,,0,selected_zero_not_shown,0,true
UIMARI,66,81,82,F06S,---,MARKER_TRIPLE_DASH,,0,selected_zero_not_shown,0,true
UIMARI,66,81,83,F06E,---,MARKER_TRIPLE_DASH,,0,selected_zero_not_shown,0,true
UIMARI,66,81,84,F06N,---,MARKER_TRIPLE_DASH,,0,selected_zero_not_shown,0,true
UIMARI,66,81,85,F07C,---,MARKER_TRIPLE_DASH,,0,selected_zero_not_shown,0,true
UIMARI,66,81,86,F07S,---,MARKER_TRIPLE_DASH,,0,selected_zero_not_shown,0,true
UIMARI,66,81,87,F07E,---,MARKER_TRIPLE_DASH,,0,selected_zero_not_shown,0,true
UIMARI,66,81,88,F07N,---,MARKER_TRIPLE_DASH,,0,selected_zero_not_shown,0,true
UIMARI,66,81,89,F10C,---,MARKER_TRIPLE_DASH,,0,selected_zero_not_shown,0,true
UIMARI,66,81,90,F10S,---,MARKER_TRIPLE_DASH,,0,selected_zero_not_shown,0,true
UIMARI,66,81,91,F10E,---,MARKER_TRIPLE_DASH,,0,selected_zero_not_shown,0,true
UIMARI,66,81,92,F10N,---,MARKER_TRIPLE_DASH,,0,selected_zero_not_shown,0,true
UIMARI,66,81,93,T004,---,MARKER_TRIPLE_DASH,,0,selected_zero_not_shown,0,true
UIMARI,67,GFGD,1,111CA,---,MARKER_TRIPLE_DASH,,0,selected_zero_not_shown,0,true
UIMARI,67,GFGD,2,113FF,---,MARKER_TRIPLE_DASH,,0,selected_zero_not_shown,0,true
UIMARI,67,GFGD,3,211,---,MARKER_TRIPLE_DASH,,0,selected_zero_not_shown,0,true
UIMARI,67,GFGD,4,212,---,MARKER_TRIPLE_DASH,,0,selected_zero_not_shown,0,true
UIMARI,67,GFGD,5,213,---,MARKER_TRIPLE_DASH,,0,selected_zero_not_shown,0,true
UIMARI,67,GFGD,6,22,---,MARKER_TRIPLE_DASH,,0,selected_zero_not_shown,0,true
UIMARI,67,GFGD,7,23,---,MARKER_TRIPLE_DASH,,0,selected_zero_not_shown,0,true
UIMARI,67,GFGD,8,321,---,MARKER_TRIPLE_DASH,,0,selected_zero_not_shown,0,true
UIMARI,67,GFGD,9,327,---,MARKER_TRIPLE_DASH,,0,selected_zero_not_shown,0,true
UIMARI,67,GFGD,10,331,---,MARKER_TRIPLE_DASH,,0,selected_zero_not_shown,0,true
UIMARI,67,GFGD,11,332,---,MARKER_TRIPLE_DASH,,0,selected_zero_not_shown,0,true
UIMARI,67,GFGD,12,333,---,MARKER_TRIPLE_DASH,,0,selected_zero_not_shown,0,true
UIMARI,67,GFGD,13,334,---,MARKER_TRIPLE_DASH,,0,selected_zero_not_shown,0,true
UIMARI,67,GFGD,14,335,---,MARKER_TRIPLE_DASH,,0,selected_zero_not_shown,0,true
UIMARI,67,GFGD,15,3361MV,---,MARKER_TRIPLE_DASH,,0,selected_zero_not_shown,0,true
UIMARI,67,GFGD,16,3364OT,---,MARKER_TRIPLE_DASH,,0,selected_zero_not_shown,0,true
UIMARI,67,GFGD,17,337,---,MARKER_TRIPLE_DASH,,0,selected_zero_not_shown,0,true
UIMARI,67,GFGD,18,339,---,MARKER_TRIPLE_DASH,,0,selected_zero_not_shown,0,true
UIMARI,67,GFGD,19,311FT,---,MARKER_TRIPLE_DASH,,0,selected_zero_not_shown,0,true
UIMARI,67,GFGD,20,313TT,---,MARKER_TRIPLE_DASH,,0,selected_zero_not_shown,0,true
UIMARI,67,GFGD,21,315AL,---,MARKER_TRIPLE_DASH,,0,selected_zero_not_shown,0,true
UIMARI,67,GFGD,22,322,---,MARKER_TRIPLE_DASH,,0,selected_zero_not_shown,0,true
UIMARI,67,GFGD,23,323,---,MARKER_TRIPLE_DASH,,0,selected_zero_not_shown,0,true
UIMARI,67,GFGD,24,324,---,MARKER_TRIPLE_DASH,,0,selected_zero_not_shown,0,true
UIMARI,67,GFGD,25,325,---,MARKER_TRIPLE_DASH,,0,selected_zero_not_shown,0,true
UIMARI,67,GFGD,26,326,---,MARKER_TRIPLE_DASH,,0,selected_zero_not_shown,0,true
UIMARI,67,GFGD,27,42,---,MARKER_TRIPLE_DASH,,0,selected_zero_not_shown,0,true
UIMARI,67,GFGD,28,441,---,MARKER_TRIPLE_DASH,,0,selected_zero_not_shown,0,true
UIMARI,67,GFGD,29,445,---,MARKER_TRIPLE_DASH,,0,selected_zero_not_shown,0,true
UIMARI,67,GFGD,30,452,---,MARKER_TRIPLE_DASH,,0,selected_zero_not_shown,0,true
UIMARI,67,GFGD,31,4A0,---,MARKER_TRIPLE_DASH,,0,selected_zero_not_shown,0,true
UIMARI,67,GFGD,32,481,---,MARKER_TRIPLE_DASH,,0,selected_zero_not_shown,0,true
UIMARI,67,GFGD,33,482,---,MARKER_TRIPLE_DASH,,0,selected_zero_not_shown,0,true
UIMARI,67,GFGD,34,483,---,MARKER_TRIPLE_DASH,,0,selected_zero_not_shown,0,true
UIMARI,67,GFGD,35,484,---,MARKER_TRIPLE_DASH,,0,selected_zero_not_shown,0,true
UIMARI,67,GFGD,36,485,---,MARKER_TRIPLE_DASH,,0,selected_zero_not_shown,0,true
UIMARI,67,GFGD,37,486,---,MARKER_TRIPLE_DASH,,0,selected_zero_not_shown,0,true
UIMARI,67,GFGD,38,487OS,---,MARKER_TRIPLE_DASH,,0,selected_zero_not_shown,0,true
UIMARI,67,GFGD,39,493,---,MARKER_TRIPLE_DASH,,0,selected_zero_not_shown,0,true
UIMARI,67,GFGD,40,511,---,MARKER_TRIPLE_DASH,,0,selected_zero_not_shown,0,true
UIMARI,67,GFGD,41,512,---,MARKER_TRIPLE_DASH,,0,selected_zero_not_shown,0,true
UIMARI,67,GFGD,42,513,---,MARKER_TRIPLE_DASH,,0,selected_zero_not_shown,0,true
UIMARI,67,GFGD,43,514,---,MARKER_TRIPLE_DASH,,0,selected_zero_not_shown,0,true
UIMARI,67,GFGD,44,521CI,---,MARKER_TRIPLE_DASH,,0,selected_zero_not_shown,0,true
UIMARI,67,GFGD,45,523,---,MARKER_TRIPLE_DASH,,0,selected_zero_not_shown,0,true
UIMARI,67,GFGD,46,524,---,MARKER_TRIPLE_DASH,,0,selected_zero_not_shown,0,true
UIMARI,67,GFGD,47,525,---,MARKER_TRIPLE_DASH,,0,selected_zero_not_shown,0,true
UIMARI,67,GFGD,48,HS,---,MARKER_TRIPLE_DASH,,0,selected_zero_not_shown,0,true
UIMARI,67,GFGD,49,ORE,---,MARKER_TRIPLE_DASH,,0,selected_zero_not_shown,0,true
UIMARI,67,GFGD,50,532RL,---,MARKER_TRIPLE_DASH,,0,selected_zero_not_shown,0,true
UIMARI,67,GFGD,51,5411,---,MARKER_TRIPLE_DASH,,0,selected_zero_not_shown,0,true
UIMARI,67,GFGD,52,5415,---,MARKER_TRIPLE_DASH,,0,selected_zero_not_shown,0,true
UIMARI,67,GFGD,53,5412OP,---,MARKER_TRIPLE_DASH,,0,selected_zero_not_shown,0,true
UIMARI,67,GFGD,54,55,---,MARKER_TRIPLE_DASH,,0,selected_zero_not_shown,0,true
UIMARI,67,GFGD,55,561,---,MARKER_TRIPLE_DASH,,0,selected_zero_not_shown,0,true
UIMARI,67,GFGD,56,562,---,MARKER_TRIPLE_DASH,,0,selected_zero_not_shown,0,true
UIMARI,67,GFGD,57,61,---,MARKER_TRIPLE_DASH,,0,selected_zero_not_shown,0,true
UIMARI,67,GFGD,58,621,---,MARKER_TRIPLE_DASH,,0,selected_zero_not_shown,0,true
UIMARI,67,GFGD,59,622,---,MARKER_TRIPLE_DASH,,0,selected_zero_not_shown,0,true
UIMARI,67,GFGD,60,623,---,MARKER_TRIPLE_DASH,,0,selected_zero_not_shown,0,true
UIMARI,67,GFGD,61,624,---,MARKER_TRIPLE_DASH,,0,selected_zero_not_shown,0,true
UIMARI,67,GFGD,62,711AS,---,MARKER_TRIPLE_DASH,,0,selected_zero_not_shown,0,true
UIMARI,67,GFGD,63,713,---,MARKER_TRIPLE_DASH,,0,selected_zero_not_shown,0,true
UIMARI,67,GFGD,64,721,---,MARKER_TRIPLE_DASH,,0,selected_zero_not_shown,0,true
UIMARI,67,GFGD,65,722,---,MARKER_TRIPLE_DASH,,0,selected_zero_not_shown,0,true
UIMARI,67,GFGD,66,81,---,MARKER_TRIPLE_DASH,,0,selected_zero_not_shown,0,true
UIMARI,67,GFGD,67,GFGD,---,MARKER_TRIPLE_DASH,,0,selected_zero_not_shown,0,true
UIMARI,67,GFGD,68,GFGN,---,MARKER_TRIPLE_DASH,,0,selected_zero_not_shown,0,true
UIMARI,67,GFGD,69,GFE,---,MARKER_TRIPLE_DASH,,0,selected_zero_not_shown,0,true
UIMARI,67,GFGD,70,GSLG,---,MARKER_TRIPLE_DASH,,0,selected_zero_not_shown,0,true
UIMARI,67,GFGD,71,GSLE,---,MARKER_TRIPLE_DASH,,0,selected_zero_not_shown,0,true
UIMARI,67,GFGD,72,T001,---,MARKER_TRIPLE_DASH,,0,selected_zero_not_shown,0,true
UIMARI,67,GFGD,73,F010,---,MARKER_TRIPLE_DASH,,0,selected_zero_not_shown,0,true
UIMARI,67,GFGD,74,F02S,---,MARKER_TRIPLE_DASH,,0,selected_zero_not_shown,0,true
UIMARI,67,GFGD,75,F02E,---,MARKER_TRIPLE_DASH,,0,selected_zero_not_shown,0,true
UIMARI,67,GFGD,76,F02N,---,MARKER_TRIPLE_DASH,,0,selected_zero_not_shown,0,true
UIMARI,67,GFGD,77,F02R,---,MARKER_TRIPLE_DASH,,0,selected_zero_not_shown,0,true
UIMARI,67,GFGD,78,F030,---,MARKER_TRIPLE_DASH,,0,selected_zero_not_shown,0,true
UIMARI,67,GFGD,79,F040,---,MARKER_TRIPLE_DASH,,0,selected_zero_not_shown,0,true
UIMARI,67,GFGD,80,F050,---,MARKER_TRIPLE_DASH,,0,selected_zero_not_shown,0,true
UIMARI,67,GFGD,81,F06C,---,MARKER_TRIPLE_DASH,,0,selected_zero_not_shown,0,true
UIMARI,67,GFGD,82,F06S,---,MARKER_TRIPLE_DASH,,0,selected_zero_not_shown,0,true
UIMARI,67,GFGD,83,F06E,---,MARKER_TRIPLE_DASH,,0,selected_zero_not_shown,0,true
UIMARI,67,GFGD,84,F06N,---,MARKER_TRIPLE_DASH,,0,selected_zero_not_shown,0,true
UIMARI,67,GFGD,85,F07C,---,MARKER_TRIPLE_DASH,,0,selected_zero_not_shown,0,true
UIMARI,67,GFGD,86,F07S,---,MARKER_TRIPLE_DASH,,0,selected_zero_not_shown,0,true
UIMARI,67,GFGD,87,F07E,---,MARKER_TRIPLE_DASH,,0,selected_zero_not_shown,0,true
UIMARI,67,GFGD,88,F07N,---,MARKER_TRIPLE_DASH,,0,selected_zero_not_shown,0,true
UIMARI,67,GFGD,89,F10C,---,MARKER_TRIPLE_DASH,,0,selected_zero_not_shown,0,true
UIMARI,67,GFGD,90,F10S,---,MARKER_TRIPLE_DASH,,0,selected_zero_not_shown,0,true
UIMARI,67,GFGD,91,F10E,---,MARKER_TRIPLE_DASH,,0,selected_zero_not_shown,0,true
UIMARI,67,GFGD,92,F10N,---,MARKER_TRIPLE_DASH,,0,selected_zero_not_shown,0,true
UIMARI,67,GFGD,93,T004,---,MARKER_TRIPLE_DASH,,0,selected_zero_not_shown,0,true
UIMARI,68,GFGN,1,111CA,---,MARKER_TRIPLE_DASH,,0,selected_zero_not_shown,0,true
UIMARI,68,GFGN,2,113FF,---,MARKER_TRIPLE_DASH,,0,selected_zero_not_shown,0,true
UIMARI,68,GFGN,3,211,---,MARKER_TRIPLE_DASH,,0,selected_zero_not_shown,0,true
UIMARI,68,GFGN,4,212,---,MARKER_TRIPLE_DASH,,0,selected_zero_not_shown,0,true
UIMARI,68,GFGN,5,213,---,MARKER_TRIPLE_DASH,,0,selected_zero_not_shown,0,true
UIMARI,68,GFGN,6,22,---,MARKER_TRIPLE_DASH,,0,selected_zero_not_shown,0,true
UIMARI,68,GFGN,7,23,---,MARKER_TRIPLE_DASH,,0,selected_zero_not_shown,0,true
UIMARI,68,GFGN,8,321,---,MARKER_TRIPLE_DASH,,0,selected_zero_not_shown,0,true
UIMARI,68,GFGN,9,327,---,MARKER_TRIPLE_DASH,,0,selected_zero_not_shown,0,true
UIMARI,68,GFGN,10,331,---,MARKER_TRIPLE_DASH,,0,selected_zero_not_shown,0,true
UIMARI,68,GFGN,11,332,---,MARKER_TRIPLE_DASH,,0,selected_zero_not_shown,0,true
UIMARI,68,GFGN,12,333,---,MARKER_TRIPLE_DASH,,0,selected_zero_not_shown,0,true
UIMARI,68,GFGN,13,334,---,MARKER_TRIPLE_DASH,,0,selected_zero_not_shown,0,true
UIMARI,68,GFGN,14,335,---,MARKER_TRIPLE_DASH,,0,selected_zero_not_shown,0,true
UIMARI,68,GFGN,15,3361MV,---,MARKER_TRIPLE_DASH,,0,selected_zero_not_shown,0,true
UIMARI,68,GFGN,16,3364OT,---,MARKER_TRIPLE_DASH,,0,selected_zero_not_shown,0,true
UIMARI,68,GFGN,17,337,---,MARKER_TRIPLE_DASH,,0,selected_zero_not_shown,0,true
UIMARI,68,GFGN,18,339,---,MARKER_TRIPLE_DASH,,0,selected_zero_not_shown,0,true
UIMARI,68,GFGN,19,311FT,---,MARKER_TRIPLE_DASH,,0,selected_zero_not_shown,0,true
UIMARI,68,GFGN,20,313TT,---,MARKER_TRIPLE_DASH,,0,selected_zero_not_shown,0,true
UIMARI,68,GFGN,21,315AL,---,MARKER_TRIPLE_DASH,,0,selected_zero_not_shown,0,true
UIMARI,68,GFGN,22,322,---,MARKER_TRIPLE_DASH,,0,selected_zero_not_shown,0,true
UIMARI,68,GFGN,23,323,---,MARKER_TRIPLE_DASH,,0,selected_zero_not_shown,0,true
UIMARI,68,GFGN,24,324,---,MARKER_TRIPLE_DASH,,0,selected_zero_not_shown,0,true
UIMARI,68,GFGN,25,325,---,MARKER_TRIPLE_DASH,,0,selected_zero_not_shown,0,true
UIMARI,68,GFGN,26,326,---,MARKER_TRIPLE_DASH,,0,selected_zero_not_shown,0,true
UIMARI,68,GFGN,27,42,---,MARKER_TRIPLE_DASH,,0,selected_zero_not_shown,0,true
UIMARI,68,GFGN,28,441,---,MARKER_TRIPLE_DASH,,0,selected_zero_not_shown,0,true
UIMARI,68,GFGN,29,445,---,MARKER_TRIPLE_DASH,,0,selected_zero_not_shown,0,true
UIMARI,68,GFGN,30,452,---,MARKER_TRIPLE_DASH,,0,selected_zero_not_shown,0,true
UIMARI,68,GFGN,31,4A0,---,MARKER_TRIPLE_DASH,,0,selected_zero_not_shown,0,true
UIMARI,68,GFGN,32,481,---,MARKER_TRIPLE_DASH,,0,selected_zero_not_shown,0,true
UIMARI,68,GFGN,33,482,---,MARKER_TRIPLE_DASH,,0,selected_zero_not_shown,0,true
UIMARI,68,GFGN,34,483,---,MARKER_TRIPLE_DASH,,0,selected_zero_not_shown,0,true
UIMARI,68,GFGN,35,484,---,MARKER_TRIPLE_DASH,,0,selected_zero_not_shown,0,true
UIMARI,68,GFGN,36,485,---,MARKER_TRIPLE_DASH,,0,selected_zero_not_shown,0,true
UIMARI,68,GFGN,37,486,---,MARKER_TRIPLE_DASH,,0,selected_zero_not_shown,0,true
UIMARI,68,GFGN,38,487OS,---,MARKER_TRIPLE_DASH,,0,selected_zero_not_shown,0,true
UIMARI,68,GFGN,39,493,---,MARKER_TRIPLE_DASH,,0,selected_zero_not_shown,0,true
UIMARI,68,GFGN,40,511,---,MARKER_TRIPLE_DASH,,0,selected_zero_not_shown,0,true
UIMARI,68,GFGN,41,512,---,MARKER_TRIPLE_DASH,,0,selected_zero_not_shown,0,true
UIMARI,68,GFGN,42,513,---,MARKER_TRIPLE_DASH,,0,selected_zero_not_shown,0,true
UIMARI,68,GFGN,43,514,---,MARKER_TRIPLE_DASH,,0,selected_zero_not_shown,0,true
UIMARI,68,GFGN,44,521CI,---,MARKER_TRIPLE_DASH,,0,selected_zero_not_shown,0,true
UIMARI,68,GFGN,45,523,---,MARKER_TRIPLE_DASH,,0,selected_zero_not_shown,0,true
UIMARI,68,GFGN,46,524,---,MARKER_TRIPLE_DASH,,0,selected_zero_not_shown,0,true
UIMARI,68,GFGN,47,525,---,MARKER_TRIPLE_DASH,,0,selected_zero_not_shown,0,true
UIMARI,68,GFGN,48,HS,---,MARKER_TRIPLE_DASH,,0,selected_zero_not_shown,0,true
UIMARI,68,GFGN,49,ORE,---,MARKER_TRIPLE_DASH,,0,selected_zero_not_shown,0,true
UIMARI,68,GFGN,50,532RL,---,MARKER_TRIPLE_DASH,,0,selected_zero_not_shown,0,true
UIMARI,68,GFGN,51,5411,---,MARKER_TRIPLE_DASH,,0,selected_zero_not_shown,0,true
UIMARI,68,GFGN,52,5415,---,MARKER_TRIPLE_DASH,,0,selected_zero_not_shown,0,true
UIMARI,68,GFGN,53,5412OP,---,MARKER_TRIPLE_DASH,,0,selected_zero_not_shown,0,true
UIMARI,68,GFGN,54,55,---,MARKER_TRIPLE_DASH,,0,selected_zero_not_shown,0,true
UIMARI,68,GFGN,55,561,---,MARKER_TRIPLE_DASH,,0,selected_zero_not_shown,0,true
UIMARI,68,GFGN,56,562,---,MARKER_TRIPLE_DASH,,0,selected_zero_not_shown,0,true
UIMARI,68,GFGN,57,61,---,MARKER_TRIPLE_DASH,,0,selected_zero_not_shown,0,true
UIMARI,68,GFGN,58,621,---,MARKER_TRIPLE_DASH,,0,selected_zero_not_shown,0,true
UIMARI,68,GFGN,59,622,---,MARKER_TRIPLE_DASH,,0,selected_zero_not_shown,0,true
UIMARI,68,GFGN,60,623,---,MARKER_TRIPLE_DASH,,0,selected_zero_not_shown,0,true
UIMARI,68,GFGN,61,624,---,MARKER_TRIPLE_DASH,,0,selected_zero_not_shown,0,true
UIMARI,68,GFGN,62,711AS,---,MARKER_TRIPLE_DASH,,0,selected_zero_not_shown,0,true
UIMARI,68,GFGN,63,713,---,MARKER_TRIPLE_DASH,,0,selected_zero_not_shown,0,true
UIMARI,68,GFGN,64,721,---,MARKER_TRIPLE_DASH,,0,selected_zero_not_shown,0,true
UIMARI,68,GFGN,65,722,---,MARKER_TRIPLE_DASH,,0,selected_zero_not_shown,0,true
UIMARI,68,GFGN,66,81,---,MARKER_TRIPLE_DASH,,0,selected_zero_not_shown,0,true
UIMARI,68,GFGN,67,GFGD,---,MARKER_TRIPLE_DASH,,0,selected_zero_not_shown,0,true
UIMARI,68,GFGN,68,GFGN,---,MARKER_TRIPLE_DASH,,0,selected_zero_not_shown,0,true
UIMARI,68,GFGN,69,GFE,---,MARKER_TRIPLE_DASH,,0,selected_zero_not_shown,0,true
UIMARI,68,GFGN,70,GSLG,---,MARKER_TRIPLE_DASH,,0,selected_zero_not_shown,0,true
UIMARI,68,GFGN,71,GSLE,---,MARKER_TRIPLE_DASH,,0,selected_zero_not_shown,0,true
UIMARI,68,GFGN,72,T001,---,MARKER_TRIPLE_DASH,,0,selected_zero_not_shown,0,true
UIMARI,68,GFGN,73,F010,---,MARKER_TRIPLE_DASH,,0,selected_zero_not_shown,0,true
UIMARI,68,GFGN,74,F02S,---,MARKER_TRIPLE_DASH,,0,selected_zero_not_shown,0,true
UIMARI,68,GFGN,75,F02E,---,MARKER_TRIPLE_DASH,,0,selected_zero_not_shown,0,true
UIMARI,68,GFGN,76,F02N,---,MARKER_TRIPLE_DASH,,0,selected_zero_not_shown,0,true
UIMARI,68,GFGN,77,F02R,---,MARKER_TRIPLE_DASH,,0,selected_zero_not_shown,0,true
UIMARI,68,GFGN,78,F030,---,MARKER_TRIPLE_DASH,,0,selected_zero_not_shown,0,true
UIMARI,68,GFGN,79,F040,---,MARKER_TRIPLE_DASH,,0,selected_zero_not_shown,0,true
UIMARI,68,GFGN,80,F050,---,MARKER_TRIPLE_DASH,,0,selected_zero_not_shown,0,true
UIMARI,68,GFGN,81,F06C,---,MARKER_TRIPLE_DASH,,0,selected_zero_not_shown,0,true
UIMARI,68,GFGN,82,F06S,---,MARKER_TRIPLE_DASH,,0,selected_zero_not_shown,0,true
UIMARI,68,GFGN,83,F06E,---,MARKER_TRIPLE_DASH,,0,selected_zero_not_shown,0,true
UIMARI,68,GFGN,84,F06N,---,MARKER_TRIPLE_DASH,,0,selected_zero_not_shown,0,true
UIMARI,68,GFGN,85,F07C,---,MARKER_TRIPLE_DASH,,0,selected_zero_not_shown,0,true
UIMARI,68,GFGN,86,F07S,---,MARKER_TRIPLE_DASH,,0,selected_zero_not_shown,0,true
UIMARI,68,GFGN,87,F07E,---,MARKER_TRIPLE_DASH,,0,selected_zero_not_shown,0,true
UIMARI,68,GFGN,88,F07N,---,MARKER_TRIPLE_DASH,,0,selected_zero_not_shown,0,true
UIMARI,68,GFGN,89,F10C,---,MARKER_TRIPLE_DASH,,0,selected_zero_not_shown,0,true
UIMARI,68,GFGN,90,F10S,---,MARKER_TRIPLE_DASH,,0,selected_zero_not_shown,0,true
UIMARI,68,GFGN,91,F10E,---,MARKER_TRIPLE_DASH,,0,selected_zero_not_shown,0,true
UIMARI,68,GFGN,92,F10N,---,MARKER_TRIPLE_DASH,,0,selected_zero_not_shown,0,true
UIMARI,68,GFGN,93,T004,---,MARKER_TRIPLE_DASH,,0,selected_zero_not_shown,0,true
UIMARI,69,GFE,1,111CA,0,LITERAL_ZERO,0,0,numeric,0,true
UIMARI,69,GFE,2,113FF,0,LITERAL_ZERO,0,0,numeric,0,true
UIMARI,69,GFE,3,211,---,MARKER_TRIPLE_DASH,,0,selected_zero_not_shown,0,true
UIMARI,69,GFE,4,212,0,LITERAL_ZERO,0,0,numeric,0,true
UIMARI,69,GFE,5,213,---,MARKER_TRIPLE_DASH,,0,selected_zero_not_shown,0,true
UIMARI,69,GFE,6,22,1,NONZERO_INTEGER,1,1,numeric,1,true
UIMARI,69,GFE,7,23,0,LITERAL_ZERO,0,0,numeric,0,true
UIMARI,69,GFE,8,321,---,MARKER_TRIPLE_DASH,,0,selected_zero_not_shown,0,true
UIMARI,69,GFE,9,327,---,MARKER_TRIPLE_DASH,,0,selected_zero_not_shown,0,true
UIMARI,69,GFE,10,331,0,LITERAL_ZERO,0,0,numeric,0,true
UIMARI,69,GFE,11,332,0,LITERAL_ZERO,0,0,numeric,0,true
UIMARI,69,GFE,12,333,0,LITERAL_ZERO,0,0,numeric,0,true
UIMARI,69,GFE,13,334,0,LITERAL_ZERO,0,0,numeric,0,true
UIMARI,69,GFE,14,335,0,LITERAL_ZERO,0,0,numeric,0,true
UIMARI,69,GFE,15,3361MV,---,MARKER_TRIPLE_DASH,,0,selected_zero_not_shown,0,true
UIMARI,69,GFE,16,3364OT,---,MARKER_TRIPLE_DASH,,0,selected_zero_not_shown,0,true
UIMARI,69,GFE,17,337,---,MARKER_TRIPLE_DASH,,0,selected_zero_not_shown,0,true
UIMARI,69,GFE,18,339,0,LITERAL_ZERO,0,0,numeric,0,true
UIMARI,69,GFE,19,311FT,---,MARKER_TRIPLE_DASH,,0,selected_zero_not_shown,0,true
UIMARI,69,GFE,20,313TT,0,LITERAL_ZERO,0,0,numeric,0,true
UIMARI,69,GFE,21,315AL,---,MARKER_TRIPLE_DASH,,0,selected_zero_not_shown,0,true
UIMARI,69,GFE,22,322,---,MARKER_TRIPLE_DASH,,0,selected_zero_not_shown,0,true
UIMARI,69,GFE,23,323,0,LITERAL_ZERO,0,0,numeric,0,true
UIMARI,69,GFE,24,324,0,LITERAL_ZERO,0,0,numeric,0,true
UIMARI,69,GFE,25,325,0,LITERAL_ZERO,0,0,numeric,0,true
UIMARI,69,GFE,26,326,---,MARKER_TRIPLE_DASH,,0,selected_zero_not_shown,0,true
UIMARI,69,GFE,27,42,54,NONZERO_INTEGER,54,54,numeric,54,true
UIMARI,69,GFE,28,441,3,NONZERO_INTEGER,3,3,numeric,3,true
UIMARI,69,GFE,29,445,2,NONZERO_INTEGER,2,2,numeric,2,true
UIMARI,69,GFE,30,452,1,NONZERO_INTEGER,1,1,numeric,1,true
UIMARI,69,GFE,31,4A0,15,NONZERO_INTEGER,15,15,numeric,15,true
UIMARI,69,GFE,32,481,0,LITERAL_ZERO,0,0,numeric,0,true
UIMARI,69,GFE,33,482,---,MARKER_TRIPLE_DASH,,0,selected_zero_not_shown,0,true
UIMARI,69,GFE,34,483,7,NONZERO_INTEGER,7,7,numeric,7,true
UIMARI,69,GFE,35,484,7,NONZERO_INTEGER,7,7,numeric,7,true
UIMARI,69,GFE,36,485,2,NONZERO_INTEGER,2,2,numeric,2,true
UIMARI,69,GFE,37,486,0,LITERAL_ZERO,0,0,numeric,0,true
UIMARI,69,GFE,38,487OS,2,NONZERO_INTEGER,2,2,numeric,2,true
UIMARI,69,GFE,39,493,1,NONZERO_INTEGER,1,1,numeric,1,true
UIMARI,69,GFE,40,511,1,NONZERO_INTEGER,1,1,numeric,1,true
UIMARI,69,GFE,41,512,1,NONZERO_INTEGER,1,1,numeric,1,true
UIMARI,69,GFE,42,513,0,LITERAL_ZERO,0,0,numeric,0,true
UIMARI,69,GFE,43,514,4,NONZERO_INTEGER,4,4,numeric,4,true
UIMARI,69,GFE,44,521CI,3,NONZERO_INTEGER,3,3,numeric,3,true
UIMARI,69,GFE,45,523,6,NONZERO_INTEGER,6,6,numeric,6,true
UIMARI,69,GFE,46,524,0,LITERAL_ZERO,0,0,numeric,0,true
UIMARI,69,GFE,47,525,---,MARKER_TRIPLE_DASH,,0,selected_zero_not_shown,0,true
UIMARI,69,GFE,48,HS,0,LITERAL_ZERO,0,0,numeric,0,true
UIMARI,69,GFE,49,ORE,2,NONZERO_INTEGER,2,2,numeric,2,true
UIMARI,69,GFE,50,532RL,7,NONZERO_INTEGER,7,7,numeric,7,true
UIMARI,69,GFE,51,5411,1,NONZERO_INTEGER,1,1,numeric,1,true
UIMARI,69,GFE,52,5415,1,NONZERO_INTEGER,1,1,numeric,1,true
UIMARI,69,GFE,53,5412OP,6,NONZERO_INTEGER,6,6,numeric,6,true
UIMARI,69,GFE,54,55,1,NONZERO_INTEGER,1,1,numeric,1,true
UIMARI,69,GFE,55,561,3,NONZERO_INTEGER,3,3,numeric,3,true
UIMARI,69,GFE,56,562,0,LITERAL_ZERO,0,0,numeric,0,true
UIMARI,69,GFE,57,61,0,LITERAL_ZERO,0,0,numeric,0,true
UIMARI,69,GFE,58,621,4,NONZERO_INTEGER,4,4,numeric,4,true
UIMARI,69,GFE,59,622,10,NONZERO_INTEGER,10,10,numeric,10,true
UIMARI,69,GFE,60,623,1,NONZERO_INTEGER,1,1,numeric,1,true
UIMARI,69,GFE,61,624,1,NONZERO_INTEGER,1,1,numeric,1,true
UIMARI,69,GFE,62,711AS,1,NONZERO_INTEGER,1,1,numeric,1,true
UIMARI,69,GFE,63,713,0,LITERAL_ZERO,0,0,numeric,0,true
UIMARI,69,GFE,64,721,3,NONZERO_INTEGER,3,3,numeric,3,true
UIMARI,69,GFE,65,722,24,NONZERO_INTEGER,24,24,numeric,24,true
UIMARI,69,GFE,66,81,2,NONZERO_INTEGER,2,2,numeric,2,true
UIMARI,69,GFE,67,GFGD,---,MARKER_TRIPLE_DASH,,0,selected_zero_not_shown,0,true
UIMARI,69,GFE,68,GFGN,---,MARKER_TRIPLE_DASH,,0,selected_zero_not_shown,0,true
UIMARI,69,GFE,69,GFE,0,LITERAL_ZERO,0,0,numeric,0,true
UIMARI,69,GFE,70,GSLG,6,NONZERO_INTEGER,6,6,numeric,6,true
UIMARI,69,GFE,71,GSLE,0,LITERAL_ZERO,0,0,numeric,0,true
UIMARI,69,GFE,72,T001,184,NONZERO_INTEGER,184,184,numeric,184,true
UIMARI,69,GFE,73,F010,13,NONZERO_INTEGER,13,13,numeric,13,true
UIMARI,69,GFE,74,F02S,---,MARKER_TRIPLE_DASH,,0,selected_zero_not_shown,0,true
UIMARI,69,GFE,75,F02E,---,MARKER_TRIPLE_DASH,,0,selected_zero_not_shown,0,true
UIMARI,69,GFE,76,F02N,---,MARKER_TRIPLE_DASH,,0,selected_zero_not_shown,0,true
UIMARI,69,GFE,77,F02R,---,MARKER_TRIPLE_DASH,,0,selected_zero_not_shown,0,true
UIMARI,69,GFE,78,F030,---,MARKER_TRIPLE_DASH,,0,selected_zero_not_shown,0,true
UIMARI,69,GFE,79,F040,---,MARKER_TRIPLE_DASH,,0,selected_zero_not_shown,0,true
UIMARI,69,GFE,80,F050,-197,NONZERO_INTEGER,-197,-197,numeric,-197,true
UIMARI,69,GFE,81,F06C,---,MARKER_TRIPLE_DASH,,0,selected_zero_not_shown,0,true
UIMARI,69,GFE,82,F06S,---,MARKER_TRIPLE_DASH,,0,selected_zero_not_shown,0,true
UIMARI,69,GFE,83,F06E,---,MARKER_TRIPLE_DASH,,0,selected_zero_not_shown,0,true
UIMARI,69,GFE,84,F06N,---,MARKER_TRIPLE_DASH,,0,selected_zero_not_shown,0,true
UIMARI,69,GFE,85,F07C,---,MARKER_TRIPLE_DASH,,0,selected_zero_not_shown,0,true
UIMARI,69,GFE,86,F07S,---,MARKER_TRIPLE_DASH,,0,selected_zero_not_shown,0,true
UIMARI,69,GFE,87,F07E,---,MARKER_TRIPLE_DASH,,0,selected_zero_not_shown,0,true
UIMARI,69,GFE,88,F07N,---,MARKER_TRIPLE_DASH,,0,selected_zero_not_shown,0,true
UIMARI,69,GFE,89,F10C,---,MARKER_TRIPLE_DASH,,0,selected_zero_not_shown,0,true
UIMARI,69,GFE,90,F10S,---,MARKER_TRIPLE_DASH,,0,selected_zero_not_shown,0,true
UIMARI,69,GFE,91,F10E,---,MARKER_TRIPLE_DASH,,0,selected_zero_not_shown,0,true
UIMARI,69,GFE,92,F10N,---,MARKER_TRIPLE_DASH,,0,selected_zero_not_shown,0,true
UIMARI,69,GFE,93,T004,-184,NONZERO_INTEGER,-184,-184,numeric,-184,true
UIMARI,70,GSLG,1,111CA,---,MARKER_TRIPLE_DASH,,0,selected_zero_not_shown,0,true
UIMARI,70,GSLG,2,113FF,---,MARKER_TRIPLE_DASH,,0,selected_zero_not_shown,0,true
UIMARI,70,GSLG,3,211,---,MARKER_TRIPLE_DASH,,0,selected_zero_not_shown,0,true
UIMARI,70,GSLG,4,212,---,MARKER_TRIPLE_DASH,,0,selected_zero_not_shown,0,true
UIMARI,70,GSLG,5,213,---,MARKER_TRIPLE_DASH,,0,selected_zero_not_shown,0,true
UIMARI,70,GSLG,6,22,---,MARKER_TRIPLE_DASH,,0,selected_zero_not_shown,0,true
UIMARI,70,GSLG,7,23,---,MARKER_TRIPLE_DASH,,0,selected_zero_not_shown,0,true
UIMARI,70,GSLG,8,321,---,MARKER_TRIPLE_DASH,,0,selected_zero_not_shown,0,true
UIMARI,70,GSLG,9,327,---,MARKER_TRIPLE_DASH,,0,selected_zero_not_shown,0,true
UIMARI,70,GSLG,10,331,---,MARKER_TRIPLE_DASH,,0,selected_zero_not_shown,0,true
UIMARI,70,GSLG,11,332,---,MARKER_TRIPLE_DASH,,0,selected_zero_not_shown,0,true
UIMARI,70,GSLG,12,333,---,MARKER_TRIPLE_DASH,,0,selected_zero_not_shown,0,true
UIMARI,70,GSLG,13,334,---,MARKER_TRIPLE_DASH,,0,selected_zero_not_shown,0,true
UIMARI,70,GSLG,14,335,---,MARKER_TRIPLE_DASH,,0,selected_zero_not_shown,0,true
UIMARI,70,GSLG,15,3361MV,---,MARKER_TRIPLE_DASH,,0,selected_zero_not_shown,0,true
UIMARI,70,GSLG,16,3364OT,---,MARKER_TRIPLE_DASH,,0,selected_zero_not_shown,0,true
UIMARI,70,GSLG,17,337,---,MARKER_TRIPLE_DASH,,0,selected_zero_not_shown,0,true
UIMARI,70,GSLG,18,339,---,MARKER_TRIPLE_DASH,,0,selected_zero_not_shown,0,true
UIMARI,70,GSLG,19,311FT,---,MARKER_TRIPLE_DASH,,0,selected_zero_not_shown,0,true
UIMARI,70,GSLG,20,313TT,---,MARKER_TRIPLE_DASH,,0,selected_zero_not_shown,0,true
UIMARI,70,GSLG,21,315AL,---,MARKER_TRIPLE_DASH,,0,selected_zero_not_shown,0,true
UIMARI,70,GSLG,22,322,---,MARKER_TRIPLE_DASH,,0,selected_zero_not_shown,0,true
UIMARI,70,GSLG,23,323,---,MARKER_TRIPLE_DASH,,0,selected_zero_not_shown,0,true
UIMARI,70,GSLG,24,324,---,MARKER_TRIPLE_DASH,,0,selected_zero_not_shown,0,true
UIMARI,70,GSLG,25,325,---,MARKER_TRIPLE_DASH,,0,selected_zero_not_shown,0,true
UIMARI,70,GSLG,26,326,---,MARKER_TRIPLE_DASH,,0,selected_zero_not_shown,0,true
UIMARI,70,GSLG,27,42,---,MARKER_TRIPLE_DASH,,0,selected_zero_not_shown,0,true
UIMARI,70,GSLG,28,441,---,MARKER_TRIPLE_DASH,,0,selected_zero_not_shown,0,true
UIMARI,70,GSLG,29,445,---,MARKER_TRIPLE_DASH,,0,selected_zero_not_shown,0,true
UIMARI,70,GSLG,30,452,---,MARKER_TRIPLE_DASH,,0,selected_zero_not_shown,0,true
UIMARI,70,GSLG,31,4A0,---,MARKER_TRIPLE_DASH,,0,selected_zero_not_shown,0,true
UIMARI,70,GSLG,32,481,---,MARKER_TRIPLE_DASH,,0,selected_zero_not_shown,0,true
UIMARI,70,GSLG,33,482,---,MARKER_TRIPLE_DASH,,0,selected_zero_not_shown,0,true
UIMARI,70,GSLG,34,483,---,MARKER_TRIPLE_DASH,,0,selected_zero_not_shown,0,true
UIMARI,70,GSLG,35,484,---,MARKER_TRIPLE_DASH,,0,selected_zero_not_shown,0,true
UIMARI,70,GSLG,36,485,---,MARKER_TRIPLE_DASH,,0,selected_zero_not_shown,0,true
UIMARI,70,GSLG,37,486,---,MARKER_TRIPLE_DASH,,0,selected_zero_not_shown,0,true
UIMARI,70,GSLG,38,487OS,---,MARKER_TRIPLE_DASH,,0,selected_zero_not_shown,0,true
UIMARI,70,GSLG,39,493,---,MARKER_TRIPLE_DASH,,0,selected_zero_not_shown,0,true
UIMARI,70,GSLG,40,511,---,MARKER_TRIPLE_DASH,,0,selected_zero_not_shown,0,true
UIMARI,70,GSLG,41,512,---,MARKER_TRIPLE_DASH,,0,selected_zero_not_shown,0,true
UIMARI,70,GSLG,42,513,---,MARKER_TRIPLE_DASH,,0,selected_zero_not_shown,0,true
UIMARI,70,GSLG,43,514,---,MARKER_TRIPLE_DASH,,0,selected_zero_not_shown,0,true
UIMARI,70,GSLG,44,521CI,---,MARKER_TRIPLE_DASH,,0,selected_zero_not_shown,0,true
UIMARI,70,GSLG,45,523,---,MARKER_TRIPLE_DASH,,0,selected_zero_not_shown,0,true
UIMARI,70,GSLG,46,524,---,MARKER_TRIPLE_DASH,,0,selected_zero_not_shown,0,true
UIMARI,70,GSLG,47,525,---,MARKER_TRIPLE_DASH,,0,selected_zero_not_shown,0,true
UIMARI,70,GSLG,48,HS,---,MARKER_TRIPLE_DASH,,0,selected_zero_not_shown,0,true
UIMARI,70,GSLG,49,ORE,---,MARKER_TRIPLE_DASH,,0,selected_zero_not_shown,0,true
UIMARI,70,GSLG,50,532RL,---,MARKER_TRIPLE_DASH,,0,selected_zero_not_shown,0,true
UIMARI,70,GSLG,51,5411,---,MARKER_TRIPLE_DASH,,0,selected_zero_not_shown,0,true
UIMARI,70,GSLG,52,5415,---,MARKER_TRIPLE_DASH,,0,selected_zero_not_shown,0,true
UIMARI,70,GSLG,53,5412OP,---,MARKER_TRIPLE_DASH,,0,selected_zero_not_shown,0,true
UIMARI,70,GSLG,54,55,---,MARKER_TRIPLE_DASH,,0,selected_zero_not_shown,0,true
UIMARI,70,GSLG,55,561,---,MARKER_TRIPLE_DASH,,0,selected_zero_not_shown,0,true
UIMARI,70,GSLG,56,562,---,MARKER_TRIPLE_DASH,,0,selected_zero_not_shown,0,true
UIMARI,70,GSLG,57,61,---,MARKER_TRIPLE_DASH,,0,selected_zero_not_shown,0,true
UIMARI,70,GSLG,58,621,---,MARKER_TRIPLE_DASH,,0,selected_zero_not_shown,0,true
UIMARI,70,GSLG,59,622,---,MARKER_TRIPLE_DASH,,0,selected_zero_not_shown,0,true
UIMARI,70,GSLG,60,623,---,MARKER_TRIPLE_DASH,,0,selected_zero_not_shown,0,true
UIMARI,70,GSLG,61,624,---,MARKER_TRIPLE_DASH,,0,selected_zero_not_shown,0,true
UIMARI,70,GSLG,62,711AS,---,MARKER_TRIPLE_DASH,,0,selected_zero_not_shown,0,true
UIMARI,70,GSLG,63,713,---,MARKER_TRIPLE_DASH,,0,selected_zero_not_shown,0,true
UIMARI,70,GSLG,64,721,---,MARKER_TRIPLE_DASH,,0,selected_zero_not_shown,0,true
UIMARI,70,GSLG,65,722,---,MARKER_TRIPLE_DASH,,0,selected_zero_not_shown,0,true
UIMARI,70,GSLG,66,81,---,MARKER_TRIPLE_DASH,,0,selected_zero_not_shown,0,true
UIMARI,70,GSLG,67,GFGD,---,MARKER_TRIPLE_DASH,,0,selected_zero_not_shown,0,true
UIMARI,70,GSLG,68,GFGN,---,MARKER_TRIPLE_DASH,,0,selected_zero_not_shown,0,true
UIMARI,70,GSLG,69,GFE,---,MARKER_TRIPLE_DASH,,0,selected_zero_not_shown,0,true
UIMARI,70,GSLG,70,GSLG,---,MARKER_TRIPLE_DASH,,0,selected_zero_not_shown,0,true
UIMARI,70,GSLG,71,GSLE,---,MARKER_TRIPLE_DASH,,0,selected_zero_not_shown,0,true
UIMARI,70,GSLG,72,T001,---,MARKER_TRIPLE_DASH,,0,selected_zero_not_shown,0,true
UIMARI,70,GSLG,73,F010,---,MARKER_TRIPLE_DASH,,0,selected_zero_not_shown,0,true
UIMARI,70,GSLG,74,F02S,---,MARKER_TRIPLE_DASH,,0,selected_zero_not_shown,0,true
UIMARI,70,GSLG,75,F02E,---,MARKER_TRIPLE_DASH,,0,selected_zero_not_shown,0,true
UIMARI,70,GSLG,76,F02N,---,MARKER_TRIPLE_DASH,,0,selected_zero_not_shown,0,true
UIMARI,70,GSLG,77,F02R,---,MARKER_TRIPLE_DASH,,0,selected_zero_not_shown,0,true
UIMARI,70,GSLG,78,F030,---,MARKER_TRIPLE_DASH,,0,selected_zero_not_shown,0,true
UIMARI,70,GSLG,79,F040,---,MARKER_TRIPLE_DASH,,0,selected_zero_not_shown,0,true
UIMARI,70,GSLG,80,F050,---,MARKER_TRIPLE_DASH,,0,selected_zero_not_shown,0,true
UIMARI,70,GSLG,81,F06C,---,MARKER_TRIPLE_DASH,,0,selected_zero_not_shown,0,true
UIMARI,70,GSLG,82,F06S,---,MARKER_TRIPLE_DASH,,0,selected_zero_not_shown,0,true
UIMARI,70,GSLG,83,F06E,---,MARKER_TRIPLE_DASH,,0,selected_zero_not_shown,0,true
UIMARI,70,GSLG,84,F06N,---,MARKER_TRIPLE_DASH,,0,selected_zero_not_shown,0,true
UIMARI,70,GSLG,85,F07C,---,MARKER_TRIPLE_DASH,,0,selected_zero_not_shown,0,true
UIMARI,70,GSLG,86,F07S,---,MARKER_TRIPLE_DASH,,0,selected_zero_not_shown,0,true
UIMARI,70,GSLG,87,F07E,---,MARKER_TRIPLE_DASH,,0,selected_zero_not_shown,0,true
UIMARI,70,GSLG,88,F07N,---,MARKER_TRIPLE_DASH,,0,selected_zero_not_shown,0,true
UIMARI,70,GSLG,89,F10C,---,MARKER_TRIPLE_DASH,,0,selected_zero_not_shown,0,true
UIMARI,70,GSLG,90,F10S,---,MARKER_TRIPLE_DASH,,0,selected_zero_not_shown,0,true
UIMARI,70,GSLG,91,F10E,---,MARKER_TRIPLE_DASH,,0,selected_zero_not_shown,0,true
UIMARI,70,GSLG,92,F10N,---,MARKER_TRIPLE_DASH,,0,selected_zero_not_shown,0,true
UIMARI,70,GSLG,93,T004,---,MARKER_TRIPLE_DASH,,0,selected_zero_not_shown,0,true
UIMARI,71,GSLE,1,111CA,---,MARKER_TRIPLE_DASH,,0,selected_zero_not_shown,0,true
UIMARI,71,GSLE,2,113FF,---,MARKER_TRIPLE_DASH,,0,selected_zero_not_shown,0,true
UIMARI,71,GSLE,3,211,---,MARKER_TRIPLE_DASH,,0,selected_zero_not_shown,0,true
UIMARI,71,GSLE,4,212,---,MARKER_TRIPLE_DASH,,0,selected_zero_not_shown,0,true
UIMARI,71,GSLE,5,213,---,MARKER_TRIPLE_DASH,,0,selected_zero_not_shown,0,true
UIMARI,71,GSLE,6,22,---,MARKER_TRIPLE_DASH,,0,selected_zero_not_shown,0,true
UIMARI,71,GSLE,7,23,---,MARKER_TRIPLE_DASH,,0,selected_zero_not_shown,0,true
UIMARI,71,GSLE,8,321,---,MARKER_TRIPLE_DASH,,0,selected_zero_not_shown,0,true
UIMARI,71,GSLE,9,327,---,MARKER_TRIPLE_DASH,,0,selected_zero_not_shown,0,true
UIMARI,71,GSLE,10,331,---,MARKER_TRIPLE_DASH,,0,selected_zero_not_shown,0,true
UIMARI,71,GSLE,11,332,---,MARKER_TRIPLE_DASH,,0,selected_zero_not_shown,0,true
UIMARI,71,GSLE,12,333,---,MARKER_TRIPLE_DASH,,0,selected_zero_not_shown,0,true
UIMARI,71,GSLE,13,334,---,MARKER_TRIPLE_DASH,,0,selected_zero_not_shown,0,true
UIMARI,71,GSLE,14,335,---,MARKER_TRIPLE_DASH,,0,selected_zero_not_shown,0,true
UIMARI,71,GSLE,15,3361MV,---,MARKER_TRIPLE_DASH,,0,selected_zero_not_shown,0,true
UIMARI,71,GSLE,16,3364OT,---,MARKER_TRIPLE_DASH,,0,selected_zero_not_shown,0,true
UIMARI,71,GSLE,17,337,---,MARKER_TRIPLE_DASH,,0,selected_zero_not_shown,0,true
UIMARI,71,GSLE,18,339,---,MARKER_TRIPLE_DASH,,0,selected_zero_not_shown,0,true
UIMARI,71,GSLE,19,311FT,---,MARKER_TRIPLE_DASH,,0,selected_zero_not_shown,0,true
UIMARI,71,GSLE,20,313TT,---,MARKER_TRIPLE_DASH,,0,selected_zero_not_shown,0,true
UIMARI,71,GSLE,21,315AL,---,MARKER_TRIPLE_DASH,,0,selected_zero_not_shown,0,true
UIMARI,71,GSLE,22,322,---,MARKER_TRIPLE_DASH,,0,selected_zero_not_shown,0,true
UIMARI,71,GSLE,23,323,---,MARKER_TRIPLE_DASH,,0,selected_zero_not_shown,0,true
UIMARI,71,GSLE,24,324,---,MARKER_TRIPLE_DASH,,0,selected_zero_not_shown,0,true
UIMARI,71,GSLE,25,325,---,MARKER_TRIPLE_DASH,,0,selected_zero_not_shown,0,true
UIMARI,71,GSLE,26,326,---,MARKER_TRIPLE_DASH,,0,selected_zero_not_shown,0,true
UIMARI,71,GSLE,27,42,---,MARKER_TRIPLE_DASH,,0,selected_zero_not_shown,0,true
UIMARI,71,GSLE,28,441,---,MARKER_TRIPLE_DASH,,0,selected_zero_not_shown,0,true
UIMARI,71,GSLE,29,445,---,MARKER_TRIPLE_DASH,,0,selected_zero_not_shown,0,true
UIMARI,71,GSLE,30,452,---,MARKER_TRIPLE_DASH,,0,selected_zero_not_shown,0,true
UIMARI,71,GSLE,31,4A0,---,MARKER_TRIPLE_DASH,,0,selected_zero_not_shown,0,true
UIMARI,71,GSLE,32,481,---,MARKER_TRIPLE_DASH,,0,selected_zero_not_shown,0,true
UIMARI,71,GSLE,33,482,---,MARKER_TRIPLE_DASH,,0,selected_zero_not_shown,0,true
UIMARI,71,GSLE,34,483,---,MARKER_TRIPLE_DASH,,0,selected_zero_not_shown,0,true
UIMARI,71,GSLE,35,484,---,MARKER_TRIPLE_DASH,,0,selected_zero_not_shown,0,true
UIMARI,71,GSLE,36,485,---,MARKER_TRIPLE_DASH,,0,selected_zero_not_shown,0,true
UIMARI,71,GSLE,37,486,---,MARKER_TRIPLE_DASH,,0,selected_zero_not_shown,0,true
UIMARI,71,GSLE,38,487OS,---,MARKER_TRIPLE_DASH,,0,selected_zero_not_shown,0,true
UIMARI,71,GSLE,39,493,---,MARKER_TRIPLE_DASH,,0,selected_zero_not_shown,0,true
UIMARI,71,GSLE,40,511,---,MARKER_TRIPLE_DASH,,0,selected_zero_not_shown,0,true
UIMARI,71,GSLE,41,512,---,MARKER_TRIPLE_DASH,,0,selected_zero_not_shown,0,true
UIMARI,71,GSLE,42,513,---,MARKER_TRIPLE_DASH,,0,selected_zero_not_shown,0,true
UIMARI,71,GSLE,43,514,---,MARKER_TRIPLE_DASH,,0,selected_zero_not_shown,0,true
UIMARI,71,GSLE,44,521CI,---,MARKER_TRIPLE_DASH,,0,selected_zero_not_shown,0,true
UIMARI,71,GSLE,45,523,---,MARKER_TRIPLE_DASH,,0,selected_zero_not_shown,0,true
UIMARI,71,GSLE,46,524,---,MARKER_TRIPLE_DASH,,0,selected_zero_not_shown,0,true
UIMARI,71,GSLE,47,525,---,MARKER_TRIPLE_DASH,,0,selected_zero_not_shown,0,true
UIMARI,71,GSLE,48,HS,---,MARKER_TRIPLE_DASH,,0,selected_zero_not_shown,0,true
UIMARI,71,GSLE,49,ORE,---,MARKER_TRIPLE_DASH,,0,selected_zero_not_shown,0,true
UIMARI,71,GSLE,50,532RL,---,MARKER_TRIPLE_DASH,,0,selected_zero_not_shown,0,true
UIMARI,71,GSLE,51,5411,---,MARKER_TRIPLE_DASH,,0,selected_zero_not_shown,0,true
UIMARI,71,GSLE,52,5415,---,MARKER_TRIPLE_DASH,,0,selected_zero_not_shown,0,true
UIMARI,71,GSLE,53,5412OP,---,MARKER_TRIPLE_DASH,,0,selected_zero_not_shown,0,true
UIMARI,71,GSLE,54,55,---,MARKER_TRIPLE_DASH,,0,selected_zero_not_shown,0,true
UIMARI,71,GSLE,55,561,---,MARKER_TRIPLE_DASH,,0,selected_zero_not_shown,0,true
UIMARI,71,GSLE,56,562,---,MARKER_TRIPLE_DASH,,0,selected_zero_not_shown,0,true
UIMARI,71,GSLE,57,61,---,MARKER_TRIPLE_DASH,,0,selected_zero_not_shown,0,true
UIMARI,71,GSLE,58,621,---,MARKER_TRIPLE_DASH,,0,selected_zero_not_shown,0,true
UIMARI,71,GSLE,59,622,---,MARKER_TRIPLE_DASH,,0,selected_zero_not_shown,0,true
UIMARI,71,GSLE,60,623,---,MARKER_TRIPLE_DASH,,0,selected_zero_not_shown,0,true
UIMARI,71,GSLE,61,624,---,MARKER_TRIPLE_DASH,,0,selected_zero_not_shown,0,true
UIMARI,71,GSLE,62,711AS,---,MARKER_TRIPLE_DASH,,0,selected_zero_not_shown,0,true
UIMARI,71,GSLE,63,713,---,MARKER_TRIPLE_DASH,,0,selected_zero_not_shown,0,true
UIMARI,71,GSLE,64,721,---,MARKER_TRIPLE_DASH,,0,selected_zero_not_shown,0,true
UIMARI,71,GSLE,65,722,---,MARKER_TRIPLE_DASH,,0,selected_zero_not_shown,0,true
UIMARI,71,GSLE,66,81,---,MARKER_TRIPLE_DASH,,0,selected_zero_not_shown,0,true
UIMARI,71,GSLE,67,GFGD,---,MARKER_TRIPLE_DASH,,0,selected_zero_not_shown,0,true
UIMARI,71,GSLE,68,GFGN,---,MARKER_TRIPLE_DASH,,0,selected_zero_not_shown,0,true
UIMARI,71,GSLE,69,GFE,---,MARKER_TRIPLE_DASH,,0,selected_zero_not_shown,0,true
UIMARI,71,GSLE,70,GSLG,---,MARKER_TRIPLE_DASH,,0,selected_zero_not_shown,0,true
UIMARI,71,GSLE,71,GSLE,---,MARKER_TRIPLE_DASH,,0,selected_zero_not_shown,0,true
UIMARI,71,GSLE,72,T001,---,MARKER_TRIPLE_DASH,,0,selected_zero_not_shown,0,true
UIMARI,71,GSLE,73,F010,---,MARKER_TRIPLE_DASH,,0,selected_zero_not_shown,0,true
UIMARI,71,GSLE,74,F02S,---,MARKER_TRIPLE_DASH,,0,selected_zero_not_shown,0,true
UIMARI,71,GSLE,75,F02E,---,MARKER_TRIPLE_DASH,,0,selected_zero_not_shown,0,true
UIMARI,71,GSLE,76,F02N,---,MARKER_TRIPLE_DASH,,0,selected_zero_not_shown,0,true
UIMARI,71,GSLE,77,F02R,---,MARKER_TRIPLE_DASH,,0,selected_zero_not_shown,0,true
UIMARI,71,GSLE,78,F030,---,MARKER_TRIPLE_DASH,,0,selected_zero_not_shown,0,true
UIMARI,71,GSLE,79,F040,---,MARKER_TRIPLE_DASH,,0,selected_zero_not_shown,0,true
UIMARI,71,GSLE,80,F050,---,MARKER_TRIPLE_DASH,,0,selected_zero_not_shown,0,true
UIMARI,71,GSLE,81,F06C,---,MARKER_TRIPLE_DASH,,0,selected_zero_not_shown,0,true
UIMARI,71,GSLE,82,F06S,---,MARKER_TRIPLE_DASH,,0,selected_zero_not_shown,0,true
UIMARI,71,GSLE,83,F06E,---,MARKER_TRIPLE_DASH,,0,selected_zero_not_shown,0,true
UIMARI,71,GSLE,84,F06N,---,MARKER_TRIPLE_DASH,,0,selected_zero_not_shown,0,true
UIMARI,71,GSLE,85,F07C,---,MARKER_TRIPLE_DASH,,0,selected_zero_not_shown,0,true
UIMARI,71,GSLE,86,F07S,---,MARKER_TRIPLE_DASH,,0,selected_zero_not_shown,0,true
UIMARI,71,GSLE,87,F07E,---,MARKER_TRIPLE_DASH,,0,selected_zero_not_shown,0,true
UIMARI,71,GSLE,88,F07N,---,MARKER_TRIPLE_DASH,,0,selected_zero_not_shown,0,true
UIMARI,71,GSLE,89,F10C,---,MARKER_TRIPLE_DASH,,0,selected_zero_not_shown,0,true
UIMARI,71,GSLE,90,F10S,---,MARKER_TRIPLE_DASH,,0,selected_zero_not_shown,0,true
UIMARI,71,GSLE,91,F10E,---,MARKER_TRIPLE_DASH,,0,selected_zero_not_shown,0,true
UIMARI,71,GSLE,92,F10N,---,MARKER_TRIPLE_DASH,,0,selected_zero_not_shown,0,true
UIMARI,71,GSLE,93,T004,---,MARKER_TRIPLE_DASH,,0,selected_zero_not_shown,0,true
UIMARI,72,Used,1,111CA,---,MARKER_TRIPLE_DASH,,0,selected_zero_not_shown,0,true
UIMARI,72,Used,2,113FF,---,MARKER_TRIPLE_DASH,,0,selected_zero_not_shown,0,true
UIMARI,72,Used,3,211,---,MARKER_TRIPLE_DASH,,0,selected_zero_not_shown,0,true
UIMARI,72,Used,4,212,---,MARKER_TRIPLE_DASH,,0,selected_zero_not_shown,0,true
UIMARI,72,Used,5,213,---,MARKER_TRIPLE_DASH,,0,selected_zero_not_shown,0,true
UIMARI,72,Used,6,22,34,NONZERO_INTEGER,34,34,numeric,34,true
UIMARI,72,Used,7,23,107,NONZERO_INTEGER,107,107,numeric,107,true
UIMARI,72,Used,8,321,---,MARKER_TRIPLE_DASH,,0,selected_zero_not_shown,0,true
UIMARI,72,Used,9,327,111,NONZERO_INTEGER,111,111,numeric,111,true
UIMARI,72,Used,10,331,"6,192",NONZERO_INTEGER,6192,6192,numeric,6192,true
UIMARI,72,Used,11,332,62,NONZERO_INTEGER,62,62,numeric,62,true
UIMARI,72,Used,12,333,1,NONZERO_INTEGER,1,1,numeric,1,true
UIMARI,72,Used,13,334,---,MARKER_TRIPLE_DASH,,0,selected_zero_not_shown,0,true
UIMARI,72,Used,14,335,---,MARKER_TRIPLE_DASH,,0,selected_zero_not_shown,0,true
UIMARI,72,Used,15,3361MV,---,MARKER_TRIPLE_DASH,,0,selected_zero_not_shown,0,true
UIMARI,72,Used,16,3364OT,---,MARKER_TRIPLE_DASH,,0,selected_zero_not_shown,0,true
UIMARI,72,Used,17,337,---,MARKER_TRIPLE_DASH,,0,selected_zero_not_shown,0,true
UIMARI,72,Used,18,339,---,MARKER_TRIPLE_DASH,,0,selected_zero_not_shown,0,true
UIMARI,72,Used,19,311FT,1,NONZERO_INTEGER,1,1,numeric,1,true
UIMARI,72,Used,20,313TT,19,NONZERO_INTEGER,19,19,numeric,19,true
UIMARI,72,Used,21,315AL,---,MARKER_TRIPLE_DASH,,0,selected_zero_not_shown,0,true
UIMARI,72,Used,22,322,"1,717",NONZERO_INTEGER,1717,1717,numeric,1717,true
UIMARI,72,Used,23,323,---,MARKER_TRIPLE_DASH,,0,selected_zero_not_shown,0,true
UIMARI,72,Used,24,324,---,MARKER_TRIPLE_DASH,,0,selected_zero_not_shown,0,true
UIMARI,72,Used,25,325,40,NONZERO_INTEGER,40,40,numeric,40,true
UIMARI,72,Used,26,326,46,NONZERO_INTEGER,46,46,numeric,46,true
UIMARI,72,Used,27,42,---,MARKER_TRIPLE_DASH,,0,selected_zero_not_shown,0,true
UIMARI,72,Used,28,441,41,NONZERO_INTEGER,41,41,numeric,41,true
UIMARI,72,Used,29,445,---,MARKER_TRIPLE_DASH,,0,selected_zero_not_shown,0,true
UIMARI,72,Used,30,452,---,MARKER_TRIPLE_DASH,,0,selected_zero_not_shown,0,true
UIMARI,72,Used,31,4A0,---,MARKER_TRIPLE_DASH,,0,selected_zero_not_shown,0,true
UIMARI,72,Used,32,481,0,LITERAL_ZERO,0,0,numeric,0,true
UIMARI,72,Used,33,482,---,MARKER_TRIPLE_DASH,,0,selected_zero_not_shown,0,true
UIMARI,72,Used,34,483,---,MARKER_TRIPLE_DASH,,0,selected_zero_not_shown,0,true
UIMARI,72,Used,35,484,0,LITERAL_ZERO,0,0,numeric,0,true
UIMARI,72,Used,36,485,0,LITERAL_ZERO,0,0,numeric,0,true
UIMARI,72,Used,37,486,---,MARKER_TRIPLE_DASH,,0,selected_zero_not_shown,0,true
UIMARI,72,Used,38,487OS,263,NONZERO_INTEGER,263,263,numeric,263,true
UIMARI,72,Used,39,493,---,MARKER_TRIPLE_DASH,,0,selected_zero_not_shown,0,true
UIMARI,72,Used,40,511,---,MARKER_TRIPLE_DASH,,0,selected_zero_not_shown,0,true
UIMARI,72,Used,41,512,---,MARKER_TRIPLE_DASH,,0,selected_zero_not_shown,0,true
UIMARI,72,Used,42,513,---,MARKER_TRIPLE_DASH,,0,selected_zero_not_shown,0,true
UIMARI,72,Used,43,514,---,MARKER_TRIPLE_DASH,,0,selected_zero_not_shown,0,true
UIMARI,72,Used,44,521CI,---,MARKER_TRIPLE_DASH,,0,selected_zero_not_shown,0,true
UIMARI,72,Used,45,523,---,MARKER_TRIPLE_DASH,,0,selected_zero_not_shown,0,true
UIMARI,72,Used,46,524,---,MARKER_TRIPLE_DASH,,0,selected_zero_not_shown,0,true
UIMARI,72,Used,47,525,---,MARKER_TRIPLE_DASH,,0,selected_zero_not_shown,0,true
UIMARI,72,Used,48,HS,---,MARKER_TRIPLE_DASH,,0,selected_zero_not_shown,0,true
UIMARI,72,Used,49,ORE,---,MARKER_TRIPLE_DASH,,0,selected_zero_not_shown,0,true
UIMARI,72,Used,50,532RL,0,LITERAL_ZERO,0,0,numeric,0,true
UIMARI,72,Used,51,5411,---,MARKER_TRIPLE_DASH,,0,selected_zero_not_shown,0,true
UIMARI,72,Used,52,5415,---,MARKER_TRIPLE_DASH,,0,selected_zero_not_shown,0,true
UIMARI,72,Used,53,5412OP,---,MARKER_TRIPLE_DASH,,0,selected_zero_not_shown,0,true
UIMARI,72,Used,54,55,9,NONZERO_INTEGER,9,9,numeric,9,true
UIMARI,72,Used,55,561,---,MARKER_TRIPLE_DASH,,0,selected_zero_not_shown,0,true
UIMARI,72,Used,56,562,---,MARKER_TRIPLE_DASH,,0,selected_zero_not_shown,0,true
UIMARI,72,Used,57,61,117,NONZERO_INTEGER,117,117,numeric,117,true
UIMARI,72,Used,58,621,---,MARKER_TRIPLE_DASH,,0,selected_zero_not_shown,0,true
UIMARI,72,Used,59,622,---,MARKER_TRIPLE_DASH,,0,selected_zero_not_shown,0,true
UIMARI,72,Used,60,623,---,MARKER_TRIPLE_DASH,,0,selected_zero_not_shown,0,true
UIMARI,72,Used,61,624,---,MARKER_TRIPLE_DASH,,0,selected_zero_not_shown,0,true
UIMARI,72,Used,62,711AS,0,LITERAL_ZERO,0,0,numeric,0,true
UIMARI,72,Used,63,713,8,NONZERO_INTEGER,8,8,numeric,8,true
UIMARI,72,Used,64,721,---,MARKER_TRIPLE_DASH,,0,selected_zero_not_shown,0,true
UIMARI,72,Used,65,722,---,MARKER_TRIPLE_DASH,,0,selected_zero_not_shown,0,true
UIMARI,72,Used,66,81,314,NONZERO_INTEGER,314,314,numeric,314,true
UIMARI,72,Used,67,GFGD,---,MARKER_TRIPLE_DASH,,0,selected_zero_not_shown,0,true
UIMARI,72,Used,68,GFGN,---,MARKER_TRIPLE_DASH,,0,selected_zero_not_shown,0,true
UIMARI,72,Used,69,GFE,---,MARKER_TRIPLE_DASH,,0,selected_zero_not_shown,0,true
UIMARI,72,Used,70,GSLG,---,MARKER_TRIPLE_DASH,,0,selected_zero_not_shown,0,true
UIMARI,72,Used,71,GSLE,---,MARKER_TRIPLE_DASH,,0,selected_zero_not_shown,0,true
UIMARI,72,Used,72,T001,"9,082",NONZERO_INTEGER,9082,9082,numeric,9082,true
UIMARI,72,Used,73,F010,"6,982",NONZERO_INTEGER,6982,6982,numeric,6982,true
UIMARI,72,Used,74,F02S,---,MARKER_TRIPLE_DASH,,0,selected_zero_not_shown,0,true
UIMARI,72,Used,75,F02E,"1,327",NONZERO_INTEGER,1327,1327,numeric,1327,true
UIMARI,72,Used,76,F02N,---,MARKER_TRIPLE_DASH,,0,selected_zero_not_shown,0,true
UIMARI,72,Used,77,F02R,---,MARKER_TRIPLE_DASH,,0,selected_zero_not_shown,0,true
UIMARI,72,Used,78,F030,58,NONZERO_INTEGER,58,58,numeric,58,true
UIMARI,72,Used,79,F040,---,MARKER_TRIPLE_DASH,,0,selected_zero_not_shown,0,true
UIMARI,72,Used,80,F050,"-17,449",NONZERO_INTEGER,-17449,-17449,numeric,-17449,true
UIMARI,72,Used,81,F06C,---,MARKER_TRIPLE_DASH,,0,selected_zero_not_shown,0,true
UIMARI,72,Used,82,F06S,---,MARKER_TRIPLE_DASH,,0,selected_zero_not_shown,0,true
UIMARI,72,Used,83,F06E,---,MARKER_TRIPLE_DASH,,0,selected_zero_not_shown,0,true
UIMARI,72,Used,84,F06N,---,MARKER_TRIPLE_DASH,,0,selected_zero_not_shown,0,true
UIMARI,72,Used,85,F07C,---,MARKER_TRIPLE_DASH,,0,selected_zero_not_shown,0,true
UIMARI,72,Used,86,F07S,---,MARKER_TRIPLE_DASH,,0,selected_zero_not_shown,0,true
UIMARI,72,Used,87,F07E,---,MARKER_TRIPLE_DASH,,0,selected_zero_not_shown,0,true
UIMARI,72,Used,88,F07N,---,MARKER_TRIPLE_DASH,,0,selected_zero_not_shown,0,true
UIMARI,72,Used,89,F10C,---,MARKER_TRIPLE_DASH,,0,selected_zero_not_shown,0,true
UIMARI,72,Used,90,F10S,---,MARKER_TRIPLE_DASH,,0,selected_zero_not_shown,0,true
UIMARI,72,Used,91,F10E,---,MARKER_TRIPLE_DASH,,0,selected_zero_not_shown,0,true
UIMARI,72,Used,92,F10N,---,MARKER_TRIPLE_DASH,,0,selected_zero_not_shown,0,true
UIMARI,72,Used,93,T004,"-9,082",NONZERO_INTEGER,-9082,-9082,numeric,-9082,true
UIMARI,73,Other,1,111CA,"1,088",NONZERO_INTEGER,1088,1088,numeric,1088,true
UIMARI,73,Other,2,113FF,31,NONZERO_INTEGER,31,31,numeric,31,true
UIMARI,73,Other,3,211,"1,073",NONZERO_INTEGER,1073,1073,numeric,1073,true
UIMARI,73,Other,4,212,14,NONZERO_INTEGER,14,14,numeric,14,true
UIMARI,73,Other,5,213,214,NONZERO_INTEGER,214,214,numeric,214,true
UIMARI,73,Other,6,22,"1,071",NONZERO_INTEGER,1071,1071,numeric,1071,true
UIMARI,73,Other,7,23,"2,926",NONZERO_INTEGER,2926,2926,numeric,2926,true
UIMARI,73,Other,8,321,348,NONZERO_INTEGER,348,348,numeric,348,true
UIMARI,73,Other,9,327,357,NONZERO_INTEGER,357,357,numeric,357,true
UIMARI,73,Other,10,331,796,NONZERO_INTEGER,796,796,numeric,796,true
UIMARI,73,Other,11,332,760,NONZERO_INTEGER,760,760,numeric,760,true
UIMARI,73,Other,12,333,"1,072",NONZERO_INTEGER,1072,1072,numeric,1072,true
UIMARI,73,Other,13,334,"2,820",NONZERO_INTEGER,2820,2820,numeric,2820,true
UIMARI,73,Other,14,335,424,NONZERO_INTEGER,424,424,numeric,424,true
UIMARI,73,Other,15,3361MV,"2,062",NONZERO_INTEGER,2062,2062,numeric,2062,true
UIMARI,73,Other,16,3364OT,398,NONZERO_INTEGER,398,398,numeric,398,true
UIMARI,73,Other,17,337,125,NONZERO_INTEGER,125,125,numeric,125,true
UIMARI,73,Other,18,339,295,NONZERO_INTEGER,295,295,numeric,295,true
UIMARI,73,Other,19,311FT,"2,431",NONZERO_INTEGER,2431,2431,numeric,2431,true
UIMARI,73,Other,20,313TT,82,NONZERO_INTEGER,82,82,numeric,82,true
UIMARI,73,Other,21,315AL,21,NONZERO_INTEGER,21,21,numeric,21,true
UIMARI,73,Other,22,322,709,NONZERO_INTEGER,709,709,numeric,709,true
UIMARI,73,Other,23,323,243,NONZERO_INTEGER,243,243,numeric,243,true
UIMARI,73,Other,24,324,"1,801",NONZERO_INTEGER,1801,1801,numeric,1801,true
UIMARI,73,Other,25,325,"1,711",NONZERO_INTEGER,1711,1711,numeric,1711,true
UIMARI,73,Other,26,326,707,NONZERO_INTEGER,707,707,numeric,707,true
UIMARI,73,Other,27,42,"8,994",NONZERO_INTEGER,8994,8994,numeric,8994,true
UIMARI,73,Other,28,441,126,NONZERO_INTEGER,126,126,numeric,126,true
UIMARI,73,Other,29,445,516,NONZERO_INTEGER,516,516,numeric,516,true
UIMARI,73,Other,30,452,755,NONZERO_INTEGER,755,755,numeric,755,true
UIMARI,73,Other,31,4A0,"3,722",NONZERO_INTEGER,3722,3722,numeric,3722,true
UIMARI,73,Other,32,481,"24,306",NONZERO_INTEGER,24306,24306,numeric,24306,true
UIMARI,73,Other,33,482,98,NONZERO_INTEGER,98,98,numeric,98,true
UIMARI,73,Other,34,483,"2,195",NONZERO_INTEGER,2195,2195,numeric,2195,true
UIMARI,73,Other,35,484,849,NONZERO_INTEGER,849,849,numeric,849,true
UIMARI,73,Other,36,485,24,NONZERO_INTEGER,24,24,numeric,24,true
UIMARI,73,Other,37,486,161,NONZERO_INTEGER,161,161,numeric,161,true
UIMARI,73,Other,38,487OS,755,NONZERO_INTEGER,755,755,numeric,755,true
UIMARI,73,Other,39,493,108,NONZERO_INTEGER,108,108,numeric,108,true
UIMARI,73,Other,40,511,778,NONZERO_INTEGER,778,778,numeric,778,true
UIMARI,73,Other,41,512,366,NONZERO_INTEGER,366,366,numeric,366,true
UIMARI,73,Other,42,513,"5,455",NONZERO_INTEGER,5455,5455,numeric,5455,true
UIMARI,73,Other,43,514,989,NONZERO_INTEGER,989,989,numeric,989,true
UIMARI,73,Other,44,521CI,"3,193",NONZERO_INTEGER,3193,3193,numeric,3193,true
UIMARI,73,Other,45,523,"56,709",NONZERO_INTEGER,56709,56709,numeric,56709,true
UIMARI,73,Other,46,524,"2,272",NONZERO_INTEGER,2272,2272,numeric,2272,true
UIMARI,73,Other,47,525,144,NONZERO_INTEGER,144,144,numeric,144,true
UIMARI,73,Other,48,HS,21,NONZERO_INTEGER,21,21,numeric,21,true
UIMARI,73,Other,49,ORE,786,NONZERO_INTEGER,786,786,numeric,786,true
UIMARI,73,Other,50,532RL,"3,485",NONZERO_INTEGER,3485,3485,numeric,3485,true
UIMARI,73,Other,51,5411,141,NONZERO_INTEGER,141,141,numeric,141,true
UIMARI,73,Other,52,5415,"2,672",NONZERO_INTEGER,2672,2672,numeric,2672,true
UIMARI,73,Other,53,5412OP,"3,653",NONZERO_INTEGER,3653,3653,numeric,3653,true
UIMARI,73,Other,54,55,"2,185",NONZERO_INTEGER,2185,2185,numeric,2185,true
UIMARI,73,Other,55,561,"1,536",NONZERO_INTEGER,1536,1536,numeric,1536,true
UIMARI,73,Other,56,562,89,NONZERO_INTEGER,89,89,numeric,89,true
UIMARI,73,Other,57,61,476,NONZERO_INTEGER,476,476,numeric,476,true
UIMARI,73,Other,58,621,---,MARKER_TRIPLE_DASH,,0,selected_zero_not_shown,0,true
UIMARI,73,Other,59,622,---,MARKER_TRIPLE_DASH,,0,selected_zero_not_shown,0,true
UIMARI,73,Other,60,623,499,NONZERO_INTEGER,499,499,numeric,499,true
UIMARI,73,Other,61,624,---,MARKER_TRIPLE_DASH,,0,selected_zero_not_shown,0,true
UIMARI,73,Other,62,711AS,530,NONZERO_INTEGER,530,530,numeric,530,true
UIMARI,73,Other,63,713,550,NONZERO_INTEGER,550,550,numeric,550,true
UIMARI,73,Other,64,721,968,NONZERO_INTEGER,968,968,numeric,968,true
UIMARI,73,Other,65,722,"3,873",NONZERO_INTEGER,3873,3873,numeric,3873,true
UIMARI,73,Other,66,81,"4,015",NONZERO_INTEGER,4015,4015,numeric,4015,true
UIMARI,73,Other,67,GFGD,"9,347",NONZERO_INTEGER,9347,9347,numeric,9347,true
UIMARI,73,Other,68,GFGN,"1,708",NONZERO_INTEGER,1708,1708,numeric,1708,true
UIMARI,73,Other,69,GFE,4,NONZERO_INTEGER,4,4,numeric,4,true
UIMARI,73,Other,70,GSLG,---,MARKER_TRIPLE_DASH,,0,selected_zero_not_shown,0,true
UIMARI,73,Other,71,GSLE,---,MARKER_TRIPLE_DASH,,0,selected_zero_not_shown,0,true
UIMARI,73,Other,72,T001,"172,628",NONZERO_INTEGER,172628,172628,numeric,172628,true
UIMARI,73,Other,73,F010,"181,169",NONZERO_INTEGER,181169,181169,numeric,181169,true
UIMARI,73,Other,74,F02S,---,MARKER_TRIPLE_DASH,,0,selected_zero_not_shown,0,true
UIMARI,73,Other,75,F02E,---,MARKER_TRIPLE_DASH,,0,selected_zero_not_shown,0,true
UIMARI,73,Other,76,F02N,"15,403",NONZERO_INTEGER,15403,15403,numeric,15403,true
UIMARI,73,Other,77,F02R,---,MARKER_TRIPLE_DASH,,0,selected_zero_not_shown,0,true
UIMARI,73,Other,78,F030,---,MARKER_TRIPLE_DASH,,0,selected_zero_not_shown,0,true
UIMARI,73,Other,79,F040,---,MARKER_TRIPLE_DASH,,0,selected_zero_not_shown,0,true
UIMARI,73,Other,80,F050,"-369,200",NONZERO_INTEGER,-369200,-369200,numeric,-369200,true
UIMARI,73,Other,81,F06C,---,MARKER_TRIPLE_DASH,,0,selected_zero_not_shown,0,true
UIMARI,73,Other,82,F06S,---,MARKER_TRIPLE_DASH,,0,selected_zero_not_shown,0,true
UIMARI,73,Other,83,F06E,---,MARKER_TRIPLE_DASH,,0,selected_zero_not_shown,0,true
UIMARI,73,Other,84,F06N,---,MARKER_TRIPLE_DASH,,0,selected_zero_not_shown,0,true
UIMARI,73,Other,85,F07C,---,MARKER_TRIPLE_DASH,,0,selected_zero_not_shown,0,true
UIMARI,73,Other,86,F07S,---,MARKER_TRIPLE_DASH,,0,selected_zero_not_shown,0,true
UIMARI,73,Other,87,F07E,---,MARKER_TRIPLE_DASH,,0,selected_zero_not_shown,0,true
UIMARI,73,Other,88,F07N,---,MARKER_TRIPLE_DASH,,0,selected_zero_not_shown,0,true
UIMARI,73,Other,89,F10C,---,MARKER_TRIPLE_DASH,,0,selected_zero_not_shown,0,true
UIMARI,73,Other,90,F10S,---,MARKER_TRIPLE_DASH,,0,selected_zero_not_shown,0,true
UIMARI,73,Other,91,F10E,---,MARKER_TRIPLE_DASH,,0,selected_zero_not_shown,0,true
UIMARI,73,Other,92,F10N,---,MARKER_TRIPLE_DASH,,0,selected_zero_not_shown,0,true
UIMARI,73,Other,93,T004,"-172,628",NONZERO_INTEGER,-172628,-172628,numeric,-172628,true
MakeAR,1,111CA,1,111CA,"556,775",NONZERO_INTEGER,556775,556775,numeric,556775,true
MakeAR,1,111CA,2,113FF,"7,051",NONZERO_INTEGER,7051,7051,numeric,7051,true
MakeAR,1,111CA,3,211,---,MARKER_TRIPLE_DASH,,0,selected_zero_not_shown,0,true
MakeAR,1,111CA,4,212,---,MARKER_TRIPLE_DASH,,0,selected_zero_not_shown,0,true
MakeAR,1,111CA,5,213,---,MARKER_TRIPLE_DASH,,0,selected_zero_not_shown,0,true
MakeAR,1,111CA,6,22,---,MARKER_TRIPLE_DASH,,0,selected_zero_not_shown,0,true
MakeAR,1,111CA,7,23,---,MARKER_TRIPLE_DASH,,0,selected_zero_not_shown,0,true
MakeAR,1,111CA,8,321,12,NONZERO_INTEGER,12,12,numeric,12,true
MakeAR,1,111CA,9,327,---,MARKER_TRIPLE_DASH,,0,selected_zero_not_shown,0,true
MakeAR,1,111CA,10,331,---,MARKER_TRIPLE_DASH,,0,selected_zero_not_shown,0,true
MakeAR,1,111CA,11,332,---,MARKER_TRIPLE_DASH,,0,selected_zero_not_shown,0,true
MakeAR,1,111CA,12,333,---,MARKER_TRIPLE_DASH,,0,selected_zero_not_shown,0,true
MakeAR,1,111CA,13,334,---,MARKER_TRIPLE_DASH,,0,selected_zero_not_shown,0,true
MakeAR,1,111CA,14,335,---,MARKER_TRIPLE_DASH,,0,selected_zero_not_shown,0,true
MakeAR,1,111CA,15,3361MV,---,MARKER_TRIPLE_DASH,,0,selected_zero_not_shown,0,true
MakeAR,1,111CA,16,3364OT,---,MARKER_TRIPLE_DASH,,0,selected_zero_not_shown,0,true
MakeAR,1,111CA,17,337,---,MARKER_TRIPLE_DASH,,0,selected_zero_not_shown,0,true
MakeAR,1,111CA,18,339,---,MARKER_TRIPLE_DASH,,0,selected_zero_not_shown,0,true
MakeAR,1,111CA,19,311FT,---,MARKER_TRIPLE_DASH,,0,selected_zero_not_shown,0,true
MakeAR,1,111CA,20,313TT,---,MARKER_TRIPLE_DASH,,0,selected_zero_not_shown,0,true
MakeAR,1,111CA,21,315AL,---,MARKER_TRIPLE_DASH,,0,selected_zero_not_shown,0,true
MakeAR,1,111CA,22,322,---,MARKER_TRIPLE_DASH,,0,selected_zero_not_shown,0,true
MakeAR,1,111CA,23,323,---,MARKER_TRIPLE_DASH,,0,selected_zero_not_shown,0,true
MakeAR,1,111CA,24,324,---,MARKER_TRIPLE_DASH,,0,selected_zero_not_shown,0,true
MakeAR,1,111CA,25,325,---,MARKER_TRIPLE_DASH,,0,selected_zero_not_shown,0,true
MakeAR,1,111CA,26,326,---,MARKER_TRIPLE_DASH,,0,selected_zero_not_shown,0,true
MakeAR,1,111CA,27,42,---,MARKER_TRIPLE_DASH,,0,selected_zero_not_shown,0,true
MakeAR,1,111CA,28,441,---,MARKER_TRIPLE_DASH,,0,selected_zero_not_shown,0,true
MakeAR,1,111CA,29,445,---,MARKER_TRIPLE_DASH,,0,selected_zero_not_shown,0,true
MakeAR,1,111CA,30,452,---,MARKER_TRIPLE_DASH,,0,selected_zero_not_shown,0,true
MakeAR,1,111CA,31,4A0,---,MARKER_TRIPLE_DASH,,0,selected_zero_not_shown,0,true
MakeAR,1,111CA,32,481,---,MARKER_TRIPLE_DASH,,0,selected_zero_not_shown,0,true
MakeAR,1,111CA,33,482,---,MARKER_TRIPLE_DASH,,0,selected_zero_not_shown,0,true
MakeAR,1,111CA,34,483,---,MARKER_TRIPLE_DASH,,0,selected_zero_not_shown,0,true
MakeAR,1,111CA,35,484,---,MARKER_TRIPLE_DASH,,0,selected_zero_not_shown,0,true
MakeAR,1,111CA,36,485,---,MARKER_TRIPLE_DASH,,0,selected_zero_not_shown,0,true
MakeAR,1,111CA,37,486,---,MARKER_TRIPLE_DASH,,0,selected_zero_not_shown,0,true
MakeAR,1,111CA,38,487OS,---,MARKER_TRIPLE_DASH,,0,selected_zero_not_shown,0,true
MakeAR,1,111CA,39,493,---,MARKER_TRIPLE_DASH,,0,selected_zero_not_shown,0,true
MakeAR,1,111CA,40,511,---,MARKER_TRIPLE_DASH,,0,selected_zero_not_shown,0,true
MakeAR,1,111CA,41,512,---,MARKER_TRIPLE_DASH,,0,selected_zero_not_shown,0,true
MakeAR,1,111CA,42,513,---,MARKER_TRIPLE_DASH,,0,selected_zero_not_shown,0,true
MakeAR,1,111CA,43,514,---,MARKER_TRIPLE_DASH,,0,selected_zero_not_shown,0,true
MakeAR,1,111CA,44,521CI,---,MARKER_TRIPLE_DASH,,0,selected_zero_not_shown,0,true
MakeAR,1,111CA,45,523,---,MARKER_TRIPLE_DASH,,0,selected_zero_not_shown,0,true
MakeAR,1,111CA,46,524,---,MARKER_TRIPLE_DASH,,0,selected_zero_not_shown,0,true
MakeAR,1,111CA,47,525,---,MARKER_TRIPLE_DASH,,0,selected_zero_not_shown,0,true
MakeAR,1,111CA,48,HS,---,MARKER_TRIPLE_DASH,,0,selected_zero_not_shown,0,true
MakeAR,1,111CA,49,ORE,---,MARKER_TRIPLE_DASH,,0,selected_zero_not_shown,0,true
MakeAR,1,111CA,50,532RL,---,MARKER_TRIPLE_DASH,,0,selected_zero_not_shown,0,true
MakeAR,1,111CA,51,5411,---,MARKER_TRIPLE_DASH,,0,selected_zero_not_shown,0,true
MakeAR,1,111CA,52,5415,---,MARKER_TRIPLE_DASH,,0,selected_zero_not_shown,0,true
MakeAR,1,111CA,53,5412OP,---,MARKER_TRIPLE_DASH,,0,selected_zero_not_shown,0,true
MakeAR,1,111CA,54,55,---,MARKER_TRIPLE_DASH,,0,selected_zero_not_shown,0,true
MakeAR,1,111CA,55,561,---,MARKER_TRIPLE_DASH,,0,selected_zero_not_shown,0,true
MakeAR,1,111CA,56,562,---,MARKER_TRIPLE_DASH,,0,selected_zero_not_shown,0,true
MakeAR,1,111CA,57,61,---,MARKER_TRIPLE_DASH,,0,selected_zero_not_shown,0,true
MakeAR,1,111CA,58,621,---,MARKER_TRIPLE_DASH,,0,selected_zero_not_shown,0,true
MakeAR,1,111CA,59,622,---,MARKER_TRIPLE_DASH,,0,selected_zero_not_shown,0,true
MakeAR,1,111CA,60,623,---,MARKER_TRIPLE_DASH,,0,selected_zero_not_shown,0,true
MakeAR,1,111CA,61,624,---,MARKER_TRIPLE_DASH,,0,selected_zero_not_shown,0,true
MakeAR,1,111CA,62,711AS,---,MARKER_TRIPLE_DASH,,0,selected_zero_not_shown,0,true
MakeAR,1,111CA,63,713,"2,718",NONZERO_INTEGER,2718,2718,numeric,2718,true
MakeAR,1,111CA,64,721,---,MARKER_TRIPLE_DASH,,0,selected_zero_not_shown,0,true
MakeAR,1,111CA,65,722,---,MARKER_TRIPLE_DASH,,0,selected_zero_not_shown,0,true
MakeAR,1,111CA,66,81,---,MARKER_TRIPLE_DASH,,0,selected_zero_not_shown,0,true
MakeAR,1,111CA,67,GFGD,---,MARKER_TRIPLE_DASH,,0,selected_zero_not_shown,0,true
MakeAR,1,111CA,68,GFGN,---,MARKER_TRIPLE_DASH,,0,selected_zero_not_shown,0,true
MakeAR,1,111CA,69,GFE,---,MARKER_TRIPLE_DASH,,0,selected_zero_not_shown,0,true
MakeAR,1,111CA,70,GSLG,---,MARKER_TRIPLE_DASH,,0,selected_zero_not_shown,0,true
MakeAR,1,111CA,71,GSLE,---,MARKER_TRIPLE_DASH,,0,selected_zero_not_shown,0,true
MakeAR,1,111CA,72,Used,---,MARKER_TRIPLE_DASH,,0,selected_zero_not_shown,0,true
MakeAR,1,111CA,73,Other,---,MARKER_TRIPLE_DASH,,0,selected_zero_not_shown,0,true
MakeAR,2,113FF,1,111CA,30,NONZERO_INTEGER,30,30,numeric,30,true
MakeAR,2,113FF,2,113FF,"69,067",NONZERO_INTEGER,69067,69067,numeric,69067,true
MakeAR,2,113FF,3,211,---,MARKER_TRIPLE_DASH,,0,selected_zero_not_shown,0,true
MakeAR,2,113FF,4,212,---,MARKER_TRIPLE_DASH,,0,selected_zero_not_shown,0,true
MakeAR,2,113FF,5,213,---,MARKER_TRIPLE_DASH,,0,selected_zero_not_shown,0,true
MakeAR,2,113FF,6,22,---,MARKER_TRIPLE_DASH,,0,selected_zero_not_shown,0,true
MakeAR,2,113FF,7,23,---,MARKER_TRIPLE_DASH,,0,selected_zero_not_shown,0,true
MakeAR,2,113FF,8,321,---,MARKER_TRIPLE_DASH,,0,selected_zero_not_shown,0,true
MakeAR,2,113FF,9,327,---,MARKER_TRIPLE_DASH,,0,selected_zero_not_shown,0,true
MakeAR,2,113FF,10,331,---,MARKER_TRIPLE_DASH,,0,selected_zero_not_shown,0,true
MakeAR,2,113FF,11,332,---,MARKER_TRIPLE_DASH,,0,selected_zero_not_shown,0,true
MakeAR,2,113FF,12,333,---,MARKER_TRIPLE_DASH,,0,selected_zero_not_shown,0,true
MakeAR,2,113FF,13,334,---,MARKER_TRIPLE_DASH,,0,selected_zero_not_shown,0,true
MakeAR,2,113FF,14,335,---,MARKER_TRIPLE_DASH,,0,selected_zero_not_shown,0,true
MakeAR,2,113FF,15,3361MV,---,MARKER_TRIPLE_DASH,,0,selected_zero_not_shown,0,true
MakeAR,2,113FF,16,3364OT,---,MARKER_TRIPLE_DASH,,0,selected_zero_not_shown,0,true
MakeAR,2,113FF,17,337,---,MARKER_TRIPLE_DASH,,0,selected_zero_not_shown,0,true
MakeAR,2,113FF,18,339,---,MARKER_TRIPLE_DASH,,0,selected_zero_not_shown,0,true
MakeAR,2,113FF,19,311FT,---,MARKER_TRIPLE_DASH,,0,selected_zero_not_shown,0,true
MakeAR,2,113FF,20,313TT,---,MARKER_TRIPLE_DASH,,0,selected_zero_not_shown,0,true
MakeAR,2,113FF,21,315AL,---,MARKER_TRIPLE_DASH,,0,selected_zero_not_shown,0,true
MakeAR,2,113FF,22,322,---,MARKER_TRIPLE_DASH,,0,selected_zero_not_shown,0,true
MakeAR,2,113FF,23,323,---,MARKER_TRIPLE_DASH,,0,selected_zero_not_shown,0,true
MakeAR,2,113FF,24,324,---,MARKER_TRIPLE_DASH,,0,selected_zero_not_shown,0,true
MakeAR,2,113FF,25,325,---,MARKER_TRIPLE_DASH,,0,selected_zero_not_shown,0,true
MakeAR,2,113FF,26,326,---,MARKER_TRIPLE_DASH,,0,selected_zero_not_shown,0,true
MakeAR,2,113FF,27,42,---,MARKER_TRIPLE_DASH,,0,selected_zero_not_shown,0,true
MakeAR,2,113FF,28,441,---,MARKER_TRIPLE_DASH,,0,selected_zero_not_shown,0,true
MakeAR,2,113FF,29,445,---,MARKER_TRIPLE_DASH,,0,selected_zero_not_shown,0,true
MakeAR,2,113FF,30,452,---,MARKER_TRIPLE_DASH,,0,selected_zero_not_shown,0,true
MakeAR,2,113FF,31,4A0,---,MARKER_TRIPLE_DASH,,0,selected_zero_not_shown,0,true
MakeAR,2,113FF,32,481,---,MARKER_TRIPLE_DASH,,0,selected_zero_not_shown,0,true
MakeAR,2,113FF,33,482,---,MARKER_TRIPLE_DASH,,0,selected_zero_not_shown,0,true
MakeAR,2,113FF,34,483,---,MARKER_TRIPLE_DASH,,0,selected_zero_not_shown,0,true
MakeAR,2,113FF,35,484,---,MARKER_TRIPLE_DASH,,0,selected_zero_not_shown,0,true
MakeAR,2,113FF,36,485,---,MARKER_TRIPLE_DASH,,0,selected_zero_not_shown,0,true
MakeAR,2,113FF,37,486,---,MARKER_TRIPLE_DASH,,0,selected_zero_not_shown,0,true
MakeAR,2,113FF,38,487OS,---,MARKER_TRIPLE_DASH,,0,selected_zero_not_shown,0,true
MakeAR,2,113FF,39,493,---,MARKER_TRIPLE_DASH,,0,selected_zero_not_shown,0,true
MakeAR,2,113FF,40,511,---,MARKER_TRIPLE_DASH,,0,selected_zero_not_shown,0,true
MakeAR,2,113FF,41,512,---,MARKER_TRIPLE_DASH,,0,selected_zero_not_shown,0,true
MakeAR,2,113FF,42,513,---,MARKER_TRIPLE_DASH,,0,selected_zero_not_shown,0,true
MakeAR,2,113FF,43,514,---,MARKER_TRIPLE_DASH,,0,selected_zero_not_shown,0,true
MakeAR,2,113FF,44,521CI,---,MARKER_TRIPLE_DASH,,0,selected_zero_not_shown,0,true
MakeAR,2,113FF,45,523,---,MARKER_TRIPLE_DASH,,0,selected_zero_not_shown,0,true
MakeAR,2,113FF,46,524,---,MARKER_TRIPLE_DASH,,0,selected_zero_not_shown,0,true
MakeAR,2,113FF,47,525,---,MARKER_TRIPLE_DASH,,0,selected_zero_not_shown,0,true
MakeAR,2,113FF,48,HS,---,MARKER_TRIPLE_DASH,,0,selected_zero_not_shown,0,true
MakeAR,2,113FF,49,ORE,---,MARKER_TRIPLE_DASH,,0,selected_zero_not_shown,0,true
MakeAR,2,113FF,50,532RL,---,MARKER_TRIPLE_DASH,,0,selected_zero_not_shown,0,true
MakeAR,2,113FF,51,5411,---,MARKER_TRIPLE_DASH,,0,selected_zero_not_shown,0,true
MakeAR,2,113FF,52,5415,---,MARKER_TRIPLE_DASH,,0,selected_zero_not_shown,0,true
MakeAR,2,113FF,53,5412OP,---,MARKER_TRIPLE_DASH,,0,selected_zero_not_shown,0,true
MakeAR,2,113FF,54,55,---,MARKER_TRIPLE_DASH,,0,selected_zero_not_shown,0,true
MakeAR,2,113FF,55,561,---,MARKER_TRIPLE_DASH,,0,selected_zero_not_shown,0,true
MakeAR,2,113FF,56,562,---,MARKER_TRIPLE_DASH,,0,selected_zero_not_shown,0,true
MakeAR,2,113FF,57,61,---,MARKER_TRIPLE_DASH,,0,selected_zero_not_shown,0,true
MakeAR,2,113FF,58,621,---,MARKER_TRIPLE_DASH,,0,selected_zero_not_shown,0,true
MakeAR,2,113FF,59,622,---,MARKER_TRIPLE_DASH,,0,selected_zero_not_shown,0,true
MakeAR,2,113FF,60,623,---,MARKER_TRIPLE_DASH,,0,selected_zero_not_shown,0,true
MakeAR,2,113FF,61,624,---,MARKER_TRIPLE_DASH,,0,selected_zero_not_shown,0,true
MakeAR,2,113FF,62,711AS,---,MARKER_TRIPLE_DASH,,0,selected_zero_not_shown,0,true
MakeAR,2,113FF,63,713,---,MARKER_TRIPLE_DASH,,0,selected_zero_not_shown,0,true
MakeAR,2,113FF,64,721,---,MARKER_TRIPLE_DASH,,0,selected_zero_not_shown,0,true
MakeAR,2,113FF,65,722,---,MARKER_TRIPLE_DASH,,0,selected_zero_not_shown,0,true
MakeAR,2,113FF,66,81,---,MARKER_TRIPLE_DASH,,0,selected_zero_not_shown,0,true
MakeAR,2,113FF,67,GFGD,---,MARKER_TRIPLE_DASH,,0,selected_zero_not_shown,0,true
MakeAR,2,113FF,68,GFGN,---,MARKER_TRIPLE_DASH,,0,selected_zero_not_shown,0,true
MakeAR,2,113FF,69,GFE,---,MARKER_TRIPLE_DASH,,0,selected_zero_not_shown,0,true
MakeAR,2,113FF,70,GSLG,---,MARKER_TRIPLE_DASH,,0,selected_zero_not_shown,0,true
MakeAR,2,113FF,71,GSLE,---,MARKER_TRIPLE_DASH,,0,selected_zero_not_shown,0,true
MakeAR,2,113FF,72,Used,---,MARKER_TRIPLE_DASH,,0,selected_zero_not_shown,0,true
MakeAR,2,113FF,73,Other,---,MARKER_TRIPLE_DASH,,0,selected_zero_not_shown,0,true
MakeAR,3,211,1,111CA,---,MARKER_TRIPLE_DASH,,0,selected_zero_not_shown,0,true
MakeAR,3,211,2,113FF,---,MARKER_TRIPLE_DASH,,0,selected_zero_not_shown,0,true
MakeAR,3,211,3,211,"390,892",NONZERO_INTEGER,390892,390892,numeric,390892,true
MakeAR,3,211,4,212,55,NONZERO_INTEGER,55,55,numeric,55,true
MakeAR,3,211,5,213,6,NONZERO_INTEGER,6,6,numeric,6,true
MakeAR,3,211,6,22,---,MARKER_TRIPLE_DASH,,0,selected_zero_not_shown,0,true
MakeAR,3,211,7,23,---,MARKER_TRIPLE_DASH,,0,selected_zero_not_shown,0,true
MakeAR,3,211,8,321,---,MARKER_TRIPLE_DASH,,0,selected_zero_not_shown,0,true
MakeAR,3,211,9,327,---,MARKER_TRIPLE_DASH,,0,selected_zero_not_shown,0,true
MakeAR,3,211,10,331,---,MARKER_TRIPLE_DASH,,0,selected_zero_not_shown,0,true
MakeAR,3,211,11,332,0,LITERAL_ZERO,0,0,numeric,0,true
MakeAR,3,211,12,333,224,NONZERO_INTEGER,224,224,numeric,224,true
MakeAR,3,211,13,334,---,MARKER_TRIPLE_DASH,,0,selected_zero_not_shown,0,true
MakeAR,3,211,14,335,---,MARKER_TRIPLE_DASH,,0,selected_zero_not_shown,0,true
MakeAR,3,211,15,3361MV,---,MARKER_TRIPLE_DASH,,0,selected_zero_not_shown,0,true
MakeAR,3,211,16,3364OT,---,MARKER_TRIPLE_DASH,,0,selected_zero_not_shown,0,true
MakeAR,3,211,17,337,---,MARKER_TRIPLE_DASH,,0,selected_zero_not_shown,0,true
MakeAR,3,211,18,339,---,MARKER_TRIPLE_DASH,,0,selected_zero_not_shown,0,true
MakeAR,3,211,19,311FT,---,MARKER_TRIPLE_DASH,,0,selected_zero_not_shown,0,true
MakeAR,3,211,20,313TT,---,MARKER_TRIPLE_DASH,,0,selected_zero_not_shown,0,true
MakeAR,3,211,21,315AL,---,MARKER_TRIPLE_DASH,,0,selected_zero_not_shown,0,true
MakeAR,3,211,22,322,---,MARKER_TRIPLE_DASH,,0,selected_zero_not_shown,0,true
MakeAR,3,211,23,323,---,MARKER_TRIPLE_DASH,,0,selected_zero_not_shown,0,true
MakeAR,3,211,24,324,"44,417",NONZERO_INTEGER,44417,44417,numeric,44417,true
MakeAR,3,211,25,325,302,NONZERO_INTEGER,302,302,numeric,302,true
MakeAR,3,211,26,326,---,MARKER_TRIPLE_DASH,,0,selected_zero_not_shown,0,true
MakeAR,3,211,27,42,---,MARKER_TRIPLE_DASH,,0,selected_zero_not_shown,0,true
MakeAR,3,211,28,441,---,MARKER_TRIPLE_DASH,,0,selected_zero_not_shown,0,true
MakeAR,3,211,29,445,---,MARKER_TRIPLE_DASH,,0,selected_zero_not_shown,0,true
MakeAR,3,211,30,452,---,MARKER_TRIPLE_DASH,,0,selected_zero_not_shown,0,true
MakeAR,3,211,31,4A0,---,MARKER_TRIPLE_DASH,,0,selected_zero_not_shown,0,true
MakeAR,3,211,32,481,---,MARKER_TRIPLE_DASH,,0,selected_zero_not_shown,0,true
MakeAR,3,211,33,482,---,MARKER_TRIPLE_DASH,,0,selected_zero_not_shown,0,true
MakeAR,3,211,34,483,---,MARKER_TRIPLE_DASH,,0,selected_zero_not_shown,0,true
MakeAR,3,211,35,484,---,MARKER_TRIPLE_DASH,,0,selected_zero_not_shown,0,true
MakeAR,3,211,36,485,---,MARKER_TRIPLE_DASH,,0,selected_zero_not_shown,0,true
MakeAR,3,211,37,486,---,MARKER_TRIPLE_DASH,,0,selected_zero_not_shown,0,true
MakeAR,3,211,38,487OS,---,MARKER_TRIPLE_DASH,,0,selected_zero_not_shown,0,true
MakeAR,3,211,39,493,---,MARKER_TRIPLE_DASH,,0,selected_zero_not_shown,0,true
MakeAR,3,211,40,511,---,MARKER_TRIPLE_DASH,,0,selected_zero_not_shown,0,true
MakeAR,3,211,41,512,---,MARKER_TRIPLE_DASH,,0,selected_zero_not_shown,0,true
MakeAR,3,211,42,513,---,MARKER_TRIPLE_DASH,,0,selected_zero_not_shown,0,true
MakeAR,3,211,43,514,---,MARKER_TRIPLE_DASH,,0,selected_zero_not_shown,0,true
MakeAR,3,211,44,521CI,---,MARKER_TRIPLE_DASH,,0,selected_zero_not_shown,0,true
MakeAR,3,211,45,523,---,MARKER_TRIPLE_DASH,,0,selected_zero_not_shown,0,true
MakeAR,3,211,46,524,---,MARKER_TRIPLE_DASH,,0,selected_zero_not_shown,0,true
MakeAR,3,211,47,525,---,MARKER_TRIPLE_DASH,,0,selected_zero_not_shown,0,true
MakeAR,3,211,48,HS,---,MARKER_TRIPLE_DASH,,0,selected_zero_not_shown,0,true
MakeAR,3,211,49,ORE,---,MARKER_TRIPLE_DASH,,0,selected_zero_not_shown,0,true
MakeAR,3,211,50,532RL,---,MARKER_TRIPLE_DASH,,0,selected_zero_not_shown,0,true
MakeAR,3,211,51,5411,---,MARKER_TRIPLE_DASH,,0,selected_zero_not_shown,0,true
MakeAR,3,211,52,5415,---,MARKER_TRIPLE_DASH,,0,selected_zero_not_shown,0,true
MakeAR,3,211,53,5412OP,---,MARKER_TRIPLE_DASH,,0,selected_zero_not_shown,0,true
MakeAR,3,211,54,55,---,MARKER_TRIPLE_DASH,,0,selected_zero_not_shown,0,true
MakeAR,3,211,55,561,---,MARKER_TRIPLE_DASH,,0,selected_zero_not_shown,0,true
MakeAR,3,211,56,562,---,MARKER_TRIPLE_DASH,,0,selected_zero_not_shown,0,true
MakeAR,3,211,57,61,---,MARKER_TRIPLE_DASH,,0,selected_zero_not_shown,0,true
MakeAR,3,211,58,621,---,MARKER_TRIPLE_DASH,,0,selected_zero_not_shown,0,true
MakeAR,3,211,59,622,---,MARKER_TRIPLE_DASH,,0,selected_zero_not_shown,0,true
MakeAR,3,211,60,623,---,MARKER_TRIPLE_DASH,,0,selected_zero_not_shown,0,true
MakeAR,3,211,61,624,---,MARKER_TRIPLE_DASH,,0,selected_zero_not_shown,0,true
MakeAR,3,211,62,711AS,---,MARKER_TRIPLE_DASH,,0,selected_zero_not_shown,0,true
MakeAR,3,211,63,713,---,MARKER_TRIPLE_DASH,,0,selected_zero_not_shown,0,true
MakeAR,3,211,64,721,---,MARKER_TRIPLE_DASH,,0,selected_zero_not_shown,0,true
MakeAR,3,211,65,722,---,MARKER_TRIPLE_DASH,,0,selected_zero_not_shown,0,true
MakeAR,3,211,66,81,---,MARKER_TRIPLE_DASH,,0,selected_zero_not_shown,0,true
MakeAR,3,211,67,GFGD,---,MARKER_TRIPLE_DASH,,0,selected_zero_not_shown,0,true
MakeAR,3,211,68,GFGN,---,MARKER_TRIPLE_DASH,,0,selected_zero_not_shown,0,true
MakeAR,3,211,69,GFE,---,MARKER_TRIPLE_DASH,,0,selected_zero_not_shown,0,true
MakeAR,3,211,70,GSLG,---,MARKER_TRIPLE_DASH,,0,selected_zero_not_shown,0,true
MakeAR,3,211,71,GSLE,---,MARKER_TRIPLE_DASH,,0,selected_zero_not_shown,0,true
MakeAR,3,211,72,Used,---,MARKER_TRIPLE_DASH,,0,selected_zero_not_shown,0,true
MakeAR,3,211,73,Other,---,MARKER_TRIPLE_DASH,,0,selected_zero_not_shown,0,true
MakeAR,4,212,1,111CA,---,MARKER_TRIPLE_DASH,,0,selected_zero_not_shown,0,true
MakeAR,4,212,2,113FF,---,MARKER_TRIPLE_DASH,,0,selected_zero_not_shown,0,true
MakeAR,4,212,3,211,0,LITERAL_ZERO,0,0,numeric,0,true
MakeAR,4,212,4,212,"109,426",NONZERO_INTEGER,109426,109426,numeric,109426,true
MakeAR,4,212,5,213,111,NONZERO_INTEGER,111,111,numeric,111,true
MakeAR,4,212,6,22,---,MARKER_TRIPLE_DASH,,0,selected_zero_not_shown,0,true
MakeAR,4,212,7,23,---,MARKER_TRIPLE_DASH,,0,selected_zero_not_shown,0,true
MakeAR,4,212,8,321,---,MARKER_TRIPLE_DASH,,0,selected_zero_not_shown,0,true
MakeAR,4,212,9,327,265,NONZERO_INTEGER,265,265,numeric,265,true
MakeAR,4,212,10,331,---,MARKER_TRIPLE_DASH,,0,selected_zero_not_shown,0,true
MakeAR,4,212,11,332,---,MARKER_TRIPLE_DASH,,0,selected_zero_not_shown,0,true
MakeAR,4,212,12,333,---,MARKER_TRIPLE_DASH,,0,selected_zero_not_shown,0,true
MakeAR,4,212,13,334,---,MARKER_TRIPLE_DASH,,0,selected_zero_not_shown,0,true
MakeAR,4,212,14,335,---,MARKER_TRIPLE_DASH,,0,selected_zero_not_shown,0,true
MakeAR,4,212,15,3361MV,---,MARKER_TRIPLE_DASH,,0,selected_zero_not_shown,0,true
MakeAR,4,212,16,3364OT,---,MARKER_TRIPLE_DASH,,0,selected_zero_not_shown,0,true
MakeAR,4,212,17,337,---,MARKER_TRIPLE_DASH,,0,selected_zero_not_shown,0,true
MakeAR,4,212,18,339,---,MARKER_TRIPLE_DASH,,0,selected_zero_not_shown,0,true
MakeAR,4,212,19,311FT,---,MARKER_TRIPLE_DASH,,0,selected_zero_not_shown,0,true
MakeAR,4,212,20,313TT,---,MARKER_TRIPLE_DASH,,0,selected_zero_not_shown,0,true
MakeAR,4,212,21,315AL,---,MARKER_TRIPLE_DASH,,0,selected_zero_not_shown,0,true
MakeAR,4,212,22,322,---,MARKER_TRIPLE_DASH,,0,selected_zero_not_shown,0,true
MakeAR,4,212,23,323,---,MARKER_TRIPLE_DASH,,0,selected_zero_not_shown,0,true
MakeAR,4,212,24,324,156,NONZERO_INTEGER,156,156,numeric,156,true
MakeAR,4,212,25,325,"3,108",NONZERO_INTEGER,3108,3108,numeric,3108,true
MakeAR,4,212,26,326,---,MARKER_TRIPLE_DASH,,0,selected_zero_not_shown,0,true
MakeAR,4,212,27,42,---,MARKER_TRIPLE_DASH,,0,selected_zero_not_shown,0,true
MakeAR,4,212,28,441,---,MARKER_TRIPLE_DASH,,0,selected_zero_not_shown,0,true
MakeAR,4,212,29,445,---,MARKER_TRIPLE_DASH,,0,selected_zero_not_shown,0,true
MakeAR,4,212,30,452,---,MARKER_TRIPLE_DASH,,0,selected_zero_not_shown,0,true
MakeAR,4,212,31,4A0,---,MARKER_TRIPLE_DASH,,0,selected_zero_not_shown,0,true
MakeAR,4,212,32,481,---,MARKER_TRIPLE_DASH,,0,selected_zero_not_shown,0,true
MakeAR,4,212,33,482,---,MARKER_TRIPLE_DASH,,0,selected_zero_not_shown,0,true
MakeAR,4,212,34,483,---,MARKER_TRIPLE_DASH,,0,selected_zero_not_shown,0,true
MakeAR,4,212,35,484,---,MARKER_TRIPLE_DASH,,0,selected_zero_not_shown,0,true
MakeAR,4,212,36,485,---,MARKER_TRIPLE_DASH,,0,selected_zero_not_shown,0,true
MakeAR,4,212,37,486,---,MARKER_TRIPLE_DASH,,0,selected_zero_not_shown,0,true
MakeAR,4,212,38,487OS,---,MARKER_TRIPLE_DASH,,0,selected_zero_not_shown,0,true
MakeAR,4,212,39,493,---,MARKER_TRIPLE_DASH,,0,selected_zero_not_shown,0,true
MakeAR,4,212,40,511,---,MARKER_TRIPLE_DASH,,0,selected_zero_not_shown,0,true
MakeAR,4,212,41,512,---,MARKER_TRIPLE_DASH,,0,selected_zero_not_shown,0,true
MakeAR,4,212,42,513,---,MARKER_TRIPLE_DASH,,0,selected_zero_not_shown,0,true
MakeAR,4,212,43,514,---,MARKER_TRIPLE_DASH,,0,selected_zero_not_shown,0,true
MakeAR,4,212,44,521CI,---,MARKER_TRIPLE_DASH,,0,selected_zero_not_shown,0,true
MakeAR,4,212,45,523,---,MARKER_TRIPLE_DASH,,0,selected_zero_not_shown,0,true
MakeAR,4,212,46,524,---,MARKER_TRIPLE_DASH,,0,selected_zero_not_shown,0,true
MakeAR,4,212,47,525,---,MARKER_TRIPLE_DASH,,0,selected_zero_not_shown,0,true
MakeAR,4,212,48,HS,---,MARKER_TRIPLE_DASH,,0,selected_zero_not_shown,0,true
MakeAR,4,212,49,ORE,---,MARKER_TRIPLE_DASH,,0,selected_zero_not_shown,0,true
MakeAR,4,212,50,532RL,---,MARKER_TRIPLE_DASH,,0,selected_zero_not_shown,0,true
MakeAR,4,212,51,5411,---,MARKER_TRIPLE_DASH,,0,selected_zero_not_shown,0,true
MakeAR,4,212,52,5415,---,MARKER_TRIPLE_DASH,,0,selected_zero_not_shown,0,true
MakeAR,4,212,53,5412OP,---,MARKER_TRIPLE_DASH,,0,selected_zero_not_shown,0,true
MakeAR,4,212,54,55,---,MARKER_TRIPLE_DASH,,0,selected_zero_not_shown,0,true
MakeAR,4,212,55,561,---,MARKER_TRIPLE_DASH,,0,selected_zero_not_shown,0,true
MakeAR,4,212,56,562,---,MARKER_TRIPLE_DASH,,0,selected_zero_not_shown,0,true
MakeAR,4,212,57,61,---,MARKER_TRIPLE_DASH,,0,selected_zero_not_shown,0,true
MakeAR,4,212,58,621,---,MARKER_TRIPLE_DASH,,0,selected_zero_not_shown,0,true
MakeAR,4,212,59,622,---,MARKER_TRIPLE_DASH,,0,selected_zero_not_shown,0,true
MakeAR,4,212,60,623,---,MARKER_TRIPLE_DASH,,0,selected_zero_not_shown,0,true
MakeAR,4,212,61,624,---,MARKER_TRIPLE_DASH,,0,selected_zero_not_shown,0,true
MakeAR,4,212,62,711AS,---,MARKER_TRIPLE_DASH,,0,selected_zero_not_shown,0,true
MakeAR,4,212,63,713,---,MARKER_TRIPLE_DASH,,0,selected_zero_not_shown,0,true
MakeAR,4,212,64,721,---,MARKER_TRIPLE_DASH,,0,selected_zero_not_shown,0,true
MakeAR,4,212,65,722,---,MARKER_TRIPLE_DASH,,0,selected_zero_not_shown,0,true
MakeAR,4,212,66,81,---,MARKER_TRIPLE_DASH,,0,selected_zero_not_shown,0,true
MakeAR,4,212,67,GFGD,---,MARKER_TRIPLE_DASH,,0,selected_zero_not_shown,0,true
MakeAR,4,212,68,GFGN,---,MARKER_TRIPLE_DASH,,0,selected_zero_not_shown,0,true
MakeAR,4,212,69,GFE,---,MARKER_TRIPLE_DASH,,0,selected_zero_not_shown,0,true
MakeAR,4,212,70,GSLG,---,MARKER_TRIPLE_DASH,,0,selected_zero_not_shown,0,true
MakeAR,4,212,71,GSLE,---,MARKER_TRIPLE_DASH,,0,selected_zero_not_shown,0,true
MakeAR,4,212,72,Used,---,MARKER_TRIPLE_DASH,,0,selected_zero_not_shown,0,true
MakeAR,4,212,73,Other,---,MARKER_TRIPLE_DASH,,0,selected_zero_not_shown,0,true
MakeAR,5,213,1,111CA,---,MARKER_TRIPLE_DASH,,0,selected_zero_not_shown,0,true
MakeAR,5,213,2,113FF,---,MARKER_TRIPLE_DASH,,0,selected_zero_not_shown,0,true
MakeAR,5,213,3,211,---,MARKER_TRIPLE_DASH,,0,selected_zero_not_shown,0,true
MakeAR,5,213,4,212,0,LITERAL_ZERO,0,0,numeric,0,true
MakeAR,5,213,5,213,"129,127",NONZERO_INTEGER,129127,129127,numeric,129127,true
MakeAR,5,213,6,22,---,MARKER_TRIPLE_DASH,,0,selected_zero_not_shown,0,true
MakeAR,5,213,7,23,---,MARKER_TRIPLE_DASH,,0,selected_zero_not_shown,0,true
MakeAR,5,213,8,321,---,MARKER_TRIPLE_DASH,,0,selected_zero_not_shown,0,true
MakeAR,5,213,9,327,---,MARKER_TRIPLE_DASH,,0,selected_zero_not_shown,0,true
MakeAR,5,213,10,331,---,MARKER_TRIPLE_DASH,,0,selected_zero_not_shown,0,true
MakeAR,5,213,11,332,486,NONZERO_INTEGER,486,486,numeric,486,true
MakeAR,5,213,12,333,---,MARKER_TRIPLE_DASH,,0,selected_zero_not_shown,0,true
MakeAR,5,213,13,334,---,MARKER_TRIPLE_DASH,,0,selected_zero_not_shown,0,true
MakeAR,5,213,14,335,---,MARKER_TRIPLE_DASH,,0,selected_zero_not_shown,0,true
MakeAR,5,213,15,3361MV,---,MARKER_TRIPLE_DASH,,0,selected_zero_not_shown,0,true
MakeAR,5,213,16,3364OT,---,MARKER_TRIPLE_DASH,,0,selected_zero_not_shown,0,true
MakeAR,5,213,17,337,---,MARKER_TRIPLE_DASH,,0,selected_zero_not_shown,0,true
MakeAR,5,213,18,339,---,MARKER_TRIPLE_DASH,,0,selected_zero_not_shown,0,true
MakeAR,5,213,19,311FT,---,MARKER_TRIPLE_DASH,,0,selected_zero_not_shown,0,true
MakeAR,5,213,20,313TT,---,MARKER_TRIPLE_DASH,,0,selected_zero_not_shown,0,true
MakeAR,5,213,21,315AL,---,MARKER_TRIPLE_DASH,,0,selected_zero_not_shown,0,true
MakeAR,5,213,22,322,---,MARKER_TRIPLE_DASH,,0,selected_zero_not_shown,0,true
MakeAR,5,213,23,323,---,MARKER_TRIPLE_DASH,,0,selected_zero_not_shown,0,true
MakeAR,5,213,24,324,235,NONZERO_INTEGER,235,235,numeric,235,true
MakeAR,5,213,25,325,---,MARKER_TRIPLE_DASH,,0,selected_zero_not_shown,0,true
MakeAR,5,213,26,326,---,MARKER_TRIPLE_DASH,,0,selected_zero_not_shown,0,true
MakeAR,5,213,27,42,---,MARKER_TRIPLE_DASH,,0,selected_zero_not_shown,0,true
MakeAR,5,213,28,441,---,MARKER_TRIPLE_DASH,,0,selected_zero_not_shown,0,true
MakeAR,5,213,29,445,---,MARKER_TRIPLE_DASH,,0,selected_zero_not_shown,0,true
MakeAR,5,213,30,452,---,MARKER_TRIPLE_DASH,,0,selected_zero_not_shown,0,true
MakeAR,5,213,31,4A0,---,MARKER_TRIPLE_DASH,,0,selected_zero_not_shown,0,true
MakeAR,5,213,32,481,---,MARKER_TRIPLE_DASH,,0,selected_zero_not_shown,0,true
MakeAR,5,213,33,482,---,MARKER_TRIPLE_DASH,,0,selected_zero_not_shown,0,true
MakeAR,5,213,34,483,---,MARKER_TRIPLE_DASH,,0,selected_zero_not_shown,0,true
MakeAR,5,213,35,484,---,MARKER_TRIPLE_DASH,,0,selected_zero_not_shown,0,true
MakeAR,5,213,36,485,---,MARKER_TRIPLE_DASH,,0,selected_zero_not_shown,0,true
MakeAR,5,213,37,486,---,MARKER_TRIPLE_DASH,,0,selected_zero_not_shown,0,true
MakeAR,5,213,38,487OS,---,MARKER_TRIPLE_DASH,,0,selected_zero_not_shown,0,true
MakeAR,5,213,39,493,---,MARKER_TRIPLE_DASH,,0,selected_zero_not_shown,0,true
MakeAR,5,213,40,511,---,MARKER_TRIPLE_DASH,,0,selected_zero_not_shown,0,true
MakeAR,5,213,41,512,---,MARKER_TRIPLE_DASH,,0,selected_zero_not_shown,0,true
MakeAR,5,213,42,513,---,MARKER_TRIPLE_DASH,,0,selected_zero_not_shown,0,true
MakeAR,5,213,43,514,---,MARKER_TRIPLE_DASH,,0,selected_zero_not_shown,0,true
MakeAR,5,213,44,521CI,---,MARKER_TRIPLE_DASH,,0,selected_zero_not_shown,0,true
MakeAR,5,213,45,523,---,MARKER_TRIPLE_DASH,,0,selected_zero_not_shown,0,true
MakeAR,5,213,46,524,---,MARKER_TRIPLE_DASH,,0,selected_zero_not_shown,0,true
MakeAR,5,213,47,525,---,MARKER_TRIPLE_DASH,,0,selected_zero_not_shown,0,true
MakeAR,5,213,48,HS,---,MARKER_TRIPLE_DASH,,0,selected_zero_not_shown,0,true
MakeAR,5,213,49,ORE,---,MARKER_TRIPLE_DASH,,0,selected_zero_not_shown,0,true
MakeAR,5,213,50,532RL,---,MARKER_TRIPLE_DASH,,0,selected_zero_not_shown,0,true
MakeAR,5,213,51,5411,---,MARKER_TRIPLE_DASH,,0,selected_zero_not_shown,0,true
MakeAR,5,213,52,5415,---,MARKER_TRIPLE_DASH,,0,selected_zero_not_shown,0,true
MakeAR,5,213,53,5412OP,---,MARKER_TRIPLE_DASH,,0,selected_zero_not_shown,0,true
MakeAR,5,213,54,55,---,MARKER_TRIPLE_DASH,,0,selected_zero_not_shown,0,true
MakeAR,5,213,55,561,---,MARKER_TRIPLE_DASH,,0,selected_zero_not_shown,0,true
MakeAR,5,213,56,562,---,MARKER_TRIPLE_DASH,,0,selected_zero_not_shown,0,true
MakeAR,5,213,57,61,---,MARKER_TRIPLE_DASH,,0,selected_zero_not_shown,0,true
MakeAR,5,213,58,621,---,MARKER_TRIPLE_DASH,,0,selected_zero_not_shown,0,true
MakeAR,5,213,59,622,---,MARKER_TRIPLE_DASH,,0,selected_zero_not_shown,0,true
MakeAR,5,213,60,623,---,MARKER_TRIPLE_DASH,,0,selected_zero_not_shown,0,true
MakeAR,5,213,61,624,---,MARKER_TRIPLE_DASH,,0,selected_zero_not_shown,0,true
MakeAR,5,213,62,711AS,---,MARKER_TRIPLE_DASH,,0,selected_zero_not_shown,0,true
MakeAR,5,213,63,713,---,MARKER_TRIPLE_DASH,,0,selected_zero_not_shown,0,true
MakeAR,5,213,64,721,---,MARKER_TRIPLE_DASH,,0,selected_zero_not_shown,0,true
MakeAR,5,213,65,722,---,MARKER_TRIPLE_DASH,,0,selected_zero_not_shown,0,true
MakeAR,5,213,66,81,---,MARKER_TRIPLE_DASH,,0,selected_zero_not_shown,0,true
MakeAR,5,213,67,GFGD,---,MARKER_TRIPLE_DASH,,0,selected_zero_not_shown,0,true
MakeAR,5,213,68,GFGN,---,MARKER_TRIPLE_DASH,,0,selected_zero_not_shown,0,true
MakeAR,5,213,69,GFE,---,MARKER_TRIPLE_DASH,,0,selected_zero_not_shown,0,true
MakeAR,5,213,70,GSLG,---,MARKER_TRIPLE_DASH,,0,selected_zero_not_shown,0,true
MakeAR,5,213,71,GSLE,---,MARKER_TRIPLE_DASH,,0,selected_zero_not_shown,0,true
MakeAR,5,213,72,Used,---,MARKER_TRIPLE_DASH,,0,selected_zero_not_shown,0,true
MakeAR,5,213,73,Other,---,MARKER_TRIPLE_DASH,,0,selected_zero_not_shown,0,true
MakeAR,6,22,1,111CA,---,MARKER_TRIPLE_DASH,,0,selected_zero_not_shown,0,true
MakeAR,6,22,2,113FF,---,MARKER_TRIPLE_DASH,,0,selected_zero_not_shown,0,true
MakeAR,6,22,3,211,130,NONZERO_INTEGER,130,130,numeric,130,true
MakeAR,6,22,4,212,---,MARKER_TRIPLE_DASH,,0,selected_zero_not_shown,0,true
MakeAR,6,22,5,213,---,MARKER_TRIPLE_DASH,,0,selected_zero_not_shown,0,true
MakeAR,6,22,6,22,"625,176",NONZERO_INTEGER,625176,625176,numeric,625176,true
MakeAR,6,22,7,23,---,MARKER_TRIPLE_DASH,,0,selected_zero_not_shown,0,true
MakeAR,6,22,8,321,---,MARKER_TRIPLE_DASH,,0,selected_zero_not_shown,0,true
MakeAR,6,22,9,327,---,MARKER_TRIPLE_DASH,,0,selected_zero_not_shown,0,true
MakeAR,6,22,10,331,---,MARKER_TRIPLE_DASH,,0,selected_zero_not_shown,0,true
MakeAR,6,22,11,332,---,MARKER_TRIPLE_DASH,,0,selected_zero_not_shown,0,true
MakeAR,6,22,12,333,---,MARKER_TRIPLE_DASH,,0,selected_zero_not_shown,0,true
MakeAR,6,22,13,334,---,MARKER_TRIPLE_DASH,,0,selected_zero_not_shown,0,true
MakeAR,6,22,14,335,---,MARKER_TRIPLE_DASH,,0,selected_zero_not_shown,0,true
MakeAR,6,22,15,3361MV,---,MARKER_TRIPLE_DASH,,0,selected_zero_not_shown,0,true
MakeAR,6,22,16,3364OT,---,MARKER_TRIPLE_DASH,,0,selected_zero_not_shown,0,true
MakeAR,6,22,17,337,---,MARKER_TRIPLE_DASH,,0,selected_zero_not_shown,0,true
MakeAR,6,22,18,339,---,MARKER_TRIPLE_DASH,,0,selected_zero_not_shown,0,true
MakeAR,6,22,19,311FT,---,MARKER_TRIPLE_DASH,,0,selected_zero_not_shown,0,true
MakeAR,6,22,20,313TT,---,MARKER_TRIPLE_DASH,,0,selected_zero_not_shown,0,true
MakeAR,6,22,21,315AL,---,MARKER_TRIPLE_DASH,,0,selected_zero_not_shown,0,true
MakeAR,6,22,22,322,---,MARKER_TRIPLE_DASH,,0,selected_zero_not_shown,0,true
MakeAR,6,22,23,323,---,MARKER_TRIPLE_DASH,,0,selected_zero_not_shown,0,true
MakeAR,6,22,24,324,---,MARKER_TRIPLE_DASH,,0,selected_zero_not_shown,0,true
MakeAR,6,22,25,325,---,MARKER_TRIPLE_DASH,,0,selected_zero_not_shown,0,true
MakeAR,6,22,26,326,---,MARKER_TRIPLE_DASH,,0,selected_zero_not_shown,0,true
MakeAR,6,22,27,42,---,MARKER_TRIPLE_DASH,,0,selected_zero_not_shown,0,true
MakeAR,6,22,28,441,---,MARKER_TRIPLE_DASH,,0,selected_zero_not_shown,0,true
MakeAR,6,22,29,445,---,MARKER_TRIPLE_DASH,,0,selected_zero_not_shown,0,true
MakeAR,6,22,30,452,---,MARKER_TRIPLE_DASH,,0,selected_zero_not_shown,0,true
MakeAR,6,22,31,4A0,---,MARKER_TRIPLE_DASH,,0,selected_zero_not_shown,0,true
MakeAR,6,22,32,481,---,MARKER_TRIPLE_DASH,,0,selected_zero_not_shown,0,true
MakeAR,6,22,33,482,---,MARKER_TRIPLE_DASH,,0,selected_zero_not_shown,0,true
MakeAR,6,22,34,483,---,MARKER_TRIPLE_DASH,,0,selected_zero_not_shown,0,true
MakeAR,6,22,35,484,---,MARKER_TRIPLE_DASH,,0,selected_zero_not_shown,0,true
MakeAR,6,22,36,485,---,MARKER_TRIPLE_DASH,,0,selected_zero_not_shown,0,true
MakeAR,6,22,37,486,---,MARKER_TRIPLE_DASH,,0,selected_zero_not_shown,0,true
MakeAR,6,22,38,487OS,---,MARKER_TRIPLE_DASH,,0,selected_zero_not_shown,0,true
MakeAR,6,22,39,493,---,MARKER_TRIPLE_DASH,,0,selected_zero_not_shown,0,true
MakeAR,6,22,40,511,---,MARKER_TRIPLE_DASH,,0,selected_zero_not_shown,0,true
MakeAR,6,22,41,512,---,MARKER_TRIPLE_DASH,,0,selected_zero_not_shown,0,true
MakeAR,6,22,42,513,---,MARKER_TRIPLE_DASH,,0,selected_zero_not_shown,0,true
MakeAR,6,22,43,514,---,MARKER_TRIPLE_DASH,,0,selected_zero_not_shown,0,true
MakeAR,6,22,44,521CI,---,MARKER_TRIPLE_DASH,,0,selected_zero_not_shown,0,true
MakeAR,6,22,45,523,---,MARKER_TRIPLE_DASH,,0,selected_zero_not_shown,0,true
MakeAR,6,22,46,524,---,MARKER_TRIPLE_DASH,,0,selected_zero_not_shown,0,true
MakeAR,6,22,47,525,---,MARKER_TRIPLE_DASH,,0,selected_zero_not_shown,0,true
MakeAR,6,22,48,HS,---,MARKER_TRIPLE_DASH,,0,selected_zero_not_shown,0,true
MakeAR,6,22,49,ORE,---,MARKER_TRIPLE_DASH,,0,selected_zero_not_shown,0,true
MakeAR,6,22,50,532RL,---,MARKER_TRIPLE_DASH,,0,selected_zero_not_shown,0,true
MakeAR,6,22,51,5411,---,MARKER_TRIPLE_DASH,,0,selected_zero_not_shown,0,true
MakeAR,6,22,52,5415,---,MARKER_TRIPLE_DASH,,0,selected_zero_not_shown,0,true
MakeAR,6,22,53,5412OP,---,MARKER_TRIPLE_DASH,,0,selected_zero_not_shown,0,true
MakeAR,6,22,54,55,---,MARKER_TRIPLE_DASH,,0,selected_zero_not_shown,0,true
MakeAR,6,22,55,561,---,MARKER_TRIPLE_DASH,,0,selected_zero_not_shown,0,true
MakeAR,6,22,56,562,---,MARKER_TRIPLE_DASH,,0,selected_zero_not_shown,0,true
MakeAR,6,22,57,61,---,MARKER_TRIPLE_DASH,,0,selected_zero_not_shown,0,true
MakeAR,6,22,58,621,---,MARKER_TRIPLE_DASH,,0,selected_zero_not_shown,0,true
MakeAR,6,22,59,622,---,MARKER_TRIPLE_DASH,,0,selected_zero_not_shown,0,true
MakeAR,6,22,60,623,---,MARKER_TRIPLE_DASH,,0,selected_zero_not_shown,0,true
MakeAR,6,22,61,624,---,MARKER_TRIPLE_DASH,,0,selected_zero_not_shown,0,true
MakeAR,6,22,62,711AS,---,MARKER_TRIPLE_DASH,,0,selected_zero_not_shown,0,true
MakeAR,6,22,63,713,---,MARKER_TRIPLE_DASH,,0,selected_zero_not_shown,0,true
MakeAR,6,22,64,721,---,MARKER_TRIPLE_DASH,,0,selected_zero_not_shown,0,true
MakeAR,6,22,65,722,---,MARKER_TRIPLE_DASH,,0,selected_zero_not_shown,0,true
MakeAR,6,22,66,81,---,MARKER_TRIPLE_DASH,,0,selected_zero_not_shown,0,true
MakeAR,6,22,67,GFGD,---,MARKER_TRIPLE_DASH,,0,selected_zero_not_shown,0,true
MakeAR,6,22,68,GFGN,---,MARKER_TRIPLE_DASH,,0,selected_zero_not_shown,0,true
MakeAR,6,22,69,GFE,---,MARKER_TRIPLE_DASH,,0,selected_zero_not_shown,0,true
MakeAR,6,22,70,GSLG,---,MARKER_TRIPLE_DASH,,0,selected_zero_not_shown,0,true
MakeAR,6,22,71,GSLE,"6,265",NONZERO_INTEGER,6265,6265,numeric,6265,true
MakeAR,6,22,72,Used,---,MARKER_TRIPLE_DASH,,0,selected_zero_not_shown,0,true
MakeAR,6,22,73,Other,---,MARKER_TRIPLE_DASH,,0,selected_zero_not_shown,0,true
MakeAR,7,23,1,111CA,---,MARKER_TRIPLE_DASH,,0,selected_zero_not_shown,0,true
MakeAR,7,23,2,113FF,---,MARKER_TRIPLE_DASH,,0,selected_zero_not_shown,0,true
MakeAR,7,23,3,211,---,MARKER_TRIPLE_DASH,,0,selected_zero_not_shown,0,true
MakeAR,7,23,4,212,---,MARKER_TRIPLE_DASH,,0,selected_zero_not_shown,0,true
MakeAR,7,23,5,213,---,MARKER_TRIPLE_DASH,,0,selected_zero_not_shown,0,true
MakeAR,7,23,6,22,0,LITERAL_ZERO,0,0,numeric,0,true
MakeAR,7,23,7,23,"2,654,577",NONZERO_INTEGER,2654577,2654577,numeric,2654577,true
MakeAR,7,23,8,321,---,MARKER_TRIPLE_DASH,,0,selected_zero_not_shown,0,true
MakeAR,7,23,9,327,---,MARKER_TRIPLE_DASH,,0,selected_zero_not_shown,0,true
MakeAR,7,23,10,331,---,MARKER_TRIPLE_DASH,,0,selected_zero_not_shown,0,true
MakeAR,7,23,11,332,---,MARKER_TRIPLE_DASH,,0,selected_zero_not_shown,0,true
MakeAR,7,23,12,333,---,MARKER_TRIPLE_DASH,,0,selected_zero_not_shown,0,true
MakeAR,7,23,13,334,---,MARKER_TRIPLE_DASH,,0,selected_zero_not_shown,0,true
MakeAR,7,23,14,335,---,MARKER_TRIPLE_DASH,,0,selected_zero_not_shown,0,true
MakeAR,7,23,15,3361MV,---,MARKER_TRIPLE_DASH,,0,selected_zero_not_shown,0,true
MakeAR,7,23,16,3364OT,---,MARKER_TRIPLE_DASH,,0,selected_zero_not_shown,0,true
MakeAR,7,23,17,337,---,MARKER_TRIPLE_DASH,,0,selected_zero_not_shown,0,true
MakeAR,7,23,18,339,---,MARKER_TRIPLE_DASH,,0,selected_zero_not_shown,0,true
MakeAR,7,23,19,311FT,---,MARKER_TRIPLE_DASH,,0,selected_zero_not_shown,0,true
MakeAR,7,23,20,313TT,---,MARKER_TRIPLE_DASH,,0,selected_zero_not_shown,0,true
MakeAR,7,23,21,315AL,---,MARKER_TRIPLE_DASH,,0,selected_zero_not_shown,0,true
MakeAR,7,23,22,322,---,MARKER_TRIPLE_DASH,,0,selected_zero_not_shown,0,true
MakeAR,7,23,23,323,---,MARKER_TRIPLE_DASH,,0,selected_zero_not_shown,0,true
MakeAR,7,23,24,324,---,MARKER_TRIPLE_DASH,,0,selected_zero_not_shown,0,true
MakeAR,7,23,25,325,---,MARKER_TRIPLE_DASH,,0,selected_zero_not_shown,0,true
MakeAR,7,23,26,326,---,MARKER_TRIPLE_DASH,,0,selected_zero_not_shown,0,true
MakeAR,7,23,27,42,0,LITERAL_ZERO,0,0,numeric,0,true
MakeAR,7,23,28,441,---,MARKER_TRIPLE_DASH,,0,selected_zero_not_shown,0,true
MakeAR,7,23,29,445,---,MARKER_TRIPLE_DASH,,0,selected_zero_not_shown,0,true
MakeAR,7,23,30,452,---,MARKER_TRIPLE_DASH,,0,selected_zero_not_shown,0,true
MakeAR,7,23,31,4A0,0,LITERAL_ZERO,0,0,numeric,0,true
MakeAR,7,23,32,481,---,MARKER_TRIPLE_DASH,,0,selected_zero_not_shown,0,true
MakeAR,7,23,33,482,---,MARKER_TRIPLE_DASH,,0,selected_zero_not_shown,0,true
MakeAR,7,23,34,483,---,MARKER_TRIPLE_DASH,,0,selected_zero_not_shown,0,true
MakeAR,7,23,35,484,---,MARKER_TRIPLE_DASH,,0,selected_zero_not_shown,0,true
MakeAR,7,23,36,485,---,MARKER_TRIPLE_DASH,,0,selected_zero_not_shown,0,true
MakeAR,7,23,37,486,---,MARKER_TRIPLE_DASH,,0,selected_zero_not_shown,0,true
MakeAR,7,23,38,487OS,---,MARKER_TRIPLE_DASH,,0,selected_zero_not_shown,0,true
MakeAR,7,23,39,493,---,MARKER_TRIPLE_DASH,,0,selected_zero_not_shown,0,true
MakeAR,7,23,40,511,---,MARKER_TRIPLE_DASH,,0,selected_zero_not_shown,0,true
MakeAR,7,23,41,512,---,MARKER_TRIPLE_DASH,,0,selected_zero_not_shown,0,true
MakeAR,7,23,42,513,---,MARKER_TRIPLE_DASH,,0,selected_zero_not_shown,0,true
MakeAR,7,23,43,514,---,MARKER_TRIPLE_DASH,,0,selected_zero_not_shown,0,true
MakeAR,7,23,44,521CI,---,MARKER_TRIPLE_DASH,,0,selected_zero_not_shown,0,true
MakeAR,7,23,45,523,---,MARKER_TRIPLE_DASH,,0,selected_zero_not_shown,0,true
MakeAR,7,23,46,524,---,MARKER_TRIPLE_DASH,,0,selected_zero_not_shown,0,true
MakeAR,7,23,47,525,---,MARKER_TRIPLE_DASH,,0,selected_zero_not_shown,0,true
MakeAR,7,23,48,HS,---,MARKER_TRIPLE_DASH,,0,selected_zero_not_shown,0,true
MakeAR,7,23,49,ORE,---,MARKER_TRIPLE_DASH,,0,selected_zero_not_shown,0,true
MakeAR,7,23,50,532RL,---,MARKER_TRIPLE_DASH,,0,selected_zero_not_shown,0,true
MakeAR,7,23,51,5411,---,MARKER_TRIPLE_DASH,,0,selected_zero_not_shown,0,true
MakeAR,7,23,52,5415,---,MARKER_TRIPLE_DASH,,0,selected_zero_not_shown,0,true
MakeAR,7,23,53,5412OP,---,MARKER_TRIPLE_DASH,,0,selected_zero_not_shown,0,true
MakeAR,7,23,54,55,---,MARKER_TRIPLE_DASH,,0,selected_zero_not_shown,0,true
MakeAR,7,23,55,561,---,MARKER_TRIPLE_DASH,,0,selected_zero_not_shown,0,true
MakeAR,7,23,56,562,---,MARKER_TRIPLE_DASH,,0,selected_zero_not_shown,0,true
MakeAR,7,23,57,61,---,MARKER_TRIPLE_DASH,,0,selected_zero_not_shown,0,true
MakeAR,7,23,58,621,---,MARKER_TRIPLE_DASH,,0,selected_zero_not_shown,0,true
MakeAR,7,23,59,622,---,MARKER_TRIPLE_DASH,,0,selected_zero_not_shown,0,true
MakeAR,7,23,60,623,---,MARKER_TRIPLE_DASH,,0,selected_zero_not_shown,0,true
MakeAR,7,23,61,624,---,MARKER_TRIPLE_DASH,,0,selected_zero_not_shown,0,true
MakeAR,7,23,62,711AS,---,MARKER_TRIPLE_DASH,,0,selected_zero_not_shown,0,true
MakeAR,7,23,63,713,---,MARKER_TRIPLE_DASH,,0,selected_zero_not_shown,0,true
MakeAR,7,23,64,721,---,MARKER_TRIPLE_DASH,,0,selected_zero_not_shown,0,true
MakeAR,7,23,65,722,---,MARKER_TRIPLE_DASH,,0,selected_zero_not_shown,0,true
MakeAR,7,23,66,81,---,MARKER_TRIPLE_DASH,,0,selected_zero_not_shown,0,true
MakeAR,7,23,67,GFGD,---,MARKER_TRIPLE_DASH,,0,selected_zero_not_shown,0,true
MakeAR,7,23,68,GFGN,---,MARKER_TRIPLE_DASH,,0,selected_zero_not_shown,0,true
MakeAR,7,23,69,GFE,---,MARKER_TRIPLE_DASH,,0,selected_zero_not_shown,0,true
MakeAR,7,23,70,GSLG,---,MARKER_TRIPLE_DASH,,0,selected_zero_not_shown,0,true
MakeAR,7,23,71,GSLE,---,MARKER_TRIPLE_DASH,,0,selected_zero_not_shown,0,true
MakeAR,7,23,72,Used,---,MARKER_TRIPLE_DASH,,0,selected_zero_not_shown,0,true
MakeAR,7,23,73,Other,---,MARKER_TRIPLE_DASH,,0,selected_zero_not_shown,0,true
MakeAR,8,321,1,111CA,---,MARKER_TRIPLE_DASH,,0,selected_zero_not_shown,0,true
MakeAR,8,321,2,113FF,---,MARKER_TRIPLE_DASH,,0,selected_zero_not_shown,0,true
MakeAR,8,321,3,211,---,MARKER_TRIPLE_DASH,,0,selected_zero_not_shown,0,true
MakeAR,8,321,4,212,---,MARKER_TRIPLE_DASH,,0,selected_zero_not_shown,0,true
MakeAR,8,321,5,213,---,MARKER_TRIPLE_DASH,,0,selected_zero_not_shown,0,true
MakeAR,8,321,6,22,---,MARKER_TRIPLE_DASH,,0,selected_zero_not_shown,0,true
MakeAR,8,321,7,23,---,MARKER_TRIPLE_DASH,,0,selected_zero_not_shown,0,true
MakeAR,8,321,8,321,"168,173",NONZERO_INTEGER,168173,168173,numeric,168173,true
MakeAR,8,321,9,327,48,NONZERO_INTEGER,48,48,numeric,48,true
MakeAR,8,321,10,331,---,MARKER_TRIPLE_DASH,,0,selected_zero_not_shown,0,true
MakeAR,8,321,11,332,646,NONZERO_INTEGER,646,646,numeric,646,true
MakeAR,8,321,12,333,---,MARKER_TRIPLE_DASH,,0,selected_zero_not_shown,0,true
MakeAR,8,321,13,334,0,LITERAL_ZERO,0,0,numeric,0,true
MakeAR,8,321,14,335,---,MARKER_TRIPLE_DASH,,0,selected_zero_not_shown,0,true
MakeAR,8,321,15,3361MV,---,MARKER_TRIPLE_DASH,,0,selected_zero_not_shown,0,true
MakeAR,8,321,16,3364OT,---,MARKER_TRIPLE_DASH,,0,selected_zero_not_shown,0,true
MakeAR,8,321,17,337,976,NONZERO_INTEGER,976,976,numeric,976,true
MakeAR,8,321,18,339,30,NONZERO_INTEGER,30,30,numeric,30,true
MakeAR,8,321,19,311FT,---,MARKER_TRIPLE_DASH,,0,selected_zero_not_shown,0,true
MakeAR,8,321,20,313TT,0,LITERAL_ZERO,0,0,numeric,0,true
MakeAR,8,321,21,315AL,---,MARKER_TRIPLE_DASH,,0,selected_zero_not_shown,0,true
MakeAR,8,321,22,322,29,NONZERO_INTEGER,29,29,numeric,29,true
MakeAR,8,321,23,323,---,MARKER_TRIPLE_DASH,,0,selected_zero_not_shown,0,true
MakeAR,8,321,24,324,---,MARKER_TRIPLE_DASH,,0,selected_zero_not_shown,0,true
MakeAR,8,321,25,325,23,NONZERO_INTEGER,23,23,numeric,23,true
MakeAR,8,321,26,326,131,NONZERO_INTEGER,131,131,numeric,131,true
MakeAR,8,321,27,42,---,MARKER_TRIPLE_DASH,,0,selected_zero_not_shown,0,true
MakeAR,8,321,28,441,---,MARKER_TRIPLE_DASH,,0,selected_zero_not_shown,0,true
MakeAR,8,321,29,445,---,MARKER_TRIPLE_DASH,,0,selected_zero_not_shown,0,true
MakeAR,8,321,30,452,---,MARKER_TRIPLE_DASH,,0,selected_zero_not_shown,0,true
MakeAR,8,321,31,4A0,---,MARKER_TRIPLE_DASH,,0,selected_zero_not_shown,0,true
MakeAR,8,321,32,481,---,MARKER_TRIPLE_DASH,,0,selected_zero_not_shown,0,true
MakeAR,8,321,33,482,---,MARKER_TRIPLE_DASH,,0,selected_zero_not_shown,0,true
MakeAR,8,321,34,483,---,MARKER_TRIPLE_DASH,,0,selected_zero_not_shown,0,true
MakeAR,8,321,35,484,---,MARKER_TRIPLE_DASH,,0,selected_zero_not_shown,0,true
MakeAR,8,321,36,485,---,MARKER_TRIPLE_DASH,,0,selected_zero_not_shown,0,true
MakeAR,8,321,37,486,---,MARKER_TRIPLE_DASH,,0,selected_zero_not_shown,0,true
MakeAR,8,321,38,487OS,---,MARKER_TRIPLE_DASH,,0,selected_zero_not_shown,0,true
MakeAR,8,321,39,493,---,MARKER_TRIPLE_DASH,,0,selected_zero_not_shown,0,true
MakeAR,8,321,40,511,---,MARKER_TRIPLE_DASH,,0,selected_zero_not_shown,0,true
MakeAR,8,321,41,512,---,MARKER_TRIPLE_DASH,,0,selected_zero_not_shown,0,true
MakeAR,8,321,42,513,---,MARKER_TRIPLE_DASH,,0,selected_zero_not_shown,0,true
MakeAR,8,321,43,514,---,MARKER_TRIPLE_DASH,,0,selected_zero_not_shown,0,true
MakeAR,8,321,44,521CI,---,MARKER_TRIPLE_DASH,,0,selected_zero_not_shown,0,true
MakeAR,8,321,45,523,---,MARKER_TRIPLE_DASH,,0,selected_zero_not_shown,0,true
MakeAR,8,321,46,524,---,MARKER_TRIPLE_DASH,,0,selected_zero_not_shown,0,true
MakeAR,8,321,47,525,---,MARKER_TRIPLE_DASH,,0,selected_zero_not_shown,0,true
MakeAR,8,321,48,HS,---,MARKER_TRIPLE_DASH,,0,selected_zero_not_shown,0,true
MakeAR,8,321,49,ORE,---,MARKER_TRIPLE_DASH,,0,selected_zero_not_shown,0,true
MakeAR,8,321,50,532RL,---,MARKER_TRIPLE_DASH,,0,selected_zero_not_shown,0,true
MakeAR,8,321,51,5411,---,MARKER_TRIPLE_DASH,,0,selected_zero_not_shown,0,true
MakeAR,8,321,52,5415,---,MARKER_TRIPLE_DASH,,0,selected_zero_not_shown,0,true
MakeAR,8,321,53,5412OP,---,MARKER_TRIPLE_DASH,,0,selected_zero_not_shown,0,true
MakeAR,8,321,54,55,---,MARKER_TRIPLE_DASH,,0,selected_zero_not_shown,0,true
MakeAR,8,321,55,561,---,MARKER_TRIPLE_DASH,,0,selected_zero_not_shown,0,true
MakeAR,8,321,56,562,---,MARKER_TRIPLE_DASH,,0,selected_zero_not_shown,0,true
MakeAR,8,321,57,61,---,MARKER_TRIPLE_DASH,,0,selected_zero_not_shown,0,true
MakeAR,8,321,58,621,---,MARKER_TRIPLE_DASH,,0,selected_zero_not_shown,0,true
MakeAR,8,321,59,622,---,MARKER_TRIPLE_DASH,,0,selected_zero_not_shown,0,true
MakeAR,8,321,60,623,---,MARKER_TRIPLE_DASH,,0,selected_zero_not_shown,0,true
MakeAR,8,321,61,624,---,MARKER_TRIPLE_DASH,,0,selected_zero_not_shown,0,true
MakeAR,8,321,62,711AS,---,MARKER_TRIPLE_DASH,,0,selected_zero_not_shown,0,true
MakeAR,8,321,63,713,---,MARKER_TRIPLE_DASH,,0,selected_zero_not_shown,0,true
MakeAR,8,321,64,721,---,MARKER_TRIPLE_DASH,,0,selected_zero_not_shown,0,true
MakeAR,8,321,65,722,---,MARKER_TRIPLE_DASH,,0,selected_zero_not_shown,0,true
MakeAR,8,321,66,81,---,MARKER_TRIPLE_DASH,,0,selected_zero_not_shown,0,true
MakeAR,8,321,67,GFGD,---,MARKER_TRIPLE_DASH,,0,selected_zero_not_shown,0,true
MakeAR,8,321,68,GFGN,---,MARKER_TRIPLE_DASH,,0,selected_zero_not_shown,0,true
MakeAR,8,321,69,GFE,---,MARKER_TRIPLE_DASH,,0,selected_zero_not_shown,0,true
MakeAR,8,321,70,GSLG,---,MARKER_TRIPLE_DASH,,0,selected_zero_not_shown,0,true
MakeAR,8,321,71,GSLE,---,MARKER_TRIPLE_DASH,,0,selected_zero_not_shown,0,true
MakeAR,8,321,72,Used,370,NONZERO_INTEGER,370,370,numeric,370,true
MakeAR,8,321,73,Other,---,MARKER_TRIPLE_DASH,,0,selected_zero_not_shown,0,true
MakeAR,9,327,1,111CA,---,MARKER_TRIPLE_DASH,,0,selected_zero_not_shown,0,true
MakeAR,9,327,2,113FF,---,MARKER_TRIPLE_DASH,,0,selected_zero_not_shown,0,true
MakeAR,9,327,3,211,0,LITERAL_ZERO,0,0,numeric,0,true
MakeAR,9,327,4,212,759,NONZERO_INTEGER,759,759,numeric,759,true
MakeAR,9,327,5,213,0,LITERAL_ZERO,0,0,numeric,0,true
MakeAR,9,327,6,22,---,MARKER_TRIPLE_DASH,,0,selected_zero_not_shown,0,true
MakeAR,9,327,7,23,---,MARKER_TRIPLE_DASH,,0,selected_zero_not_shown,0,true
MakeAR,9,327,8,321,23,NONZERO_INTEGER,23,23,numeric,23,true
MakeAR,9,327,9,327,"168,062",NONZERO_INTEGER,168062,168062,numeric,168062,true
MakeAR,9,327,10,331,1,NONZERO_INTEGER,1,1,numeric,1,true
MakeAR,9,327,11,332,34,NONZERO_INTEGER,34,34,numeric,34,true
MakeAR,9,327,12,333,8,NONZERO_INTEGER,8,8,numeric,8,true
MakeAR,9,327,13,334,0,LITERAL_ZERO,0,0,numeric,0,true
MakeAR,9,327,14,335,69,NONZERO_INTEGER,69,69,numeric,69,true
MakeAR,9,327,15,3361MV,22,NONZERO_INTEGER,22,22,numeric,22,true
MakeAR,9,327,16,3364OT,1,NONZERO_INTEGER,1,1,numeric,1,true
MakeAR,9,327,17,337,124,NONZERO_INTEGER,124,124,numeric,124,true
MakeAR,9,327,18,339,25,NONZERO_INTEGER,25,25,numeric,25,true
MakeAR,9,327,19,311FT,---,MARKER_TRIPLE_DASH,,0,selected_zero_not_shown,0,true
MakeAR,9,327,20,313TT,26,NONZERO_INTEGER,26,26,numeric,26,true
MakeAR,9,327,21,315AL,110,NONZERO_INTEGER,110,110,numeric,110,true
MakeAR,9,327,22,322,32,NONZERO_INTEGER,32,32,numeric,32,true
MakeAR,9,327,23,323,---,MARKER_TRIPLE_DASH,,0,selected_zero_not_shown,0,true
MakeAR,9,327,24,324,141,NONZERO_INTEGER,141,141,numeric,141,true
MakeAR,9,327,25,325,212,NONZERO_INTEGER,212,212,numeric,212,true
MakeAR,9,327,26,326,202,NONZERO_INTEGER,202,202,numeric,202,true
MakeAR,9,327,27,42,---,MARKER_TRIPLE_DASH,,0,selected_zero_not_shown,0,true
MakeAR,9,327,28,441,---,MARKER_TRIPLE_DASH,,0,selected_zero_not_shown,0,true
MakeAR,9,327,29,445,---,MARKER_TRIPLE_DASH,,0,selected_zero_not_shown,0,true
MakeAR,9,327,30,452,---,MARKER_TRIPLE_DASH,,0,selected_zero_not_shown,0,true
MakeAR,9,327,31,4A0,---,MARKER_TRIPLE_DASH,,0,selected_zero_not_shown,0,true
MakeAR,9,327,32,481,---,MARKER_TRIPLE_DASH,,0,selected_zero_not_shown,0,true
MakeAR,9,327,33,482,---,MARKER_TRIPLE_DASH,,0,selected_zero_not_shown,0,true
MakeAR,9,327,34,483,---,MARKER_TRIPLE_DASH,,0,selected_zero_not_shown,0,true
MakeAR,9,327,35,484,---,MARKER_TRIPLE_DASH,,0,selected_zero_not_shown,0,true
MakeAR,9,327,36,485,---,MARKER_TRIPLE_DASH,,0,selected_zero_not_shown,0,true
MakeAR,9,327,37,486,---,MARKER_TRIPLE_DASH,,0,selected_zero_not_shown,0,true
MakeAR,9,327,38,487OS,---,MARKER_TRIPLE_DASH,,0,selected_zero_not_shown,0,true
MakeAR,9,327,39,493,---,MARKER_TRIPLE_DASH,,0,selected_zero_not_shown,0,true
MakeAR,9,327,40,511,---,MARKER_TRIPLE_DASH,,0,selected_zero_not_shown,0,true
MakeAR,9,327,41,512,---,MARKER_TRIPLE_DASH,,0,selected_zero_not_shown,0,true
MakeAR,9,327,42,513,---,MARKER_TRIPLE_DASH,,0,selected_zero_not_shown,0,true
MakeAR,9,327,43,514,---,MARKER_TRIPLE_DASH,,0,selected_zero_not_shown,0,true
MakeAR,9,327,44,521CI,---,MARKER_TRIPLE_DASH,,0,selected_zero_not_shown,0,true
MakeAR,9,327,45,523,---,MARKER_TRIPLE_DASH,,0,selected_zero_not_shown,0,true
MakeAR,9,327,46,524,---,MARKER_TRIPLE_DASH,,0,selected_zero_not_shown,0,true
MakeAR,9,327,47,525,---,MARKER_TRIPLE_DASH,,0,selected_zero_not_shown,0,true
MakeAR,9,327,48,HS,---,MARKER_TRIPLE_DASH,,0,selected_zero_not_shown,0,true
MakeAR,9,327,49,ORE,---,MARKER_TRIPLE_DASH,,0,selected_zero_not_shown,0,true
MakeAR,9,327,50,532RL,---,MARKER_TRIPLE_DASH,,0,selected_zero_not_shown,0,true
MakeAR,9,327,51,5411,---,MARKER_TRIPLE_DASH,,0,selected_zero_not_shown,0,true
MakeAR,9,327,52,5415,---,MARKER_TRIPLE_DASH,,0,selected_zero_not_shown,0,true
MakeAR,9,327,53,5412OP,---,MARKER_TRIPLE_DASH,,0,selected_zero_not_shown,0,true
MakeAR,9,327,54,55,---,MARKER_TRIPLE_DASH,,0,selected_zero_not_shown,0,true
MakeAR,9,327,55,561,---,MARKER_TRIPLE_DASH,,0,selected_zero_not_shown,0,true
MakeAR,9,327,56,562,---,MARKER_TRIPLE_DASH,,0,selected_zero_not_shown,0,true
MakeAR,9,327,57,61,---,MARKER_TRIPLE_DASH,,0,selected_zero_not_shown,0,true
MakeAR,9,327,58,621,---,MARKER_TRIPLE_DASH,,0,selected_zero_not_shown,0,true
MakeAR,9,327,59,622,---,MARKER_TRIPLE_DASH,,0,selected_zero_not_shown,0,true
MakeAR,9,327,60,623,---,MARKER_TRIPLE_DASH,,0,selected_zero_not_shown,0,true
MakeAR,9,327,61,624,---,MARKER_TRIPLE_DASH,,0,selected_zero_not_shown,0,true
MakeAR,9,327,62,711AS,---,MARKER_TRIPLE_DASH,,0,selected_zero_not_shown,0,true
MakeAR,9,327,63,713,---,MARKER_TRIPLE_DASH,,0,selected_zero_not_shown,0,true
MakeAR,9,327,64,721,---,MARKER_TRIPLE_DASH,,0,selected_zero_not_shown,0,true
MakeAR,9,327,65,722,---,MARKER_TRIPLE_DASH,,0,selected_zero_not_shown,0,true
MakeAR,9,327,66,81,---,MARKER_TRIPLE_DASH,,0,selected_zero_not_shown,0,true
MakeAR,9,327,67,GFGD,---,MARKER_TRIPLE_DASH,,0,selected_zero_not_shown,0,true
MakeAR,9,327,68,GFGN,---,MARKER_TRIPLE_DASH,,0,selected_zero_not_shown,0,true
MakeAR,9,327,69,GFE,---,MARKER_TRIPLE_DASH,,0,selected_zero_not_shown,0,true
MakeAR,9,327,70,GSLG,---,MARKER_TRIPLE_DASH,,0,selected_zero_not_shown,0,true
MakeAR,9,327,71,GSLE,---,MARKER_TRIPLE_DASH,,0,selected_zero_not_shown,0,true
MakeAR,9,327,72,Used,6,NONZERO_INTEGER,6,6,numeric,6,true
MakeAR,9,327,73,Other,---,MARKER_TRIPLE_DASH,,0,selected_zero_not_shown,0,true
MakeAR,10,331,1,111CA,---,MARKER_TRIPLE_DASH,,0,selected_zero_not_shown,0,true
MakeAR,10,331,2,113FF,---,MARKER_TRIPLE_DASH,,0,selected_zero_not_shown,0,true
MakeAR,10,331,3,211,---,MARKER_TRIPLE_DASH,,0,selected_zero_not_shown,0,true
MakeAR,10,331,4,212,---,MARKER_TRIPLE_DASH,,0,selected_zero_not_shown,0,true
MakeAR,10,331,5,213,---,MARKER_TRIPLE_DASH,,0,selected_zero_not_shown,0,true
MakeAR,10,331,6,22,---,MARKER_TRIPLE_DASH,,0,selected_zero_not_shown,0,true
MakeAR,10,331,7,23,---,MARKER_TRIPLE_DASH,,0,selected_zero_not_shown,0,true
MakeAR,10,331,8,321,---,MARKER_TRIPLE_DASH,,0,selected_zero_not_shown,0,true
MakeAR,10,331,9,327,134,NONZERO_INTEGER,134,134,numeric,134,true
MakeAR,10,331,10,331,"295,542",NONZERO_INTEGER,295542,295542,numeric,295542,true
MakeAR,10,331,11,332,"1,656",NONZERO_INTEGER,1656,1656,numeric,1656,true
MakeAR,10,331,12,333,271,NONZERO_INTEGER,271,271,numeric,271,true
MakeAR,10,331,13,334,1,NONZERO_INTEGER,1,1,numeric,1,true
MakeAR,10,331,14,335,326,NONZERO_INTEGER,326,326,numeric,326,true
MakeAR,10,331,15,3361MV,---,MARKER_TRIPLE_DASH,,0,selected_zero_not_shown,0,true
MakeAR,10,331,16,3364OT,---,MARKER_TRIPLE_DASH,,0,selected_zero_not_shown,0,true
MakeAR,10,331,17,337,3,NONZERO_INTEGER,3,3,numeric,3,true
MakeAR,10,331,18,339,---,MARKER_TRIPLE_DASH,,0,selected_zero_not_shown,0,true
MakeAR,10,331,19,311FT,---,MARKER_TRIPLE_DASH,,0,selected_zero_not_shown,0,true
MakeAR,10,331,20,313TT,3,NONZERO_INTEGER,3,3,numeric,3,true
MakeAR,10,331,21,315AL,---,MARKER_TRIPLE_DASH,,0,selected_zero_not_shown,0,true
MakeAR,10,331,22,322,2,NONZERO_INTEGER,2,2,numeric,2,true
MakeAR,10,331,23,323,---,MARKER_TRIPLE_DASH,,0,selected_zero_not_shown,0,true
MakeAR,10,331,24,324,883,NONZERO_INTEGER,883,883,numeric,883,true
MakeAR,10,331,25,325,157,NONZERO_INTEGER,157,157,numeric,157,true
MakeAR,10,331,26,326,1,NONZERO_INTEGER,1,1,numeric,1,true
MakeAR,10,331,27,42,---,MARKER_TRIPLE_DASH,,0,selected_zero_not_shown,0,true
MakeAR,10,331,28,441,---,MARKER_TRIPLE_DASH,,0,selected_zero_not_shown,0,true
MakeAR,10,331,29,445,---,MARKER_TRIPLE_DASH,,0,selected_zero_not_shown,0,true
MakeAR,10,331,30,452,---,MARKER_TRIPLE_DASH,,0,selected_zero_not_shown,0,true
MakeAR,10,331,31,4A0,---,MARKER_TRIPLE_DASH,,0,selected_zero_not_shown,0,true
MakeAR,10,331,32,481,---,MARKER_TRIPLE_DASH,,0,selected_zero_not_shown,0,true
MakeAR,10,331,33,482,---,MARKER_TRIPLE_DASH,,0,selected_zero_not_shown,0,true
MakeAR,10,331,34,483,---,MARKER_TRIPLE_DASH,,0,selected_zero_not_shown,0,true
MakeAR,10,331,35,484,---,MARKER_TRIPLE_DASH,,0,selected_zero_not_shown,0,true
MakeAR,10,331,36,485,---,MARKER_TRIPLE_DASH,,0,selected_zero_not_shown,0,true
MakeAR,10,331,37,486,---,MARKER_TRIPLE_DASH,,0,selected_zero_not_shown,0,true
MakeAR,10,331,38,487OS,---,MARKER_TRIPLE_DASH,,0,selected_zero_not_shown,0,true
MakeAR,10,331,39,493,---,MARKER_TRIPLE_DASH,,0,selected_zero_not_shown,0,true
MakeAR,10,331,40,511,---,MARKER_TRIPLE_DASH,,0,selected_zero_not_shown,0,true
MakeAR,10,331,41,512,---,MARKER_TRIPLE_DASH,,0,selected_zero_not_shown,0,true
MakeAR,10,331,42,513,---,MARKER_TRIPLE_DASH,,0,selected_zero_not_shown,0,true
MakeAR,10,331,43,514,---,MARKER_TRIPLE_DASH,,0,selected_zero_not_shown,0,true
MakeAR,10,331,44,521CI,---,MARKER_TRIPLE_DASH,,0,selected_zero_not_shown,0,true
MakeAR,10,331,45,523,---,MARKER_TRIPLE_DASH,,0,selected_zero_not_shown,0,true
MakeAR,10,331,46,524,---,MARKER_TRIPLE_DASH,,0,selected_zero_not_shown,0,true
MakeAR,10,331,47,525,---,MARKER_TRIPLE_DASH,,0,selected_zero_not_shown,0,true
MakeAR,10,331,48,HS,---,MARKER_TRIPLE_DASH,,0,selected_zero_not_shown,0,true
MakeAR,10,331,49,ORE,---,MARKER_TRIPLE_DASH,,0,selected_zero_not_shown,0,true
MakeAR,10,331,50,532RL,---,MARKER_TRIPLE_DASH,,0,selected_zero_not_shown,0,true
MakeAR,10,331,51,5411,---,MARKER_TRIPLE_DASH,,0,selected_zero_not_shown,0,true
MakeAR,10,331,52,5415,---,MARKER_TRIPLE_DASH,,0,selected_zero_not_shown,0,true
MakeAR,10,331,53,5412OP,---,MARKER_TRIPLE_DASH,,0,selected_zero_not_shown,0,true
MakeAR,10,331,54,55,---,MARKER_TRIPLE_DASH,,0,selected_zero_not_shown,0,true
MakeAR,10,331,55,561,---,MARKER_TRIPLE_DASH,,0,selected_zero_not_shown,0,true
MakeAR,10,331,56,562,---,MARKER_TRIPLE_DASH,,0,selected_zero_not_shown,0,true
MakeAR,10,331,57,61,---,MARKER_TRIPLE_DASH,,0,selected_zero_not_shown,0,true
MakeAR,10,331,58,621,---,MARKER_TRIPLE_DASH,,0,selected_zero_not_shown,0,true
MakeAR,10,331,59,622,---,MARKER_TRIPLE_DASH,,0,selected_zero_not_shown,0,true
MakeAR,10,331,60,623,---,MARKER_TRIPLE_DASH,,0,selected_zero_not_shown,0,true
MakeAR,10,331,61,624,---,MARKER_TRIPLE_DASH,,0,selected_zero_not_shown,0,true
MakeAR,10,331,62,711AS,---,MARKER_TRIPLE_DASH,,0,selected_zero_not_shown,0,true
MakeAR,10,331,63,713,---,MARKER_TRIPLE_DASH,,0,selected_zero_not_shown,0,true
MakeAR,10,331,64,721,---,MARKER_TRIPLE_DASH,,0,selected_zero_not_shown,0,true
MakeAR,10,331,65,722,---,MARKER_TRIPLE_DASH,,0,selected_zero_not_shown,0,true
MakeAR,10,331,66,81,---,MARKER_TRIPLE_DASH,,0,selected_zero_not_shown,0,true
MakeAR,10,331,67,GFGD,---,MARKER_TRIPLE_DASH,,0,selected_zero_not_shown,0,true
MakeAR,10,331,68,GFGN,---,MARKER_TRIPLE_DASH,,0,selected_zero_not_shown,0,true
MakeAR,10,331,69,GFE,---,MARKER_TRIPLE_DASH,,0,selected_zero_not_shown,0,true
MakeAR,10,331,70,GSLG,---,MARKER_TRIPLE_DASH,,0,selected_zero_not_shown,0,true
MakeAR,10,331,71,GSLE,---,MARKER_TRIPLE_DASH,,0,selected_zero_not_shown,0,true
MakeAR,10,331,72,Used,602,NONZERO_INTEGER,602,602,numeric,602,true
MakeAR,10,331,73,Other,---,MARKER_TRIPLE_DASH,,0,selected_zero_not_shown,0,true
MakeAR,11,332,1,111CA,---,MARKER_TRIPLE_DASH,,0,selected_zero_not_shown,0,true
MakeAR,11,332,2,113FF,---,MARKER_TRIPLE_DASH,,0,selected_zero_not_shown,0,true
MakeAR,11,332,3,211,---,MARKER_TRIPLE_DASH,,0,selected_zero_not_shown,0,true
MakeAR,11,332,4,212,---,MARKER_TRIPLE_DASH,,0,selected_zero_not_shown,0,true
MakeAR,11,332,5,213,---,MARKER_TRIPLE_DASH,,0,selected_zero_not_shown,0,true
MakeAR,11,332,6,22,---,MARKER_TRIPLE_DASH,,0,selected_zero_not_shown,0,true
MakeAR,11,332,7,23,---,MARKER_TRIPLE_DASH,,0,selected_zero_not_shown,0,true
MakeAR,11,332,8,321,268,NONZERO_INTEGER,268,268,numeric,268,true
MakeAR,11,332,9,327,250,NONZERO_INTEGER,250,250,numeric,250,true
MakeAR,11,332,10,331,"4,077",NONZERO_INTEGER,4077,4077,numeric,4077,true
MakeAR,11,332,11,332,"431,198",NONZERO_INTEGER,431198,431198,numeric,431198,true
MakeAR,11,332,12,333,"3,218",NONZERO_INTEGER,3218,3218,numeric,3218,true
MakeAR,11,332,13,334,471,NONZERO_INTEGER,471,471,numeric,471,true
MakeAR,11,332,14,335,245,NONZERO_INTEGER,245,245,numeric,245,true
MakeAR,11,332,15,3361MV,981,NONZERO_INTEGER,981,981,numeric,981,true
MakeAR,11,332,16,3364OT,221,NONZERO_INTEGER,221,221,numeric,221,true
MakeAR,11,332,17,337,61,NONZERO_INTEGER,61,61,numeric,61,true
MakeAR,11,332,18,339,529,NONZERO_INTEGER,529,529,numeric,529,true
MakeAR,11,332,19,311FT,---,MARKER_TRIPLE_DASH,,0,selected_zero_not_shown,0,true
MakeAR,11,332,20,313TT,150,NONZERO_INTEGER,150,150,numeric,150,true
MakeAR,11,332,21,315AL,1,NONZERO_INTEGER,1,1,numeric,1,true
MakeAR,11,332,22,322,0,LITERAL_ZERO,0,0,numeric,0,true
MakeAR,11,332,23,323,66,NONZERO_INTEGER,66,66,numeric,66,true
MakeAR,11,332,24,324,4,NONZERO_INTEGER,4,4,numeric,4,true
MakeAR,11,332,25,325,39,NONZERO_INTEGER,39,39,numeric,39,true
MakeAR,11,332,26,326,785,NONZERO_INTEGER,785,785,numeric,785,true
MakeAR,11,332,27,42,---,MARKER_TRIPLE_DASH,,0,selected_zero_not_shown,0,true
MakeAR,11,332,28,441,---,MARKER_TRIPLE_DASH,,0,selected_zero_not_shown,0,true
MakeAR,11,332,29,445,---,MARKER_TRIPLE_DASH,,0,selected_zero_not_shown,0,true
MakeAR,11,332,30,452,---,MARKER_TRIPLE_DASH,,0,selected_zero_not_shown,0,true
MakeAR,11,332,31,4A0,---,MARKER_TRIPLE_DASH,,0,selected_zero_not_shown,0,true
MakeAR,11,332,32,481,---,MARKER_TRIPLE_DASH,,0,selected_zero_not_shown,0,true
MakeAR,11,332,33,482,---,MARKER_TRIPLE_DASH,,0,selected_zero_not_shown,0,true
MakeAR,11,332,34,483,---,MARKER_TRIPLE_DASH,,0,selected_zero_not_shown,0,true
MakeAR,11,332,35,484,---,MARKER_TRIPLE_DASH,,0,selected_zero_not_shown,0,true
MakeAR,11,332,36,485,---,MARKER_TRIPLE_DASH,,0,selected_zero_not_shown,0,true
MakeAR,11,332,37,486,---,MARKER_TRIPLE_DASH,,0,selected_zero_not_shown,0,true
MakeAR,11,332,38,487OS,---,MARKER_TRIPLE_DASH,,0,selected_zero_not_shown,0,true
MakeAR,11,332,39,493,---,MARKER_TRIPLE_DASH,,0,selected_zero_not_shown,0,true
MakeAR,11,332,40,511,---,MARKER_TRIPLE_DASH,,0,selected_zero_not_shown,0,true
MakeAR,11,332,41,512,---,MARKER_TRIPLE_DASH,,0,selected_zero_not_shown,0,true
MakeAR,11,332,42,513,---,MARKER_TRIPLE_DASH,,0,selected_zero_not_shown,0,true
MakeAR,11,332,43,514,---,MARKER_TRIPLE_DASH,,0,selected_zero_not_shown,0,true
MakeAR,11,332,44,521CI,---,MARKER_TRIPLE_DASH,,0,selected_zero_not_shown,0,true
MakeAR,11,332,45,523,---,MARKER_TRIPLE_DASH,,0,selected_zero_not_shown,0,true
MakeAR,11,332,46,524,---,MARKER_TRIPLE_DASH,,0,selected_zero_not_shown,0,true
MakeAR,11,332,47,525,---,MARKER_TRIPLE_DASH,,0,selected_zero_not_shown,0,true
MakeAR,11,332,48,HS,---,MARKER_TRIPLE_DASH,,0,selected_zero_not_shown,0,true
MakeAR,11,332,49,ORE,---,MARKER_TRIPLE_DASH,,0,selected_zero_not_shown,0,true
MakeAR,11,332,50,532RL,---,MARKER_TRIPLE_DASH,,0,selected_zero_not_shown,0,true
MakeAR,11,332,51,5411,---,MARKER_TRIPLE_DASH,,0,selected_zero_not_shown,0,true
MakeAR,11,332,52,5415,---,MARKER_TRIPLE_DASH,,0,selected_zero_not_shown,0,true
MakeAR,11,332,53,5412OP,10,NONZERO_INTEGER,10,10,numeric,10,true
MakeAR,11,332,54,55,---,MARKER_TRIPLE_DASH,,0,selected_zero_not_shown,0,true
MakeAR,11,332,55,561,---,MARKER_TRIPLE_DASH,,0,selected_zero_not_shown,0,true
MakeAR,11,332,56,562,---,MARKER_TRIPLE_DASH,,0,selected_zero_not_shown,0,true
MakeAR,11,332,57,61,---,MARKER_TRIPLE_DASH,,0,selected_zero_not_shown,0,true
MakeAR,11,332,58,621,---,MARKER_TRIPLE_DASH,,0,selected_zero_not_shown,0,true
MakeAR,11,332,59,622,---,MARKER_TRIPLE_DASH,,0,selected_zero_not_shown,0,true
MakeAR,11,332,60,623,---,MARKER_TRIPLE_DASH,,0,selected_zero_not_shown,0,true
MakeAR,11,332,61,624,---,MARKER_TRIPLE_DASH,,0,selected_zero_not_shown,0,true
MakeAR,11,332,62,711AS,---,MARKER_TRIPLE_DASH,,0,selected_zero_not_shown,0,true
MakeAR,11,332,63,713,---,MARKER_TRIPLE_DASH,,0,selected_zero_not_shown,0,true
MakeAR,11,332,64,721,---,MARKER_TRIPLE_DASH,,0,selected_zero_not_shown,0,true
MakeAR,11,332,65,722,---,MARKER_TRIPLE_DASH,,0,selected_zero_not_shown,0,true
MakeAR,11,332,66,81,455,NONZERO_INTEGER,455,455,numeric,455,true
MakeAR,11,332,67,GFGD,---,MARKER_TRIPLE_DASH,,0,selected_zero_not_shown,0,true
MakeAR,11,332,68,GFGN,---,MARKER_TRIPLE_DASH,,0,selected_zero_not_shown,0,true
MakeAR,11,332,69,GFE,---,MARKER_TRIPLE_DASH,,0,selected_zero_not_shown,0,true
MakeAR,11,332,70,GSLG,---,MARKER_TRIPLE_DASH,,0,selected_zero_not_shown,0,true
MakeAR,11,332,71,GSLE,---,MARKER_TRIPLE_DASH,,0,selected_zero_not_shown,0,true
MakeAR,11,332,72,Used,"3,652",NONZERO_INTEGER,3652,3652,numeric,3652,true
MakeAR,11,332,73,Other,---,MARKER_TRIPLE_DASH,,0,selected_zero_not_shown,0,true
MakeAR,12,333,1,111CA,---,MARKER_TRIPLE_DASH,,0,selected_zero_not_shown,0,true
MakeAR,12,333,2,113FF,---,MARKER_TRIPLE_DASH,,0,selected_zero_not_shown,0,true
MakeAR,12,333,3,211,---,MARKER_TRIPLE_DASH,,0,selected_zero_not_shown,0,true
MakeAR,12,333,4,212,---,MARKER_TRIPLE_DASH,,0,selected_zero_not_shown,0,true
MakeAR,12,333,5,213,7,NONZERO_INTEGER,7,7,numeric,7,true
MakeAR,12,333,6,22,---,MARKER_TRIPLE_DASH,,0,selected_zero_not_shown,0,true
MakeAR,12,333,7,23,---,MARKER_TRIPLE_DASH,,0,selected_zero_not_shown,0,true
MakeAR,12,333,8,321,---,MARKER_TRIPLE_DASH,,0,selected_zero_not_shown,0,true
MakeAR,12,333,9,327,206,NONZERO_INTEGER,206,206,numeric,206,true
MakeAR,12,333,10,331,24,NONZERO_INTEGER,24,24,numeric,24,true
MakeAR,12,333,11,332,"1,847",NONZERO_INTEGER,1847,1847,numeric,1847,true
MakeAR,12,333,12,333,"411,314",NONZERO_INTEGER,411314,411314,numeric,411314,true
MakeAR,12,333,13,334,555,NONZERO_INTEGER,555,555,numeric,555,true
MakeAR,12,333,14,335,"1,250",NONZERO_INTEGER,1250,1250,numeric,1250,true
MakeAR,12,333,15,3361MV,889,NONZERO_INTEGER,889,889,numeric,889,true
MakeAR,12,333,16,3364OT,355,NONZERO_INTEGER,355,355,numeric,355,true
MakeAR,12,333,17,337,7,NONZERO_INTEGER,7,7,numeric,7,true
MakeAR,12,333,18,339,68,NONZERO_INTEGER,68,68,numeric,68,true
MakeAR,12,333,19,311FT,0,LITERAL_ZERO,0,0,numeric,0,true
MakeAR,12,333,20,313TT,0,LITERAL_ZERO,0,0,numeric,0,true
MakeAR,12,333,21,315AL,1,NONZERO_INTEGER,1,1,numeric,1,true
MakeAR,12,333,22,322,0,LITERAL_ZERO,0,0,numeric,0,true
MakeAR,12,333,23,323,---,MARKER_TRIPLE_DASH,,0,selected_zero_not_shown,0,true
MakeAR,12,333,24,324,0,LITERAL_ZERO,0,0,numeric,0,true
MakeAR,12,333,25,325,84,NONZERO_INTEGER,84,84,numeric,84,true
MakeAR,12,333,26,326,77,NONZERO_INTEGER,77,77,numeric,77,true
MakeAR,12,333,27,42,---,MARKER_TRIPLE_DASH,,0,selected_zero_not_shown,0,true
MakeAR,12,333,28,441,---,MARKER_TRIPLE_DASH,,0,selected_zero_not_shown,0,true
MakeAR,12,333,29,445,---,MARKER_TRIPLE_DASH,,0,selected_zero_not_shown,0,true
MakeAR,12,333,30,452,---,MARKER_TRIPLE_DASH,,0,selected_zero_not_shown,0,true
MakeAR,12,333,31,4A0,---,MARKER_TRIPLE_DASH,,0,selected_zero_not_shown,0,true
MakeAR,12,333,32,481,---,MARKER_TRIPLE_DASH,,0,selected_zero_not_shown,0,true
MakeAR,12,333,33,482,---,MARKER_TRIPLE_DASH,,0,selected_zero_not_shown,0,true
MakeAR,12,333,34,483,---,MARKER_TRIPLE_DASH,,0,selected_zero_not_shown,0,true
MakeAR,12,333,35,484,---,MARKER_TRIPLE_DASH,,0,selected_zero_not_shown,0,true
MakeAR,12,333,36,485,---,MARKER_TRIPLE_DASH,,0,selected_zero_not_shown,0,true
MakeAR,12,333,37,486,---,MARKER_TRIPLE_DASH,,0,selected_zero_not_shown,0,true
MakeAR,12,333,38,487OS,---,MARKER_TRIPLE_DASH,,0,selected_zero_not_shown,0,true
MakeAR,12,333,39,493,---,MARKER_TRIPLE_DASH,,0,selected_zero_not_shown,0,true
MakeAR,12,333,40,511,---,MARKER_TRIPLE_DASH,,0,selected_zero_not_shown,0,true
MakeAR,12,333,41,512,---,MARKER_TRIPLE_DASH,,0,selected_zero_not_shown,0,true
MakeAR,12,333,42,513,---,MARKER_TRIPLE_DASH,,0,selected_zero_not_shown,0,true
MakeAR,12,333,43,514,---,MARKER_TRIPLE_DASH,,0,selected_zero_not_shown,0,true
MakeAR,12,333,44,521CI,---,MARKER_TRIPLE_DASH,,0,selected_zero_not_shown,0,true
MakeAR,12,333,45,523,---,MARKER_TRIPLE_DASH,,0,selected_zero_not_shown,0,true
MakeAR,12,333,46,524,---,MARKER_TRIPLE_DASH,,0,selected_zero_not_shown,0,true
MakeAR,12,333,47,525,---,MARKER_TRIPLE_DASH,,0,selected_zero_not_shown,0,true
MakeAR,12,333,48,HS,---,MARKER_TRIPLE_DASH,,0,selected_zero_not_shown,0,true
MakeAR,12,333,49,ORE,---,MARKER_TRIPLE_DASH,,0,selected_zero_not_shown,0,true
MakeAR,12,333,50,532RL,11,NONZERO_INTEGER,11,11,numeric,11,true
MakeAR,12,333,51,5411,---,MARKER_TRIPLE_DASH,,0,selected_zero_not_shown,0,true
MakeAR,12,333,52,5415,---,MARKER_TRIPLE_DASH,,0,selected_zero_not_shown,0,true
MakeAR,12,333,53,5412OP,0,LITERAL_ZERO,0,0,numeric,0,true
MakeAR,12,333,54,55,---,MARKER_TRIPLE_DASH,,0,selected_zero_not_shown,0,true
MakeAR,12,333,55,561,---,MARKER_TRIPLE_DASH,,0,selected_zero_not_shown,0,true
MakeAR,12,333,56,562,---,MARKER_TRIPLE_DASH,,0,selected_zero_not_shown,0,true
MakeAR,12,333,57,61,---,MARKER_TRIPLE_DASH,,0,selected_zero_not_shown,0,true
MakeAR,12,333,58,621,---,MARKER_TRIPLE_DASH,,0,selected_zero_not_shown,0,true
MakeAR,12,333,59,622,---,MARKER_TRIPLE_DASH,,0,selected_zero_not_shown,0,true
MakeAR,12,333,60,623,---,MARKER_TRIPLE_DASH,,0,selected_zero_not_shown,0,true
MakeAR,12,333,61,624,---,MARKER_TRIPLE_DASH,,0,selected_zero_not_shown,0,true
MakeAR,12,333,62,711AS,---,MARKER_TRIPLE_DASH,,0,selected_zero_not_shown,0,true
MakeAR,12,333,63,713,---,MARKER_TRIPLE_DASH,,0,selected_zero_not_shown,0,true
MakeAR,12,333,64,721,---,MARKER_TRIPLE_DASH,,0,selected_zero_not_shown,0,true
MakeAR,12,333,65,722,---,MARKER_TRIPLE_DASH,,0,selected_zero_not_shown,0,true
MakeAR,12,333,66,81,0,LITERAL_ZERO,0,0,numeric,0,true
MakeAR,12,333,67,GFGD,---,MARKER_TRIPLE_DASH,,0,selected_zero_not_shown,0,true
MakeAR,12,333,68,GFGN,---,MARKER_TRIPLE_DASH,,0,selected_zero_not_shown,0,true
MakeAR,12,333,69,GFE,---,MARKER_TRIPLE_DASH,,0,selected_zero_not_shown,0,true
MakeAR,12,333,70,GSLG,---,MARKER_TRIPLE_DASH,,0,selected_zero_not_shown,0,true
MakeAR,12,333,71,GSLE,---,MARKER_TRIPLE_DASH,,0,selected_zero_not_shown,0,true
MakeAR,12,333,72,Used,400,NONZERO_INTEGER,400,400,numeric,400,true
MakeAR,12,333,73,Other,---,MARKER_TRIPLE_DASH,,0,selected_zero_not_shown,0,true
MakeAR,13,334,1,111CA,---,MARKER_TRIPLE_DASH,,0,selected_zero_not_shown,0,true
MakeAR,13,334,2,113FF,---,MARKER_TRIPLE_DASH,,0,selected_zero_not_shown,0,true
MakeAR,13,334,3,211,---,MARKER_TRIPLE_DASH,,0,selected_zero_not_shown,0,true
MakeAR,13,334,4,212,---,MARKER_TRIPLE_DASH,,0,selected_zero_not_shown,0,true
MakeAR,13,334,5,213,---,MARKER_TRIPLE_DASH,,0,selected_zero_not_shown,0,true
MakeAR,13,334,6,22,---,MARKER_TRIPLE_DASH,,0,selected_zero_not_shown,0,true
MakeAR,13,334,7,23,---,MARKER_TRIPLE_DASH,,0,selected_zero_not_shown,0,true
MakeAR,13,334,8,321,0,LITERAL_ZERO,0,0,numeric,0,true
MakeAR,13,334,9,327,12,NONZERO_INTEGER,12,12,numeric,12,true
MakeAR,13,334,10,331,58,NONZERO_INTEGER,58,58,numeric,58,true
MakeAR,13,334,11,332,115,NONZERO_INTEGER,115,115,numeric,115,true
MakeAR,13,334,12,333,587,NONZERO_INTEGER,587,587,numeric,587,true
MakeAR,13,334,13,334,"331,906",NONZERO_INTEGER,331906,331906,numeric,331906,true
MakeAR,13,334,14,335,577,NONZERO_INTEGER,577,577,numeric,577,true
MakeAR,13,334,15,3361MV,8,NONZERO_INTEGER,8,8,numeric,8,true
MakeAR,13,334,16,3364OT,516,NONZERO_INTEGER,516,516,numeric,516,true
MakeAR,13,334,17,337,0,LITERAL_ZERO,0,0,numeric,0,true
MakeAR,13,334,18,339,"1,784",NONZERO_INTEGER,1784,1784,numeric,1784,true
MakeAR,13,334,19,311FT,---,MARKER_TRIPLE_DASH,,0,selected_zero_not_shown,0,true
MakeAR,13,334,20,313TT,21,NONZERO_INTEGER,21,21,numeric,21,true
MakeAR,13,334,21,315AL,---,MARKER_TRIPLE_DASH,,0,selected_zero_not_shown,0,true
MakeAR,13,334,22,322,0,LITERAL_ZERO,0,0,numeric,0,true
MakeAR,13,334,23,323,0,LITERAL_ZERO,0,0,numeric,0,true
MakeAR,13,334,24,324,---,MARKER_TRIPLE_DASH,,0,selected_zero_not_shown,0,true
MakeAR,13,334,25,325,258,NONZERO_INTEGER,258,258,numeric,258,true
MakeAR,13,334,26,326,149,NONZERO_INTEGER,149,149,numeric,149,true
MakeAR,13,334,27,42,---,MARKER_TRIPLE_DASH,,0,selected_zero_not_shown,0,true
MakeAR,13,334,28,441,---,MARKER_TRIPLE_DASH,,0,selected_zero_not_shown,0,true
MakeAR,13,334,29,445,---,MARKER_TRIPLE_DASH,,0,selected_zero_not_shown,0,true
MakeAR,13,334,30,452,---,MARKER_TRIPLE_DASH,,0,selected_zero_not_shown,0,true
MakeAR,13,334,31,4A0,---,MARKER_TRIPLE_DASH,,0,selected_zero_not_shown,0,true
MakeAR,13,334,32,481,---,MARKER_TRIPLE_DASH,,0,selected_zero_not_shown,0,true
MakeAR,13,334,33,482,---,MARKER_TRIPLE_DASH,,0,selected_zero_not_shown,0,true
MakeAR,13,334,34,483,---,MARKER_TRIPLE_DASH,,0,selected_zero_not_shown,0,true
MakeAR,13,334,35,484,---,MARKER_TRIPLE_DASH,,0,selected_zero_not_shown,0,true
MakeAR,13,334,36,485,---,MARKER_TRIPLE_DASH,,0,selected_zero_not_shown,0,true
MakeAR,13,334,37,486,---,MARKER_TRIPLE_DASH,,0,selected_zero_not_shown,0,true
MakeAR,13,334,38,487OS,---,MARKER_TRIPLE_DASH,,0,selected_zero_not_shown,0,true
MakeAR,13,334,39,493,---,MARKER_TRIPLE_DASH,,0,selected_zero_not_shown,0,true
MakeAR,13,334,40,511,---,MARKER_TRIPLE_DASH,,0,selected_zero_not_shown,0,true
MakeAR,13,334,41,512,---,MARKER_TRIPLE_DASH,,0,selected_zero_not_shown,0,true
MakeAR,13,334,42,513,---,MARKER_TRIPLE_DASH,,0,selected_zero_not_shown,0,true
MakeAR,13,334,43,514,---,MARKER_TRIPLE_DASH,,0,selected_zero_not_shown,0,true
MakeAR,13,334,44,521CI,---,MARKER_TRIPLE_DASH,,0,selected_zero_not_shown,0,true
MakeAR,13,334,45,523,---,MARKER_TRIPLE_DASH,,0,selected_zero_not_shown,0,true
MakeAR,13,334,46,524,---,MARKER_TRIPLE_DASH,,0,selected_zero_not_shown,0,true
MakeAR,13,334,47,525,---,MARKER_TRIPLE_DASH,,0,selected_zero_not_shown,0,true
MakeAR,13,334,48,HS,---,MARKER_TRIPLE_DASH,,0,selected_zero_not_shown,0,true
MakeAR,13,334,49,ORE,---,MARKER_TRIPLE_DASH,,0,selected_zero_not_shown,0,true
MakeAR,13,334,50,532RL,---,MARKER_TRIPLE_DASH,,0,selected_zero_not_shown,0,true
MakeAR,13,334,51,5411,---,MARKER_TRIPLE_DASH,,0,selected_zero_not_shown,0,true
MakeAR,13,334,52,5415,---,MARKER_TRIPLE_DASH,,0,selected_zero_not_shown,0,true
MakeAR,13,334,53,5412OP,5,NONZERO_INTEGER,5,5,numeric,5,true
MakeAR,13,334,54,55,---,MARKER_TRIPLE_DASH,,0,selected_zero_not_shown,0,true
MakeAR,13,334,55,561,---,MARKER_TRIPLE_DASH,,0,selected_zero_not_shown,0,true
MakeAR,13,334,56,562,---,MARKER_TRIPLE_DASH,,0,selected_zero_not_shown,0,true
MakeAR,13,334,57,61,---,MARKER_TRIPLE_DASH,,0,selected_zero_not_shown,0,true
MakeAR,13,334,58,621,---,MARKER_TRIPLE_DASH,,0,selected_zero_not_shown,0,true
MakeAR,13,334,59,622,---,MARKER_TRIPLE_DASH,,0,selected_zero_not_shown,0,true
MakeAR,13,334,60,623,---,MARKER_TRIPLE_DASH,,0,selected_zero_not_shown,0,true
MakeAR,13,334,61,624,---,MARKER_TRIPLE_DASH,,0,selected_zero_not_shown,0,true
MakeAR,13,334,62,711AS,---,MARKER_TRIPLE_DASH,,0,selected_zero_not_shown,0,true
MakeAR,13,334,63,713,---,MARKER_TRIPLE_DASH,,0,selected_zero_not_shown,0,true
MakeAR,13,334,64,721,---,MARKER_TRIPLE_DASH,,0,selected_zero_not_shown,0,true
MakeAR,13,334,65,722,---,MARKER_TRIPLE_DASH,,0,selected_zero_not_shown,0,true
MakeAR,13,334,66,81,---,MARKER_TRIPLE_DASH,,0,selected_zero_not_shown,0,true
MakeAR,13,334,67,GFGD,---,MARKER_TRIPLE_DASH,,0,selected_zero_not_shown,0,true
MakeAR,13,334,68,GFGN,---,MARKER_TRIPLE_DASH,,0,selected_zero_not_shown,0,true
MakeAR,13,334,69,GFE,---,MARKER_TRIPLE_DASH,,0,selected_zero_not_shown,0,true
MakeAR,13,334,70,GSLG,---,MARKER_TRIPLE_DASH,,0,selected_zero_not_shown,0,true
MakeAR,13,334,71,GSLE,---,MARKER_TRIPLE_DASH,,0,selected_zero_not_shown,0,true
MakeAR,13,334,72,Used,0,LITERAL_ZERO,0,0,numeric,0,true
MakeAR,13,334,73,Other,---,MARKER_TRIPLE_DASH,,0,selected_zero_not_shown,0,true
MakeAR,14,335,1,111CA,---,MARKER_TRIPLE_DASH,,0,selected_zero_not_shown,0,true
MakeAR,14,335,2,113FF,---,MARKER_TRIPLE_DASH,,0,selected_zero_not_shown,0,true
MakeAR,14,335,3,211,---,MARKER_TRIPLE_DASH,,0,selected_zero_not_shown,0,true
MakeAR,14,335,4,212,---,MARKER_TRIPLE_DASH,,0,selected_zero_not_shown,0,true
MakeAR,14,335,5,213,---,MARKER_TRIPLE_DASH,,0,selected_zero_not_shown,0,true
MakeAR,14,335,6,22,---,MARKER_TRIPLE_DASH,,0,selected_zero_not_shown,0,true
MakeAR,14,335,7,23,---,MARKER_TRIPLE_DASH,,0,selected_zero_not_shown,0,true
MakeAR,14,335,8,321,---,MARKER_TRIPLE_DASH,,0,selected_zero_not_shown,0,true
MakeAR,14,335,9,327,88,NONZERO_INTEGER,88,88,numeric,88,true
MakeAR,14,335,10,331,"1,056",NONZERO_INTEGER,1056,1056,numeric,1056,true
MakeAR,14,335,11,332,179,NONZERO_INTEGER,179,179,numeric,179,true
MakeAR,14,335,12,333,458,NONZERO_INTEGER,458,458,numeric,458,true
MakeAR,14,335,13,334,184,NONZERO_INTEGER,184,184,numeric,184,true
MakeAR,14,335,14,335,"183,354",NONZERO_INTEGER,183354,183354,numeric,183354,true
MakeAR,14,335,15,3361MV,75,NONZERO_INTEGER,75,75,numeric,75,true
MakeAR,14,335,16,3364OT,1,NONZERO_INTEGER,1,1,numeric,1,true
MakeAR,14,335,17,337,14,NONZERO_INTEGER,14,14,numeric,14,true
MakeAR,14,335,18,339,15,NONZERO_INTEGER,15,15,numeric,15,true
MakeAR,14,335,19,311FT,---,MARKER_TRIPLE_DASH,,0,selected_zero_not_shown,0,true
MakeAR,14,335,20,313TT,0,LITERAL_ZERO,0,0,numeric,0,true
MakeAR,14,335,21,315AL,---,MARKER_TRIPLE_DASH,,0,selected_zero_not_shown,0,true
MakeAR,14,335,22,322,8,NONZERO_INTEGER,8,8,numeric,8,true
MakeAR,14,335,23,323,---,MARKER_TRIPLE_DASH,,0,selected_zero_not_shown,0,true
MakeAR,14,335,24,324,3,NONZERO_INTEGER,3,3,numeric,3,true
MakeAR,14,335,25,325,0,LITERAL_ZERO,0,0,numeric,0,true
MakeAR,14,335,26,326,118,NONZERO_INTEGER,118,118,numeric,118,true
MakeAR,14,335,27,42,---,MARKER_TRIPLE_DASH,,0,selected_zero_not_shown,0,true
MakeAR,14,335,28,441,---,MARKER_TRIPLE_DASH,,0,selected_zero_not_shown,0,true
MakeAR,14,335,29,445,---,MARKER_TRIPLE_DASH,,0,selected_zero_not_shown,0,true
MakeAR,14,335,30,452,---,MARKER_TRIPLE_DASH,,0,selected_zero_not_shown,0,true
MakeAR,14,335,31,4A0,---,MARKER_TRIPLE_DASH,,0,selected_zero_not_shown,0,true
MakeAR,14,335,32,481,---,MARKER_TRIPLE_DASH,,0,selected_zero_not_shown,0,true
MakeAR,14,335,33,482,---,MARKER_TRIPLE_DASH,,0,selected_zero_not_shown,0,true
MakeAR,14,335,34,483,---,MARKER_TRIPLE_DASH,,0,selected_zero_not_shown,0,true
MakeAR,14,335,35,484,---,MARKER_TRIPLE_DASH,,0,selected_zero_not_shown,0,true
MakeAR,14,335,36,485,---,MARKER_TRIPLE_DASH,,0,selected_zero_not_shown,0,true
MakeAR,14,335,37,486,---,MARKER_TRIPLE_DASH,,0,selected_zero_not_shown,0,true
MakeAR,14,335,38,487OS,---,MARKER_TRIPLE_DASH,,0,selected_zero_not_shown,0,true
MakeAR,14,335,39,493,---,MARKER_TRIPLE_DASH,,0,selected_zero_not_shown,0,true
MakeAR,14,335,40,511,---,MARKER_TRIPLE_DASH,,0,selected_zero_not_shown,0,true
MakeAR,14,335,41,512,---,MARKER_TRIPLE_DASH,,0,selected_zero_not_shown,0,true
MakeAR,14,335,42,513,---,MARKER_TRIPLE_DASH,,0,selected_zero_not_shown,0,true
MakeAR,14,335,43,514,---,MARKER_TRIPLE_DASH,,0,selected_zero_not_shown,0,true
MakeAR,14,335,44,521CI,---,MARKER_TRIPLE_DASH,,0,selected_zero_not_shown,0,true
MakeAR,14,335,45,523,---,MARKER_TRIPLE_DASH,,0,selected_zero_not_shown,0,true
MakeAR,14,335,46,524,---,MARKER_TRIPLE_DASH,,0,selected_zero_not_shown,0,true
MakeAR,14,335,47,525,---,MARKER_TRIPLE_DASH,,0,selected_zero_not_shown,0,true
MakeAR,14,335,48,HS,---,MARKER_TRIPLE_DASH,,0,selected_zero_not_shown,0,true
MakeAR,14,335,49,ORE,---,MARKER_TRIPLE_DASH,,0,selected_zero_not_shown,0,true
MakeAR,14,335,50,532RL,---,MARKER_TRIPLE_DASH,,0,selected_zero_not_shown,0,true
MakeAR,14,335,51,5411,---,MARKER_TRIPLE_DASH,,0,selected_zero_not_shown,0,true
MakeAR,14,335,52,5415,---,MARKER_TRIPLE_DASH,,0,selected_zero_not_shown,0,true
MakeAR,14,335,53,5412OP,---,MARKER_TRIPLE_DASH,,0,selected_zero_not_shown,0,true
MakeAR,14,335,54,55,---,MARKER_TRIPLE_DASH,,0,selected_zero_not_shown,0,true
MakeAR,14,335,55,561,---,MARKER_TRIPLE_DASH,,0,selected_zero_not_shown,0,true
MakeAR,14,335,56,562,---,MARKER_TRIPLE_DASH,,0,selected_zero_not_shown,0,true
MakeAR,14,335,57,61,---,MARKER_TRIPLE_DASH,,0,selected_zero_not_shown,0,true
MakeAR,14,335,58,621,---,MARKER_TRIPLE_DASH,,0,selected_zero_not_shown,0,true
MakeAR,14,335,59,622,---,MARKER_TRIPLE_DASH,,0,selected_zero_not_shown,0,true
MakeAR,14,335,60,623,---,MARKER_TRIPLE_DASH,,0,selected_zero_not_shown,0,true
MakeAR,14,335,61,624,---,MARKER_TRIPLE_DASH,,0,selected_zero_not_shown,0,true
MakeAR,14,335,62,711AS,---,MARKER_TRIPLE_DASH,,0,selected_zero_not_shown,0,true
MakeAR,14,335,63,713,---,MARKER_TRIPLE_DASH,,0,selected_zero_not_shown,0,true
MakeAR,14,335,64,721,---,MARKER_TRIPLE_DASH,,0,selected_zero_not_shown,0,true
MakeAR,14,335,65,722,---,MARKER_TRIPLE_DASH,,0,selected_zero_not_shown,0,true
MakeAR,14,335,66,81,---,MARKER_TRIPLE_DASH,,0,selected_zero_not_shown,0,true
MakeAR,14,335,67,GFGD,---,MARKER_TRIPLE_DASH,,0,selected_zero_not_shown,0,true
MakeAR,14,335,68,GFGN,---,MARKER_TRIPLE_DASH,,0,selected_zero_not_shown,0,true
MakeAR,14,335,69,GFE,---,MARKER_TRIPLE_DASH,,0,selected_zero_not_shown,0,true
MakeAR,14,335,70,GSLG,---,MARKER_TRIPLE_DASH,,0,selected_zero_not_shown,0,true
MakeAR,14,335,71,GSLE,---,MARKER_TRIPLE_DASH,,0,selected_zero_not_shown,0,true
MakeAR,14,335,72,Used,0,LITERAL_ZERO,0,0,numeric,0,true
MakeAR,14,335,73,Other,---,MARKER_TRIPLE_DASH,,0,selected_zero_not_shown,0,true
MakeAR,15,3361MV,1,111CA,---,MARKER_TRIPLE_DASH,,0,selected_zero_not_shown,0,true
MakeAR,15,3361MV,2,113FF,---,MARKER_TRIPLE_DASH,,0,selected_zero_not_shown,0,true
MakeAR,15,3361MV,3,211,---,MARKER_TRIPLE_DASH,,0,selected_zero_not_shown,0,true
MakeAR,15,3361MV,4,212,---,MARKER_TRIPLE_DASH,,0,selected_zero_not_shown,0,true
MakeAR,15,3361MV,5,213,---,MARKER_TRIPLE_DASH,,0,selected_zero_not_shown,0,true
MakeAR,15,3361MV,6,22,---,MARKER_TRIPLE_DASH,,0,selected_zero_not_shown,0,true
MakeAR,15,3361MV,7,23,---,MARKER_TRIPLE_DASH,,0,selected_zero_not_shown,0,true
MakeAR,15,3361MV,8,321,---,MARKER_TRIPLE_DASH,,0,selected_zero_not_shown,0,true
MakeAR,15,3361MV,9,327,0,LITERAL_ZERO,0,0,numeric,0,true
MakeAR,15,3361MV,10,331,17,NONZERO_INTEGER,17,17,numeric,17,true
MakeAR,15,3361MV,11,332,"1,099",NONZERO_INTEGER,1099,1099,numeric,1099,true
MakeAR,15,3361MV,12,333,"1,523",NONZERO_INTEGER,1523,1523,numeric,1523,true
MakeAR,15,3361MV,13,334,66,NONZERO_INTEGER,66,66,numeric,66,true
MakeAR,15,3361MV,14,335,160,NONZERO_INTEGER,160,160,numeric,160,true
MakeAR,15,3361MV,15,3361MV,"740,235",NONZERO_INTEGER,740235,740235,numeric,740235,true
MakeAR,15,3361MV,16,3364OT,"5,582",NONZERO_INTEGER,5582,5582,numeric,5582,true
MakeAR,15,3361MV,17,337,0,LITERAL_ZERO,0,0,numeric,0,true
MakeAR,15,3361MV,18,339,10,NONZERO_INTEGER,10,10,numeric,10,true
MakeAR,15,3361MV,19,311FT,---,MARKER_TRIPLE_DASH,,0,selected_zero_not_shown,0,true
MakeAR,15,3361MV,20,313TT,564,NONZERO_INTEGER,564,564,numeric,564,true
MakeAR,15,3361MV,21,315AL,---,MARKER_TRIPLE_DASH,,0,selected_zero_not_shown,0,true
MakeAR,15,3361MV,22,322,---,MARKER_TRIPLE_DASH,,0,selected_zero_not_shown,0,true
MakeAR,15,3361MV,23,323,---,MARKER_TRIPLE_DASH,,0,selected_zero_not_shown,0,true
MakeAR,15,3361MV,24,324,---,MARKER_TRIPLE_DASH,,0,selected_zero_not_shown,0,true
MakeAR,15,3361MV,25,325,2,NONZERO_INTEGER,2,2,numeric,2,true
MakeAR,15,3361MV,26,326,101,NONZERO_INTEGER,101,101,numeric,101,true
MakeAR,15,3361MV,27,42,---,MARKER_TRIPLE_DASH,,0,selected_zero_not_shown,0,true
MakeAR,15,3361MV,28,441,---,MARKER_TRIPLE_DASH,,0,selected_zero_not_shown,0,true
MakeAR,15,3361MV,29,445,---,MARKER_TRIPLE_DASH,,0,selected_zero_not_shown,0,true
MakeAR,15,3361MV,30,452,---,MARKER_TRIPLE_DASH,,0,selected_zero_not_shown,0,true
MakeAR,15,3361MV,31,4A0,---,MARKER_TRIPLE_DASH,,0,selected_zero_not_shown,0,true
MakeAR,15,3361MV,32,481,---,MARKER_TRIPLE_DASH,,0,selected_zero_not_shown,0,true
MakeAR,15,3361MV,33,482,---,MARKER_TRIPLE_DASH,,0,selected_zero_not_shown,0,true
MakeAR,15,3361MV,34,483,---,MARKER_TRIPLE_DASH,,0,selected_zero_not_shown,0,true
MakeAR,15,3361MV,35,484,---,MARKER_TRIPLE_DASH,,0,selected_zero_not_shown,0,true
MakeAR,15,3361MV,36,485,---,MARKER_TRIPLE_DASH,,0,selected_zero_not_shown,0,true
MakeAR,15,3361MV,37,486,---,MARKER_TRIPLE_DASH,,0,selected_zero_not_shown,0,true
MakeAR,15,3361MV,38,487OS,---,MARKER_TRIPLE_DASH,,0,selected_zero_not_shown,0,true
MakeAR,15,3361MV,39,493,---,MARKER_TRIPLE_DASH,,0,selected_zero_not_shown,0,true
MakeAR,15,3361MV,40,511,---,MARKER_TRIPLE_DASH,,0,selected_zero_not_shown,0,true
MakeAR,15,3361MV,41,512,---,MARKER_TRIPLE_DASH,,0,selected_zero_not_shown,0,true
MakeAR,15,3361MV,42,513,---,MARKER_TRIPLE_DASH,,0,selected_zero_not_shown,0,true
MakeAR,15,3361MV,43,514,---,MARKER_TRIPLE_DASH,,0,selected_zero_not_shown,0,true
MakeAR,15,3361MV,44,521CI,---,MARKER_TRIPLE_DASH,,0,selected_zero_not_shown,0,true
MakeAR,15,3361MV,45,523,---,MARKER_TRIPLE_DASH,,0,selected_zero_not_shown,0,true
MakeAR,15,3361MV,46,524,---,MARKER_TRIPLE_DASH,,0,selected_zero_not_shown,0,true
MakeAR,15,3361MV,47,525,---,MARKER_TRIPLE_DASH,,0,selected_zero_not_shown,0,true
MakeAR,15,3361MV,48,HS,---,MARKER_TRIPLE_DASH,,0,selected_zero_not_shown,0,true
MakeAR,15,3361MV,49,ORE,---,MARKER_TRIPLE_DASH,,0,selected_zero_not_shown,0,true
MakeAR,15,3361MV,50,532RL,---,MARKER_TRIPLE_DASH,,0,selected_zero_not_shown,0,true
MakeAR,15,3361MV,51,5411,---,MARKER_TRIPLE_DASH,,0,selected_zero_not_shown,0,true
MakeAR,15,3361MV,52,5415,---,MARKER_TRIPLE_DASH,,0,selected_zero_not_shown,0,true
MakeAR,15,3361MV,53,5412OP,---,MARKER_TRIPLE_DASH,,0,selected_zero_not_shown,0,true
MakeAR,15,3361MV,54,55,---,MARKER_TRIPLE_DASH,,0,selected_zero_not_shown,0,true
MakeAR,15,3361MV,55,561,---,MARKER_TRIPLE_DASH,,0,selected_zero_not_shown,0,true
MakeAR,15,3361MV,56,562,---,MARKER_TRIPLE_DASH,,0,selected_zero_not_shown,0,true
MakeAR,15,3361MV,57,61,---,MARKER_TRIPLE_DASH,,0,selected_zero_not_shown,0,true
MakeAR,15,3361MV,58,621,---,MARKER_TRIPLE_DASH,,0,selected_zero_not_shown,0,true
MakeAR,15,3361MV,59,622,---,MARKER_TRIPLE_DASH,,0,selected_zero_not_shown,0,true
MakeAR,15,3361MV,60,623,---,MARKER_TRIPLE_DASH,,0,selected_zero_not_shown,0,true
MakeAR,15,3361MV,61,624,---,MARKER_TRIPLE_DASH,,0,selected_zero_not_shown,0,true
MakeAR,15,3361MV,62,711AS,---,MARKER_TRIPLE_DASH,,0,selected_zero_not_shown,0,true
MakeAR,15,3361MV,63,713,---,MARKER_TRIPLE_DASH,,0,selected_zero_not_shown,0,true
MakeAR,15,3361MV,64,721,---,MARKER_TRIPLE_DASH,,0,selected_zero_not_shown,0,true
MakeAR,15,3361MV,65,722,---,MARKER_TRIPLE_DASH,,0,selected_zero_not_shown,0,true
MakeAR,15,3361MV,66,81,---,MARKER_TRIPLE_DASH,,0,selected_zero_not_shown,0,true
MakeAR,15,3361MV,67,GFGD,---,MARKER_TRIPLE_DASH,,0,selected_zero_not_shown,0,true
MakeAR,15,3361MV,68,GFGN,---,MARKER_TRIPLE_DASH,,0,selected_zero_not_shown,0,true
MakeAR,15,3361MV,69,GFE,---,MARKER_TRIPLE_DASH,,0,selected_zero_not_shown,0,true
MakeAR,15,3361MV,70,GSLG,---,MARKER_TRIPLE_DASH,,0,selected_zero_not_shown,0,true
MakeAR,15,3361MV,71,GSLE,---,MARKER_TRIPLE_DASH,,0,selected_zero_not_shown,0,true
MakeAR,15,3361MV,72,Used,387,NONZERO_INTEGER,387,387,numeric,387,true
MakeAR,15,3361MV,73,Other,---,MARKER_TRIPLE_DASH,,0,selected_zero_not_shown,0,true
MakeAR,16,3364OT,1,111CA,---,MARKER_TRIPLE_DASH,,0,selected_zero_not_shown,0,true
MakeAR,16,3364OT,2,113FF,---,MARKER_TRIPLE_DASH,,0,selected_zero_not_shown,0,true
MakeAR,16,3364OT,3,211,---,MARKER_TRIPLE_DASH,,0,selected_zero_not_shown,0,true
MakeAR,16,3364OT,4,212,---,MARKER_TRIPLE_DASH,,0,selected_zero_not_shown,0,true
MakeAR,16,3364OT,5,213,---,MARKER_TRIPLE_DASH,,0,selected_zero_not_shown,0,true
MakeAR,16,3364OT,6,22,---,MARKER_TRIPLE_DASH,,0,selected_zero_not_shown,0,true
MakeAR,16,3364OT,7,23,---,MARKER_TRIPLE_DASH,,0,selected_zero_not_shown,0,true
MakeAR,16,3364OT,8,321,---,MARKER_TRIPLE_DASH,,0,selected_zero_not_shown,0,true
MakeAR,16,3364OT,9,327,---,MARKER_TRIPLE_DASH,,0,selected_zero_not_shown,0,true
MakeAR,16,3364OT,10,331,2,NONZERO_INTEGER,2,2,numeric,2,true
MakeAR,16,3364OT,11,332,72,NONZERO_INTEGER,72,72,numeric,72,true
MakeAR,16,3364OT,12,333,749,NONZERO_INTEGER,749,749,numeric,749,true
MakeAR,16,3364OT,13,334,520,NONZERO_INTEGER,520,520,numeric,520,true
MakeAR,16,3364OT,14,335,430,NONZERO_INTEGER,430,430,numeric,430,true
MakeAR,16,3364OT,15,3361MV,"2,515",NONZERO_INTEGER,2515,2515,numeric,2515,true
MakeAR,16,3364OT,16,3364OT,"341,807",NONZERO_INTEGER,341807,341807,numeric,341807,true
MakeAR,16,3364OT,17,337,---,MARKER_TRIPLE_DASH,,0,selected_zero_not_shown,0,true
MakeAR,16,3364OT,18,339,2,NONZERO_INTEGER,2,2,numeric,2,true
MakeAR,16,3364OT,19,311FT,---,MARKER_TRIPLE_DASH,,0,selected_zero_not_shown,0,true
MakeAR,16,3364OT,20,313TT,0,LITERAL_ZERO,0,0,numeric,0,true
MakeAR,16,3364OT,21,315AL,0,LITERAL_ZERO,0,0,numeric,0,true
MakeAR,16,3364OT,22,322,---,MARKER_TRIPLE_DASH,,0,selected_zero_not_shown,0,true
MakeAR,16,3364OT,23,323,---,MARKER_TRIPLE_DASH,,0,selected_zero_not_shown,0,true
MakeAR,16,3364OT,24,324,---,MARKER_TRIPLE_DASH,,0,selected_zero_not_shown,0,true
MakeAR,16,3364OT,25,325,35,NONZERO_INTEGER,35,35,numeric,35,true
MakeAR,16,3364OT,26,326,259,NONZERO_INTEGER,259,259,numeric,259,true
MakeAR,16,3364OT,27,42,---,MARKER_TRIPLE_DASH,,0,selected_zero_not_shown,0,true
MakeAR,16,3364OT,28,441,---,MARKER_TRIPLE_DASH,,0,selected_zero_not_shown,0,true
MakeAR,16,3364OT,29,445,---,MARKER_TRIPLE_DASH,,0,selected_zero_not_shown,0,true
MakeAR,16,3364OT,30,452,---,MARKER_TRIPLE_DASH,,0,selected_zero_not_shown,0,true
MakeAR,16,3364OT,31,4A0,---,MARKER_TRIPLE_DASH,,0,selected_zero_not_shown,0,true
MakeAR,16,3364OT,32,481,---,MARKER_TRIPLE_DASH,,0,selected_zero_not_shown,0,true
MakeAR,16,3364OT,33,482,---,MARKER_TRIPLE_DASH,,0,selected_zero_not_shown,0,true
MakeAR,16,3364OT,34,483,---,MARKER_TRIPLE_DASH,,0,selected_zero_not_shown,0,true
MakeAR,16,3364OT,35,484,---,MARKER_TRIPLE_DASH,,0,selected_zero_not_shown,0,true
MakeAR,16,3364OT,36,485,---,MARKER_TRIPLE_DASH,,0,selected_zero_not_shown,0,true
MakeAR,16,3364OT,37,486,---,MARKER_TRIPLE_DASH,,0,selected_zero_not_shown,0,true
MakeAR,16,3364OT,38,487OS,---,MARKER_TRIPLE_DASH,,0,selected_zero_not_shown,0,true
MakeAR,16,3364OT,39,493,---,MARKER_TRIPLE_DASH,,0,selected_zero_not_shown,0,true
MakeAR,16,3364OT,40,511,---,MARKER_TRIPLE_DASH,,0,selected_zero_not_shown,0,true
MakeAR,16,3364OT,41,512,---,MARKER_TRIPLE_DASH,,0,selected_zero_not_shown,0,true
MakeAR,16,3364OT,42,513,---,MARKER_TRIPLE_DASH,,0,selected_zero_not_shown,0,true
MakeAR,16,3364OT,43,514,---,MARKER_TRIPLE_DASH,,0,selected_zero_not_shown,0,true
MakeAR,16,3364OT,44,521CI,---,MARKER_TRIPLE_DASH,,0,selected_zero_not_shown,0,true
MakeAR,16,3364OT,45,523,---,MARKER_TRIPLE_DASH,,0,selected_zero_not_shown,0,true
MakeAR,16,3364OT,46,524,---,MARKER_TRIPLE_DASH,,0,selected_zero_not_shown,0,true
MakeAR,16,3364OT,47,525,---,MARKER_TRIPLE_DASH,,0,selected_zero_not_shown,0,true
MakeAR,16,3364OT,48,HS,---,MARKER_TRIPLE_DASH,,0,selected_zero_not_shown,0,true
MakeAR,16,3364OT,49,ORE,---,MARKER_TRIPLE_DASH,,0,selected_zero_not_shown,0,true
MakeAR,16,3364OT,50,532RL,---,MARKER_TRIPLE_DASH,,0,selected_zero_not_shown,0,true
MakeAR,16,3364OT,51,5411,---,MARKER_TRIPLE_DASH,,0,selected_zero_not_shown,0,true
MakeAR,16,3364OT,52,5415,---,MARKER_TRIPLE_DASH,,0,selected_zero_not_shown,0,true
MakeAR,16,3364OT,53,5412OP,---,MARKER_TRIPLE_DASH,,0,selected_zero_not_shown,0,true
MakeAR,16,3364OT,54,55,---,MARKER_TRIPLE_DASH,,0,selected_zero_not_shown,0,true
MakeAR,16,3364OT,55,561,---,MARKER_TRIPLE_DASH,,0,selected_zero_not_shown,0,true
MakeAR,16,3364OT,56,562,---,MARKER_TRIPLE_DASH,,0,selected_zero_not_shown,0,true
MakeAR,16,3364OT,57,61,---,MARKER_TRIPLE_DASH,,0,selected_zero_not_shown,0,true
MakeAR,16,3364OT,58,621,---,MARKER_TRIPLE_DASH,,0,selected_zero_not_shown,0,true
MakeAR,16,3364OT,59,622,---,MARKER_TRIPLE_DASH,,0,selected_zero_not_shown,0,true
MakeAR,16,3364OT,60,623,---,MARKER_TRIPLE_DASH,,0,selected_zero_not_shown,0,true
MakeAR,16,3364OT,61,624,---,MARKER_TRIPLE_DASH,,0,selected_zero_not_shown,0,true
MakeAR,16,3364OT,62,711AS,---,MARKER_TRIPLE_DASH,,0,selected_zero_not_shown,0,true
MakeAR,16,3364OT,63,713,---,MARKER_TRIPLE_DASH,,0,selected_zero_not_shown,0,true
MakeAR,16,3364OT,64,721,---,MARKER_TRIPLE_DASH,,0,selected_zero_not_shown,0,true
MakeAR,16,3364OT,65,722,---,MARKER_TRIPLE_DASH,,0,selected_zero_not_shown,0,true
MakeAR,16,3364OT,66,81,---,MARKER_TRIPLE_DASH,,0,selected_zero_not_shown,0,true
MakeAR,16,3364OT,67,GFGD,---,MARKER_TRIPLE_DASH,,0,selected_zero_not_shown,0,true
MakeAR,16,3364OT,68,GFGN,---,MARKER_TRIPLE_DASH,,0,selected_zero_not_shown,0,true
MakeAR,16,3364OT,69,GFE,---,MARKER_TRIPLE_DASH,,0,selected_zero_not_shown,0,true
MakeAR,16,3364OT,70,GSLG,---,MARKER_TRIPLE_DASH,,0,selected_zero_not_shown,0,true
MakeAR,16,3364OT,71,GSLE,---,MARKER_TRIPLE_DASH,,0,selected_zero_not_shown,0,true
MakeAR,16,3364OT,72,Used,40,NONZERO_INTEGER,40,40,numeric,40,true
MakeAR,16,3364OT,73,Other,---,MARKER_TRIPLE_DASH,,0,selected_zero_not_shown,0,true
MakeAR,17,337,1,111CA,---,MARKER_TRIPLE_DASH,,0,selected_zero_not_shown,0,true
MakeAR,17,337,2,113FF,---,MARKER_TRIPLE_DASH,,0,selected_zero_not_shown,0,true
MakeAR,17,337,3,211,---,MARKER_TRIPLE_DASH,,0,selected_zero_not_shown,0,true
MakeAR,17,337,4,212,---,MARKER_TRIPLE_DASH,,0,selected_zero_not_shown,0,true
MakeAR,17,337,5,213,---,MARKER_TRIPLE_DASH,,0,selected_zero_not_shown,0,true
MakeAR,17,337,6,22,---,MARKER_TRIPLE_DASH,,0,selected_zero_not_shown,0,true
MakeAR,17,337,7,23,---,MARKER_TRIPLE_DASH,,0,selected_zero_not_shown,0,true
MakeAR,17,337,8,321,584,NONZERO_INTEGER,584,584,numeric,584,true
MakeAR,17,337,9,327,43,NONZERO_INTEGER,43,43,numeric,43,true
MakeAR,17,337,10,331,28,NONZERO_INTEGER,28,28,numeric,28,true
MakeAR,17,337,11,332,243,NONZERO_INTEGER,243,243,numeric,243,true
MakeAR,17,337,12,333,55,NONZERO_INTEGER,55,55,numeric,55,true
MakeAR,17,337,13,334,6,NONZERO_INTEGER,6,6,numeric,6,true
MakeAR,17,337,14,335,28,NONZERO_INTEGER,28,28,numeric,28,true
MakeAR,17,337,15,3361MV,0,LITERAL_ZERO,0,0,numeric,0,true
MakeAR,17,337,16,3364OT,---,MARKER_TRIPLE_DASH,,0,selected_zero_not_shown,0,true
MakeAR,17,337,17,337,"80,801",NONZERO_INTEGER,80801,80801,numeric,80801,true
MakeAR,17,337,18,339,175,NONZERO_INTEGER,175,175,numeric,175,true
MakeAR,17,337,19,311FT,---,MARKER_TRIPLE_DASH,,0,selected_zero_not_shown,0,true
MakeAR,17,337,20,313TT,61,NONZERO_INTEGER,61,61,numeric,61,true
MakeAR,17,337,21,315AL,12,NONZERO_INTEGER,12,12,numeric,12,true
MakeAR,17,337,22,322,0,LITERAL_ZERO,0,0,numeric,0,true
MakeAR,17,337,23,323,7,NONZERO_INTEGER,7,7,numeric,7,true
MakeAR,17,337,24,324,---,MARKER_TRIPLE_DASH,,0,selected_zero_not_shown,0,true
MakeAR,17,337,25,325,12,NONZERO_INTEGER,12,12,numeric,12,true
MakeAR,17,337,26,326,10,NONZERO_INTEGER,10,10,numeric,10,true
MakeAR,17,337,27,42,0,LITERAL_ZERO,0,0,numeric,0,true
MakeAR,17,337,28,441,---,MARKER_TRIPLE_DASH,,0,selected_zero_not_shown,0,true
MakeAR,17,337,29,445,---,MARKER_TRIPLE_DASH,,0,selected_zero_not_shown,0,true
MakeAR,17,337,30,452,---,MARKER_TRIPLE_DASH,,0,selected_zero_not_shown,0,true
MakeAR,17,337,31,4A0,---,MARKER_TRIPLE_DASH,,0,selected_zero_not_shown,0,true
MakeAR,17,337,32,481,---,MARKER_TRIPLE_DASH,,0,selected_zero_not_shown,0,true
MakeAR,17,337,33,482,---,MARKER_TRIPLE_DASH,,0,selected_zero_not_shown,0,true
MakeAR,17,337,34,483,---,MARKER_TRIPLE_DASH,,0,selected_zero_not_shown,0,true
MakeAR,17,337,35,484,---,MARKER_TRIPLE_DASH,,0,selected_zero_not_shown,0,true
MakeAR,17,337,36,485,---,MARKER_TRIPLE_DASH,,0,selected_zero_not_shown,0,true
MakeAR,17,337,37,486,---,MARKER_TRIPLE_DASH,,0,selected_zero_not_shown,0,true
MakeAR,17,337,38,487OS,---,MARKER_TRIPLE_DASH,,0,selected_zero_not_shown,0,true
MakeAR,17,337,39,493,---,MARKER_TRIPLE_DASH,,0,selected_zero_not_shown,0,true
MakeAR,17,337,40,511,---,MARKER_TRIPLE_DASH,,0,selected_zero_not_shown,0,true
MakeAR,17,337,41,512,---,MARKER_TRIPLE_DASH,,0,selected_zero_not_shown,0,true
MakeAR,17,337,42,513,---,MARKER_TRIPLE_DASH,,0,selected_zero_not_shown,0,true
MakeAR,17,337,43,514,---,MARKER_TRIPLE_DASH,,0,selected_zero_not_shown,0,true
MakeAR,17,337,44,521CI,---,MARKER_TRIPLE_DASH,,0,selected_zero_not_shown,0,true
MakeAR,17,337,45,523,---,MARKER_TRIPLE_DASH,,0,selected_zero_not_shown,0,true
MakeAR,17,337,46,524,---,MARKER_TRIPLE_DASH,,0,selected_zero_not_shown,0,true
MakeAR,17,337,47,525,---,MARKER_TRIPLE_DASH,,0,selected_zero_not_shown,0,true
MakeAR,17,337,48,HS,---,MARKER_TRIPLE_DASH,,0,selected_zero_not_shown,0,true
MakeAR,17,337,49,ORE,---,MARKER_TRIPLE_DASH,,0,selected_zero_not_shown,0,true
MakeAR,17,337,50,532RL,---,MARKER_TRIPLE_DASH,,0,selected_zero_not_shown,0,true
MakeAR,17,337,51,5411,---,MARKER_TRIPLE_DASH,,0,selected_zero_not_shown,0,true
MakeAR,17,337,52,5415,---,MARKER_TRIPLE_DASH,,0,selected_zero_not_shown,0,true
MakeAR,17,337,53,5412OP,40,NONZERO_INTEGER,40,40,numeric,40,true
MakeAR,17,337,54,55,---,MARKER_TRIPLE_DASH,,0,selected_zero_not_shown,0,true
MakeAR,17,337,55,561,---,MARKER_TRIPLE_DASH,,0,selected_zero_not_shown,0,true
MakeAR,17,337,56,562,---,MARKER_TRIPLE_DASH,,0,selected_zero_not_shown,0,true
MakeAR,17,337,57,61,---,MARKER_TRIPLE_DASH,,0,selected_zero_not_shown,0,true
MakeAR,17,337,58,621,---,MARKER_TRIPLE_DASH,,0,selected_zero_not_shown,0,true
MakeAR,17,337,59,622,---,MARKER_TRIPLE_DASH,,0,selected_zero_not_shown,0,true
MakeAR,17,337,60,623,---,MARKER_TRIPLE_DASH,,0,selected_zero_not_shown,0,true
MakeAR,17,337,61,624,---,MARKER_TRIPLE_DASH,,0,selected_zero_not_shown,0,true
MakeAR,17,337,62,711AS,---,MARKER_TRIPLE_DASH,,0,selected_zero_not_shown,0,true
MakeAR,17,337,63,713,---,MARKER_TRIPLE_DASH,,0,selected_zero_not_shown,0,true
MakeAR,17,337,64,721,---,MARKER_TRIPLE_DASH,,0,selected_zero_not_shown,0,true
MakeAR,17,337,65,722,---,MARKER_TRIPLE_DASH,,0,selected_zero_not_shown,0,true
MakeAR,17,337,66,81,---,MARKER_TRIPLE_DASH,,0,selected_zero_not_shown,0,true
MakeAR,17,337,67,GFGD,---,MARKER_TRIPLE_DASH,,0,selected_zero_not_shown,0,true
MakeAR,17,337,68,GFGN,---,MARKER_TRIPLE_DASH,,0,selected_zero_not_shown,0,true
MakeAR,17,337,69,GFE,---,MARKER_TRIPLE_DASH,,0,selected_zero_not_shown,0,true
MakeAR,17,337,70,GSLG,---,MARKER_TRIPLE_DASH,,0,selected_zero_not_shown,0,true
MakeAR,17,337,71,GSLE,---,MARKER_TRIPLE_DASH,,0,selected_zero_not_shown,0,true
MakeAR,17,337,72,Used,---,MARKER_TRIPLE_DASH,,0,selected_zero_not_shown,0,true
MakeAR,17,337,73,Other,---,MARKER_TRIPLE_DASH,,0,selected_zero_not_shown,0,true
MakeAR,18,339,1,111CA,---,MARKER_TRIPLE_DASH,,0,selected_zero_not_shown,0,true
MakeAR,18,339,2,113FF,---,MARKER_TRIPLE_DASH,,0,selected_zero_not_shown,0,true
MakeAR,18,339,3,211,---,MARKER_TRIPLE_DASH,,0,selected_zero_not_shown,0,true
MakeAR,18,339,4,212,---,MARKER_TRIPLE_DASH,,0,selected_zero_not_shown,0,true
MakeAR,18,339,5,213,---,MARKER_TRIPLE_DASH,,0,selected_zero_not_shown,0,true
MakeAR,18,339,6,22,---,MARKER_TRIPLE_DASH,,0,selected_zero_not_shown,0,true
MakeAR,18,339,7,23,0,LITERAL_ZERO,0,0,numeric,0,true
MakeAR,18,339,8,321,101,NONZERO_INTEGER,101,101,numeric,101,true
MakeAR,18,339,9,327,30,NONZERO_INTEGER,30,30,numeric,30,true
MakeAR,18,339,10,331,9,NONZERO_INTEGER,9,9,numeric,9,true
MakeAR,18,339,11,332,924,NONZERO_INTEGER,924,924,numeric,924,true
MakeAR,18,339,12,333,207,NONZERO_INTEGER,207,207,numeric,207,true
MakeAR,18,339,13,334,816,NONZERO_INTEGER,816,816,numeric,816,true
MakeAR,18,339,14,335,51,NONZERO_INTEGER,51,51,numeric,51,true
MakeAR,18,339,15,3361MV,50,NONZERO_INTEGER,50,50,numeric,50,true
MakeAR,18,339,16,3364OT,52,NONZERO_INTEGER,52,52,numeric,52,true
MakeAR,18,339,17,337,237,NONZERO_INTEGER,237,237,numeric,237,true
MakeAR,18,339,18,339,"152,814",NONZERO_INTEGER,152814,152814,numeric,152814,true
MakeAR,18,339,19,311FT,3,NONZERO_INTEGER,3,3,numeric,3,true
MakeAR,18,339,20,313TT,104,NONZERO_INTEGER,104,104,numeric,104,true
MakeAR,18,339,21,315AL,"1,401",NONZERO_INTEGER,1401,1401,numeric,1401,true
MakeAR,18,339,22,322,58,NONZERO_INTEGER,58,58,numeric,58,true
MakeAR,18,339,23,323,376,NONZERO_INTEGER,376,376,numeric,376,true
MakeAR,18,339,24,324,0,LITERAL_ZERO,0,0,numeric,0,true
MakeAR,18,339,25,325,132,NONZERO_INTEGER,132,132,numeric,132,true
MakeAR,18,339,26,326,924,NONZERO_INTEGER,924,924,numeric,924,true
MakeAR,18,339,27,42,---,MARKER_TRIPLE_DASH,,0,selected_zero_not_shown,0,true
MakeAR,18,339,28,441,---,MARKER_TRIPLE_DASH,,0,selected_zero_not_shown,0,true
MakeAR,18,339,29,445,---,MARKER_TRIPLE_DASH,,0,selected_zero_not_shown,0,true
MakeAR,18,339,30,452,---,MARKER_TRIPLE_DASH,,0,selected_zero_not_shown,0,true
MakeAR,18,339,31,4A0,---,MARKER_TRIPLE_DASH,,0,selected_zero_not_shown,0,true
MakeAR,18,339,32,481,---,MARKER_TRIPLE_DASH,,0,selected_zero_not_shown,0,true
MakeAR,18,339,33,482,---,MARKER_TRIPLE_DASH,,0,selected_zero_not_shown,0,true
MakeAR,18,339,34,483,---,MARKER_TRIPLE_DASH,,0,selected_zero_not_shown,0,true
MakeAR,18,339,35,484,---,MARKER_TRIPLE_DASH,,0,selected_zero_not_shown,0,true
MakeAR,18,339,36,485,---,MARKER_TRIPLE_DASH,,0,selected_zero_not_shown,0,true
MakeAR,18,339,37,486,---,MARKER_TRIPLE_DASH,,0,selected_zero_not_shown,0,true
MakeAR,18,339,38,487OS,---,MARKER_TRIPLE_DASH,,0,selected_zero_not_shown,0,true
MakeAR,18,339,39,493,---,MARKER_TRIPLE_DASH,,0,selected_zero_not_shown,0,true
MakeAR,18,339,40,511,---,MARKER_TRIPLE_DASH,,0,selected_zero_not_shown,0,true
MakeAR,18,339,41,512,---,MARKER_TRIPLE_DASH,,0,selected_zero_not_shown,0,true
MakeAR,18,339,42,513,---,MARKER_TRIPLE_DASH,,0,selected_zero_not_shown,0,true
MakeAR,18,339,43,514,---,MARKER_TRIPLE_DASH,,0,selected_zero_not_shown,0,true
MakeAR,18,339,44,521CI,---,MARKER_TRIPLE_DASH,,0,selected_zero_not_shown,0,true
MakeAR,18,339,45,523,---,MARKER_TRIPLE_DASH,,0,selected_zero_not_shown,0,true
MakeAR,18,339,46,524,---,MARKER_TRIPLE_DASH,,0,selected_zero_not_shown,0,true
MakeAR,18,339,47,525,---,MARKER_TRIPLE_DASH,,0,selected_zero_not_shown,0,true
MakeAR,18,339,48,HS,---,MARKER_TRIPLE_DASH,,0,selected_zero_not_shown,0,true
MakeAR,18,339,49,ORE,---,MARKER_TRIPLE_DASH,,0,selected_zero_not_shown,0,true
MakeAR,18,339,50,532RL,---,MARKER_TRIPLE_DASH,,0,selected_zero_not_shown,0,true
MakeAR,18,339,51,5411,---,MARKER_TRIPLE_DASH,,0,selected_zero_not_shown,0,true
MakeAR,18,339,52,5415,---,MARKER_TRIPLE_DASH,,0,selected_zero_not_shown,0,true
MakeAR,18,339,53,5412OP,"2,909",NONZERO_INTEGER,2909,2909,numeric,2909,true
MakeAR,18,339,54,55,---,MARKER_TRIPLE_DASH,,0,selected_zero_not_shown,0,true
MakeAR,18,339,55,561,---,MARKER_TRIPLE_DASH,,0,selected_zero_not_shown,0,true
MakeAR,18,339,56,562,---,MARKER_TRIPLE_DASH,,0,selected_zero_not_shown,0,true
MakeAR,18,339,57,61,---,MARKER_TRIPLE_DASH,,0,selected_zero_not_shown,0,true
MakeAR,18,339,58,621,---,MARKER_TRIPLE_DASH,,0,selected_zero_not_shown,0,true
MakeAR,18,339,59,622,---,MARKER_TRIPLE_DASH,,0,selected_zero_not_shown,0,true
MakeAR,18,339,60,623,---,MARKER_TRIPLE_DASH,,0,selected_zero_not_shown,0,true
MakeAR,18,339,61,624,---,MARKER_TRIPLE_DASH,,0,selected_zero_not_shown,0,true
MakeAR,18,339,62,711AS,---,MARKER_TRIPLE_DASH,,0,selected_zero_not_shown,0,true
MakeAR,18,339,63,713,---,MARKER_TRIPLE_DASH,,0,selected_zero_not_shown,0,true
MakeAR,18,339,64,721,---,MARKER_TRIPLE_DASH,,0,selected_zero_not_shown,0,true
MakeAR,18,339,65,722,---,MARKER_TRIPLE_DASH,,0,selected_zero_not_shown,0,true
MakeAR,18,339,66,81,---,MARKER_TRIPLE_DASH,,0,selected_zero_not_shown,0,true
MakeAR,18,339,67,GFGD,---,MARKER_TRIPLE_DASH,,0,selected_zero_not_shown,0,true
MakeAR,18,339,68,GFGN,---,MARKER_TRIPLE_DASH,,0,selected_zero_not_shown,0,true
MakeAR,18,339,69,GFE,---,MARKER_TRIPLE_DASH,,0,selected_zero_not_shown,0,true
MakeAR,18,339,70,GSLG,---,MARKER_TRIPLE_DASH,,0,selected_zero_not_shown,0,true
MakeAR,18,339,71,GSLE,---,MARKER_TRIPLE_DASH,,0,selected_zero_not_shown,0,true
MakeAR,18,339,72,Used,0,LITERAL_ZERO,0,0,numeric,0,true
MakeAR,18,339,73,Other,---,MARKER_TRIPLE_DASH,,0,selected_zero_not_shown,0,true
MakeAR,19,311FT,1,111CA,---,MARKER_TRIPLE_DASH,,0,selected_zero_not_shown,0,true
MakeAR,19,311FT,2,113FF,---,MARKER_TRIPLE_DASH,,0,selected_zero_not_shown,0,true
MakeAR,19,311FT,3,211,---,MARKER_TRIPLE_DASH,,0,selected_zero_not_shown,0,true
MakeAR,19,311FT,4,212,---,MARKER_TRIPLE_DASH,,0,selected_zero_not_shown,0,true
MakeAR,19,311FT,5,213,---,MARKER_TRIPLE_DASH,,0,selected_zero_not_shown,0,true
MakeAR,19,311FT,6,22,---,MARKER_TRIPLE_DASH,,0,selected_zero_not_shown,0,true
MakeAR,19,311FT,7,23,---,MARKER_TRIPLE_DASH,,0,selected_zero_not_shown,0,true
MakeAR,19,311FT,8,321,---,MARKER_TRIPLE_DASH,,0,selected_zero_not_shown,0,true
MakeAR,19,311FT,9,327,---,MARKER_TRIPLE_DASH,,0,selected_zero_not_shown,0,true
MakeAR,19,311FT,10,331,---,MARKER_TRIPLE_DASH,,0,selected_zero_not_shown,0,true
MakeAR,19,311FT,11,332,---,MARKER_TRIPLE_DASH,,0,selected_zero_not_shown,0,true
MakeAR,19,311FT,12,333,---,MARKER_TRIPLE_DASH,,0,selected_zero_not_shown,0,true
MakeAR,19,311FT,13,334,---,MARKER_TRIPLE_DASH,,0,selected_zero_not_shown,0,true
MakeAR,19,311FT,14,335,---,MARKER_TRIPLE_DASH,,0,selected_zero_not_shown,0,true
MakeAR,19,311FT,15,3361MV,---,MARKER_TRIPLE_DASH,,0,selected_zero_not_shown,0,true
MakeAR,19,311FT,16,3364OT,---,MARKER_TRIPLE_DASH,,0,selected_zero_not_shown,0,true
MakeAR,19,311FT,17,337,---,MARKER_TRIPLE_DASH,,0,selected_zero_not_shown,0,true
MakeAR,19,311FT,18,339,4,NONZERO_INTEGER,4,4,numeric,4,true
MakeAR,19,311FT,19,311FT,"1,249,551",NONZERO_INTEGER,1249551,1249551,numeric,1249551,true
MakeAR,19,311FT,20,313TT,0,LITERAL_ZERO,0,0,numeric,0,true
MakeAR,19,311FT,21,315AL,709,NONZERO_INTEGER,709,709,numeric,709,true
MakeAR,19,311FT,22,322,49,NONZERO_INTEGER,49,49,numeric,49,true
MakeAR,19,311FT,23,323,---,MARKER_TRIPLE_DASH,,0,selected_zero_not_shown,0,true
MakeAR,19,311FT,24,324,45,NONZERO_INTEGER,45,45,numeric,45,true
MakeAR,19,311FT,25,325,"3,027",NONZERO_INTEGER,3027,3027,numeric,3027,true
MakeAR,19,311FT,26,326,0,LITERAL_ZERO,0,0,numeric,0,true
MakeAR,19,311FT,27,42,---,MARKER_TRIPLE_DASH,,0,selected_zero_not_shown,0,true
MakeAR,19,311FT,28,441,---,MARKER_TRIPLE_DASH,,0,selected_zero_not_shown,0,true
MakeAR,19,311FT,29,445,---,MARKER_TRIPLE_DASH,,0,selected_zero_not_shown,0,true
MakeAR,19,311FT,30,452,---,MARKER_TRIPLE_DASH,,0,selected_zero_not_shown,0,true
MakeAR,19,311FT,31,4A0,---,MARKER_TRIPLE_DASH,,0,selected_zero_not_shown,0,true
MakeAR,19,311FT,32,481,---,MARKER_TRIPLE_DASH,,0,selected_zero_not_shown,0,true
MakeAR,19,311FT,33,482,---,MARKER_TRIPLE_DASH,,0,selected_zero_not_shown,0,true
MakeAR,19,311FT,34,483,---,MARKER_TRIPLE_DASH,,0,selected_zero_not_shown,0,true
MakeAR,19,311FT,35,484,---,MARKER_TRIPLE_DASH,,0,selected_zero_not_shown,0,true
MakeAR,19,311FT,36,485,---,MARKER_TRIPLE_DASH,,0,selected_zero_not_shown,0,true
MakeAR,19,311FT,37,486,---,MARKER_TRIPLE_DASH,,0,selected_zero_not_shown,0,true
MakeAR,19,311FT,38,487OS,---,MARKER_TRIPLE_DASH,,0,selected_zero_not_shown,0,true
MakeAR,19,311FT,39,493,---,MARKER_TRIPLE_DASH,,0,selected_zero_not_shown,0,true
MakeAR,19,311FT,40,511,---,MARKER_TRIPLE_DASH,,0,selected_zero_not_shown,0,true
MakeAR,19,311FT,41,512,---,MARKER_TRIPLE_DASH,,0,selected_zero_not_shown,0,true
MakeAR,19,311FT,42,513,---,MARKER_TRIPLE_DASH,,0,selected_zero_not_shown,0,true
MakeAR,19,311FT,43,514,---,MARKER_TRIPLE_DASH,,0,selected_zero_not_shown,0,true
MakeAR,19,311FT,44,521CI,---,MARKER_TRIPLE_DASH,,0,selected_zero_not_shown,0,true
MakeAR,19,311FT,45,523,---,MARKER_TRIPLE_DASH,,0,selected_zero_not_shown,0,true
MakeAR,19,311FT,46,524,---,MARKER_TRIPLE_DASH,,0,selected_zero_not_shown,0,true
MakeAR,19,311FT,47,525,---,MARKER_TRIPLE_DASH,,0,selected_zero_not_shown,0,true
MakeAR,19,311FT,48,HS,---,MARKER_TRIPLE_DASH,,0,selected_zero_not_shown,0,true
MakeAR,19,311FT,49,ORE,---,MARKER_TRIPLE_DASH,,0,selected_zero_not_shown,0,true
MakeAR,19,311FT,50,532RL,---,MARKER_TRIPLE_DASH,,0,selected_zero_not_shown,0,true
MakeAR,19,311FT,51,5411,---,MARKER_TRIPLE_DASH,,0,selected_zero_not_shown,0,true
MakeAR,19,311FT,52,5415,---,MARKER_TRIPLE_DASH,,0,selected_zero_not_shown,0,true
MakeAR,19,311FT,53,5412OP,3,NONZERO_INTEGER,3,3,numeric,3,true
MakeAR,19,311FT,54,55,---,MARKER_TRIPLE_DASH,,0,selected_zero_not_shown,0,true
MakeAR,19,311FT,55,561,---,MARKER_TRIPLE_DASH,,0,selected_zero_not_shown,0,true
MakeAR,19,311FT,56,562,---,MARKER_TRIPLE_DASH,,0,selected_zero_not_shown,0,true
MakeAR,19,311FT,57,61,---,MARKER_TRIPLE_DASH,,0,selected_zero_not_shown,0,true
MakeAR,19,311FT,58,621,---,MARKER_TRIPLE_DASH,,0,selected_zero_not_shown,0,true
MakeAR,19,311FT,59,622,---,MARKER_TRIPLE_DASH,,0,selected_zero_not_shown,0,true
MakeAR,19,311FT,60,623,---,MARKER_TRIPLE_DASH,,0,selected_zero_not_shown,0,true
MakeAR,19,311FT,61,624,---,MARKER_TRIPLE_DASH,,0,selected_zero_not_shown,0,true
MakeAR,19,311FT,62,711AS,---,MARKER_TRIPLE_DASH,,0,selected_zero_not_shown,0,true
MakeAR,19,311FT,63,713,---,MARKER_TRIPLE_DASH,,0,selected_zero_not_shown,0,true
MakeAR,19,311FT,64,721,---,MARKER_TRIPLE_DASH,,0,selected_zero_not_shown,0,true
MakeAR,19,311FT,65,722,---,MARKER_TRIPLE_DASH,,0,selected_zero_not_shown,0,true
MakeAR,19,311FT,66,81,---,MARKER_TRIPLE_DASH,,0,selected_zero_not_shown,0,true
MakeAR,19,311FT,67,GFGD,---,MARKER_TRIPLE_DASH,,0,selected_zero_not_shown,0,true
MakeAR,19,311FT,68,GFGN,---,MARKER_TRIPLE_DASH,,0,selected_zero_not_shown,0,true
MakeAR,19,311FT,69,GFE,---,MARKER_TRIPLE_DASH,,0,selected_zero_not_shown,0,true
MakeAR,19,311FT,70,GSLG,---,MARKER_TRIPLE_DASH,,0,selected_zero_not_shown,0,true
MakeAR,19,311FT,71,GSLE,---,MARKER_TRIPLE_DASH,,0,selected_zero_not_shown,0,true
MakeAR,19,311FT,72,Used,1,NONZERO_INTEGER,1,1,numeric,1,true
MakeAR,19,311FT,73,Other,---,MARKER_TRIPLE_DASH,,0,selected_zero_not_shown,0,true
MakeAR,20,313TT,1,111CA,---,MARKER_TRIPLE_DASH,,0,selected_zero_not_shown,0,true
MakeAR,20,313TT,2,113FF,---,MARKER_TRIPLE_DASH,,0,selected_zero_not_shown,0,true
MakeAR,20,313TT,3,211,---,MARKER_TRIPLE_DASH,,0,selected_zero_not_shown,0,true
MakeAR,20,313TT,4,212,---,MARKER_TRIPLE_DASH,,0,selected_zero_not_shown,0,true
MakeAR,20,313TT,5,213,---,MARKER_TRIPLE_DASH,,0,selected_zero_not_shown,0,true
MakeAR,20,313TT,6,22,---,MARKER_TRIPLE_DASH,,0,selected_zero_not_shown,0,true
MakeAR,20,313TT,7,23,---,MARKER_TRIPLE_DASH,,0,selected_zero_not_shown,0,true
MakeAR,20,313TT,8,321,---,MARKER_TRIPLE_DASH,,0,selected_zero_not_shown,0,true
MakeAR,20,313TT,9,327,1,NONZERO_INTEGER,1,1,numeric,1,true
MakeAR,20,313TT,10,331,0,LITERAL_ZERO,0,0,numeric,0,true
MakeAR,20,313TT,11,332,78,NONZERO_INTEGER,78,78,numeric,78,true
MakeAR,20,313TT,12,333,5,NONZERO_INTEGER,5,5,numeric,5,true
MakeAR,20,313TT,13,334,38,NONZERO_INTEGER,38,38,numeric,38,true
MakeAR,20,313TT,14,335,---,MARKER_TRIPLE_DASH,,0,selected_zero_not_shown,0,true
MakeAR,20,313TT,15,3361MV,580,NONZERO_INTEGER,580,580,numeric,580,true
MakeAR,20,313TT,16,3364OT,0,LITERAL_ZERO,0,0,numeric,0,true
MakeAR,20,313TT,17,337,67,NONZERO_INTEGER,67,67,numeric,67,true
MakeAR,20,313TT,18,339,25,NONZERO_INTEGER,25,25,numeric,25,true
MakeAR,20,313TT,19,311FT,---,MARKER_TRIPLE_DASH,,0,selected_zero_not_shown,0,true
MakeAR,20,313TT,20,313TT,"41,084",NONZERO_INTEGER,41084,41084,numeric,41084,true
MakeAR,20,313TT,21,315AL,416,NONZERO_INTEGER,416,416,numeric,416,true
MakeAR,20,313TT,22,322,0,LITERAL_ZERO,0,0,numeric,0,true
MakeAR,20,313TT,23,323,203,NONZERO_INTEGER,203,203,numeric,203,true
MakeAR,20,313TT,24,324,---,MARKER_TRIPLE_DASH,,0,selected_zero_not_shown,0,true
MakeAR,20,313TT,25,325,"3,012",NONZERO_INTEGER,3012,3012,numeric,3012,true
MakeAR,20,313TT,26,326,529,NONZERO_INTEGER,529,529,numeric,529,true
MakeAR,20,313TT,27,42,---,MARKER_TRIPLE_DASH,,0,selected_zero_not_shown,0,true
MakeAR,20,313TT,28,441,---,MARKER_TRIPLE_DASH,,0,selected_zero_not_shown,0,true
MakeAR,20,313TT,29,445,---,MARKER_TRIPLE_DASH,,0,selected_zero_not_shown,0,true
MakeAR,20,313TT,30,452,---,MARKER_TRIPLE_DASH,,0,selected_zero_not_shown,0,true
MakeAR,20,313TT,31,4A0,---,MARKER_TRIPLE_DASH,,0,selected_zero_not_shown,0,true
MakeAR,20,313TT,32,481,---,MARKER_TRIPLE_DASH,,0,selected_zero_not_shown,0,true
MakeAR,20,313TT,33,482,---,MARKER_TRIPLE_DASH,,0,selected_zero_not_shown,0,true
MakeAR,20,313TT,34,483,---,MARKER_TRIPLE_DASH,,0,selected_zero_not_shown,0,true
MakeAR,20,313TT,35,484,---,MARKER_TRIPLE_DASH,,0,selected_zero_not_shown,0,true
MakeAR,20,313TT,36,485,---,MARKER_TRIPLE_DASH,,0,selected_zero_not_shown,0,true
MakeAR,20,313TT,37,486,---,MARKER_TRIPLE_DASH,,0,selected_zero_not_shown,0,true
MakeAR,20,313TT,38,487OS,---,MARKER_TRIPLE_DASH,,0,selected_zero_not_shown,0,true
MakeAR,20,313TT,39,493,---,MARKER_TRIPLE_DASH,,0,selected_zero_not_shown,0,true
MakeAR,20,313TT,40,511,---,MARKER_TRIPLE_DASH,,0,selected_zero_not_shown,0,true
MakeAR,20,313TT,41,512,---,MARKER_TRIPLE_DASH,,0,selected_zero_not_shown,0,true
MakeAR,20,313TT,42,513,---,MARKER_TRIPLE_DASH,,0,selected_zero_not_shown,0,true
MakeAR,20,313TT,43,514,---,MARKER_TRIPLE_DASH,,0,selected_zero_not_shown,0,true
MakeAR,20,313TT,44,521CI,---,MARKER_TRIPLE_DASH,,0,selected_zero_not_shown,0,true
MakeAR,20,313TT,45,523,---,MARKER_TRIPLE_DASH,,0,selected_zero_not_shown,0,true
MakeAR,20,313TT,46,524,---,MARKER_TRIPLE_DASH,,0,selected_zero_not_shown,0,true
MakeAR,20,313TT,47,525,---,MARKER_TRIPLE_DASH,,0,selected_zero_not_shown,0,true
MakeAR,20,313TT,48,HS,---,MARKER_TRIPLE_DASH,,0,selected_zero_not_shown,0,true
MakeAR,20,313TT,49,ORE,---,MARKER_TRIPLE_DASH,,0,selected_zero_not_shown,0,true
MakeAR,20,313TT,50,532RL,---,MARKER_TRIPLE_DASH,,0,selected_zero_not_shown,0,true
MakeAR,20,313TT,51,5411,---,MARKER_TRIPLE_DASH,,0,selected_zero_not_shown,0,true
MakeAR,20,313TT,52,5415,---,MARKER_TRIPLE_DASH,,0,selected_zero_not_shown,0,true
MakeAR,20,313TT,53,5412OP,1,NONZERO_INTEGER,1,1,numeric,1,true
MakeAR,20,313TT,54,55,---,MARKER_TRIPLE_DASH,,0,selected_zero_not_shown,0,true
MakeAR,20,313TT,55,561,---,MARKER_TRIPLE_DASH,,0,selected_zero_not_shown,0,true
MakeAR,20,313TT,56,562,---,MARKER_TRIPLE_DASH,,0,selected_zero_not_shown,0,true
MakeAR,20,313TT,57,61,---,MARKER_TRIPLE_DASH,,0,selected_zero_not_shown,0,true
MakeAR,20,313TT,58,621,---,MARKER_TRIPLE_DASH,,0,selected_zero_not_shown,0,true
MakeAR,20,313TT,59,622,---,MARKER_TRIPLE_DASH,,0,selected_zero_not_shown,0,true
MakeAR,20,313TT,60,623,---,MARKER_TRIPLE_DASH,,0,selected_zero_not_shown,0,true
MakeAR,20,313TT,61,624,---,MARKER_TRIPLE_DASH,,0,selected_zero_not_shown,0,true
MakeAR,20,313TT,62,711AS,---,MARKER_TRIPLE_DASH,,0,selected_zero_not_shown,0,true
MakeAR,20,313TT,63,713,---,MARKER_TRIPLE_DASH,,0,selected_zero_not_shown,0,true
MakeAR,20,313TT,64,721,---,MARKER_TRIPLE_DASH,,0,selected_zero_not_shown,0,true
MakeAR,20,313TT,65,722,---,MARKER_TRIPLE_DASH,,0,selected_zero_not_shown,0,true
MakeAR,20,313TT,66,81,---,MARKER_TRIPLE_DASH,,0,selected_zero_not_shown,0,true
MakeAR,20,313TT,67,GFGD,---,MARKER_TRIPLE_DASH,,0,selected_zero_not_shown,0,true
MakeAR,20,313TT,68,GFGN,---,MARKER_TRIPLE_DASH,,0,selected_zero_not_shown,0,true
MakeAR,20,313TT,69,GFE,---,MARKER_TRIPLE_DASH,,0,selected_zero_not_shown,0,true
MakeAR,20,313TT,70,GSLG,---,MARKER_TRIPLE_DASH,,0,selected_zero_not_shown,0,true
MakeAR,20,313TT,71,GSLE,---,MARKER_TRIPLE_DASH,,0,selected_zero_not_shown,0,true
MakeAR,20,313TT,72,Used,0,LITERAL_ZERO,0,0,numeric,0,true
MakeAR,20,313TT,73,Other,---,MARKER_TRIPLE_DASH,,0,selected_zero_not_shown,0,true
MakeAR,21,315AL,1,111CA,---,MARKER_TRIPLE_DASH,,0,selected_zero_not_shown,0,true
MakeAR,21,315AL,2,113FF,---,MARKER_TRIPLE_DASH,,0,selected_zero_not_shown,0,true
MakeAR,21,315AL,3,211,---,MARKER_TRIPLE_DASH,,0,selected_zero_not_shown,0,true
MakeAR,21,315AL,4,212,---,MARKER_TRIPLE_DASH,,0,selected_zero_not_shown,0,true
MakeAR,21,315AL,5,213,---,MARKER_TRIPLE_DASH,,0,selected_zero_not_shown,0,true
MakeAR,21,315AL,6,22,---,MARKER_TRIPLE_DASH,,0,selected_zero_not_shown,0,true
MakeAR,21,315AL,7,23,---,MARKER_TRIPLE_DASH,,0,selected_zero_not_shown,0,true
MakeAR,21,315AL,8,321,---,MARKER_TRIPLE_DASH,,0,selected_zero_not_shown,0,true
MakeAR,21,315AL,9,327,17,NONZERO_INTEGER,17,17,numeric,17,true
MakeAR,21,315AL,10,331,---,MARKER_TRIPLE_DASH,,0,selected_zero_not_shown,0,true
MakeAR,21,315AL,11,332,---,MARKER_TRIPLE_DASH,,0,selected_zero_not_shown,0,true
MakeAR,21,315AL,12,333,---,MARKER_TRIPLE_DASH,,0,selected_zero_not_shown,0,true
MakeAR,21,315AL,13,334,---,MARKER_TRIPLE_DASH,,0,selected_zero_not_shown,0,true
MakeAR,21,315AL,14,335,---,MARKER_TRIPLE_DASH,,0,selected_zero_not_shown,0,true
MakeAR,21,315AL,15,3361MV,---,MARKER_TRIPLE_DASH,,0,selected_zero_not_shown,0,true
MakeAR,21,315AL,16,3364OT,---,MARKER_TRIPLE_DASH,,0,selected_zero_not_shown,0,true
MakeAR,21,315AL,17,337,---,MARKER_TRIPLE_DASH,,0,selected_zero_not_shown,0,true
MakeAR,21,315AL,18,339,7,NONZERO_INTEGER,7,7,numeric,7,true
MakeAR,21,315AL,19,311FT,882,NONZERO_INTEGER,882,882,numeric,882,true
MakeAR,21,315AL,20,313TT,168,NONZERO_INTEGER,168,168,numeric,168,true
MakeAR,21,315AL,21,315AL,"21,823",NONZERO_INTEGER,21823,21823,numeric,21823,true
MakeAR,21,315AL,22,322,---,MARKER_TRIPLE_DASH,,0,selected_zero_not_shown,0,true
MakeAR,21,315AL,23,323,6,NONZERO_INTEGER,6,6,numeric,6,true
MakeAR,21,315AL,24,324,---,MARKER_TRIPLE_DASH,,0,selected_zero_not_shown,0,true
MakeAR,21,315AL,25,325,53,NONZERO_INTEGER,53,53,numeric,53,true
MakeAR,21,315AL,26,326,1,NONZERO_INTEGER,1,1,numeric,1,true
MakeAR,21,315AL,27,42,---,MARKER_TRIPLE_DASH,,0,selected_zero_not_shown,0,true
MakeAR,21,315AL,28,441,---,MARKER_TRIPLE_DASH,,0,selected_zero_not_shown,0,true
MakeAR,21,315AL,29,445,---,MARKER_TRIPLE_DASH,,0,selected_zero_not_shown,0,true
MakeAR,21,315AL,30,452,---,MARKER_TRIPLE_DASH,,0,selected_zero_not_shown,0,true
MakeAR,21,315AL,31,4A0,---,MARKER_TRIPLE_DASH,,0,selected_zero_not_shown,0,true
MakeAR,21,315AL,32,481,---,MARKER_TRIPLE_DASH,,0,selected_zero_not_shown,0,true
MakeAR,21,315AL,33,482,---,MARKER_TRIPLE_DASH,,0,selected_zero_not_shown,0,true
MakeAR,21,315AL,34,483,---,MARKER_TRIPLE_DASH,,0,selected_zero_not_shown,0,true
MakeAR,21,315AL,35,484,---,MARKER_TRIPLE_DASH,,0,selected_zero_not_shown,0,true
MakeAR,21,315AL,36,485,---,MARKER_TRIPLE_DASH,,0,selected_zero_not_shown,0,true
MakeAR,21,315AL,37,486,---,MARKER_TRIPLE_DASH,,0,selected_zero_not_shown,0,true
MakeAR,21,315AL,38,487OS,---,MARKER_TRIPLE_DASH,,0,selected_zero_not_shown,0,true
MakeAR,21,315AL,39,493,---,MARKER_TRIPLE_DASH,,0,selected_zero_not_shown,0,true
MakeAR,21,315AL,40,511,---,MARKER_TRIPLE_DASH,,0,selected_zero_not_shown,0,true
MakeAR,21,315AL,41,512,---,MARKER_TRIPLE_DASH,,0,selected_zero_not_shown,0,true
MakeAR,21,315AL,42,513,---,MARKER_TRIPLE_DASH,,0,selected_zero_not_shown,0,true
MakeAR,21,315AL,43,514,---,MARKER_TRIPLE_DASH,,0,selected_zero_not_shown,0,true
MakeAR,21,315AL,44,521CI,---,MARKER_TRIPLE_DASH,,0,selected_zero_not_shown,0,true
MakeAR,21,315AL,45,523,---,MARKER_TRIPLE_DASH,,0,selected_zero_not_shown,0,true
MakeAR,21,315AL,46,524,---,MARKER_TRIPLE_DASH,,0,selected_zero_not_shown,0,true
MakeAR,21,315AL,47,525,---,MARKER_TRIPLE_DASH,,0,selected_zero_not_shown,0,true
MakeAR,21,315AL,48,HS,---,MARKER_TRIPLE_DASH,,0,selected_zero_not_shown,0,true
MakeAR,21,315AL,49,ORE,---,MARKER_TRIPLE_DASH,,0,selected_zero_not_shown,0,true
MakeAR,21,315AL,50,532RL,---,MARKER_TRIPLE_DASH,,0,selected_zero_not_shown,0,true
MakeAR,21,315AL,51,5411,---,MARKER_TRIPLE_DASH,,0,selected_zero_not_shown,0,true
MakeAR,21,315AL,52,5415,---,MARKER_TRIPLE_DASH,,0,selected_zero_not_shown,0,true
MakeAR,21,315AL,53,5412OP,0,LITERAL_ZERO,0,0,numeric,0,true
MakeAR,21,315AL,54,55,---,MARKER_TRIPLE_DASH,,0,selected_zero_not_shown,0,true
MakeAR,21,315AL,55,561,---,MARKER_TRIPLE_DASH,,0,selected_zero_not_shown,0,true
MakeAR,21,315AL,56,562,---,MARKER_TRIPLE_DASH,,0,selected_zero_not_shown,0,true
MakeAR,21,315AL,57,61,---,MARKER_TRIPLE_DASH,,0,selected_zero_not_shown,0,true
MakeAR,21,315AL,58,621,---,MARKER_TRIPLE_DASH,,0,selected_zero_not_shown,0,true
MakeAR,21,315AL,59,622,---,MARKER_TRIPLE_DASH,,0,selected_zero_not_shown,0,true
MakeAR,21,315AL,60,623,---,MARKER_TRIPLE_DASH,,0,selected_zero_not_shown,0,true
MakeAR,21,315AL,61,624,---,MARKER_TRIPLE_DASH,,0,selected_zero_not_shown,0,true
MakeAR,21,315AL,62,711AS,---,MARKER_TRIPLE_DASH,,0,selected_zero_not_shown,0,true
MakeAR,21,315AL,63,713,---,MARKER_TRIPLE_DASH,,0,selected_zero_not_shown,0,true
MakeAR,21,315AL,64,721,---,MARKER_TRIPLE_DASH,,0,selected_zero_not_shown,0,true
MakeAR,21,315AL,65,722,---,MARKER_TRIPLE_DASH,,0,selected_zero_not_shown,0,true
MakeAR,21,315AL,66,81,---,MARKER_TRIPLE_DASH,,0,selected_zero_not_shown,0,true
MakeAR,21,315AL,67,GFGD,---,MARKER_TRIPLE_DASH,,0,selected_zero_not_shown,0,true
MakeAR,21,315AL,68,GFGN,---,MARKER_TRIPLE_DASH,,0,selected_zero_not_shown,0,true
MakeAR,21,315AL,69,GFE,---,MARKER_TRIPLE_DASH,,0,selected_zero_not_shown,0,true
MakeAR,21,315AL,70,GSLG,---,MARKER_TRIPLE_DASH,,0,selected_zero_not_shown,0,true
MakeAR,21,315AL,71,GSLE,---,MARKER_TRIPLE_DASH,,0,selected_zero_not_shown,0,true
MakeAR,21,315AL,72,Used,0,LITERAL_ZERO,0,0,numeric,0,true
MakeAR,21,315AL,73,Other,---,MARKER_TRIPLE_DASH,,0,selected_zero_not_shown,0,true
MakeAR,22,322,1,111CA,---,MARKER_TRIPLE_DASH,,0,selected_zero_not_shown,0,true
MakeAR,22,322,2,113FF,---,MARKER_TRIPLE_DASH,,0,selected_zero_not_shown,0,true
MakeAR,22,322,3,211,---,MARKER_TRIPLE_DASH,,0,selected_zero_not_shown,0,true
MakeAR,22,322,4,212,---,MARKER_TRIPLE_DASH,,0,selected_zero_not_shown,0,true
MakeAR,22,322,5,213,---,MARKER_TRIPLE_DASH,,0,selected_zero_not_shown,0,true
MakeAR,22,322,6,22,---,MARKER_TRIPLE_DASH,,0,selected_zero_not_shown,0,true
MakeAR,22,322,7,23,---,MARKER_TRIPLE_DASH,,0,selected_zero_not_shown,0,true
MakeAR,22,322,8,321,219,NONZERO_INTEGER,219,219,numeric,219,true
MakeAR,22,322,9,327,33,NONZERO_INTEGER,33,33,numeric,33,true
MakeAR,22,322,10,331,0,LITERAL_ZERO,0,0,numeric,0,true
MakeAR,22,322,11,332,0,LITERAL_ZERO,0,0,numeric,0,true
MakeAR,22,322,12,333,---,MARKER_TRIPLE_DASH,,0,selected_zero_not_shown,0,true
MakeAR,22,322,13,334,65,NONZERO_INTEGER,65,65,numeric,65,true
MakeAR,22,322,14,335,---,MARKER_TRIPLE_DASH,,0,selected_zero_not_shown,0,true
MakeAR,22,322,15,3361MV,---,MARKER_TRIPLE_DASH,,0,selected_zero_not_shown,0,true
MakeAR,22,322,16,3364OT,---,MARKER_TRIPLE_DASH,,0,selected_zero_not_shown,0,true
MakeAR,22,322,17,337,0,LITERAL_ZERO,0,0,numeric,0,true
MakeAR,22,322,18,339,519,NONZERO_INTEGER,519,519,numeric,519,true
MakeAR,22,322,19,311FT,---,MARKER_TRIPLE_DASH,,0,selected_zero_not_shown,0,true
MakeAR,22,322,20,313TT,241,NONZERO_INTEGER,241,241,numeric,241,true
MakeAR,22,322,21,315AL,0,LITERAL_ZERO,0,0,numeric,0,true
MakeAR,22,322,22,322,"214,431",NONZERO_INTEGER,214431,214431,numeric,214431,true
MakeAR,22,322,23,323,323,NONZERO_INTEGER,323,323,numeric,323,true
MakeAR,22,322,24,324,---,MARKER_TRIPLE_DASH,,0,selected_zero_not_shown,0,true
MakeAR,22,322,25,325,22,NONZERO_INTEGER,22,22,numeric,22,true
MakeAR,22,322,26,326,479,NONZERO_INTEGER,479,479,numeric,479,true
MakeAR,22,322,27,42,---,MARKER_TRIPLE_DASH,,0,selected_zero_not_shown,0,true
MakeAR,22,322,28,441,---,MARKER_TRIPLE_DASH,,0,selected_zero_not_shown,0,true
MakeAR,22,322,29,445,---,MARKER_TRIPLE_DASH,,0,selected_zero_not_shown,0,true
MakeAR,22,322,30,452,---,MARKER_TRIPLE_DASH,,0,selected_zero_not_shown,0,true
MakeAR,22,322,31,4A0,---,MARKER_TRIPLE_DASH,,0,selected_zero_not_shown,0,true
MakeAR,22,322,32,481,---,MARKER_TRIPLE_DASH,,0,selected_zero_not_shown,0,true
MakeAR,22,322,33,482,---,MARKER_TRIPLE_DASH,,0,selected_zero_not_shown,0,true
MakeAR,22,322,34,483,---,MARKER_TRIPLE_DASH,,0,selected_zero_not_shown,0,true
MakeAR,22,322,35,484,---,MARKER_TRIPLE_DASH,,0,selected_zero_not_shown,0,true
MakeAR,22,322,36,485,---,MARKER_TRIPLE_DASH,,0,selected_zero_not_shown,0,true
MakeAR,22,322,37,486,---,MARKER_TRIPLE_DASH,,0,selected_zero_not_shown,0,true
MakeAR,22,322,38,487OS,---,MARKER_TRIPLE_DASH,,0,selected_zero_not_shown,0,true
MakeAR,22,322,39,493,---,MARKER_TRIPLE_DASH,,0,selected_zero_not_shown,0,true
MakeAR,22,322,40,511,---,MARKER_TRIPLE_DASH,,0,selected_zero_not_shown,0,true
MakeAR,22,322,41,512,---,MARKER_TRIPLE_DASH,,0,selected_zero_not_shown,0,true
MakeAR,22,322,42,513,---,MARKER_TRIPLE_DASH,,0,selected_zero_not_shown,0,true
MakeAR,22,322,43,514,---,MARKER_TRIPLE_DASH,,0,selected_zero_not_shown,0,true
MakeAR,22,322,44,521CI,---,MARKER_TRIPLE_DASH,,0,selected_zero_not_shown,0,true
MakeAR,22,322,45,523,---,MARKER_TRIPLE_DASH,,0,selected_zero_not_shown,0,true
MakeAR,22,322,46,524,---,MARKER_TRIPLE_DASH,,0,selected_zero_not_shown,0,true
MakeAR,22,322,47,525,---,MARKER_TRIPLE_DASH,,0,selected_zero_not_shown,0,true
MakeAR,22,322,48,HS,---,MARKER_TRIPLE_DASH,,0,selected_zero_not_shown,0,true
MakeAR,22,322,49,ORE,---,MARKER_TRIPLE_DASH,,0,selected_zero_not_shown,0,true
MakeAR,22,322,50,532RL,---,MARKER_TRIPLE_DASH,,0,selected_zero_not_shown,0,true
MakeAR,22,322,51,5411,---,MARKER_TRIPLE_DASH,,0,selected_zero_not_shown,0,true
MakeAR,22,322,52,5415,---,MARKER_TRIPLE_DASH,,0,selected_zero_not_shown,0,true
MakeAR,22,322,53,5412OP,262,NONZERO_INTEGER,262,262,numeric,262,true
MakeAR,22,322,54,55,---,MARKER_TRIPLE_DASH,,0,selected_zero_not_shown,0,true
MakeAR,22,322,55,561,---,MARKER_TRIPLE_DASH,,0,selected_zero_not_shown,0,true
MakeAR,22,322,56,562,---,MARKER_TRIPLE_DASH,,0,selected_zero_not_shown,0,true
MakeAR,22,322,57,61,---,MARKER_TRIPLE_DASH,,0,selected_zero_not_shown,0,true
MakeAR,22,322,58,621,---,MARKER_TRIPLE_DASH,,0,selected_zero_not_shown,0,true
MakeAR,22,322,59,622,---,MARKER_TRIPLE_DASH,,0,selected_zero_not_shown,0,true
MakeAR,22,322,60,623,---,MARKER_TRIPLE_DASH,,0,selected_zero_not_shown,0,true
MakeAR,22,322,61,624,---,MARKER_TRIPLE_DASH,,0,selected_zero_not_shown,0,true
MakeAR,22,322,62,711AS,---,MARKER_TRIPLE_DASH,,0,selected_zero_not_shown,0,true
MakeAR,22,322,63,713,---,MARKER_TRIPLE_DASH,,0,selected_zero_not_shown,0,true
MakeAR,22,322,64,721,---,MARKER_TRIPLE_DASH,,0,selected_zero_not_shown,0,true
MakeAR,22,322,65,722,---,MARKER_TRIPLE_DASH,,0,selected_zero_not_shown,0,true
MakeAR,22,322,66,81,---,MARKER_TRIPLE_DASH,,0,selected_zero_not_shown,0,true
MakeAR,22,322,67,GFGD,---,MARKER_TRIPLE_DASH,,0,selected_zero_not_shown,0,true
MakeAR,22,322,68,GFGN,---,MARKER_TRIPLE_DASH,,0,selected_zero_not_shown,0,true
MakeAR,22,322,69,GFE,---,MARKER_TRIPLE_DASH,,0,selected_zero_not_shown,0,true
MakeAR,22,322,70,GSLG,---,MARKER_TRIPLE_DASH,,0,selected_zero_not_shown,0,true
MakeAR,22,322,71,GSLE,---,MARKER_TRIPLE_DASH,,0,selected_zero_not_shown,0,true
MakeAR,22,322,72,Used,576,NONZERO_INTEGER,576,576,numeric,576,true
MakeAR,22,322,73,Other,---,MARKER_TRIPLE_DASH,,0,selected_zero_not_shown,0,true
MakeAR,23,323,1,111CA,---,MARKER_TRIPLE_DASH,,0,selected_zero_not_shown,0,true
MakeAR,23,323,2,113FF,---,MARKER_TRIPLE_DASH,,0,selected_zero_not_shown,0,true
MakeAR,23,323,3,211,---,MARKER_TRIPLE_DASH,,0,selected_zero_not_shown,0,true
MakeAR,23,323,4,212,---,MARKER_TRIPLE_DASH,,0,selected_zero_not_shown,0,true
MakeAR,23,323,5,213,---,MARKER_TRIPLE_DASH,,0,selected_zero_not_shown,0,true
MakeAR,23,323,6,22,---,MARKER_TRIPLE_DASH,,0,selected_zero_not_shown,0,true
MakeAR,23,323,7,23,---,MARKER_TRIPLE_DASH,,0,selected_zero_not_shown,0,true
MakeAR,23,323,8,321,19,NONZERO_INTEGER,19,19,numeric,19,true
MakeAR,23,323,9,327,---,MARKER_TRIPLE_DASH,,0,selected_zero_not_shown,0,true
MakeAR,23,323,10,331,---,MARKER_TRIPLE_DASH,,0,selected_zero_not_shown,0,true
MakeAR,23,323,11,332,128,NONZERO_INTEGER,128,128,numeric,128,true
MakeAR,23,323,12,333,90,NONZERO_INTEGER,90,90,numeric,90,true
MakeAR,23,323,13,334,11,NONZERO_INTEGER,11,11,numeric,11,true
MakeAR,23,323,14,335,12,NONZERO_INTEGER,12,12,numeric,12,true
MakeAR,23,323,15,3361MV,---,MARKER_TRIPLE_DASH,,0,selected_zero_not_shown,0,true
MakeAR,23,323,16,3364OT,---,MARKER_TRIPLE_DASH,,0,selected_zero_not_shown,0,true
MakeAR,23,323,17,337,19,NONZERO_INTEGER,19,19,numeric,19,true
MakeAR,23,323,18,339,748,NONZERO_INTEGER,748,748,numeric,748,true
MakeAR,23,323,19,311FT,---,MARKER_TRIPLE_DASH,,0,selected_zero_not_shown,0,true
MakeAR,23,323,20,313TT,640,NONZERO_INTEGER,640,640,numeric,640,true
MakeAR,23,323,21,315AL,9,NONZERO_INTEGER,9,9,numeric,9,true
MakeAR,23,323,22,322,655,NONZERO_INTEGER,655,655,numeric,655,true
MakeAR,23,323,23,323,"71,081",NONZERO_INTEGER,71081,71081,numeric,71081,true
MakeAR,23,323,24,324,---,MARKER_TRIPLE_DASH,,0,selected_zero_not_shown,0,true
MakeAR,23,323,25,325,---,MARKER_TRIPLE_DASH,,0,selected_zero_not_shown,0,true
MakeAR,23,323,26,326,215,NONZERO_INTEGER,215,215,numeric,215,true
MakeAR,23,323,27,42,---,MARKER_TRIPLE_DASH,,0,selected_zero_not_shown,0,true
MakeAR,23,323,28,441,---,MARKER_TRIPLE_DASH,,0,selected_zero_not_shown,0,true
MakeAR,23,323,29,445,---,MARKER_TRIPLE_DASH,,0,selected_zero_not_shown,0,true
MakeAR,23,323,30,452,---,MARKER_TRIPLE_DASH,,0,selected_zero_not_shown,0,true
MakeAR,23,323,31,4A0,---,MARKER_TRIPLE_DASH,,0,selected_zero_not_shown,0,true
MakeAR,23,323,32,481,---,MARKER_TRIPLE_DASH,,0,selected_zero_not_shown,0,true
MakeAR,23,323,33,482,---,MARKER_TRIPLE_DASH,,0,selected_zero_not_shown,0,true
MakeAR,23,323,34,483,---,MARKER_TRIPLE_DASH,,0,selected_zero_not_shown,0,true
MakeAR,23,323,35,484,---,MARKER_TRIPLE_DASH,,0,selected_zero_not_shown,0,true
MakeAR,23,323,36,485,---,MARKER_TRIPLE_DASH,,0,selected_zero_not_shown,0,true
MakeAR,23,323,37,486,---,MARKER_TRIPLE_DASH,,0,selected_zero_not_shown,0,true
MakeAR,23,323,38,487OS,---,MARKER_TRIPLE_DASH,,0,selected_zero_not_shown,0,true
MakeAR,23,323,39,493,---,MARKER_TRIPLE_DASH,,0,selected_zero_not_shown,0,true
MakeAR,23,323,40,511,---,MARKER_TRIPLE_DASH,,0,selected_zero_not_shown,0,true
MakeAR,23,323,41,512,---,MARKER_TRIPLE_DASH,,0,selected_zero_not_shown,0,true
MakeAR,23,323,42,513,---,MARKER_TRIPLE_DASH,,0,selected_zero_not_shown,0,true
MakeAR,23,323,43,514,---,MARKER_TRIPLE_DASH,,0,selected_zero_not_shown,0,true
MakeAR,23,323,44,521CI,---,MARKER_TRIPLE_DASH,,0,selected_zero_not_shown,0,true
MakeAR,23,323,45,523,---,MARKER_TRIPLE_DASH,,0,selected_zero_not_shown,0,true
MakeAR,23,323,46,524,---,MARKER_TRIPLE_DASH,,0,selected_zero_not_shown,0,true
MakeAR,23,323,47,525,---,MARKER_TRIPLE_DASH,,0,selected_zero_not_shown,0,true
MakeAR,23,323,48,HS,---,MARKER_TRIPLE_DASH,,0,selected_zero_not_shown,0,true
MakeAR,23,323,49,ORE,---,MARKER_TRIPLE_DASH,,0,selected_zero_not_shown,0,true
MakeAR,23,323,50,532RL,---,MARKER_TRIPLE_DASH,,0,selected_zero_not_shown,0,true
MakeAR,23,323,51,5411,---,MARKER_TRIPLE_DASH,,0,selected_zero_not_shown,0,true
MakeAR,23,323,52,5415,---,MARKER_TRIPLE_DASH,,0,selected_zero_not_shown,0,true
MakeAR,23,323,53,5412OP,"15,434",NONZERO_INTEGER,15434,15434,numeric,15434,true
MakeAR,23,323,54,55,---,MARKER_TRIPLE_DASH,,0,selected_zero_not_shown,0,true
MakeAR,23,323,55,561,294,NONZERO_INTEGER,294,294,numeric,294,true
MakeAR,23,323,56,562,---,MARKER_TRIPLE_DASH,,0,selected_zero_not_shown,0,true
MakeAR,23,323,57,61,---,MARKER_TRIPLE_DASH,,0,selected_zero_not_shown,0,true
MakeAR,23,323,58,621,---,MARKER_TRIPLE_DASH,,0,selected_zero_not_shown,0,true
MakeAR,23,323,59,622,---,MARKER_TRIPLE_DASH,,0,selected_zero_not_shown,0,true
MakeAR,23,323,60,623,---,MARKER_TRIPLE_DASH,,0,selected_zero_not_shown,0,true
MakeAR,23,323,61,624,---,MARKER_TRIPLE_DASH,,0,selected_zero_not_shown,0,true
MakeAR,23,323,62,711AS,---,MARKER_TRIPLE_DASH,,0,selected_zero_not_shown,0,true
MakeAR,23,323,63,713,---,MARKER_TRIPLE_DASH,,0,selected_zero_not_shown,0,true
MakeAR,23,323,64,721,---,MARKER_TRIPLE_DASH,,0,selected_zero_not_shown,0,true
MakeAR,23,323,65,722,---,MARKER_TRIPLE_DASH,,0,selected_zero_not_shown,0,true
MakeAR,23,323,66,81,---,MARKER_TRIPLE_DASH,,0,selected_zero_not_shown,0,true
MakeAR,23,323,67,GFGD,---,MARKER_TRIPLE_DASH,,0,selected_zero_not_shown,0,true
MakeAR,23,323,68,GFGN,---,MARKER_TRIPLE_DASH,,0,selected_zero_not_shown,0,true
MakeAR,23,323,69,GFE,---,MARKER_TRIPLE_DASH,,0,selected_zero_not_shown,0,true
MakeAR,23,323,70,GSLG,---,MARKER_TRIPLE_DASH,,0,selected_zero_not_shown,0,true
MakeAR,23,323,71,GSLE,---,MARKER_TRIPLE_DASH,,0,selected_zero_not_shown,0,true
MakeAR,23,323,72,Used,172,NONZERO_INTEGER,172,172,numeric,172,true
MakeAR,23,323,73,Other,---,MARKER_TRIPLE_DASH,,0,selected_zero_not_shown,0,true
MakeAR,24,324,1,111CA,---,MARKER_TRIPLE_DASH,,0,selected_zero_not_shown,0,true
MakeAR,24,324,2,113FF,---,MARKER_TRIPLE_DASH,,0,selected_zero_not_shown,0,true
MakeAR,24,324,3,211,1,NONZERO_INTEGER,1,1,numeric,1,true
MakeAR,24,324,4,212,58,NONZERO_INTEGER,58,58,numeric,58,true
MakeAR,24,324,5,213,---,MARKER_TRIPLE_DASH,,0,selected_zero_not_shown,0,true
MakeAR,24,324,6,22,---,MARKER_TRIPLE_DASH,,0,selected_zero_not_shown,0,true
MakeAR,24,324,7,23,---,MARKER_TRIPLE_DASH,,0,selected_zero_not_shown,0,true
MakeAR,24,324,8,321,---,MARKER_TRIPLE_DASH,,0,selected_zero_not_shown,0,true
MakeAR,24,324,9,327,225,NONZERO_INTEGER,225,225,numeric,225,true
MakeAR,24,324,10,331,163,NONZERO_INTEGER,163,163,numeric,163,true
MakeAR,24,324,11,332,0,LITERAL_ZERO,0,0,numeric,0,true
MakeAR,24,324,12,333,0,LITERAL_ZERO,0,0,numeric,0,true
MakeAR,24,324,13,334,---,MARKER_TRIPLE_DASH,,0,selected_zero_not_shown,0,true
MakeAR,24,324,14,335,10,NONZERO_INTEGER,10,10,numeric,10,true
MakeAR,24,324,15,3361MV,---,MARKER_TRIPLE_DASH,,0,selected_zero_not_shown,0,true
MakeAR,24,324,16,3364OT,---,MARKER_TRIPLE_DASH,,0,selected_zero_not_shown,0,true
MakeAR,24,324,17,337,---,MARKER_TRIPLE_DASH,,0,selected_zero_not_shown,0,true
MakeAR,24,324,18,339,---,MARKER_TRIPLE_DASH,,0,selected_zero_not_shown,0,true
MakeAR,24,324,19,311FT,---,MARKER_TRIPLE_DASH,,0,selected_zero_not_shown,0,true
MakeAR,24,324,20,313TT,0,LITERAL_ZERO,0,0,numeric,0,true
MakeAR,24,324,21,315AL,---,MARKER_TRIPLE_DASH,,0,selected_zero_not_shown,0,true
MakeAR,24,324,22,322,0,LITERAL_ZERO,0,0,numeric,0,true
MakeAR,24,324,23,323,---,MARKER_TRIPLE_DASH,,0,selected_zero_not_shown,0,true
MakeAR,24,324,24,324,"614,223",NONZERO_INTEGER,614223,614223,numeric,614223,true
MakeAR,24,324,25,325,"24,567",NONZERO_INTEGER,24567,24567,numeric,24567,true
MakeAR,24,324,26,326,0,LITERAL_ZERO,0,0,numeric,0,true
MakeAR,24,324,27,42,---,MARKER_TRIPLE_DASH,,0,selected_zero_not_shown,0,true
MakeAR,24,324,28,441,---,MARKER_TRIPLE_DASH,,0,selected_zero_not_shown,0,true
MakeAR,24,324,29,445,---,MARKER_TRIPLE_DASH,,0,selected_zero_not_shown,0,true
MakeAR,24,324,30,452,---,MARKER_TRIPLE_DASH,,0,selected_zero_not_shown,0,true
MakeAR,24,324,31,4A0,---,MARKER_TRIPLE_DASH,,0,selected_zero_not_shown,0,true
MakeAR,24,324,32,481,---,MARKER_TRIPLE_DASH,,0,selected_zero_not_shown,0,true
MakeAR,24,324,33,482,---,MARKER_TRIPLE_DASH,,0,selected_zero_not_shown,0,true
MakeAR,24,324,34,483,---,MARKER_TRIPLE_DASH,,0,selected_zero_not_shown,0,true
MakeAR,24,324,35,484,---,MARKER_TRIPLE_DASH,,0,selected_zero_not_shown,0,true
MakeAR,24,324,36,485,---,MARKER_TRIPLE_DASH,,0,selected_zero_not_shown,0,true
MakeAR,24,324,37,486,---,MARKER_TRIPLE_DASH,,0,selected_zero_not_shown,0,true
MakeAR,24,324,38,487OS,---,MARKER_TRIPLE_DASH,,0,selected_zero_not_shown,0,true
MakeAR,24,324,39,493,---,MARKER_TRIPLE_DASH,,0,selected_zero_not_shown,0,true
MakeAR,24,324,40,511,---,MARKER_TRIPLE_DASH,,0,selected_zero_not_shown,0,true
MakeAR,24,324,41,512,---,MARKER_TRIPLE_DASH,,0,selected_zero_not_shown,0,true
MakeAR,24,324,42,513,---,MARKER_TRIPLE_DASH,,0,selected_zero_not_shown,0,true
MakeAR,24,324,43,514,---,MARKER_TRIPLE_DASH,,0,selected_zero_not_shown,0,true
MakeAR,24,324,44,521CI,---,MARKER_TRIPLE_DASH,,0,selected_zero_not_shown,0,true
MakeAR,24,324,45,523,---,MARKER_TRIPLE_DASH,,0,selected_zero_not_shown,0,true
MakeAR,24,324,46,524,---,MARKER_TRIPLE_DASH,,0,selected_zero_not_shown,0,true
MakeAR,24,324,47,525,---,MARKER_TRIPLE_DASH,,0,selected_zero_not_shown,0,true
MakeAR,24,324,48,HS,---,MARKER_TRIPLE_DASH,,0,selected_zero_not_shown,0,true
MakeAR,24,324,49,ORE,---,MARKER_TRIPLE_DASH,,0,selected_zero_not_shown,0,true
MakeAR,24,324,50,532RL,---,MARKER_TRIPLE_DASH,,0,selected_zero_not_shown,0,true
MakeAR,24,324,51,5411,---,MARKER_TRIPLE_DASH,,0,selected_zero_not_shown,0,true
MakeAR,24,324,52,5415,---,MARKER_TRIPLE_DASH,,0,selected_zero_not_shown,0,true
MakeAR,24,324,53,5412OP,---,MARKER_TRIPLE_DASH,,0,selected_zero_not_shown,0,true
MakeAR,24,324,54,55,---,MARKER_TRIPLE_DASH,,0,selected_zero_not_shown,0,true
MakeAR,24,324,55,561,---,MARKER_TRIPLE_DASH,,0,selected_zero_not_shown,0,true
MakeAR,24,324,56,562,---,MARKER_TRIPLE_DASH,,0,selected_zero_not_shown,0,true
MakeAR,24,324,57,61,---,MARKER_TRIPLE_DASH,,0,selected_zero_not_shown,0,true
MakeAR,24,324,58,621,---,MARKER_TRIPLE_DASH,,0,selected_zero_not_shown,0,true
MakeAR,24,324,59,622,---,MARKER_TRIPLE_DASH,,0,selected_zero_not_shown,0,true
MakeAR,24,324,60,623,---,MARKER_TRIPLE_DASH,,0,selected_zero_not_shown,0,true
MakeAR,24,324,61,624,---,MARKER_TRIPLE_DASH,,0,selected_zero_not_shown,0,true
MakeAR,24,324,62,711AS,---,MARKER_TRIPLE_DASH,,0,selected_zero_not_shown,0,true
MakeAR,24,324,63,713,---,MARKER_TRIPLE_DASH,,0,selected_zero_not_shown,0,true
MakeAR,24,324,64,721,---,MARKER_TRIPLE_DASH,,0,selected_zero_not_shown,0,true
MakeAR,24,324,65,722,---,MARKER_TRIPLE_DASH,,0,selected_zero_not_shown,0,true
MakeAR,24,324,66,81,---,MARKER_TRIPLE_DASH,,0,selected_zero_not_shown,0,true
MakeAR,24,324,67,GFGD,---,MARKER_TRIPLE_DASH,,0,selected_zero_not_shown,0,true
MakeAR,24,324,68,GFGN,---,MARKER_TRIPLE_DASH,,0,selected_zero_not_shown,0,true
MakeAR,24,324,69,GFE,---,MARKER_TRIPLE_DASH,,0,selected_zero_not_shown,0,true
MakeAR,24,324,70,GSLG,---,MARKER_TRIPLE_DASH,,0,selected_zero_not_shown,0,true
MakeAR,24,324,71,GSLE,---,MARKER_TRIPLE_DASH,,0,selected_zero_not_shown,0,true
MakeAR,24,324,72,Used,---,MARKER_TRIPLE_DASH,,0,selected_zero_not_shown,0,true
MakeAR,24,324,73,Other,---,MARKER_TRIPLE_DASH,,0,selected_zero_not_shown,0,true
MakeAR,25,325,1,111CA,---,MARKER_TRIPLE_DASH,,0,selected_zero_not_shown,0,true
MakeAR,25,325,2,113FF,---,MARKER_TRIPLE_DASH,,0,selected_zero_not_shown,0,true
MakeAR,25,325,3,211,---,MARKER_TRIPLE_DASH,,0,selected_zero_not_shown,0,true
MakeAR,25,325,4,212,0,LITERAL_ZERO,0,0,numeric,0,true
MakeAR,25,325,5,213,---,MARKER_TRIPLE_DASH,,0,selected_zero_not_shown,0,true
MakeAR,25,325,6,22,---,MARKER_TRIPLE_DASH,,0,selected_zero_not_shown,0,true
MakeAR,25,325,7,23,---,MARKER_TRIPLE_DASH,,0,selected_zero_not_shown,0,true
MakeAR,25,325,8,321,3,NONZERO_INTEGER,3,3,numeric,3,true
MakeAR,25,325,9,327,125,NONZERO_INTEGER,125,125,numeric,125,true
MakeAR,25,325,10,331,4,NONZERO_INTEGER,4,4,numeric,4,true
MakeAR,25,325,11,332,52,NONZERO_INTEGER,52,52,numeric,52,true
MakeAR,25,325,12,333,150,NONZERO_INTEGER,150,150,numeric,150,true
MakeAR,25,325,13,334,"1,461",NONZERO_INTEGER,1461,1461,numeric,1461,true
MakeAR,25,325,14,335,115,NONZERO_INTEGER,115,115,numeric,115,true
MakeAR,25,325,15,3361MV,1,NONZERO_INTEGER,1,1,numeric,1,true
MakeAR,25,325,16,3364OT,0,LITERAL_ZERO,0,0,numeric,0,true
MakeAR,25,325,17,337,---,MARKER_TRIPLE_DASH,,0,selected_zero_not_shown,0,true
MakeAR,25,325,18,339,"1,662",NONZERO_INTEGER,1662,1662,numeric,1662,true
MakeAR,25,325,19,311FT,"13,733",NONZERO_INTEGER,13733,13733,numeric,13733,true
MakeAR,25,325,20,313TT,2,NONZERO_INTEGER,2,2,numeric,2,true
MakeAR,25,325,21,315AL,227,NONZERO_INTEGER,227,227,numeric,227,true
MakeAR,25,325,22,322,101,NONZERO_INTEGER,101,101,numeric,101,true
MakeAR,25,325,23,323,0,LITERAL_ZERO,0,0,numeric,0,true
MakeAR,25,325,24,324,"10,228",NONZERO_INTEGER,10228,10228,numeric,10228,true
MakeAR,25,325,25,325,"875,871",NONZERO_INTEGER,875871,875871,numeric,875871,true
MakeAR,25,325,26,326,"3,098",NONZERO_INTEGER,3098,3098,numeric,3098,true
MakeAR,25,325,27,42,---,MARKER_TRIPLE_DASH,,0,selected_zero_not_shown,0,true
MakeAR,25,325,28,441,---,MARKER_TRIPLE_DASH,,0,selected_zero_not_shown,0,true
MakeAR,25,325,29,445,---,MARKER_TRIPLE_DASH,,0,selected_zero_not_shown,0,true
MakeAR,25,325,30,452,---,MARKER_TRIPLE_DASH,,0,selected_zero_not_shown,0,true
MakeAR,25,325,31,4A0,---,MARKER_TRIPLE_DASH,,0,selected_zero_not_shown,0,true
MakeAR,25,325,32,481,---,MARKER_TRIPLE_DASH,,0,selected_zero_not_shown,0,true
MakeAR,25,325,33,482,---,MARKER_TRIPLE_DASH,,0,selected_zero_not_shown,0,true
MakeAR,25,325,34,483,---,MARKER_TRIPLE_DASH,,0,selected_zero_not_shown,0,true
MakeAR,25,325,35,484,---,MARKER_TRIPLE_DASH,,0,selected_zero_not_shown,0,true
MakeAR,25,325,36,485,---,MARKER_TRIPLE_DASH,,0,selected_zero_not_shown,0,true
MakeAR,25,325,37,486,---,MARKER_TRIPLE_DASH,,0,selected_zero_not_shown,0,true
MakeAR,25,325,38,487OS,---,MARKER_TRIPLE_DASH,,0,selected_zero_not_shown,0,true
MakeAR,25,325,39,493,---,MARKER_TRIPLE_DASH,,0,selected_zero_not_shown,0,true
MakeAR,25,325,40,511,---,MARKER_TRIPLE_DASH,,0,selected_zero_not_shown,0,true
MakeAR,25,325,41,512,---,MARKER_TRIPLE_DASH,,0,selected_zero_not_shown,0,true
MakeAR,25,325,42,513,---,MARKER_TRIPLE_DASH,,0,selected_zero_not_shown,0,true
MakeAR,25,325,43,514,---,MARKER_TRIPLE_DASH,,0,selected_zero_not_shown,0,true
MakeAR,25,325,44,521CI,---,MARKER_TRIPLE_DASH,,0,selected_zero_not_shown,0,true
MakeAR,25,325,45,523,---,MARKER_TRIPLE_DASH,,0,selected_zero_not_shown,0,true
MakeAR,25,325,46,524,---,MARKER_TRIPLE_DASH,,0,selected_zero_not_shown,0,true
MakeAR,25,325,47,525,---,MARKER_TRIPLE_DASH,,0,selected_zero_not_shown,0,true
MakeAR,25,325,48,HS,---,MARKER_TRIPLE_DASH,,0,selected_zero_not_shown,0,true
MakeAR,25,325,49,ORE,---,MARKER_TRIPLE_DASH,,0,selected_zero_not_shown,0,true
MakeAR,25,325,50,532RL,---,MARKER_TRIPLE_DASH,,0,selected_zero_not_shown,0,true
MakeAR,25,325,51,5411,---,MARKER_TRIPLE_DASH,,0,selected_zero_not_shown,0,true
MakeAR,25,325,52,5415,---,MARKER_TRIPLE_DASH,,0,selected_zero_not_shown,0,true
MakeAR,25,325,53,5412OP,0,LITERAL_ZERO,0,0,numeric,0,true
MakeAR,25,325,54,55,---,MARKER_TRIPLE_DASH,,0,selected_zero_not_shown,0,true
MakeAR,25,325,55,561,---,MARKER_TRIPLE_DASH,,0,selected_zero_not_shown,0,true
MakeAR,25,325,56,562,---,MARKER_TRIPLE_DASH,,0,selected_zero_not_shown,0,true
MakeAR,25,325,57,61,---,MARKER_TRIPLE_DASH,,0,selected_zero_not_shown,0,true
MakeAR,25,325,58,621,---,MARKER_TRIPLE_DASH,,0,selected_zero_not_shown,0,true
MakeAR,25,325,59,622,---,MARKER_TRIPLE_DASH,,0,selected_zero_not_shown,0,true
MakeAR,25,325,60,623,---,MARKER_TRIPLE_DASH,,0,selected_zero_not_shown,0,true
MakeAR,25,325,61,624,---,MARKER_TRIPLE_DASH,,0,selected_zero_not_shown,0,true
MakeAR,25,325,62,711AS,---,MARKER_TRIPLE_DASH,,0,selected_zero_not_shown,0,true
MakeAR,25,325,63,713,---,MARKER_TRIPLE_DASH,,0,selected_zero_not_shown,0,true
MakeAR,25,325,64,721,---,MARKER_TRIPLE_DASH,,0,selected_zero_not_shown,0,true
MakeAR,25,325,65,722,---,MARKER_TRIPLE_DASH,,0,selected_zero_not_shown,0,true
MakeAR,25,325,66,81,---,MARKER_TRIPLE_DASH,,0,selected_zero_not_shown,0,true
MakeAR,25,325,67,GFGD,---,MARKER_TRIPLE_DASH,,0,selected_zero_not_shown,0,true
MakeAR,25,325,68,GFGN,---,MARKER_TRIPLE_DASH,,0,selected_zero_not_shown,0,true
MakeAR,25,325,69,GFE,---,MARKER_TRIPLE_DASH,,0,selected_zero_not_shown,0,true
MakeAR,25,325,70,GSLG,---,MARKER_TRIPLE_DASH,,0,selected_zero_not_shown,0,true
MakeAR,25,325,71,GSLE,---,MARKER_TRIPLE_DASH,,0,selected_zero_not_shown,0,true
MakeAR,25,325,72,Used,---,MARKER_TRIPLE_DASH,,0,selected_zero_not_shown,0,true
MakeAR,25,325,73,Other,---,MARKER_TRIPLE_DASH,,0,selected_zero_not_shown,0,true
MakeAR,26,326,1,111CA,---,MARKER_TRIPLE_DASH,,0,selected_zero_not_shown,0,true
MakeAR,26,326,2,113FF,---,MARKER_TRIPLE_DASH,,0,selected_zero_not_shown,0,true
MakeAR,26,326,3,211,---,MARKER_TRIPLE_DASH,,0,selected_zero_not_shown,0,true
MakeAR,26,326,4,212,---,MARKER_TRIPLE_DASH,,0,selected_zero_not_shown,0,true
MakeAR,26,326,5,213,---,MARKER_TRIPLE_DASH,,0,selected_zero_not_shown,0,true
MakeAR,26,326,6,22,---,MARKER_TRIPLE_DASH,,0,selected_zero_not_shown,0,true
MakeAR,26,326,7,23,---,MARKER_TRIPLE_DASH,,0,selected_zero_not_shown,0,true
MakeAR,26,326,8,321,214,NONZERO_INTEGER,214,214,numeric,214,true
MakeAR,26,326,9,327,102,NONZERO_INTEGER,102,102,numeric,102,true
MakeAR,26,326,10,331,6,NONZERO_INTEGER,6,6,numeric,6,true
MakeAR,26,326,11,332,556,NONZERO_INTEGER,556,556,numeric,556,true
MakeAR,26,326,12,333,342,NONZERO_INTEGER,342,342,numeric,342,true
MakeAR,26,326,13,334,241,NONZERO_INTEGER,241,241,numeric,241,true
MakeAR,26,326,14,335,374,NONZERO_INTEGER,374,374,numeric,374,true
MakeAR,26,326,15,3361MV,"1,284",NONZERO_INTEGER,1284,1284,numeric,1284,true
MakeAR,26,326,16,3364OT,112,NONZERO_INTEGER,112,112,numeric,112,true
MakeAR,26,326,17,337,259,NONZERO_INTEGER,259,259,numeric,259,true
MakeAR,26,326,18,339,"1,583",NONZERO_INTEGER,1583,1583,numeric,1583,true
MakeAR,26,326,19,311FT,---,MARKER_TRIPLE_DASH,,0,selected_zero_not_shown,0,true
MakeAR,26,326,20,313TT,"1,413",NONZERO_INTEGER,1413,1413,numeric,1413,true
MakeAR,26,326,21,315AL,0,LITERAL_ZERO,0,0,numeric,0,true
MakeAR,26,326,22,322,818,NONZERO_INTEGER,818,818,numeric,818,true
MakeAR,26,326,23,323,49,NONZERO_INTEGER,49,49,numeric,49,true
MakeAR,26,326,24,324,2,NONZERO_INTEGER,2,2,numeric,2,true
MakeAR,26,326,25,325,"1,968",NONZERO_INTEGER,1968,1968,numeric,1968,true
MakeAR,26,326,26,326,"283,975",NONZERO_INTEGER,283975,283975,numeric,283975,true
MakeAR,26,326,27,42,---,MARKER_TRIPLE_DASH,,0,selected_zero_not_shown,0,true
MakeAR,26,326,28,441,---,MARKER_TRIPLE_DASH,,0,selected_zero_not_shown,0,true
MakeAR,26,326,29,445,---,MARKER_TRIPLE_DASH,,0,selected_zero_not_shown,0,true
MakeAR,26,326,30,452,---,MARKER_TRIPLE_DASH,,0,selected_zero_not_shown,0,true
MakeAR,26,326,31,4A0,---,MARKER_TRIPLE_DASH,,0,selected_zero_not_shown,0,true
MakeAR,26,326,32,481,---,MARKER_TRIPLE_DASH,,0,selected_zero_not_shown,0,true
MakeAR,26,326,33,482,---,MARKER_TRIPLE_DASH,,0,selected_zero_not_shown,0,true
MakeAR,26,326,34,483,---,MARKER_TRIPLE_DASH,,0,selected_zero_not_shown,0,true
MakeAR,26,326,35,484,---,MARKER_TRIPLE_DASH,,0,selected_zero_not_shown,0,true
MakeAR,26,326,36,485,---,MARKER_TRIPLE_DASH,,0,selected_zero_not_shown,0,true
MakeAR,26,326,37,486,---,MARKER_TRIPLE_DASH,,0,selected_zero_not_shown,0,true
MakeAR,26,326,38,487OS,---,MARKER_TRIPLE_DASH,,0,selected_zero_not_shown,0,true
MakeAR,26,326,39,493,---,MARKER_TRIPLE_DASH,,0,selected_zero_not_shown,0,true
MakeAR,26,326,40,511,---,MARKER_TRIPLE_DASH,,0,selected_zero_not_shown,0,true
MakeAR,26,326,41,512,---,MARKER_TRIPLE_DASH,,0,selected_zero_not_shown,0,true
MakeAR,26,326,42,513,---,MARKER_TRIPLE_DASH,,0,selected_zero_not_shown,0,true
MakeAR,26,326,43,514,---,MARKER_TRIPLE_DASH,,0,selected_zero_not_shown,0,true
MakeAR,26,326,44,521CI,---,MARKER_TRIPLE_DASH,,0,selected_zero_not_shown,0,true
MakeAR,26,326,45,523,---,MARKER_TRIPLE_DASH,,0,selected_zero_not_shown,0,true
MakeAR,26,326,46,524,---,MARKER_TRIPLE_DASH,,0,selected_zero_not_shown,0,true
MakeAR,26,326,47,525,---,MARKER_TRIPLE_DASH,,0,selected_zero_not_shown,0,true
MakeAR,26,326,48,HS,---,MARKER_TRIPLE_DASH,,0,selected_zero_not_shown,0,true
MakeAR,26,326,49,ORE,---,MARKER_TRIPLE_DASH,,0,selected_zero_not_shown,0,true
MakeAR,26,326,50,532RL,---,MARKER_TRIPLE_DASH,,0,selected_zero_not_shown,0,true
MakeAR,26,326,51,5411,---,MARKER_TRIPLE_DASH,,0,selected_zero_not_shown,0,true
MakeAR,26,326,52,5415,---,MARKER_TRIPLE_DASH,,0,selected_zero_not_shown,0,true
MakeAR,26,326,53,5412OP,81,NONZERO_INTEGER,81,81,numeric,81,true
MakeAR,26,326,54,55,---,MARKER_TRIPLE_DASH,,0,selected_zero_not_shown,0,true
MakeAR,26,326,55,561,---,MARKER_TRIPLE_DASH,,0,selected_zero_not_shown,0,true
MakeAR,26,326,56,562,---,MARKER_TRIPLE_DASH,,0,selected_zero_not_shown,0,true
MakeAR,26,326,57,61,---,MARKER_TRIPLE_DASH,,0,selected_zero_not_shown,0,true
MakeAR,26,326,58,621,---,MARKER_TRIPLE_DASH,,0,selected_zero_not_shown,0,true
MakeAR,26,326,59,622,---,MARKER_TRIPLE_DASH,,0,selected_zero_not_shown,0,true
MakeAR,26,326,60,623,---,MARKER_TRIPLE_DASH,,0,selected_zero_not_shown,0,true
MakeAR,26,326,61,624,---,MARKER_TRIPLE_DASH,,0,selected_zero_not_shown,0,true
MakeAR,26,326,62,711AS,---,MARKER_TRIPLE_DASH,,0,selected_zero_not_shown,0,true
MakeAR,26,326,63,713,---,MARKER_TRIPLE_DASH,,0,selected_zero_not_shown,0,true
MakeAR,26,326,64,721,---,MARKER_TRIPLE_DASH,,0,selected_zero_not_shown,0,true
MakeAR,26,326,65,722,---,MARKER_TRIPLE_DASH,,0,selected_zero_not_shown,0,true
MakeAR,26,326,66,81,---,MARKER_TRIPLE_DASH,,0,selected_zero_not_shown,0,true
MakeAR,26,326,67,GFGD,---,MARKER_TRIPLE_DASH,,0,selected_zero_not_shown,0,true
MakeAR,26,326,68,GFGN,---,MARKER_TRIPLE_DASH,,0,selected_zero_not_shown,0,true
MakeAR,26,326,69,GFE,---,MARKER_TRIPLE_DASH,,0,selected_zero_not_shown,0,true
MakeAR,26,326,70,GSLG,---,MARKER_TRIPLE_DASH,,0,selected_zero_not_shown,0,true
MakeAR,26,326,71,GSLE,---,MARKER_TRIPLE_DASH,,0,selected_zero_not_shown,0,true
MakeAR,26,326,72,Used,281,NONZERO_INTEGER,281,281,numeric,281,true
MakeAR,26,326,73,Other,---,MARKER_TRIPLE_DASH,,0,selected_zero_not_shown,0,true
MakeAR,27,42,1,111CA,---,MARKER_TRIPLE_DASH,,0,selected_zero_not_shown,0,true
MakeAR,27,42,2,113FF,---,MARKER_TRIPLE_DASH,,0,selected_zero_not_shown,0,true
MakeAR,27,42,3,211,---,MARKER_TRIPLE_DASH,,0,selected_zero_not_shown,0,true
MakeAR,27,42,4,212,---,MARKER_TRIPLE_DASH,,0,selected_zero_not_shown,0,true
MakeAR,27,42,5,213,---,MARKER_TRIPLE_DASH,,0,selected_zero_not_shown,0,true
MakeAR,27,42,6,22,---,MARKER_TRIPLE_DASH,,0,selected_zero_not_shown,0,true
MakeAR,27,42,7,23,---,MARKER_TRIPLE_DASH,,0,selected_zero_not_shown,0,true
MakeAR,27,42,8,321,---,MARKER_TRIPLE_DASH,,0,selected_zero_not_shown,0,true
MakeAR,27,42,9,327,---,MARKER_TRIPLE_DASH,,0,selected_zero_not_shown,0,true
MakeAR,27,42,10,331,---,MARKER_TRIPLE_DASH,,0,selected_zero_not_shown,0,true
MakeAR,27,42,11,332,---,MARKER_TRIPLE_DASH,,0,selected_zero_not_shown,0,true
MakeAR,27,42,12,333,---,MARKER_TRIPLE_DASH,,0,selected_zero_not_shown,0,true
MakeAR,27,42,13,334,---,MARKER_TRIPLE_DASH,,0,selected_zero_not_shown,0,true
MakeAR,27,42,14,335,---,MARKER_TRIPLE_DASH,,0,selected_zero_not_shown,0,true
MakeAR,27,42,15,3361MV,---,MARKER_TRIPLE_DASH,,0,selected_zero_not_shown,0,true
MakeAR,27,42,16,3364OT,---,MARKER_TRIPLE_DASH,,0,selected_zero_not_shown,0,true
MakeAR,27,42,17,337,---,MARKER_TRIPLE_DASH,,0,selected_zero_not_shown,0,true
MakeAR,27,42,18,339,---,MARKER_TRIPLE_DASH,,0,selected_zero_not_shown,0,true
MakeAR,27,42,19,311FT,---,MARKER_TRIPLE_DASH,,0,selected_zero_not_shown,0,true
MakeAR,27,42,20,313TT,---,MARKER_TRIPLE_DASH,,0,selected_zero_not_shown,0,true
MakeAR,27,42,21,315AL,---,MARKER_TRIPLE_DASH,,0,selected_zero_not_shown,0,true
MakeAR,27,42,22,322,---,MARKER_TRIPLE_DASH,,0,selected_zero_not_shown,0,true
MakeAR,27,42,23,323,---,MARKER_TRIPLE_DASH,,0,selected_zero_not_shown,0,true
MakeAR,27,42,24,324,---,MARKER_TRIPLE_DASH,,0,selected_zero_not_shown,0,true
MakeAR,27,42,25,325,---,MARKER_TRIPLE_DASH,,0,selected_zero_not_shown,0,true
MakeAR,27,42,26,326,---,MARKER_TRIPLE_DASH,,0,selected_zero_not_shown,0,true
MakeAR,27,42,27,42,"2,878,927",NONZERO_INTEGER,2878927,2878927,numeric,2878927,true
MakeAR,27,42,28,441,---,MARKER_TRIPLE_DASH,,0,selected_zero_not_shown,0,true
MakeAR,27,42,29,445,---,MARKER_TRIPLE_DASH,,0,selected_zero_not_shown,0,true
MakeAR,27,42,30,452,---,MARKER_TRIPLE_DASH,,0,selected_zero_not_shown,0,true
MakeAR,27,42,31,4A0,---,MARKER_TRIPLE_DASH,,0,selected_zero_not_shown,0,true
MakeAR,27,42,32,481,---,MARKER_TRIPLE_DASH,,0,selected_zero_not_shown,0,true
MakeAR,27,42,33,482,---,MARKER_TRIPLE_DASH,,0,selected_zero_not_shown,0,true
MakeAR,27,42,34,483,---,MARKER_TRIPLE_DASH,,0,selected_zero_not_shown,0,true
MakeAR,27,42,35,484,---,MARKER_TRIPLE_DASH,,0,selected_zero_not_shown,0,true
MakeAR,27,42,36,485,---,MARKER_TRIPLE_DASH,,0,selected_zero_not_shown,0,true
MakeAR,27,42,37,486,---,MARKER_TRIPLE_DASH,,0,selected_zero_not_shown,0,true
MakeAR,27,42,38,487OS,---,MARKER_TRIPLE_DASH,,0,selected_zero_not_shown,0,true
MakeAR,27,42,39,493,---,MARKER_TRIPLE_DASH,,0,selected_zero_not_shown,0,true
MakeAR,27,42,40,511,---,MARKER_TRIPLE_DASH,,0,selected_zero_not_shown,0,true
MakeAR,27,42,41,512,---,MARKER_TRIPLE_DASH,,0,selected_zero_not_shown,0,true
MakeAR,27,42,42,513,---,MARKER_TRIPLE_DASH,,0,selected_zero_not_shown,0,true
MakeAR,27,42,43,514,---,MARKER_TRIPLE_DASH,,0,selected_zero_not_shown,0,true
MakeAR,27,42,44,521CI,---,MARKER_TRIPLE_DASH,,0,selected_zero_not_shown,0,true
MakeAR,27,42,45,523,---,MARKER_TRIPLE_DASH,,0,selected_zero_not_shown,0,true
MakeAR,27,42,46,524,---,MARKER_TRIPLE_DASH,,0,selected_zero_not_shown,0,true
MakeAR,27,42,47,525,---,MARKER_TRIPLE_DASH,,0,selected_zero_not_shown,0,true
MakeAR,27,42,48,HS,---,MARKER_TRIPLE_DASH,,0,selected_zero_not_shown,0,true
MakeAR,27,42,49,ORE,---,MARKER_TRIPLE_DASH,,0,selected_zero_not_shown,0,true
MakeAR,27,42,50,532RL,---,MARKER_TRIPLE_DASH,,0,selected_zero_not_shown,0,true
MakeAR,27,42,51,5411,---,MARKER_TRIPLE_DASH,,0,selected_zero_not_shown,0,true
MakeAR,27,42,52,5415,---,MARKER_TRIPLE_DASH,,0,selected_zero_not_shown,0,true
MakeAR,27,42,53,5412OP,---,MARKER_TRIPLE_DASH,,0,selected_zero_not_shown,0,true
MakeAR,27,42,54,55,---,MARKER_TRIPLE_DASH,,0,selected_zero_not_shown,0,true
MakeAR,27,42,55,561,---,MARKER_TRIPLE_DASH,,0,selected_zero_not_shown,0,true
MakeAR,27,42,56,562,---,MARKER_TRIPLE_DASH,,0,selected_zero_not_shown,0,true
MakeAR,27,42,57,61,---,MARKER_TRIPLE_DASH,,0,selected_zero_not_shown,0,true
MakeAR,27,42,58,621,---,MARKER_TRIPLE_DASH,,0,selected_zero_not_shown,0,true
MakeAR,27,42,59,622,---,MARKER_TRIPLE_DASH,,0,selected_zero_not_shown,0,true
MakeAR,27,42,60,623,---,MARKER_TRIPLE_DASH,,0,selected_zero_not_shown,0,true
MakeAR,27,42,61,624,---,MARKER_TRIPLE_DASH,,0,selected_zero_not_shown,0,true
MakeAR,27,42,62,711AS,---,MARKER_TRIPLE_DASH,,0,selected_zero_not_shown,0,true
MakeAR,27,42,63,713,---,MARKER_TRIPLE_DASH,,0,selected_zero_not_shown,0,true
MakeAR,27,42,64,721,---,MARKER_TRIPLE_DASH,,0,selected_zero_not_shown,0,true
MakeAR,27,42,65,722,---,MARKER_TRIPLE_DASH,,0,selected_zero_not_shown,0,true
MakeAR,27,42,66,81,"1,336",NONZERO_INTEGER,1336,1336,numeric,1336,true
MakeAR,27,42,67,GFGD,---,MARKER_TRIPLE_DASH,,0,selected_zero_not_shown,0,true
MakeAR,27,42,68,GFGN,---,MARKER_TRIPLE_DASH,,0,selected_zero_not_shown,0,true
MakeAR,27,42,69,GFE,---,MARKER_TRIPLE_DASH,,0,selected_zero_not_shown,0,true
MakeAR,27,42,70,GSLG,---,MARKER_TRIPLE_DASH,,0,selected_zero_not_shown,0,true
MakeAR,27,42,71,GSLE,---,MARKER_TRIPLE_DASH,,0,selected_zero_not_shown,0,true
MakeAR,27,42,72,Used,---,MARKER_TRIPLE_DASH,,0,selected_zero_not_shown,0,true
MakeAR,27,42,73,Other,---,MARKER_TRIPLE_DASH,,0,selected_zero_not_shown,0,true
MakeAR,28,441,1,111CA,---,MARKER_TRIPLE_DASH,,0,selected_zero_not_shown,0,true
MakeAR,28,441,2,113FF,---,MARKER_TRIPLE_DASH,,0,selected_zero_not_shown,0,true
MakeAR,28,441,3,211,---,MARKER_TRIPLE_DASH,,0,selected_zero_not_shown,0,true
MakeAR,28,441,4,212,---,MARKER_TRIPLE_DASH,,0,selected_zero_not_shown,0,true
MakeAR,28,441,5,213,---,MARKER_TRIPLE_DASH,,0,selected_zero_not_shown,0,true
MakeAR,28,441,6,22,---,MARKER_TRIPLE_DASH,,0,selected_zero_not_shown,0,true
MakeAR,28,441,7,23,---,MARKER_TRIPLE_DASH,,0,selected_zero_not_shown,0,true
MakeAR,28,441,8,321,---,MARKER_TRIPLE_DASH,,0,selected_zero_not_shown,0,true
MakeAR,28,441,9,327,---,MARKER_TRIPLE_DASH,,0,selected_zero_not_shown,0,true
MakeAR,28,441,10,331,---,MARKER_TRIPLE_DASH,,0,selected_zero_not_shown,0,true
MakeAR,28,441,11,332,---,MARKER_TRIPLE_DASH,,0,selected_zero_not_shown,0,true
MakeAR,28,441,12,333,---,MARKER_TRIPLE_DASH,,0,selected_zero_not_shown,0,true
MakeAR,28,441,13,334,---,MARKER_TRIPLE_DASH,,0,selected_zero_not_shown,0,true
MakeAR,28,441,14,335,---,MARKER_TRIPLE_DASH,,0,selected_zero_not_shown,0,true
MakeAR,28,441,15,3361MV,---,MARKER_TRIPLE_DASH,,0,selected_zero_not_shown,0,true
MakeAR,28,441,16,3364OT,---,MARKER_TRIPLE_DASH,,0,selected_zero_not_shown,0,true
MakeAR,28,441,17,337,---,MARKER_TRIPLE_DASH,,0,selected_zero_not_shown,0,true
MakeAR,28,441,18,339,---,MARKER_TRIPLE_DASH,,0,selected_zero_not_shown,0,true
MakeAR,28,441,19,311FT,---,MARKER_TRIPLE_DASH,,0,selected_zero_not_shown,0,true
MakeAR,28,441,20,313TT,---,MARKER_TRIPLE_DASH,,0,selected_zero_not_shown,0,true
MakeAR,28,441,21,315AL,---,MARKER_TRIPLE_DASH,,0,selected_zero_not_shown,0,true
MakeAR,28,441,22,322,---,MARKER_TRIPLE_DASH,,0,selected_zero_not_shown,0,true
MakeAR,28,441,23,323,---,MARKER_TRIPLE_DASH,,0,selected_zero_not_shown,0,true
MakeAR,28,441,24,324,---,MARKER_TRIPLE_DASH,,0,selected_zero_not_shown,0,true
MakeAR,28,441,25,325,---,MARKER_TRIPLE_DASH,,0,selected_zero_not_shown,0,true
MakeAR,28,441,26,326,---,MARKER_TRIPLE_DASH,,0,selected_zero_not_shown,0,true
MakeAR,28,441,27,42,---,MARKER_TRIPLE_DASH,,0,selected_zero_not_shown,0,true
MakeAR,28,441,28,441,"479,129",NONZERO_INTEGER,479129,479129,numeric,479129,true
MakeAR,28,441,29,445,---,MARKER_TRIPLE_DASH,,0,selected_zero_not_shown,0,true
MakeAR,28,441,30,452,---,MARKER_TRIPLE_DASH,,0,selected_zero_not_shown,0,true
MakeAR,28,441,31,4A0,---,MARKER_TRIPLE_DASH,,0,selected_zero_not_shown,0,true
MakeAR,28,441,32,481,---,MARKER_TRIPLE_DASH,,0,selected_zero_not_shown,0,true
MakeAR,28,441,33,482,---,MARKER_TRIPLE_DASH,,0,selected_zero_not_shown,0,true
MakeAR,28,441,34,483,---,MARKER_TRIPLE_DASH,,0,selected_zero_not_shown,0,true
MakeAR,28,441,35,484,---,MARKER_TRIPLE_DASH,,0,selected_zero_not_shown,0,true
MakeAR,28,441,36,485,---,MARKER_TRIPLE_DASH,,0,selected_zero_not_shown,0,true
MakeAR,28,441,37,486,---,MARKER_TRIPLE_DASH,,0,selected_zero_not_shown,0,true
MakeAR,28,441,38,487OS,---,MARKER_TRIPLE_DASH,,0,selected_zero_not_shown,0,true
MakeAR,28,441,39,493,---,MARKER_TRIPLE_DASH,,0,selected_zero_not_shown,0,true
MakeAR,28,441,40,511,---,MARKER_TRIPLE_DASH,,0,selected_zero_not_shown,0,true
MakeAR,28,441,41,512,---,MARKER_TRIPLE_DASH,,0,selected_zero_not_shown,0,true
MakeAR,28,441,42,513,---,MARKER_TRIPLE_DASH,,0,selected_zero_not_shown,0,true
MakeAR,28,441,43,514,---,MARKER_TRIPLE_DASH,,0,selected_zero_not_shown,0,true
MakeAR,28,441,44,521CI,---,MARKER_TRIPLE_DASH,,0,selected_zero_not_shown,0,true
MakeAR,28,441,45,523,---,MARKER_TRIPLE_DASH,,0,selected_zero_not_shown,0,true
MakeAR,28,441,46,524,---,MARKER_TRIPLE_DASH,,0,selected_zero_not_shown,0,true
MakeAR,28,441,47,525,---,MARKER_TRIPLE_DASH,,0,selected_zero_not_shown,0,true
MakeAR,28,441,48,HS,---,MARKER_TRIPLE_DASH,,0,selected_zero_not_shown,0,true
MakeAR,28,441,49,ORE,---,MARKER_TRIPLE_DASH,,0,selected_zero_not_shown,0,true
MakeAR,28,441,50,532RL,---,MARKER_TRIPLE_DASH,,0,selected_zero_not_shown,0,true
MakeAR,28,441,51,5411,---,MARKER_TRIPLE_DASH,,0,selected_zero_not_shown,0,true
MakeAR,28,441,52,5415,---,MARKER_TRIPLE_DASH,,0,selected_zero_not_shown,0,true
MakeAR,28,441,53,5412OP,---,MARKER_TRIPLE_DASH,,0,selected_zero_not_shown,0,true
MakeAR,28,441,54,55,---,MARKER_TRIPLE_DASH,,0,selected_zero_not_shown,0,true
MakeAR,28,441,55,561,---,MARKER_TRIPLE_DASH,,0,selected_zero_not_shown,0,true
MakeAR,28,441,56,562,---,MARKER_TRIPLE_DASH,,0,selected_zero_not_shown,0,true
MakeAR,28,441,57,61,---,MARKER_TRIPLE_DASH,,0,selected_zero_not_shown,0,true
MakeAR,28,441,58,621,---,MARKER_TRIPLE_DASH,,0,selected_zero_not_shown,0,true
MakeAR,28,441,59,622,---,MARKER_TRIPLE_DASH,,0,selected_zero_not_shown,0,true
MakeAR,28,441,60,623,---,MARKER_TRIPLE_DASH,,0,selected_zero_not_shown,0,true
MakeAR,28,441,61,624,---,MARKER_TRIPLE_DASH,,0,selected_zero_not_shown,0,true
MakeAR,28,441,62,711AS,---,MARKER_TRIPLE_DASH,,0,selected_zero_not_shown,0,true
MakeAR,28,441,63,713,---,MARKER_TRIPLE_DASH,,0,selected_zero_not_shown,0,true
MakeAR,28,441,64,721,---,MARKER_TRIPLE_DASH,,0,selected_zero_not_shown,0,true
MakeAR,28,441,65,722,---,MARKER_TRIPLE_DASH,,0,selected_zero_not_shown,0,true
MakeAR,28,441,66,81,---,MARKER_TRIPLE_DASH,,0,selected_zero_not_shown,0,true
MakeAR,28,441,67,GFGD,---,MARKER_TRIPLE_DASH,,0,selected_zero_not_shown,0,true
MakeAR,28,441,68,GFGN,---,MARKER_TRIPLE_DASH,,0,selected_zero_not_shown,0,true
MakeAR,28,441,69,GFE,---,MARKER_TRIPLE_DASH,,0,selected_zero_not_shown,0,true
MakeAR,28,441,70,GSLG,---,MARKER_TRIPLE_DASH,,0,selected_zero_not_shown,0,true
MakeAR,28,441,71,GSLE,---,MARKER_TRIPLE_DASH,,0,selected_zero_not_shown,0,true
MakeAR,28,441,72,Used,---,MARKER_TRIPLE_DASH,,0,selected_zero_not_shown,0,true
MakeAR,28,441,73,Other,---,MARKER_TRIPLE_DASH,,0,selected_zero_not_shown,0,true
MakeAR,29,445,1,111CA,---,MARKER_TRIPLE_DASH,,0,selected_zero_not_shown,0,true
MakeAR,29,445,2,113FF,---,MARKER_TRIPLE_DASH,,0,selected_zero_not_shown,0,true
MakeAR,29,445,3,211,---,MARKER_TRIPLE_DASH,,0,selected_zero_not_shown,0,true
MakeAR,29,445,4,212,---,MARKER_TRIPLE_DASH,,0,selected_zero_not_shown,0,true
MakeAR,29,445,5,213,---,MARKER_TRIPLE_DASH,,0,selected_zero_not_shown,0,true
MakeAR,29,445,6,22,---,MARKER_TRIPLE_DASH,,0,selected_zero_not_shown,0,true
MakeAR,29,445,7,23,---,MARKER_TRIPLE_DASH,,0,selected_zero_not_shown,0,true
MakeAR,29,445,8,321,---,MARKER_TRIPLE_DASH,,0,selected_zero_not_shown,0,true
MakeAR,29,445,9,327,---,MARKER_TRIPLE_DASH,,0,selected_zero_not_shown,0,true
MakeAR,29,445,10,331,---,MARKER_TRIPLE_DASH,,0,selected_zero_not_shown,0,true
MakeAR,29,445,11,332,---,MARKER_TRIPLE_DASH,,0,selected_zero_not_shown,0,true
MakeAR,29,445,12,333,---,MARKER_TRIPLE_DASH,,0,selected_zero_not_shown,0,true
MakeAR,29,445,13,334,---,MARKER_TRIPLE_DASH,,0,selected_zero_not_shown,0,true
MakeAR,29,445,14,335,---,MARKER_TRIPLE_DASH,,0,selected_zero_not_shown,0,true
MakeAR,29,445,15,3361MV,---,MARKER_TRIPLE_DASH,,0,selected_zero_not_shown,0,true
MakeAR,29,445,16,3364OT,---,MARKER_TRIPLE_DASH,,0,selected_zero_not_shown,0,true
MakeAR,29,445,17,337,---,MARKER_TRIPLE_DASH,,0,selected_zero_not_shown,0,true
MakeAR,29,445,18,339,---,MARKER_TRIPLE_DASH,,0,selected_zero_not_shown,0,true
MakeAR,29,445,19,311FT,---,MARKER_TRIPLE_DASH,,0,selected_zero_not_shown,0,true
MakeAR,29,445,20,313TT,---,MARKER_TRIPLE_DASH,,0,selected_zero_not_shown,0,true
MakeAR,29,445,21,315AL,---,MARKER_TRIPLE_DASH,,0,selected_zero_not_shown,0,true
MakeAR,29,445,22,322,---,MARKER_TRIPLE_DASH,,0,selected_zero_not_shown,0,true
MakeAR,29,445,23,323,---,MARKER_TRIPLE_DASH,,0,selected_zero_not_shown,0,true
MakeAR,29,445,24,324,---,MARKER_TRIPLE_DASH,,0,selected_zero_not_shown,0,true
MakeAR,29,445,25,325,---,MARKER_TRIPLE_DASH,,0,selected_zero_not_shown,0,true
MakeAR,29,445,26,326,---,MARKER_TRIPLE_DASH,,0,selected_zero_not_shown,0,true
MakeAR,29,445,27,42,---,MARKER_TRIPLE_DASH,,0,selected_zero_not_shown,0,true
MakeAR,29,445,28,441,---,MARKER_TRIPLE_DASH,,0,selected_zero_not_shown,0,true
MakeAR,29,445,29,445,"324,153",NONZERO_INTEGER,324153,324153,numeric,324153,true
MakeAR,29,445,30,452,---,MARKER_TRIPLE_DASH,,0,selected_zero_not_shown,0,true
MakeAR,29,445,31,4A0,---,MARKER_TRIPLE_DASH,,0,selected_zero_not_shown,0,true
MakeAR,29,445,32,481,---,MARKER_TRIPLE_DASH,,0,selected_zero_not_shown,0,true
MakeAR,29,445,33,482,---,MARKER_TRIPLE_DASH,,0,selected_zero_not_shown,0,true
MakeAR,29,445,34,483,---,MARKER_TRIPLE_DASH,,0,selected_zero_not_shown,0,true
MakeAR,29,445,35,484,---,MARKER_TRIPLE_DASH,,0,selected_zero_not_shown,0,true
MakeAR,29,445,36,485,---,MARKER_TRIPLE_DASH,,0,selected_zero_not_shown,0,true
MakeAR,29,445,37,486,---,MARKER_TRIPLE_DASH,,0,selected_zero_not_shown,0,true
MakeAR,29,445,38,487OS,---,MARKER_TRIPLE_DASH,,0,selected_zero_not_shown,0,true
MakeAR,29,445,39,493,---,MARKER_TRIPLE_DASH,,0,selected_zero_not_shown,0,true
MakeAR,29,445,40,511,---,MARKER_TRIPLE_DASH,,0,selected_zero_not_shown,0,true
MakeAR,29,445,41,512,---,MARKER_TRIPLE_DASH,,0,selected_zero_not_shown,0,true
MakeAR,29,445,42,513,---,MARKER_TRIPLE_DASH,,0,selected_zero_not_shown,0,true
MakeAR,29,445,43,514,---,MARKER_TRIPLE_DASH,,0,selected_zero_not_shown,0,true
MakeAR,29,445,44,521CI,---,MARKER_TRIPLE_DASH,,0,selected_zero_not_shown,0,true
MakeAR,29,445,45,523,---,MARKER_TRIPLE_DASH,,0,selected_zero_not_shown,0,true
MakeAR,29,445,46,524,---,MARKER_TRIPLE_DASH,,0,selected_zero_not_shown,0,true
MakeAR,29,445,47,525,---,MARKER_TRIPLE_DASH,,0,selected_zero_not_shown,0,true
MakeAR,29,445,48,HS,---,MARKER_TRIPLE_DASH,,0,selected_zero_not_shown,0,true
MakeAR,29,445,49,ORE,---,MARKER_TRIPLE_DASH,,0,selected_zero_not_shown,0,true
MakeAR,29,445,50,532RL,---,MARKER_TRIPLE_DASH,,0,selected_zero_not_shown,0,true
MakeAR,29,445,51,5411,---,MARKER_TRIPLE_DASH,,0,selected_zero_not_shown,0,true
MakeAR,29,445,52,5415,---,MARKER_TRIPLE_DASH,,0,selected_zero_not_shown,0,true
MakeAR,29,445,53,5412OP,---,MARKER_TRIPLE_DASH,,0,selected_zero_not_shown,0,true
MakeAR,29,445,54,55,---,MARKER_TRIPLE_DASH,,0,selected_zero_not_shown,0,true
MakeAR,29,445,55,561,---,MARKER_TRIPLE_DASH,,0,selected_zero_not_shown,0,true
MakeAR,29,445,56,562,---,MARKER_TRIPLE_DASH,,0,selected_zero_not_shown,0,true
MakeAR,29,445,57,61,---,MARKER_TRIPLE_DASH,,0,selected_zero_not_shown,0,true
MakeAR,29,445,58,621,---,MARKER_TRIPLE_DASH,,0,selected_zero_not_shown,0,true
MakeAR,29,445,59,622,---,MARKER_TRIPLE_DASH,,0,selected_zero_not_shown,0,true
MakeAR,29,445,60,623,---,MARKER_TRIPLE_DASH,,0,selected_zero_not_shown,0,true
MakeAR,29,445,61,624,---,MARKER_TRIPLE_DASH,,0,selected_zero_not_shown,0,true
MakeAR,29,445,62,711AS,---,MARKER_TRIPLE_DASH,,0,selected_zero_not_shown,0,true
MakeAR,29,445,63,713,---,MARKER_TRIPLE_DASH,,0,selected_zero_not_shown,0,true
MakeAR,29,445,64,721,---,MARKER_TRIPLE_DASH,,0,selected_zero_not_shown,0,true
MakeAR,29,445,65,722,---,MARKER_TRIPLE_DASH,,0,selected_zero_not_shown,0,true
MakeAR,29,445,66,81,---,MARKER_TRIPLE_DASH,,0,selected_zero_not_shown,0,true
MakeAR,29,445,67,GFGD,---,MARKER_TRIPLE_DASH,,0,selected_zero_not_shown,0,true
MakeAR,29,445,68,GFGN,---,MARKER_TRIPLE_DASH,,0,selected_zero_not_shown,0,true
MakeAR,29,445,69,GFE,---,MARKER_TRIPLE_DASH,,0,selected_zero_not_shown,0,true
MakeAR,29,445,70,GSLG,---,MARKER_TRIPLE_DASH,,0,selected_zero_not_shown,0,true
MakeAR,29,445,71,GSLE,---,MARKER_TRIPLE_DASH,,0,selected_zero_not_shown,0,true
MakeAR,29,445,72,Used,---,MARKER_TRIPLE_DASH,,0,selected_zero_not_shown,0,true
MakeAR,29,445,73,Other,---,MARKER_TRIPLE_DASH,,0,selected_zero_not_shown,0,true
MakeAR,30,452,1,111CA,---,MARKER_TRIPLE_DASH,,0,selected_zero_not_shown,0,true
MakeAR,30,452,2,113FF,---,MARKER_TRIPLE_DASH,,0,selected_zero_not_shown,0,true
MakeAR,30,452,3,211,---,MARKER_TRIPLE_DASH,,0,selected_zero_not_shown,0,true
MakeAR,30,452,4,212,---,MARKER_TRIPLE_DASH,,0,selected_zero_not_shown,0,true
MakeAR,30,452,5,213,---,MARKER_TRIPLE_DASH,,0,selected_zero_not_shown,0,true
MakeAR,30,452,6,22,---,MARKER_TRIPLE_DASH,,0,selected_zero_not_shown,0,true
MakeAR,30,452,7,23,---,MARKER_TRIPLE_DASH,,0,selected_zero_not_shown,0,true
MakeAR,30,452,8,321,---,MARKER_TRIPLE_DASH,,0,selected_zero_not_shown,0,true
MakeAR,30,452,9,327,---,MARKER_TRIPLE_DASH,,0,selected_zero_not_shown,0,true
MakeAR,30,452,10,331,---,MARKER_TRIPLE_DASH,,0,selected_zero_not_shown,0,true
MakeAR,30,452,11,332,---,MARKER_TRIPLE_DASH,,0,selected_zero_not_shown,0,true
MakeAR,30,452,12,333,---,MARKER_TRIPLE_DASH,,0,selected_zero_not_shown,0,true
MakeAR,30,452,13,334,---,MARKER_TRIPLE_DASH,,0,selected_zero_not_shown,0,true
MakeAR,30,452,14,335,---,MARKER_TRIPLE_DASH,,0,selected_zero_not_shown,0,true
MakeAR,30,452,15,3361MV,---,MARKER_TRIPLE_DASH,,0,selected_zero_not_shown,0,true
MakeAR,30,452,16,3364OT,---,MARKER_TRIPLE_DASH,,0,selected_zero_not_shown,0,true
MakeAR,30,452,17,337,---,MARKER_TRIPLE_DASH,,0,selected_zero_not_shown,0,true
MakeAR,30,452,18,339,---,MARKER_TRIPLE_DASH,,0,selected_zero_not_shown,0,true
MakeAR,30,452,19,311FT,---,MARKER_TRIPLE_DASH,,0,selected_zero_not_shown,0,true
MakeAR,30,452,20,313TT,---,MARKER_TRIPLE_DASH,,0,selected_zero_not_shown,0,true
MakeAR,30,452,21,315AL,---,MARKER_TRIPLE_DASH,,0,selected_zero_not_shown,0,true
MakeAR,30,452,22,322,---,MARKER_TRIPLE_DASH,,0,selected_zero_not_shown,0,true
MakeAR,30,452,23,323,---,MARKER_TRIPLE_DASH,,0,selected_zero_not_shown,0,true
MakeAR,30,452,24,324,---,MARKER_TRIPLE_DASH,,0,selected_zero_not_shown,0,true
MakeAR,30,452,25,325,---,MARKER_TRIPLE_DASH,,0,selected_zero_not_shown,0,true
MakeAR,30,452,26,326,---,MARKER_TRIPLE_DASH,,0,selected_zero_not_shown,0,true
MakeAR,30,452,27,42,---,MARKER_TRIPLE_DASH,,0,selected_zero_not_shown,0,true
MakeAR,30,452,28,441,---,MARKER_TRIPLE_DASH,,0,selected_zero_not_shown,0,true
MakeAR,30,452,29,445,---,MARKER_TRIPLE_DASH,,0,selected_zero_not_shown,0,true
MakeAR,30,452,30,452,"297,293",NONZERO_INTEGER,297293,297293,numeric,297293,true
MakeAR,30,452,31,4A0,---,MARKER_TRIPLE_DASH,,0,selected_zero_not_shown,0,true
MakeAR,30,452,32,481,---,MARKER_TRIPLE_DASH,,0,selected_zero_not_shown,0,true
MakeAR,30,452,33,482,---,MARKER_TRIPLE_DASH,,0,selected_zero_not_shown,0,true
MakeAR,30,452,34,483,---,MARKER_TRIPLE_DASH,,0,selected_zero_not_shown,0,true
MakeAR,30,452,35,484,---,MARKER_TRIPLE_DASH,,0,selected_zero_not_shown,0,true
MakeAR,30,452,36,485,---,MARKER_TRIPLE_DASH,,0,selected_zero_not_shown,0,true
MakeAR,30,452,37,486,---,MARKER_TRIPLE_DASH,,0,selected_zero_not_shown,0,true
MakeAR,30,452,38,487OS,---,MARKER_TRIPLE_DASH,,0,selected_zero_not_shown,0,true
MakeAR,30,452,39,493,---,MARKER_TRIPLE_DASH,,0,selected_zero_not_shown,0,true
MakeAR,30,452,40,511,---,MARKER_TRIPLE_DASH,,0,selected_zero_not_shown,0,true
MakeAR,30,452,41,512,---,MARKER_TRIPLE_DASH,,0,selected_zero_not_shown,0,true
MakeAR,30,452,42,513,---,MARKER_TRIPLE_DASH,,0,selected_zero_not_shown,0,true
MakeAR,30,452,43,514,---,MARKER_TRIPLE_DASH,,0,selected_zero_not_shown,0,true
MakeAR,30,452,44,521CI,---,MARKER_TRIPLE_DASH,,0,selected_zero_not_shown,0,true
MakeAR,30,452,45,523,---,MARKER_TRIPLE_DASH,,0,selected_zero_not_shown,0,true
MakeAR,30,452,46,524,---,MARKER_TRIPLE_DASH,,0,selected_zero_not_shown,0,true
MakeAR,30,452,47,525,---,MARKER_TRIPLE_DASH,,0,selected_zero_not_shown,0,true
MakeAR,30,452,48,HS,---,MARKER_TRIPLE_DASH,,0,selected_zero_not_shown,0,true
MakeAR,30,452,49,ORE,---,MARKER_TRIPLE_DASH,,0,selected_zero_not_shown,0,true
MakeAR,30,452,50,532RL,---,MARKER_TRIPLE_DASH,,0,selected_zero_not_shown,0,true
MakeAR,30,452,51,5411,---,MARKER_TRIPLE_DASH,,0,selected_zero_not_shown,0,true
MakeAR,30,452,52,5415,---,MARKER_TRIPLE_DASH,,0,selected_zero_not_shown,0,true
MakeAR,30,452,53,5412OP,---,MARKER_TRIPLE_DASH,,0,selected_zero_not_shown,0,true
MakeAR,30,452,54,55,---,MARKER_TRIPLE_DASH,,0,selected_zero_not_shown,0,true
MakeAR,30,452,55,561,---,MARKER_TRIPLE_DASH,,0,selected_zero_not_shown,0,true
MakeAR,30,452,56,562,---,MARKER_TRIPLE_DASH,,0,selected_zero_not_shown,0,true
MakeAR,30,452,57,61,---,MARKER_TRIPLE_DASH,,0,selected_zero_not_shown,0,true
MakeAR,30,452,58,621,---,MARKER_TRIPLE_DASH,,0,selected_zero_not_shown,0,true
MakeAR,30,452,59,622,---,MARKER_TRIPLE_DASH,,0,selected_zero_not_shown,0,true
MakeAR,30,452,60,623,---,MARKER_TRIPLE_DASH,,0,selected_zero_not_shown,0,true
MakeAR,30,452,61,624,---,MARKER_TRIPLE_DASH,,0,selected_zero_not_shown,0,true
MakeAR,30,452,62,711AS,---,MARKER_TRIPLE_DASH,,0,selected_zero_not_shown,0,true
MakeAR,30,452,63,713,---,MARKER_TRIPLE_DASH,,0,selected_zero_not_shown,0,true
MakeAR,30,452,64,721,---,MARKER_TRIPLE_DASH,,0,selected_zero_not_shown,0,true
MakeAR,30,452,65,722,---,MARKER_TRIPLE_DASH,,0,selected_zero_not_shown,0,true
MakeAR,30,452,66,81,---,MARKER_TRIPLE_DASH,,0,selected_zero_not_shown,0,true
MakeAR,30,452,67,GFGD,---,MARKER_TRIPLE_DASH,,0,selected_zero_not_shown,0,true
MakeAR,30,452,68,GFGN,---,MARKER_TRIPLE_DASH,,0,selected_zero_not_shown,0,true
MakeAR,30,452,69,GFE,---,MARKER_TRIPLE_DASH,,0,selected_zero_not_shown,0,true
MakeAR,30,452,70,GSLG,---,MARKER_TRIPLE_DASH,,0,selected_zero_not_shown,0,true
MakeAR,30,452,71,GSLE,---,MARKER_TRIPLE_DASH,,0,selected_zero_not_shown,0,true
MakeAR,30,452,72,Used,---,MARKER_TRIPLE_DASH,,0,selected_zero_not_shown,0,true
MakeAR,30,452,73,Other,---,MARKER_TRIPLE_DASH,,0,selected_zero_not_shown,0,true
MakeAR,31,4A0,1,111CA,---,MARKER_TRIPLE_DASH,,0,selected_zero_not_shown,0,true
MakeAR,31,4A0,2,113FF,---,MARKER_TRIPLE_DASH,,0,selected_zero_not_shown,0,true
MakeAR,31,4A0,3,211,---,MARKER_TRIPLE_DASH,,0,selected_zero_not_shown,0,true
MakeAR,31,4A0,4,212,---,MARKER_TRIPLE_DASH,,0,selected_zero_not_shown,0,true
MakeAR,31,4A0,5,213,---,MARKER_TRIPLE_DASH,,0,selected_zero_not_shown,0,true
MakeAR,31,4A0,6,22,---,MARKER_TRIPLE_DASH,,0,selected_zero_not_shown,0,true
MakeAR,31,4A0,7,23,---,MARKER_TRIPLE_DASH,,0,selected_zero_not_shown,0,true
MakeAR,31,4A0,8,321,---,MARKER_TRIPLE_DASH,,0,selected_zero_not_shown,0,true
MakeAR,31,4A0,9,327,---,MARKER_TRIPLE_DASH,,0,selected_zero_not_shown,0,true
MakeAR,31,4A0,10,331,---,MARKER_TRIPLE_DASH,,0,selected_zero_not_shown,0,true
MakeAR,31,4A0,11,332,---,MARKER_TRIPLE_DASH,,0,selected_zero_not_shown,0,true
MakeAR,31,4A0,12,333,---,MARKER_TRIPLE_DASH,,0,selected_zero_not_shown,0,true
MakeAR,31,4A0,13,334,---,MARKER_TRIPLE_DASH,,0,selected_zero_not_shown,0,true
MakeAR,31,4A0,14,335,---,MARKER_TRIPLE_DASH,,0,selected_zero_not_shown,0,true
MakeAR,31,4A0,15,3361MV,---,MARKER_TRIPLE_DASH,,0,selected_zero_not_shown,0,true
MakeAR,31,4A0,16,3364OT,---,MARKER_TRIPLE_DASH,,0,selected_zero_not_shown,0,true
MakeAR,31,4A0,17,337,---,MARKER_TRIPLE_DASH,,0,selected_zero_not_shown,0,true
MakeAR,31,4A0,18,339,---,MARKER_TRIPLE_DASH,,0,selected_zero_not_shown,0,true
MakeAR,31,4A0,19,311FT,---,MARKER_TRIPLE_DASH,,0,selected_zero_not_shown,0,true
MakeAR,31,4A0,20,313TT,---,MARKER_TRIPLE_DASH,,0,selected_zero_not_shown,0,true
MakeAR,31,4A0,21,315AL,---,MARKER_TRIPLE_DASH,,0,selected_zero_not_shown,0,true
MakeAR,31,4A0,22,322,---,MARKER_TRIPLE_DASH,,0,selected_zero_not_shown,0,true
MakeAR,31,4A0,23,323,---,MARKER_TRIPLE_DASH,,0,selected_zero_not_shown,0,true
MakeAR,31,4A0,24,324,---,MARKER_TRIPLE_DASH,,0,selected_zero_not_shown,0,true
MakeAR,31,4A0,25,325,---,MARKER_TRIPLE_DASH,,0,selected_zero_not_shown,0,true
MakeAR,31,4A0,26,326,---,MARKER_TRIPLE_DASH,,0,selected_zero_not_shown,0,true
MakeAR,31,4A0,27,42,---,MARKER_TRIPLE_DASH,,0,selected_zero_not_shown,0,true
MakeAR,31,4A0,28,441,---,MARKER_TRIPLE_DASH,,0,selected_zero_not_shown,0,true
MakeAR,31,4A0,29,445,---,MARKER_TRIPLE_DASH,,0,selected_zero_not_shown,0,true
MakeAR,31,4A0,30,452,---,MARKER_TRIPLE_DASH,,0,selected_zero_not_shown,0,true
MakeAR,31,4A0,31,4A0,"1,607,443",NONZERO_INTEGER,1607443,1607443,numeric,1607443,true
MakeAR,31,4A0,32,481,---,MARKER_TRIPLE_DASH,,0,selected_zero_not_shown,0,true
MakeAR,31,4A0,33,482,---,MARKER_TRIPLE_DASH,,0,selected_zero_not_shown,0,true
MakeAR,31,4A0,34,483,---,MARKER_TRIPLE_DASH,,0,selected_zero_not_shown,0,true
MakeAR,31,4A0,35,484,---,MARKER_TRIPLE_DASH,,0,selected_zero_not_shown,0,true
MakeAR,31,4A0,36,485,---,MARKER_TRIPLE_DASH,,0,selected_zero_not_shown,0,true
MakeAR,31,4A0,37,486,---,MARKER_TRIPLE_DASH,,0,selected_zero_not_shown,0,true
MakeAR,31,4A0,38,487OS,---,MARKER_TRIPLE_DASH,,0,selected_zero_not_shown,0,true
MakeAR,31,4A0,39,493,---,MARKER_TRIPLE_DASH,,0,selected_zero_not_shown,0,true
MakeAR,31,4A0,40,511,---,MARKER_TRIPLE_DASH,,0,selected_zero_not_shown,0,true
MakeAR,31,4A0,41,512,---,MARKER_TRIPLE_DASH,,0,selected_zero_not_shown,0,true
MakeAR,31,4A0,42,513,---,MARKER_TRIPLE_DASH,,0,selected_zero_not_shown,0,true
MakeAR,31,4A0,43,514,---,MARKER_TRIPLE_DASH,,0,selected_zero_not_shown,0,true
MakeAR,31,4A0,44,521CI,---,MARKER_TRIPLE_DASH,,0,selected_zero_not_shown,0,true
MakeAR,31,4A0,45,523,---,MARKER_TRIPLE_DASH,,0,selected_zero_not_shown,0,true
MakeAR,31,4A0,46,524,---,MARKER_TRIPLE_DASH,,0,selected_zero_not_shown,0,true
MakeAR,31,4A0,47,525,---,MARKER_TRIPLE_DASH,,0,selected_zero_not_shown,0,true
MakeAR,31,4A0,48,HS,---,MARKER_TRIPLE_DASH,,0,selected_zero_not_shown,0,true
MakeAR,31,4A0,49,ORE,---,MARKER_TRIPLE_DASH,,0,selected_zero_not_shown,0,true
MakeAR,31,4A0,50,532RL,---,MARKER_TRIPLE_DASH,,0,selected_zero_not_shown,0,true
MakeAR,31,4A0,51,5411,---,MARKER_TRIPLE_DASH,,0,selected_zero_not_shown,0,true
MakeAR,31,4A0,52,5415,---,MARKER_TRIPLE_DASH,,0,selected_zero_not_shown,0,true
MakeAR,31,4A0,53,5412OP,---,MARKER_TRIPLE_DASH,,0,selected_zero_not_shown,0,true
MakeAR,31,4A0,54,55,---,MARKER_TRIPLE_DASH,,0,selected_zero_not_shown,0,true
MakeAR,31,4A0,55,561,---,MARKER_TRIPLE_DASH,,0,selected_zero_not_shown,0,true
MakeAR,31,4A0,56,562,---,MARKER_TRIPLE_DASH,,0,selected_zero_not_shown,0,true
MakeAR,31,4A0,57,61,---,MARKER_TRIPLE_DASH,,0,selected_zero_not_shown,0,true
MakeAR,31,4A0,58,621,---,MARKER_TRIPLE_DASH,,0,selected_zero_not_shown,0,true
MakeAR,31,4A0,59,622,---,MARKER_TRIPLE_DASH,,0,selected_zero_not_shown,0,true
MakeAR,31,4A0,60,623,---,MARKER_TRIPLE_DASH,,0,selected_zero_not_shown,0,true
MakeAR,31,4A0,61,624,---,MARKER_TRIPLE_DASH,,0,selected_zero_not_shown,0,true
MakeAR,31,4A0,62,711AS,---,MARKER_TRIPLE_DASH,,0,selected_zero_not_shown,0,true
MakeAR,31,4A0,63,713,---,MARKER_TRIPLE_DASH,,0,selected_zero_not_shown,0,true
MakeAR,31,4A0,64,721,---,MARKER_TRIPLE_DASH,,0,selected_zero_not_shown,0,true
MakeAR,31,4A0,65,722,---,MARKER_TRIPLE_DASH,,0,selected_zero_not_shown,0,true
MakeAR,31,4A0,66,81,---,MARKER_TRIPLE_DASH,,0,selected_zero_not_shown,0,true
MakeAR,31,4A0,67,GFGD,---,MARKER_TRIPLE_DASH,,0,selected_zero_not_shown,0,true
MakeAR,31,4A0,68,GFGN,---,MARKER_TRIPLE_DASH,,0,selected_zero_not_shown,0,true
MakeAR,31,4A0,69,GFE,---,MARKER_TRIPLE_DASH,,0,selected_zero_not_shown,0,true
MakeAR,31,4A0,70,GSLG,---,MARKER_TRIPLE_DASH,,0,selected_zero_not_shown,0,true
MakeAR,31,4A0,71,GSLE,---,MARKER_TRIPLE_DASH,,0,selected_zero_not_shown,0,true
MakeAR,31,4A0,72,Used,---,MARKER_TRIPLE_DASH,,0,selected_zero_not_shown,0,true
MakeAR,31,4A0,73,Other,---,MARKER_TRIPLE_DASH,,0,selected_zero_not_shown,0,true
MakeAR,32,481,1,111CA,---,MARKER_TRIPLE_DASH,,0,selected_zero_not_shown,0,true
MakeAR,32,481,2,113FF,987,NONZERO_INTEGER,987,987,numeric,987,true
MakeAR,32,481,3,211,---,MARKER_TRIPLE_DASH,,0,selected_zero_not_shown,0,true
MakeAR,32,481,4,212,---,MARKER_TRIPLE_DASH,,0,selected_zero_not_shown,0,true
MakeAR,32,481,5,213,---,MARKER_TRIPLE_DASH,,0,selected_zero_not_shown,0,true
MakeAR,32,481,6,22,---,MARKER_TRIPLE_DASH,,0,selected_zero_not_shown,0,true
MakeAR,32,481,7,23,---,MARKER_TRIPLE_DASH,,0,selected_zero_not_shown,0,true
MakeAR,32,481,8,321,---,MARKER_TRIPLE_DASH,,0,selected_zero_not_shown,0,true
MakeAR,32,481,9,327,---,MARKER_TRIPLE_DASH,,0,selected_zero_not_shown,0,true
MakeAR,32,481,10,331,---,MARKER_TRIPLE_DASH,,0,selected_zero_not_shown,0,true
MakeAR,32,481,11,332,---,MARKER_TRIPLE_DASH,,0,selected_zero_not_shown,0,true
MakeAR,32,481,12,333,---,MARKER_TRIPLE_DASH,,0,selected_zero_not_shown,0,true
MakeAR,32,481,13,334,---,MARKER_TRIPLE_DASH,,0,selected_zero_not_shown,0,true
MakeAR,32,481,14,335,---,MARKER_TRIPLE_DASH,,0,selected_zero_not_shown,0,true
MakeAR,32,481,15,3361MV,---,MARKER_TRIPLE_DASH,,0,selected_zero_not_shown,0,true
MakeAR,32,481,16,3364OT,---,MARKER_TRIPLE_DASH,,0,selected_zero_not_shown,0,true
MakeAR,32,481,17,337,---,MARKER_TRIPLE_DASH,,0,selected_zero_not_shown,0,true
MakeAR,32,481,18,339,---,MARKER_TRIPLE_DASH,,0,selected_zero_not_shown,0,true
MakeAR,32,481,19,311FT,---,MARKER_TRIPLE_DASH,,0,selected_zero_not_shown,0,true
MakeAR,32,481,20,313TT,---,MARKER_TRIPLE_DASH,,0,selected_zero_not_shown,0,true
MakeAR,32,481,21,315AL,---,MARKER_TRIPLE_DASH,,0,selected_zero_not_shown,0,true
MakeAR,32,481,22,322,---,MARKER_TRIPLE_DASH,,0,selected_zero_not_shown,0,true
MakeAR,32,481,23,323,---,MARKER_TRIPLE_DASH,,0,selected_zero_not_shown,0,true
MakeAR,32,481,24,324,---,MARKER_TRIPLE_DASH,,0,selected_zero_not_shown,0,true
MakeAR,32,481,25,325,---,MARKER_TRIPLE_DASH,,0,selected_zero_not_shown,0,true
MakeAR,32,481,26,326,---,MARKER_TRIPLE_DASH,,0,selected_zero_not_shown,0,true
MakeAR,32,481,27,42,---,MARKER_TRIPLE_DASH,,0,selected_zero_not_shown,0,true
MakeAR,32,481,28,441,---,MARKER_TRIPLE_DASH,,0,selected_zero_not_shown,0,true
MakeAR,32,481,29,445,---,MARKER_TRIPLE_DASH,,0,selected_zero_not_shown,0,true
MakeAR,32,481,30,452,---,MARKER_TRIPLE_DASH,,0,selected_zero_not_shown,0,true
MakeAR,32,481,31,4A0,---,MARKER_TRIPLE_DASH,,0,selected_zero_not_shown,0,true
MakeAR,32,481,32,481,"323,092",NONZERO_INTEGER,323092,323092,numeric,323092,true
MakeAR,32,481,33,482,---,MARKER_TRIPLE_DASH,,0,selected_zero_not_shown,0,true
MakeAR,32,481,34,483,---,MARKER_TRIPLE_DASH,,0,selected_zero_not_shown,0,true
MakeAR,32,481,35,484,---,MARKER_TRIPLE_DASH,,0,selected_zero_not_shown,0,true
MakeAR,32,481,36,485,---,MARKER_TRIPLE_DASH,,0,selected_zero_not_shown,0,true
MakeAR,32,481,37,486,---,MARKER_TRIPLE_DASH,,0,selected_zero_not_shown,0,true
MakeAR,32,481,38,487OS,73,NONZERO_INTEGER,73,73,numeric,73,true
MakeAR,32,481,39,493,---,MARKER_TRIPLE_DASH,,0,selected_zero_not_shown,0,true
MakeAR,32,481,40,511,---,MARKER_TRIPLE_DASH,,0,selected_zero_not_shown,0,true
MakeAR,32,481,41,512,---,MARKER_TRIPLE_DASH,,0,selected_zero_not_shown,0,true
MakeAR,32,481,42,513,---,MARKER_TRIPLE_DASH,,0,selected_zero_not_shown,0,true
MakeAR,32,481,43,514,---,MARKER_TRIPLE_DASH,,0,selected_zero_not_shown,0,true
MakeAR,32,481,44,521CI,---,MARKER_TRIPLE_DASH,,0,selected_zero_not_shown,0,true
MakeAR,32,481,45,523,---,MARKER_TRIPLE_DASH,,0,selected_zero_not_shown,0,true
MakeAR,32,481,46,524,---,MARKER_TRIPLE_DASH,,0,selected_zero_not_shown,0,true
MakeAR,32,481,47,525,---,MARKER_TRIPLE_DASH,,0,selected_zero_not_shown,0,true
MakeAR,32,481,48,HS,---,MARKER_TRIPLE_DASH,,0,selected_zero_not_shown,0,true
MakeAR,32,481,49,ORE,---,MARKER_TRIPLE_DASH,,0,selected_zero_not_shown,0,true
MakeAR,32,481,50,532RL,---,MARKER_TRIPLE_DASH,,0,selected_zero_not_shown,0,true
MakeAR,32,481,51,5411,---,MARKER_TRIPLE_DASH,,0,selected_zero_not_shown,0,true
MakeAR,32,481,52,5415,---,MARKER_TRIPLE_DASH,,0,selected_zero_not_shown,0,true
MakeAR,32,481,53,5412OP,"1,553",NONZERO_INTEGER,1553,1553,numeric,1553,true
MakeAR,32,481,54,55,---,MARKER_TRIPLE_DASH,,0,selected_zero_not_shown,0,true
MakeAR,32,481,55,561,---,MARKER_TRIPLE_DASH,,0,selected_zero_not_shown,0,true
MakeAR,32,481,56,562,---,MARKER_TRIPLE_DASH,,0,selected_zero_not_shown,0,true
MakeAR,32,481,57,61,---,MARKER_TRIPLE_DASH,,0,selected_zero_not_shown,0,true
MakeAR,32,481,58,621,93,NONZERO_INTEGER,93,93,numeric,93,true
MakeAR,32,481,59,622,---,MARKER_TRIPLE_DASH,,0,selected_zero_not_shown,0,true
MakeAR,32,481,60,623,---,MARKER_TRIPLE_DASH,,0,selected_zero_not_shown,0,true
MakeAR,32,481,61,624,---,MARKER_TRIPLE_DASH,,0,selected_zero_not_shown,0,true
MakeAR,32,481,62,711AS,---,MARKER_TRIPLE_DASH,,0,selected_zero_not_shown,0,true
MakeAR,32,481,63,713,---,MARKER_TRIPLE_DASH,,0,selected_zero_not_shown,0,true
MakeAR,32,481,64,721,---,MARKER_TRIPLE_DASH,,0,selected_zero_not_shown,0,true
MakeAR,32,481,65,722,---,MARKER_TRIPLE_DASH,,0,selected_zero_not_shown,0,true
MakeAR,32,481,66,81,---,MARKER_TRIPLE_DASH,,0,selected_zero_not_shown,0,true
MakeAR,32,481,67,GFGD,---,MARKER_TRIPLE_DASH,,0,selected_zero_not_shown,0,true
MakeAR,32,481,68,GFGN,---,MARKER_TRIPLE_DASH,,0,selected_zero_not_shown,0,true
MakeAR,32,481,69,GFE,---,MARKER_TRIPLE_DASH,,0,selected_zero_not_shown,0,true
MakeAR,32,481,70,GSLG,---,MARKER_TRIPLE_DASH,,0,selected_zero_not_shown,0,true
MakeAR,32,481,71,GSLE,---,MARKER_TRIPLE_DASH,,0,selected_zero_not_shown,0,true
MakeAR,32,481,72,Used,---,MARKER_TRIPLE_DASH,,0,selected_zero_not_shown,0,true
MakeAR,32,481,73,Other,---,MARKER_TRIPLE_DASH,,0,selected_zero_not_shown,0,true
MakeAR,33,482,1,111CA,---,MARKER_TRIPLE_DASH,,0,selected_zero_not_shown,0,true
MakeAR,33,482,2,113FF,---,MARKER_TRIPLE_DASH,,0,selected_zero_not_shown,0,true
MakeAR,33,482,3,211,---,MARKER_TRIPLE_DASH,,0,selected_zero_not_shown,0,true
MakeAR,33,482,4,212,---,MARKER_TRIPLE_DASH,,0,selected_zero_not_shown,0,true
MakeAR,33,482,5,213,---,MARKER_TRIPLE_DASH,,0,selected_zero_not_shown,0,true
MakeAR,33,482,6,22,---,MARKER_TRIPLE_DASH,,0,selected_zero_not_shown,0,true
MakeAR,33,482,7,23,---,MARKER_TRIPLE_DASH,,0,selected_zero_not_shown,0,true
MakeAR,33,482,8,321,---,MARKER_TRIPLE_DASH,,0,selected_zero_not_shown,0,true
MakeAR,33,482,9,327,---,MARKER_TRIPLE_DASH,,0,selected_zero_not_shown,0,true
MakeAR,33,482,10,331,---,MARKER_TRIPLE_DASH,,0,selected_zero_not_shown,0,true
MakeAR,33,482,11,332,---,MARKER_TRIPLE_DASH,,0,selected_zero_not_shown,0,true
MakeAR,33,482,12,333,---,MARKER_TRIPLE_DASH,,0,selected_zero_not_shown,0,true
MakeAR,33,482,13,334,---,MARKER_TRIPLE_DASH,,0,selected_zero_not_shown,0,true
MakeAR,33,482,14,335,---,MARKER_TRIPLE_DASH,,0,selected_zero_not_shown,0,true
MakeAR,33,482,15,3361MV,---,MARKER_TRIPLE_DASH,,0,selected_zero_not_shown,0,true
MakeAR,33,482,16,3364OT,---,MARKER_TRIPLE_DASH,,0,selected_zero_not_shown,0,true
MakeAR,33,482,17,337,---,MARKER_TRIPLE_DASH,,0,selected_zero_not_shown,0,true
MakeAR,33,482,18,339,---,MARKER_TRIPLE_DASH,,0,selected_zero_not_shown,0,true
MakeAR,33,482,19,311FT,---,MARKER_TRIPLE_DASH,,0,selected_zero_not_shown,0,true
MakeAR,33,482,20,313TT,---,MARKER_TRIPLE_DASH,,0,selected_zero_not_shown,0,true
MakeAR,33,482,21,315AL,---,MARKER_TRIPLE_DASH,,0,selected_zero_not_shown,0,true
MakeAR,33,482,22,322,---,MARKER_TRIPLE_DASH,,0,selected_zero_not_shown,0,true
MakeAR,33,482,23,323,---,MARKER_TRIPLE_DASH,,0,selected_zero_not_shown,0,true
MakeAR,33,482,24,324,---,MARKER_TRIPLE_DASH,,0,selected_zero_not_shown,0,true
MakeAR,33,482,25,325,---,MARKER_TRIPLE_DASH,,0,selected_zero_not_shown,0,true
MakeAR,33,482,26,326,---,MARKER_TRIPLE_DASH,,0,selected_zero_not_shown,0,true
MakeAR,33,482,27,42,---,MARKER_TRIPLE_DASH,,0,selected_zero_not_shown,0,true
MakeAR,33,482,28,441,---,MARKER_TRIPLE_DASH,,0,selected_zero_not_shown,0,true
MakeAR,33,482,29,445,---,MARKER_TRIPLE_DASH,,0,selected_zero_not_shown,0,true
MakeAR,33,482,30,452,---,MARKER_TRIPLE_DASH,,0,selected_zero_not_shown,0,true
MakeAR,33,482,31,4A0,---,MARKER_TRIPLE_DASH,,0,selected_zero_not_shown,0,true
MakeAR,33,482,32,481,---,MARKER_TRIPLE_DASH,,0,selected_zero_not_shown,0,true
MakeAR,33,482,33,482,"90,393",NONZERO_INTEGER,90393,90393,numeric,90393,true
MakeAR,33,482,34,483,---,MARKER_TRIPLE_DASH,,0,selected_zero_not_shown,0,true
MakeAR,33,482,35,484,---,MARKER_TRIPLE_DASH,,0,selected_zero_not_shown,0,true
MakeAR,33,482,36,485,---,MARKER_TRIPLE_DASH,,0,selected_zero_not_shown,0,true
MakeAR,33,482,37,486,---,MARKER_TRIPLE_DASH,,0,selected_zero_not_shown,0,true
MakeAR,33,482,38,487OS,---,MARKER_TRIPLE_DASH,,0,selected_zero_not_shown,0,true
MakeAR,33,482,39,493,---,MARKER_TRIPLE_DASH,,0,selected_zero_not_shown,0,true
MakeAR,33,482,40,511,---,MARKER_TRIPLE_DASH,,0,selected_zero_not_shown,0,true
MakeAR,33,482,41,512,---,MARKER_TRIPLE_DASH,,0,selected_zero_not_shown,0,true
MakeAR,33,482,42,513,---,MARKER_TRIPLE_DASH,,0,selected_zero_not_shown,0,true
MakeAR,33,482,43,514,---,MARKER_TRIPLE_DASH,,0,selected_zero_not_shown,0,true
MakeAR,33,482,44,521CI,---,MARKER_TRIPLE_DASH,,0,selected_zero_not_shown,0,true
MakeAR,33,482,45,523,---,MARKER_TRIPLE_DASH,,0,selected_zero_not_shown,0,true
MakeAR,33,482,46,524,---,MARKER_TRIPLE_DASH,,0,selected_zero_not_shown,0,true
MakeAR,33,482,47,525,---,MARKER_TRIPLE_DASH,,0,selected_zero_not_shown,0,true
MakeAR,33,482,48,HS,---,MARKER_TRIPLE_DASH,,0,selected_zero_not_shown,0,true
MakeAR,33,482,49,ORE,---,MARKER_TRIPLE_DASH,,0,selected_zero_not_shown,0,true
MakeAR,33,482,50,532RL,---,MARKER_TRIPLE_DASH,,0,selected_zero_not_shown,0,true
MakeAR,33,482,51,5411,---,MARKER_TRIPLE_DASH,,0,selected_zero_not_shown,0,true
MakeAR,33,482,52,5415,---,MARKER_TRIPLE_DASH,,0,selected_zero_not_shown,0,true
MakeAR,33,482,53,5412OP,---,MARKER_TRIPLE_DASH,,0,selected_zero_not_shown,0,true
MakeAR,33,482,54,55,---,MARKER_TRIPLE_DASH,,0,selected_zero_not_shown,0,true
MakeAR,33,482,55,561,---,MARKER_TRIPLE_DASH,,0,selected_zero_not_shown,0,true
MakeAR,33,482,56,562,---,MARKER_TRIPLE_DASH,,0,selected_zero_not_shown,0,true
MakeAR,33,482,57,61,---,MARKER_TRIPLE_DASH,,0,selected_zero_not_shown,0,true
MakeAR,33,482,58,621,---,MARKER_TRIPLE_DASH,,0,selected_zero_not_shown,0,true
MakeAR,33,482,59,622,---,MARKER_TRIPLE_DASH,,0,selected_zero_not_shown,0,true
MakeAR,33,482,60,623,---,MARKER_TRIPLE_DASH,,0,selected_zero_not_shown,0,true
MakeAR,33,482,61,624,---,MARKER_TRIPLE_DASH,,0,selected_zero_not_shown,0,true
MakeAR,33,482,62,711AS,---,MARKER_TRIPLE_DASH,,0,selected_zero_not_shown,0,true
MakeAR,33,482,63,713,---,MARKER_TRIPLE_DASH,,0,selected_zero_not_shown,0,true
MakeAR,33,482,64,721,---,MARKER_TRIPLE_DASH,,0,selected_zero_not_shown,0,true
MakeAR,33,482,65,722,---,MARKER_TRIPLE_DASH,,0,selected_zero_not_shown,0,true
MakeAR,33,482,66,81,---,MARKER_TRIPLE_DASH,,0,selected_zero_not_shown,0,true
MakeAR,33,482,67,GFGD,---,MARKER_TRIPLE_DASH,,0,selected_zero_not_shown,0,true
MakeAR,33,482,68,GFGN,---,MARKER_TRIPLE_DASH,,0,selected_zero_not_shown,0,true
MakeAR,33,482,69,GFE,---,MARKER_TRIPLE_DASH,,0,selected_zero_not_shown,0,true
MakeAR,33,482,70,GSLG,---,MARKER_TRIPLE_DASH,,0,selected_zero_not_shown,0,true
MakeAR,33,482,71,GSLE,---,MARKER_TRIPLE_DASH,,0,selected_zero_not_shown,0,true
MakeAR,33,482,72,Used,---,MARKER_TRIPLE_DASH,,0,selected_zero_not_shown,0,true
MakeAR,33,482,73,Other,---,MARKER_TRIPLE_DASH,,0,selected_zero_not_shown,0,true
MakeAR,34,483,1,111CA,---,MARKER_TRIPLE_DASH,,0,selected_zero_not_shown,0,true
MakeAR,34,483,2,113FF,---,MARKER_TRIPLE_DASH,,0,selected_zero_not_shown,0,true
MakeAR,34,483,3,211,---,MARKER_TRIPLE_DASH,,0,selected_zero_not_shown,0,true
MakeAR,34,483,4,212,---,MARKER_TRIPLE_DASH,,0,selected_zero_not_shown,0,true
MakeAR,34,483,5,213,---,MARKER_TRIPLE_DASH,,0,selected_zero_not_shown,0,true
MakeAR,34,483,6,22,---,MARKER_TRIPLE_DASH,,0,selected_zero_not_shown,0,true
MakeAR,34,483,7,23,---,MARKER_TRIPLE_DASH,,0,selected_zero_not_shown,0,true
MakeAR,34,483,8,321,---,MARKER_TRIPLE_DASH,,0,selected_zero_not_shown,0,true
MakeAR,34,483,9,327,---,MARKER_TRIPLE_DASH,,0,selected_zero_not_shown,0,true
MakeAR,34,483,10,331,---,MARKER_TRIPLE_DASH,,0,selected_zero_not_shown,0,true
MakeAR,34,483,11,332,---,MARKER_TRIPLE_DASH,,0,selected_zero_not_shown,0,true
MakeAR,34,483,12,333,---,MARKER_TRIPLE_DASH,,0,selected_zero_not_shown,0,true
MakeAR,34,483,13,334,---,MARKER_TRIPLE_DASH,,0,selected_zero_not_shown,0,true
MakeAR,34,483,14,335,---,MARKER_TRIPLE_DASH,,0,selected_zero_not_shown,0,true
MakeAR,34,483,15,3361MV,---,MARKER_TRIPLE_DASH,,0,selected_zero_not_shown,0,true
MakeAR,34,483,16,3364OT,---,MARKER_TRIPLE_DASH,,0,selected_zero_not_shown,0,true
MakeAR,34,483,17,337,---,MARKER_TRIPLE_DASH,,0,selected_zero_not_shown,0,true
MakeAR,34,483,18,339,---,MARKER_TRIPLE_DASH,,0,selected_zero_not_shown,0,true
MakeAR,34,483,19,311FT,---,MARKER_TRIPLE_DASH,,0,selected_zero_not_shown,0,true
MakeAR,34,483,20,313TT,---,MARKER_TRIPLE_DASH,,0,selected_zero_not_shown,0,true
MakeAR,34,483,21,315AL,---,MARKER_TRIPLE_DASH,,0,selected_zero_not_shown,0,true
MakeAR,34,483,22,322,---,MARKER_TRIPLE_DASH,,0,selected_zero_not_shown,0,true
MakeAR,34,483,23,323,---,MARKER_TRIPLE_DASH,,0,selected_zero_not_shown,0,true
MakeAR,34,483,24,324,---,MARKER_TRIPLE_DASH,,0,selected_zero_not_shown,0,true
MakeAR,34,483,25,325,---,MARKER_TRIPLE_DASH,,0,selected_zero_not_shown,0,true
MakeAR,34,483,26,326,---,MARKER_TRIPLE_DASH,,0,selected_zero_not_shown,0,true
MakeAR,34,483,27,42,---,MARKER_TRIPLE_DASH,,0,selected_zero_not_shown,0,true
MakeAR,34,483,28,441,---,MARKER_TRIPLE_DASH,,0,selected_zero_not_shown,0,true
MakeAR,34,483,29,445,---,MARKER_TRIPLE_DASH,,0,selected_zero_not_shown,0,true
MakeAR,34,483,30,452,---,MARKER_TRIPLE_DASH,,0,selected_zero_not_shown,0,true
MakeAR,34,483,31,4A0,---,MARKER_TRIPLE_DASH,,0,selected_zero_not_shown,0,true
MakeAR,34,483,32,481,---,MARKER_TRIPLE_DASH,,0,selected_zero_not_shown,0,true
MakeAR,34,483,33,482,---,MARKER_TRIPLE_DASH,,0,selected_zero_not_shown,0,true
MakeAR,34,483,34,483,"73,670",NONZERO_INTEGER,73670,73670,numeric,73670,true
MakeAR,34,483,35,484,---,MARKER_TRIPLE_DASH,,0,selected_zero_not_shown,0,true
MakeAR,34,483,36,485,---,MARKER_TRIPLE_DASH,,0,selected_zero_not_shown,0,true
MakeAR,34,483,37,486,---,MARKER_TRIPLE_DASH,,0,selected_zero_not_shown,0,true
MakeAR,34,483,38,487OS,62,NONZERO_INTEGER,62,62,numeric,62,true
MakeAR,34,483,39,493,---,MARKER_TRIPLE_DASH,,0,selected_zero_not_shown,0,true
MakeAR,34,483,40,511,---,MARKER_TRIPLE_DASH,,0,selected_zero_not_shown,0,true
MakeAR,34,483,41,512,---,MARKER_TRIPLE_DASH,,0,selected_zero_not_shown,0,true
MakeAR,34,483,42,513,---,MARKER_TRIPLE_DASH,,0,selected_zero_not_shown,0,true
MakeAR,34,483,43,514,---,MARKER_TRIPLE_DASH,,0,selected_zero_not_shown,0,true
MakeAR,34,483,44,521CI,---,MARKER_TRIPLE_DASH,,0,selected_zero_not_shown,0,true
MakeAR,34,483,45,523,---,MARKER_TRIPLE_DASH,,0,selected_zero_not_shown,0,true
MakeAR,34,483,46,524,---,MARKER_TRIPLE_DASH,,0,selected_zero_not_shown,0,true
MakeAR,34,483,47,525,---,MARKER_TRIPLE_DASH,,0,selected_zero_not_shown,0,true
MakeAR,34,483,48,HS,---,MARKER_TRIPLE_DASH,,0,selected_zero_not_shown,0,true
MakeAR,34,483,49,ORE,---,MARKER_TRIPLE_DASH,,0,selected_zero_not_shown,0,true
MakeAR,34,483,50,532RL,---,MARKER_TRIPLE_DASH,,0,selected_zero_not_shown,0,true
MakeAR,34,483,51,5411,---,MARKER_TRIPLE_DASH,,0,selected_zero_not_shown,0,true
MakeAR,34,483,52,5415,---,MARKER_TRIPLE_DASH,,0,selected_zero_not_shown,0,true
MakeAR,34,483,53,5412OP,---,MARKER_TRIPLE_DASH,,0,selected_zero_not_shown,0,true
MakeAR,34,483,54,55,---,MARKER_TRIPLE_DASH,,0,selected_zero_not_shown,0,true
MakeAR,34,483,55,561,---,MARKER_TRIPLE_DASH,,0,selected_zero_not_shown,0,true
MakeAR,34,483,56,562,---,MARKER_TRIPLE_DASH,,0,selected_zero_not_shown,0,true
MakeAR,34,483,57,61,---,MARKER_TRIPLE_DASH,,0,selected_zero_not_shown,0,true
MakeAR,34,483,58,621,---,MARKER_TRIPLE_DASH,,0,selected_zero_not_shown,0,true
MakeAR,34,483,59,622,---,MARKER_TRIPLE_DASH,,0,selected_zero_not_shown,0,true
MakeAR,34,483,60,623,---,MARKER_TRIPLE_DASH,,0,selected_zero_not_shown,0,true
MakeAR,34,483,61,624,---,MARKER_TRIPLE_DASH,,0,selected_zero_not_shown,0,true
MakeAR,34,483,62,711AS,---,MARKER_TRIPLE_DASH,,0,selected_zero_not_shown,0,true
MakeAR,34,483,63,713,---,MARKER_TRIPLE_DASH,,0,selected_zero_not_shown,0,true
MakeAR,34,483,64,721,---,MARKER_TRIPLE_DASH,,0,selected_zero_not_shown,0,true
MakeAR,34,483,65,722,---,MARKER_TRIPLE_DASH,,0,selected_zero_not_shown,0,true
MakeAR,34,483,66,81,---,MARKER_TRIPLE_DASH,,0,selected_zero_not_shown,0,true
MakeAR,34,483,67,GFGD,---,MARKER_TRIPLE_DASH,,0,selected_zero_not_shown,0,true
MakeAR,34,483,68,GFGN,---,MARKER_TRIPLE_DASH,,0,selected_zero_not_shown,0,true
MakeAR,34,483,69,GFE,---,MARKER_TRIPLE_DASH,,0,selected_zero_not_shown,0,true
MakeAR,34,483,70,GSLG,---,MARKER_TRIPLE_DASH,,0,selected_zero_not_shown,0,true
MakeAR,34,483,71,GSLE,---,MARKER_TRIPLE_DASH,,0,selected_zero_not_shown,0,true
MakeAR,34,483,72,Used,---,MARKER_TRIPLE_DASH,,0,selected_zero_not_shown,0,true
MakeAR,34,483,73,Other,---,MARKER_TRIPLE_DASH,,0,selected_zero_not_shown,0,true
MakeAR,35,484,1,111CA,---,MARKER_TRIPLE_DASH,,0,selected_zero_not_shown,0,true
MakeAR,35,484,2,113FF,---,MARKER_TRIPLE_DASH,,0,selected_zero_not_shown,0,true
MakeAR,35,484,3,211,---,MARKER_TRIPLE_DASH,,0,selected_zero_not_shown,0,true
MakeAR,35,484,4,212,---,MARKER_TRIPLE_DASH,,0,selected_zero_not_shown,0,true
MakeAR,35,484,5,213,---,MARKER_TRIPLE_DASH,,0,selected_zero_not_shown,0,true
MakeAR,35,484,6,22,---,MARKER_TRIPLE_DASH,,0,selected_zero_not_shown,0,true
MakeAR,35,484,7,23,---,MARKER_TRIPLE_DASH,,0,selected_zero_not_shown,0,true
MakeAR,35,484,8,321,---,MARKER_TRIPLE_DASH,,0,selected_zero_not_shown,0,true
MakeAR,35,484,9,327,---,MARKER_TRIPLE_DASH,,0,selected_zero_not_shown,0,true
MakeAR,35,484,10,331,---,MARKER_TRIPLE_DASH,,0,selected_zero_not_shown,0,true
MakeAR,35,484,11,332,---,MARKER_TRIPLE_DASH,,0,selected_zero_not_shown,0,true
MakeAR,35,484,12,333,---,MARKER_TRIPLE_DASH,,0,selected_zero_not_shown,0,true
MakeAR,35,484,13,334,---,MARKER_TRIPLE_DASH,,0,selected_zero_not_shown,0,true
MakeAR,35,484,14,335,---,MARKER_TRIPLE_DASH,,0,selected_zero_not_shown,0,true
MakeAR,35,484,15,3361MV,---,MARKER_TRIPLE_DASH,,0,selected_zero_not_shown,0,true
MakeAR,35,484,16,3364OT,---,MARKER_TRIPLE_DASH,,0,selected_zero_not_shown,0,true
MakeAR,35,484,17,337,---,MARKER_TRIPLE_DASH,,0,selected_zero_not_shown,0,true
MakeAR,35,484,18,339,---,MARKER_TRIPLE_DASH,,0,selected_zero_not_shown,0,true
MakeAR,35,484,19,311FT,---,MARKER_TRIPLE_DASH,,0,selected_zero_not_shown,0,true
MakeAR,35,484,20,313TT,---,MARKER_TRIPLE_DASH,,0,selected_zero_not_shown,0,true
MakeAR,35,484,21,315AL,---,MARKER_TRIPLE_DASH,,0,selected_zero_not_shown,0,true
MakeAR,35,484,22,322,---,MARKER_TRIPLE_DASH,,0,selected_zero_not_shown,0,true
MakeAR,35,484,23,323,---,MARKER_TRIPLE_DASH,,0,selected_zero_not_shown,0,true
MakeAR,35,484,24,324,---,MARKER_TRIPLE_DASH,,0,selected_zero_not_shown,0,true
MakeAR,35,484,25,325,---,MARKER_TRIPLE_DASH,,0,selected_zero_not_shown,0,true
MakeAR,35,484,26,326,---,MARKER_TRIPLE_DASH,,0,selected_zero_not_shown,0,true
MakeAR,35,484,27,42,---,MARKER_TRIPLE_DASH,,0,selected_zero_not_shown,0,true
MakeAR,35,484,28,441,---,MARKER_TRIPLE_DASH,,0,selected_zero_not_shown,0,true
MakeAR,35,484,29,445,---,MARKER_TRIPLE_DASH,,0,selected_zero_not_shown,0,true
MakeAR,35,484,30,452,---,MARKER_TRIPLE_DASH,,0,selected_zero_not_shown,0,true
MakeAR,35,484,31,4A0,---,MARKER_TRIPLE_DASH,,0,selected_zero_not_shown,0,true
MakeAR,35,484,32,481,---,MARKER_TRIPLE_DASH,,0,selected_zero_not_shown,0,true
MakeAR,35,484,33,482,---,MARKER_TRIPLE_DASH,,0,selected_zero_not_shown,0,true
MakeAR,35,484,34,483,---,MARKER_TRIPLE_DASH,,0,selected_zero_not_shown,0,true
MakeAR,35,484,35,484,"486,968",NONZERO_INTEGER,486968,486968,numeric,486968,true
MakeAR,35,484,36,485,---,MARKER_TRIPLE_DASH,,0,selected_zero_not_shown,0,true
MakeAR,35,484,37,486,---,MARKER_TRIPLE_DASH,,0,selected_zero_not_shown,0,true
MakeAR,35,484,38,487OS,"22,403",NONZERO_INTEGER,22403,22403,numeric,22403,true
MakeAR,35,484,39,493,---,MARKER_TRIPLE_DASH,,0,selected_zero_not_shown,0,true
MakeAR,35,484,40,511,---,MARKER_TRIPLE_DASH,,0,selected_zero_not_shown,0,true
MakeAR,35,484,41,512,---,MARKER_TRIPLE_DASH,,0,selected_zero_not_shown,0,true
MakeAR,35,484,42,513,---,MARKER_TRIPLE_DASH,,0,selected_zero_not_shown,0,true
MakeAR,35,484,43,514,---,MARKER_TRIPLE_DASH,,0,selected_zero_not_shown,0,true
MakeAR,35,484,44,521CI,---,MARKER_TRIPLE_DASH,,0,selected_zero_not_shown,0,true
MakeAR,35,484,45,523,---,MARKER_TRIPLE_DASH,,0,selected_zero_not_shown,0,true
MakeAR,35,484,46,524,---,MARKER_TRIPLE_DASH,,0,selected_zero_not_shown,0,true
MakeAR,35,484,47,525,---,MARKER_TRIPLE_DASH,,0,selected_zero_not_shown,0,true
MakeAR,35,484,48,HS,---,MARKER_TRIPLE_DASH,,0,selected_zero_not_shown,0,true
MakeAR,35,484,49,ORE,---,MARKER_TRIPLE_DASH,,0,selected_zero_not_shown,0,true
MakeAR,35,484,50,532RL,---,MARKER_TRIPLE_DASH,,0,selected_zero_not_shown,0,true
MakeAR,35,484,51,5411,---,MARKER_TRIPLE_DASH,,0,selected_zero_not_shown,0,true
MakeAR,35,484,52,5415,---,MARKER_TRIPLE_DASH,,0,selected_zero_not_shown,0,true
MakeAR,35,484,53,5412OP,---,MARKER_TRIPLE_DASH,,0,selected_zero_not_shown,0,true
MakeAR,35,484,54,55,---,MARKER_TRIPLE_DASH,,0,selected_zero_not_shown,0,true
MakeAR,35,484,55,561,---,MARKER_TRIPLE_DASH,,0,selected_zero_not_shown,0,true
MakeAR,35,484,56,562,"6,355",NONZERO_INTEGER,6355,6355,numeric,6355,true
MakeAR,35,484,57,61,---,MARKER_TRIPLE_DASH,,0,selected_zero_not_shown,0,true
MakeAR,35,484,58,621,---,MARKER_TRIPLE_DASH,,0,selected_zero_not_shown,0,true
MakeAR,35,484,59,622,---,MARKER_TRIPLE_DASH,,0,selected_zero_not_shown,0,true
MakeAR,35,484,60,623,---,MARKER_TRIPLE_DASH,,0,selected_zero_not_shown,0,true
MakeAR,35,484,61,624,---,MARKER_TRIPLE_DASH,,0,selected_zero_not_shown,0,true
MakeAR,35,484,62,711AS,---,MARKER_TRIPLE_DASH,,0,selected_zero_not_shown,0,true
MakeAR,35,484,63,713,---,MARKER_TRIPLE_DASH,,0,selected_zero_not_shown,0,true
MakeAR,35,484,64,721,---,MARKER_TRIPLE_DASH,,0,selected_zero_not_shown,0,true
MakeAR,35,484,65,722,---,MARKER_TRIPLE_DASH,,0,selected_zero_not_shown,0,true
MakeAR,35,484,66,81,---,MARKER_TRIPLE_DASH,,0,selected_zero_not_shown,0,true
MakeAR,35,484,67,GFGD,---,MARKER_TRIPLE_DASH,,0,selected_zero_not_shown,0,true
MakeAR,35,484,68,GFGN,---,MARKER_TRIPLE_DASH,,0,selected_zero_not_shown,0,true
MakeAR,35,484,69,GFE,---,MARKER_TRIPLE_DASH,,0,selected_zero_not_shown,0,true
MakeAR,35,484,70,GSLG,---,MARKER_TRIPLE_DASH,,0,selected_zero_not_shown,0,true
MakeAR,35,484,71,GSLE,---,MARKER_TRIPLE_DASH,,0,selected_zero_not_shown,0,true
MakeAR,35,484,72,Used,---,MARKER_TRIPLE_DASH,,0,selected_zero_not_shown,0,true
MakeAR,35,484,73,Other,---,MARKER_TRIPLE_DASH,,0,selected_zero_not_shown,0,true
MakeAR,36,485,1,111CA,---,MARKER_TRIPLE_DASH,,0,selected_zero_not_shown,0,true
MakeAR,36,485,2,113FF,---,MARKER_TRIPLE_DASH,,0,selected_zero_not_shown,0,true
MakeAR,36,485,3,211,---,MARKER_TRIPLE_DASH,,0,selected_zero_not_shown,0,true
MakeAR,36,485,4,212,---,MARKER_TRIPLE_DASH,,0,selected_zero_not_shown,0,true
MakeAR,36,485,5,213,---,MARKER_TRIPLE_DASH,,0,selected_zero_not_shown,0,true
MakeAR,36,485,6,22,---,MARKER_TRIPLE_DASH,,0,selected_zero_not_shown,0,true
MakeAR,36,485,7,23,---,MARKER_TRIPLE_DASH,,0,selected_zero_not_shown,0,true
MakeAR,36,485,8,321,---,MARKER_TRIPLE_DASH,,0,selected_zero_not_shown,0,true
MakeAR,36,485,9,327,---,MARKER_TRIPLE_DASH,,0,selected_zero_not_shown,0,true
MakeAR,36,485,10,331,---,MARKER_TRIPLE_DASH,,0,selected_zero_not_shown,0,true
MakeAR,36,485,11,332,---,MARKER_TRIPLE_DASH,,0,selected_zero_not_shown,0,true
MakeAR,36,485,12,333,---,MARKER_TRIPLE_DASH,,0,selected_zero_not_shown,0,true
MakeAR,36,485,13,334,---,MARKER_TRIPLE_DASH,,0,selected_zero_not_shown,0,true
MakeAR,36,485,14,335,---,MARKER_TRIPLE_DASH,,0,selected_zero_not_shown,0,true
MakeAR,36,485,15,3361MV,---,MARKER_TRIPLE_DASH,,0,selected_zero_not_shown,0,true
MakeAR,36,485,16,3364OT,---,MARKER_TRIPLE_DASH,,0,selected_zero_not_shown,0,true
MakeAR,36,485,17,337,---,MARKER_TRIPLE_DASH,,0,selected_zero_not_shown,0,true
MakeAR,36,485,18,339,---,MARKER_TRIPLE_DASH,,0,selected_zero_not_shown,0,true
MakeAR,36,485,19,311FT,---,MARKER_TRIPLE_DASH,,0,selected_zero_not_shown,0,true
MakeAR,36,485,20,313TT,---,MARKER_TRIPLE_DASH,,0,selected_zero_not_shown,0,true
MakeAR,36,485,21,315AL,---,MARKER_TRIPLE_DASH,,0,selected_zero_not_shown,0,true
MakeAR,36,485,22,322,---,MARKER_TRIPLE_DASH,,0,selected_zero_not_shown,0,true
MakeAR,36,485,23,323,---,MARKER_TRIPLE_DASH,,0,selected_zero_not_shown,0,true
MakeAR,36,485,24,324,---,MARKER_TRIPLE_DASH,,0,selected_zero_not_shown,0,true
MakeAR,36,485,25,325,---,MARKER_TRIPLE_DASH,,0,selected_zero_not_shown,0,true
MakeAR,36,485,26,326,---,MARKER_TRIPLE_DASH,,0,selected_zero_not_shown,0,true
MakeAR,36,485,27,42,---,MARKER_TRIPLE_DASH,,0,selected_zero_not_shown,0,true
MakeAR,36,485,28,441,---,MARKER_TRIPLE_DASH,,0,selected_zero_not_shown,0,true
MakeAR,36,485,29,445,---,MARKER_TRIPLE_DASH,,0,selected_zero_not_shown,0,true
MakeAR,36,485,30,452,---,MARKER_TRIPLE_DASH,,0,selected_zero_not_shown,0,true
MakeAR,36,485,31,4A0,0,LITERAL_ZERO,0,0,numeric,0,true
MakeAR,36,485,32,481,---,MARKER_TRIPLE_DASH,,0,selected_zero_not_shown,0,true
MakeAR,36,485,33,482,---,MARKER_TRIPLE_DASH,,0,selected_zero_not_shown,0,true
MakeAR,36,485,34,483,---,MARKER_TRIPLE_DASH,,0,selected_zero_not_shown,0,true
MakeAR,36,485,35,484,---,MARKER_TRIPLE_DASH,,0,selected_zero_not_shown,0,true
MakeAR,36,485,36,485,"178,177",NONZERO_INTEGER,178177,178177,numeric,178177,true
MakeAR,36,485,37,486,---,MARKER_TRIPLE_DASH,,0,selected_zero_not_shown,0,true
MakeAR,36,485,38,487OS,0,LITERAL_ZERO,0,0,numeric,0,true
MakeAR,36,485,39,493,---,MARKER_TRIPLE_DASH,,0,selected_zero_not_shown,0,true
MakeAR,36,485,40,511,---,MARKER_TRIPLE_DASH,,0,selected_zero_not_shown,0,true
MakeAR,36,485,41,512,---,MARKER_TRIPLE_DASH,,0,selected_zero_not_shown,0,true
MakeAR,36,485,42,513,---,MARKER_TRIPLE_DASH,,0,selected_zero_not_shown,0,true
MakeAR,36,485,43,514,---,MARKER_TRIPLE_DASH,,0,selected_zero_not_shown,0,true
MakeAR,36,485,44,521CI,---,MARKER_TRIPLE_DASH,,0,selected_zero_not_shown,0,true
MakeAR,36,485,45,523,---,MARKER_TRIPLE_DASH,,0,selected_zero_not_shown,0,true
MakeAR,36,485,46,524,---,MARKER_TRIPLE_DASH,,0,selected_zero_not_shown,0,true
MakeAR,36,485,47,525,---,MARKER_TRIPLE_DASH,,0,selected_zero_not_shown,0,true
MakeAR,36,485,48,HS,---,MARKER_TRIPLE_DASH,,0,selected_zero_not_shown,0,true
MakeAR,36,485,49,ORE,---,MARKER_TRIPLE_DASH,,0,selected_zero_not_shown,0,true
MakeAR,36,485,50,532RL,---,MARKER_TRIPLE_DASH,,0,selected_zero_not_shown,0,true
MakeAR,36,485,51,5411,---,MARKER_TRIPLE_DASH,,0,selected_zero_not_shown,0,true
MakeAR,36,485,52,5415,---,MARKER_TRIPLE_DASH,,0,selected_zero_not_shown,0,true
MakeAR,36,485,53,5412OP,---,MARKER_TRIPLE_DASH,,0,selected_zero_not_shown,0,true
MakeAR,36,485,54,55,---,MARKER_TRIPLE_DASH,,0,selected_zero_not_shown,0,true
MakeAR,36,485,55,561,---,MARKER_TRIPLE_DASH,,0,selected_zero_not_shown,0,true
MakeAR,36,485,56,562,---,MARKER_TRIPLE_DASH,,0,selected_zero_not_shown,0,true
MakeAR,36,485,57,61,---,MARKER_TRIPLE_DASH,,0,selected_zero_not_shown,0,true
MakeAR,36,485,58,621,---,MARKER_TRIPLE_DASH,,0,selected_zero_not_shown,0,true
MakeAR,36,485,59,622,---,MARKER_TRIPLE_DASH,,0,selected_zero_not_shown,0,true
MakeAR,36,485,60,623,---,MARKER_TRIPLE_DASH,,0,selected_zero_not_shown,0,true
MakeAR,36,485,61,624,---,MARKER_TRIPLE_DASH,,0,selected_zero_not_shown,0,true
MakeAR,36,485,62,711AS,---,MARKER_TRIPLE_DASH,,0,selected_zero_not_shown,0,true
MakeAR,36,485,63,713,---,MARKER_TRIPLE_DASH,,0,selected_zero_not_shown,0,true
MakeAR,36,485,64,721,---,MARKER_TRIPLE_DASH,,0,selected_zero_not_shown,0,true
MakeAR,36,485,65,722,---,MARKER_TRIPLE_DASH,,0,selected_zero_not_shown,0,true
MakeAR,36,485,66,81,---,MARKER_TRIPLE_DASH,,0,selected_zero_not_shown,0,true
MakeAR,36,485,67,GFGD,---,MARKER_TRIPLE_DASH,,0,selected_zero_not_shown,0,true
MakeAR,36,485,68,GFGN,---,MARKER_TRIPLE_DASH,,0,selected_zero_not_shown,0,true
MakeAR,36,485,69,GFE,---,MARKER_TRIPLE_DASH,,0,selected_zero_not_shown,0,true
MakeAR,36,485,70,GSLG,---,MARKER_TRIPLE_DASH,,0,selected_zero_not_shown,0,true
MakeAR,36,485,71,GSLE,---,MARKER_TRIPLE_DASH,,0,selected_zero_not_shown,0,true
MakeAR,36,485,72,Used,---,MARKER_TRIPLE_DASH,,0,selected_zero_not_shown,0,true
MakeAR,36,485,73,Other,---,MARKER_TRIPLE_DASH,,0,selected_zero_not_shown,0,true
MakeAR,37,486,1,111CA,---,MARKER_TRIPLE_DASH,,0,selected_zero_not_shown,0,true
MakeAR,37,486,2,113FF,---,MARKER_TRIPLE_DASH,,0,selected_zero_not_shown,0,true
MakeAR,37,486,3,211,---,MARKER_TRIPLE_DASH,,0,selected_zero_not_shown,0,true
MakeAR,37,486,4,212,---,MARKER_TRIPLE_DASH,,0,selected_zero_not_shown,0,true
MakeAR,37,486,5,213,---,MARKER_TRIPLE_DASH,,0,selected_zero_not_shown,0,true
MakeAR,37,486,6,22,---,MARKER_TRIPLE_DASH,,0,selected_zero_not_shown,0,true
MakeAR,37,486,7,23,---,MARKER_TRIPLE_DASH,,0,selected_zero_not_shown,0,true
MakeAR,37,486,8,321,---,MARKER_TRIPLE_DASH,,0,selected_zero_not_shown,0,true
MakeAR,37,486,9,327,---,MARKER_TRIPLE_DASH,,0,selected_zero_not_shown,0,true
MakeAR,37,486,10,331,---,MARKER_TRIPLE_DASH,,0,selected_zero_not_shown,0,true
MakeAR,37,486,11,332,---,MARKER_TRIPLE_DASH,,0,selected_zero_not_shown,0,true
MakeAR,37,486,12,333,---,MARKER_TRIPLE_DASH,,0,selected_zero_not_shown,0,true
MakeAR,37,486,13,334,---,MARKER_TRIPLE_DASH,,0,selected_zero_not_shown,0,true
MakeAR,37,486,14,335,---,MARKER_TRIPLE_DASH,,0,selected_zero_not_shown,0,true
MakeAR,37,486,15,3361MV,---,MARKER_TRIPLE_DASH,,0,selected_zero_not_shown,0,true
MakeAR,37,486,16,3364OT,---,MARKER_TRIPLE_DASH,,0,selected_zero_not_shown,0,true
MakeAR,37,486,17,337,---,MARKER_TRIPLE_DASH,,0,selected_zero_not_shown,0,true
MakeAR,37,486,18,339,---,MARKER_TRIPLE_DASH,,0,selected_zero_not_shown,0,true
MakeAR,37,486,19,311FT,---,MARKER_TRIPLE_DASH,,0,selected_zero_not_shown,0,true
MakeAR,37,486,20,313TT,---,MARKER_TRIPLE_DASH,,0,selected_zero_not_shown,0,true
MakeAR,37,486,21,315AL,---,MARKER_TRIPLE_DASH,,0,selected_zero_not_shown,0,true
MakeAR,37,486,22,322,---,MARKER_TRIPLE_DASH,,0,selected_zero_not_shown,0,true
MakeAR,37,486,23,323,---,MARKER_TRIPLE_DASH,,0,selected_zero_not_shown,0,true
MakeAR,37,486,24,324,---,MARKER_TRIPLE_DASH,,0,selected_zero_not_shown,0,true
MakeAR,37,486,25,325,---,MARKER_TRIPLE_DASH,,0,selected_zero_not_shown,0,true
MakeAR,37,486,26,326,---,MARKER_TRIPLE_DASH,,0,selected_zero_not_shown,0,true
MakeAR,37,486,27,42,---,MARKER_TRIPLE_DASH,,0,selected_zero_not_shown,0,true
MakeAR,37,486,28,441,---,MARKER_TRIPLE_DASH,,0,selected_zero_not_shown,0,true
MakeAR,37,486,29,445,---,MARKER_TRIPLE_DASH,,0,selected_zero_not_shown,0,true
MakeAR,37,486,30,452,---,MARKER_TRIPLE_DASH,,0,selected_zero_not_shown,0,true
MakeAR,37,486,31,4A0,---,MARKER_TRIPLE_DASH,,0,selected_zero_not_shown,0,true
MakeAR,37,486,32,481,---,MARKER_TRIPLE_DASH,,0,selected_zero_not_shown,0,true
MakeAR,37,486,33,482,---,MARKER_TRIPLE_DASH,,0,selected_zero_not_shown,0,true
MakeAR,37,486,34,483,---,MARKER_TRIPLE_DASH,,0,selected_zero_not_shown,0,true
MakeAR,37,486,35,484,---,MARKER_TRIPLE_DASH,,0,selected_zero_not_shown,0,true
MakeAR,37,486,36,485,---,MARKER_TRIPLE_DASH,,0,selected_zero_not_shown,0,true
MakeAR,37,486,37,486,"76,744",NONZERO_INTEGER,76744,76744,numeric,76744,true
MakeAR,37,486,38,487OS,---,MARKER_TRIPLE_DASH,,0,selected_zero_not_shown,0,true
MakeAR,37,486,39,493,---,MARKER_TRIPLE_DASH,,0,selected_zero_not_shown,0,true
MakeAR,37,486,40,511,---,MARKER_TRIPLE_DASH,,0,selected_zero_not_shown,0,true
MakeAR,37,486,41,512,---,MARKER_TRIPLE_DASH,,0,selected_zero_not_shown,0,true
MakeAR,37,486,42,513,---,MARKER_TRIPLE_DASH,,0,selected_zero_not_shown,0,true
MakeAR,37,486,43,514,---,MARKER_TRIPLE_DASH,,0,selected_zero_not_shown,0,true
MakeAR,37,486,44,521CI,---,MARKER_TRIPLE_DASH,,0,selected_zero_not_shown,0,true
MakeAR,37,486,45,523,---,MARKER_TRIPLE_DASH,,0,selected_zero_not_shown,0,true
MakeAR,37,486,46,524,---,MARKER_TRIPLE_DASH,,0,selected_zero_not_shown,0,true
MakeAR,37,486,47,525,---,MARKER_TRIPLE_DASH,,0,selected_zero_not_shown,0,true
MakeAR,37,486,48,HS,---,MARKER_TRIPLE_DASH,,0,selected_zero_not_shown,0,true
MakeAR,37,486,49,ORE,---,MARKER_TRIPLE_DASH,,0,selected_zero_not_shown,0,true
MakeAR,37,486,50,532RL,---,MARKER_TRIPLE_DASH,,0,selected_zero_not_shown,0,true
MakeAR,37,486,51,5411,---,MARKER_TRIPLE_DASH,,0,selected_zero_not_shown,0,true
MakeAR,37,486,52,5415,---,MARKER_TRIPLE_DASH,,0,selected_zero_not_shown,0,true
MakeAR,37,486,53,5412OP,---,MARKER_TRIPLE_DASH,,0,selected_zero_not_shown,0,true
MakeAR,37,486,54,55,---,MARKER_TRIPLE_DASH,,0,selected_zero_not_shown,0,true
MakeAR,37,486,55,561,---,MARKER_TRIPLE_DASH,,0,selected_zero_not_shown,0,true
MakeAR,37,486,56,562,---,MARKER_TRIPLE_DASH,,0,selected_zero_not_shown,0,true
MakeAR,37,486,57,61,---,MARKER_TRIPLE_DASH,,0,selected_zero_not_shown,0,true
MakeAR,37,486,58,621,---,MARKER_TRIPLE_DASH,,0,selected_zero_not_shown,0,true
MakeAR,37,486,59,622,---,MARKER_TRIPLE_DASH,,0,selected_zero_not_shown,0,true
MakeAR,37,486,60,623,---,MARKER_TRIPLE_DASH,,0,selected_zero_not_shown,0,true
MakeAR,37,486,61,624,---,MARKER_TRIPLE_DASH,,0,selected_zero_not_shown,0,true
MakeAR,37,486,62,711AS,---,MARKER_TRIPLE_DASH,,0,selected_zero_not_shown,0,true
MakeAR,37,486,63,713,---,MARKER_TRIPLE_DASH,,0,selected_zero_not_shown,0,true
MakeAR,37,486,64,721,---,MARKER_TRIPLE_DASH,,0,selected_zero_not_shown,0,true
MakeAR,37,486,65,722,---,MARKER_TRIPLE_DASH,,0,selected_zero_not_shown,0,true
MakeAR,37,486,66,81,---,MARKER_TRIPLE_DASH,,0,selected_zero_not_shown,0,true
MakeAR,37,486,67,GFGD,---,MARKER_TRIPLE_DASH,,0,selected_zero_not_shown,0,true
MakeAR,37,486,68,GFGN,---,MARKER_TRIPLE_DASH,,0,selected_zero_not_shown,0,true
MakeAR,37,486,69,GFE,---,MARKER_TRIPLE_DASH,,0,selected_zero_not_shown,0,true
MakeAR,37,486,70,GSLG,---,MARKER_TRIPLE_DASH,,0,selected_zero_not_shown,0,true
MakeAR,37,486,71,GSLE,---,MARKER_TRIPLE_DASH,,0,selected_zero_not_shown,0,true
MakeAR,37,486,72,Used,---,MARKER_TRIPLE_DASH,,0,selected_zero_not_shown,0,true
MakeAR,37,486,73,Other,---,MARKER_TRIPLE_DASH,,0,selected_zero_not_shown,0,true
MakeAR,38,487OS,1,111CA,---,MARKER_TRIPLE_DASH,,0,selected_zero_not_shown,0,true
MakeAR,38,487OS,2,113FF,---,MARKER_TRIPLE_DASH,,0,selected_zero_not_shown,0,true
MakeAR,38,487OS,3,211,---,MARKER_TRIPLE_DASH,,0,selected_zero_not_shown,0,true
MakeAR,38,487OS,4,212,---,MARKER_TRIPLE_DASH,,0,selected_zero_not_shown,0,true
MakeAR,38,487OS,5,213,---,MARKER_TRIPLE_DASH,,0,selected_zero_not_shown,0,true
MakeAR,38,487OS,6,22,---,MARKER_TRIPLE_DASH,,0,selected_zero_not_shown,0,true
MakeAR,38,487OS,7,23,---,MARKER_TRIPLE_DASH,,0,selected_zero_not_shown,0,true
MakeAR,38,487OS,8,321,---,MARKER_TRIPLE_DASH,,0,selected_zero_not_shown,0,true
MakeAR,38,487OS,9,327,---,MARKER_TRIPLE_DASH,,0,selected_zero_not_shown,0,true
MakeAR,38,487OS,10,331,---,MARKER_TRIPLE_DASH,,0,selected_zero_not_shown,0,true
MakeAR,38,487OS,11,332,---,MARKER_TRIPLE_DASH,,0,selected_zero_not_shown,0,true
MakeAR,38,487OS,12,333,---,MARKER_TRIPLE_DASH,,0,selected_zero_not_shown,0,true
MakeAR,38,487OS,13,334,---,MARKER_TRIPLE_DASH,,0,selected_zero_not_shown,0,true
MakeAR,38,487OS,14,335,---,MARKER_TRIPLE_DASH,,0,selected_zero_not_shown,0,true
MakeAR,38,487OS,15,3361MV,---,MARKER_TRIPLE_DASH,,0,selected_zero_not_shown,0,true
MakeAR,38,487OS,16,3364OT,---,MARKER_TRIPLE_DASH,,0,selected_zero_not_shown,0,true
MakeAR,38,487OS,17,337,---,MARKER_TRIPLE_DASH,,0,selected_zero_not_shown,0,true
MakeAR,38,487OS,18,339,---,MARKER_TRIPLE_DASH,,0,selected_zero_not_shown,0,true
MakeAR,38,487OS,19,311FT,---,MARKER_TRIPLE_DASH,,0,selected_zero_not_shown,0,true
MakeAR,38,487OS,20,313TT,---,MARKER_TRIPLE_DASH,,0,selected_zero_not_shown,0,true
MakeAR,38,487OS,21,315AL,---,MARKER_TRIPLE_DASH,,0,selected_zero_not_shown,0,true
MakeAR,38,487OS,22,322,---,MARKER_TRIPLE_DASH,,0,selected_zero_not_shown,0,true
MakeAR,38,487OS,23,323,---,MARKER_TRIPLE_DASH,,0,selected_zero_not_shown,0,true
MakeAR,38,487OS,24,324,---,MARKER_TRIPLE_DASH,,0,selected_zero_not_shown,0,true
MakeAR,38,487OS,25,325,---,MARKER_TRIPLE_DASH,,0,selected_zero_not_shown,0,true
MakeAR,38,487OS,26,326,---,MARKER_TRIPLE_DASH,,0,selected_zero_not_shown,0,true
MakeAR,38,487OS,27,42,---,MARKER_TRIPLE_DASH,,0,selected_zero_not_shown,0,true
MakeAR,38,487OS,28,441,---,MARKER_TRIPLE_DASH,,0,selected_zero_not_shown,0,true
MakeAR,38,487OS,29,445,15,NONZERO_INTEGER,15,15,numeric,15,true
MakeAR,38,487OS,30,452,---,MARKER_TRIPLE_DASH,,0,selected_zero_not_shown,0,true
MakeAR,38,487OS,31,4A0,0,LITERAL_ZERO,0,0,numeric,0,true
MakeAR,38,487OS,32,481,0,LITERAL_ZERO,0,0,numeric,0,true
MakeAR,38,487OS,33,482,---,MARKER_TRIPLE_DASH,,0,selected_zero_not_shown,0,true
MakeAR,38,487OS,34,483,24,NONZERO_INTEGER,24,24,numeric,24,true
MakeAR,38,487OS,35,484,736,NONZERO_INTEGER,736,736,numeric,736,true
MakeAR,38,487OS,36,485,402,NONZERO_INTEGER,402,402,numeric,402,true
MakeAR,38,487OS,37,486,---,MARKER_TRIPLE_DASH,,0,selected_zero_not_shown,0,true
MakeAR,38,487OS,38,487OS,"353,134",NONZERO_INTEGER,353134,353134,numeric,353134,true
MakeAR,38,487OS,39,493,---,MARKER_TRIPLE_DASH,,0,selected_zero_not_shown,0,true
MakeAR,38,487OS,40,511,---,MARKER_TRIPLE_DASH,,0,selected_zero_not_shown,0,true
MakeAR,38,487OS,41,512,---,MARKER_TRIPLE_DASH,,0,selected_zero_not_shown,0,true
MakeAR,38,487OS,42,513,---,MARKER_TRIPLE_DASH,,0,selected_zero_not_shown,0,true
MakeAR,38,487OS,43,514,---,MARKER_TRIPLE_DASH,,0,selected_zero_not_shown,0,true
MakeAR,38,487OS,44,521CI,---,MARKER_TRIPLE_DASH,,0,selected_zero_not_shown,0,true
MakeAR,38,487OS,45,523,---,MARKER_TRIPLE_DASH,,0,selected_zero_not_shown,0,true
MakeAR,38,487OS,46,524,---,MARKER_TRIPLE_DASH,,0,selected_zero_not_shown,0,true
MakeAR,38,487OS,47,525,---,MARKER_TRIPLE_DASH,,0,selected_zero_not_shown,0,true
MakeAR,38,487OS,48,HS,---,MARKER_TRIPLE_DASH,,0,selected_zero_not_shown,0,true
MakeAR,38,487OS,49,ORE,---,MARKER_TRIPLE_DASH,,0,selected_zero_not_shown,0,true
MakeAR,38,487OS,50,532RL,---,MARKER_TRIPLE_DASH,,0,selected_zero_not_shown,0,true
MakeAR,38,487OS,51,5411,---,MARKER_TRIPLE_DASH,,0,selected_zero_not_shown,0,true
MakeAR,38,487OS,52,5415,---,MARKER_TRIPLE_DASH,,0,selected_zero_not_shown,0,true
MakeAR,38,487OS,53,5412OP,---,MARKER_TRIPLE_DASH,,0,selected_zero_not_shown,0,true
MakeAR,38,487OS,54,55,---,MARKER_TRIPLE_DASH,,0,selected_zero_not_shown,0,true
MakeAR,38,487OS,55,561,---,MARKER_TRIPLE_DASH,,0,selected_zero_not_shown,0,true
MakeAR,38,487OS,56,562,---,MARKER_TRIPLE_DASH,,0,selected_zero_not_shown,0,true
MakeAR,38,487OS,57,61,---,MARKER_TRIPLE_DASH,,0,selected_zero_not_shown,0,true
MakeAR,38,487OS,58,621,---,MARKER_TRIPLE_DASH,,0,selected_zero_not_shown,0,true
MakeAR,38,487OS,59,622,---,MARKER_TRIPLE_DASH,,0,selected_zero_not_shown,0,true
MakeAR,38,487OS,60,623,---,MARKER_TRIPLE_DASH,,0,selected_zero_not_shown,0,true
MakeAR,38,487OS,61,624,---,MARKER_TRIPLE_DASH,,0,selected_zero_not_shown,0,true
MakeAR,38,487OS,62,711AS,---,MARKER_TRIPLE_DASH,,0,selected_zero_not_shown,0,true
MakeAR,38,487OS,63,713,---,MARKER_TRIPLE_DASH,,0,selected_zero_not_shown,0,true
MakeAR,38,487OS,64,721,---,MARKER_TRIPLE_DASH,,0,selected_zero_not_shown,0,true
MakeAR,38,487OS,65,722,36,NONZERO_INTEGER,36,36,numeric,36,true
MakeAR,38,487OS,66,81,---,MARKER_TRIPLE_DASH,,0,selected_zero_not_shown,0,true
MakeAR,38,487OS,67,GFGD,---,MARKER_TRIPLE_DASH,,0,selected_zero_not_shown,0,true
MakeAR,38,487OS,68,GFGN,---,MARKER_TRIPLE_DASH,,0,selected_zero_not_shown,0,true
MakeAR,38,487OS,69,GFE,---,MARKER_TRIPLE_DASH,,0,selected_zero_not_shown,0,true
MakeAR,38,487OS,70,GSLG,---,MARKER_TRIPLE_DASH,,0,selected_zero_not_shown,0,true
MakeAR,38,487OS,71,GSLE,---,MARKER_TRIPLE_DASH,,0,selected_zero_not_shown,0,true
MakeAR,38,487OS,72,Used,---,MARKER_TRIPLE_DASH,,0,selected_zero_not_shown,0,true
MakeAR,38,487OS,73,Other,---,MARKER_TRIPLE_DASH,,0,selected_zero_not_shown,0,true
MakeAR,39,493,1,111CA,---,MARKER_TRIPLE_DASH,,0,selected_zero_not_shown,0,true
MakeAR,39,493,2,113FF,---,MARKER_TRIPLE_DASH,,0,selected_zero_not_shown,0,true
MakeAR,39,493,3,211,---,MARKER_TRIPLE_DASH,,0,selected_zero_not_shown,0,true
MakeAR,39,493,4,212,---,MARKER_TRIPLE_DASH,,0,selected_zero_not_shown,0,true
MakeAR,39,493,5,213,---,MARKER_TRIPLE_DASH,,0,selected_zero_not_shown,0,true
MakeAR,39,493,6,22,---,MARKER_TRIPLE_DASH,,0,selected_zero_not_shown,0,true
MakeAR,39,493,7,23,---,MARKER_TRIPLE_DASH,,0,selected_zero_not_shown,0,true
MakeAR,39,493,8,321,---,MARKER_TRIPLE_DASH,,0,selected_zero_not_shown,0,true
MakeAR,39,493,9,327,---,MARKER_TRIPLE_DASH,,0,selected_zero_not_shown,0,true
MakeAR,39,493,10,331,---,MARKER_TRIPLE_DASH,,0,selected_zero_not_shown,0,true
MakeAR,39,493,11,332,---,MARKER_TRIPLE_DASH,,0,selected_zero_not_shown,0,true
MakeAR,39,493,12,333,---,MARKER_TRIPLE_DASH,,0,selected_zero_not_shown,0,true
MakeAR,39,493,13,334,---,MARKER_TRIPLE_DASH,,0,selected_zero_not_shown,0,true
MakeAR,39,493,14,335,---,MARKER_TRIPLE_DASH,,0,selected_zero_not_shown,0,true
MakeAR,39,493,15,3361MV,---,MARKER_TRIPLE_DASH,,0,selected_zero_not_shown,0,true
MakeAR,39,493,16,3364OT,---,MARKER_TRIPLE_DASH,,0,selected_zero_not_shown,0,true
MakeAR,39,493,17,337,---,MARKER_TRIPLE_DASH,,0,selected_zero_not_shown,0,true
MakeAR,39,493,18,339,---,MARKER_TRIPLE_DASH,,0,selected_zero_not_shown,0,true
MakeAR,39,493,19,311FT,---,MARKER_TRIPLE_DASH,,0,selected_zero_not_shown,0,true
MakeAR,39,493,20,313TT,---,MARKER_TRIPLE_DASH,,0,selected_zero_not_shown,0,true
MakeAR,39,493,21,315AL,---,MARKER_TRIPLE_DASH,,0,selected_zero_not_shown,0,true
MakeAR,39,493,22,322,---,MARKER_TRIPLE_DASH,,0,selected_zero_not_shown,0,true
MakeAR,39,493,23,323,---,MARKER_TRIPLE_DASH,,0,selected_zero_not_shown,0,true
MakeAR,39,493,24,324,---,MARKER_TRIPLE_DASH,,0,selected_zero_not_shown,0,true
MakeAR,39,493,25,325,---,MARKER_TRIPLE_DASH,,0,selected_zero_not_shown,0,true
MakeAR,39,493,26,326,---,MARKER_TRIPLE_DASH,,0,selected_zero_not_shown,0,true
MakeAR,39,493,27,42,---,MARKER_TRIPLE_DASH,,0,selected_zero_not_shown,0,true
MakeAR,39,493,28,441,---,MARKER_TRIPLE_DASH,,0,selected_zero_not_shown,0,true
MakeAR,39,493,29,445,---,MARKER_TRIPLE_DASH,,0,selected_zero_not_shown,0,true
MakeAR,39,493,30,452,---,MARKER_TRIPLE_DASH,,0,selected_zero_not_shown,0,true
MakeAR,39,493,31,4A0,---,MARKER_TRIPLE_DASH,,0,selected_zero_not_shown,0,true
MakeAR,39,493,32,481,---,MARKER_TRIPLE_DASH,,0,selected_zero_not_shown,0,true
MakeAR,39,493,33,482,---,MARKER_TRIPLE_DASH,,0,selected_zero_not_shown,0,true
MakeAR,39,493,34,483,---,MARKER_TRIPLE_DASH,,0,selected_zero_not_shown,0,true
MakeAR,39,493,35,484,---,MARKER_TRIPLE_DASH,,0,selected_zero_not_shown,0,true
MakeAR,39,493,36,485,---,MARKER_TRIPLE_DASH,,0,selected_zero_not_shown,0,true
MakeAR,39,493,37,486,---,MARKER_TRIPLE_DASH,,0,selected_zero_not_shown,0,true
MakeAR,39,493,38,487OS,---,MARKER_TRIPLE_DASH,,0,selected_zero_not_shown,0,true
MakeAR,39,493,39,493,"194,230",NONZERO_INTEGER,194230,194230,numeric,194230,true
MakeAR,39,493,40,511,---,MARKER_TRIPLE_DASH,,0,selected_zero_not_shown,0,true
MakeAR,39,493,41,512,---,MARKER_TRIPLE_DASH,,0,selected_zero_not_shown,0,true
MakeAR,39,493,42,513,---,MARKER_TRIPLE_DASH,,0,selected_zero_not_shown,0,true
MakeAR,39,493,43,514,---,MARKER_TRIPLE_DASH,,0,selected_zero_not_shown,0,true
MakeAR,39,493,44,521CI,---,MARKER_TRIPLE_DASH,,0,selected_zero_not_shown,0,true
MakeAR,39,493,45,523,---,MARKER_TRIPLE_DASH,,0,selected_zero_not_shown,0,true
MakeAR,39,493,46,524,---,MARKER_TRIPLE_DASH,,0,selected_zero_not_shown,0,true
MakeAR,39,493,47,525,---,MARKER_TRIPLE_DASH,,0,selected_zero_not_shown,0,true
MakeAR,39,493,48,HS,---,MARKER_TRIPLE_DASH,,0,selected_zero_not_shown,0,true
MakeAR,39,493,49,ORE,---,MARKER_TRIPLE_DASH,,0,selected_zero_not_shown,0,true
MakeAR,39,493,50,532RL,---,MARKER_TRIPLE_DASH,,0,selected_zero_not_shown,0,true
MakeAR,39,493,51,5411,---,MARKER_TRIPLE_DASH,,0,selected_zero_not_shown,0,true
MakeAR,39,493,52,5415,---,MARKER_TRIPLE_DASH,,0,selected_zero_not_shown,0,true
MakeAR,39,493,53,5412OP,---,MARKER_TRIPLE_DASH,,0,selected_zero_not_shown,0,true
MakeAR,39,493,54,55,---,MARKER_TRIPLE_DASH,,0,selected_zero_not_shown,0,true
MakeAR,39,493,55,561,---,MARKER_TRIPLE_DASH,,0,selected_zero_not_shown,0,true
MakeAR,39,493,56,562,---,MARKER_TRIPLE_DASH,,0,selected_zero_not_shown,0,true
MakeAR,39,493,57,61,---,MARKER_TRIPLE_DASH,,0,selected_zero_not_shown,0,true
MakeAR,39,493,58,621,---,MARKER_TRIPLE_DASH,,0,selected_zero_not_shown,0,true
MakeAR,39,493,59,622,---,MARKER_TRIPLE_DASH,,0,selected_zero_not_shown,0,true
MakeAR,39,493,60,623,---,MARKER_TRIPLE_DASH,,0,selected_zero_not_shown,0,true
MakeAR,39,493,61,624,---,MARKER_TRIPLE_DASH,,0,selected_zero_not_shown,0,true
MakeAR,39,493,62,711AS,---,MARKER_TRIPLE_DASH,,0,selected_zero_not_shown,0,true
MakeAR,39,493,63,713,---,MARKER_TRIPLE_DASH,,0,selected_zero_not_shown,0,true
MakeAR,39,493,64,721,---,MARKER_TRIPLE_DASH,,0,selected_zero_not_shown,0,true
MakeAR,39,493,65,722,---,MARKER_TRIPLE_DASH,,0,selected_zero_not_shown,0,true
MakeAR,39,493,66,81,---,MARKER_TRIPLE_DASH,,0,selected_zero_not_shown,0,true
MakeAR,39,493,67,GFGD,---,MARKER_TRIPLE_DASH,,0,selected_zero_not_shown,0,true
MakeAR,39,493,68,GFGN,---,MARKER_TRIPLE_DASH,,0,selected_zero_not_shown,0,true
MakeAR,39,493,69,GFE,---,MARKER_TRIPLE_DASH,,0,selected_zero_not_shown,0,true
MakeAR,39,493,70,GSLG,---,MARKER_TRIPLE_DASH,,0,selected_zero_not_shown,0,true
MakeAR,39,493,71,GSLE,---,MARKER_TRIPLE_DASH,,0,selected_zero_not_shown,0,true
MakeAR,39,493,72,Used,---,MARKER_TRIPLE_DASH,,0,selected_zero_not_shown,0,true
MakeAR,39,493,73,Other,---,MARKER_TRIPLE_DASH,,0,selected_zero_not_shown,0,true
MakeAR,40,511,1,111CA,---,MARKER_TRIPLE_DASH,,0,selected_zero_not_shown,0,true
MakeAR,40,511,2,113FF,---,MARKER_TRIPLE_DASH,,0,selected_zero_not_shown,0,true
MakeAR,40,511,3,211,---,MARKER_TRIPLE_DASH,,0,selected_zero_not_shown,0,true
MakeAR,40,511,4,212,---,MARKER_TRIPLE_DASH,,0,selected_zero_not_shown,0,true
MakeAR,40,511,5,213,---,MARKER_TRIPLE_DASH,,0,selected_zero_not_shown,0,true
MakeAR,40,511,6,22,---,MARKER_TRIPLE_DASH,,0,selected_zero_not_shown,0,true
MakeAR,40,511,7,23,---,MARKER_TRIPLE_DASH,,0,selected_zero_not_shown,0,true
MakeAR,40,511,8,321,---,MARKER_TRIPLE_DASH,,0,selected_zero_not_shown,0,true
MakeAR,40,511,9,327,---,MARKER_TRIPLE_DASH,,0,selected_zero_not_shown,0,true
MakeAR,40,511,10,331,---,MARKER_TRIPLE_DASH,,0,selected_zero_not_shown,0,true
MakeAR,40,511,11,332,---,MARKER_TRIPLE_DASH,,0,selected_zero_not_shown,0,true
MakeAR,40,511,12,333,---,MARKER_TRIPLE_DASH,,0,selected_zero_not_shown,0,true
MakeAR,40,511,13,334,---,MARKER_TRIPLE_DASH,,0,selected_zero_not_shown,0,true
MakeAR,40,511,14,335,---,MARKER_TRIPLE_DASH,,0,selected_zero_not_shown,0,true
MakeAR,40,511,15,3361MV,---,MARKER_TRIPLE_DASH,,0,selected_zero_not_shown,0,true
MakeAR,40,511,16,3364OT,---,MARKER_TRIPLE_DASH,,0,selected_zero_not_shown,0,true
MakeAR,40,511,17,337,---,MARKER_TRIPLE_DASH,,0,selected_zero_not_shown,0,true
MakeAR,40,511,18,339,---,MARKER_TRIPLE_DASH,,0,selected_zero_not_shown,0,true
MakeAR,40,511,19,311FT,---,MARKER_TRIPLE_DASH,,0,selected_zero_not_shown,0,true
MakeAR,40,511,20,313TT,---,MARKER_TRIPLE_DASH,,0,selected_zero_not_shown,0,true
MakeAR,40,511,21,315AL,---,MARKER_TRIPLE_DASH,,0,selected_zero_not_shown,0,true
MakeAR,40,511,22,322,---,MARKER_TRIPLE_DASH,,0,selected_zero_not_shown,0,true
MakeAR,40,511,23,323,---,MARKER_TRIPLE_DASH,,0,selected_zero_not_shown,0,true
MakeAR,40,511,24,324,---,MARKER_TRIPLE_DASH,,0,selected_zero_not_shown,0,true
MakeAR,40,511,25,325,---,MARKER_TRIPLE_DASH,,0,selected_zero_not_shown,0,true
MakeAR,40,511,26,326,---,MARKER_TRIPLE_DASH,,0,selected_zero_not_shown,0,true
MakeAR,40,511,27,42,---,MARKER_TRIPLE_DASH,,0,selected_zero_not_shown,0,true
MakeAR,40,511,28,441,---,MARKER_TRIPLE_DASH,,0,selected_zero_not_shown,0,true
MakeAR,40,511,29,445,---,MARKER_TRIPLE_DASH,,0,selected_zero_not_shown,0,true
MakeAR,40,511,30,452,---,MARKER_TRIPLE_DASH,,0,selected_zero_not_shown,0,true
MakeAR,40,511,31,4A0,---,MARKER_TRIPLE_DASH,,0,selected_zero_not_shown,0,true
MakeAR,40,511,32,481,---,MARKER_TRIPLE_DASH,,0,selected_zero_not_shown,0,true
MakeAR,40,511,33,482,---,MARKER_TRIPLE_DASH,,0,selected_zero_not_shown,0,true
MakeAR,40,511,34,483,---,MARKER_TRIPLE_DASH,,0,selected_zero_not_shown,0,true
MakeAR,40,511,35,484,---,MARKER_TRIPLE_DASH,,0,selected_zero_not_shown,0,true
MakeAR,40,511,36,485,---,MARKER_TRIPLE_DASH,,0,selected_zero_not_shown,0,true
MakeAR,40,511,37,486,---,MARKER_TRIPLE_DASH,,0,selected_zero_not_shown,0,true
MakeAR,40,511,38,487OS,---,MARKER_TRIPLE_DASH,,0,selected_zero_not_shown,0,true
MakeAR,40,511,39,493,---,MARKER_TRIPLE_DASH,,0,selected_zero_not_shown,0,true
MakeAR,40,511,40,511,"501,563",NONZERO_INTEGER,501563,501563,numeric,501563,true
MakeAR,40,511,41,512,---,MARKER_TRIPLE_DASH,,0,selected_zero_not_shown,0,true
MakeAR,40,511,42,513,---,MARKER_TRIPLE_DASH,,0,selected_zero_not_shown,0,true
MakeAR,40,511,43,514,"66,407",NONZERO_INTEGER,66407,66407,numeric,66407,true
MakeAR,40,511,44,521CI,---,MARKER_TRIPLE_DASH,,0,selected_zero_not_shown,0,true
MakeAR,40,511,45,523,---,MARKER_TRIPLE_DASH,,0,selected_zero_not_shown,0,true
MakeAR,40,511,46,524,---,MARKER_TRIPLE_DASH,,0,selected_zero_not_shown,0,true
MakeAR,40,511,47,525,---,MARKER_TRIPLE_DASH,,0,selected_zero_not_shown,0,true
MakeAR,40,511,48,HS,---,MARKER_TRIPLE_DASH,,0,selected_zero_not_shown,0,true
MakeAR,40,511,49,ORE,---,MARKER_TRIPLE_DASH,,0,selected_zero_not_shown,0,true
MakeAR,40,511,50,532RL,---,MARKER_TRIPLE_DASH,,0,selected_zero_not_shown,0,true
MakeAR,40,511,51,5411,---,MARKER_TRIPLE_DASH,,0,selected_zero_not_shown,0,true
MakeAR,40,511,52,5415,"7,104",NONZERO_INTEGER,7104,7104,numeric,7104,true
MakeAR,40,511,53,5412OP,"26,486",NONZERO_INTEGER,26486,26486,numeric,26486,true
MakeAR,40,511,54,55,---,MARKER_TRIPLE_DASH,,0,selected_zero_not_shown,0,true
MakeAR,40,511,55,561,183,NONZERO_INTEGER,183,183,numeric,183,true
MakeAR,40,511,56,562,---,MARKER_TRIPLE_DASH,,0,selected_zero_not_shown,0,true
MakeAR,40,511,57,61,564,NONZERO_INTEGER,564,564,numeric,564,true
MakeAR,40,511,58,621,---,MARKER_TRIPLE_DASH,,0,selected_zero_not_shown,0,true
MakeAR,40,511,59,622,---,MARKER_TRIPLE_DASH,,0,selected_zero_not_shown,0,true
MakeAR,40,511,60,623,---,MARKER_TRIPLE_DASH,,0,selected_zero_not_shown,0,true
MakeAR,40,511,61,624,---,MARKER_TRIPLE_DASH,,0,selected_zero_not_shown,0,true
MakeAR,40,511,62,711AS,---,MARKER_TRIPLE_DASH,,0,selected_zero_not_shown,0,true
MakeAR,40,511,63,713,---,MARKER_TRIPLE_DASH,,0,selected_zero_not_shown,0,true
MakeAR,40,511,64,721,---,MARKER_TRIPLE_DASH,,0,selected_zero_not_shown,0,true
MakeAR,40,511,65,722,---,MARKER_TRIPLE_DASH,,0,selected_zero_not_shown,0,true
MakeAR,40,511,66,81,---,MARKER_TRIPLE_DASH,,0,selected_zero_not_shown,0,true
MakeAR,40,511,67,GFGD,---,MARKER_TRIPLE_DASH,,0,selected_zero_not_shown,0,true
MakeAR,40,511,68,GFGN,---,MARKER_TRIPLE_DASH,,0,selected_zero_not_shown,0,true
MakeAR,40,511,69,GFE,---,MARKER_TRIPLE_DASH,,0,selected_zero_not_shown,0,true
MakeAR,40,511,70,GSLG,---,MARKER_TRIPLE_DASH,,0,selected_zero_not_shown,0,true
MakeAR,40,511,71,GSLE,---,MARKER_TRIPLE_DASH,,0,selected_zero_not_shown,0,true
MakeAR,40,511,72,Used,---,MARKER_TRIPLE_DASH,,0,selected_zero_not_shown,0,true
MakeAR,40,511,73,Other,---,MARKER_TRIPLE_DASH,,0,selected_zero_not_shown,0,true
MakeAR,41,512,1,111CA,---,MARKER_TRIPLE_DASH,,0,selected_zero_not_shown,0,true
MakeAR,41,512,2,113FF,---,MARKER_TRIPLE_DASH,,0,selected_zero_not_shown,0,true
MakeAR,41,512,3,211,---,MARKER_TRIPLE_DASH,,0,selected_zero_not_shown,0,true
MakeAR,41,512,4,212,---,MARKER_TRIPLE_DASH,,0,selected_zero_not_shown,0,true
MakeAR,41,512,5,213,---,MARKER_TRIPLE_DASH,,0,selected_zero_not_shown,0,true
MakeAR,41,512,6,22,---,MARKER_TRIPLE_DASH,,0,selected_zero_not_shown,0,true
MakeAR,41,512,7,23,---,MARKER_TRIPLE_DASH,,0,selected_zero_not_shown,0,true
MakeAR,41,512,8,321,---,MARKER_TRIPLE_DASH,,0,selected_zero_not_shown,0,true
MakeAR,41,512,9,327,---,MARKER_TRIPLE_DASH,,0,selected_zero_not_shown,0,true
MakeAR,41,512,10,331,---,MARKER_TRIPLE_DASH,,0,selected_zero_not_shown,0,true
MakeAR,41,512,11,332,---,MARKER_TRIPLE_DASH,,0,selected_zero_not_shown,0,true
MakeAR,41,512,12,333,---,MARKER_TRIPLE_DASH,,0,selected_zero_not_shown,0,true
MakeAR,41,512,13,334,---,MARKER_TRIPLE_DASH,,0,selected_zero_not_shown,0,true
MakeAR,41,512,14,335,---,MARKER_TRIPLE_DASH,,0,selected_zero_not_shown,0,true
MakeAR,41,512,15,3361MV,---,MARKER_TRIPLE_DASH,,0,selected_zero_not_shown,0,true
MakeAR,41,512,16,3364OT,---,MARKER_TRIPLE_DASH,,0,selected_zero_not_shown,0,true
MakeAR,41,512,17,337,---,MARKER_TRIPLE_DASH,,0,selected_zero_not_shown,0,true
MakeAR,41,512,18,339,---,MARKER_TRIPLE_DASH,,0,selected_zero_not_shown,0,true
MakeAR,41,512,19,311FT,---,MARKER_TRIPLE_DASH,,0,selected_zero_not_shown,0,true
MakeAR,41,512,20,313TT,---,MARKER_TRIPLE_DASH,,0,selected_zero_not_shown,0,true
MakeAR,41,512,21,315AL,---,MARKER_TRIPLE_DASH,,0,selected_zero_not_shown,0,true
MakeAR,41,512,22,322,---,MARKER_TRIPLE_DASH,,0,selected_zero_not_shown,0,true
MakeAR,41,512,23,323,---,MARKER_TRIPLE_DASH,,0,selected_zero_not_shown,0,true
MakeAR,41,512,24,324,---,MARKER_TRIPLE_DASH,,0,selected_zero_not_shown,0,true
MakeAR,41,512,25,325,---,MARKER_TRIPLE_DASH,,0,selected_zero_not_shown,0,true
MakeAR,41,512,26,326,---,MARKER_TRIPLE_DASH,,0,selected_zero_not_shown,0,true
MakeAR,41,512,27,42,---,MARKER_TRIPLE_DASH,,0,selected_zero_not_shown,0,true
MakeAR,41,512,28,441,---,MARKER_TRIPLE_DASH,,0,selected_zero_not_shown,0,true
MakeAR,41,512,29,445,---,MARKER_TRIPLE_DASH,,0,selected_zero_not_shown,0,true
MakeAR,41,512,30,452,---,MARKER_TRIPLE_DASH,,0,selected_zero_not_shown,0,true
MakeAR,41,512,31,4A0,---,MARKER_TRIPLE_DASH,,0,selected_zero_not_shown,0,true
MakeAR,41,512,32,481,---,MARKER_TRIPLE_DASH,,0,selected_zero_not_shown,0,true
MakeAR,41,512,33,482,---,MARKER_TRIPLE_DASH,,0,selected_zero_not_shown,0,true
MakeAR,41,512,34,483,---,MARKER_TRIPLE_DASH,,0,selected_zero_not_shown,0,true
MakeAR,41,512,35,484,---,MARKER_TRIPLE_DASH,,0,selected_zero_not_shown,0,true
MakeAR,41,512,36,485,---,MARKER_TRIPLE_DASH,,0,selected_zero_not_shown,0,true
MakeAR,41,512,37,486,---,MARKER_TRIPLE_DASH,,0,selected_zero_not_shown,0,true
MakeAR,41,512,38,487OS,---,MARKER_TRIPLE_DASH,,0,selected_zero_not_shown,0,true
MakeAR,41,512,39,493,---,MARKER_TRIPLE_DASH,,0,selected_zero_not_shown,0,true
MakeAR,41,512,40,511,---,MARKER_TRIPLE_DASH,,0,selected_zero_not_shown,0,true
MakeAR,41,512,41,512,"203,274",NONZERO_INTEGER,203274,203274,numeric,203274,true
MakeAR,41,512,42,513,---,MARKER_TRIPLE_DASH,,0,selected_zero_not_shown,0,true
MakeAR,41,512,43,514,---,MARKER_TRIPLE_DASH,,0,selected_zero_not_shown,0,true
MakeAR,41,512,44,521CI,---,MARKER_TRIPLE_DASH,,0,selected_zero_not_shown,0,true
MakeAR,41,512,45,523,---,MARKER_TRIPLE_DASH,,0,selected_zero_not_shown,0,true
MakeAR,41,512,46,524,---,MARKER_TRIPLE_DASH,,0,selected_zero_not_shown,0,true
MakeAR,41,512,47,525,---,MARKER_TRIPLE_DASH,,0,selected_zero_not_shown,0,true
MakeAR,41,512,48,HS,---,MARKER_TRIPLE_DASH,,0,selected_zero_not_shown,0,true
MakeAR,41,512,49,ORE,---,MARKER_TRIPLE_DASH,,0,selected_zero_not_shown,0,true
MakeAR,41,512,50,532RL,---,MARKER_TRIPLE_DASH,,0,selected_zero_not_shown,0,true
MakeAR,41,512,51,5411,---,MARKER_TRIPLE_DASH,,0,selected_zero_not_shown,0,true
MakeAR,41,512,52,5415,---,MARKER_TRIPLE_DASH,,0,selected_zero_not_shown,0,true
MakeAR,41,512,53,5412OP,183,NONZERO_INTEGER,183,183,numeric,183,true
MakeAR,41,512,54,55,---,MARKER_TRIPLE_DASH,,0,selected_zero_not_shown,0,true
MakeAR,41,512,55,561,---,MARKER_TRIPLE_DASH,,0,selected_zero_not_shown,0,true
MakeAR,41,512,56,562,---,MARKER_TRIPLE_DASH,,0,selected_zero_not_shown,0,true
MakeAR,41,512,57,61,---,MARKER_TRIPLE_DASH,,0,selected_zero_not_shown,0,true
MakeAR,41,512,58,621,---,MARKER_TRIPLE_DASH,,0,selected_zero_not_shown,0,true
MakeAR,41,512,59,622,---,MARKER_TRIPLE_DASH,,0,selected_zero_not_shown,0,true
MakeAR,41,512,60,623,---,MARKER_TRIPLE_DASH,,0,selected_zero_not_shown,0,true
MakeAR,41,512,61,624,---,MARKER_TRIPLE_DASH,,0,selected_zero_not_shown,0,true
MakeAR,41,512,62,711AS,---,MARKER_TRIPLE_DASH,,0,selected_zero_not_shown,0,true
MakeAR,41,512,63,713,48,NONZERO_INTEGER,48,48,numeric,48,true
MakeAR,41,512,64,721,---,MARKER_TRIPLE_DASH,,0,selected_zero_not_shown,0,true
MakeAR,41,512,65,722,---,MARKER_TRIPLE_DASH,,0,selected_zero_not_shown,0,true
MakeAR,41,512,66,81,---,MARKER_TRIPLE_DASH,,0,selected_zero_not_shown,0,true
MakeAR,41,512,67,GFGD,---,MARKER_TRIPLE_DASH,,0,selected_zero_not_shown,0,true
MakeAR,41,512,68,GFGN,---,MARKER_TRIPLE_DASH,,0,selected_zero_not_shown,0,true
MakeAR,41,512,69,GFE,---,MARKER_TRIPLE_DASH,,0,selected_zero_not_shown,0,true
MakeAR,41,512,70,GSLG,---,MARKER_TRIPLE_DASH,,0,selected_zero_not_shown,0,true
MakeAR,41,512,71,GSLE,---,MARKER_TRIPLE_DASH,,0,selected_zero_not_shown,0,true
MakeAR,41,512,72,Used,---,MARKER_TRIPLE_DASH,,0,selected_zero_not_shown,0,true
MakeAR,41,512,73,Other,---,MARKER_TRIPLE_DASH,,0,selected_zero_not_shown,0,true
MakeAR,42,513,1,111CA,---,MARKER_TRIPLE_DASH,,0,selected_zero_not_shown,0,true
MakeAR,42,513,2,113FF,---,MARKER_TRIPLE_DASH,,0,selected_zero_not_shown,0,true
MakeAR,42,513,3,211,---,MARKER_TRIPLE_DASH,,0,selected_zero_not_shown,0,true
MakeAR,42,513,4,212,---,MARKER_TRIPLE_DASH,,0,selected_zero_not_shown,0,true
MakeAR,42,513,5,213,---,MARKER_TRIPLE_DASH,,0,selected_zero_not_shown,0,true
MakeAR,42,513,6,22,---,MARKER_TRIPLE_DASH,,0,selected_zero_not_shown,0,true
MakeAR,42,513,7,23,---,MARKER_TRIPLE_DASH,,0,selected_zero_not_shown,0,true
MakeAR,42,513,8,321,---,MARKER_TRIPLE_DASH,,0,selected_zero_not_shown,0,true
MakeAR,42,513,9,327,---,MARKER_TRIPLE_DASH,,0,selected_zero_not_shown,0,true
MakeAR,42,513,10,331,---,MARKER_TRIPLE_DASH,,0,selected_zero_not_shown,0,true
MakeAR,42,513,11,332,---,MARKER_TRIPLE_DASH,,0,selected_zero_not_shown,0,true
MakeAR,42,513,12,333,---,MARKER_TRIPLE_DASH,,0,selected_zero_not_shown,0,true
MakeAR,42,513,13,334,---,MARKER_TRIPLE_DASH,,0,selected_zero_not_shown,0,true
MakeAR,42,513,14,335,---,MARKER_TRIPLE_DASH,,0,selected_zero_not_shown,0,true
MakeAR,42,513,15,3361MV,---,MARKER_TRIPLE_DASH,,0,selected_zero_not_shown,0,true
MakeAR,42,513,16,3364OT,---,MARKER_TRIPLE_DASH,,0,selected_zero_not_shown,0,true
MakeAR,42,513,17,337,---,MARKER_TRIPLE_DASH,,0,selected_zero_not_shown,0,true
MakeAR,42,513,18,339,---,MARKER_TRIPLE_DASH,,0,selected_zero_not_shown,0,true
MakeAR,42,513,19,311FT,---,MARKER_TRIPLE_DASH,,0,selected_zero_not_shown,0,true
MakeAR,42,513,20,313TT,---,MARKER_TRIPLE_DASH,,0,selected_zero_not_shown,0,true
MakeAR,42,513,21,315AL,---,MARKER_TRIPLE_DASH,,0,selected_zero_not_shown,0,true
MakeAR,42,513,22,322,---,MARKER_TRIPLE_DASH,,0,selected_zero_not_shown,0,true
MakeAR,42,513,23,323,---,MARKER_TRIPLE_DASH,,0,selected_zero_not_shown,0,true
MakeAR,42,513,24,324,---,MARKER_TRIPLE_DASH,,0,selected_zero_not_shown,0,true
MakeAR,42,513,25,325,---,MARKER_TRIPLE_DASH,,0,selected_zero_not_shown,0,true
MakeAR,42,513,26,326,---,MARKER_TRIPLE_DASH,,0,selected_zero_not_shown,0,true
MakeAR,42,513,27,42,---,MARKER_TRIPLE_DASH,,0,selected_zero_not_shown,0,true
MakeAR,42,513,28,441,---,MARKER_TRIPLE_DASH,,0,selected_zero_not_shown,0,true
MakeAR,42,513,29,445,---,MARKER_TRIPLE_DASH,,0,selected_zero_not_shown,0,true
MakeAR,42,513,30,452,---,MARKER_TRIPLE_DASH,,0,selected_zero_not_shown,0,true
MakeAR,42,513,31,4A0,---,MARKER_TRIPLE_DASH,,0,selected_zero_not_shown,0,true
MakeAR,42,513,32,481,---,MARKER_TRIPLE_DASH,,0,selected_zero_not_shown,0,true
MakeAR,42,513,33,482,---,MARKER_TRIPLE_DASH,,0,selected_zero_not_shown,0,true
MakeAR,42,513,34,483,---,MARKER_TRIPLE_DASH,,0,selected_zero_not_shown,0,true
MakeAR,42,513,35,484,---,MARKER_TRIPLE_DASH,,0,selected_zero_not_shown,0,true
MakeAR,42,513,36,485,---,MARKER_TRIPLE_DASH,,0,selected_zero_not_shown,0,true
MakeAR,42,513,37,486,---,MARKER_TRIPLE_DASH,,0,selected_zero_not_shown,0,true
MakeAR,42,513,38,487OS,---,MARKER_TRIPLE_DASH,,0,selected_zero_not_shown,0,true
MakeAR,42,513,39,493,---,MARKER_TRIPLE_DASH,,0,selected_zero_not_shown,0,true
MakeAR,42,513,40,511,0,LITERAL_ZERO,0,0,numeric,0,true
MakeAR,42,513,41,512,"1,293",NONZERO_INTEGER,1293,1293,numeric,1293,true
MakeAR,42,513,42,513,"792,707",NONZERO_INTEGER,792707,792707,numeric,792707,true
MakeAR,42,513,43,514,0,LITERAL_ZERO,0,0,numeric,0,true
MakeAR,42,513,44,521CI,---,MARKER_TRIPLE_DASH,,0,selected_zero_not_shown,0,true
MakeAR,42,513,45,523,---,MARKER_TRIPLE_DASH,,0,selected_zero_not_shown,0,true
MakeAR,42,513,46,524,---,MARKER_TRIPLE_DASH,,0,selected_zero_not_shown,0,true
MakeAR,42,513,47,525,---,MARKER_TRIPLE_DASH,,0,selected_zero_not_shown,0,true
MakeAR,42,513,48,HS,---,MARKER_TRIPLE_DASH,,0,selected_zero_not_shown,0,true
MakeAR,42,513,49,ORE,---,MARKER_TRIPLE_DASH,,0,selected_zero_not_shown,0,true
MakeAR,42,513,50,532RL,---,MARKER_TRIPLE_DASH,,0,selected_zero_not_shown,0,true
MakeAR,42,513,51,5411,---,MARKER_TRIPLE_DASH,,0,selected_zero_not_shown,0,true
MakeAR,42,513,52,5415,0,LITERAL_ZERO,0,0,numeric,0,true
MakeAR,42,513,53,5412OP,"112,132",NONZERO_INTEGER,112132,112132,numeric,112132,true
MakeAR,42,513,54,55,---,MARKER_TRIPLE_DASH,,0,selected_zero_not_shown,0,true
MakeAR,42,513,55,561,---,MARKER_TRIPLE_DASH,,0,selected_zero_not_shown,0,true
MakeAR,42,513,56,562,---,MARKER_TRIPLE_DASH,,0,selected_zero_not_shown,0,true
MakeAR,42,513,57,61,0,LITERAL_ZERO,0,0,numeric,0,true
MakeAR,42,513,58,621,---,MARKER_TRIPLE_DASH,,0,selected_zero_not_shown,0,true
MakeAR,42,513,59,622,---,MARKER_TRIPLE_DASH,,0,selected_zero_not_shown,0,true
MakeAR,42,513,60,623,---,MARKER_TRIPLE_DASH,,0,selected_zero_not_shown,0,true
MakeAR,42,513,61,624,---,MARKER_TRIPLE_DASH,,0,selected_zero_not_shown,0,true
MakeAR,42,513,62,711AS,---,MARKER_TRIPLE_DASH,,0,selected_zero_not_shown,0,true
MakeAR,42,513,63,713,---,MARKER_TRIPLE_DASH,,0,selected_zero_not_shown,0,true
MakeAR,42,513,64,721,---,MARKER_TRIPLE_DASH,,0,selected_zero_not_shown,0,true
MakeAR,42,513,65,722,---,MARKER_TRIPLE_DASH,,0,selected_zero_not_shown,0,true
MakeAR,42,513,66,81,4,NONZERO_INTEGER,4,4,numeric,4,true
MakeAR,42,513,67,GFGD,---,MARKER_TRIPLE_DASH,,0,selected_zero_not_shown,0,true
MakeAR,42,513,68,GFGN,---,MARKER_TRIPLE_DASH,,0,selected_zero_not_shown,0,true
MakeAR,42,513,69,GFE,---,MARKER_TRIPLE_DASH,,0,selected_zero_not_shown,0,true
MakeAR,42,513,70,GSLG,---,MARKER_TRIPLE_DASH,,0,selected_zero_not_shown,0,true
MakeAR,42,513,71,GSLE,---,MARKER_TRIPLE_DASH,,0,selected_zero_not_shown,0,true
MakeAR,42,513,72,Used,---,MARKER_TRIPLE_DASH,,0,selected_zero_not_shown,0,true
MakeAR,42,513,73,Other,---,MARKER_TRIPLE_DASH,,0,selected_zero_not_shown,0,true
MakeAR,43,514,1,111CA,---,MARKER_TRIPLE_DASH,,0,selected_zero_not_shown,0,true
MakeAR,43,514,2,113FF,---,MARKER_TRIPLE_DASH,,0,selected_zero_not_shown,0,true
MakeAR,43,514,3,211,---,MARKER_TRIPLE_DASH,,0,selected_zero_not_shown,0,true
MakeAR,43,514,4,212,---,MARKER_TRIPLE_DASH,,0,selected_zero_not_shown,0,true
MakeAR,43,514,5,213,---,MARKER_TRIPLE_DASH,,0,selected_zero_not_shown,0,true
MakeAR,43,514,6,22,---,MARKER_TRIPLE_DASH,,0,selected_zero_not_shown,0,true
MakeAR,43,514,7,23,---,MARKER_TRIPLE_DASH,,0,selected_zero_not_shown,0,true
MakeAR,43,514,8,321,---,MARKER_TRIPLE_DASH,,0,selected_zero_not_shown,0,true
MakeAR,43,514,9,327,---,MARKER_TRIPLE_DASH,,0,selected_zero_not_shown,0,true
MakeAR,43,514,10,331,---,MARKER_TRIPLE_DASH,,0,selected_zero_not_shown,0,true
MakeAR,43,514,11,332,---,MARKER_TRIPLE_DASH,,0,selected_zero_not_shown,0,true
MakeAR,43,514,12,333,---,MARKER_TRIPLE_DASH,,0,selected_zero_not_shown,0,true
MakeAR,43,514,13,334,---,MARKER_TRIPLE_DASH,,0,selected_zero_not_shown,0,true
MakeAR,43,514,14,335,---,MARKER_TRIPLE_DASH,,0,selected_zero_not_shown,0,true
MakeAR,43,514,15,3361MV,---,MARKER_TRIPLE_DASH,,0,selected_zero_not_shown,0,true
MakeAR,43,514,16,3364OT,---,MARKER_TRIPLE_DASH,,0,selected_zero_not_shown,0,true
MakeAR,43,514,17,337,---,MARKER_TRIPLE_DASH,,0,selected_zero_not_shown,0,true
MakeAR,43,514,18,339,---,MARKER_TRIPLE_DASH,,0,selected_zero_not_shown,0,true
MakeAR,43,514,19,311FT,---,MARKER_TRIPLE_DASH,,0,selected_zero_not_shown,0,true
MakeAR,43,514,20,313TT,---,MARKER_TRIPLE_DASH,,0,selected_zero_not_shown,0,true
MakeAR,43,514,21,315AL,---,MARKER_TRIPLE_DASH,,0,selected_zero_not_shown,0,true
MakeAR,43,514,22,322,---,MARKER_TRIPLE_DASH,,0,selected_zero_not_shown,0,true
MakeAR,43,514,23,323,---,MARKER_TRIPLE_DASH,,0,selected_zero_not_shown,0,true
MakeAR,43,514,24,324,---,MARKER_TRIPLE_DASH,,0,selected_zero_not_shown,0,true
MakeAR,43,514,25,325,---,MARKER_TRIPLE_DASH,,0,selected_zero_not_shown,0,true
MakeAR,43,514,26,326,---,MARKER_TRIPLE_DASH,,0,selected_zero_not_shown,0,true
MakeAR,43,514,27,42,---,MARKER_TRIPLE_DASH,,0,selected_zero_not_shown,0,true
MakeAR,43,514,28,441,---,MARKER_TRIPLE_DASH,,0,selected_zero_not_shown,0,true
MakeAR,43,514,29,445,---,MARKER_TRIPLE_DASH,,0,selected_zero_not_shown,0,true
MakeAR,43,514,30,452,---,MARKER_TRIPLE_DASH,,0,selected_zero_not_shown,0,true
MakeAR,43,514,31,4A0,---,MARKER_TRIPLE_DASH,,0,selected_zero_not_shown,0,true
MakeAR,43,514,32,481,---,MARKER_TRIPLE_DASH,,0,selected_zero_not_shown,0,true
MakeAR,43,514,33,482,---,MARKER_TRIPLE_DASH,,0,selected_zero_not_shown,0,true
MakeAR,43,514,34,483,---,MARKER_TRIPLE_DASH,,0,selected_zero_not_shown,0,true
MakeAR,43,514,35,484,---,MARKER_TRIPLE_DASH,,0,selected_zero_not_shown,0,true
MakeAR,43,514,36,485,---,MARKER_TRIPLE_DASH,,0,selected_zero_not_shown,0,true
MakeAR,43,514,37,486,---,MARKER_TRIPLE_DASH,,0,selected_zero_not_shown,0,true
MakeAR,43,514,38,487OS,---,MARKER_TRIPLE_DASH,,0,selected_zero_not_shown,0,true
MakeAR,43,514,39,493,---,MARKER_TRIPLE_DASH,,0,selected_zero_not_shown,0,true
MakeAR,43,514,40,511,"27,195",NONZERO_INTEGER,27195,27195,numeric,27195,true
MakeAR,43,514,41,512,---,MARKER_TRIPLE_DASH,,0,selected_zero_not_shown,0,true
MakeAR,43,514,42,513,192,NONZERO_INTEGER,192,192,numeric,192,true
MakeAR,43,514,43,514,"603,164",NONZERO_INTEGER,603164,603164,numeric,603164,true
MakeAR,43,514,44,521CI,---,MARKER_TRIPLE_DASH,,0,selected_zero_not_shown,0,true
MakeAR,43,514,45,523,---,MARKER_TRIPLE_DASH,,0,selected_zero_not_shown,0,true
MakeAR,43,514,46,524,---,MARKER_TRIPLE_DASH,,0,selected_zero_not_shown,0,true
MakeAR,43,514,47,525,---,MARKER_TRIPLE_DASH,,0,selected_zero_not_shown,0,true
MakeAR,43,514,48,HS,---,MARKER_TRIPLE_DASH,,0,selected_zero_not_shown,0,true
MakeAR,43,514,49,ORE,---,MARKER_TRIPLE_DASH,,0,selected_zero_not_shown,0,true
MakeAR,43,514,50,532RL,41,NONZERO_INTEGER,41,41,numeric,41,true
MakeAR,43,514,51,5411,---,MARKER_TRIPLE_DASH,,0,selected_zero_not_shown,0,true
MakeAR,43,514,52,5415,0,LITERAL_ZERO,0,0,numeric,0,true
MakeAR,43,514,53,5412OP,"267,269",NONZERO_INTEGER,267269,267269,numeric,267269,true
MakeAR,43,514,54,55,---,MARKER_TRIPLE_DASH,,0,selected_zero_not_shown,0,true
MakeAR,43,514,55,561,113,NONZERO_INTEGER,113,113,numeric,113,true
MakeAR,43,514,56,562,---,MARKER_TRIPLE_DASH,,0,selected_zero_not_shown,0,true
MakeAR,43,514,57,61,207,NONZERO_INTEGER,207,207,numeric,207,true
MakeAR,43,514,58,621,---,MARKER_TRIPLE_DASH,,0,selected_zero_not_shown,0,true
MakeAR,43,514,59,622,---,MARKER_TRIPLE_DASH,,0,selected_zero_not_shown,0,true
MakeAR,43,514,60,623,---,MARKER_TRIPLE_DASH,,0,selected_zero_not_shown,0,true
MakeAR,43,514,61,624,---,MARKER_TRIPLE_DASH,,0,selected_zero_not_shown,0,true
MakeAR,43,514,62,711AS,---,MARKER_TRIPLE_DASH,,0,selected_zero_not_shown,0,true
MakeAR,43,514,63,713,---,MARKER_TRIPLE_DASH,,0,selected_zero_not_shown,0,true
MakeAR,43,514,64,721,---,MARKER_TRIPLE_DASH,,0,selected_zero_not_shown,0,true
MakeAR,43,514,65,722,---,MARKER_TRIPLE_DASH,,0,selected_zero_not_shown,0,true
MakeAR,43,514,66,81,---,MARKER_TRIPLE_DASH,,0,selected_zero_not_shown,0,true
MakeAR,43,514,67,GFGD,---,MARKER_TRIPLE_DASH,,0,selected_zero_not_shown,0,true
MakeAR,43,514,68,GFGN,---,MARKER_TRIPLE_DASH,,0,selected_zero_not_shown,0,true
MakeAR,43,514,69,GFE,---,MARKER_TRIPLE_DASH,,0,selected_zero_not_shown,0,true
MakeAR,43,514,70,GSLG,---,MARKER_TRIPLE_DASH,,0,selected_zero_not_shown,0,true
MakeAR,43,514,71,GSLE,---,MARKER_TRIPLE_DASH,,0,selected_zero_not_shown,0,true
MakeAR,43,514,72,Used,---,MARKER_TRIPLE_DASH,,0,selected_zero_not_shown,0,true
MakeAR,43,514,73,Other,---,MARKER_TRIPLE_DASH,,0,selected_zero_not_shown,0,true
MakeAR,44,521CI,1,111CA,---,MARKER_TRIPLE_DASH,,0,selected_zero_not_shown,0,true
MakeAR,44,521CI,2,113FF,---,MARKER_TRIPLE_DASH,,0,selected_zero_not_shown,0,true
MakeAR,44,521CI,3,211,---,MARKER_TRIPLE_DASH,,0,selected_zero_not_shown,0,true
MakeAR,44,521CI,4,212,---,MARKER_TRIPLE_DASH,,0,selected_zero_not_shown,0,true
MakeAR,44,521CI,5,213,---,MARKER_TRIPLE_DASH,,0,selected_zero_not_shown,0,true
MakeAR,44,521CI,6,22,---,MARKER_TRIPLE_DASH,,0,selected_zero_not_shown,0,true
MakeAR,44,521CI,7,23,---,MARKER_TRIPLE_DASH,,0,selected_zero_not_shown,0,true
MakeAR,44,521CI,8,321,---,MARKER_TRIPLE_DASH,,0,selected_zero_not_shown,0,true
MakeAR,44,521CI,9,327,---,MARKER_TRIPLE_DASH,,0,selected_zero_not_shown,0,true
MakeAR,44,521CI,10,331,---,MARKER_TRIPLE_DASH,,0,selected_zero_not_shown,0,true
MakeAR,44,521CI,11,332,---,MARKER_TRIPLE_DASH,,0,selected_zero_not_shown,0,true
MakeAR,44,521CI,12,333,---,MARKER_TRIPLE_DASH,,0,selected_zero_not_shown,0,true
MakeAR,44,521CI,13,334,---,MARKER_TRIPLE_DASH,,0,selected_zero_not_shown,0,true
MakeAR,44,521CI,14,335,---,MARKER_TRIPLE_DASH,,0,selected_zero_not_shown,0,true
MakeAR,44,521CI,15,3361MV,---,MARKER_TRIPLE_DASH,,0,selected_zero_not_shown,0,true
MakeAR,44,521CI,16,3364OT,---,MARKER_TRIPLE_DASH,,0,selected_zero_not_shown,0,true
MakeAR,44,521CI,17,337,---,MARKER_TRIPLE_DASH,,0,selected_zero_not_shown,0,true
MakeAR,44,521CI,18,339,---,MARKER_TRIPLE_DASH,,0,selected_zero_not_shown,0,true
MakeAR,44,521CI,19,311FT,---,MARKER_TRIPLE_DASH,,0,selected_zero_not_shown,0,true
MakeAR,44,521CI,20,313TT,---,MARKER_TRIPLE_DASH,,0,selected_zero_not_shown,0,true
MakeAR,44,521CI,21,315AL,---,MARKER_TRIPLE_DASH,,0,selected_zero_not_shown,0,true
MakeAR,44,521CI,22,322,---,MARKER_TRIPLE_DASH,,0,selected_zero_not_shown,0,true
MakeAR,44,521CI,23,323,---,MARKER_TRIPLE_DASH,,0,selected_zero_not_shown,0,true
MakeAR,44,521CI,24,324,---,MARKER_TRIPLE_DASH,,0,selected_zero_not_shown,0,true
MakeAR,44,521CI,25,325,---,MARKER_TRIPLE_DASH,,0,selected_zero_not_shown,0,true
MakeAR,44,521CI,26,326,---,MARKER_TRIPLE_DASH,,0,selected_zero_not_shown,0,true
MakeAR,44,521CI,27,42,---,MARKER_TRIPLE_DASH,,0,selected_zero_not_shown,0,true
MakeAR,44,521CI,28,441,---,MARKER_TRIPLE_DASH,,0,selected_zero_not_shown,0,true
MakeAR,44,521CI,29,445,---,MARKER_TRIPLE_DASH,,0,selected_zero_not_shown,0,true
MakeAR,44,521CI,30,452,---,MARKER_TRIPLE_DASH,,0,selected_zero_not_shown,0,true
MakeAR,44,521CI,31,4A0,---,MARKER_TRIPLE_DASH,,0,selected_zero_not_shown,0,true
MakeAR,44,521CI,32,481,---,MARKER_TRIPLE_DASH,,0,selected_zero_not_shown,0,true
MakeAR,44,521CI,33,482,---,MARKER_TRIPLE_DASH,,0,selected_zero_not_shown,0,true
MakeAR,44,521CI,34,483,---,MARKER_TRIPLE_DASH,,0,selected_zero_not_shown,0,true
MakeAR,44,521CI,35,484,---,MARKER_TRIPLE_DASH,,0,selected_zero_not_shown,0,true
MakeAR,44,521CI,36,485,---,MARKER_TRIPLE_DASH,,0,selected_zero_not_shown,0,true
MakeAR,44,521CI,37,486,---,MARKER_TRIPLE_DASH,,0,selected_zero_not_shown,0,true
MakeAR,44,521CI,38,487OS,---,MARKER_TRIPLE_DASH,,0,selected_zero_not_shown,0,true
MakeAR,44,521CI,39,493,---,MARKER_TRIPLE_DASH,,0,selected_zero_not_shown,0,true
MakeAR,44,521CI,40,511,---,MARKER_TRIPLE_DASH,,0,selected_zero_not_shown,0,true
MakeAR,44,521CI,41,512,---,MARKER_TRIPLE_DASH,,0,selected_zero_not_shown,0,true
MakeAR,44,521CI,42,513,---,MARKER_TRIPLE_DASH,,0,selected_zero_not_shown,0,true
MakeAR,44,521CI,43,514,---,MARKER_TRIPLE_DASH,,0,selected_zero_not_shown,0,true
MakeAR,44,521CI,44,521CI,"1,332,079",NONZERO_INTEGER,1332079,1332079,numeric,1332079,true
MakeAR,44,521CI,45,523,"31,516",NONZERO_INTEGER,31516,31516,numeric,31516,true
MakeAR,44,521CI,46,524,0,LITERAL_ZERO,0,0,numeric,0,true
MakeAR,44,521CI,47,525,---,MARKER_TRIPLE_DASH,,0,selected_zero_not_shown,0,true
MakeAR,44,521CI,48,HS,---,MARKER_TRIPLE_DASH,,0,selected_zero_not_shown,0,true
MakeAR,44,521CI,49,ORE,---,MARKER_TRIPLE_DASH,,0,selected_zero_not_shown,0,true
MakeAR,44,521CI,50,532RL,"58,923",NONZERO_INTEGER,58923,58923,numeric,58923,true
MakeAR,44,521CI,51,5411,---,MARKER_TRIPLE_DASH,,0,selected_zero_not_shown,0,true
MakeAR,44,521CI,52,5415,---,MARKER_TRIPLE_DASH,,0,selected_zero_not_shown,0,true
MakeAR,44,521CI,53,5412OP,---,MARKER_TRIPLE_DASH,,0,selected_zero_not_shown,0,true
MakeAR,44,521CI,54,55,---,MARKER_TRIPLE_DASH,,0,selected_zero_not_shown,0,true
MakeAR,44,521CI,55,561,---,MARKER_TRIPLE_DASH,,0,selected_zero_not_shown,0,true
MakeAR,44,521CI,56,562,---,MARKER_TRIPLE_DASH,,0,selected_zero_not_shown,0,true
MakeAR,44,521CI,57,61,---,MARKER_TRIPLE_DASH,,0,selected_zero_not_shown,0,true
MakeAR,44,521CI,58,621,---,MARKER_TRIPLE_DASH,,0,selected_zero_not_shown,0,true
MakeAR,44,521CI,59,622,---,MARKER_TRIPLE_DASH,,0,selected_zero_not_shown,0,true
MakeAR,44,521CI,60,623,---,MARKER_TRIPLE_DASH,,0,selected_zero_not_shown,0,true
MakeAR,44,521CI,61,624,---,MARKER_TRIPLE_DASH,,0,selected_zero_not_shown,0,true
MakeAR,44,521CI,62,711AS,---,MARKER_TRIPLE_DASH,,0,selected_zero_not_shown,0,true
MakeAR,44,521CI,63,713,---,MARKER_TRIPLE_DASH,,0,selected_zero_not_shown,0,true
MakeAR,44,521CI,64,721,---,MARKER_TRIPLE_DASH,,0,selected_zero_not_shown,0,true
MakeAR,44,521CI,65,722,---,MARKER_TRIPLE_DASH,,0,selected_zero_not_shown,0,true
MakeAR,44,521CI,66,81,---,MARKER_TRIPLE_DASH,,0,selected_zero_not_shown,0,true
MakeAR,44,521CI,67,GFGD,---,MARKER_TRIPLE_DASH,,0,selected_zero_not_shown,0,true
MakeAR,44,521CI,68,GFGN,---,MARKER_TRIPLE_DASH,,0,selected_zero_not_shown,0,true
MakeAR,44,521CI,69,GFE,---,MARKER_TRIPLE_DASH,,0,selected_zero_not_shown,0,true
MakeAR,44,521CI,70,GSLG,---,MARKER_TRIPLE_DASH,,0,selected_zero_not_shown,0,true
MakeAR,44,521CI,71,GSLE,---,MARKER_TRIPLE_DASH,,0,selected_zero_not_shown,0,true
MakeAR,44,521CI,72,Used,---,MARKER_TRIPLE_DASH,,0,selected_zero_not_shown,0,true
MakeAR,44,521CI,73,Other,---,MARKER_TRIPLE_DASH,,0,selected_zero_not_shown,0,true
MakeAR,45,523,1,111CA,---,MARKER_TRIPLE_DASH,,0,selected_zero_not_shown,0,true
MakeAR,45,523,2,113FF,---,MARKER_TRIPLE_DASH,,0,selected_zero_not_shown,0,true
MakeAR,45,523,3,211,---,MARKER_TRIPLE_DASH,,0,selected_zero_not_shown,0,true
MakeAR,45,523,4,212,---,MARKER_TRIPLE_DASH,,0,selected_zero_not_shown,0,true
MakeAR,45,523,5,213,---,MARKER_TRIPLE_DASH,,0,selected_zero_not_shown,0,true
MakeAR,45,523,6,22,---,MARKER_TRIPLE_DASH,,0,selected_zero_not_shown,0,true
MakeAR,45,523,7,23,---,MARKER_TRIPLE_DASH,,0,selected_zero_not_shown,0,true
MakeAR,45,523,8,321,---,MARKER_TRIPLE_DASH,,0,selected_zero_not_shown,0,true
MakeAR,45,523,9,327,---,MARKER_TRIPLE_DASH,,0,selected_zero_not_shown,0,true
MakeAR,45,523,10,331,---,MARKER_TRIPLE_DASH,,0,selected_zero_not_shown,0,true
MakeAR,45,523,11,332,---,MARKER_TRIPLE_DASH,,0,selected_zero_not_shown,0,true
MakeAR,45,523,12,333,---,MARKER_TRIPLE_DASH,,0,selected_zero_not_shown,0,true
MakeAR,45,523,13,334,---,MARKER_TRIPLE_DASH,,0,selected_zero_not_shown,0,true
MakeAR,45,523,14,335,---,MARKER_TRIPLE_DASH,,0,selected_zero_not_shown,0,true
MakeAR,45,523,15,3361MV,---,MARKER_TRIPLE_DASH,,0,selected_zero_not_shown,0,true
MakeAR,45,523,16,3364OT,---,MARKER_TRIPLE_DASH,,0,selected_zero_not_shown,0,true
MakeAR,45,523,17,337,---,MARKER_TRIPLE_DASH,,0,selected_zero_not_shown,0,true
MakeAR,45,523,18,339,---,MARKER_TRIPLE_DASH,,0,selected_zero_not_shown,0,true
MakeAR,45,523,19,311FT,---,MARKER_TRIPLE_DASH,,0,selected_zero_not_shown,0,true
MakeAR,45,523,20,313TT,---,MARKER_TRIPLE_DASH,,0,selected_zero_not_shown,0,true
MakeAR,45,523,21,315AL,---,MARKER_TRIPLE_DASH,,0,selected_zero_not_shown,0,true
MakeAR,45,523,22,322,---,MARKER_TRIPLE_DASH,,0,selected_zero_not_shown,0,true
MakeAR,45,523,23,323,---,MARKER_TRIPLE_DASH,,0,selected_zero_not_shown,0,true
MakeAR,45,523,24,324,---,MARKER_TRIPLE_DASH,,0,selected_zero_not_shown,0,true
MakeAR,45,523,25,325,---,MARKER_TRIPLE_DASH,,0,selected_zero_not_shown,0,true
MakeAR,45,523,26,326,---,MARKER_TRIPLE_DASH,,0,selected_zero_not_shown,0,true
MakeAR,45,523,27,42,---,MARKER_TRIPLE_DASH,,0,selected_zero_not_shown,0,true
MakeAR,45,523,28,441,---,MARKER_TRIPLE_DASH,,0,selected_zero_not_shown,0,true
MakeAR,45,523,29,445,---,MARKER_TRIPLE_DASH,,0,selected_zero_not_shown,0,true
MakeAR,45,523,30,452,---,MARKER_TRIPLE_DASH,,0,selected_zero_not_shown,0,true
MakeAR,45,523,31,4A0,---,MARKER_TRIPLE_DASH,,0,selected_zero_not_shown,0,true
MakeAR,45,523,32,481,---,MARKER_TRIPLE_DASH,,0,selected_zero_not_shown,0,true
MakeAR,45,523,33,482,---,MARKER_TRIPLE_DASH,,0,selected_zero_not_shown,0,true
MakeAR,45,523,34,483,---,MARKER_TRIPLE_DASH,,0,selected_zero_not_shown,0,true
MakeAR,45,523,35,484,---,MARKER_TRIPLE_DASH,,0,selected_zero_not_shown,0,true
MakeAR,45,523,36,485,---,MARKER_TRIPLE_DASH,,0,selected_zero_not_shown,0,true
MakeAR,45,523,37,486,---,MARKER_TRIPLE_DASH,,0,selected_zero_not_shown,0,true
MakeAR,45,523,38,487OS,---,MARKER_TRIPLE_DASH,,0,selected_zero_not_shown,0,true
MakeAR,45,523,39,493,---,MARKER_TRIPLE_DASH,,0,selected_zero_not_shown,0,true
MakeAR,45,523,40,511,---,MARKER_TRIPLE_DASH,,0,selected_zero_not_shown,0,true
MakeAR,45,523,41,512,---,MARKER_TRIPLE_DASH,,0,selected_zero_not_shown,0,true
MakeAR,45,523,42,513,---,MARKER_TRIPLE_DASH,,0,selected_zero_not_shown,0,true
MakeAR,45,523,43,514,---,MARKER_TRIPLE_DASH,,0,selected_zero_not_shown,0,true
MakeAR,45,523,44,521CI,"41,030",NONZERO_INTEGER,41030,41030,numeric,41030,true
MakeAR,45,523,45,523,"884,731",NONZERO_INTEGER,884731,884731,numeric,884731,true
MakeAR,45,523,46,524,"6,221",NONZERO_INTEGER,6221,6221,numeric,6221,true
MakeAR,45,523,47,525,---,MARKER_TRIPLE_DASH,,0,selected_zero_not_shown,0,true
MakeAR,45,523,48,HS,---,MARKER_TRIPLE_DASH,,0,selected_zero_not_shown,0,true
MakeAR,45,523,49,ORE,---,MARKER_TRIPLE_DASH,,0,selected_zero_not_shown,0,true
MakeAR,45,523,50,532RL,---,MARKER_TRIPLE_DASH,,0,selected_zero_not_shown,0,true
MakeAR,45,523,51,5411,---,MARKER_TRIPLE_DASH,,0,selected_zero_not_shown,0,true
MakeAR,45,523,52,5415,---,MARKER_TRIPLE_DASH,,0,selected_zero_not_shown,0,true
MakeAR,45,523,53,5412OP,---,MARKER_TRIPLE_DASH,,0,selected_zero_not_shown,0,true
MakeAR,45,523,54,55,---,MARKER_TRIPLE_DASH,,0,selected_zero_not_shown,0,true
MakeAR,45,523,55,561,---,MARKER_TRIPLE_DASH,,0,selected_zero_not_shown,0,true
MakeAR,45,523,56,562,---,MARKER_TRIPLE_DASH,,0,selected_zero_not_shown,0,true
MakeAR,45,523,57,61,---,MARKER_TRIPLE_DASH,,0,selected_zero_not_shown,0,true
MakeAR,45,523,58,621,---,MARKER_TRIPLE_DASH,,0,selected_zero_not_shown,0,true
MakeAR,45,523,59,622,---,MARKER_TRIPLE_DASH,,0,selected_zero_not_shown,0,true
MakeAR,45,523,60,623,---,MARKER_TRIPLE_DASH,,0,selected_zero_not_shown,0,true
MakeAR,45,523,61,624,---,MARKER_TRIPLE_DASH,,0,selected_zero_not_shown,0,true
MakeAR,45,523,62,711AS,---,MARKER_TRIPLE_DASH,,0,selected_zero_not_shown,0,true
MakeAR,45,523,63,713,---,MARKER_TRIPLE_DASH,,0,selected_zero_not_shown,0,true
MakeAR,45,523,64,721,---,MARKER_TRIPLE_DASH,,0,selected_zero_not_shown,0,true
MakeAR,45,523,65,722,---,MARKER_TRIPLE_DASH,,0,selected_zero_not_shown,0,true
MakeAR,45,523,66,81,---,MARKER_TRIPLE_DASH,,0,selected_zero_not_shown,0,true
MakeAR,45,523,67,GFGD,---,MARKER_TRIPLE_DASH,,0,selected_zero_not_shown,0,true
MakeAR,45,523,68,GFGN,---,MARKER_TRIPLE_DASH,,0,selected_zero_not_shown,0,true
MakeAR,45,523,69,GFE,---,MARKER_TRIPLE_DASH,,0,selected_zero_not_shown,0,true
MakeAR,45,523,70,GSLG,---,MARKER_TRIPLE_DASH,,0,selected_zero_not_shown,0,true
MakeAR,45,523,71,GSLE,---,MARKER_TRIPLE_DASH,,0,selected_zero_not_shown,0,true
MakeAR,45,523,72,Used,---,MARKER_TRIPLE_DASH,,0,selected_zero_not_shown,0,true
MakeAR,45,523,73,Other,---,MARKER_TRIPLE_DASH,,0,selected_zero_not_shown,0,true
MakeAR,46,524,1,111CA,---,MARKER_TRIPLE_DASH,,0,selected_zero_not_shown,0,true
MakeAR,46,524,2,113FF,---,MARKER_TRIPLE_DASH,,0,selected_zero_not_shown,0,true
MakeAR,46,524,3,211,---,MARKER_TRIPLE_DASH,,0,selected_zero_not_shown,0,true
MakeAR,46,524,4,212,---,MARKER_TRIPLE_DASH,,0,selected_zero_not_shown,0,true
MakeAR,46,524,5,213,---,MARKER_TRIPLE_DASH,,0,selected_zero_not_shown,0,true
MakeAR,46,524,6,22,---,MARKER_TRIPLE_DASH,,0,selected_zero_not_shown,0,true
MakeAR,46,524,7,23,---,MARKER_TRIPLE_DASH,,0,selected_zero_not_shown,0,true
MakeAR,46,524,8,321,---,MARKER_TRIPLE_DASH,,0,selected_zero_not_shown,0,true
MakeAR,46,524,9,327,---,MARKER_TRIPLE_DASH,,0,selected_zero_not_shown,0,true
MakeAR,46,524,10,331,---,MARKER_TRIPLE_DASH,,0,selected_zero_not_shown,0,true
MakeAR,46,524,11,332,---,MARKER_TRIPLE_DASH,,0,selected_zero_not_shown,0,true
MakeAR,46,524,12,333,---,MARKER_TRIPLE_DASH,,0,selected_zero_not_shown,0,true
MakeAR,46,524,13,334,---,MARKER_TRIPLE_DASH,,0,selected_zero_not_shown,0,true
MakeAR,46,524,14,335,---,MARKER_TRIPLE_DASH,,0,selected_zero_not_shown,0,true
MakeAR,46,524,15,3361MV,---,MARKER_TRIPLE_DASH,,0,selected_zero_not_shown,0,true
MakeAR,46,524,16,3364OT,---,MARKER_TRIPLE_DASH,,0,selected_zero_not_shown,0,true
MakeAR,46,524,17,337,---,MARKER_TRIPLE_DASH,,0,selected_zero_not_shown,0,true
MakeAR,46,524,18,339,---,MARKER_TRIPLE_DASH,,0,selected_zero_not_shown,0,true
MakeAR,46,524,19,311FT,---,MARKER_TRIPLE_DASH,,0,selected_zero_not_shown,0,true
MakeAR,46,524,20,313TT,---,MARKER_TRIPLE_DASH,,0,selected_zero_not_shown,0,true
MakeAR,46,524,21,315AL,---,MARKER_TRIPLE_DASH,,0,selected_zero_not_shown,0,true
MakeAR,46,524,22,322,---,MARKER_TRIPLE_DASH,,0,selected_zero_not_shown,0,true
MakeAR,46,524,23,323,---,MARKER_TRIPLE_DASH,,0,selected_zero_not_shown,0,true
MakeAR,46,524,24,324,---,MARKER_TRIPLE_DASH,,0,selected_zero_not_shown,0,true
MakeAR,46,524,25,325,---,MARKER_TRIPLE_DASH,,0,selected_zero_not_shown,0,true
MakeAR,46,524,26,326,---,MARKER_TRIPLE_DASH,,0,selected_zero_not_shown,0,true
MakeAR,46,524,27,42,---,MARKER_TRIPLE_DASH,,0,selected_zero_not_shown,0,true
MakeAR,46,524,28,441,---,MARKER_TRIPLE_DASH,,0,selected_zero_not_shown,0,true
MakeAR,46,524,29,445,---,MARKER_TRIPLE_DASH,,0,selected_zero_not_shown,0,true
MakeAR,46,524,30,452,---,MARKER_TRIPLE_DASH,,0,selected_zero_not_shown,0,true
MakeAR,46,524,31,4A0,---,MARKER_TRIPLE_DASH,,0,selected_zero_not_shown,0,true
MakeAR,46,524,32,481,---,MARKER_TRIPLE_DASH,,0,selected_zero_not_shown,0,true
MakeAR,46,524,33,482,---,MARKER_TRIPLE_DASH,,0,selected_zero_not_shown,0,true
MakeAR,46,524,34,483,---,MARKER_TRIPLE_DASH,,0,selected_zero_not_shown,0,true
MakeAR,46,524,35,484,---,MARKER_TRIPLE_DASH,,0,selected_zero_not_shown,0,true
MakeAR,46,524,36,485,---,MARKER_TRIPLE_DASH,,0,selected_zero_not_shown,0,true
MakeAR,46,524,37,486,---,MARKER_TRIPLE_DASH,,0,selected_zero_not_shown,0,true
MakeAR,46,524,38,487OS,---,MARKER_TRIPLE_DASH,,0,selected_zero_not_shown,0,true
MakeAR,46,524,39,493,---,MARKER_TRIPLE_DASH,,0,selected_zero_not_shown,0,true
MakeAR,46,524,40,511,---,MARKER_TRIPLE_DASH,,0,selected_zero_not_shown,0,true
MakeAR,46,524,41,512,---,MARKER_TRIPLE_DASH,,0,selected_zero_not_shown,0,true
MakeAR,46,524,42,513,---,MARKER_TRIPLE_DASH,,0,selected_zero_not_shown,0,true
MakeAR,46,524,43,514,---,MARKER_TRIPLE_DASH,,0,selected_zero_not_shown,0,true
MakeAR,46,524,44,521CI,---,MARKER_TRIPLE_DASH,,0,selected_zero_not_shown,0,true
MakeAR,46,524,45,523,0,LITERAL_ZERO,0,0,numeric,0,true
MakeAR,46,524,46,524,"1,525,174",NONZERO_INTEGER,1525174,1525174,numeric,1525174,true
MakeAR,46,524,47,525,---,MARKER_TRIPLE_DASH,,0,selected_zero_not_shown,0,true
MakeAR,46,524,48,HS,---,MARKER_TRIPLE_DASH,,0,selected_zero_not_shown,0,true
MakeAR,46,524,49,ORE,---,MARKER_TRIPLE_DASH,,0,selected_zero_not_shown,0,true
MakeAR,46,524,50,532RL,---,MARKER_TRIPLE_DASH,,0,selected_zero_not_shown,0,true
MakeAR,46,524,51,5411,---,MARKER_TRIPLE_DASH,,0,selected_zero_not_shown,0,true
MakeAR,46,524,52,5415,---,MARKER_TRIPLE_DASH,,0,selected_zero_not_shown,0,true
MakeAR,46,524,53,5412OP,---,MARKER_TRIPLE_DASH,,0,selected_zero_not_shown,0,true
MakeAR,46,524,54,55,---,MARKER_TRIPLE_DASH,,0,selected_zero_not_shown,0,true
MakeAR,46,524,55,561,---,MARKER_TRIPLE_DASH,,0,selected_zero_not_shown,0,true
MakeAR,46,524,56,562,---,MARKER_TRIPLE_DASH,,0,selected_zero_not_shown,0,true
MakeAR,46,524,57,61,---,MARKER_TRIPLE_DASH,,0,selected_zero_not_shown,0,true
MakeAR,46,524,58,621,---,MARKER_TRIPLE_DASH,,0,selected_zero_not_shown,0,true
MakeAR,46,524,59,622,---,MARKER_TRIPLE_DASH,,0,selected_zero_not_shown,0,true
MakeAR,46,524,60,623,---,MARKER_TRIPLE_DASH,,0,selected_zero_not_shown,0,true
MakeAR,46,524,61,624,---,MARKER_TRIPLE_DASH,,0,selected_zero_not_shown,0,true
MakeAR,46,524,62,711AS,---,MARKER_TRIPLE_DASH,,0,selected_zero_not_shown,0,true
MakeAR,46,524,63,713,---,MARKER_TRIPLE_DASH,,0,selected_zero_not_shown,0,true
MakeAR,46,524,64,721,---,MARKER_TRIPLE_DASH,,0,selected_zero_not_shown,0,true
MakeAR,46,524,65,722,---,MARKER_TRIPLE_DASH,,0,selected_zero_not_shown,0,true
MakeAR,46,524,66,81,---,MARKER_TRIPLE_DASH,,0,selected_zero_not_shown,0,true
MakeAR,46,524,67,GFGD,---,MARKER_TRIPLE_DASH,,0,selected_zero_not_shown,0,true
MakeAR,46,524,68,GFGN,---,MARKER_TRIPLE_DASH,,0,selected_zero_not_shown,0,true
MakeAR,46,524,69,GFE,---,MARKER_TRIPLE_DASH,,0,selected_zero_not_shown,0,true
MakeAR,46,524,70,GSLG,---,MARKER_TRIPLE_DASH,,0,selected_zero_not_shown,0,true
MakeAR,46,524,71,GSLE,---,MARKER_TRIPLE_DASH,,0,selected_zero_not_shown,0,true
MakeAR,46,524,72,Used,---,MARKER_TRIPLE_DASH,,0,selected_zero_not_shown,0,true
MakeAR,46,524,73,Other,---,MARKER_TRIPLE_DASH,,0,selected_zero_not_shown,0,true
MakeAR,47,525,1,111CA,---,MARKER_TRIPLE_DASH,,0,selected_zero_not_shown,0,true
MakeAR,47,525,2,113FF,---,MARKER_TRIPLE_DASH,,0,selected_zero_not_shown,0,true
MakeAR,47,525,3,211,---,MARKER_TRIPLE_DASH,,0,selected_zero_not_shown,0,true
MakeAR,47,525,4,212,---,MARKER_TRIPLE_DASH,,0,selected_zero_not_shown,0,true
MakeAR,47,525,5,213,---,MARKER_TRIPLE_DASH,,0,selected_zero_not_shown,0,true
MakeAR,47,525,6,22,---,MARKER_TRIPLE_DASH,,0,selected_zero_not_shown,0,true
MakeAR,47,525,7,23,---,MARKER_TRIPLE_DASH,,0,selected_zero_not_shown,0,true
MakeAR,47,525,8,321,---,MARKER_TRIPLE_DASH,,0,selected_zero_not_shown,0,true
MakeAR,47,525,9,327,---,MARKER_TRIPLE_DASH,,0,selected_zero_not_shown,0,true
MakeAR,47,525,10,331,---,MARKER_TRIPLE_DASH,,0,selected_zero_not_shown,0,true
MakeAR,47,525,11,332,---,MARKER_TRIPLE_DASH,,0,selected_zero_not_shown,0,true
MakeAR,47,525,12,333,---,MARKER_TRIPLE_DASH,,0,selected_zero_not_shown,0,true
MakeAR,47,525,13,334,---,MARKER_TRIPLE_DASH,,0,selected_zero_not_shown,0,true
MakeAR,47,525,14,335,---,MARKER_TRIPLE_DASH,,0,selected_zero_not_shown,0,true
MakeAR,47,525,15,3361MV,---,MARKER_TRIPLE_DASH,,0,selected_zero_not_shown,0,true
MakeAR,47,525,16,3364OT,---,MARKER_TRIPLE_DASH,,0,selected_zero_not_shown,0,true
MakeAR,47,525,17,337,---,MARKER_TRIPLE_DASH,,0,selected_zero_not_shown,0,true
MakeAR,47,525,18,339,---,MARKER_TRIPLE_DASH,,0,selected_zero_not_shown,0,true
MakeAR,47,525,19,311FT,---,MARKER_TRIPLE_DASH,,0,selected_zero_not_shown,0,true
MakeAR,47,525,20,313TT,---,MARKER_TRIPLE_DASH,,0,selected_zero_not_shown,0,true
MakeAR,47,525,21,315AL,---,MARKER_TRIPLE_DASH,,0,selected_zero_not_shown,0,true
MakeAR,47,525,22,322,---,MARKER_TRIPLE_DASH,,0,selected_zero_not_shown,0,true
MakeAR,47,525,23,323,---,MARKER_TRIPLE_DASH,,0,selected_zero_not_shown,0,true
MakeAR,47,525,24,324,---,MARKER_TRIPLE_DASH,,0,selected_zero_not_shown,0,true
MakeAR,47,525,25,325,---,MARKER_TRIPLE_DASH,,0,selected_zero_not_shown,0,true
MakeAR,47,525,26,326,---,MARKER_TRIPLE_DASH,,0,selected_zero_not_shown,0,true
MakeAR,47,525,27,42,---,MARKER_TRIPLE_DASH,,0,selected_zero_not_shown,0,true
MakeAR,47,525,28,441,---,MARKER_TRIPLE_DASH,,0,selected_zero_not_shown,0,true
MakeAR,47,525,29,445,---,MARKER_TRIPLE_DASH,,0,selected_zero_not_shown,0,true
MakeAR,47,525,30,452,---,MARKER_TRIPLE_DASH,,0,selected_zero_not_shown,0,true
MakeAR,47,525,31,4A0,---,MARKER_TRIPLE_DASH,,0,selected_zero_not_shown,0,true
MakeAR,47,525,32,481,---,MARKER_TRIPLE_DASH,,0,selected_zero_not_shown,0,true
MakeAR,47,525,33,482,---,MARKER_TRIPLE_DASH,,0,selected_zero_not_shown,0,true
MakeAR,47,525,34,483,---,MARKER_TRIPLE_DASH,,0,selected_zero_not_shown,0,true
MakeAR,47,525,35,484,---,MARKER_TRIPLE_DASH,,0,selected_zero_not_shown,0,true
MakeAR,47,525,36,485,---,MARKER_TRIPLE_DASH,,0,selected_zero_not_shown,0,true
MakeAR,47,525,37,486,---,MARKER_TRIPLE_DASH,,0,selected_zero_not_shown,0,true
MakeAR,47,525,38,487OS,---,MARKER_TRIPLE_DASH,,0,selected_zero_not_shown,0,true
MakeAR,47,525,39,493,---,MARKER_TRIPLE_DASH,,0,selected_zero_not_shown,0,true
MakeAR,47,525,40,511,---,MARKER_TRIPLE_DASH,,0,selected_zero_not_shown,0,true
MakeAR,47,525,41,512,---,MARKER_TRIPLE_DASH,,0,selected_zero_not_shown,0,true
MakeAR,47,525,42,513,---,MARKER_TRIPLE_DASH,,0,selected_zero_not_shown,0,true
MakeAR,47,525,43,514,---,MARKER_TRIPLE_DASH,,0,selected_zero_not_shown,0,true
MakeAR,47,525,44,521CI,---,MARKER_TRIPLE_DASH,,0,selected_zero_not_shown,0,true
MakeAR,47,525,45,523,---,MARKER_TRIPLE_DASH,,0,selected_zero_not_shown,0,true
MakeAR,47,525,46,524,---,MARKER_TRIPLE_DASH,,0,selected_zero_not_shown,0,true
MakeAR,47,525,47,525,"307,167",NONZERO_INTEGER,307167,307167,numeric,307167,true
MakeAR,47,525,48,HS,---,MARKER_TRIPLE_DASH,,0,selected_zero_not_shown,0,true
MakeAR,47,525,49,ORE,---,MARKER_TRIPLE_DASH,,0,selected_zero_not_shown,0,true
MakeAR,47,525,50,532RL,---,MARKER_TRIPLE_DASH,,0,selected_zero_not_shown,0,true
MakeAR,47,525,51,5411,---,MARKER_TRIPLE_DASH,,0,selected_zero_not_shown,0,true
MakeAR,47,525,52,5415,---,MARKER_TRIPLE_DASH,,0,selected_zero_not_shown,0,true
MakeAR,47,525,53,5412OP,---,MARKER_TRIPLE_DASH,,0,selected_zero_not_shown,0,true
MakeAR,47,525,54,55,---,MARKER_TRIPLE_DASH,,0,selected_zero_not_shown,0,true
MakeAR,47,525,55,561,---,MARKER_TRIPLE_DASH,,0,selected_zero_not_shown,0,true
MakeAR,47,525,56,562,---,MARKER_TRIPLE_DASH,,0,selected_zero_not_shown,0,true
MakeAR,47,525,57,61,---,MARKER_TRIPLE_DASH,,0,selected_zero_not_shown,0,true
MakeAR,47,525,58,621,---,MARKER_TRIPLE_DASH,,0,selected_zero_not_shown,0,true
MakeAR,47,525,59,622,---,MARKER_TRIPLE_DASH,,0,selected_zero_not_shown,0,true
MakeAR,47,525,60,623,---,MARKER_TRIPLE_DASH,,0,selected_zero_not_shown,0,true
MakeAR,47,525,61,624,---,MARKER_TRIPLE_DASH,,0,selected_zero_not_shown,0,true
MakeAR,47,525,62,711AS,---,MARKER_TRIPLE_DASH,,0,selected_zero_not_shown,0,true
MakeAR,47,525,63,713,---,MARKER_TRIPLE_DASH,,0,selected_zero_not_shown,0,true
MakeAR,47,525,64,721,---,MARKER_TRIPLE_DASH,,0,selected_zero_not_shown,0,true
MakeAR,47,525,65,722,---,MARKER_TRIPLE_DASH,,0,selected_zero_not_shown,0,true
MakeAR,47,525,66,81,---,MARKER_TRIPLE_DASH,,0,selected_zero_not_shown,0,true
MakeAR,47,525,67,GFGD,---,MARKER_TRIPLE_DASH,,0,selected_zero_not_shown,0,true
MakeAR,47,525,68,GFGN,---,MARKER_TRIPLE_DASH,,0,selected_zero_not_shown,0,true
MakeAR,47,525,69,GFE,---,MARKER_TRIPLE_DASH,,0,selected_zero_not_shown,0,true
MakeAR,47,525,70,GSLG,---,MARKER_TRIPLE_DASH,,0,selected_zero_not_shown,0,true
MakeAR,47,525,71,GSLE,---,MARKER_TRIPLE_DASH,,0,selected_zero_not_shown,0,true
MakeAR,47,525,72,Used,---,MARKER_TRIPLE_DASH,,0,selected_zero_not_shown,0,true
MakeAR,47,525,73,Other,---,MARKER_TRIPLE_DASH,,0,selected_zero_not_shown,0,true
MakeAR,48,HS,1,111CA,---,MARKER_TRIPLE_DASH,,0,selected_zero_not_shown,0,true
MakeAR,48,HS,2,113FF,---,MARKER_TRIPLE_DASH,,0,selected_zero_not_shown,0,true
MakeAR,48,HS,3,211,---,MARKER_TRIPLE_DASH,,0,selected_zero_not_shown,0,true
MakeAR,48,HS,4,212,---,MARKER_TRIPLE_DASH,,0,selected_zero_not_shown,0,true
MakeAR,48,HS,5,213,---,MARKER_TRIPLE_DASH,,0,selected_zero_not_shown,0,true
MakeAR,48,HS,6,22,---,MARKER_TRIPLE_DASH,,0,selected_zero_not_shown,0,true
MakeAR,48,HS,7,23,---,MARKER_TRIPLE_DASH,,0,selected_zero_not_shown,0,true
MakeAR,48,HS,8,321,---,MARKER_TRIPLE_DASH,,0,selected_zero_not_shown,0,true
MakeAR,48,HS,9,327,---,MARKER_TRIPLE_DASH,,0,selected_zero_not_shown,0,true
MakeAR,48,HS,10,331,---,MARKER_TRIPLE_DASH,,0,selected_zero_not_shown,0,true
MakeAR,48,HS,11,332,---,MARKER_TRIPLE_DASH,,0,selected_zero_not_shown,0,true
MakeAR,48,HS,12,333,---,MARKER_TRIPLE_DASH,,0,selected_zero_not_shown,0,true
MakeAR,48,HS,13,334,---,MARKER_TRIPLE_DASH,,0,selected_zero_not_shown,0,true
MakeAR,48,HS,14,335,---,MARKER_TRIPLE_DASH,,0,selected_zero_not_shown,0,true
MakeAR,48,HS,15,3361MV,---,MARKER_TRIPLE_DASH,,0,selected_zero_not_shown,0,true
MakeAR,48,HS,16,3364OT,---,MARKER_TRIPLE_DASH,,0,selected_zero_not_shown,0,true
MakeAR,48,HS,17,337,---,MARKER_TRIPLE_DASH,,0,selected_zero_not_shown,0,true
MakeAR,48,HS,18,339,---,MARKER_TRIPLE_DASH,,0,selected_zero_not_shown,0,true
MakeAR,48,HS,19,311FT,---,MARKER_TRIPLE_DASH,,0,selected_zero_not_shown,0,true
MakeAR,48,HS,20,313TT,---,MARKER_TRIPLE_DASH,,0,selected_zero_not_shown,0,true
MakeAR,48,HS,21,315AL,---,MARKER_TRIPLE_DASH,,0,selected_zero_not_shown,0,true
MakeAR,48,HS,22,322,---,MARKER_TRIPLE_DASH,,0,selected_zero_not_shown,0,true
MakeAR,48,HS,23,323,---,MARKER_TRIPLE_DASH,,0,selected_zero_not_shown,0,true
MakeAR,48,HS,24,324,---,MARKER_TRIPLE_DASH,,0,selected_zero_not_shown,0,true
MakeAR,48,HS,25,325,---,MARKER_TRIPLE_DASH,,0,selected_zero_not_shown,0,true
MakeAR,48,HS,26,326,---,MARKER_TRIPLE_DASH,,0,selected_zero_not_shown,0,true
MakeAR,48,HS,27,42,---,MARKER_TRIPLE_DASH,,0,selected_zero_not_shown,0,true
MakeAR,48,HS,28,441,---,MARKER_TRIPLE_DASH,,0,selected_zero_not_shown,0,true
MakeAR,48,HS,29,445,---,MARKER_TRIPLE_DASH,,0,selected_zero_not_shown,0,true
MakeAR,48,HS,30,452,---,MARKER_TRIPLE_DASH,,0,selected_zero_not_shown,0,true
MakeAR,48,HS,31,4A0,---,MARKER_TRIPLE_DASH,,0,selected_zero_not_shown,0,true
MakeAR,48,HS,32,481,---,MARKER_TRIPLE_DASH,,0,selected_zero_not_shown,0,true
MakeAR,48,HS,33,482,---,MARKER_TRIPLE_DASH,,0,selected_zero_not_shown,0,true
MakeAR,48,HS,34,483,---,MARKER_TRIPLE_DASH,,0,selected_zero_not_shown,0,true
MakeAR,48,HS,35,484,---,MARKER_TRIPLE_DASH,,0,selected_zero_not_shown,0,true
MakeAR,48,HS,36,485,---,MARKER_TRIPLE_DASH,,0,selected_zero_not_shown,0,true
MakeAR,48,HS,37,486,---,MARKER_TRIPLE_DASH,,0,selected_zero_not_shown,0,true
MakeAR,48,HS,38,487OS,---,MARKER_TRIPLE_DASH,,0,selected_zero_not_shown,0,true
MakeAR,48,HS,39,493,---,MARKER_TRIPLE_DASH,,0,selected_zero_not_shown,0,true
MakeAR,48,HS,40,511,---,MARKER_TRIPLE_DASH,,0,selected_zero_not_shown,0,true
MakeAR,48,HS,41,512,---,MARKER_TRIPLE_DASH,,0,selected_zero_not_shown,0,true
MakeAR,48,HS,42,513,---,MARKER_TRIPLE_DASH,,0,selected_zero_not_shown,0,true
MakeAR,48,HS,43,514,---,MARKER_TRIPLE_DASH,,0,selected_zero_not_shown,0,true
MakeAR,48,HS,44,521CI,---,MARKER_TRIPLE_DASH,,0,selected_zero_not_shown,0,true
MakeAR,48,HS,45,523,---,MARKER_TRIPLE_DASH,,0,selected_zero_not_shown,0,true
MakeAR,48,HS,46,524,---,MARKER_TRIPLE_DASH,,0,selected_zero_not_shown,0,true
MakeAR,48,HS,47,525,---,MARKER_TRIPLE_DASH,,0,selected_zero_not_shown,0,true
MakeAR,48,HS,48,HS,"3,133,852",NONZERO_INTEGER,3133852,3133852,numeric,3133852,true
MakeAR,48,HS,49,ORE,---,MARKER_TRIPLE_DASH,,0,selected_zero_not_shown,0,true
MakeAR,48,HS,50,532RL,---,MARKER_TRIPLE_DASH,,0,selected_zero_not_shown,0,true
MakeAR,48,HS,51,5411,---,MARKER_TRIPLE_DASH,,0,selected_zero_not_shown,0,true
MakeAR,48,HS,52,5415,---,MARKER_TRIPLE_DASH,,0,selected_zero_not_shown,0,true
MakeAR,48,HS,53,5412OP,---,MARKER_TRIPLE_DASH,,0,selected_zero_not_shown,0,true
MakeAR,48,HS,54,55,---,MARKER_TRIPLE_DASH,,0,selected_zero_not_shown,0,true
MakeAR,48,HS,55,561,---,MARKER_TRIPLE_DASH,,0,selected_zero_not_shown,0,true
MakeAR,48,HS,56,562,---,MARKER_TRIPLE_DASH,,0,selected_zero_not_shown,0,true
MakeAR,48,HS,57,61,---,MARKER_TRIPLE_DASH,,0,selected_zero_not_shown,0,true
MakeAR,48,HS,58,621,---,MARKER_TRIPLE_DASH,,0,selected_zero_not_shown,0,true
MakeAR,48,HS,59,622,---,MARKER_TRIPLE_DASH,,0,selected_zero_not_shown,0,true
MakeAR,48,HS,60,623,---,MARKER_TRIPLE_DASH,,0,selected_zero_not_shown,0,true
MakeAR,48,HS,61,624,---,MARKER_TRIPLE_DASH,,0,selected_zero_not_shown,0,true
MakeAR,48,HS,62,711AS,---,MARKER_TRIPLE_DASH,,0,selected_zero_not_shown,0,true
MakeAR,48,HS,63,713,---,MARKER_TRIPLE_DASH,,0,selected_zero_not_shown,0,true
MakeAR,48,HS,64,721,---,MARKER_TRIPLE_DASH,,0,selected_zero_not_shown,0,true
MakeAR,48,HS,65,722,---,MARKER_TRIPLE_DASH,,0,selected_zero_not_shown,0,true
MakeAR,48,HS,66,81,---,MARKER_TRIPLE_DASH,,0,selected_zero_not_shown,0,true
MakeAR,48,HS,67,GFGD,---,MARKER_TRIPLE_DASH,,0,selected_zero_not_shown,0,true
MakeAR,48,HS,68,GFGN,---,MARKER_TRIPLE_DASH,,0,selected_zero_not_shown,0,true
MakeAR,48,HS,69,GFE,---,MARKER_TRIPLE_DASH,,0,selected_zero_not_shown,0,true
MakeAR,48,HS,70,GSLG,---,MARKER_TRIPLE_DASH,,0,selected_zero_not_shown,0,true
MakeAR,48,HS,71,GSLE,---,MARKER_TRIPLE_DASH,,0,selected_zero_not_shown,0,true
MakeAR,48,HS,72,Used,---,MARKER_TRIPLE_DASH,,0,selected_zero_not_shown,0,true
MakeAR,48,HS,73,Other,---,MARKER_TRIPLE_DASH,,0,selected_zero_not_shown,0,true
MakeAR,49,ORE,1,111CA,---,MARKER_TRIPLE_DASH,,0,selected_zero_not_shown,0,true
MakeAR,49,ORE,2,113FF,---,MARKER_TRIPLE_DASH,,0,selected_zero_not_shown,0,true
MakeAR,49,ORE,3,211,---,MARKER_TRIPLE_DASH,,0,selected_zero_not_shown,0,true
MakeAR,49,ORE,4,212,---,MARKER_TRIPLE_DASH,,0,selected_zero_not_shown,0,true
MakeAR,49,ORE,5,213,---,MARKER_TRIPLE_DASH,,0,selected_zero_not_shown,0,true
MakeAR,49,ORE,6,22,---,MARKER_TRIPLE_DASH,,0,selected_zero_not_shown,0,true
MakeAR,49,ORE,7,23,---,MARKER_TRIPLE_DASH,,0,selected_zero_not_shown,0,true
MakeAR,49,ORE,8,321,---,MARKER_TRIPLE_DASH,,0,selected_zero_not_shown,0,true
MakeAR,49,ORE,9,327,---,MARKER_TRIPLE_DASH,,0,selected_zero_not_shown,0,true
MakeAR,49,ORE,10,331,---,MARKER_TRIPLE_DASH,,0,selected_zero_not_shown,0,true
MakeAR,49,ORE,11,332,---,MARKER_TRIPLE_DASH,,0,selected_zero_not_shown,0,true
MakeAR,49,ORE,12,333,---,MARKER_TRIPLE_DASH,,0,selected_zero_not_shown,0,true
MakeAR,49,ORE,13,334,---,MARKER_TRIPLE_DASH,,0,selected_zero_not_shown,0,true
MakeAR,49,ORE,14,335,---,MARKER_TRIPLE_DASH,,0,selected_zero_not_shown,0,true
MakeAR,49,ORE,15,3361MV,---,MARKER_TRIPLE_DASH,,0,selected_zero_not_shown,0,true
MakeAR,49,ORE,16,3364OT,---,MARKER_TRIPLE_DASH,,0,selected_zero_not_shown,0,true
MakeAR,49,ORE,17,337,---,MARKER_TRIPLE_DASH,,0,selected_zero_not_shown,0,true
MakeAR,49,ORE,18,339,---,MARKER_TRIPLE_DASH,,0,selected_zero_not_shown,0,true
MakeAR,49,ORE,19,311FT,---,MARKER_TRIPLE_DASH,,0,selected_zero_not_shown,0,true
MakeAR,49,ORE,20,313TT,---,MARKER_TRIPLE_DASH,,0,selected_zero_not_shown,0,true
MakeAR,49,ORE,21,315AL,---,MARKER_TRIPLE_DASH,,0,selected_zero_not_shown,0,true
MakeAR,49,ORE,22,322,---,MARKER_TRIPLE_DASH,,0,selected_zero_not_shown,0,true
MakeAR,49,ORE,23,323,---,MARKER_TRIPLE_DASH,,0,selected_zero_not_shown,0,true
MakeAR,49,ORE,24,324,---,MARKER_TRIPLE_DASH,,0,selected_zero_not_shown,0,true
MakeAR,49,ORE,25,325,---,MARKER_TRIPLE_DASH,,0,selected_zero_not_shown,0,true
MakeAR,49,ORE,26,326,---,MARKER_TRIPLE_DASH,,0,selected_zero_not_shown,0,true
MakeAR,49,ORE,27,42,---,MARKER_TRIPLE_DASH,,0,selected_zero_not_shown,0,true
MakeAR,49,ORE,28,441,---,MARKER_TRIPLE_DASH,,0,selected_zero_not_shown,0,true
MakeAR,49,ORE,29,445,---,MARKER_TRIPLE_DASH,,0,selected_zero_not_shown,0,true
MakeAR,49,ORE,30,452,---,MARKER_TRIPLE_DASH,,0,selected_zero_not_shown,0,true
MakeAR,49,ORE,31,4A0,---,MARKER_TRIPLE_DASH,,0,selected_zero_not_shown,0,true
MakeAR,49,ORE,32,481,---,MARKER_TRIPLE_DASH,,0,selected_zero_not_shown,0,true
MakeAR,49,ORE,33,482,---,MARKER_TRIPLE_DASH,,0,selected_zero_not_shown,0,true
MakeAR,49,ORE,34,483,---,MARKER_TRIPLE_DASH,,0,selected_zero_not_shown,0,true
MakeAR,49,ORE,35,484,---,MARKER_TRIPLE_DASH,,0,selected_zero_not_shown,0,true
MakeAR,49,ORE,36,485,---,MARKER_TRIPLE_DASH,,0,selected_zero_not_shown,0,true
MakeAR,49,ORE,37,486,---,MARKER_TRIPLE_DASH,,0,selected_zero_not_shown,0,true
MakeAR,49,ORE,38,487OS,---,MARKER_TRIPLE_DASH,,0,selected_zero_not_shown,0,true
MakeAR,49,ORE,39,493,---,MARKER_TRIPLE_DASH,,0,selected_zero_not_shown,0,true
MakeAR,49,ORE,40,511,---,MARKER_TRIPLE_DASH,,0,selected_zero_not_shown,0,true
MakeAR,49,ORE,41,512,---,MARKER_TRIPLE_DASH,,0,selected_zero_not_shown,0,true
MakeAR,49,ORE,42,513,---,MARKER_TRIPLE_DASH,,0,selected_zero_not_shown,0,true
MakeAR,49,ORE,43,514,---,MARKER_TRIPLE_DASH,,0,selected_zero_not_shown,0,true
MakeAR,49,ORE,44,521CI,---,MARKER_TRIPLE_DASH,,0,selected_zero_not_shown,0,true
MakeAR,49,ORE,45,523,---,MARKER_TRIPLE_DASH,,0,selected_zero_not_shown,0,true
MakeAR,49,ORE,46,524,0,LITERAL_ZERO,0,0,numeric,0,true
MakeAR,49,ORE,47,525,---,MARKER_TRIPLE_DASH,,0,selected_zero_not_shown,0,true
MakeAR,49,ORE,48,HS,0,LITERAL_ZERO,0,0,numeric,0,true
MakeAR,49,ORE,49,ORE,"2,049,108",NONZERO_INTEGER,2049108,2049108,numeric,2049108,true
MakeAR,49,ORE,50,532RL,---,MARKER_TRIPLE_DASH,,0,selected_zero_not_shown,0,true
MakeAR,49,ORE,51,5411,---,MARKER_TRIPLE_DASH,,0,selected_zero_not_shown,0,true
MakeAR,49,ORE,52,5415,---,MARKER_TRIPLE_DASH,,0,selected_zero_not_shown,0,true
MakeAR,49,ORE,53,5412OP,---,MARKER_TRIPLE_DASH,,0,selected_zero_not_shown,0,true
MakeAR,49,ORE,54,55,---,MARKER_TRIPLE_DASH,,0,selected_zero_not_shown,0,true
MakeAR,49,ORE,55,561,---,MARKER_TRIPLE_DASH,,0,selected_zero_not_shown,0,true
MakeAR,49,ORE,56,562,---,MARKER_TRIPLE_DASH,,0,selected_zero_not_shown,0,true
MakeAR,49,ORE,57,61,---,MARKER_TRIPLE_DASH,,0,selected_zero_not_shown,0,true
MakeAR,49,ORE,58,621,---,MARKER_TRIPLE_DASH,,0,selected_zero_not_shown,0,true
MakeAR,49,ORE,59,622,---,MARKER_TRIPLE_DASH,,0,selected_zero_not_shown,0,true
MakeAR,49,ORE,60,623,---,MARKER_TRIPLE_DASH,,0,selected_zero_not_shown,0,true
MakeAR,49,ORE,61,624,---,MARKER_TRIPLE_DASH,,0,selected_zero_not_shown,0,true
MakeAR,49,ORE,62,711AS,---,MARKER_TRIPLE_DASH,,0,selected_zero_not_shown,0,true
MakeAR,49,ORE,63,713,0,LITERAL_ZERO,0,0,numeric,0,true
MakeAR,49,ORE,64,721,---,MARKER_TRIPLE_DASH,,0,selected_zero_not_shown,0,true
MakeAR,49,ORE,65,722,---,MARKER_TRIPLE_DASH,,0,selected_zero_not_shown,0,true
MakeAR,49,ORE,66,81,243,NONZERO_INTEGER,243,243,numeric,243,true
MakeAR,49,ORE,67,GFGD,---,MARKER_TRIPLE_DASH,,0,selected_zero_not_shown,0,true
MakeAR,49,ORE,68,GFGN,---,MARKER_TRIPLE_DASH,,0,selected_zero_not_shown,0,true
MakeAR,49,ORE,69,GFE,---,MARKER_TRIPLE_DASH,,0,selected_zero_not_shown,0,true
MakeAR,49,ORE,70,GSLG,---,MARKER_TRIPLE_DASH,,0,selected_zero_not_shown,0,true
MakeAR,49,ORE,71,GSLE,---,MARKER_TRIPLE_DASH,,0,selected_zero_not_shown,0,true
MakeAR,49,ORE,72,Used,---,MARKER_TRIPLE_DASH,,0,selected_zero_not_shown,0,true
MakeAR,49,ORE,73,Other,---,MARKER_TRIPLE_DASH,,0,selected_zero_not_shown,0,true
MakeAR,50,532RL,1,111CA,---,MARKER_TRIPLE_DASH,,0,selected_zero_not_shown,0,true
MakeAR,50,532RL,2,113FF,---,MARKER_TRIPLE_DASH,,0,selected_zero_not_shown,0,true
MakeAR,50,532RL,3,211,---,MARKER_TRIPLE_DASH,,0,selected_zero_not_shown,0,true
MakeAR,50,532RL,4,212,---,MARKER_TRIPLE_DASH,,0,selected_zero_not_shown,0,true
MakeAR,50,532RL,5,213,---,MARKER_TRIPLE_DASH,,0,selected_zero_not_shown,0,true
MakeAR,50,532RL,6,22,---,MARKER_TRIPLE_DASH,,0,selected_zero_not_shown,0,true
MakeAR,50,532RL,7,23,---,MARKER_TRIPLE_DASH,,0,selected_zero_not_shown,0,true
MakeAR,50,532RL,8,321,---,MARKER_TRIPLE_DASH,,0,selected_zero_not_shown,0,true
MakeAR,50,532RL,9,327,---,MARKER_TRIPLE_DASH,,0,selected_zero_not_shown,0,true
MakeAR,50,532RL,10,331,---,MARKER_TRIPLE_DASH,,0,selected_zero_not_shown,0,true
MakeAR,50,532RL,11,332,---,MARKER_TRIPLE_DASH,,0,selected_zero_not_shown,0,true
MakeAR,50,532RL,12,333,---,MARKER_TRIPLE_DASH,,0,selected_zero_not_shown,0,true
MakeAR,50,532RL,13,334,---,MARKER_TRIPLE_DASH,,0,selected_zero_not_shown,0,true
MakeAR,50,532RL,14,335,---,MARKER_TRIPLE_DASH,,0,selected_zero_not_shown,0,true
MakeAR,50,532RL,15,3361MV,---,MARKER_TRIPLE_DASH,,0,selected_zero_not_shown,0,true
MakeAR,50,532RL,16,3364OT,---,MARKER_TRIPLE_DASH,,0,selected_zero_not_shown,0,true
MakeAR,50,532RL,17,337,---,MARKER_TRIPLE_DASH,,0,selected_zero_not_shown,0,true
MakeAR,50,532RL,18,339,---,MARKER_TRIPLE_DASH,,0,selected_zero_not_shown,0,true
MakeAR,50,532RL,19,311FT,---,MARKER_TRIPLE_DASH,,0,selected_zero_not_shown,0,true
MakeAR,50,532RL,20,313TT,---,MARKER_TRIPLE_DASH,,0,selected_zero_not_shown,0,true
MakeAR,50,532RL,21,315AL,---,MARKER_TRIPLE_DASH,,0,selected_zero_not_shown,0,true
MakeAR,50,532RL,22,322,---,MARKER_TRIPLE_DASH,,0,selected_zero_not_shown,0,true
MakeAR,50,532RL,23,323,---,MARKER_TRIPLE_DASH,,0,selected_zero_not_shown,0,true
MakeAR,50,532RL,24,324,---,MARKER_TRIPLE_DASH,,0,selected_zero_not_shown,0,true
MakeAR,50,532RL,25,325,---,MARKER_TRIPLE_DASH,,0,selected_zero_not_shown,0,true
MakeAR,50,532RL,26,326,---,MARKER_TRIPLE_DASH,,0,selected_zero_not_shown,0,true
MakeAR,50,532RL,27,42,---,MARKER_TRIPLE_DASH,,0,selected_zero_not_shown,0,true
MakeAR,50,532RL,28,441,---,MARKER_TRIPLE_DASH,,0,selected_zero_not_shown,0,true
MakeAR,50,532RL,29,445,---,MARKER_TRIPLE_DASH,,0,selected_zero_not_shown,0,true
MakeAR,50,532RL,30,452,---,MARKER_TRIPLE_DASH,,0,selected_zero_not_shown,0,true
MakeAR,50,532RL,31,4A0,---,MARKER_TRIPLE_DASH,,0,selected_zero_not_shown,0,true
MakeAR,50,532RL,32,481,---,MARKER_TRIPLE_DASH,,0,selected_zero_not_shown,0,true
MakeAR,50,532RL,33,482,---,MARKER_TRIPLE_DASH,,0,selected_zero_not_shown,0,true
MakeAR,50,532RL,34,483,---,MARKER_TRIPLE_DASH,,0,selected_zero_not_shown,0,true
MakeAR,50,532RL,35,484,---,MARKER_TRIPLE_DASH,,0,selected_zero_not_shown,0,true
MakeAR,50,532RL,36,485,0,LITERAL_ZERO,0,0,numeric,0,true
MakeAR,50,532RL,37,486,---,MARKER_TRIPLE_DASH,,0,selected_zero_not_shown,0,true
MakeAR,50,532RL,38,487OS,---,MARKER_TRIPLE_DASH,,0,selected_zero_not_shown,0,true
MakeAR,50,532RL,39,493,---,MARKER_TRIPLE_DASH,,0,selected_zero_not_shown,0,true
MakeAR,50,532RL,40,511,---,MARKER_TRIPLE_DASH,,0,selected_zero_not_shown,0,true
MakeAR,50,532RL,41,512,---,MARKER_TRIPLE_DASH,,0,selected_zero_not_shown,0,true
MakeAR,50,532RL,42,513,---,MARKER_TRIPLE_DASH,,0,selected_zero_not_shown,0,true
MakeAR,50,532RL,43,514,---,MARKER_TRIPLE_DASH,,0,selected_zero_not_shown,0,true
MakeAR,50,532RL,44,521CI,---,MARKER_TRIPLE_DASH,,0,selected_zero_not_shown,0,true
MakeAR,50,532RL,45,523,130,NONZERO_INTEGER,130,130,numeric,130,true
MakeAR,50,532RL,46,524,---,MARKER_TRIPLE_DASH,,0,selected_zero_not_shown,0,true
MakeAR,50,532RL,47,525,---,MARKER_TRIPLE_DASH,,0,selected_zero_not_shown,0,true
MakeAR,50,532RL,48,HS,---,MARKER_TRIPLE_DASH,,0,selected_zero_not_shown,0,true
MakeAR,50,532RL,49,ORE,775,NONZERO_INTEGER,775,775,numeric,775,true
MakeAR,50,532RL,50,532RL,"695,776",NONZERO_INTEGER,695776,695776,numeric,695776,true
MakeAR,50,532RL,51,5411,---,MARKER_TRIPLE_DASH,,0,selected_zero_not_shown,0,true
MakeAR,50,532RL,52,5415,---,MARKER_TRIPLE_DASH,,0,selected_zero_not_shown,0,true
MakeAR,50,532RL,53,5412OP,---,MARKER_TRIPLE_DASH,,0,selected_zero_not_shown,0,true
MakeAR,50,532RL,54,55,---,MARKER_TRIPLE_DASH,,0,selected_zero_not_shown,0,true
MakeAR,50,532RL,55,561,---,MARKER_TRIPLE_DASH,,0,selected_zero_not_shown,0,true
MakeAR,50,532RL,56,562,---,MARKER_TRIPLE_DASH,,0,selected_zero_not_shown,0,true
MakeAR,50,532RL,57,61,---,MARKER_TRIPLE_DASH,,0,selected_zero_not_shown,0,true
MakeAR,50,532RL,58,621,---,MARKER_TRIPLE_DASH,,0,selected_zero_not_shown,0,true
MakeAR,50,532RL,59,622,---,MARKER_TRIPLE_DASH,,0,selected_zero_not_shown,0,true
MakeAR,50,532RL,60,623,---,MARKER_TRIPLE_DASH,,0,selected_zero_not_shown,0,true
MakeAR,50,532RL,61,624,---,MARKER_TRIPLE_DASH,,0,selected_zero_not_shown,0,true
MakeAR,50,532RL,62,711AS,---,MARKER_TRIPLE_DASH,,0,selected_zero_not_shown,0,true
MakeAR,50,532RL,63,713,---,MARKER_TRIPLE_DASH,,0,selected_zero_not_shown,0,true
MakeAR,50,532RL,64,721,---,MARKER_TRIPLE_DASH,,0,selected_zero_not_shown,0,true
MakeAR,50,532RL,65,722,---,MARKER_TRIPLE_DASH,,0,selected_zero_not_shown,0,true
MakeAR,50,532RL,66,81,---,MARKER_TRIPLE_DASH,,0,selected_zero_not_shown,0,true
MakeAR,50,532RL,67,GFGD,---,MARKER_TRIPLE_DASH,,0,selected_zero_not_shown,0,true
MakeAR,50,532RL,68,GFGN,---,MARKER_TRIPLE_DASH,,0,selected_zero_not_shown,0,true
MakeAR,50,532RL,69,GFE,---,MARKER_TRIPLE_DASH,,0,selected_zero_not_shown,0,true
MakeAR,50,532RL,70,GSLG,---,MARKER_TRIPLE_DASH,,0,selected_zero_not_shown,0,true
MakeAR,50,532RL,71,GSLE,---,MARKER_TRIPLE_DASH,,0,selected_zero_not_shown,0,true
MakeAR,50,532RL,72,Used,---,MARKER_TRIPLE_DASH,,0,selected_zero_not_shown,0,true
MakeAR,50,532RL,73,Other,---,MARKER_TRIPLE_DASH,,0,selected_zero_not_shown,0,true
MakeAR,51,5411,1,111CA,---,MARKER_TRIPLE_DASH,,0,selected_zero_not_shown,0,true
MakeAR,51,5411,2,113FF,---,MARKER_TRIPLE_DASH,,0,selected_zero_not_shown,0,true
MakeAR,51,5411,3,211,---,MARKER_TRIPLE_DASH,,0,selected_zero_not_shown,0,true
MakeAR,51,5411,4,212,---,MARKER_TRIPLE_DASH,,0,selected_zero_not_shown,0,true
MakeAR,51,5411,5,213,---,MARKER_TRIPLE_DASH,,0,selected_zero_not_shown,0,true
MakeAR,51,5411,6,22,---,MARKER_TRIPLE_DASH,,0,selected_zero_not_shown,0,true
MakeAR,51,5411,7,23,---,MARKER_TRIPLE_DASH,,0,selected_zero_not_shown,0,true
MakeAR,51,5411,8,321,---,MARKER_TRIPLE_DASH,,0,selected_zero_not_shown,0,true
MakeAR,51,5411,9,327,---,MARKER_TRIPLE_DASH,,0,selected_zero_not_shown,0,true
MakeAR,51,5411,10,331,---,MARKER_TRIPLE_DASH,,0,selected_zero_not_shown,0,true
MakeAR,51,5411,11,332,---,MARKER_TRIPLE_DASH,,0,selected_zero_not_shown,0,true
MakeAR,51,5411,12,333,---,MARKER_TRIPLE_DASH,,0,selected_zero_not_shown,0,true
MakeAR,51,5411,13,334,---,MARKER_TRIPLE_DASH,,0,selected_zero_not_shown,0,true
MakeAR,51,5411,14,335,---,MARKER_TRIPLE_DASH,,0,selected_zero_not_shown,0,true
MakeAR,51,5411,15,3361MV,---,MARKER_TRIPLE_DASH,,0,selected_zero_not_shown,0,true
MakeAR,51,5411,16,3364OT,---,MARKER_TRIPLE_DASH,,0,selected_zero_not_shown,0,true
MakeAR,51,5411,17,337,---,MARKER_TRIPLE_DASH,,0,selected_zero_not_shown,0,true
MakeAR,51,5411,18,339,---,MARKER_TRIPLE_DASH,,0,selected_zero_not_shown,0,true
MakeAR,51,5411,19,311FT,---,MARKER_TRIPLE_DASH,,0,selected_zero_not_shown,0,true
MakeAR,51,5411,20,313TT,---,MARKER_TRIPLE_DASH,,0,selected_zero_not_shown,0,true
MakeAR,51,5411,21,315AL,---,MARKER_TRIPLE_DASH,,0,selected_zero_not_shown,0,true
MakeAR,51,5411,22,322,---,MARKER_TRIPLE_DASH,,0,selected_zero_not_shown,0,true
MakeAR,51,5411,23,323,---,MARKER_TRIPLE_DASH,,0,selected_zero_not_shown,0,true
MakeAR,51,5411,24,324,---,MARKER_TRIPLE_DASH,,0,selected_zero_not_shown,0,true
MakeAR,51,5411,25,325,---,MARKER_TRIPLE_DASH,,0,selected_zero_not_shown,0,true
MakeAR,51,5411,26,326,---,MARKER_TRIPLE_DASH,,0,selected_zero_not_shown,0,true
MakeAR,51,5411,27,42,---,MARKER_TRIPLE_DASH,,0,selected_zero_not_shown,0,true
MakeAR,51,5411,28,441,---,MARKER_TRIPLE_DASH,,0,selected_zero_not_shown,0,true
MakeAR,51,5411,29,445,---,MARKER_TRIPLE_DASH,,0,selected_zero_not_shown,0,true
MakeAR,51,5411,30,452,---,MARKER_TRIPLE_DASH,,0,selected_zero_not_shown,0,true
MakeAR,51,5411,31,4A0,---,MARKER_TRIPLE_DASH,,0,selected_zero_not_shown,0,true
MakeAR,51,5411,32,481,---,MARKER_TRIPLE_DASH,,0,selected_zero_not_shown,0,true
MakeAR,51,5411,33,482,---,MARKER_TRIPLE_DASH,,0,selected_zero_not_shown,0,true
MakeAR,51,5411,34,483,---,MARKER_TRIPLE_DASH,,0,selected_zero_not_shown,0,true
MakeAR,51,5411,35,484,---,MARKER_TRIPLE_DASH,,0,selected_zero_not_shown,0,true
MakeAR,51,5411,36,485,---,MARKER_TRIPLE_DASH,,0,selected_zero_not_shown,0,true
MakeAR,51,5411,37,486,---,MARKER_TRIPLE_DASH,,0,selected_zero_not_shown,0,true
MakeAR,51,5411,38,487OS,---,MARKER_TRIPLE_DASH,,0,selected_zero_not_shown,0,true
MakeAR,51,5411,39,493,---,MARKER_TRIPLE_DASH,,0,selected_zero_not_shown,0,true
MakeAR,51,5411,40,511,---,MARKER_TRIPLE_DASH,,0,selected_zero_not_shown,0,true
MakeAR,51,5411,41,512,---,MARKER_TRIPLE_DASH,,0,selected_zero_not_shown,0,true
MakeAR,51,5411,42,513,---,MARKER_TRIPLE_DASH,,0,selected_zero_not_shown,0,true
MakeAR,51,5411,43,514,---,MARKER_TRIPLE_DASH,,0,selected_zero_not_shown,0,true
MakeAR,51,5411,44,521CI,---,MARKER_TRIPLE_DASH,,0,selected_zero_not_shown,0,true
MakeAR,51,5411,45,523,---,MARKER_TRIPLE_DASH,,0,selected_zero_not_shown,0,true
MakeAR,51,5411,46,524,---,MARKER_TRIPLE_DASH,,0,selected_zero_not_shown,0,true
MakeAR,51,5411,47,525,---,MARKER_TRIPLE_DASH,,0,selected_zero_not_shown,0,true
MakeAR,51,5411,48,HS,---,MARKER_TRIPLE_DASH,,0,selected_zero_not_shown,0,true
MakeAR,51,5411,49,ORE,---,MARKER_TRIPLE_DASH,,0,selected_zero_not_shown,0,true
MakeAR,51,5411,50,532RL,---,MARKER_TRIPLE_DASH,,0,selected_zero_not_shown,0,true
MakeAR,51,5411,51,5411,"482,092",NONZERO_INTEGER,482092,482092,numeric,482092,true
MakeAR,51,5411,52,5415,---,MARKER_TRIPLE_DASH,,0,selected_zero_not_shown,0,true
MakeAR,51,5411,53,5412OP,163,NONZERO_INTEGER,163,163,numeric,163,true
MakeAR,51,5411,54,55,---,MARKER_TRIPLE_DASH,,0,selected_zero_not_shown,0,true
MakeAR,51,5411,55,561,---,MARKER_TRIPLE_DASH,,0,selected_zero_not_shown,0,true
MakeAR,51,5411,56,562,---,MARKER_TRIPLE_DASH,,0,selected_zero_not_shown,0,true
MakeAR,51,5411,57,61,---,MARKER_TRIPLE_DASH,,0,selected_zero_not_shown,0,true
MakeAR,51,5411,58,621,---,MARKER_TRIPLE_DASH,,0,selected_zero_not_shown,0,true
MakeAR,51,5411,59,622,---,MARKER_TRIPLE_DASH,,0,selected_zero_not_shown,0,true
MakeAR,51,5411,60,623,---,MARKER_TRIPLE_DASH,,0,selected_zero_not_shown,0,true
MakeAR,51,5411,61,624,---,MARKER_TRIPLE_DASH,,0,selected_zero_not_shown,0,true
MakeAR,51,5411,62,711AS,---,MARKER_TRIPLE_DASH,,0,selected_zero_not_shown,0,true
MakeAR,51,5411,63,713,---,MARKER_TRIPLE_DASH,,0,selected_zero_not_shown,0,true
MakeAR,51,5411,64,721,---,MARKER_TRIPLE_DASH,,0,selected_zero_not_shown,0,true
MakeAR,51,5411,65,722,---,MARKER_TRIPLE_DASH,,0,selected_zero_not_shown,0,true
MakeAR,51,5411,66,81,---,MARKER_TRIPLE_DASH,,0,selected_zero_not_shown,0,true
MakeAR,51,5411,67,GFGD,---,MARKER_TRIPLE_DASH,,0,selected_zero_not_shown,0,true
MakeAR,51,5411,68,GFGN,---,MARKER_TRIPLE_DASH,,0,selected_zero_not_shown,0,true
MakeAR,51,5411,69,GFE,---,MARKER_TRIPLE_DASH,,0,selected_zero_not_shown,0,true
MakeAR,51,5411,70,GSLG,---,MARKER_TRIPLE_DASH,,0,selected_zero_not_shown,0,true
MakeAR,51,5411,71,GSLE,---,MARKER_TRIPLE_DASH,,0,selected_zero_not_shown,0,true
MakeAR,51,5411,72,Used,---,MARKER_TRIPLE_DASH,,0,selected_zero_not_shown,0,true
MakeAR,51,5411,73,Other,---,MARKER_TRIPLE_DASH,,0,selected_zero_not_shown,0,true
MakeAR,52,5415,1,111CA,---,MARKER_TRIPLE_DASH,,0,selected_zero_not_shown,0,true
MakeAR,52,5415,2,113FF,---,MARKER_TRIPLE_DASH,,0,selected_zero_not_shown,0,true
MakeAR,52,5415,3,211,---,MARKER_TRIPLE_DASH,,0,selected_zero_not_shown,0,true
MakeAR,52,5415,4,212,---,MARKER_TRIPLE_DASH,,0,selected_zero_not_shown,0,true
MakeAR,52,5415,5,213,---,MARKER_TRIPLE_DASH,,0,selected_zero_not_shown,0,true
MakeAR,52,5415,6,22,---,MARKER_TRIPLE_DASH,,0,selected_zero_not_shown,0,true
MakeAR,52,5415,7,23,---,MARKER_TRIPLE_DASH,,0,selected_zero_not_shown,0,true
MakeAR,52,5415,8,321,---,MARKER_TRIPLE_DASH,,0,selected_zero_not_shown,0,true
MakeAR,52,5415,9,327,---,MARKER_TRIPLE_DASH,,0,selected_zero_not_shown,0,true
MakeAR,52,5415,10,331,---,MARKER_TRIPLE_DASH,,0,selected_zero_not_shown,0,true
MakeAR,52,5415,11,332,---,MARKER_TRIPLE_DASH,,0,selected_zero_not_shown,0,true
MakeAR,52,5415,12,333,---,MARKER_TRIPLE_DASH,,0,selected_zero_not_shown,0,true
MakeAR,52,5415,13,334,---,MARKER_TRIPLE_DASH,,0,selected_zero_not_shown,0,true
MakeAR,52,5415,14,335,---,MARKER_TRIPLE_DASH,,0,selected_zero_not_shown,0,true
MakeAR,52,5415,15,3361MV,---,MARKER_TRIPLE_DASH,,0,selected_zero_not_shown,0,true
MakeAR,52,5415,16,3364OT,---,MARKER_TRIPLE_DASH,,0,selected_zero_not_shown,0,true
MakeAR,52,5415,17,337,---,MARKER_TRIPLE_DASH,,0,selected_zero_not_shown,0,true
MakeAR,52,5415,18,339,---,MARKER_TRIPLE_DASH,,0,selected_zero_not_shown,0,true
MakeAR,52,5415,19,311FT,---,MARKER_TRIPLE_DASH,,0,selected_zero_not_shown,0,true
MakeAR,52,5415,20,313TT,---,MARKER_TRIPLE_DASH,,0,selected_zero_not_shown,0,true
MakeAR,52,5415,21,315AL,---,MARKER_TRIPLE_DASH,,0,selected_zero_not_shown,0,true
MakeAR,52,5415,22,322,---,MARKER_TRIPLE_DASH,,0,selected_zero_not_shown,0,true
MakeAR,52,5415,23,323,---,MARKER_TRIPLE_DASH,,0,selected_zero_not_shown,0,true
MakeAR,52,5415,24,324,---,MARKER_TRIPLE_DASH,,0,selected_zero_not_shown,0,true
MakeAR,52,5415,25,325,---,MARKER_TRIPLE_DASH,,0,selected_zero_not_shown,0,true
MakeAR,52,5415,26,326,---,MARKER_TRIPLE_DASH,,0,selected_zero_not_shown,0,true
MakeAR,52,5415,27,42,---,MARKER_TRIPLE_DASH,,0,selected_zero_not_shown,0,true
MakeAR,52,5415,28,441,---,MARKER_TRIPLE_DASH,,0,selected_zero_not_shown,0,true
MakeAR,52,5415,29,445,---,MARKER_TRIPLE_DASH,,0,selected_zero_not_shown,0,true
MakeAR,52,5415,30,452,---,MARKER_TRIPLE_DASH,,0,selected_zero_not_shown,0,true
MakeAR,52,5415,31,4A0,---,MARKER_TRIPLE_DASH,,0,selected_zero_not_shown,0,true
MakeAR,52,5415,32,481,---,MARKER_TRIPLE_DASH,,0,selected_zero_not_shown,0,true
MakeAR,52,5415,33,482,---,MARKER_TRIPLE_DASH,,0,selected_zero_not_shown,0,true
MakeAR,52,5415,34,483,---,MARKER_TRIPLE_DASH,,0,selected_zero_not_shown,0,true
MakeAR,52,5415,35,484,---,MARKER_TRIPLE_DASH,,0,selected_zero_not_shown,0,true
MakeAR,52,5415,36,485,---,MARKER_TRIPLE_DASH,,0,selected_zero_not_shown,0,true
MakeAR,52,5415,37,486,---,MARKER_TRIPLE_DASH,,0,selected_zero_not_shown,0,true
MakeAR,52,5415,38,487OS,---,MARKER_TRIPLE_DASH,,0,selected_zero_not_shown,0,true
MakeAR,52,5415,39,493,---,MARKER_TRIPLE_DASH,,0,selected_zero_not_shown,0,true
MakeAR,52,5415,40,511,"13,210",NONZERO_INTEGER,13210,13210,numeric,13210,true
MakeAR,52,5415,41,512,---,MARKER_TRIPLE_DASH,,0,selected_zero_not_shown,0,true
MakeAR,52,5415,42,513,---,MARKER_TRIPLE_DASH,,0,selected_zero_not_shown,0,true
MakeAR,52,5415,43,514,---,MARKER_TRIPLE_DASH,,0,selected_zero_not_shown,0,true
MakeAR,52,5415,44,521CI,---,MARKER_TRIPLE_DASH,,0,selected_zero_not_shown,0,true
MakeAR,52,5415,45,523,---,MARKER_TRIPLE_DASH,,0,selected_zero_not_shown,0,true
MakeAR,52,5415,46,524,---,MARKER_TRIPLE_DASH,,0,selected_zero_not_shown,0,true
MakeAR,52,5415,47,525,---,MARKER_TRIPLE_DASH,,0,selected_zero_not_shown,0,true
MakeAR,52,5415,48,HS,---,MARKER_TRIPLE_DASH,,0,selected_zero_not_shown,0,true
MakeAR,52,5415,49,ORE,---,MARKER_TRIPLE_DASH,,0,selected_zero_not_shown,0,true
MakeAR,52,5415,50,532RL,---,MARKER_TRIPLE_DASH,,0,selected_zero_not_shown,0,true
MakeAR,52,5415,51,5411,---,MARKER_TRIPLE_DASH,,0,selected_zero_not_shown,0,true
MakeAR,52,5415,52,5415,"802,600",NONZERO_INTEGER,802600,802600,numeric,802600,true
MakeAR,52,5415,53,5412OP,95,NONZERO_INTEGER,95,95,numeric,95,true
MakeAR,52,5415,54,55,---,MARKER_TRIPLE_DASH,,0,selected_zero_not_shown,0,true
MakeAR,52,5415,55,561,---,MARKER_TRIPLE_DASH,,0,selected_zero_not_shown,0,true
MakeAR,52,5415,56,562,---,MARKER_TRIPLE_DASH,,0,selected_zero_not_shown,0,true
MakeAR,52,5415,57,61,---,MARKER_TRIPLE_DASH,,0,selected_zero_not_shown,0,true
MakeAR,52,5415,58,621,---,MARKER_TRIPLE_DASH,,0,selected_zero_not_shown,0,true
MakeAR,52,5415,59,622,---,MARKER_TRIPLE_DASH,,0,selected_zero_not_shown,0,true
MakeAR,52,5415,60,623,---,MARKER_TRIPLE_DASH,,0,selected_zero_not_shown,0,true
MakeAR,52,5415,61,624,---,MARKER_TRIPLE_DASH,,0,selected_zero_not_shown,0,true
MakeAR,52,5415,62,711AS,---,MARKER_TRIPLE_DASH,,0,selected_zero_not_shown,0,true
MakeAR,52,5415,63,713,---,MARKER_TRIPLE_DASH,,0,selected_zero_not_shown,0,true
MakeAR,52,5415,64,721,---,MARKER_TRIPLE_DASH,,0,selected_zero_not_shown,0,true
MakeAR,52,5415,65,722,---,MARKER_TRIPLE_DASH,,0,selected_zero_not_shown,0,true
MakeAR,52,5415,66,81,---,MARKER_TRIPLE_DASH,,0,selected_zero_not_shown,0,true
MakeAR,52,5415,67,GFGD,---,MARKER_TRIPLE_DASH,,0,selected_zero_not_shown,0,true
MakeAR,52,5415,68,GFGN,---,MARKER_TRIPLE_DASH,,0,selected_zero_not_shown,0,true
MakeAR,52,5415,69,GFE,---,MARKER_TRIPLE_DASH,,0,selected_zero_not_shown,0,true
MakeAR,52,5415,70,GSLG,---,MARKER_TRIPLE_DASH,,0,selected_zero_not_shown,0,true
MakeAR,52,5415,71,GSLE,---,MARKER_TRIPLE_DASH,,0,selected_zero_not_shown,0,true
MakeAR,52,5415,72,Used,---,MARKER_TRIPLE_DASH,,0,selected_zero_not_shown,0,true
MakeAR,52,5415,73,Other,---,MARKER_TRIPLE_DASH,,0,selected_zero_not_shown,0,true
MakeAR,53,5412OP,1,111CA,---,MARKER_TRIPLE_DASH,,0,selected_zero_not_shown,0,true
MakeAR,53,5412OP,2,113FF,---,MARKER_TRIPLE_DASH,,0,selected_zero_not_shown,0,true
MakeAR,53,5412OP,3,211,---,MARKER_TRIPLE_DASH,,0,selected_zero_not_shown,0,true
MakeAR,53,5412OP,4,212,---,MARKER_TRIPLE_DASH,,0,selected_zero_not_shown,0,true
MakeAR,53,5412OP,5,213,---,MARKER_TRIPLE_DASH,,0,selected_zero_not_shown,0,true
MakeAR,53,5412OP,6,22,---,MARKER_TRIPLE_DASH,,0,selected_zero_not_shown,0,true
MakeAR,53,5412OP,7,23,---,MARKER_TRIPLE_DASH,,0,selected_zero_not_shown,0,true
MakeAR,53,5412OP,8,321,---,MARKER_TRIPLE_DASH,,0,selected_zero_not_shown,0,true
MakeAR,53,5412OP,9,327,---,MARKER_TRIPLE_DASH,,0,selected_zero_not_shown,0,true
MakeAR,53,5412OP,10,331,---,MARKER_TRIPLE_DASH,,0,selected_zero_not_shown,0,true
MakeAR,53,5412OP,11,332,---,MARKER_TRIPLE_DASH,,0,selected_zero_not_shown,0,true
MakeAR,53,5412OP,12,333,---,MARKER_TRIPLE_DASH,,0,selected_zero_not_shown,0,true
MakeAR,53,5412OP,13,334,---,MARKER_TRIPLE_DASH,,0,selected_zero_not_shown,0,true
MakeAR,53,5412OP,14,335,---,MARKER_TRIPLE_DASH,,0,selected_zero_not_shown,0,true
MakeAR,53,5412OP,15,3361MV,---,MARKER_TRIPLE_DASH,,0,selected_zero_not_shown,0,true
MakeAR,53,5412OP,16,3364OT,---,MARKER_TRIPLE_DASH,,0,selected_zero_not_shown,0,true
MakeAR,53,5412OP,17,337,---,MARKER_TRIPLE_DASH,,0,selected_zero_not_shown,0,true
MakeAR,53,5412OP,18,339,---,MARKER_TRIPLE_DASH,,0,selected_zero_not_shown,0,true
MakeAR,53,5412OP,19,311FT,---,MARKER_TRIPLE_DASH,,0,selected_zero_not_shown,0,true
MakeAR,53,5412OP,20,313TT,---,MARKER_TRIPLE_DASH,,0,selected_zero_not_shown,0,true
MakeAR,53,5412OP,21,315AL,---,MARKER_TRIPLE_DASH,,0,selected_zero_not_shown,0,true
MakeAR,53,5412OP,22,322,---,MARKER_TRIPLE_DASH,,0,selected_zero_not_shown,0,true
MakeAR,53,5412OP,23,323,---,MARKER_TRIPLE_DASH,,0,selected_zero_not_shown,0,true
MakeAR,53,5412OP,24,324,---,MARKER_TRIPLE_DASH,,0,selected_zero_not_shown,0,true
MakeAR,53,5412OP,25,325,---,MARKER_TRIPLE_DASH,,0,selected_zero_not_shown,0,true
MakeAR,53,5412OP,26,326,---,MARKER_TRIPLE_DASH,,0,selected_zero_not_shown,0,true
MakeAR,53,5412OP,27,42,---,MARKER_TRIPLE_DASH,,0,selected_zero_not_shown,0,true
MakeAR,53,5412OP,28,441,---,MARKER_TRIPLE_DASH,,0,selected_zero_not_shown,0,true
MakeAR,53,5412OP,29,445,---,MARKER_TRIPLE_DASH,,0,selected_zero_not_shown,0,true
MakeAR,53,5412OP,30,452,---,MARKER_TRIPLE_DASH,,0,selected_zero_not_shown,0,true
MakeAR,53,5412OP,31,4A0,---,MARKER_TRIPLE_DASH,,0,selected_zero_not_shown,0,true
MakeAR,53,5412OP,32,481,---,MARKER_TRIPLE_DASH,,0,selected_zero_not_shown,0,true
MakeAR,53,5412OP,33,482,---,MARKER_TRIPLE_DASH,,0,selected_zero_not_shown,0,true
MakeAR,53,5412OP,34,483,---,MARKER_TRIPLE_DASH,,0,selected_zero_not_shown,0,true
MakeAR,53,5412OP,35,484,---,MARKER_TRIPLE_DASH,,0,selected_zero_not_shown,0,true
MakeAR,53,5412OP,36,485,---,MARKER_TRIPLE_DASH,,0,selected_zero_not_shown,0,true
MakeAR,53,5412OP,37,486,---,MARKER_TRIPLE_DASH,,0,selected_zero_not_shown,0,true
MakeAR,53,5412OP,38,487OS,---,MARKER_TRIPLE_DASH,,0,selected_zero_not_shown,0,true
MakeAR,53,5412OP,39,493,---,MARKER_TRIPLE_DASH,,0,selected_zero_not_shown,0,true
MakeAR,53,5412OP,40,511,---,MARKER_TRIPLE_DASH,,0,selected_zero_not_shown,0,true
MakeAR,53,5412OP,41,512,---,MARKER_TRIPLE_DASH,,0,selected_zero_not_shown,0,true
MakeAR,53,5412OP,42,513,---,MARKER_TRIPLE_DASH,,0,selected_zero_not_shown,0,true
MakeAR,53,5412OP,43,514,0,LITERAL_ZERO,0,0,numeric,0,true
MakeAR,53,5412OP,44,521CI,---,MARKER_TRIPLE_DASH,,0,selected_zero_not_shown,0,true
MakeAR,53,5412OP,45,523,---,MARKER_TRIPLE_DASH,,0,selected_zero_not_shown,0,true
MakeAR,53,5412OP,46,524,---,MARKER_TRIPLE_DASH,,0,selected_zero_not_shown,0,true
MakeAR,53,5412OP,47,525,---,MARKER_TRIPLE_DASH,,0,selected_zero_not_shown,0,true
MakeAR,53,5412OP,48,HS,---,MARKER_TRIPLE_DASH,,0,selected_zero_not_shown,0,true
MakeAR,53,5412OP,49,ORE,---,MARKER_TRIPLE_DASH,,0,selected_zero_not_shown,0,true
MakeAR,53,5412OP,50,532RL,---,MARKER_TRIPLE_DASH,,0,selected_zero_not_shown,0,true
MakeAR,53,5412OP,51,5411,---,MARKER_TRIPLE_DASH,,0,selected_zero_not_shown,0,true
MakeAR,53,5412OP,52,5415,"8,566",NONZERO_INTEGER,8566,8566,numeric,8566,true
MakeAR,53,5412OP,53,5412OP,"2,786,607",NONZERO_INTEGER,2786607,2786607,numeric,2786607,true
MakeAR,53,5412OP,54,55,---,MARKER_TRIPLE_DASH,,0,selected_zero_not_shown,0,true
MakeAR,53,5412OP,55,561,"1,022",NONZERO_INTEGER,1022,1022,numeric,1022,true
MakeAR,53,5412OP,56,562,---,MARKER_TRIPLE_DASH,,0,selected_zero_not_shown,0,true
MakeAR,53,5412OP,57,61,---,MARKER_TRIPLE_DASH,,0,selected_zero_not_shown,0,true
MakeAR,53,5412OP,58,621,---,MARKER_TRIPLE_DASH,,0,selected_zero_not_shown,0,true
MakeAR,53,5412OP,59,622,---,MARKER_TRIPLE_DASH,,0,selected_zero_not_shown,0,true
MakeAR,53,5412OP,60,623,---,MARKER_TRIPLE_DASH,,0,selected_zero_not_shown,0,true
MakeAR,53,5412OP,61,624,---,MARKER_TRIPLE_DASH,,0,selected_zero_not_shown,0,true
MakeAR,53,5412OP,62,711AS,---,MARKER_TRIPLE_DASH,,0,selected_zero_not_shown,0,true
MakeAR,53,5412OP,63,713,---,MARKER_TRIPLE_DASH,,0,selected_zero_not_shown,0,true
MakeAR,53,5412OP,64,721,---,MARKER_TRIPLE_DASH,,0,selected_zero_not_shown,0,true
MakeAR,53,5412OP,65,722,---,MARKER_TRIPLE_DASH,,0,selected_zero_not_shown,0,true
MakeAR,53,5412OP,66,81,---,MARKER_TRIPLE_DASH,,0,selected_zero_not_shown,0,true
MakeAR,53,5412OP,67,GFGD,---,MARKER_TRIPLE_DASH,,0,selected_zero_not_shown,0,true
MakeAR,53,5412OP,68,GFGN,---,MARKER_TRIPLE_DASH,,0,selected_zero_not_shown,0,true
MakeAR,53,5412OP,69,GFE,---,MARKER_TRIPLE_DASH,,0,selected_zero_not_shown,0,true
MakeAR,53,5412OP,70,GSLG,---,MARKER_TRIPLE_DASH,,0,selected_zero_not_shown,0,true
MakeAR,53,5412OP,71,GSLE,---,MARKER_TRIPLE_DASH,,0,selected_zero_not_shown,0,true
MakeAR,53,5412OP,72,Used,---,MARKER_TRIPLE_DASH,,0,selected_zero_not_shown,0,true
MakeAR,53,5412OP,73,Other,---,MARKER_TRIPLE_DASH,,0,selected_zero_not_shown,0,true
MakeAR,54,55,1,111CA,---,MARKER_TRIPLE_DASH,,0,selected_zero_not_shown,0,true
MakeAR,54,55,2,113FF,---,MARKER_TRIPLE_DASH,,0,selected_zero_not_shown,0,true
MakeAR,54,55,3,211,---,MARKER_TRIPLE_DASH,,0,selected_zero_not_shown,0,true
MakeAR,54,55,4,212,---,MARKER_TRIPLE_DASH,,0,selected_zero_not_shown,0,true
MakeAR,54,55,5,213,---,MARKER_TRIPLE_DASH,,0,selected_zero_not_shown,0,true
MakeAR,54,55,6,22,---,MARKER_TRIPLE_DASH,,0,selected_zero_not_shown,0,true
MakeAR,54,55,7,23,---,MARKER_TRIPLE_DASH,,0,selected_zero_not_shown,0,true
MakeAR,54,55,8,321,---,MARKER_TRIPLE_DASH,,0,selected_zero_not_shown,0,true
MakeAR,54,55,9,327,---,MARKER_TRIPLE_DASH,,0,selected_zero_not_shown,0,true
MakeAR,54,55,10,331,---,MARKER_TRIPLE_DASH,,0,selected_zero_not_shown,0,true
MakeAR,54,55,11,332,---,MARKER_TRIPLE_DASH,,0,selected_zero_not_shown,0,true
MakeAR,54,55,12,333,---,MARKER_TRIPLE_DASH,,0,selected_zero_not_shown,0,true
MakeAR,54,55,13,334,---,MARKER_TRIPLE_DASH,,0,selected_zero_not_shown,0,true
MakeAR,54,55,14,335,---,MARKER_TRIPLE_DASH,,0,selected_zero_not_shown,0,true
MakeAR,54,55,15,3361MV,---,MARKER_TRIPLE_DASH,,0,selected_zero_not_shown,0,true
MakeAR,54,55,16,3364OT,---,MARKER_TRIPLE_DASH,,0,selected_zero_not_shown,0,true
MakeAR,54,55,17,337,---,MARKER_TRIPLE_DASH,,0,selected_zero_not_shown,0,true
MakeAR,54,55,18,339,---,MARKER_TRIPLE_DASH,,0,selected_zero_not_shown,0,true
MakeAR,54,55,19,311FT,---,MARKER_TRIPLE_DASH,,0,selected_zero_not_shown,0,true
MakeAR,54,55,20,313TT,---,MARKER_TRIPLE_DASH,,0,selected_zero_not_shown,0,true
MakeAR,54,55,21,315AL,---,MARKER_TRIPLE_DASH,,0,selected_zero_not_shown,0,true
MakeAR,54,55,22,322,---,MARKER_TRIPLE_DASH,,0,selected_zero_not_shown,0,true
MakeAR,54,55,23,323,---,MARKER_TRIPLE_DASH,,0,selected_zero_not_shown,0,true
MakeAR,54,55,24,324,---,MARKER_TRIPLE_DASH,,0,selected_zero_not_shown,0,true
MakeAR,54,55,25,325,---,MARKER_TRIPLE_DASH,,0,selected_zero_not_shown,0,true
MakeAR,54,55,26,326,---,MARKER_TRIPLE_DASH,,0,selected_zero_not_shown,0,true
MakeAR,54,55,27,42,---,MARKER_TRIPLE_DASH,,0,selected_zero_not_shown,0,true
MakeAR,54,55,28,441,---,MARKER_TRIPLE_DASH,,0,selected_zero_not_shown,0,true
MakeAR,54,55,29,445,---,MARKER_TRIPLE_DASH,,0,selected_zero_not_shown,0,true
MakeAR,54,55,30,452,---,MARKER_TRIPLE_DASH,,0,selected_zero_not_shown,0,true
MakeAR,54,55,31,4A0,---,MARKER_TRIPLE_DASH,,0,selected_zero_not_shown,0,true
MakeAR,54,55,32,481,---,MARKER_TRIPLE_DASH,,0,selected_zero_not_shown,0,true
MakeAR,54,55,33,482,---,MARKER_TRIPLE_DASH,,0,selected_zero_not_shown,0,true
MakeAR,54,55,34,483,---,MARKER_TRIPLE_DASH,,0,selected_zero_not_shown,0,true
MakeAR,54,55,35,484,---,MARKER_TRIPLE_DASH,,0,selected_zero_not_shown,0,true
MakeAR,54,55,36,485,---,MARKER_TRIPLE_DASH,,0,selected_zero_not_shown,0,true
MakeAR,54,55,37,486,---,MARKER_TRIPLE_DASH,,0,selected_zero_not_shown,0,true
MakeAR,54,55,38,487OS,---,MARKER_TRIPLE_DASH,,0,selected_zero_not_shown,0,true
MakeAR,54,55,39,493,---,MARKER_TRIPLE_DASH,,0,selected_zero_not_shown,0,true
MakeAR,54,55,40,511,---,MARKER_TRIPLE_DASH,,0,selected_zero_not_shown,0,true
MakeAR,54,55,41,512,---,MARKER_TRIPLE_DASH,,0,selected_zero_not_shown,0,true
MakeAR,54,55,42,513,---,MARKER_TRIPLE_DASH,,0,selected_zero_not_shown,0,true
MakeAR,54,55,43,514,---,MARKER_TRIPLE_DASH,,0,selected_zero_not_shown,0,true
MakeAR,54,55,44,521CI,---,MARKER_TRIPLE_DASH,,0,selected_zero_not_shown,0,true
MakeAR,54,55,45,523,---,MARKER_TRIPLE_DASH,,0,selected_zero_not_shown,0,true
MakeAR,54,55,46,524,---,MARKER_TRIPLE_DASH,,0,selected_zero_not_shown,0,true
MakeAR,54,55,47,525,---,MARKER_TRIPLE_DASH,,0,selected_zero_not_shown,0,true
MakeAR,54,55,48,HS,---,MARKER_TRIPLE_DASH,,0,selected_zero_not_shown,0,true
MakeAR,54,55,49,ORE,---,MARKER_TRIPLE_DASH,,0,selected_zero_not_shown,0,true
MakeAR,54,55,50,532RL,---,MARKER_TRIPLE_DASH,,0,selected_zero_not_shown,0,true
MakeAR,54,55,51,5411,---,MARKER_TRIPLE_DASH,,0,selected_zero_not_shown,0,true
MakeAR,54,55,52,5415,---,MARKER_TRIPLE_DASH,,0,selected_zero_not_shown,0,true
MakeAR,54,55,53,5412OP,---,MARKER_TRIPLE_DASH,,0,selected_zero_not_shown,0,true
MakeAR,54,55,54,55,"827,519",NONZERO_INTEGER,827519,827519,numeric,827519,true
MakeAR,54,55,55,561,---,MARKER_TRIPLE_DASH,,0,selected_zero_not_shown,0,true
MakeAR,54,55,56,562,---,MARKER_TRIPLE_DASH,,0,selected_zero_not_shown,0,true
MakeAR,54,55,57,61,---,MARKER_TRIPLE_DASH,,0,selected_zero_not_shown,0,true
MakeAR,54,55,58,621,---,MARKER_TRIPLE_DASH,,0,selected_zero_not_shown,0,true
MakeAR,54,55,59,622,---,MARKER_TRIPLE_DASH,,0,selected_zero_not_shown,0,true
MakeAR,54,55,60,623,---,MARKER_TRIPLE_DASH,,0,selected_zero_not_shown,0,true
MakeAR,54,55,61,624,---,MARKER_TRIPLE_DASH,,0,selected_zero_not_shown,0,true
MakeAR,54,55,62,711AS,---,MARKER_TRIPLE_DASH,,0,selected_zero_not_shown,0,true
MakeAR,54,55,63,713,---,MARKER_TRIPLE_DASH,,0,selected_zero_not_shown,0,true
MakeAR,54,55,64,721,---,MARKER_TRIPLE_DASH,,0,selected_zero_not_shown,0,true
MakeAR,54,55,65,722,---,MARKER_TRIPLE_DASH,,0,selected_zero_not_shown,0,true
MakeAR,54,55,66,81,---,MARKER_TRIPLE_DASH,,0,selected_zero_not_shown,0,true
MakeAR,54,55,67,GFGD,---,MARKER_TRIPLE_DASH,,0,selected_zero_not_shown,0,true
MakeAR,54,55,68,GFGN,---,MARKER_TRIPLE_DASH,,0,selected_zero_not_shown,0,true
MakeAR,54,55,69,GFE,---,MARKER_TRIPLE_DASH,,0,selected_zero_not_shown,0,true
MakeAR,54,55,70,GSLG,---,MARKER_TRIPLE_DASH,,0,selected_zero_not_shown,0,true
MakeAR,54,55,71,GSLE,---,MARKER_TRIPLE_DASH,,0,selected_zero_not_shown,0,true
MakeAR,54,55,72,Used,---,MARKER_TRIPLE_DASH,,0,selected_zero_not_shown,0,true
MakeAR,54,55,73,Other,---,MARKER_TRIPLE_DASH,,0,selected_zero_not_shown,0,true
MakeAR,55,561,1,111CA,---,MARKER_TRIPLE_DASH,,0,selected_zero_not_shown,0,true
MakeAR,55,561,2,113FF,---,MARKER_TRIPLE_DASH,,0,selected_zero_not_shown,0,true
MakeAR,55,561,3,211,---,MARKER_TRIPLE_DASH,,0,selected_zero_not_shown,0,true
MakeAR,55,561,4,212,---,MARKER_TRIPLE_DASH,,0,selected_zero_not_shown,0,true
MakeAR,55,561,5,213,---,MARKER_TRIPLE_DASH,,0,selected_zero_not_shown,0,true
MakeAR,55,561,6,22,---,MARKER_TRIPLE_DASH,,0,selected_zero_not_shown,0,true
MakeAR,55,561,7,23,---,MARKER_TRIPLE_DASH,,0,selected_zero_not_shown,0,true
MakeAR,55,561,8,321,---,MARKER_TRIPLE_DASH,,0,selected_zero_not_shown,0,true
MakeAR,55,561,9,327,---,MARKER_TRIPLE_DASH,,0,selected_zero_not_shown,0,true
MakeAR,55,561,10,331,---,MARKER_TRIPLE_DASH,,0,selected_zero_not_shown,0,true
MakeAR,55,561,11,332,---,MARKER_TRIPLE_DASH,,0,selected_zero_not_shown,0,true
MakeAR,55,561,12,333,---,MARKER_TRIPLE_DASH,,0,selected_zero_not_shown,0,true
MakeAR,55,561,13,334,---,MARKER_TRIPLE_DASH,,0,selected_zero_not_shown,0,true
MakeAR,55,561,14,335,---,MARKER_TRIPLE_DASH,,0,selected_zero_not_shown,0,true
MakeAR,55,561,15,3361MV,---,MARKER_TRIPLE_DASH,,0,selected_zero_not_shown,0,true
MakeAR,55,561,16,3364OT,---,MARKER_TRIPLE_DASH,,0,selected_zero_not_shown,0,true
MakeAR,55,561,17,337,---,MARKER_TRIPLE_DASH,,0,selected_zero_not_shown,0,true
MakeAR,55,561,18,339,---,MARKER_TRIPLE_DASH,,0,selected_zero_not_shown,0,true
MakeAR,55,561,19,311FT,---,MARKER_TRIPLE_DASH,,0,selected_zero_not_shown,0,true
MakeAR,55,561,20,313TT,---,MARKER_TRIPLE_DASH,,0,selected_zero_not_shown,0,true
MakeAR,55,561,21,315AL,---,MARKER_TRIPLE_DASH,,0,selected_zero_not_shown,0,true
MakeAR,55,561,22,322,---,MARKER_TRIPLE_DASH,,0,selected_zero_not_shown,0,true
MakeAR,55,561,23,323,---,MARKER_TRIPLE_DASH,,0,selected_zero_not_shown,0,true
MakeAR,55,561,24,324,---,MARKER_TRIPLE_DASH,,0,selected_zero_not_shown,0,true
MakeAR,55,561,25,325,---,MARKER_TRIPLE_DASH,,0,selected_zero_not_shown,0,true
MakeAR,55,561,26,326,---,MARKER_TRIPLE_DASH,,0,selected_zero_not_shown,0,true
MakeAR,55,561,27,42,---,MARKER_TRIPLE_DASH,,0,selected_zero_not_shown,0,true
MakeAR,55,561,28,441,---,MARKER_TRIPLE_DASH,,0,selected_zero_not_shown,0,true
MakeAR,55,561,29,445,---,MARKER_TRIPLE_DASH,,0,selected_zero_not_shown,0,true
MakeAR,55,561,30,452,---,MARKER_TRIPLE_DASH,,0,selected_zero_not_shown,0,true
MakeAR,55,561,31,4A0,---,MARKER_TRIPLE_DASH,,0,selected_zero_not_shown,0,true
MakeAR,55,561,32,481,---,MARKER_TRIPLE_DASH,,0,selected_zero_not_shown,0,true
MakeAR,55,561,33,482,---,MARKER_TRIPLE_DASH,,0,selected_zero_not_shown,0,true
MakeAR,55,561,34,483,---,MARKER_TRIPLE_DASH,,0,selected_zero_not_shown,0,true
MakeAR,55,561,35,484,---,MARKER_TRIPLE_DASH,,0,selected_zero_not_shown,0,true
MakeAR,55,561,36,485,---,MARKER_TRIPLE_DASH,,0,selected_zero_not_shown,0,true
MakeAR,55,561,37,486,---,MARKER_TRIPLE_DASH,,0,selected_zero_not_shown,0,true
MakeAR,55,561,38,487OS,---,MARKER_TRIPLE_DASH,,0,selected_zero_not_shown,0,true
MakeAR,55,561,39,493,---,MARKER_TRIPLE_DASH,,0,selected_zero_not_shown,0,true
MakeAR,55,561,40,511,---,MARKER_TRIPLE_DASH,,0,selected_zero_not_shown,0,true
MakeAR,55,561,41,512,---,MARKER_TRIPLE_DASH,,0,selected_zero_not_shown,0,true
MakeAR,55,561,42,513,---,MARKER_TRIPLE_DASH,,0,selected_zero_not_shown,0,true
MakeAR,55,561,43,514,---,MARKER_TRIPLE_DASH,,0,selected_zero_not_shown,0,true
MakeAR,55,561,44,521CI,---,MARKER_TRIPLE_DASH,,0,selected_zero_not_shown,0,true
MakeAR,55,561,45,523,---,MARKER_TRIPLE_DASH,,0,selected_zero_not_shown,0,true
MakeAR,55,561,46,524,201,NONZERO_INTEGER,201,201,numeric,201,true
MakeAR,55,561,47,525,---,MARKER_TRIPLE_DASH,,0,selected_zero_not_shown,0,true
MakeAR,55,561,48,HS,---,MARKER_TRIPLE_DASH,,0,selected_zero_not_shown,0,true
MakeAR,55,561,49,ORE,381,NONZERO_INTEGER,381,381,numeric,381,true
MakeAR,55,561,50,532RL,---,MARKER_TRIPLE_DASH,,0,selected_zero_not_shown,0,true
MakeAR,55,561,51,5411,---,MARKER_TRIPLE_DASH,,0,selected_zero_not_shown,0,true
MakeAR,55,561,52,5415,"5,796",NONZERO_INTEGER,5796,5796,numeric,5796,true
MakeAR,55,561,53,5412OP,"65,645",NONZERO_INTEGER,65645,65645,numeric,65645,true
MakeAR,55,561,54,55,---,MARKER_TRIPLE_DASH,,0,selected_zero_not_shown,0,true
MakeAR,55,561,55,561,"1,263,097",NONZERO_INTEGER,1263097,1263097,numeric,1263097,true
MakeAR,55,561,56,562,694,NONZERO_INTEGER,694,694,numeric,694,true
MakeAR,55,561,57,61,29,NONZERO_INTEGER,29,29,numeric,29,true
MakeAR,55,561,58,621,0,LITERAL_ZERO,0,0,numeric,0,true
MakeAR,55,561,59,622,---,MARKER_TRIPLE_DASH,,0,selected_zero_not_shown,0,true
MakeAR,55,561,60,623,---,MARKER_TRIPLE_DASH,,0,selected_zero_not_shown,0,true
MakeAR,55,561,61,624,39,NONZERO_INTEGER,39,39,numeric,39,true
MakeAR,55,561,62,711AS,---,MARKER_TRIPLE_DASH,,0,selected_zero_not_shown,0,true
MakeAR,55,561,63,713,---,MARKER_TRIPLE_DASH,,0,selected_zero_not_shown,0,true
MakeAR,55,561,64,721,---,MARKER_TRIPLE_DASH,,0,selected_zero_not_shown,0,true
MakeAR,55,561,65,722,---,MARKER_TRIPLE_DASH,,0,selected_zero_not_shown,0,true
MakeAR,55,561,66,81,0,LITERAL_ZERO,0,0,numeric,0,true
MakeAR,55,561,67,GFGD,---,MARKER_TRIPLE_DASH,,0,selected_zero_not_shown,0,true
MakeAR,55,561,68,GFGN,---,MARKER_TRIPLE_DASH,,0,selected_zero_not_shown,0,true
MakeAR,55,561,69,GFE,---,MARKER_TRIPLE_DASH,,0,selected_zero_not_shown,0,true
MakeAR,55,561,70,GSLG,---,MARKER_TRIPLE_DASH,,0,selected_zero_not_shown,0,true
MakeAR,55,561,71,GSLE,---,MARKER_TRIPLE_DASH,,0,selected_zero_not_shown,0,true
MakeAR,55,561,72,Used,---,MARKER_TRIPLE_DASH,,0,selected_zero_not_shown,0,true
MakeAR,55,561,73,Other,---,MARKER_TRIPLE_DASH,,0,selected_zero_not_shown,0,true
MakeAR,56,562,1,111CA,---,MARKER_TRIPLE_DASH,,0,selected_zero_not_shown,0,true
MakeAR,56,562,2,113FF,---,MARKER_TRIPLE_DASH,,0,selected_zero_not_shown,0,true
MakeAR,56,562,3,211,352,NONZERO_INTEGER,352,352,numeric,352,true
MakeAR,56,562,4,212,---,MARKER_TRIPLE_DASH,,0,selected_zero_not_shown,0,true
MakeAR,56,562,5,213,---,MARKER_TRIPLE_DASH,,0,selected_zero_not_shown,0,true
MakeAR,56,562,6,22,---,MARKER_TRIPLE_DASH,,0,selected_zero_not_shown,0,true
MakeAR,56,562,7,23,---,MARKER_TRIPLE_DASH,,0,selected_zero_not_shown,0,true
MakeAR,56,562,8,321,---,MARKER_TRIPLE_DASH,,0,selected_zero_not_shown,0,true
MakeAR,56,562,9,327,---,MARKER_TRIPLE_DASH,,0,selected_zero_not_shown,0,true
MakeAR,56,562,10,331,---,MARKER_TRIPLE_DASH,,0,selected_zero_not_shown,0,true
MakeAR,56,562,11,332,---,MARKER_TRIPLE_DASH,,0,selected_zero_not_shown,0,true
MakeAR,56,562,12,333,---,MARKER_TRIPLE_DASH,,0,selected_zero_not_shown,0,true
MakeAR,56,562,13,334,---,MARKER_TRIPLE_DASH,,0,selected_zero_not_shown,0,true
MakeAR,56,562,14,335,---,MARKER_TRIPLE_DASH,,0,selected_zero_not_shown,0,true
MakeAR,56,562,15,3361MV,---,MARKER_TRIPLE_DASH,,0,selected_zero_not_shown,0,true
MakeAR,56,562,16,3364OT,---,MARKER_TRIPLE_DASH,,0,selected_zero_not_shown,0,true
MakeAR,56,562,17,337,---,MARKER_TRIPLE_DASH,,0,selected_zero_not_shown,0,true
MakeAR,56,562,18,339,---,MARKER_TRIPLE_DASH,,0,selected_zero_not_shown,0,true
MakeAR,56,562,19,311FT,---,MARKER_TRIPLE_DASH,,0,selected_zero_not_shown,0,true
MakeAR,56,562,20,313TT,---,MARKER_TRIPLE_DASH,,0,selected_zero_not_shown,0,true
MakeAR,56,562,21,315AL,---,MARKER_TRIPLE_DASH,,0,selected_zero_not_shown,0,true
MakeAR,56,562,22,322,---,MARKER_TRIPLE_DASH,,0,selected_zero_not_shown,0,true
MakeAR,56,562,23,323,---,MARKER_TRIPLE_DASH,,0,selected_zero_not_shown,0,true
MakeAR,56,562,24,324,---,MARKER_TRIPLE_DASH,,0,selected_zero_not_shown,0,true
MakeAR,56,562,25,325,---,MARKER_TRIPLE_DASH,,0,selected_zero_not_shown,0,true
MakeAR,56,562,26,326,---,MARKER_TRIPLE_DASH,,0,selected_zero_not_shown,0,true
MakeAR,56,562,27,42,---,MARKER_TRIPLE_DASH,,0,selected_zero_not_shown,0,true
MakeAR,56,562,28,441,---,MARKER_TRIPLE_DASH,,0,selected_zero_not_shown,0,true
MakeAR,56,562,29,445,---,MARKER_TRIPLE_DASH,,0,selected_zero_not_shown,0,true
MakeAR,56,562,30,452,---,MARKER_TRIPLE_DASH,,0,selected_zero_not_shown,0,true
MakeAR,56,562,31,4A0,---,MARKER_TRIPLE_DASH,,0,selected_zero_not_shown,0,true
MakeAR,56,562,32,481,---,MARKER_TRIPLE_DASH,,0,selected_zero_not_shown,0,true
MakeAR,56,562,33,482,---,MARKER_TRIPLE_DASH,,0,selected_zero_not_shown,0,true
MakeAR,56,562,34,483,---,MARKER_TRIPLE_DASH,,0,selected_zero_not_shown,0,true
MakeAR,56,562,35,484,---,MARKER_TRIPLE_DASH,,0,selected_zero_not_shown,0,true
MakeAR,56,562,36,485,---,MARKER_TRIPLE_DASH,,0,selected_zero_not_shown,0,true
MakeAR,56,562,37,486,---,MARKER_TRIPLE_DASH,,0,selected_zero_not_shown,0,true
MakeAR,56,562,38,487OS,---,MARKER_TRIPLE_DASH,,0,selected_zero_not_shown,0,true
MakeAR,56,562,39,493,---,MARKER_TRIPLE_DASH,,0,selected_zero_not_shown,0,true
MakeAR,56,562,40,511,---,MARKER_TRIPLE_DASH,,0,selected_zero_not_shown,0,true
MakeAR,56,562,41,512,---,MARKER_TRIPLE_DASH,,0,selected_zero_not_shown,0,true
MakeAR,56,562,42,513,---,MARKER_TRIPLE_DASH,,0,selected_zero_not_shown,0,true
MakeAR,56,562,43,514,---,MARKER_TRIPLE_DASH,,0,selected_zero_not_shown,0,true
MakeAR,56,562,44,521CI,---,MARKER_TRIPLE_DASH,,0,selected_zero_not_shown,0,true
MakeAR,56,562,45,523,---,MARKER_TRIPLE_DASH,,0,selected_zero_not_shown,0,true
MakeAR,56,562,46,524,---,MARKER_TRIPLE_DASH,,0,selected_zero_not_shown,0,true
MakeAR,56,562,47,525,---,MARKER_TRIPLE_DASH,,0,selected_zero_not_shown,0,true
MakeAR,56,562,48,HS,---,MARKER_TRIPLE_DASH,,0,selected_zero_not_shown,0,true
MakeAR,56,562,49,ORE,---,MARKER_TRIPLE_DASH,,0,selected_zero_not_shown,0,true
MakeAR,56,562,50,532RL,0,LITERAL_ZERO,0,0,numeric,0,true
MakeAR,56,562,51,5411,---,MARKER_TRIPLE_DASH,,0,selected_zero_not_shown,0,true
MakeAR,56,562,52,5415,---,MARKER_TRIPLE_DASH,,0,selected_zero_not_shown,0,true
MakeAR,56,562,53,5412OP,0,LITERAL_ZERO,0,0,numeric,0,true
MakeAR,56,562,54,55,---,MARKER_TRIPLE_DASH,,0,selected_zero_not_shown,0,true
MakeAR,56,562,55,561,---,MARKER_TRIPLE_DASH,,0,selected_zero_not_shown,0,true
MakeAR,56,562,56,562,"174,470",NONZERO_INTEGER,174470,174470,numeric,174470,true
MakeAR,56,562,57,61,---,MARKER_TRIPLE_DASH,,0,selected_zero_not_shown,0,true
MakeAR,56,562,58,621,---,MARKER_TRIPLE_DASH,,0,selected_zero_not_shown,0,true
MakeAR,56,562,59,622,---,MARKER_TRIPLE_DASH,,0,selected_zero_not_shown,0,true
MakeAR,56,562,60,623,---,MARKER_TRIPLE_DASH,,0,selected_zero_not_shown,0,true
MakeAR,56,562,61,624,---,MARKER_TRIPLE_DASH,,0,selected_zero_not_shown,0,true
MakeAR,56,562,62,711AS,---,MARKER_TRIPLE_DASH,,0,selected_zero_not_shown,0,true
MakeAR,56,562,63,713,---,MARKER_TRIPLE_DASH,,0,selected_zero_not_shown,0,true
MakeAR,56,562,64,721,---,MARKER_TRIPLE_DASH,,0,selected_zero_not_shown,0,true
MakeAR,56,562,65,722,---,MARKER_TRIPLE_DASH,,0,selected_zero_not_shown,0,true
MakeAR,56,562,66,81,---,MARKER_TRIPLE_DASH,,0,selected_zero_not_shown,0,true
MakeAR,56,562,67,GFGD,---,MARKER_TRIPLE_DASH,,0,selected_zero_not_shown,0,true
MakeAR,56,562,68,GFGN,---,MARKER_TRIPLE_DASH,,0,selected_zero_not_shown,0,true
MakeAR,56,562,69,GFE,---,MARKER_TRIPLE_DASH,,0,selected_zero_not_shown,0,true
MakeAR,56,562,70,GSLG,---,MARKER_TRIPLE_DASH,,0,selected_zero_not_shown,0,true
MakeAR,56,562,71,GSLE,---,MARKER_TRIPLE_DASH,,0,selected_zero_not_shown,0,true
MakeAR,56,562,72,Used,"1,376",NONZERO_INTEGER,1376,1376,numeric,1376,true
MakeAR,56,562,73,Other,---,MARKER_TRIPLE_DASH,,0,selected_zero_not_shown,0,true
MakeAR,57,61,1,111CA,---,MARKER_TRIPLE_DASH,,0,selected_zero_not_shown,0,true
MakeAR,57,61,2,113FF,---,MARKER_TRIPLE_DASH,,0,selected_zero_not_shown,0,true
MakeAR,57,61,3,211,---,MARKER_TRIPLE_DASH,,0,selected_zero_not_shown,0,true
MakeAR,57,61,4,212,---,MARKER_TRIPLE_DASH,,0,selected_zero_not_shown,0,true
MakeAR,57,61,5,213,---,MARKER_TRIPLE_DASH,,0,selected_zero_not_shown,0,true
MakeAR,57,61,6,22,---,MARKER_TRIPLE_DASH,,0,selected_zero_not_shown,0,true
MakeAR,57,61,7,23,---,MARKER_TRIPLE_DASH,,0,selected_zero_not_shown,0,true
MakeAR,57,61,8,321,---,MARKER_TRIPLE_DASH,,0,selected_zero_not_shown,0,true
MakeAR,57,61,9,327,---,MARKER_TRIPLE_DASH,,0,selected_zero_not_shown,0,true
MakeAR,57,61,10,331,---,MARKER_TRIPLE_DASH,,0,selected_zero_not_shown,0,true
MakeAR,57,61,11,332,---,MARKER_TRIPLE_DASH,,0,selected_zero_not_shown,0,true
MakeAR,57,61,12,333,---,MARKER_TRIPLE_DASH,,0,selected_zero_not_shown,0,true
MakeAR,57,61,13,334,---,MARKER_TRIPLE_DASH,,0,selected_zero_not_shown,0,true
MakeAR,57,61,14,335,---,MARKER_TRIPLE_DASH,,0,selected_zero_not_shown,0,true
MakeAR,57,61,15,3361MV,---,MARKER_TRIPLE_DASH,,0,selected_zero_not_shown,0,true
MakeAR,57,61,16,3364OT,---,MARKER_TRIPLE_DASH,,0,selected_zero_not_shown,0,true
MakeAR,57,61,17,337,---,MARKER_TRIPLE_DASH,,0,selected_zero_not_shown,0,true
MakeAR,57,61,18,339,---,MARKER_TRIPLE_DASH,,0,selected_zero_not_shown,0,true
MakeAR,57,61,19,311FT,---,MARKER_TRIPLE_DASH,,0,selected_zero_not_shown,0,true
MakeAR,57,61,20,313TT,---,MARKER_TRIPLE_DASH,,0,selected_zero_not_shown,0,true
MakeAR,57,61,21,315AL,---,MARKER_TRIPLE_DASH,,0,selected_zero_not_shown,0,true
MakeAR,57,61,22,322,---,MARKER_TRIPLE_DASH,,0,selected_zero_not_shown,0,true
MakeAR,57,61,23,323,---,MARKER_TRIPLE_DASH,,0,selected_zero_not_shown,0,true
MakeAR,57,61,24,324,---,MARKER_TRIPLE_DASH,,0,selected_zero_not_shown,0,true
MakeAR,57,61,25,325,---,MARKER_TRIPLE_DASH,,0,selected_zero_not_shown,0,true
MakeAR,57,61,26,326,---,MARKER_TRIPLE_DASH,,0,selected_zero_not_shown,0,true
MakeAR,57,61,27,42,---,MARKER_TRIPLE_DASH,,0,selected_zero_not_shown,0,true
MakeAR,57,61,28,441,---,MARKER_TRIPLE_DASH,,0,selected_zero_not_shown,0,true
MakeAR,57,61,29,445,---,MARKER_TRIPLE_DASH,,0,selected_zero_not_shown,0,true
MakeAR,57,61,30,452,---,MARKER_TRIPLE_DASH,,0,selected_zero_not_shown,0,true
MakeAR,57,61,31,4A0,---,MARKER_TRIPLE_DASH,,0,selected_zero_not_shown,0,true
MakeAR,57,61,32,481,---,MARKER_TRIPLE_DASH,,0,selected_zero_not_shown,0,true
MakeAR,57,61,33,482,---,MARKER_TRIPLE_DASH,,0,selected_zero_not_shown,0,true
MakeAR,57,61,34,483,---,MARKER_TRIPLE_DASH,,0,selected_zero_not_shown,0,true
MakeAR,57,61,35,484,---,MARKER_TRIPLE_DASH,,0,selected_zero_not_shown,0,true
MakeAR,57,61,36,485,---,MARKER_TRIPLE_DASH,,0,selected_zero_not_shown,0,true
MakeAR,57,61,37,486,---,MARKER_TRIPLE_DASH,,0,selected_zero_not_shown,0,true
MakeAR,57,61,38,487OS,---,MARKER_TRIPLE_DASH,,0,selected_zero_not_shown,0,true
MakeAR,57,61,39,493,---,MARKER_TRIPLE_DASH,,0,selected_zero_not_shown,0,true
MakeAR,57,61,40,511,---,MARKER_TRIPLE_DASH,,0,selected_zero_not_shown,0,true
MakeAR,57,61,41,512,---,MARKER_TRIPLE_DASH,,0,selected_zero_not_shown,0,true
MakeAR,57,61,42,513,---,MARKER_TRIPLE_DASH,,0,selected_zero_not_shown,0,true
MakeAR,57,61,43,514,---,MARKER_TRIPLE_DASH,,0,selected_zero_not_shown,0,true
MakeAR,57,61,44,521CI,---,MARKER_TRIPLE_DASH,,0,selected_zero_not_shown,0,true
MakeAR,57,61,45,523,---,MARKER_TRIPLE_DASH,,0,selected_zero_not_shown,0,true
MakeAR,57,61,46,524,---,MARKER_TRIPLE_DASH,,0,selected_zero_not_shown,0,true
MakeAR,57,61,47,525,---,MARKER_TRIPLE_DASH,,0,selected_zero_not_shown,0,true
MakeAR,57,61,48,HS,---,MARKER_TRIPLE_DASH,,0,selected_zero_not_shown,0,true
MakeAR,57,61,49,ORE,---,MARKER_TRIPLE_DASH,,0,selected_zero_not_shown,0,true
MakeAR,57,61,50,532RL,---,MARKER_TRIPLE_DASH,,0,selected_zero_not_shown,0,true
MakeAR,57,61,51,5411,---,MARKER_TRIPLE_DASH,,0,selected_zero_not_shown,0,true
MakeAR,57,61,52,5415,---,MARKER_TRIPLE_DASH,,0,selected_zero_not_shown,0,true
MakeAR,57,61,53,5412OP,---,MARKER_TRIPLE_DASH,,0,selected_zero_not_shown,0,true
MakeAR,57,61,54,55,---,MARKER_TRIPLE_DASH,,0,selected_zero_not_shown,0,true
MakeAR,57,61,55,561,---,MARKER_TRIPLE_DASH,,0,selected_zero_not_shown,0,true
MakeAR,57,61,56,562,---,MARKER_TRIPLE_DASH,,0,selected_zero_not_shown,0,true
MakeAR,57,61,57,61,"398,035",NONZERO_INTEGER,398035,398035,numeric,398035,true
MakeAR,57,61,58,621,---,MARKER_TRIPLE_DASH,,0,selected_zero_not_shown,0,true
MakeAR,57,61,59,622,---,MARKER_TRIPLE_DASH,,0,selected_zero_not_shown,0,true
MakeAR,57,61,60,623,---,MARKER_TRIPLE_DASH,,0,selected_zero_not_shown,0,true
MakeAR,57,61,61,624,---,MARKER_TRIPLE_DASH,,0,selected_zero_not_shown,0,true
MakeAR,57,61,62,711AS,---,MARKER_TRIPLE_DASH,,0,selected_zero_not_shown,0,true
MakeAR,57,61,63,713,---,MARKER_TRIPLE_DASH,,0,selected_zero_not_shown,0,true
MakeAR,57,61,64,721,---,MARKER_TRIPLE_DASH,,0,selected_zero_not_shown,0,true
MakeAR,57,61,65,722,---,MARKER_TRIPLE_DASH,,0,selected_zero_not_shown,0,true
MakeAR,57,61,66,81,---,MARKER_TRIPLE_DASH,,0,selected_zero_not_shown,0,true
MakeAR,57,61,67,GFGD,---,MARKER_TRIPLE_DASH,,0,selected_zero_not_shown,0,true
MakeAR,57,61,68,GFGN,---,MARKER_TRIPLE_DASH,,0,selected_zero_not_shown,0,true
MakeAR,57,61,69,GFE,---,MARKER_TRIPLE_DASH,,0,selected_zero_not_shown,0,true
MakeAR,57,61,70,GSLG,---,MARKER_TRIPLE_DASH,,0,selected_zero_not_shown,0,true
MakeAR,57,61,71,GSLE,---,MARKER_TRIPLE_DASH,,0,selected_zero_not_shown,0,true
MakeAR,57,61,72,Used,---,MARKER_TRIPLE_DASH,,0,selected_zero_not_shown,0,true
MakeAR,57,61,73,Other,---,MARKER_TRIPLE_DASH,,0,selected_zero_not_shown,0,true
MakeAR,58,621,1,111CA,---,MARKER_TRIPLE_DASH,,0,selected_zero_not_shown,0,true
MakeAR,58,621,2,113FF,---,MARKER_TRIPLE_DASH,,0,selected_zero_not_shown,0,true
MakeAR,58,621,3,211,---,MARKER_TRIPLE_DASH,,0,selected_zero_not_shown,0,true
MakeAR,58,621,4,212,---,MARKER_TRIPLE_DASH,,0,selected_zero_not_shown,0,true
MakeAR,58,621,5,213,---,MARKER_TRIPLE_DASH,,0,selected_zero_not_shown,0,true
MakeAR,58,621,6,22,---,MARKER_TRIPLE_DASH,,0,selected_zero_not_shown,0,true
MakeAR,58,621,7,23,---,MARKER_TRIPLE_DASH,,0,selected_zero_not_shown,0,true
MakeAR,58,621,8,321,---,MARKER_TRIPLE_DASH,,0,selected_zero_not_shown,0,true
MakeAR,58,621,9,327,---,MARKER_TRIPLE_DASH,,0,selected_zero_not_shown,0,true
MakeAR,58,621,10,331,---,MARKER_TRIPLE_DASH,,0,selected_zero_not_shown,0,true
MakeAR,58,621,11,332,---,MARKER_TRIPLE_DASH,,0,selected_zero_not_shown,0,true
MakeAR,58,621,12,333,---,MARKER_TRIPLE_DASH,,0,selected_zero_not_shown,0,true
MakeAR,58,621,13,334,---,MARKER_TRIPLE_DASH,,0,selected_zero_not_shown,0,true
MakeAR,58,621,14,335,---,MARKER_TRIPLE_DASH,,0,selected_zero_not_shown,0,true
MakeAR,58,621,15,3361MV,---,MARKER_TRIPLE_DASH,,0,selected_zero_not_shown,0,true
MakeAR,58,621,16,3364OT,---,MARKER_TRIPLE_DASH,,0,selected_zero_not_shown,0,true
MakeAR,58,621,17,337,---,MARKER_TRIPLE_DASH,,0,selected_zero_not_shown,0,true
MakeAR,58,621,18,339,---,MARKER_TRIPLE_DASH,,0,selected_zero_not_shown,0,true
MakeAR,58,621,19,311FT,---,MARKER_TRIPLE_DASH,,0,selected_zero_not_shown,0,true
MakeAR,58,621,20,313TT,---,MARKER_TRIPLE_DASH,,0,selected_zero_not_shown,0,true
MakeAR,58,621,21,315AL,---,MARKER_TRIPLE_DASH,,0,selected_zero_not_shown,0,true
MakeAR,58,621,22,322,---,MARKER_TRIPLE_DASH,,0,selected_zero_not_shown,0,true
MakeAR,58,621,23,323,---,MARKER_TRIPLE_DASH,,0,selected_zero_not_shown,0,true
MakeAR,58,621,24,324,---,MARKER_TRIPLE_DASH,,0,selected_zero_not_shown,0,true
MakeAR,58,621,25,325,---,MARKER_TRIPLE_DASH,,0,selected_zero_not_shown,0,true
MakeAR,58,621,26,326,---,MARKER_TRIPLE_DASH,,0,selected_zero_not_shown,0,true
MakeAR,58,621,27,42,---,MARKER_TRIPLE_DASH,,0,selected_zero_not_shown,0,true
MakeAR,58,621,28,441,---,MARKER_TRIPLE_DASH,,0,selected_zero_not_shown,0,true
MakeAR,58,621,29,445,---,MARKER_TRIPLE_DASH,,0,selected_zero_not_shown,0,true
MakeAR,58,621,30,452,---,MARKER_TRIPLE_DASH,,0,selected_zero_not_shown,0,true
MakeAR,58,621,31,4A0,---,MARKER_TRIPLE_DASH,,0,selected_zero_not_shown,0,true
MakeAR,58,621,32,481,---,MARKER_TRIPLE_DASH,,0,selected_zero_not_shown,0,true
MakeAR,58,621,33,482,---,MARKER_TRIPLE_DASH,,0,selected_zero_not_shown,0,true
MakeAR,58,621,34,483,---,MARKER_TRIPLE_DASH,,0,selected_zero_not_shown,0,true
MakeAR,58,621,35,484,---,MARKER_TRIPLE_DASH,,0,selected_zero_not_shown,0,true
MakeAR,58,621,36,485,---,MARKER_TRIPLE_DASH,,0,selected_zero_not_shown,0,true
MakeAR,58,621,37,486,---,MARKER_TRIPLE_DASH,,0,selected_zero_not_shown,0,true
MakeAR,58,621,38,487OS,---,MARKER_TRIPLE_DASH,,0,selected_zero_not_shown,0,true
MakeAR,58,621,39,493,---,MARKER_TRIPLE_DASH,,0,selected_zero_not_shown,0,true
MakeAR,58,621,40,511,---,MARKER_TRIPLE_DASH,,0,selected_zero_not_shown,0,true
MakeAR,58,621,41,512,---,MARKER_TRIPLE_DASH,,0,selected_zero_not_shown,0,true
MakeAR,58,621,42,513,---,MARKER_TRIPLE_DASH,,0,selected_zero_not_shown,0,true
MakeAR,58,621,43,514,---,MARKER_TRIPLE_DASH,,0,selected_zero_not_shown,0,true
MakeAR,58,621,44,521CI,---,MARKER_TRIPLE_DASH,,0,selected_zero_not_shown,0,true
MakeAR,58,621,45,523,---,MARKER_TRIPLE_DASH,,0,selected_zero_not_shown,0,true
MakeAR,58,621,46,524,---,MARKER_TRIPLE_DASH,,0,selected_zero_not_shown,0,true
MakeAR,58,621,47,525,---,MARKER_TRIPLE_DASH,,0,selected_zero_not_shown,0,true
MakeAR,58,621,48,HS,---,MARKER_TRIPLE_DASH,,0,selected_zero_not_shown,0,true
MakeAR,58,621,49,ORE,---,MARKER_TRIPLE_DASH,,0,selected_zero_not_shown,0,true
MakeAR,58,621,50,532RL,---,MARKER_TRIPLE_DASH,,0,selected_zero_not_shown,0,true
MakeAR,58,621,51,5411,---,MARKER_TRIPLE_DASH,,0,selected_zero_not_shown,0,true
MakeAR,58,621,52,5415,---,MARKER_TRIPLE_DASH,,0,selected_zero_not_shown,0,true
MakeAR,58,621,53,5412OP,---,MARKER_TRIPLE_DASH,,0,selected_zero_not_shown,0,true
MakeAR,58,621,54,55,---,MARKER_TRIPLE_DASH,,0,selected_zero_not_shown,0,true
MakeAR,58,621,55,561,---,MARKER_TRIPLE_DASH,,0,selected_zero_not_shown,0,true
MakeAR,58,621,56,562,---,MARKER_TRIPLE_DASH,,0,selected_zero_not_shown,0,true
MakeAR,58,621,57,61,---,MARKER_TRIPLE_DASH,,0,selected_zero_not_shown,0,true
MakeAR,58,621,58,621,"1,610,542",NONZERO_INTEGER,1610542,1610542,numeric,1610542,true
MakeAR,58,621,59,622,---,MARKER_TRIPLE_DASH,,0,selected_zero_not_shown,0,true
MakeAR,58,621,60,623,---,MARKER_TRIPLE_DASH,,0,selected_zero_not_shown,0,true
MakeAR,58,621,61,624,---,MARKER_TRIPLE_DASH,,0,selected_zero_not_shown,0,true
MakeAR,58,621,62,711AS,---,MARKER_TRIPLE_DASH,,0,selected_zero_not_shown,0,true
MakeAR,58,621,63,713,---,MARKER_TRIPLE_DASH,,0,selected_zero_not_shown,0,true
MakeAR,58,621,64,721,---,MARKER_TRIPLE_DASH,,0,selected_zero_not_shown,0,true
MakeAR,58,621,65,722,---,MARKER_TRIPLE_DASH,,0,selected_zero_not_shown,0,true
MakeAR,58,621,66,81,---,MARKER_TRIPLE_DASH,,0,selected_zero_not_shown,0,true
MakeAR,58,621,67,GFGD,---,MARKER_TRIPLE_DASH,,0,selected_zero_not_shown,0,true
MakeAR,58,621,68,GFGN,---,MARKER_TRIPLE_DASH,,0,selected_zero_not_shown,0,true
MakeAR,58,621,69,GFE,---,MARKER_TRIPLE_DASH,,0,selected_zero_not_shown,0,true
MakeAR,58,621,70,GSLG,---,MARKER_TRIPLE_DASH,,0,selected_zero_not_shown,0,true
MakeAR,58,621,71,GSLE,---,MARKER_TRIPLE_DASH,,0,selected_zero_not_shown,0,true
MakeAR,58,621,72,Used,---,MARKER_TRIPLE_DASH,,0,selected_zero_not_shown,0,true
MakeAR,58,621,73,Other,---,MARKER_TRIPLE_DASH,,0,selected_zero_not_shown,0,true
MakeAR,59,622,1,111CA,---,MARKER_TRIPLE_DASH,,0,selected_zero_not_shown,0,true
MakeAR,59,622,2,113FF,---,MARKER_TRIPLE_DASH,,0,selected_zero_not_shown,0,true
MakeAR,59,622,3,211,---,MARKER_TRIPLE_DASH,,0,selected_zero_not_shown,0,true
MakeAR,59,622,4,212,---,MARKER_TRIPLE_DASH,,0,selected_zero_not_shown,0,true
MakeAR,59,622,5,213,---,MARKER_TRIPLE_DASH,,0,selected_zero_not_shown,0,true
MakeAR,59,622,6,22,---,MARKER_TRIPLE_DASH,,0,selected_zero_not_shown,0,true
MakeAR,59,622,7,23,---,MARKER_TRIPLE_DASH,,0,selected_zero_not_shown,0,true
MakeAR,59,622,8,321,---,MARKER_TRIPLE_DASH,,0,selected_zero_not_shown,0,true
MakeAR,59,622,9,327,---,MARKER_TRIPLE_DASH,,0,selected_zero_not_shown,0,true
MakeAR,59,622,10,331,---,MARKER_TRIPLE_DASH,,0,selected_zero_not_shown,0,true
MakeAR,59,622,11,332,---,MARKER_TRIPLE_DASH,,0,selected_zero_not_shown,0,true
MakeAR,59,622,12,333,---,MARKER_TRIPLE_DASH,,0,selected_zero_not_shown,0,true
MakeAR,59,622,13,334,---,MARKER_TRIPLE_DASH,,0,selected_zero_not_shown,0,true
MakeAR,59,622,14,335,---,MARKER_TRIPLE_DASH,,0,selected_zero_not_shown,0,true
MakeAR,59,622,15,3361MV,---,MARKER_TRIPLE_DASH,,0,selected_zero_not_shown,0,true
MakeAR,59,622,16,3364OT,---,MARKER_TRIPLE_DASH,,0,selected_zero_not_shown,0,true
MakeAR,59,622,17,337,---,MARKER_TRIPLE_DASH,,0,selected_zero_not_shown,0,true
MakeAR,59,622,18,339,---,MARKER_TRIPLE_DASH,,0,selected_zero_not_shown,0,true
MakeAR,59,622,19,311FT,---,MARKER_TRIPLE_DASH,,0,selected_zero_not_shown,0,true
MakeAR,59,622,20,313TT,---,MARKER_TRIPLE_DASH,,0,selected_zero_not_shown,0,true
MakeAR,59,622,21,315AL,---,MARKER_TRIPLE_DASH,,0,selected_zero_not_shown,0,true
MakeAR,59,622,22,322,---,MARKER_TRIPLE_DASH,,0,selected_zero_not_shown,0,true
MakeAR,59,622,23,323,---,MARKER_TRIPLE_DASH,,0,selected_zero_not_shown,0,true
MakeAR,59,622,24,324,---,MARKER_TRIPLE_DASH,,0,selected_zero_not_shown,0,true
MakeAR,59,622,25,325,---,MARKER_TRIPLE_DASH,,0,selected_zero_not_shown,0,true
MakeAR,59,622,26,326,---,MARKER_TRIPLE_DASH,,0,selected_zero_not_shown,0,true
MakeAR,59,622,27,42,---,MARKER_TRIPLE_DASH,,0,selected_zero_not_shown,0,true
MakeAR,59,622,28,441,---,MARKER_TRIPLE_DASH,,0,selected_zero_not_shown,0,true
MakeAR,59,622,29,445,---,MARKER_TRIPLE_DASH,,0,selected_zero_not_shown,0,true
MakeAR,59,622,30,452,---,MARKER_TRIPLE_DASH,,0,selected_zero_not_shown,0,true
MakeAR,59,622,31,4A0,---,MARKER_TRIPLE_DASH,,0,selected_zero_not_shown,0,true
MakeAR,59,622,32,481,---,MARKER_TRIPLE_DASH,,0,selected_zero_not_shown,0,true
MakeAR,59,622,33,482,---,MARKER_TRIPLE_DASH,,0,selected_zero_not_shown,0,true
MakeAR,59,622,34,483,---,MARKER_TRIPLE_DASH,,0,selected_zero_not_shown,0,true
MakeAR,59,622,35,484,---,MARKER_TRIPLE_DASH,,0,selected_zero_not_shown,0,true
MakeAR,59,622,36,485,---,MARKER_TRIPLE_DASH,,0,selected_zero_not_shown,0,true
MakeAR,59,622,37,486,---,MARKER_TRIPLE_DASH,,0,selected_zero_not_shown,0,true
MakeAR,59,622,38,487OS,---,MARKER_TRIPLE_DASH,,0,selected_zero_not_shown,0,true
MakeAR,59,622,39,493,---,MARKER_TRIPLE_DASH,,0,selected_zero_not_shown,0,true
MakeAR,59,622,40,511,---,MARKER_TRIPLE_DASH,,0,selected_zero_not_shown,0,true
MakeAR,59,622,41,512,---,MARKER_TRIPLE_DASH,,0,selected_zero_not_shown,0,true
MakeAR,59,622,42,513,---,MARKER_TRIPLE_DASH,,0,selected_zero_not_shown,0,true
MakeAR,59,622,43,514,---,MARKER_TRIPLE_DASH,,0,selected_zero_not_shown,0,true
MakeAR,59,622,44,521CI,---,MARKER_TRIPLE_DASH,,0,selected_zero_not_shown,0,true
MakeAR,59,622,45,523,---,MARKER_TRIPLE_DASH,,0,selected_zero_not_shown,0,true
MakeAR,59,622,46,524,---,MARKER_TRIPLE_DASH,,0,selected_zero_not_shown,0,true
MakeAR,59,622,47,525,---,MARKER_TRIPLE_DASH,,0,selected_zero_not_shown,0,true
MakeAR,59,622,48,HS,---,MARKER_TRIPLE_DASH,,0,selected_zero_not_shown,0,true
MakeAR,59,622,49,ORE,---,MARKER_TRIPLE_DASH,,0,selected_zero_not_shown,0,true
MakeAR,59,622,50,532RL,---,MARKER_TRIPLE_DASH,,0,selected_zero_not_shown,0,true
MakeAR,59,622,51,5411,---,MARKER_TRIPLE_DASH,,0,selected_zero_not_shown,0,true
MakeAR,59,622,52,5415,---,MARKER_TRIPLE_DASH,,0,selected_zero_not_shown,0,true
MakeAR,59,622,53,5412OP,---,MARKER_TRIPLE_DASH,,0,selected_zero_not_shown,0,true
MakeAR,59,622,54,55,---,MARKER_TRIPLE_DASH,,0,selected_zero_not_shown,0,true
MakeAR,59,622,55,561,---,MARKER_TRIPLE_DASH,,0,selected_zero_not_shown,0,true
MakeAR,59,622,56,562,---,MARKER_TRIPLE_DASH,,0,selected_zero_not_shown,0,true
MakeAR,59,622,57,61,---,MARKER_TRIPLE_DASH,,0,selected_zero_not_shown,0,true
MakeAR,59,622,58,621,"3,238",NONZERO_INTEGER,3238,3238,numeric,3238,true
MakeAR,59,622,59,622,"1,240,641",NONZERO_INTEGER,1240641,1240641,numeric,1240641,true
MakeAR,59,622,60,623,0,LITERAL_ZERO,0,0,numeric,0,true
MakeAR,59,622,61,624,---,MARKER_TRIPLE_DASH,,0,selected_zero_not_shown,0,true
MakeAR,59,622,62,711AS,---,MARKER_TRIPLE_DASH,,0,selected_zero_not_shown,0,true
MakeAR,59,622,63,713,---,MARKER_TRIPLE_DASH,,0,selected_zero_not_shown,0,true
MakeAR,59,622,64,721,---,MARKER_TRIPLE_DASH,,0,selected_zero_not_shown,0,true
MakeAR,59,622,65,722,---,MARKER_TRIPLE_DASH,,0,selected_zero_not_shown,0,true
MakeAR,59,622,66,81,---,MARKER_TRIPLE_DASH,,0,selected_zero_not_shown,0,true
MakeAR,59,622,67,GFGD,---,MARKER_TRIPLE_DASH,,0,selected_zero_not_shown,0,true
MakeAR,59,622,68,GFGN,---,MARKER_TRIPLE_DASH,,0,selected_zero_not_shown,0,true
MakeAR,59,622,69,GFE,---,MARKER_TRIPLE_DASH,,0,selected_zero_not_shown,0,true
MakeAR,59,622,70,GSLG,---,MARKER_TRIPLE_DASH,,0,selected_zero_not_shown,0,true
MakeAR,59,622,71,GSLE,---,MARKER_TRIPLE_DASH,,0,selected_zero_not_shown,0,true
MakeAR,59,622,72,Used,---,MARKER_TRIPLE_DASH,,0,selected_zero_not_shown,0,true
MakeAR,59,622,73,Other,---,MARKER_TRIPLE_DASH,,0,selected_zero_not_shown,0,true
MakeAR,60,623,1,111CA,---,MARKER_TRIPLE_DASH,,0,selected_zero_not_shown,0,true
MakeAR,60,623,2,113FF,---,MARKER_TRIPLE_DASH,,0,selected_zero_not_shown,0,true
MakeAR,60,623,3,211,---,MARKER_TRIPLE_DASH,,0,selected_zero_not_shown,0,true
MakeAR,60,623,4,212,---,MARKER_TRIPLE_DASH,,0,selected_zero_not_shown,0,true
MakeAR,60,623,5,213,---,MARKER_TRIPLE_DASH,,0,selected_zero_not_shown,0,true
MakeAR,60,623,6,22,---,MARKER_TRIPLE_DASH,,0,selected_zero_not_shown,0,true
MakeAR,60,623,7,23,---,MARKER_TRIPLE_DASH,,0,selected_zero_not_shown,0,true
MakeAR,60,623,8,321,---,MARKER_TRIPLE_DASH,,0,selected_zero_not_shown,0,true
MakeAR,60,623,9,327,---,MARKER_TRIPLE_DASH,,0,selected_zero_not_shown,0,true
MakeAR,60,623,10,331,---,MARKER_TRIPLE_DASH,,0,selected_zero_not_shown,0,true
MakeAR,60,623,11,332,---,MARKER_TRIPLE_DASH,,0,selected_zero_not_shown,0,true
MakeAR,60,623,12,333,---,MARKER_TRIPLE_DASH,,0,selected_zero_not_shown,0,true
MakeAR,60,623,13,334,---,MARKER_TRIPLE_DASH,,0,selected_zero_not_shown,0,true
MakeAR,60,623,14,335,---,MARKER_TRIPLE_DASH,,0,selected_zero_not_shown,0,true
MakeAR,60,623,15,3361MV,---,MARKER_TRIPLE_DASH,,0,selected_zero_not_shown,0,true
MakeAR,60,623,16,3364OT,---,MARKER_TRIPLE_DASH,,0,selected_zero_not_shown,0,true
MakeAR,60,623,17,337,---,MARKER_TRIPLE_DASH,,0,selected_zero_not_shown,0,true
MakeAR,60,623,18,339,---,MARKER_TRIPLE_DASH,,0,selected_zero_not_shown,0,true
MakeAR,60,623,19,311FT,---,MARKER_TRIPLE_DASH,,0,selected_zero_not_shown,0,true
MakeAR,60,623,20,313TT,---,MARKER_TRIPLE_DASH,,0,selected_zero_not_shown,0,true
MakeAR,60,623,21,315AL,---,MARKER_TRIPLE_DASH,,0,selected_zero_not_shown,0,true
MakeAR,60,623,22,322,---,MARKER_TRIPLE_DASH,,0,selected_zero_not_shown,0,true
MakeAR,60,623,23,323,---,MARKER_TRIPLE_DASH,,0,selected_zero_not_shown,0,true
MakeAR,60,623,24,324,---,MARKER_TRIPLE_DASH,,0,selected_zero_not_shown,0,true
MakeAR,60,623,25,325,---,MARKER_TRIPLE_DASH,,0,selected_zero_not_shown,0,true
MakeAR,60,623,26,326,---,MARKER_TRIPLE_DASH,,0,selected_zero_not_shown,0,true
MakeAR,60,623,27,42,---,MARKER_TRIPLE_DASH,,0,selected_zero_not_shown,0,true
MakeAR,60,623,28,441,---,MARKER_TRIPLE_DASH,,0,selected_zero_not_shown,0,true
MakeAR,60,623,29,445,---,MARKER_TRIPLE_DASH,,0,selected_zero_not_shown,0,true
MakeAR,60,623,30,452,---,MARKER_TRIPLE_DASH,,0,selected_zero_not_shown,0,true
MakeAR,60,623,31,4A0,---,MARKER_TRIPLE_DASH,,0,selected_zero_not_shown,0,true
MakeAR,60,623,32,481,---,MARKER_TRIPLE_DASH,,0,selected_zero_not_shown,0,true
MakeAR,60,623,33,482,---,MARKER_TRIPLE_DASH,,0,selected_zero_not_shown,0,true
MakeAR,60,623,34,483,---,MARKER_TRIPLE_DASH,,0,selected_zero_not_shown,0,true
MakeAR,60,623,35,484,---,MARKER_TRIPLE_DASH,,0,selected_zero_not_shown,0,true
MakeAR,60,623,36,485,---,MARKER_TRIPLE_DASH,,0,selected_zero_not_shown,0,true
MakeAR,60,623,37,486,---,MARKER_TRIPLE_DASH,,0,selected_zero_not_shown,0,true
MakeAR,60,623,38,487OS,---,MARKER_TRIPLE_DASH,,0,selected_zero_not_shown,0,true
MakeAR,60,623,39,493,---,MARKER_TRIPLE_DASH,,0,selected_zero_not_shown,0,true
MakeAR,60,623,40,511,---,MARKER_TRIPLE_DASH,,0,selected_zero_not_shown,0,true
MakeAR,60,623,41,512,---,MARKER_TRIPLE_DASH,,0,selected_zero_not_shown,0,true
MakeAR,60,623,42,513,---,MARKER_TRIPLE_DASH,,0,selected_zero_not_shown,0,true
MakeAR,60,623,43,514,---,MARKER_TRIPLE_DASH,,0,selected_zero_not_shown,0,true
MakeAR,60,623,44,521CI,---,MARKER_TRIPLE_DASH,,0,selected_zero_not_shown,0,true
MakeAR,60,623,45,523,---,MARKER_TRIPLE_DASH,,0,selected_zero_not_shown,0,true
MakeAR,60,623,46,524,---,MARKER_TRIPLE_DASH,,0,selected_zero_not_shown,0,true
MakeAR,60,623,47,525,---,MARKER_TRIPLE_DASH,,0,selected_zero_not_shown,0,true
MakeAR,60,623,48,HS,---,MARKER_TRIPLE_DASH,,0,selected_zero_not_shown,0,true
MakeAR,60,623,49,ORE,---,MARKER_TRIPLE_DASH,,0,selected_zero_not_shown,0,true
MakeAR,60,623,50,532RL,---,MARKER_TRIPLE_DASH,,0,selected_zero_not_shown,0,true
MakeAR,60,623,51,5411,---,MARKER_TRIPLE_DASH,,0,selected_zero_not_shown,0,true
MakeAR,60,623,52,5415,---,MARKER_TRIPLE_DASH,,0,selected_zero_not_shown,0,true
MakeAR,60,623,53,5412OP,---,MARKER_TRIPLE_DASH,,0,selected_zero_not_shown,0,true
MakeAR,60,623,54,55,---,MARKER_TRIPLE_DASH,,0,selected_zero_not_shown,0,true
MakeAR,60,623,55,561,---,MARKER_TRIPLE_DASH,,0,selected_zero_not_shown,0,true
MakeAR,60,623,56,562,---,MARKER_TRIPLE_DASH,,0,selected_zero_not_shown,0,true
MakeAR,60,623,57,61,---,MARKER_TRIPLE_DASH,,0,selected_zero_not_shown,0,true
MakeAR,60,623,58,621,0,LITERAL_ZERO,0,0,numeric,0,true
MakeAR,60,623,59,622,---,MARKER_TRIPLE_DASH,,0,selected_zero_not_shown,0,true
MakeAR,60,623,60,623,"344,815",NONZERO_INTEGER,344815,344815,numeric,344815,true
MakeAR,60,623,61,624,10,NONZERO_INTEGER,10,10,numeric,10,true
MakeAR,60,623,62,711AS,---,MARKER_TRIPLE_DASH,,0,selected_zero_not_shown,0,true
MakeAR,60,623,63,713,---,MARKER_TRIPLE_DASH,,0,selected_zero_not_shown,0,true
MakeAR,60,623,64,721,---,MARKER_TRIPLE_DASH,,0,selected_zero_not_shown,0,true
MakeAR,60,623,65,722,---,MARKER_TRIPLE_DASH,,0,selected_zero_not_shown,0,true
MakeAR,60,623,66,81,---,MARKER_TRIPLE_DASH,,0,selected_zero_not_shown,0,true
MakeAR,60,623,67,GFGD,---,MARKER_TRIPLE_DASH,,0,selected_zero_not_shown,0,true
MakeAR,60,623,68,GFGN,---,MARKER_TRIPLE_DASH,,0,selected_zero_not_shown,0,true
MakeAR,60,623,69,GFE,---,MARKER_TRIPLE_DASH,,0,selected_zero_not_shown,0,true
MakeAR,60,623,70,GSLG,---,MARKER_TRIPLE_DASH,,0,selected_zero_not_shown,0,true
MakeAR,60,623,71,GSLE,---,MARKER_TRIPLE_DASH,,0,selected_zero_not_shown,0,true
MakeAR,60,623,72,Used,---,MARKER_TRIPLE_DASH,,0,selected_zero_not_shown,0,true
MakeAR,60,623,73,Other,---,MARKER_TRIPLE_DASH,,0,selected_zero_not_shown,0,true
MakeAR,61,624,1,111CA,---,MARKER_TRIPLE_DASH,,0,selected_zero_not_shown,0,true
MakeAR,61,624,2,113FF,---,MARKER_TRIPLE_DASH,,0,selected_zero_not_shown,0,true
MakeAR,61,624,3,211,---,MARKER_TRIPLE_DASH,,0,selected_zero_not_shown,0,true
MakeAR,61,624,4,212,---,MARKER_TRIPLE_DASH,,0,selected_zero_not_shown,0,true
MakeAR,61,624,5,213,---,MARKER_TRIPLE_DASH,,0,selected_zero_not_shown,0,true
MakeAR,61,624,6,22,---,MARKER_TRIPLE_DASH,,0,selected_zero_not_shown,0,true
MakeAR,61,624,7,23,---,MARKER_TRIPLE_DASH,,0,selected_zero_not_shown,0,true
MakeAR,61,624,8,321,---,MARKER_TRIPLE_DASH,,0,selected_zero_not_shown,0,true
MakeAR,61,624,9,327,---,MARKER_TRIPLE_DASH,,0,selected_zero_not_shown,0,true
MakeAR,61,624,10,331,---,MARKER_TRIPLE_DASH,,0,selected_zero_not_shown,0,true
MakeAR,61,624,11,332,---,MARKER_TRIPLE_DASH,,0,selected_zero_not_shown,0,true
MakeAR,61,624,12,333,---,MARKER_TRIPLE_DASH,,0,selected_zero_not_shown,0,true
MakeAR,61,624,13,334,---,MARKER_TRIPLE_DASH,,0,selected_zero_not_shown,0,true
MakeAR,61,624,14,335,---,MARKER_TRIPLE_DASH,,0,selected_zero_not_shown,0,true
MakeAR,61,624,15,3361MV,---,MARKER_TRIPLE_DASH,,0,selected_zero_not_shown,0,true
MakeAR,61,624,16,3364OT,---,MARKER_TRIPLE_DASH,,0,selected_zero_not_shown,0,true
MakeAR,61,624,17,337,---,MARKER_TRIPLE_DASH,,0,selected_zero_not_shown,0,true
MakeAR,61,624,18,339,---,MARKER_TRIPLE_DASH,,0,selected_zero_not_shown,0,true
MakeAR,61,624,19,311FT,---,MARKER_TRIPLE_DASH,,0,selected_zero_not_shown,0,true
MakeAR,61,624,20,313TT,---,MARKER_TRIPLE_DASH,,0,selected_zero_not_shown,0,true
MakeAR,61,624,21,315AL,---,MARKER_TRIPLE_DASH,,0,selected_zero_not_shown,0,true
MakeAR,61,624,22,322,---,MARKER_TRIPLE_DASH,,0,selected_zero_not_shown,0,true
MakeAR,61,624,23,323,---,MARKER_TRIPLE_DASH,,0,selected_zero_not_shown,0,true
MakeAR,61,624,24,324,---,MARKER_TRIPLE_DASH,,0,selected_zero_not_shown,0,true
MakeAR,61,624,25,325,---,MARKER_TRIPLE_DASH,,0,selected_zero_not_shown,0,true
MakeAR,61,624,26,326,---,MARKER_TRIPLE_DASH,,0,selected_zero_not_shown,0,true
MakeAR,61,624,27,42,---,MARKER_TRIPLE_DASH,,0,selected_zero_not_shown,0,true
MakeAR,61,624,28,441,---,MARKER_TRIPLE_DASH,,0,selected_zero_not_shown,0,true
MakeAR,61,624,29,445,---,MARKER_TRIPLE_DASH,,0,selected_zero_not_shown,0,true
MakeAR,61,624,30,452,---,MARKER_TRIPLE_DASH,,0,selected_zero_not_shown,0,true
MakeAR,61,624,31,4A0,---,MARKER_TRIPLE_DASH,,0,selected_zero_not_shown,0,true
MakeAR,61,624,32,481,---,MARKER_TRIPLE_DASH,,0,selected_zero_not_shown,0,true
MakeAR,61,624,33,482,---,MARKER_TRIPLE_DASH,,0,selected_zero_not_shown,0,true
MakeAR,61,624,34,483,---,MARKER_TRIPLE_DASH,,0,selected_zero_not_shown,0,true
MakeAR,61,624,35,484,---,MARKER_TRIPLE_DASH,,0,selected_zero_not_shown,0,true
MakeAR,61,624,36,485,---,MARKER_TRIPLE_DASH,,0,selected_zero_not_shown,0,true
MakeAR,61,624,37,486,---,MARKER_TRIPLE_DASH,,0,selected_zero_not_shown,0,true
MakeAR,61,624,38,487OS,---,MARKER_TRIPLE_DASH,,0,selected_zero_not_shown,0,true
MakeAR,61,624,39,493,---,MARKER_TRIPLE_DASH,,0,selected_zero_not_shown,0,true
MakeAR,61,624,40,511,---,MARKER_TRIPLE_DASH,,0,selected_zero_not_shown,0,true
MakeAR,61,624,41,512,---,MARKER_TRIPLE_DASH,,0,selected_zero_not_shown,0,true
MakeAR,61,624,42,513,---,MARKER_TRIPLE_DASH,,0,selected_zero_not_shown,0,true
MakeAR,61,624,43,514,---,MARKER_TRIPLE_DASH,,0,selected_zero_not_shown,0,true
MakeAR,61,624,44,521CI,---,MARKER_TRIPLE_DASH,,0,selected_zero_not_shown,0,true
MakeAR,61,624,45,523,---,MARKER_TRIPLE_DASH,,0,selected_zero_not_shown,0,true
MakeAR,61,624,46,524,---,MARKER_TRIPLE_DASH,,0,selected_zero_not_shown,0,true
MakeAR,61,624,47,525,---,MARKER_TRIPLE_DASH,,0,selected_zero_not_shown,0,true
MakeAR,61,624,48,HS,---,MARKER_TRIPLE_DASH,,0,selected_zero_not_shown,0,true
MakeAR,61,624,49,ORE,---,MARKER_TRIPLE_DASH,,0,selected_zero_not_shown,0,true
MakeAR,61,624,50,532RL,---,MARKER_TRIPLE_DASH,,0,selected_zero_not_shown,0,true
MakeAR,61,624,51,5411,---,MARKER_TRIPLE_DASH,,0,selected_zero_not_shown,0,true
MakeAR,61,624,52,5415,---,MARKER_TRIPLE_DASH,,0,selected_zero_not_shown,0,true
MakeAR,61,624,53,5412OP,---,MARKER_TRIPLE_DASH,,0,selected_zero_not_shown,0,true
MakeAR,61,624,54,55,---,MARKER_TRIPLE_DASH,,0,selected_zero_not_shown,0,true
MakeAR,61,624,55,561,---,MARKER_TRIPLE_DASH,,0,selected_zero_not_shown,0,true
MakeAR,61,624,56,562,---,MARKER_TRIPLE_DASH,,0,selected_zero_not_shown,0,true
MakeAR,61,624,57,61,---,MARKER_TRIPLE_DASH,,0,selected_zero_not_shown,0,true
MakeAR,61,624,58,621,---,MARKER_TRIPLE_DASH,,0,selected_zero_not_shown,0,true
MakeAR,61,624,59,622,---,MARKER_TRIPLE_DASH,,0,selected_zero_not_shown,0,true
MakeAR,61,624,60,623,"3,094",NONZERO_INTEGER,3094,3094,numeric,3094,true
MakeAR,61,624,61,624,"353,853",NONZERO_INTEGER,353853,353853,numeric,353853,true
MakeAR,61,624,62,711AS,---,MARKER_TRIPLE_DASH,,0,selected_zero_not_shown,0,true
MakeAR,61,624,63,713,---,MARKER_TRIPLE_DASH,,0,selected_zero_not_shown,0,true
MakeAR,61,624,64,721,---,MARKER_TRIPLE_DASH,,0,selected_zero_not_shown,0,true
MakeAR,61,624,65,722,---,MARKER_TRIPLE_DASH,,0,selected_zero_not_shown,0,true
MakeAR,61,624,66,81,---,MARKER_TRIPLE_DASH,,0,selected_zero_not_shown,0,true
MakeAR,61,624,67,GFGD,---,MARKER_TRIPLE_DASH,,0,selected_zero_not_shown,0,true
MakeAR,61,624,68,GFGN,---,MARKER_TRIPLE_DASH,,0,selected_zero_not_shown,0,true
MakeAR,61,624,69,GFE,---,MARKER_TRIPLE_DASH,,0,selected_zero_not_shown,0,true
MakeAR,61,624,70,GSLG,---,MARKER_TRIPLE_DASH,,0,selected_zero_not_shown,0,true
MakeAR,61,624,71,GSLE,---,MARKER_TRIPLE_DASH,,0,selected_zero_not_shown,0,true
MakeAR,61,624,72,Used,---,MARKER_TRIPLE_DASH,,0,selected_zero_not_shown,0,true
MakeAR,61,624,73,Other,---,MARKER_TRIPLE_DASH,,0,selected_zero_not_shown,0,true
MakeAR,62,711AS,1,111CA,---,MARKER_TRIPLE_DASH,,0,selected_zero_not_shown,0,true
MakeAR,62,711AS,2,113FF,---,MARKER_TRIPLE_DASH,,0,selected_zero_not_shown,0,true
MakeAR,62,711AS,3,211,---,MARKER_TRIPLE_DASH,,0,selected_zero_not_shown,0,true
MakeAR,62,711AS,4,212,---,MARKER_TRIPLE_DASH,,0,selected_zero_not_shown,0,true
MakeAR,62,711AS,5,213,---,MARKER_TRIPLE_DASH,,0,selected_zero_not_shown,0,true
MakeAR,62,711AS,6,22,---,MARKER_TRIPLE_DASH,,0,selected_zero_not_shown,0,true
MakeAR,62,711AS,7,23,---,MARKER_TRIPLE_DASH,,0,selected_zero_not_shown,0,true
MakeAR,62,711AS,8,321,---,MARKER_TRIPLE_DASH,,0,selected_zero_not_shown,0,true
MakeAR,62,711AS,9,327,---,MARKER_TRIPLE_DASH,,0,selected_zero_not_shown,0,true
MakeAR,62,711AS,10,331,---,MARKER_TRIPLE_DASH,,0,selected_zero_not_shown,0,true
MakeAR,62,711AS,11,332,---,MARKER_TRIPLE_DASH,,0,selected_zero_not_shown,0,true
MakeAR,62,711AS,12,333,---,MARKER_TRIPLE_DASH,,0,selected_zero_not_shown,0,true
MakeAR,62,711AS,13,334,---,MARKER_TRIPLE_DASH,,0,selected_zero_not_shown,0,true
MakeAR,62,711AS,14,335,---,MARKER_TRIPLE_DASH,,0,selected_zero_not_shown,0,true
MakeAR,62,711AS,15,3361MV,---,MARKER_TRIPLE_DASH,,0,selected_zero_not_shown,0,true
MakeAR,62,711AS,16,3364OT,---,MARKER_TRIPLE_DASH,,0,selected_zero_not_shown,0,true
MakeAR,62,711AS,17,337,---,MARKER_TRIPLE_DASH,,0,selected_zero_not_shown,0,true
MakeAR,62,711AS,18,339,---,MARKER_TRIPLE_DASH,,0,selected_zero_not_shown,0,true
MakeAR,62,711AS,19,311FT,---,MARKER_TRIPLE_DASH,,0,selected_zero_not_shown,0,true
MakeAR,62,711AS,20,313TT,---,MARKER_TRIPLE_DASH,,0,selected_zero_not_shown,0,true
MakeAR,62,711AS,21,315AL,---,MARKER_TRIPLE_DASH,,0,selected_zero_not_shown,0,true
MakeAR,62,711AS,22,322,---,MARKER_TRIPLE_DASH,,0,selected_zero_not_shown,0,true
MakeAR,62,711AS,23,323,---,MARKER_TRIPLE_DASH,,0,selected_zero_not_shown,0,true
MakeAR,62,711AS,24,324,---,MARKER_TRIPLE_DASH,,0,selected_zero_not_shown,0,true
MakeAR,62,711AS,25,325,---,MARKER_TRIPLE_DASH,,0,selected_zero_not_shown,0,true
MakeAR,62,711AS,26,326,---,MARKER_TRIPLE_DASH,,0,selected_zero_not_shown,0,true
MakeAR,62,711AS,27,42,---,MARKER_TRIPLE_DASH,,0,selected_zero_not_shown,0,true
MakeAR,62,711AS,28,441,---,MARKER_TRIPLE_DASH,,0,selected_zero_not_shown,0,true
MakeAR,62,711AS,29,445,---,MARKER_TRIPLE_DASH,,0,selected_zero_not_shown,0,true
MakeAR,62,711AS,30,452,---,MARKER_TRIPLE_DASH,,0,selected_zero_not_shown,0,true
MakeAR,62,711AS,31,4A0,---,MARKER_TRIPLE_DASH,,0,selected_zero_not_shown,0,true
MakeAR,62,711AS,32,481,---,MARKER_TRIPLE_DASH,,0,selected_zero_not_shown,0,true
MakeAR,62,711AS,33,482,---,MARKER_TRIPLE_DASH,,0,selected_zero_not_shown,0,true
MakeAR,62,711AS,34,483,---,MARKER_TRIPLE_DASH,,0,selected_zero_not_shown,0,true
MakeAR,62,711AS,35,484,---,MARKER_TRIPLE_DASH,,0,selected_zero_not_shown,0,true
MakeAR,62,711AS,36,485,---,MARKER_TRIPLE_DASH,,0,selected_zero_not_shown,0,true
MakeAR,62,711AS,37,486,---,MARKER_TRIPLE_DASH,,0,selected_zero_not_shown,0,true
MakeAR,62,711AS,38,487OS,---,MARKER_TRIPLE_DASH,,0,selected_zero_not_shown,0,true
MakeAR,62,711AS,39,493,---,MARKER_TRIPLE_DASH,,0,selected_zero_not_shown,0,true
MakeAR,62,711AS,40,511,---,MARKER_TRIPLE_DASH,,0,selected_zero_not_shown,0,true
MakeAR,62,711AS,41,512,---,MARKER_TRIPLE_DASH,,0,selected_zero_not_shown,0,true
MakeAR,62,711AS,42,513,---,MARKER_TRIPLE_DASH,,0,selected_zero_not_shown,0,true
MakeAR,62,711AS,43,514,---,MARKER_TRIPLE_DASH,,0,selected_zero_not_shown,0,true
MakeAR,62,711AS,44,521CI,---,MARKER_TRIPLE_DASH,,0,selected_zero_not_shown,0,true
MakeAR,62,711AS,45,523,---,MARKER_TRIPLE_DASH,,0,selected_zero_not_shown,0,true
MakeAR,62,711AS,46,524,---,MARKER_TRIPLE_DASH,,0,selected_zero_not_shown,0,true
MakeAR,62,711AS,47,525,---,MARKER_TRIPLE_DASH,,0,selected_zero_not_shown,0,true
MakeAR,62,711AS,48,HS,---,MARKER_TRIPLE_DASH,,0,selected_zero_not_shown,0,true
MakeAR,62,711AS,49,ORE,---,MARKER_TRIPLE_DASH,,0,selected_zero_not_shown,0,true
MakeAR,62,711AS,50,532RL,---,MARKER_TRIPLE_DASH,,0,selected_zero_not_shown,0,true
MakeAR,62,711AS,51,5411,---,MARKER_TRIPLE_DASH,,0,selected_zero_not_shown,0,true
MakeAR,62,711AS,52,5415,---,MARKER_TRIPLE_DASH,,0,selected_zero_not_shown,0,true
MakeAR,62,711AS,53,5412OP,---,MARKER_TRIPLE_DASH,,0,selected_zero_not_shown,0,true
MakeAR,62,711AS,54,55,---,MARKER_TRIPLE_DASH,,0,selected_zero_not_shown,0,true
MakeAR,62,711AS,55,561,---,MARKER_TRIPLE_DASH,,0,selected_zero_not_shown,0,true
MakeAR,62,711AS,56,562,---,MARKER_TRIPLE_DASH,,0,selected_zero_not_shown,0,true
MakeAR,62,711AS,57,61,---,MARKER_TRIPLE_DASH,,0,selected_zero_not_shown,0,true
MakeAR,62,711AS,58,621,---,MARKER_TRIPLE_DASH,,0,selected_zero_not_shown,0,true
MakeAR,62,711AS,59,622,---,MARKER_TRIPLE_DASH,,0,selected_zero_not_shown,0,true
MakeAR,62,711AS,60,623,---,MARKER_TRIPLE_DASH,,0,selected_zero_not_shown,0,true
MakeAR,62,711AS,61,624,---,MARKER_TRIPLE_DASH,,0,selected_zero_not_shown,0,true
MakeAR,62,711AS,62,711AS,"295,939",NONZERO_INTEGER,295939,295939,numeric,295939,true
MakeAR,62,711AS,63,713,---,MARKER_TRIPLE_DASH,,0,selected_zero_not_shown,0,true
MakeAR,62,711AS,64,721,---,MARKER_TRIPLE_DASH,,0,selected_zero_not_shown,0,true
MakeAR,62,711AS,65,722,---,MARKER_TRIPLE_DASH,,0,selected_zero_not_shown,0,true
MakeAR,62,711AS,66,81,---,MARKER_TRIPLE_DASH,,0,selected_zero_not_shown,0,true
MakeAR,62,711AS,67,GFGD,---,MARKER_TRIPLE_DASH,,0,selected_zero_not_shown,0,true
MakeAR,62,711AS,68,GFGN,---,MARKER_TRIPLE_DASH,,0,selected_zero_not_shown,0,true
MakeAR,62,711AS,69,GFE,---,MARKER_TRIPLE_DASH,,0,selected_zero_not_shown,0,true
MakeAR,62,711AS,70,GSLG,---,MARKER_TRIPLE_DASH,,0,selected_zero_not_shown,0,true
MakeAR,62,711AS,71,GSLE,---,MARKER_TRIPLE_DASH,,0,selected_zero_not_shown,0,true
MakeAR,62,711AS,72,Used,---,MARKER_TRIPLE_DASH,,0,selected_zero_not_shown,0,true
MakeAR,62,711AS,73,Other,---,MARKER_TRIPLE_DASH,,0,selected_zero_not_shown,0,true
MakeAR,63,713,1,111CA,---,MARKER_TRIPLE_DASH,,0,selected_zero_not_shown,0,true
MakeAR,63,713,2,113FF,---,MARKER_TRIPLE_DASH,,0,selected_zero_not_shown,0,true
MakeAR,63,713,3,211,---,MARKER_TRIPLE_DASH,,0,selected_zero_not_shown,0,true
MakeAR,63,713,4,212,---,MARKER_TRIPLE_DASH,,0,selected_zero_not_shown,0,true
MakeAR,63,713,5,213,---,MARKER_TRIPLE_DASH,,0,selected_zero_not_shown,0,true
MakeAR,63,713,6,22,---,MARKER_TRIPLE_DASH,,0,selected_zero_not_shown,0,true
MakeAR,63,713,7,23,---,MARKER_TRIPLE_DASH,,0,selected_zero_not_shown,0,true
MakeAR,63,713,8,321,---,MARKER_TRIPLE_DASH,,0,selected_zero_not_shown,0,true
MakeAR,63,713,9,327,---,MARKER_TRIPLE_DASH,,0,selected_zero_not_shown,0,true
MakeAR,63,713,10,331,---,MARKER_TRIPLE_DASH,,0,selected_zero_not_shown,0,true
MakeAR,63,713,11,332,---,MARKER_TRIPLE_DASH,,0,selected_zero_not_shown,0,true
MakeAR,63,713,12,333,---,MARKER_TRIPLE_DASH,,0,selected_zero_not_shown,0,true
MakeAR,63,713,13,334,---,MARKER_TRIPLE_DASH,,0,selected_zero_not_shown,0,true
MakeAR,63,713,14,335,---,MARKER_TRIPLE_DASH,,0,selected_zero_not_shown,0,true
MakeAR,63,713,15,3361MV,---,MARKER_TRIPLE_DASH,,0,selected_zero_not_shown,0,true
MakeAR,63,713,16,3364OT,---,MARKER_TRIPLE_DASH,,0,selected_zero_not_shown,0,true
MakeAR,63,713,17,337,---,MARKER_TRIPLE_DASH,,0,selected_zero_not_shown,0,true
MakeAR,63,713,18,339,---,MARKER_TRIPLE_DASH,,0,selected_zero_not_shown,0,true
MakeAR,63,713,19,311FT,---,MARKER_TRIPLE_DASH,,0,selected_zero_not_shown,0,true
MakeAR,63,713,20,313TT,---,MARKER_TRIPLE_DASH,,0,selected_zero_not_shown,0,true
MakeAR,63,713,21,315AL,---,MARKER_TRIPLE_DASH,,0,selected_zero_not_shown,0,true
MakeAR,63,713,22,322,---,MARKER_TRIPLE_DASH,,0,selected_zero_not_shown,0,true
MakeAR,63,713,23,323,---,MARKER_TRIPLE_DASH,,0,selected_zero_not_shown,0,true
MakeAR,63,713,24,324,---,MARKER_TRIPLE_DASH,,0,selected_zero_not_shown,0,true
MakeAR,63,713,25,325,---,MARKER_TRIPLE_DASH,,0,selected_zero_not_shown,0,true
MakeAR,63,713,26,326,---,MARKER_TRIPLE_DASH,,0,selected_zero_not_shown,0,true
MakeAR,63,713,27,42,---,MARKER_TRIPLE_DASH,,0,selected_zero_not_shown,0,true
MakeAR,63,713,28,441,---,MARKER_TRIPLE_DASH,,0,selected_zero_not_shown,0,true
MakeAR,63,713,29,445,---,MARKER_TRIPLE_DASH,,0,selected_zero_not_shown,0,true
MakeAR,63,713,30,452,---,MARKER_TRIPLE_DASH,,0,selected_zero_not_shown,0,true
MakeAR,63,713,31,4A0,---,MARKER_TRIPLE_DASH,,0,selected_zero_not_shown,0,true
MakeAR,63,713,32,481,---,MARKER_TRIPLE_DASH,,0,selected_zero_not_shown,0,true
MakeAR,63,713,33,482,---,MARKER_TRIPLE_DASH,,0,selected_zero_not_shown,0,true
MakeAR,63,713,34,483,---,MARKER_TRIPLE_DASH,,0,selected_zero_not_shown,0,true
MakeAR,63,713,35,484,---,MARKER_TRIPLE_DASH,,0,selected_zero_not_shown,0,true
MakeAR,63,713,36,485,---,MARKER_TRIPLE_DASH,,0,selected_zero_not_shown,0,true
MakeAR,63,713,37,486,---,MARKER_TRIPLE_DASH,,0,selected_zero_not_shown,0,true
MakeAR,63,713,38,487OS,---,MARKER_TRIPLE_DASH,,0,selected_zero_not_shown,0,true
MakeAR,63,713,39,493,---,MARKER_TRIPLE_DASH,,0,selected_zero_not_shown,0,true
MakeAR,63,713,40,511,---,MARKER_TRIPLE_DASH,,0,selected_zero_not_shown,0,true
MakeAR,63,713,41,512,---,MARKER_TRIPLE_DASH,,0,selected_zero_not_shown,0,true
MakeAR,63,713,42,513,---,MARKER_TRIPLE_DASH,,0,selected_zero_not_shown,0,true
MakeAR,63,713,43,514,---,MARKER_TRIPLE_DASH,,0,selected_zero_not_shown,0,true
MakeAR,63,713,44,521CI,---,MARKER_TRIPLE_DASH,,0,selected_zero_not_shown,0,true
MakeAR,63,713,45,523,---,MARKER_TRIPLE_DASH,,0,selected_zero_not_shown,0,true
MakeAR,63,713,46,524,---,MARKER_TRIPLE_DASH,,0,selected_zero_not_shown,0,true
MakeAR,63,713,47,525,---,MARKER_TRIPLE_DASH,,0,selected_zero_not_shown,0,true
MakeAR,63,713,48,HS,---,MARKER_TRIPLE_DASH,,0,selected_zero_not_shown,0,true
MakeAR,63,713,49,ORE,---,MARKER_TRIPLE_DASH,,0,selected_zero_not_shown,0,true
MakeAR,63,713,50,532RL,---,MARKER_TRIPLE_DASH,,0,selected_zero_not_shown,0,true
MakeAR,63,713,51,5411,---,MARKER_TRIPLE_DASH,,0,selected_zero_not_shown,0,true
MakeAR,63,713,52,5415,---,MARKER_TRIPLE_DASH,,0,selected_zero_not_shown,0,true
MakeAR,63,713,53,5412OP,---,MARKER_TRIPLE_DASH,,0,selected_zero_not_shown,0,true
MakeAR,63,713,54,55,---,MARKER_TRIPLE_DASH,,0,selected_zero_not_shown,0,true
MakeAR,63,713,55,561,---,MARKER_TRIPLE_DASH,,0,selected_zero_not_shown,0,true
MakeAR,63,713,56,562,---,MARKER_TRIPLE_DASH,,0,selected_zero_not_shown,0,true
MakeAR,63,713,57,61,---,MARKER_TRIPLE_DASH,,0,selected_zero_not_shown,0,true
MakeAR,63,713,58,621,---,MARKER_TRIPLE_DASH,,0,selected_zero_not_shown,0,true
MakeAR,63,713,59,622,---,MARKER_TRIPLE_DASH,,0,selected_zero_not_shown,0,true
MakeAR,63,713,60,623,---,MARKER_TRIPLE_DASH,,0,selected_zero_not_shown,0,true
MakeAR,63,713,61,624,---,MARKER_TRIPLE_DASH,,0,selected_zero_not_shown,0,true
MakeAR,63,713,62,711AS,---,MARKER_TRIPLE_DASH,,0,selected_zero_not_shown,0,true
MakeAR,63,713,63,713,"267,137",NONZERO_INTEGER,267137,267137,numeric,267137,true
MakeAR,63,713,64,721,---,MARKER_TRIPLE_DASH,,0,selected_zero_not_shown,0,true
MakeAR,63,713,65,722,---,MARKER_TRIPLE_DASH,,0,selected_zero_not_shown,0,true
MakeAR,63,713,66,81,---,MARKER_TRIPLE_DASH,,0,selected_zero_not_shown,0,true
MakeAR,63,713,67,GFGD,---,MARKER_TRIPLE_DASH,,0,selected_zero_not_shown,0,true
MakeAR,63,713,68,GFGN,---,MARKER_TRIPLE_DASH,,0,selected_zero_not_shown,0,true
MakeAR,63,713,69,GFE,---,MARKER_TRIPLE_DASH,,0,selected_zero_not_shown,0,true
MakeAR,63,713,70,GSLG,---,MARKER_TRIPLE_DASH,,0,selected_zero_not_shown,0,true
MakeAR,63,713,71,GSLE,---,MARKER_TRIPLE_DASH,,0,selected_zero_not_shown,0,true
MakeAR,63,713,72,Used,---,MARKER_TRIPLE_DASH,,0,selected_zero_not_shown,0,true
MakeAR,63,713,73,Other,---,MARKER_TRIPLE_DASH,,0,selected_zero_not_shown,0,true
MakeAR,64,721,1,111CA,---,MARKER_TRIPLE_DASH,,0,selected_zero_not_shown,0,true
MakeAR,64,721,2,113FF,---,MARKER_TRIPLE_DASH,,0,selected_zero_not_shown,0,true
MakeAR,64,721,3,211,---,MARKER_TRIPLE_DASH,,0,selected_zero_not_shown,0,true
MakeAR,64,721,4,212,---,MARKER_TRIPLE_DASH,,0,selected_zero_not_shown,0,true
MakeAR,64,721,5,213,---,MARKER_TRIPLE_DASH,,0,selected_zero_not_shown,0,true
MakeAR,64,721,6,22,---,MARKER_TRIPLE_DASH,,0,selected_zero_not_shown,0,true
MakeAR,64,721,7,23,---,MARKER_TRIPLE_DASH,,0,selected_zero_not_shown,0,true
MakeAR,64,721,8,321,---,MARKER_TRIPLE_DASH,,0,selected_zero_not_shown,0,true
MakeAR,64,721,9,327,---,MARKER_TRIPLE_DASH,,0,selected_zero_not_shown,0,true
MakeAR,64,721,10,331,---,MARKER_TRIPLE_DASH,,0,selected_zero_not_shown,0,true
MakeAR,64,721,11,332,---,MARKER_TRIPLE_DASH,,0,selected_zero_not_shown,0,true
MakeAR,64,721,12,333,---,MARKER_TRIPLE_DASH,,0,selected_zero_not_shown,0,true
MakeAR,64,721,13,334,---,MARKER_TRIPLE_DASH,,0,selected_zero_not_shown,0,true
MakeAR,64,721,14,335,---,MARKER_TRIPLE_DASH,,0,selected_zero_not_shown,0,true
MakeAR,64,721,15,3361MV,---,MARKER_TRIPLE_DASH,,0,selected_zero_not_shown,0,true
MakeAR,64,721,16,3364OT,---,MARKER_TRIPLE_DASH,,0,selected_zero_not_shown,0,true
MakeAR,64,721,17,337,---,MARKER_TRIPLE_DASH,,0,selected_zero_not_shown,0,true
MakeAR,64,721,18,339,---,MARKER_TRIPLE_DASH,,0,selected_zero_not_shown,0,true
MakeAR,64,721,19,311FT,---,MARKER_TRIPLE_DASH,,0,selected_zero_not_shown,0,true
MakeAR,64,721,20,313TT,---,MARKER_TRIPLE_DASH,,0,selected_zero_not_shown,0,true
MakeAR,64,721,21,315AL,---,MARKER_TRIPLE_DASH,,0,selected_zero_not_shown,0,true
MakeAR,64,721,22,322,---,MARKER_TRIPLE_DASH,,0,selected_zero_not_shown,0,true
MakeAR,64,721,23,323,---,MARKER_TRIPLE_DASH,,0,selected_zero_not_shown,0,true
MakeAR,64,721,24,324,---,MARKER_TRIPLE_DASH,,0,selected_zero_not_shown,0,true
MakeAR,64,721,25,325,---,MARKER_TRIPLE_DASH,,0,selected_zero_not_shown,0,true
MakeAR,64,721,26,326,---,MARKER_TRIPLE_DASH,,0,selected_zero_not_shown,0,true
MakeAR,64,721,27,42,---,MARKER_TRIPLE_DASH,,0,selected_zero_not_shown,0,true
MakeAR,64,721,28,441,---,MARKER_TRIPLE_DASH,,0,selected_zero_not_shown,0,true
MakeAR,64,721,29,445,---,MARKER_TRIPLE_DASH,,0,selected_zero_not_shown,0,true
MakeAR,64,721,30,452,---,MARKER_TRIPLE_DASH,,0,selected_zero_not_shown,0,true
MakeAR,64,721,31,4A0,---,MARKER_TRIPLE_DASH,,0,selected_zero_not_shown,0,true
MakeAR,64,721,32,481,---,MARKER_TRIPLE_DASH,,0,selected_zero_not_shown,0,true
MakeAR,64,721,33,482,---,MARKER_TRIPLE_DASH,,0,selected_zero_not_shown,0,true
MakeAR,64,721,34,483,---,MARKER_TRIPLE_DASH,,0,selected_zero_not_shown,0,true
MakeAR,64,721,35,484,---,MARKER_TRIPLE_DASH,,0,selected_zero_not_shown,0,true
MakeAR,64,721,36,485,---,MARKER_TRIPLE_DASH,,0,selected_zero_not_shown,0,true
MakeAR,64,721,37,486,---,MARKER_TRIPLE_DASH,,0,selected_zero_not_shown,0,true
MakeAR,64,721,38,487OS,---,MARKER_TRIPLE_DASH,,0,selected_zero_not_shown,0,true
MakeAR,64,721,39,493,---,MARKER_TRIPLE_DASH,,0,selected_zero_not_shown,0,true
MakeAR,64,721,40,511,---,MARKER_TRIPLE_DASH,,0,selected_zero_not_shown,0,true
MakeAR,64,721,41,512,---,MARKER_TRIPLE_DASH,,0,selected_zero_not_shown,0,true
MakeAR,64,721,42,513,---,MARKER_TRIPLE_DASH,,0,selected_zero_not_shown,0,true
MakeAR,64,721,43,514,---,MARKER_TRIPLE_DASH,,0,selected_zero_not_shown,0,true
MakeAR,64,721,44,521CI,---,MARKER_TRIPLE_DASH,,0,selected_zero_not_shown,0,true
MakeAR,64,721,45,523,---,MARKER_TRIPLE_DASH,,0,selected_zero_not_shown,0,true
MakeAR,64,721,46,524,---,MARKER_TRIPLE_DASH,,0,selected_zero_not_shown,0,true
MakeAR,64,721,47,525,---,MARKER_TRIPLE_DASH,,0,selected_zero_not_shown,0,true
MakeAR,64,721,48,HS,0,LITERAL_ZERO,0,0,numeric,0,true
MakeAR,64,721,49,ORE,---,MARKER_TRIPLE_DASH,,0,selected_zero_not_shown,0,true
MakeAR,64,721,50,532RL,---,MARKER_TRIPLE_DASH,,0,selected_zero_not_shown,0,true
MakeAR,64,721,51,5411,---,MARKER_TRIPLE_DASH,,0,selected_zero_not_shown,0,true
MakeAR,64,721,52,5415,---,MARKER_TRIPLE_DASH,,0,selected_zero_not_shown,0,true
MakeAR,64,721,53,5412OP,---,MARKER_TRIPLE_DASH,,0,selected_zero_not_shown,0,true
MakeAR,64,721,54,55,---,MARKER_TRIPLE_DASH,,0,selected_zero_not_shown,0,true
MakeAR,64,721,55,561,---,MARKER_TRIPLE_DASH,,0,selected_zero_not_shown,0,true
MakeAR,64,721,56,562,---,MARKER_TRIPLE_DASH,,0,selected_zero_not_shown,0,true
MakeAR,64,721,57,61,---,MARKER_TRIPLE_DASH,,0,selected_zero_not_shown,0,true
MakeAR,64,721,58,621,---,MARKER_TRIPLE_DASH,,0,selected_zero_not_shown,0,true
MakeAR,64,721,59,622,---,MARKER_TRIPLE_DASH,,0,selected_zero_not_shown,0,true
MakeAR,64,721,60,623,---,MARKER_TRIPLE_DASH,,0,selected_zero_not_shown,0,true
MakeAR,64,721,61,624,---,MARKER_TRIPLE_DASH,,0,selected_zero_not_shown,0,true
MakeAR,64,721,62,711AS,---,MARKER_TRIPLE_DASH,,0,selected_zero_not_shown,0,true
MakeAR,64,721,63,713,---,MARKER_TRIPLE_DASH,,0,selected_zero_not_shown,0,true
MakeAR,64,721,64,721,"319,087",NONZERO_INTEGER,319087,319087,numeric,319087,true
MakeAR,64,721,65,722,1,NONZERO_INTEGER,1,1,numeric,1,true
MakeAR,64,721,66,81,---,MARKER_TRIPLE_DASH,,0,selected_zero_not_shown,0,true
MakeAR,64,721,67,GFGD,---,MARKER_TRIPLE_DASH,,0,selected_zero_not_shown,0,true
MakeAR,64,721,68,GFGN,---,MARKER_TRIPLE_DASH,,0,selected_zero_not_shown,0,true
MakeAR,64,721,69,GFE,---,MARKER_TRIPLE_DASH,,0,selected_zero_not_shown,0,true
MakeAR,64,721,70,GSLG,---,MARKER_TRIPLE_DASH,,0,selected_zero_not_shown,0,true
MakeAR,64,721,71,GSLE,---,MARKER_TRIPLE_DASH,,0,selected_zero_not_shown,0,true
MakeAR,64,721,72,Used,---,MARKER_TRIPLE_DASH,,0,selected_zero_not_shown,0,true
MakeAR,64,721,73,Other,---,MARKER_TRIPLE_DASH,,0,selected_zero_not_shown,0,true
MakeAR,65,722,1,111CA,---,MARKER_TRIPLE_DASH,,0,selected_zero_not_shown,0,true
MakeAR,65,722,2,113FF,---,MARKER_TRIPLE_DASH,,0,selected_zero_not_shown,0,true
MakeAR,65,722,3,211,---,MARKER_TRIPLE_DASH,,0,selected_zero_not_shown,0,true
MakeAR,65,722,4,212,---,MARKER_TRIPLE_DASH,,0,selected_zero_not_shown,0,true
MakeAR,65,722,5,213,---,MARKER_TRIPLE_DASH,,0,selected_zero_not_shown,0,true
MakeAR,65,722,6,22,---,MARKER_TRIPLE_DASH,,0,selected_zero_not_shown,0,true
MakeAR,65,722,7,23,---,MARKER_TRIPLE_DASH,,0,selected_zero_not_shown,0,true
MakeAR,65,722,8,321,---,MARKER_TRIPLE_DASH,,0,selected_zero_not_shown,0,true
MakeAR,65,722,9,327,---,MARKER_TRIPLE_DASH,,0,selected_zero_not_shown,0,true
MakeAR,65,722,10,331,---,MARKER_TRIPLE_DASH,,0,selected_zero_not_shown,0,true
MakeAR,65,722,11,332,---,MARKER_TRIPLE_DASH,,0,selected_zero_not_shown,0,true
MakeAR,65,722,12,333,---,MARKER_TRIPLE_DASH,,0,selected_zero_not_shown,0,true
MakeAR,65,722,13,334,---,MARKER_TRIPLE_DASH,,0,selected_zero_not_shown,0,true
MakeAR,65,722,14,335,---,MARKER_TRIPLE_DASH,,0,selected_zero_not_shown,0,true
MakeAR,65,722,15,3361MV,---,MARKER_TRIPLE_DASH,,0,selected_zero_not_shown,0,true
MakeAR,65,722,16,3364OT,---,MARKER_TRIPLE_DASH,,0,selected_zero_not_shown,0,true
MakeAR,65,722,17,337,---,MARKER_TRIPLE_DASH,,0,selected_zero_not_shown,0,true
MakeAR,65,722,18,339,---,MARKER_TRIPLE_DASH,,0,selected_zero_not_shown,0,true
MakeAR,65,722,19,311FT,---,MARKER_TRIPLE_DASH,,0,selected_zero_not_shown,0,true
MakeAR,65,722,20,313TT,---,MARKER_TRIPLE_DASH,,0,selected_zero_not_shown,0,true
MakeAR,65,722,21,315AL,---,MARKER_TRIPLE_DASH,,0,selected_zero_not_shown,0,true
MakeAR,65,722,22,322,---,MARKER_TRIPLE_DASH,,0,selected_zero_not_shown,0,true
MakeAR,65,722,23,323,---,MARKER_TRIPLE_DASH,,0,selected_zero_not_shown,0,true
MakeAR,65,722,24,324,---,MARKER_TRIPLE_DASH,,0,selected_zero_not_shown,0,true
MakeAR,65,722,25,325,---,MARKER_TRIPLE_DASH,,0,selected_zero_not_shown,0,true
MakeAR,65,722,26,326,---,MARKER_TRIPLE_DASH,,0,selected_zero_not_shown,0,true
MakeAR,65,722,27,42,---,MARKER_TRIPLE_DASH,,0,selected_zero_not_shown,0,true
MakeAR,65,722,28,441,---,MARKER_TRIPLE_DASH,,0,selected_zero_not_shown,0,true
MakeAR,65,722,29,445,---,MARKER_TRIPLE_DASH,,0,selected_zero_not_shown,0,true
MakeAR,65,722,30,452,---,MARKER_TRIPLE_DASH,,0,selected_zero_not_shown,0,true
MakeAR,65,722,31,4A0,---,MARKER_TRIPLE_DASH,,0,selected_zero_not_shown,0,true
MakeAR,65,722,32,481,---,MARKER_TRIPLE_DASH,,0,selected_zero_not_shown,0,true
MakeAR,65,722,33,482,---,MARKER_TRIPLE_DASH,,0,selected_zero_not_shown,0,true
MakeAR,65,722,34,483,---,MARKER_TRIPLE_DASH,,0,selected_zero_not_shown,0,true
MakeAR,65,722,35,484,---,MARKER_TRIPLE_DASH,,0,selected_zero_not_shown,0,true
MakeAR,65,722,36,485,---,MARKER_TRIPLE_DASH,,0,selected_zero_not_shown,0,true
MakeAR,65,722,37,486,---,MARKER_TRIPLE_DASH,,0,selected_zero_not_shown,0,true
MakeAR,65,722,38,487OS,---,MARKER_TRIPLE_DASH,,0,selected_zero_not_shown,0,true
MakeAR,65,722,39,493,---,MARKER_TRIPLE_DASH,,0,selected_zero_not_shown,0,true
MakeAR,65,722,40,511,---,MARKER_TRIPLE_DASH,,0,selected_zero_not_shown,0,true
MakeAR,65,722,41,512,---,MARKER_TRIPLE_DASH,,0,selected_zero_not_shown,0,true
MakeAR,65,722,42,513,---,MARKER_TRIPLE_DASH,,0,selected_zero_not_shown,0,true
MakeAR,65,722,43,514,---,MARKER_TRIPLE_DASH,,0,selected_zero_not_shown,0,true
MakeAR,65,722,44,521CI,---,MARKER_TRIPLE_DASH,,0,selected_zero_not_shown,0,true
MakeAR,65,722,45,523,---,MARKER_TRIPLE_DASH,,0,selected_zero_not_shown,0,true
MakeAR,65,722,46,524,---,MARKER_TRIPLE_DASH,,0,selected_zero_not_shown,0,true
MakeAR,65,722,47,525,---,MARKER_TRIPLE_DASH,,0,selected_zero_not_shown,0,true
MakeAR,65,722,48,HS,---,MARKER_TRIPLE_DASH,,0,selected_zero_not_shown,0,true
MakeAR,65,722,49,ORE,---,MARKER_TRIPLE_DASH,,0,selected_zero_not_shown,0,true
MakeAR,65,722,50,532RL,---,MARKER_TRIPLE_DASH,,0,selected_zero_not_shown,0,true
MakeAR,65,722,51,5411,---,MARKER_TRIPLE_DASH,,0,selected_zero_not_shown,0,true
MakeAR,65,722,52,5415,---,MARKER_TRIPLE_DASH,,0,selected_zero_not_shown,0,true
MakeAR,65,722,53,5412OP,---,MARKER_TRIPLE_DASH,,0,selected_zero_not_shown,0,true
MakeAR,65,722,54,55,---,MARKER_TRIPLE_DASH,,0,selected_zero_not_shown,0,true
MakeAR,65,722,55,561,---,MARKER_TRIPLE_DASH,,0,selected_zero_not_shown,0,true
MakeAR,65,722,56,562,---,MARKER_TRIPLE_DASH,,0,selected_zero_not_shown,0,true
MakeAR,65,722,57,61,---,MARKER_TRIPLE_DASH,,0,selected_zero_not_shown,0,true
MakeAR,65,722,58,621,---,MARKER_TRIPLE_DASH,,0,selected_zero_not_shown,0,true
MakeAR,65,722,59,622,---,MARKER_TRIPLE_DASH,,0,selected_zero_not_shown,0,true
MakeAR,65,722,60,623,---,MARKER_TRIPLE_DASH,,0,selected_zero_not_shown,0,true
MakeAR,65,722,61,624,---,MARKER_TRIPLE_DASH,,0,selected_zero_not_shown,0,true
MakeAR,65,722,62,711AS,---,MARKER_TRIPLE_DASH,,0,selected_zero_not_shown,0,true
MakeAR,65,722,63,713,---,MARKER_TRIPLE_DASH,,0,selected_zero_not_shown,0,true
MakeAR,65,722,64,721,---,MARKER_TRIPLE_DASH,,0,selected_zero_not_shown,0,true
MakeAR,65,722,65,722,"1,539,608",NONZERO_INTEGER,1539608,1539608,numeric,1539608,true
MakeAR,65,722,66,81,---,MARKER_TRIPLE_DASH,,0,selected_zero_not_shown,0,true
MakeAR,65,722,67,GFGD,---,MARKER_TRIPLE_DASH,,0,selected_zero_not_shown,0,true
MakeAR,65,722,68,GFGN,---,MARKER_TRIPLE_DASH,,0,selected_zero_not_shown,0,true
MakeAR,65,722,69,GFE,---,MARKER_TRIPLE_DASH,,0,selected_zero_not_shown,0,true
MakeAR,65,722,70,GSLG,---,MARKER_TRIPLE_DASH,,0,selected_zero_not_shown,0,true
MakeAR,65,722,71,GSLE,---,MARKER_TRIPLE_DASH,,0,selected_zero_not_shown,0,true
MakeAR,65,722,72,Used,13,NONZERO_INTEGER,13,13,numeric,13,true
MakeAR,65,722,73,Other,---,MARKER_TRIPLE_DASH,,0,selected_zero_not_shown,0,true
MakeAR,66,81,1,111CA,---,MARKER_TRIPLE_DASH,,0,selected_zero_not_shown,0,true
MakeAR,66,81,2,113FF,---,MARKER_TRIPLE_DASH,,0,selected_zero_not_shown,0,true
MakeAR,66,81,3,211,---,MARKER_TRIPLE_DASH,,0,selected_zero_not_shown,0,true
MakeAR,66,81,4,212,---,MARKER_TRIPLE_DASH,,0,selected_zero_not_shown,0,true
MakeAR,66,81,5,213,---,MARKER_TRIPLE_DASH,,0,selected_zero_not_shown,0,true
MakeAR,66,81,6,22,---,MARKER_TRIPLE_DASH,,0,selected_zero_not_shown,0,true
MakeAR,66,81,7,23,---,MARKER_TRIPLE_DASH,,0,selected_zero_not_shown,0,true
MakeAR,66,81,8,321,---,MARKER_TRIPLE_DASH,,0,selected_zero_not_shown,0,true
MakeAR,66,81,9,327,---,MARKER_TRIPLE_DASH,,0,selected_zero_not_shown,0,true
MakeAR,66,81,10,331,---,MARKER_TRIPLE_DASH,,0,selected_zero_not_shown,0,true
MakeAR,66,81,11,332,---,MARKER_TRIPLE_DASH,,0,selected_zero_not_shown,0,true
MakeAR,66,81,12,333,---,MARKER_TRIPLE_DASH,,0,selected_zero_not_shown,0,true
MakeAR,66,81,13,334,---,MARKER_TRIPLE_DASH,,0,selected_zero_not_shown,0,true
MakeAR,66,81,14,335,---,MARKER_TRIPLE_DASH,,0,selected_zero_not_shown,0,true
MakeAR,66,81,15,3361MV,---,MARKER_TRIPLE_DASH,,0,selected_zero_not_shown,0,true
MakeAR,66,81,16,3364OT,---,MARKER_TRIPLE_DASH,,0,selected_zero_not_shown,0,true
MakeAR,66,81,17,337,---,MARKER_TRIPLE_DASH,,0,selected_zero_not_shown,0,true
MakeAR,66,81,18,339,---,MARKER_TRIPLE_DASH,,0,selected_zero_not_shown,0,true
MakeAR,66,81,19,311FT,---,MARKER_TRIPLE_DASH,,0,selected_zero_not_shown,0,true
MakeAR,66,81,20,313TT,---,MARKER_TRIPLE_DASH,,0,selected_zero_not_shown,0,true
MakeAR,66,81,21,315AL,---,MARKER_TRIPLE_DASH,,0,selected_zero_not_shown,0,true
MakeAR,66,81,22,322,---,MARKER_TRIPLE_DASH,,0,selected_zero_not_shown,0,true
MakeAR,66,81,23,323,---,MARKER_TRIPLE_DASH,,0,selected_zero_not_shown,0,true
MakeAR,66,81,24,324,---,MARKER_TRIPLE_DASH,,0,selected_zero_not_shown,0,true
MakeAR,66,81,25,325,---,MARKER_TRIPLE_DASH,,0,selected_zero_not_shown,0,true
MakeAR,66,81,26,326,---,MARKER_TRIPLE_DASH,,0,selected_zero_not_shown,0,true
MakeAR,66,81,27,42,---,MARKER_TRIPLE_DASH,,0,selected_zero_not_shown,0,true
MakeAR,66,81,28,441,---,MARKER_TRIPLE_DASH,,0,selected_zero_not_shown,0,true
MakeAR,66,81,29,445,---,MARKER_TRIPLE_DASH,,0,selected_zero_not_shown,0,true
MakeAR,66,81,30,452,---,MARKER_TRIPLE_DASH,,0,selected_zero_not_shown,0,true
MakeAR,66,81,31,4A0,---,MARKER_TRIPLE_DASH,,0,selected_zero_not_shown,0,true
MakeAR,66,81,32,481,---,MARKER_TRIPLE_DASH,,0,selected_zero_not_shown,0,true
MakeAR,66,81,33,482,---,MARKER_TRIPLE_DASH,,0,selected_zero_not_shown,0,true
MakeAR,66,81,34,483,---,MARKER_TRIPLE_DASH,,0,selected_zero_not_shown,0,true
MakeAR,66,81,35,484,---,MARKER_TRIPLE_DASH,,0,selected_zero_not_shown,0,true
MakeAR,66,81,36,485,---,MARKER_TRIPLE_DASH,,0,selected_zero_not_shown,0,true
MakeAR,66,81,37,486,---,MARKER_TRIPLE_DASH,,0,selected_zero_not_shown,0,true
MakeAR,66,81,38,487OS,---,MARKER_TRIPLE_DASH,,0,selected_zero_not_shown,0,true
MakeAR,66,81,39,493,---,MARKER_TRIPLE_DASH,,0,selected_zero_not_shown,0,true
MakeAR,66,81,40,511,---,MARKER_TRIPLE_DASH,,0,selected_zero_not_shown,0,true
MakeAR,66,81,41,512,---,MARKER_TRIPLE_DASH,,0,selected_zero_not_shown,0,true
MakeAR,66,81,42,513,---,MARKER_TRIPLE_DASH,,0,selected_zero_not_shown,0,true
MakeAR,66,81,43,514,---,MARKER_TRIPLE_DASH,,0,selected_zero_not_shown,0,true
MakeAR,66,81,44,521CI,---,MARKER_TRIPLE_DASH,,0,selected_zero_not_shown,0,true
MakeAR,66,81,45,523,---,MARKER_TRIPLE_DASH,,0,selected_zero_not_shown,0,true
MakeAR,66,81,46,524,---,MARKER_TRIPLE_DASH,,0,selected_zero_not_shown,0,true
MakeAR,66,81,47,525,---,MARKER_TRIPLE_DASH,,0,selected_zero_not_shown,0,true
MakeAR,66,81,48,HS,---,MARKER_TRIPLE_DASH,,0,selected_zero_not_shown,0,true
MakeAR,66,81,49,ORE,34,NONZERO_INTEGER,34,34,numeric,34,true
MakeAR,66,81,50,532RL,---,MARKER_TRIPLE_DASH,,0,selected_zero_not_shown,0,true
MakeAR,66,81,51,5411,---,MARKER_TRIPLE_DASH,,0,selected_zero_not_shown,0,true
MakeAR,66,81,52,5415,---,MARKER_TRIPLE_DASH,,0,selected_zero_not_shown,0,true
MakeAR,66,81,53,5412OP,---,MARKER_TRIPLE_DASH,,0,selected_zero_not_shown,0,true
MakeAR,66,81,54,55,---,MARKER_TRIPLE_DASH,,0,selected_zero_not_shown,0,true
MakeAR,66,81,55,561,0,LITERAL_ZERO,0,0,numeric,0,true
MakeAR,66,81,56,562,---,MARKER_TRIPLE_DASH,,0,selected_zero_not_shown,0,true
MakeAR,66,81,57,61,---,MARKER_TRIPLE_DASH,,0,selected_zero_not_shown,0,true
MakeAR,66,81,58,621,---,MARKER_TRIPLE_DASH,,0,selected_zero_not_shown,0,true
MakeAR,66,81,59,622,---,MARKER_TRIPLE_DASH,,0,selected_zero_not_shown,0,true
MakeAR,66,81,60,623,---,MARKER_TRIPLE_DASH,,0,selected_zero_not_shown,0,true
MakeAR,66,81,61,624,0,LITERAL_ZERO,0,0,numeric,0,true
MakeAR,66,81,62,711AS,---,MARKER_TRIPLE_DASH,,0,selected_zero_not_shown,0,true
MakeAR,66,81,63,713,---,MARKER_TRIPLE_DASH,,0,selected_zero_not_shown,0,true
MakeAR,66,81,64,721,---,MARKER_TRIPLE_DASH,,0,selected_zero_not_shown,0,true
MakeAR,66,81,65,722,---,MARKER_TRIPLE_DASH,,0,selected_zero_not_shown,0,true
MakeAR,66,81,66,81,"1,298,895",NONZERO_INTEGER,1298895,1298895,numeric,1298895,true
MakeAR,66,81,67,GFGD,---,MARKER_TRIPLE_DASH,,0,selected_zero_not_shown,0,true
MakeAR,66,81,68,GFGN,---,MARKER_TRIPLE_DASH,,0,selected_zero_not_shown,0,true
MakeAR,66,81,69,GFE,---,MARKER_TRIPLE_DASH,,0,selected_zero_not_shown,0,true
MakeAR,66,81,70,GSLG,---,MARKER_TRIPLE_DASH,,0,selected_zero_not_shown,0,true
MakeAR,66,81,71,GSLE,---,MARKER_TRIPLE_DASH,,0,selected_zero_not_shown,0,true
MakeAR,66,81,72,Used,---,MARKER_TRIPLE_DASH,,0,selected_zero_not_shown,0,true
MakeAR,66,81,73,Other,---,MARKER_TRIPLE_DASH,,0,selected_zero_not_shown,0,true
MakeAR,67,GFGD,1,111CA,---,MARKER_TRIPLE_DASH,,0,selected_zero_not_shown,0,true
MakeAR,67,GFGD,2,113FF,---,MARKER_TRIPLE_DASH,,0,selected_zero_not_shown,0,true
MakeAR,67,GFGD,3,211,---,MARKER_TRIPLE_DASH,,0,selected_zero_not_shown,0,true
MakeAR,67,GFGD,4,212,---,MARKER_TRIPLE_DASH,,0,selected_zero_not_shown,0,true
MakeAR,67,GFGD,5,213,---,MARKER_TRIPLE_DASH,,0,selected_zero_not_shown,0,true
MakeAR,67,GFGD,6,22,---,MARKER_TRIPLE_DASH,,0,selected_zero_not_shown,0,true
MakeAR,67,GFGD,7,23,---,MARKER_TRIPLE_DASH,,0,selected_zero_not_shown,0,true
MakeAR,67,GFGD,8,321,---,MARKER_TRIPLE_DASH,,0,selected_zero_not_shown,0,true
MakeAR,67,GFGD,9,327,---,MARKER_TRIPLE_DASH,,0,selected_zero_not_shown,0,true
MakeAR,67,GFGD,10,331,---,MARKER_TRIPLE_DASH,,0,selected_zero_not_shown,0,true
MakeAR,67,GFGD,11,332,---,MARKER_TRIPLE_DASH,,0,selected_zero_not_shown,0,true
MakeAR,67,GFGD,12,333,---,MARKER_TRIPLE_DASH,,0,selected_zero_not_shown,0,true
MakeAR,67,GFGD,13,334,---,MARKER_TRIPLE_DASH,,0,selected_zero_not_shown,0,true
MakeAR,67,GFGD,14,335,---,MARKER_TRIPLE_DASH,,0,selected_zero_not_shown,0,true
MakeAR,67,GFGD,15,3361MV,---,MARKER_TRIPLE_DASH,,0,selected_zero_not_shown,0,true
MakeAR,67,GFGD,16,3364OT,---,MARKER_TRIPLE_DASH,,0,selected_zero_not_shown,0,true
MakeAR,67,GFGD,17,337,---,MARKER_TRIPLE_DASH,,0,selected_zero_not_shown,0,true
MakeAR,67,GFGD,18,339,---,MARKER_TRIPLE_DASH,,0,selected_zero_not_shown,0,true
MakeAR,67,GFGD,19,311FT,---,MARKER_TRIPLE_DASH,,0,selected_zero_not_shown,0,true
MakeAR,67,GFGD,20,313TT,---,MARKER_TRIPLE_DASH,,0,selected_zero_not_shown,0,true
MakeAR,67,GFGD,21,315AL,---,MARKER_TRIPLE_DASH,,0,selected_zero_not_shown,0,true
MakeAR,67,GFGD,22,322,---,MARKER_TRIPLE_DASH,,0,selected_zero_not_shown,0,true
MakeAR,67,GFGD,23,323,---,MARKER_TRIPLE_DASH,,0,selected_zero_not_shown,0,true
MakeAR,67,GFGD,24,324,---,MARKER_TRIPLE_DASH,,0,selected_zero_not_shown,0,true
MakeAR,67,GFGD,25,325,---,MARKER_TRIPLE_DASH,,0,selected_zero_not_shown,0,true
MakeAR,67,GFGD,26,326,---,MARKER_TRIPLE_DASH,,0,selected_zero_not_shown,0,true
MakeAR,67,GFGD,27,42,---,MARKER_TRIPLE_DASH,,0,selected_zero_not_shown,0,true
MakeAR,67,GFGD,28,441,---,MARKER_TRIPLE_DASH,,0,selected_zero_not_shown,0,true
MakeAR,67,GFGD,29,445,---,MARKER_TRIPLE_DASH,,0,selected_zero_not_shown,0,true
MakeAR,67,GFGD,30,452,---,MARKER_TRIPLE_DASH,,0,selected_zero_not_shown,0,true
MakeAR,67,GFGD,31,4A0,---,MARKER_TRIPLE_DASH,,0,selected_zero_not_shown,0,true
MakeAR,67,GFGD,32,481,---,MARKER_TRIPLE_DASH,,0,selected_zero_not_shown,0,true
MakeAR,67,GFGD,33,482,---,MARKER_TRIPLE_DASH,,0,selected_zero_not_shown,0,true
MakeAR,67,GFGD,34,483,---,MARKER_TRIPLE_DASH,,0,selected_zero_not_shown,0,true
MakeAR,67,GFGD,35,484,---,MARKER_TRIPLE_DASH,,0,selected_zero_not_shown,0,true
MakeAR,67,GFGD,36,485,---,MARKER_TRIPLE_DASH,,0,selected_zero_not_shown,0,true
MakeAR,67,GFGD,37,486,---,MARKER_TRIPLE_DASH,,0,selected_zero_not_shown,0,true
MakeAR,67,GFGD,38,487OS,---,MARKER_TRIPLE_DASH,,0,selected_zero_not_shown,0,true
MakeAR,67,GFGD,39,493,---,MARKER_TRIPLE_DASH,,0,selected_zero_not_shown,0,true
MakeAR,67,GFGD,40,511,---,MARKER_TRIPLE_DASH,,0,selected_zero_not_shown,0,true
MakeAR,67,GFGD,41,512,---,MARKER_TRIPLE_DASH,,0,selected_zero_not_shown,0,true
MakeAR,67,GFGD,42,513,---,MARKER_TRIPLE_DASH,,0,selected_zero_not_shown,0,true
MakeAR,67,GFGD,43,514,---,MARKER_TRIPLE_DASH,,0,selected_zero_not_shown,0,true
MakeAR,67,GFGD,44,521CI,---,MARKER_TRIPLE_DASH,,0,selected_zero_not_shown,0,true
MakeAR,67,GFGD,45,523,---,MARKER_TRIPLE_DASH,,0,selected_zero_not_shown,0,true
MakeAR,67,GFGD,46,524,---,MARKER_TRIPLE_DASH,,0,selected_zero_not_shown,0,true
MakeAR,67,GFGD,47,525,---,MARKER_TRIPLE_DASH,,0,selected_zero_not_shown,0,true
MakeAR,67,GFGD,48,HS,---,MARKER_TRIPLE_DASH,,0,selected_zero_not_shown,0,true
MakeAR,67,GFGD,49,ORE,---,MARKER_TRIPLE_DASH,,0,selected_zero_not_shown,0,true
MakeAR,67,GFGD,50,532RL,---,MARKER_TRIPLE_DASH,,0,selected_zero_not_shown,0,true
MakeAR,67,GFGD,51,5411,---,MARKER_TRIPLE_DASH,,0,selected_zero_not_shown,0,true
MakeAR,67,GFGD,52,5415,---,MARKER_TRIPLE_DASH,,0,selected_zero_not_shown,0,true
MakeAR,67,GFGD,53,5412OP,---,MARKER_TRIPLE_DASH,,0,selected_zero_not_shown,0,true
MakeAR,67,GFGD,54,55,---,MARKER_TRIPLE_DASH,,0,selected_zero_not_shown,0,true
MakeAR,67,GFGD,55,561,---,MARKER_TRIPLE_DASH,,0,selected_zero_not_shown,0,true
MakeAR,67,GFGD,56,562,---,MARKER_TRIPLE_DASH,,0,selected_zero_not_shown,0,true
MakeAR,67,GFGD,57,61,---,MARKER_TRIPLE_DASH,,0,selected_zero_not_shown,0,true
MakeAR,67,GFGD,58,621,---,MARKER_TRIPLE_DASH,,0,selected_zero_not_shown,0,true
MakeAR,67,GFGD,59,622,---,MARKER_TRIPLE_DASH,,0,selected_zero_not_shown,0,true
MakeAR,67,GFGD,60,623,---,MARKER_TRIPLE_DASH,,0,selected_zero_not_shown,0,true
MakeAR,67,GFGD,61,624,---,MARKER_TRIPLE_DASH,,0,selected_zero_not_shown,0,true
MakeAR,67,GFGD,62,711AS,---,MARKER_TRIPLE_DASH,,0,selected_zero_not_shown,0,true
MakeAR,67,GFGD,63,713,---,MARKER_TRIPLE_DASH,,0,selected_zero_not_shown,0,true
MakeAR,67,GFGD,64,721,---,MARKER_TRIPLE_DASH,,0,selected_zero_not_shown,0,true
MakeAR,67,GFGD,65,722,---,MARKER_TRIPLE_DASH,,0,selected_zero_not_shown,0,true
MakeAR,67,GFGD,66,81,---,MARKER_TRIPLE_DASH,,0,selected_zero_not_shown,0,true
MakeAR,67,GFGD,67,GFGD,"854,761",NONZERO_INTEGER,854761,854761,numeric,854761,true
MakeAR,67,GFGD,68,GFGN,---,MARKER_TRIPLE_DASH,,0,selected_zero_not_shown,0,true
MakeAR,67,GFGD,69,GFE,---,MARKER_TRIPLE_DASH,,0,selected_zero_not_shown,0,true
MakeAR,67,GFGD,70,GSLG,---,MARKER_TRIPLE_DASH,,0,selected_zero_not_shown,0,true
MakeAR,67,GFGD,71,GSLE,---,MARKER_TRIPLE_DASH,,0,selected_zero_not_shown,0,true
MakeAR,67,GFGD,72,Used,---,MARKER_TRIPLE_DASH,,0,selected_zero_not_shown,0,true
MakeAR,67,GFGD,73,Other,---,MARKER_TRIPLE_DASH,,0,selected_zero_not_shown,0,true
MakeAR,68,GFGN,1,111CA,---,MARKER_TRIPLE_DASH,,0,selected_zero_not_shown,0,true
MakeAR,68,GFGN,2,113FF,---,MARKER_TRIPLE_DASH,,0,selected_zero_not_shown,0,true
MakeAR,68,GFGN,3,211,---,MARKER_TRIPLE_DASH,,0,selected_zero_not_shown,0,true
MakeAR,68,GFGN,4,212,---,MARKER_TRIPLE_DASH,,0,selected_zero_not_shown,0,true
MakeAR,68,GFGN,5,213,---,MARKER_TRIPLE_DASH,,0,selected_zero_not_shown,0,true
MakeAR,68,GFGN,6,22,-9,NONZERO_INTEGER,-9,-9,numeric,-9,true
MakeAR,68,GFGN,7,23,---,MARKER_TRIPLE_DASH,,0,selected_zero_not_shown,0,true
MakeAR,68,GFGN,8,321,---,MARKER_TRIPLE_DASH,,0,selected_zero_not_shown,0,true
MakeAR,68,GFGN,9,327,---,MARKER_TRIPLE_DASH,,0,selected_zero_not_shown,0,true
MakeAR,68,GFGN,10,331,---,MARKER_TRIPLE_DASH,,0,selected_zero_not_shown,0,true
MakeAR,68,GFGN,11,332,---,MARKER_TRIPLE_DASH,,0,selected_zero_not_shown,0,true
MakeAR,68,GFGN,12,333,---,MARKER_TRIPLE_DASH,,0,selected_zero_not_shown,0,true
MakeAR,68,GFGN,13,334,---,MARKER_TRIPLE_DASH,,0,selected_zero_not_shown,0,true
MakeAR,68,GFGN,14,335,---,MARKER_TRIPLE_DASH,,0,selected_zero_not_shown,0,true
MakeAR,68,GFGN,15,3361MV,---,MARKER_TRIPLE_DASH,,0,selected_zero_not_shown,0,true
MakeAR,68,GFGN,16,3364OT,---,MARKER_TRIPLE_DASH,,0,selected_zero_not_shown,0,true
MakeAR,68,GFGN,17,337,---,MARKER_TRIPLE_DASH,,0,selected_zero_not_shown,0,true
MakeAR,68,GFGN,18,339,---,MARKER_TRIPLE_DASH,,0,selected_zero_not_shown,0,true
MakeAR,68,GFGN,19,311FT,---,MARKER_TRIPLE_DASH,,0,selected_zero_not_shown,0,true
MakeAR,68,GFGN,20,313TT,---,MARKER_TRIPLE_DASH,,0,selected_zero_not_shown,0,true
MakeAR,68,GFGN,21,315AL,---,MARKER_TRIPLE_DASH,,0,selected_zero_not_shown,0,true
MakeAR,68,GFGN,22,322,---,MARKER_TRIPLE_DASH,,0,selected_zero_not_shown,0,true
MakeAR,68,GFGN,23,323,---,MARKER_TRIPLE_DASH,,0,selected_zero_not_shown,0,true
MakeAR,68,GFGN,24,324,---,MARKER_TRIPLE_DASH,,0,selected_zero_not_shown,0,true
MakeAR,68,GFGN,25,325,---,MARKER_TRIPLE_DASH,,0,selected_zero_not_shown,0,true
MakeAR,68,GFGN,26,326,---,MARKER_TRIPLE_DASH,,0,selected_zero_not_shown,0,true
MakeAR,68,GFGN,27,42,---,MARKER_TRIPLE_DASH,,0,selected_zero_not_shown,0,true
MakeAR,68,GFGN,28,441,---,MARKER_TRIPLE_DASH,,0,selected_zero_not_shown,0,true
MakeAR,68,GFGN,29,445,---,MARKER_TRIPLE_DASH,,0,selected_zero_not_shown,0,true
MakeAR,68,GFGN,30,452,---,MARKER_TRIPLE_DASH,,0,selected_zero_not_shown,0,true
MakeAR,68,GFGN,31,4A0,---,MARKER_TRIPLE_DASH,,0,selected_zero_not_shown,0,true
MakeAR,68,GFGN,32,481,---,MARKER_TRIPLE_DASH,,0,selected_zero_not_shown,0,true
MakeAR,68,GFGN,33,482,---,MARKER_TRIPLE_DASH,,0,selected_zero_not_shown,0,true
MakeAR,68,GFGN,34,483,---,MARKER_TRIPLE_DASH,,0,selected_zero_not_shown,0,true
MakeAR,68,GFGN,35,484,---,MARKER_TRIPLE_DASH,,0,selected_zero_not_shown,0,true
MakeAR,68,GFGN,36,485,---,MARKER_TRIPLE_DASH,,0,selected_zero_not_shown,0,true
MakeAR,68,GFGN,37,486,---,MARKER_TRIPLE_DASH,,0,selected_zero_not_shown,0,true
MakeAR,68,GFGN,38,487OS,---,MARKER_TRIPLE_DASH,,0,selected_zero_not_shown,0,true
MakeAR,68,GFGN,39,493,---,MARKER_TRIPLE_DASH,,0,selected_zero_not_shown,0,true
MakeAR,68,GFGN,40,511,---,MARKER_TRIPLE_DASH,,0,selected_zero_not_shown,0,true
MakeAR,68,GFGN,41,512,---,MARKER_TRIPLE_DASH,,0,selected_zero_not_shown,0,true
MakeAR,68,GFGN,42,513,---,MARKER_TRIPLE_DASH,,0,selected_zero_not_shown,0,true
MakeAR,68,GFGN,43,514,---,MARKER_TRIPLE_DASH,,0,selected_zero_not_shown,0,true
MakeAR,68,GFGN,44,521CI,---,MARKER_TRIPLE_DASH,,0,selected_zero_not_shown,0,true
MakeAR,68,GFGN,45,523,---,MARKER_TRIPLE_DASH,,0,selected_zero_not_shown,0,true
MakeAR,68,GFGN,46,524,---,MARKER_TRIPLE_DASH,,0,selected_zero_not_shown,0,true
MakeAR,68,GFGN,47,525,---,MARKER_TRIPLE_DASH,,0,selected_zero_not_shown,0,true
MakeAR,68,GFGN,48,HS,---,MARKER_TRIPLE_DASH,,0,selected_zero_not_shown,0,true
MakeAR,68,GFGN,49,ORE,---,MARKER_TRIPLE_DASH,,0,selected_zero_not_shown,0,true
MakeAR,68,GFGN,50,532RL,---,MARKER_TRIPLE_DASH,,0,selected_zero_not_shown,0,true
MakeAR,68,GFGN,51,5411,---,MARKER_TRIPLE_DASH,,0,selected_zero_not_shown,0,true
MakeAR,68,GFGN,52,5415,---,MARKER_TRIPLE_DASH,,0,selected_zero_not_shown,0,true
MakeAR,68,GFGN,53,5412OP,---,MARKER_TRIPLE_DASH,,0,selected_zero_not_shown,0,true
MakeAR,68,GFGN,54,55,---,MARKER_TRIPLE_DASH,,0,selected_zero_not_shown,0,true
MakeAR,68,GFGN,55,561,---,MARKER_TRIPLE_DASH,,0,selected_zero_not_shown,0,true
MakeAR,68,GFGN,56,562,---,MARKER_TRIPLE_DASH,,0,selected_zero_not_shown,0,true
MakeAR,68,GFGN,57,61,---,MARKER_TRIPLE_DASH,,0,selected_zero_not_shown,0,true
MakeAR,68,GFGN,58,621,---,MARKER_TRIPLE_DASH,,0,selected_zero_not_shown,0,true
MakeAR,68,GFGN,59,622,---,MARKER_TRIPLE_DASH,,0,selected_zero_not_shown,0,true
MakeAR,68,GFGN,60,623,---,MARKER_TRIPLE_DASH,,0,selected_zero_not_shown,0,true
MakeAR,68,GFGN,61,624,---,MARKER_TRIPLE_DASH,,0,selected_zero_not_shown,0,true
MakeAR,68,GFGN,62,711AS,---,MARKER_TRIPLE_DASH,,0,selected_zero_not_shown,0,true
MakeAR,68,GFGN,63,713,---,MARKER_TRIPLE_DASH,,0,selected_zero_not_shown,0,true
MakeAR,68,GFGN,64,721,---,MARKER_TRIPLE_DASH,,0,selected_zero_not_shown,0,true
MakeAR,68,GFGN,65,722,---,MARKER_TRIPLE_DASH,,0,selected_zero_not_shown,0,true
MakeAR,68,GFGN,66,81,---,MARKER_TRIPLE_DASH,,0,selected_zero_not_shown,0,true
MakeAR,68,GFGN,67,GFGD,---,MARKER_TRIPLE_DASH,,0,selected_zero_not_shown,0,true
MakeAR,68,GFGN,68,GFGN,"586,717",NONZERO_INTEGER,586717,586717,numeric,586717,true
MakeAR,68,GFGN,69,GFE,---,MARKER_TRIPLE_DASH,,0,selected_zero_not_shown,0,true
MakeAR,68,GFGN,70,GSLG,---,MARKER_TRIPLE_DASH,,0,selected_zero_not_shown,0,true
MakeAR,68,GFGN,71,GSLE,---,MARKER_TRIPLE_DASH,,0,selected_zero_not_shown,0,true
MakeAR,68,GFGN,72,Used,---,MARKER_TRIPLE_DASH,,0,selected_zero_not_shown,0,true
MakeAR,68,GFGN,73,Other,"6,187",NONZERO_INTEGER,6187,6187,numeric,6187,true
MakeAR,69,GFE,1,111CA,---,MARKER_TRIPLE_DASH,,0,selected_zero_not_shown,0,true
MakeAR,69,GFE,2,113FF,---,MARKER_TRIPLE_DASH,,0,selected_zero_not_shown,0,true
MakeAR,69,GFE,3,211,---,MARKER_TRIPLE_DASH,,0,selected_zero_not_shown,0,true
MakeAR,69,GFE,4,212,---,MARKER_TRIPLE_DASH,,0,selected_zero_not_shown,0,true
MakeAR,69,GFE,5,213,---,MARKER_TRIPLE_DASH,,0,selected_zero_not_shown,0,true
MakeAR,69,GFE,6,22,"18,120",NONZERO_INTEGER,18120,18120,numeric,18120,true
MakeAR,69,GFE,7,23,---,MARKER_TRIPLE_DASH,,0,selected_zero_not_shown,0,true
MakeAR,69,GFE,8,321,---,MARKER_TRIPLE_DASH,,0,selected_zero_not_shown,0,true
MakeAR,69,GFE,9,327,---,MARKER_TRIPLE_DASH,,0,selected_zero_not_shown,0,true
MakeAR,69,GFE,10,331,---,MARKER_TRIPLE_DASH,,0,selected_zero_not_shown,0,true
MakeAR,69,GFE,11,332,---,MARKER_TRIPLE_DASH,,0,selected_zero_not_shown,0,true
MakeAR,69,GFE,12,333,---,MARKER_TRIPLE_DASH,,0,selected_zero_not_shown,0,true
MakeAR,69,GFE,13,334,---,MARKER_TRIPLE_DASH,,0,selected_zero_not_shown,0,true
MakeAR,69,GFE,14,335,---,MARKER_TRIPLE_DASH,,0,selected_zero_not_shown,0,true
MakeAR,69,GFE,15,3361MV,---,MARKER_TRIPLE_DASH,,0,selected_zero_not_shown,0,true
MakeAR,69,GFE,16,3364OT,---,MARKER_TRIPLE_DASH,,0,selected_zero_not_shown,0,true
MakeAR,69,GFE,17,337,---,MARKER_TRIPLE_DASH,,0,selected_zero_not_shown,0,true
MakeAR,69,GFE,18,339,---,MARKER_TRIPLE_DASH,,0,selected_zero_not_shown,0,true
MakeAR,69,GFE,19,311FT,---,MARKER_TRIPLE_DASH,,0,selected_zero_not_shown,0,true
MakeAR,69,GFE,20,313TT,---,MARKER_TRIPLE_DASH,,0,selected_zero_not_shown,0,true
MakeAR,69,GFE,21,315AL,---,MARKER_TRIPLE_DASH,,0,selected_zero_not_shown,0,true
MakeAR,69,GFE,22,322,---,MARKER_TRIPLE_DASH,,0,selected_zero_not_shown,0,true
MakeAR,69,GFE,23,323,---,MARKER_TRIPLE_DASH,,0,selected_zero_not_shown,0,true
MakeAR,69,GFE,24,324,---,MARKER_TRIPLE_DASH,,0,selected_zero_not_shown,0,true
MakeAR,69,GFE,25,325,---,MARKER_TRIPLE_DASH,,0,selected_zero_not_shown,0,true
MakeAR,69,GFE,26,326,---,MARKER_TRIPLE_DASH,,0,selected_zero_not_shown,0,true
MakeAR,69,GFE,27,42,---,MARKER_TRIPLE_DASH,,0,selected_zero_not_shown,0,true
MakeAR,69,GFE,28,441,---,MARKER_TRIPLE_DASH,,0,selected_zero_not_shown,0,true
MakeAR,69,GFE,29,445,---,MARKER_TRIPLE_DASH,,0,selected_zero_not_shown,0,true
MakeAR,69,GFE,30,452,---,MARKER_TRIPLE_DASH,,0,selected_zero_not_shown,0,true
MakeAR,69,GFE,31,4A0,1,NONZERO_INTEGER,1,1,numeric,1,true
MakeAR,69,GFE,32,481,---,MARKER_TRIPLE_DASH,,0,selected_zero_not_shown,0,true
MakeAR,69,GFE,33,482,---,MARKER_TRIPLE_DASH,,0,selected_zero_not_shown,0,true
MakeAR,69,GFE,34,483,---,MARKER_TRIPLE_DASH,,0,selected_zero_not_shown,0,true
MakeAR,69,GFE,35,484,---,MARKER_TRIPLE_DASH,,0,selected_zero_not_shown,0,true
MakeAR,69,GFE,36,485,---,MARKER_TRIPLE_DASH,,0,selected_zero_not_shown,0,true
MakeAR,69,GFE,37,486,---,MARKER_TRIPLE_DASH,,0,selected_zero_not_shown,0,true
MakeAR,69,GFE,38,487OS,---,MARKER_TRIPLE_DASH,,0,selected_zero_not_shown,0,true
MakeAR,69,GFE,39,493,---,MARKER_TRIPLE_DASH,,0,selected_zero_not_shown,0,true
MakeAR,69,GFE,40,511,---,MARKER_TRIPLE_DASH,,0,selected_zero_not_shown,0,true
MakeAR,69,GFE,41,512,19,NONZERO_INTEGER,19,19,numeric,19,true
MakeAR,69,GFE,42,513,---,MARKER_TRIPLE_DASH,,0,selected_zero_not_shown,0,true
MakeAR,69,GFE,43,514,---,MARKER_TRIPLE_DASH,,0,selected_zero_not_shown,0,true
MakeAR,69,GFE,44,521CI,---,MARKER_TRIPLE_DASH,,0,selected_zero_not_shown,0,true
MakeAR,69,GFE,45,523,---,MARKER_TRIPLE_DASH,,0,selected_zero_not_shown,0,true
MakeAR,69,GFE,46,524,"4,334",NONZERO_INTEGER,4334,4334,numeric,4334,true
MakeAR,69,GFE,47,525,---,MARKER_TRIPLE_DASH,,0,selected_zero_not_shown,0,true
MakeAR,69,GFE,48,HS,---,MARKER_TRIPLE_DASH,,0,selected_zero_not_shown,0,true
MakeAR,69,GFE,49,ORE,890,NONZERO_INTEGER,890,890,numeric,890,true
MakeAR,69,GFE,50,532RL,---,MARKER_TRIPLE_DASH,,0,selected_zero_not_shown,0,true
MakeAR,69,GFE,51,5411,---,MARKER_TRIPLE_DASH,,0,selected_zero_not_shown,0,true
MakeAR,69,GFE,52,5415,---,MARKER_TRIPLE_DASH,,0,selected_zero_not_shown,0,true
MakeAR,69,GFE,53,5412OP,---,MARKER_TRIPLE_DASH,,0,selected_zero_not_shown,0,true
MakeAR,69,GFE,54,55,---,MARKER_TRIPLE_DASH,,0,selected_zero_not_shown,0,true
MakeAR,69,GFE,55,561,---,MARKER_TRIPLE_DASH,,0,selected_zero_not_shown,0,true
MakeAR,69,GFE,56,562,---,MARKER_TRIPLE_DASH,,0,selected_zero_not_shown,0,true
MakeAR,69,GFE,57,61,---,MARKER_TRIPLE_DASH,,0,selected_zero_not_shown,0,true
MakeAR,69,GFE,58,621,---,MARKER_TRIPLE_DASH,,0,selected_zero_not_shown,0,true
MakeAR,69,GFE,59,622,---,MARKER_TRIPLE_DASH,,0,selected_zero_not_shown,0,true
MakeAR,69,GFE,60,623,---,MARKER_TRIPLE_DASH,,0,selected_zero_not_shown,0,true
MakeAR,69,GFE,61,624,---,MARKER_TRIPLE_DASH,,0,selected_zero_not_shown,0,true
MakeAR,69,GFE,62,711AS,---,MARKER_TRIPLE_DASH,,0,selected_zero_not_shown,0,true
MakeAR,69,GFE,63,713,---,MARKER_TRIPLE_DASH,,0,selected_zero_not_shown,0,true
MakeAR,69,GFE,64,721,---,MARKER_TRIPLE_DASH,,0,selected_zero_not_shown,0,true
MakeAR,69,GFE,65,722,"1,563",NONZERO_INTEGER,1563,1563,numeric,1563,true
MakeAR,69,GFE,66,81,0,LITERAL_ZERO,0,0,numeric,0,true
MakeAR,69,GFE,67,GFGD,---,MARKER_TRIPLE_DASH,,0,selected_zero_not_shown,0,true
MakeAR,69,GFE,68,GFGN,---,MARKER_TRIPLE_DASH,,0,selected_zero_not_shown,0,true
MakeAR,69,GFE,69,GFE,"81,922",NONZERO_INTEGER,81922,81922,numeric,81922,true
MakeAR,69,GFE,70,GSLG,---,MARKER_TRIPLE_DASH,,0,selected_zero_not_shown,0,true
MakeAR,69,GFE,71,GSLE,---,MARKER_TRIPLE_DASH,,0,selected_zero_not_shown,0,true
MakeAR,69,GFE,72,Used,---,MARKER_TRIPLE_DASH,,0,selected_zero_not_shown,0,true
MakeAR,69,GFE,73,Other,---,MARKER_TRIPLE_DASH,,0,selected_zero_not_shown,0,true
MakeAR,70,GSLG,1,111CA,222,NONZERO_INTEGER,222,222,numeric,222,true
MakeAR,70,GSLG,2,113FF,"2,561",NONZERO_INTEGER,2561,2561,numeric,2561,true
MakeAR,70,GSLG,3,211,---,MARKER_TRIPLE_DASH,,0,selected_zero_not_shown,0,true
MakeAR,70,GSLG,4,212,---,MARKER_TRIPLE_DASH,,0,selected_zero_not_shown,0,true
MakeAR,70,GSLG,5,213,---,MARKER_TRIPLE_DASH,,0,selected_zero_not_shown,0,true
MakeAR,70,GSLG,6,22,"1,645",NONZERO_INTEGER,1645,1645,numeric,1645,true
MakeAR,70,GSLG,7,23,---,MARKER_TRIPLE_DASH,,0,selected_zero_not_shown,0,true
MakeAR,70,GSLG,8,321,---,MARKER_TRIPLE_DASH,,0,selected_zero_not_shown,0,true
MakeAR,70,GSLG,9,327,---,MARKER_TRIPLE_DASH,,0,selected_zero_not_shown,0,true
MakeAR,70,GSLG,10,331,---,MARKER_TRIPLE_DASH,,0,selected_zero_not_shown,0,true
MakeAR,70,GSLG,11,332,---,MARKER_TRIPLE_DASH,,0,selected_zero_not_shown,0,true
MakeAR,70,GSLG,12,333,---,MARKER_TRIPLE_DASH,,0,selected_zero_not_shown,0,true
MakeAR,70,GSLG,13,334,---,MARKER_TRIPLE_DASH,,0,selected_zero_not_shown,0,true
MakeAR,70,GSLG,14,335,---,MARKER_TRIPLE_DASH,,0,selected_zero_not_shown,0,true
MakeAR,70,GSLG,15,3361MV,---,MARKER_TRIPLE_DASH,,0,selected_zero_not_shown,0,true
MakeAR,70,GSLG,16,3364OT,---,MARKER_TRIPLE_DASH,,0,selected_zero_not_shown,0,true
MakeAR,70,GSLG,17,337,---,MARKER_TRIPLE_DASH,,0,selected_zero_not_shown,0,true
MakeAR,70,GSLG,18,339,---,MARKER_TRIPLE_DASH,,0,selected_zero_not_shown,0,true
MakeAR,70,GSLG,19,311FT,---,MARKER_TRIPLE_DASH,,0,selected_zero_not_shown,0,true
MakeAR,70,GSLG,20,313TT,---,MARKER_TRIPLE_DASH,,0,selected_zero_not_shown,0,true
MakeAR,70,GSLG,21,315AL,---,MARKER_TRIPLE_DASH,,0,selected_zero_not_shown,0,true
MakeAR,70,GSLG,22,322,---,MARKER_TRIPLE_DASH,,0,selected_zero_not_shown,0,true
MakeAR,70,GSLG,23,323,---,MARKER_TRIPLE_DASH,,0,selected_zero_not_shown,0,true
MakeAR,70,GSLG,24,324,---,MARKER_TRIPLE_DASH,,0,selected_zero_not_shown,0,true
MakeAR,70,GSLG,25,325,---,MARKER_TRIPLE_DASH,,0,selected_zero_not_shown,0,true
MakeAR,70,GSLG,26,326,---,MARKER_TRIPLE_DASH,,0,selected_zero_not_shown,0,true
MakeAR,70,GSLG,27,42,---,MARKER_TRIPLE_DASH,,0,selected_zero_not_shown,0,true
MakeAR,70,GSLG,28,441,---,MARKER_TRIPLE_DASH,,0,selected_zero_not_shown,0,true
MakeAR,70,GSLG,29,445,---,MARKER_TRIPLE_DASH,,0,selected_zero_not_shown,0,true
MakeAR,70,GSLG,30,452,---,MARKER_TRIPLE_DASH,,0,selected_zero_not_shown,0,true
MakeAR,70,GSLG,31,4A0,---,MARKER_TRIPLE_DASH,,0,selected_zero_not_shown,0,true
MakeAR,70,GSLG,32,481,---,MARKER_TRIPLE_DASH,,0,selected_zero_not_shown,0,true
MakeAR,70,GSLG,33,482,---,MARKER_TRIPLE_DASH,,0,selected_zero_not_shown,0,true
MakeAR,70,GSLG,34,483,---,MARKER_TRIPLE_DASH,,0,selected_zero_not_shown,0,true
MakeAR,70,GSLG,35,484,---,MARKER_TRIPLE_DASH,,0,selected_zero_not_shown,0,true
MakeAR,70,GSLG,36,485,---,MARKER_TRIPLE_DASH,,0,selected_zero_not_shown,0,true
MakeAR,70,GSLG,37,486,---,MARKER_TRIPLE_DASH,,0,selected_zero_not_shown,0,true
MakeAR,70,GSLG,38,487OS,---,MARKER_TRIPLE_DASH,,0,selected_zero_not_shown,0,true
MakeAR,70,GSLG,39,493,---,MARKER_TRIPLE_DASH,,0,selected_zero_not_shown,0,true
MakeAR,70,GSLG,40,511,---,MARKER_TRIPLE_DASH,,0,selected_zero_not_shown,0,true
MakeAR,70,GSLG,41,512,---,MARKER_TRIPLE_DASH,,0,selected_zero_not_shown,0,true
MakeAR,70,GSLG,42,513,---,MARKER_TRIPLE_DASH,,0,selected_zero_not_shown,0,true
MakeAR,70,GSLG,43,514,"1,855",NONZERO_INTEGER,1855,1855,numeric,1855,true
MakeAR,70,GSLG,44,521CI,---,MARKER_TRIPLE_DASH,,0,selected_zero_not_shown,0,true
MakeAR,70,GSLG,45,523,---,MARKER_TRIPLE_DASH,,0,selected_zero_not_shown,0,true
MakeAR,70,GSLG,46,524,---,MARKER_TRIPLE_DASH,,0,selected_zero_not_shown,0,true
MakeAR,70,GSLG,47,525,---,MARKER_TRIPLE_DASH,,0,selected_zero_not_shown,0,true
MakeAR,70,GSLG,48,HS,---,MARKER_TRIPLE_DASH,,0,selected_zero_not_shown,0,true
MakeAR,70,GSLG,49,ORE,---,MARKER_TRIPLE_DASH,,0,selected_zero_not_shown,0,true
MakeAR,70,GSLG,50,532RL,---,MARKER_TRIPLE_DASH,,0,selected_zero_not_shown,0,true
MakeAR,70,GSLG,51,5411,---,MARKER_TRIPLE_DASH,,0,selected_zero_not_shown,0,true
MakeAR,70,GSLG,52,5415,---,MARKER_TRIPLE_DASH,,0,selected_zero_not_shown,0,true
MakeAR,70,GSLG,53,5412OP,988,NONZERO_INTEGER,988,988,numeric,988,true
MakeAR,70,GSLG,54,55,---,MARKER_TRIPLE_DASH,,0,selected_zero_not_shown,0,true
MakeAR,70,GSLG,55,561,"2,684",NONZERO_INTEGER,2684,2684,numeric,2684,true
MakeAR,70,GSLG,56,562,"19,769",NONZERO_INTEGER,19769,19769,numeric,19769,true
MakeAR,70,GSLG,57,61,"111,783",NONZERO_INTEGER,111783,111783,numeric,111783,true
MakeAR,70,GSLG,58,621,"47,289",NONZERO_INTEGER,47289,47289,numeric,47289,true
MakeAR,70,GSLG,59,622,"310,938",NONZERO_INTEGER,310938,310938,numeric,310938,true
MakeAR,70,GSLG,60,623,---,MARKER_TRIPLE_DASH,,0,selected_zero_not_shown,0,true
MakeAR,70,GSLG,61,624,"3,259",NONZERO_INTEGER,3259,3259,numeric,3259,true
MakeAR,70,GSLG,62,711AS,"2,618",NONZERO_INTEGER,2618,2618,numeric,2618,true
MakeAR,70,GSLG,63,713,"3,711",NONZERO_INTEGER,3711,3711,numeric,3711,true
MakeAR,70,GSLG,64,721,"1,139",NONZERO_INTEGER,1139,1139,numeric,1139,true
MakeAR,70,GSLG,65,722,---,MARKER_TRIPLE_DASH,,0,selected_zero_not_shown,0,true
MakeAR,70,GSLG,66,81,---,MARKER_TRIPLE_DASH,,0,selected_zero_not_shown,0,true
MakeAR,70,GSLG,67,GFGD,---,MARKER_TRIPLE_DASH,,0,selected_zero_not_shown,0,true
MakeAR,70,GSLG,68,GFGN,---,MARKER_TRIPLE_DASH,,0,selected_zero_not_shown,0,true
MakeAR,70,GSLG,69,GFE,---,MARKER_TRIPLE_DASH,,0,selected_zero_not_shown,0,true
MakeAR,70,GSLG,70,GSLG,"2,550,362",NONZERO_INTEGER,2550362,2550362,numeric,2550362,true
MakeAR,70,GSLG,71,GSLE,---,MARKER_TRIPLE_DASH,,0,selected_zero_not_shown,0,true
MakeAR,70,GSLG,72,Used,"5,677",NONZERO_INTEGER,5677,5677,numeric,5677,true
MakeAR,70,GSLG,73,Other,---,MARKER_TRIPLE_DASH,,0,selected_zero_not_shown,0,true
MakeAR,71,GSLE,1,111CA,---,MARKER_TRIPLE_DASH,,0,selected_zero_not_shown,0,true
MakeAR,71,GSLE,2,113FF,---,MARKER_TRIPLE_DASH,,0,selected_zero_not_shown,0,true
MakeAR,71,GSLE,3,211,---,MARKER_TRIPLE_DASH,,0,selected_zero_not_shown,0,true
MakeAR,71,GSLE,4,212,---,MARKER_TRIPLE_DASH,,0,selected_zero_not_shown,0,true
MakeAR,71,GSLE,5,213,---,MARKER_TRIPLE_DASH,,0,selected_zero_not_shown,0,true
MakeAR,71,GSLE,6,22,"186,696",NONZERO_INTEGER,186696,186696,numeric,186696,true
MakeAR,71,GSLE,7,23,---,MARKER_TRIPLE_DASH,,0,selected_zero_not_shown,0,true
MakeAR,71,GSLE,8,321,---,MARKER_TRIPLE_DASH,,0,selected_zero_not_shown,0,true
MakeAR,71,GSLE,9,327,---,MARKER_TRIPLE_DASH,,0,selected_zero_not_shown,0,true
MakeAR,71,GSLE,10,331,---,MARKER_TRIPLE_DASH,,0,selected_zero_not_shown,0,true
MakeAR,71,GSLE,11,332,---,MARKER_TRIPLE_DASH,,0,selected_zero_not_shown,0,true
MakeAR,71,GSLE,12,333,---,MARKER_TRIPLE_DASH,,0,selected_zero_not_shown,0,true
MakeAR,71,GSLE,13,334,---,MARKER_TRIPLE_DASH,,0,selected_zero_not_shown,0,true
MakeAR,71,GSLE,14,335,---,MARKER_TRIPLE_DASH,,0,selected_zero_not_shown,0,true
MakeAR,71,GSLE,15,3361MV,---,MARKER_TRIPLE_DASH,,0,selected_zero_not_shown,0,true
MakeAR,71,GSLE,16,3364OT,---,MARKER_TRIPLE_DASH,,0,selected_zero_not_shown,0,true
MakeAR,71,GSLE,17,337,---,MARKER_TRIPLE_DASH,,0,selected_zero_not_shown,0,true
MakeAR,71,GSLE,18,339,---,MARKER_TRIPLE_DASH,,0,selected_zero_not_shown,0,true
MakeAR,71,GSLE,19,311FT,---,MARKER_TRIPLE_DASH,,0,selected_zero_not_shown,0,true
MakeAR,71,GSLE,20,313TT,---,MARKER_TRIPLE_DASH,,0,selected_zero_not_shown,0,true
MakeAR,71,GSLE,21,315AL,---,MARKER_TRIPLE_DASH,,0,selected_zero_not_shown,0,true
MakeAR,71,GSLE,22,322,---,MARKER_TRIPLE_DASH,,0,selected_zero_not_shown,0,true
MakeAR,71,GSLE,23,323,---,MARKER_TRIPLE_DASH,,0,selected_zero_not_shown,0,true
MakeAR,71,GSLE,24,324,---,MARKER_TRIPLE_DASH,,0,selected_zero_not_shown,0,true
MakeAR,71,GSLE,25,325,---,MARKER_TRIPLE_DASH,,0,selected_zero_not_shown,0,true
MakeAR,71,GSLE,26,326,---,MARKER_TRIPLE_DASH,,0,selected_zero_not_shown,0,true
MakeAR,71,GSLE,27,42,---,MARKER_TRIPLE_DASH,,0,selected_zero_not_shown,0,true
MakeAR,71,GSLE,28,441,---,MARKER_TRIPLE_DASH,,0,selected_zero_not_shown,0,true
MakeAR,71,GSLE,29,445,"8,255",NONZERO_INTEGER,8255,8255,numeric,8255,true
MakeAR,71,GSLE,30,452,---,MARKER_TRIPLE_DASH,,0,selected_zero_not_shown,0,true
MakeAR,71,GSLE,31,4A0,---,MARKER_TRIPLE_DASH,,0,selected_zero_not_shown,0,true
MakeAR,71,GSLE,32,481,---,MARKER_TRIPLE_DASH,,0,selected_zero_not_shown,0,true
MakeAR,71,GSLE,33,482,143,NONZERO_INTEGER,143,143,numeric,143,true
MakeAR,71,GSLE,34,483,750,NONZERO_INTEGER,750,750,numeric,750,true
MakeAR,71,GSLE,35,484,---,MARKER_TRIPLE_DASH,,0,selected_zero_not_shown,0,true
MakeAR,71,GSLE,36,485,"14,534",NONZERO_INTEGER,14534,14534,numeric,14534,true
MakeAR,71,GSLE,37,486,---,MARKER_TRIPLE_DASH,,0,selected_zero_not_shown,0,true
MakeAR,71,GSLE,38,487OS,"22,902",NONZERO_INTEGER,22902,22902,numeric,22902,true
MakeAR,71,GSLE,39,493,---,MARKER_TRIPLE_DASH,,0,selected_zero_not_shown,0,true
MakeAR,71,GSLE,40,511,---,MARKER_TRIPLE_DASH,,0,selected_zero_not_shown,0,true
MakeAR,71,GSLE,41,512,---,MARKER_TRIPLE_DASH,,0,selected_zero_not_shown,0,true
MakeAR,71,GSLE,42,513,---,MARKER_TRIPLE_DASH,,0,selected_zero_not_shown,0,true
MakeAR,71,GSLE,43,514,---,MARKER_TRIPLE_DASH,,0,selected_zero_not_shown,0,true
MakeAR,71,GSLE,44,521CI,25,NONZERO_INTEGER,25,25,numeric,25,true
MakeAR,71,GSLE,45,523,---,MARKER_TRIPLE_DASH,,0,selected_zero_not_shown,0,true
MakeAR,71,GSLE,46,524,543,NONZERO_INTEGER,543,543,numeric,543,true
MakeAR,71,GSLE,47,525,---,MARKER_TRIPLE_DASH,,0,selected_zero_not_shown,0,true
MakeAR,71,GSLE,48,HS,"9,839",NONZERO_INTEGER,9839,9839,numeric,9839,true
MakeAR,71,GSLE,49,ORE,"46,108",NONZERO_INTEGER,46108,46108,numeric,46108,true
MakeAR,71,GSLE,50,532RL,---,MARKER_TRIPLE_DASH,,0,selected_zero_not_shown,0,true
MakeAR,71,GSLE,51,5411,---,MARKER_TRIPLE_DASH,,0,selected_zero_not_shown,0,true
MakeAR,71,GSLE,52,5415,---,MARKER_TRIPLE_DASH,,0,selected_zero_not_shown,0,true
MakeAR,71,GSLE,53,5412OP,---,MARKER_TRIPLE_DASH,,0,selected_zero_not_shown,0,true
MakeAR,71,GSLE,54,55,---,MARKER_TRIPLE_DASH,,0,selected_zero_not_shown,0,true
MakeAR,71,GSLE,55,561,---,MARKER_TRIPLE_DASH,,0,selected_zero_not_shown,0,true
MakeAR,71,GSLE,56,562,---,MARKER_TRIPLE_DASH,,0,selected_zero_not_shown,0,true
MakeAR,71,GSLE,57,61,---,MARKER_TRIPLE_DASH,,0,selected_zero_not_shown,0,true
MakeAR,71,GSLE,58,621,---,MARKER_TRIPLE_DASH,,0,selected_zero_not_shown,0,true
MakeAR,71,GSLE,59,622,---,MARKER_TRIPLE_DASH,,0,selected_zero_not_shown,0,true
MakeAR,71,GSLE,60,623,---,MARKER_TRIPLE_DASH,,0,selected_zero_not_shown,0,true
MakeAR,71,GSLE,61,624,---,MARKER_TRIPLE_DASH,,0,selected_zero_not_shown,0,true
MakeAR,71,GSLE,62,711AS,195,NONZERO_INTEGER,195,195,numeric,195,true
MakeAR,71,GSLE,63,713,"54,785",NONZERO_INTEGER,54785,54785,numeric,54785,true
MakeAR,71,GSLE,64,721,---,MARKER_TRIPLE_DASH,,0,selected_zero_not_shown,0,true
MakeAR,71,GSLE,65,722,---,MARKER_TRIPLE_DASH,,0,selected_zero_not_shown,0,true
MakeAR,71,GSLE,66,81,"3,712",NONZERO_INTEGER,3712,3712,numeric,3712,true
MakeAR,71,GSLE,67,GFGD,---,MARKER_TRIPLE_DASH,,0,selected_zero_not_shown,0,true
MakeAR,71,GSLE,68,GFGN,---,MARKER_TRIPLE_DASH,,0,selected_zero_not_shown,0,true
MakeAR,71,GSLE,69,GFE,---,MARKER_TRIPLE_DASH,,0,selected_zero_not_shown,0,true
MakeAR,71,GSLE,70,GSLG,---,MARKER_TRIPLE_DASH,,0,selected_zero_not_shown,0,true
MakeAR,71,GSLE,71,GSLE,"149,780",NONZERO_INTEGER,149780,149780,numeric,149780,true
MakeAR,71,GSLE,72,Used,---,MARKER_TRIPLE_DASH,,0,selected_zero_not_shown,0,true
MakeAR,71,GSLE,73,Other,---,MARKER_TRIPLE_DASH,,0,selected_zero_not_shown,0,true
