sample_track,model_id,target_id,horizon,nominal_level,observation_count,empirical_coverage,mean_width,below_rate,above_rate
abm_all_available_common_cells,beforeit_abm_us_v3_mean,effective_federal_funds_rate,1,0.5,61,0.5573770491803278,0.1990362507928135,0.14754098360655737,0.29508196721311475
abm_all_available_common_cells,beforeit_abm_us_v3_mean,unemployment_rate,2,0.5,60,0.23333333333333334,0.4032037239868565,0.0,0.7666666666666667
abm_all_available_common_cells,beforeit_abm_us_v3_mean,gdp_deflator,8,0.5,54,0.48148148148148145,1.4217724973073482,0.18518518518518517,0.3333333333333333
abm_all_available_common_cells,beforeit_abm_us_v3_mean,unemployment_rate,12,0.5,50,0.28,2.1437568455640745,0.0,0.72
abm_all_available_common_cells,beforeit_abm_us_v3_mean,real_gdp,2,0.5,60,0.7166666666666667,4.421535113853912,0.13333333333333333,0.15
abm_all_available_common_cells,beforeit_abm_us_v3_mean,effective_federal_funds_rate,2,0.5,60,0.38333333333333336,0.26774364358869424,0.3,0.31666666666666665
abm_all_available_common_cells,beforeit_abm_us_v3_mean,nominal_gdp,8,0.5,54,0.5740740740740741,4.5285680395687935,0.2037037037037037,0.2222222222222222
abm_all_available_common_cells,beforeit_abm_us_v3_mean,real_gdp,4,0.5,58,0.6724137931034483,4.403033425496595,0.15517241379310345,0.1724137931034483
abm_all_available_common_cells,beforeit_abm_us_v3_mean,gdp_deflator,2,0.5,60,0.6166666666666667,1.3453411667428838,0.16666666666666666,0.21666666666666667
abm_all_available_common_cells,beforeit_abm_us_v3_mean,real_gdp,8,0.5,54,0.6851851851851852,4.3074294089516005,0.16666666666666666,0.14814814814814814
abm_all_available_common_cells,beforeit_abm_us_v3_mean,gdp_deflator,4,0.5,58,0.5517241379310345,1.4409793310312256,0.1896551724137931,0.25862068965517243
abm_all_available_common_cells,beforeit_abm_us_v3_mean,real_gdp,12,0.5,50,0.7,4.010589798046143,0.16,0.14
abm_all_available_common_cells,beforeit_abm_us_v3_mean,nominal_gdp,1,0.5,61,0.639344262295082,4.495766943386065,0.16393442622950818,0.19672131147540983
abm_all_available_common_cells,beforeit_abm_us_v3_mean,unemployment_rate,4,0.5,58,0.3448275862068966,0.8082486686558147,0.0,0.6551724137931034
abm_all_available_common_cells,beforeit_abm_us_v3_mean,gdp_deflator,12,0.5,50,0.46,1.3553670832311544,0.18,0.36
abm_all_available_common_cells,beforeit_abm_us_v3_mean,nominal_gdp,4,0.5,58,0.6379310344827587,4.684553380746156,0.1724137931034483,0.1896551724137931
abm_all_available_common_cells,beforeit_abm_us_v3_mean,unemployment_rate,8,0.5,54,0.37037037037037035,1.7091091639284408,0.0,0.6296296296296297
abm_all_available_common_cells,beforeit_abm_us_v3_mean,gdp_deflator,1,0.5,61,0.29508196721311475,1.1463564464776457,0.3442622950819672,0.36065573770491804
abm_all_available_common_cells,beforeit_abm_us_v3_mean,nominal_gdp,2,0.5,60,0.65,4.604276168321154,0.16666666666666666,0.18333333333333332
abm_all_available_common_cells,beforeit_abm_us_v3_mean,nominal_gdp,12,0.5,50,0.54,4.251697131313314,0.2,0.26
abm_all_available_common_cells,beforeit_abm_us_v3_mean,effective_federal_funds_rate,8,0.5,54,0.12962962962962962,0.4344020522522875,0.42592592592592593,0.4444444444444444
abm_all_available_common_cells,beforeit_abm_us_v3_mean,effective_federal_funds_rate,12,0.5,50,0.04,0.46426567755303894,0.46,0.5
abm_all_available_common_cells,beforeit_abm_us_v3_mean,real_gdp,1,0.5,61,0.7049180327868853,4.341303647064947,0.16393442622950818,0.13114754098360656
abm_all_available_common_cells,beforeit_abm_us_v3_mean,effective_federal_funds_rate,4,0.5,58,0.08620689655172414,0.3522876651676207,0.5517241379310345,0.3620689655172414
abm_all_available_common_cells,beforeit_abm_us_v3_mean,unemployment_rate,1,0.5,61,0.11475409836065574,0.18808467850537772,0.06557377049180328,0.819672131147541
abm_all_available_common_cells,beforeit_abm_us_v3_mean,unemployment_rate,12,0.8,50,0.44,3.8741511500547654,0.0,0.56
abm_all_available_common_cells,beforeit_abm_us_v3_mean,unemployment_rate,2,0.8,60,0.38333333333333336,1.2509127418765975,0.0,0.6166666666666667
abm_all_available_common_cells,beforeit_abm_us_v3_mean,real_gdp,2,0.8,60,0.9,8.399177754753405,0.06666666666666667,0.03333333333333333
abm_all_available_common_cells,beforeit_abm_us_v3_mean,gdp_deflator,2,0.8,60,0.7,2.5567925469314954,0.13333333333333333,0.16666666666666666
abm_all_available_common_cells,beforeit_abm_us_v3_mean,gdp_deflator,8,0.8,54,0.7222222222222222,2.71825719708422,0.09259259259259259,0.18518518518518517
abm_all_available_common_cells,beforeit_abm_us_v3_mean,effective_federal_funds_rate,1,0.8,61,0.6885245901639344,0.3629033265357189,0.08196721311475409,0.22950819672131148
abm_all_available_common_cells,beforeit_abm_us_v3_mean,effective_federal_funds_rate,2,0.8,60,0.5833333333333334,0.4955863860032565,0.11666666666666667,0.3
abm_all_available_common_cells,beforeit_abm_us_v3_mean,real_gdp,4,0.8,58,0.9310344827586207,8.343509351077325,0.05172413793103448,0.017241379310344827
abm_all_available_common_cells,beforeit_abm_us_v3_mean,nominal_gdp,1,0.8,61,0.8524590163934426,8.531599101600449,0.08196721311475409,0.06557377049180328
abm_all_available_common_cells,beforeit_abm_us_v3_mean,nominal_gdp,8,0.8,54,0.8148148148148148,8.47084402625905,0.07407407407407407,0.1111111111111111
abm_all_available_common_cells,beforeit_abm_us_v3_mean,gdp_deflator,1,0.8,61,0.6557377049180327,2.208451237267676,0.16393442622950818,0.18032786885245902
abm_all_available_common_cells,beforeit_abm_us_v3_mean,nominal_gdp,2,0.8,60,0.8666666666666667,8.77805398245888,0.06666666666666667,0.06666666666666667
abm_all_available_common_cells,beforeit_abm_us_v3_mean,real_gdp,1,0.8,61,0.9180327868852459,8.239503732293567,0.06557377049180328,0.01639344262295082
abm_all_available_common_cells,beforeit_abm_us_v3_mean,effective_federal_funds_rate,12,0.8,50,0.16,0.8749461393207753,0.4,0.44
abm_all_available_common_cells,beforeit_abm_us_v3_mean,effective_federal_funds_rate,8,0.8,54,0.2222222222222222,0.8173026683291936,0.3888888888888889,0.3888888888888889
abm_all_available_common_cells,beforeit_abm_us_v3_mean,real_gdp,12,0.8,50,0.86,7.67314727106776,0.08,0.06
abm_all_available_common_cells,beforeit_abm_us_v3_mean,unemployment_rate,4,0.8,58,0.43103448275862066,2.082467802243457,0.0,0.5689655172413793
abm_all_available_common_cells,beforeit_abm_us_v3_mean,nominal_gdp,12,0.8,50,0.8,8.104208902422643,0.08,0.12
abm_all_available_common_cells,beforeit_abm_us_v3_mean,unemployment_rate,1,0.8,61,0.32786885245901637,0.7120284416353945,0.0,0.6721311475409836
abm_all_available_common_cells,beforeit_abm_us_v3_mean,effective_federal_funds_rate,4,0.8,58,0.43103448275862066,0.6592473800404118,0.22413793103448276,0.3448275862068966
abm_all_available_common_cells,beforeit_abm_us_v3_mean,gdp_deflator,12,0.8,50,0.68,2.607667760185106,0.1,0.22
abm_all_available_common_cells,beforeit_abm_us_v3_mean,real_gdp,8,0.8,54,0.8518518518518519,8.079908112282602,0.07407407407407407,0.07407407407407407
abm_all_available_common_cells,beforeit_abm_us_v3_mean,gdp_deflator,4,0.8,58,0.7413793103448276,2.734302746529975,0.1206896551724138,0.13793103448275862
abm_all_available_common_cells,beforeit_abm_us_v3_mean,nominal_gdp,4,0.8,58,0.8620689655172413,8.856765928703929,0.05172413793103448,0.08620689655172414
abm_all_available_common_cells,beforeit_abm_us_v3_mean,unemployment_rate,8,0.8,54,0.4444444444444444,3.1700539531864833,0.0,0.5555555555555556
abm_all_available_common_cells,beforeit_abm_us_v3_mean,nominal_gdp,4,0.9,58,0.8793103448275862,11.34674315582455,0.05172413793103448,0.06896551724137931
abm_all_available_common_cells,beforeit_abm_us_v3_mean,effective_federal_funds_rate,12,0.9,50,0.16,1.1097930540899066,0.4,0.44
abm_all_available_common_cells,beforeit_abm_us_v3_mean,nominal_gdp,8,0.9,54,0.8518518518518519,10.865241321625032,0.05555555555555555,0.09259259259259259
abm_all_available_common_cells,beforeit_abm_us_v3_mean,effective_federal_funds_rate,2,0.9,60,0.6833333333333333,0.6122883657586525,0.1,0.21666666666666667
abm_all_available_common_cells,beforeit_abm_us_v3_mean,effective_federal_funds_rate,1,0.9,61,0.7540983606557377,0.4451864972889471,0.08196721311475409,0.16393442622950818
abm_all_available_common_cells,beforeit_abm_us_v3_mean,effective_federal_funds_rate,8,0.9,54,0.35185185185185186,1.0374472549196478,0.2962962962962963,0.35185185185185186
abm_all_available_common_cells,beforeit_abm_us_v3_mean,nominal_gdp,12,0.9,50,0.8,10.414512533129026,0.08,0.12
abm_all_available_common_cells,beforeit_abm_us_v3_mean,unemployment_rate,2,0.9,60,0.4166666666666667,1.8755932822197874,0.0,0.5833333333333334
abm_all_available_common_cells,beforeit_abm_us_v3_mean,unemployment_rate,8,0.9,54,0.48148148148148145,3.9624153178370043,0.0,0.5185185185185185
abm_all_available_common_cells,beforeit_abm_us_v3_mean,real_gdp,12,0.9,50,0.86,9.917626671806621,0.08,0.06
abm_all_available_common_cells,beforeit_abm_us_v3_mean,gdp_deflator,8,0.9,54,0.7407407407407407,3.503214553682555,0.07407407407407407,0.18518518518518517
abm_all_available_common_cells,beforeit_abm_us_v3_mean,nominal_gdp,1,0.9,61,0.9344262295081968,10.929671527470154,0.04918032786885246,0.01639344262295082
abm_all_available_common_cells,beforeit_abm_us_v3_mean,gdp_deflator,2,0.9,60,0.7666666666666667,3.28652618538226,0.11666666666666667,0.11666666666666667
abm_all_available_common_cells,beforeit_abm_us_v3_mean,real_gdp,1,0.9,61,0.9508196721311475,10.481797719827787,0.03278688524590164,0.01639344262295082
abm_all_available_common_cells,beforeit_abm_us_v3_mean,unemployment_rate,1,0.9,61,0.36065573770491804,1.1504138760706009,0.0,0.639344262295082
abm_all_available_common_cells,beforeit_abm_us_v3_mean,nominal_gdp,2,0.9,60,0.9166666666666666,11.212977893641662,0.05,0.03333333333333333
abm_all_available_common_cells,beforeit_abm_us_v3_mean,gdp_deflator,1,0.9,61,0.7377049180327869,2.816280907074339,0.09836065573770492,0.16393442622950818
abm_all_available_common_cells,beforeit_abm_us_v3_mean,gdp_deflator,4,0.9,58,0.7931034482758621,3.521545687845728,0.08620689655172414,0.1206896551724138
abm_all_available_common_cells,beforeit_abm_us_v3_mean,real_gdp,2,0.9,60,0.95,10.686829373311658,0.03333333333333333,0.016666666666666666
abm_all_available_common_cells,beforeit_abm_us_v3_mean,effective_federal_funds_rate,4,0.9,58,0.5172413793103449,0.8232379481084111,0.1724137931034483,0.3103448275862069
abm_all_available_common_cells,beforeit_abm_us_v3_mean,real_gdp,4,0.9,58,0.9310344827586207,10.727942556481393,0.05172413793103448,0.017241379310344827
abm_all_available_common_cells,beforeit_abm_us_v3_mean,real_gdp,8,0.9,54,0.8888888888888888,10.333593992474873,0.05555555555555555,0.05555555555555555
abm_all_available_common_cells,beforeit_abm_us_v3_mean,unemployment_rate,4,0.9,58,0.4482758620689655,2.8878838236960376,0.0,0.5517241379310345
abm_all_available_common_cells,beforeit_abm_us_v3_mean,unemployment_rate,12,0.9,50,0.5,4.623767798466592,0.0,0.5
abm_all_available_common_cells,beforeit_abm_us_v3_mean,gdp_deflator,12,0.9,50,0.7,3.358472931595704,0.1,0.2
abm_balanced_h12_common_cells,beforeit_abm_us_v3_mean,effective_federal_funds_rate,1,0.5,50,0.62,0.2034118929268315,0.14,0.24
abm_balanced_h12_common_cells,beforeit_abm_us_v3_mean,unemployment_rate,2,0.5,50,0.2,0.34912376779846654,0.0,0.8
abm_balanced_h12_common_cells,beforeit_abm_us_v3_mean,gdp_deflator,8,0.5,50,0.48,1.360978201513845,0.2,0.32
abm_balanced_h12_common_cells,beforeit_abm_us_v3_mean,unemployment_rate,12,0.5,50,0.28,2.1437568455640745,0.0,0.72
abm_balanced_h12_common_cells,beforeit_abm_us_v3_mean,real_gdp,2,0.5,50,0.66,3.958951028496586,0.16,0.18
abm_balanced_h12_common_cells,beforeit_abm_us_v3_mean,effective_federal_funds_rate,2,0.5,50,0.42,0.2719900729155024,0.3,0.28
abm_balanced_h12_common_cells,beforeit_abm_us_v3_mean,nominal_gdp,8,0.5,50,0.54,4.317486819816548,0.22,0.24
abm_balanced_h12_common_cells,beforeit_abm_us_v3_mean,real_gdp,4,0.5,50,0.64,3.9994049328872983,0.16,0.2
abm_balanced_h12_common_cells,beforeit_abm_us_v3_mean,gdp_deflator,2,0.5,50,0.58,1.254490668330373,0.18,0.24
abm_balanced_h12_common_cells,beforeit_abm_us_v3_mean,real_gdp,8,0.5,50,0.66,4.098640839214159,0.18,0.16
abm_balanced_h12_common_cells,beforeit_abm_us_v3_mean,gdp_deflator,4,0.5,50,0.5,1.3410647043126322,0.22,0.28
abm_balanced_h12_common_cells,beforeit_abm_us_v3_mean,real_gdp,12,0.5,50,0.7,4.010589798046143,0.16,0.14
abm_balanced_h12_common_cells,beforeit_abm_us_v3_mean,nominal_gdp,1,0.5,50,0.58,3.9995784569361312,0.2,0.22
abm_balanced_h12_common_cells,beforeit_abm_us_v3_mean,unemployment_rate,4,0.5,50,0.26,0.7067360350492882,0.0,0.74
abm_balanced_h12_common_cells,beforeit_abm_us_v3_mean,gdp_deflator,12,0.5,50,0.46,1.3553670832311544,0.18,0.36
abm_balanced_h12_common_cells,beforeit_abm_us_v3_mean,nominal_gdp,4,0.5,50,0.6,4.278605817755601,0.2,0.2
abm_balanced_h12_common_cells,beforeit_abm_us_v3_mean,unemployment_rate,8,0.5,50,0.32,1.6437568455640748,0.0,0.68
abm_balanced_h12_common_cells,beforeit_abm_us_v3_mean,gdp_deflator,1,0.5,50,0.3,1.074553152799794,0.34,0.36
abm_balanced_h12_common_cells,beforeit_abm_us_v3_mean,nominal_gdp,2,0.5,50,0.58,4.146681903719298,0.2,0.22
abm_balanced_h12_common_cells,beforeit_abm_us_v3_mean,nominal_gdp,12,0.5,50,0.54,4.251697131313314,0.2,0.26
abm_balanced_h12_common_cells,beforeit_abm_us_v3_mean,effective_federal_funds_rate,8,0.5,50,0.1,0.42853777591674586,0.46,0.44
abm_balanced_h12_common_cells,beforeit_abm_us_v3_mean,effective_federal_funds_rate,12,0.5,50,0.04,0.46426567755303894,0.46,0.5
abm_balanced_h12_common_cells,beforeit_abm_us_v3_mean,real_gdp,1,0.5,50,0.64,3.855134181451508,0.2,0.16
abm_balanced_h12_common_cells,beforeit_abm_us_v3_mean,effective_federal_funds_rate,4,0.5,50,0.1,0.35034788874624956,0.56,0.34
abm_balanced_h12_common_cells,beforeit_abm_us_v3_mean,unemployment_rate,1,0.5,50,0.06,0.14266155531215766,0.06,0.88
abm_balanced_h12_common_cells,beforeit_abm_us_v3_mean,unemployment_rate,12,0.8,50,0.44,3.8741511500547654,0.0,0.56
abm_balanced_h12_common_cells,beforeit_abm_us_v3_mean,unemployment_rate,2,0.8,50,0.26,1.0203723986856519,0.0,0.74
abm_balanced_h12_common_cells,beforeit_abm_us_v3_mean,real_gdp,2,0.8,50,0.88,7.5200052160562665,0.08,0.04
abm_balanced_h12_common_cells,beforeit_abm_us_v3_mean,gdp_deflator,2,0.8,50,0.66,2.3821768099923957,0.16,0.18
abm_balanced_h12_common_cells,beforeit_abm_us_v3_mean,gdp_deflator,8,0.8,50,0.7,2.6124879041461204,0.1,0.2
abm_balanced_h12_common_cells,beforeit_abm_us_v3_mean,effective_federal_funds_rate,1,0.8,50,0.72,0.36917103025611714,0.06,0.22
abm_balanced_h12_common_cells,beforeit_abm_us_v3_mean,effective_federal_funds_rate,2,0.8,50,0.64,0.4997167147759246,0.1,0.26
abm_balanced_h12_common_cells,beforeit_abm_us_v3_mean,real_gdp,4,0.8,50,0.92,7.595428105370313,0.06,0.02
abm_balanced_h12_common_cells,beforeit_abm_us_v3_mean,nominal_gdp,1,0.8,50,0.82,7.584013625942042,0.1,0.08
abm_balanced_h12_common_cells,beforeit_abm_us_v3_mean,nominal_gdp,8,0.8,50,0.8,8.080248484629067,0.08,0.12
abm_balanced_h12_common_cells,beforeit_abm_us_v3_mean,gdp_deflator,1,0.8,50,0.6,2.072190042329072,0.2,0.2
abm_balanced_h12_common_cells,beforeit_abm_us_v3_mean,nominal_gdp,2,0.8,50,0.84,7.8788437748524975,0.08,0.08
abm_balanced_h12_common_cells,beforeit_abm_us_v3_mean,real_gdp,1,0.8,50,0.9,7.262994210270162,0.08,0.02
abm_balanced_h12_common_cells,beforeit_abm_us_v3_mean,effective_federal_funds_rate,12,0.8,50,0.16,0.8749461393207753,0.4,0.44
abm_balanced_h12_common_cells,beforeit_abm_us_v3_mean,effective_federal_funds_rate,8,0.8,50,0.18,0.8045125876068376,0.42,0.4
abm_balanced_h12_common_cells,beforeit_abm_us_v3_mean,real_gdp,12,0.8,50,0.86,7.67314727106776,0.08,0.06
abm_balanced_h12_common_cells,beforeit_abm_us_v3_mean,unemployment_rate,4,0.8,50,0.34,1.814676889375685,0.0,0.66
abm_balanced_h12_common_cells,beforeit_abm_us_v3_mean,nominal_gdp,12,0.8,50,0.8,8.104208902422643,0.08,0.12
abm_balanced_h12_common_cells,beforeit_abm_us_v3_mean,unemployment_rate,1,0.8,50,0.18,0.5539978094194964,0.0,0.82
abm_balanced_h12_common_cells,beforeit_abm_us_v3_mean,effective_federal_funds_rate,4,0.8,50,0.48,0.6544320778343794,0.2,0.32
abm_balanced_h12_common_cells,beforeit_abm_us_v3_mean,gdp_deflator,12,0.8,50,0.68,2.607667760185106,0.1,0.22
abm_balanced_h12_common_cells,beforeit_abm_us_v3_mean,real_gdp,8,0.8,50,0.84,7.7089940784908055,0.08,0.08
abm_balanced_h12_common_cells,beforeit_abm_us_v3_mean,gdp_deflator,4,0.8,50,0.7,2.544599613825332,0.14,0.16
abm_balanced_h12_common_cells,beforeit_abm_us_v3_mean,nominal_gdp,4,0.8,50,0.84,8.068631359604607,0.06,0.1
abm_balanced_h12_common_cells,beforeit_abm_us_v3_mean,unemployment_rate,8,0.8,50,0.4,3.027710843373495,0.0,0.6
abm_balanced_h12_common_cells,beforeit_abm_us_v3_mean,nominal_gdp,4,0.9,50,0.86,10.382135659051874,0.06,0.08
abm_balanced_h12_common_cells,beforeit_abm_us_v3_mean,effective_federal_funds_rate,12,0.9,50,0.16,1.1097930540899066,0.4,0.44
abm_balanced_h12_common_cells,beforeit_abm_us_v3_mean,nominal_gdp,8,0.9,50,0.84,10.367396337817084,0.06,0.1
abm_balanced_h12_common_cells,beforeit_abm_us_v3_mean,effective_federal_funds_rate,2,0.9,50,0.72,0.6125093188432938,0.08,0.2
abm_balanced_h12_common_cells,beforeit_abm_us_v3_mean,effective_federal_funds_rate,1,0.9,50,0.8,0.44896249668420873,0.06,0.14
abm_balanced_h12_common_cells,beforeit_abm_us_v3_mean,effective_federal_funds_rate,8,0.9,50,0.32,1.0196652693677613,0.32,0.36
abm_balanced_h12_common_cells,beforeit_abm_us_v3_mean,nominal_gdp,12,0.9,50,0.8,10.414512533129026,0.08,0.12
abm_balanced_h12_common_cells,beforeit_abm_us_v3_mean,unemployment_rate,2,0.9,50,0.3,1.5304490690032855,0.0,0.7
abm_balanced_h12_common_cells,beforeit_abm_us_v3_mean,unemployment_rate,8,0.9,50,0.44,3.7863636363636357,0.0,0.56
abm_balanced_h12_common_cells,beforeit_abm_us_v3_mean,real_gdp,12,0.9,50,0.86,9.917626671806621,0.08,0.06
abm_balanced_h12_common_cells,beforeit_abm_us_v3_mean,gdp_deflator,8,0.9,50,0.72,3.3571730577445593,0.08,0.2
abm_balanced_h12_common_cells,beforeit_abm_us_v3_mean,nominal_gdp,1,0.9,50,0.92,9.692325378456642,0.06,0.02
abm_balanced_h12_common_cells,beforeit_abm_us_v3_mean,gdp_deflator,2,0.9,50,0.72,3.0578352226745387,0.14,0.14
abm_balanced_h12_common_cells,beforeit_abm_us_v3_mean,real_gdp,1,0.9,50,0.94,9.283779822783591,0.04,0.02
abm_balanced_h12_common_cells,beforeit_abm_us_v3_mean,unemployment_rate,1,0.9,50,0.22,0.9033953997809416,0.0,0.78
abm_balanced_h12_common_cells,beforeit_abm_us_v3_mean,nominal_gdp,2,0.9,50,0.9,10.04826613943335,0.06,0.04
abm_balanced_h12_common_cells,beforeit_abm_us_v3_mean,gdp_deflator,1,0.9,50,0.68,2.6389584554870433,0.12,0.2
abm_balanced_h12_common_cells,beforeit_abm_us_v3_mean,gdp_deflator,4,0.9,50,0.76,3.280891948832734,0.1,0.14
abm_balanced_h12_common_cells,beforeit_abm_us_v3_mean,real_gdp,2,0.9,50,0.94,9.557486390928078,0.04,0.02
abm_balanced_h12_common_cells,beforeit_abm_us_v3_mean,effective_federal_funds_rate,4,0.9,50,0.56,0.8134748903795084,0.14,0.3
abm_balanced_h12_common_cells,beforeit_abm_us_v3_mean,real_gdp,4,0.9,50,0.92,9.801797717595175,0.06,0.02
abm_balanced_h12_common_cells,beforeit_abm_us_v3_mean,real_gdp,8,0.9,50,0.88,9.833573018586982,0.06,0.06
abm_balanced_h12_common_cells,beforeit_abm_us_v3_mean,unemployment_rate,4,0.9,50,0.36,2.5433187294633073,0.0,0.64
abm_balanced_h12_common_cells,beforeit_abm_us_v3_mean,unemployment_rate,12,0.9,50,0.5,4.623767798466592,0.0,0.5
abm_balanced_h12_common_cells,beforeit_abm_us_v3_mean,gdp_deflator,12,0.9,50,0.7,3.358472931595704,0.1,0.2
abm_pandemic_masked_common_cells,beforeit_abm_us_v3_mean,effective_federal_funds_rate,1,0.5,53,0.5283018867924528,0.20022972330222472,0.1320754716981132,0.33962264150943394
abm_pandemic_masked_common_cells,beforeit_abm_us_v3_mean,unemployment_rate,2,0.5,52,0.25,0.37545286039261944,0.0,0.75
abm_pandemic_masked_common_cells,beforeit_abm_us_v3_mean,gdp_deflator,8,0.5,46,0.5434782608695652,1.4518397801313014,0.1956521739130435,0.2608695652173913
abm_pandemic_masked_common_cells,beforeit_abm_us_v3_mean,unemployment_rate,12,0.5,42,0.3333333333333333,2.17232566630157,0.0,0.6666666666666666
abm_pandemic_masked_common_cells,beforeit_abm_us_v3_mean,real_gdp,2,0.5,52,0.7884615384615384,4.240154126468262,0.11538461538461539,0.09615384615384616
abm_pandemic_masked_common_cells,beforeit_abm_us_v3_mean,effective_federal_funds_rate,2,0.5,52,0.36538461538461536,0.270043401047714,0.2692307692307692,0.36538461538461536
abm_pandemic_masked_common_cells,beforeit_abm_us_v3_mean,nominal_gdp,8,0.5,46,0.6739130434782609,4.727187375344569,0.1956521739130435,0.13043478260869565
abm_pandemic_masked_common_cells,beforeit_abm_us_v3_mean,real_gdp,4,0.5,50,0.76,4.389103177231856,0.14,0.1
abm_pandemic_masked_common_cells,beforeit_abm_us_v3_mean,gdp_deflator,2,0.5,52,0.6923076923076923,1.354909096036609,0.17307692307692307,0.1346153846153846
abm_pandemic_masked_common_cells,beforeit_abm_us_v3_mean,real_gdp,8,0.5,46,0.782608695652174,4.509820047028999,0.15217391304347827,0.06521739130434782
abm_pandemic_masked_common_cells,beforeit_abm_us_v3_mean,gdp_deflator,4,0.5,50,0.62,1.4720300029226576,0.2,0.18
abm_pandemic_masked_common_cells,beforeit_abm_us_v3_mean,real_gdp,12,0.5,42,0.8095238095238095,4.181492934414712,0.14285714285714285,0.047619047619047616
abm_pandemic_masked_common_cells,beforeit_abm_us_v3_mean,nominal_gdp,1,0.5,53,0.6981132075471698,4.28119148733359,0.1509433962264151,0.1509433962264151
abm_pandemic_masked_common_cells,beforeit_abm_us_v3_mean,unemployment_rate,4,0.5,50,0.38,0.8129791894852137,0.0,0.62
abm_pandemic_masked_common_cells,beforeit_abm_us_v3_mean,gdp_deflator,12,0.5,42,0.5238095238095238,1.3740444225618882,0.19047619047619047,0.2857142857142857
abm_pandemic_masked_common_cells,beforeit_abm_us_v3_mean,nominal_gdp,4,0.5,50,0.74,4.6624567346556525,0.16,0.1
abm_pandemic_masked_common_cells,beforeit_abm_us_v3_mean,unemployment_rate,8,0.5,46,0.41304347826086957,1.7474046383161101,0.0,0.5869565217391305
abm_pandemic_masked_common_cells,beforeit_abm_us_v3_mean,gdp_deflator,1,0.5,53,0.3018867924528302,1.1364800872550067,0.37735849056603776,0.32075471698113206
abm_pandemic_masked_common_cells,beforeit_abm_us_v3_mean,nominal_gdp,2,0.5,52,0.75,4.430457896153424,0.15384615384615385,0.09615384615384616
abm_pandemic_masked_common_cells,beforeit_abm_us_v3_mean,nominal_gdp,12,0.5,42,0.6428571428571429,4.428066707724013,0.19047619047619047,0.16666666666666666
abm_pandemic_masked_common_cells,beforeit_abm_us_v3_mean,effective_federal_funds_rate,8,0.5,46,0.13043478260869565,0.4379998705674251,0.34782608695652173,0.5217391304347826
abm_pandemic_masked_common_cells,beforeit_abm_us_v3_mean,effective_federal_funds_rate,12,0.5,42,0.047619047619047616,0.4646343060417224,0.38095238095238093,0.5714285714285714
abm_pandemic_masked_common_cells,beforeit_abm_us_v3_mean,real_gdp,1,0.5,53,0.7547169811320755,4.114519300551364,0.1509433962264151,0.09433962264150944
abm_pandemic_masked_common_cells,beforeit_abm_us_v3_mean,effective_federal_funds_rate,4,0.5,50,0.1,0.3565649264630711,0.48,0.42
abm_pandemic_masked_common_cells,beforeit_abm_us_v3_mean,unemployment_rate,1,0.5,53,0.1320754716981132,0.16713509268635435,0.07547169811320754,0.7924528301886793
abm_pandemic_masked_common_cells,beforeit_abm_us_v3_mean,unemployment_rate,12,0.8,42,0.47619047619047616,3.9127940332759614,0.0,0.5238095238095238
abm_pandemic_masked_common_cells,beforeit_abm_us_v3_mean,unemployment_rate,2,0.8,52,0.40384615384615385,1.1711180385879185,0.0,0.5961538461538461
abm_pandemic_masked_common_cells,beforeit_abm_us_v3_mean,real_gdp,2,0.8,52,0.9423076923076923,8.09069691271018,0.038461538461538464,0.019230769230769232
abm_pandemic_masked_common_cells,beforeit_abm_us_v3_mean,gdp_deflator,2,0.8,52,0.7884615384615384,2.5649182604759804,0.1346153846153846,0.07692307692307693
abm_pandemic_masked_common_cells,beforeit_abm_us_v3_mean,gdp_deflator,8,0.8,46,0.8043478260869565,2.772162637905658,0.08695652173913043,0.10869565217391304
abm_pandemic_masked_common_cells,beforeit_abm_us_v3_mean,effective_federal_funds_rate,1,0.8,53,0.6792452830188679,0.3681766607416472,0.05660377358490566,0.2641509433962264
abm_pandemic_masked_common_cells,beforeit_abm_us_v3_mean,effective_federal_funds_rate,2,0.8,52,0.5769230769230769,0.5040377727320193,0.07692307692307693,0.34615384615384615
abm_pandemic_masked_common_cells,beforeit_abm_us_v3_mean,real_gdp,4,0.8,50,0.98,8.302405873828597,0.02,0.0
abm_pandemic_masked_common_cells,beforeit_abm_us_v3_mean,nominal_gdp,1,0.8,53,0.9245283018867925,8.141855178930935,0.05660377358490566,0.018867924528301886
abm_pandemic_masked_common_cells,beforeit_abm_us_v3_mean,nominal_gdp,8,0.8,46,0.9347826086956522,8.844898848751814,0.043478260869565216,0.021739130434782608
abm_pandemic_masked_common_cells,beforeit_abm_us_v3_mean,gdp_deflator,1,0.8,53,0.7169811320754716,2.1901101344864093,0.16981132075471697,0.11320754716981132
abm_pandemic_masked_common_cells,beforeit_abm_us_v3_mean,nominal_gdp,2,0.8,52,0.9423076923076923,8.453963398517025,0.038461538461538464,0.019230769230769232
abm_pandemic_masked_common_cells,beforeit_abm_us_v3_mean,real_gdp,1,0.8,53,0.9622641509433962,7.842456750135661,0.03773584905660377,0.0
abm_pandemic_masked_common_cells,beforeit_abm_us_v3_mean,effective_federal_funds_rate,12,0.8,42,0.16666666666666666,0.8789059855229858,0.30952380952380953,0.5238095238095238
abm_pandemic_masked_common_cells,beforeit_abm_us_v3_mean,effective_federal_funds_rate,8,0.8,46,0.2391304347826087,0.8224465261676679,0.30434782608695654,0.45652173913043476
abm_pandemic_masked_common_cells,beforeit_abm_us_v3_mean,real_gdp,12,0.8,42,0.9523809523809523,7.9833457440637,0.047619047619047616,0.0
abm_pandemic_masked_common_cells,beforeit_abm_us_v3_mean,unemployment_rate,4,0.8,50,0.44,2.078094194961665,0.0,0.56
abm_pandemic_masked_common_cells,beforeit_abm_us_v3_mean,nominal_gdp,12,0.8,42,0.9285714285714286,8.419682283614812,0.047619047619047616,0.023809523809523808
abm_pandemic_masked_common_cells,beforeit_abm_us_v3_mean,unemployment_rate,1,0.8,53,0.3584905660377358,0.6446713095951563,0.0,0.6415094339622641
abm_pandemic_masked_common_cells,beforeit_abm_us_v3_mean,effective_federal_funds_rate,4,0.8,50,0.44,0.6656359736803551,0.16,0.4
abm_pandemic_masked_common_cells,beforeit_abm_us_v3_mean,gdp_deflator,12,0.8,42,0.7619047619047619,2.64036041863401,0.09523809523809523,0.14285714285714285
abm_pandemic_masked_common_cells,beforeit_abm_us_v3_mean,real_gdp,8,0.8,46,0.9565217391304348,8.456955820756296,0.043478260869565216,0.0
abm_pandemic_masked_common_cells,beforeit_abm_us_v3_mean,gdp_deflator,4,0.8,50,0.82,2.792580965736747,0.12,0.06
abm_pandemic_masked_common_cells,beforeit_abm_us_v3_mean,nominal_gdp,4,0.8,50,0.98,8.841857816229746,0.02,0.0
abm_pandemic_masked_common_cells,beforeit_abm_us_v3_mean,unemployment_rate,8,0.8,46,0.4782608695652174,3.281941997237964,0.0,0.5217391304347826
abm_pandemic_masked_common_cells,beforeit_abm_us_v3_mean,nominal_gdp,4,0.9,50,0.98,11.340998618305862,0.02,0.0
abm_pandemic_masked_common_cells,beforeit_abm_us_v3_mean,effective_federal_funds_rate,12,0.9,42,0.16666666666666666,1.1124755732572158,0.30952380952380953,0.5238095238095238
abm_pandemic_masked_common_cells,beforeit_abm_us_v3_mean,nominal_gdp,8,0.9,46,0.9782608695652174,11.360169329365776,0.021739130434782608,0.0
abm_pandemic_masked_common_cells,beforeit_abm_us_v3_mean,effective_federal_funds_rate,2,0.9,52,0.6923076923076923,0.6250150744281141,0.057692307692307696,0.25
abm_pandemic_masked_common_cells,beforeit_abm_us_v3_mean,effective_federal_funds_rate,1,0.9,53,0.7547169811320755,0.45334114623348204,0.05660377358490566,0.18867924528301888
abm_pandemic_masked_common_cells,beforeit_abm_us_v3_mean,effective_federal_funds_rate,8,0.9,46,0.391304347826087,1.043526862266707,0.1956521739130435,0.41304347826086957
abm_pandemic_masked_common_cells,beforeit_abm_us_v3_mean,nominal_gdp,12,0.9,42,0.9285714285714286,10.815576559778496,0.047619047619047616,0.023809523809523808
abm_pandemic_masked_common_cells,beforeit_abm_us_v3_mean,unemployment_rate,2,0.9,52,0.4230769230769231,1.7604684472154346,0.0,0.5769230769230769
abm_pandemic_masked_common_cells,beforeit_abm_us_v3_mean,unemployment_rate,8,0.9,46,0.5217391304347826,4.115612648221344,0.0,0.4782608695652174
abm_pandemic_masked_common_cells,beforeit_abm_us_v3_mean,real_gdp,12,0.9,42,0.9523809523809523,10.30227069712972,0.047619047619047616,0.0
abm_pandemic_masked_common_cells,beforeit_abm_us_v3_mean,gdp_deflator,8,0.9,46,0.8260869565217391,3.578417857189208,0.06521739130434782,0.10869565217391304
abm_pandemic_masked_common_cells,beforeit_abm_us_v3_mean,nominal_gdp,1,0.9,53,0.9811320754716981,10.462296016107059,0.018867924528301886,0.0
abm_pandemic_masked_common_cells,beforeit_abm_us_v3_mean,gdp_deflator,2,0.9,52,0.8461538461538461,3.3033845417143946,0.11538461538461539,0.038461538461538464
abm_pandemic_masked_common_cells,beforeit_abm_us_v3_mean,real_gdp,1,0.9,53,1.0,10.020671997403776,0.0,0.0
abm_pandemic_masked_common_cells,beforeit_abm_us_v3_mean,unemployment_rate,1,0.9,53,0.37735849056603776,1.0592283370187436,0.0,0.6226415094339622
abm_pandemic_masked_common_cells,beforeit_abm_us_v3_mean,nominal_gdp,2,0.9,52,0.9807692307692307,10.816655514862271,0.019230769230769232,0.0
abm_pandemic_masked_common_cells,beforeit_abm_us_v3_mean,gdp_deflator,1,0.9,53,0.8113207547169812,2.7913134018365877,0.09433962264150944,0.09433962264150944
abm_pandemic_masked_common_cells,beforeit_abm_us_v3_mean,gdp_deflator,4,0.9,50,0.88,3.6003538321214648,0.08,0.04
abm_pandemic_masked_common_cells,beforeit_abm_us_v3_mean,real_gdp,2,0.9,52,1.0,10.302650411527447,0.0,0.0
abm_pandemic_masked_common_cells,beforeit_abm_us_v3_mean,effective_federal_funds_rate,4,0.9,50,0.54,0.8331674837494418,0.1,0.36
abm_pandemic_masked_common_cells,beforeit_abm_us_v3_mean,real_gdp,4,0.9,50,0.98,10.712399187503024,0.02,0.0
abm_pandemic_masked_common_cells,beforeit_abm_us_v3_mean,real_gdp,8,0.9,46,0.9782608695652174,10.840892359375461,0.021739130434782608,0.0
abm_pandemic_masked_common_cells,beforeit_abm_us_v3_mean,unemployment_rate,4,0.9,50,0.46,2.8914567360350483,0.0,0.54
abm_pandemic_masked_common_cells,beforeit_abm_us_v3_mean,unemployment_rate,12,0.9,42,0.5476190476190477,4.694687842278203,0.0,0.4523809523809524
abm_pandemic_masked_common_cells,beforeit_abm_us_v3_mean,gdp_deflator,12,0.9,42,0.7857142857142857,3.413396696547525,0.09523809523809523,0.11904761904761904
abm_all_available_common_cells,beforeit_abm_us_v2_mean,effective_federal_funds_rate,1,0.5,61,0.5573770491803278,0.1990362507928135,0.14754098360655737,0.29508196721311475
abm_all_available_common_cells,beforeit_abm_us_v2_mean,unemployment_rate,2,0.5,60,0.13333333333333333,0.9282584884994525,0.0,0.8666666666666667
abm_all_available_common_cells,beforeit_abm_us_v2_mean,gdp_deflator,8,0.5,54,0.5,1.4190654189898713,0.16666666666666666,0.3333333333333333
abm_all_available_common_cells,beforeit_abm_us_v2_mean,unemployment_rate,12,0.5,50,0.0,0.1897590361445783,0.0,1.0
abm_all_available_common_cells,beforeit_abm_us_v2_mean,real_gdp,2,0.5,60,0.6833333333333333,4.349618128970582,0.15,0.16666666666666666
abm_all_available_common_cells,beforeit_abm_us_v2_mean,effective_federal_funds_rate,2,0.5,60,0.36666666666666664,0.26855305724562745,0.3,0.3333333333333333
abm_all_available_common_cells,beforeit_abm_us_v2_mean,nominal_gdp,8,0.5,54,0.5925925925925926,4.526143485605897,0.16666666666666666,0.24074074074074073
abm_all_available_common_cells,beforeit_abm_us_v2_mean,real_gdp,4,0.5,58,0.7068965517241379,4.392160839453745,0.1206896551724138,0.1724137931034483
abm_all_available_common_cells,beforeit_abm_us_v2_mean,gdp_deflator,2,0.5,60,0.6,1.3510024501125586,0.18333333333333332,0.21666666666666667
abm_all_available_common_cells,beforeit_abm_us_v2_mean,real_gdp,8,0.5,54,0.6666666666666666,4.263000019510028,0.16666666666666666,0.16666666666666666
abm_all_available_common_cells,beforeit_abm_us_v2_mean,gdp_deflator,4,0.5,58,0.5,1.4454777598450816,0.22413793103448276,0.27586206896551724
abm_all_available_common_cells,beforeit_abm_us_v2_mean,real_gdp,12,0.5,50,0.72,4.052152000440959,0.1,0.18
abm_all_available_common_cells,beforeit_abm_us_v2_mean,nominal_gdp,1,0.5,61,0.639344262295082,4.495668805605859,0.16393442622950818,0.19672131147540983
abm_all_available_common_cells,beforeit_abm_us_v2_mean,unemployment_rate,4,0.5,58,0.05172413793103448,1.72390187710088,0.0,0.9482758620689655
abm_all_available_common_cells,beforeit_abm_us_v2_mean,gdp_deflator,12,0.5,50,0.46,1.3641612459432508,0.18,0.36
abm_all_available_common_cells,beforeit_abm_us_v2_mean,nominal_gdp,4,0.5,58,0.6379310344827587,4.585614765493485,0.15517241379310345,0.20689655172413793
abm_all_available_common_cells,beforeit_abm_us_v2_mean,unemployment_rate,8,0.5,54,0.0,1.3313354427812258,0.0,1.0
abm_all_available_common_cells,beforeit_abm_us_v2_mean,gdp_deflator,1,0.5,61,0.29508196721311475,1.1463564464776252,0.3442622950819672,0.36065573770491804
abm_all_available_common_cells,beforeit_abm_us_v2_mean,nominal_gdp,2,0.5,60,0.6666666666666666,4.524431684118854,0.16666666666666666,0.16666666666666666
abm_all_available_common_cells,beforeit_abm_us_v2_mean,nominal_gdp,12,0.5,50,0.48,4.2697789764094765,0.18,0.34
abm_all_available_common_cells,beforeit_abm_us_v2_mean,effective_federal_funds_rate,8,0.5,54,0.12962962962962962,0.4347480005035958,0.42592592592592593,0.4444444444444444
abm_all_available_common_cells,beforeit_abm_us_v2_mean,effective_federal_funds_rate,12,0.5,50,0.06,0.46201664675704546,0.44,0.5
abm_all_available_common_cells,beforeit_abm_us_v2_mean,real_gdp,1,0.5,61,0.7049180327868853,4.341508023077601,0.16393442622950818,0.13114754098360656
abm_all_available_common_cells,beforeit_abm_us_v2_mean,effective_federal_funds_rate,4,0.5,58,0.08620689655172414,0.3476913035987008,0.5517241379310345,0.3620689655172414
abm_all_available_common_cells,beforeit_abm_us_v2_mean,unemployment_rate,1,0.5,61,0.14754098360655737,0.3907582640547286,0.0,0.8524590163934426
abm_all_available_common_cells,beforeit_abm_us_v2_mean,unemployment_rate,12,0.8,50,0.0,0.6290251916757944,0.0,1.0
abm_all_available_common_cells,beforeit_abm_us_v2_mean,unemployment_rate,2,0.8,60,0.2,1.7287331142752826,0.0,0.8
abm_all_available_common_cells,beforeit_abm_us_v2_mean,real_gdp,2,0.8,60,0.9,8.30253563771412,0.06666666666666667,0.03333333333333333
abm_all_available_common_cells,beforeit_abm_us_v2_mean,gdp_deflator,2,0.8,60,0.7166666666666667,2.569878088585427,0.13333333333333333,0.15
abm_all_available_common_cells,beforeit_abm_us_v2_mean,gdp_deflator,8,0.8,54,0.7222222222222222,2.71173123840718,0.09259259259259259,0.18518518518518517
abm_all_available_common_cells,beforeit_abm_us_v2_mean,effective_federal_funds_rate,1,0.8,61,0.6885245901639344,0.3629033265357189,0.08196721311475409,0.22950819672131148
abm_all_available_common_cells,beforeit_abm_us_v2_mean,effective_federal_funds_rate,2,0.8,60,0.6166666666666667,0.49454454439791384,0.11666666666666667,0.26666666666666666
abm_all_available_common_cells,beforeit_abm_us_v2_mean,real_gdp,4,0.8,58,0.9137931034482759,8.358157613322419,0.05172413793103448,0.034482758620689655
abm_all_available_common_cells,beforeit_abm_us_v2_mean,nominal_gdp,1,0.8,61,0.8524590163934426,8.531418102412067,0.08196721311475409,0.06557377049180328
abm_all_available_common_cells,beforeit_abm_us_v2_mean,nominal_gdp,8,0.8,54,0.7777777777777778,8.622518216574846,0.07407407407407407,0.14814814814814814
abm_all_available_common_cells,beforeit_abm_us_v2_mean,gdp_deflator,1,0.8,61,0.6557377049180327,2.208451237267595,0.16393442622950818,0.18032786885245902
abm_all_available_common_cells,beforeit_abm_us_v2_mean,nominal_gdp,2,0.8,60,0.8666666666666667,8.69454471022453,0.06666666666666667,0.06666666666666667
abm_all_available_common_cells,beforeit_abm_us_v2_mean,real_gdp,1,0.8,61,0.9180327868852459,8.2395463663907,0.06557377049180328,0.01639344262295082
abm_all_available_common_cells,beforeit_abm_us_v2_mean,effective_federal_funds_rate,12,0.8,50,0.16,0.878237178986305,0.4,0.44
abm_all_available_common_cells,beforeit_abm_us_v2_mean,effective_federal_funds_rate,8,0.8,54,0.24074074074074073,0.8194430060009872,0.37037037037037035,0.3888888888888889
abm_all_available_common_cells,beforeit_abm_us_v2_mean,real_gdp,12,0.8,50,0.86,7.721762237661899,0.06,0.08
abm_all_available_common_cells,beforeit_abm_us_v2_mean,unemployment_rate,4,0.8,58,0.15517241379310345,2.857385655474563,0.0,0.8448275862068966
abm_all_available_common_cells,beforeit_abm_us_v2_mean,nominal_gdp,12,0.8,50,0.8,8.213169240452476,0.06,0.14
abm_all_available_common_cells,beforeit_abm_us_v2_mean,unemployment_rate,1,0.8,61,0.19672131147540983,0.8738081985168694,0.0,0.8032786885245902
abm_all_available_common_cells,beforeit_abm_us_v2_mean,effective_federal_funds_rate,4,0.8,58,0.41379310344827586,0.6552151649499338,0.2413793103448276,0.3448275862068966
abm_all_available_common_cells,beforeit_abm_us_v2_mean,gdp_deflator,12,0.8,50,0.68,2.6133350653517327,0.1,0.22
abm_all_available_common_cells,beforeit_abm_us_v2_mean,real_gdp,8,0.8,54,0.8703703703703703,8.168360754355676,0.05555555555555555,0.07407407407407407
abm_all_available_common_cells,beforeit_abm_us_v2_mean,gdp_deflator,4,0.8,58,0.7413793103448276,2.747661194021614,0.1206896551724138,0.13793103448275862
abm_all_available_common_cells,beforeit_abm_us_v2_mean,nominal_gdp,4,0.8,58,0.8448275862068966,8.824151325550366,0.06896551724137931,0.08620689655172414
abm_all_available_common_cells,beforeit_abm_us_v2_mean,unemployment_rate,8,0.8,54,0.05555555555555555,2.1691817776155133,0.0,0.9444444444444444
abm_all_available_common_cells,beforeit_abm_us_v2_mean,nominal_gdp,4,0.9,58,0.896551724137931,11.2845067398832,0.034482758620689655,0.06896551724137931
abm_all_available_common_cells,beforeit_abm_us_v2_mean,effective_federal_funds_rate,12,0.9,50,0.2,1.1058513993368295,0.38,0.42
abm_all_available_common_cells,beforeit_abm_us_v2_mean,nominal_gdp,8,0.9,54,0.8518518518518519,11.12410350765057,0.05555555555555555,0.09259259259259259
abm_all_available_common_cells,beforeit_abm_us_v2_mean,effective_federal_funds_rate,2,0.9,60,0.6833333333333333,0.6090313025847552,0.1,0.21666666666666667
abm_all_available_common_cells,beforeit_abm_us_v2_mean,effective_federal_funds_rate,1,0.9,61,0.7540983606557377,0.4451864972889471,0.08196721311475409,0.16393442622950818
abm_all_available_common_cells,beforeit_abm_us_v2_mean,effective_federal_funds_rate,8,0.9,54,0.3333333333333333,1.0380371610393162,0.3148148148148148,0.35185185185185186
abm_all_available_common_cells,beforeit_abm_us_v2_mean,nominal_gdp,12,0.9,50,0.82,10.504655301934184,0.04,0.14
abm_all_available_common_cells,beforeit_abm_us_v2_mean,unemployment_rate,2,0.9,60,0.31666666666666665,2.256389193136181,0.0,0.6833333333333333
abm_all_available_common_cells,beforeit_abm_us_v2_mean,unemployment_rate,8,0.9,54,0.14814814814814814,2.6273274917853215,0.0,0.8518518518518519
abm_all_available_common_cells,beforeit_abm_us_v2_mean,real_gdp,12,0.9,50,0.9,9.904127946230197,0.04,0.06
abm_all_available_common_cells,beforeit_abm_us_v2_mean,gdp_deflator,8,0.9,54,0.7222222222222222,3.484122184915559,0.09259259259259259,0.18518518518518517
abm_all_available_common_cells,beforeit_abm_us_v2_mean,nominal_gdp,1,0.9,61,0.9344262295081968,10.92982398821944,0.04918032786885246,0.01639344262295082
abm_all_available_common_cells,beforeit_abm_us_v2_mean,gdp_deflator,2,0.9,60,0.75,3.280052914940207,0.11666666666666667,0.13333333333333333
abm_all_available_common_cells,beforeit_abm_us_v2_mean,real_gdp,1,0.9,61,0.9508196721311475,10.482130491273228,0.03278688524590164,0.01639344262295082
abm_all_available_common_cells,beforeit_abm_us_v2_mean,unemployment_rate,1,0.9,61,0.29508196721311475,1.276237588206776,0.0,0.7049180327868853
abm_all_available_common_cells,beforeit_abm_us_v2_mean,nominal_gdp,2,0.9,60,0.9333333333333333,11.113621193207598,0.05,0.016666666666666666
abm_all_available_common_cells,beforeit_abm_us_v2_mean,gdp_deflator,1,0.9,61,0.7377049180327869,2.8162809070742756,0.09836065573770492,0.16393442622950818
abm_all_available_common_cells,beforeit_abm_us_v2_mean,gdp_deflator,4,0.9,58,0.7586206896551724,3.5185803251060044,0.1206896551724138,0.1206896551724138
abm_all_available_common_cells,beforeit_abm_us_v2_mean,real_gdp,2,0.9,60,0.95,10.601059107553867,0.03333333333333333,0.016666666666666666
abm_all_available_common_cells,beforeit_abm_us_v2_mean,effective_federal_funds_rate,4,0.9,58,0.5172413793103449,0.8224997604365466,0.1724137931034483,0.3103448275862069
abm_all_available_common_cells,beforeit_abm_us_v2_mean,real_gdp,4,0.9,58,0.9482758620689655,10.731226557042925,0.034482758620689655,0.017241379310344827
abm_all_available_common_cells,beforeit_abm_us_v2_mean,real_gdp,8,0.9,54,0.8888888888888888,10.481153388495375,0.05555555555555555,0.05555555555555555
abm_all_available_common_cells,beforeit_abm_us_v2_mean,unemployment_rate,4,0.9,58,0.27586206896551724,3.3127809041809866,0.0,0.7241379310344828
abm_all_available_common_cells,beforeit_abm_us_v2_mean,unemployment_rate,12,0.9,50,0.0,1.1133077765607873,0.0,1.0
abm_all_available_common_cells,beforeit_abm_us_v2_mean,gdp_deflator,12,0.9,50,0.7,3.3761346345164847,0.1,0.2
abm_balanced_h12_common_cells,beforeit_abm_us_v2_mean,effective_federal_funds_rate,1,0.5,50,0.62,0.2034118929268315,0.14,0.24
abm_balanced_h12_common_cells,beforeit_abm_us_v2_mean,unemployment_rate,2,0.5,50,0.12,0.8417305585980287,0.0,0.88
abm_balanced_h12_common_cells,beforeit_abm_us_v2_mean,gdp_deflator,8,0.5,50,0.5,1.3571518281219888,0.18,0.32
abm_balanced_h12_common_cells,beforeit_abm_us_v2_mean,unemployment_rate,12,0.5,50,0.0,0.1897590361445783,0.0,1.0
abm_balanced_h12_common_cells,beforeit_abm_us_v2_mean,real_gdp,2,0.5,50,0.62,3.8672059280611175,0.18,0.2
abm_balanced_h12_common_cells,beforeit_abm_us_v2_mean,effective_federal_funds_rate,2,0.5,50,0.4,0.27167949977088807,0.3,0.3
abm_balanced_h12_common_cells,beforeit_abm_us_v2_mean,nominal_gdp,8,0.5,50,0.56,4.289412332983115,0.18,0.26
abm_balanced_h12_common_cells,beforeit_abm_us_v2_mean,real_gdp,4,0.5,50,0.66,4.025536455322474,0.14,0.2
abm_balanced_h12_common_cells,beforeit_abm_us_v2_mean,gdp_deflator,2,0.5,50,0.56,1.2601299199791924,0.2,0.24
abm_balanced_h12_common_cells,beforeit_abm_us_v2_mean,real_gdp,8,0.5,50,0.64,4.032232816373426,0.18,0.18
abm_balanced_h12_common_cells,beforeit_abm_us_v2_mean,gdp_deflator,4,0.5,50,0.46,1.3483068890486756,0.26,0.28
abm_balanced_h12_common_cells,beforeit_abm_us_v2_mean,real_gdp,12,0.5,50,0.72,4.052152000440959,0.1,0.18
abm_balanced_h12_common_cells,beforeit_abm_us_v2_mean,nominal_gdp,1,0.5,50,0.58,3.9994088235620993,0.2,0.22
abm_balanced_h12_common_cells,beforeit_abm_us_v2_mean,unemployment_rate,4,0.5,50,0.06,1.612541073384447,0.0,0.94
abm_balanced_h12_common_cells,beforeit_abm_us_v2_mean,gdp_deflator,12,0.5,50,0.46,1.3641612459432508,0.18,0.36
abm_balanced_h12_common_cells,beforeit_abm_us_v2_mean,nominal_gdp,4,0.5,50,0.6,4.223171374765794,0.18,0.22
abm_balanced_h12_common_cells,beforeit_abm_us_v2_mean,unemployment_rate,8,0.5,50,0.0,1.2910733844468785,0.0,1.0
abm_balanced_h12_common_cells,beforeit_abm_us_v2_mean,gdp_deflator,1,0.5,50,0.3,1.074553152799787,0.34,0.36
abm_balanced_h12_common_cells,beforeit_abm_us_v2_mean,nominal_gdp,2,0.5,50,0.6,4.062669834215907,0.2,0.2
abm_balanced_h12_common_cells,beforeit_abm_us_v2_mean,nominal_gdp,12,0.5,50,0.48,4.2697789764094765,0.18,0.34
abm_balanced_h12_common_cells,beforeit_abm_us_v2_mean,effective_federal_funds_rate,8,0.5,50,0.1,0.42842920756146086,0.46,0.44
abm_balanced_h12_common_cells,beforeit_abm_us_v2_mean,effective_federal_funds_rate,12,0.5,50,0.06,0.46201664675704546,0.44,0.5
abm_balanced_h12_common_cells,beforeit_abm_us_v2_mean,real_gdp,1,0.5,50,0.64,3.8553818980490107,0.2,0.16
abm_balanced_h12_common_cells,beforeit_abm_us_v2_mean,effective_federal_funds_rate,4,0.5,50,0.1,0.3457934997675877,0.56,0.34
abm_balanced_h12_common_cells,beforeit_abm_us_v2_mean,unemployment_rate,1,0.5,50,0.12,0.35487404162102965,0.0,0.88
abm_balanced_h12_common_cells,beforeit_abm_us_v2_mean,unemployment_rate,12,0.8,50,0.0,0.6290251916757944,0.0,1.0
abm_balanced_h12_common_cells,beforeit_abm_us_v2_mean,unemployment_rate,2,0.8,50,0.16,1.5537787513691126,0.0,0.84
abm_balanced_h12_common_cells,beforeit_abm_us_v2_mean,real_gdp,2,0.8,50,0.88,7.43038869387626,0.08,0.04
abm_balanced_h12_common_cells,beforeit_abm_us_v2_mean,gdp_deflator,2,0.8,50,0.66,2.3892732101992267,0.16,0.18
abm_balanced_h12_common_cells,beforeit_abm_us_v2_mean,gdp_deflator,8,0.8,50,0.7,2.591575942621387,0.1,0.2
abm_balanced_h12_common_cells,beforeit_abm_us_v2_mean,effective_federal_funds_rate,1,0.8,50,0.72,0.36917103025611714,0.06,0.22
abm_balanced_h12_common_cells,beforeit_abm_us_v2_mean,effective_federal_funds_rate,2,0.8,50,0.66,0.49723310920506514,0.1,0.24
abm_balanced_h12_common_cells,beforeit_abm_us_v2_mean,real_gdp,4,0.8,50,0.9,7.667256794469998,0.06,0.04
abm_balanced_h12_common_cells,beforeit_abm_us_v2_mean,nominal_gdp,1,0.8,50,0.82,7.583866874866463,0.1,0.08
abm_balanced_h12_common_cells,beforeit_abm_us_v2_mean,nominal_gdp,8,0.8,50,0.76,8.165600329155588,0.08,0.16
abm_balanced_h12_common_cells,beforeit_abm_us_v2_mean,gdp_deflator,1,0.8,50,0.6,2.07219004232898,0.2,0.2
abm_balanced_h12_common_cells,beforeit_abm_us_v2_mean,nominal_gdp,2,0.8,50,0.84,7.813517979623173,0.08,0.08
abm_balanced_h12_common_cells,beforeit_abm_us_v2_mean,real_gdp,1,0.8,50,0.9,7.263113349562125,0.08,0.02
abm_balanced_h12_common_cells,beforeit_abm_us_v2_mean,effective_federal_funds_rate,12,0.8,50,0.16,0.878237178986305,0.4,0.44
abm_balanced_h12_common_cells,beforeit_abm_us_v2_mean,effective_federal_funds_rate,8,0.8,50,0.2,0.8077126211648574,0.4,0.4
abm_balanced_h12_common_cells,beforeit_abm_us_v2_mean,real_gdp,12,0.8,50,0.86,7.721762237661899,0.06,0.08
abm_balanced_h12_common_cells,beforeit_abm_us_v2_mean,unemployment_rate,4,0.8,50,0.14,2.6924424972617746,0.0,0.86
abm_balanced_h12_common_cells,beforeit_abm_us_v2_mean,nominal_gdp,12,0.8,50,0.8,8.213169240452476,0.06,0.14
abm_balanced_h12_common_cells,beforeit_abm_us_v2_mean,unemployment_rate,1,0.8,50,0.14,0.7204819277108436,0.0,0.86
abm_balanced_h12_common_cells,beforeit_abm_us_v2_mean,effective_federal_funds_rate,4,0.8,50,0.46,0.6497240079064031,0.22,0.32
abm_balanced_h12_common_cells,beforeit_abm_us_v2_mean,gdp_deflator,12,0.8,50,0.68,2.6133350653517327,0.1,0.22
abm_balanced_h12_common_cells,beforeit_abm_us_v2_mean,real_gdp,8,0.8,50,0.86,7.7351922954228804,0.06,0.08
abm_balanced_h12_common_cells,beforeit_abm_us_v2_mean,gdp_deflator,4,0.8,50,0.7,2.5566187822017357,0.14,0.16
abm_balanced_h12_common_cells,beforeit_abm_us_v2_mean,nominal_gdp,4,0.8,50,0.82,8.092934019177717,0.08,0.1
abm_balanced_h12_common_cells,beforeit_abm_us_v2_mean,unemployment_rate,8,0.8,50,0.06,2.0807228915662654,0.0,0.94
abm_balanced_h12_common_cells,beforeit_abm_us_v2_mean,nominal_gdp,4,0.9,50,0.88,10.358256353501558,0.04,0.08
abm_balanced_h12_common_cells,beforeit_abm_us_v2_mean,effective_federal_funds_rate,12,0.9,50,0.2,1.1058513993368295,0.38,0.42
abm_balanced_h12_common_cells,beforeit_abm_us_v2_mean,nominal_gdp,8,0.9,50,0.84,10.542044435616921,0.06,0.1
abm_balanced_h12_common_cells,beforeit_abm_us_v2_mean,effective_federal_funds_rate,2,0.9,50,0.72,0.6075610842724991,0.08,0.2
abm_balanced_h12_common_cells,beforeit_abm_us_v2_mean,effective_federal_funds_rate,1,0.9,50,0.8,0.44896249668420873,0.06,0.14
abm_balanced_h12_common_cells,beforeit_abm_us_v2_mean,effective_federal_funds_rate,8,0.9,50,0.3,1.0225584797811205,0.34,0.36
abm_balanced_h12_common_cells,beforeit_abm_us_v2_mean,nominal_gdp,12,0.9,50,0.82,10.504655301934184,0.04,0.14
abm_balanced_h12_common_cells,beforeit_abm_us_v2_mean,unemployment_rate,2,0.9,50,0.2,2.0148959474260675,0.0,0.8
abm_balanced_h12_common_cells,beforeit_abm_us_v2_mean,unemployment_rate,8,0.9,50,0.16,2.536308871851039,0.0,0.84
abm_balanced_h12_common_cells,beforeit_abm_us_v2_mean,real_gdp,12,0.9,50,0.9,9.904127946230197,0.04,0.06
abm_balanced_h12_common_cells,beforeit_abm_us_v2_mean,gdp_deflator,8,0.9,50,0.7,3.339204139981608,0.1,0.2
abm_balanced_h12_common_cells,beforeit_abm_us_v2_mean,nominal_gdp,1,0.9,50,0.92,9.692573780119211,0.06,0.02
abm_balanced_h12_common_cells,beforeit_abm_us_v2_mean,gdp_deflator,2,0.9,50,0.7,3.0615912034674437,0.14,0.16
abm_balanced_h12_common_cells,beforeit_abm_us_v2_mean,real_gdp,1,0.9,50,0.94,9.28433455950062,0.04,0.02
abm_balanced_h12_common_cells,beforeit_abm_us_v2_mean,unemployment_rate,1,0.9,50,0.16,1.0416757940854322,0.0,0.84
abm_balanced_h12_common_cells,beforeit_abm_us_v2_mean,nominal_gdp,2,0.9,50,0.92,9.990501608346536,0.06,0.02
abm_balanced_h12_common_cells,beforeit_abm_us_v2_mean,gdp_deflator,1,0.9,50,0.68,2.638958455487019,0.12,0.2
abm_balanced_h12_common_cells,beforeit_abm_us_v2_mean,gdp_deflator,4,0.9,50,0.72,3.2714791253359214,0.14,0.14
abm_balanced_h12_common_cells,beforeit_abm_us_v2_mean,real_gdp,2,0.9,50,0.94,9.504574344455328,0.04,0.02
abm_balanced_h12_common_cells,beforeit_abm_us_v2_mean,effective_federal_funds_rate,4,0.9,50,0.56,0.8122346856467227,0.14,0.3
abm_balanced_h12_common_cells,beforeit_abm_us_v2_mean,real_gdp,4,0.9,50,0.94,9.804477488594161,0.04,0.02
abm_balanced_h12_common_cells,beforeit_abm_us_v2_mean,real_gdp,8,0.9,50,0.88,9.921861297739067,0.06,0.06
abm_balanced_h12_common_cells,beforeit_abm_us_v2_mean,unemployment_rate,4,0.9,50,0.22,3.170043811610076,0.0,0.78
abm_balanced_h12_common_cells,beforeit_abm_us_v2_mean,unemployment_rate,12,0.9,50,0.0,1.1133077765607873,0.0,1.0
abm_balanced_h12_common_cells,beforeit_abm_us_v2_mean,gdp_deflator,12,0.9,50,0.7,3.3761346345164847,0.1,0.2
abm_pandemic_masked_common_cells,beforeit_abm_us_v2_mean,effective_federal_funds_rate,1,0.5,53,0.5283018867924528,0.20022972330222472,0.1320754716981132,0.33962264150943394
abm_pandemic_masked_common_cells,beforeit_abm_us_v2_mean,unemployment_rate,2,0.5,52,0.15384615384615385,0.9041410396832086,0.0,0.8461538461538461
abm_pandemic_masked_common_cells,beforeit_abm_us_v2_mean,gdp_deflator,8,0.5,46,0.5652173913043478,1.4563796470820771,0.17391304347826086,0.2608695652173913
abm_pandemic_masked_common_cells,beforeit_abm_us_v2_mean,unemployment_rate,12,0.5,42,0.0,0.2259036144578313,0.0,1.0
abm_pandemic_masked_common_cells,beforeit_abm_us_v2_mean,real_gdp,2,0.5,52,0.75,4.233468911778766,0.1346153846153846,0.11538461538461539
abm_pandemic_masked_common_cells,beforeit_abm_us_v2_mean,effective_federal_funds_rate,2,0.5,52,0.34615384615384615,0.2705630221096583,0.2692307692307692,0.38461538461538464
abm_pandemic_masked_common_cells,beforeit_abm_us_v2_mean,nominal_gdp,8,0.5,46,0.6956521739130435,4.7191007771945985,0.15217391304347827,0.15217391304347827
abm_pandemic_masked_common_cells,beforeit_abm_us_v2_mean,real_gdp,4,0.5,50,0.8,4.371109458897293,0.1,0.1
abm_pandemic_masked_common_cells,beforeit_abm_us_v2_mean,gdp_deflator,2,0.5,52,0.6730769230769231,1.3606059450588475,0.19230769230769232,0.1346153846153846
abm_pandemic_masked_common_cells,beforeit_abm_us_v2_mean,real_gdp,8,0.5,46,0.7608695652173914,4.456897299228966,0.15217391304347827,0.08695652173913043
abm_pandemic_masked_common_cells,beforeit_abm_us_v2_mean,gdp_deflator,4,0.5,50,0.56,1.4760096019079683,0.24,0.2
abm_pandemic_masked_common_cells,beforeit_abm_us_v2_mean,real_gdp,12,0.5,42,0.8333333333333334,4.22108930767814,0.07142857142857142,0.09523809523809523
abm_pandemic_masked_common_cells,beforeit_abm_us_v2_mean,nominal_gdp,1,0.5,53,0.6981132075471698,4.2812135314156725,0.1509433962264151,0.1509433962264151
abm_pandemic_masked_common_cells,beforeit_abm_us_v2_mean,unemployment_rate,4,0.5,50,0.06,1.721248630887185,0.0,0.94
abm_pandemic_masked_common_cells,beforeit_abm_us_v2_mean,gdp_deflator,12,0.5,42,0.5238095238095238,1.3764426397685396,0.19047619047619047,0.2857142857142857
abm_pandemic_masked_common_cells,beforeit_abm_us_v2_mean,nominal_gdp,4,0.5,50,0.74,4.571818299601944,0.14,0.12
abm_pandemic_masked_common_cells,beforeit_abm_us_v2_mean,unemployment_rate,8,0.5,46,0.0,1.35393352064384,0.0,1.0
abm_pandemic_masked_common_cells,beforeit_abm_us_v2_mean,gdp_deflator,1,0.5,53,0.3018867924528302,1.1364800872549834,0.37735849056603776,0.32075471698113206
abm_pandemic_masked_common_cells,beforeit_abm_us_v2_mean,nominal_gdp,2,0.5,52,0.7692307692307693,4.407863839622687,0.15384615384615385,0.07692307692307693
abm_pandemic_masked_common_cells,beforeit_abm_us_v2_mean,nominal_gdp,12,0.5,42,0.5714285714285714,4.433993265268591,0.16666666666666666,0.2619047619047619
abm_pandemic_masked_common_cells,beforeit_abm_us_v2_mean,effective_federal_funds_rate,8,0.5,46,0.13043478260869565,0.4399442619600069,0.34782608695652173,0.5217391304347826
abm_pandemic_masked_common_cells,beforeit_abm_us_v2_mean,effective_federal_funds_rate,12,0.5,42,0.07142857142857142,0.4667265216401405,0.35714285714285715,0.5714285714285714
abm_pandemic_masked_common_cells,beforeit_abm_us_v2_mean,real_gdp,1,0.5,53,0.7547169811320755,4.114661811803602,0.1509433962264151,0.09433962264150944
abm_pandemic_masked_common_cells,beforeit_abm_us_v2_mean,effective_federal_funds_rate,4,0.5,50,0.1,0.35140578125120603,0.48,0.42
abm_pandemic_masked_common_cells,beforeit_abm_us_v2_mean,unemployment_rate,1,0.5,53,0.16981132075471697,0.37069375271239324,0.0,0.8301886792452831
abm_pandemic_masked_common_cells,beforeit_abm_us_v2_mean,unemployment_rate,12,0.8,42,0.0,0.6702133208157307,0.0,1.0
abm_pandemic_masked_common_cells,beforeit_abm_us_v2_mean,unemployment_rate,2,0.8,52,0.23076923076923078,1.6807439548403407,0.0,0.7692307692307693
abm_pandemic_masked_common_cells,beforeit_abm_us_v2_mean,real_gdp,2,0.8,52,0.9423076923076923,8.04024184217738,0.038461538461538464,0.019230769230769232
abm_pandemic_masked_common_cells,beforeit_abm_us_v2_mean,gdp_deflator,2,0.8,52,0.8076923076923077,2.588012791859626,0.1346153846153846,0.057692307692307696
abm_pandemic_masked_common_cells,beforeit_abm_us_v2_mean,gdp_deflator,8,0.8,46,0.8043478260869565,2.775489370047289,0.08695652173913043,0.10869565217391304
abm_pandemic_masked_common_cells,beforeit_abm_us_v2_mean,effective_federal_funds_rate,1,0.8,53,0.6792452830188679,0.3681766607416472,0.05660377358490566,0.2641509433962264
abm_pandemic_masked_common_cells,beforeit_abm_us_v2_mean,effective_federal_funds_rate,2,0.8,52,0.6153846153846154,0.5024377312639167,0.07692307692307693,0.3076923076923077
abm_pandemic_masked_common_cells,beforeit_abm_us_v2_mean,real_gdp,4,0.8,50,0.98,8.295702258998038,0.02,0.0
abm_pandemic_masked_common_cells,beforeit_abm_us_v2_mean,nominal_gdp,1,0.8,53,0.9245283018867925,8.141870639446989,0.05660377358490566,0.018867924528301886
abm_pandemic_masked_common_cells,beforeit_abm_us_v2_mean,nominal_gdp,8,0.8,46,0.9130434782608695,9.011504281563974,0.043478260869565216,0.043478260869565216
abm_pandemic_masked_common_cells,beforeit_abm_us_v2_mean,gdp_deflator,1,0.8,53,0.7169811320754716,2.190110134486329,0.16981132075471697,0.11320754716981132
abm_pandemic_masked_common_cells,beforeit_abm_us_v2_mean,nominal_gdp,2,0.8,52,0.9423076923076923,8.465385131327867,0.038461538461538464,0.019230769230769232
abm_pandemic_masked_common_cells,beforeit_abm_us_v2_mean,real_gdp,1,0.8,53,0.9622641509433962,7.842603665814185,0.03773584905660377,0.0
abm_pandemic_masked_common_cells,beforeit_abm_us_v2_mean,effective_federal_funds_rate,12,0.8,42,0.16666666666666666,0.886533241177015,0.30952380952380953,0.5238095238095238
abm_pandemic_masked_common_cells,beforeit_abm_us_v2_mean,effective_federal_funds_rate,8,0.8,46,0.2608695652173913,0.8281364243772535,0.2826086956521739,0.45652173913043476
abm_pandemic_masked_common_cells,beforeit_abm_us_v2_mean,real_gdp,12,0.8,42,0.9761904761904762,8.033964342336077,0.023809523809523808,0.0
abm_pandemic_masked_common_cells,beforeit_abm_us_v2_mean,unemployment_rate,4,0.8,50,0.18,2.862102957283681,0.0,0.82
abm_pandemic_masked_common_cells,beforeit_abm_us_v2_mean,nominal_gdp,12,0.8,42,0.9285714285714286,8.53642819191706,0.023809523809523808,0.047619047619047616
abm_pandemic_masked_common_cells,beforeit_abm_us_v2_mean,unemployment_rate,1,0.8,53,0.22641509433962265,0.8110314327636446,0.0,0.7735849056603774
abm_pandemic_masked_common_cells,beforeit_abm_us_v2_mean,effective_federal_funds_rate,4,0.8,50,0.42,0.6615085874839748,0.18,0.4
abm_pandemic_masked_common_cells,beforeit_abm_us_v2_mean,gdp_deflator,12,0.8,42,0.7619047619047619,2.643249766641826,0.09523809523809523,0.14285714285714285
abm_pandemic_masked_common_cells,beforeit_abm_us_v2_mean,real_gdp,8,0.8,46,0.9782608695652174,8.536144295624498,0.021739130434782608,0.0
abm_pandemic_masked_common_cells,beforeit_abm_us_v2_mean,gdp_deflator,4,0.8,50,0.82,2.8099234401887787,0.12,0.06
abm_pandemic_masked_common_cells,beforeit_abm_us_v2_mean,nominal_gdp,4,0.8,50,0.96,8.788811060911964,0.04,0.0
abm_pandemic_masked_common_cells,beforeit_abm_us_v2_mean,unemployment_rate,8,0.8,46,0.06521739130434782,2.230582408686128,0.0,0.9347826086956522
abm_pandemic_masked_common_cells,beforeit_abm_us_v2_mean,nominal_gdp,4,0.9,50,1.0,11.236269533278165,0.0,0.0
abm_pandemic_masked_common_cells,beforeit_abm_us_v2_mean,effective_federal_funds_rate,12,0.9,42,0.21428571428571427,1.112636327704704,0.2857142857142857,0.5
abm_pandemic_masked_common_cells,beforeit_abm_us_v2_mean,nominal_gdp,8,0.9,46,0.9782608695652174,11.634743934346078,0.021739130434782608,0.0
abm_pandemic_masked_common_cells,beforeit_abm_us_v2_mean,effective_federal_funds_rate,2,0.9,52,0.6923076923076923,0.6194847196192064,0.057692307692307696,0.25
abm_pandemic_masked_common_cells,beforeit_abm_us_v2_mean,effective_federal_funds_rate,1,0.9,53,0.7547169811320755,0.45334114623348204,0.05660377358490566,0.18867924528301888
abm_pandemic_masked_common_cells,beforeit_abm_us_v2_mean,effective_federal_funds_rate,8,0.9,46,0.3695652173913043,1.0498569203206298,0.21739130434782608,0.41304347826086957
abm_pandemic_masked_common_cells,beforeit_abm_us_v2_mean,nominal_gdp,12,0.9,42,0.9523809523809523,10.890897278304067,0.0,0.047619047619047616
abm_pandemic_masked_common_cells,beforeit_abm_us_v2_mean,unemployment_rate,2,0.9,52,0.34615384615384615,2.1883688600556064,0.0,0.6538461538461539
abm_pandemic_masked_common_cells,beforeit_abm_us_v2_mean,unemployment_rate,8,0.9,46,0.17391304347826086,2.68733034906424,0.0,0.8260869565217391
abm_pandemic_masked_common_cells,beforeit_abm_us_v2_mean,real_gdp,12,0.9,42,1.0,10.300795471620152,0.0,0.0
abm_pandemic_masked_common_cells,beforeit_abm_us_v2_mean,gdp_deflator,8,0.9,46,0.8043478260869565,3.5659196373849364,0.08695652173913043,0.10869565217391304
abm_pandemic_masked_common_cells,beforeit_abm_us_v2_mean,nominal_gdp,1,0.9,53,0.9811320754716981,10.462421420011358,0.018867924528301886,0.0
abm_pandemic_masked_common_cells,beforeit_abm_us_v2_mean,gdp_deflator,2,0.9,52,0.8269230769230769,3.29489883307519,0.11538461538461539,0.057692307692307696
abm_pandemic_masked_common_cells,beforeit_abm_us_v2_mean,real_gdp,1,0.9,53,1.0,10.021131907902909,0.0,0.0
abm_pandemic_masked_common_cells,beforeit_abm_us_v2_mean,unemployment_rate,1,0.9,53,0.32075471698113206,1.1824484903593788,0.0,0.6792452830188679
abm_pandemic_masked_common_cells,beforeit_abm_us_v2_mean,nominal_gdp,2,0.9,52,0.9807692307692307,10.780295392502579,0.019230769230769232,0.0
abm_pandemic_masked_common_cells,beforeit_abm_us_v2_mean,gdp_deflator,1,0.9,53,0.8113207547169812,2.791313401836555,0.09433962264150944,0.09433962264150944
abm_pandemic_masked_common_cells,beforeit_abm_us_v2_mean,gdp_deflator,4,0.9,50,0.84,3.592233773284097,0.12,0.04
abm_pandemic_masked_common_cells,beforeit_abm_us_v2_mean,real_gdp,2,0.9,52,1.0,10.226305603219796,0.0,0.0
abm_pandemic_masked_common_cells,beforeit_abm_us_v2_mean,effective_federal_funds_rate,4,0.9,50,0.54,0.8306434538121085,0.1,0.36
abm_pandemic_masked_common_cells,beforeit_abm_us_v2_mean,real_gdp,4,0.9,50,1.0,10.674061907686445,0.0,0.0
abm_pandemic_masked_common_cells,beforeit_abm_us_v2_mean,real_gdp,8,0.9,46,0.9782608695652174,10.972523254649312,0.021739130434782608,0.0
abm_pandemic_masked_common_cells,beforeit_abm_us_v2_mean,unemployment_rate,4,0.9,50,0.3,3.309145673603504,0.0,0.7
abm_pandemic_masked_common_cells,beforeit_abm_us_v2_mean,unemployment_rate,12,0.9,42,0.0,1.1450998800396377,0.0,1.0
abm_pandemic_masked_common_cells,beforeit_abm_us_v2_mean,gdp_deflator,12,0.9,42,0.7857142857142857,3.412180263772412,0.09523809523809523,0.11904761904761904
abm_all_available_common_cells,beforeit_abm_us_v1_mean,effective_federal_funds_rate,1,0.5,61,0.5573770491803278,0.1990362507928135,0.14754098360655737,0.29508196721311475
abm_all_available_common_cells,beforeit_abm_us_v1_mean,unemployment_rate,2,0.5,60,0.21666666666666667,0.9200438116100763,0.35,0.43333333333333335
abm_all_available_common_cells,beforeit_abm_us_v1_mean,gdp_deflator,8,0.5,54,0.5,1.4186835595777114,0.18518518518518517,0.3148148148148148
abm_all_available_common_cells,beforeit_abm_us_v1_mean,unemployment_rate,12,0.5,50,0.22,1.139101861993428,0.5,0.28
abm_all_available_common_cells,beforeit_abm_us_v1_mean,real_gdp,2,0.5,60,0.016666666666666666,3.744453495794229,0.016666666666666666,0.9666666666666667
abm_all_available_common_cells,beforeit_abm_us_v1_mean,effective_federal_funds_rate,2,0.5,60,0.35,0.26936892682753943,0.31666666666666665,0.3333333333333333
abm_all_available_common_cells,beforeit_abm_us_v1_mean,nominal_gdp,8,0.5,54,0.37037037037037035,4.259687985430052,0.07407407407407407,0.5555555555555556
abm_all_available_common_cells,beforeit_abm_us_v1_mean,real_gdp,4,0.5,58,0.22413793103448276,4.122870511920338,0.034482758620689655,0.7413793103448276
abm_all_available_common_cells,beforeit_abm_us_v1_mean,gdp_deflator,2,0.5,60,0.55,1.3470185117996152,0.2,0.25
abm_all_available_common_cells,beforeit_abm_us_v1_mean,real_gdp,8,0.5,54,0.3888888888888889,3.9833053051954583,0.05555555555555555,0.5555555555555556
abm_all_available_common_cells,beforeit_abm_us_v1_mean,gdp_deflator,4,0.5,58,0.43103448275862066,1.4272897144659802,0.25862068965517243,0.3103448275862069
abm_all_available_common_cells,beforeit_abm_us_v1_mean,real_gdp,12,0.5,50,0.3,3.856843082575484,0.06,0.64
abm_all_available_common_cells,beforeit_abm_us_v1_mean,nominal_gdp,1,0.5,61,0.5573770491803278,4.584253279048115,0.06557377049180328,0.3770491803278688
abm_all_available_common_cells,beforeit_abm_us_v1_mean,unemployment_rate,4,0.5,58,0.13793103448275862,1.0419420629225367,0.5344827586206896,0.3275862068965517
abm_all_available_common_cells,beforeit_abm_us_v1_mean,gdp_deflator,12,0.5,50,0.48,1.3681633187555242,0.18,0.34
abm_all_available_common_cells,beforeit_abm_us_v1_mean,nominal_gdp,4,0.5,58,0.3103448275862069,4.362543689738001,0.034482758620689655,0.6551724137931034
abm_all_available_common_cells,beforeit_abm_us_v1_mean,unemployment_rate,8,0.5,54,0.18518518518518517,1.1125309318080403,0.5185185185185185,0.2962962962962963
abm_all_available_common_cells,beforeit_abm_us_v1_mean,gdp_deflator,1,0.5,61,0.29508196721311475,1.1463564464775935,0.3442622950819672,0.36065573770491804
abm_all_available_common_cells,beforeit_abm_us_v1_mean,nominal_gdp,2,0.5,60,0.016666666666666666,4.007637785495092,0.016666666666666666,0.9666666666666667
abm_all_available_common_cells,beforeit_abm_us_v1_mean,nominal_gdp,12,0.5,50,0.42,4.111164683919132,0.08,0.5
abm_all_available_common_cells,beforeit_abm_us_v1_mean,effective_federal_funds_rate,8,0.5,54,0.12962962962962962,0.4381139916959676,0.42592592592592593,0.4444444444444444
abm_all_available_common_cells,beforeit_abm_us_v1_mean,effective_federal_funds_rate,12,0.5,50,0.04,0.4635280887052179,0.46,0.5
abm_all_available_common_cells,beforeit_abm_us_v1_mean,real_gdp,1,0.5,61,0.5737704918032787,4.433601259039317,0.06557377049180328,0.36065573770491804
abm_all_available_common_cells,beforeit_abm_us_v1_mean,effective_federal_funds_rate,4,0.5,58,0.10344827586206896,0.35160642567543177,0.5344827586206896,0.3620689655172414
abm_all_available_common_cells,beforeit_abm_us_v1_mean,unemployment_rate,1,0.5,61,0.13114754098360656,0.2293825076760094,0.01639344262295082,0.8524590163934426
abm_all_available_common_cells,beforeit_abm_us_v1_mean,unemployment_rate,12,0.8,50,0.46,2.170865279299014,0.32,0.22
abm_all_available_common_cells,beforeit_abm_us_v1_mean,unemployment_rate,2,0.8,60,0.48333333333333334,1.7661555312157722,0.13333333333333333,0.38333333333333336
abm_all_available_common_cells,beforeit_abm_us_v1_mean,real_gdp,2,0.8,60,0.06666666666666667,7.154246184526138,0.016666666666666666,0.9166666666666666
abm_all_available_common_cells,beforeit_abm_us_v1_mean,gdp_deflator,2,0.8,60,0.7166666666666667,2.5614050037447624,0.13333333333333333,0.15
abm_all_available_common_cells,beforeit_abm_us_v1_mean,gdp_deflator,8,0.8,54,0.7222222222222222,2.7134262885348077,0.09259259259259259,0.18518518518518517
abm_all_available_common_cells,beforeit_abm_us_v1_mean,effective_federal_funds_rate,1,0.8,61,0.6885245901639344,0.3629033265357189,0.08196721311475409,0.22950819672131148
abm_all_available_common_cells,beforeit_abm_us_v1_mean,effective_federal_funds_rate,2,0.8,60,0.5833333333333334,0.4931053000629453,0.13333333333333333,0.2833333333333333
abm_all_available_common_cells,beforeit_abm_us_v1_mean,real_gdp,4,0.8,58,0.5689655172413793,7.897742479989477,0.034482758620689655,0.39655172413793105
abm_all_available_common_cells,beforeit_abm_us_v1_mean,nominal_gdp,1,0.8,61,0.819672131147541,8.695697428812059,0.03278688524590164,0.14754098360655737
abm_all_available_common_cells,beforeit_abm_us_v1_mean,nominal_gdp,8,0.8,54,0.7037037037037037,8.127491138025949,0.037037037037037035,0.25925925925925924
abm_all_available_common_cells,beforeit_abm_us_v1_mean,gdp_deflator,1,0.8,61,0.6557377049180327,2.208451237267663,0.16393442622950818,0.18032786885245902
abm_all_available_common_cells,beforeit_abm_us_v1_mean,nominal_gdp,2,0.8,60,0.03333333333333333,7.60477465802071,0.016666666666666666,0.95
abm_all_available_common_cells,beforeit_abm_us_v1_mean,real_gdp,1,0.8,61,0.8524590163934426,8.412274096128721,0.03278688524590164,0.11475409836065574
abm_all_available_common_cells,beforeit_abm_us_v1_mean,effective_federal_funds_rate,12,0.8,50,0.14,0.870461773789367,0.4,0.46
abm_all_available_common_cells,beforeit_abm_us_v1_mean,effective_federal_funds_rate,8,0.8,54,0.24074074074074073,0.8208070872796934,0.37037037037037035,0.3888888888888889
abm_all_available_common_cells,beforeit_abm_us_v1_mean,real_gdp,12,0.8,50,0.72,7.352778333040255,0.04,0.24
abm_all_available_common_cells,beforeit_abm_us_v1_mean,unemployment_rate,4,0.8,58,0.3448275862068966,2.0382785058730217,0.3620689655172414,0.29310344827586204
abm_all_available_common_cells,beforeit_abm_us_v1_mean,nominal_gdp,12,0.8,50,0.64,7.824695096325879,0.04,0.32
abm_all_available_common_cells,beforeit_abm_us_v1_mean,unemployment_rate,1,0.8,61,0.2459016393442623,0.783132530120482,0.0,0.7540983606557377
abm_all_available_common_cells,beforeit_abm_us_v1_mean,effective_federal_funds_rate,4,0.8,58,0.43103448275862066,0.6602440930246322,0.22413793103448276,0.3448275862068966
abm_all_available_common_cells,beforeit_abm_us_v1_mean,gdp_deflator,12,0.8,50,0.68,2.6016183183465547,0.1,0.22
abm_all_available_common_cells,beforeit_abm_us_v1_mean,real_gdp,8,0.8,54,0.7222222222222222,7.710926257958657,0.037037037037037035,0.24074074074074073
abm_all_available_common_cells,beforeit_abm_us_v1_mean,gdp_deflator,4,0.8,58,0.7413793103448276,2.708291990826934,0.1206896551724138,0.13793103448275862
abm_all_available_common_cells,beforeit_abm_us_v1_mean,nominal_gdp,4,0.8,58,0.5689655172413793,8.362849027605629,0.034482758620689655,0.39655172413793105
abm_all_available_common_cells,beforeit_abm_us_v1_mean,unemployment_rate,8,0.8,54,0.35185185185185186,2.131556529146891,0.4074074074074074,0.24074074074074073
abm_all_available_common_cells,beforeit_abm_us_v1_mean,nominal_gdp,4,0.9,58,0.7413793103448276,10.755195073193496,0.034482758620689655,0.22413793103448276
abm_all_available_common_cells,beforeit_abm_us_v1_mean,effective_federal_funds_rate,12,0.9,50,0.18,1.1145551940706764,0.38,0.44
abm_all_available_common_cells,beforeit_abm_us_v1_mean,nominal_gdp,8,0.9,54,0.7777777777777778,10.492870159140752,0.037037037037037035,0.18518518518518517
abm_all_available_common_cells,beforeit_abm_us_v1_mean,effective_federal_funds_rate,2,0.9,60,0.6666666666666666,0.6093784456852763,0.1,0.23333333333333334
abm_all_available_common_cells,beforeit_abm_us_v1_mean,effective_federal_funds_rate,1,0.9,61,0.7540983606557377,0.4451864972889471,0.08196721311475409,0.16393442622950818
abm_all_available_common_cells,beforeit_abm_us_v1_mean,effective_federal_funds_rate,8,0.9,54,0.35185185185185186,1.0389501070278189,0.2962962962962963,0.35185185185185186
abm_all_available_common_cells,beforeit_abm_us_v1_mean,nominal_gdp,12,0.9,50,0.7,10.03897000092248,0.04,0.26
abm_all_available_common_cells,beforeit_abm_us_v1_mean,unemployment_rate,2,0.9,60,0.55,2.285642570281124,0.1,0.35
abm_all_available_common_cells,beforeit_abm_us_v1_mean,unemployment_rate,8,0.9,54,0.5370370370370371,2.7552634781550434,0.25925925925925924,0.2037037037037037
abm_all_available_common_cells,beforeit_abm_us_v1_mean,real_gdp,12,0.9,50,0.78,9.463231027742754,0.04,0.18
abm_all_available_common_cells,beforeit_abm_us_v1_mean,gdp_deflator,8,0.9,54,0.7407407407407407,3.4659269114902966,0.07407407407407407,0.18518518518518517
abm_all_available_common_cells,beforeit_abm_us_v1_mean,nominal_gdp,1,0.9,61,0.9180327868852459,11.140403031534971,0.03278688524590164,0.04918032786885246
abm_all_available_common_cells,beforeit_abm_us_v1_mean,gdp_deflator,2,0.9,60,0.75,3.298178287590956,0.11666666666666667,0.13333333333333333
abm_all_available_common_cells,beforeit_abm_us_v1_mean,real_gdp,1,0.9,61,0.9180327868852459,10.702887613115651,0.03278688524590164,0.04918032786885246
abm_all_available_common_cells,beforeit_abm_us_v1_mean,unemployment_rate,1,0.9,61,0.3442622950819672,1.1679654534681192,0.0,0.6557377049180327
abm_all_available_common_cells,beforeit_abm_us_v1_mean,nominal_gdp,2,0.9,60,0.18333333333333332,9.76966940307788,0.016666666666666666,0.8
abm_all_available_common_cells,beforeit_abm_us_v1_mean,gdp_deflator,1,0.9,61,0.7377049180327869,2.816280907074241,0.09836065573770492,0.16393442622950818
abm_all_available_common_cells,beforeit_abm_us_v1_mean,gdp_deflator,4,0.9,58,0.7586206896551724,3.5016161794119744,0.1206896551724138,0.1206896551724138
abm_all_available_common_cells,beforeit_abm_us_v1_mean,real_gdp,2,0.9,60,0.08333333333333333,9.157256635643082,0.016666666666666666,0.9
abm_all_available_common_cells,beforeit_abm_us_v1_mean,effective_federal_funds_rate,4,0.9,58,0.5172413793103449,0.8254409039662839,0.1724137931034483,0.3103448275862069
abm_all_available_common_cells,beforeit_abm_us_v1_mean,real_gdp,4,0.9,58,0.7241379310344828,10.183362060297695,0.034482758620689655,0.2413793103448276
abm_all_available_common_cells,beforeit_abm_us_v1_mean,real_gdp,8,0.9,54,0.7962962962962963,9.850962775818322,0.037037037037037035,0.16666666666666666
abm_all_available_common_cells,beforeit_abm_us_v1_mean,unemployment_rate,4,0.9,58,0.5689655172413793,2.599803603127242,0.1724137931034483,0.25862068965517243
abm_all_available_common_cells,beforeit_abm_us_v1_mean,unemployment_rate,12,0.9,50,0.56,2.826232201533405,0.24,0.2
abm_all_available_common_cells,beforeit_abm_us_v1_mean,gdp_deflator,12,0.9,50,0.72,3.3696760591811294,0.08,0.2
abm_balanced_h12_common_cells,beforeit_abm_us_v1_mean,effective_federal_funds_rate,1,0.5,50,0.62,0.2034118929268315,0.14,0.24
abm_balanced_h12_common_cells,beforeit_abm_us_v1_mean,unemployment_rate,2,0.5,50,0.14,0.8329682365826943,0.34,0.52
abm_balanced_h12_common_cells,beforeit_abm_us_v1_mean,gdp_deflator,8,0.5,50,0.5,1.3567157481578818,0.2,0.3
abm_balanced_h12_common_cells,beforeit_abm_us_v1_mean,unemployment_rate,12,0.5,50,0.22,1.139101861993428,0.5,0.28
abm_balanced_h12_common_cells,beforeit_abm_us_v1_mean,real_gdp,2,0.5,50,0.02,3.3842740497472796,0.02,0.96
abm_balanced_h12_common_cells,beforeit_abm_us_v1_mean,effective_federal_funds_rate,2,0.5,50,0.38,0.27202017743499995,0.32,0.3
abm_balanced_h12_common_cells,beforeit_abm_us_v1_mean,nominal_gdp,8,0.5,50,0.36,4.07577761619622,0.08,0.56
abm_balanced_h12_common_cells,beforeit_abm_us_v1_mean,real_gdp,4,0.5,50,0.2,3.7494434672860595,0.04,0.76
abm_balanced_h12_common_cells,beforeit_abm_us_v1_mean,gdp_deflator,2,0.5,50,0.52,1.2524948241740752,0.2,0.28
abm_balanced_h12_common_cells,beforeit_abm_us_v1_mean,real_gdp,8,0.5,50,0.38,3.8135918520910326,0.06,0.56
abm_balanced_h12_common_cells,beforeit_abm_us_v1_mean,gdp_deflator,4,0.5,50,0.4,1.3349943624845757,0.28,0.32
abm_balanced_h12_common_cells,beforeit_abm_us_v1_mean,real_gdp,12,0.5,50,0.3,3.856843082575484,0.06,0.64
abm_balanced_h12_common_cells,beforeit_abm_us_v1_mean,nominal_gdp,1,0.5,50,0.5,4.100052441240241,0.08,0.42
abm_balanced_h12_common_cells,beforeit_abm_us_v1_mean,unemployment_rate,4,0.5,50,0.14,0.9375684556407446,0.48,0.38
abm_balanced_h12_common_cells,beforeit_abm_us_v1_mean,gdp_deflator,12,0.5,50,0.48,1.3681633187555242,0.18,0.34
abm_balanced_h12_common_cells,beforeit_abm_us_v1_mean,nominal_gdp,4,0.5,50,0.26,3.971162828785516,0.04,0.7
abm_balanced_h12_common_cells,beforeit_abm_us_v1_mean,unemployment_rate,8,0.5,50,0.18,1.059419496166484,0.5,0.32
abm_balanced_h12_common_cells,beforeit_abm_us_v1_mean,gdp_deflator,1,0.5,50,0.3,1.0745531527997656,0.34,0.36
abm_balanced_h12_common_cells,beforeit_abm_us_v1_mean,nominal_gdp,2,0.5,50,0.02,3.639528240537704,0.02,0.96
abm_balanced_h12_common_cells,beforeit_abm_us_v1_mean,nominal_gdp,12,0.5,50,0.42,4.111164683919132,0.08,0.5
abm_balanced_h12_common_cells,beforeit_abm_us_v1_mean,effective_federal_funds_rate,8,0.5,50,0.1,0.4317346287567988,0.46,0.44
abm_balanced_h12_common_cells,beforeit_abm_us_v1_mean,effective_federal_funds_rate,12,0.5,50,0.04,0.4635280887052179,0.46,0.5
abm_balanced_h12_common_cells,beforeit_abm_us_v1_mean,real_gdp,1,0.5,50,0.48,3.960119792100741,0.08,0.44
abm_balanced_h12_common_cells,beforeit_abm_us_v1_mean,effective_federal_funds_rate,4,0.5,50,0.12,0.3492517316489618,0.54,0.34
abm_balanced_h12_common_cells,beforeit_abm_us_v1_mean,unemployment_rate,1,0.5,50,0.1,0.18099671412924415,0.02,0.88
abm_balanced_h12_common_cells,beforeit_abm_us_v1_mean,unemployment_rate,12,0.8,50,0.46,2.170865279299014,0.32,0.22
abm_balanced_h12_common_cells,beforeit_abm_us_v1_mean,unemployment_rate,2,0.8,50,0.38,1.5702081051478645,0.16,0.46
abm_balanced_h12_common_cells,beforeit_abm_us_v1_mean,real_gdp,2,0.8,50,0.06,6.452169227387989,0.02,0.92
abm_balanced_h12_common_cells,beforeit_abm_us_v1_mean,gdp_deflator,2,0.8,50,0.66,2.3840404207667065,0.16,0.18
abm_balanced_h12_common_cells,beforeit_abm_us_v1_mean,gdp_deflator,8,0.8,50,0.7,2.6049170918244884,0.1,0.2
abm_balanced_h12_common_cells,beforeit_abm_us_v1_mean,effective_federal_funds_rate,1,0.8,50,0.72,0.36917103025611714,0.06,0.22
abm_balanced_h12_common_cells,beforeit_abm_us_v1_mean,effective_federal_funds_rate,2,0.8,50,0.64,0.4960136532613974,0.12,0.24
abm_balanced_h12_common_cells,beforeit_abm_us_v1_mean,real_gdp,4,0.8,50,0.5,7.228858538780569,0.04,0.46
abm_balanced_h12_common_cells,beforeit_abm_us_v1_mean,nominal_gdp,1,0.8,50,0.78,7.771267751756945,0.04,0.18
abm_balanced_h12_common_cells,beforeit_abm_us_v1_mean,nominal_gdp,8,0.8,50,0.68,7.780884332477396,0.04,0.28
abm_balanced_h12_common_cells,beforeit_abm_us_v1_mean,gdp_deflator,1,0.8,50,0.6,2.0721900423290633,0.2,0.2
abm_balanced_h12_common_cells,beforeit_abm_us_v1_mean,nominal_gdp,2,0.8,50,0.04,6.871156052401618,0.02,0.94
abm_balanced_h12_common_cells,beforeit_abm_us_v1_mean,real_gdp,1,0.8,50,0.82,7.460206807329782,0.04,0.14
abm_balanced_h12_common_cells,beforeit_abm_us_v1_mean,effective_federal_funds_rate,12,0.8,50,0.14,0.870461773789367,0.4,0.46
abm_balanced_h12_common_cells,beforeit_abm_us_v1_mean,effective_federal_funds_rate,8,0.8,50,0.2,0.8081707924324711,0.4,0.4
abm_balanced_h12_common_cells,beforeit_abm_us_v1_mean,real_gdp,12,0.8,50,0.72,7.352778333040255,0.04,0.24
abm_balanced_h12_common_cells,beforeit_abm_us_v1_mean,unemployment_rate,4,0.8,50,0.28,1.8668127053669221,0.38,0.34
abm_balanced_h12_common_cells,beforeit_abm_us_v1_mean,nominal_gdp,12,0.8,50,0.64,7.824695096325879,0.04,0.32
abm_balanced_h12_common_cells,beforeit_abm_us_v1_mean,unemployment_rate,1,0.8,50,0.18,0.6179627601314349,0.0,0.82
abm_balanced_h12_common_cells,beforeit_abm_us_v1_mean,effective_federal_funds_rate,4,0.8,50,0.48,0.6545657176532528,0.2,0.32
abm_balanced_h12_common_cells,beforeit_abm_us_v1_mean,gdp_deflator,12,0.8,50,0.68,2.6016183183465547,0.1,0.22
abm_balanced_h12_common_cells,beforeit_abm_us_v1_mean,real_gdp,8,0.8,50,0.7,7.371720656913273,0.04,0.26
abm_balanced_h12_common_cells,beforeit_abm_us_v1_mean,gdp_deflator,4,0.8,50,0.7,2.527833329598429,0.14,0.16
abm_balanced_h12_common_cells,beforeit_abm_us_v1_mean,nominal_gdp,4,0.8,50,0.52,7.66122214201766,0.04,0.44
abm_balanced_h12_common_cells,beforeit_abm_us_v1_mean,unemployment_rate,8,0.8,50,0.3,2.032420591456736,0.44,0.26
abm_balanced_h12_common_cells,beforeit_abm_us_v1_mean,nominal_gdp,4,0.9,50,0.7,9.900509928112582,0.04,0.26
abm_balanced_h12_common_cells,beforeit_abm_us_v1_mean,effective_federal_funds_rate,12,0.9,50,0.18,1.1145551940706764,0.38,0.44
abm_balanced_h12_common_cells,beforeit_abm_us_v1_mean,nominal_gdp,8,0.9,50,0.76,10.038775500605484,0.04,0.2
abm_balanced_h12_common_cells,beforeit_abm_us_v1_mean,effective_federal_funds_rate,2,0.9,50,0.7,0.6083606815701227,0.08,0.22
abm_balanced_h12_common_cells,beforeit_abm_us_v1_mean,effective_federal_funds_rate,1,0.9,50,0.8,0.44896249668420873,0.06,0.14
abm_balanced_h12_common_cells,beforeit_abm_us_v1_mean,effective_federal_funds_rate,8,0.9,50,0.32,1.0200252414808244,0.32,0.36
abm_balanced_h12_common_cells,beforeit_abm_us_v1_mean,nominal_gdp,12,0.9,50,0.7,10.03897000092248,0.04,0.26
abm_balanced_h12_common_cells,beforeit_abm_us_v1_mean,unemployment_rate,2,0.9,50,0.46,2.020536692223439,0.12,0.42
abm_balanced_h12_common_cells,beforeit_abm_us_v1_mean,unemployment_rate,8,0.9,50,0.5,2.626232201533405,0.28,0.22
abm_balanced_h12_common_cells,beforeit_abm_us_v1_mean,real_gdp,12,0.9,50,0.78,9.463231027742754,0.04,0.18
abm_balanced_h12_common_cells,beforeit_abm_us_v1_mean,gdp_deflator,8,0.9,50,0.72,3.325784419410151,0.08,0.2
abm_balanced_h12_common_cells,beforeit_abm_us_v1_mean,nominal_gdp,1,0.9,50,0.9,9.933186860893002,0.04,0.06
abm_balanced_h12_common_cells,beforeit_abm_us_v1_mean,gdp_deflator,2,0.9,50,0.7,3.0629932548382226,0.14,0.16
abm_balanced_h12_common_cells,beforeit_abm_us_v1_mean,real_gdp,1,0.9,50,0.9,9.536922101558817,0.04,0.06
abm_balanced_h12_common_cells,beforeit_abm_us_v1_mean,unemployment_rate,1,0.9,50,0.2,0.9292442497261773,0.0,0.8
abm_balanced_h12_common_cells,beforeit_abm_us_v1_mean,nominal_gdp,2,0.9,50,0.1,8.835233442780199,0.02,0.88
abm_balanced_h12_common_cells,beforeit_abm_us_v1_mean,gdp_deflator,1,0.9,50,0.68,2.6389584554869363,0.12,0.2
abm_balanced_h12_common_cells,beforeit_abm_us_v1_mean,gdp_deflator,4,0.9,50,0.72,3.2649320841242004,0.14,0.14
abm_balanced_h12_common_cells,beforeit_abm_us_v1_mean,real_gdp,2,0.9,50,0.06,8.270456885306874,0.02,0.92
abm_balanced_h12_common_cells,beforeit_abm_us_v1_mean,effective_federal_funds_rate,4,0.9,50,0.56,0.8136210722260134,0.14,0.3
abm_balanced_h12_common_cells,beforeit_abm_us_v1_mean,real_gdp,4,0.9,50,0.68,9.336955101323465,0.04,0.28
abm_balanced_h12_common_cells,beforeit_abm_us_v1_mean,real_gdp,8,0.9,50,0.78,9.433351388619204,0.04,0.18
abm_balanced_h12_common_cells,beforeit_abm_us_v1_mean,unemployment_rate,4,0.9,50,0.5,2.3844468784227812,0.2,0.3
abm_balanced_h12_common_cells,beforeit_abm_us_v1_mean,unemployment_rate,12,0.9,50,0.56,2.826232201533405,0.24,0.2
abm_balanced_h12_common_cells,beforeit_abm_us_v1_mean,gdp_deflator,12,0.9,50,0.72,3.3696760591811294,0.08,0.2
abm_pandemic_masked_common_cells,beforeit_abm_us_v1_mean,effective_federal_funds_rate,1,0.5,53,0.5283018867924528,0.20022972330222472,0.1320754716981132,0.33962264150943394
abm_pandemic_masked_common_cells,beforeit_abm_us_v1_mean,unemployment_rate,2,0.5,52,0.21153846153846154,0.8949258572752548,0.38461538461538464,0.40384615384615385
abm_pandemic_masked_common_cells,beforeit_abm_us_v1_mean,gdp_deflator,8,0.5,46,0.5434782608695652,1.450933757839285,0.1956521739130435,0.2608695652173913
abm_pandemic_masked_common_cells,beforeit_abm_us_v1_mean,unemployment_rate,12,0.5,42,0.23809523809523808,1.1692875397694673,0.5476190476190477,0.21428571428571427
abm_pandemic_masked_common_cells,beforeit_abm_us_v1_mean,real_gdp,2,0.5,52,0.0,3.624052184156739,0.0,1.0
abm_pandemic_masked_common_cells,beforeit_abm_us_v1_mean,effective_federal_funds_rate,2,0.5,52,0.34615384615384615,0.2719471959231491,0.2692307692307692,0.38461538461538464
abm_pandemic_masked_common_cells,beforeit_abm_us_v1_mean,nominal_gdp,8,0.5,46,0.43478260869565216,4.446173232368166,0.043478260869565216,0.5217391304347826
abm_pandemic_masked_common_cells,beforeit_abm_us_v1_mean,real_gdp,4,0.5,50,0.26,4.120222600135698,0.0,0.74
abm_pandemic_masked_common_cells,beforeit_abm_us_v1_mean,gdp_deflator,2,0.5,52,0.6153846153846154,1.3532639813456742,0.21153846153846154,0.17307692307692307
abm_pandemic_masked_common_cells,beforeit_abm_us_v1_mean,real_gdp,8,0.5,46,0.45652173913043476,4.166646889470603,0.021739130434782608,0.5217391304347826
abm_pandemic_masked_common_cells,beforeit_abm_us_v1_mean,gdp_deflator,4,0.5,50,0.48,1.45585462550245,0.28,0.24
abm_pandemic_masked_common_cells,beforeit_abm_us_v1_mean,real_gdp,12,0.5,42,0.35714285714285715,4.000675459891214,0.023809523809523808,0.6190476190476191
abm_pandemic_masked_common_cells,beforeit_abm_us_v1_mean,nominal_gdp,1,0.5,53,0.6226415094339622,4.367564701581299,0.03773584905660377,0.33962264150943394
abm_pandemic_masked_common_cells,beforeit_abm_us_v1_mean,unemployment_rate,4,0.5,50,0.12,1.0416210295728368,0.58,0.3
abm_pandemic_masked_common_cells,beforeit_abm_us_v1_mean,gdp_deflator,12,0.5,42,0.5476190476190477,1.394403921171271,0.19047619047619047,0.2619047619047619
abm_pandemic_masked_common_cells,beforeit_abm_us_v1_mean,nominal_gdp,4,0.5,50,0.36,4.3654176526925355,0.0,0.64
abm_pandemic_masked_common_cells,beforeit_abm_us_v1_mean,unemployment_rate,8,0.5,46,0.1956521739130435,1.1500547645125958,0.5652173913043478,0.2391304347826087
abm_pandemic_masked_common_cells,beforeit_abm_us_v1_mean,gdp_deflator,1,0.5,53,0.3018867924528302,1.1364800872549934,0.37735849056603776,0.32075471698113206
abm_pandemic_masked_common_cells,beforeit_abm_us_v1_mean,nominal_gdp,2,0.5,52,0.0,3.8827866536352085,0.0,1.0
abm_pandemic_masked_common_cells,beforeit_abm_us_v1_mean,nominal_gdp,12,0.5,42,0.5,4.258150567746607,0.047619047619047616,0.4523809523809524
abm_pandemic_masked_common_cells,beforeit_abm_us_v1_mean,effective_federal_funds_rate,8,0.5,46,0.13043478260869565,0.443418498096522,0.34782608695652173,0.5217391304347826
abm_pandemic_masked_common_cells,beforeit_abm_us_v1_mean,effective_federal_funds_rate,12,0.5,42,0.047619047619047616,0.46720903335062475,0.38095238095238093,0.5714285714285714
abm_pandemic_masked_common_cells,beforeit_abm_us_v1_mean,real_gdp,1,0.5,53,0.6415094339622641,4.205070164432748,0.03773584905660377,0.32075471698113206
abm_pandemic_masked_common_cells,beforeit_abm_us_v1_mean,effective_federal_funds_rate,4,0.5,50,0.12,0.35637837087132895,0.46,0.42
abm_pandemic_masked_common_cells,beforeit_abm_us_v1_mean,unemployment_rate,1,0.5,53,0.1509433962264151,0.2100167393415857,0.018867924528301886,0.8301886792452831
abm_pandemic_masked_common_cells,beforeit_abm_us_v1_mean,unemployment_rate,12,0.8,42,0.47619047619047616,2.2306107547071403,0.35714285714285715,0.16666666666666666
abm_pandemic_masked_common_cells,beforeit_abm_us_v1_mean,unemployment_rate,2,0.8,52,0.5,1.7004381161007673,0.1346153846153846,0.36538461538461536
abm_pandemic_masked_common_cells,beforeit_abm_us_v1_mean,real_gdp,2,0.8,52,0.057692307692307696,6.9163946837212125,0.0,0.9423076923076923
abm_pandemic_masked_common_cells,beforeit_abm_us_v1_mean,gdp_deflator,2,0.8,52,0.8076923076923077,2.5783281998471943,0.1346153846153846,0.057692307692307696
abm_pandemic_masked_common_cells,beforeit_abm_us_v1_mean,gdp_deflator,8,0.8,46,0.8043478260869565,2.780544063298859,0.08695652173913043,0.10869565217391304
abm_pandemic_masked_common_cells,beforeit_abm_us_v1_mean,effective_federal_funds_rate,1,0.8,53,0.6792452830188679,0.3681766607416472,0.05660377358490566,0.2641509433962264
abm_pandemic_masked_common_cells,beforeit_abm_us_v1_mean,effective_federal_funds_rate,2,0.8,52,0.5769230769230769,0.4999301887654432,0.09615384615384616,0.3269230769230769
abm_pandemic_masked_common_cells,beforeit_abm_us_v1_mean,real_gdp,4,0.8,50,0.64,7.9072185434646824,0.0,0.36
abm_pandemic_masked_common_cells,beforeit_abm_us_v1_mean,nominal_gdp,1,0.8,53,0.9056603773584906,8.300784075153022,0.0,0.09433962264150944
abm_pandemic_masked_common_cells,beforeit_abm_us_v1_mean,nominal_gdp,8,0.8,46,0.8260869565217391,8.463229230236998,0.0,0.17391304347826086
abm_pandemic_masked_common_cells,beforeit_abm_us_v1_mean,gdp_deflator,1,0.8,53,0.7169811320754716,2.1901101344863956,0.16981132075471697,0.11320754716981132
abm_pandemic_masked_common_cells,beforeit_abm_us_v1_mean,nominal_gdp,2,0.8,52,0.019230769230769232,7.373552100796058,0.0,0.9807692307692307
abm_pandemic_masked_common_cells,beforeit_abm_us_v1_mean,real_gdp,1,0.8,53,0.8867924528301887,8.012164199921116,0.0,0.11320754716981132
abm_pandemic_masked_common_cells,beforeit_abm_us_v1_mean,effective_federal_funds_rate,12,0.8,42,0.14285714285714285,0.8751944120628135,0.30952380952380953,0.5476190476190477
abm_pandemic_masked_common_cells,beforeit_abm_us_v1_mean,effective_federal_funds_rate,8,0.8,46,0.2608695652173913,0.8289509144067618,0.2826086956521739,0.45652173913043476
abm_pandemic_masked_common_cells,beforeit_abm_us_v1_mean,real_gdp,12,0.8,42,0.8571428571428571,7.648898080335557,0.0,0.14285714285714285
abm_pandemic_masked_common_cells,beforeit_abm_us_v1_mean,unemployment_rate,4,0.8,50,0.34,2.0399780941949617,0.4,0.26
abm_pandemic_masked_common_cells,beforeit_abm_us_v1_mean,nominal_gdp,12,0.8,42,0.7619047619047619,8.13290005330564,0.0,0.23809523809523808
abm_pandemic_masked_common_cells,beforeit_abm_us_v1_mean,unemployment_rate,1,0.8,53,0.2641509433962264,0.7149352125483065,0.0,0.7358490566037735
abm_pandemic_masked_common_cells,beforeit_abm_us_v1_mean,effective_federal_funds_rate,4,0.8,50,0.44,0.670333700238873,0.16,0.4
abm_pandemic_masked_common_cells,beforeit_abm_us_v1_mean,gdp_deflator,12,0.8,42,0.7619047619047619,2.649506874264951,0.09523809523809523,0.14285714285714285
abm_pandemic_masked_common_cells,beforeit_abm_us_v1_mean,real_gdp,8,0.8,46,0.8478260869565217,8.038751669524633,0.0,0.15217391304347827
abm_pandemic_masked_common_cells,beforeit_abm_us_v1_mean,gdp_deflator,4,0.8,50,0.82,2.7624355999291343,0.12,0.06
abm_pandemic_masked_common_cells,beforeit_abm_us_v1_mean,nominal_gdp,4,0.8,50,0.66,8.368945492215778,0.0,0.34
abm_pandemic_masked_common_cells,beforeit_abm_us_v1_mean,unemployment_rate,8,0.8,46,0.3695652173913043,2.2091528168008003,0.43478260869565216,0.1956521739130435
abm_pandemic_masked_common_cells,beforeit_abm_us_v1_mean,nominal_gdp,4,0.9,50,0.86,10.76497347001924,0.0,0.14
abm_pandemic_masked_common_cells,beforeit_abm_us_v1_mean,effective_federal_funds_rate,12,0.9,42,0.19047619047619047,1.117693018763146,0.2857142857142857,0.5238095238095238
abm_pandemic_masked_common_cells,beforeit_abm_us_v1_mean,nominal_gdp,8,0.9,46,0.9130434782608695,10.955028454063466,0.0,0.08695652173913043
abm_pandemic_masked_common_cells,beforeit_abm_us_v1_mean,effective_federal_funds_rate,2,0.9,52,0.6730769230769231,0.6190312652100964,0.057692307692307696,0.2692307692307692
abm_pandemic_masked_common_cells,beforeit_abm_us_v1_mean,effective_federal_funds_rate,1,0.9,53,0.7547169811320755,0.45334114623348204,0.05660377358490566,0.18867924528301888
abm_pandemic_masked_common_cells,beforeit_abm_us_v1_mean,effective_federal_funds_rate,8,0.9,46,0.391304347826087,1.044056286158342,0.1956521739130435,0.41304347826086957
abm_pandemic_masked_common_cells,beforeit_abm_us_v1_mean,nominal_gdp,12,0.9,42,0.8333333333333334,10.411535934484517,0.0,0.16666666666666666
abm_pandemic_masked_common_cells,beforeit_abm_us_v1_mean,unemployment_rate,2,0.9,52,0.5384615384615384,2.205272137501052,0.11538461538461539,0.34615384615384615
abm_pandemic_masked_common_cells,beforeit_abm_us_v1_mean,unemployment_rate,8,0.9,46,0.5652173913043478,2.8579337111291006,0.2608695652173913,0.17391304347826086
abm_pandemic_masked_common_cells,beforeit_abm_us_v1_mean,real_gdp,12,0.9,42,0.9047619047619048,9.840339124679437,0.0,0.09523809523809523
abm_pandemic_masked_common_cells,beforeit_abm_us_v1_mean,gdp_deflator,8,0.9,46,0.8260869565217391,3.544674214352265,0.06521739130434782,0.10869565217391304
abm_pandemic_masked_common_cells,beforeit_abm_us_v1_mean,nominal_gdp,1,0.9,53,0.9811320754716981,10.670687603125451,0.0,0.018867924528301886
abm_pandemic_masked_common_cells,beforeit_abm_us_v1_mean,gdp_deflator,2,0.9,52,0.8269230769230769,3.3223801511339435,0.11538461538461539,0.057692307692307696
abm_pandemic_masked_common_cells,beforeit_abm_us_v1_mean,real_gdp,1,0.9,53,0.9622641509433962,10.238439272000063,0.0,0.03773584905660377
abm_pandemic_masked_common_cells,beforeit_abm_us_v1_mean,unemployment_rate,1,0.9,53,0.37735849056603776,1.0731777883403246,0.0,0.6226415094339622
abm_pandemic_masked_common_cells,beforeit_abm_us_v1_mean,nominal_gdp,2,0.9,52,0.19230769230769232,9.481461440610886,0.0,0.8076923076923077
abm_pandemic_masked_common_cells,beforeit_abm_us_v1_mean,gdp_deflator,1,0.9,53,0.8113207547169812,2.79131340183654,0.09433962264150944,0.09433962264150944
abm_pandemic_masked_common_cells,beforeit_abm_us_v1_mean,gdp_deflator,4,0.9,50,0.84,3.5769511709211095,0.12,0.04
abm_pandemic_masked_common_cells,beforeit_abm_us_v1_mean,real_gdp,2,0.9,52,0.07692307692307693,8.835051794653245,0.0,0.9230769230769231
abm_pandemic_masked_common_cells,beforeit_abm_us_v1_mean,effective_federal_funds_rate,4,0.9,50,0.54,0.8382250866773853,0.1,0.36
abm_pandemic_masked_common_cells,beforeit_abm_us_v1_mean,real_gdp,4,0.9,50,0.8,10.169131973112846,0.0,0.2
abm_pandemic_masked_common_cells,beforeit_abm_us_v1_mean,real_gdp,8,0.9,46,0.9130434782608695,10.275650286288938,0.0,0.08695652173913043
abm_pandemic_masked_common_cells,beforeit_abm_us_v1_mean,unemployment_rate,4,0.9,50,0.58,2.59841182913472,0.18,0.24
abm_pandemic_masked_common_cells,beforeit_abm_us_v1_mean,unemployment_rate,12,0.9,42,0.5952380952380952,2.902845146821049,0.2619047619047619,0.14285714285714285
abm_pandemic_masked_common_cells,beforeit_abm_us_v1_mean,gdp_deflator,12,0.9,42,0.8095238095238095,3.4352872689037683,0.07142857142857142,0.11904761904761904
abm_all_available_common_cells,dsge_small_nk,effective_federal_funds_rate,1,0.5,61,0.4918032786885246,0.6660108580789397,0.3770491803278688,0.13114754098360656
abm_all_available_common_cells,dsge_small_nk,unemployment_rate,2,0.5,60,0.2833333333333333,1.3255455889253938,0.6833333333333333,0.03333333333333333
abm_all_available_common_cells,dsge_small_nk,gdp_deflator,8,0.5,54,0.4444444444444444,2.0339536164877066,0.07407407407407407,0.48148148148148145
abm_all_available_common_cells,dsge_small_nk,unemployment_rate,12,0.5,50,0.14,3.465413380267665,0.82,0.04
abm_all_available_common_cells,dsge_small_nk,real_gdp,2,0.5,60,0.45,5.99582483157142,0.05,0.5
abm_all_available_common_cells,dsge_small_nk,effective_federal_funds_rate,2,0.5,60,0.48333333333333334,0.9486323644554673,0.38333333333333336,0.13333333333333333
abm_all_available_common_cells,dsge_small_nk,nominal_gdp,8,0.5,54,0.4444444444444444,7.329309555014027,0.037037037037037035,0.5185185185185185
abm_all_available_common_cells,dsge_small_nk,real_gdp,4,0.5,58,0.4827586206896552,6.028427797951103,0.05172413793103448,0.46551724137931033
abm_all_available_common_cells,dsge_small_nk,gdp_deflator,2,0.5,60,0.48333333333333334,1.703198044310876,0.11666666666666667,0.4
abm_all_available_common_cells,dsge_small_nk,real_gdp,8,0.5,54,0.4444444444444444,6.036809673424626,0.037037037037037035,0.5185185185185185
abm_all_available_common_cells,dsge_small_nk,gdp_deflator,4,0.5,58,0.5,1.9428135885855464,0.08620689655172414,0.41379310344827586
abm_all_available_common_cells,dsge_small_nk,real_gdp,12,0.5,50,0.34,5.8760097598647025,0.04,0.62
abm_all_available_common_cells,dsge_small_nk,nominal_gdp,1,0.5,61,0.5409836065573771,6.989133428626128,0.03278688524590164,0.4262295081967213
abm_all_available_common_cells,dsge_small_nk,unemployment_rate,4,0.5,58,0.1724137931034483,1.9115467694619936,0.7586206896551724,0.06896551724137931
abm_all_available_common_cells,dsge_small_nk,gdp_deflator,12,0.5,50,0.4,2.0113747351331996,0.08,0.52
abm_all_available_common_cells,dsge_small_nk,nominal_gdp,4,0.5,58,0.5,7.270634155967418,0.034482758620689655,0.46551724137931033
abm_all_available_common_cells,dsge_small_nk,unemployment_rate,8,0.5,54,0.16666666666666666,2.7438767251150433,0.7407407407407407,0.09259259259259259
abm_all_available_common_cells,dsge_small_nk,gdp_deflator,1,0.5,61,0.4262295081967213,1.3725359416681062,0.18032786885245902,0.39344262295081966
abm_all_available_common_cells,dsge_small_nk,nominal_gdp,2,0.5,60,0.5,7.091895845412881,0.03333333333333333,0.4666666666666667
abm_all_available_common_cells,dsge_small_nk,nominal_gdp,12,0.5,50,0.34,7.234434928364463,0.04,0.62
abm_all_available_common_cells,dsge_small_nk,effective_federal_funds_rate,8,0.5,54,0.42592592592592593,1.9332416657442892,0.25925925925925924,0.3148148148148148
abm_all_available_common_cells,dsge_small_nk,effective_federal_funds_rate,12,0.5,50,0.56,2.155707723143317,0.1,0.34
abm_all_available_common_cells,dsge_small_nk,real_gdp,1,0.5,61,0.4426229508196721,6.042607764112924,0.03278688524590164,0.5245901639344263
abm_all_available_common_cells,dsge_small_nk,effective_federal_funds_rate,4,0.5,58,0.5,1.4043727506892583,0.3103448275862069,0.1896551724137931
abm_all_available_common_cells,dsge_small_nk,unemployment_rate,1,0.5,61,0.4098360655737705,0.9435040602927546,0.5737704918032787,0.01639344262295082
abm_all_available_common_cells,dsge_small_nk,unemployment_rate,12,0.8,50,0.3,6.481406804119769,0.68,0.02
abm_all_available_common_cells,dsge_small_nk,unemployment_rate,2,0.8,60,0.5166666666666667,2.5637965061764776,0.45,0.03333333333333333
abm_all_available_common_cells,dsge_small_nk,real_gdp,2,0.8,60,0.8,11.380198976804747,0.03333333333333333,0.16666666666666666
abm_all_available_common_cells,dsge_small_nk,gdp_deflator,2,0.8,60,0.75,3.2196926951039138,0.08333333333333333,0.16666666666666666
abm_all_available_common_cells,dsge_small_nk,gdp_deflator,8,0.8,54,0.7777777777777778,3.842315694449422,0.018518518518518517,0.2037037037037037
abm_all_available_common_cells,dsge_small_nk,effective_federal_funds_rate,1,0.8,61,0.8688524590163934,1.1972014246831975,0.09836065573770492,0.03278688524590164
abm_all_available_common_cells,dsge_small_nk,effective_federal_funds_rate,2,0.8,60,0.8166666666666667,1.7059798222519489,0.13333333333333333,0.05
abm_all_available_common_cells,dsge_small_nk,real_gdp,4,0.8,58,0.8103448275862069,11.443300395563105,0.034482758620689655,0.15517241379310345
abm_all_available_common_cells,dsge_small_nk,nominal_gdp,1,0.8,61,0.8360655737704918,13.35609957039431,0.01639344262295082,0.14754098360655737
abm_all_available_common_cells,dsge_small_nk,nominal_gdp,8,0.8,54,0.7962962962962963,14.082863106103893,0.018518518518518517,0.18518518518518517
abm_all_available_common_cells,dsge_small_nk,gdp_deflator,1,0.8,61,0.7540983606557377,2.6271194379455816,0.06557377049180328,0.18032786885245902
abm_all_available_common_cells,dsge_small_nk,nominal_gdp,2,0.8,60,0.8,13.404428442354698,0.016666666666666666,0.18333333333333332
abm_all_available_common_cells,dsge_small_nk,real_gdp,1,0.8,61,0.819672131147541,11.496797856192275,0.03278688524590164,0.14754098360655737
abm_all_available_common_cells,dsge_small_nk,effective_federal_funds_rate,12,0.8,50,0.82,3.3958469174408688,0.0,0.18
abm_all_available_common_cells,dsge_small_nk,effective_federal_funds_rate,8,0.8,54,0.8703703703703703,3.1945748160698635,0.0,0.12962962962962962
abm_all_available_common_cells,dsge_small_nk,real_gdp,12,0.8,50,0.84,11.239097090619204,0.02,0.14
abm_all_available_common_cells,dsge_small_nk,unemployment_rate,4,0.8,58,0.3103448275862069,3.5792090274852404,0.6206896551724138,0.06896551724137931
abm_all_available_common_cells,dsge_small_nk,nominal_gdp,12,0.8,50,0.76,13.797647089446317,0.02,0.22
abm_all_available_common_cells,dsge_small_nk,unemployment_rate,1,0.8,61,0.7377049180327869,1.8113706048934157,0.2459016393442623,0.01639344262295082
abm_all_available_common_cells,dsge_small_nk,effective_federal_funds_rate,4,0.8,58,0.8620689655172413,2.481063849211553,0.05172413793103448,0.08620689655172414
abm_all_available_common_cells,dsge_small_nk,real_gdp,8,0.8,54,0.8333333333333334,11.487160843802778,0.018518518518518517,0.14814814814814814
abm_all_available_common_cells,dsge_small_nk,gdp_deflator,12,0.8,50,0.76,3.8248978610920323,0.02,0.22
abm_all_available_common_cells,dsge_small_nk,gdp_deflator,4,0.8,58,0.8448275862068966,3.6960898852592794,0.017241379310344827,0.13793103448275862
abm_all_available_common_cells,dsge_small_nk,nominal_gdp,4,0.8,58,0.8275862068965517,13.815866704855274,0.017241379310344827,0.15517241379310345
abm_all_available_common_cells,dsge_small_nk,unemployment_rate,8,0.8,54,0.2777777777777778,5.146954113521633,0.6666666666666666,0.05555555555555555
abm_all_available_common_cells,dsge_small_nk,nominal_gdp,4,0.9,58,0.896551724137931,17.641046925105933,0.017241379310344827,0.08620689655172414
abm_all_available_common_cells,dsge_small_nk,effective_federal_funds_rate,12,0.9,50,0.86,4.0609223723463765,0.0,0.14
abm_all_available_common_cells,dsge_small_nk,nominal_gdp,8,0.9,54,0.8703703703703703,18.019008835742234,0.018518518518518517,0.1111111111111111
abm_all_available_common_cells,dsge_small_nk,effective_federal_funds_rate,2,0.9,60,0.8666666666666667,2.115802373333461,0.08333333333333333,0.05
abm_all_available_common_cells,dsge_small_nk,effective_federal_funds_rate,1,0.9,61,0.9016393442622951,1.468009687631026,0.08196721311475409,0.01639344262295082
abm_all_available_common_cells,dsge_small_nk,effective_federal_funds_rate,8,0.9,54,0.9074074074074074,3.835410630911763,0.0,0.09259259259259259
abm_all_available_common_cells,dsge_small_nk,nominal_gdp,12,0.9,50,0.86,17.749647251582143,0.02,0.12
abm_all_available_common_cells,dsge_small_nk,unemployment_rate,2,0.9,60,0.65,3.2644900542639173,0.31666666666666665,0.03333333333333333
abm_all_available_common_cells,dsge_small_nk,unemployment_rate,8,0.9,54,0.3333333333333333,6.414743937886651,0.6296296296296297,0.037037037037037035
abm_all_available_common_cells,dsge_small_nk,real_gdp,12,0.9,50,0.92,14.49913517658653,0.02,0.06
abm_all_available_common_cells,dsge_small_nk,gdp_deflator,8,0.9,54,0.8333333333333334,4.913476766187827,0.018518518518518517,0.14814814814814814
abm_all_available_common_cells,dsge_small_nk,nominal_gdp,1,0.9,61,0.9344262295081968,17.063379256115976,0.01639344262295082,0.04918032786885246
abm_all_available_common_cells,dsge_small_nk,gdp_deflator,2,0.9,60,0.8333333333333334,4.148630276448738,0.016666666666666666,0.15
abm_all_available_common_cells,dsge_small_nk,real_gdp,1,0.9,61,0.9508196721311475,14.83248121349331,0.01639344262295082,0.03278688524590164
abm_all_available_common_cells,dsge_small_nk,unemployment_rate,1,0.9,61,0.8852459016393442,2.3072750306825647,0.09836065573770492,0.01639344262295082
abm_all_available_common_cells,dsge_small_nk,nominal_gdp,2,0.9,60,0.95,17.193423969260383,0.016666666666666666,0.03333333333333333
abm_all_available_common_cells,dsge_small_nk,gdp_deflator,1,0.9,61,0.8032786885245902,3.349640906917854,0.04918032786885246,0.14754098360655737
abm_all_available_common_cells,dsge_small_nk,gdp_deflator,4,0.9,58,0.8620689655172413,4.743824944578129,0.017241379310344827,0.1206896551724138
abm_all_available_common_cells,dsge_small_nk,real_gdp,2,0.9,60,0.9333333333333333,14.610275485772988,0.016666666666666666,0.05
abm_all_available_common_cells,dsge_small_nk,effective_federal_funds_rate,4,0.9,58,0.9310344827586207,3.0349484185792637,0.017241379310344827,0.05172413793103448
abm_all_available_common_cells,dsge_small_nk,real_gdp,4,0.9,58,0.9137931034482759,14.790692002956915,0.017241379310344827,0.06896551724137931
abm_all_available_common_cells,dsge_small_nk,real_gdp,8,0.9,54,0.9259259259259259,14.809674134586814,0.018518518518518517,0.05555555555555555
abm_all_available_common_cells,dsge_small_nk,unemployment_rate,4,0.9,58,0.41379310344827586,4.493706610548761,0.5172413793103449,0.06896551724137931
abm_all_available_common_cells,dsge_small_nk,unemployment_rate,12,0.9,50,0.36,8.218998698816351,0.62,0.02
abm_all_available_common_cells,dsge_small_nk,gdp_deflator,12,0.9,50,0.8,4.890185292262277,0.0,0.2
abm_balanced_h12_common_cells,dsge_small_nk,effective_federal_funds_rate,1,0.5,50,0.44,0.6667553755095088,0.46,0.1
abm_balanced_h12_common_cells,dsge_small_nk,unemployment_rate,2,0.5,50,0.14,1.1316469359025367,0.82,0.04
abm_balanced_h12_common_cells,dsge_small_nk,gdp_deflator,8,0.5,50,0.44,1.9779881042427463,0.08,0.48
abm_balanced_h12_common_cells,dsge_small_nk,unemployment_rate,12,0.5,50,0.14,3.465413380267665,0.82,0.04
abm_balanced_h12_common_cells,dsge_small_nk,real_gdp,2,0.5,50,0.36,5.623805129402228,0.04,0.6
abm_balanced_h12_common_cells,dsge_small_nk,effective_federal_funds_rate,2,0.5,50,0.46,0.9554951279892435,0.46,0.08
abm_balanced_h12_common_cells,dsge_small_nk,nominal_gdp,8,0.5,50,0.4,7.126007453610055,0.04,0.56
abm_balanced_h12_common_cells,dsge_small_nk,real_gdp,4,0.5,50,0.42,5.711822209622113,0.04,0.54
abm_balanced_h12_common_cells,dsge_small_nk,gdp_deflator,2,0.5,50,0.42,1.608490309672912,0.14,0.44
abm_balanced_h12_common_cells,dsge_small_nk,real_gdp,8,0.5,50,0.4,5.8672599346237755,0.04,0.56
abm_balanced_h12_common_cells,dsge_small_nk,gdp_deflator,4,0.5,50,0.46,1.8550560818460984,0.1,0.44
abm_balanced_h12_common_cells,dsge_small_nk,real_gdp,12,0.5,50,0.34,5.8760097598647025,0.04,0.62
abm_balanced_h12_common_cells,dsge_small_nk,nominal_gdp,1,0.5,50,0.44,6.504328637555199,0.04,0.52
abm_balanced_h12_common_cells,dsge_small_nk,unemployment_rate,4,0.5,50,0.04,1.6731876187107784,0.88,0.08
abm_balanced_h12_common_cells,dsge_small_nk,gdp_deflator,12,0.5,50,0.4,2.0113747351331996,0.08,0.52
abm_balanced_h12_common_cells,dsge_small_nk,nominal_gdp,4,0.5,50,0.42,6.913688513829688,0.04,0.54
abm_balanced_h12_common_cells,dsge_small_nk,unemployment_rate,8,0.5,50,0.1,2.5827129499557713,0.8,0.1
abm_balanced_h12_common_cells,dsge_small_nk,gdp_deflator,1,0.5,50,0.44,1.3080112966451518,0.16,0.4
abm_balanced_h12_common_cells,dsge_small_nk,nominal_gdp,2,0.5,50,0.4,6.643352704404275,0.04,0.56
abm_balanced_h12_common_cells,dsge_small_nk,nominal_gdp,12,0.5,50,0.34,7.234434928364463,0.04,0.62
abm_balanced_h12_common_cells,dsge_small_nk,effective_federal_funds_rate,8,0.5,50,0.42,1.9241055132649678,0.28,0.3
abm_balanced_h12_common_cells,dsge_small_nk,effective_federal_funds_rate,12,0.5,50,0.56,2.155707723143317,0.1,0.34
abm_balanced_h12_common_cells,dsge_small_nk,real_gdp,1,0.5,50,0.32,5.599962282549945,0.04,0.64
abm_balanced_h12_common_cells,dsge_small_nk,effective_federal_funds_rate,4,0.5,50,0.48,1.4043438580327903,0.36,0.16
abm_balanced_h12_common_cells,dsge_small_nk,unemployment_rate,1,0.5,50,0.28,0.7863892048475017,0.7,0.02
abm_balanced_h12_common_cells,dsge_small_nk,unemployment_rate,12,0.8,50,0.3,6.481406804119769,0.68,0.02
abm_balanced_h12_common_cells,dsge_small_nk,unemployment_rate,2,0.8,50,0.42,2.183861108346947,0.54,0.04
abm_balanced_h12_common_cells,dsge_small_nk,real_gdp,2,0.8,50,0.76,10.672622943051506,0.04,0.2
abm_balanced_h12_common_cells,dsge_small_nk,gdp_deflator,2,0.8,50,0.7,3.0465080505992024,0.1,0.2
abm_balanced_h12_common_cells,dsge_small_nk,gdp_deflator,8,0.8,50,0.76,3.7381160000149154,0.02,0.22
abm_balanced_h12_common_cells,dsge_small_nk,effective_federal_funds_rate,1,0.8,50,0.86,1.1867610305536804,0.12,0.02
abm_balanced_h12_common_cells,dsge_small_nk,effective_federal_funds_rate,2,0.8,50,0.8,1.7010166841570704,0.16,0.04
abm_balanced_h12_common_cells,dsge_small_nk,real_gdp,4,0.8,50,0.78,10.824305929659353,0.04,0.18
abm_balanced_h12_common_cells,dsge_small_nk,nominal_gdp,1,0.8,50,0.8,12.470517452916106,0.02,0.18
abm_balanced_h12_common_cells,dsge_small_nk,nominal_gdp,8,0.8,50,0.78,13.668636334373083,0.02,0.2
abm_balanced_h12_common_cells,dsge_small_nk,gdp_deflator,1,0.8,50,0.74,2.488803816466604,0.08,0.18
abm_balanced_h12_common_cells,dsge_small_nk,nominal_gdp,2,0.8,50,0.76,12.583013323304336,0.02,0.22
abm_balanced_h12_common_cells,dsge_small_nk,real_gdp,1,0.8,50,0.78,10.746390424767679,0.04,0.18
abm_balanced_h12_common_cells,dsge_small_nk,effective_federal_funds_rate,12,0.8,50,0.82,3.3958469174408688,0.0,0.18
abm_balanced_h12_common_cells,dsge_small_nk,effective_federal_funds_rate,8,0.8,50,0.86,3.1585024899850342,0.0,0.14
abm_balanced_h12_common_cells,dsge_small_nk,real_gdp,12,0.8,50,0.84,11.239097090619204,0.02,0.14
abm_balanced_h12_common_cells,dsge_small_nk,unemployment_rate,4,0.8,50,0.2,3.157000034919141,0.72,0.08
abm_balanced_h12_common_cells,dsge_small_nk,nominal_gdp,12,0.8,50,0.76,13.797647089446317,0.02,0.22
abm_balanced_h12_common_cells,dsge_small_nk,unemployment_rate,1,0.8,50,0.68,1.5153441976028614,0.3,0.02
abm_balanced_h12_common_cells,dsge_small_nk,effective_federal_funds_rate,4,0.8,50,0.88,2.466324891027019,0.06,0.06
abm_balanced_h12_common_cells,dsge_small_nk,real_gdp,8,0.8,50,0.82,11.148202596233034,0.02,0.16
abm_balanced_h12_common_cells,dsge_small_nk,gdp_deflator,12,0.8,50,0.76,3.8248978610920323,0.02,0.22
abm_balanced_h12_common_cells,dsge_small_nk,gdp_deflator,4,0.8,50,0.82,3.530717169205418,0.02,0.16
abm_balanced_h12_common_cells,dsge_small_nk,nominal_gdp,4,0.8,50,0.8,13.124554217468134,0.02,0.18
abm_balanced_h12_common_cells,dsge_small_nk,unemployment_rate,8,0.8,50,0.22,4.890429378520341,0.72,0.06
abm_balanced_h12_common_cells,dsge_small_nk,nominal_gdp,4,0.9,50,0.88,16.7337173854877,0.02,0.1
abm_balanced_h12_common_cells,dsge_small_nk,effective_federal_funds_rate,12,0.9,50,0.86,4.0609223723463765,0.0,0.14
abm_balanced_h12_common_cells,dsge_small_nk,nominal_gdp,8,0.9,50,0.86,17.492879534156664,0.02,0.12
abm_balanced_h12_common_cells,dsge_small_nk,effective_federal_funds_rate,2,0.9,50,0.86,2.0887846531964462,0.1,0.04
abm_balanced_h12_common_cells,dsge_small_nk,effective_federal_funds_rate,1,0.9,50,0.88,1.4452474899972967,0.1,0.02
abm_balanced_h12_common_cells,dsge_small_nk,effective_federal_funds_rate,8,0.9,50,0.9,3.7730900039820594,0.0,0.1
abm_balanced_h12_common_cells,dsge_small_nk,nominal_gdp,12,0.9,50,0.86,17.749647251582143,0.02,0.12
abm_balanced_h12_common_cells,dsge_small_nk,unemployment_rate,2,0.9,50,0.58,2.773674072222672,0.38,0.04
abm_balanced_h12_common_cells,dsge_small_nk,unemployment_rate,8,0.9,50,0.28,6.1504389023188395,0.68,0.04
abm_balanced_h12_common_cells,dsge_small_nk,real_gdp,12,0.9,50,0.92,14.49913517658653,0.02,0.06
abm_balanced_h12_common_cells,dsge_small_nk,gdp_deflator,8,0.9,50,0.82,4.780258434329971,0.02,0.16
abm_balanced_h12_common_cells,dsge_small_nk,nominal_gdp,1,0.9,50,0.92,15.92307354187803,0.02,0.06
abm_balanced_h12_common_cells,dsge_small_nk,gdp_deflator,2,0.9,50,0.8,3.940878956080102,0.02,0.18
abm_balanced_h12_common_cells,dsge_small_nk,real_gdp,1,0.9,50,0.94,13.834114295204976,0.02,0.04
abm_balanced_h12_common_cells,dsge_small_nk,unemployment_rate,1,0.9,50,0.86,1.9389424271050146,0.12,0.02
abm_balanced_h12_common_cells,dsge_small_nk,nominal_gdp,2,0.9,50,0.94,16.070163072030358,0.02,0.04
abm_balanced_h12_common_cells,dsge_small_nk,gdp_deflator,1,0.9,50,0.76,3.1705119296552375,0.06,0.18
abm_balanced_h12_common_cells,dsge_small_nk,gdp_deflator,4,0.9,50,0.84,4.529031075956161,0.02,0.14
abm_balanced_h12_common_cells,dsge_small_nk,real_gdp,2,0.9,50,0.92,13.618101276144909,0.02,0.06
abm_balanced_h12_common_cells,dsge_small_nk,effective_federal_funds_rate,4,0.9,50,0.92,2.9985437670567996,0.02,0.06
abm_balanced_h12_common_cells,dsge_small_nk,real_gdp,4,0.9,50,0.9,14.013097521920622,0.02,0.08
abm_balanced_h12_common_cells,dsge_small_nk,real_gdp,8,0.9,50,0.92,14.397572730059627,0.02,0.06
abm_balanced_h12_common_cells,dsge_small_nk,unemployment_rate,4,0.9,50,0.32,4.040003995991166,0.6,0.08
abm_balanced_h12_common_cells,dsge_small_nk,unemployment_rate,12,0.9,50,0.36,8.218998698816351,0.62,0.02
abm_balanced_h12_common_cells,dsge_small_nk,gdp_deflator,12,0.9,50,0.8,4.890185292262277,0.0,0.2
abm_pandemic_masked_common_cells,dsge_small_nk,effective_federal_funds_rate,1,0.5,53,0.5660377358490566,0.6790757629651024,0.3018867924528302,0.1320754716981132
abm_pandemic_masked_common_cells,dsge_small_nk,unemployment_rate,2,0.5,52,0.3076923076923077,1.2537041391746135,0.6923076923076923,0.0
abm_pandemic_masked_common_cells,dsge_small_nk,gdp_deflator,8,0.5,46,0.5,2.044780856809922,0.06521739130434782,0.43478260869565216
abm_pandemic_masked_common_cells,dsge_small_nk,unemployment_rate,12,0.5,42,0.07142857142857142,3.658975713375286,0.9285714285714286,0.0
abm_pandemic_masked_common_cells,dsge_small_nk,real_gdp,2,0.5,52,0.5192307692307693,5.896180126151784,0.019230769230769232,0.46153846153846156
abm_pandemic_masked_common_cells,dsge_small_nk,effective_federal_funds_rate,2,0.5,52,0.5576923076923077,0.9609443095606678,0.3076923076923077,0.1346153846153846
abm_pandemic_masked_common_cells,dsge_small_nk,nominal_gdp,8,0.5,46,0.5217391304347826,7.492889552664142,0.0,0.4782608695652174
abm_pandemic_masked_common_cells,dsge_small_nk,real_gdp,4,0.5,50,0.56,6.041746367032662,0.02,0.42
abm_pandemic_masked_common_cells,dsge_small_nk,gdp_deflator,2,0.5,52,0.5384615384615384,1.7006749308936926,0.11538461538461539,0.34615384615384615
abm_pandemic_masked_common_cells,dsge_small_nk,real_gdp,8,0.5,46,0.5217391304347826,6.188068373920775,0.0,0.4782608695652174
abm_pandemic_masked_common_cells,dsge_small_nk,gdp_deflator,4,0.5,50,0.56,1.9569193299880843,0.08,0.36
abm_pandemic_masked_common_cells,dsge_small_nk,real_gdp,12,0.5,42,0.40476190476190477,5.98817653281467,0.0,0.5952380952380952
abm_pandemic_masked_common_cells,dsge_small_nk,nominal_gdp,1,0.5,53,0.6226415094339622,6.825427588594889,0.0,0.37735849056603776
abm_pandemic_masked_common_cells,dsge_small_nk,unemployment_rate,4,0.5,50,0.2,1.8742340810350053,0.8,0.0
abm_pandemic_masked_common_cells,dsge_small_nk,gdp_deflator,12,0.5,42,0.47619047619047616,2.006726314969441,0.07142857142857142,0.4523809523809524
abm_pandemic_masked_common_cells,dsge_small_nk,nominal_gdp,4,0.5,50,0.58,7.320768176900299,0.0,0.42
abm_pandemic_masked_common_cells,dsge_small_nk,unemployment_rate,8,0.5,46,0.15217391304347827,2.914470039393422,0.8478260869565217,0.0
abm_pandemic_masked_common_cells,dsge_small_nk,gdp_deflator,1,0.5,53,0.4716981132075472,1.367132995609546,0.18867924528301888,0.33962264150943394
abm_pandemic_masked_common_cells,dsge_small_nk,nominal_gdp,2,0.5,52,0.5769230769230769,6.9809760215273835,0.0,0.4230769230769231
abm_pandemic_masked_common_cells,dsge_small_nk,nominal_gdp,12,0.5,42,0.40476190476190477,7.339745914057699,0.0,0.5952380952380952
abm_pandemic_masked_common_cells,dsge_small_nk,effective_federal_funds_rate,8,0.5,46,0.45652173913043476,1.9183076525915121,0.17391304347826086,0.3695652173913043
abm_pandemic_masked_common_cells,dsge_small_nk,effective_federal_funds_rate,12,0.5,42,0.47619047619047616,2.151962460375466,0.11904761904761904,0.40476190476190477
abm_pandemic_masked_common_cells,dsge_small_nk,real_gdp,1,0.5,53,0.5094339622641509,5.901275128651009,0.0,0.49056603773584906
abm_pandemic_masked_common_cells,dsge_small_nk,effective_federal_funds_rate,4,0.5,50,0.54,1.419582935046551,0.26,0.2
abm_pandemic_masked_common_cells,dsge_small_nk,unemployment_rate,1,0.5,53,0.4528301886792453,0.877386874850178,0.5471698113207547,0.0
abm_pandemic_masked_common_cells,dsge_small_nk,unemployment_rate,12,0.8,42,0.21428571428571427,6.834016927637315,0.7857142857142857,0.0
abm_pandemic_masked_common_cells,dsge_small_nk,unemployment_rate,2,0.8,52,0.5769230769230769,2.4184002485430973,0.4230769230769231,0.0
abm_pandemic_masked_common_cells,dsge_small_nk,real_gdp,2,0.8,52,0.8653846153846154,11.145577398311026,0.0,0.1346153846153846
abm_pandemic_masked_common_cells,dsge_small_nk,gdp_deflator,2,0.8,52,0.8461538461538461,3.2214613763144926,0.07692307692307693,0.07692307692307693
abm_pandemic_masked_common_cells,dsge_small_nk,gdp_deflator,8,0.8,46,0.8695652173913043,3.8671640899629964,0.0,0.13043478260869565
abm_pandemic_masked_common_cells,dsge_small_nk,effective_federal_funds_rate,1,0.8,53,0.9433962264150944,1.2130778210195718,0.018867924528301886,0.03773584905660377
abm_pandemic_masked_common_cells,dsge_small_nk,effective_federal_funds_rate,2,0.8,52,0.8846153846153846,1.7195425539453344,0.057692307692307696,0.057692307692307696
abm_pandemic_masked_common_cells,dsge_small_nk,real_gdp,4,0.8,50,0.9,11.46506735918961,0.0,0.1
abm_pandemic_masked_common_cells,dsge_small_nk,nominal_gdp,1,0.8,53,0.9056603773584906,12.995548195011134,0.0,0.09433962264150944
abm_pandemic_masked_common_cells,dsge_small_nk,nominal_gdp,8,0.8,46,0.8913043478260869,14.402322879989434,0.0,0.10869565217391304
abm_pandemic_masked_common_cells,dsge_small_nk,gdp_deflator,1,0.8,53,0.8113207547169812,2.6191909888334566,0.05660377358490566,0.1320754716981132
abm_pandemic_masked_common_cells,dsge_small_nk,nominal_gdp,2,0.8,52,0.8846153846153846,13.180644020192075,0.0,0.11538461538461539
abm_pandemic_masked_common_cells,dsge_small_nk,real_gdp,1,0.8,53,0.8867924528301887,11.143209923344262,0.0,0.11320754716981132
abm_pandemic_masked_common_cells,dsge_small_nk,effective_federal_funds_rate,12,0.8,42,0.7857142857142857,3.424700895463001,0.0,0.21428571428571427
abm_pandemic_masked_common_cells,dsge_small_nk,effective_federal_funds_rate,8,0.8,46,0.8478260869565217,3.1741074670458373,0.0,0.15217391304347827
abm_pandemic_masked_common_cells,dsge_small_nk,real_gdp,12,0.8,42,0.9285714285714286,11.4725223899207,0.0,0.07142857142857142
abm_pandemic_masked_common_cells,dsge_small_nk,unemployment_rate,4,0.8,50,0.34,3.532325873999132,0.66,0.0
abm_pandemic_masked_common_cells,dsge_small_nk,nominal_gdp,12,0.8,42,0.8809523809523809,14.023795786892576,0.0,0.11904761904761904
abm_pandemic_masked_common_cells,dsge_small_nk,unemployment_rate,1,0.8,53,0.7547169811320755,1.6792534379784145,0.24528301886792453,0.0
abm_pandemic_masked_common_cells,dsge_small_nk,effective_federal_funds_rate,4,0.8,50,0.88,2.4903094547828957,0.02,0.1
abm_pandemic_masked_common_cells,dsge_small_nk,real_gdp,8,0.8,46,0.9130434782608695,11.81911773092307,0.0,0.08695652173913043
abm_pandemic_masked_common_cells,dsge_small_nk,gdp_deflator,12,0.8,42,0.8571428571428571,3.8193398481244833,0.0,0.14285714285714285
abm_pandemic_masked_common_cells,dsge_small_nk,gdp_deflator,4,0.8,50,0.94,3.725122646263048,0.0,0.06
abm_pandemic_masked_common_cells,dsge_small_nk,nominal_gdp,4,0.8,50,0.94,13.889960319137755,0.0,0.06
abm_pandemic_masked_common_cells,dsge_small_nk,unemployment_rate,8,0.8,46,0.21739130434782608,5.454022096995878,0.782608695652174,0.0
abm_pandemic_masked_common_cells,dsge_small_nk,nominal_gdp,4,0.9,50,0.98,17.70384334327466,0.0,0.02
abm_pandemic_masked_common_cells,dsge_small_nk,effective_federal_funds_rate,12,0.9,42,0.8333333333333334,4.08776880557905,0.0,0.16666666666666666
abm_pandemic_masked_common_cells,dsge_small_nk,nominal_gdp,8,0.9,46,0.9782608695652174,18.442959889386692,0.0,0.021739130434782608
abm_pandemic_masked_common_cells,dsge_small_nk,effective_federal_funds_rate,2,0.9,52,0.9230769230769231,2.121698156603699,0.019230769230769232,0.057692307692307696
abm_pandemic_masked_common_cells,dsge_small_nk,effective_federal_funds_rate,1,0.9,53,0.9622641509433962,1.4821237282263002,0.018867924528301886,0.018867924528301886
abm_pandemic_masked_common_cells,dsge_small_nk,effective_federal_funds_rate,8,0.9,46,0.8913043478260869,3.830016686028035,0.0,0.10869565217391304
abm_pandemic_masked_common_cells,dsge_small_nk,nominal_gdp,12,0.9,42,0.9761904761904762,18.019364135167027,0.0,0.023809523809523808
abm_pandemic_masked_common_cells,dsge_small_nk,unemployment_rate,2,0.9,52,0.6730769230769231,3.0902187205809675,0.3269230769230769,0.0
abm_pandemic_masked_common_cells,dsge_small_nk,unemployment_rate,8,0.9,46,0.2608695652173913,6.785829772204804,0.7391304347826086,0.0
abm_pandemic_masked_common_cells,dsge_small_nk,real_gdp,12,0.9,42,1.0,14.799168078210991,0.0,0.0
abm_pandemic_masked_common_cells,dsge_small_nk,gdp_deflator,8,0.9,46,0.9130434782608695,4.938476474617368,0.0,0.08695652173913043
abm_pandemic_masked_common_cells,dsge_small_nk,nominal_gdp,1,0.9,53,0.9811320754716981,16.606301950347028,0.0,0.018867924528301886
abm_pandemic_masked_common_cells,dsge_small_nk,gdp_deflator,2,0.9,52,0.9423076923076923,4.14084871365725,0.0,0.057692307692307696
abm_pandemic_masked_common_cells,dsge_small_nk,real_gdp,1,0.9,53,0.9811320754716981,14.386574995860142,0.0,0.018867924528301886
abm_pandemic_masked_common_cells,dsge_small_nk,unemployment_rate,1,0.9,53,0.9245283018867925,2.13728477144007,0.07547169811320754,0.0
abm_pandemic_masked_common_cells,dsge_small_nk,nominal_gdp,2,0.9,52,1.0,16.917342382279486,0.0,0.0
abm_pandemic_masked_common_cells,dsge_small_nk,gdp_deflator,1,0.9,53,0.8679245283018868,3.337543853488966,0.03773584905660377,0.09433962264150944
abm_pandemic_masked_common_cells,dsge_small_nk,gdp_deflator,4,0.9,50,0.96,4.781988267839238,0.0,0.04
abm_pandemic_masked_common_cells,dsge_small_nk,real_gdp,2,0.9,52,0.9615384615384616,14.315794658470299,0.0,0.038461538461538464
abm_pandemic_masked_common_cells,dsge_small_nk,effective_federal_funds_rate,4,0.9,50,0.94,3.0450444316926535,0.0,0.06
abm_pandemic_masked_common_cells,dsge_small_nk,real_gdp,4,0.9,50,0.96,14.796262041078451,0.0,0.04
abm_pandemic_masked_common_cells,dsge_small_nk,real_gdp,8,0.9,46,1.0,15.186681758167447,0.0,0.0
abm_pandemic_masked_common_cells,dsge_small_nk,unemployment_rate,4,0.9,50,0.46,4.419186773495378,0.54,0.0
abm_pandemic_masked_common_cells,dsge_small_nk,unemployment_rate,12,0.9,42,0.2857142857142857,8.674669888372756,0.7142857142857143,0.0
abm_pandemic_masked_common_cells,dsge_small_nk,gdp_deflator,12,0.9,42,0.8809523809523809,4.875384385548092,0.0,0.11904761904761904
abm_all_available_common_cells,dsge_sw07,effective_federal_funds_rate,1,0.5,61,0.6557377049180327,1.1262604245900152,0.3114754098360656,0.03278688524590164
abm_all_available_common_cells,dsge_sw07,unemployment_rate,2,0.5,60,0.8333333333333334,1.3016766916449132,0.1,0.06666666666666667
abm_all_available_common_cells,dsge_sw07,gdp_deflator,8,0.5,54,0.6481481481481481,2.5174477032976768,0.1111111111111111,0.24074074074074073
abm_all_available_common_cells,dsge_sw07,unemployment_rate,12,0.5,50,0.7,3.1573003507853508,0.18,0.12
abm_all_available_common_cells,dsge_sw07,real_gdp,2,0.5,60,0.6333333333333333,5.461978417870375,0.26666666666666666,0.1
abm_all_available_common_cells,dsge_sw07,effective_federal_funds_rate,2,0.5,60,0.43333333333333335,1.675041151878352,0.5,0.06666666666666667
abm_all_available_common_cells,dsge_sw07,nominal_gdp,8,0.5,54,0.6481481481481481,5.837858377743148,0.2222222222222222,0.12962962962962962
abm_all_available_common_cells,dsge_sw07,real_gdp,4,0.5,58,0.603448275862069,5.593278542078113,0.27586206896551724,0.1206896551724138
abm_all_available_common_cells,dsge_sw07,gdp_deflator,2,0.5,60,0.5,1.8099596514869234,0.15,0.35
abm_all_available_common_cells,dsge_sw07,real_gdp,8,0.5,54,0.6851851851851852,5.588817848644796,0.2222222222222222,0.09259259259259259
abm_all_available_common_cells,dsge_sw07,gdp_deflator,4,0.5,58,0.6206896551724138,2.2183652992204044,0.06896551724137931,0.3103448275862069
abm_all_available_common_cells,dsge_sw07,real_gdp,12,0.5,50,0.76,5.54277717241519,0.16,0.08
abm_all_available_common_cells,dsge_sw07,nominal_gdp,1,0.5,61,0.6885245901639344,5.371425631747828,0.2459016393442623,0.06557377049180328
abm_all_available_common_cells,dsge_sw07,unemployment_rate,4,0.5,58,0.7931034482758621,1.9962065062327925,0.1206896551724138,0.08620689655172414
abm_all_available_common_cells,dsge_sw07,gdp_deflator,12,0.5,50,0.7,2.6008874834264373,0.1,0.2
abm_all_available_common_cells,dsge_sw07,nominal_gdp,4,0.5,58,0.6206896551724138,5.918496664071055,0.22413793103448276,0.15517241379310345
abm_all_available_common_cells,dsge_sw07,unemployment_rate,8,0.5,54,0.7407407407407407,2.7935340483104927,0.12962962962962962,0.12962962962962962
abm_all_available_common_cells,dsge_sw07,gdp_deflator,1,0.5,61,0.4918032786885246,1.4243110995921244,0.19672131147540983,0.3114754098360656
abm_all_available_common_cells,dsge_sw07,nominal_gdp,2,0.5,60,0.65,5.789464075385734,0.23333333333333334,0.11666666666666667
abm_all_available_common_cells,dsge_sw07,nominal_gdp,12,0.5,50,0.66,5.690303715237573,0.18,0.16
abm_all_available_common_cells,dsge_sw07,effective_federal_funds_rate,8,0.5,54,0.3333333333333333,2.936038179975176,0.6296296296296297,0.037037037037037035
abm_all_available_common_cells,dsge_sw07,effective_federal_funds_rate,12,0.5,50,0.34,3.1795184517660786,0.64,0.02
abm_all_available_common_cells,dsge_sw07,real_gdp,1,0.5,61,0.6557377049180327,5.1108054001925565,0.26229508196721313,0.08196721311475409
abm_all_available_common_cells,dsge_sw07,effective_federal_funds_rate,4,0.5,58,0.39655172413793105,2.3165323450181856,0.5344827586206896,0.06896551724137931
abm_all_available_common_cells,dsge_sw07,unemployment_rate,1,0.5,61,0.8852459016393442,0.840405481788128,0.08196721311475409,0.03278688524590164
abm_all_available_common_cells,dsge_sw07,unemployment_rate,12,0.8,50,0.86,5.945954242646003,0.02,0.12
abm_all_available_common_cells,dsge_sw07,unemployment_rate,2,0.8,60,0.9333333333333333,2.4534792524670967,0.03333333333333333,0.03333333333333333
abm_all_available_common_cells,dsge_sw07,real_gdp,2,0.8,60,0.8666666666666667,10.273227707045752,0.1,0.03333333333333333
abm_all_available_common_cells,dsge_sw07,gdp_deflator,2,0.8,60,0.8166666666666667,3.446987661558099,0.05,0.13333333333333333
abm_all_available_common_cells,dsge_sw07,gdp_deflator,8,0.8,54,0.8703703703703703,4.753803835578269,0.018518518518518517,0.1111111111111111
abm_all_available_common_cells,dsge_sw07,effective_federal_funds_rate,1,0.8,61,0.9508196721311475,1.9773494693414,0.03278688524590164,0.01639344262295082
abm_all_available_common_cells,dsge_sw07,effective_federal_funds_rate,2,0.8,60,0.85,3.0100998869752633,0.13333333333333333,0.016666666666666666
abm_all_available_common_cells,dsge_sw07,real_gdp,4,0.8,58,0.9137931034482759,10.562403227431872,0.06896551724137931,0.017241379310344827
abm_all_available_common_cells,dsge_sw07,nominal_gdp,1,0.8,61,0.8360655737704918,10.225668523381069,0.13114754098360656,0.03278688524590164
abm_all_available_common_cells,dsge_sw07,nominal_gdp,8,0.8,54,0.8333333333333334,11.03653663472145,0.07407407407407407,0.09259259259259259
abm_all_available_common_cells,dsge_sw07,gdp_deflator,1,0.8,61,0.7540983606557377,2.7023769820092673,0.04918032786885246,0.19672131147540983
abm_all_available_common_cells,dsge_sw07,nominal_gdp,2,0.8,60,0.85,10.937440536639645,0.1,0.05
abm_all_available_common_cells,dsge_sw07,real_gdp,1,0.8,61,0.8524590163934426,9.701685502478854,0.11475409836065574,0.03278688524590164
abm_all_available_common_cells,dsge_sw07,effective_federal_funds_rate,12,0.8,50,0.46,6.016637765581457,0.52,0.02
abm_all_available_common_cells,dsge_sw07,effective_federal_funds_rate,8,0.8,54,0.5740740740740741,5.563324257462612,0.42592592592592593,0.0
abm_all_available_common_cells,dsge_sw07,real_gdp,12,0.8,50,0.92,10.55386301464491,0.06,0.02
abm_all_available_common_cells,dsge_sw07,unemployment_rate,4,0.8,58,0.8793103448275862,3.7199030202939176,0.05172413793103448,0.06896551724137931
abm_all_available_common_cells,dsge_sw07,nominal_gdp,12,0.8,50,0.82,10.772719872573294,0.08,0.1
abm_all_available_common_cells,dsge_sw07,unemployment_rate,1,0.8,61,0.9508196721311475,1.6015223018269882,0.03278688524590164,0.01639344262295082
abm_all_available_common_cells,dsge_sw07,effective_federal_funds_rate,4,0.8,58,0.6896551724137931,4.308657103330823,0.29310344827586204,0.017241379310344827
abm_all_available_common_cells,dsge_sw07,real_gdp,8,0.8,54,0.9259259259259259,10.641690232993424,0.05555555555555555,0.018518518518518517
abm_all_available_common_cells,dsge_sw07,gdp_deflator,12,0.8,50,0.84,4.926181237240996,0.02,0.14
abm_all_available_common_cells,dsge_sw07,gdp_deflator,4,0.8,58,0.8448275862068966,4.222983111111462,0.034482758620689655,0.1206896551724138
abm_all_available_common_cells,dsge_sw07,nominal_gdp,4,0.8,58,0.8620689655172413,11.243616391694404,0.06896551724137931,0.06896551724137931
abm_all_available_common_cells,dsge_sw07,unemployment_rate,8,0.8,54,0.8703703703703703,5.234608909044261,0.018518518518518517,0.1111111111111111
abm_all_available_common_cells,dsge_sw07,nominal_gdp,4,0.9,58,0.9137931034482759,14.390155861958439,0.034482758620689655,0.05172413793103448
abm_all_available_common_cells,dsge_sw07,effective_federal_funds_rate,12,0.9,50,0.74,7.511007916915482,0.26,0.0
abm_all_available_common_cells,dsge_sw07,nominal_gdp,8,0.9,54,0.9074074074074074,14.162871102805605,0.037037037037037035,0.05555555555555555
abm_all_available_common_cells,dsge_sw07,effective_federal_funds_rate,2,0.9,60,0.9666666666666667,3.6772288113315543,0.016666666666666666,0.016666666666666666
abm_all_available_common_cells,dsge_sw07,effective_federal_funds_rate,1,0.9,61,0.9672131147540983,2.435852259677424,0.01639344262295082,0.01639344262295082
abm_all_available_common_cells,dsge_sw07,effective_federal_funds_rate,8,0.9,54,0.8703703703703703,6.8524792281386375,0.12962962962962962,0.0
abm_all_available_common_cells,dsge_sw07,nominal_gdp,12,0.9,50,0.88,13.793127769283508,0.04,0.08
abm_all_available_common_cells,dsge_sw07,unemployment_rate,2,0.9,60,0.95,3.1262541428454487,0.016666666666666666,0.03333333333333333
abm_all_available_common_cells,dsge_sw07,unemployment_rate,8,0.9,54,0.8703703703703703,6.58529117267008,0.018518518518518517,0.1111111111111111
abm_all_available_common_cells,dsge_sw07,real_gdp,12,0.9,50,0.94,13.343332084925523,0.04,0.02
abm_all_available_common_cells,dsge_sw07,gdp_deflator,8,0.9,54,0.8888888888888888,6.110844843265574,0.018518518518518517,0.09259259259259259
abm_all_available_common_cells,dsge_sw07,nominal_gdp,1,0.9,61,0.9016393442622951,13.081804667326033,0.06557377049180328,0.03278688524590164
abm_all_available_common_cells,dsge_sw07,gdp_deflator,2,0.9,60,0.8833333333333333,4.441980326955465,0.016666666666666666,0.1
abm_all_available_common_cells,dsge_sw07,real_gdp,1,0.9,61,0.9180327868852459,12.427463238037015,0.06557377049180328,0.01639344262295082
abm_all_available_common_cells,dsge_sw07,unemployment_rate,1,0.9,61,0.9672131147540983,2.042668518059147,0.01639344262295082,0.01639344262295082
abm_all_available_common_cells,dsge_sw07,nominal_gdp,2,0.9,60,0.9166666666666666,14.090842527539753,0.05,0.03333333333333333
abm_all_available_common_cells,dsge_sw07,gdp_deflator,1,0.9,61,0.8524590163934426,3.4537360747658665,0.03278688524590164,0.11475409836065574
abm_all_available_common_cells,dsge_sw07,gdp_deflator,4,0.9,58,0.8793103448275862,5.426306796740834,0.017241379310344827,0.10344827586206896
abm_all_available_common_cells,dsge_sw07,real_gdp,2,0.9,60,0.9333333333333333,13.209303016060451,0.05,0.016666666666666666
abm_all_available_common_cells,dsge_sw07,effective_federal_funds_rate,4,0.9,58,0.8620689655172413,5.2414151984386335,0.1206896551724138,0.017241379310344827
abm_all_available_common_cells,dsge_sw07,real_gdp,4,0.9,58,0.9310344827586207,13.621705170576897,0.05172413793103448,0.017241379310344827
abm_all_available_common_cells,dsge_sw07,real_gdp,8,0.9,54,0.9444444444444444,13.615570849998655,0.037037037037037035,0.018518518518518517
abm_all_available_common_cells,dsge_sw07,unemployment_rate,4,0.9,58,0.9137931034482759,4.702260812531202,0.017241379310344827,0.06896551724137931
abm_all_available_common_cells,dsge_sw07,unemployment_rate,12,0.9,50,0.92,7.523891004041142,0.0,0.08
abm_all_available_common_cells,dsge_sw07,gdp_deflator,12,0.9,50,0.88,6.339499886350882,0.02,0.1
abm_balanced_h12_common_cells,dsge_sw07,effective_federal_funds_rate,1,0.5,50,0.58,1.1192218680498873,0.38,0.04
abm_balanced_h12_common_cells,dsge_sw07,unemployment_rate,2,0.5,50,0.8,1.0879964654795982,0.12,0.08
abm_balanced_h12_common_cells,dsge_sw07,gdp_deflator,8,0.5,50,0.66,2.4781294978263837,0.12,0.22
abm_balanced_h12_common_cells,dsge_sw07,unemployment_rate,12,0.5,50,0.7,3.1573003507853508,0.18,0.12
abm_balanced_h12_common_cells,dsge_sw07,real_gdp,2,0.5,50,0.58,5.163252977931243,0.32,0.1
abm_balanced_h12_common_cells,dsge_sw07,effective_federal_funds_rate,2,0.5,50,0.34,1.6651512901971386,0.6,0.06
abm_balanced_h12_common_cells,dsge_sw07,nominal_gdp,8,0.5,50,0.62,5.661644185928689,0.24,0.14
abm_balanced_h12_common_cells,dsge_sw07,real_gdp,4,0.5,50,0.54,5.303870279849849,0.32,0.14
abm_balanced_h12_common_cells,dsge_sw07,gdp_deflator,2,0.5,50,0.42,1.7582376798491737,0.18,0.4
abm_balanced_h12_common_cells,dsge_sw07,real_gdp,8,0.5,50,0.66,5.4344775520518915,0.24,0.1
abm_balanced_h12_common_cells,dsge_sw07,gdp_deflator,4,0.5,50,0.58,2.163385677718885,0.08,0.34
abm_balanced_h12_common_cells,dsge_sw07,real_gdp,12,0.5,50,0.76,5.54277717241519,0.16,0.08
abm_balanced_h12_common_cells,dsge_sw07,nominal_gdp,1,0.5,50,0.62,5.015529820502715,0.3,0.08
abm_balanced_h12_common_cells,dsge_sw07,unemployment_rate,4,0.5,50,0.76,1.7283205715910297,0.14,0.1
abm_balanced_h12_common_cells,dsge_sw07,gdp_deflator,12,0.5,50,0.7,2.6008874834264373,0.1,0.2
abm_balanced_h12_common_cells,dsge_sw07,nominal_gdp,4,0.5,50,0.58,5.598837181988462,0.26,0.16
abm_balanced_h12_common_cells,dsge_sw07,unemployment_rate,8,0.5,50,0.72,2.5979029307854034,0.14,0.14
abm_balanced_h12_common_cells,dsge_sw07,gdp_deflator,1,0.5,50,0.5,1.393055167919716,0.18,0.32
abm_balanced_h12_common_cells,dsge_sw07,nominal_gdp,2,0.5,50,0.6,5.428794014639303,0.28,0.12
abm_balanced_h12_common_cells,dsge_sw07,nominal_gdp,12,0.5,50,0.66,5.690303715237573,0.18,0.16
abm_balanced_h12_common_cells,dsge_sw07,effective_federal_funds_rate,8,0.5,50,0.28,2.926179872885473,0.68,0.04
abm_balanced_h12_common_cells,dsge_sw07,effective_federal_funds_rate,12,0.5,50,0.34,3.1795184517660786,0.64,0.02
abm_balanced_h12_common_cells,dsge_sw07,real_gdp,1,0.5,50,0.6,4.772380638373361,0.32,0.08
abm_balanced_h12_common_cells,dsge_sw07,effective_federal_funds_rate,4,0.5,50,0.32,2.2930769094081698,0.62,0.06
abm_balanced_h12_common_cells,dsge_sw07,unemployment_rate,1,0.5,50,0.86,0.7065629181090627,0.1,0.04
abm_balanced_h12_common_cells,dsge_sw07,unemployment_rate,12,0.8,50,0.86,5.945954242646003,0.02,0.12
abm_balanced_h12_common_cells,dsge_sw07,unemployment_rate,2,0.8,50,0.92,2.0747071336706457,0.04,0.04
abm_balanced_h12_common_cells,dsge_sw07,real_gdp,2,0.8,50,0.84,9.69399552441424,0.12,0.04
abm_balanced_h12_common_cells,dsge_sw07,gdp_deflator,2,0.8,50,0.78,3.362338471688496,0.06,0.16
abm_balanced_h12_common_cells,dsge_sw07,gdp_deflator,8,0.8,50,0.86,4.693189685134834,0.02,0.12
abm_balanced_h12_common_cells,dsge_sw07,effective_federal_funds_rate,1,0.8,50,0.94,1.9358366873424318,0.04,0.02
abm_balanced_h12_common_cells,dsge_sw07,effective_federal_funds_rate,2,0.8,50,0.82,2.9585432789793464,0.16,0.02
abm_balanced_h12_common_cells,dsge_sw07,real_gdp,4,0.8,50,0.9,10.026204392232739,0.08,0.02
abm_balanced_h12_common_cells,dsge_sw07,nominal_gdp,1,0.8,50,0.8,9.524701374476951,0.16,0.04
abm_balanced_h12_common_cells,dsge_sw07,nominal_gdp,8,0.8,50,0.82,10.71258697171022,0.08,0.1
abm_balanced_h12_common_cells,dsge_sw07,gdp_deflator,1,0.8,50,0.74,2.648062423723137,0.06,0.2
abm_balanced_h12_common_cells,dsge_sw07,nominal_gdp,2,0.8,50,0.82,10.289477477214401,0.12,0.06
abm_balanced_h12_common_cells,dsge_sw07,real_gdp,1,0.8,50,0.82,9.050375346447149,0.14,0.04
abm_balanced_h12_common_cells,dsge_sw07,effective_federal_funds_rate,12,0.8,50,0.46,6.016637765581457,0.52,0.02
abm_balanced_h12_common_cells,dsge_sw07,effective_federal_funds_rate,8,0.8,50,0.54,5.528958560556506,0.46,0.0
abm_balanced_h12_common_cells,dsge_sw07,real_gdp,12,0.8,50,0.92,10.55386301464491,0.06,0.02
abm_balanced_h12_common_cells,dsge_sw07,unemployment_rate,4,0.8,50,0.86,3.2405294010227155,0.06,0.08
abm_balanced_h12_common_cells,dsge_sw07,nominal_gdp,12,0.8,50,0.82,10.772719872573294,0.08,0.1
abm_balanced_h12_common_cells,dsge_sw07,unemployment_rate,1,0.8,50,0.94,1.3442632343100536,0.04,0.02
abm_balanced_h12_common_cells,dsge_sw07,effective_federal_funds_rate,4,0.8,50,0.64,4.252937245438029,0.34,0.02
abm_balanced_h12_common_cells,dsge_sw07,real_gdp,8,0.8,50,0.92,10.351512720817643,0.06,0.02
abm_balanced_h12_common_cells,dsge_sw07,gdp_deflator,12,0.8,50,0.84,4.926181237240996,0.02,0.14
abm_balanced_h12_common_cells,dsge_sw07,gdp_deflator,4,0.8,50,0.82,4.121804888024881,0.04,0.14
abm_balanced_h12_common_cells,dsge_sw07,nominal_gdp,4,0.8,50,0.84,10.61479641976603,0.08,0.08
abm_balanced_h12_common_cells,dsge_sw07,unemployment_rate,8,0.8,50,0.86,4.907707445106633,0.02,0.12
abm_balanced_h12_common_cells,dsge_sw07,nominal_gdp,4,0.9,50,0.9,13.619582923285623,0.04,0.06
abm_balanced_h12_common_cells,dsge_sw07,effective_federal_funds_rate,12,0.9,50,0.74,7.511007916915482,0.26,0.0
abm_balanced_h12_common_cells,dsge_sw07,nominal_gdp,8,0.9,50,0.9,13.737551967963952,0.04,0.06
abm_balanced_h12_common_cells,dsge_sw07,effective_federal_funds_rate,2,0.9,50,0.96,3.5683440669645687,0.02,0.02
abm_balanced_h12_common_cells,dsge_sw07,effective_federal_funds_rate,1,0.9,50,0.96,2.345086419946279,0.02,0.02
abm_balanced_h12_common_cells,dsge_sw07,effective_federal_funds_rate,8,0.9,50,0.86,6.79799909003068,0.14,0.0
abm_balanced_h12_common_cells,dsge_sw07,nominal_gdp,12,0.9,50,0.88,13.793127769283508,0.04,0.08
abm_balanced_h12_common_cells,dsge_sw07,unemployment_rate,2,0.9,50,0.94,2.651682990609946,0.02,0.04
abm_balanced_h12_common_cells,dsge_sw07,unemployment_rate,8,0.9,50,0.86,6.211555538612108,0.02,0.12
abm_balanced_h12_common_cells,dsge_sw07,real_gdp,12,0.9,50,0.94,13.343332084925523,0.04,0.02
abm_balanced_h12_common_cells,dsge_sw07,gdp_deflator,8,0.9,50,0.88,6.028672125251474,0.02,0.1
abm_balanced_h12_common_cells,dsge_sw07,nominal_gdp,1,0.9,50,0.88,12.205652420315086,0.08,0.04
abm_balanced_h12_common_cells,dsge_sw07,gdp_deflator,2,0.9,50,0.86,4.322652626475304,0.02,0.12
abm_balanced_h12_common_cells,dsge_sw07,real_gdp,1,0.9,50,0.9,11.663083007982932,0.08,0.02
abm_balanced_h12_common_cells,dsge_sw07,unemployment_rate,1,0.9,50,0.96,1.7224547765572669,0.02,0.02
abm_balanced_h12_common_cells,dsge_sw07,nominal_gdp,2,0.9,50,0.9,13.23935608314026,0.06,0.04
abm_balanced_h12_common_cells,dsge_sw07,gdp_deflator,1,0.9,50,0.82,3.380316787859863,0.04,0.14
abm_balanced_h12_common_cells,dsge_sw07,gdp_deflator,4,0.9,50,0.86,5.299182316730065,0.02,0.12
abm_balanced_h12_common_cells,dsge_sw07,real_gdp,2,0.9,50,0.92,12.469495725886825,0.06,0.02
abm_balanced_h12_common_cells,dsge_sw07,effective_federal_funds_rate,4,0.9,50,0.84,5.118942216053121,0.14,0.02
abm_balanced_h12_common_cells,dsge_sw07,real_gdp,4,0.9,50,0.92,12.905055524284332,0.06,0.02
abm_balanced_h12_common_cells,dsge_sw07,real_gdp,8,0.9,50,0.94,13.239424529746355,0.04,0.02
abm_balanced_h12_common_cells,dsge_sw07,unemployment_rate,4,0.9,50,0.9,4.145597120966278,0.02,0.08
abm_balanced_h12_common_cells,dsge_sw07,unemployment_rate,12,0.9,50,0.92,7.523891004041142,0.0,0.08
abm_balanced_h12_common_cells,dsge_sw07,gdp_deflator,12,0.9,50,0.88,6.339499886350882,0.02,0.1
abm_pandemic_masked_common_cells,dsge_sw07,effective_federal_funds_rate,1,0.5,53,0.7358490566037735,1.1456837535938165,0.24528301886792453,0.018867924528301886
abm_pandemic_masked_common_cells,dsge_sw07,unemployment_rate,2,0.5,52,0.9038461538461539,1.2455076406416503,0.07692307692307693,0.019230769230769232
abm_pandemic_masked_common_cells,dsge_sw07,gdp_deflator,8,0.5,46,0.717391304347826,2.5570031847459695,0.10869565217391304,0.17391304347826086
abm_pandemic_masked_common_cells,dsge_sw07,unemployment_rate,12,0.5,42,0.7857142857142857,3.3314880125738564,0.21428571428571427,0.0
abm_pandemic_masked_common_cells,dsge_sw07,real_gdp,2,0.5,52,0.6730769230769231,5.37255451630245,0.2692307692307692,0.057692307692307696
abm_pandemic_masked_common_cells,dsge_sw07,effective_federal_funds_rate,2,0.5,52,0.5,1.6992644526321996,0.4423076923076923,0.057692307692307696
abm_pandemic_masked_common_cells,dsge_sw07,nominal_gdp,8,0.5,46,0.7608695652173914,5.960078669615741,0.21739130434782608,0.021739130434782608
abm_pandemic_masked_common_cells,dsge_sw07,real_gdp,4,0.5,50,0.64,5.598377180259603,0.28,0.08
abm_pandemic_masked_common_cells,dsge_sw07,gdp_deflator,2,0.5,52,0.5769230769230769,1.7997955322400132,0.15384615384615385,0.2692307692307692
abm_pandemic_masked_common_cells,dsge_sw07,real_gdp,8,0.5,46,0.7608695652173914,5.690929706349769,0.21739130434782608,0.021739130434782608
abm_pandemic_masked_common_cells,dsge_sw07,gdp_deflator,4,0.5,50,0.68,2.227718607182467,0.06,0.26
abm_pandemic_masked_common_cells,dsge_sw07,real_gdp,12,0.5,42,0.8571428571428571,5.63373125360387,0.14285714285714285,0.0
abm_pandemic_masked_common_cells,dsge_sw07,nominal_gdp,1,0.5,53,0.7547169811320755,5.269484228308093,0.22641509433962265,0.018867924528301886
abm_pandemic_masked_common_cells,dsge_sw07,unemployment_rate,4,0.5,50,0.86,1.9773045368770468,0.12,0.02
abm_pandemic_masked_common_cells,dsge_sw07,gdp_deflator,12,0.5,42,0.7857142857142857,2.6305197444235047,0.09523809523809523,0.11904761904761904
abm_pandemic_masked_common_cells,dsge_sw07,nominal_gdp,4,0.5,50,0.7,5.921064617938469,0.22,0.08
abm_pandemic_masked_common_cells,dsge_sw07,unemployment_rate,8,0.5,46,0.8478260869565217,2.9512354827054383,0.15217391304347827,0.0
abm_pandemic_masked_common_cells,dsge_sw07,gdp_deflator,1,0.5,53,0.5660377358490566,1.4112177599307247,0.18867924528301888,0.24528301886792453
abm_pandemic_masked_common_cells,dsge_sw07,nominal_gdp,2,0.5,52,0.7307692307692307,5.688143865381405,0.23076923076923078,0.038461538461538464
abm_pandemic_masked_common_cells,dsge_sw07,nominal_gdp,12,0.5,42,0.7619047619047619,5.770210684531856,0.16666666666666666,0.07142857142857142
abm_pandemic_masked_common_cells,dsge_sw07,effective_federal_funds_rate,8,0.5,46,0.391304347826087,2.9101956486365315,0.5652173913043478,0.043478260869565216
abm_pandemic_masked_common_cells,dsge_sw07,effective_federal_funds_rate,12,0.5,42,0.40476190476190477,3.1423605032480753,0.5714285714285714,0.023809523809523808
abm_pandemic_masked_common_cells,dsge_sw07,real_gdp,1,0.5,53,0.7169811320754716,5.023248017439079,0.24528301886792453,0.03773584905660377
abm_pandemic_masked_common_cells,dsge_sw07,effective_federal_funds_rate,4,0.5,50,0.46,2.34223501253898,0.48,0.06
abm_pandemic_masked_common_cells,dsge_sw07,unemployment_rate,1,0.5,53,0.9433962264150944,0.7914469787987236,0.05660377358490566,0.0
abm_pandemic_masked_common_cells,dsge_sw07,unemployment_rate,12,0.8,42,0.9761904761904762,6.274054621243441,0.023809523809523808,0.0
abm_pandemic_masked_common_cells,dsge_sw07,unemployment_rate,2,0.8,52,0.9807692307692307,2.3325441189373253,0.019230769230769232,0.0
abm_pandemic_masked_common_cells,dsge_sw07,real_gdp,2,0.8,52,0.9230769230769231,10.08677542366704,0.07692307692307693,0.0
abm_pandemic_masked_common_cells,dsge_sw07,gdp_deflator,2,0.8,52,0.9038461538461539,3.4259662828669497,0.038461538461538464,0.057692307692307696
abm_pandemic_masked_common_cells,dsge_sw07,gdp_deflator,8,0.8,46,0.9565217391304348,4.8125801255979175,0.0,0.043478260869565216
abm_pandemic_masked_common_cells,dsge_sw07,effective_federal_funds_rate,1,0.8,53,1.0,1.992305063412849,0.0,0.0
abm_pandemic_masked_common_cells,dsge_sw07,effective_federal_funds_rate,2,0.8,52,0.9423076923076923,3.044533868596043,0.057692307692307696,0.0
abm_pandemic_masked_common_cells,dsge_sw07,real_gdp,4,0.8,50,0.96,10.575749201669106,0.04,0.0
abm_pandemic_masked_common_cells,dsge_sw07,nominal_gdp,1,0.8,53,0.9056603773584906,10.02221350747858,0.09433962264150944,0.0
abm_pandemic_masked_common_cells,dsge_sw07,nominal_gdp,8,0.8,46,0.9565217391304348,11.251420279035274,0.043478260869565216,0.0
abm_pandemic_masked_common_cells,dsge_sw07,gdp_deflator,1,0.8,53,0.8113207547169812,2.6973909243460388,0.03773584905660377,0.1509433962264151
abm_pandemic_masked_common_cells,dsge_sw07,nominal_gdp,2,0.8,52,0.9230769230769231,10.735752936742138,0.07692307692307693,0.0
abm_pandemic_masked_common_cells,dsge_sw07,real_gdp,1,0.8,53,0.9245283018867925,9.528639461446637,0.07547169811320754,0.0
abm_pandemic_masked_common_cells,dsge_sw07,effective_federal_funds_rate,12,0.8,42,0.5,5.962046625511475,0.47619047619047616,0.023809523809523808
abm_pandemic_masked_common_cells,dsge_sw07,effective_federal_funds_rate,8,0.8,46,0.5869565217391305,5.525653982912701,0.41304347826086957,0.0
abm_pandemic_masked_common_cells,dsge_sw07,real_gdp,12,0.8,42,0.9761904761904762,10.68734654993821,0.023809523809523808,0.0
abm_pandemic_masked_common_cells,dsge_sw07,unemployment_rate,4,0.8,50,0.96,3.691304317927762,0.04,0.0
abm_pandemic_masked_common_cells,dsge_sw07,nominal_gdp,12,0.8,42,0.9285714285714286,10.912963960090124,0.047619047619047616,0.023809523809523808
abm_pandemic_masked_common_cells,dsge_sw07,unemployment_rate,1,0.8,53,1.0,1.5071308968399213,0.0,0.0
abm_pandemic_masked_common_cells,dsge_sw07,effective_federal_funds_rate,4,0.8,50,0.74,4.363301733915069,0.26,0.0
abm_pandemic_masked_common_cells,dsge_sw07,real_gdp,8,0.8,46,0.9782608695652174,10.839357034754245,0.021739130434782608,0.0
abm_pandemic_masked_common_cells,dsge_sw07,gdp_deflator,12,0.8,42,0.9285714285714286,4.961204033260002,0.0,0.07142857142857142
abm_pandemic_masked_common_cells,dsge_sw07,gdp_deflator,4,0.8,50,0.94,4.235182907347715,0.02,0.04
abm_pandemic_masked_common_cells,dsge_sw07,nominal_gdp,4,0.8,50,0.96,11.244055620198761,0.04,0.0
abm_pandemic_masked_common_cells,dsge_sw07,unemployment_rate,8,0.8,46,0.9782608695652174,5.540801991558345,0.021739130434782608,0.0
abm_pandemic_masked_common_cells,dsge_sw07,nominal_gdp,4,0.9,50,1.0,14.413280743670013,0.0,0.0
abm_pandemic_masked_common_cells,dsge_sw07,effective_federal_funds_rate,12,0.9,42,0.6904761904761905,7.518332820617365,0.30952380952380953,0.0
abm_pandemic_masked_common_cells,dsge_sw07,nominal_gdp,8,0.9,46,1.0,14.434724871303306,0.0,0.0
abm_pandemic_masked_common_cells,dsge_sw07,effective_federal_funds_rate,2,0.9,52,1.0,3.7131718791479025,0.0,0.0
abm_pandemic_masked_common_cells,dsge_sw07,effective_federal_funds_rate,1,0.9,53,1.0,2.46724032445695,0.0,0.0
abm_pandemic_masked_common_cells,dsge_sw07,effective_federal_funds_rate,8,0.9,46,0.8478260869565217,6.828830020093374,0.15217391304347827,0.0
abm_pandemic_masked_common_cells,dsge_sw07,nominal_gdp,12,0.9,42,1.0,13.989799999094009,0.0,0.0
abm_pandemic_masked_common_cells,dsge_sw07,unemployment_rate,2,0.9,52,1.0,2.974284661645853,0.0,0.0
abm_pandemic_masked_common_cells,dsge_sw07,unemployment_rate,8,0.9,46,0.9782608695652174,6.964460120538249,0.021739130434782608,0.0
abm_pandemic_masked_common_cells,dsge_sw07,real_gdp,12,0.9,42,1.0,13.500443054223979,0.0,0.0
abm_pandemic_masked_common_cells,dsge_sw07,gdp_deflator,8,0.9,46,0.9565217391304348,6.196936263468609,0.0,0.043478260869565216
abm_pandemic_masked_common_cells,dsge_sw07,nominal_gdp,1,0.9,53,0.9811320754716981,12.82684344227227,0.018867924528301886,0.0
abm_pandemic_masked_common_cells,dsge_sw07,gdp_deflator,2,0.9,52,0.9423076923076923,4.422412158267737,0.0,0.057692307692307696
abm_pandemic_masked_common_cells,dsge_sw07,real_gdp,1,0.9,53,0.9811320754716981,12.198788667333174,0.018867924528301886,0.0
abm_pandemic_masked_common_cells,dsge_sw07,unemployment_rate,1,0.9,53,1.0,1.9176045646009583,0.0,0.0
abm_pandemic_masked_common_cells,dsge_sw07,nominal_gdp,2,0.9,52,0.9807692307692307,13.822919647133261,0.019230769230769232,0.0
abm_pandemic_masked_common_cells,dsge_sw07,gdp_deflator,1,0.9,53,0.8867924528301887,3.44404499857594,0.018867924528301886,0.09433962264150944
abm_pandemic_masked_common_cells,dsge_sw07,gdp_deflator,4,0.9,50,0.96,5.433119719123556,0.0,0.04
abm_pandemic_masked_common_cells,dsge_sw07,real_gdp,2,0.9,52,0.9807692307692307,12.967829869831567,0.019230769230769232,0.0
abm_pandemic_masked_common_cells,dsge_sw07,effective_federal_funds_rate,4,0.9,50,0.92,5.296443890702373,0.08,0.0
abm_pandemic_masked_common_cells,dsge_sw07,real_gdp,4,0.9,50,0.98,13.680500705622368,0.02,0.0
abm_pandemic_masked_common_cells,dsge_sw07,real_gdp,8,0.9,46,1.0,13.870752335693622,0.0,0.0
abm_pandemic_masked_common_cells,dsge_sw07,unemployment_rate,4,0.9,50,1.0,4.671172025030974,0.0,0.0
abm_pandemic_masked_common_cells,dsge_sw07,unemployment_rate,12,0.9,42,1.0,7.916199070202687,0.0,0.0
abm_pandemic_masked_common_cells,dsge_sw07,gdp_deflator,12,0.9,42,0.9523809523809523,6.390477474055119,0.0,0.047619047619047616
