table_id,year,row_code,row_type,column_code,column_type,value
59,2024,,Commodity,111CA,Commodity,2.2643741
59,2024,,Commodity,113FF,Commodity,1.4523647
59,2024,,Commodity,211,Commodity,1.8429612
59,2024,,Commodity,212,Commodity,1.9806554
59,2024,,Commodity,213,Commodity,1.6230144
59,2024,,Commodity,22,Commodity,1.7000245
59,2024,,Commodity,23,Commodity,1.9036424
59,2024,,Commodity,311FT,Commodity,2.5544278
59,2024,,Commodity,313TT,Commodity,2.3026918
59,2024,,Commodity,315AL,Commodity,1.8628002
59,2024,,Commodity,321,Commodity,2.3046591
59,2024,,Commodity,322,Commodity,2.3757192
59,2024,,Commodity,323,Commodity,2.0172178
59,2024,,Commodity,324,Commodity,2.2722771
59,2024,,Commodity,325,Commodity,1.8988644
59,2024,,Commodity,326,Commodity,2.2883899
59,2024,,Commodity,327,Commodity,2.1176434
59,2024,,Commodity,331,Commodity,2.6414996
59,2024,,Commodity,332,Commodity,2.3290876
59,2024,,Commodity,333,Commodity,2.1525193
59,2024,,Commodity,334,Commodity,1.4628607
59,2024,,Commodity,335,Commodity,2.2935118
59,2024,,Commodity,3361MV,Commodity,2.7683887
59,2024,,Commodity,3364OT,Commodity,1.9944468
59,2024,,Commodity,337,Commodity,2.2724939
59,2024,,Commodity,339,Commodity,1.7766158
59,2024,,Commodity,42,Commodity,1.7513126
59,2024,,Commodity,441,Commodity,1.6800664
59,2024,,Commodity,445,Commodity,1.6327277
59,2024,,Commodity,452,Commodity,1.4893264
59,2024,,Commodity,481,Commodity,1.861384
59,2024,,Commodity,482,Commodity,1.7938135
59,2024,,Commodity,483,Commodity,2.283407
59,2024,,Commodity,484,Commodity,1.9739443
59,2024,,Commodity,485,Commodity,1.9996698
59,2024,,Commodity,486,Commodity,1.573605
59,2024,,Commodity,487OS,Commodity,1.7709959
59,2024,,Commodity,493,Commodity,1.5798867
59,2024,,Commodity,4A0,Commodity,1.6673156
59,2024,,Commodity,511,Commodity,1.5598691
59,2024,,Commodity,512,Commodity,1.7538548
59,2024,,Commodity,513,Commodity,1.8519545
59,2024,,Commodity,514,Commodity,1.6756102
59,2024,,Commodity,521CI,Commodity,1.5176315
59,2024,,Commodity,523,Commodity,1.9742957
59,2024,,Commodity,524,Commodity,1.9193316
59,2024,,Commodity,525,Commodity,2.5390949
59,2024,,Commodity,532RL,Commodity,1.7711952
59,2024,,Commodity,5411,Commodity,1.3515316
59,2024,,Commodity,5412OP,Commodity,1.6202309
59,2024,,Commodity,5415,Commodity,1.4455506
59,2024,,Commodity,55,Commodity,1.6596029
59,2024,,Commodity,561,Commodity,1.6907332
59,2024,,Commodity,562,Commodity,1.926412
59,2024,,Commodity,61,Commodity,1.6610444
59,2024,,Commodity,621,Commodity,1.6150949
59,2024,,Commodity,622,Commodity,1.813928
59,2024,,Commodity,623,Commodity,1.7433902
59,2024,,Commodity,624,Commodity,1.7195353
59,2024,,Commodity,711AS,Commodity,1.7894213
59,2024,,Commodity,713,Commodity,1.8755524
59,2024,,Commodity,721,Commodity,1.5785293
59,2024,,Commodity,722,Commodity,1.9024336
59,2024,,Commodity,81,Commodity,1.7298442
59,2024,,Commodity,GFE,Commodity,1.5926206
59,2024,,Commodity,GFGD,Commodity,1.7370114
59,2024,,Commodity,GFGN,Commodity,1.5453935
59,2024,,Commodity,GSLE,Commodity,2.2461319
59,2024,,Commodity,GSLG,Commodity,1.7282518
59,2024,,Commodity,HS,Commodity,1.1705018
59,2024,,Commodity,ORE,Commodity,2.082309
59,2024,,Commodity,Other,Commodity,1.5453935
59,2024,,Commodity,Used,Commodity,2.0557549
59,2024,111CA,Commodity,111CA,Commodity,1.3041073
59,2024,111CA,Commodity,113FF,Commodity,0.0345167
59,2024,111CA,Commodity,211,Commodity,0.0010628
59,2024,111CA,Commodity,212,Commodity,0.0015454
59,2024,111CA,Commodity,213,Commodity,0.0009511
59,2024,111CA,Commodity,22,Commodity,0.0009392
59,2024,111CA,Commodity,23,Commodity,0.0024134
59,2024,111CA,Commodity,311FT,Commodity,0.3703945
59,2024,111CA,Commodity,313TT,Commodity,0.0338329
59,2024,111CA,Commodity,315AL,Commodity,0.0201426
59,2024,111CA,Commodity,321,Commodity,0.0069636
59,2024,111CA,Commodity,322,Commodity,0.0046481
59,2024,111CA,Commodity,323,Commodity,0.0053609
59,2024,111CA,Commodity,324,Commodity,0.0019083
59,2024,111CA,Commodity,325,Commodity,0.025077
59,2024,111CA,Commodity,326,Commodity,0.0087064
59,2024,111CA,Commodity,327,Commodity,0.003979
59,2024,111CA,Commodity,331,Commodity,0.0021602
59,2024,111CA,Commodity,332,Commodity,0.0016301
59,2024,111CA,Commodity,333,Commodity,0.0012425
59,2024,111CA,Commodity,334,Commodity,0.0006057
59,2024,111CA,Commodity,335,Commodity,0.0016977
59,2024,111CA,Commodity,3361MV,Commodity,0.0021442
59,2024,111CA,Commodity,3364OT,Commodity,0.0007915
59,2024,111CA,Commodity,337,Commodity,0.0037156
59,2024,111CA,Commodity,339,Commodity,0.00315
59,2024,111CA,Commodity,42,Commodity,0.0013218
59,2024,111CA,Commodity,441,Commodity,0.0015874
59,2024,111CA,Commodity,445,Commodity,0.0018878
59,2024,111CA,Commodity,452,Commodity,0.001099
59,2024,111CA,Commodity,481,Commodity,0.0020768
59,2024,111CA,Commodity,482,Commodity,0.0008556
59,2024,111CA,Commodity,483,Commodity,0.002601
59,2024,111CA,Commodity,484,Commodity,0.0007605
59,2024,111CA,Commodity,485,Commodity,0.0008684
59,2024,111CA,Commodity,486,Commodity,0.0005712
59,2024,111CA,Commodity,487OS,Commodity,0.0010412
59,2024,111CA,Commodity,493,Commodity,0.0005627
59,2024,111CA,Commodity,4A0,Commodity,0.000898
59,2024,111CA,Commodity,511,Commodity,0.0005733
59,2024,111CA,Commodity,512,Commodity,0.0007841
59,2024,111CA,Commodity,513,Commodity,0.0007883
59,2024,111CA,Commodity,514,Commodity,0.0010432
59,2024,111CA,Commodity,521CI,Commodity,0.000721
59,2024,111CA,Commodity,523,Commodity,0.0009481
59,2024,111CA,Commodity,524,Commodity,0.0004647
59,2024,111CA,Commodity,525,Commodity,0.0009363
59,2024,111CA,Commodity,532RL,Commodity,0.0010535
59,2024,111CA,Commodity,5411,Commodity,0.0005109
59,2024,111CA,Commodity,5412OP,Commodity,0.0023745
59,2024,111CA,Commodity,5415,Commodity,0.0008847
59,2024,111CA,Commodity,55,Commodity,0.0011027
59,2024,111CA,Commodity,561,Commodity,0.0022858
59,2024,111CA,Commodity,562,Commodity,0.0029001
59,2024,111CA,Commodity,61,Commodity,0.0093431
59,2024,111CA,Commodity,621,Commodity,0.0026398
59,2024,111CA,Commodity,622,Commodity,0.0066943
59,2024,111CA,Commodity,623,Commodity,0.0080288
59,2024,111CA,Commodity,624,Commodity,0.0200493
59,2024,111CA,Commodity,711AS,Commodity,0.003356
59,2024,111CA,Commodity,713,Commodity,0.0118506
59,2024,111CA,Commodity,721,Commodity,0.0069936
59,2024,111CA,Commodity,722,Commodity,0.0301151
59,2024,111CA,Commodity,81,Commodity,0.001573
59,2024,111CA,Commodity,GFE,Commodity,0.0023797
59,2024,111CA,Commodity,GFGD,Commodity,0.0038757
59,2024,111CA,Commodity,GFGN,Commodity,0.0009317
59,2024,111CA,Commodity,GSLE,Commodity,0.0016797
59,2024,111CA,Commodity,GSLG,Commodity,0.0168592
59,2024,111CA,Commodity,HS,Commodity,0.0001418
59,2024,111CA,Commodity,ORE,Commodity,0.0020695
59,2024,111CA,Commodity,Other,Commodity,0.0009317
59,2024,111CA,Commodity,Used,Commodity,0.0085142
59,2024,113FF,Commodity,111CA,Commodity,0.0842905
59,2024,113FF,Commodity,113FF,Commodity,1.1369556
59,2024,113FF,Commodity,211,Commodity,0.0004376
59,2024,113FF,Commodity,212,Commodity,0.0023847
59,2024,113FF,Commodity,213,Commodity,0.0006607
59,2024,113FF,Commodity,22,Commodity,0.0006645
59,2024,113FF,Commodity,23,Commodity,0.0049799
59,2024,113FF,Commodity,311FT,Commodity,0.0324796
59,2024,113FF,Commodity,313TT,Commodity,0.00407
59,2024,113FF,Commodity,315AL,Commodity,0.0113895
59,2024,113FF,Commodity,321,Commodity,0.1494707
59,2024,113FF,Commodity,322,Commodity,0.0303013
59,2024,113FF,Commodity,323,Commodity,0.0047207
59,2024,113FF,Commodity,324,Commodity,0.0005318
59,2024,113FF,Commodity,325,Commodity,0.0030249
59,2024,113FF,Commodity,326,Commodity,0.0100773
59,2024,113FF,Commodity,327,Commodity,0.0019589
59,2024,113FF,Commodity,331,Commodity,0.0024283
59,2024,113FF,Commodity,332,Commodity,0.0016033
59,2024,113FF,Commodity,333,Commodity,0.0014463
59,2024,113FF,Commodity,334,Commodity,0.0005789
59,2024,113FF,Commodity,335,Commodity,0.0022098
59,2024,113FF,Commodity,3361MV,Commodity,0.0025955
59,2024,113FF,Commodity,3364OT,Commodity,0.0007162
59,2024,113FF,Commodity,337,Commodity,0.0182947
59,2024,113FF,Commodity,339,Commodity,0.0043048
59,2024,113FF,Commodity,42,Commodity,0.0010554
59,2024,113FF,Commodity,441,Commodity,0.0005609
59,2024,113FF,Commodity,445,Commodity,0.0025037
59,2024,113FF,Commodity,452,Commodity,0.0004462
59,2024,113FF,Commodity,481,Commodity,0.0005965
59,2024,113FF,Commodity,482,Commodity,0.0066289
59,2024,113FF,Commodity,483,Commodity,0.000654
59,2024,113FF,Commodity,484,Commodity,0.0005874
59,2024,113FF,Commodity,485,Commodity,0.0007184
59,2024,113FF,Commodity,486,Commodity,0.0004389
59,2024,113FF,Commodity,487OS,Commodity,0.000688
59,2024,113FF,Commodity,493,Commodity,0.0004451
59,2024,113FF,Commodity,4A0,Commodity,0.0006255
59,2024,113FF,Commodity,511,Commodity,0.0003143
59,2024,113FF,Commodity,512,Commodity,0.0003355
59,2024,113FF,Commodity,513,Commodity,0.0005527
59,2024,113FF,Commodity,514,Commodity,0.0006672
59,2024,113FF,Commodity,521CI,Commodity,0.000322
59,2024,113FF,Commodity,523,Commodity,0.0004501
59,2024,113FF,Commodity,524,Commodity,0.0002694
59,2024,113FF,Commodity,525,Commodity,0.0004091
59,2024,113FF,Commodity,532RL,Commodity,0.0007113
59,2024,113FF,Commodity,5411,Commodity,0.000243
59,2024,113FF,Commodity,5412OP,Commodity,0.0007362
59,2024,113FF,Commodity,5415,Commodity,0.0003556
59,2024,113FF,Commodity,55,Commodity,0.000454
59,2024,113FF,Commodity,561,Commodity,0.0008116
59,2024,113FF,Commodity,562,Commodity,0.0010299
59,2024,113FF,Commodity,61,Commodity,0.0017566
59,2024,113FF,Commodity,621,Commodity,0.0008319
59,2024,113FF,Commodity,622,Commodity,0.0016327
59,2024,113FF,Commodity,623,Commodity,0.0012921
59,2024,113FF,Commodity,624,Commodity,0.0026511
59,2024,113FF,Commodity,711AS,Commodity,0.0006487
59,2024,113FF,Commodity,713,Commodity,0.0033043
59,2024,113FF,Commodity,721,Commodity,0.0028032
59,2024,113FF,Commodity,722,Commodity,0.0075126
59,2024,113FF,Commodity,81,Commodity,0.0009854
59,2024,113FF,Commodity,GFE,Commodity,0.0006973
59,2024,113FF,Commodity,GFGD,Commodity,0.0007939
59,2024,113FF,Commodity,GFGN,Commodity,0.0005239
59,2024,113FF,Commodity,GSLE,Commodity,0.00157
59,2024,113FF,Commodity,GSLG,Commodity,0.0040028
59,2024,113FF,Commodity,HS,Commodity,0.0001872
59,2024,113FF,Commodity,ORE,Commodity,0.0014597
59,2024,113FF,Commodity,Other,Commodity,0.0005239
59,2024,113FF,Commodity,Used,Commodity,0.0080224
59,2024,211,Commodity,111CA,Commodity,0.0171043
59,2024,211,Commodity,113FF,Commodity,0.0055604
59,2024,211,Commodity,211,Commodity,1.0781853
59,2024,211,Commodity,212,Commodity,0.0154204
59,2024,211,Commodity,213,Commodity,0.0068513
59,2024,211,Commodity,22,Commodity,0.0506491
59,2024,211,Commodity,23,Commodity,0.014766
59,2024,211,Commodity,311FT,Commodity,0.0112983
59,2024,211,Commodity,313TT,Commodity,0.017238
59,2024,211,Commodity,315AL,Commodity,0.0051919
59,2024,211,Commodity,321,Commodity,0.0104813
59,2024,211,Commodity,322,Commodity,0.0129932
59,2024,211,Commodity,323,Commodity,0.0114348
59,2024,211,Commodity,324,Commodity,0.574281
59,2024,211,Commodity,325,Commodity,0.0496921
59,2024,211,Commodity,326,Commodity,0.0193258
59,2024,211,Commodity,327,Commodity,0.0115643
59,2024,211,Commodity,331,Commodity,0.0159619
59,2024,211,Commodity,332,Commodity,0.0086831
59,2024,211,Commodity,333,Commodity,0.0067973
59,2024,211,Commodity,334,Commodity,0.0023646
59,2024,211,Commodity,335,Commodity,0.0104479
59,2024,211,Commodity,3361MV,Commodity,0.0075794
59,2024,211,Commodity,3364OT,Commodity,0.0034493
59,2024,211,Commodity,337,Commodity,0.0089564
59,2024,211,Commodity,339,Commodity,0.0076933
59,2024,211,Commodity,42,Commodity,0.0038106
59,2024,211,Commodity,441,Commodity,0.0042923
59,2024,211,Commodity,445,Commodity,0.0056899
59,2024,211,Commodity,452,Commodity,0.0029751
59,2024,211,Commodity,481,Commodity,0.0508691
59,2024,211,Commodity,482,Commodity,0.0189615
59,2024,211,Commodity,483,Commodity,0.0411294
59,2024,211,Commodity,484,Commodity,0.0332079
59,2024,211,Commodity,485,Commodity,0.0189668
59,2024,211,Commodity,486,Commodity,0.006353
59,2024,211,Commodity,487OS,Commodity,0.0216271
59,2024,211,Commodity,493,Commodity,0.0119943
59,2024,211,Commodity,4A0,Commodity,0.0036235
59,2024,211,Commodity,511,Commodity,0.0024238
59,2024,211,Commodity,512,Commodity,0.0021127
59,2024,211,Commodity,513,Commodity,0.0029076
59,2024,211,Commodity,514,Commodity,0.0031439
59,2024,211,Commodity,521CI,Commodity,0.0033314
59,2024,211,Commodity,523,Commodity,0.0056257
59,2024,211,Commodity,524,Commodity,0.0011728
59,2024,211,Commodity,525,Commodity,0.0052684
59,2024,211,Commodity,532RL,Commodity,0.0045591
59,2024,211,Commodity,5411,Commodity,0.001264
59,2024,211,Commodity,5412OP,Commodity,0.003697
59,2024,211,Commodity,5415,Commodity,0.0023825
59,2024,211,Commodity,55,Commodity,0.0027355
59,2024,211,Commodity,561,Commodity,0.0052605
59,2024,211,Commodity,562,Commodity,0.0132003
59,2024,211,Commodity,61,Commodity,0.0121803
59,2024,211,Commodity,621,Commodity,0.0054089
59,2024,211,Commodity,622,Commodity,0.008053
59,2024,211,Commodity,623,Commodity,0.0049194
59,2024,211,Commodity,624,Commodity,0.0045566
59,2024,211,Commodity,711AS,Commodity,0.0035857
59,2024,211,Commodity,713,Commodity,0.0160167
59,2024,211,Commodity,721,Commodity,0.0045259
59,2024,211,Commodity,722,Commodity,0.005657
59,2024,211,Commodity,81,Commodity,0.0043924
59,2024,211,Commodity,GFE,Commodity,0.0145097
59,2024,211,Commodity,GFGD,Commodity,0.0091053
59,2024,211,Commodity,GFGN,Commodity,0.0033238
59,2024,211,Commodity,GSLE,Commodity,0.0609498
59,2024,211,Commodity,GSLG,Commodity,0.0211074
59,2024,211,Commodity,HS,Commodity,0.000862
59,2024,211,Commodity,ORE,Commodity,0.0075638
59,2024,211,Commodity,Other,Commodity,0.0033238
59,2024,211,Commodity,Used,Commodity,0.0148682
59,2024,212,Commodity,111CA,Commodity,0.0055383
59,2024,212,Commodity,113FF,Commodity,0.000969
59,2024,212,Commodity,211,Commodity,0.0037632
59,2024,212,Commodity,212,Commodity,1.0928221
59,2024,212,Commodity,213,Commodity,0.0028332
59,2024,212,Commodity,22,Commodity,0.0115277
59,2024,212,Commodity,23,Commodity,0.0158024
59,2024,212,Commodity,311FT,Commodity,0.0046742
59,2024,212,Commodity,313TT,Commodity,0.004756
59,2024,212,Commodity,315AL,Commodity,0.0020067
59,2024,212,Commodity,321,Commodity,0.003348
59,2024,212,Commodity,322,Commodity,0.0102908
59,2024,212,Commodity,323,Commodity,0.0030458
59,2024,212,Commodity,324,Commodity,0.0062159
59,2024,212,Commodity,325,Commodity,0.0089554
59,2024,212,Commodity,326,Commodity,0.005852
59,2024,212,Commodity,327,Commodity,0.0886315
59,2024,212,Commodity,331,Commodity,0.0678008
59,2024,212,Commodity,332,Commodity,0.0194561
59,2024,212,Commodity,333,Commodity,0.0101923
59,2024,212,Commodity,334,Commodity,0.0019618
59,2024,212,Commodity,335,Commodity,0.0146818
59,2024,212,Commodity,3361MV,Commodity,0.0109348
59,2024,212,Commodity,3364OT,Commodity,0.0040542
59,2024,212,Commodity,337,Commodity,0.0068828
59,2024,212,Commodity,339,Commodity,0.0054468
59,2024,212,Commodity,42,Commodity,0.0009564
59,2024,212,Commodity,441,Commodity,0.0010662
59,2024,212,Commodity,445,Commodity,0.0014921
59,2024,212,Commodity,452,Commodity,0.0008263
59,2024,212,Commodity,481,Commodity,0.0016591
59,2024,212,Commodity,482,Commodity,0.003062
59,2024,212,Commodity,483,Commodity,0.0021487
59,2024,212,Commodity,484,Commodity,0.0014907
59,2024,212,Commodity,485,Commodity,0.0023933
59,2024,212,Commodity,486,Commodity,0.0018574
59,2024,212,Commodity,487OS,Commodity,0.0021449
59,2024,212,Commodity,493,Commodity,0.0011105
59,2024,212,Commodity,4A0,Commodity,0.0009463
59,2024,212,Commodity,511,Commodity,0.0007065
59,2024,212,Commodity,512,Commodity,0.0007568
59,2024,212,Commodity,513,Commodity,0.0016345
59,2024,212,Commodity,514,Commodity,0.0027326
59,2024,212,Commodity,521CI,Commodity,0.0006141
59,2024,212,Commodity,523,Commodity,0.0012051
59,2024,212,Commodity,524,Commodity,0.0004079
59,2024,212,Commodity,525,Commodity,0.0010749
59,2024,212,Commodity,532RL,Commodity,0.0011466
59,2024,212,Commodity,5411,Commodity,0.000403
59,2024,212,Commodity,5412OP,Commodity,0.0018035
59,2024,212,Commodity,5415,Commodity,0.0007057
59,2024,212,Commodity,55,Commodity,0.000849
59,2024,212,Commodity,561,Commodity,0.0021312
59,2024,212,Commodity,562,Commodity,0.0027733
59,2024,212,Commodity,61,Commodity,0.0029367
59,2024,212,Commodity,621,Commodity,0.0011757
59,2024,212,Commodity,622,Commodity,0.0016628
59,2024,212,Commodity,623,Commodity,0.0013051
59,2024,212,Commodity,624,Commodity,0.0019077
59,2024,212,Commodity,711AS,Commodity,0.0027435
59,2024,212,Commodity,713,Commodity,0.0071541
59,2024,212,Commodity,721,Commodity,0.0018407
59,2024,212,Commodity,722,Commodity,0.0021308
59,2024,212,Commodity,81,Commodity,0.0030474
59,2024,212,Commodity,GFE,Commodity,0.0012168
59,2024,212,Commodity,GFGD,Commodity,0.0018197
59,2024,212,Commodity,GFGN,Commodity,0.006564
59,2024,212,Commodity,GSLE,Commodity,0.0172205
59,2024,212,Commodity,GSLG,Commodity,0.0024147
59,2024,212,Commodity,HS,Commodity,0.0005651
59,2024,212,Commodity,ORE,Commodity,0.0022079
59,2024,212,Commodity,Other,Commodity,0.006564
59,2024,212,Commodity,Used,Commodity,0.0109455
59,2024,213,Commodity,111CA,Commodity,0.0011883
59,2024,213,Commodity,113FF,Commodity,0.0003701
59,2024,213,Commodity,211,Commodity,0.0616196
59,2024,213,Commodity,212,Commodity,0.0238504
59,2024,213,Commodity,213,Commodity,1.0210463
59,2024,213,Commodity,22,Commodity,0.0032557
59,2024,213,Commodity,23,Commodity,0.0012695
59,2024,213,Commodity,311FT,Commodity,0.0008044
59,2024,213,Commodity,313TT,Commodity,0.0011505
59,2024,213,Commodity,315AL,Commodity,0.0003617
59,2024,213,Commodity,321,Commodity,0.0007213
59,2024,213,Commodity,322,Commodity,0.0010222
59,2024,213,Commodity,323,Commodity,0.0007743
59,2024,213,Commodity,324,Commodity,0.0367852
59,2024,213,Commodity,325,Commodity,0.0031963
59,2024,213,Commodity,326,Commodity,0.0013022
59,2024,213,Commodity,327,Commodity,0.0026069
59,2024,213,Commodity,331,Commodity,0.0024229
59,2024,213,Commodity,332,Commodity,0.0009748
59,2024,213,Commodity,333,Commodity,0.0006738
59,2024,213,Commodity,334,Commodity,0.0001883
59,2024,213,Commodity,335,Commodity,0.0009651
59,2024,213,Commodity,3361MV,Commodity,0.0007037
59,2024,213,Commodity,3364OT,Commodity,0.0003004
59,2024,213,Commodity,337,Commodity,0.0007021
59,2024,213,Commodity,339,Commodity,0.000593
59,2024,213,Commodity,42,Commodity,0.0002582
59,2024,213,Commodity,441,Commodity,0.0002894
59,2024,213,Commodity,445,Commodity,0.0003789
59,2024,213,Commodity,452,Commodity,0.0002
59,2024,213,Commodity,481,Commodity,0.0032767
59,2024,213,Commodity,482,Commodity,0.0012713
59,2024,213,Commodity,483,Commodity,0.0026619
59,2024,213,Commodity,484,Commodity,0.0021432
59,2024,213,Commodity,485,Commodity,0.0012398
59,2024,213,Commodity,486,Commodity,0.0004294
59,2024,213,Commodity,487OS,Commodity,0.0014074
59,2024,213,Commodity,493,Commodity,0.000761
59,2024,213,Commodity,4A0,Commodity,0.0002446
59,2024,213,Commodity,511,Commodity,0.000163
59,2024,213,Commodity,512,Commodity,0.0001464
59,2024,213,Commodity,513,Commodity,0.0002147
59,2024,213,Commodity,514,Commodity,0.0002522
59,2024,213,Commodity,521CI,Commodity,0.0002233
59,2024,213,Commodity,523,Commodity,0.0003812
59,2024,213,Commodity,524,Commodity,8.18e-5
59,2024,213,Commodity,525,Commodity,0.000354
59,2024,213,Commodity,532RL,Commodity,0.000311
59,2024,213,Commodity,5411,Commodity,8.72e-5
59,2024,213,Commodity,5412OP,Commodity,0.0002767
59,2024,213,Commodity,5415,Commodity,0.0001651
59,2024,213,Commodity,55,Commodity,0.0001934
59,2024,213,Commodity,561,Commodity,0.0003755
59,2024,213,Commodity,562,Commodity,0.0008888
59,2024,213,Commodity,61,Commodity,0.00081
59,2024,213,Commodity,621,Commodity,0.0003578
59,2024,213,Commodity,622,Commodity,0.0005398
59,2024,213,Commodity,623,Commodity,0.0003323
59,2024,213,Commodity,624,Commodity,0.0003251
59,2024,213,Commodity,711AS,Commodity,0.0002802
59,2024,213,Commodity,713,Commodity,0.0011212
59,2024,213,Commodity,721,Commodity,0.0003186
59,2024,213,Commodity,722,Commodity,0.0003969
59,2024,213,Commodity,81,Commodity,0.000337
59,2024,213,Commodity,GFE,Commodity,0.0008974
59,2024,213,Commodity,GFGD,Commodity,0.000615
59,2024,213,Commodity,GFGN,Commodity,0.000346
59,2024,213,Commodity,GSLE,Commodity,0.0040187
59,2024,213,Commodity,GSLG,Commodity,0.0013886
59,2024,213,Commodity,HS,Commodity,6.58e-5
59,2024,213,Commodity,ORE,Commodity,0.0005137
59,2024,213,Commodity,Other,Commodity,0.000346
59,2024,213,Commodity,Used,Commodity,0.0011668
59,2024,22,Commodity,111CA,Commodity,0.0376449
59,2024,22,Commodity,113FF,Commodity,0.0069971
59,2024,22,Commodity,211,Commodity,0.0287657
59,2024,22,Commodity,212,Commodity,0.0447578
59,2024,22,Commodity,213,Commodity,0.007643
59,2024,22,Commodity,22,Commodity,1.0522881
59,2024,22,Commodity,23,Commodity,0.0162947
59,2024,22,Commodity,311FT,Commodity,0.0297473
59,2024,22,Commodity,313TT,Commodity,0.0331912
59,2024,22,Commodity,315AL,Commodity,0.0185857
59,2024,22,Commodity,321,Commodity,0.0262768
59,2024,22,Commodity,322,Commodity,0.0521035
59,2024,22,Commodity,323,Commodity,0.0292685
59,2024,22,Commodity,324,Commodity,0.0238936
59,2024,22,Commodity,325,Commodity,0.0271317
59,2024,22,Commodity,326,Commodity,0.0351173
59,2024,22,Commodity,327,Commodity,0.0492316
59,2024,22,Commodity,331,Commodity,0.0455269
59,2024,22,Commodity,332,Commodity,0.0304231
59,2024,22,Commodity,333,Commodity,0.0188869
59,2024,22,Commodity,334,Commodity,0.0080552
59,2024,22,Commodity,335,Commodity,0.0247931
59,2024,22,Commodity,3361MV,Commodity,0.0219979
59,2024,22,Commodity,3364OT,Commodity,0.0181851
59,2024,22,Commodity,337,Commodity,0.0242076
59,2024,22,Commodity,339,Commodity,0.0143108
59,2024,22,Commodity,42,Commodity,0.0121499
59,2024,22,Commodity,441,Commodity,0.0201157
59,2024,22,Commodity,445,Commodity,0.0350669
59,2024,22,Commodity,452,Commodity,0.0255144
59,2024,22,Commodity,481,Commodity,0.0151711
59,2024,22,Commodity,482,Commodity,0.0070872
59,2024,22,Commodity,483,Commodity,0.0131593
59,2024,22,Commodity,484,Commodity,0.0213225
59,2024,22,Commodity,485,Commodity,0.0125678
59,2024,22,Commodity,486,Commodity,0.0359492
59,2024,22,Commodity,487OS,Commodity,0.011879
59,2024,22,Commodity,493,Commodity,0.0224804
59,2024,22,Commodity,4A0,Commodity,0.0181281
59,2024,22,Commodity,511,Commodity,0.0062716
59,2024,22,Commodity,512,Commodity,0.0082178
59,2024,22,Commodity,513,Commodity,0.0180924
59,2024,22,Commodity,514,Commodity,0.0141369
59,2024,22,Commodity,521CI,Commodity,0.0076134
59,2024,22,Commodity,523,Commodity,0.0094374
59,2024,22,Commodity,524,Commodity,0.0039493
59,2024,22,Commodity,525,Commodity,0.0187427
59,2024,22,Commodity,532RL,Commodity,0.0096906
59,2024,22,Commodity,5411,Commodity,0.0050256
59,2024,22,Commodity,5412OP,Commodity,0.0093267
59,2024,22,Commodity,5415,Commodity,0.0053962
59,2024,22,Commodity,55,Commodity,0.0118293
59,2024,22,Commodity,561,Commodity,0.0099279
59,2024,22,Commodity,562,Commodity,0.0234636
59,2024,22,Commodity,61,Commodity,0.0228947
59,2024,22,Commodity,621,Commodity,0.0108823
59,2024,22,Commodity,622,Commodity,0.0175702
59,2024,22,Commodity,623,Commodity,0.0226512
59,2024,22,Commodity,624,Commodity,0.0132204
59,2024,22,Commodity,711AS,Commodity,0.0135378
59,2024,22,Commodity,713,Commodity,0.0273752
59,2024,22,Commodity,721,Commodity,0.029806
59,2024,22,Commodity,722,Commodity,0.0298635
59,2024,22,Commodity,81,Commodity,0.0163911
59,2024,22,Commodity,GFE,Commodity,0.0327947
59,2024,22,Commodity,GFGD,Commodity,0.0135057
59,2024,22,Commodity,GFGN,Commodity,0.0071893
59,2024,22,Commodity,GSLE,Commodity,0.0270319
59,2024,22,Commodity,GSLG,Commodity,0.0199334
59,2024,22,Commodity,HS,Commodity,0.0012602
59,2024,22,Commodity,ORE,Commodity,0.0320756
59,2024,22,Commodity,Other,Commodity,0.0071893
59,2024,22,Commodity,Used,Commodity,0.0263719
59,2024,23,Commodity,111CA,Commodity,0.010304
59,2024,23,Commodity,113FF,Commodity,0.003023
59,2024,23,Commodity,211,Commodity,0.0067852
59,2024,23,Commodity,212,Commodity,0.0428735
59,2024,23,Commodity,213,Commodity,0.0165348
59,2024,23,Commodity,22,Commodity,0.0474567
59,2024,23,Commodity,23,Commodity,1.0057558
59,2024,23,Commodity,311FT,Commodity,0.009966
59,2024,23,Commodity,313TT,Commodity,0.0090426
59,2024,23,Commodity,315AL,Commodity,0.0045909
59,2024,23,Commodity,321,Commodity,0.0091183
59,2024,23,Commodity,322,Commodity,0.0157411
59,2024,23,Commodity,323,Commodity,0.0104257
59,2024,23,Commodity,324,Commodity,0.0138655
59,2024,23,Commodity,325,Commodity,0.0076557
59,2024,23,Commodity,326,Commodity,0.0105143
59,2024,23,Commodity,327,Commodity,0.0185982
59,2024,23,Commodity,331,Commodity,0.017634
59,2024,23,Commodity,332,Commodity,0.012303
59,2024,23,Commodity,333,Commodity,0.0080054
59,2024,23,Commodity,334,Commodity,0.003411
59,2024,23,Commodity,335,Commodity,0.0090481
59,2024,23,Commodity,3361MV,Commodity,0.0086149
59,2024,23,Commodity,3364OT,Commodity,0.0053748
59,2024,23,Commodity,337,Commodity,0.0090038
59,2024,23,Commodity,339,Commodity,0.0062518
59,2024,23,Commodity,42,Commodity,0.0071203
59,2024,23,Commodity,441,Commodity,0.0113047
59,2024,23,Commodity,445,Commodity,0.0153263
59,2024,23,Commodity,452,Commodity,0.0120549
59,2024,23,Commodity,481,Commodity,0.0067702
59,2024,23,Commodity,482,Commodity,0.0371928
59,2024,23,Commodity,483,Commodity,0.0093817
59,2024,23,Commodity,484,Commodity,0.0086143
59,2024,23,Commodity,485,Commodity,0.0214176
59,2024,23,Commodity,486,Commodity,0.0397813
59,2024,23,Commodity,487OS,Commodity,0.0173282
59,2024,23,Commodity,493,Commodity,0.0104031
59,2024,23,Commodity,4A0,Commodity,0.01004
59,2024,23,Commodity,511,Commodity,0.0038505
59,2024,23,Commodity,512,Commodity,0.004167
59,2024,23,Commodity,513,Commodity,0.0090038
59,2024,23,Commodity,514,Commodity,0.0063952
59,2024,23,Commodity,521CI,Commodity,0.0086928
59,2024,23,Commodity,523,Commodity,0.0093696
59,2024,23,Commodity,524,Commodity,0.0039192
59,2024,23,Commodity,525,Commodity,0.0081161
59,2024,23,Commodity,532RL,Commodity,0.0081098
59,2024,23,Commodity,5411,Commodity,0.003745
59,2024,23,Commodity,5412OP,Commodity,0.0057597
59,2024,23,Commodity,5415,Commodity,0.0027277
59,2024,23,Commodity,55,Commodity,0.0065944
59,2024,23,Commodity,561,Commodity,0.0052319
59,2024,23,Commodity,562,Commodity,0.0096539
59,2024,23,Commodity,61,Commodity,0.0112375
59,2024,23,Commodity,621,Commodity,0.0056497
59,2024,23,Commodity,622,Commodity,0.011786
59,2024,23,Commodity,623,Commodity,0.0102807
59,2024,23,Commodity,624,Commodity,0.0081813
59,2024,23,Commodity,711AS,Commodity,0.0073579
59,2024,23,Commodity,713,Commodity,0.0371828
59,2024,23,Commodity,721,Commodity,0.0203429
59,2024,23,Commodity,722,Commodity,0.0103521
59,2024,23,Commodity,81,Commodity,0.0133278
59,2024,23,Commodity,GFE,Commodity,0.0102166
59,2024,23,Commodity,GFGD,Commodity,0.0190093
59,2024,23,Commodity,GFGN,Commodity,0.0050002
59,2024,23,Commodity,GSLE,Commodity,0.1569389
59,2024,23,Commodity,GSLG,Commodity,0.0200924
59,2024,23,Commodity,HS,Commodity,0.028448
59,2024,23,Commodity,ORE,Commodity,0.0405158
59,2024,23,Commodity,Other,Commodity,0.0050002
59,2024,23,Commodity,Used,Commodity,0.0151803
59,2024,311FT,Commodity,111CA,Commodity,0.1200054
59,2024,311FT,Commodity,113FF,Commodity,0.0165388
59,2024,311FT,Commodity,211,Commodity,0.0012369
59,2024,311FT,Commodity,212,Commodity,0.0014775
59,2024,311FT,Commodity,213,Commodity,0.0012884
59,2024,311FT,Commodity,22,Commodity,0.001557
59,2024,311FT,Commodity,23,Commodity,0.0017864
59,2024,311FT,Commodity,311FT,Commodity,1.2355754
59,2024,311FT,Commodity,313TT,Commodity,0.0080701
59,2024,311FT,Commodity,315AL,Commodity,0.0240982
59,2024,311FT,Commodity,321,Commodity,0.0046063
59,2024,311FT,Commodity,322,Commodity,0.0053507
59,2024,311FT,Commodity,323,Commodity,0.0106017
59,2024,311FT,Commodity,324,Commodity,0.0020812
59,2024,311FT,Commodity,325,Commodity,0.0159752
59,2024,311FT,Commodity,326,Commodity,0.0067948
59,2024,311FT,Commodity,327,Commodity,0.0092686
59,2024,311FT,Commodity,331,Commodity,0.0043423
59,2024,311FT,Commodity,332,Commodity,0.0023238
59,2024,311FT,Commodity,333,Commodity,0.0016887
59,2024,311FT,Commodity,334,Commodity,0.0006738
59,2024,311FT,Commodity,335,Commodity,0.0021958
59,2024,311FT,Commodity,3361MV,Commodity,0.0024996
59,2024,311FT,Commodity,3364OT,Commodity,0.0009708
59,2024,311FT,Commodity,337,Commodity,0.002755
59,2024,311FT,Commodity,339,Commodity,0.002304
59,2024,311FT,Commodity,42,Commodity,0.0029905
59,2024,311FT,Commodity,441,Commodity,0.0014737
59,2024,311FT,Commodity,445,Commodity,0.0037537
59,2024,311FT,Commodity,452,Commodity,0.0017921
59,2024,311FT,Commodity,481,Commodity,0.0052634
59,2024,311FT,Commodity,482,Commodity,0.00108
59,2024,311FT,Commodity,483,Commodity,0.0068888
59,2024,311FT,Commodity,484,Commodity,0.0013264
59,2024,311FT,Commodity,485,Commodity,0.001373
59,2024,311FT,Commodity,486,Commodity,0.0008982
59,2024,311FT,Commodity,487OS,Commodity,0.0017079
59,2024,311FT,Commodity,493,Commodity,0.0009458
59,2024,311FT,Commodity,4A0,Commodity,0.0015042
59,2024,311FT,Commodity,511,Commodity,0.0010389
59,2024,311FT,Commodity,512,Commodity,0.0016913
59,2024,311FT,Commodity,513,Commodity,0.0015081
59,2024,311FT,Commodity,514,Commodity,0.0021505
59,2024,311FT,Commodity,521CI,Commodity,0.0016009
59,2024,311FT,Commodity,523,Commodity,0.0019415
59,2024,311FT,Commodity,524,Commodity,0.0009155
59,2024,311FT,Commodity,525,Commodity,0.0020283
59,2024,311FT,Commodity,532RL,Commodity,0.0021151
59,2024,311FT,Commodity,5411,Commodity,0.0010911
59,2024,311FT,Commodity,5412OP,Commodity,0.003958
59,2024,311FT,Commodity,5415,Commodity,0.0018722
59,2024,311FT,Commodity,55,Commodity,0.002058
59,2024,311FT,Commodity,561,Commodity,0.0023271
59,2024,311FT,Commodity,562,Commodity,0.0066367
59,2024,311FT,Commodity,61,Commodity,0.0261257
59,2024,311FT,Commodity,621,Commodity,0.0048275
59,2024,311FT,Commodity,622,Commodity,0.017929
59,2024,311FT,Commodity,623,Commodity,0.0240536
59,2024,311FT,Commodity,624,Commodity,0.0651804
59,2024,311FT,Commodity,711AS,Commodity,0.0100291
59,2024,311FT,Commodity,713,Commodity,0.0252682
59,2024,311FT,Commodity,721,Commodity,0.0205012
59,2024,311FT,Commodity,722,Commodity,0.0820884
59,2024,311FT,Commodity,81,Commodity,0.0036055
59,2024,311FT,Commodity,GFE,Commodity,0.0071184
59,2024,311FT,Commodity,GFGD,Commodity,0.0109714
59,2024,311FT,Commodity,GFGN,Commodity,0.0016356
59,2024,311FT,Commodity,GSLE,Commodity,0.0020469
59,2024,311FT,Commodity,GSLG,Commodity,0.0469213
59,2024,311FT,Commodity,HS,Commodity,0.0001956
59,2024,311FT,Commodity,ORE,Commodity,0.0042212
59,2024,311FT,Commodity,Other,Commodity,0.0016356
59,2024,311FT,Commodity,Used,Commodity,0.02155
59,2024,313TT,Commodity,111CA,Commodity,0.0006458
59,2024,313TT,Commodity,113FF,Commodity,0.000272
59,2024,313TT,Commodity,211,Commodity,0.0003527
59,2024,313TT,Commodity,212,Commodity,0.0006794
59,2024,313TT,Commodity,213,Commodity,0.0003634
59,2024,313TT,Commodity,22,Commodity,0.0004098
59,2024,313TT,Commodity,23,Commodity,0.0020427
59,2024,313TT,Commodity,311FT,Commodity,0.0016126
59,2024,313TT,Commodity,313TT,Commodity,1.1825396
59,2024,313TT,Commodity,315AL,Commodity,0.1020933
59,2024,313TT,Commodity,321,Commodity,0.0059176
59,2024,313TT,Commodity,322,Commodity,0.0248575
59,2024,313TT,Commodity,323,Commodity,0.0076013
59,2024,313TT,Commodity,324,Commodity,0.0003941
59,2024,313TT,Commodity,325,Commodity,0.0014733
59,2024,313TT,Commodity,326,Commodity,0.0116716
59,2024,313TT,Commodity,327,Commodity,0.0031148
59,2024,313TT,Commodity,331,Commodity,0.0011336
59,2024,313TT,Commodity,332,Commodity,0.0009639
59,2024,313TT,Commodity,333,Commodity,0.0032773
59,2024,313TT,Commodity,334,Commodity,0.0004068
59,2024,313TT,Commodity,335,Commodity,0.0012375
59,2024,313TT,Commodity,3361MV,Commodity,0.0057877
59,2024,313TT,Commodity,3364OT,Commodity,0.0034071
59,2024,313TT,Commodity,337,Commodity,0.0457132
59,2024,313TT,Commodity,339,Commodity,0.0101665
59,2024,313TT,Commodity,42,Commodity,0.0010445
59,2024,313TT,Commodity,441,Commodity,0.0003948
59,2024,313TT,Commodity,445,Commodity,0.0005948
59,2024,313TT,Commodity,452,Commodity,0.0124358
59,2024,313TT,Commodity,481,Commodity,0.0003228
59,2024,313TT,Commodity,482,Commodity,0.0005692
59,2024,313TT,Commodity,483,Commodity,0.0008166
59,2024,313TT,Commodity,484,Commodity,0.0004748
59,2024,313TT,Commodity,485,Commodity,0.000572
59,2024,313TT,Commodity,486,Commodity,0.0002569
59,2024,313TT,Commodity,487OS,Commodity,0.0005179
59,2024,313TT,Commodity,493,Commodity,0.0002899
59,2024,313TT,Commodity,4A0,Commodity,0.0012294
59,2024,313TT,Commodity,511,Commodity,0.0002311
59,2024,313TT,Commodity,512,Commodity,0.0016258
59,2024,313TT,Commodity,513,Commodity,0.0004108
59,2024,313TT,Commodity,514,Commodity,0.0003167
59,2024,313TT,Commodity,521CI,Commodity,0.0001721
59,2024,313TT,Commodity,523,Commodity,0.0003142
59,2024,313TT,Commodity,524,Commodity,0.0001952
59,2024,313TT,Commodity,525,Commodity,0.0002591
59,2024,313TT,Commodity,532RL,Commodity,0.0006848
59,2024,313TT,Commodity,5411,Commodity,0.0001335
59,2024,313TT,Commodity,5412OP,Commodity,0.0005093
59,2024,313TT,Commodity,5415,Commodity,0.000232
59,2024,313TT,Commodity,55,Commodity,0.0002674
59,2024,313TT,Commodity,561,Commodity,0.0006927
59,2024,313TT,Commodity,562,Commodity,0.0020536
59,2024,313TT,Commodity,61,Commodity,0.0005345
59,2024,313TT,Commodity,621,Commodity,0.0005656
59,2024,313TT,Commodity,622,Commodity,0.0009375
59,2024,313TT,Commodity,623,Commodity,0.0056853
59,2024,313TT,Commodity,624,Commodity,0.0040503
59,2024,313TT,Commodity,711AS,Commodity,0.0003463
59,2024,313TT,Commodity,713,Commodity,0.0008595
59,2024,313TT,Commodity,721,Commodity,0.0038758
59,2024,313TT,Commodity,722,Commodity,0.0008506
59,2024,313TT,Commodity,81,Commodity,0.0010733
59,2024,313TT,Commodity,GFE,Commodity,0.0005655
59,2024,313TT,Commodity,GFGD,Commodity,0.0012705
59,2024,313TT,Commodity,GFGN,Commodity,0.0010534
59,2024,313TT,Commodity,GSLE,Commodity,0.0010893
59,2024,313TT,Commodity,GSLG,Commodity,0.0011397
59,2024,313TT,Commodity,HS,Commodity,0.0001154
59,2024,313TT,Commodity,ORE,Commodity,0.0005064
59,2024,313TT,Commodity,Other,Commodity,0.0010534
59,2024,313TT,Commodity,Used,Commodity,0.0027951
59,2024,315AL,Commodity,111CA,Commodity,0.000127
59,2024,315AL,Commodity,113FF,Commodity,3.72e-5
59,2024,315AL,Commodity,211,Commodity,3.27e-5
59,2024,315AL,Commodity,212,Commodity,5.02e-5
59,2024,315AL,Commodity,213,Commodity,2.86e-5
59,2024,315AL,Commodity,22,Commodity,8.31e-5
59,2024,315AL,Commodity,23,Commodity,4.12e-5
59,2024,315AL,Commodity,311FT,Commodity,0.0001161
59,2024,315AL,Commodity,313TT,Commodity,0.0002353
59,2024,315AL,Commodity,315AL,Commodity,1.0265792
59,2024,315AL,Commodity,321,Commodity,8.83e-5
59,2024,315AL,Commodity,322,Commodity,7.31e-5
59,2024,315AL,Commodity,323,Commodity,0.0001694
59,2024,315AL,Commodity,324,Commodity,2.9e-5
59,2024,315AL,Commodity,325,Commodity,3.49e-5
59,2024,315AL,Commodity,326,Commodity,5.22e-5
59,2024,315AL,Commodity,327,Commodity,5.63e-5
59,2024,315AL,Commodity,331,Commodity,9.9e-5
59,2024,315AL,Commodity,332,Commodity,7.07e-5
59,2024,315AL,Commodity,333,Commodity,0.000129
59,2024,315AL,Commodity,334,Commodity,2.62e-5
59,2024,315AL,Commodity,335,Commodity,6.76e-5
59,2024,315AL,Commodity,3361MV,Commodity,0.0026456
59,2024,315AL,Commodity,3364OT,Commodity,0.000111
59,2024,315AL,Commodity,337,Commodity,6.92e-5
59,2024,315AL,Commodity,339,Commodity,0.0007593
59,2024,315AL,Commodity,42,Commodity,0.0001166
59,2024,315AL,Commodity,441,Commodity,4.95e-5
59,2024,315AL,Commodity,445,Commodity,4.46e-5
59,2024,315AL,Commodity,452,Commodity,0.0002594
59,2024,315AL,Commodity,481,Commodity,2.84e-5
59,2024,315AL,Commodity,482,Commodity,2.99e-5
59,2024,315AL,Commodity,483,Commodity,0.0001236
59,2024,315AL,Commodity,484,Commodity,8.85e-5
59,2024,315AL,Commodity,485,Commodity,7.29e-5
59,2024,315AL,Commodity,486,Commodity,3.11e-5
59,2024,315AL,Commodity,487OS,Commodity,4.45e-5
59,2024,315AL,Commodity,493,Commodity,4.85e-5
59,2024,315AL,Commodity,4A0,Commodity,0.0001188
59,2024,315AL,Commodity,511,Commodity,2.08e-5
59,2024,315AL,Commodity,512,Commodity,3.12e-5
59,2024,315AL,Commodity,513,Commodity,4.02e-5
59,2024,315AL,Commodity,514,Commodity,2.95e-5
59,2024,315AL,Commodity,521CI,Commodity,1.82e-5
59,2024,315AL,Commodity,523,Commodity,3.61e-5
59,2024,315AL,Commodity,524,Commodity,2.24e-5
59,2024,315AL,Commodity,525,Commodity,2.92e-5
59,2024,315AL,Commodity,532RL,Commodity,8.37e-5
59,2024,315AL,Commodity,5411,Commodity,1.31e-5
59,2024,315AL,Commodity,5412OP,Commodity,3.22e-5
59,2024,315AL,Commodity,5415,Commodity,2.01e-5
59,2024,315AL,Commodity,55,Commodity,3.11e-5
59,2024,315AL,Commodity,561,Commodity,0.0001144
59,2024,315AL,Commodity,562,Commodity,0.0003786
59,2024,315AL,Commodity,61,Commodity,0.0001286
59,2024,315AL,Commodity,621,Commodity,4.53e-5
59,2024,315AL,Commodity,622,Commodity,0.0001334
59,2024,315AL,Commodity,623,Commodity,3.36e-5
59,2024,315AL,Commodity,624,Commodity,7.04e-5
59,2024,315AL,Commodity,711AS,Commodity,0.0001313
59,2024,315AL,Commodity,713,Commodity,0.0001523
59,2024,315AL,Commodity,721,Commodity,5.45e-5
59,2024,315AL,Commodity,722,Commodity,5.78e-5
59,2024,315AL,Commodity,81,Commodity,0.0007922
59,2024,315AL,Commodity,GFE,Commodity,0.0019401
59,2024,315AL,Commodity,GFGD,Commodity,0.0002315
59,2024,315AL,Commodity,GFGN,Commodity,7.35e-5
59,2024,315AL,Commodity,GSLE,Commodity,0.0001059
59,2024,315AL,Commodity,GSLG,Commodity,0.0004063
59,2024,315AL,Commodity,HS,Commodity,9.7e-6
59,2024,315AL,Commodity,ORE,Commodity,5.09e-5
59,2024,315AL,Commodity,Other,Commodity,7.35e-5
59,2024,315AL,Commodity,Used,Commodity,0.0003192
59,2024,321,Commodity,111CA,Commodity,0.005245
59,2024,321,Commodity,113FF,Commodity,0.0020662
59,2024,321,Commodity,211,Commodity,0.0015715
59,2024,321,Commodity,212,Commodity,0.0071754
59,2024,321,Commodity,213,Commodity,0.0032674
59,2024,321,Commodity,22,Commodity,0.0032446
59,2024,321,Commodity,23,Commodity,0.0371824
59,2024,321,Commodity,311FT,Commodity,0.0051202
59,2024,321,Commodity,313TT,Commodity,0.005302
59,2024,321,Commodity,315AL,Commodity,0.0025462
59,2024,321,Commodity,321,Commodity,1.2583826
59,2024,321,Commodity,322,Commodity,0.0375466
59,2024,321,Commodity,323,Commodity,0.0062417
59,2024,321,Commodity,324,Commodity,0.0018002
59,2024,321,Commodity,325,Commodity,0.0026422
59,2024,321,Commodity,326,Commodity,0.0133872
59,2024,321,Commodity,327,Commodity,0.0065408
59,2024,321,Commodity,331,Commodity,0.0084369
59,2024,321,Commodity,332,Commodity,0.0051767
59,2024,321,Commodity,333,Commodity,0.0061668
59,2024,321,Commodity,334,Commodity,0.0027096
59,2024,321,Commodity,335,Commodity,0.0100996
59,2024,321,Commodity,3361MV,Commodity,0.0120774
59,2024,321,Commodity,3364OT,Commodity,0.002973
59,2024,321,Commodity,337,Commodity,0.1185585
59,2024,321,Commodity,339,Commodity,0.0121349
59,2024,321,Commodity,42,Commodity,0.0056013
59,2024,321,Commodity,441,Commodity,0.0024225
59,2024,321,Commodity,445,Commodity,0.0050331
59,2024,321,Commodity,452,Commodity,0.0019568
59,2024,321,Commodity,481,Commodity,0.0011982
59,2024,321,Commodity,482,Commodity,0.054397
59,2024,321,Commodity,483,Commodity,0.0020776
59,2024,321,Commodity,484,Commodity,0.0028707
59,2024,321,Commodity,485,Commodity,0.0023797
59,2024,321,Commodity,486,Commodity,0.0022166
59,2024,321,Commodity,487OS,Commodity,0.0023249
59,2024,321,Commodity,493,Commodity,0.0021826
59,2024,321,Commodity,4A0,Commodity,0.0030769
59,2024,321,Commodity,511,Commodity,0.0011535
59,2024,321,Commodity,512,Commodity,0.0014049
59,2024,321,Commodity,513,Commodity,0.002704
59,2024,321,Commodity,514,Commodity,0.0034495
59,2024,321,Commodity,521CI,Commodity,0.0010844
59,2024,321,Commodity,523,Commodity,0.0015481
59,2024,321,Commodity,524,Commodity,0.0007444
59,2024,321,Commodity,525,Commodity,0.0013117
59,2024,321,Commodity,532RL,Commodity,0.0031458
59,2024,321,Commodity,5411,Commodity,0.0008255
59,2024,321,Commodity,5412OP,Commodity,0.0019931
59,2024,321,Commodity,5415,Commodity,0.0008883
59,2024,321,Commodity,55,Commodity,0.0013792
59,2024,321,Commodity,561,Commodity,0.0026911
59,2024,321,Commodity,562,Commodity,0.002523
59,2024,321,Commodity,61,Commodity,0.0023694
59,2024,321,Commodity,621,Commodity,0.0019521
59,2024,321,Commodity,622,Commodity,0.003011
59,2024,321,Commodity,623,Commodity,0.0020335
59,2024,321,Commodity,624,Commodity,0.0049978
59,2024,321,Commodity,711AS,Commodity,0.0016698
59,2024,321,Commodity,713,Commodity,0.0046521
59,2024,321,Commodity,721,Commodity,0.0056377
59,2024,321,Commodity,722,Commodity,0.0033504
59,2024,321,Commodity,81,Commodity,0.003054
59,2024,321,Commodity,GFE,Commodity,0.001734
59,2024,321,Commodity,GFGD,Commodity,0.0020687
59,2024,321,Commodity,GFGN,Commodity,0.0015662
59,2024,321,Commodity,GSLE,Commodity,0.0091361
59,2024,321,Commodity,GSLG,Commodity,0.0040228
59,2024,321,Commodity,HS,Commodity,0.0012476
59,2024,321,Commodity,ORE,Commodity,0.0082044
59,2024,321,Commodity,Other,Commodity,0.0015662
59,2024,321,Commodity,Used,Commodity,0.0131552
59,2024,322,Commodity,111CA,Commodity,0.0086928
59,2024,322,Commodity,113FF,Commodity,0.002018
59,2024,322,Commodity,211,Commodity,0.0032337
59,2024,322,Commodity,212,Commodity,0.0054906
59,2024,322,Commodity,213,Commodity,0.0028196
59,2024,322,Commodity,22,Commodity,0.0025194
59,2024,322,Commodity,23,Commodity,0.0080148
59,2024,322,Commodity,311FT,Commodity,0.0415288
59,2024,322,Commodity,313TT,Commodity,0.0237818
59,2024,322,Commodity,315AL,Commodity,0.0078454
59,2024,322,Commodity,321,Commodity,0.0206848
59,2024,322,Commodity,322,Commodity,1.3050858
59,2024,322,Commodity,323,Commodity,0.1410838
59,2024,322,Commodity,324,Commodity,0.0033374
59,2024,322,Commodity,325,Commodity,0.0129438
59,2024,322,Commodity,326,Commodity,0.0329797
59,2024,322,Commodity,327,Commodity,0.0270932
59,2024,322,Commodity,331,Commodity,0.02011
59,2024,322,Commodity,332,Commodity,0.0162264
59,2024,322,Commodity,333,Commodity,0.013
59,2024,322,Commodity,334,Commodity,0.0046869
59,2024,322,Commodity,335,Commodity,0.0249002
59,2024,322,Commodity,3361MV,Commodity,0.0231727
59,2024,322,Commodity,3364OT,Commodity,0.006511
59,2024,322,Commodity,337,Commodity,0.0366442
59,2024,322,Commodity,339,Commodity,0.0235267
59,2024,322,Commodity,42,Commodity,0.0066335
59,2024,322,Commodity,441,Commodity,0.0027526
59,2024,322,Commodity,445,Commodity,0.0053
59,2024,322,Commodity,452,Commodity,0.0026455
59,2024,322,Commodity,481,Commodity,0.0030653
59,2024,322,Commodity,482,Commodity,0.0036583
59,2024,322,Commodity,483,Commodity,0.0043702
59,2024,322,Commodity,484,Commodity,0.0037588
59,2024,322,Commodity,485,Commodity,0.0132563
59,2024,322,Commodity,486,Commodity,0.0025482
59,2024,322,Commodity,487OS,Commodity,0.0069477
59,2024,322,Commodity,493,Commodity,0.0033053
59,2024,322,Commodity,4A0,Commodity,0.003966
59,2024,322,Commodity,511,Commodity,0.0036209
59,2024,322,Commodity,512,Commodity,0.0021625
59,2024,322,Commodity,513,Commodity,0.0029139
59,2024,322,Commodity,514,Commodity,0.0033609
59,2024,322,Commodity,521CI,Commodity,0.002246
59,2024,322,Commodity,523,Commodity,0.0038632
59,2024,322,Commodity,524,Commodity,0.0039731
59,2024,322,Commodity,525,Commodity,0.003055
59,2024,322,Commodity,532RL,Commodity,0.0049907
59,2024,322,Commodity,5411,Commodity,0.0021102
59,2024,322,Commodity,5412OP,Commodity,0.0049655
59,2024,322,Commodity,5415,Commodity,0.0028239
59,2024,322,Commodity,55,Commodity,0.0029219
59,2024,322,Commodity,561,Commodity,0.0087113
59,2024,322,Commodity,562,Commodity,0.0072985
59,2024,322,Commodity,61,Commodity,0.005848
59,2024,322,Commodity,621,Commodity,0.0041395
59,2024,322,Commodity,622,Commodity,0.006344
59,2024,322,Commodity,623,Commodity,0.0059061
59,2024,322,Commodity,624,Commodity,0.0093304
59,2024,322,Commodity,711AS,Commodity,0.0029182
59,2024,322,Commodity,713,Commodity,0.0045977
59,2024,322,Commodity,721,Commodity,0.0155155
59,2024,322,Commodity,722,Commodity,0.0102147
59,2024,322,Commodity,81,Commodity,0.0048207
59,2024,322,Commodity,GFE,Commodity,0.0042219
59,2024,322,Commodity,GFGD,Commodity,0.00425
59,2024,322,Commodity,GFGN,Commodity,0.0083487
59,2024,322,Commodity,GSLE,Commodity,0.0053032
59,2024,322,Commodity,GSLG,Commodity,0.0107277
59,2024,322,Commodity,HS,Commodity,0.0004739
59,2024,322,Commodity,ORE,Commodity,0.0041019
59,2024,322,Commodity,Other,Commodity,0.0083487
59,2024,322,Commodity,Used,Commodity,0.0276166
59,2024,323,Commodity,111CA,Commodity,0.0009121
59,2024,323,Commodity,113FF,Commodity,0.0004646
59,2024,323,Commodity,211,Commodity,0.0006531
59,2024,323,Commodity,212,Commodity,0.0007974
59,2024,323,Commodity,213,Commodity,0.0006671
59,2024,323,Commodity,22,Commodity,0.0008821
59,2024,323,Commodity,23,Commodity,0.0009182
59,2024,323,Commodity,311FT,Commodity,0.0011193
59,2024,323,Commodity,313TT,Commodity,0.0010695
59,2024,323,Commodity,315AL,Commodity,0.000808
59,2024,323,Commodity,321,Commodity,0.0010218
59,2024,323,Commodity,322,Commodity,0.0010542
59,2024,323,Commodity,323,Commodity,1.0121304
59,2024,323,Commodity,324,Commodity,0.0006237
59,2024,323,Commodity,325,Commodity,0.0007107
59,2024,323,Commodity,326,Commodity,0.0009414
59,2024,323,Commodity,327,Commodity,0.000871
59,2024,323,Commodity,331,Commodity,0.0014483
59,2024,323,Commodity,332,Commodity,0.0010554
59,2024,323,Commodity,333,Commodity,0.0009335
59,2024,323,Commodity,334,Commodity,0.0004026
59,2024,323,Commodity,335,Commodity,0.0010266
59,2024,323,Commodity,3361MV,Commodity,0.0013307
59,2024,323,Commodity,3364OT,Commodity,0.000644
59,2024,323,Commodity,337,Commodity,0.0010401
59,2024,323,Commodity,339,Commodity,0.0007412
59,2024,323,Commodity,42,Commodity,0.0040648
59,2024,323,Commodity,441,Commodity,0.0013071
59,2024,323,Commodity,445,Commodity,0.0009966
59,2024,323,Commodity,452,Commodity,0.0008292
59,2024,323,Commodity,481,Commodity,0.0009317
59,2024,323,Commodity,482,Commodity,0.0007944
59,2024,323,Commodity,483,Commodity,0.0014485
59,2024,323,Commodity,484,Commodity,0.0012781
59,2024,323,Commodity,485,Commodity,0.0022239
59,2024,323,Commodity,486,Commodity,0.0006407
59,2024,323,Commodity,487OS,Commodity,0.0014485
59,2024,323,Commodity,493,Commodity,0.0005815
59,2024,323,Commodity,4A0,Commodity,0.0050263
59,2024,323,Commodity,511,Commodity,0.0062472
59,2024,323,Commodity,512,Commodity,0.0034395
59,2024,323,Commodity,513,Commodity,0.0013782
59,2024,323,Commodity,514,Commodity,0.0056443
59,2024,323,Commodity,521CI,Commodity,0.0012269
59,2024,323,Commodity,523,Commodity,0.0027425
59,2024,323,Commodity,524,Commodity,0.0037383
59,2024,323,Commodity,525,Commodity,0.0021215
59,2024,323,Commodity,532RL,Commodity,0.0017693
59,2024,323,Commodity,5411,Commodity,0.0015481
59,2024,323,Commodity,5412OP,Commodity,0.002735
59,2024,323,Commodity,5415,Commodity,0.0010976
59,2024,323,Commodity,55,Commodity,0.0016999
59,2024,323,Commodity,561,Commodity,0.0031167
59,2024,323,Commodity,562,Commodity,0.001386
59,2024,323,Commodity,61,Commodity,0.0026766
59,2024,323,Commodity,621,Commodity,0.0018379
59,2024,323,Commodity,622,Commodity,0.0039502
59,2024,323,Commodity,623,Commodity,0.0011597
59,2024,323,Commodity,624,Commodity,0.0052542
59,2024,323,Commodity,711AS,Commodity,0.0039673
59,2024,323,Commodity,713,Commodity,0.00197
59,2024,323,Commodity,721,Commodity,0.002834
59,2024,323,Commodity,722,Commodity,0.001738
59,2024,323,Commodity,81,Commodity,0.0018589
59,2024,323,Commodity,GFE,Commodity,0.0010288
59,2024,323,Commodity,GFGD,Commodity,0.0021991
59,2024,323,Commodity,GFGN,Commodity,0.0036558
59,2024,323,Commodity,GSLE,Commodity,0.0020742
59,2024,323,Commodity,GSLG,Commodity,0.0044749
59,2024,323,Commodity,HS,Commodity,0.0001485
59,2024,323,Commodity,ORE,Commodity,0.0012915
59,2024,323,Commodity,Other,Commodity,0.0036558
59,2024,323,Commodity,Used,Commodity,0.0026437
59,2024,324,Commodity,111CA,Commodity,0.0229241
59,2024,324,Commodity,113FF,Commodity,0.0077764
59,2024,324,Commodity,211,Commodity,0.0135997
59,2024,324,Commodity,212,Commodity,0.021883
59,2024,324,Commodity,213,Commodity,0.0104998
59,2024,324,Commodity,22,Commodity,0.0324237
59,2024,324,Commodity,23,Commodity,0.0234644
59,2024,324,Commodity,311FT,Commodity,0.0144105
59,2024,324,Commodity,313TT,Commodity,0.0091935
59,2024,324,Commodity,315AL,Commodity,0.0046659
59,2024,324,Commodity,321,Commodity,0.0112093
59,2024,324,Commodity,322,Commodity,0.0143917
59,2024,324,Commodity,323,Commodity,0.012308
59,2024,324,Commodity,324,Commodity,1.0274928
59,2024,324,Commodity,325,Commodity,0.0148381
59,2024,324,Commodity,326,Commodity,0.0108155
59,2024,324,Commodity,327,Commodity,0.0124307
59,2024,324,Commodity,331,Commodity,0.0229507
59,2024,324,Commodity,332,Commodity,0.0107765
59,2024,324,Commodity,333,Commodity,0.008869
59,2024,324,Commodity,334,Commodity,0.0025924
59,2024,324,Commodity,335,Commodity,0.0138812
59,2024,324,Commodity,3361MV,Commodity,0.008264
59,2024,324,Commodity,3364OT,Commodity,0.0038119
59,2024,324,Commodity,337,Commodity,0.0096949
59,2024,324,Commodity,339,Commodity,0.0083977
59,2024,324,Commodity,42,Commodity,0.0047993
59,2024,324,Commodity,441,Commodity,0.005254
59,2024,324,Commodity,445,Commodity,0.0056014
59,2024,324,Commodity,452,Commodity,0.0030265
59,2024,324,Commodity,481,Commodity,0.089434
59,2024,324,Commodity,482,Commodity,0.0325632
59,2024,324,Commodity,483,Commodity,0.070674
59,2024,324,Commodity,484,Commodity,0.0569744
59,2024,324,Commodity,485,Commodity,0.0278446
59,2024,324,Commodity,486,Commodity,0.0068025
59,2024,324,Commodity,487OS,Commodity,0.0334342
59,2024,324,Commodity,493,Commodity,0.0136802
59,2024,324,Commodity,4A0,Commodity,0.0041903
59,2024,324,Commodity,511,Commodity,0.0021706
59,2024,324,Commodity,512,Commodity,0.002237
59,2024,324,Commodity,513,Commodity,0.0032185
59,2024,324,Commodity,514,Commodity,0.0034151
59,2024,324,Commodity,521CI,Commodity,0.005045
59,2024,324,Commodity,523,Commodity,0.0086336
59,2024,324,Commodity,524,Commodity,0.0013487
59,2024,324,Commodity,525,Commodity,0.0076478
59,2024,324,Commodity,532RL,Commodity,0.0065191
59,2024,324,Commodity,5411,Commodity,0.0014972
59,2024,324,Commodity,5412OP,Commodity,0.0035217
59,2024,324,Commodity,5415,Commodity,0.003316
59,2024,324,Commodity,55,Commodity,0.003049
59,2024,324,Commodity,561,Commodity,0.0072584
59,2024,324,Commodity,562,Commodity,0.0191564
59,2024,324,Commodity,61,Commodity,0.0134751
59,2024,324,Commodity,621,Commodity,0.0049114
59,2024,324,Commodity,622,Commodity,0.010808
59,2024,324,Commodity,623,Commodity,0.0055874
59,2024,324,Commodity,624,Commodity,0.0059597
59,2024,324,Commodity,711AS,Commodity,0.0043193
59,2024,324,Commodity,713,Commodity,0.0143583
59,2024,324,Commodity,721,Commodity,0.0052981
59,2024,324,Commodity,722,Commodity,0.0070408
59,2024,324,Commodity,81,Commodity,0.0052157
59,2024,324,Commodity,GFE,Commodity,0.0113474
59,2024,324,Commodity,GFGD,Commodity,0.014154
59,2024,324,Commodity,GFGN,Commodity,0.0043745
59,2024,324,Commodity,GSLE,Commodity,0.0461976
59,2024,324,Commodity,GSLG,Commodity,0.0342199
59,2024,324,Commodity,HS,Commodity,0.0011509
59,2024,324,Commodity,ORE,Commodity,0.0086314
59,2024,324,Commodity,Other,Commodity,0.0043745
59,2024,324,Commodity,Used,Commodity,0.0217161
59,2024,325,Commodity,111CA,Commodity,0.0973673
59,2024,325,Commodity,113FF,Commodity,0.0308188
59,2024,325,Commodity,211,Commodity,0.0373575
59,2024,325,Commodity,212,Commodity,0.037551
59,2024,325,Commodity,213,Commodity,0.0201294
59,2024,325,Commodity,22,Commodity,0.0175227
59,2024,325,Commodity,23,Commodity,0.0321898
59,2024,325,Commodity,311FT,Commodity,0.0611389
59,2024,325,Commodity,313TT,Commodity,0.3465784
59,2024,325,Commodity,315AL,Commodity,0.054722
59,2024,325,Commodity,321,Commodity,0.0963685
59,2024,325,Commodity,322,Commodity,0.0959562
59,2024,325,Commodity,323,Commodity,0.1080721
59,2024,325,Commodity,324,Commodity,0.059432
59,2024,325,Commodity,325,Commodity,1.2955379
59,2024,325,Commodity,326,Commodity,0.3751709
59,2024,325,Commodity,327,Commodity,0.0594429
59,2024,325,Commodity,331,Commodity,0.0316848
59,2024,325,Commodity,332,Commodity,0.0446506
59,2024,325,Commodity,333,Commodity,0.0319106
59,2024,325,Commodity,334,Commodity,0.0168827
59,2024,325,Commodity,335,Commodity,0.052303
59,2024,325,Commodity,3361MV,Commodity,0.0645848
59,2024,325,Commodity,3364OT,Commodity,0.0204772
59,2024,325,Commodity,337,Commodity,0.0813612
59,2024,325,Commodity,339,Commodity,0.0718359
59,2024,325,Commodity,42,Commodity,0.0127296
59,2024,325,Commodity,441,Commodity,0.0097413
59,2024,325,Commodity,445,Commodity,0.0099995
59,2024,325,Commodity,452,Commodity,0.0088057
59,2024,325,Commodity,481,Commodity,0.0105817
59,2024,325,Commodity,482,Commodity,0.0134103
59,2024,325,Commodity,483,Commodity,0.0143407
59,2024,325,Commodity,484,Commodity,0.0111602
59,2024,325,Commodity,485,Commodity,0.0124784
59,2024,325,Commodity,486,Commodity,0.0075728
59,2024,325,Commodity,487OS,Commodity,0.0114959
59,2024,325,Commodity,493,Commodity,0.0086661
59,2024,325,Commodity,4A0,Commodity,0.0098879
59,2024,325,Commodity,511,Commodity,0.0072211
59,2024,325,Commodity,512,Commodity,0.0082753
59,2024,325,Commodity,513,Commodity,0.0105879
59,2024,325,Commodity,514,Commodity,0.0114987
59,2024,325,Commodity,521CI,Commodity,0.0050203
59,2024,325,Commodity,523,Commodity,0.0092461
59,2024,325,Commodity,524,Commodity,0.0052984
59,2024,325,Commodity,525,Commodity,0.0078213
59,2024,325,Commodity,532RL,Commodity,0.0096631
59,2024,325,Commodity,5411,Commodity,0.0039453
59,2024,325,Commodity,5412OP,Commodity,0.0388968
59,2024,325,Commodity,5415,Commodity,0.0071615
59,2024,325,Commodity,55,Commodity,0.0145386
59,2024,325,Commodity,561,Commodity,0.0212067
59,2024,325,Commodity,562,Commodity,0.0294136
59,2024,325,Commodity,61,Commodity,0.0177257
59,2024,325,Commodity,621,Commodity,0.0553844
59,2024,325,Commodity,622,Commodity,0.0383837
59,2024,325,Commodity,623,Commodity,0.0233281
59,2024,325,Commodity,624,Commodity,0.0158827
59,2024,325,Commodity,711AS,Commodity,0.0091826
59,2024,325,Commodity,713,Commodity,0.020485
59,2024,325,Commodity,721,Commodity,0.009207
59,2024,325,Commodity,722,Commodity,0.0155993
59,2024,325,Commodity,81,Commodity,0.0154184
59,2024,325,Commodity,GFE,Commodity,0.0075752
59,2024,325,Commodity,GFGD,Commodity,0.0197867
59,2024,325,Commodity,GFGN,Commodity,0.0163526
59,2024,325,Commodity,GSLE,Commodity,0.0419377
59,2024,325,Commodity,GSLG,Commodity,0.037581
59,2024,325,Commodity,HS,Commodity,0.0018398
59,2024,325,Commodity,ORE,Commodity,0.0197201
59,2024,325,Commodity,Other,Commodity,0.0163526
59,2024,325,Commodity,Used,Commodity,0.0507196
59,2024,326,Commodity,111CA,Commodity,0.0122444
59,2024,326,Commodity,113FF,Commodity,0.0031844
59,2024,326,Commodity,211,Commodity,0.0040516
59,2024,326,Commodity,212,Commodity,0.0162033
59,2024,326,Commodity,213,Commodity,0.0067411
59,2024,326,Commodity,22,Commodity,0.0062159
59,2024,326,Commodity,23,Commodity,0.0220387
59,2024,326,Commodity,311FT,Commodity,0.0327128
59,2024,326,Commodity,313TT,Commodity,0.0210841
59,2024,326,Commodity,315AL,Commodity,0.0088525
59,2024,326,Commodity,321,Commodity,0.0186251
59,2024,326,Commodity,322,Commodity,0.0260506
59,2024,326,Commodity,323,Commodity,0.0452342
59,2024,326,Commodity,324,Commodity,0.004316
59,2024,326,Commodity,325,Commodity,0.0168794
59,2024,326,Commodity,326,Commodity,1.0866504
59,2024,326,Commodity,327,Commodity,0.0153998
59,2024,326,Commodity,331,Commodity,0.0122747
59,2024,326,Commodity,332,Commodity,0.0140771
59,2024,326,Commodity,333,Commodity,0.0301818
59,2024,326,Commodity,334,Commodity,0.0101138
59,2024,326,Commodity,335,Commodity,0.0271365
59,2024,326,Commodity,3361MV,Commodity,0.0522217
59,2024,326,Commodity,3364OT,Commodity,0.0151035
59,2024,326,Commodity,337,Commodity,0.0446791
59,2024,326,Commodity,339,Commodity,0.029608
59,2024,326,Commodity,42,Commodity,0.0120325
59,2024,326,Commodity,441,Commodity,0.0056332
59,2024,326,Commodity,445,Commodity,0.0080176
59,2024,326,Commodity,452,Commodity,0.0031395
59,2024,326,Commodity,481,Commodity,0.0042308
59,2024,326,Commodity,482,Commodity,0.0039365
59,2024,326,Commodity,483,Commodity,0.0050279
59,2024,326,Commodity,484,Commodity,0.0060098
59,2024,326,Commodity,485,Commodity,0.0058007
59,2024,326,Commodity,486,Commodity,0.0034811
59,2024,326,Commodity,487OS,Commodity,0.0091914
59,2024,326,Commodity,493,Commodity,0.0040425
59,2024,326,Commodity,4A0,Commodity,0.0057105
59,2024,326,Commodity,511,Commodity,0.002514
59,2024,326,Commodity,512,Commodity,0.0021559
59,2024,326,Commodity,513,Commodity,0.0083298
59,2024,326,Commodity,514,Commodity,0.0040885
59,2024,326,Commodity,521CI,Commodity,0.0014551
59,2024,326,Commodity,523,Commodity,0.0026925
59,2024,326,Commodity,524,Commodity,0.0034134
59,2024,326,Commodity,525,Commodity,0.002413
59,2024,326,Commodity,532RL,Commodity,0.0073812
59,2024,326,Commodity,5411,Commodity,0.0011678
59,2024,326,Commodity,5412OP,Commodity,0.0061227
59,2024,326,Commodity,5415,Commodity,0.004136
59,2024,326,Commodity,55,Commodity,0.0024787
59,2024,326,Commodity,561,Commodity,0.0061407
59,2024,326,Commodity,562,Commodity,0.008542
59,2024,326,Commodity,61,Commodity,0.0058893
59,2024,326,Commodity,621,Commodity,0.0107309
59,2024,326,Commodity,622,Commodity,0.0092255
59,2024,326,Commodity,623,Commodity,0.0096759
59,2024,326,Commodity,624,Commodity,0.0111212
59,2024,326,Commodity,711AS,Commodity,0.0025986
59,2024,326,Commodity,713,Commodity,0.0075944
59,2024,326,Commodity,721,Commodity,0.0036875
59,2024,326,Commodity,722,Commodity,0.0115207
59,2024,326,Commodity,81,Commodity,0.0068616
59,2024,326,Commodity,GFE,Commodity,0.0035056
59,2024,326,Commodity,GFGD,Commodity,0.0103096
59,2024,326,Commodity,GFGN,Commodity,0.0053148
59,2024,326,Commodity,GSLE,Commodity,0.019759
59,2024,326,Commodity,GSLG,Commodity,0.0105112
59,2024,326,Commodity,HS,Commodity,0.0008954
59,2024,326,Commodity,ORE,Commodity,0.0044215
59,2024,326,Commodity,Other,Commodity,0.0053148
59,2024,326,Commodity,Used,Commodity,0.0159647
59,2024,327,Commodity,111CA,Commodity,0.0020971
59,2024,327,Commodity,113FF,Commodity,0.0006317
59,2024,327,Commodity,211,Commodity,0.0066738
59,2024,327,Commodity,212,Commodity,0.0103333
59,2024,327,Commodity,213,Commodity,0.0079584
59,2024,327,Commodity,22,Commodity,0.0055182
59,2024,327,Commodity,23,Commodity,0.0458775
59,2024,327,Commodity,311FT,Commodity,0.0057455
59,2024,327,Commodity,313TT,Commodity,0.003714
59,2024,327,Commodity,315AL,Commodity,0.0023499
59,2024,327,Commodity,321,Commodity,0.0101172
59,2024,327,Commodity,322,Commodity,0.0054802
59,2024,327,Commodity,323,Commodity,0.002393
59,2024,327,Commodity,324,Commodity,0.0062771
59,2024,327,Commodity,325,Commodity,0.003898
59,2024,327,Commodity,326,Commodity,0.0105455
59,2024,327,Commodity,327,Commodity,1.135572
59,2024,327,Commodity,331,Commodity,0.0187114
59,2024,327,Commodity,332,Commodity,0.0099733
59,2024,327,Commodity,333,Commodity,0.0083198
59,2024,327,Commodity,334,Commodity,0.0019044
59,2024,327,Commodity,335,Commodity,0.0156458
59,2024,327,Commodity,3361MV,Commodity,0.0179689
59,2024,327,Commodity,3364OT,Commodity,0.0033632
59,2024,327,Commodity,337,Commodity,0.0080902
59,2024,327,Commodity,339,Commodity,0.0069168
59,2024,327,Commodity,42,Commodity,0.0012301
59,2024,327,Commodity,441,Commodity,0.0020497
59,2024,327,Commodity,445,Commodity,0.0018461
59,2024,327,Commodity,452,Commodity,0.0010509
59,2024,327,Commodity,481,Commodity,0.001544
59,2024,327,Commodity,482,Commodity,0.003223
59,2024,327,Commodity,483,Commodity,0.0022443
59,2024,327,Commodity,484,Commodity,0.0020026
59,2024,327,Commodity,485,Commodity,0.0027388
59,2024,327,Commodity,486,Commodity,0.0026174
59,2024,327,Commodity,487OS,Commodity,0.00237
59,2024,327,Commodity,493,Commodity,0.001546
59,2024,327,Commodity,4A0,Commodity,0.0015719
59,2024,327,Commodity,511,Commodity,0.0007594
59,2024,327,Commodity,512,Commodity,0.0006554
59,2024,327,Commodity,513,Commodity,0.0036512
59,2024,327,Commodity,514,Commodity,0.0020409
59,2024,327,Commodity,521CI,Commodity,0.0008742
59,2024,327,Commodity,523,Commodity,0.0013116
59,2024,327,Commodity,524,Commodity,0.0006134
59,2024,327,Commodity,525,Commodity,0.0011434
59,2024,327,Commodity,532RL,Commodity,0.0029102
59,2024,327,Commodity,5411,Commodity,0.0005162
59,2024,327,Commodity,5412OP,Commodity,0.0030015
59,2024,327,Commodity,5415,Commodity,0.0010306
59,2024,327,Commodity,55,Commodity,0.0010523
59,2024,327,Commodity,561,Commodity,0.0021216
59,2024,327,Commodity,562,Commodity,0.0038223
59,2024,327,Commodity,61,Commodity,0.0017985
59,2024,327,Commodity,621,Commodity,0.0029228
59,2024,327,Commodity,622,Commodity,0.0036897
59,2024,327,Commodity,623,Commodity,0.0018347
59,2024,327,Commodity,624,Commodity,0.0036455
59,2024,327,Commodity,711AS,Commodity,0.0010612
59,2024,327,Commodity,713,Commodity,0.0050996
59,2024,327,Commodity,721,Commodity,0.0020425
59,2024,327,Commodity,722,Commodity,0.0036193
59,2024,327,Commodity,81,Commodity,0.0035319
59,2024,327,Commodity,GFE,Commodity,0.0015208
59,2024,327,Commodity,GFGD,Commodity,0.0024375
59,2024,327,Commodity,GFGN,Commodity,0.0022767
59,2024,327,Commodity,GSLE,Commodity,0.01834
59,2024,327,Commodity,GSLG,Commodity,0.0027962
59,2024,327,Commodity,HS,Commodity,0.0014443
59,2024,327,Commodity,ORE,Commodity,0.0031786
59,2024,327,Commodity,Other,Commodity,0.0022767
59,2024,327,Commodity,Used,Commodity,0.0066852
59,2024,331,Commodity,111CA,Commodity,0.0111596
59,2024,331,Commodity,113FF,Commodity,0.0030294
59,2024,331,Commodity,211,Commodity,0.0491784
59,2024,331,Commodity,212,Commodity,0.026639
59,2024,331,Commodity,213,Commodity,0.0140719
59,2024,331,Commodity,22,Commodity,0.0114629
59,2024,331,Commodity,23,Commodity,0.0384357
59,2024,331,Commodity,311FT,Commodity,0.0194947
59,2024,331,Commodity,313TT,Commodity,0.0208608
59,2024,331,Commodity,315AL,Commodity,0.00984
59,2024,331,Commodity,321,Commodity,0.0250653
59,2024,331,Commodity,322,Commodity,0.0353324
59,2024,331,Commodity,323,Commodity,0.0169274
59,2024,331,Commodity,324,Commodity,0.0317385
59,2024,331,Commodity,325,Commodity,0.0118249
59,2024,331,Commodity,326,Commodity,0.0323907
59,2024,331,Commodity,327,Commodity,0.0395621
59,2024,331,Commodity,331,Commodity,1.4309681
59,2024,331,Commodity,332,Commodity,0.3553796
59,2024,331,Commodity,333,Commodity,0.1848971
59,2024,331,Commodity,334,Commodity,0.0302589
59,2024,331,Commodity,335,Commodity,0.2590858
59,2024,331,Commodity,3361MV,Commodity,0.1812879
59,2024,331,Commodity,3364OT,Commodity,0.0644555
59,2024,331,Commodity,337,Commodity,0.1009882
59,2024,331,Commodity,339,Commodity,0.0669678
59,2024,331,Commodity,42,Commodity,0.0056565
59,2024,331,Commodity,441,Commodity,0.0051147
59,2024,331,Commodity,445,Commodity,0.0050546
59,2024,331,Commodity,452,Commodity,0.0030866
59,2024,331,Commodity,481,Commodity,0.0062723
59,2024,331,Commodity,482,Commodity,0.0192781
59,2024,331,Commodity,483,Commodity,0.0152835
59,2024,331,Commodity,484,Commodity,0.0094575
59,2024,331,Commodity,485,Commodity,0.0083692
59,2024,331,Commodity,486,Commodity,0.0128901
59,2024,331,Commodity,487OS,Commodity,0.0095553
59,2024,331,Commodity,493,Commodity,0.0076776
59,2024,331,Commodity,4A0,Commodity,0.004279
59,2024,331,Commodity,511,Commodity,0.0029557
59,2024,331,Commodity,512,Commodity,0.0020718
59,2024,331,Commodity,513,Commodity,0.0094413
59,2024,331,Commodity,514,Commodity,0.0065068
59,2024,331,Commodity,521CI,Commodity,0.0020329
59,2024,331,Commodity,523,Commodity,0.0036699
59,2024,331,Commodity,524,Commodity,0.0015657
59,2024,331,Commodity,525,Commodity,0.0032533
59,2024,331,Commodity,532RL,Commodity,0.0063698
59,2024,331,Commodity,5411,Commodity,0.0015288
59,2024,331,Commodity,5412OP,Commodity,0.0060069
59,2024,331,Commodity,5415,Commodity,0.0048621
59,2024,331,Commodity,55,Commodity,0.0036233
59,2024,331,Commodity,561,Commodity,0.0084775
59,2024,331,Commodity,562,Commodity,0.0225805
59,2024,331,Commodity,61,Commodity,0.0074095
59,2024,331,Commodity,621,Commodity,0.0042592
59,2024,331,Commodity,622,Commodity,0.0064962
59,2024,331,Commodity,623,Commodity,0.0044512
59,2024,331,Commodity,624,Commodity,0.0107897
59,2024,331,Commodity,711AS,Commodity,0.0032538
59,2024,331,Commodity,713,Commodity,0.0122623
59,2024,331,Commodity,721,Commodity,0.0060069
59,2024,331,Commodity,722,Commodity,0.0063078
59,2024,331,Commodity,81,Commodity,0.0160816
59,2024,331,Commodity,GFE,Commodity,0.0089093
59,2024,331,Commodity,GFGD,Commodity,0.0168556
59,2024,331,Commodity,GFGN,Commodity,0.0097094
59,2024,331,Commodity,GSLE,Commodity,0.0271547
59,2024,331,Commodity,GSLG,Commodity,0.0071003
59,2024,331,Commodity,HS,Commodity,0.001503
59,2024,331,Commodity,ORE,Commodity,0.0086704
59,2024,331,Commodity,Other,Commodity,0.0097094
59,2024,331,Commodity,Used,Commodity,0.1352477
59,2024,332,Commodity,111CA,Commodity,0.0133492
59,2024,332,Commodity,113FF,Commodity,0.0037615
59,2024,332,Commodity,211,Commodity,0.0380535
59,2024,332,Commodity,212,Commodity,0.0227103
59,2024,332,Commodity,213,Commodity,0.0115017
59,2024,332,Commodity,22,Commodity,0.0152258
59,2024,332,Commodity,23,Commodity,0.0694788
59,2024,332,Commodity,311FT,Commodity,0.0317304
59,2024,332,Commodity,313TT,Commodity,0.0259412
59,2024,332,Commodity,315AL,Commodity,0.0106284
59,2024,332,Commodity,321,Commodity,0.0423763
59,2024,332,Commodity,322,Commodity,0.0501914
59,2024,332,Commodity,323,Commodity,0.0257943
59,2024,332,Commodity,324,Commodity,0.0261425
59,2024,332,Commodity,325,Commodity,0.0195665
59,2024,332,Commodity,326,Commodity,0.0454177
59,2024,332,Commodity,327,Commodity,0.0302013
59,2024,332,Commodity,331,Commodity,0.050605
59,2024,332,Commodity,332,Commodity,1.1284113
59,2024,332,Commodity,333,Commodity,0.0815666
59,2024,332,Commodity,334,Commodity,0.0285446
59,2024,332,Commodity,335,Commodity,0.1124679
59,2024,332,Commodity,3361MV,Commodity,0.0742047
59,2024,332,Commodity,3364OT,Commodity,0.0605312
59,2024,332,Commodity,337,Commodity,0.080427
59,2024,332,Commodity,339,Commodity,0.0360314
59,2024,332,Commodity,42,Commodity,0.0059983
59,2024,332,Commodity,441,Commodity,0.0056464
59,2024,332,Commodity,445,Commodity,0.0057902
59,2024,332,Commodity,452,Commodity,0.0036128
59,2024,332,Commodity,481,Commodity,0.0069181
59,2024,332,Commodity,482,Commodity,0.0128677
59,2024,332,Commodity,483,Commodity,0.0319378
59,2024,332,Commodity,484,Commodity,0.0107396
59,2024,332,Commodity,485,Commodity,0.0116834
59,2024,332,Commodity,486,Commodity,0.0339653
59,2024,332,Commodity,487OS,Commodity,0.0090418
59,2024,332,Commodity,493,Commodity,0.0100782
59,2024,332,Commodity,4A0,Commodity,0.00515
59,2024,332,Commodity,511,Commodity,0.004334
59,2024,332,Commodity,512,Commodity,0.0024439
59,2024,332,Commodity,513,Commodity,0.0165371
59,2024,332,Commodity,514,Commodity,0.0076023
59,2024,332,Commodity,521CI,Commodity,0.0026051
59,2024,332,Commodity,523,Commodity,0.0042383
59,2024,332,Commodity,524,Commodity,0.00179
59,2024,332,Commodity,525,Commodity,0.0038806
59,2024,332,Commodity,532RL,Commodity,0.0085796
59,2024,332,Commodity,5411,Commodity,0.0017934
59,2024,332,Commodity,5412OP,Commodity,0.0072367
59,2024,332,Commodity,5415,Commodity,0.0070855
59,2024,332,Commodity,55,Commodity,0.0043203
59,2024,332,Commodity,561,Commodity,0.0078651
59,2024,332,Commodity,562,Commodity,0.0317028
59,2024,332,Commodity,61,Commodity,0.006867
59,2024,332,Commodity,621,Commodity,0.0044403
59,2024,332,Commodity,622,Commodity,0.0075476
59,2024,332,Commodity,623,Commodity,0.0048356
59,2024,332,Commodity,624,Commodity,0.0151614
59,2024,332,Commodity,711AS,Commodity,0.0034491
59,2024,332,Commodity,713,Commodity,0.0143442
59,2024,332,Commodity,721,Commodity,0.0110661
59,2024,332,Commodity,722,Commodity,0.0094732
59,2024,332,Commodity,81,Commodity,0.0128004
59,2024,332,Commodity,GFE,Commodity,0.0077696
59,2024,332,Commodity,GFGD,Commodity,0.0217055
59,2024,332,Commodity,GFGN,Commodity,0.0080865
59,2024,332,Commodity,GSLE,Commodity,0.0411412
59,2024,332,Commodity,GSLG,Commodity,0.0089225
59,2024,332,Commodity,HS,Commodity,0.002392
59,2024,332,Commodity,ORE,Commodity,0.0087347
59,2024,332,Commodity,Other,Commodity,0.0080865
59,2024,332,Commodity,Used,Commodity,0.0537391
59,2024,333,Commodity,111CA,Commodity,0.0109641
59,2024,333,Commodity,113FF,Commodity,0.0023964
59,2024,333,Commodity,211,Commodity,0.0334324
59,2024,333,Commodity,212,Commodity,0.0464009
59,2024,333,Commodity,213,Commodity,0.0299306
59,2024,333,Commodity,22,Commodity,0.0075763
59,2024,333,Commodity,23,Commodity,0.0246388
59,2024,333,Commodity,311FT,Commodity,0.0123117
59,2024,333,Commodity,313TT,Commodity,0.0082464
59,2024,333,Commodity,315AL,Commodity,0.0033358
59,2024,333,Commodity,321,Commodity,0.0094516
59,2024,333,Commodity,322,Commodity,0.0132046
59,2024,333,Commodity,323,Commodity,0.0222525
59,2024,333,Commodity,324,Commodity,0.021128
59,2024,333,Commodity,325,Commodity,0.0120441
59,2024,333,Commodity,326,Commodity,0.0175326
59,2024,333,Commodity,327,Commodity,0.0088029
59,2024,333,Commodity,331,Commodity,0.0182567
59,2024,333,Commodity,332,Commodity,0.0217871
59,2024,333,Commodity,333,Commodity,1.0951093
59,2024,333,Commodity,334,Commodity,0.0032786
59,2024,333,Commodity,335,Commodity,0.0241451
59,2024,333,Commodity,3361MV,Commodity,0.0758355
59,2024,333,Commodity,3364OT,Commodity,0.0176967
59,2024,333,Commodity,337,Commodity,0.0082781
59,2024,333,Commodity,339,Commodity,0.0074292
59,2024,333,Commodity,42,Commodity,0.0033651
59,2024,333,Commodity,441,Commodity,0.0033394
59,2024,333,Commodity,445,Commodity,0.0032737
59,2024,333,Commodity,452,Commodity,0.0019917
59,2024,333,Commodity,481,Commodity,0.0044104
59,2024,333,Commodity,482,Commodity,0.0044595
59,2024,333,Commodity,483,Commodity,0.0062639
59,2024,333,Commodity,484,Commodity,0.0066505
59,2024,333,Commodity,485,Commodity,0.0048857
59,2024,333,Commodity,486,Commodity,0.0038619
59,2024,333,Commodity,487OS,Commodity,0.0136002
59,2024,333,Commodity,493,Commodity,0.0111231
59,2024,333,Commodity,4A0,Commodity,0.0028432
59,2024,333,Commodity,511,Commodity,0.0017344
59,2024,333,Commodity,512,Commodity,0.0013065
59,2024,333,Commodity,513,Commodity,0.003289
59,2024,333,Commodity,514,Commodity,0.0038099
59,2024,333,Commodity,521CI,Commodity,0.0011814
59,2024,333,Commodity,523,Commodity,0.002111
59,2024,333,Commodity,524,Commodity,0.0013858
59,2024,333,Commodity,525,Commodity,0.0018485
59,2024,333,Commodity,532RL,Commodity,0.0048475
59,2024,333,Commodity,5411,Commodity,0.0009512
59,2024,333,Commodity,5412OP,Commodity,0.0034323
59,2024,333,Commodity,5415,Commodity,0.004561
59,2024,333,Commodity,55,Commodity,0.0022531
59,2024,333,Commodity,561,Commodity,0.0075277
59,2024,333,Commodity,562,Commodity,0.0315203
59,2024,333,Commodity,61,Commodity,0.0080041
59,2024,333,Commodity,621,Commodity,0.0030117
59,2024,333,Commodity,622,Commodity,0.0041454
59,2024,333,Commodity,623,Commodity,0.0029836
59,2024,333,Commodity,624,Commodity,0.0039496
59,2024,333,Commodity,711AS,Commodity,0.002061
59,2024,333,Commodity,713,Commodity,0.006515
59,2024,333,Commodity,721,Commodity,0.0024291
59,2024,333,Commodity,722,Commodity,0.0036604
59,2024,333,Commodity,81,Commodity,0.0108458
59,2024,333,Commodity,GFE,Commodity,0.0043427
59,2024,333,Commodity,GFGD,Commodity,0.0076633
59,2024,333,Commodity,GFGN,Commodity,0.0032536
59,2024,333,Commodity,GSLE,Commodity,0.0170511
59,2024,333,Commodity,GSLG,Commodity,0.0060143
59,2024,333,Commodity,HS,Commodity,0.0009394
59,2024,333,Commodity,ORE,Commodity,0.0046392
59,2024,333,Commodity,Other,Commodity,0.0032536
59,2024,333,Commodity,Used,Commodity,0.0192331
59,2024,334,Commodity,111CA,Commodity,0.0063692
59,2024,334,Commodity,113FF,Commodity,0.0020794
59,2024,334,Commodity,211,Commodity,0.0067238
59,2024,334,Commodity,212,Commodity,0.0074776
59,2024,334,Commodity,213,Commodity,0.0049495
59,2024,334,Commodity,22,Commodity,0.0048884
59,2024,334,Commodity,23,Commodity,0.0109962
59,2024,334,Commodity,311FT,Commodity,0.0112471
59,2024,334,Commodity,313TT,Commodity,0.0172347
59,2024,334,Commodity,315AL,Commodity,0.0067572
59,2024,334,Commodity,321,Commodity,0.0188746
59,2024,334,Commodity,322,Commodity,0.0136031
59,2024,334,Commodity,323,Commodity,0.0195936
59,2024,334,Commodity,324,Commodity,0.0059151
59,2024,334,Commodity,325,Commodity,0.0104019
59,2024,334,Commodity,326,Commodity,0.0178452
59,2024,334,Commodity,327,Commodity,0.0119433
59,2024,334,Commodity,331,Commodity,0.0187174
59,2024,334,Commodity,332,Commodity,0.0255736
59,2024,334,Commodity,333,Commodity,0.0285529
59,2024,334,Commodity,334,Commodity,1.117838
59,2024,334,Commodity,335,Commodity,0.0387066
59,2024,334,Commodity,3361MV,Commodity,0.0589212
59,2024,334,Commodity,3364OT,Commodity,0.0783265
59,2024,334,Commodity,337,Commodity,0.0226913
59,2024,334,Commodity,339,Commodity,0.0185618
59,2024,334,Commodity,42,Commodity,0.0236556
59,2024,334,Commodity,441,Commodity,0.0074822
59,2024,334,Commodity,445,Commodity,0.0048518
59,2024,334,Commodity,452,Commodity,0.0044297
59,2024,334,Commodity,481,Commodity,0.0046077
59,2024,334,Commodity,482,Commodity,0.0055623
59,2024,334,Commodity,483,Commodity,0.0076965
59,2024,334,Commodity,484,Commodity,0.0051052
59,2024,334,Commodity,485,Commodity,0.0048918
59,2024,334,Commodity,486,Commodity,0.0036407
59,2024,334,Commodity,487OS,Commodity,0.0049021
59,2024,334,Commodity,493,Commodity,0.0038115
59,2024,334,Commodity,4A0,Commodity,0.0048407
59,2024,334,Commodity,511,Commodity,0.0091456
59,2024,334,Commodity,512,Commodity,0.006727
59,2024,334,Commodity,513,Commodity,0.0370391
59,2024,334,Commodity,514,Commodity,0.014887
59,2024,334,Commodity,521CI,Commodity,0.0036206
59,2024,334,Commodity,523,Commodity,0.0082861
59,2024,334,Commodity,524,Commodity,0.0020059
59,2024,334,Commodity,525,Commodity,0.0121517
59,2024,334,Commodity,532RL,Commodity,0.0053287
59,2024,334,Commodity,5411,Commodity,0.006191
59,2024,334,Commodity,5412OP,Commodity,0.010119
59,2024,334,Commodity,5415,Commodity,0.0109993
59,2024,334,Commodity,55,Commodity,0.0253976
59,2024,334,Commodity,561,Commodity,0.0103109
59,2024,334,Commodity,562,Commodity,0.0118442
59,2024,334,Commodity,61,Commodity,0.0071221
59,2024,334,Commodity,621,Commodity,0.0105629
59,2024,334,Commodity,622,Commodity,0.0058163
59,2024,334,Commodity,623,Commodity,0.0044496
59,2024,334,Commodity,624,Commodity,0.0061513
59,2024,334,Commodity,711AS,Commodity,0.0032036
59,2024,334,Commodity,713,Commodity,0.0064001
59,2024,334,Commodity,721,Commodity,0.0046919
59,2024,334,Commodity,722,Commodity,0.005837
59,2024,334,Commodity,81,Commodity,0.010798
59,2024,334,Commodity,GFE,Commodity,0.0038266
59,2024,334,Commodity,GFGD,Commodity,0.0374328
59,2024,334,Commodity,GFGN,Commodity,0.0160155
59,2024,334,Commodity,GSLE,Commodity,0.0124672
59,2024,334,Commodity,GSLG,Commodity,0.0060269
59,2024,334,Commodity,HS,Commodity,0.0006964
59,2024,334,Commodity,ORE,Commodity,0.0057724
59,2024,334,Commodity,Other,Commodity,0.0160155
59,2024,334,Commodity,Used,Commodity,0.0159968
59,2024,335,Commodity,111CA,Commodity,0.0133462
59,2024,335,Commodity,113FF,Commodity,0.002471
59,2024,335,Commodity,211,Commodity,0.0039729
59,2024,335,Commodity,212,Commodity,0.0051931
59,2024,335,Commodity,213,Commodity,0.0062126
59,2024,335,Commodity,22,Commodity,0.0053207
59,2024,335,Commodity,23,Commodity,0.0267564
59,2024,335,Commodity,311FT,Commodity,0.0079841
59,2024,335,Commodity,313TT,Commodity,0.0049526
59,2024,335,Commodity,315AL,Commodity,0.0023636
59,2024,335,Commodity,321,Commodity,0.0072773
59,2024,335,Commodity,322,Commodity,0.0076251
59,2024,335,Commodity,323,Commodity,0.0049034
59,2024,335,Commodity,324,Commodity,0.003212
59,2024,335,Commodity,325,Commodity,0.0039987
59,2024,335,Commodity,326,Commodity,0.0073016
59,2024,335,Commodity,327,Commodity,0.0042388
59,2024,335,Commodity,331,Commodity,0.0137291
59,2024,335,Commodity,332,Commodity,0.01584
59,2024,335,Commodity,333,Commodity,0.0519374
59,2024,335,Commodity,334,Commodity,0.0097655
59,2024,335,Commodity,335,Commodity,1.0805595
59,2024,335,Commodity,3361MV,Commodity,0.0342832
59,2024,335,Commodity,3364OT,Commodity,0.0095719
59,2024,335,Commodity,337,Commodity,0.0060265
59,2024,335,Commodity,339,Commodity,0.0076206
59,2024,335,Commodity,42,Commodity,0.0041856
59,2024,335,Commodity,441,Commodity,0.0030263
59,2024,335,Commodity,445,Commodity,0.0023621
59,2024,335,Commodity,452,Commodity,0.0025859
59,2024,335,Commodity,481,Commodity,0.0022204
59,2024,335,Commodity,482,Commodity,0.005215
59,2024,335,Commodity,483,Commodity,0.0035205
59,2024,335,Commodity,484,Commodity,0.0025874
59,2024,335,Commodity,485,Commodity,0.0040942
59,2024,335,Commodity,486,Commodity,0.0024694
59,2024,335,Commodity,487OS,Commodity,0.0030692
59,2024,335,Commodity,493,Commodity,0.0028122
59,2024,335,Commodity,4A0,Commodity,0.0018022
59,2024,335,Commodity,511,Commodity,0.0012436
59,2024,335,Commodity,512,Commodity,0.0009052
59,2024,335,Commodity,513,Commodity,0.0067094
59,2024,335,Commodity,514,Commodity,0.0020746
59,2024,335,Commodity,521CI,Commodity,0.0011496
59,2024,335,Commodity,523,Commodity,0.0023527
59,2024,335,Commodity,524,Commodity,0.0008741
59,2024,335,Commodity,525,Commodity,0.0019081
59,2024,335,Commodity,532RL,Commodity,0.0028201
59,2024,335,Commodity,5411,Commodity,0.0007315
59,2024,335,Commodity,5412OP,Commodity,0.0037961
59,2024,335,Commodity,5415,Commodity,0.0053202
59,2024,335,Commodity,55,Commodity,0.0016683
59,2024,335,Commodity,561,Commodity,0.0037654
59,2024,335,Commodity,562,Commodity,0.0125228
59,2024,335,Commodity,61,Commodity,0.0026711
59,2024,335,Commodity,621,Commodity,0.0013974
59,2024,335,Commodity,622,Commodity,0.002794
59,2024,335,Commodity,623,Commodity,0.0034768
59,2024,335,Commodity,624,Commodity,0.0057937
59,2024,335,Commodity,711AS,Commodity,0.0014459
59,2024,335,Commodity,713,Commodity,0.0078298
59,2024,335,Commodity,721,Commodity,0.0033656
59,2024,335,Commodity,722,Commodity,0.0027405
59,2024,335,Commodity,81,Commodity,0.0070304
59,2024,335,Commodity,GFE,Commodity,0.0028413
59,2024,335,Commodity,GFGD,Commodity,0.0090148
59,2024,335,Commodity,GFGN,Commodity,0.0121626
59,2024,335,Commodity,GSLE,Commodity,0.0177516
59,2024,335,Commodity,GSLG,Commodity,0.0031142
59,2024,335,Commodity,HS,Commodity,0.0009366
59,2024,335,Commodity,ORE,Commodity,0.0037127
59,2024,335,Commodity,Other,Commodity,0.0121626
59,2024,335,Commodity,Used,Commodity,0.0108488
59,2024,3361MV,Commodity,111CA,Commodity,0.0086215
59,2024,3361MV,Commodity,113FF,Commodity,0.0032925
59,2024,3361MV,Commodity,211,Commodity,0.0084202
59,2024,3361MV,Commodity,212,Commodity,0.0156905
59,2024,3361MV,Commodity,213,Commodity,0.0066692
59,2024,3361MV,Commodity,22,Commodity,0.0056205
59,2024,3361MV,Commodity,23,Commodity,0.0074281
59,2024,3361MV,Commodity,311FT,Commodity,0.0130178
59,2024,3361MV,Commodity,313TT,Commodity,0.0131518
59,2024,3361MV,Commodity,315AL,Commodity,0.0053146
59,2024,3361MV,Commodity,321,Commodity,0.0301949
59,2024,3361MV,Commodity,322,Commodity,0.0176307
59,2024,3361MV,Commodity,323,Commodity,0.0085936
59,2024,3361MV,Commodity,324,Commodity,0.0063508
59,2024,3361MV,Commodity,325,Commodity,0.0056859
59,2024,3361MV,Commodity,326,Commodity,0.009217
59,2024,3361MV,Commodity,327,Commodity,0.0118092
59,2024,3361MV,Commodity,331,Commodity,0.0160136
59,2024,3361MV,Commodity,332,Commodity,0.0141759
59,2024,3361MV,Commodity,333,Commodity,0.0475279
59,2024,3361MV,Commodity,334,Commodity,0.0063881
59,2024,3361MV,Commodity,335,Commodity,0.0157114
59,2024,3361MV,Commodity,3361MV,Commodity,1.4098303
59,2024,3361MV,Commodity,3364OT,Commodity,0.0284369
59,2024,3361MV,Commodity,337,Commodity,0.0164591
59,2024,3361MV,Commodity,339,Commodity,0.0094037
59,2024,3361MV,Commodity,42,Commodity,0.0081341
59,2024,3361MV,Commodity,441,Commodity,0.0116558
59,2024,3361MV,Commodity,445,Commodity,0.0107251
59,2024,3361MV,Commodity,452,Commodity,0.0033096
59,2024,3361MV,Commodity,481,Commodity,0.0034631
59,2024,3361MV,Commodity,482,Commodity,0.0056373
59,2024,3361MV,Commodity,483,Commodity,0.009006
59,2024,3361MV,Commodity,484,Commodity,0.0244195
59,2024,3361MV,Commodity,485,Commodity,0.0127617
59,2024,3361MV,Commodity,486,Commodity,0.0030932
59,2024,3361MV,Commodity,487OS,Commodity,0.0062961
59,2024,3361MV,Commodity,493,Commodity,0.0141488
59,2024,3361MV,Commodity,4A0,Commodity,0.0077276
59,2024,3361MV,Commodity,511,Commodity,0.0029357
59,2024,3361MV,Commodity,512,Commodity,0.0023733
59,2024,3361MV,Commodity,513,Commodity,0.0047554
59,2024,3361MV,Commodity,514,Commodity,0.0044451
59,2024,3361MV,Commodity,521CI,Commodity,0.001768
59,2024,3361MV,Commodity,523,Commodity,0.0029823
59,2024,3361MV,Commodity,524,Commodity,0.0015218
59,2024,3361MV,Commodity,525,Commodity,0.0024698
59,2024,3361MV,Commodity,532RL,Commodity,0.0111313
59,2024,3361MV,Commodity,5411,Commodity,0.0014491
59,2024,3361MV,Commodity,5412OP,Commodity,0.0048874
59,2024,3361MV,Commodity,5415,Commodity,0.0027777
59,2024,3361MV,Commodity,55,Commodity,0.0038729
59,2024,3361MV,Commodity,561,Commodity,0.0225907
59,2024,3361MV,Commodity,562,Commodity,0.0207783
59,2024,3361MV,Commodity,61,Commodity,0.0093661
59,2024,3361MV,Commodity,621,Commodity,0.0036686
59,2024,3361MV,Commodity,622,Commodity,0.0074669
59,2024,3361MV,Commodity,623,Commodity,0.0041521
59,2024,3361MV,Commodity,624,Commodity,0.0146234
59,2024,3361MV,Commodity,711AS,Commodity,0.0039918
59,2024,3361MV,Commodity,713,Commodity,0.0058549
59,2024,3361MV,Commodity,721,Commodity,0.0035907
59,2024,3361MV,Commodity,722,Commodity,0.0058149
59,2024,3361MV,Commodity,81,Commodity,0.0238051
59,2024,3361MV,Commodity,GFE,Commodity,0.0429874
59,2024,3361MV,Commodity,GFGD,Commodity,0.0245813
59,2024,3361MV,Commodity,GFGN,Commodity,0.0035053
59,2024,3361MV,Commodity,GSLE,Commodity,0.0123823
59,2024,3361MV,Commodity,GSLG,Commodity,0.0096766
59,2024,3361MV,Commodity,HS,Commodity,0.0006221
59,2024,3361MV,Commodity,ORE,Commodity,0.0057956
59,2024,3361MV,Commodity,Other,Commodity,0.0035053
59,2024,3361MV,Commodity,Used,Commodity,0.0256185
59,2024,3364OT,Commodity,111CA,Commodity,0.0004677
59,2024,3364OT,Commodity,113FF,Commodity,0.0002632
59,2024,3364OT,Commodity,211,Commodity,0.0003098
59,2024,3364OT,Commodity,212,Commodity,0.0005451
59,2024,3364OT,Commodity,213,Commodity,0.0002577
59,2024,3364OT,Commodity,22,Commodity,0.0004997
59,2024,3364OT,Commodity,23,Commodity,0.0003949
59,2024,3364OT,Commodity,311FT,Commodity,0.0006034
59,2024,3364OT,Commodity,313TT,Commodity,0.0004202
59,2024,3364OT,Commodity,315AL,Commodity,0.0002215
59,2024,3364OT,Commodity,321,Commodity,0.0007881
59,2024,3364OT,Commodity,322,Commodity,0.0007435
59,2024,3364OT,Commodity,323,Commodity,0.0004092
59,2024,3364OT,Commodity,324,Commodity,0.000314
59,2024,3364OT,Commodity,325,Commodity,0.0003736
59,2024,3364OT,Commodity,326,Commodity,0.0008408
59,2024,3364OT,Commodity,327,Commodity,0.0008144
59,2024,3364OT,Commodity,331,Commodity,0.0009829
59,2024,3364OT,Commodity,332,Commodity,0.0008697
59,2024,3364OT,Commodity,333,Commodity,0.0024434
59,2024,3364OT,Commodity,334,Commodity,0.0007005
59,2024,3364OT,Commodity,335,Commodity,0.0013218
59,2024,3364OT,Commodity,3361MV,Commodity,0.0041987
59,2024,3364OT,Commodity,3364OT,Commodity,1.3057793
59,2024,3364OT,Commodity,337,Commodity,0.0005373
59,2024,3364OT,Commodity,339,Commodity,0.0003123
59,2024,3364OT,Commodity,42,Commodity,0.0005197
59,2024,3364OT,Commodity,441,Commodity,0.0003097
59,2024,3364OT,Commodity,445,Commodity,0.0002647
59,2024,3364OT,Commodity,452,Commodity,0.0001396
59,2024,3364OT,Commodity,481,Commodity,0.0079829
59,2024,3364OT,Commodity,482,Commodity,0.0184064
59,2024,3364OT,Commodity,483,Commodity,0.024562
59,2024,3364OT,Commodity,484,Commodity,0.0017164
59,2024,3364OT,Commodity,485,Commodity,0.0017616
59,2024,3364OT,Commodity,486,Commodity,0.0003218
59,2024,3364OT,Commodity,487OS,Commodity,0.0093872
59,2024,3364OT,Commodity,493,Commodity,0.0005249
59,2024,3364OT,Commodity,4A0,Commodity,0.0003307
59,2024,3364OT,Commodity,511,Commodity,0.0001739
59,2024,3364OT,Commodity,512,Commodity,0.0001869
59,2024,3364OT,Commodity,513,Commodity,0.00024
59,2024,3364OT,Commodity,514,Commodity,0.0002934
59,2024,3364OT,Commodity,521CI,Commodity,0.000171
59,2024,3364OT,Commodity,523,Commodity,0.0004917
59,2024,3364OT,Commodity,524,Commodity,0.0001152
59,2024,3364OT,Commodity,525,Commodity,0.000366
59,2024,3364OT,Commodity,532RL,Commodity,0.0003534
59,2024,3364OT,Commodity,5411,Commodity,0.0001111
59,2024,3364OT,Commodity,5412OP,Commodity,0.0010361
59,2024,3364OT,Commodity,5415,Commodity,0.0002094
59,2024,3364OT,Commodity,55,Commodity,0.0002102
59,2024,3364OT,Commodity,561,Commodity,0.0003873
59,2024,3364OT,Commodity,562,Commodity,0.0011792
59,2024,3364OT,Commodity,61,Commodity,0.0002271
59,2024,3364OT,Commodity,621,Commodity,0.0001923
59,2024,3364OT,Commodity,622,Commodity,0.0002684
59,2024,3364OT,Commodity,623,Commodity,0.0002025
59,2024,3364OT,Commodity,624,Commodity,0.0002737
59,2024,3364OT,Commodity,711AS,Commodity,0.0002234
59,2024,3364OT,Commodity,713,Commodity,0.0008129
59,2024,3364OT,Commodity,721,Commodity,0.0001662
59,2024,3364OT,Commodity,722,Commodity,0.0002662
59,2024,3364OT,Commodity,81,Commodity,0.0003248
59,2024,3364OT,Commodity,GFE,Commodity,0.0008885
59,2024,3364OT,Commodity,GFGD,Commodity,0.0763659
59,2024,3364OT,Commodity,GFGN,Commodity,0.0034117
59,2024,3364OT,Commodity,GSLE,Commodity,0.0010016
59,2024,3364OT,Commodity,GSLG,Commodity,0.0002568
59,2024,3364OT,Commodity,HS,Commodity,3.05e-5
59,2024,3364OT,Commodity,ORE,Commodity,0.0003084
59,2024,3364OT,Commodity,Other,Commodity,0.0034117
59,2024,3364OT,Commodity,Used,Commodity,0.001642
59,2024,337,Commodity,111CA,Commodity,0.0002235
59,2024,337,Commodity,113FF,Commodity,6.72e-5
59,2024,337,Commodity,211,Commodity,0.0001546
59,2024,337,Commodity,212,Commodity,0.0005174
59,2024,337,Commodity,213,Commodity,0.0002148
59,2024,337,Commodity,22,Commodity,0.0014641
59,2024,337,Commodity,23,Commodity,0.0087983
59,2024,337,Commodity,311FT,Commodity,0.0002536
59,2024,337,Commodity,313TT,Commodity,0.000332
59,2024,337,Commodity,315AL,Commodity,0.0002344
59,2024,337,Commodity,321,Commodity,0.002659
59,2024,337,Commodity,322,Commodity,0.0003912
59,2024,337,Commodity,323,Commodity,0.000284
59,2024,337,Commodity,324,Commodity,0.0002064
59,2024,337,Commodity,325,Commodity,0.0001824
59,2024,337,Commodity,326,Commodity,0.0012234
59,2024,337,Commodity,327,Commodity,0.0003352
59,2024,337,Commodity,331,Commodity,0.0003576
59,2024,337,Commodity,332,Commodity,0.0002975
59,2024,337,Commodity,333,Commodity,0.0007321
59,2024,337,Commodity,334,Commodity,0.0005017
59,2024,337,Commodity,335,Commodity,0.0002822
59,2024,337,Commodity,3361MV,Commodity,0.0003789
59,2024,337,Commodity,3364OT,Commodity,0.0002135
59,2024,337,Commodity,337,Commodity,1.041831
59,2024,337,Commodity,339,Commodity,0.0014377
59,2024,337,Commodity,42,Commodity,0.0004322
59,2024,337,Commodity,441,Commodity,0.0005876
59,2024,337,Commodity,445,Commodity,0.0003559
59,2024,337,Commodity,452,Commodity,0.0001825
59,2024,337,Commodity,481,Commodity,0.0001576
59,2024,337,Commodity,482,Commodity,0.000499
59,2024,337,Commodity,483,Commodity,0.0002584
59,2024,337,Commodity,484,Commodity,0.0002222
59,2024,337,Commodity,485,Commodity,0.0005941
59,2024,337,Commodity,486,Commodity,0.0004393
59,2024,337,Commodity,487OS,Commodity,0.0005043
59,2024,337,Commodity,493,Commodity,0.0001801
59,2024,337,Commodity,4A0,Commodity,0.0010183
59,2024,337,Commodity,511,Commodity,0.0001236
59,2024,337,Commodity,512,Commodity,0.0002723
59,2024,337,Commodity,513,Commodity,0.0003827
59,2024,337,Commodity,514,Commodity,0.0005304
59,2024,337,Commodity,521CI,Commodity,0.0001442
59,2024,337,Commodity,523,Commodity,0.0001838
59,2024,337,Commodity,524,Commodity,8.25e-5
59,2024,337,Commodity,525,Commodity,0.0001788
59,2024,337,Commodity,532RL,Commodity,0.0001827
59,2024,337,Commodity,5411,Commodity,0.0001017
59,2024,337,Commodity,5412OP,Commodity,0.0003325
59,2024,337,Commodity,5415,Commodity,0.0001005
59,2024,337,Commodity,55,Commodity,0.0001742
59,2024,337,Commodity,561,Commodity,0.0001647
59,2024,337,Commodity,562,Commodity,0.0002505
59,2024,337,Commodity,61,Commodity,0.0002075
59,2024,337,Commodity,621,Commodity,0.0003292
59,2024,337,Commodity,622,Commodity,0.0003281
59,2024,337,Commodity,623,Commodity,0.0002203
59,2024,337,Commodity,624,Commodity,0.0009537
59,2024,337,Commodity,711AS,Commodity,0.0023486
59,2024,337,Commodity,713,Commodity,0.0022895
59,2024,337,Commodity,721,Commodity,0.0003017
59,2024,337,Commodity,722,Commodity,0.0004798
59,2024,337,Commodity,81,Commodity,0.0005309
59,2024,337,Commodity,GFE,Commodity,0.0004891
59,2024,337,Commodity,GFGD,Commodity,0.0002906
59,2024,337,Commodity,GFGN,Commodity,0.000123
59,2024,337,Commodity,GSLE,Commodity,0.0054796
59,2024,337,Commodity,GSLG,Commodity,0.0002987
59,2024,337,Commodity,HS,Commodity,0.0009612
59,2024,337,Commodity,ORE,Commodity,0.0006219
59,2024,337,Commodity,Other,Commodity,0.000123
59,2024,337,Commodity,Used,Commodity,0.0003855
59,2024,339,Commodity,111CA,Commodity,0.0005038
59,2024,339,Commodity,113FF,Commodity,0.0002055
59,2024,339,Commodity,211,Commodity,0.0004722
59,2024,339,Commodity,212,Commodity,0.000768
59,2024,339,Commodity,213,Commodity,0.0004219
59,2024,339,Commodity,22,Commodity,0.0003267
59,2024,339,Commodity,23,Commodity,0.0010772
59,2024,339,Commodity,311FT,Commodity,0.0004648
59,2024,339,Commodity,313TT,Commodity,0.0007363
59,2024,339,Commodity,315AL,Commodity,0.0064633
59,2024,339,Commodity,321,Commodity,0.0006123
59,2024,339,Commodity,322,Commodity,0.000469
59,2024,339,Commodity,323,Commodity,0.000621
59,2024,339,Commodity,324,Commodity,0.0003649
59,2024,339,Commodity,325,Commodity,0.0006781
59,2024,339,Commodity,326,Commodity,0.0010883
59,2024,339,Commodity,327,Commodity,0.0007232
59,2024,339,Commodity,331,Commodity,0.0007858
59,2024,339,Commodity,332,Commodity,0.0007705
59,2024,339,Commodity,333,Commodity,0.0051121
59,2024,339,Commodity,334,Commodity,0.0002474
59,2024,339,Commodity,335,Commodity,0.0033623
59,2024,339,Commodity,3361MV,Commodity,0.0050279
59,2024,339,Commodity,3364OT,Commodity,0.0004744
59,2024,339,Commodity,337,Commodity,0.0005787
59,2024,339,Commodity,339,Commodity,1.0257746
59,2024,339,Commodity,42,Commodity,0.0006024
59,2024,339,Commodity,441,Commodity,0.0010925
59,2024,339,Commodity,445,Commodity,0.0006576
59,2024,339,Commodity,452,Commodity,0.0002032
59,2024,339,Commodity,481,Commodity,0.0003052
59,2024,339,Commodity,482,Commodity,0.0002769
59,2024,339,Commodity,483,Commodity,0.0005528
59,2024,339,Commodity,484,Commodity,0.0004145
59,2024,339,Commodity,485,Commodity,0.000565
59,2024,339,Commodity,486,Commodity,0.0002928
59,2024,339,Commodity,487OS,Commodity,0.0005791
59,2024,339,Commodity,493,Commodity,0.0008603
59,2024,339,Commodity,4A0,Commodity,0.0007134
59,2024,339,Commodity,511,Commodity,0.000246
59,2024,339,Commodity,512,Commodity,0.0002398
59,2024,339,Commodity,513,Commodity,0.000395
59,2024,339,Commodity,514,Commodity,0.0004054
59,2024,339,Commodity,521CI,Commodity,0.0002275
59,2024,339,Commodity,523,Commodity,0.000387
59,2024,339,Commodity,524,Commodity,0.0001686
59,2024,339,Commodity,525,Commodity,0.0003062
59,2024,339,Commodity,532RL,Commodity,0.0004823
59,2024,339,Commodity,5411,Commodity,0.0001584
59,2024,339,Commodity,5412OP,Commodity,0.0010058
59,2024,339,Commodity,5415,Commodity,0.0002819
59,2024,339,Commodity,55,Commodity,0.0002836
59,2024,339,Commodity,561,Commodity,0.0019095
59,2024,339,Commodity,562,Commodity,0.002411
59,2024,339,Commodity,61,Commodity,0.0012453
59,2024,339,Commodity,621,Commodity,0.0121993
59,2024,339,Commodity,622,Commodity,0.0179079
59,2024,339,Commodity,623,Commodity,0.0015989
59,2024,339,Commodity,624,Commodity,0.0030704
59,2024,339,Commodity,711AS,Commodity,0.0010109
59,2024,339,Commodity,713,Commodity,0.00096
59,2024,339,Commodity,721,Commodity,0.0003258
59,2024,339,Commodity,722,Commodity,0.0008471
59,2024,339,Commodity,81,Commodity,0.0024082
59,2024,339,Commodity,GFE,Commodity,0.0003001
59,2024,339,Commodity,GFGD,Commodity,0.0026771
59,2024,339,Commodity,GFGN,Commodity,0.0009761
59,2024,339,Commodity,GSLE,Commodity,0.0007549
59,2024,339,Commodity,GSLG,Commodity,0.0023483
59,2024,339,Commodity,HS,Commodity,7.06e-5
59,2024,339,Commodity,ORE,Commodity,0.0006551
59,2024,339,Commodity,Other,Commodity,0.0009761
59,2024,339,Commodity,Used,Commodity,0.0018176
59,2024,42,Commodity,111CA,Commodity,0.1516869
59,2024,42,Commodity,113FF,Commodity,0.0480385
59,2024,42,Commodity,211,Commodity,0.0588202
59,2024,42,Commodity,212,Commodity,0.0725402
59,2024,42,Commodity,213,Commodity,0.0380127
59,2024,42,Commodity,22,Commodity,0.0374762
59,2024,42,Commodity,23,Commodity,0.0902497
59,2024,42,Commodity,311FT,Commodity,0.1745515
59,2024,42,Commodity,313TT,Commodity,0.1294684
59,2024,42,Commodity,315AL,Commodity,0.0815277
59,2024,42,Commodity,321,Commodity,0.1547335
59,2024,42,Commodity,322,Commodity,0.1377293
59,2024,42,Commodity,323,Commodity,0.0928471
59,2024,42,Commodity,324,Commodity,0.0757318
59,2024,42,Commodity,325,Commodity,0.1041791
59,2024,42,Commodity,326,Commodity,0.1431531
59,2024,42,Commodity,327,Commodity,0.0931427
59,2024,42,Commodity,331,Commodity,0.1850155
59,2024,42,Commodity,332,Commodity,0.1297561
59,2024,42,Commodity,333,Commodity,0.1384148
59,2024,42,Commodity,334,Commodity,0.0658687
59,2024,42,Commodity,335,Commodity,0.1547716
59,2024,42,Commodity,3361MV,Commodity,0.23637
59,2024,42,Commodity,3364OT,Commodity,0.0932623
59,2024,42,Commodity,337,Commodity,0.1402983
59,2024,42,Commodity,339,Commodity,0.0852204
59,2024,42,Commodity,42,Commodity,1.0446183
59,2024,42,Commodity,441,Commodity,0.0268716
59,2024,42,Commodity,445,Commodity,0.0221618
59,2024,42,Commodity,452,Commodity,0.0190098
59,2024,42,Commodity,481,Commodity,0.0342315
59,2024,42,Commodity,482,Commodity,0.0511187
59,2024,42,Commodity,483,Commodity,0.0638962
59,2024,42,Commodity,484,Commodity,0.0494285
59,2024,42,Commodity,485,Commodity,0.0328917
59,2024,42,Commodity,486,Commodity,0.0212821
59,2024,42,Commodity,487OS,Commodity,0.0368849
59,2024,42,Commodity,493,Commodity,0.0259527
59,2024,42,Commodity,4A0,Commodity,0.0282455
59,2024,42,Commodity,511,Commodity,0.0323897
59,2024,42,Commodity,512,Commodity,0.0093707
59,2024,42,Commodity,513,Commodity,0.038364
59,2024,42,Commodity,514,Commodity,0.0225219
59,2024,42,Commodity,521CI,Commodity,0.0093626
59,2024,42,Commodity,523,Commodity,0.0170994
59,2024,42,Commodity,524,Commodity,0.0075286
59,2024,42,Commodity,525,Commodity,0.0166272
59,2024,42,Commodity,532RL,Commodity,0.0477151
59,2024,42,Commodity,5411,Commodity,0.0081616
59,2024,42,Commodity,5412OP,Commodity,0.0296869
59,2024,42,Commodity,5415,Commodity,0.0167749
59,2024,42,Commodity,55,Commodity,0.0287729
59,2024,42,Commodity,561,Commodity,0.0307846
59,2024,42,Commodity,562,Commodity,0.0542593
59,2024,42,Commodity,61,Commodity,0.0298104
59,2024,42,Commodity,621,Commodity,0.0411482
59,2024,42,Commodity,622,Commodity,0.0402694
59,2024,42,Commodity,623,Commodity,0.0284851
59,2024,42,Commodity,624,Commodity,0.0432793
59,2024,42,Commodity,711AS,Commodity,0.0157147
59,2024,42,Commodity,713,Commodity,0.0413392
59,2024,42,Commodity,721,Commodity,0.0257861
59,2024,42,Commodity,722,Commodity,0.0499709
59,2024,42,Commodity,81,Commodity,0.0353403
59,2024,42,Commodity,GFE,Commodity,0.0305793
59,2024,42,Commodity,GFGD,Commodity,0.057996
59,2024,42,Commodity,GFGN,Commodity,0.0263593
59,2024,42,Commodity,GSLE,Commodity,0.0786789
59,2024,42,Commodity,GSLG,Commodity,0.0464767
59,2024,42,Commodity,HS,Commodity,0.0040518
59,2024,42,Commodity,ORE,Commodity,0.0242124
59,2024,42,Commodity,Other,Commodity,0.0263593
59,2024,42,Commodity,Used,Commodity,0.0936986
59,2024,441,Commodity,111CA,Commodity,0.0007337
59,2024,441,Commodity,113FF,Commodity,0.0002355
59,2024,441,Commodity,211,Commodity,0.0013153
59,2024,441,Commodity,212,Commodity,0.002799
59,2024,441,Commodity,213,Commodity,0.0013152
59,2024,441,Commodity,22,Commodity,0.0005225
59,2024,441,Commodity,23,Commodity,0.0022219
59,2024,441,Commodity,311FT,Commodity,0.0024046
59,2024,441,Commodity,313TT,Commodity,0.0014238
59,2024,441,Commodity,315AL,Commodity,0.0008868
59,2024,441,Commodity,321,Commodity,0.0042046
59,2024,441,Commodity,322,Commodity,0.0034507
59,2024,441,Commodity,323,Commodity,0.001631
59,2024,441,Commodity,324,Commodity,0.0009607
59,2024,441,Commodity,325,Commodity,0.0011136
59,2024,441,Commodity,326,Commodity,0.0015524
59,2024,441,Commodity,327,Commodity,0.0024746
59,2024,441,Commodity,331,Commodity,0.0018964
59,2024,441,Commodity,332,Commodity,0.0022125
59,2024,441,Commodity,333,Commodity,0.0058955
59,2024,441,Commodity,334,Commodity,0.0008049
59,2024,441,Commodity,335,Commodity,0.0010929
59,2024,441,Commodity,3361MV,Commodity,0.0086848
59,2024,441,Commodity,3364OT,Commodity,0.0031021
59,2024,441,Commodity,337,Commodity,0.0027788
59,2024,441,Commodity,339,Commodity,0.0020713
59,2024,441,Commodity,42,Commodity,0.0005388
59,2024,441,Commodity,441,Commodity,1.0018397
59,2024,441,Commodity,445,Commodity,0.0025019
59,2024,441,Commodity,452,Commodity,0.0006389
59,2024,441,Commodity,481,Commodity,0.0005536
59,2024,441,Commodity,482,Commodity,0.0008595
59,2024,441,Commodity,483,Commodity,0.0012934
59,2024,441,Commodity,484,Commodity,0.004364
59,2024,441,Commodity,485,Commodity,0.0009681
59,2024,441,Commodity,486,Commodity,0.0005146
59,2024,441,Commodity,487OS,Commodity,0.000864
59,2024,441,Commodity,493,Commodity,0.0008046
59,2024,441,Commodity,4A0,Commodity,0.0017167
59,2024,441,Commodity,511,Commodity,0.0005051
59,2024,441,Commodity,512,Commodity,0.0004297
59,2024,441,Commodity,513,Commodity,0.0005898
59,2024,441,Commodity,514,Commodity,0.0005558
59,2024,441,Commodity,521CI,Commodity,0.000302
59,2024,441,Commodity,523,Commodity,0.0004847
59,2024,441,Commodity,524,Commodity,0.0002338
59,2024,441,Commodity,525,Commodity,0.0003861
59,2024,441,Commodity,532RL,Commodity,0.0024132
59,2024,441,Commodity,5411,Commodity,0.000239
59,2024,441,Commodity,5412OP,Commodity,0.0007538
59,2024,441,Commodity,5415,Commodity,0.000461
59,2024,441,Commodity,55,Commodity,0.0004835
59,2024,441,Commodity,561,Commodity,0.0040725
59,2024,441,Commodity,562,Commodity,0.0015841
59,2024,441,Commodity,61,Commodity,0.0005314
59,2024,441,Commodity,621,Commodity,0.0004099
59,2024,441,Commodity,622,Commodity,0.0006519
59,2024,441,Commodity,623,Commodity,0.0005335
59,2024,441,Commodity,624,Commodity,0.0005383
59,2024,441,Commodity,711AS,Commodity,0.0004591
59,2024,441,Commodity,713,Commodity,0.0007763
59,2024,441,Commodity,721,Commodity,0.0005636
59,2024,441,Commodity,722,Commodity,0.000792
59,2024,441,Commodity,81,Commodity,0.0055575
59,2024,441,Commodity,GFE,Commodity,0.0005356
59,2024,441,Commodity,GFGD,Commodity,0.0007174
59,2024,441,Commodity,GFGN,Commodity,0.0004792
59,2024,441,Commodity,GSLE,Commodity,0.0010542
59,2024,441,Commodity,GSLG,Commodity,0.0006081
59,2024,441,Commodity,HS,Commodity,0.0001757
59,2024,441,Commodity,ORE,Commodity,0.0010703
59,2024,441,Commodity,Other,Commodity,0.0004792
59,2024,441,Commodity,Used,Commodity,0.001838
59,2024,445,Commodity,111CA,Commodity,0.0001662
59,2024,445,Commodity,113FF,Commodity,2.9e-5
59,2024,445,Commodity,211,Commodity,2.21e-5
59,2024,445,Commodity,212,Commodity,3.8e-5
59,2024,445,Commodity,213,Commodity,1.99e-5
59,2024,445,Commodity,22,Commodity,9.88e-5
59,2024,445,Commodity,23,Commodity,0.0001392
59,2024,445,Commodity,311FT,Commodity,0.0001002
59,2024,445,Commodity,313TT,Commodity,5.68e-5
59,2024,445,Commodity,315AL,Commodity,3.26e-5
59,2024,445,Commodity,321,Commodity,4.87e-5
59,2024,445,Commodity,322,Commodity,5.5e-5
59,2024,445,Commodity,323,Commodity,0.0002718
59,2024,445,Commodity,324,Commodity,3.14e-5
59,2024,445,Commodity,325,Commodity,8.25e-5
59,2024,445,Commodity,326,Commodity,5.54e-5
59,2024,445,Commodity,327,Commodity,6.85e-5
59,2024,445,Commodity,331,Commodity,6.32e-5
59,2024,445,Commodity,332,Commodity,4.48e-5
59,2024,445,Commodity,333,Commodity,5.04e-5
59,2024,445,Commodity,334,Commodity,1.48e-5
59,2024,445,Commodity,335,Commodity,6.36e-5
59,2024,445,Commodity,3361MV,Commodity,5.16e-5
59,2024,445,Commodity,3364OT,Commodity,2.11e-5
59,2024,445,Commodity,337,Commodity,7.97e-5
59,2024,445,Commodity,339,Commodity,5.56e-5
59,2024,445,Commodity,42,Commodity,3.49e-5
59,2024,445,Commodity,441,Commodity,4.72e-5
59,2024,445,Commodity,445,Commodity,1.0000368
59,2024,445,Commodity,452,Commodity,2.31e-5
59,2024,445,Commodity,481,Commodity,8.02e-5
59,2024,445,Commodity,482,Commodity,6.59e-5
59,2024,445,Commodity,483,Commodity,4.61e-5
59,2024,445,Commodity,484,Commodity,0.0007212
59,2024,445,Commodity,485,Commodity,0.0002911
59,2024,445,Commodity,486,Commodity,2.59e-5
59,2024,445,Commodity,487OS,Commodity,0.0001983
59,2024,445,Commodity,493,Commodity,3.01e-5
59,2024,445,Commodity,4A0,Commodity,3.7e-5
59,2024,445,Commodity,511,Commodity,1.82e-5
59,2024,445,Commodity,512,Commodity,1.77e-5
59,2024,445,Commodity,513,Commodity,2.12e-5
59,2024,445,Commodity,514,Commodity,2.87e-5
59,2024,445,Commodity,521CI,Commodity,2.74e-5
59,2024,445,Commodity,523,Commodity,3.49e-5
59,2024,445,Commodity,524,Commodity,1.59e-5
59,2024,445,Commodity,525,Commodity,3.4e-5
59,2024,445,Commodity,532RL,Commodity,4.23e-5
59,2024,445,Commodity,5411,Commodity,1.88e-5
59,2024,445,Commodity,5412OP,Commodity,3.28e-5
59,2024,445,Commodity,5415,Commodity,3.02e-5
59,2024,445,Commodity,55,Commodity,2.77e-5
59,2024,445,Commodity,561,Commodity,8.69e-5
59,2024,445,Commodity,562,Commodity,5.96e-5
59,2024,445,Commodity,61,Commodity,3.86e-5
59,2024,445,Commodity,621,Commodity,5.11e-5
59,2024,445,Commodity,622,Commodity,5.61e-5
59,2024,445,Commodity,623,Commodity,6.74e-5
59,2024,445,Commodity,624,Commodity,4.62e-5
59,2024,445,Commodity,711AS,Commodity,2.95e-5
59,2024,445,Commodity,713,Commodity,4.46e-5
59,2024,445,Commodity,721,Commodity,0.0001506
59,2024,445,Commodity,722,Commodity,0.0011841
59,2024,445,Commodity,81,Commodity,4.2e-5
59,2024,445,Commodity,GFE,Commodity,2.76e-5
59,2024,445,Commodity,GFGD,Commodity,2.69e-5
59,2024,445,Commodity,GFGN,Commodity,1.96e-5
59,2024,445,Commodity,GSLE,Commodity,5.45e-5
59,2024,445,Commodity,GSLG,Commodity,3.86e-5
59,2024,445,Commodity,HS,Commodity,2.89e-5
59,2024,445,Commodity,ORE,Commodity,8.95e-5
59,2024,445,Commodity,Other,Commodity,1.96e-5
59,2024,445,Commodity,Used,Commodity,4.73e-5
59,2024,452,Commodity,111CA,Commodity,0.0004551
59,2024,452,Commodity,113FF,Commodity,8.39e-5
59,2024,452,Commodity,211,Commodity,0.0001052
59,2024,452,Commodity,212,Commodity,0.0002123
59,2024,452,Commodity,213,Commodity,9.53e-5
59,2024,452,Commodity,22,Commodity,0.0002649
59,2024,452,Commodity,23,Commodity,0.000929
59,2024,452,Commodity,311FT,Commodity,0.0003625
59,2024,452,Commodity,313TT,Commodity,0.0002183
59,2024,452,Commodity,315AL,Commodity,0.000122
59,2024,452,Commodity,321,Commodity,0.0002891
59,2024,452,Commodity,322,Commodity,0.0002708
59,2024,452,Commodity,323,Commodity,0.0009138
59,2024,452,Commodity,324,Commodity,0.0001129
59,2024,452,Commodity,325,Commodity,0.0001783
59,2024,452,Commodity,326,Commodity,0.0001841
59,2024,452,Commodity,327,Commodity,0.0002616
59,2024,452,Commodity,331,Commodity,0.0002311
59,2024,452,Commodity,332,Commodity,0.0001995
59,2024,452,Commodity,333,Commodity,0.0003842
59,2024,452,Commodity,334,Commodity,7.53e-5
59,2024,452,Commodity,335,Commodity,0.0002748
59,2024,452,Commodity,3361MV,Commodity,0.0004613
59,2024,452,Commodity,3364OT,Commodity,0.000163
59,2024,452,Commodity,337,Commodity,0.0003984
59,2024,452,Commodity,339,Commodity,0.0002903
59,2024,452,Commodity,42,Commodity,9.96e-5
59,2024,452,Commodity,441,Commodity,0.0001977
59,2024,452,Commodity,445,Commodity,0.0002095
59,2024,452,Commodity,452,Commodity,1.0000844
59,2024,452,Commodity,481,Commodity,0.0001294
59,2024,452,Commodity,482,Commodity,0.0002174
59,2024,452,Commodity,483,Commodity,0.0001691
59,2024,452,Commodity,484,Commodity,0.0020112
59,2024,452,Commodity,485,Commodity,0.0007921
59,2024,452,Commodity,486,Commodity,0.0001
59,2024,452,Commodity,487OS,Commodity,0.0005323
59,2024,452,Commodity,493,Commodity,0.0001049
59,2024,452,Commodity,4A0,Commodity,0.0001687
59,2024,452,Commodity,511,Commodity,6.25e-5
59,2024,452,Commodity,512,Commodity,5.48e-5
59,2024,452,Commodity,513,Commodity,7.63e-5
59,2024,452,Commodity,514,Commodity,8.51e-5
59,2024,452,Commodity,521CI,Commodity,5.91e-5
59,2024,452,Commodity,523,Commodity,9.17e-5
59,2024,452,Commodity,524,Commodity,4.17e-5
59,2024,452,Commodity,525,Commodity,7.52e-5
59,2024,452,Commodity,532RL,Commodity,0.0002037
59,2024,452,Commodity,5411,Commodity,4.34e-5
59,2024,452,Commodity,5412OP,Commodity,9.65e-5
59,2024,452,Commodity,5415,Commodity,6.46e-5
59,2024,452,Commodity,55,Commodity,6.8e-5
59,2024,452,Commodity,561,Commodity,0.0004152
59,2024,452,Commodity,562,Commodity,0.0002001
59,2024,452,Commodity,61,Commodity,0.0001494
59,2024,452,Commodity,621,Commodity,8.05e-5
59,2024,452,Commodity,622,Commodity,0.0001157
59,2024,452,Commodity,623,Commodity,0.000104
59,2024,452,Commodity,624,Commodity,0.0001013
59,2024,452,Commodity,711AS,Commodity,9.89e-5
59,2024,452,Commodity,713,Commodity,0.0001399
59,2024,452,Commodity,721,Commodity,0.0003513
59,2024,452,Commodity,722,Commodity,0.0003919
59,2024,452,Commodity,81,Commodity,0.0003458
59,2024,452,Commodity,GFE,Commodity,8.38e-5
59,2024,452,Commodity,GFGD,Commodity,9.49e-5
59,2024,452,Commodity,GFGN,Commodity,7.06e-5
59,2024,452,Commodity,GSLE,Commodity,0.0002434
59,2024,452,Commodity,GSLG,Commodity,0.0001047
59,2024,452,Commodity,HS,Commodity,0.0001573
59,2024,452,Commodity,ORE,Commodity,0.0002742
59,2024,452,Commodity,Other,Commodity,7.06e-5
59,2024,452,Commodity,Used,Commodity,0.0001824
59,2024,481,Commodity,111CA,Commodity,0.00188
59,2024,481,Commodity,113FF,Commodity,0.0007897
59,2024,481,Commodity,211,Commodity,0.0012251
59,2024,481,Commodity,212,Commodity,0.0017704
59,2024,481,Commodity,213,Commodity,0.0019414
59,2024,481,Commodity,22,Commodity,0.0016743
59,2024,481,Commodity,23,Commodity,0.0019873
59,2024,481,Commodity,311FT,Commodity,0.0026085
59,2024,481,Commodity,313TT,Commodity,0.0023235
59,2024,481,Commodity,315AL,Commodity,0.0016684
59,2024,481,Commodity,321,Commodity,0.0030421
59,2024,481,Commodity,322,Commodity,0.0029737
59,2024,481,Commodity,323,Commodity,0.00283
59,2024,481,Commodity,324,Commodity,0.0012231
59,2024,481,Commodity,325,Commodity,0.0016265
59,2024,481,Commodity,326,Commodity,0.0031902
59,2024,481,Commodity,327,Commodity,0.0058862
59,2024,481,Commodity,331,Commodity,0.0035979
59,2024,481,Commodity,332,Commodity,0.0028186
59,2024,481,Commodity,333,Commodity,0.00233
59,2024,481,Commodity,334,Commodity,0.0008929
59,2024,481,Commodity,335,Commodity,0.0023918
59,2024,481,Commodity,3361MV,Commodity,0.0032691
59,2024,481,Commodity,3364OT,Commodity,0.0017259
59,2024,481,Commodity,337,Commodity,0.0029655
59,2024,481,Commodity,339,Commodity,0.0018767
59,2024,481,Commodity,42,Commodity,0.0036635
59,2024,481,Commodity,441,Commodity,0.0017919
59,2024,481,Commodity,445,Commodity,0.0015191
59,2024,481,Commodity,452,Commodity,0.0011272
59,2024,481,Commodity,481,Commodity,1.0034529
59,2024,481,Commodity,482,Commodity,0.0016176
59,2024,481,Commodity,483,Commodity,0.0054807
59,2024,481,Commodity,484,Commodity,0.0083836
59,2024,481,Commodity,485,Commodity,0.0020428
59,2024,481,Commodity,486,Commodity,0.0011225
59,2024,481,Commodity,487OS,Commodity,0.0063533
59,2024,481,Commodity,493,Commodity,0.0032289
59,2024,481,Commodity,4A0,Commodity,0.0017589
59,2024,481,Commodity,511,Commodity,0.0016491
59,2024,481,Commodity,512,Commodity,0.0017655
59,2024,481,Commodity,513,Commodity,0.0017281
59,2024,481,Commodity,514,Commodity,0.0027842
59,2024,481,Commodity,521CI,Commodity,0.0033813
59,2024,481,Commodity,523,Commodity,0.0048843
59,2024,481,Commodity,524,Commodity,0.0008023
59,2024,481,Commodity,525,Commodity,0.0044892
59,2024,481,Commodity,532RL,Commodity,0.0037276
59,2024,481,Commodity,5411,Commodity,0.001871
59,2024,481,Commodity,5412OP,Commodity,0.0023487
59,2024,481,Commodity,5415,Commodity,0.0042086
59,2024,481,Commodity,55,Commodity,0.0016932
59,2024,481,Commodity,561,Commodity,0.0035237
59,2024,481,Commodity,562,Commodity,0.0037903
59,2024,481,Commodity,61,Commodity,0.0027705
59,2024,481,Commodity,621,Commodity,0.0028117
59,2024,481,Commodity,622,Commodity,0.0019776
59,2024,481,Commodity,623,Commodity,0.002285
59,2024,481,Commodity,624,Commodity,0.0027756
59,2024,481,Commodity,711AS,Commodity,0.0016767
59,2024,481,Commodity,713,Commodity,0.0025031
59,2024,481,Commodity,721,Commodity,0.0013968
59,2024,481,Commodity,722,Commodity,0.002956
59,2024,481,Commodity,81,Commodity,0.0019082
59,2024,481,Commodity,GFE,Commodity,0.0055344
59,2024,481,Commodity,GFGD,Commodity,0.0090305
59,2024,481,Commodity,GFGN,Commodity,0.0089989
59,2024,481,Commodity,GSLE,Commodity,0.0019838
59,2024,481,Commodity,GSLG,Commodity,0.0020844
59,2024,481,Commodity,HS,Commodity,0.0002801
59,2024,481,Commodity,ORE,Commodity,0.0062496
59,2024,481,Commodity,Other,Commodity,0.0089989
59,2024,481,Commodity,Used,Commodity,0.0026661
59,2024,482,Commodity,111CA,Commodity,0.0084126
59,2024,482,Commodity,113FF,Commodity,0.0017025
59,2024,482,Commodity,211,Commodity,0.0031309
59,2024,482,Commodity,212,Commodity,0.008342
59,2024,482,Commodity,213,Commodity,0.0019773
59,2024,482,Commodity,22,Commodity,0.0055711
59,2024,482,Commodity,23,Commodity,0.0040975
59,2024,482,Commodity,311FT,Commodity,0.0115363
59,2024,482,Commodity,313TT,Commodity,0.0056902
59,2024,482,Commodity,315AL,Commodity,0.0020273
59,2024,482,Commodity,321,Commodity,0.0103041
59,2024,482,Commodity,322,Commodity,0.0186067
59,2024,482,Commodity,323,Commodity,0.0053401
59,2024,482,Commodity,324,Commodity,0.0046292
59,2024,482,Commodity,325,Commodity,0.0082135
59,2024,482,Commodity,326,Commodity,0.0118024
59,2024,482,Commodity,327,Commodity,0.0197041
59,2024,482,Commodity,331,Commodity,0.0204068
59,2024,482,Commodity,332,Commodity,0.0092153
59,2024,482,Commodity,333,Commodity,0.0054197
59,2024,482,Commodity,334,Commodity,0.0012245
59,2024,482,Commodity,335,Commodity,0.0079826
59,2024,482,Commodity,3361MV,Commodity,0.0073503
59,2024,482,Commodity,3364OT,Commodity,0.0027391
59,2024,482,Commodity,337,Commodity,0.0079049
59,2024,482,Commodity,339,Commodity,0.0041245
59,2024,482,Commodity,42,Commodity,0.0009778
59,2024,482,Commodity,441,Commodity,0.0008032
59,2024,482,Commodity,445,Commodity,0.0010993
59,2024,482,Commodity,452,Commodity,0.0005918
59,2024,482,Commodity,481,Commodity,0.0018229
59,2024,482,Commodity,482,Commodity,1.0039775
59,2024,482,Commodity,483,Commodity,0.0021598
59,2024,482,Commodity,484,Commodity,0.0115036
59,2024,482,Commodity,485,Commodity,0.0016212
59,2024,482,Commodity,486,Commodity,0.0010144
59,2024,482,Commodity,487OS,Commodity,0.0028754
59,2024,482,Commodity,493,Commodity,0.0009374
59,2024,482,Commodity,4A0,Commodity,0.0007823
59,2024,482,Commodity,511,Commodity,0.0004503
59,2024,482,Commodity,512,Commodity,0.0004178
59,2024,482,Commodity,513,Commodity,0.0009977
59,2024,482,Commodity,514,Commodity,0.000744
59,2024,482,Commodity,521CI,Commodity,0.000404
59,2024,482,Commodity,523,Commodity,0.0008211
59,2024,482,Commodity,524,Commodity,0.0003494
59,2024,482,Commodity,525,Commodity,0.0006973
59,2024,482,Commodity,532RL,Commodity,0.0009338
59,2024,482,Commodity,5411,Commodity,0.0003339
59,2024,482,Commodity,5412OP,Commodity,0.0010967
59,2024,482,Commodity,5415,Commodity,0.0005177
59,2024,482,Commodity,55,Commodity,0.0005573
59,2024,482,Commodity,561,Commodity,0.0014455
59,2024,482,Commodity,562,Commodity,0.0022481
59,2024,482,Commodity,61,Commodity,0.0013902
59,2024,482,Commodity,621,Commodity,0.0013006
59,2024,482,Commodity,622,Commodity,0.0015441
59,2024,482,Commodity,623,Commodity,0.0012152
59,2024,482,Commodity,624,Commodity,0.0019911
59,2024,482,Commodity,711AS,Commodity,0.0007142
59,2024,482,Commodity,713,Commodity,0.0025242
59,2024,482,Commodity,721,Commodity,0.0012898
59,2024,482,Commodity,722,Commodity,0.0025553
59,2024,482,Commodity,81,Commodity,0.0012473
59,2024,482,Commodity,GFE,Commodity,0.0085134
59,2024,482,Commodity,GFGD,Commodity,0.0016314
59,2024,482,Commodity,GFGN,Commodity,0.0034165
59,2024,482,Commodity,GSLE,Commodity,0.0076795
59,2024,482,Commodity,GSLG,Commodity,0.0025281
59,2024,482,Commodity,HS,Commodity,0.0002176
59,2024,482,Commodity,ORE,Commodity,0.0013522
59,2024,482,Commodity,Other,Commodity,0.0034165
59,2024,482,Commodity,Used,Commodity,0.0064267
59,2024,483,Commodity,111CA,Commodity,0.0028808
59,2024,483,Commodity,113FF,Commodity,0.0004425
59,2024,483,Commodity,211,Commodity,0.001397
59,2024,483,Commodity,212,Commodity,0.0019389
59,2024,483,Commodity,213,Commodity,0.0005198
59,2024,483,Commodity,22,Commodity,0.0009607
59,2024,483,Commodity,23,Commodity,0.001045
59,2024,483,Commodity,311FT,Commodity,0.0030657
59,2024,483,Commodity,313TT,Commodity,0.0010155
59,2024,483,Commodity,315AL,Commodity,0.0003867
59,2024,483,Commodity,321,Commodity,0.00046
59,2024,483,Commodity,322,Commodity,0.0010658
59,2024,483,Commodity,323,Commodity,0.0004104
59,2024,483,Commodity,324,Commodity,0.0011236
59,2024,483,Commodity,325,Commodity,0.0013849
59,2024,483,Commodity,326,Commodity,0.0011138
59,2024,483,Commodity,327,Commodity,0.0036053
59,2024,483,Commodity,331,Commodity,0.0029924
59,2024,483,Commodity,332,Commodity,0.001369
59,2024,483,Commodity,333,Commodity,0.0007761
59,2024,483,Commodity,334,Commodity,0.0001979
59,2024,483,Commodity,335,Commodity,0.0014819
59,2024,483,Commodity,3361MV,Commodity,0.000861
59,2024,483,Commodity,3364OT,Commodity,0.0003368
59,2024,483,Commodity,337,Commodity,0.0007136
59,2024,483,Commodity,339,Commodity,0.0006802
59,2024,483,Commodity,42,Commodity,0.0002395
59,2024,483,Commodity,441,Commodity,0.0002
59,2024,483,Commodity,445,Commodity,0.0001992
59,2024,483,Commodity,452,Commodity,0.0001195
59,2024,483,Commodity,481,Commodity,0.0003331
59,2024,483,Commodity,482,Commodity,0.0002778
59,2024,483,Commodity,483,Commodity,1.0008218
59,2024,483,Commodity,484,Commodity,0.0003097
59,2024,483,Commodity,485,Commodity,0.0002854
59,2024,483,Commodity,486,Commodity,0.0003493
59,2024,483,Commodity,487OS,Commodity,0.0002681
59,2024,483,Commodity,493,Commodity,0.0003091
59,2024,483,Commodity,4A0,Commodity,0.0001848
59,2024,483,Commodity,511,Commodity,0.000114
59,2024,483,Commodity,512,Commodity,0.000103
59,2024,483,Commodity,513,Commodity,0.0001612
59,2024,483,Commodity,514,Commodity,0.0001723
59,2024,483,Commodity,521CI,Commodity,9.32e-5
59,2024,483,Commodity,523,Commodity,0.0002029
59,2024,483,Commodity,524,Commodity,0.000115
59,2024,483,Commodity,525,Commodity,0.0001653
59,2024,483,Commodity,532RL,Commodity,0.0002108
59,2024,483,Commodity,5411,Commodity,5.82e-5
59,2024,483,Commodity,5412OP,Commodity,0.0003107
59,2024,483,Commodity,5415,Commodity,0.0001056
59,2024,483,Commodity,55,Commodity,0.0001447
59,2024,483,Commodity,561,Commodity,0.0002828
59,2024,483,Commodity,562,Commodity,0.000431
59,2024,483,Commodity,61,Commodity,0.0004642
59,2024,483,Commodity,621,Commodity,0.0003087
59,2024,483,Commodity,622,Commodity,0.0003929
59,2024,483,Commodity,623,Commodity,0.0002535
59,2024,483,Commodity,624,Commodity,0.0003993
59,2024,483,Commodity,711AS,Commodity,0.0001638
59,2024,483,Commodity,713,Commodity,0.0004775
59,2024,483,Commodity,721,Commodity,0.0002832
59,2024,483,Commodity,722,Commodity,0.0005273
59,2024,483,Commodity,81,Commodity,0.0002276
59,2024,483,Commodity,GFE,Commodity,0.013361
59,2024,483,Commodity,GFGD,Commodity,0.0033807
59,2024,483,Commodity,GFGN,Commodity,0.0007141
59,2024,483,Commodity,GSLE,Commodity,0.0010612
59,2024,483,Commodity,GSLG,Commodity,0.0006704
59,2024,483,Commodity,HS,Commodity,4.68e-5
59,2024,483,Commodity,ORE,Commodity,0.0002704
59,2024,483,Commodity,Other,Commodity,0.0007141
59,2024,483,Commodity,Used,Commodity,0.0009628
59,2024,484,Commodity,111CA,Commodity,0.0378955
59,2024,484,Commodity,113FF,Commodity,0.0131277
59,2024,484,Commodity,211,Commodity,0.0092767
59,2024,484,Commodity,212,Commodity,0.0217689
59,2024,484,Commodity,213,Commodity,0.0063845
59,2024,484,Commodity,22,Commodity,0.0079859
59,2024,484,Commodity,23,Commodity,0.0228369
59,2024,484,Commodity,311FT,Commodity,0.0549482
59,2024,484,Commodity,313TT,Commodity,0.026784
59,2024,484,Commodity,315AL,Commodity,0.0159997
59,2024,484,Commodity,321,Commodity,0.0341801
59,2024,484,Commodity,322,Commodity,0.0332983
59,2024,484,Commodity,323,Commodity,0.0179518
59,2024,484,Commodity,324,Commodity,0.0193265
59,2024,484,Commodity,325,Commodity,0.0156216
59,2024,484,Commodity,326,Commodity,0.022046
59,2024,484,Commodity,327,Commodity,0.0438256
59,2024,484,Commodity,331,Commodity,0.0542795
59,2024,484,Commodity,332,Commodity,0.0297067
59,2024,484,Commodity,333,Commodity,0.02255
59,2024,484,Commodity,334,Commodity,0.0071147
59,2024,484,Commodity,335,Commodity,0.0279621
59,2024,484,Commodity,3361MV,Commodity,0.030529
59,2024,484,Commodity,3364OT,Commodity,0.0137076
59,2024,484,Commodity,337,Commodity,0.0319788
59,2024,484,Commodity,339,Commodity,0.0149417
59,2024,484,Commodity,42,Commodity,0.006823
59,2024,484,Commodity,441,Commodity,0.0108746
59,2024,484,Commodity,445,Commodity,0.0078834
59,2024,484,Commodity,452,Commodity,0.0049784
59,2024,484,Commodity,481,Commodity,0.0128511
59,2024,484,Commodity,482,Commodity,0.0104017
59,2024,484,Commodity,483,Commodity,0.010245
59,2024,484,Commodity,484,Commodity,1.0394208
59,2024,484,Commodity,485,Commodity,0.0067569
59,2024,484,Commodity,486,Commodity,0.004771
59,2024,484,Commodity,487OS,Commodity,0.0230682
59,2024,484,Commodity,493,Commodity,0.0110591
59,2024,484,Commodity,4A0,Commodity,0.0080843
59,2024,484,Commodity,511,Commodity,0.0035101
59,2024,484,Commodity,512,Commodity,0.0021731
59,2024,484,Commodity,513,Commodity,0.0041465
59,2024,484,Commodity,514,Commodity,0.0041985
59,2024,484,Commodity,521CI,Commodity,0.0015083
59,2024,484,Commodity,523,Commodity,0.002671
59,2024,484,Commodity,524,Commodity,0.0013819
59,2024,484,Commodity,525,Commodity,0.0023852
59,2024,484,Commodity,532RL,Commodity,0.0045872
59,2024,484,Commodity,5411,Commodity,0.0013422
59,2024,484,Commodity,5412OP,Commodity,0.004599
59,2024,484,Commodity,5415,Commodity,0.0024714
59,2024,484,Commodity,55,Commodity,0.0024408
59,2024,484,Commodity,561,Commodity,0.0049718
59,2024,484,Commodity,562,Commodity,0.0097139
59,2024,484,Commodity,61,Commodity,0.0055933
59,2024,484,Commodity,621,Commodity,0.0043694
59,2024,484,Commodity,622,Commodity,0.0061521
59,2024,484,Commodity,623,Commodity,0.0048883
59,2024,484,Commodity,624,Commodity,0.008761
59,2024,484,Commodity,711AS,Commodity,0.0036276
59,2024,484,Commodity,713,Commodity,0.0082028
59,2024,484,Commodity,721,Commodity,0.0053714
59,2024,484,Commodity,722,Commodity,0.0093602
59,2024,484,Commodity,81,Commodity,0.0060783
59,2024,484,Commodity,GFE,Commodity,0.0147585
59,2024,484,Commodity,GFGD,Commodity,0.0142626
59,2024,484,Commodity,GFGN,Commodity,0.0042188
59,2024,484,Commodity,GSLE,Commodity,0.013703
59,2024,484,Commodity,GSLG,Commodity,0.008574
59,2024,484,Commodity,HS,Commodity,0.0009096
59,2024,484,Commodity,ORE,Commodity,0.0044554
59,2024,484,Commodity,Other,Commodity,0.0042188
59,2024,484,Commodity,Used,Commodity,0.0195699
59,2024,485,Commodity,111CA,Commodity,0.0011062
59,2024,485,Commodity,113FF,Commodity,0.0007155
59,2024,485,Commodity,211,Commodity,0.0011803
59,2024,485,Commodity,212,Commodity,0.0014837
59,2024,485,Commodity,213,Commodity,0.0022037
59,2024,485,Commodity,22,Commodity,0.0031068
59,2024,485,Commodity,23,Commodity,0.0019372
59,2024,485,Commodity,311FT,Commodity,0.0016651
59,2024,485,Commodity,313TT,Commodity,0.0014501
59,2024,485,Commodity,315AL,Commodity,0.0015381
59,2024,485,Commodity,321,Commodity,0.0023966
59,2024,485,Commodity,322,Commodity,0.0024615
59,2024,485,Commodity,323,Commodity,0.0027578
59,2024,485,Commodity,324,Commodity,0.0010076
59,2024,485,Commodity,325,Commodity,0.0009666
59,2024,485,Commodity,326,Commodity,0.002206
59,2024,485,Commodity,327,Commodity,0.0026696
59,2024,485,Commodity,331,Commodity,0.0029083
59,2024,485,Commodity,332,Commodity,0.0024477
59,2024,485,Commodity,333,Commodity,0.0017538
59,2024,485,Commodity,334,Commodity,0.0005494
59,2024,485,Commodity,335,Commodity,0.0016555
59,2024,485,Commodity,3361MV,Commodity,0.0019862
59,2024,485,Commodity,3364OT,Commodity,0.0010233
59,2024,485,Commodity,337,Commodity,0.0025873
59,2024,485,Commodity,339,Commodity,0.0016286
59,2024,485,Commodity,42,Commodity,0.0026763
59,2024,485,Commodity,441,Commodity,0.0023284
59,2024,485,Commodity,445,Commodity,0.0019056
59,2024,485,Commodity,452,Commodity,0.0014321
59,2024,485,Commodity,481,Commodity,0.0013163
59,2024,485,Commodity,482,Commodity,0.0057111
59,2024,485,Commodity,483,Commodity,0.0025812
59,2024,485,Commodity,484,Commodity,0.0016079
59,2024,485,Commodity,485,Commodity,1.0023805
59,2024,485,Commodity,486,Commodity,0.0012874
59,2024,485,Commodity,487OS,Commodity,0.0023123
59,2024,485,Commodity,493,Commodity,0.0013351
59,2024,485,Commodity,4A0,Commodity,0.0020617
59,2024,485,Commodity,511,Commodity,0.0021842
59,2024,485,Commodity,512,Commodity,0.0035377
59,2024,485,Commodity,513,Commodity,0.003268
59,2024,485,Commodity,514,Commodity,0.0042921
59,2024,485,Commodity,521CI,Commodity,0.0055268
59,2024,485,Commodity,523,Commodity,0.0063814
59,2024,485,Commodity,524,Commodity,0.0024381
59,2024,485,Commodity,525,Commodity,0.0061662
59,2024,485,Commodity,532RL,Commodity,0.0052901
59,2024,485,Commodity,5411,Commodity,0.0032681
59,2024,485,Commodity,5412OP,Commodity,0.0038844
59,2024,485,Commodity,5415,Commodity,0.0067964
59,2024,485,Commodity,55,Commodity,0.0025363
59,2024,485,Commodity,561,Commodity,0.0050919
59,2024,485,Commodity,562,Commodity,0.0049841
59,2024,485,Commodity,61,Commodity,0.00586
59,2024,485,Commodity,621,Commodity,0.0048351
59,2024,485,Commodity,622,Commodity,0.0077603
59,2024,485,Commodity,623,Commodity,0.0055398
59,2024,485,Commodity,624,Commodity,0.0033867
59,2024,485,Commodity,711AS,Commodity,0.0182773
59,2024,485,Commodity,713,Commodity,0.0036952
59,2024,485,Commodity,721,Commodity,0.001967
59,2024,485,Commodity,722,Commodity,0.0041682
59,2024,485,Commodity,81,Commodity,0.0026526
59,2024,485,Commodity,GFE,Commodity,0.0011685
59,2024,485,Commodity,GFGD,Commodity,0.001161
59,2024,485,Commodity,GFGN,Commodity,0.0013243
59,2024,485,Commodity,GSLE,Commodity,0.0054435
59,2024,485,Commodity,GSLG,Commodity,0.0092978
59,2024,485,Commodity,HS,Commodity,0.000422
59,2024,485,Commodity,ORE,Commodity,0.0097598
59,2024,485,Commodity,Other,Commodity,0.0013243
59,2024,485,Commodity,Used,Commodity,0.0055224
59,2024,486,Commodity,111CA,Commodity,0.0026451
59,2024,486,Commodity,113FF,Commodity,0.0007386
59,2024,486,Commodity,211,Commodity,0.0253765
59,2024,486,Commodity,212,Commodity,0.0024564
59,2024,486,Commodity,213,Commodity,0.0008009
59,2024,486,Commodity,22,Commodity,0.0256162
59,2024,486,Commodity,23,Commodity,0.0016032
59,2024,486,Commodity,311FT,Commodity,0.0017771
59,2024,486,Commodity,313TT,Commodity,0.0020878
59,2024,486,Commodity,315AL,Commodity,0.0008685
59,2024,486,Commodity,321,Commodity,0.0014839
59,2024,486,Commodity,322,Commodity,0.0022819
59,2024,486,Commodity,323,Commodity,0.0016552
59,2024,486,Commodity,324,Commodity,0.0345732
59,2024,486,Commodity,325,Commodity,0.0038129
59,2024,486,Commodity,326,Commodity,0.0021857
59,2024,486,Commodity,327,Commodity,0.0020868
59,2024,486,Commodity,331,Commodity,0.0024065
59,2024,486,Commodity,332,Commodity,0.0014392
59,2024,486,Commodity,333,Commodity,0.0010565
59,2024,486,Commodity,334,Commodity,0.0003852
59,2024,486,Commodity,335,Commodity,0.0014199
59,2024,486,Commodity,3361MV,Commodity,0.0011541
59,2024,486,Commodity,3364OT,Commodity,0.0007067
59,2024,486,Commodity,337,Commodity,0.0013262
59,2024,486,Commodity,339,Commodity,0.0009654
59,2024,486,Commodity,42,Commodity,0.000755
59,2024,486,Commodity,441,Commodity,0.0009179
59,2024,486,Commodity,445,Commodity,0.001882
59,2024,486,Commodity,452,Commodity,0.000855
59,2024,486,Commodity,481,Commodity,0.0055722
59,2024,486,Commodity,482,Commodity,0.0021146
59,2024,486,Commodity,483,Commodity,0.0049036
59,2024,486,Commodity,484,Commodity,0.0039974
59,2024,486,Commodity,485,Commodity,0.0038206
59,2024,486,Commodity,486,Commodity,1.0013573
59,2024,486,Commodity,487OS,Commodity,0.0038217
59,2024,486,Commodity,493,Commodity,0.0015749
59,2024,486,Commodity,4A0,Commodity,0.0008296
59,2024,486,Commodity,511,Commodity,0.0003611
59,2024,486,Commodity,512,Commodity,0.0004208
59,2024,486,Commodity,513,Commodity,0.0006924
59,2024,486,Commodity,514,Commodity,0.0006313
59,2024,486,Commodity,521CI,Commodity,0.0005403
59,2024,486,Commodity,523,Commodity,0.0008569
59,2024,486,Commodity,524,Commodity,0.0002575
59,2024,486,Commodity,525,Commodity,0.0009768
59,2024,486,Commodity,532RL,Commodity,0.0008055
59,2024,486,Commodity,5411,Commodity,0.000298
59,2024,486,Commodity,5412OP,Commodity,0.0005727
59,2024,486,Commodity,5415,Commodity,0.0003945
59,2024,486,Commodity,55,Commodity,0.0005833
59,2024,486,Commodity,561,Commodity,0.000815
59,2024,486,Commodity,562,Commodity,0.001921
59,2024,486,Commodity,61,Commodity,0.0015498
59,2024,486,Commodity,621,Commodity,0.0007449
59,2024,486,Commodity,622,Commodity,0.0012285
59,2024,486,Commodity,623,Commodity,0.0010504
59,2024,486,Commodity,624,Commodity,0.0007854
59,2024,486,Commodity,711AS,Commodity,0.0007413
59,2024,486,Commodity,713,Commodity,0.0057247
59,2024,486,Commodity,721,Commodity,0.0011367
59,2024,486,Commodity,722,Commodity,0.0012781
59,2024,486,Commodity,81,Commodity,0.0009052
59,2024,486,Commodity,GFE,Commodity,0.0062473
59,2024,486,Commodity,GFGD,Commodity,0.001238
59,2024,486,Commodity,GFGN,Commodity,0.0005209
59,2024,486,Commodity,GSLE,Commodity,0.0277213
59,2024,486,Commodity,GSLG,Commodity,0.0025408
59,2024,486,Commodity,HS,Commodity,0.0001801
59,2024,486,Commodity,ORE,Commodity,0.0019809
59,2024,486,Commodity,Other,Commodity,0.0005209
59,2024,486,Commodity,Used,Commodity,0.0020113
59,2024,487OS,Commodity,111CA,Commodity,0.0129853
59,2024,487OS,Commodity,113FF,Commodity,0.0067784
59,2024,487OS,Commodity,211,Commodity,0.005692
59,2024,487OS,Commodity,212,Commodity,0.0142042
59,2024,487OS,Commodity,213,Commodity,0.0044918
59,2024,487OS,Commodity,22,Commodity,0.0162242
59,2024,487OS,Commodity,23,Commodity,0.0095486
59,2024,487OS,Commodity,311FT,Commodity,0.0171102
59,2024,487OS,Commodity,313TT,Commodity,0.0129406
59,2024,487OS,Commodity,315AL,Commodity,0.0087734
59,2024,487OS,Commodity,321,Commodity,0.02087
59,2024,487OS,Commodity,322,Commodity,0.0182949
59,2024,487OS,Commodity,323,Commodity,0.0133838
59,2024,487OS,Commodity,324,Commodity,0.0081544
59,2024,487OS,Commodity,325,Commodity,0.007936
59,2024,487OS,Commodity,326,Commodity,0.0134358
59,2024,487OS,Commodity,327,Commodity,0.0217283
59,2024,487OS,Commodity,331,Commodity,0.0187741
59,2024,487OS,Commodity,332,Commodity,0.0117573
59,2024,487OS,Commodity,333,Commodity,0.0102046
59,2024,487OS,Commodity,334,Commodity,0.0040471
59,2024,487OS,Commodity,335,Commodity,0.0118948
59,2024,487OS,Commodity,3361MV,Commodity,0.0153821
59,2024,487OS,Commodity,3364OT,Commodity,0.0065861
59,2024,487OS,Commodity,337,Commodity,0.0160025
59,2024,487OS,Commodity,339,Commodity,0.0078483
59,2024,487OS,Commodity,42,Commodity,0.0391259
59,2024,487OS,Commodity,441,Commodity,0.0144283
59,2024,487OS,Commodity,445,Commodity,0.0120149
59,2024,487OS,Commodity,452,Commodity,0.0055336
59,2024,487OS,Commodity,481,Commodity,0.120623
59,2024,487OS,Commodity,482,Commodity,0.0215186
59,2024,487OS,Commodity,483,Commodity,0.0883476
59,2024,487OS,Commodity,484,Commodity,0.1513452
59,2024,487OS,Commodity,485,Commodity,0.0202565
59,2024,487OS,Commodity,486,Commodity,0.0210563
59,2024,487OS,Commodity,487OS,Commodity,1.1351494
59,2024,487OS,Commodity,493,Commodity,0.0446856
59,2024,487OS,Commodity,4A0,Commodity,0.0203328
59,2024,487OS,Commodity,511,Commodity,0.0056388
59,2024,487OS,Commodity,512,Commodity,0.0084751
59,2024,487OS,Commodity,513,Commodity,0.0045478
59,2024,487OS,Commodity,514,Commodity,0.0116457
59,2024,487OS,Commodity,521CI,Commodity,0.0035423
59,2024,487OS,Commodity,523,Commodity,0.0115946
59,2024,487OS,Commodity,524,Commodity,0.0017547
59,2024,487OS,Commodity,525,Commodity,0.0082745
59,2024,487OS,Commodity,532RL,Commodity,0.019192
59,2024,487OS,Commodity,5411,Commodity,0.0035922
59,2024,487OS,Commodity,5412OP,Commodity,0.0073546
59,2024,487OS,Commodity,5415,Commodity,0.0048014
59,2024,487OS,Commodity,55,Commodity,0.0045838
59,2024,487OS,Commodity,561,Commodity,0.0075062
59,2024,487OS,Commodity,562,Commodity,0.0234871
59,2024,487OS,Commodity,61,Commodity,0.0049949
59,2024,487OS,Commodity,621,Commodity,0.0063741
59,2024,487OS,Commodity,622,Commodity,0.0100923
59,2024,487OS,Commodity,623,Commodity,0.0056231
59,2024,487OS,Commodity,624,Commodity,0.010106
59,2024,487OS,Commodity,711AS,Commodity,0.007695
59,2024,487OS,Commodity,713,Commodity,0.010648
59,2024,487OS,Commodity,721,Commodity,0.0041198
59,2024,487OS,Commodity,722,Commodity,0.0075507
59,2024,487OS,Commodity,81,Commodity,0.0057079
59,2024,487OS,Commodity,GFE,Commodity,0.0185739
59,2024,487OS,Commodity,GFGD,Commodity,0.0067613
59,2024,487OS,Commodity,GFGN,Commodity,0.0044837
59,2024,487OS,Commodity,GSLE,Commodity,0.01809
59,2024,487OS,Commodity,GSLG,Commodity,0.0056904
59,2024,487OS,Commodity,HS,Commodity,0.0006746
59,2024,487OS,Commodity,ORE,Commodity,0.0056265
59,2024,487OS,Commodity,Other,Commodity,0.0044837
59,2024,487OS,Commodity,Used,Commodity,0.0110856
59,2024,493,Commodity,111CA,Commodity,0.0073944
59,2024,493,Commodity,113FF,Commodity,0.0018216
59,2024,493,Commodity,211,Commodity,0.00222
59,2024,493,Commodity,212,Commodity,0.0046524
59,2024,493,Commodity,213,Commodity,0.0016536
59,2024,493,Commodity,22,Commodity,0.0028719
59,2024,493,Commodity,23,Commodity,0.0052129
59,2024,493,Commodity,311FT,Commodity,0.0109439
59,2024,493,Commodity,313TT,Commodity,0.0318673
59,2024,493,Commodity,315AL,Commodity,0.0158098
59,2024,493,Commodity,321,Commodity,0.0170737
59,2024,493,Commodity,322,Commodity,0.0247519
59,2024,493,Commodity,323,Commodity,0.0180404
59,2024,493,Commodity,324,Commodity,0.0031201
59,2024,493,Commodity,325,Commodity,0.0062621
59,2024,493,Commodity,326,Commodity,0.0193668
59,2024,493,Commodity,327,Commodity,0.0197357
59,2024,493,Commodity,331,Commodity,0.0068676
59,2024,493,Commodity,332,Commodity,0.0062373
59,2024,493,Commodity,333,Commodity,0.0056919
59,2024,493,Commodity,334,Commodity,0.0030914
59,2024,493,Commodity,335,Commodity,0.0059283
59,2024,493,Commodity,3361MV,Commodity,0.0076649
59,2024,493,Commodity,3364OT,Commodity,0.003445
59,2024,493,Commodity,337,Commodity,0.0091219
59,2024,493,Commodity,339,Commodity,0.0064845
59,2024,493,Commodity,42,Commodity,0.0181419
59,2024,493,Commodity,441,Commodity,0.0352384
59,2024,493,Commodity,445,Commodity,0.0294296
59,2024,493,Commodity,452,Commodity,0.0171224
59,2024,493,Commodity,481,Commodity,0.0028696
59,2024,493,Commodity,482,Commodity,0.0027082
59,2024,493,Commodity,483,Commodity,0.0192544
59,2024,493,Commodity,484,Commodity,0.017179
59,2024,493,Commodity,485,Commodity,0.0056938
59,2024,493,Commodity,486,Commodity,0.0081895
59,2024,493,Commodity,487OS,Commodity,0.0072618
59,2024,493,Commodity,493,Commodity,1.0389541
59,2024,493,Commodity,4A0,Commodity,0.0278951
59,2024,493,Commodity,511,Commodity,0.0025725
59,2024,493,Commodity,512,Commodity,0.0026522
59,2024,493,Commodity,513,Commodity,0.0026295
59,2024,493,Commodity,514,Commodity,0.0040759
59,2024,493,Commodity,521CI,Commodity,0.0008987
59,2024,493,Commodity,523,Commodity,0.0016756
59,2024,493,Commodity,524,Commodity,0.0008254
59,2024,493,Commodity,525,Commodity,0.0014299
59,2024,493,Commodity,532RL,Commodity,0.0048828
59,2024,493,Commodity,5411,Commodity,0.0012949
59,2024,493,Commodity,5412OP,Commodity,0.0027074
59,2024,493,Commodity,5415,Commodity,0.0018569
59,2024,493,Commodity,55,Commodity,0.0015989
59,2024,493,Commodity,561,Commodity,0.0097115
59,2024,493,Commodity,562,Commodity,0.005889
59,2024,493,Commodity,61,Commodity,0.002703
59,2024,493,Commodity,621,Commodity,0.0027826
59,2024,493,Commodity,622,Commodity,0.0046436
59,2024,493,Commodity,623,Commodity,0.0029063
59,2024,493,Commodity,624,Commodity,0.0033892
59,2024,493,Commodity,711AS,Commodity,0.0028712
59,2024,493,Commodity,713,Commodity,0.0030899
59,2024,493,Commodity,721,Commodity,0.0022928
59,2024,493,Commodity,722,Commodity,0.0048238
59,2024,493,Commodity,81,Commodity,0.0030274
59,2024,493,Commodity,GFE,Commodity,0.0016892
59,2024,493,Commodity,GFGD,Commodity,0.0029983
59,2024,493,Commodity,GFGN,Commodity,0.0041185
59,2024,493,Commodity,GSLE,Commodity,0.0042885
59,2024,493,Commodity,GSLG,Commodity,0.0055842
59,2024,493,Commodity,HS,Commodity,0.0003191
59,2024,493,Commodity,ORE,Commodity,0.0033902
59,2024,493,Commodity,Other,Commodity,0.0041185
59,2024,493,Commodity,Used,Commodity,0.0074393
59,2024,4A0,Commodity,111CA,Commodity,0.0056335
59,2024,4A0,Commodity,113FF,Commodity,0.0010408
59,2024,4A0,Commodity,211,Commodity,0.0012247
59,2024,4A0,Commodity,212,Commodity,0.0037269
59,2024,4A0,Commodity,213,Commodity,0.00136
59,2024,4A0,Commodity,22,Commodity,0.0049327
59,2024,4A0,Commodity,23,Commodity,0.0415357
59,2024,4A0,Commodity,311FT,Commodity,0.0042202
59,2024,4A0,Commodity,313TT,Commodity,0.0038835
59,2024,4A0,Commodity,315AL,Commodity,0.0015047
59,2024,4A0,Commodity,321,Commodity,0.0063039
59,2024,4A0,Commodity,322,Commodity,0.0032105
59,2024,4A0,Commodity,323,Commodity,0.0175114
59,2024,4A0,Commodity,324,Commodity,0.0018005
59,2024,4A0,Commodity,325,Commodity,0.0044334
59,2024,4A0,Commodity,326,Commodity,0.0029305
59,2024,4A0,Commodity,327,Commodity,0.0028399
59,2024,4A0,Commodity,331,Commodity,0.0030111
59,2024,4A0,Commodity,332,Commodity,0.0023251
59,2024,4A0,Commodity,333,Commodity,0.0034879
59,2024,4A0,Commodity,334,Commodity,0.000868
59,2024,4A0,Commodity,335,Commodity,0.0035476
59,2024,4A0,Commodity,3361MV,Commodity,0.0036511
59,2024,4A0,Commodity,3364OT,Commodity,0.001356
59,2024,4A0,Commodity,337,Commodity,0.0050242
59,2024,4A0,Commodity,339,Commodity,0.0034639
59,2024,4A0,Commodity,42,Commodity,0.0014141
59,2024,4A0,Commodity,441,Commodity,0.0042721
59,2024,4A0,Commodity,445,Commodity,0.0021591
59,2024,4A0,Commodity,452,Commodity,0.0030451
59,2024,4A0,Commodity,481,Commodity,0.0017769
59,2024,4A0,Commodity,482,Commodity,0.0036157
59,2024,4A0,Commodity,483,Commodity,0.0095521
59,2024,4A0,Commodity,484,Commodity,0.0239516
59,2024,4A0,Commodity,485,Commodity,0.0094962
59,2024,4A0,Commodity,486,Commodity,0.0023156
59,2024,4A0,Commodity,487OS,Commodity,0.0073717
59,2024,4A0,Commodity,493,Commodity,0.0013675
59,2024,4A0,Commodity,4A0,Commodity,1.0021604
59,2024,4A0,Commodity,511,Commodity,0.0007352
59,2024,4A0,Commodity,512,Commodity,0.00086
59,2024,4A0,Commodity,513,Commodity,0.00109
59,2024,4A0,Commodity,514,Commodity,0.0011421
59,2024,4A0,Commodity,521CI,Commodity,0.0010095
59,2024,4A0,Commodity,523,Commodity,0.0013841
59,2024,4A0,Commodity,524,Commodity,0.0006183
59,2024,4A0,Commodity,525,Commodity,0.0011634
59,2024,4A0,Commodity,532RL,Commodity,0.0015888
59,2024,4A0,Commodity,5411,Commodity,0.0005805
59,2024,4A0,Commodity,5412OP,Commodity,0.0012539
59,2024,4A0,Commodity,5415,Commodity,0.000766
59,2024,4A0,Commodity,55,Commodity,0.0009041
59,2024,4A0,Commodity,561,Commodity,0.0026259
59,2024,4A0,Commodity,562,Commodity,0.0023998
59,2024,4A0,Commodity,61,Commodity,0.0014976
59,2024,4A0,Commodity,621,Commodity,0.0013664
59,2024,4A0,Commodity,622,Commodity,0.001729
59,2024,4A0,Commodity,623,Commodity,0.0017238
59,2024,4A0,Commodity,624,Commodity,0.0015163
59,2024,4A0,Commodity,711AS,Commodity,0.0029862
59,2024,4A0,Commodity,713,Commodity,0.0034364
59,2024,4A0,Commodity,721,Commodity,0.0071294
59,2024,4A0,Commodity,722,Commodity,0.0077608
59,2024,4A0,Commodity,81,Commodity,0.0032637
59,2024,4A0,Commodity,GFE,Commodity,0.0013318
59,2024,4A0,Commodity,GFGD,Commodity,0.0016414
59,2024,4A0,Commodity,GFGN,Commodity,0.0008878
59,2024,4A0,Commodity,GSLE,Commodity,0.0075939
59,2024,4A0,Commodity,GSLG,Commodity,0.0018489
59,2024,4A0,Commodity,HS,Commodity,0.0028015
59,2024,4A0,Commodity,ORE,Commodity,0.0039598
59,2024,4A0,Commodity,Other,Commodity,0.0008878
59,2024,4A0,Commodity,Used,Commodity,0.0025114
59,2024,511,Commodity,111CA,Commodity,0.0011434
59,2024,511,Commodity,113FF,Commodity,0.0005509
59,2024,511,Commodity,211,Commodity,0.0009282
59,2024,511,Commodity,212,Commodity,0.0010577
59,2024,511,Commodity,213,Commodity,0.000966
59,2024,511,Commodity,22,Commodity,0.0018323
59,2024,511,Commodity,23,Commodity,0.0018686
59,2024,511,Commodity,311FT,Commodity,0.0012044
59,2024,511,Commodity,313TT,Commodity,0.0010148
59,2024,511,Commodity,315AL,Commodity,0.000982
59,2024,511,Commodity,321,Commodity,0.0015619
59,2024,511,Commodity,322,Commodity,0.0013586
59,2024,511,Commodity,323,Commodity,0.0016493
59,2024,511,Commodity,324,Commodity,0.0007978
59,2024,511,Commodity,325,Commodity,0.0007007
59,2024,511,Commodity,326,Commodity,0.0011145
59,2024,511,Commodity,327,Commodity,0.0011974
59,2024,511,Commodity,331,Commodity,0.0018468
59,2024,511,Commodity,332,Commodity,0.0015974
59,2024,511,Commodity,333,Commodity,0.0012332
59,2024,511,Commodity,334,Commodity,0.0006132
59,2024,511,Commodity,335,Commodity,0.0012029
59,2024,511,Commodity,3361MV,Commodity,0.0014526
59,2024,511,Commodity,3364OT,Commodity,0.0014633
59,2024,511,Commodity,337,Commodity,0.0014903
59,2024,511,Commodity,339,Commodity,0.0010733
59,2024,511,Commodity,42,Commodity,0.0032634
59,2024,511,Commodity,441,Commodity,0.0035147
59,2024,511,Commodity,445,Commodity,0.001262
59,2024,511,Commodity,452,Commodity,0.0016936
59,2024,511,Commodity,481,Commodity,0.0013362
59,2024,511,Commodity,482,Commodity,0.0021171
59,2024,511,Commodity,483,Commodity,0.0019651
59,2024,511,Commodity,484,Commodity,0.0012522
59,2024,511,Commodity,485,Commodity,0.0017053
59,2024,511,Commodity,486,Commodity,0.0009207
59,2024,511,Commodity,487OS,Commodity,0.0026324
59,2024,511,Commodity,493,Commodity,0.0015672
59,2024,511,Commodity,4A0,Commodity,0.0020526
59,2024,511,Commodity,511,Commodity,1.0985866
59,2024,511,Commodity,512,Commodity,0.0011638
59,2024,511,Commodity,513,Commodity,0.0021761
59,2024,511,Commodity,514,Commodity,0.0170405
59,2024,511,Commodity,521CI,Commodity,0.0017914
59,2024,511,Commodity,523,Commodity,0.0047792
59,2024,511,Commodity,524,Commodity,0.001629
59,2024,511,Commodity,525,Commodity,0.0040333
59,2024,511,Commodity,532RL,Commodity,0.0025992
59,2024,511,Commodity,5411,Commodity,0.0042169
59,2024,511,Commodity,5412OP,Commodity,0.0049641
59,2024,511,Commodity,5415,Commodity,0.0053312
59,2024,511,Commodity,55,Commodity,0.0019159
59,2024,511,Commodity,561,Commodity,0.0044611
59,2024,511,Commodity,562,Commodity,0.0021007
59,2024,511,Commodity,61,Commodity,0.0038118
59,2024,511,Commodity,621,Commodity,0.0020685
59,2024,511,Commodity,622,Commodity,0.0044927
59,2024,511,Commodity,623,Commodity,0.0016906
59,2024,511,Commodity,624,Commodity,0.0039631
59,2024,511,Commodity,711AS,Commodity,0.0015417
59,2024,511,Commodity,713,Commodity,0.0020477
59,2024,511,Commodity,721,Commodity,0.001351
59,2024,511,Commodity,722,Commodity,0.0014767
59,2024,511,Commodity,81,Commodity,0.0019857
59,2024,511,Commodity,GFE,Commodity,0.0008984
59,2024,511,Commodity,GFGD,Commodity,0.0013322
59,2024,511,Commodity,GFGN,Commodity,0.0045955
59,2024,511,Commodity,GSLE,Commodity,0.0033267
59,2024,511,Commodity,GSLG,Commodity,0.0058875
59,2024,511,Commodity,HS,Commodity,0.0002032
59,2024,511,Commodity,ORE,Commodity,0.0024848
59,2024,511,Commodity,Other,Commodity,0.0045955
59,2024,511,Commodity,Used,Commodity,0.0033806
59,2024,512,Commodity,111CA,Commodity,0.0005731
59,2024,512,Commodity,113FF,Commodity,0.0003059
59,2024,512,Commodity,211,Commodity,0.000693
59,2024,512,Commodity,212,Commodity,0.0007366
59,2024,512,Commodity,213,Commodity,0.0006714
59,2024,512,Commodity,22,Commodity,0.0008546
59,2024,512,Commodity,23,Commodity,0.0008908
59,2024,512,Commodity,311FT,Commodity,0.0007527
59,2024,512,Commodity,313TT,Commodity,0.0006979
59,2024,512,Commodity,315AL,Commodity,0.0006616
59,2024,512,Commodity,321,Commodity,0.0007972
59,2024,512,Commodity,322,Commodity,0.00086
59,2024,512,Commodity,323,Commodity,0.0009379
59,2024,512,Commodity,324,Commodity,0.0005979
59,2024,512,Commodity,325,Commodity,0.0004221
59,2024,512,Commodity,326,Commodity,0.0007465
59,2024,512,Commodity,327,Commodity,0.0009661
59,2024,512,Commodity,331,Commodity,0.0010205
59,2024,512,Commodity,332,Commodity,0.0009184
59,2024,512,Commodity,333,Commodity,0.0007322
59,2024,512,Commodity,334,Commodity,0.0003095
59,2024,512,Commodity,335,Commodity,0.0007367
59,2024,512,Commodity,3361MV,Commodity,0.0008124
59,2024,512,Commodity,3364OT,Commodity,0.0005479
59,2024,512,Commodity,337,Commodity,0.0009238
59,2024,512,Commodity,339,Commodity,0.0006728
59,2024,512,Commodity,42,Commodity,0.0012724
59,2024,512,Commodity,441,Commodity,0.0034809
59,2024,512,Commodity,445,Commodity,0.002381
59,2024,512,Commodity,452,Commodity,0.0005972
59,2024,512,Commodity,481,Commodity,0.001578
59,2024,512,Commodity,482,Commodity,0.000718
59,2024,512,Commodity,483,Commodity,0.001349
59,2024,512,Commodity,484,Commodity,0.000938
59,2024,512,Commodity,485,Commodity,0.0013103
59,2024,512,Commodity,486,Commodity,0.0031236
59,2024,512,Commodity,487OS,Commodity,0.0010744
59,2024,512,Commodity,493,Commodity,0.0005383
59,2024,512,Commodity,4A0,Commodity,0.0011824
59,2024,512,Commodity,511,Commodity,0.0021033
59,2024,512,Commodity,512,Commodity,1.2587075
59,2024,512,Commodity,513,Commodity,0.0826274
59,2024,512,Commodity,514,Commodity,0.0031146
59,2024,512,Commodity,521CI,Commodity,0.0014004
59,2024,512,Commodity,523,Commodity,0.0023975
59,2024,512,Commodity,524,Commodity,0.0009241
59,2024,512,Commodity,525,Commodity,0.0022213
59,2024,512,Commodity,532RL,Commodity,0.0015855
59,2024,512,Commodity,5411,Commodity,0.0011689
59,2024,512,Commodity,5412OP,Commodity,0.0061445
59,2024,512,Commodity,5415,Commodity,0.0012962
59,2024,512,Commodity,55,Commodity,0.0019225
59,2024,512,Commodity,561,Commodity,0.0019011
59,2024,512,Commodity,562,Commodity,0.0015015
59,2024,512,Commodity,61,Commodity,0.0032969
59,2024,512,Commodity,621,Commodity,0.0012028
59,2024,512,Commodity,622,Commodity,0.0015729
59,2024,512,Commodity,623,Commodity,0.0058873
59,2024,512,Commodity,624,Commodity,0.0092391
59,2024,512,Commodity,711AS,Commodity,0.0049551
59,2024,512,Commodity,713,Commodity,0.0018519
59,2024,512,Commodity,721,Commodity,0.0047389
59,2024,512,Commodity,722,Commodity,0.0068876
59,2024,512,Commodity,81,Commodity,0.0018128
59,2024,512,Commodity,GFE,Commodity,0.0017106
59,2024,512,Commodity,GFGD,Commodity,0.001901
59,2024,512,Commodity,GFGN,Commodity,0.0055742
59,2024,512,Commodity,GSLE,Commodity,0.0014323
59,2024,512,Commodity,GSLG,Commodity,0.0027732
59,2024,512,Commodity,HS,Commodity,0.0001373
59,2024,512,Commodity,ORE,Commodity,0.0022916
59,2024,512,Commodity,Other,Commodity,0.0055742
59,2024,512,Commodity,Used,Commodity,0.0017342
59,2024,513,Commodity,111CA,Commodity,0.0041384
59,2024,513,Commodity,113FF,Commodity,0.0022898
59,2024,513,Commodity,211,Commodity,0.0043289
59,2024,513,Commodity,212,Commodity,0.0045121
59,2024,513,Commodity,213,Commodity,0.0047698
59,2024,513,Commodity,22,Commodity,0.0056665
59,2024,513,Commodity,23,Commodity,0.0065189
59,2024,513,Commodity,311FT,Commodity,0.005067
59,2024,513,Commodity,313TT,Commodity,0.0048502
59,2024,513,Commodity,315AL,Commodity,0.0047208
59,2024,513,Commodity,321,Commodity,0.005887
59,2024,513,Commodity,322,Commodity,0.0061422
59,2024,513,Commodity,323,Commodity,0.0077275
59,2024,513,Commodity,324,Commodity,0.0037312
59,2024,513,Commodity,325,Commodity,0.0027716
59,2024,513,Commodity,326,Commodity,0.0051631
59,2024,513,Commodity,327,Commodity,0.0076711
59,2024,513,Commodity,331,Commodity,0.0074533
59,2024,513,Commodity,332,Commodity,0.0071401
59,2024,513,Commodity,333,Commodity,0.0052862
59,2024,513,Commodity,334,Commodity,0.0020625
59,2024,513,Commodity,335,Commodity,0.0051959
59,2024,513,Commodity,3361MV,Commodity,0.0054167
59,2024,513,Commodity,3364OT,Commodity,0.0043274
59,2024,513,Commodity,337,Commodity,0.0066266
59,2024,513,Commodity,339,Commodity,0.0049702
59,2024,513,Commodity,42,Commodity,0.0081005
59,2024,513,Commodity,441,Commodity,0.0097439
59,2024,513,Commodity,445,Commodity,0.0060929
59,2024,513,Commodity,452,Commodity,0.0038406
59,2024,513,Commodity,481,Commodity,0.0099483
59,2024,513,Commodity,482,Commodity,0.0045999
59,2024,513,Commodity,483,Commodity,0.0081148
59,2024,513,Commodity,484,Commodity,0.0074704
59,2024,513,Commodity,485,Commodity,0.0112868
59,2024,513,Commodity,486,Commodity,0.0202391
59,2024,513,Commodity,487OS,Commodity,0.0085333
59,2024,513,Commodity,493,Commodity,0.0033747
59,2024,513,Commodity,4A0,Commodity,0.0080159
59,2024,513,Commodity,511,Commodity,0.0127819
59,2024,513,Commodity,512,Commodity,0.0082449
59,2024,513,Commodity,513,Commodity,1.1111023
59,2024,513,Commodity,514,Commodity,0.0306695
59,2024,513,Commodity,521CI,Commodity,0.0112175
59,2024,513,Commodity,523,Commodity,0.017138
59,2024,513,Commodity,524,Commodity,0.0071193
59,2024,513,Commodity,525,Commodity,0.0177893
59,2024,513,Commodity,532RL,Commodity,0.0094464
59,2024,513,Commodity,5411,Commodity,0.0109989
59,2024,513,Commodity,5412OP,Commodity,0.01526
59,2024,513,Commodity,5415,Commodity,0.0081374
59,2024,513,Commodity,55,Commodity,0.0065801
59,2024,513,Commodity,561,Commodity,0.0157809
59,2024,513,Commodity,562,Commodity,0.0134807
59,2024,513,Commodity,61,Commodity,0.014277
59,2024,513,Commodity,621,Commodity,0.007944
59,2024,513,Commodity,622,Commodity,0.0118189
59,2024,513,Commodity,623,Commodity,0.0090056
59,2024,513,Commodity,624,Commodity,0.0061638
59,2024,513,Commodity,711AS,Commodity,0.0081652
59,2024,513,Commodity,713,Commodity,0.0108811
59,2024,513,Commodity,721,Commodity,0.0202492
59,2024,513,Commodity,722,Commodity,0.0112131
59,2024,513,Commodity,81,Commodity,0.0099153
59,2024,513,Commodity,GFE,Commodity,0.0108108
59,2024,513,Commodity,GFGD,Commodity,0.0135121
59,2024,513,Commodity,GFGN,Commodity,0.0134085
59,2024,513,Commodity,GSLE,Commodity,0.0093791
59,2024,513,Commodity,GSLG,Commodity,0.0273241
59,2024,513,Commodity,HS,Commodity,0.0009841
59,2024,513,Commodity,ORE,Commodity,0.0181575
59,2024,513,Commodity,Other,Commodity,0.0134085
59,2024,513,Commodity,Used,Commodity,0.0159041
59,2024,514,Commodity,111CA,Commodity,0.00423
59,2024,514,Commodity,113FF,Commodity,0.0024231
59,2024,514,Commodity,211,Commodity,0.0046467
59,2024,514,Commodity,212,Commodity,0.0057382
59,2024,514,Commodity,213,Commodity,0.0050968
59,2024,514,Commodity,22,Commodity,0.014229
59,2024,514,Commodity,23,Commodity,0.0079944
59,2024,514,Commodity,311FT,Commodity,0.0078503
59,2024,514,Commodity,313TT,Commodity,0.0085085
59,2024,514,Commodity,315AL,Commodity,0.0075034
59,2024,514,Commodity,321,Commodity,0.0151259
59,2024,514,Commodity,322,Commodity,0.0156505
59,2024,514,Commodity,323,Commodity,0.0118927
59,2024,514,Commodity,324,Commodity,0.0040973
59,2024,514,Commodity,325,Commodity,0.0039895
59,2024,514,Commodity,326,Commodity,0.0084115
59,2024,514,Commodity,327,Commodity,0.0171307
59,2024,514,Commodity,331,Commodity,0.0149044
59,2024,514,Commodity,332,Commodity,0.0145499
59,2024,514,Commodity,333,Commodity,0.01152
59,2024,514,Commodity,334,Commodity,0.0030536
59,2024,514,Commodity,335,Commodity,0.0115583
59,2024,514,Commodity,3361MV,Commodity,0.009166
59,2024,514,Commodity,3364OT,Commodity,0.0096459
59,2024,514,Commodity,337,Commodity,0.0167193
59,2024,514,Commodity,339,Commodity,0.0099006
59,2024,514,Commodity,42,Commodity,0.0087519
59,2024,514,Commodity,441,Commodity,0.0274096
59,2024,514,Commodity,445,Commodity,0.0121586
59,2024,514,Commodity,452,Commodity,0.0086207
59,2024,514,Commodity,481,Commodity,0.0096323
59,2024,514,Commodity,482,Commodity,0.0063265
59,2024,514,Commodity,483,Commodity,0.0120906
59,2024,514,Commodity,484,Commodity,0.0066117
59,2024,514,Commodity,485,Commodity,0.0117705
59,2024,514,Commodity,486,Commodity,0.0078883
59,2024,514,Commodity,487OS,Commodity,0.0100872
59,2024,514,Commodity,493,Commodity,0.0051625
59,2024,514,Commodity,4A0,Commodity,0.0168557
59,2024,514,Commodity,511,Commodity,0.018867
59,2024,514,Commodity,512,Commodity,0.0059019
59,2024,514,Commodity,513,Commodity,0.0127782
59,2024,514,Commodity,514,Commodity,1.040766
59,2024,514,Commodity,521CI,Commodity,0.022646
59,2024,514,Commodity,523,Commodity,0.025171
59,2024,514,Commodity,524,Commodity,0.0066951
59,2024,514,Commodity,525,Commodity,0.0348417
59,2024,514,Commodity,532RL,Commodity,0.0121412
59,2024,514,Commodity,5411,Commodity,0.0162009
59,2024,514,Commodity,5412OP,Commodity,0.0179316
59,2024,514,Commodity,5415,Commodity,0.0181387
59,2024,514,Commodity,55,Commodity,0.009146
59,2024,514,Commodity,561,Commodity,0.0439992
59,2024,514,Commodity,562,Commodity,0.0249673
59,2024,514,Commodity,61,Commodity,0.02288
59,2024,514,Commodity,621,Commodity,0.0073034
59,2024,514,Commodity,622,Commodity,0.0155231
59,2024,514,Commodity,623,Commodity,0.0082735
59,2024,514,Commodity,624,Commodity,0.0090603
59,2024,514,Commodity,711AS,Commodity,0.0129214
59,2024,514,Commodity,713,Commodity,0.0149092
59,2024,514,Commodity,721,Commodity,0.0096658
59,2024,514,Commodity,722,Commodity,0.0222956
59,2024,514,Commodity,81,Commodity,0.0178964
59,2024,514,Commodity,GFE,Commodity,0.0097022
59,2024,514,Commodity,GFGD,Commodity,0.0092608
59,2024,514,Commodity,GFGN,Commodity,0.0225106
59,2024,514,Commodity,GSLE,Commodity,0.0215049
59,2024,514,Commodity,GSLG,Commodity,0.026423
59,2024,514,Commodity,HS,Commodity,0.0017272
59,2024,514,Commodity,ORE,Commodity,0.0136769
59,2024,514,Commodity,Other,Commodity,0.0225106
59,2024,514,Commodity,Used,Commodity,0.0203116
59,2024,521CI,Commodity,111CA,Commodity,0.0260875
59,2024,521CI,Commodity,113FF,Commodity,0.0152419
59,2024,521CI,Commodity,211,Commodity,0.0214687
59,2024,521CI,Commodity,212,Commodity,0.0270212
59,2024,521CI,Commodity,213,Commodity,0.0231042
59,2024,521CI,Commodity,22,Commodity,0.0241757
59,2024,521CI,Commodity,23,Commodity,0.0186962
59,2024,521CI,Commodity,311FT,Commodity,0.023151
59,2024,521CI,Commodity,313TT,Commodity,0.0226886
59,2024,521CI,Commodity,315AL,Commodity,0.0385372
59,2024,521CI,Commodity,321,Commodity,0.0237972
59,2024,521CI,Commodity,322,Commodity,0.0241762
59,2024,521CI,Commodity,323,Commodity,0.0229019
59,2024,521CI,Commodity,324,Commodity,0.0175297
59,2024,521CI,Commodity,325,Commodity,0.0163361
59,2024,521CI,Commodity,326,Commodity,0.023819
59,2024,521CI,Commodity,327,Commodity,0.0234721
59,2024,521CI,Commodity,331,Commodity,0.0276642
59,2024,521CI,Commodity,332,Commodity,0.0229503
59,2024,521CI,Commodity,333,Commodity,0.0199256
59,2024,521CI,Commodity,334,Commodity,0.0165052
59,2024,521CI,Commodity,335,Commodity,0.0253052
59,2024,521CI,Commodity,3361MV,Commodity,0.0268328
59,2024,521CI,Commodity,3364OT,Commodity,0.0129888
59,2024,521CI,Commodity,337,Commodity,0.0278734
59,2024,521CI,Commodity,339,Commodity,0.0256959
59,2024,521CI,Commodity,42,Commodity,0.030489
59,2024,521CI,Commodity,441,Commodity,0.0257013
59,2024,521CI,Commodity,445,Commodity,0.0231481
59,2024,521CI,Commodity,452,Commodity,0.0199409
59,2024,521CI,Commodity,481,Commodity,0.0233456
59,2024,521CI,Commodity,482,Commodity,0.0841148
59,2024,521CI,Commodity,483,Commodity,0.0340436
59,2024,521CI,Commodity,484,Commodity,0.0205439
59,2024,521CI,Commodity,485,Commodity,0.0558104
59,2024,521CI,Commodity,486,Commodity,0.0493703
59,2024,521CI,Commodity,487OS,Commodity,0.0233835
59,2024,521CI,Commodity,493,Commodity,0.01207
59,2024,521CI,Commodity,4A0,Commodity,0.023092
59,2024,521CI,Commodity,511,Commodity,0.0232331
59,2024,521CI,Commodity,512,Commodity,0.03141
59,2024,521CI,Commodity,513,Commodity,0.0370516
59,2024,521CI,Commodity,514,Commodity,0.0240439
59,2024,521CI,Commodity,521CI,Commodity,1.0792065
59,2024,521CI,Commodity,523,Commodity,0.1263341
59,2024,521CI,Commodity,524,Commodity,0.0086998
59,2024,521CI,Commodity,525,Commodity,0.0991453
59,2024,521CI,Commodity,532RL,Commodity,0.0523077
59,2024,521CI,Commodity,5411,Commodity,0.013337
59,2024,521CI,Commodity,5412OP,Commodity,0.0210367
59,2024,521CI,Commodity,5415,Commodity,0.0139359
59,2024,521CI,Commodity,55,Commodity,0.0560799
59,2024,521CI,Commodity,561,Commodity,0.0194832
59,2024,521CI,Commodity,562,Commodity,0.0218306
59,2024,521CI,Commodity,61,Commodity,0.0173514
59,2024,521CI,Commodity,621,Commodity,0.0174609
59,2024,521CI,Commodity,622,Commodity,0.0226137
59,2024,521CI,Commodity,623,Commodity,0.0203119
59,2024,521CI,Commodity,624,Commodity,0.016345
59,2024,521CI,Commodity,711AS,Commodity,0.0199759
59,2024,521CI,Commodity,713,Commodity,0.0288314
59,2024,521CI,Commodity,721,Commodity,0.0287257
59,2024,521CI,Commodity,722,Commodity,0.0314792
59,2024,521CI,Commodity,81,Commodity,0.0270627
59,2024,521CI,Commodity,GFE,Commodity,0.020235
59,2024,521CI,Commodity,GFGD,Commodity,0.008892
59,2024,521CI,Commodity,GFGN,Commodity,0.0437418
59,2024,521CI,Commodity,GSLE,Commodity,0.0302383
59,2024,521CI,Commodity,GSLG,Commodity,0.0189934
59,2024,521CI,Commodity,HS,Commodity,0.0527145
59,2024,521CI,Commodity,ORE,Commodity,0.0756567
59,2024,521CI,Commodity,Other,Commodity,0.0437418
59,2024,521CI,Commodity,Used,Commodity,0.0215189
59,2024,523,Commodity,111CA,Commodity,0.0052268
59,2024,523,Commodity,113FF,Commodity,0.0021528
59,2024,523,Commodity,211,Commodity,0.0114323
59,2024,523,Commodity,212,Commodity,0.0371932
59,2024,523,Commodity,213,Commodity,0.0925137
59,2024,523,Commodity,22,Commodity,0.0091728
59,2024,523,Commodity,23,Commodity,0.0062977
59,2024,523,Commodity,311FT,Commodity,0.0055301
59,2024,523,Commodity,313TT,Commodity,0.0047911
59,2024,523,Commodity,315AL,Commodity,0.0063756
59,2024,523,Commodity,321,Commodity,0.0049076
59,2024,523,Commodity,322,Commodity,0.0057294
59,2024,523,Commodity,323,Commodity,0.0046972
59,2024,523,Commodity,324,Commodity,0.007961
59,2024,523,Commodity,325,Commodity,0.0038075
59,2024,523,Commodity,326,Commodity,0.0053053
59,2024,523,Commodity,327,Commodity,0.0083562
59,2024,523,Commodity,331,Commodity,0.0221066
59,2024,523,Commodity,332,Commodity,0.016826
59,2024,523,Commodity,333,Commodity,0.0127128
59,2024,523,Commodity,334,Commodity,0.0028851
59,2024,523,Commodity,335,Commodity,0.0125524
59,2024,523,Commodity,3361MV,Commodity,0.0132207
59,2024,523,Commodity,3364OT,Commodity,0.0060553
59,2024,523,Commodity,337,Commodity,0.0165313
59,2024,523,Commodity,339,Commodity,0.0105281
59,2024,523,Commodity,42,Commodity,0.0073152
59,2024,523,Commodity,441,Commodity,0.004433
59,2024,523,Commodity,445,Commodity,0.0052189
59,2024,523,Commodity,452,Commodity,0.004322
59,2024,523,Commodity,481,Commodity,0.0186249
59,2024,523,Commodity,482,Commodity,0.0146647
59,2024,523,Commodity,483,Commodity,0.0266476
59,2024,523,Commodity,484,Commodity,0.0074586
59,2024,523,Commodity,485,Commodity,0.041082
59,2024,523,Commodity,486,Commodity,0.0098664
59,2024,523,Commodity,487OS,Commodity,0.0137821
59,2024,523,Commodity,493,Commodity,0.0037995
59,2024,523,Commodity,4A0,Commodity,0.0050625
59,2024,523,Commodity,511,Commodity,0.0035108
59,2024,523,Commodity,512,Commodity,0.0100325
59,2024,523,Commodity,513,Commodity,0.0053522
59,2024,523,Commodity,514,Commodity,0.0040713
59,2024,523,Commodity,521CI,Commodity,0.0505864
59,2024,523,Commodity,523,Commodity,1.0871165
59,2024,523,Commodity,524,Commodity,0.0103727
59,2024,523,Commodity,525,Commodity,0.6611988
59,2024,523,Commodity,532RL,Commodity,0.0227062
59,2024,523,Commodity,5411,Commodity,0.0040589
59,2024,523,Commodity,5412OP,Commodity,0.0048649
59,2024,523,Commodity,5415,Commodity,0.0039701
59,2024,523,Commodity,55,Commodity,0.0267396
59,2024,523,Commodity,561,Commodity,0.0058157
59,2024,523,Commodity,562,Commodity,0.0061121
59,2024,523,Commodity,61,Commodity,0.0046969
59,2024,523,Commodity,621,Commodity,0.0061932
59,2024,523,Commodity,622,Commodity,0.0191438
59,2024,523,Commodity,623,Commodity,0.0072911
59,2024,523,Commodity,624,Commodity,0.0147993
59,2024,523,Commodity,711AS,Commodity,0.0131294
59,2024,523,Commodity,713,Commodity,0.0091553
59,2024,523,Commodity,721,Commodity,0.0051187
59,2024,523,Commodity,722,Commodity,0.0255795
59,2024,523,Commodity,81,Commodity,0.0091857
59,2024,523,Commodity,GFE,Commodity,0.0040096
59,2024,523,Commodity,GFGD,Commodity,0.002826
59,2024,523,Commodity,GFGN,Commodity,0.0040125
59,2024,523,Commodity,GSLE,Commodity,0.02344
59,2024,523,Commodity,GSLG,Commodity,0.0042673
59,2024,523,Commodity,HS,Commodity,0.002909
59,2024,523,Commodity,ORE,Commodity,0.0163518
59,2024,523,Commodity,Other,Commodity,0.0040125
59,2024,523,Commodity,Used,Commodity,0.0092851
59,2024,524,Commodity,111CA,Commodity,0.0324216
59,2024,524,Commodity,113FF,Commodity,0.0162677
59,2024,524,Commodity,211,Commodity,0.0277607
59,2024,524,Commodity,212,Commodity,0.0281344
59,2024,524,Commodity,213,Commodity,0.0366299
59,2024,524,Commodity,22,Commodity,0.0298734
59,2024,524,Commodity,23,Commodity,0.015311
59,2024,524,Commodity,311FT,Commodity,0.0310359
59,2024,524,Commodity,313TT,Commodity,0.0261247
59,2024,524,Commodity,315AL,Commodity,0.0209204
59,2024,524,Commodity,321,Commodity,0.0220819
59,2024,524,Commodity,322,Commodity,0.0233604
59,2024,524,Commodity,323,Commodity,0.0173568
59,2024,524,Commodity,324,Commodity,0.0213785
59,2024,524,Commodity,325,Commodity,0.0156371
59,2024,524,Commodity,326,Commodity,0.0222305
59,2024,524,Commodity,327,Commodity,0.0327422
59,2024,524,Commodity,331,Commodity,0.02844
59,2024,524,Commodity,332,Commodity,0.0234317
59,2024,524,Commodity,333,Commodity,0.0217302
59,2024,524,Commodity,334,Commodity,0.0069438
59,2024,524,Commodity,335,Commodity,0.0288128
59,2024,524,Commodity,3361MV,Commodity,0.0339054
59,2024,524,Commodity,3364OT,Commodity,0.0154151
59,2024,524,Commodity,337,Commodity,0.0284974
59,2024,524,Commodity,339,Commodity,0.0167628
59,2024,524,Commodity,42,Commodity,0.0457374
59,2024,524,Commodity,441,Commodity,0.0348227
59,2024,524,Commodity,445,Commodity,0.0264379
59,2024,524,Commodity,452,Commodity,0.0199196
59,2024,524,Commodity,481,Commodity,0.0226169
59,2024,524,Commodity,482,Commodity,0.0161947
59,2024,524,Commodity,483,Commodity,0.0581659
59,2024,524,Commodity,484,Commodity,0.0848617
59,2024,524,Commodity,485,Commodity,0.2298908
59,2024,524,Commodity,486,Commodity,0.0228482
59,2024,524,Commodity,487OS,Commodity,0.042887
59,2024,524,Commodity,493,Commodity,0.0375779
59,2024,524,Commodity,4A0,Commodity,0.0281931
59,2024,524,Commodity,511,Commodity,0.0100359
59,2024,524,Commodity,512,Commodity,0.0265771
59,2024,524,Commodity,513,Commodity,0.0188353
59,2024,524,Commodity,514,Commodity,0.0142709
59,2024,524,Commodity,521CI,Commodity,0.0211371
59,2024,524,Commodity,523,Commodity,0.0555494
59,2024,524,Commodity,524,Commodity,1.5990415
59,2024,524,Commodity,525,Commodity,0.1145689
59,2024,524,Commodity,532RL,Commodity,0.0604592
59,2024,524,Commodity,5411,Commodity,0.0194196
59,2024,524,Commodity,5412OP,Commodity,0.0194863
59,2024,524,Commodity,5415,Commodity,0.0154318
59,2024,524,Commodity,55,Commodity,0.016797
59,2024,524,Commodity,561,Commodity,0.0260228
59,2024,524,Commodity,562,Commodity,0.0341859
59,2024,524,Commodity,61,Commodity,0.0235921
59,2024,524,Commodity,621,Commodity,0.033104
59,2024,524,Commodity,622,Commodity,0.043891
59,2024,524,Commodity,623,Commodity,0.0441222
59,2024,524,Commodity,624,Commodity,0.0689167
59,2024,524,Commodity,711AS,Commodity,0.043474
59,2024,524,Commodity,713,Commodity,0.0457263
59,2024,524,Commodity,721,Commodity,0.019168
59,2024,524,Commodity,722,Commodity,0.0337118
59,2024,524,Commodity,81,Commodity,0.0226043
59,2024,524,Commodity,GFE,Commodity,0.1228778
59,2024,524,Commodity,GFGD,Commodity,0.0095816
59,2024,524,Commodity,GFGN,Commodity,0.0121577
59,2024,524,Commodity,GSLE,Commodity,0.0725232
59,2024,524,Commodity,GSLG,Commodity,0.0144393
59,2024,524,Commodity,HS,Commodity,0.0104978
59,2024,524,Commodity,ORE,Commodity,0.0912168
59,2024,524,Commodity,Other,Commodity,0.0121577
59,2024,524,Commodity,Used,Commodity,0.0211174
59,2024,525,Commodity,111CA,Commodity,0.000154
59,2024,525,Commodity,113FF,Commodity,0.0001015
59,2024,525,Commodity,211,Commodity,0.0001399
59,2024,525,Commodity,212,Commodity,0.0001402
59,2024,525,Commodity,213,Commodity,0.0001757
59,2024,525,Commodity,22,Commodity,0.0001433
59,2024,525,Commodity,23,Commodity,7.52e-5
59,2024,525,Commodity,311FT,Commodity,0.0001499
59,2024,525,Commodity,313TT,Commodity,0.000126
59,2024,525,Commodity,315AL,Commodity,0.0001012
59,2024,525,Commodity,321,Commodity,0.0001085
59,2024,525,Commodity,322,Commodity,0.0001165
59,2024,525,Commodity,323,Commodity,8.39e-5
59,2024,525,Commodity,324,Commodity,0.0001064
59,2024,525,Commodity,325,Commodity,7.61e-5
59,2024,525,Commodity,326,Commodity,0.0001072
59,2024,525,Commodity,327,Commodity,0.0001568
59,2024,525,Commodity,331,Commodity,0.0001733
59,2024,525,Commodity,332,Commodity,0.0001215
59,2024,525,Commodity,333,Commodity,0.0001103
59,2024,525,Commodity,334,Commodity,3.48e-5
59,2024,525,Commodity,335,Commodity,0.0001437
59,2024,525,Commodity,3361MV,Commodity,0.0001661
59,2024,525,Commodity,3364OT,Commodity,7.58e-5
59,2024,525,Commodity,337,Commodity,0.0001376
59,2024,525,Commodity,339,Commodity,8.3e-5
59,2024,525,Commodity,42,Commodity,0.0002179
59,2024,525,Commodity,441,Commodity,0.0001629
59,2024,525,Commodity,445,Commodity,0.0001251
59,2024,525,Commodity,452,Commodity,9.68e-5
59,2024,525,Commodity,481,Commodity,0.000108
59,2024,525,Commodity,482,Commodity,7.71e-5
59,2024,525,Commodity,483,Commodity,0.0002729
59,2024,525,Commodity,484,Commodity,0.0003942
59,2024,525,Commodity,485,Commodity,0.0010585
59,2024,525,Commodity,486,Commodity,0.0001073
59,2024,525,Commodity,487OS,Commodity,0.0002048
59,2024,525,Commodity,493,Commodity,0.0001755
59,2024,525,Commodity,4A0,Commodity,0.0001343
59,2024,525,Commodity,511,Commodity,4.85e-5
59,2024,525,Commodity,512,Commodity,0.0001245
59,2024,525,Commodity,513,Commodity,8.95e-5
59,2024,525,Commodity,514,Commodity,7.0e-5
59,2024,525,Commodity,521CI,Commodity,9.91e-5
59,2024,525,Commodity,523,Commodity,0.00026
59,2024,525,Commodity,524,Commodity,0.0073409
59,2024,525,Commodity,525,Commodity,1.0438785
59,2024,525,Commodity,532RL,Commodity,0.0002839
59,2024,525,Commodity,5411,Commodity,9.12e-5
59,2024,525,Commodity,5412OP,Commodity,9.26e-5
59,2024,525,Commodity,5415,Commodity,7.29e-5
59,2024,525,Commodity,55,Commodity,0.0001859
59,2024,525,Commodity,561,Commodity,0.0001253
59,2024,525,Commodity,562,Commodity,0.0002372
59,2024,525,Commodity,61,Commodity,0.0002666
59,2024,525,Commodity,621,Commodity,0.000178
59,2024,525,Commodity,622,Commodity,0.000345
59,2024,525,Commodity,623,Commodity,0.0002076
59,2024,525,Commodity,624,Commodity,0.0003259
59,2024,525,Commodity,711AS,Commodity,0.0002135
59,2024,525,Commodity,713,Commodity,0.000223
59,2024,525,Commodity,721,Commodity,9.44e-5
59,2024,525,Commodity,722,Commodity,0.0001647
59,2024,525,Commodity,81,Commodity,0.0001202
59,2024,525,Commodity,GFE,Commodity,0.000566
59,2024,525,Commodity,GFGD,Commodity,4.62e-5
59,2024,525,Commodity,GFGN,Commodity,5.79e-5
59,2024,525,Commodity,GSLE,Commodity,0.0003379
59,2024,525,Commodity,GSLG,Commodity,0.0007643
59,2024,525,Commodity,HS,Commodity,4.86e-5
59,2024,525,Commodity,ORE,Commodity,0.0004275
59,2024,525,Commodity,Other,Commodity,5.79e-5
59,2024,525,Commodity,Used,Commodity,0.0003977
59,2024,532RL,Commodity,111CA,Commodity,0.0190429
59,2024,532RL,Commodity,113FF,Commodity,0.0066279
59,2024,532RL,Commodity,211,Commodity,0.0246676
59,2024,532RL,Commodity,212,Commodity,0.0403911
59,2024,532RL,Commodity,213,Commodity,0.0338466
59,2024,532RL,Commodity,22,Commodity,0.0119364
59,2024,532RL,Commodity,23,Commodity,0.0267242
59,2024,532RL,Commodity,311FT,Commodity,0.0230963
59,2024,532RL,Commodity,313TT,Commodity,0.0160506
59,2024,532RL,Commodity,315AL,Commodity,0.1168209
59,2024,532RL,Commodity,321,Commodity,0.0157142
59,2024,532RL,Commodity,322,Commodity,0.0245613
59,2024,532RL,Commodity,323,Commodity,0.0180038
59,2024,532RL,Commodity,324,Commodity,0.0191107
59,2024,532RL,Commodity,325,Commodity,0.0160067
59,2024,532RL,Commodity,326,Commodity,0.0193162
59,2024,532RL,Commodity,327,Commodity,0.0253824
59,2024,532RL,Commodity,331,Commodity,0.0248657
59,2024,532RL,Commodity,332,Commodity,0.0216248
59,2024,532RL,Commodity,333,Commodity,0.0178597
59,2024,532RL,Commodity,334,Commodity,0.006552
59,2024,532RL,Commodity,335,Commodity,0.0199216
59,2024,532RL,Commodity,3361MV,Commodity,0.0336915
59,2024,532RL,Commodity,3364OT,Commodity,0.012367
59,2024,532RL,Commodity,337,Commodity,0.0177084
59,2024,532RL,Commodity,339,Commodity,0.0159569
59,2024,532RL,Commodity,42,Commodity,0.0272663
59,2024,532RL,Commodity,441,Commodity,0.0115326
59,2024,532RL,Commodity,445,Commodity,0.0130538
59,2024,532RL,Commodity,452,Commodity,0.0237818
59,2024,532RL,Commodity,481,Commodity,0.067205
59,2024,532RL,Commodity,482,Commodity,0.1084041
59,2024,532RL,Commodity,483,Commodity,0.1741036
59,2024,532RL,Commodity,484,Commodity,0.0725317
59,2024,532RL,Commodity,485,Commodity,0.0220137
59,2024,532RL,Commodity,486,Commodity,0.0067651
59,2024,532RL,Commodity,487OS,Commodity,0.0203984
59,2024,532RL,Commodity,493,Commodity,0.0123498
59,2024,532RL,Commodity,4A0,Commodity,0.0157704
59,2024,532RL,Commodity,511,Commodity,0.0129497
59,2024,532RL,Commodity,512,Commodity,0.0128796
59,2024,532RL,Commodity,513,Commodity,0.0214551
59,2024,532RL,Commodity,514,Commodity,0.033011
59,2024,532RL,Commodity,521CI,Commodity,0.0100689
59,2024,532RL,Commodity,523,Commodity,0.0268523
59,2024,532RL,Commodity,524,Commodity,0.0069154
59,2024,532RL,Commodity,525,Commodity,0.0194448
59,2024,532RL,Commodity,532RL,Commodity,1.0460494
59,2024,532RL,Commodity,5411,Commodity,0.0101495
59,2024,532RL,Commodity,5412OP,Commodity,0.0184095
59,2024,532RL,Commodity,5415,Commodity,0.0122945
59,2024,532RL,Commodity,55,Commodity,0.0556031
59,2024,532RL,Commodity,561,Commodity,0.0180861
59,2024,532RL,Commodity,562,Commodity,0.0326785
59,2024,532RL,Commodity,61,Commodity,0.0120195
59,2024,532RL,Commodity,621,Commodity,0.0132134
59,2024,532RL,Commodity,622,Commodity,0.0129255
59,2024,532RL,Commodity,623,Commodity,0.0101249
59,2024,532RL,Commodity,624,Commodity,0.01001
59,2024,532RL,Commodity,711AS,Commodity,0.0243563
59,2024,532RL,Commodity,713,Commodity,0.0227616
59,2024,532RL,Commodity,721,Commodity,0.014125
59,2024,532RL,Commodity,722,Commodity,0.0395742
59,2024,532RL,Commodity,81,Commodity,0.0103286
59,2024,532RL,Commodity,GFE,Commodity,0.0107253
59,2024,532RL,Commodity,GFGD,Commodity,0.0095697
59,2024,532RL,Commodity,GFGN,Commodity,0.0066991
59,2024,532RL,Commodity,GSLE,Commodity,0.0181172
59,2024,532RL,Commodity,GSLG,Commodity,0.0123515
59,2024,532RL,Commodity,HS,Commodity,0.0037132
59,2024,532RL,Commodity,ORE,Commodity,0.0147198
59,2024,532RL,Commodity,Other,Commodity,0.0066991
59,2024,532RL,Commodity,Used,Commodity,0.0191984
59,2024,5411,Commodity,111CA,Commodity,0.0057912
59,2024,5411,Commodity,113FF,Commodity,0.0029907
59,2024,5411,Commodity,211,Commodity,0.0074744
59,2024,5411,Commodity,212,Commodity,0.0115732
59,2024,5411,Commodity,213,Commodity,0.0071904
59,2024,5411,Commodity,22,Commodity,0.0121683
59,2024,5411,Commodity,23,Commodity,0.0097802
59,2024,5411,Commodity,311FT,Commodity,0.007569
59,2024,5411,Commodity,313TT,Commodity,0.008601
59,2024,5411,Commodity,315AL,Commodity,0.0085722
59,2024,5411,Commodity,321,Commodity,0.0102778
59,2024,5411,Commodity,322,Commodity,0.011882
59,2024,5411,Commodity,323,Commodity,0.010657
59,2024,5411,Commodity,324,Commodity,0.0058983
59,2024,5411,Commodity,325,Commodity,0.0048793
59,2024,5411,Commodity,326,Commodity,0.0103519
59,2024,5411,Commodity,327,Commodity,0.0099506
59,2024,5411,Commodity,331,Commodity,0.0122327
59,2024,5411,Commodity,332,Commodity,0.012282
59,2024,5411,Commodity,333,Commodity,0.0084111
59,2024,5411,Commodity,334,Commodity,0.0032608
59,2024,5411,Commodity,335,Commodity,0.0076821
59,2024,5411,Commodity,3361MV,Commodity,0.0099822
59,2024,5411,Commodity,3364OT,Commodity,0.0056495
59,2024,5411,Commodity,337,Commodity,0.0111475
59,2024,5411,Commodity,339,Commodity,0.0109473
59,2024,5411,Commodity,42,Commodity,0.0136549
59,2024,5411,Commodity,441,Commodity,0.0076956
59,2024,5411,Commodity,445,Commodity,0.0071424
59,2024,5411,Commodity,452,Commodity,0.0057979
59,2024,5411,Commodity,481,Commodity,0.0050031
59,2024,5411,Commodity,482,Commodity,0.015971
59,2024,5411,Commodity,483,Commodity,0.0107033
59,2024,5411,Commodity,484,Commodity,0.005868
59,2024,5411,Commodity,485,Commodity,0.0109235
59,2024,5411,Commodity,486,Commodity,0.0052951
59,2024,5411,Commodity,487OS,Commodity,0.0062364
59,2024,5411,Commodity,493,Commodity,0.0057364
59,2024,5411,Commodity,4A0,Commodity,0.0092395
59,2024,5411,Commodity,511,Commodity,0.0134331
59,2024,5411,Commodity,512,Commodity,0.0119246
59,2024,5411,Commodity,513,Commodity,0.0094833
59,2024,5411,Commodity,514,Commodity,0.0167709
59,2024,5411,Commodity,521CI,Commodity,0.0106358
59,2024,5411,Commodity,523,Commodity,0.0278692
59,2024,5411,Commodity,524,Commodity,0.0196195
59,2024,5411,Commodity,525,Commodity,0.0303007
59,2024,5411,Commodity,532RL,Commodity,0.0085373
59,2024,5411,Commodity,5411,Commodity,1.0098702
59,2024,5411,Commodity,5412OP,Commodity,0.0201865
59,2024,5411,Commodity,5415,Commodity,0.0093456
59,2024,5411,Commodity,55,Commodity,0.0207017
59,2024,5411,Commodity,561,Commodity,0.0117809
59,2024,5411,Commodity,562,Commodity,0.0100386
59,2024,5411,Commodity,61,Commodity,0.0071789
59,2024,5411,Commodity,621,Commodity,0.0087972
59,2024,5411,Commodity,622,Commodity,0.0225036
59,2024,5411,Commodity,623,Commodity,0.0116608
59,2024,5411,Commodity,624,Commodity,0.0081011
59,2024,5411,Commodity,711AS,Commodity,0.0191779
59,2024,5411,Commodity,713,Commodity,0.0187366
59,2024,5411,Commodity,721,Commodity,0.0061165
59,2024,5411,Commodity,722,Commodity,0.0091828
59,2024,5411,Commodity,81,Commodity,0.0124207
59,2024,5411,Commodity,GFE,Commodity,0.0047265
59,2024,5411,Commodity,GFGD,Commodity,0.004677
59,2024,5411,Commodity,GFGN,Commodity,0.0039942
59,2024,5411,Commodity,GSLE,Commodity,0.0131987
59,2024,5411,Commodity,GSLG,Commodity,0.0114089
59,2024,5411,Commodity,HS,Commodity,0.0019794
59,2024,5411,Commodity,ORE,Commodity,0.0155639
59,2024,5411,Commodity,Other,Commodity,0.0039942
59,2024,5411,Commodity,Used,Commodity,0.011363
59,2024,5412OP,Commodity,111CA,Commodity,0.0356623
59,2024,5412OP,Commodity,113FF,Commodity,0.0176976
59,2024,5412OP,Commodity,211,Commodity,0.0407062
59,2024,5412OP,Commodity,212,Commodity,0.0517453
59,2024,5412OP,Commodity,213,Commodity,0.0373638
59,2024,5412OP,Commodity,22,Commodity,0.0651012
59,2024,5412OP,Commodity,23,Commodity,0.0668764
59,2024,5412OP,Commodity,311FT,Commodity,0.0510866
59,2024,5412OP,Commodity,313TT,Commodity,0.0472736
59,2024,5412OP,Commodity,315AL,Commodity,0.0366281
59,2024,5412OP,Commodity,321,Commodity,0.0513711
59,2024,5412OP,Commodity,322,Commodity,0.0551679
59,2024,5412OP,Commodity,323,Commodity,0.050053
59,2024,5412OP,Commodity,324,Commodity,0.0335552
59,2024,5412OP,Commodity,325,Commodity,0.0272955
59,2024,5412OP,Commodity,326,Commodity,0.0516994
59,2024,5412OP,Commodity,327,Commodity,0.0556689
59,2024,5412OP,Commodity,331,Commodity,0.062914
59,2024,5412OP,Commodity,332,Commodity,0.0536303
59,2024,5412OP,Commodity,333,Commodity,0.0430713
59,2024,5412OP,Commodity,334,Commodity,0.0158687
59,2024,5412OP,Commodity,335,Commodity,0.0486852
59,2024,5412OP,Commodity,3361MV,Commodity,0.0511986
59,2024,5412OP,Commodity,3364OT,Commodity,0.0300006
59,2024,5412OP,Commodity,337,Commodity,0.0660683
59,2024,5412OP,Commodity,339,Commodity,0.0435938
59,2024,5412OP,Commodity,42,Commodity,0.0937464
59,2024,5412OP,Commodity,441,Commodity,0.1174131
59,2024,5412OP,Commodity,445,Commodity,0.0644798
59,2024,5412OP,Commodity,452,Commodity,0.0377113
59,2024,5412OP,Commodity,481,Commodity,0.03375
59,2024,5412OP,Commodity,482,Commodity,0.0537641
59,2024,5412OP,Commodity,483,Commodity,0.0785671
59,2024,5412OP,Commodity,484,Commodity,0.0415994
59,2024,5412OP,Commodity,485,Commodity,0.06854
59,2024,5412OP,Commodity,486,Commodity,0.0697727
59,2024,5412OP,Commodity,487OS,Commodity,0.0377943
59,2024,5412OP,Commodity,493,Commodity,0.0400164
59,2024,5412OP,Commodity,4A0,Commodity,0.094128
59,2024,5412OP,Commodity,511,Commodity,0.0842275
59,2024,5412OP,Commodity,512,Commodity,0.072981
59,2024,5412OP,Commodity,513,Commodity,0.0833355
59,2024,5412OP,Commodity,514,Commodity,0.1309605
59,2024,5412OP,Commodity,521CI,Commodity,0.0732519
59,2024,5412OP,Commodity,523,Commodity,0.1216188
59,2024,5412OP,Commodity,524,Commodity,0.0677569
59,2024,5412OP,Commodity,525,Commodity,0.1037027
59,2024,5412OP,Commodity,532RL,Commodity,0.0677671
59,2024,5412OP,Commodity,5411,Commodity,0.0441003
59,2024,5412OP,Commodity,5412OP,Commodity,1.1084859
59,2024,5412OP,Commodity,5415,Commodity,0.0729526
59,2024,5412OP,Commodity,55,Commodity,0.1015002
59,2024,5412OP,Commodity,561,Commodity,0.080679
59,2024,5412OP,Commodity,562,Commodity,0.0589952
59,2024,5412OP,Commodity,61,Commodity,0.0605035
59,2024,5412OP,Commodity,621,Commodity,0.0507413
59,2024,5412OP,Commodity,622,Commodity,0.0769216
59,2024,5412OP,Commodity,623,Commodity,0.0638903
59,2024,5412OP,Commodity,624,Commodity,0.0541655
59,2024,5412OP,Commodity,711AS,Commodity,0.0803426
59,2024,5412OP,Commodity,713,Commodity,0.0935255
59,2024,5412OP,Commodity,721,Commodity,0.0472234
59,2024,5412OP,Commodity,722,Commodity,0.0648113
59,2024,5412OP,Commodity,81,Commodity,0.0725688
59,2024,5412OP,Commodity,GFE,Commodity,0.0383246
59,2024,5412OP,Commodity,GFGD,Commodity,0.1374649
59,2024,5412OP,Commodity,GFGN,Commodity,0.0509873
59,2024,5412OP,Commodity,GSLE,Commodity,0.1274048
59,2024,5412OP,Commodity,GSLG,Commodity,0.0620694
59,2024,5412OP,Commodity,HS,Commodity,0.0087439
59,2024,5412OP,Commodity,ORE,Commodity,0.0900828
59,2024,5412OP,Commodity,Other,Commodity,0.0509873
59,2024,5412OP,Commodity,Used,Commodity,0.0576573
59,2024,5415,Commodity,111CA,Commodity,0.0054133
59,2024,5415,Commodity,113FF,Commodity,0.0023864
59,2024,5415,Commodity,211,Commodity,0.0204547
59,2024,5415,Commodity,212,Commodity,0.0105211
59,2024,5415,Commodity,213,Commodity,0.0049022
59,2024,5415,Commodity,22,Commodity,0.0106555
59,2024,5415,Commodity,23,Commodity,0.0080537
59,2024,5415,Commodity,311FT,Commodity,0.0066001
59,2024,5415,Commodity,313TT,Commodity,0.0060205
59,2024,5415,Commodity,315AL,Commodity,0.0046046
59,2024,5415,Commodity,321,Commodity,0.0075751
59,2024,5415,Commodity,322,Commodity,0.0075872
59,2024,5415,Commodity,323,Commodity,0.0089865
59,2024,5415,Commodity,324,Commodity,0.0136381
59,2024,5415,Commodity,325,Commodity,0.0041906
59,2024,5415,Commodity,326,Commodity,0.0067574
59,2024,5415,Commodity,327,Commodity,0.007924
59,2024,5415,Commodity,331,Commodity,0.0092618
59,2024,5415,Commodity,332,Commodity,0.0103739
59,2024,5415,Commodity,333,Commodity,0.0095706
59,2024,5415,Commodity,334,Commodity,0.0031531
59,2024,5415,Commodity,335,Commodity,0.0065086
59,2024,5415,Commodity,3361MV,Commodity,0.0076733
59,2024,5415,Commodity,3364OT,Commodity,0.0095354
59,2024,5415,Commodity,337,Commodity,0.0085614
59,2024,5415,Commodity,339,Commodity,0.005937
59,2024,5415,Commodity,42,Commodity,0.0124959
59,2024,5415,Commodity,441,Commodity,0.0171536
59,2024,5415,Commodity,445,Commodity,0.0066022
59,2024,5415,Commodity,452,Commodity,0.0073921
59,2024,5415,Commodity,481,Commodity,0.0077304
59,2024,5415,Commodity,482,Commodity,0.0175042
59,2024,5415,Commodity,483,Commodity,0.0088437
59,2024,5415,Commodity,484,Commodity,0.0062619
59,2024,5415,Commodity,485,Commodity,0.0093468
59,2024,5415,Commodity,486,Commodity,0.0038827
59,2024,5415,Commodity,487OS,Commodity,0.0060691
59,2024,5415,Commodity,493,Commodity,0.0038733
59,2024,5415,Commodity,4A0,Commodity,0.0085103
59,2024,5415,Commodity,511,Commodity,0.0184662
59,2024,5415,Commodity,512,Commodity,0.0061426
59,2024,5415,Commodity,513,Commodity,0.009075
59,2024,5415,Commodity,514,Commodity,0.0252884
59,2024,5415,Commodity,521CI,Commodity,0.0100397
59,2024,5415,Commodity,523,Commodity,0.0264136
59,2024,5415,Commodity,524,Commodity,0.010437
59,2024,5415,Commodity,525,Commodity,0.0237805
59,2024,5415,Commodity,532RL,Commodity,0.0066616
59,2024,5415,Commodity,5411,Commodity,0.011511
59,2024,5415,Commodity,5412OP,Commodity,0.0106599
59,2024,5415,Commodity,5415,Commodity,1.0181654
59,2024,5415,Commodity,55,Commodity,0.0070437
59,2024,5415,Commodity,561,Commodity,0.0183629
59,2024,5415,Commodity,562,Commodity,0.0098834
59,2024,5415,Commodity,61,Commodity,0.0117184
59,2024,5415,Commodity,621,Commodity,0.0066929
59,2024,5415,Commodity,622,Commodity,0.0117529
59,2024,5415,Commodity,623,Commodity,0.0081694
59,2024,5415,Commodity,624,Commodity,0.009685
59,2024,5415,Commodity,711AS,Commodity,0.0063431
59,2024,5415,Commodity,713,Commodity,0.0123258
59,2024,5415,Commodity,721,Commodity,0.0065458
59,2024,5415,Commodity,722,Commodity,0.0098266
59,2024,5415,Commodity,81,Commodity,0.0084915
59,2024,5415,Commodity,GFE,Commodity,0.0042522
59,2024,5415,Commodity,GFGD,Commodity,0.013095
59,2024,5415,Commodity,GFGN,Commodity,0.0338571
59,2024,5415,Commodity,GSLE,Commodity,0.0231447
59,2024,5415,Commodity,GSLG,Commodity,0.0165781
59,2024,5415,Commodity,HS,Commodity,0.0013385
59,2024,5415,Commodity,ORE,Commodity,0.0107823
59,2024,5415,Commodity,Other,Commodity,0.0338571
59,2024,5415,Commodity,Used,Commodity,0.0124267
59,2024,55,Commodity,111CA,Commodity,0.0195663
59,2024,55,Commodity,113FF,Commodity,0.0061051
59,2024,55,Commodity,211,Commodity,0.0978341
59,2024,55,Commodity,212,Commodity,0.0898814
59,2024,55,Commodity,213,Commodity,0.039092
59,2024,55,Commodity,22,Commodity,0.0132977
59,2024,55,Commodity,23,Commodity,0.0262291
59,2024,55,Commodity,311FT,Commodity,0.0497979
59,2024,55,Commodity,313TT,Commodity,0.0423725
59,2024,55,Commodity,315AL,Commodity,0.0385743
59,2024,55,Commodity,321,Commodity,0.0218526
59,2024,55,Commodity,322,Commodity,0.033166
59,2024,55,Commodity,323,Commodity,0.0237437
59,2024,55,Commodity,324,Commodity,0.0641907
59,2024,55,Commodity,325,Commodity,0.031657
59,2024,55,Commodity,326,Commodity,0.0297593
59,2024,55,Commodity,327,Commodity,0.0395844
59,2024,55,Commodity,331,Commodity,0.0334695
59,2024,55,Commodity,332,Commodity,0.0306557
59,2024,55,Commodity,333,Commodity,0.0463871
59,2024,55,Commodity,334,Commodity,0.0172846
59,2024,55,Commodity,335,Commodity,0.0355309
59,2024,55,Commodity,3361MV,Commodity,0.0459369
59,2024,55,Commodity,3364OT,Commodity,0.0269773
59,2024,55,Commodity,337,Commodity,0.0265048
59,2024,55,Commodity,339,Commodity,0.0339171
59,2024,55,Commodity,42,Commodity,0.064093
59,2024,55,Commodity,441,Commodity,0.0180215
59,2024,55,Commodity,445,Commodity,0.0225393
59,2024,55,Commodity,452,Commodity,0.0436275
59,2024,55,Commodity,481,Commodity,0.0315145
59,2024,55,Commodity,482,Commodity,0.0144517
59,2024,55,Commodity,483,Commodity,0.0468261
59,2024,55,Commodity,484,Commodity,0.0278178
59,2024,55,Commodity,485,Commodity,0.0179805
59,2024,55,Commodity,486,Commodity,0.0079581
59,2024,55,Commodity,487OS,Commodity,0.0327459
59,2024,55,Commodity,493,Commodity,0.0189753
59,2024,55,Commodity,4A0,Commodity,0.0343334
59,2024,55,Commodity,511,Commodity,0.0174397
59,2024,55,Commodity,512,Commodity,0.0106339
59,2024,55,Commodity,513,Commodity,0.0157134
59,2024,55,Commodity,514,Commodity,0.0158529
59,2024,55,Commodity,521CI,Commodity,0.0140165
59,2024,55,Commodity,523,Commodity,0.0384181
59,2024,55,Commodity,524,Commodity,0.0122599
59,2024,55,Commodity,525,Commodity,0.0358517
59,2024,55,Commodity,532RL,Commodity,0.0484487
59,2024,55,Commodity,5411,Commodity,0.0145139
59,2024,55,Commodity,5412OP,Commodity,0.0196774
59,2024,55,Commodity,5415,Commodity,0.0135102
59,2024,55,Commodity,55,Commodity,1.0121265
59,2024,55,Commodity,561,Commodity,0.0283371
59,2024,55,Commodity,562,Commodity,0.0458491
59,2024,55,Commodity,61,Commodity,0.0302508
59,2024,55,Commodity,621,Commodity,0.0488223
59,2024,55,Commodity,622,Commodity,0.0240333
59,2024,55,Commodity,623,Commodity,0.0365383
59,2024,55,Commodity,624,Commodity,0.0198636
59,2024,55,Commodity,711AS,Commodity,0.0232443
59,2024,55,Commodity,713,Commodity,0.0270924
59,2024,55,Commodity,721,Commodity,0.0274072
59,2024,55,Commodity,722,Commodity,0.0810444
59,2024,55,Commodity,81,Commodity,0.024464
59,2024,55,Commodity,GFE,Commodity,0.0087779
59,2024,55,Commodity,GFGD,Commodity,0.0116152
59,2024,55,Commodity,GFGN,Commodity,0.008488
59,2024,55,Commodity,GSLE,Commodity,0.0223813
59,2024,55,Commodity,GSLG,Commodity,0.0129033
59,2024,55,Commodity,HS,Commodity,0.0021237
59,2024,55,Commodity,ORE,Commodity,0.0469598
59,2024,55,Commodity,Other,Commodity,0.008488
59,2024,55,Commodity,Used,Commodity,0.0260195
59,2024,561,Commodity,111CA,Commodity,0.0183058
59,2024,561,Commodity,113FF,Commodity,0.007384
59,2024,561,Commodity,211,Commodity,0.019659
59,2024,561,Commodity,212,Commodity,0.0247016
59,2024,561,Commodity,213,Commodity,0.0230804
59,2024,561,Commodity,22,Commodity,0.0311638
59,2024,561,Commodity,23,Commodity,0.0249117
59,2024,561,Commodity,311FT,Commodity,0.0255572
59,2024,561,Commodity,313TT,Commodity,0.0242744
59,2024,561,Commodity,315AL,Commodity,0.0479952
59,2024,561,Commodity,321,Commodity,0.0271176
59,2024,561,Commodity,322,Commodity,0.0319751
59,2024,561,Commodity,323,Commodity,0.0517711
59,2024,561,Commodity,324,Commodity,0.0177616
59,2024,561,Commodity,325,Commodity,0.0163754
59,2024,561,Commodity,326,Commodity,0.0274488
59,2024,561,Commodity,327,Commodity,0.0306107
59,2024,561,Commodity,331,Commodity,0.0465622
59,2024,561,Commodity,332,Commodity,0.0493095
59,2024,561,Commodity,333,Commodity,0.0262625
59,2024,561,Commodity,334,Commodity,0.0103218
59,2024,561,Commodity,335,Commodity,0.0282947
59,2024,561,Commodity,3361MV,Commodity,0.0319002
59,2024,561,Commodity,3364OT,Commodity,0.030224
59,2024,561,Commodity,337,Commodity,0.0293819
59,2024,561,Commodity,339,Commodity,0.0245295
59,2024,561,Commodity,42,Commodity,0.0507626
59,2024,561,Commodity,441,Commodity,0.0432881
59,2024,561,Commodity,445,Commodity,0.0356532
59,2024,561,Commodity,452,Commodity,0.0322093
59,2024,561,Commodity,481,Commodity,0.0420345
59,2024,561,Commodity,482,Commodity,0.033654
59,2024,561,Commodity,483,Commodity,0.1548048
59,2024,561,Commodity,484,Commodity,0.0457469
59,2024,561,Commodity,485,Commodity,0.1165147
59,2024,561,Commodity,486,Commodity,0.059462
59,2024,561,Commodity,487OS,Commodity,0.0498521
59,2024,561,Commodity,493,Commodity,0.0495198
59,2024,561,Commodity,4A0,Commodity,0.0428303
59,2024,561,Commodity,511,Commodity,0.063939
59,2024,561,Commodity,512,Commodity,0.0287713
59,2024,561,Commodity,513,Commodity,0.0590562
59,2024,561,Commodity,514,Commodity,0.0716914
59,2024,561,Commodity,521CI,Commodity,0.0334227
59,2024,561,Commodity,523,Commodity,0.0551399
59,2024,561,Commodity,524,Commodity,0.0276818
59,2024,561,Commodity,525,Commodity,0.041838
59,2024,561,Commodity,532RL,Commodity,0.0920704
59,2024,561,Commodity,5411,Commodity,0.036358
59,2024,561,Commodity,5412OP,Commodity,0.0517517
59,2024,561,Commodity,5415,Commodity,0.0615495
59,2024,561,Commodity,55,Commodity,0.0486096
59,2024,561,Commodity,561,Commodity,1.0807114
59,2024,561,Commodity,562,Commodity,0.0561882
59,2024,561,Commodity,61,Commodity,0.0457435
59,2024,561,Commodity,621,Commodity,0.0427266
59,2024,561,Commodity,622,Commodity,0.0739218
59,2024,561,Commodity,623,Commodity,0.0705158
59,2024,561,Commodity,624,Commodity,0.0336146
59,2024,561,Commodity,711AS,Commodity,0.0512903
59,2024,561,Commodity,713,Commodity,0.0493846
59,2024,561,Commodity,721,Commodity,0.0322237
59,2024,561,Commodity,722,Commodity,0.0397523
59,2024,561,Commodity,81,Commodity,0.0442472
59,2024,561,Commodity,GFE,Commodity,0.0193337
59,2024,561,Commodity,GFGD,Commodity,0.0257885
59,2024,561,Commodity,GFGN,Commodity,0.039981
59,2024,561,Commodity,GSLE,Commodity,0.0514319
59,2024,561,Commodity,GSLG,Commodity,0.0350876
59,2024,561,Commodity,HS,Commodity,0.0047035
59,2024,561,Commodity,ORE,Commodity,0.1544071
59,2024,561,Commodity,Other,Commodity,0.039981
59,2024,561,Commodity,Used,Commodity,0.0412745
59,2024,562,Commodity,111CA,Commodity,0.0025812
59,2024,562,Commodity,113FF,Commodity,0.0011531
59,2024,562,Commodity,211,Commodity,0.0036024
59,2024,562,Commodity,212,Commodity,0.0030591
59,2024,562,Commodity,213,Commodity,0.0023004
59,2024,562,Commodity,22,Commodity,0.0059792
59,2024,562,Commodity,23,Commodity,0.003655
59,2024,562,Commodity,311FT,Commodity,0.0040126
59,2024,562,Commodity,313TT,Commodity,0.0039417
59,2024,562,Commodity,315AL,Commodity,0.0023901
59,2024,562,Commodity,321,Commodity,0.0033919
59,2024,562,Commodity,322,Commodity,0.0048883
59,2024,562,Commodity,323,Commodity,0.0043456
59,2024,562,Commodity,324,Commodity,0.0029296
59,2024,562,Commodity,325,Commodity,0.0033585
59,2024,562,Commodity,326,Commodity,0.0040534
59,2024,562,Commodity,327,Commodity,0.0044522
59,2024,562,Commodity,331,Commodity,0.0059834
59,2024,562,Commodity,332,Commodity,0.0043603
59,2024,562,Commodity,333,Commodity,0.002958
59,2024,562,Commodity,334,Commodity,0.0010243
59,2024,562,Commodity,335,Commodity,0.0033546
59,2024,562,Commodity,3361MV,Commodity,0.003219
59,2024,562,Commodity,3364OT,Commodity,0.0019223
59,2024,562,Commodity,337,Commodity,0.0043347
59,2024,562,Commodity,339,Commodity,0.0025395
59,2024,562,Commodity,42,Commodity,0.0044083
59,2024,562,Commodity,441,Commodity,0.0064778
59,2024,562,Commodity,445,Commodity,0.0069255
59,2024,562,Commodity,452,Commodity,0.0043188
59,2024,562,Commodity,481,Commodity,0.0024259
59,2024,562,Commodity,482,Commodity,0.0037364
59,2024,562,Commodity,483,Commodity,0.0041514
59,2024,562,Commodity,484,Commodity,0.0048109
59,2024,562,Commodity,485,Commodity,0.0051713
59,2024,562,Commodity,486,Commodity,0.0056625
59,2024,562,Commodity,487OS,Commodity,0.0041263
59,2024,562,Commodity,493,Commodity,0.0048949
59,2024,562,Commodity,4A0,Commodity,0.0061773
59,2024,562,Commodity,511,Commodity,0.0021096
59,2024,562,Commodity,512,Commodity,0.0028787
59,2024,562,Commodity,513,Commodity,0.0037832
59,2024,562,Commodity,514,Commodity,0.0026765
59,2024,562,Commodity,521CI,Commodity,0.0024915
59,2024,562,Commodity,523,Commodity,0.0047075
59,2024,562,Commodity,524,Commodity,0.0037403
59,2024,562,Commodity,525,Commodity,0.0050617
59,2024,562,Commodity,532RL,Commodity,0.0053043
59,2024,562,Commodity,5411,Commodity,0.0034173
59,2024,562,Commodity,5412OP,Commodity,0.0039971
59,2024,562,Commodity,5415,Commodity,0.0021362
59,2024,562,Commodity,55,Commodity,0.0047771
59,2024,562,Commodity,561,Commodity,0.0055264
59,2024,562,Commodity,562,Commodity,1.0808356
59,2024,562,Commodity,61,Commodity,0.0075581
59,2024,562,Commodity,621,Commodity,0.0050009
59,2024,562,Commodity,622,Commodity,0.0085991
59,2024,562,Commodity,623,Commodity,0.0090926
59,2024,562,Commodity,624,Commodity,0.0053639
59,2024,562,Commodity,711AS,Commodity,0.0053593
59,2024,562,Commodity,713,Commodity,0.0105517
59,2024,562,Commodity,721,Commodity,0.0058452
59,2024,562,Commodity,722,Commodity,0.0062466
59,2024,562,Commodity,81,Commodity,0.0074101
59,2024,562,Commodity,GFE,Commodity,0.0037917
59,2024,562,Commodity,GFGD,Commodity,0.0017057
59,2024,562,Commodity,GFGN,Commodity,0.0035741
59,2024,562,Commodity,GSLE,Commodity,0.0162446
59,2024,562,Commodity,GSLG,Commodity,0.0127302
59,2024,562,Commodity,HS,Commodity,0.000475
59,2024,562,Commodity,ORE,Commodity,0.041865
59,2024,562,Commodity,Other,Commodity,0.0035741
59,2024,562,Commodity,Used,Commodity,0.0167141
59,2024,61,Commodity,111CA,Commodity,0.0002006
59,2024,61,Commodity,113FF,Commodity,0.0002452
59,2024,61,Commodity,211,Commodity,0.0001216
59,2024,61,Commodity,212,Commodity,0.0001443
59,2024,61,Commodity,213,Commodity,0.0001204
59,2024,61,Commodity,22,Commodity,0.0001786
59,2024,61,Commodity,23,Commodity,0.0002262
59,2024,61,Commodity,311FT,Commodity,0.0002275
59,2024,61,Commodity,313TT,Commodity,0.0001807
59,2024,61,Commodity,315AL,Commodity,0.0001391
59,2024,61,Commodity,321,Commodity,0.0002371
59,2024,61,Commodity,322,Commodity,0.000252
59,2024,61,Commodity,323,Commodity,0.0002199
59,2024,61,Commodity,324,Commodity,0.0001212
59,2024,61,Commodity,325,Commodity,0.0001366
59,2024,61,Commodity,326,Commodity,0.0002065
59,2024,61,Commodity,327,Commodity,0.0002009
59,2024,61,Commodity,331,Commodity,0.0005214
59,2024,61,Commodity,332,Commodity,0.0002723
59,2024,61,Commodity,333,Commodity,0.0002194
59,2024,61,Commodity,334,Commodity,8.5e-5
59,2024,61,Commodity,335,Commodity,0.0002421
59,2024,61,Commodity,3361MV,Commodity,0.0002969
59,2024,61,Commodity,3364OT,Commodity,0.0001365
59,2024,61,Commodity,337,Commodity,0.0002207
59,2024,61,Commodity,339,Commodity,0.0001483
59,2024,61,Commodity,42,Commodity,0.0008321
59,2024,61,Commodity,441,Commodity,0.0008296
59,2024,61,Commodity,445,Commodity,0.0018273
59,2024,61,Commodity,452,Commodity,0.0001131
59,2024,61,Commodity,481,Commodity,0.0005236
59,2024,61,Commodity,482,Commodity,0.0001737
59,2024,61,Commodity,483,Commodity,0.0002977
59,2024,61,Commodity,484,Commodity,0.000245
59,2024,61,Commodity,485,Commodity,0.000265
59,2024,61,Commodity,486,Commodity,0.0001473
59,2024,61,Commodity,487OS,Commodity,0.0001984
59,2024,61,Commodity,493,Commodity,0.0001098
59,2024,61,Commodity,4A0,Commodity,0.0017287
59,2024,61,Commodity,511,Commodity,0.0001245
59,2024,61,Commodity,512,Commodity,0.0020389
59,2024,61,Commodity,513,Commodity,0.001262
59,2024,61,Commodity,514,Commodity,0.0001788
59,2024,61,Commodity,521CI,Commodity,0.0001886
59,2024,61,Commodity,523,Commodity,0.0002368
59,2024,61,Commodity,524,Commodity,9.09e-5
59,2024,61,Commodity,525,Commodity,0.0002366
59,2024,61,Commodity,532RL,Commodity,0.0002408
59,2024,61,Commodity,5411,Commodity,0.0001168
59,2024,61,Commodity,5412OP,Commodity,0.0002327
59,2024,61,Commodity,5415,Commodity,0.0001538
59,2024,61,Commodity,55,Commodity,0.0003172
59,2024,61,Commodity,561,Commodity,0.0005098
59,2024,61,Commodity,562,Commodity,0.0008028
59,2024,61,Commodity,61,Commodity,1.0065095
59,2024,61,Commodity,621,Commodity,0.0002976
59,2024,61,Commodity,622,Commodity,0.0011682
59,2024,61,Commodity,623,Commodity,0.0001875
59,2024,61,Commodity,624,Commodity,0.0002965
59,2024,61,Commodity,711AS,Commodity,0.0243182
59,2024,61,Commodity,713,Commodity,0.0032325
59,2024,61,Commodity,721,Commodity,0.0001822
59,2024,61,Commodity,722,Commodity,0.0003151
59,2024,61,Commodity,81,Commodity,0.0038375
59,2024,61,Commodity,GFE,Commodity,0.0015758
59,2024,61,Commodity,GFGD,Commodity,0.0001507
59,2024,61,Commodity,GFGN,Commodity,0.0002701
59,2024,61,Commodity,GSLE,Commodity,0.0002463
59,2024,61,Commodity,GSLG,Commodity,0.0048451
59,2024,61,Commodity,HS,Commodity,5.29e-5
59,2024,61,Commodity,ORE,Commodity,0.0003403
59,2024,61,Commodity,Other,Commodity,0.0002701
59,2024,61,Commodity,Used,Commodity,0.0022034
59,2024,621,Commodity,111CA,Commodity,5.85e-5
59,2024,621,Commodity,113FF,Commodity,0.0002851
59,2024,621,Commodity,211,Commodity,4.77e-5
59,2024,621,Commodity,212,Commodity,4.03e-5
59,2024,621,Commodity,213,Commodity,7.62e-5
59,2024,621,Commodity,22,Commodity,7.1e-5
59,2024,621,Commodity,23,Commodity,4.46e-5
59,2024,621,Commodity,311FT,Commodity,5.36e-5
59,2024,621,Commodity,313TT,Commodity,4.32e-5
59,2024,621,Commodity,315AL,Commodity,3.36e-5
59,2024,621,Commodity,321,Commodity,7.91e-5
59,2024,621,Commodity,322,Commodity,9.67e-5
59,2024,621,Commodity,323,Commodity,4.99e-5
59,2024,621,Commodity,324,Commodity,4.6e-5
59,2024,621,Commodity,325,Commodity,3.17e-5
59,2024,621,Commodity,326,Commodity,5.14e-5
59,2024,621,Commodity,327,Commodity,5.43e-5
59,2024,621,Commodity,331,Commodity,0.0004494
59,2024,621,Commodity,332,Commodity,0.0001454
59,2024,621,Commodity,333,Commodity,9.02e-5
59,2024,621,Commodity,334,Commodity,5.57e-5
59,2024,621,Commodity,335,Commodity,0.000113
59,2024,621,Commodity,3361MV,Commodity,0.0001002
59,2024,621,Commodity,3364OT,Commodity,4.46e-5
59,2024,621,Commodity,337,Commodity,7.18e-5
59,2024,621,Commodity,339,Commodity,4.95e-5
59,2024,621,Commodity,42,Commodity,4.77e-5
59,2024,621,Commodity,441,Commodity,3.37e-5
59,2024,621,Commodity,445,Commodity,3.7e-5
59,2024,621,Commodity,452,Commodity,3.01e-5
59,2024,621,Commodity,481,Commodity,0.0003356
59,2024,621,Commodity,482,Commodity,3.85e-5
59,2024,621,Commodity,483,Commodity,0.000172
59,2024,621,Commodity,484,Commodity,4.77e-5
59,2024,621,Commodity,485,Commodity,5.21e-5
59,2024,621,Commodity,486,Commodity,4.41e-5
59,2024,621,Commodity,487OS,Commodity,7.58e-5
59,2024,621,Commodity,493,Commodity,2.7e-5
59,2024,621,Commodity,4A0,Commodity,4.05e-5
59,2024,621,Commodity,511,Commodity,2.94e-5
59,2024,621,Commodity,512,Commodity,0.0001048
59,2024,621,Commodity,513,Commodity,0.0001004
59,2024,621,Commodity,514,Commodity,5.77e-5
59,2024,621,Commodity,521CI,Commodity,5.05e-5
59,2024,621,Commodity,523,Commodity,0.000297
59,2024,621,Commodity,524,Commodity,2.94e-5
59,2024,621,Commodity,525,Commodity,0.0001943
59,2024,621,Commodity,532RL,Commodity,6.13e-5
59,2024,621,Commodity,5411,Commodity,1.93e-5
59,2024,621,Commodity,5412OP,Commodity,8.79e-5
59,2024,621,Commodity,5415,Commodity,3.97e-5
59,2024,621,Commodity,55,Commodity,5.13e-5
59,2024,621,Commodity,561,Commodity,0.0001515
59,2024,621,Commodity,562,Commodity,0.0008091
59,2024,621,Commodity,61,Commodity,0.0016329
59,2024,621,Commodity,621,Commodity,1.0123441
59,2024,621,Commodity,622,Commodity,0.0138372
59,2024,621,Commodity,623,Commodity,0.0004669
59,2024,621,Commodity,624,Commodity,9.96e-5
59,2024,621,Commodity,711AS,Commodity,0.0009713
59,2024,621,Commodity,713,Commodity,0.0001593
59,2024,621,Commodity,721,Commodity,6.41e-5
59,2024,621,Commodity,722,Commodity,5.28e-5
59,2024,621,Commodity,81,Commodity,0.0002426
59,2024,621,Commodity,GFE,Commodity,2.64e-5
59,2024,621,Commodity,GFGD,Commodity,7.67e-5
59,2024,621,Commodity,GFGN,Commodity,0.0041346
59,2024,621,Commodity,GSLE,Commodity,5.87e-5
59,2024,621,Commodity,GSLG,Commodity,0.0072527
59,2024,621,Commodity,HS,Commodity,6.7e-6
59,2024,621,Commodity,ORE,Commodity,8.15e-5
59,2024,621,Commodity,Other,Commodity,0.0041346
59,2024,621,Commodity,Used,Commodity,0.003122
59,2024,622,Commodity,111CA,Commodity,0.0
59,2024,622,Commodity,113FF,Commodity,0.0
59,2024,622,Commodity,211,Commodity,0.0
59,2024,622,Commodity,212,Commodity,0.0
59,2024,622,Commodity,213,Commodity,0.0
59,2024,622,Commodity,22,Commodity,0.0
59,2024,622,Commodity,23,Commodity,0.0
59,2024,622,Commodity,311FT,Commodity,0.0
59,2024,622,Commodity,313TT,Commodity,0.0
59,2024,622,Commodity,315AL,Commodity,0.0
59,2024,622,Commodity,321,Commodity,0.0
59,2024,622,Commodity,322,Commodity,0.0
59,2024,622,Commodity,323,Commodity,0.0
59,2024,622,Commodity,324,Commodity,0.0
59,2024,622,Commodity,325,Commodity,0.0
59,2024,622,Commodity,326,Commodity,0.0
59,2024,622,Commodity,327,Commodity,0.0
59,2024,622,Commodity,331,Commodity,0.0
59,2024,622,Commodity,332,Commodity,0.0
59,2024,622,Commodity,333,Commodity,0.0
59,2024,622,Commodity,334,Commodity,0.0
59,2024,622,Commodity,335,Commodity,0.0
59,2024,622,Commodity,3361MV,Commodity,0.0
59,2024,622,Commodity,3364OT,Commodity,0.0
59,2024,622,Commodity,337,Commodity,0.0
59,2024,622,Commodity,339,Commodity,0.0
59,2024,622,Commodity,42,Commodity,0.0
59,2024,622,Commodity,441,Commodity,0.0
59,2024,622,Commodity,445,Commodity,0.0
59,2024,622,Commodity,452,Commodity,0.0
59,2024,622,Commodity,481,Commodity,0.0
59,2024,622,Commodity,482,Commodity,0.0
59,2024,622,Commodity,483,Commodity,0.0
59,2024,622,Commodity,484,Commodity,0.0
59,2024,622,Commodity,485,Commodity,0.0
59,2024,622,Commodity,486,Commodity,0.0
59,2024,622,Commodity,487OS,Commodity,0.0
59,2024,622,Commodity,493,Commodity,0.0
59,2024,622,Commodity,4A0,Commodity,0.0
59,2024,622,Commodity,511,Commodity,0.0
59,2024,622,Commodity,512,Commodity,0.0
59,2024,622,Commodity,513,Commodity,0.0
59,2024,622,Commodity,514,Commodity,0.0
59,2024,622,Commodity,521CI,Commodity,0.0
59,2024,622,Commodity,523,Commodity,0.0
59,2024,622,Commodity,524,Commodity,0.0
59,2024,622,Commodity,525,Commodity,0.0
59,2024,622,Commodity,532RL,Commodity,0.0
59,2024,622,Commodity,5411,Commodity,0.0
59,2024,622,Commodity,5412OP,Commodity,0.0
59,2024,622,Commodity,5415,Commodity,0.0
59,2024,622,Commodity,55,Commodity,0.0
59,2024,622,Commodity,561,Commodity,0.0
59,2024,622,Commodity,562,Commodity,0.0
59,2024,622,Commodity,61,Commodity,0.0
59,2024,622,Commodity,621,Commodity,1.6e-6
59,2024,622,Commodity,622,Commodity,1.0006433
59,2024,622,Commodity,623,Commodity,0.0
59,2024,622,Commodity,624,Commodity,0.0
59,2024,622,Commodity,711AS,Commodity,0.0
59,2024,622,Commodity,713,Commodity,0.0
59,2024,622,Commodity,721,Commodity,0.0
59,2024,622,Commodity,722,Commodity,0.0
59,2024,622,Commodity,81,Commodity,0.0
59,2024,622,Commodity,GFE,Commodity,0.0
59,2024,622,Commodity,GFGD,Commodity,0.0
59,2024,622,Commodity,GFGN,Commodity,0.0
59,2024,622,Commodity,GSLE,Commodity,0.0
59,2024,622,Commodity,GSLG,Commodity,0.0
59,2024,622,Commodity,HS,Commodity,0.0
59,2024,622,Commodity,ORE,Commodity,0.0
59,2024,622,Commodity,Other,Commodity,0.0
59,2024,622,Commodity,Used,Commodity,0.0
59,2024,623,Commodity,111CA,Commodity,4.91e-5
59,2024,623,Commodity,113FF,Commodity,5.73e-5
59,2024,623,Commodity,211,Commodity,4.81e-5
59,2024,623,Commodity,212,Commodity,4.12e-5
59,2024,623,Commodity,213,Commodity,7.91e-5
59,2024,623,Commodity,22,Commodity,3.55e-5
59,2024,623,Commodity,23,Commodity,3.48e-5
59,2024,623,Commodity,311FT,Commodity,5.46e-5
59,2024,623,Commodity,313TT,Commodity,4.67e-5
59,2024,623,Commodity,315AL,Commodity,3.33e-5
59,2024,623,Commodity,321,Commodity,5.36e-5
59,2024,623,Commodity,322,Commodity,7.0e-5
59,2024,623,Commodity,323,Commodity,5.12e-5
59,2024,623,Commodity,324,Commodity,5.77e-5
59,2024,623,Commodity,325,Commodity,3.89e-5
59,2024,623,Commodity,326,Commodity,5.37e-5
59,2024,623,Commodity,327,Commodity,5.02e-5
59,2024,623,Commodity,331,Commodity,0.0001207
59,2024,623,Commodity,332,Commodity,6.68e-5
59,2024,623,Commodity,333,Commodity,6.28e-5
59,2024,623,Commodity,334,Commodity,9.24e-5
59,2024,623,Commodity,335,Commodity,6.64e-5
59,2024,623,Commodity,3361MV,Commodity,8.13e-5
59,2024,623,Commodity,3364OT,Commodity,3.85e-5
59,2024,623,Commodity,337,Commodity,5.4e-5
59,2024,623,Commodity,339,Commodity,4.27e-5
59,2024,623,Commodity,42,Commodity,4.95e-5
59,2024,623,Commodity,441,Commodity,1.8e-5
59,2024,623,Commodity,445,Commodity,2.85e-5
59,2024,623,Commodity,452,Commodity,3.44e-5
59,2024,623,Commodity,481,Commodity,0.0006884
59,2024,623,Commodity,482,Commodity,3.75e-5
59,2024,623,Commodity,483,Commodity,0.0003039
59,2024,623,Commodity,484,Commodity,4.51e-5
59,2024,623,Commodity,485,Commodity,4.26e-5
59,2024,623,Commodity,486,Commodity,3.67e-5
59,2024,623,Commodity,487OS,Commodity,4.87e-5
59,2024,623,Commodity,493,Commodity,1.92e-5
59,2024,623,Commodity,4A0,Commodity,3.59e-5
59,2024,623,Commodity,511,Commodity,2.51e-5
59,2024,623,Commodity,512,Commodity,3.67e-5
59,2024,623,Commodity,513,Commodity,7.88e-5
59,2024,623,Commodity,514,Commodity,3.03e-5
59,2024,623,Commodity,521CI,Commodity,7.34e-5
59,2024,623,Commodity,523,Commodity,0.0005851
59,2024,623,Commodity,524,Commodity,3.57e-5
59,2024,623,Commodity,525,Commodity,0.0003671
59,2024,623,Commodity,532RL,Commodity,7.23e-5
59,2024,623,Commodity,5411,Commodity,1.24e-5
59,2024,623,Commodity,5412OP,Commodity,2.94e-5
59,2024,623,Commodity,5415,Commodity,4.22e-5
59,2024,623,Commodity,55,Commodity,5.24e-5
59,2024,623,Commodity,561,Commodity,3.16e-5
59,2024,623,Commodity,562,Commodity,0.0001258
59,2024,623,Commodity,61,Commodity,0.0002273
59,2024,623,Commodity,621,Commodity,4.34e-5
59,2024,623,Commodity,622,Commodity,0.0002091
59,2024,623,Commodity,623,Commodity,1.0000307
59,2024,623,Commodity,624,Commodity,3.14e-5
59,2024,623,Commodity,711AS,Commodity,5.03e-5
59,2024,623,Commodity,713,Commodity,4.88e-5
59,2024,623,Commodity,721,Commodity,4.57e-5
59,2024,623,Commodity,722,Commodity,5.52e-5
59,2024,623,Commodity,81,Commodity,6.3e-5
59,2024,623,Commodity,GFE,Commodity,2.15e-5
59,2024,623,Commodity,GFGD,Commodity,0.0001207
59,2024,623,Commodity,GFGN,Commodity,0.0088517
59,2024,623,Commodity,GSLE,Commodity,3.92e-5
59,2024,623,Commodity,GSLG,Commodity,0.0009322
59,2024,623,Commodity,HS,Commodity,5.8e-6
59,2024,623,Commodity,ORE,Commodity,3.77e-5
59,2024,623,Commodity,Other,Commodity,0.0088517
59,2024,623,Commodity,Used,Commodity,0.0004282
59,2024,624,Commodity,111CA,Commodity,0.0
59,2024,624,Commodity,113FF,Commodity,3.0e-7
59,2024,624,Commodity,211,Commodity,0.0
59,2024,624,Commodity,212,Commodity,0.0
59,2024,624,Commodity,213,Commodity,0.0
59,2024,624,Commodity,22,Commodity,1.0e-7
59,2024,624,Commodity,23,Commodity,0.0
59,2024,624,Commodity,311FT,Commodity,0.0
59,2024,624,Commodity,313TT,Commodity,0.0
59,2024,624,Commodity,315AL,Commodity,0.0
59,2024,624,Commodity,321,Commodity,1.0e-7
59,2024,624,Commodity,322,Commodity,1.0e-7
59,2024,624,Commodity,323,Commodity,0.0
59,2024,624,Commodity,324,Commodity,0.0
59,2024,624,Commodity,325,Commodity,0.0
59,2024,624,Commodity,326,Commodity,0.0
59,2024,624,Commodity,327,Commodity,0.0
59,2024,624,Commodity,331,Commodity,4.0e-7
59,2024,624,Commodity,332,Commodity,1.0e-7
59,2024,624,Commodity,333,Commodity,1.0e-7
59,2024,624,Commodity,334,Commodity,0.0
59,2024,624,Commodity,335,Commodity,1.0e-7
59,2024,624,Commodity,3361MV,Commodity,1.0e-7
59,2024,624,Commodity,3364OT,Commodity,0.0
59,2024,624,Commodity,337,Commodity,0.0
59,2024,624,Commodity,339,Commodity,0.0
59,2024,624,Commodity,42,Commodity,0.0
59,2024,624,Commodity,441,Commodity,0.0
59,2024,624,Commodity,445,Commodity,0.0
59,2024,624,Commodity,452,Commodity,0.0
59,2024,624,Commodity,481,Commodity,0.0
59,2024,624,Commodity,482,Commodity,0.0
59,2024,624,Commodity,483,Commodity,0.0
59,2024,624,Commodity,484,Commodity,0.0
59,2024,624,Commodity,485,Commodity,0.0
59,2024,624,Commodity,486,Commodity,0.0
59,2024,624,Commodity,487OS,Commodity,1.0e-7
59,2024,624,Commodity,493,Commodity,0.0
59,2024,624,Commodity,4A0,Commodity,0.0
59,2024,624,Commodity,511,Commodity,0.0
59,2024,624,Commodity,512,Commodity,0.0
59,2024,624,Commodity,513,Commodity,0.0
59,2024,624,Commodity,514,Commodity,0.0
59,2024,624,Commodity,521CI,Commodity,0.0
59,2024,624,Commodity,523,Commodity,0.0
59,2024,624,Commodity,524,Commodity,0.0
59,2024,624,Commodity,525,Commodity,0.0
59,2024,624,Commodity,532RL,Commodity,0.0
59,2024,624,Commodity,5411,Commodity,0.0
59,2024,624,Commodity,5412OP,Commodity,0.0
59,2024,624,Commodity,5415,Commodity,0.0
59,2024,624,Commodity,55,Commodity,0.0
59,2024,624,Commodity,561,Commodity,0.0
59,2024,624,Commodity,562,Commodity,8.0e-7
59,2024,624,Commodity,61,Commodity,1.7e-6
59,2024,624,Commodity,621,Commodity,2.0e-7
59,2024,624,Commodity,622,Commodity,1.6e-6
59,2024,624,Commodity,623,Commodity,0.0
59,2024,624,Commodity,624,Commodity,1.0000001
59,2024,624,Commodity,711AS,Commodity,1.0e-7
59,2024,624,Commodity,713,Commodity,1.0e-7
59,2024,624,Commodity,721,Commodity,0.0
59,2024,624,Commodity,722,Commodity,0.0
59,2024,624,Commodity,81,Commodity,2.0e-7
59,2024,624,Commodity,GFE,Commodity,0.0
59,2024,624,Commodity,GFGD,Commodity,0.0
59,2024,624,Commodity,GFGN,Commodity,0.0
59,2024,624,Commodity,GSLE,Commodity,0.0
59,2024,624,Commodity,GSLG,Commodity,7.8e-6
59,2024,624,Commodity,HS,Commodity,0.0
59,2024,624,Commodity,ORE,Commodity,0.0
59,2024,624,Commodity,Other,Commodity,0.0
59,2024,624,Commodity,Used,Commodity,3.3e-6
59,2024,711AS,Commodity,111CA,Commodity,0.0018029
59,2024,711AS,Commodity,113FF,Commodity,0.000652
59,2024,711AS,Commodity,211,Commodity,0.0018958
59,2024,711AS,Commodity,212,Commodity,0.0020494
59,2024,711AS,Commodity,213,Commodity,0.0016849
59,2024,711AS,Commodity,22,Commodity,0.0015933
59,2024,711AS,Commodity,23,Commodity,0.0019594
59,2024,711AS,Commodity,311FT,Commodity,0.002276
59,2024,711AS,Commodity,313TT,Commodity,0.0019159
59,2024,711AS,Commodity,315AL,Commodity,0.0017316
59,2024,711AS,Commodity,321,Commodity,0.0022186
59,2024,711AS,Commodity,322,Commodity,0.0025066
59,2024,711AS,Commodity,323,Commodity,0.0025308
59,2024,711AS,Commodity,324,Commodity,0.0015411
59,2024,711AS,Commodity,325,Commodity,0.0012293
59,2024,711AS,Commodity,326,Commodity,0.0023252
59,2024,711AS,Commodity,327,Commodity,0.0023662
59,2024,711AS,Commodity,331,Commodity,0.0027936
59,2024,711AS,Commodity,332,Commodity,0.0023898
59,2024,711AS,Commodity,333,Commodity,0.0020259
59,2024,711AS,Commodity,334,Commodity,0.0007426
59,2024,711AS,Commodity,335,Commodity,0.0019602
59,2024,711AS,Commodity,3361MV,Commodity,0.0023758
59,2024,711AS,Commodity,3364OT,Commodity,0.0013032
59,2024,711AS,Commodity,337,Commodity,0.0023694
59,2024,711AS,Commodity,339,Commodity,0.0017081
59,2024,711AS,Commodity,42,Commodity,0.0049536
59,2024,711AS,Commodity,441,Commodity,0.0046314
59,2024,711AS,Commodity,445,Commodity,0.0040369
59,2024,711AS,Commodity,452,Commodity,0.0020253
59,2024,711AS,Commodity,481,Commodity,0.0019484
59,2024,711AS,Commodity,482,Commodity,0.0035805
59,2024,711AS,Commodity,483,Commodity,0.002842
59,2024,711AS,Commodity,484,Commodity,0.0021632
59,2024,711AS,Commodity,485,Commodity,0.0028498
59,2024,711AS,Commodity,486,Commodity,0.002206
59,2024,711AS,Commodity,487OS,Commodity,0.0029269
59,2024,711AS,Commodity,493,Commodity,0.0015128
59,2024,711AS,Commodity,4A0,Commodity,0.0032702
59,2024,711AS,Commodity,511,Commodity,0.0026017
59,2024,711AS,Commodity,512,Commodity,0.0961039
59,2024,711AS,Commodity,513,Commodity,0.0559819
59,2024,711AS,Commodity,514,Commodity,0.0042202
59,2024,711AS,Commodity,521CI,Commodity,0.0048586
59,2024,711AS,Commodity,523,Commodity,0.0052938
59,2024,711AS,Commodity,524,Commodity,0.0017745
59,2024,711AS,Commodity,525,Commodity,0.0065482
59,2024,711AS,Commodity,532RL,Commodity,0.0037678
59,2024,711AS,Commodity,5411,Commodity,0.0035929
59,2024,711AS,Commodity,5412OP,Commodity,0.0070509
59,2024,711AS,Commodity,5415,Commodity,0.004027
59,2024,711AS,Commodity,55,Commodity,0.0102038
59,2024,711AS,Commodity,561,Commodity,0.005236
59,2024,711AS,Commodity,562,Commodity,0.0038191
59,2024,711AS,Commodity,61,Commodity,0.0042405
59,2024,711AS,Commodity,621,Commodity,0.0036748
59,2024,711AS,Commodity,622,Commodity,0.0048958
59,2024,711AS,Commodity,623,Commodity,0.0044839
59,2024,711AS,Commodity,624,Commodity,0.0082035
59,2024,711AS,Commodity,711AS,Commodity,1.1669186
59,2024,711AS,Commodity,713,Commodity,0.0084838
59,2024,711AS,Commodity,721,Commodity,0.0036316
59,2024,711AS,Commodity,722,Commodity,0.0082576
59,2024,711AS,Commodity,81,Commodity,0.0052772
59,2024,711AS,Commodity,GFE,Commodity,0.0017799
59,2024,711AS,Commodity,GFGD,Commodity,0.0020095
59,2024,711AS,Commodity,GFGN,Commodity,0.0022383
59,2024,711AS,Commodity,GSLE,Commodity,0.0025886
59,2024,711AS,Commodity,GSLG,Commodity,0.0036703
59,2024,711AS,Commodity,HS,Commodity,0.0003994
59,2024,711AS,Commodity,ORE,Commodity,0.0094242
59,2024,711AS,Commodity,Other,Commodity,0.0022383
59,2024,711AS,Commodity,Used,Commodity,0.0030905
59,2024,713,Commodity,111CA,Commodity,0.0007757
59,2024,713,Commodity,113FF,Commodity,0.0002798
59,2024,713,Commodity,211,Commodity,0.0007053
59,2024,713,Commodity,212,Commodity,0.0007837
59,2024,713,Commodity,213,Commodity,0.000904
59,2024,713,Commodity,22,Commodity,0.0007229
59,2024,713,Commodity,23,Commodity,0.0009009
59,2024,713,Commodity,311FT,Commodity,0.0008459
59,2024,713,Commodity,313TT,Commodity,0.0006136
59,2024,713,Commodity,315AL,Commodity,0.000634
59,2024,713,Commodity,321,Commodity,0.0009211
59,2024,713,Commodity,322,Commodity,0.0009196
59,2024,713,Commodity,323,Commodity,0.0010056
59,2024,713,Commodity,324,Commodity,0.0005561
59,2024,713,Commodity,325,Commodity,0.0004579
59,2024,713,Commodity,326,Commodity,0.0008631
59,2024,713,Commodity,327,Commodity,0.001111
59,2024,713,Commodity,331,Commodity,0.0010744
59,2024,713,Commodity,332,Commodity,0.0009177
59,2024,713,Commodity,333,Commodity,0.0007704
59,2024,713,Commodity,334,Commodity,0.0002695
59,2024,713,Commodity,335,Commodity,0.0006879
59,2024,713,Commodity,3361MV,Commodity,0.0008831
59,2024,713,Commodity,3364OT,Commodity,0.0004671
59,2024,713,Commodity,337,Commodity,0.0009763
59,2024,713,Commodity,339,Commodity,0.0006627
59,2024,713,Commodity,42,Commodity,0.0016919
59,2024,713,Commodity,441,Commodity,0.0005762
59,2024,713,Commodity,445,Commodity,0.0009328
59,2024,713,Commodity,452,Commodity,0.0004303
59,2024,713,Commodity,481,Commodity,0.0005334
59,2024,713,Commodity,482,Commodity,0.000613
59,2024,713,Commodity,483,Commodity,0.0009554
59,2024,713,Commodity,484,Commodity,0.0005173
59,2024,713,Commodity,485,Commodity,0.0006833
59,2024,713,Commodity,486,Commodity,0.0004019
59,2024,713,Commodity,487OS,Commodity,0.0006255
59,2024,713,Commodity,493,Commodity,0.0003485
59,2024,713,Commodity,4A0,Commodity,0.0014073
59,2024,713,Commodity,511,Commodity,0.0007949
59,2024,713,Commodity,512,Commodity,0.0007769
59,2024,713,Commodity,513,Commodity,0.0007402
59,2024,713,Commodity,514,Commodity,0.0015091
59,2024,713,Commodity,521CI,Commodity,0.001963
59,2024,713,Commodity,523,Commodity,0.0022141
59,2024,713,Commodity,524,Commodity,0.0004691
59,2024,713,Commodity,525,Commodity,0.0021723
59,2024,713,Commodity,532RL,Commodity,0.0016874
59,2024,713,Commodity,5411,Commodity,0.0012352
59,2024,713,Commodity,5412OP,Commodity,0.0012841
59,2024,713,Commodity,5415,Commodity,0.0025714
59,2024,713,Commodity,55,Commodity,0.0041577
59,2024,713,Commodity,561,Commodity,0.0022083
59,2024,713,Commodity,562,Commodity,0.0017655
59,2024,713,Commodity,61,Commodity,0.0014414
59,2024,713,Commodity,621,Commodity,0.0020438
59,2024,713,Commodity,622,Commodity,0.0009957
59,2024,713,Commodity,623,Commodity,0.0011711
59,2024,713,Commodity,624,Commodity,0.0015913
59,2024,713,Commodity,711AS,Commodity,0.0014203
59,2024,713,Commodity,713,Commodity,1.0019087
59,2024,713,Commodity,721,Commodity,0.0019859
59,2024,713,Commodity,722,Commodity,0.0023538
59,2024,713,Commodity,81,Commodity,0.0007465
59,2024,713,Commodity,GFE,Commodity,0.0003051
59,2024,713,Commodity,GFGD,Commodity,0.0038469
59,2024,713,Commodity,GFGN,Commodity,0.0004738
59,2024,713,Commodity,GSLE,Commodity,0.0010389
59,2024,713,Commodity,GSLG,Commodity,0.0022006
59,2024,713,Commodity,HS,Commodity,0.0001449
59,2024,713,Commodity,ORE,Commodity,0.0009341
59,2024,713,Commodity,Other,Commodity,0.0004738
59,2024,713,Commodity,Used,Commodity,0.0015432
59,2024,721,Commodity,111CA,Commodity,0.0013671
59,2024,721,Commodity,113FF,Commodity,0.0005859
59,2024,721,Commodity,211,Commodity,0.0015557
59,2024,721,Commodity,212,Commodity,0.0018848
59,2024,721,Commodity,213,Commodity,0.0027994
59,2024,721,Commodity,22,Commodity,0.0027288
59,2024,721,Commodity,23,Commodity,0.0019334
59,2024,721,Commodity,311FT,Commodity,0.0020827
59,2024,721,Commodity,313TT,Commodity,0.0019176
59,2024,721,Commodity,315AL,Commodity,0.0019954
59,2024,721,Commodity,321,Commodity,0.0027941
59,2024,721,Commodity,322,Commodity,0.0029406
59,2024,721,Commodity,323,Commodity,0.0040244
59,2024,721,Commodity,324,Commodity,0.0013173
59,2024,721,Commodity,325,Commodity,0.0012172
59,2024,721,Commodity,326,Commodity,0.0028301
59,2024,721,Commodity,327,Commodity,0.0031867
59,2024,721,Commodity,331,Commodity,0.0031542
59,2024,721,Commodity,332,Commodity,0.0029654
59,2024,721,Commodity,333,Commodity,0.0022097
59,2024,721,Commodity,334,Commodity,0.0007575
59,2024,721,Commodity,335,Commodity,0.0021053
59,2024,721,Commodity,3361MV,Commodity,0.002546
59,2024,721,Commodity,3364OT,Commodity,0.0013145
59,2024,721,Commodity,337,Commodity,0.0031935
59,2024,721,Commodity,339,Commodity,0.0020687
59,2024,721,Commodity,42,Commodity,0.0038314
59,2024,721,Commodity,441,Commodity,0.0023985
59,2024,721,Commodity,445,Commodity,0.0024879
59,2024,721,Commodity,452,Commodity,0.0018778
59,2024,721,Commodity,481,Commodity,0.0020484
59,2024,721,Commodity,482,Commodity,0.0023046
59,2024,721,Commodity,483,Commodity,0.0034077
59,2024,721,Commodity,484,Commodity,0.0019432
59,2024,721,Commodity,485,Commodity,0.0026417
59,2024,721,Commodity,486,Commodity,0.0016979
59,2024,721,Commodity,487OS,Commodity,0.0027867
59,2024,721,Commodity,493,Commodity,0.0017303
59,2024,721,Commodity,4A0,Commodity,0.0026757
59,2024,721,Commodity,511,Commodity,0.0030719
59,2024,721,Commodity,512,Commodity,0.0033444
59,2024,721,Commodity,513,Commodity,0.0030902
59,2024,721,Commodity,514,Commodity,0.0068596
59,2024,721,Commodity,521CI,Commodity,0.0077279
59,2024,721,Commodity,523,Commodity,0.0090847
59,2024,721,Commodity,524,Commodity,0.0019216
59,2024,721,Commodity,525,Commodity,0.0085713
59,2024,721,Commodity,532RL,Commodity,0.006628
59,2024,721,Commodity,5411,Commodity,0.0042561
59,2024,721,Commodity,5412OP,Commodity,0.0046709
59,2024,721,Commodity,5415,Commodity,0.0100286
59,2024,721,Commodity,55,Commodity,0.0039316
59,2024,721,Commodity,561,Commodity,0.0066237
59,2024,721,Commodity,562,Commodity,0.0066195
59,2024,721,Commodity,61,Commodity,0.0049016
59,2024,721,Commodity,621,Commodity,0.0055586
59,2024,721,Commodity,622,Commodity,0.0031641
59,2024,721,Commodity,623,Commodity,0.00412
59,2024,721,Commodity,624,Commodity,0.0036519
59,2024,721,Commodity,711AS,Commodity,0.0030319
59,2024,721,Commodity,713,Commodity,0.0043524
59,2024,721,Commodity,721,Commodity,1.0025168
59,2024,721,Commodity,722,Commodity,0.0063269
59,2024,721,Commodity,81,Commodity,0.0033072
59,2024,721,Commodity,GFE,Commodity,0.0014545
59,2024,721,Commodity,GFGD,Commodity,0.0075538
59,2024,721,Commodity,GFGN,Commodity,0.0063496
59,2024,721,Commodity,GSLE,Commodity,0.0030652
59,2024,721,Commodity,GSLG,Commodity,0.0033025
59,2024,721,Commodity,HS,Commodity,0.0005364
59,2024,721,Commodity,ORE,Commodity,0.0130175
59,2024,721,Commodity,Other,Commodity,0.0063496
59,2024,721,Commodity,Used,Commodity,0.0035134
59,2024,722,Commodity,111CA,Commodity,0.004788
59,2024,722,Commodity,113FF,Commodity,0.0023916
59,2024,722,Commodity,211,Commodity,0.0040038
59,2024,722,Commodity,212,Commodity,0.0047963
59,2024,722,Commodity,213,Commodity,0.0060669
59,2024,722,Commodity,22,Commodity,0.0064347
59,2024,722,Commodity,23,Commodity,0.0045317
59,2024,722,Commodity,311FT,Commodity,0.005449
59,2024,722,Commodity,313TT,Commodity,0.0049285
59,2024,722,Commodity,315AL,Commodity,0.0051407
59,2024,722,Commodity,321,Commodity,0.0059325
59,2024,722,Commodity,322,Commodity,0.0064537
59,2024,722,Commodity,323,Commodity,0.006978
59,2024,722,Commodity,324,Commodity,0.0033717
59,2024,722,Commodity,325,Commodity,0.002875
59,2024,722,Commodity,326,Commodity,0.0057664
59,2024,722,Commodity,327,Commodity,0.0063884
59,2024,722,Commodity,331,Commodity,0.0070708
59,2024,722,Commodity,332,Commodity,0.0061518
59,2024,722,Commodity,333,Commodity,0.00476
59,2024,722,Commodity,334,Commodity,0.0016473
59,2024,722,Commodity,335,Commodity,0.0049014
59,2024,722,Commodity,3361MV,Commodity,0.0056911
59,2024,722,Commodity,3364OT,Commodity,0.0029836
59,2024,722,Commodity,337,Commodity,0.0063141
59,2024,722,Commodity,339,Commodity,0.0041703
59,2024,722,Commodity,42,Commodity,0.0101363
59,2024,722,Commodity,441,Commodity,0.009146
59,2024,722,Commodity,445,Commodity,0.0094645
59,2024,722,Commodity,452,Commodity,0.0081021
59,2024,722,Commodity,481,Commodity,0.0410367
59,2024,722,Commodity,482,Commodity,0.0048375
59,2024,722,Commodity,483,Commodity,0.0091278
59,2024,722,Commodity,484,Commodity,0.0078929
59,2024,722,Commodity,485,Commodity,0.0083972
59,2024,722,Commodity,486,Commodity,0.0047782
59,2024,722,Commodity,487OS,Commodity,0.0108202
59,2024,722,Commodity,493,Commodity,0.0064401
59,2024,722,Commodity,4A0,Commodity,0.0100692
59,2024,722,Commodity,511,Commodity,0.0053026
59,2024,722,Commodity,512,Commodity,0.0063582
59,2024,722,Commodity,513,Commodity,0.0063729
59,2024,722,Commodity,514,Commodity,0.0093107
59,2024,722,Commodity,521CI,Commodity,0.0133419
59,2024,722,Commodity,523,Commodity,0.0138659
59,2024,722,Commodity,524,Commodity,0.0064963
59,2024,722,Commodity,525,Commodity,0.0159947
59,2024,722,Commodity,532RL,Commodity,0.0173782
59,2024,722,Commodity,5411,Commodity,0.009189
59,2024,722,Commodity,5412OP,Commodity,0.0119252
59,2024,722,Commodity,5415,Commodity,0.0154038
59,2024,722,Commodity,55,Commodity,0.0138826
59,2024,722,Commodity,561,Commodity,0.0154782
59,2024,722,Commodity,562,Commodity,0.0106815
59,2024,722,Commodity,61,Commodity,0.0107796
59,2024,722,Commodity,621,Commodity,0.0296975
59,2024,722,Commodity,622,Commodity,0.0279795
59,2024,722,Commodity,623,Commodity,0.0420713
59,2024,722,Commodity,624,Commodity,0.020794
59,2024,722,Commodity,711AS,Commodity,0.009177
59,2024,722,Commodity,713,Commodity,0.0162109
59,2024,722,Commodity,721,Commodity,0.0464364
59,2024,722,Commodity,722,Commodity,1.0153766
59,2024,722,Commodity,81,Commodity,0.0088075
59,2024,722,Commodity,GFE,Commodity,0.0060975
59,2024,722,Commodity,GFGD,Commodity,0.0060142
59,2024,722,Commodity,GFGN,Commodity,0.0059915
59,2024,722,Commodity,GSLE,Commodity,0.0076848
59,2024,722,Commodity,GSLG,Commodity,0.0129343
59,2024,722,Commodity,HS,Commodity,0.001071
59,2024,722,Commodity,ORE,Commodity,0.0385579
59,2024,722,Commodity,Other,Commodity,0.0059915
59,2024,722,Commodity,Used,Commodity,0.009436
59,2024,81,Commodity,111CA,Commodity,0.0062236
59,2024,81,Commodity,113FF,Commodity,0.003409
59,2024,81,Commodity,211,Commodity,0.00527
59,2024,81,Commodity,212,Commodity,0.0071098
59,2024,81,Commodity,213,Commodity,0.0063193
59,2024,81,Commodity,22,Commodity,0.0082653
59,2024,81,Commodity,23,Commodity,0.0100909
59,2024,81,Commodity,311FT,Commodity,0.0096091
59,2024,81,Commodity,313TT,Commodity,0.0086404
59,2024,81,Commodity,315AL,Commodity,0.0068444
59,2024,81,Commodity,321,Commodity,0.0099151
59,2024,81,Commodity,322,Commodity,0.0147484
59,2024,81,Commodity,323,Commodity,0.0102428
59,2024,81,Commodity,324,Commodity,0.0054717
59,2024,81,Commodity,325,Commodity,0.0065849
59,2024,81,Commodity,326,Commodity,0.0102449
59,2024,81,Commodity,327,Commodity,0.0153289
59,2024,81,Commodity,331,Commodity,0.0170062
59,2024,81,Commodity,332,Commodity,0.0128066
59,2024,81,Commodity,333,Commodity,0.0089239
59,2024,81,Commodity,334,Commodity,0.0039952
59,2024,81,Commodity,335,Commodity,0.0093672
59,2024,81,Commodity,3361MV,Commodity,0.0103749
59,2024,81,Commodity,3364OT,Commodity,0.006001
59,2024,81,Commodity,337,Commodity,0.0093893
59,2024,81,Commodity,339,Commodity,0.0071754
59,2024,81,Commodity,42,Commodity,0.0140316
59,2024,81,Commodity,441,Commodity,0.0118117
59,2024,81,Commodity,445,Commodity,0.0120418
59,2024,81,Commodity,452,Commodity,0.009955
59,2024,81,Commodity,481,Commodity,0.0094494
59,2024,81,Commodity,482,Commodity,0.0069684
59,2024,81,Commodity,483,Commodity,0.0207712
59,2024,81,Commodity,484,Commodity,0.025222
59,2024,81,Commodity,485,Commodity,0.0328743
59,2024,81,Commodity,486,Commodity,0.0140703
59,2024,81,Commodity,487OS,Commodity,0.0132545
59,2024,81,Commodity,493,Commodity,0.0087521
59,2024,81,Commodity,4A0,Commodity,0.0094282
59,2024,81,Commodity,511,Commodity,0.0065576
59,2024,81,Commodity,512,Commodity,0.0047021
59,2024,81,Commodity,513,Commodity,0.0112838
59,2024,81,Commodity,514,Commodity,0.0077463
59,2024,81,Commodity,521CI,Commodity,0.0084071
59,2024,81,Commodity,523,Commodity,0.0151273
59,2024,81,Commodity,524,Commodity,0.0077675
59,2024,81,Commodity,525,Commodity,0.0119033
59,2024,81,Commodity,532RL,Commodity,0.0224723
59,2024,81,Commodity,5411,Commodity,0.0047226
59,2024,81,Commodity,5412OP,Commodity,0.0088916
59,2024,81,Commodity,5415,Commodity,0.0069593
59,2024,81,Commodity,55,Commodity,0.0141339
59,2024,81,Commodity,561,Commodity,0.0212723
59,2024,81,Commodity,562,Commodity,0.0443451
59,2024,81,Commodity,61,Commodity,0.0160256
59,2024,81,Commodity,621,Commodity,0.009332
59,2024,81,Commodity,622,Commodity,0.0189351
59,2024,81,Commodity,623,Commodity,0.0108873
59,2024,81,Commodity,624,Commodity,0.0078575
59,2024,81,Commodity,711AS,Commodity,0.0104446
59,2024,81,Commodity,713,Commodity,0.015549
59,2024,81,Commodity,721,Commodity,0.0088667
59,2024,81,Commodity,722,Commodity,0.0156999
59,2024,81,Commodity,81,Commodity,1.0126114
59,2024,81,Commodity,GFE,Commodity,0.0087799
59,2024,81,Commodity,GFGD,Commodity,0.011016
59,2024,81,Commodity,GFGN,Commodity,0.0311737
59,2024,81,Commodity,GSLE,Commodity,0.0199036
59,2024,81,Commodity,GSLG,Commodity,0.0234006
59,2024,81,Commodity,HS,Commodity,0.0091739
59,2024,81,Commodity,ORE,Commodity,0.0128278
59,2024,81,Commodity,Other,Commodity,0.0311737
59,2024,81,Commodity,Used,Commodity,0.0206891
59,2024,GFE,Commodity,111CA,Commodity,0.0018143
59,2024,GFE,Commodity,113FF,Commodity,0.0006473
59,2024,GFE,Commodity,211,Commodity,0.0009921
59,2024,GFE,Commodity,212,Commodity,0.0013675
59,2024,GFE,Commodity,213,Commodity,0.0010112
59,2024,GFE,Commodity,22,Commodity,0.0011929
59,2024,GFE,Commodity,23,Commodity,0.0014204
59,2024,GFE,Commodity,311FT,Commodity,0.0021261
59,2024,GFE,Commodity,313TT,Commodity,0.0016409
59,2024,GFE,Commodity,315AL,Commodity,0.0014832
59,2024,GFE,Commodity,321,Commodity,0.0018282
59,2024,GFE,Commodity,322,Commodity,0.0017989
59,2024,GFE,Commodity,323,Commodity,0.0018412
59,2024,GFE,Commodity,324,Commodity,0.0011168
59,2024,GFE,Commodity,325,Commodity,0.0012542
59,2024,GFE,Commodity,326,Commodity,0.0017082
59,2024,GFE,Commodity,327,Commodity,0.0015716
59,2024,GFE,Commodity,331,Commodity,0.0025875
59,2024,GFE,Commodity,332,Commodity,0.0020148
59,2024,GFE,Commodity,333,Commodity,0.0021648
59,2024,GFE,Commodity,334,Commodity,0.0008246
59,2024,GFE,Commodity,335,Commodity,0.0026133
59,2024,GFE,Commodity,3361MV,Commodity,0.0025925
59,2024,GFE,Commodity,3364OT,Commodity,0.0010949
59,2024,GFE,Commodity,337,Commodity,0.0017696
59,2024,GFE,Commodity,339,Commodity,0.0011932
59,2024,GFE,Commodity,42,Commodity,0.0087244
59,2024,GFE,Commodity,441,Commodity,0.0034431
59,2024,GFE,Commodity,445,Commodity,0.0026177
59,2024,GFE,Commodity,452,Commodity,0.001491
59,2024,GFE,Commodity,481,Commodity,0.0014589
59,2024,GFE,Commodity,482,Commodity,0.0012795
59,2024,GFE,Commodity,483,Commodity,0.0375252
59,2024,GFE,Commodity,484,Commodity,0.0055053
59,2024,GFE,Commodity,485,Commodity,0.004132
59,2024,GFE,Commodity,486,Commodity,0.0027559
59,2024,GFE,Commodity,487OS,Commodity,0.0038928
59,2024,GFE,Commodity,493,Commodity,0.0037888
59,2024,GFE,Commodity,4A0,Commodity,0.0045335
59,2024,GFE,Commodity,511,Commodity,0.0012072
59,2024,GFE,Commodity,512,Commodity,0.0019891
59,2024,GFE,Commodity,513,Commodity,0.0011006
59,2024,GFE,Commodity,514,Commodity,0.0024933
59,2024,GFE,Commodity,521CI,Commodity,0.0016803
59,2024,GFE,Commodity,523,Commodity,0.0044583
59,2024,GFE,Commodity,524,Commodity,0.0004907
59,2024,GFE,Commodity,525,Commodity,0.0029834
59,2024,GFE,Commodity,532RL,Commodity,0.0049314
59,2024,GFE,Commodity,5411,Commodity,0.0009874
59,2024,GFE,Commodity,5412OP,Commodity,0.0016257
59,2024,GFE,Commodity,5415,Commodity,0.0012875
59,2024,GFE,Commodity,55,Commodity,0.0012617
59,2024,GFE,Commodity,561,Commodity,0.0018004
59,2024,GFE,Commodity,562,Commodity,0.002208
59,2024,GFE,Commodity,61,Commodity,0.0012887
59,2024,GFE,Commodity,621,Commodity,0.0018622
59,2024,GFE,Commodity,622,Commodity,0.0037734
59,2024,GFE,Commodity,623,Commodity,0.0018951
59,2024,GFE,Commodity,624,Commodity,0.0024801
59,2024,GFE,Commodity,711AS,Commodity,0.0015551
59,2024,GFE,Commodity,713,Commodity,0.0015894
59,2024,GFE,Commodity,721,Commodity,0.0050383
59,2024,GFE,Commodity,722,Commodity,0.007596
59,2024,GFE,Commodity,81,Commodity,0.0012908
59,2024,GFE,Commodity,GFE,Commodity,1.0019639
59,2024,GFE,Commodity,GFGD,Commodity,0.0010163
59,2024,GFE,Commodity,GFGN,Commodity,0.0009044
59,2024,GFE,Commodity,GSLE,Commodity,0.0017359
59,2024,GFE,Commodity,GSLG,Commodity,0.0017979
59,2024,GFE,Commodity,HS,Commodity,0.0001667
59,2024,GFE,Commodity,ORE,Commodity,0.0016006
59,2024,GFE,Commodity,Other,Commodity,0.0009044
59,2024,GFE,Commodity,Used,Commodity,0.0019632
59,2024,GFGD,Commodity,111CA,Commodity,0.0
59,2024,GFGD,Commodity,113FF,Commodity,0.0
59,2024,GFGD,Commodity,211,Commodity,0.0
59,2024,GFGD,Commodity,212,Commodity,0.0
59,2024,GFGD,Commodity,213,Commodity,0.0
59,2024,GFGD,Commodity,22,Commodity,0.0
59,2024,GFGD,Commodity,23,Commodity,0.0
59,2024,GFGD,Commodity,311FT,Commodity,0.0
59,2024,GFGD,Commodity,313TT,Commodity,0.0
59,2024,GFGD,Commodity,315AL,Commodity,0.0
59,2024,GFGD,Commodity,321,Commodity,0.0
59,2024,GFGD,Commodity,322,Commodity,0.0
59,2024,GFGD,Commodity,323,Commodity,0.0
59,2024,GFGD,Commodity,324,Commodity,0.0
59,2024,GFGD,Commodity,325,Commodity,0.0
59,2024,GFGD,Commodity,326,Commodity,0.0
59,2024,GFGD,Commodity,327,Commodity,0.0
59,2024,GFGD,Commodity,331,Commodity,0.0
59,2024,GFGD,Commodity,332,Commodity,0.0
59,2024,GFGD,Commodity,333,Commodity,0.0
59,2024,GFGD,Commodity,334,Commodity,0.0
59,2024,GFGD,Commodity,335,Commodity,0.0
59,2024,GFGD,Commodity,3361MV,Commodity,0.0
59,2024,GFGD,Commodity,3364OT,Commodity,0.0
59,2024,GFGD,Commodity,337,Commodity,0.0
59,2024,GFGD,Commodity,339,Commodity,0.0
59,2024,GFGD,Commodity,42,Commodity,0.0
59,2024,GFGD,Commodity,441,Commodity,0.0
59,2024,GFGD,Commodity,445,Commodity,0.0
59,2024,GFGD,Commodity,452,Commodity,0.0
59,2024,GFGD,Commodity,481,Commodity,0.0
59,2024,GFGD,Commodity,482,Commodity,0.0
59,2024,GFGD,Commodity,483,Commodity,0.0
59,2024,GFGD,Commodity,484,Commodity,0.0
59,2024,GFGD,Commodity,485,Commodity,0.0
59,2024,GFGD,Commodity,486,Commodity,0.0
59,2024,GFGD,Commodity,487OS,Commodity,0.0
59,2024,GFGD,Commodity,493,Commodity,0.0
59,2024,GFGD,Commodity,4A0,Commodity,0.0
59,2024,GFGD,Commodity,511,Commodity,0.0
59,2024,GFGD,Commodity,512,Commodity,0.0
59,2024,GFGD,Commodity,513,Commodity,0.0
59,2024,GFGD,Commodity,514,Commodity,0.0
59,2024,GFGD,Commodity,521CI,Commodity,0.0
59,2024,GFGD,Commodity,523,Commodity,0.0
59,2024,GFGD,Commodity,524,Commodity,0.0
59,2024,GFGD,Commodity,525,Commodity,0.0
59,2024,GFGD,Commodity,532RL,Commodity,0.0
59,2024,GFGD,Commodity,5411,Commodity,0.0
59,2024,GFGD,Commodity,5412OP,Commodity,0.0
59,2024,GFGD,Commodity,5415,Commodity,0.0
59,2024,GFGD,Commodity,55,Commodity,0.0
59,2024,GFGD,Commodity,561,Commodity,0.0
59,2024,GFGD,Commodity,562,Commodity,0.0
59,2024,GFGD,Commodity,61,Commodity,0.0
59,2024,GFGD,Commodity,621,Commodity,0.0
59,2024,GFGD,Commodity,622,Commodity,0.0
59,2024,GFGD,Commodity,623,Commodity,0.0
59,2024,GFGD,Commodity,624,Commodity,0.0
59,2024,GFGD,Commodity,711AS,Commodity,0.0
59,2024,GFGD,Commodity,713,Commodity,0.0
59,2024,GFGD,Commodity,721,Commodity,0.0
59,2024,GFGD,Commodity,722,Commodity,0.0
59,2024,GFGD,Commodity,81,Commodity,0.0
59,2024,GFGD,Commodity,GFE,Commodity,0.0
59,2024,GFGD,Commodity,GFGD,Commodity,1.0
59,2024,GFGD,Commodity,GFGN,Commodity,0.0
59,2024,GFGD,Commodity,GSLE,Commodity,0.0
59,2024,GFGD,Commodity,GSLG,Commodity,0.0
59,2024,GFGD,Commodity,HS,Commodity,0.0
59,2024,GFGD,Commodity,ORE,Commodity,0.0
59,2024,GFGD,Commodity,Other,Commodity,0.0
59,2024,GFGD,Commodity,Used,Commodity,0.0
59,2024,GFGN,Commodity,111CA,Commodity,0.0
59,2024,GFGN,Commodity,113FF,Commodity,0.0
59,2024,GFGN,Commodity,211,Commodity,0.0
59,2024,GFGN,Commodity,212,Commodity,0.0
59,2024,GFGN,Commodity,213,Commodity,0.0
59,2024,GFGN,Commodity,22,Commodity,0.0
59,2024,GFGN,Commodity,23,Commodity,0.0
59,2024,GFGN,Commodity,311FT,Commodity,0.0
59,2024,GFGN,Commodity,313TT,Commodity,0.0
59,2024,GFGN,Commodity,315AL,Commodity,0.0
59,2024,GFGN,Commodity,321,Commodity,0.0
59,2024,GFGN,Commodity,322,Commodity,0.0
59,2024,GFGN,Commodity,323,Commodity,0.0
59,2024,GFGN,Commodity,324,Commodity,0.0
59,2024,GFGN,Commodity,325,Commodity,0.0
59,2024,GFGN,Commodity,326,Commodity,0.0
59,2024,GFGN,Commodity,327,Commodity,0.0
59,2024,GFGN,Commodity,331,Commodity,0.0
59,2024,GFGN,Commodity,332,Commodity,0.0
59,2024,GFGN,Commodity,333,Commodity,0.0
59,2024,GFGN,Commodity,334,Commodity,0.0
59,2024,GFGN,Commodity,335,Commodity,0.0
59,2024,GFGN,Commodity,3361MV,Commodity,0.0
59,2024,GFGN,Commodity,3364OT,Commodity,0.0
59,2024,GFGN,Commodity,337,Commodity,0.0
59,2024,GFGN,Commodity,339,Commodity,0.0
59,2024,GFGN,Commodity,42,Commodity,0.0
59,2024,GFGN,Commodity,441,Commodity,0.0
59,2024,GFGN,Commodity,445,Commodity,0.0
59,2024,GFGN,Commodity,452,Commodity,0.0
59,2024,GFGN,Commodity,481,Commodity,0.0
59,2024,GFGN,Commodity,482,Commodity,0.0
59,2024,GFGN,Commodity,483,Commodity,0.0
59,2024,GFGN,Commodity,484,Commodity,0.0
59,2024,GFGN,Commodity,485,Commodity,0.0
59,2024,GFGN,Commodity,486,Commodity,0.0
59,2024,GFGN,Commodity,487OS,Commodity,0.0
59,2024,GFGN,Commodity,493,Commodity,0.0
59,2024,GFGN,Commodity,4A0,Commodity,0.0
59,2024,GFGN,Commodity,511,Commodity,0.0
59,2024,GFGN,Commodity,512,Commodity,0.0
59,2024,GFGN,Commodity,513,Commodity,0.0
59,2024,GFGN,Commodity,514,Commodity,0.0
59,2024,GFGN,Commodity,521CI,Commodity,0.0
59,2024,GFGN,Commodity,523,Commodity,0.0
59,2024,GFGN,Commodity,524,Commodity,0.0
59,2024,GFGN,Commodity,525,Commodity,0.0
59,2024,GFGN,Commodity,532RL,Commodity,0.0
59,2024,GFGN,Commodity,5411,Commodity,0.0
59,2024,GFGN,Commodity,5412OP,Commodity,0.0
59,2024,GFGN,Commodity,5415,Commodity,0.0
59,2024,GFGN,Commodity,55,Commodity,0.0
59,2024,GFGN,Commodity,561,Commodity,0.0
59,2024,GFGN,Commodity,562,Commodity,0.0
59,2024,GFGN,Commodity,61,Commodity,0.0
59,2024,GFGN,Commodity,621,Commodity,0.0
59,2024,GFGN,Commodity,622,Commodity,0.0
59,2024,GFGN,Commodity,623,Commodity,0.0
59,2024,GFGN,Commodity,624,Commodity,0.0
59,2024,GFGN,Commodity,711AS,Commodity,0.0
59,2024,GFGN,Commodity,713,Commodity,0.0
59,2024,GFGN,Commodity,721,Commodity,0.0
59,2024,GFGN,Commodity,722,Commodity,0.0
59,2024,GFGN,Commodity,81,Commodity,0.0
59,2024,GFGN,Commodity,GFE,Commodity,0.0
59,2024,GFGN,Commodity,GFGD,Commodity,0.0
59,2024,GFGN,Commodity,GFGN,Commodity,1.0
59,2024,GFGN,Commodity,GSLE,Commodity,0.0
59,2024,GFGN,Commodity,GSLG,Commodity,0.0
59,2024,GFGN,Commodity,HS,Commodity,0.0
59,2024,GFGN,Commodity,ORE,Commodity,0.0
59,2024,GFGN,Commodity,Other,Commodity,0.0
59,2024,GFGN,Commodity,Used,Commodity,0.0
59,2024,GSLE,Commodity,111CA,Commodity,0.0008294
59,2024,GSLE,Commodity,113FF,Commodity,0.0003718
59,2024,GSLE,Commodity,211,Commodity,0.0006912
59,2024,GSLE,Commodity,212,Commodity,0.0007941
59,2024,GSLE,Commodity,213,Commodity,0.0005381
59,2024,GSLE,Commodity,22,Commodity,0.0029922
59,2024,GSLE,Commodity,23,Commodity,0.0007915
59,2024,GSLE,Commodity,311FT,Commodity,0.0020963
59,2024,GSLE,Commodity,313TT,Commodity,0.0022479
59,2024,GSLE,Commodity,315AL,Commodity,0.0011795
59,2024,GSLE,Commodity,321,Commodity,0.0014356
59,2024,GSLE,Commodity,322,Commodity,0.0025293
59,2024,GSLE,Commodity,323,Commodity,0.0017981
59,2024,GSLE,Commodity,324,Commodity,0.0008367
59,2024,GSLE,Commodity,325,Commodity,0.0022225
59,2024,GSLE,Commodity,326,Commodity,0.0020284
59,2024,GSLE,Commodity,327,Commodity,0.0023464
59,2024,GSLE,Commodity,331,Commodity,0.0024299
59,2024,GSLE,Commodity,332,Commodity,0.0018707
59,2024,GSLE,Commodity,333,Commodity,0.001411
59,2024,GSLE,Commodity,334,Commodity,0.0004784
59,2024,GSLE,Commodity,335,Commodity,0.0014413
59,2024,GSLE,Commodity,3361MV,Commodity,0.0014652
59,2024,GSLE,Commodity,3364OT,Commodity,0.0009925
59,2024,GSLE,Commodity,337,Commodity,0.0017417
59,2024,GSLE,Commodity,339,Commodity,0.0012364
59,2024,GSLE,Commodity,42,Commodity,0.0013574
59,2024,GSLE,Commodity,441,Commodity,0.002151
59,2024,GSLE,Commodity,445,Commodity,0.0018473
59,2024,GSLE,Commodity,452,Commodity,0.001035
59,2024,GSLE,Commodity,481,Commodity,0.0008481
59,2024,GSLE,Commodity,482,Commodity,0.0008393
59,2024,GSLE,Commodity,483,Commodity,0.0016017
59,2024,GSLE,Commodity,484,Commodity,0.0017532
59,2024,GSLE,Commodity,485,Commodity,0.0013317
59,2024,GSLE,Commodity,486,Commodity,0.0023068
59,2024,GSLE,Commodity,487OS,Commodity,0.0012884
59,2024,GSLE,Commodity,493,Commodity,0.0015357
59,2024,GSLE,Commodity,4A0,Commodity,0.0013092
59,2024,GSLE,Commodity,511,Commodity,0.0005948
59,2024,GSLE,Commodity,512,Commodity,0.0009619
59,2024,GSLE,Commodity,513,Commodity,0.000839
59,2024,GSLE,Commodity,514,Commodity,0.0008633
59,2024,GSLE,Commodity,521CI,Commodity,0.0008657
59,2024,GSLE,Commodity,523,Commodity,0.0012762
59,2024,GSLE,Commodity,524,Commodity,0.0004506
59,2024,GSLE,Commodity,525,Commodity,0.0009847
59,2024,GSLE,Commodity,532RL,Commodity,0.0042564
59,2024,GSLE,Commodity,5411,Commodity,0.0015149
59,2024,GSLE,Commodity,5412OP,Commodity,0.0011456
59,2024,GSLE,Commodity,5415,Commodity,0.0008234
59,2024,GSLE,Commodity,55,Commodity,0.0014362
59,2024,GSLE,Commodity,561,Commodity,0.0020943
59,2024,GSLE,Commodity,562,Commodity,0.0076171
59,2024,GSLE,Commodity,61,Commodity,0.0019394
59,2024,GSLE,Commodity,621,Commodity,0.001464
59,2024,GSLE,Commodity,622,Commodity,0.0022555
59,2024,GSLE,Commodity,623,Commodity,0.0029594
59,2024,GSLE,Commodity,624,Commodity,0.0016028
59,2024,GSLE,Commodity,711AS,Commodity,0.0014792
59,2024,GSLE,Commodity,713,Commodity,0.0032016
59,2024,GSLE,Commodity,721,Commodity,0.0034862
59,2024,GSLE,Commodity,722,Commodity,0.0024073
59,2024,GSLE,Commodity,81,Commodity,0.002126
59,2024,GSLE,Commodity,GFE,Commodity,0.0022921
59,2024,GSLE,Commodity,GFGD,Commodity,0.0027858
59,2024,GSLE,Commodity,GFGN,Commodity,0.0015781
59,2024,GSLE,Commodity,GSLE,Commodity,1.0071598
59,2024,GSLE,Commodity,GSLG,Commodity,0.003781
59,2024,GSLE,Commodity,HS,Commodity,0.0001309
59,2024,GSLE,Commodity,ORE,Commodity,0.003535
59,2024,GSLE,Commodity,Other,Commodity,0.0015781
59,2024,GSLE,Commodity,Used,Commodity,0.0033406
59,2024,GSLG,Commodity,111CA,Commodity,0.0
59,2024,GSLG,Commodity,113FF,Commodity,0.0
59,2024,GSLG,Commodity,211,Commodity,0.0
59,2024,GSLG,Commodity,212,Commodity,0.0
59,2024,GSLG,Commodity,213,Commodity,0.0
59,2024,GSLG,Commodity,22,Commodity,0.0
59,2024,GSLG,Commodity,23,Commodity,0.0
59,2024,GSLG,Commodity,311FT,Commodity,0.0
59,2024,GSLG,Commodity,313TT,Commodity,0.0
59,2024,GSLG,Commodity,315AL,Commodity,0.0
59,2024,GSLG,Commodity,321,Commodity,0.0
59,2024,GSLG,Commodity,322,Commodity,0.0
59,2024,GSLG,Commodity,323,Commodity,0.0
59,2024,GSLG,Commodity,324,Commodity,0.0
59,2024,GSLG,Commodity,325,Commodity,0.0
59,2024,GSLG,Commodity,326,Commodity,0.0
59,2024,GSLG,Commodity,327,Commodity,0.0
59,2024,GSLG,Commodity,331,Commodity,0.0
59,2024,GSLG,Commodity,332,Commodity,0.0
59,2024,GSLG,Commodity,333,Commodity,0.0
59,2024,GSLG,Commodity,334,Commodity,0.0
59,2024,GSLG,Commodity,335,Commodity,0.0
59,2024,GSLG,Commodity,3361MV,Commodity,0.0
59,2024,GSLG,Commodity,3364OT,Commodity,0.0
59,2024,GSLG,Commodity,337,Commodity,0.0
59,2024,GSLG,Commodity,339,Commodity,0.0
59,2024,GSLG,Commodity,42,Commodity,0.0
59,2024,GSLG,Commodity,441,Commodity,0.0
59,2024,GSLG,Commodity,445,Commodity,0.0
59,2024,GSLG,Commodity,452,Commodity,0.0
59,2024,GSLG,Commodity,481,Commodity,0.0
59,2024,GSLG,Commodity,482,Commodity,0.0
59,2024,GSLG,Commodity,483,Commodity,0.0
59,2024,GSLG,Commodity,484,Commodity,0.0
59,2024,GSLG,Commodity,485,Commodity,0.0
59,2024,GSLG,Commodity,486,Commodity,0.0
59,2024,GSLG,Commodity,487OS,Commodity,0.0
59,2024,GSLG,Commodity,493,Commodity,0.0
59,2024,GSLG,Commodity,4A0,Commodity,0.0
59,2024,GSLG,Commodity,511,Commodity,0.0
59,2024,GSLG,Commodity,512,Commodity,0.0
59,2024,GSLG,Commodity,513,Commodity,0.0
59,2024,GSLG,Commodity,514,Commodity,0.0
59,2024,GSLG,Commodity,521CI,Commodity,0.0
59,2024,GSLG,Commodity,523,Commodity,0.0
59,2024,GSLG,Commodity,524,Commodity,0.0
59,2024,GSLG,Commodity,525,Commodity,0.0
59,2024,GSLG,Commodity,532RL,Commodity,0.0
59,2024,GSLG,Commodity,5411,Commodity,0.0
59,2024,GSLG,Commodity,5412OP,Commodity,0.0
59,2024,GSLG,Commodity,5415,Commodity,0.0
59,2024,GSLG,Commodity,55,Commodity,0.0
59,2024,GSLG,Commodity,561,Commodity,0.0
59,2024,GSLG,Commodity,562,Commodity,0.0
59,2024,GSLG,Commodity,61,Commodity,0.0
59,2024,GSLG,Commodity,621,Commodity,0.0
59,2024,GSLG,Commodity,622,Commodity,0.0
59,2024,GSLG,Commodity,623,Commodity,0.0
59,2024,GSLG,Commodity,624,Commodity,0.0
59,2024,GSLG,Commodity,711AS,Commodity,0.0
59,2024,GSLG,Commodity,713,Commodity,0.0
59,2024,GSLG,Commodity,721,Commodity,0.0
59,2024,GSLG,Commodity,722,Commodity,0.0
59,2024,GSLG,Commodity,81,Commodity,0.0
59,2024,GSLG,Commodity,GFE,Commodity,0.0
59,2024,GSLG,Commodity,GFGD,Commodity,0.0
59,2024,GSLG,Commodity,GFGN,Commodity,0.0
59,2024,GSLG,Commodity,GSLE,Commodity,0.0
59,2024,GSLG,Commodity,GSLG,Commodity,1.0
59,2024,GSLG,Commodity,HS,Commodity,0.0
59,2024,GSLG,Commodity,ORE,Commodity,0.0
59,2024,GSLG,Commodity,Other,Commodity,0.0
59,2024,GSLG,Commodity,Used,Commodity,0.0
59,2024,HS,Commodity,111CA,Commodity,0.0
59,2024,HS,Commodity,113FF,Commodity,0.0
59,2024,HS,Commodity,211,Commodity,0.0
59,2024,HS,Commodity,212,Commodity,0.0
59,2024,HS,Commodity,213,Commodity,0.0
59,2024,HS,Commodity,22,Commodity,0.0
59,2024,HS,Commodity,23,Commodity,0.0
59,2024,HS,Commodity,311FT,Commodity,0.0
59,2024,HS,Commodity,313TT,Commodity,0.0
59,2024,HS,Commodity,315AL,Commodity,0.0
59,2024,HS,Commodity,321,Commodity,0.0
59,2024,HS,Commodity,322,Commodity,0.0
59,2024,HS,Commodity,323,Commodity,0.0
59,2024,HS,Commodity,324,Commodity,0.0
59,2024,HS,Commodity,325,Commodity,0.0
59,2024,HS,Commodity,326,Commodity,0.0
59,2024,HS,Commodity,327,Commodity,0.0
59,2024,HS,Commodity,331,Commodity,0.0
59,2024,HS,Commodity,332,Commodity,0.0
59,2024,HS,Commodity,333,Commodity,0.0
59,2024,HS,Commodity,334,Commodity,0.0
59,2024,HS,Commodity,335,Commodity,0.0
59,2024,HS,Commodity,3361MV,Commodity,0.0
59,2024,HS,Commodity,3364OT,Commodity,0.0
59,2024,HS,Commodity,337,Commodity,0.0
59,2024,HS,Commodity,339,Commodity,0.0
59,2024,HS,Commodity,42,Commodity,0.0
59,2024,HS,Commodity,441,Commodity,0.0
59,2024,HS,Commodity,445,Commodity,0.0
59,2024,HS,Commodity,452,Commodity,0.0
59,2024,HS,Commodity,481,Commodity,0.0
59,2024,HS,Commodity,482,Commodity,0.0
59,2024,HS,Commodity,483,Commodity,0.0
59,2024,HS,Commodity,484,Commodity,0.0
59,2024,HS,Commodity,485,Commodity,0.0
59,2024,HS,Commodity,486,Commodity,0.0
59,2024,HS,Commodity,487OS,Commodity,0.0
59,2024,HS,Commodity,493,Commodity,0.0
59,2024,HS,Commodity,4A0,Commodity,0.0
59,2024,HS,Commodity,511,Commodity,0.0
59,2024,HS,Commodity,512,Commodity,0.0
59,2024,HS,Commodity,513,Commodity,0.0
59,2024,HS,Commodity,514,Commodity,0.0
59,2024,HS,Commodity,521CI,Commodity,0.0
59,2024,HS,Commodity,523,Commodity,0.0
59,2024,HS,Commodity,524,Commodity,0.0
59,2024,HS,Commodity,525,Commodity,0.0
59,2024,HS,Commodity,532RL,Commodity,0.0
59,2024,HS,Commodity,5411,Commodity,0.0
59,2024,HS,Commodity,5412OP,Commodity,0.0
59,2024,HS,Commodity,5415,Commodity,0.0
59,2024,HS,Commodity,55,Commodity,0.0
59,2024,HS,Commodity,561,Commodity,0.0
59,2024,HS,Commodity,562,Commodity,0.0
59,2024,HS,Commodity,61,Commodity,0.0
59,2024,HS,Commodity,621,Commodity,0.0
59,2024,HS,Commodity,622,Commodity,0.0
59,2024,HS,Commodity,623,Commodity,0.0
59,2024,HS,Commodity,624,Commodity,0.0
59,2024,HS,Commodity,711AS,Commodity,0.0
59,2024,HS,Commodity,713,Commodity,0.0
59,2024,HS,Commodity,721,Commodity,0.0
59,2024,HS,Commodity,722,Commodity,0.0
59,2024,HS,Commodity,81,Commodity,0.0
59,2024,HS,Commodity,GFE,Commodity,0.0
59,2024,HS,Commodity,GFGD,Commodity,0.0
59,2024,HS,Commodity,GFGN,Commodity,0.0
59,2024,HS,Commodity,GSLE,Commodity,0.0
59,2024,HS,Commodity,GSLG,Commodity,0.0
59,2024,HS,Commodity,HS,Commodity,1.0
59,2024,HS,Commodity,ORE,Commodity,0.0
59,2024,HS,Commodity,Other,Commodity,0.0
59,2024,HS,Commodity,Used,Commodity,0.0
59,2024,ORE,Commodity,111CA,Commodity,0.0297739
59,2024,ORE,Commodity,113FF,Commodity,0.0095041
59,2024,ORE,Commodity,211,Commodity,0.0299145
59,2024,ORE,Commodity,212,Commodity,0.0300169
59,2024,ORE,Commodity,213,Commodity,0.0270038
59,2024,ORE,Commodity,22,Commodity,0.0298274
59,2024,ORE,Commodity,23,Commodity,0.0424194
59,2024,ORE,Commodity,311FT,Commodity,0.0373512
59,2024,ORE,Commodity,313TT,Commodity,0.0386866
59,2024,ORE,Commodity,315AL,Commodity,0.0298479
59,2024,ORE,Commodity,321,Commodity,0.0325675
59,2024,ORE,Commodity,322,Commodity,0.0437339
59,2024,ORE,Commodity,323,Commodity,0.058683
59,2024,ORE,Commodity,324,Commodity,0.0238033
59,2024,ORE,Commodity,325,Commodity,0.0188959
59,2024,ORE,Commodity,326,Commodity,0.0398443
59,2024,ORE,Commodity,327,Commodity,0.035556
59,2024,ORE,Commodity,331,Commodity,0.0374017
59,2024,ORE,Commodity,332,Commodity,0.0458097
59,2024,ORE,Commodity,333,Commodity,0.0303585
59,2024,ORE,Commodity,334,Commodity,0.0103599
59,2024,ORE,Commodity,335,Commodity,0.0347658
59,2024,ORE,Commodity,3361MV,Commodity,0.0348407
59,2024,ORE,Commodity,3364OT,Commodity,0.0184301
59,2024,ORE,Commodity,337,Commodity,0.0485084
59,2024,ORE,Commodity,339,Commodity,0.0283059
59,2024,ORE,Commodity,42,Commodity,0.0773677
59,2024,ORE,Commodity,441,Commodity,0.1025755
59,2024,ORE,Commodity,445,Commodity,0.139851
59,2024,ORE,Commodity,452,Commodity,0.0924137
59,2024,ORE,Commodity,481,Commodity,0.0271083
59,2024,ORE,Commodity,482,Commodity,0.02518
59,2024,ORE,Commodity,483,Commodity,0.0628321
59,2024,ORE,Commodity,484,Commodity,0.0556656
59,2024,ORE,Commodity,485,Commodity,0.070902
59,2024,ORE,Commodity,486,Commodity,0.0278447
59,2024,ORE,Commodity,487OS,Commodity,0.0471498
59,2024,ORE,Commodity,493,Commodity,0.0875796
59,2024,ORE,Commodity,4A0,Commodity,0.1382613
59,2024,ORE,Commodity,511,Commodity,0.042009
59,2024,ORE,Commodity,512,Commodity,0.0575726
59,2024,ORE,Commodity,513,Commodity,0.0838622
59,2024,ORE,Commodity,514,Commodity,0.050017
59,2024,ORE,Commodity,521CI,Commodity,0.047731
59,2024,ORE,Commodity,523,Commodity,0.1019536
59,2024,ORE,Commodity,524,Commodity,0.0486431
59,2024,ORE,Commodity,525,Commodity,0.0769089
59,2024,ORE,Commodity,532RL,Commodity,0.0668819
59,2024,ORE,Commodity,5411,Commodity,0.0664642
59,2024,ORE,Commodity,5412OP,Commodity,0.0737675
59,2024,ORE,Commodity,5415,Commodity,0.031751
59,2024,ORE,Commodity,55,Commodity,0.0940586
59,2024,ORE,Commodity,561,Commodity,0.0544472
59,2024,ORE,Commodity,562,Commodity,0.0603342
59,2024,ORE,Commodity,61,Commodity,0.1012368
59,2024,ORE,Commodity,621,Commodity,0.0736162
59,2024,ORE,Commodity,622,Commodity,0.1098449
59,2024,ORE,Commodity,623,Commodity,0.1547077
59,2024,ORE,Commodity,624,Commodity,0.0849935
59,2024,ORE,Commodity,711AS,Commodity,0.1073997
59,2024,ORE,Commodity,713,Commodity,0.1369903
59,2024,ORE,Commodity,721,Commodity,0.0525772
59,2024,ORE,Commodity,722,Commodity,0.102164
59,2024,ORE,Commodity,81,Commodity,0.1353975
59,2024,ORE,Commodity,GFE,Commodity,0.0256136
59,2024,ORE,Commodity,GFGD,Commodity,0.0214701
59,2024,ORE,Commodity,GFGN,Commodity,0.0409829
59,2024,ORE,Commodity,GSLE,Commodity,0.0417974
59,2024,ORE,Commodity,GSLG,Commodity,0.0277407
59,2024,ORE,Commodity,HS,Commodity,0.0078504
59,2024,ORE,Commodity,ORE,Commodity,1.1595393
59,2024,ORE,Commodity,Other,Commodity,0.0409829
59,2024,ORE,Commodity,Used,Commodity,0.0385887
59,2024,Other,Commodity,111CA,Commodity,0.0051078
59,2024,Other,Commodity,113FF,Commodity,0.0025925
59,2024,Other,Commodity,211,Commodity,0.0051638
59,2024,Other,Commodity,212,Commodity,0.0044589
59,2024,Other,Commodity,213,Commodity,0.0084656
59,2024,Other,Commodity,22,Commodity,0.00333
59,2024,Other,Commodity,23,Commodity,0.003637
59,2024,Other,Commodity,311FT,Commodity,0.0058844
59,2024,Other,Commodity,313TT,Commodity,0.0050757
59,2024,Other,Commodity,315AL,Commodity,0.0036226
59,2024,Other,Commodity,321,Commodity,0.0053727
59,2024,Other,Commodity,322,Commodity,0.0070946
59,2024,Other,Commodity,323,Commodity,0.0055701
59,2024,Other,Commodity,324,Commodity,0.0063356
59,2024,Other,Commodity,325,Commodity,0.0042716
59,2024,Other,Commodity,326,Commodity,0.0058016
59,2024,Other,Commodity,327,Commodity,0.005359
59,2024,Other,Commodity,331,Commodity,0.0078622
59,2024,Other,Commodity,332,Commodity,0.0059861
59,2024,Other,Commodity,333,Commodity,0.0062989
59,2024,Other,Commodity,334,Commodity,0.0103321
59,2024,Other,Commodity,335,Commodity,0.0063926
59,2024,Other,Commodity,3361MV,Commodity,0.0083956
59,2024,Other,Commodity,3364OT,Commodity,0.0040459
59,2024,Other,Commodity,337,Commodity,0.0055441
59,2024,Other,Commodity,339,Commodity,0.0044933
59,2024,Other,Commodity,42,Commodity,0.005452
59,2024,Other,Commodity,441,Commodity,0.0018628
59,2024,Other,Commodity,445,Commodity,0.0030248
59,2024,Other,Commodity,452,Commodity,0.0037922
59,2024,Other,Commodity,481,Commodity,0.0780501
59,2024,Other,Commodity,482,Commodity,0.0040755
59,2024,Other,Commodity,483,Commodity,0.0343733
59,2024,Other,Commodity,484,Commodity,0.0048534
59,2024,Other,Commodity,485,Commodity,0.0046228
59,2024,Other,Commodity,486,Commodity,0.0039297
59,2024,Other,Commodity,487OS,Commodity,0.0048604
59,2024,Other,Commodity,493,Commodity,0.0020292
59,2024,Other,Commodity,4A0,Commodity,0.0038832
59,2024,Other,Commodity,511,Commodity,0.0027635
59,2024,Other,Commodity,512,Commodity,0.0039659
59,2024,Other,Commodity,513,Commodity,0.00874
59,2024,Other,Commodity,514,Commodity,0.0030316
59,2024,Other,Commodity,521CI,Commodity,0.0082542
59,2024,Other,Commodity,523,Commodity,0.0662988
59,2024,Other,Commodity,524,Commodity,0.0039752
59,2024,Other,Commodity,525,Commodity,0.0415479
59,2024,Other,Commodity,532RL,Commodity,0.0080342
59,2024,Other,Commodity,5411,Commodity,0.0013276
59,2024,Other,Commodity,5412OP,Commodity,0.0031801
59,2024,Other,Commodity,5415,Commodity,0.0046907
59,2024,Other,Commodity,55,Commodity,0.0058142
59,2024,Other,Commodity,561,Commodity,0.0031659
59,2024,Other,Commodity,562,Commodity,0.0030513
59,2024,Other,Commodity,61,Commodity,0.0026803
59,2024,Other,Commodity,621,Commodity,0.0018168
59,2024,Other,Commodity,622,Commodity,0.0027221
59,2024,Other,Commodity,623,Commodity,0.0033076
59,2024,Other,Commodity,624,Commodity,0.0024522
59,2024,Other,Commodity,711AS,Commodity,0.0040036
59,2024,Other,Commodity,713,Commodity,0.0040189
59,2024,Other,Commodity,721,Commodity,0.0046689
59,2024,Other,Commodity,722,Commodity,0.0060662
59,2024,Other,Commodity,81,Commodity,0.0050811
59,2024,Other,Commodity,GFE,Commodity,0.0022705
59,2024,Other,Commodity,GFGD,Commodity,0.0135613
59,2024,Other,Commodity,GFGN,Commodity,0.0050613
59,2024,Other,Commodity,GSLE,Commodity,0.0040521
59,2024,Other,Commodity,GSLG,Commodity,0.001986
59,2024,Other,Commodity,HS,Commodity,0.000621
59,2024,Other,Commodity,ORE,Commodity,0.0037091
59,2024,Other,Commodity,Other,Commodity,1.0050613
59,2024,Other,Commodity,Used,Commodity,0.004194
59,2024,Used,Commodity,111CA,Commodity,0.0019266
59,2024,Used,Commodity,113FF,Commodity,0.0023541
59,2024,Used,Commodity,211,Commodity,0.0056681
59,2024,Used,Commodity,212,Commodity,0.0035914
59,2024,Used,Commodity,213,Commodity,0.0109525
59,2024,Used,Commodity,22,Commodity,0.0095531
59,2024,Used,Commodity,23,Commodity,0.0055823
59,2024,Used,Commodity,311FT,Commodity,0.0030646
59,2024,Used,Commodity,313TT,Commodity,0.0034823
59,2024,Used,Commodity,315AL,Commodity,0.0015931
59,2024,Used,Commodity,321,Commodity,0.0036451
59,2024,Used,Commodity,322,Commodity,0.0153643
59,2024,Used,Commodity,323,Commodity,0.0036255
59,2024,Used,Commodity,324,Commodity,0.0039858
59,2024,Used,Commodity,325,Commodity,0.0019112
59,2024,Used,Commodity,326,Commodity,0.0043981
59,2024,Used,Commodity,327,Commodity,0.0060376
59,2024,Used,Commodity,331,Commodity,0.1321357
59,2024,Used,Commodity,332,Commodity,0.0349159
59,2024,Used,Commodity,333,Commodity,0.0178377
59,2024,Used,Commodity,334,Commodity,0.0031244
59,2024,Used,Commodity,335,Commodity,0.0249223
59,2024,Used,Commodity,3361MV,Commodity,0.0176636
59,2024,Used,Commodity,3364OT,Commodity,0.0064941
59,2024,Used,Commodity,337,Commodity,0.0104684
59,2024,Used,Commodity,339,Commodity,0.0069219
59,2024,Used,Commodity,42,Commodity,0.001688
59,2024,Used,Commodity,441,Commodity,0.0013768
59,2024,Used,Commodity,445,Commodity,0.0014384
59,2024,Used,Commodity,452,Commodity,0.0009965
59,2024,Used,Commodity,481,Commodity,0.0015307
59,2024,Used,Commodity,482,Commodity,0.0024598
59,2024,Used,Commodity,483,Commodity,0.000967
59,2024,Used,Commodity,484,Commodity,0.0043161
59,2024,Used,Commodity,485,Commodity,0.0026544
59,2024,Used,Commodity,486,Commodity,0.0034171
59,2024,Used,Commodity,487OS,Commodity,0.0137653
59,2024,Used,Commodity,493,Commodity,0.0017761
59,2024,Used,Commodity,4A0,Commodity,0.001344
59,2024,Used,Commodity,511,Commodity,0.0006918
59,2024,Used,Commodity,512,Commodity,0.0005218
59,2024,Used,Commodity,513,Commodity,0.0015498
59,2024,Used,Commodity,514,Commodity,0.0011957
59,2024,Used,Commodity,521CI,Commodity,0.0006611
59,2024,Used,Commodity,523,Commodity,0.0012069
59,2024,Used,Commodity,524,Commodity,0.0005537
59,2024,Used,Commodity,525,Commodity,0.00106
59,2024,Used,Commodity,532RL,Commodity,0.0018822
59,2024,Used,Commodity,5411,Commodity,0.0004361
59,2024,Used,Commodity,5412OP,Commodity,0.0011296
59,2024,Used,Commodity,5415,Commodity,0.0008615
59,2024,Used,Commodity,55,Commodity,0.0011403
59,2024,Used,Commodity,561,Commodity,0.0019037
59,2024,Used,Commodity,562,Commodity,0.0044706
59,2024,Used,Commodity,61,Commodity,0.0047904
59,2024,Used,Commodity,621,Commodity,0.0009851
59,2024,Used,Commodity,622,Commodity,0.0017087
59,2024,Used,Commodity,623,Commodity,0.0011662
59,2024,Used,Commodity,624,Commodity,0.0016376
59,2024,Used,Commodity,711AS,Commodity,0.0003844
59,2024,Used,Commodity,713,Commodity,0.0028902
59,2024,Used,Commodity,721,Commodity,0.0013634
59,2024,Used,Commodity,722,Commodity,0.0016618
59,2024,Used,Commodity,81,Commodity,0.0433263
59,2024,Used,Commodity,GFE,Commodity,0.0016691
59,2024,Used,Commodity,GFGD,Commodity,0.0021906
59,2024,Used,Commodity,GFGN,Commodity,0.0023575
59,2024,Used,Commodity,GSLE,Commodity,0.0044764
59,2024,Used,Commodity,GSLG,Commodity,0.0019939
59,2024,Used,Commodity,HS,Commodity,0.0005749
59,2024,Used,Commodity,ORE,Commodity,0.0017243
59,2024,Used,Commodity,Other,Commodity,0.0023575
59,2024,Used,Commodity,Used,Commodity,1.0186108
