DATAFLOW,FREQ,REF_AREA,TRANSACTION,ACTIVITY,PRODUCT,UNIT_MEASURE,VALUATION,PRICE_BASE,TABLE_IDENTIFIER,TIME_PERIOD,OBS_VALUE,COUNTERPART_AREA,SECTOR,ACCOUNTING_ENTRY,CONF_STATUS,DECIMALS,OBS_STATUS,UNIT_MULT,CURRENCY
OECD.SDD.NAD:DSD_NASU@DF_VALUATION(2.0),A,USA,P3S14DC,_Z,CPA08_A01,XDC,O,V,T1634,2024,654.76,D,S14,D,F,2,A,6,USD
OECD.SDD.NAD:DSD_NASU@DF_VALUATION(2.0),A,USA,P2,A01,_T,XDC,O,V,T1634,2024,8400.02,D,S1,D,F,2,A,6,USD
OECD.SDD.NAD:DSD_NASU@DF_VALUATION(2.0),A,USA,P2,A03,_T,XDC,O,V,T1634,2024,0.07,D,S1,D,F,2,A,6,USD
OECD.SDD.NAD:DSD_NASU@DF_VALUATION(2.0),A,USA,P2,A03,CPA08_L68B,XDC,O,V,T1634,2024,0,D,S1,D,F,2,A,6,USD
OECD.SDD.NAD:DSD_NASU@DF_VALUATION(2.0),A,USA,P2,B,CPA08_L68B,XDC,O,V,T1634,2024,3.05,D,S1,D,F,2,A,6,USD
OECD.SDD.NAD:DSD_NASU@DF_VALUATION(2.0),A,USA,P2,B09,_T,XDC,O,V,T1634,2024,7.81,D,S1,D,F,2,A,6,USD
OECD.SDD.NAD:DSD_NASU@DF_VALUATION(2.0),A,USA,P2,C,_T,XDC,O,V,T1634,2024,4768.25,D,S1,D,F,2,A,6,USD
OECD.SDD.NAD:DSD_NASU@DF_VALUATION(2.0),A,USA,P2,C10T12,_T,XDC,O,V,T1634,2024,3106.69,D,S1,D,F,2,A,6,USD
OECD.SDD.NAD:DSD_NASU@DF_VALUATION(2.0),A,USA,P2,C10,_T,XDC,O,V,T1634,2024,3022.97,D,S1,D,F,2,A,6,USD
OECD.SDD.NAD:DSD_NASU@DF_VALUATION(2.0),A,USA,P2,C11,_T,XDC,O,V,T1634,2024,50.09,D,S1,D,F,2,A,6,USD
OECD.SDD.NAD:DSD_NASU@DF_VALUATION(2.0),A,USA,P2,C12,_T,XDC,O,V,T1634,2024,33.64,D,S1,D,F,2,A,6,USD
OECD.SDD.NAD:DSD_NASU@DF_VALUATION(2.0),A,USA,P2,C13T15,_T,XDC,O,V,T1634,2024,59.39,D,S1,D,F,2,A,6,USD
OECD.SDD.NAD:DSD_NASU@DF_VALUATION(2.0),A,USA,P2,E39,CPA08_L68B,XDC,O,V,T1634,2024,1.11,D,S1,D,F,2,A,6,USD
OECD.SDD.NAD:DSD_NASU@DF_VALUATION(2.0),A,USA,P2,F,CPA08_L68B,XDC,O,V,T1634,2024,30.68,D,S1,D,F,2,A,6,USD
OECD.SDD.NAD:DSD_NASU@DF_VALUATION(2.0),A,USA,P2,C25,_T,XDC,O,V,T1634,2024,79.35,D,S1,D,F,2,A,6,USD
OECD.SDD.NAD:DSD_NASU@DF_VALUATION(2.0),A,USA,P2,C26,_T,XDC,O,V,T1634,2024,14.63,D,S1,D,F,2,A,6,USD
OECD.SDD.NAD:DSD_NASU@DF_VALUATION(2.0),A,USA,P2,C27,_T,XDC,O,V,T1634,2024,24.27,D,S1,D,F,2,A,6,USD
OECD.SDD.NAD:DSD_NASU@DF_VALUATION(2.0),A,USA,P2,C28,_T,XDC,O,V,T1634,2024,28.66,D,S1,D,F,2,A,6,USD
OECD.SDD.NAD:DSD_NASU@DF_VALUATION(2.0),A,USA,P2,C29,_T,XDC,O,V,T1634,2024,61.86,D,S1,D,F,2,A,6,USD
OECD.SDD.NAD:DSD_NASU@DF_VALUATION(2.0),A,USA,P2,C30,_T,XDC,O,V,T1634,2024,14.08,D,S1,D,F,2,A,6,USD
OECD.SDD.NAD:DSD_NASU@DF_VALUATION(2.0),A,USA,P2,C31_32,_T,XDC,O,V,T1634,2024,25.82,D,S1,D,F,2,A,6,USD
OECD.SDD.NAD:DSD_NASU@DF_VALUATION(2.0),A,USA,P2,C31,_T,XDC,O,V,T1634,2024,15.51,D,S1,D,F,2,A,6,USD
OECD.SDD.NAD:DSD_NASU@DF_VALUATION(2.0),A,USA,P2,C32,_T,XDC,O,V,T1634,2024,10.31,D,S1,D,F,2,A,6,USD
OECD.SDD.NAD:DSD_NASU@DF_VALUATION(2.0),A,USA,P2,C33,_T,XDC,O,V,T1634,2024,3.67,D,S1,D,F,2,A,6,USD
OECD.SDD.NAD:DSD_NASU@DF_VALUATION(2.0),A,USA,P2,D,_T,XDC,O,V,T1634,2024,265.53,D,S1,D,F,2,A,6,USD
OECD.SDD.NAD:DSD_NASU@DF_VALUATION(2.0),A,USA,P2,E,_T,XDC,O,V,T1634,2024,11.12,D,S1,D,F,2,A,6,USD
OECD.SDD.NAD:DSD_NASU@DF_VALUATION(2.0),A,USA,P2,E36,_T,XDC,O,V,T1634,2024,2.43,D,S1,D,F,2,A,6,USD
OECD.SDD.NAD:DSD_NASU@DF_VALUATION(2.0),A,USA,P2,E37T39,_T,XDC,O,V,T1634,2024,8.68,D,S1,D,F,2,A,6,USD
OECD.SDD.NAD:DSD_NASU@DF_VALUATION(2.0),A,USA,P2,E37,_T,XDC,O,V,T1634,2024,0.38,D,S1,D,F,2,A,6,USD
OECD.SDD.NAD:DSD_NASU@DF_VALUATION(2.0),A,USA,P2,R,_T,XDC,O,V,T1634,2024,34.09,D,S1,D,F,2,A,6,USD
OECD.SDD.NAD:DSD_NASU@DF_VALUATION(2.0),A,USA,P2,R90T92,_T,XDC,O,V,T1634,2024,11.49,D,S1,D,F,2,A,6,USD
OECD.SDD.NAD:DSD_NASU@DF_VALUATION(2.0),A,USA,P2,B07,_T,XDC,O,V,T1634,2024,3.5,D,S1,D,F,2,A,6,USD
OECD.SDD.NAD:DSD_NASU@DF_VALUATION(2.0),A,USA,P2,B08,_T,XDC,O,V,T1634,2024,4.81,D,S1,D,F,2,A,6,USD
OECD.SDD.NAD:DSD_NASU@DF_VALUATION(2.0),A,USA,P2,J60,_T,XDC,O,V,T1634,2024,4.06,D,S1,D,F,2,A,6,USD
OECD.SDD.NAD:DSD_NASU@DF_VALUATION(2.0),A,USA,P2,J62_63,_T,XDC,O,V,T1634,2024,42.37,D,S1,D,F,2,A,6,USD
OECD.SDD.NAD:DSD_NASU@DF_VALUATION(2.0),A,USA,P2,J62,_T,XDC,O,V,T1634,2024,15.72,D,S1,D,F,2,A,6,USD
OECD.SDD.NAD:DSD_NASU@DF_VALUATION(2.0),A,USA,P2,J63,_T,XDC,O,V,T1634,2024,26.65,D,S1,D,F,2,A,6,USD
OECD.SDD.NAD:DSD_NASU@DF_VALUATION(2.0),A,USA,P2,K,_T,XDC,O,V,T1634,2024,339.06,D,S1,D,F,2,A,6,USD
OECD.SDD.NAD:DSD_NASU@DF_VALUATION(2.0),A,USA,P2,K64,_T,XDC,O,V,T1634,2024,108.34,D,S1,D,F,2,A,6,USD
OECD.SDD.NAD:DSD_NASU@DF_VALUATION(2.0),A,USA,P2,K65,_T,XDC,O,V,T1634,2024,224.53,D,S1,D,F,2,A,6,USD
OECD.SDD.NAD:DSD_NASU@DF_VALUATION(2.0),A,USA,P2,K66,_T,XDC,O,V,T1634,2024,6.18,D,S1,D,F,2,A,6,USD
OECD.SDD.NAD:DSD_NASU@DF_VALUATION(2.0),A,USA,P2,L,_T,XDC,O,V,T1634,2024,123.66,D,S1,D,F,2,A,6,USD
OECD.SDD.NAD:DSD_NASU@DF_VALUATION(2.0),A,USA,P2,L68A,_T,XDC,O,V,T1634,2024,28.53,D,S1,D,F,2,A,6,USD
OECD.SDD.NAD:DSD_NASU@DF_VALUATION(2.0),A,USA,P2,L68B,_T,XDC,O,V,T1634,2024,95.14,D,S1,D,F,2,A,6,USD
OECD.SDD.NAD:DSD_NASU@DF_VALUATION(2.0),A,USA,P2,M,_T,XDC,O,V,T1634,2024,348.55,D,S1,D,F,2,A,6,USD
OECD.SDD.NAD:DSD_NASU@DF_VALUATION(2.0),A,USA,P2,M69_70,_T,XDC,O,V,T1634,2024,246.49,D,S1,D,F,2,A,6,USD
OECD.SDD.NAD:DSD_NASU@DF_VALUATION(2.0),A,USA,P2,M69,_T,XDC,O,V,T1634,2024,31.23,D,S1,D,F,2,A,6,USD
OECD.SDD.NAD:DSD_NASU@DF_VALUATION(2.0),A,USA,P2,M70,_T,XDC,O,V,T1634,2024,215.26,D,S1,D,F,2,A,6,USD
OECD.SDD.NAD:DSD_NASU@DF_VALUATION(2.0),A,USA,P2,M71,_T,XDC,O,V,T1634,2024,33.29,D,S1,D,F,2,A,6,USD
OECD.SDD.NAD:DSD_NASU@DF_VALUATION(2.0),A,USA,P2,M73,_T,XDC,O,V,T1634,2024,14.96,D,S1,D,F,2,A,6,USD
OECD.SDD.NAD:DSD_NASU@DF_VALUATION(2.0),A,USA,P2,M74,_T,XDC,O,V,T1634,2024,16.05,D,S1,D,F,2,A,6,USD
OECD.SDD.NAD:DSD_NASU@DF_VALUATION(2.0),A,USA,P2,M75,_T,XDC,O,V,T1634,2024,3.11,D,S1,D,F,2,A,6,USD
OECD.SDD.NAD:DSD_NASU@DF_VALUATION(2.0),A,USA,P2,N,_T,XDC,O,V,T1634,2024,153.33,D,S1,D,F,2,A,6,USD
OECD.SDD.NAD:DSD_NASU@DF_VALUATION(2.0),A,USA,P2,N77,_T,XDC,O,V,T1634,2024,29.49,D,S1,D,F,2,A,6,USD
OECD.SDD.NAD:DSD_NASU@DF_VALUATION(2.0),A,USA,P2,N79,_T,XDC,O,V,T1634,2024,4.52,D,S1,D,F,2,A,6,USD
OECD.SDD.NAD:DSD_NASU@DF_VALUATION(2.0),A,USA,P2,N80T82,_T,XDC,O,V,T1634,2024,110.04,D,S1,D,F,2,A,6,USD
OECD.SDD.NAD:DSD_NASU@DF_VALUATION(2.0),A,USA,P2,N80,_T,XDC,O,V,T1634,2024,2.16,D,S1,D,F,2,A,6,USD
OECD.SDD.NAD:DSD_NASU@DF_VALUATION(2.0),A,USA,P2,N81,_T,XDC,O,V,T1634,2024,39.33,D,S1,D,F,2,A,6,USD
OECD.SDD.NAD:DSD_NASU@DF_VALUATION(2.0),A,USA,P2,N82,_T,XDC,O,V,T1634,2024,68.55,D,S1,D,F,2,A,6,USD
OECD.SDD.NAD:DSD_NASU@DF_VALUATION(2.0),A,USA,P2,O,_T,XDC,O,V,T1634,2024,982.35,D,S1,D,F,2,A,6,USD
OECD.SDD.NAD:DSD_NASU@DF_VALUATION(2.0),A,USA,P2,P,_T,XDC,O,V,T1634,2024,600.85,D,S1,D,F,2,A,6,USD
OECD.SDD.NAD:DSD_NASU@DF_VALUATION(2.0),A,USA,P2,Q,_T,XDC,O,V,T1634,2024,193.01,D,S1,D,F,2,A,6,USD
OECD.SDD.NAD:DSD_NASU@DF_VALUATION(2.0),A,USA,P2,Q86,_T,XDC,O,V,T1634,2024,144.94,D,S1,D,F,2,A,6,USD
OECD.SDD.NAD:DSD_NASU@DF_VALUATION(2.0),A,USA,P2,Q87,_T,XDC,O,V,T1634,2024,26.2,D,S1,D,F,2,A,6,USD
OECD.SDD.NAD:DSD_NASU@DF_VALUATION(2.0),A,USA,P2,_T,_T,XDC,O,V,T1634,2024,17657.22,D,S1,D,F,2,A,6,USD
OECD.SDD.NAD:DSD_NASU@DF_VALUATION(2.0),A,USA,P2,A,_T,XDC,O,V,T1634,2024,8400.67,D,S1,D,F,2,A,6,USD
OECD.SDD.NAD:DSD_NASU@DF_VALUATION(2.0),A,USA,P2,C17,_T,XDC,O,V,T1634,2024,132.94,D,S1,D,F,2,A,6,USD
OECD.SDD.NAD:DSD_NASU@DF_VALUATION(2.0),A,USA,P2,C19,_T,XDC,O,V,T1634,2024,57.3,D,S1,D,F,2,A,6,USD
OECD.SDD.NAD:DSD_NASU@DF_VALUATION(2.0),A,USA,P2,C20,_T,XDC,O,V,T1634,2024,651.35,D,S1,D,F,2,A,6,USD
OECD.SDD.NAD:DSD_NASU@DF_VALUATION(2.0),A,USA,P2,C21,_T,XDC,O,V,T1634,2024,4.48,D,S1,D,F,2,A,6,USD
OECD.SDD.NAD:DSD_NASU@DF_VALUATION(2.0),A,USA,P2,C22,_T,XDC,O,V,T1634,2024,108.05,D,S1,D,F,2,A,6,USD
OECD.SDD.NAD:DSD_NASU@DF_VALUATION(2.0),A,USA,P2,C23,_T,XDC,O,V,T1634,2024,142.48,D,S1,D,F,2,A,6,USD
OECD.SDD.NAD:DSD_NASU@DF_VALUATION(2.0),A,USA,P2,C24,_T,XDC,O,V,T1634,2024,185.38,D,S1,D,F,2,A,6,USD
OECD.SDD.NAD:DSD_NASU@DF_VALUATION(2.0),A,USA,P2,M70,CPA08_A01,XDC,O,V,T1634,2024,0.83,D,S1,D,F,2,A,6,USD
OECD.SDD.NAD:DSD_NASU@DF_VALUATION(2.0),A,USA,P2,C10T12,CPA08_A01,XDC,O,V,T1634,2024,2733.06,D,S1,D,F,2,A,6,USD
OECD.SDD.NAD:DSD_NASU@DF_VALUATION(2.0),A,USA,P2,C10,CPA08_A01,XDC,O,V,T1634,2024,2670.6,D,S1,D,F,2,A,6,USD
OECD.SDD.NAD:DSD_NASU@DF_VALUATION(2.0),A,USA,P2,C11,CPA08_A01,XDC,O,V,T1634,2024,36.07,D,S1,D,F,2,A,6,USD
OECD.SDD.NAD:DSD_NASU@DF_VALUATION(2.0),A,USA,P2,C12,CPA08_A01,XDC,O,V,T1634,2024,26.4,D,S1,D,F,2,A,6,USD
OECD.SDD.NAD:DSD_NASU@DF_VALUATION(2.0),A,USA,P2,C13T15,CPA08_A01,XDC,O,V,T1634,2024,53.32,D,S1,D,F,2,A,6,USD
OECD.SDD.NAD:DSD_NASU@DF_VALUATION(2.0),A,USA,P2,C13,CPA08_A01,XDC,O,V,T1634,2024,53.32,D,S1,D,F,2,A,6,USD
OECD.SDD.NAD:DSD_NASU@DF_VALUATION(2.0),A,USA,P2,C20,CPA08_A01,XDC,O,V,T1634,2024,408.42,D,S1,D,F,2,A,6,USD
OECD.SDD.NAD:DSD_NASU@DF_VALUATION(2.0),A,USA,P2,G,CPA08_A01,XDC,O,V,T1634,2024,29.62,D,S1,D,F,2,A,6,USD
OECD.SDD.NAD:DSD_NASU@DF_VALUATION(2.0),A,USA,P2,G47,CPA08_A01,XDC,O,V,T1634,2024,29.62,D,S1,D,F,2,A,6,USD
OECD.SDD.NAD:DSD_NASU@DF_VALUATION(2.0),A,USA,P2,M,CPA08_A01,XDC,O,V,T1634,2024,26.2,D,S1,D,F,2,A,6,USD
OECD.SDD.NAD:DSD_NASU@DF_VALUATION(2.0),A,USA,P2,M72,CPA08_A01,XDC,O,V,T1634,2024,25.37,D,S1,D,F,2,A,6,USD
OECD.SDD.NAD:DSD_NASU@DF_VALUATION(2.0),A,USA,P2,O,CPA08_A01,XDC,O,V,T1634,2024,4.92,D,S1,D,F,2,A,6,USD
OECD.SDD.NAD:DSD_NASU@DF_VALUATION(2.0),A,USA,P2,_T,CPA08_A01,XDC,O,V,T1634,2024,4700.22,D,S1,D,F,2,A,6,USD
OECD.SDD.NAD:DSD_NASU@DF_VALUATION(2.0),A,USA,P2,A,CPA08_A01,XDC,O,V,T1634,2024,1422.55,D,S1,D,F,2,A,6,USD
OECD.SDD.NAD:DSD_NASU@DF_VALUATION(2.0),A,USA,P2,A01,CPA08_A01,XDC,O,V,T1634,2024,1422.55,D,S1,D,F,2,A,6,USD
OECD.SDD.NAD:DSD_NASU@DF_VALUATION(2.0),A,USA,P2,C,CPA08_A01,XDC,O,V,T1634,2024,3194.8,D,S1,D,F,2,A,6,USD
OECD.SDD.NAD:DSD_NASU@DF_VALUATION(2.0),A,USA,P2,P,CPA08_A01,XDC,O,V,T1634,2024,21.37,D,S1,D,F,2,A,6,USD
OECD.SDD.NAD:DSD_NASU@DF_VALUATION(2.0),A,USA,P2,O,CPA08_A,XDC,O,V,T1634,2024,4.92,D,S1,D,F,2,A,6,USD
OECD.SDD.NAD:DSD_NASU@DF_VALUATION(2.0),A,USA,P2,P,CPA08_A,XDC,O,V,T1634,2024,21.37,D,S1,D,F,2,A,6,USD
OECD.SDD.NAD:DSD_NASU@DF_VALUATION(2.0),A,USA,TU,_Z,CPA08_A,XDC,O,V,T1634,2024,7035.66,D,S1,D,F,2,A,6,USD
OECD.SDD.NAD:DSD_NASU@DF_VALUATION(2.0),A,USA,P3,_Z,CPA08_A,XDC,O,V,T1634,2024,654.76,D,S1,D,F,2,A,6,USD
OECD.SDD.NAD:DSD_NASU@DF_VALUATION(2.0),A,USA,P52,_Z,CPA08_A,XDC,O,V,T1634,2024,82.41,D,S1,D,F,2,A,6,USD
OECD.SDD.NAD:DSD_NASU@DF_VALUATION(2.0),A,USA,P5,_Z,CPA08_A,XDC,O,V,T1634,2024,82.41,D,S1,D,F,2,A,6,USD
OECD.SDD.NAD:DSD_NASU@DF_VALUATION(2.0),A,USA,P2,C20,CPA08_A,XDC,O,V,T1634,2024,408.42,D,S1,D,F,2,A,6,USD
OECD.SDD.NAD:DSD_NASU@DF_VALUATION(2.0),A,USA,P2,C10T12,CPA08_A,XDC,O,V,T1634,2024,2733.06,D,S1,D,F,2,A,6,USD
OECD.SDD.NAD:DSD_NASU@DF_VALUATION(2.0),A,USA,P2,C10,CPA08_A,XDC,O,V,T1634,2024,2670.6,D,S1,D,F,2,A,6,USD
OECD.SDD.NAD:DSD_NASU@DF_VALUATION(2.0),A,USA,P2,C11,CPA08_A,XDC,O,V,T1634,2024,36.07,D,S1,D,F,2,A,6,USD
OECD.SDD.NAD:DSD_NASU@DF_VALUATION(2.0),A,USA,P2,C12,CPA08_A,XDC,O,V,T1634,2024,26.4,D,S1,D,F,2,A,6,USD
OECD.SDD.NAD:DSD_NASU@DF_VALUATION(2.0),A,USA,P2,C13T15,CPA08_A,XDC,O,V,T1634,2024,53.32,D,S1,D,F,2,A,6,USD
OECD.SDD.NAD:DSD_NASU@DF_VALUATION(2.0),A,USA,P2,C13,CPA08_A,XDC,O,V,T1634,2024,53.32,D,S1,D,F,2,A,6,USD
OECD.SDD.NAD:DSD_NASU@DF_VALUATION(2.0),A,USA,P2,G,CPA08_A,XDC,O,V,T1634,2024,29.62,D,S1,D,F,2,A,6,USD
OECD.SDD.NAD:DSD_NASU@DF_VALUATION(2.0),A,USA,P2,G47,CPA08_A,XDC,O,V,T1634,2024,29.62,D,S1,D,F,2,A,6,USD
OECD.SDD.NAD:DSD_NASU@DF_VALUATION(2.0),A,USA,P2,I,CPA08_A,XDC,O,V,T1634,2024,0.75,D,S1,D,F,2,A,6,USD
OECD.SDD.NAD:DSD_NASU@DF_VALUATION(2.0),A,USA,P2,I55,CPA08_A,XDC,O,V,T1634,2024,0.47,D,S1,D,F,2,A,6,USD
OECD.SDD.NAD:DSD_NASU@DF_VALUATION(2.0),A,USA,P2,I56,CPA08_A,XDC,O,V,T1634,2024,0.28,D,S1,D,F,2,A,6,USD
OECD.SDD.NAD:DSD_NASU@DF_VALUATION(2.0),A,USA,P2,M,CPA08_A,XDC,O,V,T1634,2024,26.2,D,S1,D,F,2,A,6,USD
OECD.SDD.NAD:DSD_NASU@DF_VALUATION(2.0),A,USA,P2,_T,CPA08_A,XDC,O,V,T1634,2024,4700.22,D,S1,D,F,2,A,6,USD
OECD.SDD.NAD:DSD_NASU@DF_VALUATION(2.0),A,USA,P2,A,CPA08_A,XDC,O,V,T1634,2024,1422.55,D,S1,D,F,2,A,6,USD
OECD.SDD.NAD:DSD_NASU@DF_VALUATION(2.0),A,USA,P2,A01,CPA08_A,XDC,O,V,T1634,2024,1422.55,D,S1,D,F,2,A,6,USD
OECD.SDD.NAD:DSD_NASU@DF_VALUATION(2.0),A,USA,P2,C,CPA08_A,XDC,O,V,T1634,2024,3194.8,D,S1,D,F,2,A,6,USD
OECD.SDD.NAD:DSD_NASU@DF_VALUATION(2.0),A,USA,P2,M69_70,CPA08_A,XDC,O,V,T1634,2024,0.83,D,S1,D,F,2,A,6,USD
OECD.SDD.NAD:DSD_NASU@DF_VALUATION(2.0),A,USA,P2,M70,CPA08_A,XDC,O,V,T1634,2024,0.83,D,S1,D,F,2,A,6,USD
OECD.SDD.NAD:DSD_NASU@DF_VALUATION(2.0),A,USA,P2,R91,_T,XDC,O,V,T1634,2024,1,D,S1,D,F,2,A,6,USD
OECD.SDD.NAD:DSD_NASU@DF_VALUATION(2.0),A,USA,P2,R92,_T,XDC,O,V,T1634,2024,2.07,D,S1,D,F,2,A,6,USD
OECD.SDD.NAD:DSD_NASU@DF_VALUATION(2.0),A,USA,P2,R93,_T,XDC,O,V,T1634,2024,22.6,D,S1,D,F,2,A,6,USD
OECD.SDD.NAD:DSD_NASU@DF_VALUATION(2.0),A,USA,P2,S,_T,XDC,O,V,T1634,2024,67.19,D,S1,D,F,2,A,6,USD
OECD.SDD.NAD:DSD_NASU@DF_VALUATION(2.0),A,USA,P2,S94,_T,XDC,O,V,T1634,2024,4.97,D,S1,D,F,2,A,6,USD
OECD.SDD.NAD:DSD_NASU@DF_VALUATION(2.0),A,USA,P2,S95,_T,XDC,O,V,T1634,2024,4.73,D,S1,D,F,2,A,6,USD
OECD.SDD.NAD:DSD_NASU@DF_VALUATION(2.0),A,USA,P2,S96,_T,XDC,O,V,T1634,2024,57.49,D,S1,D,F,2,A,6,USD
OECD.SDD.NAD:DSD_NASU@DF_VALUATION(2.0),A,USA,P5,_Z,_T,XDC,O,V,T1634,2024,373.1,D,S1,D,F,2,A,6,USD
OECD.SDD.NAD:DSD_NASU@DF_VALUATION(2.0),A,USA,TU,_Z,_T,XDC,O,V,T1634,2024,89356.07,D,S1,D,F,2,A,6,USD
OECD.SDD.NAD:DSD_NASU@DF_VALUATION(2.0),A,USA,P51G,_Z,_T,XDC,O,V,T1634,2024,275.56,D,S1,D,F,2,A,6,USD
OECD.SDD.NAD:DSD_NASU@DF_VALUATION(2.0),A,USA,P52,_Z,_T,XDC,O,V,T1634,2024,97.54,D,S1,D,F,2,A,6,USD
OECD.SDD.NAD:DSD_NASU@DF_VALUATION(2.0),A,USA,P2,A02,_T,XDC,O,V,T1634,2024,0.58,D,S1,D,F,2,A,6,USD
OECD.SDD.NAD:DSD_NASU@DF_VALUATION(2.0),A,USA,P2,C18,_T,XDC,O,V,T1634,2024,8.54,D,S1,D,F,2,A,6,USD
OECD.SDD.NAD:DSD_NASU@DF_VALUATION(2.0),A,USA,P2,J61,_T,XDC,O,V,T1634,2024,89.44,D,S1,D,F,2,A,6,USD
OECD.SDD.NAD:DSD_NASU@DF_VALUATION(2.0),A,USA,P2,M72,_T,XDC,O,V,T1634,2024,34.65,D,S1,D,F,2,A,6,USD
OECD.SDD.NAD:DSD_NASU@DF_VALUATION(2.0),A,USA,P2,M74_75,_T,XDC,O,V,T1634,2024,19.16,D,S1,D,F,2,A,6,USD
OECD.SDD.NAD:DSD_NASU@DF_VALUATION(2.0),A,USA,P2,N78,_T,XDC,O,V,T1634,2024,9.29,D,S1,D,F,2,A,6,USD
OECD.SDD.NAD:DSD_NASU@DF_VALUATION(2.0),A,USA,P2,Q87_88,_T,XDC,O,V,T1634,2024,48.07,D,S1,D,F,2,A,6,USD
OECD.SDD.NAD:DSD_NASU@DF_VALUATION(2.0),A,USA,P3,_Z,_T,XDC,O,V,T1634,2024,68880.31,D,S1,D,F,2,A,6,USD
OECD.SDD.NAD:DSD_NASU@DF_VALUATION(2.0),A,USA,P2,E38,_T,XDC,O,V,T1634,2024,6.35,D,S1,D,F,2,A,6,USD
OECD.SDD.NAD:DSD_NASU@DF_VALUATION(2.0),A,USA,P2,B,_T,XDC,O,V,T1634,2024,73.95,D,S1,D,F,2,A,6,USD
OECD.SDD.NAD:DSD_NASU@DF_VALUATION(2.0),A,USA,P2,B05,_T,XDC,O,V,T1634,2024,26.24,D,S1,D,F,2,A,6,USD
OECD.SDD.NAD:DSD_NASU@DF_VALUATION(2.0),A,USA,P2,B06,_T,XDC,O,V,T1634,2024,31.59,D,S1,D,F,2,A,6,USD
OECD.SDD.NAD:DSD_NASU@DF_VALUATION(2.0),A,USA,P2,G45,_T,XDC,O,V,T1634,2024,66.79,D,S1,D,F,2,A,6,USD
OECD.SDD.NAD:DSD_NASU@DF_VALUATION(2.0),A,USA,P2,G46,_T,XDC,O,V,T1634,2024,119.11,D,S1,D,F,2,A,6,USD
OECD.SDD.NAD:DSD_NASU@DF_VALUATION(2.0),A,USA,P2,G47,_T,XDC,O,V,T1634,2024,223.69,D,S1,D,F,2,A,6,USD
OECD.SDD.NAD:DSD_NASU@DF_VALUATION(2.0),A,USA,P2,H,_T,XDC,O,V,T1634,2024,351.69,D,S1,D,F,2,A,6,USD
OECD.SDD.NAD:DSD_NASU@DF_VALUATION(2.0),A,USA,P2,H49,_T,XDC,O,V,T1634,2024,265.28,D,S1,D,F,2,A,6,USD
OECD.SDD.NAD:DSD_NASU@DF_VALUATION(2.0),A,USA,P2,H50,_T,XDC,O,V,T1634,2024,3.63,D,S1,D,F,2,A,6,USD
OECD.SDD.NAD:DSD_NASU@DF_VALUATION(2.0),A,USA,P2,H51,_T,XDC,O,V,T1634,2024,9.6,D,S1,D,F,2,A,6,USD
OECD.SDD.NAD:DSD_NASU@DF_VALUATION(2.0),A,USA,P2,H52,_T,XDC,O,V,T1634,2024,30.64,D,S1,D,F,2,A,6,USD
OECD.SDD.NAD:DSD_NASU@DF_VALUATION(2.0),A,USA,P2,H53,_T,XDC,O,V,T1634,2024,42.54,D,S1,D,F,2,A,6,USD
OECD.SDD.NAD:DSD_NASU@DF_VALUATION(2.0),A,USA,P2,I,_T,XDC,O,V,T1634,2024,166.7,D,S1,D,F,2,A,6,USD
OECD.SDD.NAD:DSD_NASU@DF_VALUATION(2.0),A,USA,P2,I55,_T,XDC,O,V,T1634,2024,11.62,D,S1,D,F,2,A,6,USD
OECD.SDD.NAD:DSD_NASU@DF_VALUATION(2.0),A,USA,P2,I56,_T,XDC,O,V,T1634,2024,155.08,D,S1,D,F,2,A,6,USD
OECD.SDD.NAD:DSD_NASU@DF_VALUATION(2.0),A,USA,P2,J,_T,XDC,O,V,T1634,2024,157.51,D,S1,D,F,2,A,6,USD
OECD.SDD.NAD:DSD_NASU@DF_VALUATION(2.0),A,USA,P2,J58,_T,XDC,O,V,T1634,2024,15.62,D,S1,D,F,2,A,6,USD
OECD.SDD.NAD:DSD_NASU@DF_VALUATION(2.0),A,USA,P2,J59_60,_T,XDC,O,V,T1634,2024,10.07,D,S1,D,F,2,A,6,USD
OECD.SDD.NAD:DSD_NASU@DF_VALUATION(2.0),A,USA,P2,J59,_T,XDC,O,V,T1634,2024,6.01,D,S1,D,F,2,A,6,USD
OECD.SDD.NAD:DSD_NASU@DF_VALUATION(2.0),A,USA,P2,_T,CPA08_C13T15,XDC,O,V,T1634,2024,6.15,D,S1,D,F,2,A,6,USD
OECD.SDD.NAD:DSD_NASU@DF_VALUATION(2.0),A,USA,P2,C,CPA08_C13T15,XDC,O,V,T1634,2024,2.44,D,S1,D,F,2,A,6,USD
OECD.SDD.NAD:DSD_NASU@DF_VALUATION(2.0),A,USA,P2,C10T12,CPA08_C13T15,XDC,O,V,T1634,2024,0.03,D,S1,D,F,2,A,6,USD
OECD.SDD.NAD:DSD_NASU@DF_VALUATION(2.0),A,USA,P2,C10,CPA08_C13T15,XDC,O,V,T1634,2024,0.02,D,S1,D,F,2,A,6,USD
OECD.SDD.NAD:DSD_NASU@DF_VALUATION(2.0),A,USA,P2,N81,CPA08_C13T15,XDC,O,V,T1634,2024,0.03,D,S1,D,F,2,A,6,USD
OECD.SDD.NAD:DSD_NASU@DF_VALUATION(2.0),A,USA,P2,O,CPA08_C13T15,XDC,O,V,T1634,2024,1.21,D,S1,D,F,2,A,6,USD
OECD.SDD.NAD:DSD_NASU@DF_VALUATION(2.0),A,USA,P2,M70,CPA08_C,XDC,O,V,T1634,2024,-0.71,D,S1,D,F,2,A,6,USD
OECD.SDD.NAD:DSD_NASU@DF_VALUATION(2.0),A,USA,P2,M71,CPA08_C,XDC,O,V,T1634,2024,1.27,D,S1,D,F,2,A,6,USD
OECD.SDD.NAD:DSD_NASU@DF_VALUATION(2.0),A,USA,P2,M72,CPA08_C,XDC,O,V,T1634,2024,-12.41,D,S1,D,F,2,A,6,USD
OECD.SDD.NAD:DSD_NASU@DF_VALUATION(2.0),A,USA,P2,M73,CPA08_C,XDC,O,V,T1634,2024,0,D,S1,D,F,2,A,6,USD
OECD.SDD.NAD:DSD_NASU@DF_VALUATION(2.0),A,USA,P2,M74_75,CPA08_C,XDC,O,V,T1634,2024,0.01,D,S1,D,F,2,A,6,USD
OECD.SDD.NAD:DSD_NASU@DF_VALUATION(2.0),A,USA,P2,M75,CPA08_C,XDC,O,V,T1634,2024,0.01,D,S1,D,F,2,A,6,USD
OECD.SDD.NAD:DSD_NASU@DF_VALUATION(2.0),A,USA,P2,N,CPA08_C,XDC,O,V,T1634,2024,0.05,D,S1,D,F,2,A,6,USD
OECD.SDD.NAD:DSD_NASU@DF_VALUATION(2.0),A,USA,P2,N77,CPA08_C,XDC,O,V,T1634,2024,0.02,D,S1,D,F,2,A,6,USD
OECD.SDD.NAD:DSD_NASU@DF_VALUATION(2.0),A,USA,P2,N80T82,CPA08_C,XDC,O,V,T1634,2024,0.03,D,S1,D,F,2,A,6,USD
OECD.SDD.NAD:DSD_NASU@DF_VALUATION(2.0),A,USA,P2,N81,CPA08_C,XDC,O,V,T1634,2024,0.03,D,S1,D,F,2,A,6,USD
OECD.SDD.NAD:DSD_NASU@DF_VALUATION(2.0),A,USA,P2,O,CPA08_C,XDC,O,V,T1634,2024,2.76,D,S1,D,F,2,A,6,USD
OECD.SDD.NAD:DSD_NASU@DF_VALUATION(2.0),A,USA,P2,P,CPA08_C,XDC,O,V,T1634,2024,0.31,D,S1,D,F,2,A,6,USD
OECD.SDD.NAD:DSD_NASU@DF_VALUATION(2.0),A,USA,P2,Q,CPA08_C,XDC,O,V,T1634,2024,16.39,D,S1,D,F,2,A,6,USD
OECD.SDD.NAD:DSD_NASU@DF_VALUATION(2.0),A,USA,P2,Q86,CPA08_C,XDC,O,V,T1634,2024,13.38,D,S1,D,F,2,A,6,USD
OECD.SDD.NAD:DSD_NASU@DF_VALUATION(2.0),A,USA,P2,Q87_88,CPA08_C,XDC,O,V,T1634,2024,3.01,D,S1,D,F,2,A,6,USD
OECD.SDD.NAD:DSD_NASU@DF_VALUATION(2.0),A,USA,P2,Q87,CPA08_C,XDC,O,V,T1634,2024,2.94,D,S1,D,F,2,A,6,USD
OECD.SDD.NAD:DSD_NASU@DF_VALUATION(2.0),A,USA,P2,Q88,CPA08_C,XDC,O,V,T1634,2024,0.07,D,S1,D,F,2,A,6,USD
OECD.SDD.NAD:DSD_NASU@DF_VALUATION(2.0),A,USA,P2,R,CPA08_C,XDC,O,V,T1634,2024,0.72,D,S1,D,F,2,A,6,USD
OECD.SDD.NAD:DSD_NASU@DF_VALUATION(2.0),A,USA,P2,R90T92,CPA08_C,XDC,O,V,T1634,2024,0.35,D,S1,D,F,2,A,6,USD
OECD.SDD.NAD:DSD_NASU@DF_VALUATION(2.0),A,USA,P2,R91,CPA08_C,XDC,O,V,T1634,2024,0.35,D,S1,D,F,2,A,6,USD
OECD.SDD.NAD:DSD_NASU@DF_VALUATION(2.0),A,USA,P2,R93,CPA08_C,XDC,O,V,T1634,2024,0.37,D,S1,D,F,2,A,6,USD
OECD.SDD.NAD:DSD_NASU@DF_VALUATION(2.0),A,USA,P2,S,CPA08_C,XDC,O,V,T1634,2024,0.32,D,S1,D,F,2,A,6,USD
OECD.SDD.NAD:DSD_NASU@DF_VALUATION(2.0),A,USA,P2,S94,CPA08_C,XDC,O,V,T1634,2024,0.18,D,S1,D,F,2,A,6,USD
OECD.SDD.NAD:DSD_NASU@DF_VALUATION(2.0),A,USA,P2,S95,CPA08_C,XDC,O,V,T1634,2024,0.02,D,S1,D,F,2,A,6,USD
OECD.SDD.NAD:DSD_NASU@DF_VALUATION(2.0),A,USA,P2,S96,CPA08_C,XDC,O,V,T1634,2024,0.12,D,S1,D,F,2,A,6,USD
OECD.SDD.NAD:DSD_NASU@DF_VALUATION(2.0),A,USA,P3,_Z,CPA08_C,XDC,O,V,T1634,2024,568.53,D,S1,D,F,2,A,6,USD
OECD.SDD.NAD:DSD_NASU@DF_VALUATION(2.0),A,USA,TU,_Z,CPA08_C,XDC,O,V,T1634,2024,677.33,D,S1,D,F,2,A,6,USD
OECD.SDD.NAD:DSD_NASU@DF_VALUATION(2.0),A,USA,P51G,_Z,CPA08_C,XDC,O,V,T1634,2024,0,D,S1,D,F,2,A,6,USD
OECD.SDD.NAD:DSD_NASU@DF_VALUATION(2.0),A,USA,P5,_Z,CPA08_C,XDC,O,V,T1634,2024,2.54,D,S1,D,F,2,A,6,USD
OECD.SDD.NAD:DSD_NASU@DF_VALUATION(2.0),A,USA,P52,_Z,CPA08_C,XDC,O,V,T1634,2024,2.54,D,S1,D,F,2,A,6,USD
OECD.SDD.NAD:DSD_NASU@DF_VALUATION(2.0),A,USA,P2,C14,CPA08_C,XDC,O,V,T1634,2024,0.53,D,S1,D,F,2,A,6,USD
OECD.SDD.NAD:DSD_NASU@DF_VALUATION(2.0),A,USA,P2,C29,CPA08_C,XDC,O,V,T1634,2024,0.46,D,S1,D,F,2,A,6,USD
OECD.SDD.NAD:DSD_NASU@DF_VALUATION(2.0),A,USA,P2,C31,CPA08_C,XDC,O,V,T1634,2024,0.54,D,S1,D,F,2,A,6,USD
OECD.SDD.NAD:DSD_NASU@DF_VALUATION(2.0),A,USA,P2,J63,CPA08_C,XDC,O,V,T1634,2024,0.02,D,S1,D,F,2,A,6,USD
OECD.SDD.NAD:DSD_NASU@DF_VALUATION(2.0),A,USA,P2,C28,CPA08_C,XDC,O,V,T1634,2024,0.01,D,S1,D,F,2,A,6,USD
OECD.SDD.NAD:DSD_NASU@DF_VALUATION(2.0),A,USA,P2,C30,CPA08_C,XDC,O,V,T1634,2024,0.01,D,S1,D,F,2,A,6,USD
OECD.SDD.NAD:DSD_NASU@DF_VALUATION(2.0),A,USA,P2,C31_32,CPA08_C,XDC,O,V,T1634,2024,0.55,D,S1,D,F,2,A,6,USD
OECD.SDD.NAD:DSD_NASU@DF_VALUATION(2.0),A,USA,P2,C32,CPA08_C,XDC,O,V,T1634,2024,0,D,S1,D,F,2,A,6,USD
OECD.SDD.NAD:DSD_NASU@DF_VALUATION(2.0),A,USA,P2,C33,CPA08_C,XDC,O,V,T1634,2024,0.06,D,S1,D,F,2,A,6,USD
OECD.SDD.NAD:DSD_NASU@DF_VALUATION(2.0),A,USA,P2,E,CPA08_C,XDC,O,V,T1634,2024,0.02,D,S1,D,F,2,A,6,USD
OECD.SDD.NAD:DSD_NASU@DF_VALUATION(2.0),A,USA,P2,E37T39,CPA08_C,XDC,O,V,T1634,2024,0.02,D,S1,D,F,2,A,6,USD
OECD.SDD.NAD:DSD_NASU@DF_VALUATION(2.0),A,USA,P2,E38,CPA08_C,XDC,O,V,T1634,2024,0.01,D,S1,D,F,2,A,6,USD
OECD.SDD.NAD:DSD_NASU@DF_VALUATION(2.0),A,USA,P2,E39,CPA08_C,XDC,O,V,T1634,2024,0,D,S1,D,F,2,A,6,USD
OECD.SDD.NAD:DSD_NASU@DF_VALUATION(2.0),A,USA,P2,F,CPA08_C,XDC,O,V,T1634,2024,1.22,D,S1,D,F,2,A,6,USD
OECD.SDD.NAD:DSD_NASU@DF_VALUATION(2.0),A,USA,P2,Q88,_T,XDC,O,V,T1634,2024,21.87,D,S1,D,F,2,A,6,USD
OECD.SDD.NAD:DSD_NASU@DF_VALUATION(2.0),A,USA,P2,C13,_T,XDC,O,V,T1634,2024,58.19,D,S1,D,F,2,A,6,USD
OECD.SDD.NAD:DSD_NASU@DF_VALUATION(2.0),A,USA,P2,C14,_T,XDC,O,V,T1634,2024,1.01,D,S1,D,F,2,A,6,USD
OECD.SDD.NAD:DSD_NASU@DF_VALUATION(2.0),A,USA,P2,C15,_T,XDC,O,V,T1634,2024,0.2,D,S1,D,F,2,A,6,USD
OECD.SDD.NAD:DSD_NASU@DF_VALUATION(2.0),A,USA,P2,C16,_T,XDC,O,V,T1634,2024,59.29,D,S1,D,F,2,A,6,USD
OECD.SDD.NAD:DSD_NASU@DF_VALUATION(2.0),A,USA,P2,H49,CPA08_C,XDC,O,V,T1634,2024,0,D,S1,D,F,2,A,6,USD
OECD.SDD.NAD:DSD_NASU@DF_VALUATION(2.0),A,USA,P2,H50,CPA08_C,XDC,O,V,T1634,2024,0.11,D,S1,D,F,2,A,6,USD
OECD.SDD.NAD:DSD_NASU@DF_VALUATION(2.0),A,USA,P2,H51,CPA08_C,XDC,O,V,T1634,2024,0.08,D,S1,D,F,2,A,6,USD
OECD.SDD.NAD:DSD_NASU@DF_VALUATION(2.0),A,USA,P2,I,CPA08_C,XDC,O,V,T1634,2024,0.01,D,S1,D,F,2,A,6,USD
OECD.SDD.NAD:DSD_NASU@DF_VALUATION(2.0),A,USA,P2,I56,CPA08_C,XDC,O,V,T1634,2024,0.01,D,S1,D,F,2,A,6,USD
OECD.SDD.NAD:DSD_NASU@DF_VALUATION(2.0),A,USA,P2,J,CPA08_C,XDC,O,V,T1634,2024,0.33,D,S1,D,F,2,A,6,USD
OECD.SDD.NAD:DSD_NASU@DF_VALUATION(2.0),A,USA,P2,J61,CPA08_C,XDC,O,V,T1634,2024,0.31,D,S1,D,F,2,A,6,USD
OECD.SDD.NAD:DSD_NASU@DF_VALUATION(2.0),A,USA,P2,J62_63,CPA08_C,XDC,O,V,T1634,2024,0.02,D,S1,D,F,2,A,6,USD
OECD.SDD.NAD:DSD_NASU@DF_VALUATION(2.0),A,USA,P2,L,CPA08_C,XDC,O,V,T1634,2024,0,D,S1,D,F,2,A,6,USD
OECD.SDD.NAD:DSD_NASU@DF_VALUATION(2.0),A,USA,P2,C10T12,CPA08_C,XDC,O,V,T1634,2024,0.13,D,S1,D,F,2,A,6,USD
OECD.SDD.NAD:DSD_NASU@DF_VALUATION(2.0),A,USA,P2,C10,CPA08_C,XDC,O,V,T1634,2024,0.12,D,S1,D,F,2,A,6,USD
OECD.SDD.NAD:DSD_NASU@DF_VALUATION(2.0),A,USA,P2,C11,CPA08_C,XDC,O,V,T1634,2024,0.01,D,S1,D,F,2,A,6,USD
OECD.SDD.NAD:DSD_NASU@DF_VALUATION(2.0),A,USA,P2,C13T15,CPA08_C,XDC,O,V,T1634,2024,1.24,D,S1,D,F,2,A,6,USD
OECD.SDD.NAD:DSD_NASU@DF_VALUATION(2.0),A,USA,P2,C13,CPA08_C,XDC,O,V,T1634,2024,0.71,D,S1,D,F,2,A,6,USD
OECD.SDD.NAD:DSD_NASU@DF_VALUATION(2.0),A,USA,P2,C16,CPA08_C,XDC,O,V,T1634,2024,5.16,D,S1,D,F,2,A,6,USD
OECD.SDD.NAD:DSD_NASU@DF_VALUATION(2.0),A,USA,P2,C20,CPA08_C,XDC,O,V,T1634,2024,0.01,D,S1,D,F,2,A,6,USD
OECD.SDD.NAD:DSD_NASU@DF_VALUATION(2.0),A,USA,P2,C21,CPA08_C,XDC,O,V,T1634,2024,-1.78,D,S1,D,F,2,A,6,USD
OECD.SDD.NAD:DSD_NASU@DF_VALUATION(2.0),A,USA,P2,C22,CPA08_C,XDC,O,V,T1634,2024,0.01,D,S1,D,F,2,A,6,USD
OECD.SDD.NAD:DSD_NASU@DF_VALUATION(2.0),A,USA,P2,C25,CPA08_C,XDC,O,V,T1634,2024,0.09,D,S1,D,F,2,A,6,USD
OECD.SDD.NAD:DSD_NASU@DF_VALUATION(2.0),A,USA,P2,C26,CPA08_C,XDC,O,V,T1634,2024,4.14,D,S1,D,F,2,A,6,USD
OECD.SDD.NAD:DSD_NASU@DF_VALUATION(2.0),A,USA,P2,C27,CPA08_C,XDC,O,V,T1634,2024,0.06,D,S1,D,F,2,A,6,USD
OECD.SDD.NAD:DSD_NASU@DF_VALUATION(2.0),A,USA,P2,_T,CPA08_C,XDC,O,V,T1634,2024,24.33,D,S1,D,F,2,A,6,USD
OECD.SDD.NAD:DSD_NASU@DF_VALUATION(2.0),A,USA,P2,A,CPA08_C,XDC,O,V,T1634,2024,1.81,D,S1,D,F,2,A,6,USD
OECD.SDD.NAD:DSD_NASU@DF_VALUATION(2.0),A,USA,P2,A01,CPA08_C,XDC,O,V,T1634,2024,1.81,D,S1,D,F,2,A,6,USD
OECD.SDD.NAD:DSD_NASU@DF_VALUATION(2.0),A,USA,P2,A03,CPA08_C,XDC,O,V,T1634,2024,0,D,S1,D,F,2,A,6,USD
OECD.SDD.NAD:DSD_NASU@DF_VALUATION(2.0),A,USA,P2,C,CPA08_C,XDC,O,V,T1634,2024,10.16,D,S1,D,F,2,A,6,USD
OECD.SDD.NAD:DSD_NASU@DF_VALUATION(2.0),A,USA,P2,L68A,CPA08_C,XDC,O,V,T1634,2024,0,D,S1,D,F,2,A,6,USD
OECD.SDD.NAD:DSD_NASU@DF_VALUATION(2.0),A,USA,P2,M,CPA08_C,XDC,O,V,T1634,2024,-11.85,D,S1,D,F,2,A,6,USD
OECD.SDD.NAD:DSD_NASU@DF_VALUATION(2.0),A,USA,P5,_Z,CPA08_A01,XDC,O,V,T1634,2024,82.41,D,S1,D,F,2,A,6,USD
OECD.SDD.NAD:DSD_NASU@DF_VALUATION(2.0),A,USA,TU,_Z,CPA08_A01,XDC,O,V,T1634,2024,7035.66,D,S1,D,F,2,A,6,USD
OECD.SDD.NAD:DSD_NASU@DF_VALUATION(2.0),A,USA,P52,_Z,CPA08_A01,XDC,O,V,T1634,2024,82.41,D,S1,D,F,2,A,6,USD
OECD.SDD.NAD:DSD_NASU@DF_VALUATION(2.0),A,USA,P2,I,CPA08_A01,XDC,O,V,T1634,2024,0.75,D,S1,D,F,2,A,6,USD
OECD.SDD.NAD:DSD_NASU@DF_VALUATION(2.0),A,USA,P2,I55,CPA08_A01,XDC,O,V,T1634,2024,0.47,D,S1,D,F,2,A,6,USD
OECD.SDD.NAD:DSD_NASU@DF_VALUATION(2.0),A,USA,P2,I56,CPA08_A01,XDC,O,V,T1634,2024,0.28,D,S1,D,F,2,A,6,USD
OECD.SDD.NAD:DSD_NASU@DF_VALUATION(2.0),A,USA,P2,M69_70,CPA08_A01,XDC,O,V,T1634,2024,0.83,D,S1,D,F,2,A,6,USD
OECD.SDD.NAD:DSD_NASU@DF_VALUATION(2.0),A,USA,P2,F41,CPA08_C13,XDC,O,V,T1634,2024,0.69,D,S1,D,F,2,A,6,USD
OECD.SDD.NAD:DSD_NASU@DF_VALUATION(2.0),A,USA,P2,F42,CPA08_C13,XDC,O,V,T1634,2024,0.06,D,S1,D,F,2,A,6,USD
OECD.SDD.NAD:DSD_NASU@DF_VALUATION(2.0),A,USA,P2,G,CPA08_C13,XDC,O,V,T1634,2024,0.77,D,S1,D,F,2,A,6,USD
OECD.SDD.NAD:DSD_NASU@DF_VALUATION(2.0),A,USA,P2,G45,CPA08_C13,XDC,O,V,T1634,2024,0,D,S1,D,F,2,A,6,USD
OECD.SDD.NAD:DSD_NASU@DF_VALUATION(2.0),A,USA,P2,G46,CPA08_C13,XDC,O,V,T1634,2024,0.21,D,S1,D,F,2,A,6,USD
OECD.SDD.NAD:DSD_NASU@DF_VALUATION(2.0),A,USA,P2,G47,CPA08_C13,XDC,O,V,T1634,2024,0.56,D,S1,D,F,2,A,6,USD
OECD.SDD.NAD:DSD_NASU@DF_VALUATION(2.0),A,USA,P2,H,CPA08_C13,XDC,O,V,T1634,2024,0.11,D,S1,D,F,2,A,6,USD
OECD.SDD.NAD:DSD_NASU@DF_VALUATION(2.0),A,USA,P2,H50,CPA08_C13,XDC,O,V,T1634,2024,0.11,D,S1,D,F,2,A,6,USD
OECD.SDD.NAD:DSD_NASU@DF_VALUATION(2.0),A,USA,P2,I,CPA08_C13,XDC,O,V,T1634,2024,0.01,D,S1,D,F,2,A,6,USD
OECD.SDD.NAD:DSD_NASU@DF_VALUATION(2.0),A,USA,P2,I56,CPA08_C13,XDC,O,V,T1634,2024,0.01,D,S1,D,F,2,A,6,USD
OECD.SDD.NAD:DSD_NASU@DF_VALUATION(2.0),A,USA,P2,J61,CPA08_C13,XDC,O,V,T1634,2024,0.01,D,S1,D,F,2,A,6,USD
OECD.SDD.NAD:DSD_NASU@DF_VALUATION(2.0),A,USA,P2,J62_63,CPA08_C13,XDC,O,V,T1634,2024,0.02,D,S1,D,F,2,A,6,USD
OECD.SDD.NAD:DSD_NASU@DF_VALUATION(2.0),A,USA,P2,J63,CPA08_C13,XDC,O,V,T1634,2024,0.02,D,S1,D,F,2,A,6,USD
OECD.SDD.NAD:DSD_NASU@DF_VALUATION(2.0),A,USA,P2,L,CPA08_C13,XDC,O,V,T1634,2024,0,D,S1,D,F,2,A,6,USD
OECD.SDD.NAD:DSD_NASU@DF_VALUATION(2.0),A,USA,P2,L68A,CPA08_C13,XDC,O,V,T1634,2024,0,D,S1,D,F,2,A,6,USD
OECD.SDD.NAD:DSD_NASU@DF_VALUATION(2.0),A,USA,P2,M,CPA08_C13,XDC,O,V,T1634,2024,0.14,D,S1,D,F,2,A,6,USD
OECD.SDD.NAD:DSD_NASU@DF_VALUATION(2.0),A,USA,P2,M71,CPA08_C13,XDC,O,V,T1634,2024,0,D,S1,D,F,2,A,6,USD
OECD.SDD.NAD:DSD_NASU@DF_VALUATION(2.0),A,USA,P2,M72,CPA08_C13,XDC,O,V,T1634,2024,0.14,D,S1,D,F,2,A,6,USD
OECD.SDD.NAD:DSD_NASU@DF_VALUATION(2.0),A,USA,P2,M73,CPA08_C13,XDC,O,V,T1634,2024,0,D,S1,D,F,2,A,6,USD
OECD.SDD.NAD:DSD_NASU@DF_VALUATION(2.0),A,USA,P2,C11,CPA08_C13,XDC,O,V,T1634,2024,0.01,D,S1,D,F,2,A,6,USD
OECD.SDD.NAD:DSD_NASU@DF_VALUATION(2.0),A,USA,P2,C13T15,CPA08_C13,XDC,O,V,T1634,2024,1.24,D,S1,D,F,2,A,6,USD
OECD.SDD.NAD:DSD_NASU@DF_VALUATION(2.0),A,USA,P2,C13,CPA08_C13,XDC,O,V,T1634,2024,0.71,D,S1,D,F,2,A,6,USD
OECD.SDD.NAD:DSD_NASU@DF_VALUATION(2.0),A,USA,P2,C14,CPA08_C13,XDC,O,V,T1634,2024,0.53,D,S1,D,F,2,A,6,USD
OECD.SDD.NAD:DSD_NASU@DF_VALUATION(2.0),A,USA,P2,C16,CPA08_C13,XDC,O,V,T1634,2024,0.07,D,S1,D,F,2,A,6,USD
OECD.SDD.NAD:DSD_NASU@DF_VALUATION(2.0),A,USA,P2,C20,CPA08_C13,XDC,O,V,T1634,2024,0.01,D,S1,D,F,2,A,6,USD
OECD.SDD.NAD:DSD_NASU@DF_VALUATION(2.0),A,USA,P2,C22,CPA08_C13,XDC,O,V,T1634,2024,0.01,D,S1,D,F,2,A,6,USD
OECD.SDD.NAD:DSD_NASU@DF_VALUATION(2.0),A,USA,P2,C25,CPA08_C13,XDC,O,V,T1634,2024,0.09,D,S1,D,F,2,A,6,USD
OECD.SDD.NAD:DSD_NASU@DF_VALUATION(2.0),A,USA,P2,C27,CPA08_C13,XDC,O,V,T1634,2024,0,D,S1,D,F,2,A,6,USD
OECD.SDD.NAD:DSD_NASU@DF_VALUATION(2.0),A,USA,P2,E39,_T,XDC,O,V,T1634,2024,1.95,D,S1,D,F,2,A,6,USD
OECD.SDD.NAD:DSD_NASU@DF_VALUATION(2.0),A,USA,P2,F,_T,XDC,O,V,T1634,2024,210.11,D,S1,D,F,2,A,6,USD
OECD.SDD.NAD:DSD_NASU@DF_VALUATION(2.0),A,USA,P2,F41,_T,XDC,O,V,T1634,2024,169.36,D,S1,D,F,2,A,6,USD
OECD.SDD.NAD:DSD_NASU@DF_VALUATION(2.0),A,USA,P2,F42,_T,XDC,O,V,T1634,2024,40.75,D,S1,D,F,2,A,6,USD
OECD.SDD.NAD:DSD_NASU@DF_VALUATION(2.0),A,USA,P2,G,_T,XDC,O,V,T1634,2024,409.59,D,S1,D,F,2,A,6,USD
OECD.SDD.NAD:DSD_NASU@DF_VALUATION(2.0),A,USA,P2,Q86,CPA08_C13T15,XDC,O,V,T1634,2024,0.07,D,S1,D,F,2,A,6,USD
OECD.SDD.NAD:DSD_NASU@DF_VALUATION(2.0),A,USA,P2,Q87_88,CPA08_C13T15,XDC,O,V,T1634,2024,0.01,D,S1,D,F,2,A,6,USD
OECD.SDD.NAD:DSD_NASU@DF_VALUATION(2.0),A,USA,P2,Q87,CPA08_C13T15,XDC,O,V,T1634,2024,0,D,S1,D,F,2,A,6,USD
OECD.SDD.NAD:DSD_NASU@DF_VALUATION(2.0),A,USA,P2,Q88,CPA08_C13T15,XDC,O,V,T1634,2024,0.01,D,S1,D,F,2,A,6,USD
OECD.SDD.NAD:DSD_NASU@DF_VALUATION(2.0),A,USA,P2,R,CPA08_C13T15,XDC,O,V,T1634,2024,0,D,S1,D,F,2,A,6,USD
OECD.SDD.NAD:DSD_NASU@DF_VALUATION(2.0),A,USA,P2,R93,CPA08_C13T15,XDC,O,V,T1634,2024,0,D,S1,D,F,2,A,6,USD
OECD.SDD.NAD:DSD_NASU@DF_VALUATION(2.0),A,USA,P2,S,CPA08_C13T15,XDC,O,V,T1634,2024,0.22,D,S1,D,F,2,A,6,USD
OECD.SDD.NAD:DSD_NASU@DF_VALUATION(2.0),A,USA,P2,S94,CPA08_C13T15,XDC,O,V,T1634,2024,0.18,D,S1,D,F,2,A,6,USD
OECD.SDD.NAD:DSD_NASU@DF_VALUATION(2.0),A,USA,P2,S95,CPA08_C13T15,XDC,O,V,T1634,2024,0.02,D,S1,D,F,2,A,6,USD
OECD.SDD.NAD:DSD_NASU@DF_VALUATION(2.0),A,USA,P2,S96,CPA08_C13T15,XDC,O,V,T1634,2024,0.01,D,S1,D,F,2,A,6,USD
OECD.SDD.NAD:DSD_NASU@DF_VALUATION(2.0),A,USA,P3,_Z,CPA08_C13T15,XDC,O,V,T1634,2024,6.87,D,S1,D,F,2,A,6,USD
OECD.SDD.NAD:DSD_NASU@DF_VALUATION(2.0),A,USA,P5,_Z,CPA08_C13T15,XDC,O,V,T1634,2024,0.05,D,S1,D,F,2,A,6,USD
OECD.SDD.NAD:DSD_NASU@DF_VALUATION(2.0),A,USA,P51G,_Z,CPA08_C13T15,XDC,O,V,T1634,2024,0,D,S1,D,F,2,A,6,USD
OECD.SDD.NAD:DSD_NASU@DF_VALUATION(2.0),A,USA,P52,_Z,CPA08_C13T15,XDC,O,V,T1634,2024,0.04,D,S1,D,F,2,A,6,USD
OECD.SDD.NAD:DSD_NASU@DF_VALUATION(2.0),A,USA,TU,_Z,CPA08_C13T15,XDC,O,V,T1634,2024,19.99,D,S1,D,F,2,A,6,USD
OECD.SDD.NAD:DSD_NASU@DF_VALUATION(2.0),A,USA,P2,C13,CPA08_C13T15,XDC,O,V,T1634,2024,0.71,D,S1,D,F,2,A,6,USD
OECD.SDD.NAD:DSD_NASU@DF_VALUATION(2.0),A,USA,P2,C16,CPA08_C13T15,XDC,O,V,T1634,2024,0.07,D,S1,D,F,2,A,6,USD
OECD.SDD.NAD:DSD_NASU@DF_VALUATION(2.0),A,USA,P2,C25,CPA08_C13T15,XDC,O,V,T1634,2024,0.09,D,S1,D,F,2,A,6,USD
OECD.SDD.NAD:DSD_NASU@DF_VALUATION(2.0),A,USA,P2,E38,CPA08_C13T15,XDC,O,V,T1634,2024,0.01,D,S1,D,F,2,A,6,USD
OECD.SDD.NAD:DSD_NASU@DF_VALUATION(2.0),A,USA,P2,P,CPA08_C13T15,XDC,O,V,T1634,2024,0.31,D,S1,D,F,2,A,6,USD
OECD.SDD.NAD:DSD_NASU@DF_VALUATION(2.0),A,USA,P2,E37T39,CPA08_C13T15,XDC,O,V,T1634,2024,0.02,D,S1,D,F,2,A,6,USD
OECD.SDD.NAD:DSD_NASU@DF_VALUATION(2.0),A,USA,P2,E39,CPA08_C13T15,XDC,O,V,T1634,2024,0,D,S1,D,F,2,A,6,USD
OECD.SDD.NAD:DSD_NASU@DF_VALUATION(2.0),A,USA,P2,F,CPA08_C13T15,XDC,O,V,T1634,2024,0.75,D,S1,D,F,2,A,6,USD
OECD.SDD.NAD:DSD_NASU@DF_VALUATION(2.0),A,USA,P2,F41,CPA08_C13T15,XDC,O,V,T1634,2024,0.69,D,S1,D,F,2,A,6,USD
OECD.SDD.NAD:DSD_NASU@DF_VALUATION(2.0),A,USA,P2,F42,CPA08_C13T15,XDC,O,V,T1634,2024,0.06,D,S1,D,F,2,A,6,USD
OECD.SDD.NAD:DSD_NASU@DF_VALUATION(2.0),A,USA,P2,G,CPA08_C13T15,XDC,O,V,T1634,2024,0.77,D,S1,D,F,2,A,6,USD
OECD.SDD.NAD:DSD_NASU@DF_VALUATION(2.0),A,USA,P2,G45,CPA08_C13T15,XDC,O,V,T1634,2024,0,D,S1,D,F,2,A,6,USD
OECD.SDD.NAD:DSD_NASU@DF_VALUATION(2.0),A,USA,P2,G46,CPA08_C13T15,XDC,O,V,T1634,2024,0.21,D,S1,D,F,2,A,6,USD
OECD.SDD.NAD:DSD_NASU@DF_VALUATION(2.0),A,USA,P2,G47,CPA08_C13T15,XDC,O,V,T1634,2024,0.56,D,S1,D,F,2,A,6,USD
OECD.SDD.NAD:DSD_NASU@DF_VALUATION(2.0),A,USA,P2,H,CPA08_C13T15,XDC,O,V,T1634,2024,0.11,D,S1,D,F,2,A,6,USD
OECD.SDD.NAD:DSD_NASU@DF_VALUATION(2.0),A,USA,P2,H50,CPA08_C13T15,XDC,O,V,T1634,2024,0.11,D,S1,D,F,2,A,6,USD
OECD.SDD.NAD:DSD_NASU@DF_VALUATION(2.0),A,USA,P2,I,CPA08_C13T15,XDC,O,V,T1634,2024,0.01,D,S1,D,F,2,A,6,USD
OECD.SDD.NAD:DSD_NASU@DF_VALUATION(2.0),A,USA,P2,I56,CPA08_C13T15,XDC,O,V,T1634,2024,0.01,D,S1,D,F,2,A,6,USD
OECD.SDD.NAD:DSD_NASU@DF_VALUATION(2.0),A,USA,P2,J,CPA08_C13T15,XDC,O,V,T1634,2024,0.03,D,S1,D,F,2,A,6,USD
OECD.SDD.NAD:DSD_NASU@DF_VALUATION(2.0),A,USA,P2,J61,CPA08_C13T15,XDC,O,V,T1634,2024,0.01,D,S1,D,F,2,A,6,USD
OECD.SDD.NAD:DSD_NASU@DF_VALUATION(2.0),A,USA,P2,J62_63,CPA08_C13T15,XDC,O,V,T1634,2024,0.02,D,S1,D,F,2,A,6,USD
OECD.SDD.NAD:DSD_NASU@DF_VALUATION(2.0),A,USA,P2,J63,CPA08_C13T15,XDC,O,V,T1634,2024,0.02,D,S1,D,F,2,A,6,USD
OECD.SDD.NAD:DSD_NASU@DF_VALUATION(2.0),A,USA,P2,L,CPA08_C13T15,XDC,O,V,T1634,2024,0,D,S1,D,F,2,A,6,USD
OECD.SDD.NAD:DSD_NASU@DF_VALUATION(2.0),A,USA,P2,L68A,CPA08_C13T15,XDC,O,V,T1634,2024,0,D,S1,D,F,2,A,6,USD
OECD.SDD.NAD:DSD_NASU@DF_VALUATION(2.0),A,USA,P2,M,CPA08_C13T15,XDC,O,V,T1634,2024,0.14,D,S1,D,F,2,A,6,USD
OECD.SDD.NAD:DSD_NASU@DF_VALUATION(2.0),A,USA,P2,M71,CPA08_C13T15,XDC,O,V,T1634,2024,0,D,S1,D,F,2,A,6,USD
OECD.SDD.NAD:DSD_NASU@DF_VALUATION(2.0),A,USA,P2,M72,CPA08_C13T15,XDC,O,V,T1634,2024,0.14,D,S1,D,F,2,A,6,USD
OECD.SDD.NAD:DSD_NASU@DF_VALUATION(2.0),A,USA,P2,M73,CPA08_C13T15,XDC,O,V,T1634,2024,0,D,S1,D,F,2,A,6,USD
OECD.SDD.NAD:DSD_NASU@DF_VALUATION(2.0),A,USA,P2,N,CPA08_C13T15,XDC,O,V,T1634,2024,0.05,D,S1,D,F,2,A,6,USD
OECD.SDD.NAD:DSD_NASU@DF_VALUATION(2.0),A,USA,P2,N77,CPA08_C13T15,XDC,O,V,T1634,2024,0.02,D,S1,D,F,2,A,6,USD
OECD.SDD.NAD:DSD_NASU@DF_VALUATION(2.0),A,USA,P2,N80T82,CPA08_C13T15,XDC,O,V,T1634,2024,0.03,D,S1,D,F,2,A,6,USD
OECD.SDD.NAD:DSD_NASU@DF_VALUATION(2.0),A,USA,P2,C11,CPA08_C13T15,XDC,O,V,T1634,2024,0.01,D,S1,D,F,2,A,6,USD
OECD.SDD.NAD:DSD_NASU@DF_VALUATION(2.0),A,USA,P2,C13T15,CPA08_C13T15,XDC,O,V,T1634,2024,1.24,D,S1,D,F,2,A,6,USD
OECD.SDD.NAD:DSD_NASU@DF_VALUATION(2.0),A,USA,P2,C14,CPA08_C13T15,XDC,O,V,T1634,2024,0.53,D,S1,D,F,2,A,6,USD
OECD.SDD.NAD:DSD_NASU@DF_VALUATION(2.0),A,USA,P2,C20,CPA08_C13T15,XDC,O,V,T1634,2024,0.01,D,S1,D,F,2,A,6,USD
OECD.SDD.NAD:DSD_NASU@DF_VALUATION(2.0),A,USA,P2,C22,CPA08_C13T15,XDC,O,V,T1634,2024,0.01,D,S1,D,F,2,A,6,USD
OECD.SDD.NAD:DSD_NASU@DF_VALUATION(2.0),A,USA,P2,C27,CPA08_C13T15,XDC,O,V,T1634,2024,0,D,S1,D,F,2,A,6,USD
OECD.SDD.NAD:DSD_NASU@DF_VALUATION(2.0),A,USA,P2,C29,CPA08_C13T15,XDC,O,V,T1634,2024,0.43,D,S1,D,F,2,A,6,USD
OECD.SDD.NAD:DSD_NASU@DF_VALUATION(2.0),A,USA,P2,C30,CPA08_C13T15,XDC,O,V,T1634,2024,0.01,D,S1,D,F,2,A,6,USD
OECD.SDD.NAD:DSD_NASU@DF_VALUATION(2.0),A,USA,P2,C31_32,CPA08_C13T15,XDC,O,V,T1634,2024,0.55,D,S1,D,F,2,A,6,USD
OECD.SDD.NAD:DSD_NASU@DF_VALUATION(2.0),A,USA,P2,C31,CPA08_C13T15,XDC,O,V,T1634,2024,0.54,D,S1,D,F,2,A,6,USD
OECD.SDD.NAD:DSD_NASU@DF_VALUATION(2.0),A,USA,P2,C32,CPA08_C13T15,XDC,O,V,T1634,2024,0,D,S1,D,F,2,A,6,USD
OECD.SDD.NAD:DSD_NASU@DF_VALUATION(2.0),A,USA,P2,E,CPA08_C13T15,XDC,O,V,T1634,2024,0.02,D,S1,D,F,2,A,6,USD
OECD.SDD.NAD:DSD_NASU@DF_VALUATION(2.0),A,USA,P2,R91,CPA08_H,XDC,O,V,T1634,2024,0.12,D,S1,D,F,2,A,6,USD
OECD.SDD.NAD:DSD_NASU@DF_VALUATION(2.0),A,USA,P2,J61,CPA08_C27,XDC,O,V,T1634,2024,0.3,D,S1,D,F,2,A,6,USD
OECD.SDD.NAD:DSD_NASU@DF_VALUATION(2.0),A,USA,P2,O,CPA08_C27,XDC,O,V,T1634,2024,1.42,D,S1,D,F,2,A,6,USD
OECD.SDD.NAD:DSD_NASU@DF_VALUATION(2.0),A,USA,P2,Q,CPA08_C27,XDC,O,V,T1634,2024,1,D,S1,D,F,2,A,6,USD
OECD.SDD.NAD:DSD_NASU@DF_VALUATION(2.0),A,USA,P2,F41,CPA08_C,XDC,O,V,T1634,2024,0.69,D,S1,D,F,2,A,6,USD
OECD.SDD.NAD:DSD_NASU@DF_VALUATION(2.0),A,USA,P2,F42,CPA08_C,XDC,O,V,T1634,2024,0.53,D,S1,D,F,2,A,6,USD
OECD.SDD.NAD:DSD_NASU@DF_VALUATION(2.0),A,USA,P2,G,CPA08_C,XDC,O,V,T1634,2024,1.88,D,S1,D,F,2,A,6,USD
OECD.SDD.NAD:DSD_NASU@DF_VALUATION(2.0),A,USA,P2,G45,CPA08_C,XDC,O,V,T1634,2024,0,D,S1,D,F,2,A,6,USD
OECD.SDD.NAD:DSD_NASU@DF_VALUATION(2.0),A,USA,P2,G46,CPA08_C,XDC,O,V,T1634,2024,0.84,D,S1,D,F,2,A,6,USD
OECD.SDD.NAD:DSD_NASU@DF_VALUATION(2.0),A,USA,P2,G47,CPA08_C,XDC,O,V,T1634,2024,1.04,D,S1,D,F,2,A,6,USD
OECD.SDD.NAD:DSD_NASU@DF_VALUATION(2.0),A,USA,P2,H,CPA08_C,XDC,O,V,T1634,2024,0.19,D,S1,D,F,2,A,6,USD
OECD.SDD.NAD:DSD_NASU@DF_VALUATION(2.0),A,USA,P2,C28,CPA08_C27,XDC,O,V,T1634,2024,0.01,D,S1,D,F,2,A,6,USD
OECD.SDD.NAD:DSD_NASU@DF_VALUATION(2.0),A,USA,P2,C29,CPA08_C27,XDC,O,V,T1634,2024,0.03,D,S1,D,F,2,A,6,USD
OECD.SDD.NAD:DSD_NASU@DF_VALUATION(2.0),A,USA,P2,C33,CPA08_C27,XDC,O,V,T1634,2024,0.06,D,S1,D,F,2,A,6,USD
OECD.SDD.NAD:DSD_NASU@DF_VALUATION(2.0),A,USA,P2,F,CPA08_C27,XDC,O,V,T1634,2024,0.01,D,S1,D,F,2,A,6,USD
OECD.SDD.NAD:DSD_NASU@DF_VALUATION(2.0),A,USA,P2,F42,CPA08_C27,XDC,O,V,T1634,2024,0.01,D,S1,D,F,2,A,6,USD
OECD.SDD.NAD:DSD_NASU@DF_VALUATION(2.0),A,USA,P2,G,CPA08_C27,XDC,O,V,T1634,2024,0.68,D,S1,D,F,2,A,6,USD
OECD.SDD.NAD:DSD_NASU@DF_VALUATION(2.0),A,USA,P2,G46,CPA08_C27,XDC,O,V,T1634,2024,0.63,D,S1,D,F,2,A,6,USD
OECD.SDD.NAD:DSD_NASU@DF_VALUATION(2.0),A,USA,P2,G47,CPA08_C27,XDC,O,V,T1634,2024,0.05,D,S1,D,F,2,A,6,USD
OECD.SDD.NAD:DSD_NASU@DF_VALUATION(2.0),A,USA,P2,_T,CPA08_C27,XDC,O,V,T1634,2024,7.82,D,S1,D,F,2,A,6,USD
OECD.SDD.NAD:DSD_NASU@DF_VALUATION(2.0),A,USA,P2,A,CPA08_C27,XDC,O,V,T1634,2024,0,D,S1,D,F,2,A,6,USD
OECD.SDD.NAD:DSD_NASU@DF_VALUATION(2.0),A,USA,P2,A03,CPA08_C27,XDC,O,V,T1634,2024,0,D,S1,D,F,2,A,6,USD
OECD.SDD.NAD:DSD_NASU@DF_VALUATION(2.0),A,USA,P2,C,CPA08_C27,XDC,O,V,T1634,2024,4.33,D,S1,D,F,2,A,6,USD
OECD.SDD.NAD:DSD_NASU@DF_VALUATION(2.0),A,USA,P2,C10T12,CPA08_C27,XDC,O,V,T1634,2024,0.02,D,S1,D,F,2,A,6,USD
OECD.SDD.NAD:DSD_NASU@DF_VALUATION(2.0),A,USA,P2,H,CPA08_C27,XDC,O,V,T1634,2024,0.08,D,S1,D,F,2,A,6,USD
OECD.SDD.NAD:DSD_NASU@DF_VALUATION(2.0),A,USA,P2,H51,CPA08_C27,XDC,O,V,T1634,2024,0.08,D,S1,D,F,2,A,6,USD
OECD.SDD.NAD:DSD_NASU@DF_VALUATION(2.0),A,USA,P2,M75,CPA08_C21,XDC,O,V,T1634,2024,0.01,D,S1,D,F,2,A,6,USD
OECD.SDD.NAD:DSD_NASU@DF_VALUATION(2.0),A,USA,P2,O,CPA08_C21,XDC,O,V,T1634,2024,0.13,D,S1,D,F,2,A,6,USD
OECD.SDD.NAD:DSD_NASU@DF_VALUATION(2.0),A,USA,P2,P,CPA08_C21,XDC,O,V,T1634,2024,0,D,S1,D,F,2,A,6,USD
OECD.SDD.NAD:DSD_NASU@DF_VALUATION(2.0),A,USA,P2,Q,CPA08_C21,XDC,O,V,T1634,2024,15.31,D,S1,D,F,2,A,6,USD
OECD.SDD.NAD:DSD_NASU@DF_VALUATION(2.0),A,USA,P2,Q86,CPA08_C21,XDC,O,V,T1634,2024,12.31,D,S1,D,F,2,A,6,USD
OECD.SDD.NAD:DSD_NASU@DF_VALUATION(2.0),A,USA,P2,Q87_88,CPA08_C21,XDC,O,V,T1634,2024,3,D,S1,D,F,2,A,6,USD
OECD.SDD.NAD:DSD_NASU@DF_VALUATION(2.0),A,USA,P2,Q87,CPA08_C21,XDC,O,V,T1634,2024,2.94,D,S1,D,F,2,A,6,USD
OECD.SDD.NAD:DSD_NASU@DF_VALUATION(2.0),A,USA,P2,Q88,CPA08_C21,XDC,O,V,T1634,2024,0.06,D,S1,D,F,2,A,6,USD
OECD.SDD.NAD:DSD_NASU@DF_VALUATION(2.0),A,USA,P2,R,CPA08_C21,XDC,O,V,T1634,2024,0.72,D,S1,D,F,2,A,6,USD
OECD.SDD.NAD:DSD_NASU@DF_VALUATION(2.0),A,USA,P2,S,CPA08_C21,XDC,O,V,T1634,2024,0.1,D,S1,D,F,2,A,6,USD
OECD.SDD.NAD:DSD_NASU@DF_VALUATION(2.0),A,USA,P2,S96,CPA08_C21,XDC,O,V,T1634,2024,0.1,D,S1,D,F,2,A,6,USD
OECD.SDD.NAD:DSD_NASU@DF_VALUATION(2.0),A,USA,P5,_Z,CPA08_C21,XDC,O,V,T1634,2024,0.16,D,S1,D,F,2,A,6,USD
OECD.SDD.NAD:DSD_NASU@DF_VALUATION(2.0),A,USA,TU,_Z,CPA08_C21,XDC,O,V,T1634,2024,49.78,D,S1,D,F,2,A,6,USD
OECD.SDD.NAD:DSD_NASU@DF_VALUATION(2.0),A,USA,P52,_Z,CPA08_C21,XDC,O,V,T1634,2024,0.16,D,S1,D,F,2,A,6,USD
OECD.SDD.NAD:DSD_NASU@DF_VALUATION(2.0),A,USA,P2,C,CPA08_C21,XDC,O,V,T1634,2024,3.38,D,S1,D,F,2,A,6,USD
OECD.SDD.NAD:DSD_NASU@DF_VALUATION(2.0),A,USA,P2,G,CPA08_C21,XDC,O,V,T1634,2024,0.43,D,S1,D,F,2,A,6,USD
OECD.SDD.NAD:DSD_NASU@DF_VALUATION(2.0),A,USA,P2,R90T92,CPA08_C21,XDC,O,V,T1634,2024,0.35,D,S1,D,F,2,A,6,USD
OECD.SDD.NAD:DSD_NASU@DF_VALUATION(2.0),A,USA,P2,R91,CPA08_C21,XDC,O,V,T1634,2024,0.35,D,S1,D,F,2,A,6,USD
OECD.SDD.NAD:DSD_NASU@DF_VALUATION(2.0),A,USA,P2,R93,CPA08_C21,XDC,O,V,T1634,2024,0.36,D,S1,D,F,2,A,6,USD
OECD.SDD.NAD:DSD_NASU@DF_VALUATION(2.0),A,USA,P2,C10,CPA08_C21,XDC,O,V,T1634,2024,0.08,D,S1,D,F,2,A,6,USD
OECD.SDD.NAD:DSD_NASU@DF_VALUATION(2.0),A,USA,P2,C16,CPA08_C21,XDC,O,V,T1634,2024,5.09,D,S1,D,F,2,A,6,USD
OECD.SDD.NAD:DSD_NASU@DF_VALUATION(2.0),A,USA,P2,C21,CPA08_C21,XDC,O,V,T1634,2024,-1.78,D,S1,D,F,2,A,6,USD
OECD.SDD.NAD:DSD_NASU@DF_VALUATION(2.0),A,USA,P2,F,CPA08_C21,XDC,O,V,T1634,2024,0.46,D,S1,D,F,2,A,6,USD
OECD.SDD.NAD:DSD_NASU@DF_VALUATION(2.0),A,USA,P2,F42,CPA08_C21,XDC,O,V,T1634,2024,0.46,D,S1,D,F,2,A,6,USD
OECD.SDD.NAD:DSD_NASU@DF_VALUATION(2.0),A,USA,P2,G46,CPA08_C21,XDC,O,V,T1634,2024,0,D,S1,D,F,2,A,6,USD
OECD.SDD.NAD:DSD_NASU@DF_VALUATION(2.0),A,USA,P2,G47,CPA08_C21,XDC,O,V,T1634,2024,0.43,D,S1,D,F,2,A,6,USD
OECD.SDD.NAD:DSD_NASU@DF_VALUATION(2.0),A,USA,P2,H,CPA08_C21,XDC,O,V,T1634,2024,0,D,S1,D,F,2,A,6,USD
OECD.SDD.NAD:DSD_NASU@DF_VALUATION(2.0),A,USA,P2,H49,CPA08_C21,XDC,O,V,T1634,2024,0,D,S1,D,F,2,A,6,USD
OECD.SDD.NAD:DSD_NASU@DF_VALUATION(2.0),A,USA,P2,M,CPA08_C21,XDC,O,V,T1634,2024,-11.99,D,S1,D,F,2,A,6,USD
OECD.SDD.NAD:DSD_NASU@DF_VALUATION(2.0),A,USA,P2,M69_70,CPA08_C21,XDC,O,V,T1634,2024,-0.71,D,S1,D,F,2,A,6,USD
OECD.SDD.NAD:DSD_NASU@DF_VALUATION(2.0),A,USA,P2,M70,CPA08_C21,XDC,O,V,T1634,2024,-0.71,D,S1,D,F,2,A,6,USD
OECD.SDD.NAD:DSD_NASU@DF_VALUATION(2.0),A,USA,P2,_T,CPA08_C21,XDC,O,V,T1634,2024,10.36,D,S1,D,F,2,A,6,USD
OECD.SDD.NAD:DSD_NASU@DF_VALUATION(2.0),A,USA,P2,A,CPA08_C21,XDC,O,V,T1634,2024,1.81,D,S1,D,F,2,A,6,USD
OECD.SDD.NAD:DSD_NASU@DF_VALUATION(2.0),A,USA,P2,A01,CPA08_C21,XDC,O,V,T1634,2024,1.81,D,S1,D,F,2,A,6,USD
OECD.SDD.NAD:DSD_NASU@DF_VALUATION(2.0),A,USA,P2,C10T12,CPA08_C21,XDC,O,V,T1634,2024,0.08,D,S1,D,F,2,A,6,USD
OECD.SDD.NAD:DSD_NASU@DF_VALUATION(2.0),A,USA,P2,M71,CPA08_C21,XDC,O,V,T1634,2024,1.26,D,S1,D,F,2,A,6,USD
OECD.SDD.NAD:DSD_NASU@DF_VALUATION(2.0),A,USA,P2,M72,CPA08_C21,XDC,O,V,T1634,2024,-12.54,D,S1,D,F,2,A,6,USD
OECD.SDD.NAD:DSD_NASU@DF_VALUATION(2.0),A,USA,P2,O,CPA08_C13,XDC,O,V,T1634,2024,1.21,D,S1,D,F,2,A,6,USD
OECD.SDD.NAD:DSD_NASU@DF_VALUATION(2.0),A,USA,P2,P,CPA08_C13,XDC,O,V,T1634,2024,0.31,D,S1,D,F,2,A,6,USD
OECD.SDD.NAD:DSD_NASU@DF_VALUATION(2.0),A,USA,P2,Q,CPA08_C13,XDC,O,V,T1634,2024,0.08,D,S1,D,F,2,A,6,USD
OECD.SDD.NAD:DSD_NASU@DF_VALUATION(2.0),A,USA,P2,Q87_88,CPA08_C13,XDC,O,V,T1634,2024,0.01,D,S1,D,F,2,A,6,USD
OECD.SDD.NAD:DSD_NASU@DF_VALUATION(2.0),A,USA,P2,Q87,CPA08_C13,XDC,O,V,T1634,2024,0,D,S1,D,F,2,A,6,USD
OECD.SDD.NAD:DSD_NASU@DF_VALUATION(2.0),A,USA,P2,Q88,CPA08_C13,XDC,O,V,T1634,2024,0.01,D,S1,D,F,2,A,6,USD
OECD.SDD.NAD:DSD_NASU@DF_VALUATION(2.0),A,USA,P2,R,CPA08_C13,XDC,O,V,T1634,2024,0,D,S1,D,F,2,A,6,USD
OECD.SDD.NAD:DSD_NASU@DF_VALUATION(2.0),A,USA,P2,R93,CPA08_C13,XDC,O,V,T1634,2024,0,D,S1,D,F,2,A,6,USD
OECD.SDD.NAD:DSD_NASU@DF_VALUATION(2.0),A,USA,P2,S,CPA08_C13,XDC,O,V,T1634,2024,0.22,D,S1,D,F,2,A,6,USD
OECD.SDD.NAD:DSD_NASU@DF_VALUATION(2.0),A,USA,P2,S94,CPA08_C13,XDC,O,V,T1634,2024,0.18,D,S1,D,F,2,A,6,USD
OECD.SDD.NAD:DSD_NASU@DF_VALUATION(2.0),A,USA,P2,S95,CPA08_C13,XDC,O,V,T1634,2024,0.02,D,S1,D,F,2,A,6,USD
OECD.SDD.NAD:DSD_NASU@DF_VALUATION(2.0),A,USA,P2,S96,CPA08_C13,XDC,O,V,T1634,2024,0.01,D,S1,D,F,2,A,6,USD
OECD.SDD.NAD:DSD_NASU@DF_VALUATION(2.0),A,USA,P3,_Z,CPA08_C13,XDC,O,V,T1634,2024,6.87,D,S1,D,F,2,A,6,USD
OECD.SDD.NAD:DSD_NASU@DF_VALUATION(2.0),A,USA,P5,_Z,CPA08_C13,XDC,O,V,T1634,2024,0.05,D,S1,D,F,2,A,6,USD
OECD.SDD.NAD:DSD_NASU@DF_VALUATION(2.0),A,USA,P51G,_Z,CPA08_C13,XDC,O,V,T1634,2024,0,D,S1,D,F,2,A,6,USD
OECD.SDD.NAD:DSD_NASU@DF_VALUATION(2.0),A,USA,P52,_Z,CPA08_C13,XDC,O,V,T1634,2024,0.04,D,S1,D,F,2,A,6,USD
OECD.SDD.NAD:DSD_NASU@DF_VALUATION(2.0),A,USA,TU,_Z,CPA08_C13,XDC,O,V,T1634,2024,19.99,D,S1,D,F,2,A,6,USD
OECD.SDD.NAD:DSD_NASU@DF_VALUATION(2.0),A,USA,P2,J,CPA08_C13,XDC,O,V,T1634,2024,0.03,D,S1,D,F,2,A,6,USD
OECD.SDD.NAD:DSD_NASU@DF_VALUATION(2.0),A,USA,P2,N80T82,CPA08_C13,XDC,O,V,T1634,2024,0.03,D,S1,D,F,2,A,6,USD
OECD.SDD.NAD:DSD_NASU@DF_VALUATION(2.0),A,USA,P2,Q86,CPA08_C13,XDC,O,V,T1634,2024,0.07,D,S1,D,F,2,A,6,USD
OECD.SDD.NAD:DSD_NASU@DF_VALUATION(2.0),A,USA,P2,C31,CPA08_C13,XDC,O,V,T1634,2024,0.54,D,S1,D,F,2,A,6,USD
OECD.SDD.NAD:DSD_NASU@DF_VALUATION(2.0),A,USA,P2,C32,CPA08_C13,XDC,O,V,T1634,2024,0,D,S1,D,F,2,A,6,USD
OECD.SDD.NAD:DSD_NASU@DF_VALUATION(2.0),A,USA,P2,E,CPA08_C13,XDC,O,V,T1634,2024,0.02,D,S1,D,F,2,A,6,USD
OECD.SDD.NAD:DSD_NASU@DF_VALUATION(2.0),A,USA,P2,E37T39,CPA08_C13,XDC,O,V,T1634,2024,0.02,D,S1,D,F,2,A,6,USD
OECD.SDD.NAD:DSD_NASU@DF_VALUATION(2.0),A,USA,P2,E38,CPA08_C13,XDC,O,V,T1634,2024,0.01,D,S1,D,F,2,A,6,USD
OECD.SDD.NAD:DSD_NASU@DF_VALUATION(2.0),A,USA,P2,E39,CPA08_C13,XDC,O,V,T1634,2024,0,D,S1,D,F,2,A,6,USD
OECD.SDD.NAD:DSD_NASU@DF_VALUATION(2.0),A,USA,P2,F,CPA08_C13,XDC,O,V,T1634,2024,0.75,D,S1,D,F,2,A,6,USD
OECD.SDD.NAD:DSD_NASU@DF_VALUATION(2.0),A,USA,P2,H,CPA08_H,XDC,O,V,T1634,2024,312.6,D,S1,D,F,2,A,6,USD
OECD.SDD.NAD:DSD_NASU@DF_VALUATION(2.0),A,USA,P2,H49,CPA08_H,XDC,O,V,T1634,2024,247.02,D,S1,D,F,2,A,6,USD
OECD.SDD.NAD:DSD_NASU@DF_VALUATION(2.0),A,USA,P2,H50,CPA08_H,XDC,O,V,T1634,2024,2.05,D,S1,D,F,2,A,6,USD
OECD.SDD.NAD:DSD_NASU@DF_VALUATION(2.0),A,USA,P2,H51,CPA08_H,XDC,O,V,T1634,2024,8.43,D,S1,D,F,2,A,6,USD
OECD.SDD.NAD:DSD_NASU@DF_VALUATION(2.0),A,USA,P2,H52,CPA08_H,XDC,O,V,T1634,2024,15.54,D,S1,D,F,2,A,6,USD
OECD.SDD.NAD:DSD_NASU@DF_VALUATION(2.0),A,USA,P2,I,CPA08_H,XDC,O,V,T1634,2024,74.66,D,S1,D,F,2,A,6,USD
OECD.SDD.NAD:DSD_NASU@DF_VALUATION(2.0),A,USA,P2,I55,CPA08_H,XDC,O,V,T1634,2024,5.94,D,S1,D,F,2,A,6,USD
OECD.SDD.NAD:DSD_NASU@DF_VALUATION(2.0),A,USA,P2,I56,CPA08_H,XDC,O,V,T1634,2024,68.72,D,S1,D,F,2,A,6,USD
OECD.SDD.NAD:DSD_NASU@DF_VALUATION(2.0),A,USA,P2,J,CPA08_H,XDC,O,V,T1634,2024,65.78,D,S1,D,F,2,A,6,USD
OECD.SDD.NAD:DSD_NASU@DF_VALUATION(2.0),A,USA,P2,J58,CPA08_H,XDC,O,V,T1634,2024,1.49,D,S1,D,F,2,A,6,USD
OECD.SDD.NAD:DSD_NASU@DF_VALUATION(2.0),A,USA,P2,J59_60,CPA08_H,XDC,O,V,T1634,2024,0.75,D,S1,D,F,2,A,6,USD
OECD.SDD.NAD:DSD_NASU@DF_VALUATION(2.0),A,USA,P2,J59,CPA08_H,XDC,O,V,T1634,2024,0.43,D,S1,D,F,2,A,6,USD
OECD.SDD.NAD:DSD_NASU@DF_VALUATION(2.0),A,USA,P2,J60,CPA08_H,XDC,O,V,T1634,2024,0.32,D,S1,D,F,2,A,6,USD
OECD.SDD.NAD:DSD_NASU@DF_VALUATION(2.0),A,USA,P2,J61,CPA08_H,XDC,O,V,T1634,2024,54.62,D,S1,D,F,2,A,6,USD
OECD.SDD.NAD:DSD_NASU@DF_VALUATION(2.0),A,USA,P2,J62_63,CPA08_H,XDC,O,V,T1634,2024,8.92,D,S1,D,F,2,A,6,USD
OECD.SDD.NAD:DSD_NASU@DF_VALUATION(2.0),A,USA,P2,J62,CPA08_H,XDC,O,V,T1634,2024,4.16,D,S1,D,F,2,A,6,USD
OECD.SDD.NAD:DSD_NASU@DF_VALUATION(2.0),A,USA,P2,J63,CPA08_H,XDC,O,V,T1634,2024,4.76,D,S1,D,F,2,A,6,USD
OECD.SDD.NAD:DSD_NASU@DF_VALUATION(2.0),A,USA,P2,K64,CPA08_H,XDC,O,V,T1634,2024,10.06,D,S1,D,F,2,A,6,USD
OECD.SDD.NAD:DSD_NASU@DF_VALUATION(2.0),A,USA,P2,K65,CPA08_H,XDC,O,V,T1634,2024,199.93,D,S1,D,F,2,A,6,USD
OECD.SDD.NAD:DSD_NASU@DF_VALUATION(2.0),A,USA,P2,K66,CPA08_H,XDC,O,V,T1634,2024,0.42,D,S1,D,F,2,A,6,USD
OECD.SDD.NAD:DSD_NASU@DF_VALUATION(2.0),A,USA,P2,L,CPA08_H,XDC,O,V,T1634,2024,27.97,D,S1,D,F,2,A,6,USD
OECD.SDD.NAD:DSD_NASU@DF_VALUATION(2.0),A,USA,P2,L68A,CPA08_H,XDC,O,V,T1634,2024,4.77,D,S1,D,F,2,A,6,USD
OECD.SDD.NAD:DSD_NASU@DF_VALUATION(2.0),A,USA,P2,L68B,CPA08_H,XDC,O,V,T1634,2024,23.2,D,S1,D,F,2,A,6,USD
OECD.SDD.NAD:DSD_NASU@DF_VALUATION(2.0),A,USA,P2,M,CPA08_H,XDC,O,V,T1634,2024,191.88,D,S1,D,F,2,A,6,USD
OECD.SDD.NAD:DSD_NASU@DF_VALUATION(2.0),A,USA,P2,M69_70,CPA08_H,XDC,O,V,T1634,2024,158.71,D,S1,D,F,2,A,6,USD
OECD.SDD.NAD:DSD_NASU@DF_VALUATION(2.0),A,USA,P2,M69,CPA08_H,XDC,O,V,T1634,2024,3.56,D,S1,D,F,2,A,6,USD
OECD.SDD.NAD:DSD_NASU@DF_VALUATION(2.0),A,USA,P2,M70,CPA08_H,XDC,O,V,T1634,2024,155.15,D,S1,D,F,2,A,6,USD
OECD.SDD.NAD:DSD_NASU@DF_VALUATION(2.0),A,USA,P2,M71,CPA08_H,XDC,O,V,T1634,2024,14.57,D,S1,D,F,2,A,6,USD
OECD.SDD.NAD:DSD_NASU@DF_VALUATION(2.0),A,USA,P2,M72,CPA08_H,XDC,O,V,T1634,2024,10.28,D,S1,D,F,2,A,6,USD
OECD.SDD.NAD:DSD_NASU@DF_VALUATION(2.0),A,USA,P2,M73,CPA08_H,XDC,O,V,T1634,2024,2.51,D,S1,D,F,2,A,6,USD
OECD.SDD.NAD:DSD_NASU@DF_VALUATION(2.0),A,USA,P2,M74_75,CPA08_H,XDC,O,V,T1634,2024,5.81,D,S1,D,F,2,A,6,USD
OECD.SDD.NAD:DSD_NASU@DF_VALUATION(2.0),A,USA,P2,M74,CPA08_H,XDC,O,V,T1634,2024,4.73,D,S1,D,F,2,A,6,USD
OECD.SDD.NAD:DSD_NASU@DF_VALUATION(2.0),A,USA,P2,M75,CPA08_H,XDC,O,V,T1634,2024,1.07,D,S1,D,F,2,A,6,USD
OECD.SDD.NAD:DSD_NASU@DF_VALUATION(2.0),A,USA,P2,N,CPA08_H,XDC,O,V,T1634,2024,98.47,D,S1,D,F,2,A,6,USD
OECD.SDD.NAD:DSD_NASU@DF_VALUATION(2.0),A,USA,P2,N77,CPA08_H,XDC,O,V,T1634,2024,6.87,D,S1,D,F,2,A,6,USD
OECD.SDD.NAD:DSD_NASU@DF_VALUATION(2.0),A,USA,P2,N78,CPA08_H,XDC,O,V,T1634,2024,2.35,D,S1,D,F,2,A,6,USD
OECD.SDD.NAD:DSD_NASU@DF_VALUATION(2.0),A,USA,P2,N80T82,CPA08_H,XDC,O,V,T1634,2024,87.35,D,S1,D,F,2,A,6,USD
OECD.SDD.NAD:DSD_NASU@DF_VALUATION(2.0),A,USA,P2,N80,CPA08_H,XDC,O,V,T1634,2024,0.81,D,S1,D,F,2,A,6,USD
OECD.SDD.NAD:DSD_NASU@DF_VALUATION(2.0),A,USA,P2,N81,CPA08_H,XDC,O,V,T1634,2024,27.29,D,S1,D,F,2,A,6,USD
OECD.SDD.NAD:DSD_NASU@DF_VALUATION(2.0),A,USA,P2,N82,CPA08_H,XDC,O,V,T1634,2024,59.25,D,S1,D,F,2,A,6,USD
OECD.SDD.NAD:DSD_NASU@DF_VALUATION(2.0),A,USA,P2,O,CPA08_H,XDC,O,V,T1634,2024,939.12,D,S1,D,F,2,A,6,USD
OECD.SDD.NAD:DSD_NASU@DF_VALUATION(2.0),A,USA,P2,P,CPA08_H,XDC,O,V,T1634,2024,569.49,D,S1,D,F,2,A,6,USD
OECD.SDD.NAD:DSD_NASU@DF_VALUATION(2.0),A,USA,P2,Q86,CPA08_H,XDC,O,V,T1634,2024,48.39,D,S1,D,F,2,A,6,USD
OECD.SDD.NAD:DSD_NASU@DF_VALUATION(2.0),A,USA,P2,Q87_88,CPA08_H,XDC,O,V,T1634,2024,14.21,D,S1,D,F,2,A,6,USD
OECD.SDD.NAD:DSD_NASU@DF_VALUATION(2.0),A,USA,P2,Q87,CPA08_H,XDC,O,V,T1634,2024,3.94,D,S1,D,F,2,A,6,USD
OECD.SDD.NAD:DSD_NASU@DF_VALUATION(2.0),A,USA,P2,Q88,CPA08_H,XDC,O,V,T1634,2024,10.28,D,S1,D,F,2,A,6,USD
OECD.SDD.NAD:DSD_NASU@DF_VALUATION(2.0),A,USA,P2,R,CPA08_H,XDC,O,V,T1634,2024,5.58,D,S1,D,F,2,A,6,USD
OECD.SDD.NAD:DSD_NASU@DF_VALUATION(2.0),A,USA,P2,R90T92,CPA08_H,XDC,O,V,T1634,2024,1.37,D,S1,D,F,2,A,6,USD
OECD.SDD.NAD:DSD_NASU@DF_VALUATION(2.0),A,USA,P2,C15,CPA08_H,XDC,O,V,T1634,2024,0.09,D,S1,D,F,2,A,6,USD
OECD.SDD.NAD:DSD_NASU@DF_VALUATION(2.0),A,USA,P2,C16,CPA08_H,XDC,O,V,T1634,2024,53,D,S1,D,F,2,A,6,USD
OECD.SDD.NAD:DSD_NASU@DF_VALUATION(2.0),A,USA,P2,C17,CPA08_H,XDC,O,V,T1634,2024,130.7,D,S1,D,F,2,A,6,USD
OECD.SDD.NAD:DSD_NASU@DF_VALUATION(2.0),A,USA,P2,C18,CPA08_H,XDC,O,V,T1634,2024,6.36,D,S1,D,F,2,A,6,USD
OECD.SDD.NAD:DSD_NASU@DF_VALUATION(2.0),A,USA,P2,C20,CPA08_H,XDC,O,V,T1634,2024,240.36,D,S1,D,F,2,A,6,USD
OECD.SDD.NAD:DSD_NASU@DF_VALUATION(2.0),A,USA,P2,C21,CPA08_H,XDC,O,V,T1634,2024,0.62,D,S1,D,F,2,A,6,USD
OECD.SDD.NAD:DSD_NASU@DF_VALUATION(2.0),A,USA,P2,C22,CPA08_H,XDC,O,V,T1634,2024,104.56,D,S1,D,F,2,A,6,USD
OECD.SDD.NAD:DSD_NASU@DF_VALUATION(2.0),A,USA,P2,C23,CPA08_H,XDC,O,V,T1634,2024,140.86,D,S1,D,F,2,A,6,USD
OECD.SDD.NAD:DSD_NASU@DF_VALUATION(2.0),A,USA,P2,C24,CPA08_H,XDC,O,V,T1634,2024,184.19,D,S1,D,F,2,A,6,USD
OECD.SDD.NAD:DSD_NASU@DF_VALUATION(2.0),A,USA,P2,C25,CPA08_H,XDC,O,V,T1634,2024,72.35,D,S1,D,F,2,A,6,USD
OECD.SDD.NAD:DSD_NASU@DF_VALUATION(2.0),A,USA,P2,C27,CPA08_H,XDC,O,V,T1634,2024,22.56,D,S1,D,F,2,A,6,USD
OECD.SDD.NAD:DSD_NASU@DF_VALUATION(2.0),A,USA,P2,C28,CPA08_H,XDC,O,V,T1634,2024,26.08,D,S1,D,F,2,A,6,USD
OECD.SDD.NAD:DSD_NASU@DF_VALUATION(2.0),A,USA,P2,C29,CPA08_H,XDC,O,V,T1634,2024,58.34,D,S1,D,F,2,A,6,USD
OECD.SDD.NAD:DSD_NASU@DF_VALUATION(2.0),A,USA,P2,C30,CPA08_H,XDC,O,V,T1634,2024,12.09,D,S1,D,F,2,A,6,USD
OECD.SDD.NAD:DSD_NASU@DF_VALUATION(2.0),A,USA,P2,C31_32,CPA08_H,XDC,O,V,T1634,2024,21.97,D,S1,D,F,2,A,6,USD
OECD.SDD.NAD:DSD_NASU@DF_VALUATION(2.0),A,USA,P2,C31,CPA08_H,XDC,O,V,T1634,2024,13.45,D,S1,D,F,2,A,6,USD
OECD.SDD.NAD:DSD_NASU@DF_VALUATION(2.0),A,USA,P2,C32,CPA08_H,XDC,O,V,T1634,2024,8.52,D,S1,D,F,2,A,6,USD
OECD.SDD.NAD:DSD_NASU@DF_VALUATION(2.0),A,USA,P2,C33,CPA08_H,XDC,O,V,T1634,2024,1.44,D,S1,D,F,2,A,6,USD
OECD.SDD.NAD:DSD_NASU@DF_VALUATION(2.0),A,USA,P2,D,CPA08_H,XDC,O,V,T1634,2024,257.9,D,S1,D,F,2,A,6,USD
OECD.SDD.NAD:DSD_NASU@DF_VALUATION(2.0),A,USA,P2,E36,CPA08_H,XDC,O,V,T1634,2024,2.12,D,S1,D,F,2,A,6,USD
OECD.SDD.NAD:DSD_NASU@DF_VALUATION(2.0),A,USA,P2,E37T39,CPA08_H,XDC,O,V,T1634,2024,4.09,D,S1,D,F,2,A,6,USD
OECD.SDD.NAD:DSD_NASU@DF_VALUATION(2.0),A,USA,P2,E37,CPA08_H,XDC,O,V,T1634,2024,0.37,D,S1,D,F,2,A,6,USD
OECD.SDD.NAD:DSD_NASU@DF_VALUATION(2.0),A,USA,P2,E38,CPA08_H,XDC,O,V,T1634,2024,2.96,D,S1,D,F,2,A,6,USD
OECD.SDD.NAD:DSD_NASU@DF_VALUATION(2.0),A,USA,P2,E39,CPA08_H,XDC,O,V,T1634,2024,0.76,D,S1,D,F,2,A,6,USD
OECD.SDD.NAD:DSD_NASU@DF_VALUATION(2.0),A,USA,P2,F41,CPA08_H,XDC,O,V,T1634,2024,138.02,D,S1,D,F,2,A,6,USD
OECD.SDD.NAD:DSD_NASU@DF_VALUATION(2.0),A,USA,P2,B05,CPA08_H,XDC,O,V,T1634,2024,26.15,D,S1,D,F,2,A,6,USD
OECD.SDD.NAD:DSD_NASU@DF_VALUATION(2.0),A,USA,P2,B07,CPA08_H,XDC,O,V,T1634,2024,3.42,D,S1,D,F,2,A,6,USD
OECD.SDD.NAD:DSD_NASU@DF_VALUATION(2.0),A,USA,P2,B09,CPA08_H,XDC,O,V,T1634,2024,7.09,D,S1,D,F,2,A,6,USD
OECD.SDD.NAD:DSD_NASU@DF_VALUATION(2.0),A,USA,P2,C,CPA08_H,XDC,O,V,T1634,2024,1506.39,D,S1,D,F,2,A,6,USD
OECD.SDD.NAD:DSD_NASU@DF_VALUATION(2.0),A,USA,P2,C10T12,CPA08_H,XDC,O,V,T1634,2024,366.99,D,S1,D,F,2,A,6,USD
OECD.SDD.NAD:DSD_NASU@DF_VALUATION(2.0),A,USA,P2,C10,CPA08_H,XDC,O,V,T1634,2024,347.33,D,S1,D,F,2,A,6,USD
OECD.SDD.NAD:DSD_NASU@DF_VALUATION(2.0),A,USA,P2,C11,CPA08_H,XDC,O,V,T1634,2024,12.86,D,S1,D,F,2,A,6,USD
OECD.SDD.NAD:DSD_NASU@DF_VALUATION(2.0),A,USA,P2,C12,CPA08_H,XDC,O,V,T1634,2024,6.8,D,S1,D,F,2,A,6,USD
OECD.SDD.NAD:DSD_NASU@DF_VALUATION(2.0),A,USA,P2,C13T15,CPA08_H,XDC,O,V,T1634,2024,3.8,D,S1,D,F,2,A,6,USD
OECD.SDD.NAD:DSD_NASU@DF_VALUATION(2.0),A,USA,P2,C13,CPA08_H,XDC,O,V,T1634,2024,3.62,D,S1,D,F,2,A,6,USD
OECD.SDD.NAD:DSD_NASU@DF_VALUATION(2.0),A,USA,P2,C14,CPA08_H,XDC,O,V,T1634,2024,0.09,D,S1,D,F,2,A,6,USD
OECD.SDD.NAD:DSD_NASU@DF_VALUATION(2.0),A,USA,P2,_T,CPA08_H,XDC,O,V,T1634,2024,4744.7,D,S1,D,F,2,A,6,USD
OECD.SDD.NAD:DSD_NASU@DF_VALUATION(2.0),A,USA,P2,A01,CPA08_H,XDC,O,V,T1634,2024,124.85,D,S1,D,F,2,A,6,USD
OECD.SDD.NAD:DSD_NASU@DF_VALUATION(2.0),A,USA,P2,A02,CPA08_H,XDC,O,V,T1634,2024,0.48,D,S1,D,F,2,A,6,USD
OECD.SDD.NAD:DSD_NASU@DF_VALUATION(2.0),A,USA,P2,A03,CPA08_H,XDC,O,V,T1634,2024,0.05,D,S1,D,F,2,A,6,USD
OECD.SDD.NAD:DSD_NASU@DF_VALUATION(2.0),A,USA,P2,R90,CPA08_H,XDC,O,V,T1634,2024,0.62,D,S1,D,F,2,A,6,USD
OECD.SDD.NAD:DSD_NASU@DF_VALUATION(2.0),A,USA,P2,M69_70,CPA08_H49,XDC,O,V,T1634,2024,157.22,D,S1,D,F,2,A,6,USD
OECD.SDD.NAD:DSD_NASU@DF_VALUATION(2.0),A,USA,P2,M69,CPA08_H49,XDC,O,V,T1634,2024,2.79,D,S1,D,F,2,A,6,USD
OECD.SDD.NAD:DSD_NASU@DF_VALUATION(2.0),A,USA,P2,M70,CPA08_H49,XDC,O,V,T1634,2024,154.43,D,S1,D,F,2,A,6,USD
OECD.SDD.NAD:DSD_NASU@DF_VALUATION(2.0),A,USA,P2,M71,CPA08_H49,XDC,O,V,T1634,2024,13.9,D,S1,D,F,2,A,6,USD
OECD.SDD.NAD:DSD_NASU@DF_VALUATION(2.0),A,USA,P2,M72,CPA08_H49,XDC,O,V,T1634,2024,9.9,D,S1,D,F,2,A,6,USD
OECD.SDD.NAD:DSD_NASU@DF_VALUATION(2.0),A,USA,P2,M73,CPA08_H49,XDC,O,V,T1634,2024,2.13,D,S1,D,F,2,A,6,USD
OECD.SDD.NAD:DSD_NASU@DF_VALUATION(2.0),A,USA,P2,M74_75,CPA08_H49,XDC,O,V,T1634,2024,5.29,D,S1,D,F,2,A,6,USD
OECD.SDD.NAD:DSD_NASU@DF_VALUATION(2.0),A,USA,P2,M74,CPA08_H49,XDC,O,V,T1634,2024,4.32,D,S1,D,F,2,A,6,USD
OECD.SDD.NAD:DSD_NASU@DF_VALUATION(2.0),A,USA,P2,M75,CPA08_H49,XDC,O,V,T1634,2024,0.97,D,S1,D,F,2,A,6,USD
OECD.SDD.NAD:DSD_NASU@DF_VALUATION(2.0),A,USA,P2,N,CPA08_H49,XDC,O,V,T1634,2024,94.55,D,S1,D,F,2,A,6,USD
OECD.SDD.NAD:DSD_NASU@DF_VALUATION(2.0),A,USA,P2,N77,CPA08_H49,XDC,O,V,T1634,2024,5.51,D,S1,D,F,2,A,6,USD
OECD.SDD.NAD:DSD_NASU@DF_VALUATION(2.0),A,USA,P2,N78,CPA08_H49,XDC,O,V,T1634,2024,1.74,D,S1,D,F,2,A,6,USD
OECD.SDD.NAD:DSD_NASU@DF_VALUATION(2.0),A,USA,P2,N79,CPA08_H49,XDC,O,V,T1634,2024,1.69,D,S1,D,F,2,A,6,USD
OECD.SDD.NAD:DSD_NASU@DF_VALUATION(2.0),A,USA,P2,N80T82,CPA08_H49,XDC,O,V,T1634,2024,85.62,D,S1,D,F,2,A,6,USD
OECD.SDD.NAD:DSD_NASU@DF_VALUATION(2.0),A,USA,P2,N80,CPA08_H49,XDC,O,V,T1634,2024,0.63,D,S1,D,F,2,A,6,USD
OECD.SDD.NAD:DSD_NASU@DF_VALUATION(2.0),A,USA,P2,N82,CPA08_H49,XDC,O,V,T1634,2024,58.52,D,S1,D,F,2,A,6,USD
OECD.SDD.NAD:DSD_NASU@DF_VALUATION(2.0),A,USA,P2,O,CPA08_H49,XDC,O,V,T1634,2024,922.33,D,S1,D,F,2,A,6,USD
OECD.SDD.NAD:DSD_NASU@DF_VALUATION(2.0),A,USA,P2,P,CPA08_H49,XDC,O,V,T1634,2024,567.77,D,S1,D,F,2,A,6,USD
OECD.SDD.NAD:DSD_NASU@DF_VALUATION(2.0),A,USA,P2,Q,CPA08_H49,XDC,O,V,T1634,2024,58.96,D,S1,D,F,2,A,6,USD
OECD.SDD.NAD:DSD_NASU@DF_VALUATION(2.0),A,USA,P2,Q86,CPA08_H49,XDC,O,V,T1634,2024,45.5,D,S1,D,F,2,A,6,USD
OECD.SDD.NAD:DSD_NASU@DF_VALUATION(2.0),A,USA,P2,Q87_88,CPA08_H49,XDC,O,V,T1634,2024,13.46,D,S1,D,F,2,A,6,USD
OECD.SDD.NAD:DSD_NASU@DF_VALUATION(2.0),A,USA,P2,Q88,CPA08_H49,XDC,O,V,T1634,2024,9.77,D,S1,D,F,2,A,6,USD
OECD.SDD.NAD:DSD_NASU@DF_VALUATION(2.0),A,USA,P2,R,CPA08_H49,XDC,O,V,T1634,2024,5.17,D,S1,D,F,2,A,6,USD
OECD.SDD.NAD:DSD_NASU@DF_VALUATION(2.0),A,USA,P2,R90T92,CPA08_H49,XDC,O,V,T1634,2024,1.1,D,S1,D,F,2,A,6,USD
OECD.SDD.NAD:DSD_NASU@DF_VALUATION(2.0),A,USA,P2,C14,CPA08_H49,XDC,O,V,T1634,2024,0.08,D,S1,D,F,2,A,6,USD
OECD.SDD.NAD:DSD_NASU@DF_VALUATION(2.0),A,USA,P2,C15,CPA08_H49,XDC,O,V,T1634,2024,0.09,D,S1,D,F,2,A,6,USD
OECD.SDD.NAD:DSD_NASU@DF_VALUATION(2.0),A,USA,P2,C16,CPA08_H49,XDC,O,V,T1634,2024,52.8,D,S1,D,F,2,A,6,USD
OECD.SDD.NAD:DSD_NASU@DF_VALUATION(2.0),A,USA,P2,C18,CPA08_H49,XDC,O,V,T1634,2024,6.27,D,S1,D,F,2,A,6,USD
OECD.SDD.NAD:DSD_NASU@DF_VALUATION(2.0),A,USA,P2,C19,CPA08_H49,XDC,O,V,T1634,2024,57.09,D,S1,D,F,2,A,6,USD
OECD.SDD.NAD:DSD_NASU@DF_VALUATION(2.0),A,USA,P2,C20,CPA08_H49,XDC,O,V,T1634,2024,239.7,D,S1,D,F,2,A,6,USD
OECD.SDD.NAD:DSD_NASU@DF_VALUATION(2.0),A,USA,P2,C21,CPA08_H49,XDC,O,V,T1634,2024,0.57,D,S1,D,F,2,A,6,USD
OECD.SDD.NAD:DSD_NASU@DF_VALUATION(2.0),A,USA,P2,C23,CPA08_H49,XDC,O,V,T1634,2024,139.98,D,S1,D,F,2,A,6,USD
OECD.SDD.NAD:DSD_NASU@DF_VALUATION(2.0),A,USA,P2,C24,CPA08_H49,XDC,O,V,T1634,2024,183.77,D,S1,D,F,2,A,6,USD
OECD.SDD.NAD:DSD_NASU@DF_VALUATION(2.0),A,USA,P2,C25,CPA08_H49,XDC,O,V,T1634,2024,71.93,D,S1,D,F,2,A,6,USD
OECD.SDD.NAD:DSD_NASU@DF_VALUATION(2.0),A,USA,P2,C26,CPA08_H49,XDC,O,V,T1634,2024,2.89,D,S1,D,F,2,A,6,USD
OECD.SDD.NAD:DSD_NASU@DF_VALUATION(2.0),A,USA,P2,C27,CPA08_H49,XDC,O,V,T1634,2024,22.42,D,S1,D,F,2,A,6,USD
OECD.SDD.NAD:DSD_NASU@DF_VALUATION(2.0),A,USA,P2,C29,CPA08_H49,XDC,O,V,T1634,2024,57.61,D,S1,D,F,2,A,6,USD
OECD.SDD.NAD:DSD_NASU@DF_VALUATION(2.0),A,USA,P2,C30,CPA08_H49,XDC,O,V,T1634,2024,11.84,D,S1,D,F,2,A,6,USD
OECD.SDD.NAD:DSD_NASU@DF_VALUATION(2.0),A,USA,P2,C31_32,CPA08_H49,XDC,O,V,T1634,2024,21.81,D,S1,D,F,2,A,6,USD
OECD.SDD.NAD:DSD_NASU@DF_VALUATION(2.0),A,USA,P2,C31,CPA08_H49,XDC,O,V,T1634,2024,13.38,D,S1,D,F,2,A,6,USD
OECD.SDD.NAD:DSD_NASU@DF_VALUATION(2.0),A,USA,P2,C32,CPA08_H49,XDC,O,V,T1634,2024,8.43,D,S1,D,F,2,A,6,USD
OECD.SDD.NAD:DSD_NASU@DF_VALUATION(2.0),A,USA,P2,D,CPA08_H49,XDC,O,V,T1634,2024,257.55,D,S1,D,F,2,A,6,USD
OECD.SDD.NAD:DSD_NASU@DF_VALUATION(2.0),A,USA,P2,E,CPA08_H49,XDC,O,V,T1634,2024,5.85,D,S1,D,F,2,A,6,USD
OECD.SDD.NAD:DSD_NASU@DF_VALUATION(2.0),A,USA,P2,E36,CPA08_H49,XDC,O,V,T1634,2024,2.1,D,S1,D,F,2,A,6,USD
OECD.SDD.NAD:DSD_NASU@DF_VALUATION(2.0),A,USA,P2,E37T39,CPA08_H49,XDC,O,V,T1634,2024,3.75,D,S1,D,F,2,A,6,USD
OECD.SDD.NAD:DSD_NASU@DF_VALUATION(2.0),A,USA,P2,E37,CPA08_H49,XDC,O,V,T1634,2024,0.37,D,S1,D,F,2,A,6,USD
OECD.SDD.NAD:DSD_NASU@DF_VALUATION(2.0),A,USA,P2,E38,CPA08_H49,XDC,O,V,T1634,2024,2.67,D,S1,D,F,2,A,6,USD
OECD.SDD.NAD:DSD_NASU@DF_VALUATION(2.0),A,USA,P2,E39,CPA08_H49,XDC,O,V,T1634,2024,0.72,D,S1,D,F,2,A,6,USD
OECD.SDD.NAD:DSD_NASU@DF_VALUATION(2.0),A,USA,P2,F,CPA08_H49,XDC,O,V,T1634,2024,172.49,D,S1,D,F,2,A,6,USD
OECD.SDD.NAD:DSD_NASU@DF_VALUATION(2.0),A,USA,P2,A03,CPA08_H49,XDC,O,V,T1634,2024,0.05,D,S1,D,F,2,A,6,USD
OECD.SDD.NAD:DSD_NASU@DF_VALUATION(2.0),A,USA,P2,B,CPA08_H49,XDC,O,V,T1634,2024,69.59,D,S1,D,F,2,A,6,USD
OECD.SDD.NAD:DSD_NASU@DF_VALUATION(2.0),A,USA,P2,B05,CPA08_H49,XDC,O,V,T1634,2024,26.14,D,S1,D,F,2,A,6,USD
OECD.SDD.NAD:DSD_NASU@DF_VALUATION(2.0),A,USA,P2,B06,CPA08_H49,XDC,O,V,T1634,2024,28.57,D,S1,D,F,2,A,6,USD
OECD.SDD.NAD:DSD_NASU@DF_VALUATION(2.0),A,USA,P2,B08,CPA08_H49,XDC,O,V,T1634,2024,4.48,D,S1,D,F,2,A,6,USD
OECD.SDD.NAD:DSD_NASU@DF_VALUATION(2.0),A,USA,P2,C,CPA08_H49,XDC,O,V,T1634,2024,1500.1,D,S1,D,F,2,A,6,USD
OECD.SDD.NAD:DSD_NASU@DF_VALUATION(2.0),A,USA,P2,C10T12,CPA08_H49,XDC,O,V,T1634,2024,365.93,D,S1,D,F,2,A,6,USD
OECD.SDD.NAD:DSD_NASU@DF_VALUATION(2.0),A,USA,P2,C10,CPA08_H49,XDC,O,V,T1634,2024,346.41,D,S1,D,F,2,A,6,USD
OECD.SDD.NAD:DSD_NASU@DF_VALUATION(2.0),A,USA,P2,C12,CPA08_H49,XDC,O,V,T1634,2024,6.77,D,S1,D,F,2,A,6,USD
OECD.SDD.NAD:DSD_NASU@DF_VALUATION(2.0),A,USA,P2,C13T15,CPA08_H49,XDC,O,V,T1634,2024,3.75,D,S1,D,F,2,A,6,USD
OECD.SDD.NAD:DSD_NASU@DF_VALUATION(2.0),A,USA,P2,C13,CPA08_H49,XDC,O,V,T1634,2024,3.58,D,S1,D,F,2,A,6,USD
OECD.SDD.NAD:DSD_NASU@DF_VALUATION(2.0),A,USA,P2,_T,CPA08_H49,XDC,O,V,T1634,2024,4672.89,D,S1,D,F,2,A,6,USD
OECD.SDD.NAD:DSD_NASU@DF_VALUATION(2.0),A,USA,P2,A,CPA08_H49,XDC,O,V,T1634,2024,125.03,D,S1,D,F,2,A,6,USD
OECD.SDD.NAD:DSD_NASU@DF_VALUATION(2.0),A,USA,P2,A01,CPA08_H49,XDC,O,V,T1634,2024,124.51,D,S1,D,F,2,A,6,USD
OECD.SDD.NAD:DSD_NASU@DF_VALUATION(2.0),A,USA,P2,A02,CPA08_H49,XDC,O,V,T1634,2024,0.46,D,S1,D,F,2,A,6,USD
OECD.SDD.NAD:DSD_NASU@DF_VALUATION(2.0),A,USA,P2,R91,CPA08_H49,XDC,O,V,T1634,2024,0.1,D,S1,D,F,2,A,6,USD
OECD.SDD.NAD:DSD_NASU@DF_VALUATION(2.0),A,USA,P2,R92,CPA08_H49,XDC,O,V,T1634,2024,0.45,D,S1,D,F,2,A,6,USD
OECD.SDD.NAD:DSD_NASU@DF_VALUATION(2.0),A,USA,P2,R93,CPA08_H,XDC,O,V,T1634,2024,4.2,D,S1,D,F,2,A,6,USD
OECD.SDD.NAD:DSD_NASU@DF_VALUATION(2.0),A,USA,P2,S94,CPA08_H,XDC,O,V,T1634,2024,2.93,D,S1,D,F,2,A,6,USD
OECD.SDD.NAD:DSD_NASU@DF_VALUATION(2.0),A,USA,P2,S95,CPA08_H,XDC,O,V,T1634,2024,1.14,D,S1,D,F,2,A,6,USD
OECD.SDD.NAD:DSD_NASU@DF_VALUATION(2.0),A,USA,P2,S96,CPA08_H,XDC,O,V,T1634,2024,2.43,D,S1,D,F,2,A,6,USD
OECD.SDD.NAD:DSD_NASU@DF_VALUATION(2.0),A,USA,P2,C29,CPA08_C13,XDC,O,V,T1634,2024,0.43,D,S1,D,F,2,A,6,USD
OECD.SDD.NAD:DSD_NASU@DF_VALUATION(2.0),A,USA,P2,C30,CPA08_C13,XDC,O,V,T1634,2024,0.01,D,S1,D,F,2,A,6,USD
OECD.SDD.NAD:DSD_NASU@DF_VALUATION(2.0),A,USA,P2,C31_32,CPA08_C13,XDC,O,V,T1634,2024,0.55,D,S1,D,F,2,A,6,USD
OECD.SDD.NAD:DSD_NASU@DF_VALUATION(2.0),A,USA,P2,_T,CPA08_C13,XDC,O,V,T1634,2024,6.15,D,S1,D,F,2,A,6,USD
OECD.SDD.NAD:DSD_NASU@DF_VALUATION(2.0),A,USA,P2,C,CPA08_C13,XDC,O,V,T1634,2024,2.44,D,S1,D,F,2,A,6,USD
OECD.SDD.NAD:DSD_NASU@DF_VALUATION(2.0),A,USA,P2,C10T12,CPA08_C13,XDC,O,V,T1634,2024,0.03,D,S1,D,F,2,A,6,USD
OECD.SDD.NAD:DSD_NASU@DF_VALUATION(2.0),A,USA,P2,C10,CPA08_C13,XDC,O,V,T1634,2024,0.02,D,S1,D,F,2,A,6,USD
OECD.SDD.NAD:DSD_NASU@DF_VALUATION(2.0),A,USA,P2,N,CPA08_C13,XDC,O,V,T1634,2024,0.05,D,S1,D,F,2,A,6,USD
OECD.SDD.NAD:DSD_NASU@DF_VALUATION(2.0),A,USA,P2,N77,CPA08_C13,XDC,O,V,T1634,2024,0.02,D,S1,D,F,2,A,6,USD
OECD.SDD.NAD:DSD_NASU@DF_VALUATION(2.0),A,USA,P2,H53,CPA08_H,XDC,O,V,T1634,2024,39.57,D,S1,D,F,2,A,6,USD
OECD.SDD.NAD:DSD_NASU@DF_VALUATION(2.0),A,USA,P2,K,CPA08_H,XDC,O,V,T1634,2024,210.4,D,S1,D,F,2,A,6,USD
OECD.SDD.NAD:DSD_NASU@DF_VALUATION(2.0),A,USA,P2,N79,CPA08_H,XDC,O,V,T1634,2024,1.9,D,S1,D,F,2,A,6,USD
OECD.SDD.NAD:DSD_NASU@DF_VALUATION(2.0),A,USA,P2,Q,CPA08_H,XDC,O,V,T1634,2024,62.6,D,S1,D,F,2,A,6,USD
OECD.SDD.NAD:DSD_NASU@DF_VALUATION(2.0),A,USA,P2,S,CPA08_H,XDC,O,V,T1634,2024,6.5,D,S1,D,F,2,A,6,USD
OECD.SDD.NAD:DSD_NASU@DF_VALUATION(2.0),A,USA,P2,F42,CPA08_H,XDC,O,V,T1634,2024,36.3,D,S1,D,F,2,A,6,USD
OECD.SDD.NAD:DSD_NASU@DF_VALUATION(2.0),A,USA,P2,G,CPA08_H,XDC,O,V,T1634,2024,39.59,D,S1,D,F,2,A,6,USD
OECD.SDD.NAD:DSD_NASU@DF_VALUATION(2.0),A,USA,P2,G45,CPA08_H,XDC,O,V,T1634,2024,8.25,D,S1,D,F,2,A,6,USD
OECD.SDD.NAD:DSD_NASU@DF_VALUATION(2.0),A,USA,P2,G46,CPA08_H,XDC,O,V,T1634,2024,17.68,D,S1,D,F,2,A,6,USD
OECD.SDD.NAD:DSD_NASU@DF_VALUATION(2.0),A,USA,P2,G47,CPA08_H,XDC,O,V,T1634,2024,13.66,D,S1,D,F,2,A,6,USD
OECD.SDD.NAD:DSD_NASU@DF_VALUATION(2.0),A,USA,P2,C18,CPA08_H50,XDC,O,V,T1634,2024,0,D,S1,D,F,2,A,6,USD
OECD.SDD.NAD:DSD_NASU@DF_VALUATION(2.0),A,USA,P2,C19,CPA08_H50,XDC,O,V,T1634,2024,0.01,D,S1,D,F,2,A,6,USD
OECD.SDD.NAD:DSD_NASU@DF_VALUATION(2.0),A,USA,P2,C20,CPA08_H50,XDC,O,V,T1634,2024,0.05,D,S1,D,F,2,A,6,USD
OECD.SDD.NAD:DSD_NASU@DF_VALUATION(2.0),A,USA,P2,C21,CPA08_H50,XDC,O,V,T1634,2024,0,D,S1,D,F,2,A,6,USD
OECD.SDD.NAD:DSD_NASU@DF_VALUATION(2.0),A,USA,P2,C22,CPA08_H50,XDC,O,V,T1634,2024,0.01,D,S1,D,F,2,A,6,USD
OECD.SDD.NAD:DSD_NASU@DF_VALUATION(2.0),A,USA,P2,C23,CPA08_H50,XDC,O,V,T1634,2024,0.03,D,S1,D,F,2,A,6,USD
OECD.SDD.NAD:DSD_NASU@DF_VALUATION(2.0),A,USA,P2,C25,CPA08_H50,XDC,O,V,T1634,2024,0.01,D,S1,D,F,2,A,6,USD
OECD.SDD.NAD:DSD_NASU@DF_VALUATION(2.0),A,USA,P2,C26,CPA08_H50,XDC,O,V,T1634,2024,0,D,S1,D,F,2,A,6,USD
OECD.SDD.NAD:DSD_NASU@DF_VALUATION(2.0),A,USA,P2,C28,CPA08_H50,XDC,O,V,T1634,2024,0,D,S1,D,F,2,A,6,USD
OECD.SDD.NAD:DSD_NASU@DF_VALUATION(2.0),A,USA,P2,C29,CPA08_H50,XDC,O,V,T1634,2024,0,D,S1,D,F,2,A,6,USD
OECD.SDD.NAD:DSD_NASU@DF_VALUATION(2.0),A,USA,P2,C30,CPA08_H50,XDC,O,V,T1634,2024,0,D,S1,D,F,2,A,6,USD
OECD.SDD.NAD:DSD_NASU@DF_VALUATION(2.0),A,USA,P2,C31_32,CPA08_H50,XDC,O,V,T1634,2024,0,D,S1,D,F,2,A,6,USD
OECD.SDD.NAD:DSD_NASU@DF_VALUATION(2.0),A,USA,P2,C31,CPA08_H50,XDC,O,V,T1634,2024,0,D,S1,D,F,2,A,6,USD
OECD.SDD.NAD:DSD_NASU@DF_VALUATION(2.0),A,USA,P2,C32,CPA08_H50,XDC,O,V,T1634,2024,0,D,S1,D,F,2,A,6,USD
OECD.SDD.NAD:DSD_NASU@DF_VALUATION(2.0),A,USA,P2,C33,CPA08_H50,XDC,O,V,T1634,2024,0,D,S1,D,F,2,A,6,USD
OECD.SDD.NAD:DSD_NASU@DF_VALUATION(2.0),A,USA,P2,D,CPA08_H50,XDC,O,V,T1634,2024,0.01,D,S1,D,F,2,A,6,USD
OECD.SDD.NAD:DSD_NASU@DF_VALUATION(2.0),A,USA,P2,E,CPA08_H50,XDC,O,V,T1634,2024,0,D,S1,D,F,2,A,6,USD
OECD.SDD.NAD:DSD_NASU@DF_VALUATION(2.0),A,USA,P2,E36,CPA08_H50,XDC,O,V,T1634,2024,0,D,S1,D,F,2,A,6,USD
OECD.SDD.NAD:DSD_NASU@DF_VALUATION(2.0),A,USA,P2,E37T39,CPA08_H50,XDC,O,V,T1634,2024,0,D,S1,D,F,2,A,6,USD
OECD.SDD.NAD:DSD_NASU@DF_VALUATION(2.0),A,USA,P2,E37,CPA08_H50,XDC,O,V,T1634,2024,0,D,S1,D,F,2,A,6,USD
OECD.SDD.NAD:DSD_NASU@DF_VALUATION(2.0),A,USA,P2,E38,CPA08_H50,XDC,O,V,T1634,2024,0,D,S1,D,F,2,A,6,USD
OECD.SDD.NAD:DSD_NASU@DF_VALUATION(2.0),A,USA,P2,E39,CPA08_H50,XDC,O,V,T1634,2024,0,D,S1,D,F,2,A,6,USD
OECD.SDD.NAD:DSD_NASU@DF_VALUATION(2.0),A,USA,P2,F,CPA08_H50,XDC,O,V,T1634,2024,0.1,D,S1,D,F,2,A,6,USD
OECD.SDD.NAD:DSD_NASU@DF_VALUATION(2.0),A,USA,P2,F41,CPA08_H50,XDC,O,V,T1634,2024,0.07,D,S1,D,F,2,A,6,USD
OECD.SDD.NAD:DSD_NASU@DF_VALUATION(2.0),A,USA,P2,F42,CPA08_H50,XDC,O,V,T1634,2024,0.04,D,S1,D,F,2,A,6,USD
OECD.SDD.NAD:DSD_NASU@DF_VALUATION(2.0),A,USA,P2,B,CPA08_H50,XDC,O,V,T1634,2024,0.04,D,S1,D,F,2,A,6,USD
OECD.SDD.NAD:DSD_NASU@DF_VALUATION(2.0),A,USA,P2,B05,CPA08_H50,XDC,O,V,T1634,2024,0,D,S1,D,F,2,A,6,USD
OECD.SDD.NAD:DSD_NASU@DF_VALUATION(2.0),A,USA,P2,B06,CPA08_H50,XDC,O,V,T1634,2024,0.03,D,S1,D,F,2,A,6,USD
OECD.SDD.NAD:DSD_NASU@DF_VALUATION(2.0),A,USA,P2,B07,CPA08_H50,XDC,O,V,T1634,2024,0,D,S1,D,F,2,A,6,USD
OECD.SDD.NAD:DSD_NASU@DF_VALUATION(2.0),A,USA,P2,B08,CPA08_H50,XDC,O,V,T1634,2024,0,D,S1,D,F,2,A,6,USD
OECD.SDD.NAD:DSD_NASU@DF_VALUATION(2.0),A,USA,P2,B09,CPA08_H50,XDC,O,V,T1634,2024,0,D,S1,D,F,2,A,6,USD
OECD.SDD.NAD:DSD_NASU@DF_VALUATION(2.0),A,USA,P2,C,CPA08_H50,XDC,O,V,T1634,2024,0.31,D,S1,D,F,2,A,6,USD
OECD.SDD.NAD:DSD_NASU@DF_VALUATION(2.0),A,USA,P2,C10,CPA08_H50,XDC,O,V,T1634,2024,0.13,D,S1,D,F,2,A,6,USD
OECD.SDD.NAD:DSD_NASU@DF_VALUATION(2.0),A,USA,P2,C11,CPA08_H50,XDC,O,V,T1634,2024,0.01,D,S1,D,F,2,A,6,USD
OECD.SDD.NAD:DSD_NASU@DF_VALUATION(2.0),A,USA,P2,C12,CPA08_H50,XDC,O,V,T1634,2024,0,D,S1,D,F,2,A,6,USD
OECD.SDD.NAD:DSD_NASU@DF_VALUATION(2.0),A,USA,P2,C13T15,CPA08_H50,XDC,O,V,T1634,2024,0,D,S1,D,F,2,A,6,USD
OECD.SDD.NAD:DSD_NASU@DF_VALUATION(2.0),A,USA,P2,C13,CPA08_H50,XDC,O,V,T1634,2024,0,D,S1,D,F,2,A,6,USD
OECD.SDD.NAD:DSD_NASU@DF_VALUATION(2.0),A,USA,P2,_T,CPA08_H50,XDC,O,V,T1634,2024,1,D,S1,D,F,2,A,6,USD
OECD.SDD.NAD:DSD_NASU@DF_VALUATION(2.0),A,USA,P2,A,CPA08_H50,XDC,O,V,T1634,2024,0.07,D,S1,D,F,2,A,6,USD
OECD.SDD.NAD:DSD_NASU@DF_VALUATION(2.0),A,USA,P2,A01,CPA08_H50,XDC,O,V,T1634,2024,0.07,D,S1,D,F,2,A,6,USD
OECD.SDD.NAD:DSD_NASU@DF_VALUATION(2.0),A,USA,P2,A02,CPA08_H50,XDC,O,V,T1634,2024,0,D,S1,D,F,2,A,6,USD
OECD.SDD.NAD:DSD_NASU@DF_VALUATION(2.0),A,USA,P2,A03,CPA08_H50,XDC,O,V,T1634,2024,0,D,S1,D,F,2,A,6,USD
OECD.SDD.NAD:DSD_NASU@DF_VALUATION(2.0),A,USA,P2,S94,CPA08_H50,XDC,O,V,T1634,2024,0,D,S1,D,F,2,A,6,USD
OECD.SDD.NAD:DSD_NASU@DF_VALUATION(2.0),A,USA,P2,S95,CPA08_H50,XDC,O,V,T1634,2024,0,D,S1,D,F,2,A,6,USD
OECD.SDD.NAD:DSD_NASU@DF_VALUATION(2.0),A,USA,P2,S,CPA08_H49,XDC,O,V,T1634,2024,6.02,D,S1,D,F,2,A,6,USD
OECD.SDD.NAD:DSD_NASU@DF_VALUATION(2.0),A,USA,P2,S94,CPA08_H49,XDC,O,V,T1634,2024,2.63,D,S1,D,F,2,A,6,USD
OECD.SDD.NAD:DSD_NASU@DF_VALUATION(2.0),A,USA,P2,S95,CPA08_H49,XDC,O,V,T1634,2024,1.11,D,S1,D,F,2,A,6,USD
OECD.SDD.NAD:DSD_NASU@DF_VALUATION(2.0),A,USA,P2,S96,CPA08_H49,XDC,O,V,T1634,2024,2.28,D,S1,D,F,2,A,6,USD
OECD.SDD.NAD:DSD_NASU@DF_VALUATION(2.0),A,USA,TU,_Z,CPA08_H49,XDC,O,V,T1634,2024,10404.89,D,S1,D,F,2,A,6,USD
OECD.SDD.NAD:DSD_NASU@DF_VALUATION(2.0),A,USA,P2,Q86,CPA08_C27,XDC,O,V,T1634,2024,1,D,S1,D,F,2,A,6,USD
OECD.SDD.NAD:DSD_NASU@DF_VALUATION(2.0),A,USA,P2,S,CPA08_C27,XDC,O,V,T1634,2024,0.01,D,S1,D,F,2,A,6,USD
OECD.SDD.NAD:DSD_NASU@DF_VALUATION(2.0),A,USA,P2,S96,CPA08_C27,XDC,O,V,T1634,2024,0.01,D,S1,D,F,2,A,6,USD
OECD.SDD.NAD:DSD_NASU@DF_VALUATION(2.0),A,USA,P5,_Z,CPA08_C27,XDC,O,V,T1634,2024,2.33,D,S1,D,F,2,A,6,USD
OECD.SDD.NAD:DSD_NASU@DF_VALUATION(2.0),A,USA,TU,_Z,CPA08_C27,XDC,O,V,T1634,2024,607.56,D,S1,D,F,2,A,6,USD
OECD.SDD.NAD:DSD_NASU@DF_VALUATION(2.0),A,USA,P52,_Z,CPA08_C27,XDC,O,V,T1634,2024,2.33,D,S1,D,F,2,A,6,USD
OECD.SDD.NAD:DSD_NASU@DF_VALUATION(2.0),A,USA,P3,_Z,CPA08_C27,XDC,O,V,T1634,2024,561.66,D,S1,D,F,2,A,6,USD
OECD.SDD.NAD:DSD_NASU@DF_VALUATION(2.0),A,USA,P2,C10,CPA08_C27,XDC,O,V,T1634,2024,0.02,D,S1,D,F,2,A,6,USD
OECD.SDD.NAD:DSD_NASU@DF_VALUATION(2.0),A,USA,P2,C11,CPA08_C27,XDC,O,V,T1634,2024,0,D,S1,D,F,2,A,6,USD
OECD.SDD.NAD:DSD_NASU@DF_VALUATION(2.0),A,USA,P2,C26,CPA08_C27,XDC,O,V,T1634,2024,4.14,D,S1,D,F,2,A,6,USD
OECD.SDD.NAD:DSD_NASU@DF_VALUATION(2.0),A,USA,P2,C27,CPA08_C27,XDC,O,V,T1634,2024,0.06,D,S1,D,F,2,A,6,USD
OECD.SDD.NAD:DSD_NASU@DF_VALUATION(2.0),A,USA,P2,Q87,CPA08_H49,XDC,O,V,T1634,2024,3.69,D,S1,D,F,2,A,6,USD
OECD.SDD.NAD:DSD_NASU@DF_VALUATION(2.0),A,USA,P2,R90,CPA08_H49,XDC,O,V,T1634,2024,0.55,D,S1,D,F,2,A,6,USD
OECD.SDD.NAD:DSD_NASU@DF_VALUATION(2.0),A,USA,P2,F41,CPA08_H49,XDC,O,V,T1634,2024,136.52,D,S1,D,F,2,A,6,USD
OECD.SDD.NAD:DSD_NASU@DF_VALUATION(2.0),A,USA,P2,F42,CPA08_H49,XDC,O,V,T1634,2024,35.97,D,S1,D,F,2,A,6,USD
OECD.SDD.NAD:DSD_NASU@DF_VALUATION(2.0),A,USA,P2,G,CPA08_H49,XDC,O,V,T1634,2024,32.67,D,S1,D,F,2,A,6,USD
OECD.SDD.NAD:DSD_NASU@DF_VALUATION(2.0),A,USA,P2,G45,CPA08_H49,XDC,O,V,T1634,2024,6.35,D,S1,D,F,2,A,6,USD
OECD.SDD.NAD:DSD_NASU@DF_VALUATION(2.0),A,USA,P2,G46,CPA08_H49,XDC,O,V,T1634,2024,13.43,D,S1,D,F,2,A,6,USD
OECD.SDD.NAD:DSD_NASU@DF_VALUATION(2.0),A,USA,P2,H,CPA08_H49,XDC,O,V,T1634,2024,304.38,D,S1,D,F,2,A,6,USD
OECD.SDD.NAD:DSD_NASU@DF_VALUATION(2.0),A,USA,P2,H49,CPA08_H49,XDC,O,V,T1634,2024,242.89,D,S1,D,F,2,A,6,USD
OECD.SDD.NAD:DSD_NASU@DF_VALUATION(2.0),A,USA,P2,H50,CPA08_H49,XDC,O,V,T1634,2024,1.78,D,S1,D,F,2,A,6,USD
OECD.SDD.NAD:DSD_NASU@DF_VALUATION(2.0),A,USA,P2,H51,CPA08_H49,XDC,O,V,T1634,2024,7.94,D,S1,D,F,2,A,6,USD
OECD.SDD.NAD:DSD_NASU@DF_VALUATION(2.0),A,USA,P2,H52,CPA08_H49,XDC,O,V,T1634,2024,13.01,D,S1,D,F,2,A,6,USD
OECD.SDD.NAD:DSD_NASU@DF_VALUATION(2.0),A,USA,P2,H53,CPA08_H49,XDC,O,V,T1634,2024,38.76,D,S1,D,F,2,A,6,USD
OECD.SDD.NAD:DSD_NASU@DF_VALUATION(2.0),A,USA,P2,I,CPA08_H49,XDC,O,V,T1634,2024,72.92,D,S1,D,F,2,A,6,USD
OECD.SDD.NAD:DSD_NASU@DF_VALUATION(2.0),A,USA,P2,I55,CPA08_H49,XDC,O,V,T1634,2024,5.81,D,S1,D,F,2,A,6,USD
OECD.SDD.NAD:DSD_NASU@DF_VALUATION(2.0),A,USA,P2,I56,CPA08_H49,XDC,O,V,T1634,2024,67.1,D,S1,D,F,2,A,6,USD
OECD.SDD.NAD:DSD_NASU@DF_VALUATION(2.0),A,USA,P2,J,CPA08_H49,XDC,O,V,T1634,2024,61.99,D,S1,D,F,2,A,6,USD
OECD.SDD.NAD:DSD_NASU@DF_VALUATION(2.0),A,USA,P2,J58,CPA08_H49,XDC,O,V,T1634,2024,1.19,D,S1,D,F,2,A,6,USD
OECD.SDD.NAD:DSD_NASU@DF_VALUATION(2.0),A,USA,P2,J59,CPA08_H49,XDC,O,V,T1634,2024,0.3,D,S1,D,F,2,A,6,USD
OECD.SDD.NAD:DSD_NASU@DF_VALUATION(2.0),A,USA,P2,J60,CPA08_H49,XDC,O,V,T1634,2024,0.3,D,S1,D,F,2,A,6,USD
OECD.SDD.NAD:DSD_NASU@DF_VALUATION(2.0),A,USA,P2,J61,CPA08_H49,XDC,O,V,T1634,2024,54.35,D,S1,D,F,2,A,6,USD
OECD.SDD.NAD:DSD_NASU@DF_VALUATION(2.0),A,USA,P2,J62_63,CPA08_H49,XDC,O,V,T1634,2024,5.86,D,S1,D,F,2,A,6,USD
OECD.SDD.NAD:DSD_NASU@DF_VALUATION(2.0),A,USA,P2,J62,CPA08_H49,XDC,O,V,T1634,2024,2.24,D,S1,D,F,2,A,6,USD
OECD.SDD.NAD:DSD_NASU@DF_VALUATION(2.0),A,USA,P2,J63,CPA08_H49,XDC,O,V,T1634,2024,3.62,D,S1,D,F,2,A,6,USD
OECD.SDD.NAD:DSD_NASU@DF_VALUATION(2.0),A,USA,P2,K,CPA08_H49,XDC,O,V,T1634,2024,205.87,D,S1,D,F,2,A,6,USD
OECD.SDD.NAD:DSD_NASU@DF_VALUATION(2.0),A,USA,P2,K64,CPA08_H49,XDC,O,V,T1634,2024,5.9,D,S1,D,F,2,A,6,USD
OECD.SDD.NAD:DSD_NASU@DF_VALUATION(2.0),A,USA,P2,K65,CPA08_H49,XDC,O,V,T1634,2024,199.63,D,S1,D,F,2,A,6,USD
OECD.SDD.NAD:DSD_NASU@DF_VALUATION(2.0),A,USA,P2,K66,CPA08_H49,XDC,O,V,T1634,2024,0.34,D,S1,D,F,2,A,6,USD
OECD.SDD.NAD:DSD_NASU@DF_VALUATION(2.0),A,USA,P2,L,CPA08_H49,XDC,O,V,T1634,2024,21.22,D,S1,D,F,2,A,6,USD
OECD.SDD.NAD:DSD_NASU@DF_VALUATION(2.0),A,USA,P2,L68A,CPA08_H49,XDC,O,V,T1634,2024,4.76,D,S1,D,F,2,A,6,USD
OECD.SDD.NAD:DSD_NASU@DF_VALUATION(2.0),A,USA,P2,M,CPA08_H49,XDC,O,V,T1634,2024,188.44,D,S1,D,F,2,A,6,USD
OECD.SDD.NAD:DSD_NASU@DF_VALUATION(2.0),A,USA,P2,C27,CPA08_H51,XDC,O,V,T1634,2024,0.13,D,S1,D,F,2,A,6,USD
OECD.SDD.NAD:DSD_NASU@DF_VALUATION(2.0),A,USA,P2,C28,CPA08_H51,XDC,O,V,T1634,2024,0.31,D,S1,D,F,2,A,6,USD
OECD.SDD.NAD:DSD_NASU@DF_VALUATION(2.0),A,USA,P2,C29,CPA08_H51,XDC,O,V,T1634,2024,0.72,D,S1,D,F,2,A,6,USD
OECD.SDD.NAD:DSD_NASU@DF_VALUATION(2.0),A,USA,P2,C31_32,CPA08_H51,XDC,O,V,T1634,2024,0.16,D,S1,D,F,2,A,6,USD
OECD.SDD.NAD:DSD_NASU@DF_VALUATION(2.0),A,USA,P2,C31,CPA08_H51,XDC,O,V,T1634,2024,0.08,D,S1,D,F,2,A,6,USD
OECD.SDD.NAD:DSD_NASU@DF_VALUATION(2.0),A,USA,P2,C32,CPA08_H51,XDC,O,V,T1634,2024,0.08,D,S1,D,F,2,A,6,USD
OECD.SDD.NAD:DSD_NASU@DF_VALUATION(2.0),A,USA,P2,C33,CPA08_H51,XDC,O,V,T1634,2024,0.04,D,S1,D,F,2,A,6,USD
OECD.SDD.NAD:DSD_NASU@DF_VALUATION(2.0),A,USA,P2,D,CPA08_H51,XDC,O,V,T1634,2024,0.33,D,S1,D,F,2,A,6,USD
OECD.SDD.NAD:DSD_NASU@DF_VALUATION(2.0),A,USA,P2,E,CPA08_H51,XDC,O,V,T1634,2024,0.35,D,S1,D,F,2,A,6,USD
OECD.SDD.NAD:DSD_NASU@DF_VALUATION(2.0),A,USA,P2,E37,CPA08_H51,XDC,O,V,T1634,2024,0,D,S1,D,F,2,A,6,USD
OECD.SDD.NAD:DSD_NASU@DF_VALUATION(2.0),A,USA,P2,E38,CPA08_H51,XDC,O,V,T1634,2024,0.29,D,S1,D,F,2,A,6,USD
OECD.SDD.NAD:DSD_NASU@DF_VALUATION(2.0),A,USA,P2,E39,CPA08_H51,XDC,O,V,T1634,2024,0.04,D,S1,D,F,2,A,6,USD
OECD.SDD.NAD:DSD_NASU@DF_VALUATION(2.0),A,USA,P2,A03,CPA08_H51,XDC,O,V,T1634,2024,0,D,S1,D,F,2,A,6,USD
OECD.SDD.NAD:DSD_NASU@DF_VALUATION(2.0),A,USA,P2,B,CPA08_H51,XDC,O,V,T1634,2024,0.24,D,S1,D,F,2,A,6,USD
OECD.SDD.NAD:DSD_NASU@DF_VALUATION(2.0),A,USA,P2,B06,CPA08_H51,XDC,O,V,T1634,2024,0.09,D,S1,D,F,2,A,6,USD
OECD.SDD.NAD:DSD_NASU@DF_VALUATION(2.0),A,USA,P2,B07,CPA08_H51,XDC,O,V,T1634,2024,0.01,D,S1,D,F,2,A,6,USD
OECD.SDD.NAD:DSD_NASU@DF_VALUATION(2.0),A,USA,P2,B08,CPA08_H51,XDC,O,V,T1634,2024,0.04,D,S1,D,F,2,A,6,USD
OECD.SDD.NAD:DSD_NASU@DF_VALUATION(2.0),A,USA,P2,B09,CPA08_H51,XDC,O,V,T1634,2024,0.1,D,S1,D,F,2,A,6,USD
OECD.SDD.NAD:DSD_NASU@DF_VALUATION(2.0),A,USA,P2,C,CPA08_H51,XDC,O,V,T1634,2024,5.98,D,S1,D,F,2,A,6,USD
OECD.SDD.NAD:DSD_NASU@DF_VALUATION(2.0),A,USA,P2,C10T12,CPA08_H51,XDC,O,V,T1634,2024,0.92,D,S1,D,F,2,A,6,USD
OECD.SDD.NAD:DSD_NASU@DF_VALUATION(2.0),A,USA,P2,C11,CPA08_H51,XDC,O,V,T1634,2024,0.11,D,S1,D,F,2,A,6,USD
OECD.SDD.NAD:DSD_NASU@DF_VALUATION(2.0),A,USA,P2,C12,CPA08_H51,XDC,O,V,T1634,2024,0.03,D,S1,D,F,2,A,6,USD
OECD.SDD.NAD:DSD_NASU@DF_VALUATION(2.0),A,USA,P2,C13T15,CPA08_H51,XDC,O,V,T1634,2024,0.05,D,S1,D,F,2,A,6,USD
OECD.SDD.NAD:DSD_NASU@DF_VALUATION(2.0),A,USA,P52,_Z,CPA08_H,XDC,O,V,T1634,2024,12.59,D,S1,D,F,2,A,6,USD
OECD.SDD.NAD:DSD_NASU@DF_VALUATION(2.0),A,USA,TU,_Z,CPA08_H,XDC,O,V,T1634,2024,10810.89,D,S1,D,F,2,A,6,USD
OECD.SDD.NAD:DSD_NASU@DF_VALUATION(2.0),A,USA,P3,_Z,CPA08_H,XDC,O,V,T1634,2024,5028.79,D,S1,D,F,2,A,6,USD
OECD.SDD.NAD:DSD_NASU@DF_VALUATION(2.0),A,USA,P5,_Z,CPA08_H,XDC,O,V,T1634,2024,288.15,D,S1,D,F,2,A,6,USD
OECD.SDD.NAD:DSD_NASU@DF_VALUATION(2.0),A,USA,P51G,_Z,CPA08_H,XDC,O,V,T1634,2024,275.56,D,S1,D,F,2,A,6,USD
OECD.SDD.NAD:DSD_NASU@DF_VALUATION(2.0),A,USA,P2,A,CPA08_H,XDC,O,V,T1634,2024,125.38,D,S1,D,F,2,A,6,USD
OECD.SDD.NAD:DSD_NASU@DF_VALUATION(2.0),A,USA,P2,B,CPA08_H,XDC,O,V,T1634,2024,69.87,D,S1,D,F,2,A,6,USD
OECD.SDD.NAD:DSD_NASU@DF_VALUATION(2.0),A,USA,P2,B06,CPA08_H,XDC,O,V,T1634,2024,28.69,D,S1,D,F,2,A,6,USD
OECD.SDD.NAD:DSD_NASU@DF_VALUATION(2.0),A,USA,P2,B08,CPA08_H,XDC,O,V,T1634,2024,4.52,D,S1,D,F,2,A,6,USD
OECD.SDD.NAD:DSD_NASU@DF_VALUATION(2.0),A,USA,P2,C19,CPA08_H,XDC,O,V,T1634,2024,57.12,D,S1,D,F,2,A,6,USD
OECD.SDD.NAD:DSD_NASU@DF_VALUATION(2.0),A,USA,P2,C26,CPA08_H,XDC,O,V,T1634,2024,2.99,D,S1,D,F,2,A,6,USD
OECD.SDD.NAD:DSD_NASU@DF_VALUATION(2.0),A,USA,P2,E,CPA08_H,XDC,O,V,T1634,2024,6.2,D,S1,D,F,2,A,6,USD
OECD.SDD.NAD:DSD_NASU@DF_VALUATION(2.0),A,USA,P2,F,CPA08_H,XDC,O,V,T1634,2024,174.31,D,S1,D,F,2,A,6,USD
OECD.SDD.NAD:DSD_NASU@DF_VALUATION(2.0),A,USA,P2,G47,CPA08_H50,XDC,O,V,T1634,2024,0,D,S1,D,F,2,A,6,USD
OECD.SDD.NAD:DSD_NASU@DF_VALUATION(2.0),A,USA,P2,H,CPA08_H50,XDC,O,V,T1634,2024,0.08,D,S1,D,F,2,A,6,USD
OECD.SDD.NAD:DSD_NASU@DF_VALUATION(2.0),A,USA,P2,H49,CPA08_H50,XDC,O,V,T1634,2024,0,D,S1,D,F,2,A,6,USD
OECD.SDD.NAD:DSD_NASU@DF_VALUATION(2.0),A,USA,P2,H50,CPA08_H50,XDC,O,V,T1634,2024,0,D,S1,D,F,2,A,6,USD
OECD.SDD.NAD:DSD_NASU@DF_VALUATION(2.0),A,USA,P2,H51,CPA08_H50,XDC,O,V,T1634,2024,0,D,S1,D,F,2,A,6,USD
OECD.SDD.NAD:DSD_NASU@DF_VALUATION(2.0),A,USA,P2,H52,CPA08_H50,XDC,O,V,T1634,2024,0,D,S1,D,F,2,A,6,USD
OECD.SDD.NAD:DSD_NASU@DF_VALUATION(2.0),A,USA,P2,H53,CPA08_H50,XDC,O,V,T1634,2024,0.07,D,S1,D,F,2,A,6,USD
OECD.SDD.NAD:DSD_NASU@DF_VALUATION(2.0),A,USA,P2,I,CPA08_H50,XDC,O,V,T1634,2024,0.01,D,S1,D,F,2,A,6,USD
OECD.SDD.NAD:DSD_NASU@DF_VALUATION(2.0),A,USA,P2,I55,CPA08_H50,XDC,O,V,T1634,2024,0,D,S1,D,F,2,A,6,USD
OECD.SDD.NAD:DSD_NASU@DF_VALUATION(2.0),A,USA,P2,I56,CPA08_H50,XDC,O,V,T1634,2024,0.01,D,S1,D,F,2,A,6,USD
OECD.SDD.NAD:DSD_NASU@DF_VALUATION(2.0),A,USA,P2,J,CPA08_H50,XDC,O,V,T1634,2024,0,D,S1,D,F,2,A,6,USD
OECD.SDD.NAD:DSD_NASU@DF_VALUATION(2.0),A,USA,P2,J58,CPA08_H50,XDC,O,V,T1634,2024,0,D,S1,D,F,2,A,6,USD
OECD.SDD.NAD:DSD_NASU@DF_VALUATION(2.0),A,USA,P2,J59_60,CPA08_H50,XDC,O,V,T1634,2024,0,D,S1,D,F,2,A,6,USD
OECD.SDD.NAD:DSD_NASU@DF_VALUATION(2.0),A,USA,P2,J59,CPA08_H50,XDC,O,V,T1634,2024,0,D,S1,D,F,2,A,6,USD
OECD.SDD.NAD:DSD_NASU@DF_VALUATION(2.0),A,USA,P2,J60,CPA08_H50,XDC,O,V,T1634,2024,0,D,S1,D,F,2,A,6,USD
OECD.SDD.NAD:DSD_NASU@DF_VALUATION(2.0),A,USA,P2,J61,CPA08_H50,XDC,O,V,T1634,2024,0,D,S1,D,F,2,A,6,USD
OECD.SDD.NAD:DSD_NASU@DF_VALUATION(2.0),A,USA,P2,J62_63,CPA08_H50,XDC,O,V,T1634,2024,0,D,S1,D,F,2,A,6,USD
OECD.SDD.NAD:DSD_NASU@DF_VALUATION(2.0),A,USA,P2,J62,CPA08_H50,XDC,O,V,T1634,2024,0,D,S1,D,F,2,A,6,USD
OECD.SDD.NAD:DSD_NASU@DF_VALUATION(2.0),A,USA,P2,J63,CPA08_H50,XDC,O,V,T1634,2024,0,D,S1,D,F,2,A,6,USD
OECD.SDD.NAD:DSD_NASU@DF_VALUATION(2.0),A,USA,P2,K,CPA08_H50,XDC,O,V,T1634,2024,0,D,S1,D,F,2,A,6,USD
OECD.SDD.NAD:DSD_NASU@DF_VALUATION(2.0),A,USA,P2,K64,CPA08_H50,XDC,O,V,T1634,2024,0,D,S1,D,F,2,A,6,USD
OECD.SDD.NAD:DSD_NASU@DF_VALUATION(2.0),A,USA,P2,K65,CPA08_H50,XDC,O,V,T1634,2024,0,D,S1,D,F,2,A,6,USD
OECD.SDD.NAD:DSD_NASU@DF_VALUATION(2.0),A,USA,P2,K66,CPA08_H50,XDC,O,V,T1634,2024,0,D,S1,D,F,2,A,6,USD
OECD.SDD.NAD:DSD_NASU@DF_VALUATION(2.0),A,USA,P2,L68A,CPA08_H50,XDC,O,V,T1634,2024,0,D,S1,D,F,2,A,6,USD
OECD.SDD.NAD:DSD_NASU@DF_VALUATION(2.0),A,USA,P2,L68B,CPA08_H50,XDC,O,V,T1634,2024,0,D,S1,D,F,2,A,6,USD
OECD.SDD.NAD:DSD_NASU@DF_VALUATION(2.0),A,USA,P2,M,CPA08_H50,XDC,O,V,T1634,2024,0.03,D,S1,D,F,2,A,6,USD
OECD.SDD.NAD:DSD_NASU@DF_VALUATION(2.0),A,USA,P2,M69_70,CPA08_H50,XDC,O,V,T1634,2024,0,D,S1,D,F,2,A,6,USD
OECD.SDD.NAD:DSD_NASU@DF_VALUATION(2.0),A,USA,P2,M69,CPA08_H50,XDC,O,V,T1634,2024,0,D,S1,D,F,2,A,6,USD
OECD.SDD.NAD:DSD_NASU@DF_VALUATION(2.0),A,USA,P2,M70,CPA08_H50,XDC,O,V,T1634,2024,0,D,S1,D,F,2,A,6,USD
OECD.SDD.NAD:DSD_NASU@DF_VALUATION(2.0),A,USA,P2,M71,CPA08_H50,XDC,O,V,T1634,2024,0,D,S1,D,F,2,A,6,USD
OECD.SDD.NAD:DSD_NASU@DF_VALUATION(2.0),A,USA,P2,M72,CPA08_H50,XDC,O,V,T1634,2024,0.02,D,S1,D,F,2,A,6,USD
OECD.SDD.NAD:DSD_NASU@DF_VALUATION(2.0),A,USA,P2,M73,CPA08_H50,XDC,O,V,T1634,2024,0,D,S1,D,F,2,A,6,USD
OECD.SDD.NAD:DSD_NASU@DF_VALUATION(2.0),A,USA,P2,M74_75,CPA08_H50,XDC,O,V,T1634,2024,0,D,S1,D,F,2,A,6,USD
OECD.SDD.NAD:DSD_NASU@DF_VALUATION(2.0),A,USA,P2,M74,CPA08_H50,XDC,O,V,T1634,2024,0,D,S1,D,F,2,A,6,USD
OECD.SDD.NAD:DSD_NASU@DF_VALUATION(2.0),A,USA,P2,M75,CPA08_H50,XDC,O,V,T1634,2024,0,D,S1,D,F,2,A,6,USD
OECD.SDD.NAD:DSD_NASU@DF_VALUATION(2.0),A,USA,P2,N,CPA08_H50,XDC,O,V,T1634,2024,0.01,D,S1,D,F,2,A,6,USD
OECD.SDD.NAD:DSD_NASU@DF_VALUATION(2.0),A,USA,P2,N77,CPA08_H50,XDC,O,V,T1634,2024,0,D,S1,D,F,2,A,6,USD
OECD.SDD.NAD:DSD_NASU@DF_VALUATION(2.0),A,USA,P2,N80T82,CPA08_H50,XDC,O,V,T1634,2024,0.01,D,S1,D,F,2,A,6,USD
OECD.SDD.NAD:DSD_NASU@DF_VALUATION(2.0),A,USA,P2,N80,CPA08_H50,XDC,O,V,T1634,2024,0,D,S1,D,F,2,A,6,USD
OECD.SDD.NAD:DSD_NASU@DF_VALUATION(2.0),A,USA,P2,N81,CPA08_H50,XDC,O,V,T1634,2024,0.01,D,S1,D,F,2,A,6,USD
OECD.SDD.NAD:DSD_NASU@DF_VALUATION(2.0),A,USA,P2,N82,CPA08_H50,XDC,O,V,T1634,2024,0,D,S1,D,F,2,A,6,USD
OECD.SDD.NAD:DSD_NASU@DF_VALUATION(2.0),A,USA,P2,O,CPA08_H50,XDC,O,V,T1634,2024,0.26,D,S1,D,F,2,A,6,USD
OECD.SDD.NAD:DSD_NASU@DF_VALUATION(2.0),A,USA,P2,P,CPA08_H50,XDC,O,V,T1634,2024,0.02,D,S1,D,F,2,A,6,USD
OECD.SDD.NAD:DSD_NASU@DF_VALUATION(2.0),A,USA,P2,Q,CPA08_H50,XDC,O,V,T1634,2024,0.03,D,S1,D,F,2,A,6,USD
OECD.SDD.NAD:DSD_NASU@DF_VALUATION(2.0),A,USA,P2,Q86,CPA08_H50,XDC,O,V,T1634,2024,0.02,D,S1,D,F,2,A,6,USD
OECD.SDD.NAD:DSD_NASU@DF_VALUATION(2.0),A,USA,P2,Q87_88,CPA08_H50,XDC,O,V,T1634,2024,0,D,S1,D,F,2,A,6,USD
OECD.SDD.NAD:DSD_NASU@DF_VALUATION(2.0),A,USA,P2,Q87,CPA08_H50,XDC,O,V,T1634,2024,0,D,S1,D,F,2,A,6,USD
OECD.SDD.NAD:DSD_NASU@DF_VALUATION(2.0),A,USA,P2,Q88,CPA08_H50,XDC,O,V,T1634,2024,0,D,S1,D,F,2,A,6,USD
OECD.SDD.NAD:DSD_NASU@DF_VALUATION(2.0),A,USA,P2,R,CPA08_H50,XDC,O,V,T1634,2024,0,D,S1,D,F,2,A,6,USD
OECD.SDD.NAD:DSD_NASU@DF_VALUATION(2.0),A,USA,P2,R90T92,CPA08_H50,XDC,O,V,T1634,2024,0,D,S1,D,F,2,A,6,USD
OECD.SDD.NAD:DSD_NASU@DF_VALUATION(2.0),A,USA,P2,R90,CPA08_H50,XDC,O,V,T1634,2024,0,D,S1,D,F,2,A,6,USD
OECD.SDD.NAD:DSD_NASU@DF_VALUATION(2.0),A,USA,P2,R91,CPA08_H50,XDC,O,V,T1634,2024,0,D,S1,D,F,2,A,6,USD
OECD.SDD.NAD:DSD_NASU@DF_VALUATION(2.0),A,USA,P2,R92,CPA08_H50,XDC,O,V,T1634,2024,0,D,S1,D,F,2,A,6,USD
OECD.SDD.NAD:DSD_NASU@DF_VALUATION(2.0),A,USA,P2,R93,CPA08_H50,XDC,O,V,T1634,2024,0,D,S1,D,F,2,A,6,USD
OECD.SDD.NAD:DSD_NASU@DF_VALUATION(2.0),A,USA,P2,S,CPA08_H50,XDC,O,V,T1634,2024,0,D,S1,D,F,2,A,6,USD
OECD.SDD.NAD:DSD_NASU@DF_VALUATION(2.0),A,USA,P2,C16,CPA08_H50,XDC,O,V,T1634,2024,0,D,S1,D,F,2,A,6,USD
OECD.SDD.NAD:DSD_NASU@DF_VALUATION(2.0),A,USA,P2,C17,CPA08_H50,XDC,O,V,T1634,2024,0.01,D,S1,D,F,2,A,6,USD
OECD.SDD.NAD:DSD_NASU@DF_VALUATION(2.0),A,USA,P3,_Z,CPA08_H49,XDC,O,V,T1634,2024,4767.81,D,S1,D,F,2,A,6,USD
OECD.SDD.NAD:DSD_NASU@DF_VALUATION(2.0),A,USA,P51G,_Z,CPA08_H49,XDC,O,V,T1634,2024,272.79,D,S1,D,F,2,A,6,USD
OECD.SDD.NAD:DSD_NASU@DF_VALUATION(2.0),A,USA,P52,_Z,CPA08_H49,XDC,O,V,T1634,2024,12.53,D,S1,D,F,2,A,6,USD
OECD.SDD.NAD:DSD_NASU@DF_VALUATION(2.0),A,USA,P5,_Z,CPA08_H49,XDC,O,V,T1634,2024,285.32,D,S1,D,F,2,A,6,USD
OECD.SDD.NAD:DSD_NASU@DF_VALUATION(2.0),A,USA,P2,B07,CPA08_H49,XDC,O,V,T1634,2024,3.41,D,S1,D,F,2,A,6,USD
OECD.SDD.NAD:DSD_NASU@DF_VALUATION(2.0),A,USA,P2,B09,CPA08_H49,XDC,O,V,T1634,2024,6.99,D,S1,D,F,2,A,6,USD
OECD.SDD.NAD:DSD_NASU@DF_VALUATION(2.0),A,USA,P2,C11,CPA08_H49,XDC,O,V,T1634,2024,12.75,D,S1,D,F,2,A,6,USD
OECD.SDD.NAD:DSD_NASU@DF_VALUATION(2.0),A,USA,P2,C17,CPA08_H49,XDC,O,V,T1634,2024,130.47,D,S1,D,F,2,A,6,USD
OECD.SDD.NAD:DSD_NASU@DF_VALUATION(2.0),A,USA,P2,C22,CPA08_H49,XDC,O,V,T1634,2024,104.09,D,S1,D,F,2,A,6,USD
OECD.SDD.NAD:DSD_NASU@DF_VALUATION(2.0),A,USA,P2,C28,CPA08_H49,XDC,O,V,T1634,2024,25.76,D,S1,D,F,2,A,6,USD
OECD.SDD.NAD:DSD_NASU@DF_VALUATION(2.0),A,USA,P2,C33,CPA08_H49,XDC,O,V,T1634,2024,1.4,D,S1,D,F,2,A,6,USD
OECD.SDD.NAD:DSD_NASU@DF_VALUATION(2.0),A,USA,P2,G47,CPA08_H49,XDC,O,V,T1634,2024,12.9,D,S1,D,F,2,A,6,USD
OECD.SDD.NAD:DSD_NASU@DF_VALUATION(2.0),A,USA,P2,J59_60,CPA08_H49,XDC,O,V,T1634,2024,0.6,D,S1,D,F,2,A,6,USD
OECD.SDD.NAD:DSD_NASU@DF_VALUATION(2.0),A,USA,P2,L68B,CPA08_H49,XDC,O,V,T1634,2024,16.46,D,S1,D,F,2,A,6,USD
OECD.SDD.NAD:DSD_NASU@DF_VALUATION(2.0),A,USA,P2,N81,CPA08_H49,XDC,O,V,T1634,2024,26.47,D,S1,D,F,2,A,6,USD
OECD.SDD.NAD:DSD_NASU@DF_VALUATION(2.0),A,USA,P2,J59,CPA08_H51,XDC,O,V,T1634,2024,0.13,D,S1,D,F,2,A,6,USD
OECD.SDD.NAD:DSD_NASU@DF_VALUATION(2.0),A,USA,P2,J60,CPA08_H51,XDC,O,V,T1634,2024,0.02,D,S1,D,F,2,A,6,USD
OECD.SDD.NAD:DSD_NASU@DF_VALUATION(2.0),A,USA,P2,J62_63,CPA08_H51,XDC,O,V,T1634,2024,3.06,D,S1,D,F,2,A,6,USD
OECD.SDD.NAD:DSD_NASU@DF_VALUATION(2.0),A,USA,P2,K64,CPA08_H51,XDC,O,V,T1634,2024,4.16,D,S1,D,F,2,A,6,USD
OECD.SDD.NAD:DSD_NASU@DF_VALUATION(2.0),A,USA,P2,K65,CPA08_H51,XDC,O,V,T1634,2024,0.3,D,S1,D,F,2,A,6,USD
OECD.SDD.NAD:DSD_NASU@DF_VALUATION(2.0),A,USA,P2,M69,CPA08_H51,XDC,O,V,T1634,2024,0.78,D,S1,D,F,2,A,6,USD
OECD.SDD.NAD:DSD_NASU@DF_VALUATION(2.0),A,USA,P2,M71,CPA08_H51,XDC,O,V,T1634,2024,0.67,D,S1,D,F,2,A,6,USD
OECD.SDD.NAD:DSD_NASU@DF_VALUATION(2.0),A,USA,P2,F,CPA08_H51,XDC,O,V,T1634,2024,1.72,D,S1,D,F,2,A,6,USD
OECD.SDD.NAD:DSD_NASU@DF_VALUATION(2.0),A,USA,P2,F41,CPA08_H51,XDC,O,V,T1634,2024,1.43,D,S1,D,F,2,A,6,USD
OECD.SDD.NAD:DSD_NASU@DF_VALUATION(2.0),A,USA,P2,G,CPA08_H51,XDC,O,V,T1634,2024,6.91,D,S1,D,F,2,A,6,USD
OECD.SDD.NAD:DSD_NASU@DF_VALUATION(2.0),A,USA,P2,G46,CPA08_H51,XDC,O,V,T1634,2024,4.25,D,S1,D,F,2,A,6,USD
OECD.SDD.NAD:DSD_NASU@DF_VALUATION(2.0),A,USA,P2,G47,CPA08_H51,XDC,O,V,T1634,2024,0.76,D,S1,D,F,2,A,6,USD
OECD.SDD.NAD:DSD_NASU@DF_VALUATION(2.0),A,USA,P2,H,CPA08_H51,XDC,O,V,T1634,2024,8.14,D,S1,D,F,2,A,6,USD
OECD.SDD.NAD:DSD_NASU@DF_VALUATION(2.0),A,USA,P2,H49,CPA08_H51,XDC,O,V,T1634,2024,4.13,D,S1,D,F,2,A,6,USD
OECD.SDD.NAD:DSD_NASU@DF_VALUATION(2.0),A,USA,P2,H50,CPA08_H51,XDC,O,V,T1634,2024,0.27,D,S1,D,F,2,A,6,USD
OECD.SDD.NAD:DSD_NASU@DF_VALUATION(2.0),A,USA,P2,H51,CPA08_H51,XDC,O,V,T1634,2024,0.48,D,S1,D,F,2,A,6,USD
OECD.SDD.NAD:DSD_NASU@DF_VALUATION(2.0),A,USA,P2,H52,CPA08_H51,XDC,O,V,T1634,2024,2.53,D,S1,D,F,2,A,6,USD
OECD.SDD.NAD:DSD_NASU@DF_VALUATION(2.0),A,USA,P2,H53,CPA08_H51,XDC,O,V,T1634,2024,0.73,D,S1,D,F,2,A,6,USD
OECD.SDD.NAD:DSD_NASU@DF_VALUATION(2.0),A,USA,P2,I,CPA08_H51,XDC,O,V,T1634,2024,1.74,D,S1,D,F,2,A,6,USD
OECD.SDD.NAD:DSD_NASU@DF_VALUATION(2.0),A,USA,P2,I55,CPA08_H51,XDC,O,V,T1634,2024,0.12,D,S1,D,F,2,A,6,USD
OECD.SDD.NAD:DSD_NASU@DF_VALUATION(2.0),A,USA,P2,I56,CPA08_H51,XDC,O,V,T1634,2024,1.61,D,S1,D,F,2,A,6,USD
OECD.SDD.NAD:DSD_NASU@DF_VALUATION(2.0),A,USA,P2,J,CPA08_H51,XDC,O,V,T1634,2024,3.79,D,S1,D,F,2,A,6,USD
OECD.SDD.NAD:DSD_NASU@DF_VALUATION(2.0),A,USA,P2,J59_60,CPA08_H51,XDC,O,V,T1634,2024,0.16,D,S1,D,F,2,A,6,USD
OECD.SDD.NAD:DSD_NASU@DF_VALUATION(2.0),A,USA,P2,J61,CPA08_H51,XDC,O,V,T1634,2024,0.27,D,S1,D,F,2,A,6,USD
OECD.SDD.NAD:DSD_NASU@DF_VALUATION(2.0),A,USA,P2,J62,CPA08_H51,XDC,O,V,T1634,2024,1.92,D,S1,D,F,2,A,6,USD
OECD.SDD.NAD:DSD_NASU@DF_VALUATION(2.0),A,USA,P2,J63,CPA08_H51,XDC,O,V,T1634,2024,1.14,D,S1,D,F,2,A,6,USD
OECD.SDD.NAD:DSD_NASU@DF_VALUATION(2.0),A,USA,P2,K,CPA08_H51,XDC,O,V,T1634,2024,4.54,D,S1,D,F,2,A,6,USD
OECD.SDD.NAD:DSD_NASU@DF_VALUATION(2.0),A,USA,P2,K66,CPA08_H51,XDC,O,V,T1634,2024,0.08,D,S1,D,F,2,A,6,USD
OECD.SDD.NAD:DSD_NASU@DF_VALUATION(2.0),A,USA,P2,L,CPA08_H51,XDC,O,V,T1634,2024,6.74,D,S1,D,F,2,A,6,USD
OECD.SDD.NAD:DSD_NASU@DF_VALUATION(2.0),A,USA,P2,L68A,CPA08_H51,XDC,O,V,T1634,2024,0.01,D,S1,D,F,2,A,6,USD
OECD.SDD.NAD:DSD_NASU@DF_VALUATION(2.0),A,USA,P2,L68B,CPA08_H51,XDC,O,V,T1634,2024,6.74,D,S1,D,F,2,A,6,USD
OECD.SDD.NAD:DSD_NASU@DF_VALUATION(2.0),A,USA,P2,M,CPA08_H51,XDC,O,V,T1634,2024,3.41,D,S1,D,F,2,A,6,USD
OECD.SDD.NAD:DSD_NASU@DF_VALUATION(2.0),A,USA,P2,M69_70,CPA08_H51,XDC,O,V,T1634,2024,1.49,D,S1,D,F,2,A,6,USD
OECD.SDD.NAD:DSD_NASU@DF_VALUATION(2.0),A,USA,P2,M70,CPA08_H51,XDC,O,V,T1634,2024,0.71,D,S1,D,F,2,A,6,USD
OECD.SDD.NAD:DSD_NASU@DF_VALUATION(2.0),A,USA,P2,M72,CPA08_H51,XDC,O,V,T1634,2024,0.36,D,S1,D,F,2,A,6,USD
OECD.SDD.NAD:DSD_NASU@DF_VALUATION(2.0),A,USA,P2,M73,CPA08_H51,XDC,O,V,T1634,2024,0.38,D,S1,D,F,2,A,6,USD
OECD.SDD.NAD:DSD_NASU@DF_VALUATION(2.0),A,USA,P2,M74_75,CPA08_H51,XDC,O,V,T1634,2024,0.52,D,S1,D,F,2,A,6,USD
OECD.SDD.NAD:DSD_NASU@DF_VALUATION(2.0),A,USA,P2,M74,CPA08_H51,XDC,O,V,T1634,2024,0.42,D,S1,D,F,2,A,6,USD
OECD.SDD.NAD:DSD_NASU@DF_VALUATION(2.0),A,USA,P2,M75,CPA08_H51,XDC,O,V,T1634,2024,0.1,D,S1,D,F,2,A,6,USD
OECD.SDD.NAD:DSD_NASU@DF_VALUATION(2.0),A,USA,P2,N,CPA08_H51,XDC,O,V,T1634,2024,3.91,D,S1,D,F,2,A,6,USD
OECD.SDD.NAD:DSD_NASU@DF_VALUATION(2.0),A,USA,P2,N77,CPA08_H51,XDC,O,V,T1634,2024,1.36,D,S1,D,F,2,A,6,USD
OECD.SDD.NAD:DSD_NASU@DF_VALUATION(2.0),A,USA,P2,N78,CPA08_H51,XDC,O,V,T1634,2024,0.62,D,S1,D,F,2,A,6,USD
OECD.SDD.NAD:DSD_NASU@DF_VALUATION(2.0),A,USA,P2,N79,CPA08_H51,XDC,O,V,T1634,2024,0.21,D,S1,D,F,2,A,6,USD
OECD.SDD.NAD:DSD_NASU@DF_VALUATION(2.0),A,USA,P2,N80T82,CPA08_H51,XDC,O,V,T1634,2024,1.72,D,S1,D,F,2,A,6,USD
OECD.SDD.NAD:DSD_NASU@DF_VALUATION(2.0),A,USA,P2,N80,CPA08_H51,XDC,O,V,T1634,2024,0.18,D,S1,D,F,2,A,6,USD
OECD.SDD.NAD:DSD_NASU@DF_VALUATION(2.0),A,USA,P2,N81,CPA08_H51,XDC,O,V,T1634,2024,0.81,D,S1,D,F,2,A,6,USD
OECD.SDD.NAD:DSD_NASU@DF_VALUATION(2.0),A,USA,P2,N82,CPA08_H51,XDC,O,V,T1634,2024,0.72,D,S1,D,F,2,A,6,USD
OECD.SDD.NAD:DSD_NASU@DF_VALUATION(2.0),A,USA,P2,O,CPA08_H51,XDC,O,V,T1634,2024,16.53,D,S1,D,F,2,A,6,USD
OECD.SDD.NAD:DSD_NASU@DF_VALUATION(2.0),A,USA,P2,P,CPA08_H51,XDC,O,V,T1634,2024,1.69,D,S1,D,F,2,A,6,USD
OECD.SDD.NAD:DSD_NASU@DF_VALUATION(2.0),A,USA,P2,Q,CPA08_H51,XDC,O,V,T1634,2024,3.61,D,S1,D,F,2,A,6,USD
OECD.SDD.NAD:DSD_NASU@DF_VALUATION(2.0),A,USA,P2,Q86,CPA08_H51,XDC,O,V,T1634,2024,2.87,D,S1,D,F,2,A,6,USD
OECD.SDD.NAD:DSD_NASU@DF_VALUATION(2.0),A,USA,P2,Q87_88,CPA08_H51,XDC,O,V,T1634,2024,0.75,D,S1,D,F,2,A,6,USD
OECD.SDD.NAD:DSD_NASU@DF_VALUATION(2.0),A,USA,P2,Q87,CPA08_H51,XDC,O,V,T1634,2024,0.24,D,S1,D,F,2,A,6,USD
OECD.SDD.NAD:DSD_NASU@DF_VALUATION(2.0),A,USA,P2,Q88,CPA08_H51,XDC,O,V,T1634,2024,0.51,D,S1,D,F,2,A,6,USD
OECD.SDD.NAD:DSD_NASU@DF_VALUATION(2.0),A,USA,P2,R,CPA08_H51,XDC,O,V,T1634,2024,0.41,D,S1,D,F,2,A,6,USD
OECD.SDD.NAD:DSD_NASU@DF_VALUATION(2.0),A,USA,P2,R90T92,CPA08_H51,XDC,O,V,T1634,2024,0.27,D,S1,D,F,2,A,6,USD
OECD.SDD.NAD:DSD_NASU@DF_VALUATION(2.0),A,USA,P2,R90,CPA08_H51,XDC,O,V,T1634,2024,0.07,D,S1,D,F,2,A,6,USD
OECD.SDD.NAD:DSD_NASU@DF_VALUATION(2.0),A,USA,P2,R91,CPA08_H51,XDC,O,V,T1634,2024,0.02,D,S1,D,F,2,A,6,USD
OECD.SDD.NAD:DSD_NASU@DF_VALUATION(2.0),A,USA,P2,R92,CPA08_H51,XDC,O,V,T1634,2024,0.18,D,S1,D,F,2,A,6,USD
OECD.SDD.NAD:DSD_NASU@DF_VALUATION(2.0),A,USA,P2,R93,CPA08_H51,XDC,O,V,T1634,2024,0.13,D,S1,D,F,2,A,6,USD
OECD.SDD.NAD:DSD_NASU@DF_VALUATION(2.0),A,USA,P2,C13,CPA08_H51,XDC,O,V,T1634,2024,0.04,D,S1,D,F,2,A,6,USD
OECD.SDD.NAD:DSD_NASU@DF_VALUATION(2.0),A,USA,P2,C14,CPA08_H51,XDC,O,V,T1634,2024,0.01,D,S1,D,F,2,A,6,USD
OECD.SDD.NAD:DSD_NASU@DF_VALUATION(2.0),A,USA,P2,C15,CPA08_H51,XDC,O,V,T1634,2024,0,D,S1,D,F,2,A,6,USD
OECD.SDD.NAD:DSD_NASU@DF_VALUATION(2.0),A,USA,P2,C16,CPA08_H51,XDC,O,V,T1634,2024,0.2,D,S1,D,F,2,A,6,USD
OECD.SDD.NAD:DSD_NASU@DF_VALUATION(2.0),A,USA,P2,C17,CPA08_H51,XDC,O,V,T1634,2024,0.22,D,S1,D,F,2,A,6,USD
OECD.SDD.NAD:DSD_NASU@DF_VALUATION(2.0),A,USA,P2,C18,CPA08_H51,XDC,O,V,T1634,2024,0.09,D,S1,D,F,2,A,6,USD
OECD.SDD.NAD:DSD_NASU@DF_VALUATION(2.0),A,USA,P2,C19,CPA08_H51,XDC,O,V,T1634,2024,0.02,D,S1,D,F,2,A,6,USD
OECD.SDD.NAD:DSD_NASU@DF_VALUATION(2.0),A,USA,P2,C20,CPA08_H51,XDC,O,V,T1634,2024,0.61,D,S1,D,F,2,A,6,USD
OECD.SDD.NAD:DSD_NASU@DF_VALUATION(2.0),A,USA,P2,C21,CPA08_H51,XDC,O,V,T1634,2024,0.05,D,S1,D,F,2,A,6,USD
OECD.SDD.NAD:DSD_NASU@DF_VALUATION(2.0),A,USA,P2,C22,CPA08_H51,XDC,O,V,T1634,2024,0.46,D,S1,D,F,2,A,6,USD
OECD.SDD.NAD:DSD_NASU@DF_VALUATION(2.0),A,USA,P2,C23,CPA08_H51,XDC,O,V,T1634,2024,0.85,D,S1,D,F,2,A,6,USD
OECD.SDD.NAD:DSD_NASU@DF_VALUATION(2.0),A,USA,P2,C24,CPA08_H51,XDC,O,V,T1634,2024,0.38,D,S1,D,F,2,A,6,USD
OECD.SDD.NAD:DSD_NASU@DF_VALUATION(2.0),A,USA,P2,C25,CPA08_H51,XDC,O,V,T1634,2024,0.41,D,S1,D,F,2,A,6,USD
OECD.SDD.NAD:DSD_NASU@DF_VALUATION(2.0),A,USA,P2,C26,CPA08_H51,XDC,O,V,T1634,2024,0.11,D,S1,D,F,2,A,6,USD
OECD.SDD.NAD:DSD_NASU@DF_VALUATION(2.0),A,USA,P2,F,CPA08_K,XDC,O,V,T1634,2024,3.9,D,S1,D,F,2,A,6,USD
OECD.SDD.NAD:DSD_NASU@DF_VALUATION(2.0),A,USA,P2,F41,CPA08_K,XDC,O,V,T1634,2024,3.25,D,S1,D,F,2,A,6,USD
OECD.SDD.NAD:DSD_NASU@DF_VALUATION(2.0),A,USA,P2,F42,CPA08_K,XDC,O,V,T1634,2024,0.65,D,S1,D,F,2,A,6,USD
OECD.SDD.NAD:DSD_NASU@DF_VALUATION(2.0),A,USA,P2,G,CPA08_K,XDC,O,V,T1634,2024,8.78,D,S1,D,F,2,A,6,USD
OECD.SDD.NAD:DSD_NASU@DF_VALUATION(2.0),A,USA,P2,G45,CPA08_K,XDC,O,V,T1634,2024,1.9,D,S1,D,F,2,A,6,USD
OECD.SDD.NAD:DSD_NASU@DF_VALUATION(2.0),A,USA,P2,G47,CPA08_K,XDC,O,V,T1634,2024,2.4,D,S1,D,F,2,A,6,USD
OECD.SDD.NAD:DSD_NASU@DF_VALUATION(2.0),A,USA,P2,H49,CPA08_K,XDC,O,V,T1634,2024,2.85,D,S1,D,F,2,A,6,USD
OECD.SDD.NAD:DSD_NASU@DF_VALUATION(2.0),A,USA,P2,H50,CPA08_K,XDC,O,V,T1634,2024,0.16,D,S1,D,F,2,A,6,USD
OECD.SDD.NAD:DSD_NASU@DF_VALUATION(2.0),A,USA,P2,H51,CPA08_K,XDC,O,V,T1634,2024,0.58,D,S1,D,F,2,A,6,USD
OECD.SDD.NAD:DSD_NASU@DF_VALUATION(2.0),A,USA,P2,H52,CPA08_K,XDC,O,V,T1634,2024,0.62,D,S1,D,F,2,A,6,USD
OECD.SDD.NAD:DSD_NASU@DF_VALUATION(2.0),A,USA,P2,H53,CPA08_K,XDC,O,V,T1634,2024,0.34,D,S1,D,F,2,A,6,USD
OECD.SDD.NAD:DSD_NASU@DF_VALUATION(2.0),A,USA,P2,I,CPA08_K,XDC,O,V,T1634,2024,3.18,D,S1,D,F,2,A,6,USD
OECD.SDD.NAD:DSD_NASU@DF_VALUATION(2.0),A,USA,P2,I55,CPA08_K,XDC,O,V,T1634,2024,1.35,D,S1,D,F,2,A,6,USD
OECD.SDD.NAD:DSD_NASU@DF_VALUATION(2.0),A,USA,P2,I56,CPA08_K,XDC,O,V,T1634,2024,1.83,D,S1,D,F,2,A,6,USD
OECD.SDD.NAD:DSD_NASU@DF_VALUATION(2.0),A,USA,P2,J,CPA08_K,XDC,O,V,T1634,2024,12.22,D,S1,D,F,2,A,6,USD
OECD.SDD.NAD:DSD_NASU@DF_VALUATION(2.0),A,USA,P2,J58,CPA08_K,XDC,O,V,T1634,2024,2.25,D,S1,D,F,2,A,6,USD
OECD.SDD.NAD:DSD_NASU@DF_VALUATION(2.0),A,USA,P2,J59_60,CPA08_K,XDC,O,V,T1634,2024,2.19,D,S1,D,F,2,A,6,USD
OECD.SDD.NAD:DSD_NASU@DF_VALUATION(2.0),A,USA,P2,J59,CPA08_K,XDC,O,V,T1634,2024,0.95,D,S1,D,F,2,A,6,USD
OECD.SDD.NAD:DSD_NASU@DF_VALUATION(2.0),A,USA,P2,J60,CPA08_K,XDC,O,V,T1634,2024,1.24,D,S1,D,F,2,A,6,USD
OECD.SDD.NAD:DSD_NASU@DF_VALUATION(2.0),A,USA,P2,J61,CPA08_K,XDC,O,V,T1634,2024,3.73,D,S1,D,F,2,A,6,USD
OECD.SDD.NAD:DSD_NASU@DF_VALUATION(2.0),A,USA,P2,J62_63,CPA08_K,XDC,O,V,T1634,2024,4.05,D,S1,D,F,2,A,6,USD
OECD.SDD.NAD:DSD_NASU@DF_VALUATION(2.0),A,USA,P2,J62,CPA08_K,XDC,O,V,T1634,2024,1.18,D,S1,D,F,2,A,6,USD
OECD.SDD.NAD:DSD_NASU@DF_VALUATION(2.0),A,USA,P2,J63,CPA08_K,XDC,O,V,T1634,2024,2.87,D,S1,D,F,2,A,6,USD
OECD.SDD.NAD:DSD_NASU@DF_VALUATION(2.0),A,USA,P2,K,CPA08_K,XDC,O,V,T1634,2024,25.1,D,S1,D,F,2,A,6,USD
OECD.SDD.NAD:DSD_NASU@DF_VALUATION(2.0),A,USA,P2,K64,CPA08_K,XDC,O,V,T1634,2024,23.52,D,S1,D,F,2,A,6,USD
OECD.SDD.NAD:DSD_NASU@DF_VALUATION(2.0),A,USA,P2,K65,CPA08_K,XDC,O,V,T1634,2024,1.52,D,S1,D,F,2,A,6,USD
OECD.SDD.NAD:DSD_NASU@DF_VALUATION(2.0),A,USA,P2,K66,CPA08_K,XDC,O,V,T1634,2024,0.05,D,S1,D,F,2,A,6,USD
OECD.SDD.NAD:DSD_NASU@DF_VALUATION(2.0),A,USA,P2,L,CPA08_K,XDC,O,V,T1634,2024,48.66,D,S1,D,F,2,A,6,USD
OECD.SDD.NAD:DSD_NASU@DF_VALUATION(2.0),A,USA,P2,L68B,CPA08_K,XDC,O,V,T1634,2024,28.5,D,S1,D,F,2,A,6,USD
OECD.SDD.NAD:DSD_NASU@DF_VALUATION(2.0),A,USA,P2,M,CPA08_K,XDC,O,V,T1634,2024,10.37,D,S1,D,F,2,A,6,USD
OECD.SDD.NAD:DSD_NASU@DF_VALUATION(2.0),A,USA,P2,M69_70,CPA08_K,XDC,O,V,T1634,2024,6.89,D,S1,D,F,2,A,6,USD
OECD.SDD.NAD:DSD_NASU@DF_VALUATION(2.0),A,USA,P2,M69,CPA08_K,XDC,O,V,T1634,2024,1.14,D,S1,D,F,2,A,6,USD
OECD.SDD.NAD:DSD_NASU@DF_VALUATION(2.0),A,USA,P2,M70,CPA08_K,XDC,O,V,T1634,2024,5.76,D,S1,D,F,2,A,6,USD
OECD.SDD.NAD:DSD_NASU@DF_VALUATION(2.0),A,USA,P2,M71,CPA08_K,XDC,O,V,T1634,2024,1.08,D,S1,D,F,2,A,6,USD
OECD.SDD.NAD:DSD_NASU@DF_VALUATION(2.0),A,USA,P2,M72,CPA08_K,XDC,O,V,T1634,2024,0.8,D,S1,D,F,2,A,6,USD
OECD.SDD.NAD:DSD_NASU@DF_VALUATION(2.0),A,USA,P2,M74_75,CPA08_K,XDC,O,V,T1634,2024,0.84,D,S1,D,F,2,A,6,USD
OECD.SDD.NAD:DSD_NASU@DF_VALUATION(2.0),A,USA,P2,M74,CPA08_K,XDC,O,V,T1634,2024,0.69,D,S1,D,F,2,A,6,USD
OECD.SDD.NAD:DSD_NASU@DF_VALUATION(2.0),A,USA,P2,N,CPA08_K,XDC,O,V,T1634,2024,5.18,D,S1,D,F,2,A,6,USD
OECD.SDD.NAD:DSD_NASU@DF_VALUATION(2.0),A,USA,P2,N77,CPA08_K,XDC,O,V,T1634,2024,3.2,D,S1,D,F,2,A,6,USD
OECD.SDD.NAD:DSD_NASU@DF_VALUATION(2.0),A,USA,P2,N78,CPA08_K,XDC,O,V,T1634,2024,0.57,D,S1,D,F,2,A,6,USD
OECD.SDD.NAD:DSD_NASU@DF_VALUATION(2.0),A,USA,P2,N79,CPA08_K,XDC,O,V,T1634,2024,0.15,D,S1,D,F,2,A,6,USD
OECD.SDD.NAD:DSD_NASU@DF_VALUATION(2.0),A,USA,P2,N80T82,CPA08_K,XDC,O,V,T1634,2024,1.26,D,S1,D,F,2,A,6,USD
OECD.SDD.NAD:DSD_NASU@DF_VALUATION(2.0),A,USA,P2,N80,CPA08_K,XDC,O,V,T1634,2024,0.12,D,S1,D,F,2,A,6,USD
OECD.SDD.NAD:DSD_NASU@DF_VALUATION(2.0),A,USA,P2,N81,CPA08_K,XDC,O,V,T1634,2024,0.58,D,S1,D,F,2,A,6,USD
OECD.SDD.NAD:DSD_NASU@DF_VALUATION(2.0),A,USA,P2,N82,CPA08_K,XDC,O,V,T1634,2024,0.56,D,S1,D,F,2,A,6,USD
OECD.SDD.NAD:DSD_NASU@DF_VALUATION(2.0),A,USA,P2,P,CPA08_K,XDC,O,V,T1634,2024,0.38,D,S1,D,F,2,A,6,USD
OECD.SDD.NAD:DSD_NASU@DF_VALUATION(2.0),A,USA,P2,Q,CPA08_K,XDC,O,V,T1634,2024,3.79,D,S1,D,F,2,A,6,USD
OECD.SDD.NAD:DSD_NASU@DF_VALUATION(2.0),A,USA,P2,Q86,CPA08_K,XDC,O,V,T1634,2024,3.25,D,S1,D,F,2,A,6,USD
OECD.SDD.NAD:DSD_NASU@DF_VALUATION(2.0),A,USA,P2,Q87_88,CPA08_K,XDC,O,V,T1634,2024,0.54,D,S1,D,F,2,A,6,USD
OECD.SDD.NAD:DSD_NASU@DF_VALUATION(2.0),A,USA,P2,Q87,CPA08_K,XDC,O,V,T1634,2024,0.26,D,S1,D,F,2,A,6,USD
OECD.SDD.NAD:DSD_NASU@DF_VALUATION(2.0),A,USA,P2,Q88,CPA08_K,XDC,O,V,T1634,2024,0.28,D,S1,D,F,2,A,6,USD
OECD.SDD.NAD:DSD_NASU@DF_VALUATION(2.0),A,USA,P2,R90T92,CPA08_K,XDC,O,V,T1634,2024,0.43,D,S1,D,F,2,A,6,USD
OECD.SDD.NAD:DSD_NASU@DF_VALUATION(2.0),A,USA,P2,R90,CPA08_K,XDC,O,V,T1634,2024,0.25,D,S1,D,F,2,A,6,USD
OECD.SDD.NAD:DSD_NASU@DF_VALUATION(2.0),A,USA,P2,C13T15,CPA08_K,XDC,O,V,T1634,2024,0.33,D,S1,D,F,2,A,6,USD
OECD.SDD.NAD:DSD_NASU@DF_VALUATION(2.0),A,USA,P2,C13,CPA08_K,XDC,O,V,T1634,2024,0.08,D,S1,D,F,2,A,6,USD
OECD.SDD.NAD:DSD_NASU@DF_VALUATION(2.0),A,USA,P2,C14,CPA08_K,XDC,O,V,T1634,2024,0.19,D,S1,D,F,2,A,6,USD
OECD.SDD.NAD:DSD_NASU@DF_VALUATION(2.0),A,USA,P2,C16,CPA08_K,XDC,O,V,T1634,2024,0.28,D,S1,D,F,2,A,6,USD
OECD.SDD.NAD:DSD_NASU@DF_VALUATION(2.0),A,USA,P2,C17,CPA08_K,XDC,O,V,T1634,2024,0.31,D,S1,D,F,2,A,6,USD
OECD.SDD.NAD:DSD_NASU@DF_VALUATION(2.0),A,USA,P2,C18,CPA08_K,XDC,O,V,T1634,2024,0.17,D,S1,D,F,2,A,6,USD
OECD.SDD.NAD:DSD_NASU@DF_VALUATION(2.0),A,USA,P2,C19,CPA08_K,XDC,O,V,T1634,2024,0.15,D,S1,D,F,2,A,6,USD
OECD.SDD.NAD:DSD_NASU@DF_VALUATION(2.0),A,USA,P2,C20,CPA08_K,XDC,O,V,T1634,2024,1.16,D,S1,D,F,2,A,6,USD
OECD.SDD.NAD:DSD_NASU@DF_VALUATION(2.0),A,USA,P2,C22,CPA08_K,XDC,O,V,T1634,2024,0.52,D,S1,D,F,2,A,6,USD
OECD.SDD.NAD:DSD_NASU@DF_VALUATION(2.0),A,USA,P2,C24,CPA08_K,XDC,O,V,T1634,2024,0.46,D,S1,D,F,2,A,6,USD
OECD.SDD.NAD:DSD_NASU@DF_VALUATION(2.0),A,USA,P2,C25,CPA08_K,XDC,O,V,T1634,2024,0.62,D,S1,D,F,2,A,6,USD
OECD.SDD.NAD:DSD_NASU@DF_VALUATION(2.0),A,USA,P2,C26,CPA08_K,XDC,O,V,T1634,2024,1.12,D,S1,D,F,2,A,6,USD
OECD.SDD.NAD:DSD_NASU@DF_VALUATION(2.0),A,USA,P2,C27,CPA08_K,XDC,O,V,T1634,2024,0.42,D,S1,D,F,2,A,6,USD
OECD.SDD.NAD:DSD_NASU@DF_VALUATION(2.0),A,USA,P2,C28,CPA08_K,XDC,O,V,T1634,2024,0.49,D,S1,D,F,2,A,6,USD
OECD.SDD.NAD:DSD_NASU@DF_VALUATION(2.0),A,USA,P2,C29,CPA08_K,XDC,O,V,T1634,2024,1.03,D,S1,D,F,2,A,6,USD
OECD.SDD.NAD:DSD_NASU@DF_VALUATION(2.0),A,USA,P2,C30,CPA08_K,XDC,O,V,T1634,2024,0.28,D,S1,D,F,2,A,6,USD
OECD.SDD.NAD:DSD_NASU@DF_VALUATION(2.0),A,USA,P2,C31,CPA08_K,XDC,O,V,T1634,2024,0.2,D,S1,D,F,2,A,6,USD
OECD.SDD.NAD:DSD_NASU@DF_VALUATION(2.0),A,USA,P2,C32,CPA08_K,XDC,O,V,T1634,2024,0.45,D,S1,D,F,2,A,6,USD
OECD.SDD.NAD:DSD_NASU@DF_VALUATION(2.0),A,USA,P2,C33,CPA08_K,XDC,O,V,T1634,2024,0.07,D,S1,D,F,2,A,6,USD
OECD.SDD.NAD:DSD_NASU@DF_VALUATION(2.0),A,USA,P2,E,CPA08_K,XDC,O,V,T1634,2024,0.42,D,S1,D,F,2,A,6,USD
OECD.SDD.NAD:DSD_NASU@DF_VALUATION(2.0),A,USA,P2,E36,CPA08_K,XDC,O,V,T1634,2024,0.09,D,S1,D,F,2,A,6,USD
OECD.SDD.NAD:DSD_NASU@DF_VALUATION(2.0),A,USA,P2,E37T39,CPA08_K,XDC,O,V,T1634,2024,0.33,D,S1,D,F,2,A,6,USD
OECD.SDD.NAD:DSD_NASU@DF_VALUATION(2.0),A,USA,P2,E37,CPA08_K,XDC,O,V,T1634,2024,0.01,D,S1,D,F,2,A,6,USD
OECD.SDD.NAD:DSD_NASU@DF_VALUATION(2.0),A,USA,P2,E38,CPA08_K,XDC,O,V,T1634,2024,0.24,D,S1,D,F,2,A,6,USD
OECD.SDD.NAD:DSD_NASU@DF_VALUATION(2.0),A,USA,P2,E39,CPA08_K,XDC,O,V,T1634,2024,0.08,D,S1,D,F,2,A,6,USD
OECD.SDD.NAD:DSD_NASU@DF_VALUATION(2.0),A,USA,P2,B,CPA08_K,XDC,O,V,T1634,2024,1.03,D,S1,D,F,2,A,6,USD
OECD.SDD.NAD:DSD_NASU@DF_VALUATION(2.0),A,USA,P2,B05,CPA08_K,XDC,O,V,T1634,2024,0.07,D,S1,D,F,2,A,6,USD
OECD.SDD.NAD:DSD_NASU@DF_VALUATION(2.0),A,USA,P2,B06,CPA08_K,XDC,O,V,T1634,2024,0.64,D,S1,D,F,2,A,6,USD
OECD.SDD.NAD:DSD_NASU@DF_VALUATION(2.0),A,USA,P2,B07,CPA08_K,XDC,O,V,T1634,2024,0.06,D,S1,D,F,2,A,6,USD
OECD.SDD.NAD:DSD_NASU@DF_VALUATION(2.0),A,USA,P2,B08,CPA08_K,XDC,O,V,T1634,2024,0.1,D,S1,D,F,2,A,6,USD
OECD.SDD.NAD:DSD_NASU@DF_VALUATION(2.0),A,USA,P2,B09,CPA08_K,XDC,O,V,T1634,2024,0.16,D,S1,D,F,2,A,6,USD
OECD.SDD.NAD:DSD_NASU@DF_VALUATION(2.0),A,USA,P2,C,CPA08_K,XDC,O,V,T1634,2024,9.68,D,S1,D,F,2,A,6,USD
OECD.SDD.NAD:DSD_NASU@DF_VALUATION(2.0),A,USA,P2,C10T12,CPA08_K,XDC,O,V,T1634,2024,1.01,D,S1,D,F,2,A,6,USD
OECD.SDD.NAD:DSD_NASU@DF_VALUATION(2.0),A,USA,P2,C10,CPA08_K,XDC,O,V,T1634,2024,0.83,D,S1,D,F,2,A,6,USD
OECD.SDD.NAD:DSD_NASU@DF_VALUATION(2.0),A,USA,P2,C11,CPA08_K,XDC,O,V,T1634,2024,0.1,D,S1,D,F,2,A,6,USD
OECD.SDD.NAD:DSD_NASU@DF_VALUATION(2.0),A,USA,P2,C12,CPA08_K,XDC,O,V,T1634,2024,0.08,D,S1,D,F,2,A,6,USD
OECD.SDD.NAD:DSD_NASU@DF_VALUATION(2.0),A,USA,P2,J58,CPA08_K64,XDC,O,V,T1634,2024,2.25,D,S1,D,F,2,A,6,USD
OECD.SDD.NAD:DSD_NASU@DF_VALUATION(2.0),A,USA,P2,J59_60,CPA08_K64,XDC,O,V,T1634,2024,2.19,D,S1,D,F,2,A,6,USD
OECD.SDD.NAD:DSD_NASU@DF_VALUATION(2.0),A,USA,P2,J59,CPA08_K64,XDC,O,V,T1634,2024,0.95,D,S1,D,F,2,A,6,USD
OECD.SDD.NAD:DSD_NASU@DF_VALUATION(2.0),A,USA,P2,J60,CPA08_K64,XDC,O,V,T1634,2024,1.24,D,S1,D,F,2,A,6,USD
OECD.SDD.NAD:DSD_NASU@DF_VALUATION(2.0),A,USA,P2,J61,CPA08_K64,XDC,O,V,T1634,2024,3.73,D,S1,D,F,2,A,6,USD
OECD.SDD.NAD:DSD_NASU@DF_VALUATION(2.0),A,USA,P2,J62_63,CPA08_K64,XDC,O,V,T1634,2024,4.05,D,S1,D,F,2,A,6,USD
OECD.SDD.NAD:DSD_NASU@DF_VALUATION(2.0),A,USA,P2,J62,CPA08_K64,XDC,O,V,T1634,2024,1.18,D,S1,D,F,2,A,6,USD
OECD.SDD.NAD:DSD_NASU@DF_VALUATION(2.0),A,USA,P2,J63,CPA08_K64,XDC,O,V,T1634,2024,2.87,D,S1,D,F,2,A,6,USD
OECD.SDD.NAD:DSD_NASU@DF_VALUATION(2.0),A,USA,P2,K,CPA08_K64,XDC,O,V,T1634,2024,25.1,D,S1,D,F,2,A,6,USD
OECD.SDD.NAD:DSD_NASU@DF_VALUATION(2.0),A,USA,P2,K64,CPA08_K64,XDC,O,V,T1634,2024,23.52,D,S1,D,F,2,A,6,USD
OECD.SDD.NAD:DSD_NASU@DF_VALUATION(2.0),A,USA,P2,K65,CPA08_K64,XDC,O,V,T1634,2024,1.52,D,S1,D,F,2,A,6,USD
OECD.SDD.NAD:DSD_NASU@DF_VALUATION(2.0),A,USA,P2,L,CPA08_K64,XDC,O,V,T1634,2024,48.66,D,S1,D,F,2,A,6,USD
OECD.SDD.NAD:DSD_NASU@DF_VALUATION(2.0),A,USA,P2,L68A,CPA08_K64,XDC,O,V,T1634,2024,20.17,D,S1,D,F,2,A,6,USD
OECD.SDD.NAD:DSD_NASU@DF_VALUATION(2.0),A,USA,P2,L68B,CPA08_K64,XDC,O,V,T1634,2024,28.5,D,S1,D,F,2,A,6,USD
OECD.SDD.NAD:DSD_NASU@DF_VALUATION(2.0),A,USA,P2,M,CPA08_K64,XDC,O,V,T1634,2024,10.37,D,S1,D,F,2,A,6,USD
OECD.SDD.NAD:DSD_NASU@DF_VALUATION(2.0),A,USA,P2,M69_70,CPA08_K64,XDC,O,V,T1634,2024,6.89,D,S1,D,F,2,A,6,USD
OECD.SDD.NAD:DSD_NASU@DF_VALUATION(2.0),A,USA,P2,M69,CPA08_K64,XDC,O,V,T1634,2024,1.14,D,S1,D,F,2,A,6,USD
OECD.SDD.NAD:DSD_NASU@DF_VALUATION(2.0),A,USA,P2,M70,CPA08_K64,XDC,O,V,T1634,2024,5.76,D,S1,D,F,2,A,6,USD
OECD.SDD.NAD:DSD_NASU@DF_VALUATION(2.0),A,USA,P2,M71,CPA08_K64,XDC,O,V,T1634,2024,1.08,D,S1,D,F,2,A,6,USD
OECD.SDD.NAD:DSD_NASU@DF_VALUATION(2.0),A,USA,P2,M72,CPA08_K64,XDC,O,V,T1634,2024,0.8,D,S1,D,F,2,A,6,USD
OECD.SDD.NAD:DSD_NASU@DF_VALUATION(2.0),A,USA,P2,M73,CPA08_K64,XDC,O,V,T1634,2024,0.76,D,S1,D,F,2,A,6,USD
OECD.SDD.NAD:DSD_NASU@DF_VALUATION(2.0),A,USA,P2,M74_75,CPA08_K64,XDC,O,V,T1634,2024,0.84,D,S1,D,F,2,A,6,USD
OECD.SDD.NAD:DSD_NASU@DF_VALUATION(2.0),A,USA,P2,M74,CPA08_K64,XDC,O,V,T1634,2024,0.69,D,S1,D,F,2,A,6,USD
OECD.SDD.NAD:DSD_NASU@DF_VALUATION(2.0),A,USA,P2,M75,CPA08_K64,XDC,O,V,T1634,2024,0.15,D,S1,D,F,2,A,6,USD
OECD.SDD.NAD:DSD_NASU@DF_VALUATION(2.0),A,USA,P2,N,CPA08_K64,XDC,O,V,T1634,2024,5.18,D,S1,D,F,2,A,6,USD
OECD.SDD.NAD:DSD_NASU@DF_VALUATION(2.0),A,USA,P2,N77,CPA08_K64,XDC,O,V,T1634,2024,3.2,D,S1,D,F,2,A,6,USD
OECD.SDD.NAD:DSD_NASU@DF_VALUATION(2.0),A,USA,P2,N78,CPA08_K64,XDC,O,V,T1634,2024,0.57,D,S1,D,F,2,A,6,USD
OECD.SDD.NAD:DSD_NASU@DF_VALUATION(2.0),A,USA,P2,N79,CPA08_K64,XDC,O,V,T1634,2024,0.15,D,S1,D,F,2,A,6,USD
OECD.SDD.NAD:DSD_NASU@DF_VALUATION(2.0),A,USA,P2,N80T82,CPA08_K64,XDC,O,V,T1634,2024,1.26,D,S1,D,F,2,A,6,USD
OECD.SDD.NAD:DSD_NASU@DF_VALUATION(2.0),A,USA,P2,N80,CPA08_K64,XDC,O,V,T1634,2024,0.12,D,S1,D,F,2,A,6,USD
OECD.SDD.NAD:DSD_NASU@DF_VALUATION(2.0),A,USA,P2,N81,CPA08_K64,XDC,O,V,T1634,2024,0.58,D,S1,D,F,2,A,6,USD
OECD.SDD.NAD:DSD_NASU@DF_VALUATION(2.0),A,USA,P2,N82,CPA08_K64,XDC,O,V,T1634,2024,0.56,D,S1,D,F,2,A,6,USD
OECD.SDD.NAD:DSD_NASU@DF_VALUATION(2.0),A,USA,P2,O,CPA08_K64,XDC,O,V,T1634,2024,9.32,D,S1,D,F,2,A,6,USD
OECD.SDD.NAD:DSD_NASU@DF_VALUATION(2.0),A,USA,P2,C13T15,CPA08_K64,XDC,O,V,T1634,2024,0.33,D,S1,D,F,2,A,6,USD
OECD.SDD.NAD:DSD_NASU@DF_VALUATION(2.0),A,USA,P2,C13,CPA08_K64,XDC,O,V,T1634,2024,0.08,D,S1,D,F,2,A,6,USD
OECD.SDD.NAD:DSD_NASU@DF_VALUATION(2.0),A,USA,P2,C14,CPA08_K64,XDC,O,V,T1634,2024,0.19,D,S1,D,F,2,A,6,USD
OECD.SDD.NAD:DSD_NASU@DF_VALUATION(2.0),A,USA,P2,C15,CPA08_K64,XDC,O,V,T1634,2024,0.07,D,S1,D,F,2,A,6,USD
OECD.SDD.NAD:DSD_NASU@DF_VALUATION(2.0),A,USA,P2,C16,CPA08_K64,XDC,O,V,T1634,2024,0.28,D,S1,D,F,2,A,6,USD
OECD.SDD.NAD:DSD_NASU@DF_VALUATION(2.0),A,USA,P2,C17,CPA08_K64,XDC,O,V,T1634,2024,0.31,D,S1,D,F,2,A,6,USD
OECD.SDD.NAD:DSD_NASU@DF_VALUATION(2.0),A,USA,P2,C18,CPA08_K64,XDC,O,V,T1634,2024,0.17,D,S1,D,F,2,A,6,USD
OECD.SDD.NAD:DSD_NASU@DF_VALUATION(2.0),A,USA,P2,C19,CPA08_K64,XDC,O,V,T1634,2024,0.15,D,S1,D,F,2,A,6,USD
OECD.SDD.NAD:DSD_NASU@DF_VALUATION(2.0),A,USA,P2,C20,CPA08_K64,XDC,O,V,T1634,2024,1.16,D,S1,D,F,2,A,6,USD
OECD.SDD.NAD:DSD_NASU@DF_VALUATION(2.0),A,USA,P2,C21,CPA08_K64,XDC,O,V,T1634,2024,0.32,D,S1,D,F,2,A,6,USD
OECD.SDD.NAD:DSD_NASU@DF_VALUATION(2.0),A,USA,P2,C22,CPA08_K64,XDC,O,V,T1634,2024,0.52,D,S1,D,F,2,A,6,USD
OECD.SDD.NAD:DSD_NASU@DF_VALUATION(2.0),A,USA,P2,C23,CPA08_K64,XDC,O,V,T1634,2024,0.28,D,S1,D,F,2,A,6,USD
OECD.SDD.NAD:DSD_NASU@DF_VALUATION(2.0),A,USA,P2,C24,CPA08_K64,XDC,O,V,T1634,2024,0.46,D,S1,D,F,2,A,6,USD
OECD.SDD.NAD:DSD_NASU@DF_VALUATION(2.0),A,USA,P2,C25,CPA08_K64,XDC,O,V,T1634,2024,0.62,D,S1,D,F,2,A,6,USD
OECD.SDD.NAD:DSD_NASU@DF_VALUATION(2.0),A,USA,P2,C26,CPA08_K64,XDC,O,V,T1634,2024,1.12,D,S1,D,F,2,A,6,USD
OECD.SDD.NAD:DSD_NASU@DF_VALUATION(2.0),A,USA,P2,C27,CPA08_K64,XDC,O,V,T1634,2024,0.42,D,S1,D,F,2,A,6,USD
OECD.SDD.NAD:DSD_NASU@DF_VALUATION(2.0),A,USA,P2,C28,CPA08_K64,XDC,O,V,T1634,2024,0.49,D,S1,D,F,2,A,6,USD
OECD.SDD.NAD:DSD_NASU@DF_VALUATION(2.0),A,USA,P2,C29,CPA08_K64,XDC,O,V,T1634,2024,1.03,D,S1,D,F,2,A,6,USD
OECD.SDD.NAD:DSD_NASU@DF_VALUATION(2.0),A,USA,P2,C30,CPA08_K64,XDC,O,V,T1634,2024,0.28,D,S1,D,F,2,A,6,USD
OECD.SDD.NAD:DSD_NASU@DF_VALUATION(2.0),A,USA,P2,C31_32,CPA08_K64,XDC,O,V,T1634,2024,0.64,D,S1,D,F,2,A,6,USD
OECD.SDD.NAD:DSD_NASU@DF_VALUATION(2.0),A,USA,P2,C31,CPA08_K64,XDC,O,V,T1634,2024,0.2,D,S1,D,F,2,A,6,USD
OECD.SDD.NAD:DSD_NASU@DF_VALUATION(2.0),A,USA,P2,C32,CPA08_K64,XDC,O,V,T1634,2024,0.45,D,S1,D,F,2,A,6,USD
OECD.SDD.NAD:DSD_NASU@DF_VALUATION(2.0),A,USA,P2,C33,CPA08_K64,XDC,O,V,T1634,2024,0.07,D,S1,D,F,2,A,6,USD
OECD.SDD.NAD:DSD_NASU@DF_VALUATION(2.0),A,USA,P2,D,CPA08_K64,XDC,O,V,T1634,2024,2.01,D,S1,D,F,2,A,6,USD
OECD.SDD.NAD:DSD_NASU@DF_VALUATION(2.0),A,USA,P2,E,CPA08_K64,XDC,O,V,T1634,2024,0.42,D,S1,D,F,2,A,6,USD
OECD.SDD.NAD:DSD_NASU@DF_VALUATION(2.0),A,USA,P2,A03,CPA08_K64,XDC,O,V,T1634,2024,0.02,D,S1,D,F,2,A,6,USD
OECD.SDD.NAD:DSD_NASU@DF_VALUATION(2.0),A,USA,P2,B,CPA08_K64,XDC,O,V,T1634,2024,1.03,D,S1,D,F,2,A,6,USD
OECD.SDD.NAD:DSD_NASU@DF_VALUATION(2.0),A,USA,P2,B05,CPA08_K64,XDC,O,V,T1634,2024,0.07,D,S1,D,F,2,A,6,USD
OECD.SDD.NAD:DSD_NASU@DF_VALUATION(2.0),A,USA,P2,B06,CPA08_K64,XDC,O,V,T1634,2024,0.64,D,S1,D,F,2,A,6,USD
OECD.SDD.NAD:DSD_NASU@DF_VALUATION(2.0),A,USA,P2,B07,CPA08_K64,XDC,O,V,T1634,2024,0.06,D,S1,D,F,2,A,6,USD
OECD.SDD.NAD:DSD_NASU@DF_VALUATION(2.0),A,USA,P2,B08,CPA08_K64,XDC,O,V,T1634,2024,0.1,D,S1,D,F,2,A,6,USD
OECD.SDD.NAD:DSD_NASU@DF_VALUATION(2.0),A,USA,P2,B09,CPA08_K64,XDC,O,V,T1634,2024,0.16,D,S1,D,F,2,A,6,USD
OECD.SDD.NAD:DSD_NASU@DF_VALUATION(2.0),A,USA,P2,C,CPA08_K64,XDC,O,V,T1634,2024,9.68,D,S1,D,F,2,A,6,USD
OECD.SDD.NAD:DSD_NASU@DF_VALUATION(2.0),A,USA,P2,C10T12,CPA08_K64,XDC,O,V,T1634,2024,1.01,D,S1,D,F,2,A,6,USD
OECD.SDD.NAD:DSD_NASU@DF_VALUATION(2.0),A,USA,P2,_T,CPA08_H51,XDC,O,V,T1634,2024,70.81,D,S1,D,F,2,A,6,USD
OECD.SDD.NAD:DSD_NASU@DF_VALUATION(2.0),A,USA,P2,A,CPA08_H51,XDC,O,V,T1634,2024,0.29,D,S1,D,F,2,A,6,USD
OECD.SDD.NAD:DSD_NASU@DF_VALUATION(2.0),A,USA,P2,A01,CPA08_H51,XDC,O,V,T1634,2024,0.27,D,S1,D,F,2,A,6,USD
OECD.SDD.NAD:DSD_NASU@DF_VALUATION(2.0),A,USA,P2,A02,CPA08_H51,XDC,O,V,T1634,2024,0.02,D,S1,D,F,2,A,6,USD
OECD.SDD.NAD:DSD_NASU@DF_VALUATION(2.0),A,USA,P2,S,CPA08_H51,XDC,O,V,T1634,2024,0.48,D,S1,D,F,2,A,6,USD
OECD.SDD.NAD:DSD_NASU@DF_VALUATION(2.0),A,USA,P2,S94,CPA08_H51,XDC,O,V,T1634,2024,0.3,D,S1,D,F,2,A,6,USD
OECD.SDD.NAD:DSD_NASU@DF_VALUATION(2.0),A,USA,P52,_Z,CPA08_H50,XDC,O,V,T1634,2024,0,D,S1,D,F,2,A,6,USD
OECD.SDD.NAD:DSD_NASU@DF_VALUATION(2.0),A,USA,P5,_Z,CPA08_H50,XDC,O,V,T1634,2024,0,D,S1,D,F,2,A,6,USD
OECD.SDD.NAD:DSD_NASU@DF_VALUATION(2.0),A,USA,P51G,_Z,CPA08_H50,XDC,O,V,T1634,2024,0,D,S1,D,F,2,A,6,USD
OECD.SDD.NAD:DSD_NASU@DF_VALUATION(2.0),A,USA,P3,_Z,CPA08_H50,XDC,O,V,T1634,2024,2.08,D,S1,D,F,2,A,6,USD
OECD.SDD.NAD:DSD_NASU@DF_VALUATION(2.0),A,USA,TU,_Z,CPA08_H50,XDC,O,V,T1634,2024,4.61,D,S1,D,F,2,A,6,USD
OECD.SDD.NAD:DSD_NASU@DF_VALUATION(2.0),A,USA,P2,C10T12,CPA08_H50,XDC,O,V,T1634,2024,0.13,D,S1,D,F,2,A,6,USD
OECD.SDD.NAD:DSD_NASU@DF_VALUATION(2.0),A,USA,P2,C24,CPA08_H50,XDC,O,V,T1634,2024,0.03,D,S1,D,F,2,A,6,USD
OECD.SDD.NAD:DSD_NASU@DF_VALUATION(2.0),A,USA,P2,C27,CPA08_H50,XDC,O,V,T1634,2024,0.01,D,S1,D,F,2,A,6,USD
OECD.SDD.NAD:DSD_NASU@DF_VALUATION(2.0),A,USA,P2,L,CPA08_H50,XDC,O,V,T1634,2024,0.01,D,S1,D,F,2,A,6,USD
OECD.SDD.NAD:DSD_NASU@DF_VALUATION(2.0),A,USA,P2,G,CPA08_H50,XDC,O,V,T1634,2024,0.01,D,S1,D,F,2,A,6,USD
OECD.SDD.NAD:DSD_NASU@DF_VALUATION(2.0),A,USA,P2,G45,CPA08_H50,XDC,O,V,T1634,2024,0,D,S1,D,F,2,A,6,USD
OECD.SDD.NAD:DSD_NASU@DF_VALUATION(2.0),A,USA,P2,G46,CPA08_H50,XDC,O,V,T1634,2024,0,D,S1,D,F,2,A,6,USD
OECD.SDD.NAD:DSD_NASU@DF_VALUATION(2.0),A,USA,P2,O,CPA08_K,XDC,O,V,T1634,2024,9.32,D,S1,D,F,2,A,6,USD
OECD.SDD.NAD:DSD_NASU@DF_VALUATION(2.0),A,USA,P2,R,CPA08_K,XDC,O,V,T1634,2024,0.79,D,S1,D,F,2,A,6,USD
OECD.SDD.NAD:DSD_NASU@DF_VALUATION(2.0),A,USA,P2,R92,CPA08_K,XDC,O,V,T1634,2024,0.14,D,S1,D,F,2,A,6,USD
OECD.SDD.NAD:DSD_NASU@DF_VALUATION(2.0),A,USA,P2,S94,CPA08_K,XDC,O,V,T1634,2024,0.88,D,S1,D,F,2,A,6,USD
OECD.SDD.NAD:DSD_NASU@DF_VALUATION(2.0),A,USA,P2,S96,CPA08_K,XDC,O,V,T1634,2024,0.36,D,S1,D,F,2,A,6,USD
OECD.SDD.NAD:DSD_NASU@DF_VALUATION(2.0),A,USA,P2,N78,CPA08_L,XDC,O,V,T1634,2024,6.36,D,S1,D,F,2,A,6,USD
OECD.SDD.NAD:DSD_NASU@DF_VALUATION(2.0),A,USA,P2,N79,CPA08_L,XDC,O,V,T1634,2024,2.47,D,S1,D,F,2,A,6,USD
OECD.SDD.NAD:DSD_NASU@DF_VALUATION(2.0),A,USA,P2,N80T82,CPA08_L,XDC,O,V,T1634,2024,21.4,D,S1,D,F,2,A,6,USD
OECD.SDD.NAD:DSD_NASU@DF_VALUATION(2.0),A,USA,P2,N81,CPA08_L,XDC,O,V,T1634,2024,11.42,D,S1,D,F,2,A,6,USD
OECD.SDD.NAD:DSD_NASU@DF_VALUATION(2.0),A,USA,P2,O,CPA08_L,XDC,O,V,T1634,2024,26.23,D,S1,D,F,2,A,6,USD
OECD.SDD.NAD:DSD_NASU@DF_VALUATION(2.0),A,USA,P2,P,CPA08_L,XDC,O,V,T1634,2024,9.29,D,S1,D,F,2,A,6,USD
OECD.SDD.NAD:DSD_NASU@DF_VALUATION(2.0),A,USA,P2,Q,CPA08_L,XDC,O,V,T1634,2024,110.23,D,S1,D,F,2,A,6,USD
OECD.SDD.NAD:DSD_NASU@DF_VALUATION(2.0),A,USA,P2,Q86,CPA08_L,XDC,O,V,T1634,2024,79.92,D,S1,D,F,2,A,6,USD
OECD.SDD.NAD:DSD_NASU@DF_VALUATION(2.0),A,USA,P2,Q87_88,CPA08_L,XDC,O,V,T1634,2024,30.31,D,S1,D,F,2,A,6,USD
OECD.SDD.NAD:DSD_NASU@DF_VALUATION(2.0),A,USA,P2,C12,CPA08_L,XDC,O,V,T1634,2024,0.36,D,S1,D,F,2,A,6,USD
OECD.SDD.NAD:DSD_NASU@DF_VALUATION(2.0),A,USA,P2,C13,CPA08_L,XDC,O,V,T1634,2024,0.46,D,S1,D,F,2,A,6,USD
OECD.SDD.NAD:DSD_NASU@DF_VALUATION(2.0),A,USA,P2,C14,CPA08_L,XDC,O,V,T1634,2024,0.21,D,S1,D,F,2,A,6,USD
OECD.SDD.NAD:DSD_NASU@DF_VALUATION(2.0),A,USA,P2,C15,CPA08_L,XDC,O,V,T1634,2024,0.04,D,S1,D,F,2,A,6,USD
OECD.SDD.NAD:DSD_NASU@DF_VALUATION(2.0),A,USA,P2,C16,CPA08_L,XDC,O,V,T1634,2024,0.84,D,S1,D,F,2,A,6,USD
OECD.SDD.NAD:DSD_NASU@DF_VALUATION(2.0),A,USA,P2,C17,CPA08_L,XDC,O,V,T1634,2024,1.94,D,S1,D,F,2,A,6,USD
OECD.SDD.NAD:DSD_NASU@DF_VALUATION(2.0),A,USA,P2,C18,CPA08_L,XDC,O,V,T1634,2024,2,D,S1,D,F,2,A,6,USD
OECD.SDD.NAD:DSD_NASU@DF_VALUATION(2.0),A,USA,P2,C19,CPA08_L,XDC,O,V,T1634,2024,0.03,D,S1,D,F,2,A,6,USD
OECD.SDD.NAD:DSD_NASU@DF_VALUATION(2.0),A,USA,P2,C20,CPA08_L,XDC,O,V,T1634,2024,1.4,D,S1,D,F,2,A,6,USD
OECD.SDD.NAD:DSD_NASU@DF_VALUATION(2.0),A,USA,P2,C21,CPA08_L,XDC,O,V,T1634,2024,5.32,D,S1,D,F,2,A,6,USD
OECD.SDD.NAD:DSD_NASU@DF_VALUATION(2.0),A,USA,P2,C22,CPA08_L,XDC,O,V,T1634,2024,2.95,D,S1,D,F,2,A,6,USD
OECD.SDD.NAD:DSD_NASU@DF_VALUATION(2.0),A,USA,P2,C23,CPA08_L,XDC,O,V,T1634,2024,1.34,D,S1,D,F,2,A,6,USD
OECD.SDD.NAD:DSD_NASU@DF_VALUATION(2.0),A,USA,P2,C24,CPA08_L,XDC,O,V,T1634,2024,0.73,D,S1,D,F,2,A,6,USD
OECD.SDD.NAD:DSD_NASU@DF_VALUATION(2.0),A,USA,P2,C25,CPA08_L,XDC,O,V,T1634,2024,6.29,D,S1,D,F,2,A,6,USD
OECD.SDD.NAD:DSD_NASU@DF_VALUATION(2.0),A,USA,P2,C26,CPA08_L,XDC,O,V,T1634,2024,6.37,D,S1,D,F,2,A,6,USD
OECD.SDD.NAD:DSD_NASU@DF_VALUATION(2.0),A,USA,P2,C27,CPA08_L,XDC,O,V,T1634,2024,1.23,D,S1,D,F,2,A,6,USD
OECD.SDD.NAD:DSD_NASU@DF_VALUATION(2.0),A,USA,P2,C28,CPA08_L,XDC,O,V,T1634,2024,2.09,D,S1,D,F,2,A,6,USD
OECD.SDD.NAD:DSD_NASU@DF_VALUATION(2.0),A,USA,P2,C29,CPA08_L,XDC,O,V,T1634,2024,2.04,D,S1,D,F,2,A,6,USD
OECD.SDD.NAD:DSD_NASU@DF_VALUATION(2.0),A,USA,P2,C30,CPA08_L,XDC,O,V,T1634,2024,1.69,D,S1,D,F,2,A,6,USD
OECD.SDD.NAD:DSD_NASU@DF_VALUATION(2.0),A,USA,P2,C31_32,CPA08_L,XDC,O,V,T1634,2024,2.66,D,S1,D,F,2,A,6,USD
OECD.SDD.NAD:DSD_NASU@DF_VALUATION(2.0),A,USA,P2,C31,CPA08_L,XDC,O,V,T1634,2024,1.32,D,S1,D,F,2,A,6,USD
OECD.SDD.NAD:DSD_NASU@DF_VALUATION(2.0),A,USA,P2,C32,CPA08_L,XDC,O,V,T1634,2024,1.35,D,S1,D,F,2,A,6,USD
OECD.SDD.NAD:DSD_NASU@DF_VALUATION(2.0),A,USA,P2,C33,CPA08_L,XDC,O,V,T1634,2024,2.1,D,S1,D,F,2,A,6,USD
OECD.SDD.NAD:DSD_NASU@DF_VALUATION(2.0),A,USA,P2,D,CPA08_L,XDC,O,V,T1634,2024,5.62,D,S1,D,F,2,A,6,USD
OECD.SDD.NAD:DSD_NASU@DF_VALUATION(2.0),A,USA,P2,E,CPA08_L,XDC,O,V,T1634,2024,4.47,D,S1,D,F,2,A,6,USD
OECD.SDD.NAD:DSD_NASU@DF_VALUATION(2.0),A,USA,P2,A03,CPA08_L,XDC,O,V,T1634,2024,0,D,S1,D,F,2,A,6,USD
OECD.SDD.NAD:DSD_NASU@DF_VALUATION(2.0),A,USA,P2,B,CPA08_L,XDC,O,V,T1634,2024,3.05,D,S1,D,F,2,A,6,USD
OECD.SDD.NAD:DSD_NASU@DF_VALUATION(2.0),A,USA,P2,B05,CPA08_L,XDC,O,V,T1634,2024,0.01,D,S1,D,F,2,A,6,USD
OECD.SDD.NAD:DSD_NASU@DF_VALUATION(2.0),A,USA,P2,B06,CPA08_L,XDC,O,V,T1634,2024,2.27,D,S1,D,F,2,A,6,USD
OECD.SDD.NAD:DSD_NASU@DF_VALUATION(2.0),A,USA,P2,B07,CPA08_L,XDC,O,V,T1634,2024,0.03,D,S1,D,F,2,A,6,USD
OECD.SDD.NAD:DSD_NASU@DF_VALUATION(2.0),A,USA,P2,B08,CPA08_L,XDC,O,V,T1634,2024,0.19,D,S1,D,F,2,A,6,USD
OECD.SDD.NAD:DSD_NASU@DF_VALUATION(2.0),A,USA,P2,B09,CPA08_L,XDC,O,V,T1634,2024,0.56,D,S1,D,F,2,A,6,USD
OECD.SDD.NAD:DSD_NASU@DF_VALUATION(2.0),A,USA,P2,C,CPA08_L,XDC,O,V,T1634,2024,47.22,D,S1,D,F,2,A,6,USD
OECD.SDD.NAD:DSD_NASU@DF_VALUATION(2.0),A,USA,P2,C10T12,CPA08_L,XDC,O,V,T1634,2024,5.5,D,S1,D,F,2,A,6,USD
OECD.SDD.NAD:DSD_NASU@DF_VALUATION(2.0),A,USA,P2,C10,CPA08_L,XDC,O,V,T1634,2024,4.09,D,S1,D,F,2,A,6,USD
OECD.SDD.NAD:DSD_NASU@DF_VALUATION(2.0),A,USA,P2,_T,CPA08_K,XDC,O,V,T1634,2024,6999.62,D,S1,D,F,2,A,6,USD
OECD.SDD.NAD:DSD_NASU@DF_VALUATION(2.0),A,USA,P2,A,CPA08_K,XDC,O,V,T1634,2024,6848.94,D,S1,D,F,2,A,6,USD
OECD.SDD.NAD:DSD_NASU@DF_VALUATION(2.0),A,USA,P2,A01,CPA08_K,XDC,O,V,T1634,2024,6848.85,D,S1,D,F,2,A,6,USD
OECD.SDD.NAD:DSD_NASU@DF_VALUATION(2.0),A,USA,P2,A02,CPA08_K,XDC,O,V,T1634,2024,0.08,D,S1,D,F,2,A,6,USD
OECD.SDD.NAD:DSD_NASU@DF_VALUATION(2.0),A,USA,P2,R91,CPA08_K,XDC,O,V,T1634,2024,0.03,D,S1,D,F,2,A,6,USD
OECD.SDD.NAD:DSD_NASU@DF_VALUATION(2.0),A,USA,P2,R93,CPA08_K,XDC,O,V,T1634,2024,0.37,D,S1,D,F,2,A,6,USD
OECD.SDD.NAD:DSD_NASU@DF_VALUATION(2.0),A,USA,P2,S96,CPA08_H51,XDC,O,V,T1634,2024,0.15,D,S1,D,F,2,A,6,USD
OECD.SDD.NAD:DSD_NASU@DF_VALUATION(2.0),A,USA,P52,_Z,CPA08_H51,XDC,O,V,T1634,2024,0.06,D,S1,D,F,2,A,6,USD
OECD.SDD.NAD:DSD_NASU@DF_VALUATION(2.0),A,USA,P5,_Z,CPA08_H51,XDC,O,V,T1634,2024,2.83,D,S1,D,F,2,A,6,USD
OECD.SDD.NAD:DSD_NASU@DF_VALUATION(2.0),A,USA,TU,_Z,CPA08_H51,XDC,O,V,T1634,2024,401.39,D,S1,D,F,2,A,6,USD
OECD.SDD.NAD:DSD_NASU@DF_VALUATION(2.0),A,USA,P3,_Z,CPA08_H51,XDC,O,V,T1634,2024,258.91,D,S1,D,F,2,A,6,USD
OECD.SDD.NAD:DSD_NASU@DF_VALUATION(2.0),A,USA,P51G,_Z,CPA08_H51,XDC,O,V,T1634,2024,2.77,D,S1,D,F,2,A,6,USD
OECD.SDD.NAD:DSD_NASU@DF_VALUATION(2.0),A,USA,P2,B05,CPA08_H51,XDC,O,V,T1634,2024,0.01,D,S1,D,F,2,A,6,USD
OECD.SDD.NAD:DSD_NASU@DF_VALUATION(2.0),A,USA,P2,C10,CPA08_H51,XDC,O,V,T1634,2024,0.79,D,S1,D,F,2,A,6,USD
OECD.SDD.NAD:DSD_NASU@DF_VALUATION(2.0),A,USA,P2,C30,CPA08_H51,XDC,O,V,T1634,2024,0.25,D,S1,D,F,2,A,6,USD
OECD.SDD.NAD:DSD_NASU@DF_VALUATION(2.0),A,USA,P2,E36,CPA08_H51,XDC,O,V,T1634,2024,0.02,D,S1,D,F,2,A,6,USD
OECD.SDD.NAD:DSD_NASU@DF_VALUATION(2.0),A,USA,P2,E37T39,CPA08_H51,XDC,O,V,T1634,2024,0.33,D,S1,D,F,2,A,6,USD
OECD.SDD.NAD:DSD_NASU@DF_VALUATION(2.0),A,USA,P2,F42,CPA08_H51,XDC,O,V,T1634,2024,0.29,D,S1,D,F,2,A,6,USD
OECD.SDD.NAD:DSD_NASU@DF_VALUATION(2.0),A,USA,P2,G45,CPA08_H51,XDC,O,V,T1634,2024,1.9,D,S1,D,F,2,A,6,USD
OECD.SDD.NAD:DSD_NASU@DF_VALUATION(2.0),A,USA,P2,J58,CPA08_H51,XDC,O,V,T1634,2024,0.3,D,S1,D,F,2,A,6,USD
OECD.SDD.NAD:DSD_NASU@DF_VALUATION(2.0),A,USA,P3,_Z,CPA08_K64,XDC,O,V,T1634,2024,97.76,D,S1,D,F,2,A,6,USD
OECD.SDD.NAD:DSD_NASU@DF_VALUATION(2.0),A,USA,P2,C12,CPA08_K64,XDC,O,V,T1634,2024,0.08,D,S1,D,F,2,A,6,USD
OECD.SDD.NAD:DSD_NASU@DF_VALUATION(2.0),A,USA,P2,E37,CPA08_K64,XDC,O,V,T1634,2024,0.01,D,S1,D,F,2,A,6,USD
OECD.SDD.NAD:DSD_NASU@DF_VALUATION(2.0),A,USA,P2,H49,CPA08_K64,XDC,O,V,T1634,2024,2.85,D,S1,D,F,2,A,6,USD
OECD.SDD.NAD:DSD_NASU@DF_VALUATION(2.0),A,USA,P2,K66,CPA08_K64,XDC,O,V,T1634,2024,0.05,D,S1,D,F,2,A,6,USD
OECD.SDD.NAD:DSD_NASU@DF_VALUATION(2.0),A,USA,P2,E36,CPA08_K64,XDC,O,V,T1634,2024,0.09,D,S1,D,F,2,A,6,USD
OECD.SDD.NAD:DSD_NASU@DF_VALUATION(2.0),A,USA,P2,E37T39,CPA08_K64,XDC,O,V,T1634,2024,0.33,D,S1,D,F,2,A,6,USD
OECD.SDD.NAD:DSD_NASU@DF_VALUATION(2.0),A,USA,P2,E38,CPA08_K64,XDC,O,V,T1634,2024,0.24,D,S1,D,F,2,A,6,USD
OECD.SDD.NAD:DSD_NASU@DF_VALUATION(2.0),A,USA,P2,E39,CPA08_K64,XDC,O,V,T1634,2024,0.08,D,S1,D,F,2,A,6,USD
OECD.SDD.NAD:DSD_NASU@DF_VALUATION(2.0),A,USA,P2,F,CPA08_K64,XDC,O,V,T1634,2024,3.9,D,S1,D,F,2,A,6,USD
OECD.SDD.NAD:DSD_NASU@DF_VALUATION(2.0),A,USA,P2,F41,CPA08_K64,XDC,O,V,T1634,2024,3.25,D,S1,D,F,2,A,6,USD
OECD.SDD.NAD:DSD_NASU@DF_VALUATION(2.0),A,USA,P2,F42,CPA08_K64,XDC,O,V,T1634,2024,0.65,D,S1,D,F,2,A,6,USD
OECD.SDD.NAD:DSD_NASU@DF_VALUATION(2.0),A,USA,P2,G,CPA08_K64,XDC,O,V,T1634,2024,8.78,D,S1,D,F,2,A,6,USD
OECD.SDD.NAD:DSD_NASU@DF_VALUATION(2.0),A,USA,P2,G45,CPA08_K64,XDC,O,V,T1634,2024,1.9,D,S1,D,F,2,A,6,USD
OECD.SDD.NAD:DSD_NASU@DF_VALUATION(2.0),A,USA,P2,G46,CPA08_K64,XDC,O,V,T1634,2024,4.47,D,S1,D,F,2,A,6,USD
OECD.SDD.NAD:DSD_NASU@DF_VALUATION(2.0),A,USA,P2,G47,CPA08_K64,XDC,O,V,T1634,2024,2.4,D,S1,D,F,2,A,6,USD
OECD.SDD.NAD:DSD_NASU@DF_VALUATION(2.0),A,USA,P2,H,CPA08_K64,XDC,O,V,T1634,2024,4.55,D,S1,D,F,2,A,6,USD
OECD.SDD.NAD:DSD_NASU@DF_VALUATION(2.0),A,USA,P2,H50,CPA08_K64,XDC,O,V,T1634,2024,0.16,D,S1,D,F,2,A,6,USD
OECD.SDD.NAD:DSD_NASU@DF_VALUATION(2.0),A,USA,P2,H51,CPA08_K64,XDC,O,V,T1634,2024,0.58,D,S1,D,F,2,A,6,USD
OECD.SDD.NAD:DSD_NASU@DF_VALUATION(2.0),A,USA,P2,H52,CPA08_K64,XDC,O,V,T1634,2024,0.62,D,S1,D,F,2,A,6,USD
OECD.SDD.NAD:DSD_NASU@DF_VALUATION(2.0),A,USA,P2,H53,CPA08_K64,XDC,O,V,T1634,2024,0.34,D,S1,D,F,2,A,6,USD
OECD.SDD.NAD:DSD_NASU@DF_VALUATION(2.0),A,USA,P2,I,CPA08_K64,XDC,O,V,T1634,2024,3.18,D,S1,D,F,2,A,6,USD
OECD.SDD.NAD:DSD_NASU@DF_VALUATION(2.0),A,USA,P2,I55,CPA08_K64,XDC,O,V,T1634,2024,1.35,D,S1,D,F,2,A,6,USD
OECD.SDD.NAD:DSD_NASU@DF_VALUATION(2.0),A,USA,P2,I56,CPA08_K64,XDC,O,V,T1634,2024,1.83,D,S1,D,F,2,A,6,USD
OECD.SDD.NAD:DSD_NASU@DF_VALUATION(2.0),A,USA,P2,J,CPA08_K64,XDC,O,V,T1634,2024,12.22,D,S1,D,F,2,A,6,USD
OECD.SDD.NAD:DSD_NASU@DF_VALUATION(2.0),A,USA,P2,C31_32,CPA08_L68B,XDC,O,V,T1634,2024,2.66,D,S1,D,F,2,A,6,USD
OECD.SDD.NAD:DSD_NASU@DF_VALUATION(2.0),A,USA,P2,C31,CPA08_L68B,XDC,O,V,T1634,2024,1.32,D,S1,D,F,2,A,6,USD
OECD.SDD.NAD:DSD_NASU@DF_VALUATION(2.0),A,USA,P2,C33,CPA08_L68B,XDC,O,V,T1634,2024,2.1,D,S1,D,F,2,A,6,USD
OECD.SDD.NAD:DSD_NASU@DF_VALUATION(2.0),A,USA,P2,D,CPA08_L68B,XDC,O,V,T1634,2024,5.62,D,S1,D,F,2,A,6,USD
OECD.SDD.NAD:DSD_NASU@DF_VALUATION(2.0),A,USA,P2,E,CPA08_L68B,XDC,O,V,T1634,2024,4.47,D,S1,D,F,2,A,6,USD
OECD.SDD.NAD:DSD_NASU@DF_VALUATION(2.0),A,USA,P2,E36,CPA08_L68B,XDC,O,V,T1634,2024,0.23,D,S1,D,F,2,A,6,USD
OECD.SDD.NAD:DSD_NASU@DF_VALUATION(2.0),A,USA,P2,E37T39,CPA08_L68B,XDC,O,V,T1634,2024,4.25,D,S1,D,F,2,A,6,USD
OECD.SDD.NAD:DSD_NASU@DF_VALUATION(2.0),A,USA,P2,B05,CPA08_L68B,XDC,O,V,T1634,2024,0.01,D,S1,D,F,2,A,6,USD
OECD.SDD.NAD:DSD_NASU@DF_VALUATION(2.0),A,USA,P2,B06,CPA08_L68B,XDC,O,V,T1634,2024,2.27,D,S1,D,F,2,A,6,USD
OECD.SDD.NAD:DSD_NASU@DF_VALUATION(2.0),A,USA,P2,B07,CPA08_L68B,XDC,O,V,T1634,2024,0.03,D,S1,D,F,2,A,6,USD
OECD.SDD.NAD:DSD_NASU@DF_VALUATION(2.0),A,USA,P2,B08,CPA08_L68B,XDC,O,V,T1634,2024,0.19,D,S1,D,F,2,A,6,USD
OECD.SDD.NAD:DSD_NASU@DF_VALUATION(2.0),A,USA,P2,B09,CPA08_L68B,XDC,O,V,T1634,2024,0.56,D,S1,D,F,2,A,6,USD
OECD.SDD.NAD:DSD_NASU@DF_VALUATION(2.0),A,USA,P2,C,CPA08_L68B,XDC,O,V,T1634,2024,47.22,D,S1,D,F,2,A,6,USD
OECD.SDD.NAD:DSD_NASU@DF_VALUATION(2.0),A,USA,P2,C10T12,CPA08_L68B,XDC,O,V,T1634,2024,5.5,D,S1,D,F,2,A,6,USD
OECD.SDD.NAD:DSD_NASU@DF_VALUATION(2.0),A,USA,P2,C10,CPA08_L68B,XDC,O,V,T1634,2024,4.09,D,S1,D,F,2,A,6,USD
OECD.SDD.NAD:DSD_NASU@DF_VALUATION(2.0),A,USA,P2,C11,CPA08_L68B,XDC,O,V,T1634,2024,1.05,D,S1,D,F,2,A,6,USD
OECD.SDD.NAD:DSD_NASU@DF_VALUATION(2.0),A,USA,P2,C12,CPA08_L68B,XDC,O,V,T1634,2024,0.36,D,S1,D,F,2,A,6,USD
OECD.SDD.NAD:DSD_NASU@DF_VALUATION(2.0),A,USA,P2,C13T15,CPA08_L68B,XDC,O,V,T1634,2024,0.7,D,S1,D,F,2,A,6,USD
OECD.SDD.NAD:DSD_NASU@DF_VALUATION(2.0),A,USA,P2,A,CPA08_L68B,XDC,O,V,T1634,2024,1.06,D,S1,D,F,2,A,6,USD
OECD.SDD.NAD:DSD_NASU@DF_VALUATION(2.0),A,USA,P2,A01,CPA08_L68B,XDC,O,V,T1634,2024,1.04,D,S1,D,F,2,A,6,USD
OECD.SDD.NAD:DSD_NASU@DF_VALUATION(2.0),A,USA,P2,A02,CPA08_L68B,XDC,O,V,T1634,2024,0.02,D,S1,D,F,2,A,6,USD
OECD.SDD.NAD:DSD_NASU@DF_VALUATION(2.0),A,USA,P2,C10,CPA08_K64,XDC,O,V,T1634,2024,0.83,D,S1,D,F,2,A,6,USD
OECD.SDD.NAD:DSD_NASU@DF_VALUATION(2.0),A,USA,P2,C11,CPA08_K64,XDC,O,V,T1634,2024,0.1,D,S1,D,F,2,A,6,USD
OECD.SDD.NAD:DSD_NASU@DF_VALUATION(2.0),A,USA,P2,_T,CPA08_K64,XDC,O,V,T1634,2024,152.37,D,S1,D,F,2,A,6,USD
OECD.SDD.NAD:DSD_NASU@DF_VALUATION(2.0),A,USA,P2,A,CPA08_K64,XDC,O,V,T1634,2024,1.69,D,S1,D,F,2,A,6,USD
OECD.SDD.NAD:DSD_NASU@DF_VALUATION(2.0),A,USA,P2,A01,CPA08_K64,XDC,O,V,T1634,2024,1.6,D,S1,D,F,2,A,6,USD
OECD.SDD.NAD:DSD_NASU@DF_VALUATION(2.0),A,USA,P2,A02,CPA08_K64,XDC,O,V,T1634,2024,0.08,D,S1,D,F,2,A,6,USD
OECD.SDD.NAD:DSD_NASU@DF_VALUATION(2.0),A,USA,P2,P,CPA08_K64,XDC,O,V,T1634,2024,0.38,D,S1,D,F,2,A,6,USD
OECD.SDD.NAD:DSD_NASU@DF_VALUATION(2.0),A,USA,P2,Q,CPA08_K64,XDC,O,V,T1634,2024,3.79,D,S1,D,F,2,A,6,USD
OECD.SDD.NAD:DSD_NASU@DF_VALUATION(2.0),A,USA,P2,S95,CPA08_K,XDC,O,V,T1634,2024,0.05,D,S1,D,F,2,A,6,USD
OECD.SDD.NAD:DSD_NASU@DF_VALUATION(2.0),A,USA,TU,_Z,CPA08_K,XDC,O,V,T1634,2024,7110.32,D,S1,D,F,2,A,6,USD
OECD.SDD.NAD:DSD_NASU@DF_VALUATION(2.0),A,USA,P3,_Z,CPA08_K,XDC,O,V,T1634,2024,97.76,D,S1,D,F,2,A,6,USD
OECD.SDD.NAD:DSD_NASU@DF_VALUATION(2.0),A,USA,P2,A03,CPA08_K,XDC,O,V,T1634,2024,0.02,D,S1,D,F,2,A,6,USD
OECD.SDD.NAD:DSD_NASU@DF_VALUATION(2.0),A,USA,P2,C15,CPA08_K,XDC,O,V,T1634,2024,0.07,D,S1,D,F,2,A,6,USD
OECD.SDD.NAD:DSD_NASU@DF_VALUATION(2.0),A,USA,P2,C21,CPA08_K,XDC,O,V,T1634,2024,0.32,D,S1,D,F,2,A,6,USD
OECD.SDD.NAD:DSD_NASU@DF_VALUATION(2.0),A,USA,P2,C23,CPA08_K,XDC,O,V,T1634,2024,0.28,D,S1,D,F,2,A,6,USD
OECD.SDD.NAD:DSD_NASU@DF_VALUATION(2.0),A,USA,P2,C31_32,CPA08_K,XDC,O,V,T1634,2024,0.64,D,S1,D,F,2,A,6,USD
OECD.SDD.NAD:DSD_NASU@DF_VALUATION(2.0),A,USA,P2,D,CPA08_K,XDC,O,V,T1634,2024,2.01,D,S1,D,F,2,A,6,USD
OECD.SDD.NAD:DSD_NASU@DF_VALUATION(2.0),A,USA,P2,G46,CPA08_K,XDC,O,V,T1634,2024,4.47,D,S1,D,F,2,A,6,USD
OECD.SDD.NAD:DSD_NASU@DF_VALUATION(2.0),A,USA,P2,H,CPA08_K,XDC,O,V,T1634,2024,4.55,D,S1,D,F,2,A,6,USD
OECD.SDD.NAD:DSD_NASU@DF_VALUATION(2.0),A,USA,P2,L68A,CPA08_K,XDC,O,V,T1634,2024,20.17,D,S1,D,F,2,A,6,USD
OECD.SDD.NAD:DSD_NASU@DF_VALUATION(2.0),A,USA,P2,M73,CPA08_K,XDC,O,V,T1634,2024,0.76,D,S1,D,F,2,A,6,USD
OECD.SDD.NAD:DSD_NASU@DF_VALUATION(2.0),A,USA,P2,M75,CPA08_K,XDC,O,V,T1634,2024,0.15,D,S1,D,F,2,A,6,USD
OECD.SDD.NAD:DSD_NASU@DF_VALUATION(2.0),A,USA,P2,N82,CPA08_L,XDC,O,V,T1634,2024,8.74,D,S1,D,F,2,A,6,USD
OECD.SDD.NAD:DSD_NASU@DF_VALUATION(2.0),A,USA,P2,S95,CPA08_L,XDC,O,V,T1634,2024,3.52,D,S1,D,F,2,A,6,USD
OECD.SDD.NAD:DSD_NASU@DF_VALUATION(2.0),A,USA,P2,E36,CPA08_L,XDC,O,V,T1634,2024,0.23,D,S1,D,F,2,A,6,USD
OECD.SDD.NAD:DSD_NASU@DF_VALUATION(2.0),A,USA,P2,E37T39,CPA08_L,XDC,O,V,T1634,2024,4.25,D,S1,D,F,2,A,6,USD
OECD.SDD.NAD:DSD_NASU@DF_VALUATION(2.0),A,USA,P2,E37,CPA08_L,XDC,O,V,T1634,2024,0,D,S1,D,F,2,A,6,USD
OECD.SDD.NAD:DSD_NASU@DF_VALUATION(2.0),A,USA,P2,E38,CPA08_L,XDC,O,V,T1634,2024,3.14,D,S1,D,F,2,A,6,USD
OECD.SDD.NAD:DSD_NASU@DF_VALUATION(2.0),A,USA,P2,F,CPA08_L,XDC,O,V,T1634,2024,30.68,D,S1,D,F,2,A,6,USD
OECD.SDD.NAD:DSD_NASU@DF_VALUATION(2.0),A,USA,P2,F41,CPA08_L,XDC,O,V,T1634,2024,27.4,D,S1,D,F,2,A,6,USD
OECD.SDD.NAD:DSD_NASU@DF_VALUATION(2.0),A,USA,P2,F42,CPA08_L,XDC,O,V,T1634,2024,3.28,D,S1,D,F,2,A,6,USD
OECD.SDD.NAD:DSD_NASU@DF_VALUATION(2.0),A,USA,P2,G,CPA08_L,XDC,O,V,T1634,2024,329.73,D,S1,D,F,2,A,6,USD
OECD.SDD.NAD:DSD_NASU@DF_VALUATION(2.0),A,USA,P2,G45,CPA08_L,XDC,O,V,T1634,2024,56.64,D,S1,D,F,2,A,6,USD
OECD.SDD.NAD:DSD_NASU@DF_VALUATION(2.0),A,USA,P2,G46,CPA08_L,XDC,O,V,T1634,2024,96.12,D,S1,D,F,2,A,6,USD
OECD.SDD.NAD:DSD_NASU@DF_VALUATION(2.0),A,USA,P2,G47,CPA08_L,XDC,O,V,T1634,2024,176.97,D,S1,D,F,2,A,6,USD
OECD.SDD.NAD:DSD_NASU@DF_VALUATION(2.0),A,USA,P2,H,CPA08_L,XDC,O,V,T1634,2024,34.34,D,S1,D,F,2,A,6,USD
OECD.SDD.NAD:DSD_NASU@DF_VALUATION(2.0),A,USA,P2,H49,CPA08_L,XDC,O,V,T1634,2024,15.41,D,S1,D,F,2,A,6,USD
OECD.SDD.NAD:DSD_NASU@DF_VALUATION(2.0),A,USA,P2,H50,CPA08_L,XDC,O,V,T1634,2024,1.31,D,S1,D,F,2,A,6,USD
OECD.SDD.NAD:DSD_NASU@DF_VALUATION(2.0),A,USA,P2,H52,CPA08_L,XDC,O,V,T1634,2024,14.48,D,S1,D,F,2,A,6,USD
OECD.SDD.NAD:DSD_NASU@DF_VALUATION(2.0),A,USA,P2,H53,CPA08_L,XDC,O,V,T1634,2024,2.63,D,S1,D,F,2,A,6,USD
OECD.SDD.NAD:DSD_NASU@DF_VALUATION(2.0),A,USA,P2,I,CPA08_L,XDC,O,V,T1634,2024,88.09,D,S1,D,F,2,A,6,USD
OECD.SDD.NAD:DSD_NASU@DF_VALUATION(2.0),A,USA,P2,I55,CPA08_L,XDC,O,V,T1634,2024,3.86,D,S1,D,F,2,A,6,USD
OECD.SDD.NAD:DSD_NASU@DF_VALUATION(2.0),A,USA,P2,I56,CPA08_L,XDC,O,V,T1634,2024,84.23,D,S1,D,F,2,A,6,USD
OECD.SDD.NAD:DSD_NASU@DF_VALUATION(2.0),A,USA,P2,J,CPA08_L,XDC,O,V,T1634,2024,79.17,D,S1,D,F,2,A,6,USD
OECD.SDD.NAD:DSD_NASU@DF_VALUATION(2.0),A,USA,P2,J58,CPA08_L,XDC,O,V,T1634,2024,11.88,D,S1,D,F,2,A,6,USD
OECD.SDD.NAD:DSD_NASU@DF_VALUATION(2.0),A,USA,P2,J59_60,CPA08_L,XDC,O,V,T1634,2024,7.13,D,S1,D,F,2,A,6,USD
OECD.SDD.NAD:DSD_NASU@DF_VALUATION(2.0),A,USA,P2,J59,CPA08_L,XDC,O,V,T1634,2024,4.63,D,S1,D,F,2,A,6,USD
OECD.SDD.NAD:DSD_NASU@DF_VALUATION(2.0),A,USA,P2,J60,CPA08_L,XDC,O,V,T1634,2024,2.5,D,S1,D,F,2,A,6,USD
OECD.SDD.NAD:DSD_NASU@DF_VALUATION(2.0),A,USA,P2,J61,CPA08_L,XDC,O,V,T1634,2024,30.78,D,S1,D,F,2,A,6,USD
OECD.SDD.NAD:DSD_NASU@DF_VALUATION(2.0),A,USA,P2,J62_63,CPA08_L,XDC,O,V,T1634,2024,29.39,D,S1,D,F,2,A,6,USD
OECD.SDD.NAD:DSD_NASU@DF_VALUATION(2.0),A,USA,P2,J62,CPA08_L,XDC,O,V,T1634,2024,10.38,D,S1,D,F,2,A,6,USD
OECD.SDD.NAD:DSD_NASU@DF_VALUATION(2.0),A,USA,P2,J63,CPA08_L,XDC,O,V,T1634,2024,19.01,D,S1,D,F,2,A,6,USD
OECD.SDD.NAD:DSD_NASU@DF_VALUATION(2.0),A,USA,P2,K,CPA08_L,XDC,O,V,T1634,2024,103.56,D,S1,D,F,2,A,6,USD
OECD.SDD.NAD:DSD_NASU@DF_VALUATION(2.0),A,USA,P2,K64,CPA08_L,XDC,O,V,T1634,2024,74.77,D,S1,D,F,2,A,6,USD
OECD.SDD.NAD:DSD_NASU@DF_VALUATION(2.0),A,USA,P2,K65,CPA08_L,XDC,O,V,T1634,2024,23.08,D,S1,D,F,2,A,6,USD
OECD.SDD.NAD:DSD_NASU@DF_VALUATION(2.0),A,USA,P2,K66,CPA08_L,XDC,O,V,T1634,2024,5.72,D,S1,D,F,2,A,6,USD
OECD.SDD.NAD:DSD_NASU@DF_VALUATION(2.0),A,USA,P2,L,CPA08_L,XDC,O,V,T1634,2024,47.03,D,S1,D,F,2,A,6,USD
OECD.SDD.NAD:DSD_NASU@DF_VALUATION(2.0),A,USA,P2,L68A,CPA08_L,XDC,O,V,T1634,2024,3.59,D,S1,D,F,2,A,6,USD
OECD.SDD.NAD:DSD_NASU@DF_VALUATION(2.0),A,USA,P2,L68B,CPA08_L,XDC,O,V,T1634,2024,43.44,D,S1,D,F,2,A,6,USD
OECD.SDD.NAD:DSD_NASU@DF_VALUATION(2.0),A,USA,P2,M69_70,CPA08_L,XDC,O,V,T1634,2024,80.77,D,S1,D,F,2,A,6,USD
OECD.SDD.NAD:DSD_NASU@DF_VALUATION(2.0),A,USA,P2,M69,CPA08_L,XDC,O,V,T1634,2024,26.53,D,S1,D,F,2,A,6,USD
OECD.SDD.NAD:DSD_NASU@DF_VALUATION(2.0),A,USA,P2,M70,CPA08_L,XDC,O,V,T1634,2024,54.24,D,S1,D,F,2,A,6,USD
OECD.SDD.NAD:DSD_NASU@DF_VALUATION(2.0),A,USA,P2,M71,CPA08_L,XDC,O,V,T1634,2024,16.38,D,S1,D,F,2,A,6,USD
OECD.SDD.NAD:DSD_NASU@DF_VALUATION(2.0),A,USA,P2,M72,CPA08_L,XDC,O,V,T1634,2024,10.61,D,S1,D,F,2,A,6,USD
OECD.SDD.NAD:DSD_NASU@DF_VALUATION(2.0),A,USA,P2,M73,CPA08_L,XDC,O,V,T1634,2024,11.68,D,S1,D,F,2,A,6,USD
OECD.SDD.NAD:DSD_NASU@DF_VALUATION(2.0),A,USA,P2,M74_75,CPA08_L,XDC,O,V,T1634,2024,12.51,D,S1,D,F,2,A,6,USD
OECD.SDD.NAD:DSD_NASU@DF_VALUATION(2.0),A,USA,P2,M75,CPA08_L,XDC,O,V,T1634,2024,1.88,D,S1,D,F,2,A,6,USD
OECD.SDD.NAD:DSD_NASU@DF_VALUATION(2.0),A,USA,P2,N,CPA08_L,XDC,O,V,T1634,2024,49.63,D,S1,D,F,2,A,6,USD
OECD.SDD.NAD:DSD_NASU@DF_VALUATION(2.0),A,USA,P2,A,CPA08_L,XDC,O,V,T1634,2024,1.98,D,S1,D,F,2,A,6,USD
OECD.SDD.NAD:DSD_NASU@DF_VALUATION(2.0),A,USA,P2,A01,CPA08_L,XDC,O,V,T1634,2024,1.96,D,S1,D,F,2,A,6,USD
OECD.SDD.NAD:DSD_NASU@DF_VALUATION(2.0),A,USA,P2,A02,CPA08_L,XDC,O,V,T1634,2024,0.02,D,S1,D,F,2,A,6,USD
OECD.SDD.NAD:DSD_NASU@DF_VALUATION(2.0),A,USA,P2,Q87,CPA08_L,XDC,O,V,T1634,2024,19.07,D,S1,D,F,2,A,6,USD
OECD.SDD.NAD:DSD_NASU@DF_VALUATION(2.0),A,USA,P2,Q88,CPA08_L,XDC,O,V,T1634,2024,11.24,D,S1,D,F,2,A,6,USD
OECD.SDD.NAD:DSD_NASU@DF_VALUATION(2.0),A,USA,TU,_Z,CPA08_K65,XDC,O,V,T1634,2024,6847.25,D,S1,D,F,2,A,6,USD
OECD.SDD.NAD:DSD_NASU@DF_VALUATION(2.0),A,USA,P2,_T,CPA08_K65,XDC,O,V,T1634,2024,6847.25,D,S1,D,F,2,A,6,USD
OECD.SDD.NAD:DSD_NASU@DF_VALUATION(2.0),A,USA,P2,A,CPA08_K65,XDC,O,V,T1634,2024,6847.25,D,S1,D,F,2,A,6,USD
OECD.SDD.NAD:DSD_NASU@DF_VALUATION(2.0),A,USA,P2,Q87_88,CPA08_K64,XDC,O,V,T1634,2024,0.54,D,S1,D,F,2,A,6,USD
OECD.SDD.NAD:DSD_NASU@DF_VALUATION(2.0),A,USA,P2,Q87,CPA08_K64,XDC,O,V,T1634,2024,0.26,D,S1,D,F,2,A,6,USD
OECD.SDD.NAD:DSD_NASU@DF_VALUATION(2.0),A,USA,P2,Q88,CPA08_K64,XDC,O,V,T1634,2024,0.28,D,S1,D,F,2,A,6,USD
OECD.SDD.NAD:DSD_NASU@DF_VALUATION(2.0),A,USA,P2,R,CPA08_K64,XDC,O,V,T1634,2024,0.79,D,S1,D,F,2,A,6,USD
OECD.SDD.NAD:DSD_NASU@DF_VALUATION(2.0),A,USA,P2,R90T92,CPA08_K64,XDC,O,V,T1634,2024,0.43,D,S1,D,F,2,A,6,USD
OECD.SDD.NAD:DSD_NASU@DF_VALUATION(2.0),A,USA,P2,R90,CPA08_K64,XDC,O,V,T1634,2024,0.25,D,S1,D,F,2,A,6,USD
OECD.SDD.NAD:DSD_NASU@DF_VALUATION(2.0),A,USA,P2,R91,CPA08_K64,XDC,O,V,T1634,2024,0.03,D,S1,D,F,2,A,6,USD
OECD.SDD.NAD:DSD_NASU@DF_VALUATION(2.0),A,USA,P2,R92,CPA08_K64,XDC,O,V,T1634,2024,0.14,D,S1,D,F,2,A,6,USD
OECD.SDD.NAD:DSD_NASU@DF_VALUATION(2.0),A,USA,P2,R93,CPA08_K64,XDC,O,V,T1634,2024,0.37,D,S1,D,F,2,A,6,USD
OECD.SDD.NAD:DSD_NASU@DF_VALUATION(2.0),A,USA,P2,S,CPA08_K64,XDC,O,V,T1634,2024,1.29,D,S1,D,F,2,A,6,USD
OECD.SDD.NAD:DSD_NASU@DF_VALUATION(2.0),A,USA,P2,S94,CPA08_K64,XDC,O,V,T1634,2024,0.88,D,S1,D,F,2,A,6,USD
OECD.SDD.NAD:DSD_NASU@DF_VALUATION(2.0),A,USA,P2,S95,CPA08_K64,XDC,O,V,T1634,2024,0.05,D,S1,D,F,2,A,6,USD
OECD.SDD.NAD:DSD_NASU@DF_VALUATION(2.0),A,USA,P2,S96,CPA08_K64,XDC,O,V,T1634,2024,0.36,D,S1,D,F,2,A,6,USD
OECD.SDD.NAD:DSD_NASU@DF_VALUATION(2.0),A,USA,TU,_Z,CPA08_K64,XDC,O,V,T1634,2024,263.07,D,S1,D,F,2,A,6,USD
OECD.SDD.NAD:DSD_NASU@DF_VALUATION(2.0),A,USA,P2,F42,CPA08_L68B,XDC,O,V,T1634,2024,3.28,D,S1,D,F,2,A,6,USD
OECD.SDD.NAD:DSD_NASU@DF_VALUATION(2.0),A,USA,P2,G,CPA08_L68B,XDC,O,V,T1634,2024,329.73,D,S1,D,F,2,A,6,USD
OECD.SDD.NAD:DSD_NASU@DF_VALUATION(2.0),A,USA,P2,G45,CPA08_L68B,XDC,O,V,T1634,2024,56.64,D,S1,D,F,2,A,6,USD
OECD.SDD.NAD:DSD_NASU@DF_VALUATION(2.0),A,USA,P2,G46,CPA08_L68B,XDC,O,V,T1634,2024,96.12,D,S1,D,F,2,A,6,USD
OECD.SDD.NAD:DSD_NASU@DF_VALUATION(2.0),A,USA,P2,G47,CPA08_L68B,XDC,O,V,T1634,2024,176.97,D,S1,D,F,2,A,6,USD
OECD.SDD.NAD:DSD_NASU@DF_VALUATION(2.0),A,USA,P2,H,CPA08_L68B,XDC,O,V,T1634,2024,34.34,D,S1,D,F,2,A,6,USD
OECD.SDD.NAD:DSD_NASU@DF_VALUATION(2.0),A,USA,P2,H49,CPA08_L68B,XDC,O,V,T1634,2024,15.41,D,S1,D,F,2,A,6,USD
OECD.SDD.NAD:DSD_NASU@DF_VALUATION(2.0),A,USA,P2,H51,CPA08_L68B,XDC,O,V,T1634,2024,0.51,D,S1,D,F,2,A,6,USD
OECD.SDD.NAD:DSD_NASU@DF_VALUATION(2.0),A,USA,P2,H53,CPA08_L68B,XDC,O,V,T1634,2024,2.63,D,S1,D,F,2,A,6,USD
OECD.SDD.NAD:DSD_NASU@DF_VALUATION(2.0),A,USA,P2,I,CPA08_L68B,XDC,O,V,T1634,2024,88.09,D,S1,D,F,2,A,6,USD
OECD.SDD.NAD:DSD_NASU@DF_VALUATION(2.0),A,USA,P2,I55,CPA08_L68B,XDC,O,V,T1634,2024,3.86,D,S1,D,F,2,A,6,USD
OECD.SDD.NAD:DSD_NASU@DF_VALUATION(2.0),A,USA,P2,I56,CPA08_L68B,XDC,O,V,T1634,2024,84.23,D,S1,D,F,2,A,6,USD
OECD.SDD.NAD:DSD_NASU@DF_VALUATION(2.0),A,USA,P2,J,CPA08_L68B,XDC,O,V,T1634,2024,79.17,D,S1,D,F,2,A,6,USD
OECD.SDD.NAD:DSD_NASU@DF_VALUATION(2.0),A,USA,P2,J58,CPA08_L68B,XDC,O,V,T1634,2024,11.88,D,S1,D,F,2,A,6,USD
OECD.SDD.NAD:DSD_NASU@DF_VALUATION(2.0),A,USA,P2,J59_60,CPA08_L68B,XDC,O,V,T1634,2024,7.13,D,S1,D,F,2,A,6,USD
OECD.SDD.NAD:DSD_NASU@DF_VALUATION(2.0),A,USA,P2,J59,CPA08_L68B,XDC,O,V,T1634,2024,4.63,D,S1,D,F,2,A,6,USD
OECD.SDD.NAD:DSD_NASU@DF_VALUATION(2.0),A,USA,P2,J60,CPA08_L68B,XDC,O,V,T1634,2024,2.5,D,S1,D,F,2,A,6,USD
OECD.SDD.NAD:DSD_NASU@DF_VALUATION(2.0),A,USA,P2,J61,CPA08_L68B,XDC,O,V,T1634,2024,30.78,D,S1,D,F,2,A,6,USD
OECD.SDD.NAD:DSD_NASU@DF_VALUATION(2.0),A,USA,P2,J62_63,CPA08_L68B,XDC,O,V,T1634,2024,29.39,D,S1,D,F,2,A,6,USD
OECD.SDD.NAD:DSD_NASU@DF_VALUATION(2.0),A,USA,P2,J63,CPA08_L68B,XDC,O,V,T1634,2024,19.01,D,S1,D,F,2,A,6,USD
OECD.SDD.NAD:DSD_NASU@DF_VALUATION(2.0),A,USA,P2,K,CPA08_L68B,XDC,O,V,T1634,2024,103.56,D,S1,D,F,2,A,6,USD
OECD.SDD.NAD:DSD_NASU@DF_VALUATION(2.0),A,USA,P2,K64,CPA08_L68B,XDC,O,V,T1634,2024,74.77,D,S1,D,F,2,A,6,USD
OECD.SDD.NAD:DSD_NASU@DF_VALUATION(2.0),A,USA,P2,K65,CPA08_L68B,XDC,O,V,T1634,2024,23.08,D,S1,D,F,2,A,6,USD
OECD.SDD.NAD:DSD_NASU@DF_VALUATION(2.0),A,USA,P2,K66,CPA08_L68B,XDC,O,V,T1634,2024,5.72,D,S1,D,F,2,A,6,USD
OECD.SDD.NAD:DSD_NASU@DF_VALUATION(2.0),A,USA,P2,L,CPA08_L68B,XDC,O,V,T1634,2024,47.03,D,S1,D,F,2,A,6,USD
OECD.SDD.NAD:DSD_NASU@DF_VALUATION(2.0),A,USA,P2,L68A,CPA08_L68B,XDC,O,V,T1634,2024,3.59,D,S1,D,F,2,A,6,USD
OECD.SDD.NAD:DSD_NASU@DF_VALUATION(2.0),A,USA,P2,L68B,CPA08_L68B,XDC,O,V,T1634,2024,43.44,D,S1,D,F,2,A,6,USD
OECD.SDD.NAD:DSD_NASU@DF_VALUATION(2.0),A,USA,P2,M,CPA08_L68B,XDC,O,V,T1634,2024,131.95,D,S1,D,F,2,A,6,USD
OECD.SDD.NAD:DSD_NASU@DF_VALUATION(2.0),A,USA,P2,M69_70,CPA08_L68B,XDC,O,V,T1634,2024,80.77,D,S1,D,F,2,A,6,USD
OECD.SDD.NAD:DSD_NASU@DF_VALUATION(2.0),A,USA,P2,M69,CPA08_L68B,XDC,O,V,T1634,2024,26.53,D,S1,D,F,2,A,6,USD
OECD.SDD.NAD:DSD_NASU@DF_VALUATION(2.0),A,USA,P2,M70,CPA08_L68B,XDC,O,V,T1634,2024,54.24,D,S1,D,F,2,A,6,USD
OECD.SDD.NAD:DSD_NASU@DF_VALUATION(2.0),A,USA,P2,M71,CPA08_L68B,XDC,O,V,T1634,2024,16.38,D,S1,D,F,2,A,6,USD
OECD.SDD.NAD:DSD_NASU@DF_VALUATION(2.0),A,USA,P2,M72,CPA08_L68B,XDC,O,V,T1634,2024,10.61,D,S1,D,F,2,A,6,USD
OECD.SDD.NAD:DSD_NASU@DF_VALUATION(2.0),A,USA,P2,M73,CPA08_L68B,XDC,O,V,T1634,2024,11.68,D,S1,D,F,2,A,6,USD
OECD.SDD.NAD:DSD_NASU@DF_VALUATION(2.0),A,USA,P2,M74_75,CPA08_L68B,XDC,O,V,T1634,2024,12.51,D,S1,D,F,2,A,6,USD
OECD.SDD.NAD:DSD_NASU@DF_VALUATION(2.0),A,USA,P2,M74,CPA08_L68B,XDC,O,V,T1634,2024,10.63,D,S1,D,F,2,A,6,USD
OECD.SDD.NAD:DSD_NASU@DF_VALUATION(2.0),A,USA,P2,M75,CPA08_L68B,XDC,O,V,T1634,2024,1.88,D,S1,D,F,2,A,6,USD
OECD.SDD.NAD:DSD_NASU@DF_VALUATION(2.0),A,USA,P2,N77,CPA08_L68B,XDC,O,V,T1634,2024,19.4,D,S1,D,F,2,A,6,USD
OECD.SDD.NAD:DSD_NASU@DF_VALUATION(2.0),A,USA,P2,N78,CPA08_L68B,XDC,O,V,T1634,2024,6.36,D,S1,D,F,2,A,6,USD
OECD.SDD.NAD:DSD_NASU@DF_VALUATION(2.0),A,USA,P2,N79,CPA08_L68B,XDC,O,V,T1634,2024,2.47,D,S1,D,F,2,A,6,USD
OECD.SDD.NAD:DSD_NASU@DF_VALUATION(2.0),A,USA,P2,N80T82,CPA08_L68B,XDC,O,V,T1634,2024,21.4,D,S1,D,F,2,A,6,USD
OECD.SDD.NAD:DSD_NASU@DF_VALUATION(2.0),A,USA,P2,N80,CPA08_L68B,XDC,O,V,T1634,2024,1.23,D,S1,D,F,2,A,6,USD
OECD.SDD.NAD:DSD_NASU@DF_VALUATION(2.0),A,USA,P2,N81,CPA08_L68B,XDC,O,V,T1634,2024,11.42,D,S1,D,F,2,A,6,USD
OECD.SDD.NAD:DSD_NASU@DF_VALUATION(2.0),A,USA,P2,N82,CPA08_L68B,XDC,O,V,T1634,2024,8.74,D,S1,D,F,2,A,6,USD
OECD.SDD.NAD:DSD_NASU@DF_VALUATION(2.0),A,USA,P2,O,CPA08_L68B,XDC,O,V,T1634,2024,26.23,D,S1,D,F,2,A,6,USD
OECD.SDD.NAD:DSD_NASU@DF_VALUATION(2.0),A,USA,P2,P,CPA08_L68B,XDC,O,V,T1634,2024,9.29,D,S1,D,F,2,A,6,USD
OECD.SDD.NAD:DSD_NASU@DF_VALUATION(2.0),A,USA,P2,Q,CPA08_L68B,XDC,O,V,T1634,2024,110.23,D,S1,D,F,2,A,6,USD
OECD.SDD.NAD:DSD_NASU@DF_VALUATION(2.0),A,USA,P2,Q86,CPA08_L68B,XDC,O,V,T1634,2024,79.92,D,S1,D,F,2,A,6,USD
OECD.SDD.NAD:DSD_NASU@DF_VALUATION(2.0),A,USA,P2,Q87_88,CPA08_L68B,XDC,O,V,T1634,2024,30.31,D,S1,D,F,2,A,6,USD
OECD.SDD.NAD:DSD_NASU@DF_VALUATION(2.0),A,USA,P2,C13,CPA08_L68B,XDC,O,V,T1634,2024,0.46,D,S1,D,F,2,A,6,USD
OECD.SDD.NAD:DSD_NASU@DF_VALUATION(2.0),A,USA,P2,C14,CPA08_L68B,XDC,O,V,T1634,2024,0.21,D,S1,D,F,2,A,6,USD
OECD.SDD.NAD:DSD_NASU@DF_VALUATION(2.0),A,USA,P2,C15,CPA08_L68B,XDC,O,V,T1634,2024,0.04,D,S1,D,F,2,A,6,USD
OECD.SDD.NAD:DSD_NASU@DF_VALUATION(2.0),A,USA,P2,C16,CPA08_L68B,XDC,O,V,T1634,2024,0.84,D,S1,D,F,2,A,6,USD
OECD.SDD.NAD:DSD_NASU@DF_VALUATION(2.0),A,USA,P2,C17,CPA08_L68B,XDC,O,V,T1634,2024,1.94,D,S1,D,F,2,A,6,USD
OECD.SDD.NAD:DSD_NASU@DF_VALUATION(2.0),A,USA,P2,C18,CPA08_L68B,XDC,O,V,T1634,2024,2,D,S1,D,F,2,A,6,USD
OECD.SDD.NAD:DSD_NASU@DF_VALUATION(2.0),A,USA,P2,C19,CPA08_L68B,XDC,O,V,T1634,2024,0.03,D,S1,D,F,2,A,6,USD
OECD.SDD.NAD:DSD_NASU@DF_VALUATION(2.0),A,USA,P2,C20,CPA08_L68B,XDC,O,V,T1634,2024,1.4,D,S1,D,F,2,A,6,USD
OECD.SDD.NAD:DSD_NASU@DF_VALUATION(2.0),A,USA,P2,C21,CPA08_L68B,XDC,O,V,T1634,2024,5.32,D,S1,D,F,2,A,6,USD
OECD.SDD.NAD:DSD_NASU@DF_VALUATION(2.0),A,USA,P2,C22,CPA08_L68B,XDC,O,V,T1634,2024,2.95,D,S1,D,F,2,A,6,USD
OECD.SDD.NAD:DSD_NASU@DF_VALUATION(2.0),A,USA,P2,C23,CPA08_L68B,XDC,O,V,T1634,2024,1.34,D,S1,D,F,2,A,6,USD
OECD.SDD.NAD:DSD_NASU@DF_VALUATION(2.0),A,USA,P2,C24,CPA08_L68B,XDC,O,V,T1634,2024,0.73,D,S1,D,F,2,A,6,USD
OECD.SDD.NAD:DSD_NASU@DF_VALUATION(2.0),A,USA,P2,C25,CPA08_L68B,XDC,O,V,T1634,2024,6.29,D,S1,D,F,2,A,6,USD
OECD.SDD.NAD:DSD_NASU@DF_VALUATION(2.0),A,USA,P2,C26,CPA08_L68B,XDC,O,V,T1634,2024,6.37,D,S1,D,F,2,A,6,USD
OECD.SDD.NAD:DSD_NASU@DF_VALUATION(2.0),A,USA,P2,C27,CPA08_L68B,XDC,O,V,T1634,2024,1.23,D,S1,D,F,2,A,6,USD
OECD.SDD.NAD:DSD_NASU@DF_VALUATION(2.0),A,USA,P2,C28,CPA08_L68B,XDC,O,V,T1634,2024,2.09,D,S1,D,F,2,A,6,USD
OECD.SDD.NAD:DSD_NASU@DF_VALUATION(2.0),A,USA,P2,C29,CPA08_L68B,XDC,O,V,T1634,2024,2.04,D,S1,D,F,2,A,6,USD
OECD.SDD.NAD:DSD_NASU@DF_VALUATION(2.0),A,USA,P2,C30,CPA08_L68B,XDC,O,V,T1634,2024,1.69,D,S1,D,F,2,A,6,USD
OECD.SDD.NAD:DSD_NASU@DF_VALUATION(2.0),A,USA,P3S14DC,_Z,CPA08_A,XDC,O,V,T1634,2024,654.76,D,S14,D,F,2,A,6,USD
OECD.SDD.NAD:DSD_NASU@DF_VALUATION(2.0),A,USA,P3S14DC,_Z,_T,XDC,O,V,T1634,2024,68880.31,D,S14,D,F,2,A,6,USD
OECD.SDD.NAD:DSD_NASU@DF_VALUATION(2.0),A,USA,P3S14DC,_Z,CPA08_C13T15,XDC,O,V,T1634,2024,6.87,D,S14,D,F,2,A,6,USD
OECD.SDD.NAD:DSD_NASU@DF_VALUATION(2.0),A,USA,P3S14DC,_Z,CPA08_Q,XDC,O,V,T1634,2024,13.52,D,S14,D,F,2,A,6,USD
OECD.SDD.NAD:DSD_NASU@DF_VALUATION(2.0),A,USA,P3S14DC,_Z,CPA08_Q86,XDC,O,V,T1634,2024,13.52,D,S14,D,F,2,A,6,USD
OECD.SDD.NAD:DSD_NASU@DF_VALUATION(2.0),A,USA,P2,R,CPA08_L68B,XDC,O,V,T1634,2024,27,D,S1,D,F,2,A,6,USD
OECD.SDD.NAD:DSD_NASU@DF_VALUATION(2.0),A,USA,P2,A,CPA08_L68A,XDC,O,V,T1634,2024,0.92,D,S1,D,F,2,A,6,USD
OECD.SDD.NAD:DSD_NASU@DF_VALUATION(2.0),A,USA,P3,_Z,CPA08_L68A,XDC,O,V,T1634,2024,2249.32,D,S1,D,F,2,A,6,USD
OECD.SDD.NAD:DSD_NASU@DF_VALUATION(2.0),A,USA,TU,_Z,CPA08_L68A,XDC,O,V,T1634,2024,2250.24,D,S1,D,F,2,A,6,USD
OECD.SDD.NAD:DSD_NASU@DF_VALUATION(2.0),A,USA,P2,A01,CPA08_L68A,XDC,O,V,T1634,2024,0.92,D,S1,D,F,2,A,6,USD
OECD.SDD.NAD:DSD_NASU@DF_VALUATION(2.0),A,USA,P2,R90T92,CPA08_L,XDC,O,V,T1634,2024,9.34,D,S1,D,F,2,A,6,USD
OECD.SDD.NAD:DSD_NASU@DF_VALUATION(2.0),A,USA,P2,R90,CPA08_L,XDC,O,V,T1634,2024,7.54,D,S1,D,F,2,A,6,USD
OECD.SDD.NAD:DSD_NASU@DF_VALUATION(2.0),A,USA,P2,R91,CPA08_L,XDC,O,V,T1634,2024,0.51,D,S1,D,F,2,A,6,USD
OECD.SDD.NAD:DSD_NASU@DF_VALUATION(2.0),A,USA,P2,R92,CPA08_L,XDC,O,V,T1634,2024,1.29,D,S1,D,F,2,A,6,USD
OECD.SDD.NAD:DSD_NASU@DF_VALUATION(2.0),A,USA,P2,R93,CPA08_L,XDC,O,V,T1634,2024,17.67,D,S1,D,F,2,A,6,USD
OECD.SDD.NAD:DSD_NASU@DF_VALUATION(2.0),A,USA,P2,S,CPA08_L,XDC,O,V,T1634,2024,59.07,D,S1,D,F,2,A,6,USD
OECD.SDD.NAD:DSD_NASU@DF_VALUATION(2.0),A,USA,P2,S94,CPA08_L,XDC,O,V,T1634,2024,0.97,D,S1,D,F,2,A,6,USD
OECD.SDD.NAD:DSD_NASU@DF_VALUATION(2.0),A,USA,P2,S96,CPA08_L,XDC,O,V,T1634,2024,54.58,D,S1,D,F,2,A,6,USD
OECD.SDD.NAD:DSD_NASU@DF_VALUATION(2.0),A,USA,TU,_Z,CPA08_L,XDC,O,V,T1634,2024,63708.17,D,S1,D,F,2,A,6,USD
OECD.SDD.NAD:DSD_NASU@DF_VALUATION(2.0),A,USA,P3,_Z,CPA08_L,XDC,O,V,T1634,2024,62516.94,D,S1,D,F,2,A,6,USD
OECD.SDD.NAD:DSD_NASU@DF_VALUATION(2.0),A,USA,P2,C13T15,CPA08_L,XDC,O,V,T1634,2024,0.7,D,S1,D,F,2,A,6,USD
OECD.SDD.NAD:DSD_NASU@DF_VALUATION(2.0),A,USA,P2,E39,CPA08_L,XDC,O,V,T1634,2024,1.11,D,S1,D,F,2,A,6,USD
OECD.SDD.NAD:DSD_NASU@DF_VALUATION(2.0),A,USA,P2,H51,CPA08_L,XDC,O,V,T1634,2024,0.51,D,S1,D,F,2,A,6,USD
OECD.SDD.NAD:DSD_NASU@DF_VALUATION(2.0),A,USA,P2,M,CPA08_L,XDC,O,V,T1634,2024,131.95,D,S1,D,F,2,A,6,USD
OECD.SDD.NAD:DSD_NASU@DF_VALUATION(2.0),A,USA,P2,M74,CPA08_L,XDC,O,V,T1634,2024,10.63,D,S1,D,F,2,A,6,USD
OECD.SDD.NAD:DSD_NASU@DF_VALUATION(2.0),A,USA,P2,N77,CPA08_L,XDC,O,V,T1634,2024,19.4,D,S1,D,F,2,A,6,USD
OECD.SDD.NAD:DSD_NASU@DF_VALUATION(2.0),A,USA,P2,N80,CPA08_L,XDC,O,V,T1634,2024,1.23,D,S1,D,F,2,A,6,USD
OECD.SDD.NAD:DSD_NASU@DF_VALUATION(2.0),A,USA,P2,R90T92,CPA08_L68B,XDC,O,V,T1634,2024,9.34,D,S1,D,F,2,A,6,USD
OECD.SDD.NAD:DSD_NASU@DF_VALUATION(2.0),A,USA,P2,_T,CPA08_L68A,XDC,O,V,T1634,2024,0.92,D,S1,D,F,2,A,6,USD
OECD.SDD.NAD:DSD_NASU@DF_VALUATION(2.0),A,USA,P2,R,CPA08_L,XDC,O,V,T1634,2024,27,D,S1,D,F,2,A,6,USD
OECD.SDD.NAD:DSD_NASU@DF_VALUATION(2.0),A,USA,P2,A01,CPA08_K65,XDC,O,V,T1634,2024,6847.25,D,S1,D,F,2,A,6,USD
OECD.SDD.NAD:DSD_NASU@DF_VALUATION(2.0),A,USA,P2,Q86,CPA08_K64,XDC,O,V,T1634,2024,3.25,D,S1,D,F,2,A,6,USD
OECD.SDD.NAD:DSD_NASU@DF_VALUATION(2.0),A,USA,P2,S,CPA08_K,XDC,O,V,T1634,2024,1.29,D,S1,D,F,2,A,6,USD
OECD.SDD.NAD:DSD_NASU@DF_VALUATION(2.0),A,USA,P2,S95,CPA08_H51,XDC,O,V,T1634,2024,0.03,D,S1,D,F,2,A,6,USD
OECD.SDD.NAD:DSD_NASU@DF_VALUATION(2.0),A,USA,P2,S96,CPA08_H50,XDC,O,V,T1634,2024,0,D,S1,D,F,2,A,6,USD
OECD.SDD.NAD:DSD_NASU@DF_VALUATION(2.0),A,USA,P2,R93,CPA08_H49,XDC,O,V,T1634,2024,4.07,D,S1,D,F,2,A,6,USD
OECD.SDD.NAD:DSD_NASU@DF_VALUATION(2.0),A,USA,P2,R92,CPA08_H,XDC,O,V,T1634,2024,0.64,D,S1,D,F,2,A,6,USD
OECD.SDD.NAD:DSD_NASU@DF_VALUATION(2.0),A,USA,P2,J,CPA08_C27,XDC,O,V,T1634,2024,0.3,D,S1,D,F,2,A,6,USD
OECD.SDD.NAD:DSD_NASU@DF_VALUATION(2.0),A,USA,P2,M74_75,CPA08_C21,XDC,O,V,T1634,2024,0.01,D,S1,D,F,2,A,6,USD
OECD.SDD.NAD:DSD_NASU@DF_VALUATION(2.0),A,USA,P2,N81,CPA08_C13,XDC,O,V,T1634,2024,0.03,D,S1,D,F,2,A,6,USD
OECD.SDD.NAD:DSD_NASU@DF_VALUATION(2.0),A,USA,P2,Q,CPA08_C13T15,XDC,O,V,T1634,2024,0.08,D,S1,D,F,2,A,6,USD
OECD.SDD.NAD:DSD_NASU@DF_VALUATION(2.0),A,USA,P2,M69_70,CPA08_C,XDC,O,V,T1634,2024,-0.71,D,S1,D,F,2,A,6,USD
OECD.SDD.NAD:DSD_NASU@DF_VALUATION(2.0),A,USA,P3,_Z,CPA08_A01,XDC,O,V,T1634,2024,654.76,D,S1,D,F,2,A,6,USD
OECD.SDD.NAD:DSD_NASU@DF_VALUATION(2.0),A,USA,P2,M72,CPA08_A,XDC,O,V,T1634,2024,25.37,D,S1,D,F,2,A,6,USD
OECD.SDD.NAD:DSD_NASU@DF_VALUATION(2.0),A,USA,P2,R90,_T,XDC,O,V,T1634,2024,8.42,D,S1,D,F,2,A,6,USD
OECD.SDD.NAD:DSD_NASU@DF_VALUATION(2.0),A,USA,P3,_Z,CPA08_Q86,XDC,O,V,T1634,2024,13.52,D,S1,D,F,2,A,6,USD
OECD.SDD.NAD:DSD_NASU@DF_VALUATION(2.0),A,USA,TU,_Z,CPA08_Q86,XDC,O,V,T1634,2024,13.7,D,S1,D,F,2,A,6,USD
OECD.SDD.NAD:DSD_NASU@DF_VALUATION(2.0),A,USA,P3,_Z,CPA08_Q,XDC,O,V,T1634,2024,13.52,D,S1,D,F,2,A,6,USD
OECD.SDD.NAD:DSD_NASU@DF_VALUATION(2.0),A,USA,TU,_Z,CPA08_Q,XDC,O,V,T1634,2024,13.7,D,S1,D,F,2,A,6,USD
OECD.SDD.NAD:DSD_NASU@DF_VALUATION(2.0),A,USA,P2,R90,CPA08_L68B,XDC,O,V,T1634,2024,7.54,D,S1,D,F,2,A,6,USD
OECD.SDD.NAD:DSD_NASU@DF_VALUATION(2.0),A,USA,P2,R91,CPA08_L68B,XDC,O,V,T1634,2024,0.51,D,S1,D,F,2,A,6,USD
OECD.SDD.NAD:DSD_NASU@DF_VALUATION(2.0),A,USA,P2,R92,CPA08_L68B,XDC,O,V,T1634,2024,1.29,D,S1,D,F,2,A,6,USD
OECD.SDD.NAD:DSD_NASU@DF_VALUATION(2.0),A,USA,P2,R93,CPA08_L68B,XDC,O,V,T1634,2024,17.67,D,S1,D,F,2,A,6,USD
OECD.SDD.NAD:DSD_NASU@DF_VALUATION(2.0),A,USA,P2,S,CPA08_L68B,XDC,O,V,T1634,2024,59.07,D,S1,D,F,2,A,6,USD
OECD.SDD.NAD:DSD_NASU@DF_VALUATION(2.0),A,USA,P2,S94,CPA08_L68B,XDC,O,V,T1634,2024,0.97,D,S1,D,F,2,A,6,USD
OECD.SDD.NAD:DSD_NASU@DF_VALUATION(2.0),A,USA,P2,S95,CPA08_L68B,XDC,O,V,T1634,2024,3.52,D,S1,D,F,2,A,6,USD
OECD.SDD.NAD:DSD_NASU@DF_VALUATION(2.0),A,USA,P2,S96,CPA08_L68B,XDC,O,V,T1634,2024,54.58,D,S1,D,F,2,A,6,USD
OECD.SDD.NAD:DSD_NASU@DF_VALUATION(2.0),A,USA,P3,_Z,CPA08_L68B,XDC,O,V,T1634,2024,60267.63,D,S1,D,F,2,A,6,USD
OECD.SDD.NAD:DSD_NASU@DF_VALUATION(2.0),A,USA,TU,_Z,CPA08_L68B,XDC,O,V,T1634,2024,61457.93,D,S1,D,F,2,A,6,USD
OECD.SDD.NAD:DSD_NASU@DF_VALUATION(2.0),A,USA,P2,_T,CPA08_L68B,XDC,O,V,T1634,2024,1187.43,D,S1,D,F,2,A,6,USD
OECD.SDD.NAD:DSD_NASU@DF_VALUATION(2.0),A,USA,P2,C32,CPA08_L68B,XDC,O,V,T1634,2024,1.35,D,S1,D,F,2,A,6,USD
OECD.SDD.NAD:DSD_NASU@DF_VALUATION(2.0),A,USA,P2,F41,CPA08_L68B,XDC,O,V,T1634,2024,27.4,D,S1,D,F,2,A,6,USD
OECD.SDD.NAD:DSD_NASU@DF_VALUATION(2.0),A,USA,P2,H50,CPA08_L68B,XDC,O,V,T1634,2024,1.31,D,S1,D,F,2,A,6,USD
OECD.SDD.NAD:DSD_NASU@DF_VALUATION(2.0),A,USA,P2,H52,CPA08_L68B,XDC,O,V,T1634,2024,14.48,D,S1,D,F,2,A,6,USD
OECD.SDD.NAD:DSD_NASU@DF_VALUATION(2.0),A,USA,P2,J62,CPA08_L68B,XDC,O,V,T1634,2024,10.38,D,S1,D,F,2,A,6,USD
OECD.SDD.NAD:DSD_NASU@DF_VALUATION(2.0),A,USA,P2,N,CPA08_L68B,XDC,O,V,T1634,2024,49.63,D,S1,D,F,2,A,6,USD
OECD.SDD.NAD:DSD_NASU@DF_VALUATION(2.0),A,USA,P2,Q88,CPA08_L68B,XDC,O,V,T1634,2024,11.24,D,S1,D,F,2,A,6,USD
OECD.SDD.NAD:DSD_NASU@DF_VALUATION(2.0),A,USA,P2,E37,CPA08_L68B,XDC,O,V,T1634,2024,0,D,S1,D,F,2,A,6,USD
OECD.SDD.NAD:DSD_NASU@DF_VALUATION(2.0),A,USA,P6,_Z,CPA08_Q,XDC,O,V,T1634,2024,0.18,WXD,S1,D,F,2,A,6,USD
OECD.SDD.NAD:DSD_NASU@DF_VALUATION(2.0),A,USA,P6,_Z,CPA08_L68B,XDC,O,V,T1634,2024,2.87,WXD,S1,D,F,2,A,6,USD
OECD.SDD.NAD:DSD_NASU@DF_VALUATION(2.0),A,USA,P6,_Z,CPA08_C,XDC,O,V,T1634,2024,81.93,WXD,S1,D,F,2,A,6,USD
OECD.SDD.NAD:DSD_NASU@DF_VALUATION(2.0),A,USA,P6,_Z,CPA08_A01,XDC,O,V,T1634,2024,1598.27,WXD,S1,D,F,2,A,6,USD
OECD.SDD.NAD:DSD_NASU@DF_VALUATION(2.0),A,USA,P6,_Z,CPA08_A,XDC,O,V,T1634,2024,1598.27,WXD,S1,D,F,2,A,6,USD
OECD.SDD.NAD:DSD_NASU@DF_VALUATION(2.0),A,USA,P6,_Z,_T,XDC,O,V,T1634,2024,2445.45,WXD,S1,D,F,2,A,6,USD
OECD.SDD.NAD:DSD_NASU@DF_VALUATION(2.0),A,USA,P6,_Z,CPA08_L,XDC,O,V,T1634,2024,2.87,WXD,S1,D,F,2,A,6,USD
OECD.SDD.NAD:DSD_NASU@DF_VALUATION(2.0),A,USA,P6,_Z,CPA08_K64,XDC,O,V,T1634,2024,12.94,WXD,S1,D,F,2,A,6,USD
OECD.SDD.NAD:DSD_NASU@DF_VALUATION(2.0),A,USA,P6,_Z,CPA08_K,XDC,O,V,T1634,2024,12.94,WXD,S1,D,F,2,A,6,USD
OECD.SDD.NAD:DSD_NASU@DF_VALUATION(2.0),A,USA,P6,_Z,CPA08_H51,XDC,O,V,T1634,2024,68.84,WXD,S1,D,F,2,A,6,USD
OECD.SDD.NAD:DSD_NASU@DF_VALUATION(2.0),A,USA,P6,_Z,CPA08_H50,XDC,O,V,T1634,2024,1.53,WXD,S1,D,F,2,A,6,USD
OECD.SDD.NAD:DSD_NASU@DF_VALUATION(2.0),A,USA,P6,_Z,CPA08_H49,XDC,O,V,T1634,2024,678.87,WXD,S1,D,F,2,A,6,USD
OECD.SDD.NAD:DSD_NASU@DF_VALUATION(2.0),A,USA,P6,_Z,CPA08_H,XDC,O,V,T1634,2024,749.25,WXD,S1,D,F,2,A,6,USD
OECD.SDD.NAD:DSD_NASU@DF_VALUATION(2.0),A,USA,P6,_Z,CPA08_C27,XDC,O,V,T1634,2024,35.74,WXD,S1,D,F,2,A,6,USD
OECD.SDD.NAD:DSD_NASU@DF_VALUATION(2.0),A,USA,P6,_Z,CPA08_C21,XDC,O,V,T1634,2024,39.26,WXD,S1,D,F,2,A,6,USD
OECD.SDD.NAD:DSD_NASU@DF_VALUATION(2.0),A,USA,P6,_Z,CPA08_C13,XDC,O,V,T1634,2024,6.93,WXD,S1,D,F,2,A,6,USD
OECD.SDD.NAD:DSD_NASU@DF_VALUATION(2.0),A,USA,P6,_Z,CPA08_C13T15,XDC,O,V,T1634,2024,6.93,WXD,S1,D,F,2,A,6,USD
OECD.SDD.NAD:DSD_NASU@DF_VALUATION(2.0),A,USA,P2,E38,CPA08_L68B,XDC,O,V,T1634,2024,3.14,D,S1,D,F,2,A,6,USD
OECD.SDD.NAD:DSD_NASU@DF_VALUATION(2.0),A,USA,P6,_Z,CPA08_Q86,XDC,O,V,T1634,2024,0.18,WXD,S1,D,F,2,A,6,USD
OECD.SDD.NAD:DSD_NASU@DF_VALUATION(2.0),A,USA,P2,C11,CPA08_L,XDC,O,V,T1634,2024,1.05,D,S1,D,F,2,A,6,USD
OECD.SDD.NAD:DSD_NASU@DF_VALUATION(2.0),A,USA,P2,_T,CPA08_L,XDC,O,V,T1634,2024,1188.35,D,S1,D,F,2,A,6,USD
OECD.SDD.NAD:DSD_NASU@DF_VALUATION(2.0),A,USA,P3S14DC,_Z,CPA08_L68B,XDC,O,V,T1634,2024,60267.63,D,S14,D,F,2,A,6,USD
OECD.SDD.NAD:DSD_NASU@DF_VALUATION(2.0),A,USA,P2,Q87,CPA08_L68B,XDC,O,V,T1634,2024,19.07,D,S1,D,F,2,A,6,USD
OECD.SDD.NAD:DSD_NASU@DF_VALUATION(2.0),A,USA,P3S14DC,_Z,CPA08_C,XDC,O,V,T1634,2024,568.53,D,S14,D,F,2,A,6,USD
OECD.SDD.NAD:DSD_NASU@DF_VALUATION(2.0),A,USA,P3S14DC,_Z,CPA08_C13,XDC,O,V,T1634,2024,6.87,D,S14,D,F,2,A,6,USD
OECD.SDD.NAD:DSD_NASU@DF_VALUATION(2.0),A,USA,P3S14DC,_Z,CPA08_C27,XDC,O,V,T1634,2024,561.66,D,S14,D,F,2,A,6,USD
OECD.SDD.NAD:DSD_NASU@DF_VALUATION(2.0),A,USA,P3S14DC,_Z,CPA08_H,XDC,O,V,T1634,2024,5028.79,D,S14,D,F,2,A,6,USD
OECD.SDD.NAD:DSD_NASU@DF_VALUATION(2.0),A,USA,P3S14DC,_Z,CPA08_H49,XDC,O,V,T1634,2024,4767.81,D,S14,D,F,2,A,6,USD
OECD.SDD.NAD:DSD_NASU@DF_VALUATION(2.0),A,USA,P3S14DC,_Z,CPA08_H50,XDC,O,V,T1634,2024,2.08,D,S14,D,F,2,A,6,USD
OECD.SDD.NAD:DSD_NASU@DF_VALUATION(2.0),A,USA,P3S14DC,_Z,CPA08_H51,XDC,O,V,T1634,2024,258.91,D,S14,D,F,2,A,6,USD
OECD.SDD.NAD:DSD_NASU@DF_VALUATION(2.0),A,USA,P3S14DC,_Z,CPA08_K,XDC,O,V,T1634,2024,97.76,D,S14,D,F,2,A,6,USD
OECD.SDD.NAD:DSD_NASU@DF_VALUATION(2.0),A,USA,P3S14DC,_Z,CPA08_K64,XDC,O,V,T1634,2024,97.76,D,S14,D,F,2,A,6,USD
OECD.SDD.NAD:DSD_NASU@DF_VALUATION(2.0),A,USA,P3S14DC,_Z,CPA08_L68A,XDC,O,V,T1634,2024,2249.32,D,S14,D,F,2,A,6,USD
OECD.SDD.NAD:DSD_NASU@DF_VALUATION(2.0),A,USA,P3S14DC,_Z,CPA08_L,XDC,O,V,T1634,2024,62516.94,D,S14,D,F,2,A,6,USD
