DATAFLOW,FREQ,REF_AREA,TRANSACTION,ACTIVITY,PRODUCT,UNIT_MEASURE,VALUATION,PRICE_BASE,TABLE_IDENTIFIER,TIME_PERIOD,OBS_VALUE,COUNTERPART_AREA,SECTOR,ACCOUNTING_ENTRY,CONF_STATUS,DECIMALS,OBS_STATUS,UNIT_MULT,CURRENCY
OECD.SDD.NAD:DSD_NASU@DF_VALUATION(2.0),A,USA,P51G,_Z,_X,XDC,O,V,T1620,2024,24663.49,D,S1,D,F,2,A,6,USD
OECD.SDD.NAD:DSD_NASU@DF_VALUATION(2.0),A,USA,P2,A01,_T,XDC,O,V,T1620,2024,0,D,S1,D,F,2,A,6,USD
OECD.SDD.NAD:DSD_NASU@DF_VALUATION(2.0),A,USA,P2,A02,_T,XDC,O,V,T1620,2024,0,D,S1,D,F,2,A,6,USD
OECD.SDD.NAD:DSD_NASU@DF_VALUATION(2.0),A,USA,P2,J62_63,CPA08_B06,XDC,O,V,T1620,2024,16.91,D,S1,D,F,2,A,6,USD
OECD.SDD.NAD:DSD_NASU@DF_VALUATION(2.0),A,USA,P2,J,CPA08_B05,XDC,O,V,T1620,2024,0.19,D,S1,D,F,2,A,6,USD
OECD.SDD.NAD:DSD_NASU@DF_VALUATION(2.0),A,USA,P2,B09,_T,XDC,O,V,T1620,2024,0,D,S1,D,F,2,A,6,USD
OECD.SDD.NAD:DSD_NASU@DF_VALUATION(2.0),A,USA,P2,C,_T,XDC,O,V,T1620,2024,-0.02,D,S1,D,F,2,A,6,USD
OECD.SDD.NAD:DSD_NASU@DF_VALUATION(2.0),A,USA,P2,C10T12,_T,XDC,O,V,T1620,2024,0,D,S1,D,F,2,A,6,USD
OECD.SDD.NAD:DSD_NASU@DF_VALUATION(2.0),A,USA,P2,C10,_T,XDC,O,V,T1620,2024,0,D,S1,D,F,2,A,6,USD
OECD.SDD.NAD:DSD_NASU@DF_VALUATION(2.0),A,USA,P2,C11,_T,XDC,O,V,T1620,2024,0,D,S1,D,F,2,A,6,USD
OECD.SDD.NAD:DSD_NASU@DF_VALUATION(2.0),A,USA,P2,C12,_T,XDC,O,V,T1620,2024,0,D,S1,D,F,2,A,6,USD
OECD.SDD.NAD:DSD_NASU@DF_VALUATION(2.0),A,USA,P2,C13T15,_T,XDC,O,V,T1620,2024,0,D,S1,D,F,2,A,6,USD
OECD.SDD.NAD:DSD_NASU@DF_VALUATION(2.0),A,USA,P2,C24,_X,XDC,O,V,T1620,2024,21453.9,D,S1,D,F,2,A,6,USD
OECD.SDD.NAD:DSD_NASU@DF_VALUATION(2.0),A,USA,P2,_T,_X,XDC,O,V,T1620,2024,32526.5,D,S1,D,F,2,A,6,USD
OECD.SDD.NAD:DSD_NASU@DF_VALUATION(2.0),A,USA,P2,C26,_T,XDC,O,V,T1620,2024,0,D,S1,D,F,2,A,6,USD
OECD.SDD.NAD:DSD_NASU@DF_VALUATION(2.0),A,USA,P2,C27,_T,XDC,O,V,T1620,2024,0,D,S1,D,F,2,A,6,USD
OECD.SDD.NAD:DSD_NASU@DF_VALUATION(2.0),A,USA,P2,C28,_T,XDC,O,V,T1620,2024,-0.01,D,S1,D,F,2,A,6,USD
OECD.SDD.NAD:DSD_NASU@DF_VALUATION(2.0),A,USA,P2,C29,_T,XDC,O,V,T1620,2024,0,D,S1,D,F,2,A,6,USD
OECD.SDD.NAD:DSD_NASU@DF_VALUATION(2.0),A,USA,P2,C30,_T,XDC,O,V,T1620,2024,0,D,S1,D,F,2,A,6,USD
OECD.SDD.NAD:DSD_NASU@DF_VALUATION(2.0),A,USA,P2,C31_32,_T,XDC,O,V,T1620,2024,0,D,S1,D,F,2,A,6,USD
OECD.SDD.NAD:DSD_NASU@DF_VALUATION(2.0),A,USA,P2,C31,_T,XDC,O,V,T1620,2024,0,D,S1,D,F,2,A,6,USD
OECD.SDD.NAD:DSD_NASU@DF_VALUATION(2.0),A,USA,P2,C32,_T,XDC,O,V,T1620,2024,0,D,S1,D,F,2,A,6,USD
OECD.SDD.NAD:DSD_NASU@DF_VALUATION(2.0),A,USA,P2,C33,_T,XDC,O,V,T1620,2024,0,D,S1,D,F,2,A,6,USD
OECD.SDD.NAD:DSD_NASU@DF_VALUATION(2.0),A,USA,P2,D,_T,XDC,O,V,T1620,2024,0,D,S1,D,F,2,A,6,USD
OECD.SDD.NAD:DSD_NASU@DF_VALUATION(2.0),A,USA,P2,E,_T,XDC,O,V,T1620,2024,0,D,S1,D,F,2,A,6,USD
OECD.SDD.NAD:DSD_NASU@DF_VALUATION(2.0),A,USA,P2,E36,_T,XDC,O,V,T1620,2024,0,D,S1,D,F,2,A,6,USD
OECD.SDD.NAD:DSD_NASU@DF_VALUATION(2.0),A,USA,P2,E37T39,_T,XDC,O,V,T1620,2024,0,D,S1,D,F,2,A,6,USD
OECD.SDD.NAD:DSD_NASU@DF_VALUATION(2.0),A,USA,P2,E37,_T,XDC,O,V,T1620,2024,0,D,S1,D,F,2,A,6,USD
OECD.SDD.NAD:DSD_NASU@DF_VALUATION(2.0),A,USA,P2,E38,_T,XDC,O,V,T1620,2024,0,D,S1,D,F,2,A,6,USD
OECD.SDD.NAD:DSD_NASU@DF_VALUATION(2.0),A,USA,P2,E39,_T,XDC,O,V,T1620,2024,0,D,S1,D,F,2,A,6,USD
OECD.SDD.NAD:DSD_NASU@DF_VALUATION(2.0),A,USA,P2,A03,_T,XDC,O,V,T1620,2024,0,D,S1,D,F,2,A,6,USD
OECD.SDD.NAD:DSD_NASU@DF_VALUATION(2.0),A,USA,P2,R92,_T,XDC,O,V,T1620,2024,0,D,S1,D,F,2,A,6,USD
OECD.SDD.NAD:DSD_NASU@DF_VALUATION(2.0),A,USA,P2,R93,_T,XDC,O,V,T1620,2024,0,D,S1,D,F,2,A,6,USD
OECD.SDD.NAD:DSD_NASU@DF_VALUATION(2.0),A,USA,P2,B07,_T,XDC,O,V,T1620,2024,0,D,S1,D,F,2,A,6,USD
OECD.SDD.NAD:DSD_NASU@DF_VALUATION(2.0),A,USA,P2,B08,_T,XDC,O,V,T1620,2024,0,D,S1,D,F,2,A,6,USD
OECD.SDD.NAD:DSD_NASU@DF_VALUATION(2.0),A,USA,P2,K65,_T,XDC,O,V,T1620,2024,0,D,S1,D,F,2,A,6,USD
OECD.SDD.NAD:DSD_NASU@DF_VALUATION(2.0),A,USA,P2,K66,_T,XDC,O,V,T1620,2024,0,D,S1,D,F,2,A,6,USD
OECD.SDD.NAD:DSD_NASU@DF_VALUATION(2.0),A,USA,P2,L,_T,XDC,O,V,T1620,2024,0,D,S1,D,F,2,A,6,USD
OECD.SDD.NAD:DSD_NASU@DF_VALUATION(2.0),A,USA,P2,L68A,_T,XDC,O,V,T1620,2024,0,D,S1,D,F,2,A,6,USD
OECD.SDD.NAD:DSD_NASU@DF_VALUATION(2.0),A,USA,P2,L68B,_T,XDC,O,V,T1620,2024,0,D,S1,D,F,2,A,6,USD
OECD.SDD.NAD:DSD_NASU@DF_VALUATION(2.0),A,USA,P2,M,_T,XDC,O,V,T1620,2024,0,D,S1,D,F,2,A,6,USD
OECD.SDD.NAD:DSD_NASU@DF_VALUATION(2.0),A,USA,P2,M69_70,_T,XDC,O,V,T1620,2024,0,D,S1,D,F,2,A,6,USD
OECD.SDD.NAD:DSD_NASU@DF_VALUATION(2.0),A,USA,P2,M69,_T,XDC,O,V,T1620,2024,0,D,S1,D,F,2,A,6,USD
OECD.SDD.NAD:DSD_NASU@DF_VALUATION(2.0),A,USA,P2,M70,_T,XDC,O,V,T1620,2024,0,D,S1,D,F,2,A,6,USD
OECD.SDD.NAD:DSD_NASU@DF_VALUATION(2.0),A,USA,P2,M71,_T,XDC,O,V,T1620,2024,0,D,S1,D,F,2,A,6,USD
OECD.SDD.NAD:DSD_NASU@DF_VALUATION(2.0),A,USA,P2,M72,_T,XDC,O,V,T1620,2024,0,D,S1,D,F,2,A,6,USD
OECD.SDD.NAD:DSD_NASU@DF_VALUATION(2.0),A,USA,P2,M73,_T,XDC,O,V,T1620,2024,0,D,S1,D,F,2,A,6,USD
OECD.SDD.NAD:DSD_NASU@DF_VALUATION(2.0),A,USA,P2,M74_75,_T,XDC,O,V,T1620,2024,0,D,S1,D,F,2,A,6,USD
OECD.SDD.NAD:DSD_NASU@DF_VALUATION(2.0),A,USA,P2,M74,_T,XDC,O,V,T1620,2024,0,D,S1,D,F,2,A,6,USD
OECD.SDD.NAD:DSD_NASU@DF_VALUATION(2.0),A,USA,P2,M75,_T,XDC,O,V,T1620,2024,0,D,S1,D,F,2,A,6,USD
OECD.SDD.NAD:DSD_NASU@DF_VALUATION(2.0),A,USA,P2,N,_T,XDC,O,V,T1620,2024,0,D,S1,D,F,2,A,6,USD
OECD.SDD.NAD:DSD_NASU@DF_VALUATION(2.0),A,USA,P2,N77,_T,XDC,O,V,T1620,2024,0,D,S1,D,F,2,A,6,USD
OECD.SDD.NAD:DSD_NASU@DF_VALUATION(2.0),A,USA,P2,N78,_T,XDC,O,V,T1620,2024,0,D,S1,D,F,2,A,6,USD
OECD.SDD.NAD:DSD_NASU@DF_VALUATION(2.0),A,USA,P2,N79,_T,XDC,O,V,T1620,2024,0,D,S1,D,F,2,A,6,USD
OECD.SDD.NAD:DSD_NASU@DF_VALUATION(2.0),A,USA,P2,N80T82,_T,XDC,O,V,T1620,2024,0,D,S1,D,F,2,A,6,USD
OECD.SDD.NAD:DSD_NASU@DF_VALUATION(2.0),A,USA,P2,N80,_T,XDC,O,V,T1620,2024,0,D,S1,D,F,2,A,6,USD
OECD.SDD.NAD:DSD_NASU@DF_VALUATION(2.0),A,USA,P2,N81,_T,XDC,O,V,T1620,2024,0,D,S1,D,F,2,A,6,USD
OECD.SDD.NAD:DSD_NASU@DF_VALUATION(2.0),A,USA,P2,N82,_T,XDC,O,V,T1620,2024,0,D,S1,D,F,2,A,6,USD
OECD.SDD.NAD:DSD_NASU@DF_VALUATION(2.0),A,USA,P2,O,_T,XDC,O,V,T1620,2024,0,D,S1,D,F,2,A,6,USD
OECD.SDD.NAD:DSD_NASU@DF_VALUATION(2.0),A,USA,P2,P,_T,XDC,O,V,T1620,2024,0,D,S1,D,F,2,A,6,USD
OECD.SDD.NAD:DSD_NASU@DF_VALUATION(2.0),A,USA,P2,Q,_T,XDC,O,V,T1620,2024,0,D,S1,D,F,2,A,6,USD
OECD.SDD.NAD:DSD_NASU@DF_VALUATION(2.0),A,USA,P2,Q86,_T,XDC,O,V,T1620,2024,0,D,S1,D,F,2,A,6,USD
OECD.SDD.NAD:DSD_NASU@DF_VALUATION(2.0),A,USA,P2,Q87_88,_T,XDC,O,V,T1620,2024,0,D,S1,D,F,2,A,6,USD
OECD.SDD.NAD:DSD_NASU@DF_VALUATION(2.0),A,USA,P2,Q87,_T,XDC,O,V,T1620,2024,0,D,S1,D,F,2,A,6,USD
OECD.SDD.NAD:DSD_NASU@DF_VALUATION(2.0),A,USA,P2,Q88,_T,XDC,O,V,T1620,2024,0,D,S1,D,F,2,A,6,USD
OECD.SDD.NAD:DSD_NASU@DF_VALUATION(2.0),A,USA,P2,R,_T,XDC,O,V,T1620,2024,0,D,S1,D,F,2,A,6,USD
OECD.SDD.NAD:DSD_NASU@DF_VALUATION(2.0),A,USA,P2,R90T92,_T,XDC,O,V,T1620,2024,0,D,S1,D,F,2,A,6,USD
OECD.SDD.NAD:DSD_NASU@DF_VALUATION(2.0),A,USA,P2,R90,_T,XDC,O,V,T1620,2024,0,D,S1,D,F,2,A,6,USD
OECD.SDD.NAD:DSD_NASU@DF_VALUATION(2.0),A,USA,P2,C13,_T,XDC,O,V,T1620,2024,0,D,S1,D,F,2,A,6,USD
OECD.SDD.NAD:DSD_NASU@DF_VALUATION(2.0),A,USA,P2,_T,_T,XDC,O,V,T1620,2024,-0.04,D,S1,D,F,2,A,6,USD
OECD.SDD.NAD:DSD_NASU@DF_VALUATION(2.0),A,USA,P2,A,_T,XDC,O,V,T1620,2024,0,D,S1,D,F,2,A,6,USD
OECD.SDD.NAD:DSD_NASU@DF_VALUATION(2.0),A,USA,P2,C19,_T,XDC,O,V,T1620,2024,0,D,S1,D,F,2,A,6,USD
OECD.SDD.NAD:DSD_NASU@DF_VALUATION(2.0),A,USA,P2,C20,_T,XDC,O,V,T1620,2024,0,D,S1,D,F,2,A,6,USD
OECD.SDD.NAD:DSD_NASU@DF_VALUATION(2.0),A,USA,P2,C21,_T,XDC,O,V,T1620,2024,0,D,S1,D,F,2,A,6,USD
OECD.SDD.NAD:DSD_NASU@DF_VALUATION(2.0),A,USA,P2,C22,_T,XDC,O,V,T1620,2024,0,D,S1,D,F,2,A,6,USD
OECD.SDD.NAD:DSD_NASU@DF_VALUATION(2.0),A,USA,P2,C23,_T,XDC,O,V,T1620,2024,0,D,S1,D,F,2,A,6,USD
OECD.SDD.NAD:DSD_NASU@DF_VALUATION(2.0),A,USA,P2,C24,_T,XDC,O,V,T1620,2024,0,D,S1,D,F,2,A,6,USD
OECD.SDD.NAD:DSD_NASU@DF_VALUATION(2.0),A,USA,P2,C25,_T,XDC,O,V,T1620,2024,0,D,S1,D,F,2,A,6,USD
OECD.SDD.NAD:DSD_NASU@DF_VALUATION(2.0),A,USA,P2,R90T92,CPA08_A,XDC,O,V,T1620,2024,16.85,D,S1,D,F,2,A,6,USD
OECD.SDD.NAD:DSD_NASU@DF_VALUATION(2.0),A,USA,P2,R92,CPA08_A,XDC,O,V,T1620,2024,16.85,D,S1,D,F,2,A,6,USD
OECD.SDD.NAD:DSD_NASU@DF_VALUATION(2.0),A,USA,P2,R93,CPA08_A,XDC,O,V,T1620,2024,164.61,D,S1,D,F,2,A,6,USD
OECD.SDD.NAD:DSD_NASU@DF_VALUATION(2.0),A,USA,P2,S,CPA08_A,XDC,O,V,T1620,2024,24.12,D,S1,D,F,2,A,6,USD
OECD.SDD.NAD:DSD_NASU@DF_VALUATION(2.0),A,USA,P2,S94,CPA08_A,XDC,O,V,T1620,2024,24.12,D,S1,D,F,2,A,6,USD
OECD.SDD.NAD:DSD_NASU@DF_VALUATION(2.0),A,USA,P5,_Z,CPA08_A,XDC,O,V,T1620,2024,211.08,D,S1,D,F,2,A,6,USD
OECD.SDD.NAD:DSD_NASU@DF_VALUATION(2.0),A,USA,P3,_Z,CPA08_A,XDC,O,V,T1620,2024,118776.83,D,S1,D,F,2,A,6,USD
OECD.SDD.NAD:DSD_NASU@DF_VALUATION(2.0),A,USA,P52,_Z,CPA08_A,XDC,O,V,T1620,2024,211.08,D,S1,D,F,2,A,6,USD
OECD.SDD.NAD:DSD_NASU@DF_VALUATION(2.0),A,USA,TU,_Z,CPA08_A,XDC,O,V,T1620,2024,273280.77,D,S1,D,F,2,A,6,USD
OECD.SDD.NAD:DSD_NASU@DF_VALUATION(2.0),A,USA,P2,C14,CPA08_A,XDC,O,V,T1620,2024,22.12,D,S1,D,F,2,A,6,USD
OECD.SDD.NAD:DSD_NASU@DF_VALUATION(2.0),A,USA,P2,C16,CPA08_A,XDC,O,V,T1620,2024,5881.92,D,S1,D,F,2,A,6,USD
OECD.SDD.NAD:DSD_NASU@DF_VALUATION(2.0),A,USA,P2,C17,CPA08_A,XDC,O,V,T1620,2024,1188.35,D,S1,D,F,2,A,6,USD
OECD.SDD.NAD:DSD_NASU@DF_VALUATION(2.0),A,USA,P2,C18,CPA08_A,XDC,O,V,T1620,2024,9.81,D,S1,D,F,2,A,6,USD
OECD.SDD.NAD:DSD_NASU@DF_VALUATION(2.0),A,USA,P2,C20,CPA08_A,XDC,O,V,T1620,2024,5498.27,D,S1,D,F,2,A,6,USD
OECD.SDD.NAD:DSD_NASU@DF_VALUATION(2.0),A,USA,P2,C21,CPA08_A,XDC,O,V,T1620,2024,0.47,D,S1,D,F,2,A,6,USD
OECD.SDD.NAD:DSD_NASU@DF_VALUATION(2.0),A,USA,P2,C22,CPA08_A,XDC,O,V,T1620,2024,620.9,D,S1,D,F,2,A,6,USD
OECD.SDD.NAD:DSD_NASU@DF_VALUATION(2.0),A,USA,P2,C23,CPA08_A,XDC,O,V,T1620,2024,0.21,D,S1,D,F,2,A,6,USD
OECD.SDD.NAD:DSD_NASU@DF_VALUATION(2.0),A,USA,P2,C31_32,CPA08_A,XDC,O,V,T1620,2024,158.51,D,S1,D,F,2,A,6,USD
OECD.SDD.NAD:DSD_NASU@DF_VALUATION(2.0),A,USA,P2,C31,CPA08_A,XDC,O,V,T1620,2024,36.76,D,S1,D,F,2,A,6,USD
OECD.SDD.NAD:DSD_NASU@DF_VALUATION(2.0),A,USA,P2,C32,CPA08_A,XDC,O,V,T1620,2024,121.76,D,S1,D,F,2,A,6,USD
OECD.SDD.NAD:DSD_NASU@DF_VALUATION(2.0),A,USA,P2,F,CPA08_A,XDC,O,V,T1620,2024,1173.43,D,S1,D,F,2,A,6,USD
OECD.SDD.NAD:DSD_NASU@DF_VALUATION(2.0),A,USA,P2,F41,CPA08_A,XDC,O,V,T1620,2024,1109,D,S1,D,F,2,A,6,USD
OECD.SDD.NAD:DSD_NASU@DF_VALUATION(2.0),A,USA,P2,F42,CPA08_A,XDC,O,V,T1620,2024,64.43,D,S1,D,F,2,A,6,USD
OECD.SDD.NAD:DSD_NASU@DF_VALUATION(2.0),A,USA,P2,G,CPA08_A,XDC,O,V,T1620,2024,817.64,D,S1,D,F,2,A,6,USD
OECD.SDD.NAD:DSD_NASU@DF_VALUATION(2.0),A,USA,P2,G45,CPA08_A,XDC,O,V,T1620,2024,102.15,D,S1,D,F,2,A,6,USD
OECD.SDD.NAD:DSD_NASU@DF_VALUATION(2.0),A,USA,P2,G46,CPA08_A,XDC,O,V,T1620,2024,165.06,D,S1,D,F,2,A,6,USD
OECD.SDD.NAD:DSD_NASU@DF_VALUATION(2.0),A,USA,P2,G47,CPA08_A,XDC,O,V,T1620,2024,550.43,D,S1,D,F,2,A,6,USD
OECD.SDD.NAD:DSD_NASU@DF_VALUATION(2.0),A,USA,P2,H,CPA08_A,XDC,O,V,T1620,2024,19.33,D,S1,D,F,2,A,6,USD
OECD.SDD.NAD:DSD_NASU@DF_VALUATION(2.0),A,USA,P2,H49,CPA08_A,XDC,O,V,T1620,2024,1.71,D,S1,D,F,2,A,6,USD
OECD.SDD.NAD:DSD_NASU@DF_VALUATION(2.0),A,USA,P2,H50,CPA08_A,XDC,O,V,T1620,2024,17.62,D,S1,D,F,2,A,6,USD
OECD.SDD.NAD:DSD_NASU@DF_VALUATION(2.0),A,USA,P2,I,CPA08_A,XDC,O,V,T1620,2024,3854.04,D,S1,D,F,2,A,6,USD
OECD.SDD.NAD:DSD_NASU@DF_VALUATION(2.0),A,USA,P2,I55,CPA08_A,XDC,O,V,T1620,2024,87.89,D,S1,D,F,2,A,6,USD
OECD.SDD.NAD:DSD_NASU@DF_VALUATION(2.0),A,USA,P2,I56,CPA08_A,XDC,O,V,T1620,2024,3766.15,D,S1,D,F,2,A,6,USD
OECD.SDD.NAD:DSD_NASU@DF_VALUATION(2.0),A,USA,P2,J,CPA08_A,XDC,O,V,T1620,2024,0.06,D,S1,D,F,2,A,6,USD
OECD.SDD.NAD:DSD_NASU@DF_VALUATION(2.0),A,USA,P2,J62_63,CPA08_A,XDC,O,V,T1620,2024,0.06,D,S1,D,F,2,A,6,USD
OECD.SDD.NAD:DSD_NASU@DF_VALUATION(2.0),A,USA,P2,B,CPA08_A,XDC,O,V,T1620,2024,52.63,D,S1,D,F,2,A,6,USD
OECD.SDD.NAD:DSD_NASU@DF_VALUATION(2.0),A,USA,P2,B05,CPA08_A,XDC,O,V,T1620,2024,35.7,D,S1,D,F,2,A,6,USD
OECD.SDD.NAD:DSD_NASU@DF_VALUATION(2.0),A,USA,P2,B07,CPA08_A,XDC,O,V,T1620,2024,5.32,D,S1,D,F,2,A,6,USD
OECD.SDD.NAD:DSD_NASU@DF_VALUATION(2.0),A,USA,P2,B08,CPA08_A,XDC,O,V,T1620,2024,5.41,D,S1,D,F,2,A,6,USD
OECD.SDD.NAD:DSD_NASU@DF_VALUATION(2.0),A,USA,P2,B09,CPA08_A,XDC,O,V,T1620,2024,6.2,D,S1,D,F,2,A,6,USD
OECD.SDD.NAD:DSD_NASU@DF_VALUATION(2.0),A,USA,P2,C,CPA08_A,XDC,O,V,T1620,2024,94823.91,D,S1,D,F,2,A,6,USD
OECD.SDD.NAD:DSD_NASU@DF_VALUATION(2.0),A,USA,P2,C10T12,CPA08_A,XDC,O,V,T1620,2024,81225.56,D,S1,D,F,2,A,6,USD
OECD.SDD.NAD:DSD_NASU@DF_VALUATION(2.0),A,USA,P2,C10,CPA08_A,XDC,O,V,T1620,2024,78597.77,D,S1,D,F,2,A,6,USD
OECD.SDD.NAD:DSD_NASU@DF_VALUATION(2.0),A,USA,P2,C11,CPA08_A,XDC,O,V,T1620,2024,2069.3,D,S1,D,F,2,A,6,USD
OECD.SDD.NAD:DSD_NASU@DF_VALUATION(2.0),A,USA,P2,C12,CPA08_A,XDC,O,V,T1620,2024,558.49,D,S1,D,F,2,A,6,USD
OECD.SDD.NAD:DSD_NASU@DF_VALUATION(2.0),A,USA,P2,C13T15,CPA08_A,XDC,O,V,T1620,2024,239.91,D,S1,D,F,2,A,6,USD
OECD.SDD.NAD:DSD_NASU@DF_VALUATION(2.0),A,USA,P2,C13,CPA08_A,XDC,O,V,T1620,2024,217.79,D,S1,D,F,2,A,6,USD
OECD.SDD.NAD:DSD_NASU@DF_VALUATION(2.0),A,USA,P2,_T,CPA08_A,XDC,O,V,T1620,2024,131082.35,D,S1,D,F,2,A,6,USD
OECD.SDD.NAD:DSD_NASU@DF_VALUATION(2.0),A,USA,P2,A,CPA08_A,XDC,O,V,T1620,2024,27277.77,D,S1,D,F,2,A,6,USD
OECD.SDD.NAD:DSD_NASU@DF_VALUATION(2.0),A,USA,P2,A01,CPA08_A,XDC,O,V,T1620,2024,25700.91,D,S1,D,F,2,A,6,USD
OECD.SDD.NAD:DSD_NASU@DF_VALUATION(2.0),A,USA,P2,A02,CPA08_A,XDC,O,V,T1620,2024,1576.86,D,S1,D,F,2,A,6,USD
OECD.SDD.NAD:DSD_NASU@DF_VALUATION(2.0),A,USA,P2,J62,CPA08_A,XDC,O,V,T1620,2024,0.06,D,S1,D,F,2,A,6,USD
OECD.SDD.NAD:DSD_NASU@DF_VALUATION(2.0),A,USA,P2,K,CPA08_A,XDC,O,V,T1620,2024,0.05,D,S1,D,F,2,A,6,USD
OECD.SDD.NAD:DSD_NASU@DF_VALUATION(2.0),A,USA,P2,S94,_T,XDC,O,V,T1620,2024,0,D,S1,D,F,2,A,6,USD
OECD.SDD.NAD:DSD_NASU@DF_VALUATION(2.0),A,USA,P2,S95,_T,XDC,O,V,T1620,2024,0,D,S1,D,F,2,A,6,USD
OECD.SDD.NAD:DSD_NASU@DF_VALUATION(2.0),A,USA,P2,S96,_T,XDC,O,V,T1620,2024,0,D,S1,D,F,2,A,6,USD
OECD.SDD.NAD:DSD_NASU@DF_VALUATION(2.0),A,USA,P52,_Z,_T,XDC,O,V,T1620,2024,0,D,S1,D,F,2,A,6,USD
OECD.SDD.NAD:DSD_NASU@DF_VALUATION(2.0),A,USA,P3,_Z,_T,XDC,O,V,T1620,2024,0,D,S1,D,F,2,A,6,USD
OECD.SDD.NAD:DSD_NASU@DF_VALUATION(2.0),A,USA,P51G,_Z,_T,XDC,O,V,T1620,2024,0,D,S1,D,F,2,A,6,USD
OECD.SDD.NAD:DSD_NASU@DF_VALUATION(2.0),A,USA,P5,_Z,_T,XDC,O,V,T1620,2024,0,D,S1,D,F,2,A,6,USD
OECD.SDD.NAD:DSD_NASU@DF_VALUATION(2.0),A,USA,TU,_Z,_T,XDC,O,V,T1620,2024,-0.04,D,S1,D,F,2,A,6,USD
OECD.SDD.NAD:DSD_NASU@DF_VALUATION(2.0),A,USA,P2,F,_T,XDC,O,V,T1620,2024,-0.01,D,S1,D,F,2,A,6,USD
OECD.SDD.NAD:DSD_NASU@DF_VALUATION(2.0),A,USA,P2,B,_T,XDC,O,V,T1620,2024,0,D,S1,D,F,2,A,6,USD
OECD.SDD.NAD:DSD_NASU@DF_VALUATION(2.0),A,USA,P2,B05,_T,XDC,O,V,T1620,2024,0,D,S1,D,F,2,A,6,USD
OECD.SDD.NAD:DSD_NASU@DF_VALUATION(2.0),A,USA,P2,B06,_T,XDC,O,V,T1620,2024,0,D,S1,D,F,2,A,6,USD
OECD.SDD.NAD:DSD_NASU@DF_VALUATION(2.0),A,USA,P2,H49,_T,XDC,O,V,T1620,2024,0,D,S1,D,F,2,A,6,USD
OECD.SDD.NAD:DSD_NASU@DF_VALUATION(2.0),A,USA,P2,H50,_T,XDC,O,V,T1620,2024,0,D,S1,D,F,2,A,6,USD
OECD.SDD.NAD:DSD_NASU@DF_VALUATION(2.0),A,USA,P2,H51,_T,XDC,O,V,T1620,2024,0,D,S1,D,F,2,A,6,USD
OECD.SDD.NAD:DSD_NASU@DF_VALUATION(2.0),A,USA,P2,H52,_T,XDC,O,V,T1620,2024,0,D,S1,D,F,2,A,6,USD
OECD.SDD.NAD:DSD_NASU@DF_VALUATION(2.0),A,USA,P2,H53,_T,XDC,O,V,T1620,2024,0,D,S1,D,F,2,A,6,USD
OECD.SDD.NAD:DSD_NASU@DF_VALUATION(2.0),A,USA,P2,I,_T,XDC,O,V,T1620,2024,0,D,S1,D,F,2,A,6,USD
OECD.SDD.NAD:DSD_NASU@DF_VALUATION(2.0),A,USA,P2,I55,_T,XDC,O,V,T1620,2024,0,D,S1,D,F,2,A,6,USD
OECD.SDD.NAD:DSD_NASU@DF_VALUATION(2.0),A,USA,P2,I56,_T,XDC,O,V,T1620,2024,0,D,S1,D,F,2,A,6,USD
OECD.SDD.NAD:DSD_NASU@DF_VALUATION(2.0),A,USA,P2,J,_T,XDC,O,V,T1620,2024,0,D,S1,D,F,2,A,6,USD
OECD.SDD.NAD:DSD_NASU@DF_VALUATION(2.0),A,USA,P2,J58,_T,XDC,O,V,T1620,2024,0,D,S1,D,F,2,A,6,USD
OECD.SDD.NAD:DSD_NASU@DF_VALUATION(2.0),A,USA,P2,J59_60,_T,XDC,O,V,T1620,2024,0,D,S1,D,F,2,A,6,USD
OECD.SDD.NAD:DSD_NASU@DF_VALUATION(2.0),A,USA,P2,J59,_T,XDC,O,V,T1620,2024,0,D,S1,D,F,2,A,6,USD
OECD.SDD.NAD:DSD_NASU@DF_VALUATION(2.0),A,USA,P2,J60,_T,XDC,O,V,T1620,2024,0,D,S1,D,F,2,A,6,USD
OECD.SDD.NAD:DSD_NASU@DF_VALUATION(2.0),A,USA,P2,J61,_T,XDC,O,V,T1620,2024,0,D,S1,D,F,2,A,6,USD
OECD.SDD.NAD:DSD_NASU@DF_VALUATION(2.0),A,USA,P2,J62_63,_T,XDC,O,V,T1620,2024,0,D,S1,D,F,2,A,6,USD
OECD.SDD.NAD:DSD_NASU@DF_VALUATION(2.0),A,USA,P2,J62,_T,XDC,O,V,T1620,2024,0,D,S1,D,F,2,A,6,USD
OECD.SDD.NAD:DSD_NASU@DF_VALUATION(2.0),A,USA,P2,J63,_T,XDC,O,V,T1620,2024,0,D,S1,D,F,2,A,6,USD
OECD.SDD.NAD:DSD_NASU@DF_VALUATION(2.0),A,USA,P2,K,_T,XDC,O,V,T1620,2024,0,D,S1,D,F,2,A,6,USD
OECD.SDD.NAD:DSD_NASU@DF_VALUATION(2.0),A,USA,P2,K64,_T,XDC,O,V,T1620,2024,0,D,S1,D,F,2,A,6,USD
OECD.SDD.NAD:DSD_NASU@DF_VALUATION(2.0),A,USA,P2,C14,CPA08_A02,XDC,O,V,T1620,2024,22.12,D,S1,D,F,2,A,6,USD
OECD.SDD.NAD:DSD_NASU@DF_VALUATION(2.0),A,USA,P2,C16,CPA08_A02,XDC,O,V,T1620,2024,5881.92,D,S1,D,F,2,A,6,USD
OECD.SDD.NAD:DSD_NASU@DF_VALUATION(2.0),A,USA,P2,C17,CPA08_A02,XDC,O,V,T1620,2024,1188.35,D,S1,D,F,2,A,6,USD
OECD.SDD.NAD:DSD_NASU@DF_VALUATION(2.0),A,USA,P2,C18,CPA08_A02,XDC,O,V,T1620,2024,9.81,D,S1,D,F,2,A,6,USD
OECD.SDD.NAD:DSD_NASU@DF_VALUATION(2.0),A,USA,P2,C20,CPA08_A02,XDC,O,V,T1620,2024,137.63,D,S1,D,F,2,A,6,USD
OECD.SDD.NAD:DSD_NASU@DF_VALUATION(2.0),A,USA,P2,_T,CPA08_A02,XDC,O,V,T1620,2024,10007.8,D,S1,D,F,2,A,6,USD
OECD.SDD.NAD:DSD_NASU@DF_VALUATION(2.0),A,USA,P2,A,CPA08_A02,XDC,O,V,T1620,2024,1577.71,D,S1,D,F,2,A,6,USD
OECD.SDD.NAD:DSD_NASU@DF_VALUATION(2.0),A,USA,P2,A01,CPA08_A02,XDC,O,V,T1620,2024,0.85,D,S1,D,F,2,A,6,USD
OECD.SDD.NAD:DSD_NASU@DF_VALUATION(2.0),A,USA,P2,A02,CPA08_A02,XDC,O,V,T1620,2024,1576.86,D,S1,D,F,2,A,6,USD
OECD.SDD.NAD:DSD_NASU@DF_VALUATION(2.0),A,USA,P2,C22,CPA08_A02,XDC,O,V,T1620,2024,620.9,D,S1,D,F,2,A,6,USD
OECD.SDD.NAD:DSD_NASU@DF_VALUATION(2.0),A,USA,P2,C23,CPA08_A02,XDC,O,V,T1620,2024,0.21,D,S1,D,F,2,A,6,USD
OECD.SDD.NAD:DSD_NASU@DF_VALUATION(2.0),A,USA,P2,M72,CPA08_A01,XDC,O,V,T1620,2024,202.25,D,S1,D,F,2,A,6,USD
OECD.SDD.NAD:DSD_NASU@DF_VALUATION(2.0),A,USA,P2,M73,CPA08_A01,XDC,O,V,T1620,2024,5.64,D,S1,D,F,2,A,6,USD
OECD.SDD.NAD:DSD_NASU@DF_VALUATION(2.0),A,USA,P2,N,CPA08_A01,XDC,O,V,T1620,2024,486.68,D,S1,D,F,2,A,6,USD
OECD.SDD.NAD:DSD_NASU@DF_VALUATION(2.0),A,USA,P2,N80T82,CPA08_A01,XDC,O,V,T1620,2024,486.68,D,S1,D,F,2,A,6,USD
OECD.SDD.NAD:DSD_NASU@DF_VALUATION(2.0),A,USA,P2,N80,CPA08_A01,XDC,O,V,T1620,2024,0.66,D,S1,D,F,2,A,6,USD
OECD.SDD.NAD:DSD_NASU@DF_VALUATION(2.0),A,USA,P2,N81,CPA08_A01,XDC,O,V,T1620,2024,485.62,D,S1,D,F,2,A,6,USD
OECD.SDD.NAD:DSD_NASU@DF_VALUATION(2.0),A,USA,P2,N82,CPA08_A01,XDC,O,V,T1620,2024,0.4,D,S1,D,F,2,A,6,USD
OECD.SDD.NAD:DSD_NASU@DF_VALUATION(2.0),A,USA,P2,O,CPA08_A01,XDC,O,V,T1620,2024,1248.42,D,S1,D,F,2,A,6,USD
OECD.SDD.NAD:DSD_NASU@DF_VALUATION(2.0),A,USA,P2,P,CPA08_A01,XDC,O,V,T1620,2024,575.96,D,S1,D,F,2,A,6,USD
OECD.SDD.NAD:DSD_NASU@DF_VALUATION(2.0),A,USA,P2,R,CPA08_A01,XDC,O,V,T1620,2024,103.77,D,S1,D,F,2,A,6,USD
OECD.SDD.NAD:DSD_NASU@DF_VALUATION(2.0),A,USA,P2,R90T92,CPA08_A01,XDC,O,V,T1620,2024,10.59,D,S1,D,F,2,A,6,USD
OECD.SDD.NAD:DSD_NASU@DF_VALUATION(2.0),A,USA,P2,R92,CPA08_A01,XDC,O,V,T1620,2024,10.59,D,S1,D,F,2,A,6,USD
OECD.SDD.NAD:DSD_NASU@DF_VALUATION(2.0),A,USA,P2,R93,CPA08_A01,XDC,O,V,T1620,2024,93.18,D,S1,D,F,2,A,6,USD
OECD.SDD.NAD:DSD_NASU@DF_VALUATION(2.0),A,USA,P2,S,CPA08_A01,XDC,O,V,T1620,2024,3.5,D,S1,D,F,2,A,6,USD
OECD.SDD.NAD:DSD_NASU@DF_VALUATION(2.0),A,USA,P2,S94,CPA08_A01,XDC,O,V,T1620,2024,3.5,D,S1,D,F,2,A,6,USD
OECD.SDD.NAD:DSD_NASU@DF_VALUATION(2.0),A,USA,P3,_Z,CPA08_A01,XDC,O,V,T1620,2024,114240.04,D,S1,D,F,2,A,6,USD
OECD.SDD.NAD:DSD_NASU@DF_VALUATION(2.0),A,USA,P5,_Z,CPA08_A01,XDC,O,V,T1620,2024,97,D,S1,D,F,2,A,6,USD
OECD.SDD.NAD:DSD_NASU@DF_VALUATION(2.0),A,USA,P52,_Z,CPA08_A01,XDC,O,V,T1620,2024,97,D,S1,D,F,2,A,6,USD
OECD.SDD.NAD:DSD_NASU@DF_VALUATION(2.0),A,USA,TU,_Z,CPA08_A01,XDC,O,V,T1620,2024,251895.64,D,S1,D,F,2,A,6,USD
OECD.SDD.NAD:DSD_NASU@DF_VALUATION(2.0),A,USA,P2,C21,CPA08_A01,XDC,O,V,T1620,2024,0.47,D,S1,D,F,2,A,6,USD
OECD.SDD.NAD:DSD_NASU@DF_VALUATION(2.0),A,USA,P2,C31_32,CPA08_A01,XDC,O,V,T1620,2024,30.74,D,S1,D,F,2,A,6,USD
OECD.SDD.NAD:DSD_NASU@DF_VALUATION(2.0),A,USA,P2,C32,CPA08_A01,XDC,O,V,T1620,2024,30.74,D,S1,D,F,2,A,6,USD
OECD.SDD.NAD:DSD_NASU@DF_VALUATION(2.0),A,USA,P2,F,CPA08_A01,XDC,O,V,T1620,2024,1173.43,D,S1,D,F,2,A,6,USD
OECD.SDD.NAD:DSD_NASU@DF_VALUATION(2.0),A,USA,P2,F41,CPA08_A01,XDC,O,V,T1620,2024,1109,D,S1,D,F,2,A,6,USD
OECD.SDD.NAD:DSD_NASU@DF_VALUATION(2.0),A,USA,P2,F42,CPA08_A01,XDC,O,V,T1620,2024,64.43,D,S1,D,F,2,A,6,USD
OECD.SDD.NAD:DSD_NASU@DF_VALUATION(2.0),A,USA,P2,G,CPA08_A01,XDC,O,V,T1620,2024,704.01,D,S1,D,F,2,A,6,USD
OECD.SDD.NAD:DSD_NASU@DF_VALUATION(2.0),A,USA,P2,G45,CPA08_A01,XDC,O,V,T1620,2024,102.15,D,S1,D,F,2,A,6,USD
OECD.SDD.NAD:DSD_NASU@DF_VALUATION(2.0),A,USA,P2,G46,CPA08_A01,XDC,O,V,T1620,2024,165.06,D,S1,D,F,2,A,6,USD
OECD.SDD.NAD:DSD_NASU@DF_VALUATION(2.0),A,USA,P2,G47,CPA08_A01,XDC,O,V,T1620,2024,436.81,D,S1,D,F,2,A,6,USD
OECD.SDD.NAD:DSD_NASU@DF_VALUATION(2.0),A,USA,P2,H,CPA08_A01,XDC,O,V,T1620,2024,19.02,D,S1,D,F,2,A,6,USD
OECD.SDD.NAD:DSD_NASU@DF_VALUATION(2.0),A,USA,P2,H49,CPA08_A01,XDC,O,V,T1620,2024,1.71,D,S1,D,F,2,A,6,USD
OECD.SDD.NAD:DSD_NASU@DF_VALUATION(2.0),A,USA,P2,H50,CPA08_A01,XDC,O,V,T1620,2024,17.31,D,S1,D,F,2,A,6,USD
OECD.SDD.NAD:DSD_NASU@DF_VALUATION(2.0),A,USA,P2,I,CPA08_A01,XDC,O,V,T1620,2024,518.41,D,S1,D,F,2,A,6,USD
OECD.SDD.NAD:DSD_NASU@DF_VALUATION(2.0),A,USA,P2,I55,CPA08_A01,XDC,O,V,T1620,2024,15.55,D,S1,D,F,2,A,6,USD
OECD.SDD.NAD:DSD_NASU@DF_VALUATION(2.0),A,USA,P2,I56,CPA08_A01,XDC,O,V,T1620,2024,502.86,D,S1,D,F,2,A,6,USD
OECD.SDD.NAD:DSD_NASU@DF_VALUATION(2.0),A,USA,P2,J,CPA08_A01,XDC,O,V,T1620,2024,0.06,D,S1,D,F,2,A,6,USD
OECD.SDD.NAD:DSD_NASU@DF_VALUATION(2.0),A,USA,P2,R91,_T,XDC,O,V,T1620,2024,0,D,S1,D,F,2,A,6,USD
OECD.SDD.NAD:DSD_NASU@DF_VALUATION(2.0),A,USA,P2,C14,_T,XDC,O,V,T1620,2024,0,D,S1,D,F,2,A,6,USD
OECD.SDD.NAD:DSD_NASU@DF_VALUATION(2.0),A,USA,P2,C15,_T,XDC,O,V,T1620,2024,0,D,S1,D,F,2,A,6,USD
OECD.SDD.NAD:DSD_NASU@DF_VALUATION(2.0),A,USA,P2,C16,_T,XDC,O,V,T1620,2024,0,D,S1,D,F,2,A,6,USD
OECD.SDD.NAD:DSD_NASU@DF_VALUATION(2.0),A,USA,P2,C17,_T,XDC,O,V,T1620,2024,0,D,S1,D,F,2,A,6,USD
OECD.SDD.NAD:DSD_NASU@DF_VALUATION(2.0),A,USA,P2,C18,_T,XDC,O,V,T1620,2024,0,D,S1,D,F,2,A,6,USD
OECD.SDD.NAD:DSD_NASU@DF_VALUATION(2.0),A,USA,P2,M69_70,CPA08_A01,XDC,O,V,T1620,2024,10.8,D,S1,D,F,2,A,6,USD
OECD.SDD.NAD:DSD_NASU@DF_VALUATION(2.0),A,USA,P2,B05,CPA08_A01,XDC,O,V,T1620,2024,2.11,D,S1,D,F,2,A,6,USD
OECD.SDD.NAD:DSD_NASU@DF_VALUATION(2.0),A,USA,P2,B07,CPA08_A01,XDC,O,V,T1620,2024,5.32,D,S1,D,F,2,A,6,USD
OECD.SDD.NAD:DSD_NASU@DF_VALUATION(2.0),A,USA,P2,B08,CPA08_A01,XDC,O,V,T1620,2024,5.41,D,S1,D,F,2,A,6,USD
OECD.SDD.NAD:DSD_NASU@DF_VALUATION(2.0),A,USA,P2,B09,CPA08_A01,XDC,O,V,T1620,2024,6.2,D,S1,D,F,2,A,6,USD
OECD.SDD.NAD:DSD_NASU@DF_VALUATION(2.0),A,USA,P2,C,CPA08_A01,XDC,O,V,T1620,2024,84914.86,D,S1,D,F,2,A,6,USD
OECD.SDD.NAD:DSD_NASU@DF_VALUATION(2.0),A,USA,P2,C10T12,CPA08_A01,XDC,O,V,T1620,2024,79308.99,D,S1,D,F,2,A,6,USD
OECD.SDD.NAD:DSD_NASU@DF_VALUATION(2.0),A,USA,P2,C10,CPA08_A01,XDC,O,V,T1620,2024,76727.43,D,S1,D,F,2,A,6,USD
OECD.SDD.NAD:DSD_NASU@DF_VALUATION(2.0),A,USA,P2,C11,CPA08_A01,XDC,O,V,T1620,2024,2023.07,D,S1,D,F,2,A,6,USD
OECD.SDD.NAD:DSD_NASU@DF_VALUATION(2.0),A,USA,P2,C12,CPA08_A01,XDC,O,V,T1620,2024,558.49,D,S1,D,F,2,A,6,USD
OECD.SDD.NAD:DSD_NASU@DF_VALUATION(2.0),A,USA,P2,C13T15,CPA08_A01,XDC,O,V,T1620,2024,217.79,D,S1,D,F,2,A,6,USD
OECD.SDD.NAD:DSD_NASU@DF_VALUATION(2.0),A,USA,P2,C13,CPA08_A01,XDC,O,V,T1620,2024,217.79,D,S1,D,F,2,A,6,USD
OECD.SDD.NAD:DSD_NASU@DF_VALUATION(2.0),A,USA,P2,C20,CPA08_A01,XDC,O,V,T1620,2024,5356.87,D,S1,D,F,2,A,6,USD
OECD.SDD.NAD:DSD_NASU@DF_VALUATION(2.0),A,USA,P2,_T,CPA08_A01,XDC,O,V,T1620,2024,115683.63,D,S1,D,F,2,A,6,USD
OECD.SDD.NAD:DSD_NASU@DF_VALUATION(2.0),A,USA,P2,A,CPA08_A01,XDC,O,V,T1620,2024,25694.67,D,S1,D,F,2,A,6,USD
OECD.SDD.NAD:DSD_NASU@DF_VALUATION(2.0),A,USA,P2,A01,CPA08_A01,XDC,O,V,T1620,2024,25694.67,D,S1,D,F,2,A,6,USD
OECD.SDD.NAD:DSD_NASU@DF_VALUATION(2.0),A,USA,P2,B,CPA08_A01,XDC,O,V,T1620,2024,19.04,D,S1,D,F,2,A,6,USD
OECD.SDD.NAD:DSD_NASU@DF_VALUATION(2.0),A,USA,P2,M69,CPA08_A01,XDC,O,V,T1620,2024,1.34,D,S1,D,F,2,A,6,USD
OECD.SDD.NAD:DSD_NASU@DF_VALUATION(2.0),A,USA,P2,M70,CPA08_A01,XDC,O,V,T1620,2024,9.46,D,S1,D,F,2,A,6,USD
OECD.SDD.NAD:DSD_NASU@DF_VALUATION(2.0),A,USA,P2,L,CPA08_A,XDC,O,V,T1620,2024,0.49,D,S1,D,F,2,A,6,USD
OECD.SDD.NAD:DSD_NASU@DF_VALUATION(2.0),A,USA,P2,L68A,CPA08_A,XDC,O,V,T1620,2024,0.03,D,S1,D,F,2,A,6,USD
OECD.SDD.NAD:DSD_NASU@DF_VALUATION(2.0),A,USA,P2,L68B,CPA08_A,XDC,O,V,T1620,2024,0.46,D,S1,D,F,2,A,6,USD
OECD.SDD.NAD:DSD_NASU@DF_VALUATION(2.0),A,USA,P2,M,CPA08_A,XDC,O,V,T1620,2024,241.58,D,S1,D,F,2,A,6,USD
OECD.SDD.NAD:DSD_NASU@DF_VALUATION(2.0),A,USA,P2,M69_70,CPA08_A,XDC,O,V,T1620,2024,10.94,D,S1,D,F,2,A,6,USD
OECD.SDD.NAD:DSD_NASU@DF_VALUATION(2.0),A,USA,P2,M69,CPA08_A,XDC,O,V,T1620,2024,1.34,D,S1,D,F,2,A,6,USD
OECD.SDD.NAD:DSD_NASU@DF_VALUATION(2.0),A,USA,P2,M70,CPA08_A,XDC,O,V,T1620,2024,9.6,D,S1,D,F,2,A,6,USD
OECD.SDD.NAD:DSD_NASU@DF_VALUATION(2.0),A,USA,P2,M71,CPA08_A,XDC,O,V,T1620,2024,2.55,D,S1,D,F,2,A,6,USD
OECD.SDD.NAD:DSD_NASU@DF_VALUATION(2.0),A,USA,P2,M72,CPA08_A,XDC,O,V,T1620,2024,222.44,D,S1,D,F,2,A,6,USD
OECD.SDD.NAD:DSD_NASU@DF_VALUATION(2.0),A,USA,P2,M73,CPA08_A,XDC,O,V,T1620,2024,5.64,D,S1,D,F,2,A,6,USD
OECD.SDD.NAD:DSD_NASU@DF_VALUATION(2.0),A,USA,P2,N,CPA08_A,XDC,O,V,T1620,2024,488.34,D,S1,D,F,2,A,6,USD
OECD.SDD.NAD:DSD_NASU@DF_VALUATION(2.0),A,USA,P2,N80T82,CPA08_A,XDC,O,V,T1620,2024,488.34,D,S1,D,F,2,A,6,USD
OECD.SDD.NAD:DSD_NASU@DF_VALUATION(2.0),A,USA,P2,N80,CPA08_A,XDC,O,V,T1620,2024,0.66,D,S1,D,F,2,A,6,USD
OECD.SDD.NAD:DSD_NASU@DF_VALUATION(2.0),A,USA,P2,N81,CPA08_A,XDC,O,V,T1620,2024,487.29,D,S1,D,F,2,A,6,USD
OECD.SDD.NAD:DSD_NASU@DF_VALUATION(2.0),A,USA,P2,N82,CPA08_A,XDC,O,V,T1620,2024,0.4,D,S1,D,F,2,A,6,USD
OECD.SDD.NAD:DSD_NASU@DF_VALUATION(2.0),A,USA,P2,O,CPA08_A,XDC,O,V,T1620,2024,1499.33,D,S1,D,F,2,A,6,USD
OECD.SDD.NAD:DSD_NASU@DF_VALUATION(2.0),A,USA,P2,P,CPA08_A,XDC,O,V,T1620,2024,628.17,D,S1,D,F,2,A,6,USD
OECD.SDD.NAD:DSD_NASU@DF_VALUATION(2.0),A,USA,P2,R,CPA08_A,XDC,O,V,T1620,2024,181.45,D,S1,D,F,2,A,6,USD
OECD.SDD.NAD:DSD_NASU@DF_VALUATION(2.0),A,USA,P2,S95,CPA08_B,XDC,O,V,T1620,2024,15.53,D,S1,D,F,2,A,6,USD
OECD.SDD.NAD:DSD_NASU@DF_VALUATION(2.0),A,USA,P2,C17,CPA08_B,XDC,O,V,T1620,2024,561.12,D,S1,D,F,2,A,6,USD
OECD.SDD.NAD:DSD_NASU@DF_VALUATION(2.0),A,USA,P2,C18,CPA08_B,XDC,O,V,T1620,2024,0.41,D,S1,D,F,2,A,6,USD
OECD.SDD.NAD:DSD_NASU@DF_VALUATION(2.0),A,USA,P2,C19,CPA08_B,XDC,O,V,T1620,2024,37049.69,D,S1,D,F,2,A,6,USD
OECD.SDD.NAD:DSD_NASU@DF_VALUATION(2.0),A,USA,P2,C20,CPA08_B,XDC,O,V,T1620,2024,2984.75,D,S1,D,F,2,A,6,USD
OECD.SDD.NAD:DSD_NASU@DF_VALUATION(2.0),A,USA,P2,C21,CPA08_B,XDC,O,V,T1620,2024,1.57,D,S1,D,F,2,A,6,USD
OECD.SDD.NAD:DSD_NASU@DF_VALUATION(2.0),A,USA,P2,C22,CPA08_B,XDC,O,V,T1620,2024,50.56,D,S1,D,F,2,A,6,USD
OECD.SDD.NAD:DSD_NASU@DF_VALUATION(2.0),A,USA,P2,C23,CPA08_B,XDC,O,V,T1620,2024,6022.57,D,S1,D,F,2,A,6,USD
OECD.SDD.NAD:DSD_NASU@DF_VALUATION(2.0),A,USA,P2,C24,CPA08_B,XDC,O,V,T1620,2024,3855.75,D,S1,D,F,2,A,6,USD
OECD.SDD.NAD:DSD_NASU@DF_VALUATION(2.0),A,USA,P2,C25,CPA08_B,XDC,O,V,T1620,2024,98.8,D,S1,D,F,2,A,6,USD
OECD.SDD.NAD:DSD_NASU@DF_VALUATION(2.0),A,USA,P2,C26,CPA08_B,XDC,O,V,T1620,2024,1.26,D,S1,D,F,2,A,6,USD
OECD.SDD.NAD:DSD_NASU@DF_VALUATION(2.0),A,USA,P2,C27,CPA08_B,XDC,O,V,T1620,2024,21.62,D,S1,D,F,2,A,6,USD
OECD.SDD.NAD:DSD_NASU@DF_VALUATION(2.0),A,USA,P2,C28,CPA08_B,XDC,O,V,T1620,2024,18.71,D,S1,D,F,2,A,6,USD
OECD.SDD.NAD:DSD_NASU@DF_VALUATION(2.0),A,USA,P2,C29,CPA08_B,XDC,O,V,T1620,2024,19.82,D,S1,D,F,2,A,6,USD
OECD.SDD.NAD:DSD_NASU@DF_VALUATION(2.0),A,USA,P2,C30,CPA08_B,XDC,O,V,T1620,2024,46.95,D,S1,D,F,2,A,6,USD
OECD.SDD.NAD:DSD_NASU@DF_VALUATION(2.0),A,USA,P2,C31_32,CPA08_B,XDC,O,V,T1620,2024,39.26,D,S1,D,F,2,A,6,USD
OECD.SDD.NAD:DSD_NASU@DF_VALUATION(2.0),A,USA,P2,C31,CPA08_B,XDC,O,V,T1620,2024,4.99,D,S1,D,F,2,A,6,USD
OECD.SDD.NAD:DSD_NASU@DF_VALUATION(2.0),A,USA,P2,C32,CPA08_B,XDC,O,V,T1620,2024,34.27,D,S1,D,F,2,A,6,USD
OECD.SDD.NAD:DSD_NASU@DF_VALUATION(2.0),A,USA,P2,C33,CPA08_B,XDC,O,V,T1620,2024,9.87,D,S1,D,F,2,A,6,USD
OECD.SDD.NAD:DSD_NASU@DF_VALUATION(2.0),A,USA,P2,D,CPA08_B,XDC,O,V,T1620,2024,16458.4,D,S1,D,F,2,A,6,USD
OECD.SDD.NAD:DSD_NASU@DF_VALUATION(2.0),A,USA,P2,E,CPA08_B,XDC,O,V,T1620,2024,101.66,D,S1,D,F,2,A,6,USD
OECD.SDD.NAD:DSD_NASU@DF_VALUATION(2.0),A,USA,P2,E36,CPA08_B,XDC,O,V,T1620,2024,65.61,D,S1,D,F,2,A,6,USD
OECD.SDD.NAD:DSD_NASU@DF_VALUATION(2.0),A,USA,P2,E37T39,CPA08_B,XDC,O,V,T1620,2024,36.05,D,S1,D,F,2,A,6,USD
OECD.SDD.NAD:DSD_NASU@DF_VALUATION(2.0),A,USA,P2,E37,CPA08_B,XDC,O,V,T1620,2024,11.81,D,S1,D,F,2,A,6,USD
OECD.SDD.NAD:DSD_NASU@DF_VALUATION(2.0),A,USA,P2,E38,CPA08_B,XDC,O,V,T1620,2024,21.93,D,S1,D,F,2,A,6,USD
OECD.SDD.NAD:DSD_NASU@DF_VALUATION(2.0),A,USA,P2,F41,_T,XDC,O,V,T1620,2024,-0.01,D,S1,D,F,2,A,6,USD
OECD.SDD.NAD:DSD_NASU@DF_VALUATION(2.0),A,USA,P2,F42,_T,XDC,O,V,T1620,2024,0,D,S1,D,F,2,A,6,USD
OECD.SDD.NAD:DSD_NASU@DF_VALUATION(2.0),A,USA,P2,G,_T,XDC,O,V,T1620,2024,0,D,S1,D,F,2,A,6,USD
OECD.SDD.NAD:DSD_NASU@DF_VALUATION(2.0),A,USA,P2,G45,_T,XDC,O,V,T1620,2024,0,D,S1,D,F,2,A,6,USD
OECD.SDD.NAD:DSD_NASU@DF_VALUATION(2.0),A,USA,P2,G46,_T,XDC,O,V,T1620,2024,0,D,S1,D,F,2,A,6,USD
OECD.SDD.NAD:DSD_NASU@DF_VALUATION(2.0),A,USA,P2,G47,_T,XDC,O,V,T1620,2024,0,D,S1,D,F,2,A,6,USD
OECD.SDD.NAD:DSD_NASU@DF_VALUATION(2.0),A,USA,P2,H,_T,XDC,O,V,T1620,2024,0,D,S1,D,F,2,A,6,USD
OECD.SDD.NAD:DSD_NASU@DF_VALUATION(2.0),A,USA,P2,C12,CPA08_B,XDC,O,V,T1620,2024,18.71,D,S1,D,F,2,A,6,USD
OECD.SDD.NAD:DSD_NASU@DF_VALUATION(2.0),A,USA,P2,C13T15,CPA08_B,XDC,O,V,T1620,2024,11.44,D,S1,D,F,2,A,6,USD
OECD.SDD.NAD:DSD_NASU@DF_VALUATION(2.0),A,USA,P2,C13,CPA08_B,XDC,O,V,T1620,2024,11.44,D,S1,D,F,2,A,6,USD
OECD.SDD.NAD:DSD_NASU@DF_VALUATION(2.0),A,USA,P2,C16,CPA08_B,XDC,O,V,T1620,2024,5.9,D,S1,D,F,2,A,6,USD
OECD.SDD.NAD:DSD_NASU@DF_VALUATION(2.0),A,USA,P2,_T,CPA08_B,XDC,O,V,T1620,2024,112512.69,D,S1,D,F,2,A,6,USD
OECD.SDD.NAD:DSD_NASU@DF_VALUATION(2.0),A,USA,P2,A01,CPA08_B,XDC,O,V,T1620,2024,595.64,D,S1,D,F,2,A,6,USD
OECD.SDD.NAD:DSD_NASU@DF_VALUATION(2.0),A,USA,P2,A02,CPA08_B,XDC,O,V,T1620,2024,0.07,D,S1,D,F,2,A,6,USD
OECD.SDD.NAD:DSD_NASU@DF_VALUATION(2.0),A,USA,P2,B,CPA08_B,XDC,O,V,T1620,2024,12907.06,D,S1,D,F,2,A,6,USD
OECD.SDD.NAD:DSD_NASU@DF_VALUATION(2.0),A,USA,P2,S96,CPA08_B,XDC,O,V,T1620,2024,185.71,D,S1,D,F,2,A,6,USD
OECD.SDD.NAD:DSD_NASU@DF_VALUATION(2.0),A,USA,TU,_Z,CPA08_B,XDC,O,V,T1620,2024,137784.7,D,S1,D,F,2,A,6,USD
OECD.SDD.NAD:DSD_NASU@DF_VALUATION(2.0),A,USA,P2,P,CPA08_A03,XDC,O,V,T1620,2024,40.18,D,S1,D,F,2,A,6,USD
OECD.SDD.NAD:DSD_NASU@DF_VALUATION(2.0),A,USA,P2,R,CPA08_A03,XDC,O,V,T1620,2024,77.68,D,S1,D,F,2,A,6,USD
OECD.SDD.NAD:DSD_NASU@DF_VALUATION(2.0),A,USA,P2,R90T92,CPA08_A03,XDC,O,V,T1620,2024,6.26,D,S1,D,F,2,A,6,USD
OECD.SDD.NAD:DSD_NASU@DF_VALUATION(2.0),A,USA,P2,R92,CPA08_A03,XDC,O,V,T1620,2024,6.26,D,S1,D,F,2,A,6,USD
OECD.SDD.NAD:DSD_NASU@DF_VALUATION(2.0),A,USA,P2,R93,CPA08_A03,XDC,O,V,T1620,2024,71.42,D,S1,D,F,2,A,6,USD
OECD.SDD.NAD:DSD_NASU@DF_VALUATION(2.0),A,USA,P2,S,CPA08_A03,XDC,O,V,T1620,2024,20.62,D,S1,D,F,2,A,6,USD
OECD.SDD.NAD:DSD_NASU@DF_VALUATION(2.0),A,USA,P2,S94,CPA08_A03,XDC,O,V,T1620,2024,20.62,D,S1,D,F,2,A,6,USD
OECD.SDD.NAD:DSD_NASU@DF_VALUATION(2.0),A,USA,P5,_Z,CPA08_A03,XDC,O,V,T1620,2024,4.26,D,S1,D,F,2,A,6,USD
OECD.SDD.NAD:DSD_NASU@DF_VALUATION(2.0),A,USA,P3,_Z,CPA08_A03,XDC,O,V,T1620,2024,4536.79,D,S1,D,F,2,A,6,USD
OECD.SDD.NAD:DSD_NASU@DF_VALUATION(2.0),A,USA,TU,_Z,CPA08_A03,XDC,O,V,T1620,2024,10832.36,D,S1,D,F,2,A,6,USD
OECD.SDD.NAD:DSD_NASU@DF_VALUATION(2.0),A,USA,P52,_Z,CPA08_A03,XDC,O,V,T1620,2024,4.26,D,S1,D,F,2,A,6,USD
OECD.SDD.NAD:DSD_NASU@DF_VALUATION(2.0),A,USA,P2,C10T12,CPA08_A03,XDC,O,V,T1620,2024,1567.71,D,S1,D,F,2,A,6,USD
OECD.SDD.NAD:DSD_NASU@DF_VALUATION(2.0),A,USA,P2,C10,CPA08_A03,XDC,O,V,T1620,2024,1567.71,D,S1,D,F,2,A,6,USD
OECD.SDD.NAD:DSD_NASU@DF_VALUATION(2.0),A,USA,P2,C20,CPA08_A03,XDC,O,V,T1620,2024,3.77,D,S1,D,F,2,A,6,USD
OECD.SDD.NAD:DSD_NASU@DF_VALUATION(2.0),A,USA,P2,G,CPA08_A03,XDC,O,V,T1620,2024,113.63,D,S1,D,F,2,A,6,USD
OECD.SDD.NAD:DSD_NASU@DF_VALUATION(2.0),A,USA,P2,G47,CPA08_A03,XDC,O,V,T1620,2024,113.63,D,S1,D,F,2,A,6,USD
OECD.SDD.NAD:DSD_NASU@DF_VALUATION(2.0),A,USA,P2,H,CPA08_A03,XDC,O,V,T1620,2024,0.31,D,S1,D,F,2,A,6,USD
OECD.SDD.NAD:DSD_NASU@DF_VALUATION(2.0),A,USA,P2,H50,CPA08_A03,XDC,O,V,T1620,2024,0.31,D,S1,D,F,2,A,6,USD
OECD.SDD.NAD:DSD_NASU@DF_VALUATION(2.0),A,USA,P2,I,CPA08_A03,XDC,O,V,T1620,2024,3335.63,D,S1,D,F,2,A,6,USD
OECD.SDD.NAD:DSD_NASU@DF_VALUATION(2.0),A,USA,P2,I55,CPA08_A03,XDC,O,V,T1620,2024,72.34,D,S1,D,F,2,A,6,USD
OECD.SDD.NAD:DSD_NASU@DF_VALUATION(2.0),A,USA,P2,I56,CPA08_A03,XDC,O,V,T1620,2024,3263.29,D,S1,D,F,2,A,6,USD
OECD.SDD.NAD:DSD_NASU@DF_VALUATION(2.0),A,USA,P2,M,CPA08_A03,XDC,O,V,T1620,2024,17.22,D,S1,D,F,2,A,6,USD
OECD.SDD.NAD:DSD_NASU@DF_VALUATION(2.0),A,USA,P2,M69_70,CPA08_A03,XDC,O,V,T1620,2024,0.14,D,S1,D,F,2,A,6,USD
OECD.SDD.NAD:DSD_NASU@DF_VALUATION(2.0),A,USA,P2,_T,CPA08_A03,XDC,O,V,T1620,2024,5390.92,D,S1,D,F,2,A,6,USD
OECD.SDD.NAD:DSD_NASU@DF_VALUATION(2.0),A,USA,P2,A,CPA08_A03,XDC,O,V,T1620,2024,5.39,D,S1,D,F,2,A,6,USD
OECD.SDD.NAD:DSD_NASU@DF_VALUATION(2.0),A,USA,P2,A01,CPA08_A03,XDC,O,V,T1620,2024,5.39,D,S1,D,F,2,A,6,USD
OECD.SDD.NAD:DSD_NASU@DF_VALUATION(2.0),A,USA,P2,C,CPA08_A03,XDC,O,V,T1620,2024,1571.48,D,S1,D,F,2,A,6,USD
OECD.SDD.NAD:DSD_NASU@DF_VALUATION(2.0),A,USA,P2,M70,CPA08_A03,XDC,O,V,T1620,2024,0.14,D,S1,D,F,2,A,6,USD
OECD.SDD.NAD:DSD_NASU@DF_VALUATION(2.0),A,USA,P2,M72,CPA08_A03,XDC,O,V,T1620,2024,17.07,D,S1,D,F,2,A,6,USD
OECD.SDD.NAD:DSD_NASU@DF_VALUATION(2.0),A,USA,P2,C31,CPA08_A02,XDC,O,V,T1620,2024,36.76,D,S1,D,F,2,A,6,USD
OECD.SDD.NAD:DSD_NASU@DF_VALUATION(2.0),A,USA,P2,C32,CPA08_A02,XDC,O,V,T1620,2024,91.02,D,S1,D,F,2,A,6,USD
OECD.SDD.NAD:DSD_NASU@DF_VALUATION(2.0),A,USA,P2,M,CPA08_A02,XDC,O,V,T1620,2024,3.12,D,S1,D,F,2,A,6,USD
OECD.SDD.NAD:DSD_NASU@DF_VALUATION(2.0),A,USA,P2,M72,CPA08_A02,XDC,O,V,T1620,2024,3.12,D,S1,D,F,2,A,6,USD
OECD.SDD.NAD:DSD_NASU@DF_VALUATION(2.0),A,USA,P2,N,CPA08_A02,XDC,O,V,T1620,2024,1.66,D,S1,D,F,2,A,6,USD
OECD.SDD.NAD:DSD_NASU@DF_VALUATION(2.0),A,USA,P2,N80T82,CPA08_A02,XDC,O,V,T1620,2024,1.66,D,S1,D,F,2,A,6,USD
OECD.SDD.NAD:DSD_NASU@DF_VALUATION(2.0),A,USA,P2,N81,CPA08_A02,XDC,O,V,T1620,2024,1.66,D,S1,D,F,2,A,6,USD
OECD.SDD.NAD:DSD_NASU@DF_VALUATION(2.0),A,USA,P2,O,CPA08_A02,XDC,O,V,T1620,2024,42.11,D,S1,D,F,2,A,6,USD
OECD.SDD.NAD:DSD_NASU@DF_VALUATION(2.0),A,USA,P2,P,CPA08_A02,XDC,O,V,T1620,2024,12.03,D,S1,D,F,2,A,6,USD
OECD.SDD.NAD:DSD_NASU@DF_VALUATION(2.0),A,USA,P52,_Z,CPA08_A02,XDC,O,V,T1620,2024,109.82,D,S1,D,F,2,A,6,USD
OECD.SDD.NAD:DSD_NASU@DF_VALUATION(2.0),A,USA,P5,_Z,CPA08_A02,XDC,O,V,T1620,2024,109.82,D,S1,D,F,2,A,6,USD
OECD.SDD.NAD:DSD_NASU@DF_VALUATION(2.0),A,USA,TU,_Z,CPA08_A02,XDC,O,V,T1620,2024,10552.77,D,S1,D,F,2,A,6,USD
OECD.SDD.NAD:DSD_NASU@DF_VALUATION(2.0),A,USA,P2,B,CPA08_A02,XDC,O,V,T1620,2024,33.59,D,S1,D,F,2,A,6,USD
OECD.SDD.NAD:DSD_NASU@DF_VALUATION(2.0),A,USA,P2,B05,CPA08_A02,XDC,O,V,T1620,2024,33.59,D,S1,D,F,2,A,6,USD
OECD.SDD.NAD:DSD_NASU@DF_VALUATION(2.0),A,USA,P2,C,CPA08_A02,XDC,O,V,T1620,2024,8337.58,D,S1,D,F,2,A,6,USD
OECD.SDD.NAD:DSD_NASU@DF_VALUATION(2.0),A,USA,P2,C10T12,CPA08_A02,XDC,O,V,T1620,2024,348.86,D,S1,D,F,2,A,6,USD
OECD.SDD.NAD:DSD_NASU@DF_VALUATION(2.0),A,USA,P2,C10,CPA08_A02,XDC,O,V,T1620,2024,302.63,D,S1,D,F,2,A,6,USD
OECD.SDD.NAD:DSD_NASU@DF_VALUATION(2.0),A,USA,P2,C11,CPA08_A02,XDC,O,V,T1620,2024,46.23,D,S1,D,F,2,A,6,USD
OECD.SDD.NAD:DSD_NASU@DF_VALUATION(2.0),A,USA,P2,C13T15,CPA08_A02,XDC,O,V,T1620,2024,22.12,D,S1,D,F,2,A,6,USD
OECD.SDD.NAD:DSD_NASU@DF_VALUATION(2.0),A,USA,P2,C30,CPA08_B05,XDC,O,V,T1620,2024,5.04,D,S1,D,F,2,A,6,USD
OECD.SDD.NAD:DSD_NASU@DF_VALUATION(2.0),A,USA,P2,C31_32,CPA08_B05,XDC,O,V,T1620,2024,1.69,D,S1,D,F,2,A,6,USD
OECD.SDD.NAD:DSD_NASU@DF_VALUATION(2.0),A,USA,P2,J62_63,CPA08_A01,XDC,O,V,T1620,2024,0.06,D,S1,D,F,2,A,6,USD
OECD.SDD.NAD:DSD_NASU@DF_VALUATION(2.0),A,USA,P2,J62,CPA08_A01,XDC,O,V,T1620,2024,0.06,D,S1,D,F,2,A,6,USD
OECD.SDD.NAD:DSD_NASU@DF_VALUATION(2.0),A,USA,P2,K,CPA08_A01,XDC,O,V,T1620,2024,0.05,D,S1,D,F,2,A,6,USD
OECD.SDD.NAD:DSD_NASU@DF_VALUATION(2.0),A,USA,P2,K64,CPA08_A01,XDC,O,V,T1620,2024,0.05,D,S1,D,F,2,A,6,USD
OECD.SDD.NAD:DSD_NASU@DF_VALUATION(2.0),A,USA,P2,L,CPA08_A01,XDC,O,V,T1620,2024,0.49,D,S1,D,F,2,A,6,USD
OECD.SDD.NAD:DSD_NASU@DF_VALUATION(2.0),A,USA,P2,L68A,CPA08_A01,XDC,O,V,T1620,2024,0.03,D,S1,D,F,2,A,6,USD
OECD.SDD.NAD:DSD_NASU@DF_VALUATION(2.0),A,USA,P2,L68B,CPA08_A01,XDC,O,V,T1620,2024,0.46,D,S1,D,F,2,A,6,USD
OECD.SDD.NAD:DSD_NASU@DF_VALUATION(2.0),A,USA,P2,M,CPA08_A01,XDC,O,V,T1620,2024,221.24,D,S1,D,F,2,A,6,USD
OECD.SDD.NAD:DSD_NASU@DF_VALUATION(2.0),A,USA,P2,B,CPA08_B05,XDC,O,V,T1620,2024,584.82,D,S1,D,F,2,A,6,USD
OECD.SDD.NAD:DSD_NASU@DF_VALUATION(2.0),A,USA,P2,B05,CPA08_B05,XDC,O,V,T1620,2024,518.07,D,S1,D,F,2,A,6,USD
OECD.SDD.NAD:DSD_NASU@DF_VALUATION(2.0),A,USA,P2,B06,CPA08_B05,XDC,O,V,T1620,2024,30.29,D,S1,D,F,2,A,6,USD
OECD.SDD.NAD:DSD_NASU@DF_VALUATION(2.0),A,USA,P2,B07,CPA08_B05,XDC,O,V,T1620,2024,19.64,D,S1,D,F,2,A,6,USD
OECD.SDD.NAD:DSD_NASU@DF_VALUATION(2.0),A,USA,P2,B08,CPA08_B05,XDC,O,V,T1620,2024,13.83,D,S1,D,F,2,A,6,USD
OECD.SDD.NAD:DSD_NASU@DF_VALUATION(2.0),A,USA,P2,B09,CPA08_B05,XDC,O,V,T1620,2024,2.99,D,S1,D,F,2,A,6,USD
OECD.SDD.NAD:DSD_NASU@DF_VALUATION(2.0),A,USA,P2,C,CPA08_B05,XDC,O,V,T1620,2024,2632.05,D,S1,D,F,2,A,6,USD
OECD.SDD.NAD:DSD_NASU@DF_VALUATION(2.0),A,USA,P2,C10T12,CPA08_B05,XDC,O,V,T1620,2024,426.59,D,S1,D,F,2,A,6,USD
OECD.SDD.NAD:DSD_NASU@DF_VALUATION(2.0),A,USA,P2,C10,CPA08_B05,XDC,O,V,T1620,2024,374.22,D,S1,D,F,2,A,6,USD
OECD.SDD.NAD:DSD_NASU@DF_VALUATION(2.0),A,USA,P2,C11,CPA08_B05,XDC,O,V,T1620,2024,33.66,D,S1,D,F,2,A,6,USD
OECD.SDD.NAD:DSD_NASU@DF_VALUATION(2.0),A,USA,P2,C12,CPA08_B05,XDC,O,V,T1620,2024,18.71,D,S1,D,F,2,A,6,USD
OECD.SDD.NAD:DSD_NASU@DF_VALUATION(2.0),A,USA,P2,C13T15,CPA08_B05,XDC,O,V,T1620,2024,11.44,D,S1,D,F,2,A,6,USD
OECD.SDD.NAD:DSD_NASU@DF_VALUATION(2.0),A,USA,P2,_T,CPA08_B05,XDC,O,V,T1620,2024,11051.94,D,S1,D,F,2,A,6,USD
OECD.SDD.NAD:DSD_NASU@DF_VALUATION(2.0),A,USA,P2,A,CPA08_B05,XDC,O,V,T1620,2024,143.66,D,S1,D,F,2,A,6,USD
OECD.SDD.NAD:DSD_NASU@DF_VALUATION(2.0),A,USA,P2,A01,CPA08_B05,XDC,O,V,T1620,2024,143.58,D,S1,D,F,2,A,6,USD
OECD.SDD.NAD:DSD_NASU@DF_VALUATION(2.0),A,USA,P2,A02,CPA08_B05,XDC,O,V,T1620,2024,0.07,D,S1,D,F,2,A,6,USD
OECD.SDD.NAD:DSD_NASU@DF_VALUATION(2.0),A,USA,P2,I55,CPA08_B05,XDC,O,V,T1620,2024,5.24,D,S1,D,F,2,A,6,USD
OECD.SDD.NAD:DSD_NASU@DF_VALUATION(2.0),A,USA,P2,I56,CPA08_B05,XDC,O,V,T1620,2024,405.92,D,S1,D,F,2,A,6,USD
OECD.SDD.NAD:DSD_NASU@DF_VALUATION(2.0),A,USA,P51G,_Z,CPA08_B,XDC,O,V,T1620,2024,61.52,D,S1,D,F,2,A,6,USD
OECD.SDD.NAD:DSD_NASU@DF_VALUATION(2.0),A,USA,P5,_Z,CPA08_B,XDC,O,V,T1620,2024,108.78,D,S1,D,F,2,A,6,USD
OECD.SDD.NAD:DSD_NASU@DF_VALUATION(2.0),A,USA,P52,_Z,CPA08_B,XDC,O,V,T1620,2024,47.26,D,S1,D,F,2,A,6,USD
OECD.SDD.NAD:DSD_NASU@DF_VALUATION(2.0),A,USA,P2,A,CPA08_B,XDC,O,V,T1620,2024,595.72,D,S1,D,F,2,A,6,USD
OECD.SDD.NAD:DSD_NASU@DF_VALUATION(2.0),A,USA,P2,C10,CPA08_B,XDC,O,V,T1620,2024,483.7,D,S1,D,F,2,A,6,USD
OECD.SDD.NAD:DSD_NASU@DF_VALUATION(2.0),A,USA,P2,Q,CPA08_B,XDC,O,V,T1620,2024,234.63,D,S1,D,F,2,A,6,USD
OECD.SDD.NAD:DSD_NASU@DF_VALUATION(2.0),A,USA,P2,Q87_88,CPA08_B,XDC,O,V,T1620,2024,166.62,D,S1,D,F,2,A,6,USD
OECD.SDD.NAD:DSD_NASU@DF_VALUATION(2.0),A,USA,P2,R90T92,CPA08_B,XDC,O,V,T1620,2024,89.85,D,S1,D,F,2,A,6,USD
OECD.SDD.NAD:DSD_NASU@DF_VALUATION(2.0),A,USA,P2,F41,CPA08_B,XDC,O,V,T1620,2024,7897.93,D,S1,D,F,2,A,6,USD
OECD.SDD.NAD:DSD_NASU@DF_VALUATION(2.0),A,USA,P2,F42,CPA08_B,XDC,O,V,T1620,2024,2670.43,D,S1,D,F,2,A,6,USD
OECD.SDD.NAD:DSD_NASU@DF_VALUATION(2.0),A,USA,P2,G,CPA08_B,XDC,O,V,T1620,2024,33.52,D,S1,D,F,2,A,6,USD
OECD.SDD.NAD:DSD_NASU@DF_VALUATION(2.0),A,USA,P2,G45,CPA08_B,XDC,O,V,T1620,2024,8.27,D,S1,D,F,2,A,6,USD
OECD.SDD.NAD:DSD_NASU@DF_VALUATION(2.0),A,USA,P2,G46,CPA08_B,XDC,O,V,T1620,2024,12.56,D,S1,D,F,2,A,6,USD
OECD.SDD.NAD:DSD_NASU@DF_VALUATION(2.0),A,USA,P2,G47,CPA08_B,XDC,O,V,T1620,2024,12.69,D,S1,D,F,2,A,6,USD
OECD.SDD.NAD:DSD_NASU@DF_VALUATION(2.0),A,USA,P2,H,CPA08_B,XDC,O,V,T1620,2024,92.25,D,S1,D,F,2,A,6,USD
OECD.SDD.NAD:DSD_NASU@DF_VALUATION(2.0),A,USA,P2,H49,CPA08_B,XDC,O,V,T1620,2024,43.06,D,S1,D,F,2,A,6,USD
OECD.SDD.NAD:DSD_NASU@DF_VALUATION(2.0),A,USA,P2,H50,CPA08_B,XDC,O,V,T1620,2024,0,D,S1,D,F,2,A,6,USD
OECD.SDD.NAD:DSD_NASU@DF_VALUATION(2.0),A,USA,P2,H52,CPA08_B,XDC,O,V,T1620,2024,49.09,D,S1,D,F,2,A,6,USD
OECD.SDD.NAD:DSD_NASU@DF_VALUATION(2.0),A,USA,P2,H53,CPA08_B,XDC,O,V,T1620,2024,0.1,D,S1,D,F,2,A,6,USD
OECD.SDD.NAD:DSD_NASU@DF_VALUATION(2.0),A,USA,P2,I,CPA08_B,XDC,O,V,T1620,2024,451.37,D,S1,D,F,2,A,6,USD
OECD.SDD.NAD:DSD_NASU@DF_VALUATION(2.0),A,USA,P2,I55,CPA08_B,XDC,O,V,T1620,2024,35.16,D,S1,D,F,2,A,6,USD
OECD.SDD.NAD:DSD_NASU@DF_VALUATION(2.0),A,USA,P2,I56,CPA08_B,XDC,O,V,T1620,2024,416.21,D,S1,D,F,2,A,6,USD
OECD.SDD.NAD:DSD_NASU@DF_VALUATION(2.0),A,USA,P2,J,CPA08_B,XDC,O,V,T1620,2024,393.67,D,S1,D,F,2,A,6,USD
OECD.SDD.NAD:DSD_NASU@DF_VALUATION(2.0),A,USA,P2,J58,CPA08_B,XDC,O,V,T1620,2024,35.73,D,S1,D,F,2,A,6,USD
OECD.SDD.NAD:DSD_NASU@DF_VALUATION(2.0),A,USA,P2,J59_60,CPA08_B,XDC,O,V,T1620,2024,16.43,D,S1,D,F,2,A,6,USD
OECD.SDD.NAD:DSD_NASU@DF_VALUATION(2.0),A,USA,P2,J59,CPA08_B,XDC,O,V,T1620,2024,5.39,D,S1,D,F,2,A,6,USD
OECD.SDD.NAD:DSD_NASU@DF_VALUATION(2.0),A,USA,P2,J60,CPA08_B,XDC,O,V,T1620,2024,11.04,D,S1,D,F,2,A,6,USD
OECD.SDD.NAD:DSD_NASU@DF_VALUATION(2.0),A,USA,P2,J61,CPA08_B,XDC,O,V,T1620,2024,30.57,D,S1,D,F,2,A,6,USD
OECD.SDD.NAD:DSD_NASU@DF_VALUATION(2.0),A,USA,P2,J62_63,CPA08_B,XDC,O,V,T1620,2024,310.93,D,S1,D,F,2,A,6,USD
OECD.SDD.NAD:DSD_NASU@DF_VALUATION(2.0),A,USA,P2,J62,CPA08_B,XDC,O,V,T1620,2024,0.56,D,S1,D,F,2,A,6,USD
OECD.SDD.NAD:DSD_NASU@DF_VALUATION(2.0),A,USA,P2,J63,CPA08_B,XDC,O,V,T1620,2024,310.37,D,S1,D,F,2,A,6,USD
OECD.SDD.NAD:DSD_NASU@DF_VALUATION(2.0),A,USA,P2,L,CPA08_B,XDC,O,V,T1620,2024,17.15,D,S1,D,F,2,A,6,USD
OECD.SDD.NAD:DSD_NASU@DF_VALUATION(2.0),A,USA,P2,L68A,CPA08_B,XDC,O,V,T1620,2024,1.82,D,S1,D,F,2,A,6,USD
OECD.SDD.NAD:DSD_NASU@DF_VALUATION(2.0),A,USA,P2,L68B,CPA08_B,XDC,O,V,T1620,2024,15.33,D,S1,D,F,2,A,6,USD
OECD.SDD.NAD:DSD_NASU@DF_VALUATION(2.0),A,USA,P2,M,CPA08_B,XDC,O,V,T1620,2024,459.98,D,S1,D,F,2,A,6,USD
OECD.SDD.NAD:DSD_NASU@DF_VALUATION(2.0),A,USA,P2,M69_70,CPA08_B,XDC,O,V,T1620,2024,17.91,D,S1,D,F,2,A,6,USD
OECD.SDD.NAD:DSD_NASU@DF_VALUATION(2.0),A,USA,P2,M69,CPA08_B,XDC,O,V,T1620,2024,1.2,D,S1,D,F,2,A,6,USD
OECD.SDD.NAD:DSD_NASU@DF_VALUATION(2.0),A,USA,P2,M70,CPA08_B,XDC,O,V,T1620,2024,16.71,D,S1,D,F,2,A,6,USD
OECD.SDD.NAD:DSD_NASU@DF_VALUATION(2.0),A,USA,P2,M71,CPA08_B,XDC,O,V,T1620,2024,248.13,D,S1,D,F,2,A,6,USD
OECD.SDD.NAD:DSD_NASU@DF_VALUATION(2.0),A,USA,P2,M72,CPA08_B,XDC,O,V,T1620,2024,190.85,D,S1,D,F,2,A,6,USD
OECD.SDD.NAD:DSD_NASU@DF_VALUATION(2.0),A,USA,P2,M73,CPA08_B,XDC,O,V,T1620,2024,2.08,D,S1,D,F,2,A,6,USD
OECD.SDD.NAD:DSD_NASU@DF_VALUATION(2.0),A,USA,P2,M74_75,CPA08_B,XDC,O,V,T1620,2024,1.02,D,S1,D,F,2,A,6,USD
OECD.SDD.NAD:DSD_NASU@DF_VALUATION(2.0),A,USA,P2,M75,CPA08_B,XDC,O,V,T1620,2024,1.02,D,S1,D,F,2,A,6,USD
OECD.SDD.NAD:DSD_NASU@DF_VALUATION(2.0),A,USA,P2,N,CPA08_B,XDC,O,V,T1620,2024,213.18,D,S1,D,F,2,A,6,USD
OECD.SDD.NAD:DSD_NASU@DF_VALUATION(2.0),A,USA,P2,N78,CPA08_B,XDC,O,V,T1620,2024,0.61,D,S1,D,F,2,A,6,USD
OECD.SDD.NAD:DSD_NASU@DF_VALUATION(2.0),A,USA,P2,N80T82,CPA08_B,XDC,O,V,T1620,2024,212.57,D,S1,D,F,2,A,6,USD
OECD.SDD.NAD:DSD_NASU@DF_VALUATION(2.0),A,USA,P2,N80,CPA08_B,XDC,O,V,T1620,2024,63.07,D,S1,D,F,2,A,6,USD
OECD.SDD.NAD:DSD_NASU@DF_VALUATION(2.0),A,USA,P2,N81,CPA08_B,XDC,O,V,T1620,2024,145.11,D,S1,D,F,2,A,6,USD
OECD.SDD.NAD:DSD_NASU@DF_VALUATION(2.0),A,USA,P2,N82,CPA08_B,XDC,O,V,T1620,2024,4.39,D,S1,D,F,2,A,6,USD
OECD.SDD.NAD:DSD_NASU@DF_VALUATION(2.0),A,USA,P2,O,CPA08_B,XDC,O,V,T1620,2024,17617.53,D,S1,D,F,2,A,6,USD
OECD.SDD.NAD:DSD_NASU@DF_VALUATION(2.0),A,USA,P2,P,CPA08_B,XDC,O,V,T1620,2024,463.95,D,S1,D,F,2,A,6,USD
OECD.SDD.NAD:DSD_NASU@DF_VALUATION(2.0),A,USA,P2,Q86,CPA08_B,XDC,O,V,T1620,2024,68.01,D,S1,D,F,2,A,6,USD
OECD.SDD.NAD:DSD_NASU@DF_VALUATION(2.0),A,USA,P2,Q87,CPA08_B,XDC,O,V,T1620,2024,13.32,D,S1,D,F,2,A,6,USD
OECD.SDD.NAD:DSD_NASU@DF_VALUATION(2.0),A,USA,P2,Q88,CPA08_B,XDC,O,V,T1620,2024,153.3,D,S1,D,F,2,A,6,USD
OECD.SDD.NAD:DSD_NASU@DF_VALUATION(2.0),A,USA,P2,R,CPA08_B,XDC,O,V,T1620,2024,284.78,D,S1,D,F,2,A,6,USD
OECD.SDD.NAD:DSD_NASU@DF_VALUATION(2.0),A,USA,P2,R90,CPA08_B,XDC,O,V,T1620,2024,86.36,D,S1,D,F,2,A,6,USD
OECD.SDD.NAD:DSD_NASU@DF_VALUATION(2.0),A,USA,P2,R91,CPA08_B,XDC,O,V,T1620,2024,1.8,D,S1,D,F,2,A,6,USD
OECD.SDD.NAD:DSD_NASU@DF_VALUATION(2.0),A,USA,P2,R92,CPA08_B,XDC,O,V,T1620,2024,1.7,D,S1,D,F,2,A,6,USD
OECD.SDD.NAD:DSD_NASU@DF_VALUATION(2.0),A,USA,P2,R93,CPA08_B,XDC,O,V,T1620,2024,194.93,D,S1,D,F,2,A,6,USD
OECD.SDD.NAD:DSD_NASU@DF_VALUATION(2.0),A,USA,P2,S,CPA08_B,XDC,O,V,T1620,2024,282.89,D,S1,D,F,2,A,6,USD
OECD.SDD.NAD:DSD_NASU@DF_VALUATION(2.0),A,USA,P2,S94,CPA08_B,XDC,O,V,T1620,2024,81.65,D,S1,D,F,2,A,6,USD
OECD.SDD.NAD:DSD_NASU@DF_VALUATION(2.0),A,USA,P5,_Z,CPA08_B06,XDC,O,V,T1620,2024,-41.65,D,S1,D,F,2,A,6,USD
OECD.SDD.NAD:DSD_NASU@DF_VALUATION(2.0),A,USA,TU,_Z,CPA08_B06,XDC,O,V,T1620,2024,94328.19,D,S1,D,F,2,A,6,USD
OECD.SDD.NAD:DSD_NASU@DF_VALUATION(2.0),A,USA,P52,_Z,CPA08_B06,XDC,O,V,T1620,2024,-41.65,D,S1,D,F,2,A,6,USD
OECD.SDD.NAD:DSD_NASU@DF_VALUATION(2.0),A,USA,P2,C22,CPA08_B06,XDC,O,V,T1620,2024,2.1,D,S1,D,F,2,A,6,USD
OECD.SDD.NAD:DSD_NASU@DF_VALUATION(2.0),A,USA,P2,C23,CPA08_B06,XDC,O,V,T1620,2024,0.69,D,S1,D,F,2,A,6,USD
OECD.SDD.NAD:DSD_NASU@DF_VALUATION(2.0),A,USA,P2,C24,CPA08_B06,XDC,O,V,T1620,2024,1.16,D,S1,D,F,2,A,6,USD
OECD.SDD.NAD:DSD_NASU@DF_VALUATION(2.0),A,USA,P2,C25,CPA08_B06,XDC,O,V,T1620,2024,0.67,D,S1,D,F,2,A,6,USD
OECD.SDD.NAD:DSD_NASU@DF_VALUATION(2.0),A,USA,P2,C29,CPA08_B06,XDC,O,V,T1620,2024,0.07,D,S1,D,F,2,A,6,USD
OECD.SDD.NAD:DSD_NASU@DF_VALUATION(2.0),A,USA,P2,C33,CPA08_B06,XDC,O,V,T1620,2024,0.1,D,S1,D,F,2,A,6,USD
OECD.SDD.NAD:DSD_NASU@DF_VALUATION(2.0),A,USA,P2,D,CPA08_B06,XDC,O,V,T1620,2024,13786.82,D,S1,D,F,2,A,6,USD
OECD.SDD.NAD:DSD_NASU@DF_VALUATION(2.0),A,USA,P2,E,CPA08_B06,XDC,O,V,T1620,2024,7.03,D,S1,D,F,2,A,6,USD
OECD.SDD.NAD:DSD_NASU@DF_VALUATION(2.0),A,USA,P2,E37T39,CPA08_B06,XDC,O,V,T1620,2024,7.03,D,S1,D,F,2,A,6,USD
OECD.SDD.NAD:DSD_NASU@DF_VALUATION(2.0),A,USA,P2,E38,CPA08_B06,XDC,O,V,T1620,2024,4.71,D,S1,D,F,2,A,6,USD
OECD.SDD.NAD:DSD_NASU@DF_VALUATION(2.0),A,USA,P2,E39,CPA08_B06,XDC,O,V,T1620,2024,2.32,D,S1,D,F,2,A,6,USD
OECD.SDD.NAD:DSD_NASU@DF_VALUATION(2.0),A,USA,P2,G,CPA08_B06,XDC,O,V,T1620,2024,22.27,D,S1,D,F,2,A,6,USD
OECD.SDD.NAD:DSD_NASU@DF_VALUATION(2.0),A,USA,P2,G45,CPA08_B06,XDC,O,V,T1620,2024,4.17,D,S1,D,F,2,A,6,USD
OECD.SDD.NAD:DSD_NASU@DF_VALUATION(2.0),A,USA,P2,G46,CPA08_B06,XDC,O,V,T1620,2024,6.05,D,S1,D,F,2,A,6,USD
OECD.SDD.NAD:DSD_NASU@DF_VALUATION(2.0),A,USA,P2,G47,CPA08_B06,XDC,O,V,T1620,2024,12.04,D,S1,D,F,2,A,6,USD
OECD.SDD.NAD:DSD_NASU@DF_VALUATION(2.0),A,USA,P2,H,CPA08_B06,XDC,O,V,T1620,2024,54.26,D,S1,D,F,2,A,6,USD
OECD.SDD.NAD:DSD_NASU@DF_VALUATION(2.0),A,USA,P2,H49,CPA08_B06,XDC,O,V,T1620,2024,6.15,D,S1,D,F,2,A,6,USD
OECD.SDD.NAD:DSD_NASU@DF_VALUATION(2.0),A,USA,P2,H52,CPA08_B06,XDC,O,V,T1620,2024,48.01,D,S1,D,F,2,A,6,USD
OECD.SDD.NAD:DSD_NASU@DF_VALUATION(2.0),A,USA,P2,H53,CPA08_B06,XDC,O,V,T1620,2024,0.1,D,S1,D,F,2,A,6,USD
OECD.SDD.NAD:DSD_NASU@DF_VALUATION(2.0),A,USA,P2,I,CPA08_B06,XDC,O,V,T1620,2024,5.85,D,S1,D,F,2,A,6,USD
OECD.SDD.NAD:DSD_NASU@DF_VALUATION(2.0),A,USA,P2,I55,CPA08_B06,XDC,O,V,T1620,2024,3.49,D,S1,D,F,2,A,6,USD
OECD.SDD.NAD:DSD_NASU@DF_VALUATION(2.0),A,USA,P2,I56,CPA08_B06,XDC,O,V,T1620,2024,2.36,D,S1,D,F,2,A,6,USD
OECD.SDD.NAD:DSD_NASU@DF_VALUATION(2.0),A,USA,P2,J,CPA08_B06,XDC,O,V,T1620,2024,55.16,D,S1,D,F,2,A,6,USD
OECD.SDD.NAD:DSD_NASU@DF_VALUATION(2.0),A,USA,P2,J58,CPA08_B06,XDC,O,V,T1620,2024,32.37,D,S1,D,F,2,A,6,USD
OECD.SDD.NAD:DSD_NASU@DF_VALUATION(2.0),A,USA,P2,J59_60,CPA08_B06,XDC,O,V,T1620,2024,3.54,D,S1,D,F,2,A,6,USD
OECD.SDD.NAD:DSD_NASU@DF_VALUATION(2.0),A,USA,P2,J59,CPA08_B06,XDC,O,V,T1620,2024,2.57,D,S1,D,F,2,A,6,USD
OECD.SDD.NAD:DSD_NASU@DF_VALUATION(2.0),A,USA,P2,B08,CPA08_B06,XDC,O,V,T1620,2024,1.06,D,S1,D,F,2,A,6,USD
OECD.SDD.NAD:DSD_NASU@DF_VALUATION(2.0),A,USA,P2,B09,CPA08_B06,XDC,O,V,T1620,2024,5.63,D,S1,D,F,2,A,6,USD
OECD.SDD.NAD:DSD_NASU@DF_VALUATION(2.0),A,USA,P2,C,CPA08_B06,XDC,O,V,T1620,2024,38191.3,D,S1,D,F,2,A,6,USD
OECD.SDD.NAD:DSD_NASU@DF_VALUATION(2.0),A,USA,P2,C10T12,CPA08_B06,XDC,O,V,T1620,2024,1.99,D,S1,D,F,2,A,6,USD
OECD.SDD.NAD:DSD_NASU@DF_VALUATION(2.0),A,USA,P2,C10,CPA08_B06,XDC,O,V,T1620,2024,1.52,D,S1,D,F,2,A,6,USD
OECD.SDD.NAD:DSD_NASU@DF_VALUATION(2.0),A,USA,P2,C11,CPA08_B06,XDC,O,V,T1620,2024,0.47,D,S1,D,F,2,A,6,USD
OECD.SDD.NAD:DSD_NASU@DF_VALUATION(2.0),A,USA,P2,C16,CPA08_B06,XDC,O,V,T1620,2024,2.22,D,S1,D,F,2,A,6,USD
OECD.SDD.NAD:DSD_NASU@DF_VALUATION(2.0),A,USA,P2,C17,CPA08_B06,XDC,O,V,T1620,2024,1.18,D,S1,D,F,2,A,6,USD
OECD.SDD.NAD:DSD_NASU@DF_VALUATION(2.0),A,USA,P2,C18,CPA08_B06,XDC,O,V,T1620,2024,0.41,D,S1,D,F,2,A,6,USD
OECD.SDD.NAD:DSD_NASU@DF_VALUATION(2.0),A,USA,P2,C19,CPA08_B06,XDC,O,V,T1620,2024,36850.86,D,S1,D,F,2,A,6,USD
OECD.SDD.NAD:DSD_NASU@DF_VALUATION(2.0),A,USA,P2,C20,CPA08_B06,XDC,O,V,T1620,2024,1329.02,D,S1,D,F,2,A,6,USD
OECD.SDD.NAD:DSD_NASU@DF_VALUATION(2.0),A,USA,P2,C21,CPA08_B06,XDC,O,V,T1620,2024,0.84,D,S1,D,F,2,A,6,USD
OECD.SDD.NAD:DSD_NASU@DF_VALUATION(2.0),A,USA,P2,_T,CPA08_B06,XDC,O,V,T1620,2024,75133,D,S1,D,F,2,A,6,USD
OECD.SDD.NAD:DSD_NASU@DF_VALUATION(2.0),A,USA,P2,B,CPA08_B06,XDC,O,V,T1620,2024,10478.84,D,S1,D,F,2,A,6,USD
OECD.SDD.NAD:DSD_NASU@DF_VALUATION(2.0),A,USA,P2,B06,CPA08_B06,XDC,O,V,T1620,2024,10471.65,D,S1,D,F,2,A,6,USD
OECD.SDD.NAD:DSD_NASU@DF_VALUATION(2.0),A,USA,P2,B07,CPA08_B06,XDC,O,V,T1620,2024,0.49,D,S1,D,F,2,A,6,USD
OECD.SDD.NAD:DSD_NASU@DF_VALUATION(2.0),A,USA,P2,J60,CPA08_B06,XDC,O,V,T1620,2024,0.97,D,S1,D,F,2,A,6,USD
OECD.SDD.NAD:DSD_NASU@DF_VALUATION(2.0),A,USA,P2,J61,CPA08_B06,XDC,O,V,T1620,2024,2.35,D,S1,D,F,2,A,6,USD
OECD.SDD.NAD:DSD_NASU@DF_VALUATION(2.0),A,USA,P2,J59_60,CPA08_B05,XDC,O,V,T1620,2024,0.19,D,S1,D,F,2,A,6,USD
OECD.SDD.NAD:DSD_NASU@DF_VALUATION(2.0),A,USA,P2,J60,CPA08_B05,XDC,O,V,T1620,2024,0.19,D,S1,D,F,2,A,6,USD
OECD.SDD.NAD:DSD_NASU@DF_VALUATION(2.0),A,USA,P2,M,CPA08_B05,XDC,O,V,T1620,2024,52.01,D,S1,D,F,2,A,6,USD
OECD.SDD.NAD:DSD_NASU@DF_VALUATION(2.0),A,USA,P2,M69_70,CPA08_B05,XDC,O,V,T1620,2024,8.61,D,S1,D,F,2,A,6,USD
OECD.SDD.NAD:DSD_NASU@DF_VALUATION(2.0),A,USA,P2,M70,CPA08_B05,XDC,O,V,T1620,2024,8.61,D,S1,D,F,2,A,6,USD
OECD.SDD.NAD:DSD_NASU@DF_VALUATION(2.0),A,USA,P2,M71,CPA08_B05,XDC,O,V,T1620,2024,7.28,D,S1,D,F,2,A,6,USD
OECD.SDD.NAD:DSD_NASU@DF_VALUATION(2.0),A,USA,P2,M72,CPA08_B05,XDC,O,V,T1620,2024,36.12,D,S1,D,F,2,A,6,USD
OECD.SDD.NAD:DSD_NASU@DF_VALUATION(2.0),A,USA,P2,N,CPA08_B05,XDC,O,V,T1620,2024,3.1,D,S1,D,F,2,A,6,USD
OECD.SDD.NAD:DSD_NASU@DF_VALUATION(2.0),A,USA,P2,N78,CPA08_B05,XDC,O,V,T1620,2024,0,D,S1,D,F,2,A,6,USD
OECD.SDD.NAD:DSD_NASU@DF_VALUATION(2.0),A,USA,P2,N80T82,CPA08_B05,XDC,O,V,T1620,2024,3.1,D,S1,D,F,2,A,6,USD
OECD.SDD.NAD:DSD_NASU@DF_VALUATION(2.0),A,USA,P2,N82,CPA08_B05,XDC,O,V,T1620,2024,3.1,D,S1,D,F,2,A,6,USD
OECD.SDD.NAD:DSD_NASU@DF_VALUATION(2.0),A,USA,P2,O,CPA08_B05,XDC,O,V,T1620,2024,4538.66,D,S1,D,F,2,A,6,USD
OECD.SDD.NAD:DSD_NASU@DF_VALUATION(2.0),A,USA,P2,P,CPA08_B05,XDC,O,V,T1620,2024,197.53,D,S1,D,F,2,A,6,USD
OECD.SDD.NAD:DSD_NASU@DF_VALUATION(2.0),A,USA,P2,Q,CPA08_B05,XDC,O,V,T1620,2024,16.14,D,S1,D,F,2,A,6,USD
OECD.SDD.NAD:DSD_NASU@DF_VALUATION(2.0),A,USA,P2,Q86,CPA08_B05,XDC,O,V,T1620,2024,9.49,D,S1,D,F,2,A,6,USD
OECD.SDD.NAD:DSD_NASU@DF_VALUATION(2.0),A,USA,P2,Q87_88,CPA08_B05,XDC,O,V,T1620,2024,6.65,D,S1,D,F,2,A,6,USD
OECD.SDD.NAD:DSD_NASU@DF_VALUATION(2.0),A,USA,P2,Q87,CPA08_B05,XDC,O,V,T1620,2024,4.6,D,S1,D,F,2,A,6,USD
OECD.SDD.NAD:DSD_NASU@DF_VALUATION(2.0),A,USA,P2,Q88,CPA08_B05,XDC,O,V,T1620,2024,2.06,D,S1,D,F,2,A,6,USD
OECD.SDD.NAD:DSD_NASU@DF_VALUATION(2.0),A,USA,P2,R,CPA08_B05,XDC,O,V,T1620,2024,4.04,D,S1,D,F,2,A,6,USD
OECD.SDD.NAD:DSD_NASU@DF_VALUATION(2.0),A,USA,P2,R90T92,CPA08_B05,XDC,O,V,T1620,2024,2.1,D,S1,D,F,2,A,6,USD
OECD.SDD.NAD:DSD_NASU@DF_VALUATION(2.0),A,USA,P2,R91,CPA08_B05,XDC,O,V,T1620,2024,1.08,D,S1,D,F,2,A,6,USD
OECD.SDD.NAD:DSD_NASU@DF_VALUATION(2.0),A,USA,P2,R92,CPA08_B05,XDC,O,V,T1620,2024,1.02,D,S1,D,F,2,A,6,USD
OECD.SDD.NAD:DSD_NASU@DF_VALUATION(2.0),A,USA,P2,R93,CPA08_B05,XDC,O,V,T1620,2024,1.94,D,S1,D,F,2,A,6,USD
OECD.SDD.NAD:DSD_NASU@DF_VALUATION(2.0),A,USA,P2,S,CPA08_B05,XDC,O,V,T1620,2024,7.56,D,S1,D,F,2,A,6,USD
OECD.SDD.NAD:DSD_NASU@DF_VALUATION(2.0),A,USA,P2,S94,CPA08_B05,XDC,O,V,T1620,2024,5.28,D,S1,D,F,2,A,6,USD
OECD.SDD.NAD:DSD_NASU@DF_VALUATION(2.0),A,USA,P2,S96,CPA08_B05,XDC,O,V,T1620,2024,2.28,D,S1,D,F,2,A,6,USD
OECD.SDD.NAD:DSD_NASU@DF_VALUATION(2.0),A,USA,P5,_Z,CPA08_B05,XDC,O,V,T1620,2024,-6.36,D,S1,D,F,2,A,6,USD
OECD.SDD.NAD:DSD_NASU@DF_VALUATION(2.0),A,USA,P52,_Z,CPA08_B05,XDC,O,V,T1620,2024,-6.36,D,S1,D,F,2,A,6,USD
OECD.SDD.NAD:DSD_NASU@DF_VALUATION(2.0),A,USA,P3,_Z,CPA08_B05,XDC,O,V,T1620,2024,51.94,D,S1,D,F,2,A,6,USD
OECD.SDD.NAD:DSD_NASU@DF_VALUATION(2.0),A,USA,TU,_Z,CPA08_B05,XDC,O,V,T1620,2024,14420.4,D,S1,D,F,2,A,6,USD
OECD.SDD.NAD:DSD_NASU@DF_VALUATION(2.0),A,USA,P2,C13,CPA08_B05,XDC,O,V,T1620,2024,11.44,D,S1,D,F,2,A,6,USD
OECD.SDD.NAD:DSD_NASU@DF_VALUATION(2.0),A,USA,P2,C16,CPA08_B05,XDC,O,V,T1620,2024,3.68,D,S1,D,F,2,A,6,USD
OECD.SDD.NAD:DSD_NASU@DF_VALUATION(2.0),A,USA,P2,C17,CPA08_B05,XDC,O,V,T1620,2024,438.75,D,S1,D,F,2,A,6,USD
OECD.SDD.NAD:DSD_NASU@DF_VALUATION(2.0),A,USA,P2,C19,CPA08_B05,XDC,O,V,T1620,2024,187.03,D,S1,D,F,2,A,6,USD
OECD.SDD.NAD:DSD_NASU@DF_VALUATION(2.0),A,USA,P2,C20,CPA08_B05,XDC,O,V,T1620,2024,107.46,D,S1,D,F,2,A,6,USD
OECD.SDD.NAD:DSD_NASU@DF_VALUATION(2.0),A,USA,P2,C21,CPA08_B05,XDC,O,V,T1620,2024,0.73,D,S1,D,F,2,A,6,USD
OECD.SDD.NAD:DSD_NASU@DF_VALUATION(2.0),A,USA,P2,C22,CPA08_B05,XDC,O,V,T1620,2024,48.47,D,S1,D,F,2,A,6,USD
OECD.SDD.NAD:DSD_NASU@DF_VALUATION(2.0),A,USA,P2,C23,CPA08_B05,XDC,O,V,T1620,2024,541.99,D,S1,D,F,2,A,6,USD
OECD.SDD.NAD:DSD_NASU@DF_VALUATION(2.0),A,USA,P2,C24,CPA08_B05,XDC,O,V,T1620,2024,843.08,D,S1,D,F,2,A,6,USD
OECD.SDD.NAD:DSD_NASU@DF_VALUATION(2.0),A,USA,P2,C25,CPA08_B05,XDC,O,V,T1620,2024,4.02,D,S1,D,F,2,A,6,USD
OECD.SDD.NAD:DSD_NASU@DF_VALUATION(2.0),A,USA,P2,C27,CPA08_B05,XDC,O,V,T1620,2024,4.47,D,S1,D,F,2,A,6,USD
OECD.SDD.NAD:DSD_NASU@DF_VALUATION(2.0),A,USA,P2,C29,CPA08_B05,XDC,O,V,T1620,2024,6.82,D,S1,D,F,2,A,6,USD
OECD.SDD.NAD:DSD_NASU@DF_VALUATION(2.0),A,USA,P2,Q,CPA08_B07,XDC,O,V,T1620,2024,7.44,D,S1,D,F,2,A,6,USD
OECD.SDD.NAD:DSD_NASU@DF_VALUATION(2.0),A,USA,P2,Q86,CPA08_B07,XDC,O,V,T1620,2024,1.19,D,S1,D,F,2,A,6,USD
OECD.SDD.NAD:DSD_NASU@DF_VALUATION(2.0),A,USA,P2,Q87_88,CPA08_B07,XDC,O,V,T1620,2024,6.25,D,S1,D,F,2,A,6,USD
OECD.SDD.NAD:DSD_NASU@DF_VALUATION(2.0),A,USA,P2,Q87,CPA08_B07,XDC,O,V,T1620,2024,6.25,D,S1,D,F,2,A,6,USD
OECD.SDD.NAD:DSD_NASU@DF_VALUATION(2.0),A,USA,P2,R,CPA08_B07,XDC,O,V,T1620,2024,257.86,D,S1,D,F,2,A,6,USD
OECD.SDD.NAD:DSD_NASU@DF_VALUATION(2.0),A,USA,P2,R90T92,CPA08_B07,XDC,O,V,T1620,2024,84.76,D,S1,D,F,2,A,6,USD
OECD.SDD.NAD:DSD_NASU@DF_VALUATION(2.0),A,USA,P2,R90,CPA08_B07,XDC,O,V,T1620,2024,84.76,D,S1,D,F,2,A,6,USD
OECD.SDD.NAD:DSD_NASU@DF_VALUATION(2.0),A,USA,P2,R93,CPA08_B07,XDC,O,V,T1620,2024,173.1,D,S1,D,F,2,A,6,USD
OECD.SDD.NAD:DSD_NASU@DF_VALUATION(2.0),A,USA,P2,S,CPA08_B07,XDC,O,V,T1620,2024,259.28,D,S1,D,F,2,A,6,USD
OECD.SDD.NAD:DSD_NASU@DF_VALUATION(2.0),A,USA,P2,S94,CPA08_B07,XDC,O,V,T1620,2024,63.69,D,S1,D,F,2,A,6,USD
OECD.SDD.NAD:DSD_NASU@DF_VALUATION(2.0),A,USA,P2,S95,CPA08_B07,XDC,O,V,T1620,2024,14.57,D,S1,D,F,2,A,6,USD
OECD.SDD.NAD:DSD_NASU@DF_VALUATION(2.0),A,USA,P2,S96,CPA08_B07,XDC,O,V,T1620,2024,181.02,D,S1,D,F,2,A,6,USD
OECD.SDD.NAD:DSD_NASU@DF_VALUATION(2.0),A,USA,P52,_Z,CPA08_B07,XDC,O,V,T1620,2024,28.34,D,S1,D,F,2,A,6,USD
OECD.SDD.NAD:DSD_NASU@DF_VALUATION(2.0),A,USA,P51G,_Z,CPA08_B07,XDC,O,V,T1620,2024,61.52,D,S1,D,F,2,A,6,USD
OECD.SDD.NAD:DSD_NASU@DF_VALUATION(2.0),A,USA,TU,_Z,CPA08_B07,XDC,O,V,T1620,2024,7462.67,D,S1,D,F,2,A,6,USD
OECD.SDD.NAD:DSD_NASU@DF_VALUATION(2.0),A,USA,P5,_Z,CPA08_B07,XDC,O,V,T1620,2024,89.86,D,S1,D,F,2,A,6,USD
OECD.SDD.NAD:DSD_NASU@DF_VALUATION(2.0),A,USA,P2,C33,CPA08_B07,XDC,O,V,T1620,2024,8.96,D,S1,D,F,2,A,6,USD
OECD.SDD.NAD:DSD_NASU@DF_VALUATION(2.0),A,USA,P2,E,CPA08_B07,XDC,O,V,T1620,2024,8.34,D,S1,D,F,2,A,6,USD
OECD.SDD.NAD:DSD_NASU@DF_VALUATION(2.0),A,USA,P2,E37T39,CPA08_B07,XDC,O,V,T1620,2024,8.34,D,S1,D,F,2,A,6,USD
OECD.SDD.NAD:DSD_NASU@DF_VALUATION(2.0),A,USA,P2,E38,CPA08_B07,XDC,O,V,T1620,2024,8.34,D,S1,D,F,2,A,6,USD
OECD.SDD.NAD:DSD_NASU@DF_VALUATION(2.0),A,USA,P2,G,CPA08_B07,XDC,O,V,T1620,2024,5.86,D,S1,D,F,2,A,6,USD
OECD.SDD.NAD:DSD_NASU@DF_VALUATION(2.0),A,USA,P2,G45,CPA08_B07,XDC,O,V,T1620,2024,2.06,D,S1,D,F,2,A,6,USD
OECD.SDD.NAD:DSD_NASU@DF_VALUATION(2.0),A,USA,P2,G46,CPA08_B07,XDC,O,V,T1620,2024,3.17,D,S1,D,F,2,A,6,USD
OECD.SDD.NAD:DSD_NASU@DF_VALUATION(2.0),A,USA,P2,G47,CPA08_B07,XDC,O,V,T1620,2024,0.62,D,S1,D,F,2,A,6,USD
OECD.SDD.NAD:DSD_NASU@DF_VALUATION(2.0),A,USA,P2,I,CPA08_B07,XDC,O,V,T1620,2024,34.35,D,S1,D,F,2,A,6,USD
OECD.SDD.NAD:DSD_NASU@DF_VALUATION(2.0),A,USA,P2,I55,CPA08_B07,XDC,O,V,T1620,2024,26.42,D,S1,D,F,2,A,6,USD
OECD.SDD.NAD:DSD_NASU@DF_VALUATION(2.0),A,USA,P2,I56,CPA08_B07,XDC,O,V,T1620,2024,7.93,D,S1,D,F,2,A,6,USD
OECD.SDD.NAD:DSD_NASU@DF_VALUATION(2.0),A,USA,P2,J,CPA08_B07,XDC,O,V,T1620,2024,325.43,D,S1,D,F,2,A,6,USD
OECD.SDD.NAD:DSD_NASU@DF_VALUATION(2.0),A,USA,P2,J58,CPA08_B07,XDC,O,V,T1620,2024,3.27,D,S1,D,F,2,A,6,USD
OECD.SDD.NAD:DSD_NASU@DF_VALUATION(2.0),A,USA,P2,J59_60,CPA08_B07,XDC,O,V,T1620,2024,11.2,D,S1,D,F,2,A,6,USD
OECD.SDD.NAD:DSD_NASU@DF_VALUATION(2.0),A,USA,P2,J59,CPA08_B07,XDC,O,V,T1620,2024,2.82,D,S1,D,F,2,A,6,USD
OECD.SDD.NAD:DSD_NASU@DF_VALUATION(2.0),A,USA,P2,J60,CPA08_B07,XDC,O,V,T1620,2024,8.38,D,S1,D,F,2,A,6,USD
OECD.SDD.NAD:DSD_NASU@DF_VALUATION(2.0),A,USA,P2,J61,CPA08_B07,XDC,O,V,T1620,2024,19.09,D,S1,D,F,2,A,6,USD
OECD.SDD.NAD:DSD_NASU@DF_VALUATION(2.0),A,USA,P2,J62_63,CPA08_B07,XDC,O,V,T1620,2024,291.86,D,S1,D,F,2,A,6,USD
OECD.SDD.NAD:DSD_NASU@DF_VALUATION(2.0),A,USA,P2,J63,CPA08_B07,XDC,O,V,T1620,2024,291.86,D,S1,D,F,2,A,6,USD
OECD.SDD.NAD:DSD_NASU@DF_VALUATION(2.0),A,USA,P2,M,CPA08_B07,XDC,O,V,T1620,2024,170.99,D,S1,D,F,2,A,6,USD
OECD.SDD.NAD:DSD_NASU@DF_VALUATION(2.0),A,USA,P2,M69_70,CPA08_B07,XDC,O,V,T1620,2024,0.58,D,S1,D,F,2,A,6,USD
OECD.SDD.NAD:DSD_NASU@DF_VALUATION(2.0),A,USA,P2,M70,CPA08_B07,XDC,O,V,T1620,2024,0.58,D,S1,D,F,2,A,6,USD
OECD.SDD.NAD:DSD_NASU@DF_VALUATION(2.0),A,USA,P2,M71,CPA08_B07,XDC,O,V,T1620,2024,103.13,D,S1,D,F,2,A,6,USD
OECD.SDD.NAD:DSD_NASU@DF_VALUATION(2.0),A,USA,P2,M72,CPA08_B07,XDC,O,V,T1620,2024,67.28,D,S1,D,F,2,A,6,USD
OECD.SDD.NAD:DSD_NASU@DF_VALUATION(2.0),A,USA,P2,N,CPA08_B07,XDC,O,V,T1620,2024,208.18,D,S1,D,F,2,A,6,USD
OECD.SDD.NAD:DSD_NASU@DF_VALUATION(2.0),A,USA,P2,N80T82,CPA08_B07,XDC,O,V,T1620,2024,208.18,D,S1,D,F,2,A,6,USD
OECD.SDD.NAD:DSD_NASU@DF_VALUATION(2.0),A,USA,P2,C19,CPA08_B07,XDC,O,V,T1620,2024,2.65,D,S1,D,F,2,A,6,USD
OECD.SDD.NAD:DSD_NASU@DF_VALUATION(2.0),A,USA,P2,C20,CPA08_B07,XDC,O,V,T1620,2024,537.34,D,S1,D,F,2,A,6,USD
OECD.SDD.NAD:DSD_NASU@DF_VALUATION(2.0),A,USA,P2,C23,CPA08_B07,XDC,O,V,T1620,2024,32.43,D,S1,D,F,2,A,6,USD
OECD.SDD.NAD:DSD_NASU@DF_VALUATION(2.0),A,USA,P2,C24,CPA08_B07,XDC,O,V,T1620,2024,2591.56,D,S1,D,F,2,A,6,USD
OECD.SDD.NAD:DSD_NASU@DF_VALUATION(2.0),A,USA,P2,C25,CPA08_B07,XDC,O,V,T1620,2024,91.02,D,S1,D,F,2,A,6,USD
OECD.SDD.NAD:DSD_NASU@DF_VALUATION(2.0),A,USA,P2,C26,CPA08_B07,XDC,O,V,T1620,2024,0.56,D,S1,D,F,2,A,6,USD
OECD.SDD.NAD:DSD_NASU@DF_VALUATION(2.0),A,USA,P2,C27,CPA08_B07,XDC,O,V,T1620,2024,11.56,D,S1,D,F,2,A,6,USD
OECD.SDD.NAD:DSD_NASU@DF_VALUATION(2.0),A,USA,P2,C28,CPA08_B07,XDC,O,V,T1620,2024,16.04,D,S1,D,F,2,A,6,USD
OECD.SDD.NAD:DSD_NASU@DF_VALUATION(2.0),A,USA,P2,C29,CPA08_B07,XDC,O,V,T1620,2024,12.93,D,S1,D,F,2,A,6,USD
OECD.SDD.NAD:DSD_NASU@DF_VALUATION(2.0),A,USA,P2,C30,CPA08_B07,XDC,O,V,T1620,2024,0.14,D,S1,D,F,2,A,6,USD
OECD.SDD.NAD:DSD_NASU@DF_VALUATION(2.0),A,USA,P2,C31_32,CPA08_B07,XDC,O,V,T1620,2024,22.11,D,S1,D,F,2,A,6,USD
OECD.SDD.NAD:DSD_NASU@DF_VALUATION(2.0),A,USA,P2,C32,CPA08_B07,XDC,O,V,T1620,2024,22.11,D,S1,D,F,2,A,6,USD
OECD.SDD.NAD:DSD_NASU@DF_VALUATION(2.0),A,USA,P2,_T,CPA08_B07,XDC,O,V,T1620,2024,6042.56,D,S1,D,F,2,A,6,USD
OECD.SDD.NAD:DSD_NASU@DF_VALUATION(2.0),A,USA,P2,B,CPA08_B07,XDC,O,V,T1620,2024,1304.43,D,S1,D,F,2,A,6,USD
OECD.SDD.NAD:DSD_NASU@DF_VALUATION(2.0),A,USA,P2,B07,CPA08_B07,XDC,O,V,T1620,2024,1304.43,D,S1,D,F,2,A,6,USD
OECD.SDD.NAD:DSD_NASU@DF_VALUATION(2.0),A,USA,P2,C,CPA08_B07,XDC,O,V,T1620,2024,3327.31,D,S1,D,F,2,A,6,USD
OECD.SDD.NAD:DSD_NASU@DF_VALUATION(2.0),A,USA,P2,N80,CPA08_B07,XDC,O,V,T1620,2024,63.07,D,S1,D,F,2,A,6,USD
OECD.SDD.NAD:DSD_NASU@DF_VALUATION(2.0),A,USA,P2,N81,CPA08_B07,XDC,O,V,T1620,2024,145.11,D,S1,D,F,2,A,6,USD
OECD.SDD.NAD:DSD_NASU@DF_VALUATION(2.0),A,USA,P2,J62,CPA08_B06,XDC,O,V,T1620,2024,0.56,D,S1,D,F,2,A,6,USD
OECD.SDD.NAD:DSD_NASU@DF_VALUATION(2.0),A,USA,P2,J63,CPA08_B06,XDC,O,V,T1620,2024,16.34,D,S1,D,F,2,A,6,USD
OECD.SDD.NAD:DSD_NASU@DF_VALUATION(2.0),A,USA,P2,L,CPA08_B06,XDC,O,V,T1620,2024,14.85,D,S1,D,F,2,A,6,USD
OECD.SDD.NAD:DSD_NASU@DF_VALUATION(2.0),A,USA,P2,L68B,CPA08_B06,XDC,O,V,T1620,2024,14.85,D,S1,D,F,2,A,6,USD
OECD.SDD.NAD:DSD_NASU@DF_VALUATION(2.0),A,USA,P2,M,CPA08_B06,XDC,O,V,T1620,2024,9.88,D,S1,D,F,2,A,6,USD
OECD.SDD.NAD:DSD_NASU@DF_VALUATION(2.0),A,USA,P2,M69_70,CPA08_B06,XDC,O,V,T1620,2024,3.44,D,S1,D,F,2,A,6,USD
OECD.SDD.NAD:DSD_NASU@DF_VALUATION(2.0),A,USA,P2,M69,CPA08_B06,XDC,O,V,T1620,2024,1.2,D,S1,D,F,2,A,6,USD
OECD.SDD.NAD:DSD_NASU@DF_VALUATION(2.0),A,USA,P2,M70,CPA08_B06,XDC,O,V,T1620,2024,2.24,D,S1,D,F,2,A,6,USD
OECD.SDD.NAD:DSD_NASU@DF_VALUATION(2.0),A,USA,P2,E39,CPA08_B,XDC,O,V,T1620,2024,2.32,D,S1,D,F,2,A,6,USD
OECD.SDD.NAD:DSD_NASU@DF_VALUATION(2.0),A,USA,P2,F,CPA08_B,XDC,O,V,T1620,2024,10568.35,D,S1,D,F,2,A,6,USD
OECD.SDD.NAD:DSD_NASU@DF_VALUATION(2.0),A,USA,P2,B05,CPA08_B,XDC,O,V,T1620,2024,596.66,D,S1,D,F,2,A,6,USD
OECD.SDD.NAD:DSD_NASU@DF_VALUATION(2.0),A,USA,P2,B06,CPA08_B,XDC,O,V,T1620,2024,10501.95,D,S1,D,F,2,A,6,USD
OECD.SDD.NAD:DSD_NASU@DF_VALUATION(2.0),A,USA,P2,B07,CPA08_B,XDC,O,V,T1620,2024,1325.22,D,S1,D,F,2,A,6,USD
OECD.SDD.NAD:DSD_NASU@DF_VALUATION(2.0),A,USA,P2,B08,CPA08_B,XDC,O,V,T1620,2024,430.89,D,S1,D,F,2,A,6,USD
OECD.SDD.NAD:DSD_NASU@DF_VALUATION(2.0),A,USA,P2,B09,CPA08_B,XDC,O,V,T1620,2024,52.34,D,S1,D,F,2,A,6,USD
OECD.SDD.NAD:DSD_NASU@DF_VALUATION(2.0),A,USA,P2,C,CPA08_B,XDC,O,V,T1620,2024,51336.59,D,S1,D,F,2,A,6,USD
OECD.SDD.NAD:DSD_NASU@DF_VALUATION(2.0),A,USA,P2,C10T12,CPA08_B,XDC,O,V,T1620,2024,536.54,D,S1,D,F,2,A,6,USD
OECD.SDD.NAD:DSD_NASU@DF_VALUATION(2.0),A,USA,P2,C11,CPA08_B,XDC,O,V,T1620,2024,34.13,D,S1,D,F,2,A,6,USD
OECD.SDD.NAD:DSD_NASU@DF_VALUATION(2.0),A,USA,P2,Q88,CPA08_B06,XDC,O,V,T1620,2024,3.42,D,S1,D,F,2,A,6,USD
OECD.SDD.NAD:DSD_NASU@DF_VALUATION(2.0),A,USA,P2,R,CPA08_B06,XDC,O,V,T1620,2024,22.87,D,S1,D,F,2,A,6,USD
OECD.SDD.NAD:DSD_NASU@DF_VALUATION(2.0),A,USA,P2,R90T92,CPA08_B06,XDC,O,V,T1620,2024,2.99,D,S1,D,F,2,A,6,USD
OECD.SDD.NAD:DSD_NASU@DF_VALUATION(2.0),A,USA,P2,R90,CPA08_B06,XDC,O,V,T1620,2024,1.59,D,S1,D,F,2,A,6,USD
OECD.SDD.NAD:DSD_NASU@DF_VALUATION(2.0),A,USA,P2,R91,CPA08_B06,XDC,O,V,T1620,2024,0.72,D,S1,D,F,2,A,6,USD
OECD.SDD.NAD:DSD_NASU@DF_VALUATION(2.0),A,USA,P2,R92,CPA08_B06,XDC,O,V,T1620,2024,0.68,D,S1,D,F,2,A,6,USD
OECD.SDD.NAD:DSD_NASU@DF_VALUATION(2.0),A,USA,P2,R93,CPA08_B06,XDC,O,V,T1620,2024,19.88,D,S1,D,F,2,A,6,USD
OECD.SDD.NAD:DSD_NASU@DF_VALUATION(2.0),A,USA,P2,S,CPA08_B06,XDC,O,V,T1620,2024,16.05,D,S1,D,F,2,A,6,USD
OECD.SDD.NAD:DSD_NASU@DF_VALUATION(2.0),A,USA,P2,S94,CPA08_B06,XDC,O,V,T1620,2024,12.69,D,S1,D,F,2,A,6,USD
OECD.SDD.NAD:DSD_NASU@DF_VALUATION(2.0),A,USA,P2,S95,CPA08_B06,XDC,O,V,T1620,2024,0.95,D,S1,D,F,2,A,6,USD
OECD.SDD.NAD:DSD_NASU@DF_VALUATION(2.0),A,USA,P2,S96,CPA08_B06,XDC,O,V,T1620,2024,2.41,D,S1,D,F,2,A,6,USD
OECD.SDD.NAD:DSD_NASU@DF_VALUATION(2.0),A,USA,P2,C26,CPA08_C,XDC,O,V,T1620,2024,16215.08,D,S1,D,F,2,A,6,USD
OECD.SDD.NAD:DSD_NASU@DF_VALUATION(2.0),A,USA,P2,C27,CPA08_C,XDC,O,V,T1620,2024,16425.14,D,S1,D,F,2,A,6,USD
OECD.SDD.NAD:DSD_NASU@DF_VALUATION(2.0),A,USA,P2,C28,CPA08_C,XDC,O,V,T1620,2024,36053.63,D,S1,D,F,2,A,6,USD
OECD.SDD.NAD:DSD_NASU@DF_VALUATION(2.0),A,USA,P2,C29,CPA08_C,XDC,O,V,T1620,2024,94673.7,D,S1,D,F,2,A,6,USD
OECD.SDD.NAD:DSD_NASU@DF_VALUATION(2.0),A,USA,P2,C30,CPA08_C,XDC,O,V,T1620,2024,18341.67,D,S1,D,F,2,A,6,USD
OECD.SDD.NAD:DSD_NASU@DF_VALUATION(2.0),A,USA,P2,C31_32,CPA08_C,XDC,O,V,T1620,2024,14832.76,D,S1,D,F,2,A,6,USD
OECD.SDD.NAD:DSD_NASU@DF_VALUATION(2.0),A,USA,P2,C31,CPA08_C,XDC,O,V,T1620,2024,7832.55,D,S1,D,F,2,A,6,USD
OECD.SDD.NAD:DSD_NASU@DF_VALUATION(2.0),A,USA,P2,C32,CPA08_C,XDC,O,V,T1620,2024,7000.21,D,S1,D,F,2,A,6,USD
OECD.SDD.NAD:DSD_NASU@DF_VALUATION(2.0),A,USA,P2,C33,CPA08_C,XDC,O,V,T1620,2024,3053.74,D,S1,D,F,2,A,6,USD
OECD.SDD.NAD:DSD_NASU@DF_VALUATION(2.0),A,USA,P2,D,CPA08_C,XDC,O,V,T1620,2024,4965.67,D,S1,D,F,2,A,6,USD
OECD.SDD.NAD:DSD_NASU@DF_VALUATION(2.0),A,USA,P2,E,CPA08_C,XDC,O,V,T1620,2024,5273.35,D,S1,D,F,2,A,6,USD
OECD.SDD.NAD:DSD_NASU@DF_VALUATION(2.0),A,USA,P2,E36,CPA08_C,XDC,O,V,T1620,2024,222.9,D,S1,D,F,2,A,6,USD
OECD.SDD.NAD:DSD_NASU@DF_VALUATION(2.0),A,USA,P2,E37T39,CPA08_C,XDC,O,V,T1620,2024,5050.45,D,S1,D,F,2,A,6,USD
OECD.SDD.NAD:DSD_NASU@DF_VALUATION(2.0),A,USA,P2,B,CPA08_C,XDC,O,V,T1620,2024,20839.89,D,S1,D,F,2,A,6,USD
OECD.SDD.NAD:DSD_NASU@DF_VALUATION(2.0),A,USA,P2,B05,CPA08_C,XDC,O,V,T1620,2024,1702.27,D,S1,D,F,2,A,6,USD
OECD.SDD.NAD:DSD_NASU@DF_VALUATION(2.0),A,USA,P2,B06,CPA08_C,XDC,O,V,T1620,2024,14290.75,D,S1,D,F,2,A,6,USD
OECD.SDD.NAD:DSD_NASU@DF_VALUATION(2.0),A,USA,P2,B07,CPA08_C,XDC,O,V,T1620,2024,1187.46,D,S1,D,F,2,A,6,USD
OECD.SDD.NAD:DSD_NASU@DF_VALUATION(2.0),A,USA,P2,B08,CPA08_C,XDC,O,V,T1620,2024,1071.19,D,S1,D,F,2,A,6,USD
OECD.SDD.NAD:DSD_NASU@DF_VALUATION(2.0),A,USA,P2,B09,CPA08_C,XDC,O,V,T1620,2024,2588.23,D,S1,D,F,2,A,6,USD
OECD.SDD.NAD:DSD_NASU@DF_VALUATION(2.0),A,USA,P2,C,CPA08_C,XDC,O,V,T1620,2024,468909.21,D,S1,D,F,2,A,6,USD
OECD.SDD.NAD:DSD_NASU@DF_VALUATION(2.0),A,USA,P2,C10T12,CPA08_C,XDC,O,V,T1620,2024,72311.86,D,S1,D,F,2,A,6,USD
OECD.SDD.NAD:DSD_NASU@DF_VALUATION(2.0),A,USA,P2,C10,CPA08_C,XDC,O,V,T1620,2024,56507.48,D,S1,D,F,2,A,6,USD
OECD.SDD.NAD:DSD_NASU@DF_VALUATION(2.0),A,USA,P2,C11,CPA08_C,XDC,O,V,T1620,2024,10638.84,D,S1,D,F,2,A,6,USD
OECD.SDD.NAD:DSD_NASU@DF_VALUATION(2.0),A,USA,P2,C12,CPA08_C,XDC,O,V,T1620,2024,5165.54,D,S1,D,F,2,A,6,USD
OECD.SDD.NAD:DSD_NASU@DF_VALUATION(2.0),A,USA,P2,C13T15,CPA08_C,XDC,O,V,T1620,2024,4558.77,D,S1,D,F,2,A,6,USD
OECD.SDD.NAD:DSD_NASU@DF_VALUATION(2.0),A,USA,P2,_T,CPA08_C,XDC,O,V,T1620,2024,1320231.15,D,S1,D,F,2,A,6,USD
OECD.SDD.NAD:DSD_NASU@DF_VALUATION(2.0),A,USA,P2,A,CPA08_C,XDC,O,V,T1620,2024,36809.19,D,S1,D,F,2,A,6,USD
OECD.SDD.NAD:DSD_NASU@DF_VALUATION(2.0),A,USA,P2,A01,CPA08_C,XDC,O,V,T1620,2024,36700.54,D,S1,D,F,2,A,6,USD
OECD.SDD.NAD:DSD_NASU@DF_VALUATION(2.0),A,USA,P2,A03,CPA08_C,XDC,O,V,T1620,2024,59,D,S1,D,F,2,A,6,USD
OECD.SDD.NAD:DSD_NASU@DF_VALUATION(2.0),A,USA,P2,Q,CPA08_C,XDC,O,V,T1620,2024,81767.73,D,S1,D,F,2,A,6,USD
OECD.SDD.NAD:DSD_NASU@DF_VALUATION(2.0),A,USA,P2,Q86,CPA08_C,XDC,O,V,T1620,2024,69809.23,D,S1,D,F,2,A,6,USD
OECD.SDD.NAD:DSD_NASU@DF_VALUATION(2.0),A,USA,P2,J62_63,CPA08_B08,XDC,O,V,T1620,2024,2.17,D,S1,D,F,2,A,6,USD
OECD.SDD.NAD:DSD_NASU@DF_VALUATION(2.0),A,USA,P2,J63,CPA08_B08,XDC,O,V,T1620,2024,2.17,D,S1,D,F,2,A,6,USD
OECD.SDD.NAD:DSD_NASU@DF_VALUATION(2.0),A,USA,P2,L,CPA08_B08,XDC,O,V,T1620,2024,2.31,D,S1,D,F,2,A,6,USD
OECD.SDD.NAD:DSD_NASU@DF_VALUATION(2.0),A,USA,P2,L68A,CPA08_B08,XDC,O,V,T1620,2024,1.82,D,S1,D,F,2,A,6,USD
OECD.SDD.NAD:DSD_NASU@DF_VALUATION(2.0),A,USA,P2,L68B,CPA08_B08,XDC,O,V,T1620,2024,0.48,D,S1,D,F,2,A,6,USD
OECD.SDD.NAD:DSD_NASU@DF_VALUATION(2.0),A,USA,P2,M,CPA08_B08,XDC,O,V,T1620,2024,227.1,D,S1,D,F,2,A,6,USD
OECD.SDD.NAD:DSD_NASU@DF_VALUATION(2.0),A,USA,P2,M69_70,CPA08_B08,XDC,O,V,T1620,2024,5.28,D,S1,D,F,2,A,6,USD
OECD.SDD.NAD:DSD_NASU@DF_VALUATION(2.0),A,USA,P2,M70,CPA08_B08,XDC,O,V,T1620,2024,5.28,D,S1,D,F,2,A,6,USD
OECD.SDD.NAD:DSD_NASU@DF_VALUATION(2.0),A,USA,P2,M71,CPA08_B08,XDC,O,V,T1620,2024,135.86,D,S1,D,F,2,A,6,USD
OECD.SDD.NAD:DSD_NASU@DF_VALUATION(2.0),A,USA,P2,M72,CPA08_B08,XDC,O,V,T1620,2024,85.97,D,S1,D,F,2,A,6,USD
OECD.SDD.NAD:DSD_NASU@DF_VALUATION(2.0),A,USA,P2,O,CPA08_B08,XDC,O,V,T1620,2024,809.49,D,S1,D,F,2,A,6,USD
OECD.SDD.NAD:DSD_NASU@DF_VALUATION(2.0),A,USA,P2,Q,CPA08_B08,XDC,O,V,T1620,2024,147.82,D,S1,D,F,2,A,6,USD
OECD.SDD.NAD:DSD_NASU@DF_VALUATION(2.0),A,USA,P2,Q87_88,CPA08_B08,XDC,O,V,T1620,2024,147.82,D,S1,D,F,2,A,6,USD
OECD.SDD.NAD:DSD_NASU@DF_VALUATION(2.0),A,USA,P2,Q88,CPA08_B08,XDC,O,V,T1620,2024,147.82,D,S1,D,F,2,A,6,USD
OECD.SDD.NAD:DSD_NASU@DF_VALUATION(2.0),A,USA,P2,C31,CPA08_B05,XDC,O,V,T1620,2024,1.69,D,S1,D,F,2,A,6,USD
OECD.SDD.NAD:DSD_NASU@DF_VALUATION(2.0),A,USA,P2,C33,CPA08_B05,XDC,O,V,T1620,2024,0.8,D,S1,D,F,2,A,6,USD
OECD.SDD.NAD:DSD_NASU@DF_VALUATION(2.0),A,USA,P2,D,CPA08_B05,XDC,O,V,T1620,2024,2446.09,D,S1,D,F,2,A,6,USD
OECD.SDD.NAD:DSD_NASU@DF_VALUATION(2.0),A,USA,P2,E,CPA08_B05,XDC,O,V,T1620,2024,8.88,D,S1,D,F,2,A,6,USD
OECD.SDD.NAD:DSD_NASU@DF_VALUATION(2.0),A,USA,P2,E37T39,CPA08_B05,XDC,O,V,T1620,2024,8.88,D,S1,D,F,2,A,6,USD
OECD.SDD.NAD:DSD_NASU@DF_VALUATION(2.0),A,USA,P2,E38,CPA08_B05,XDC,O,V,T1620,2024,8.88,D,S1,D,F,2,A,6,USD
OECD.SDD.NAD:DSD_NASU@DF_VALUATION(2.0),A,USA,P2,G,CPA08_B05,XDC,O,V,T1620,2024,5.21,D,S1,D,F,2,A,6,USD
OECD.SDD.NAD:DSD_NASU@DF_VALUATION(2.0),A,USA,P2,G45,CPA08_B05,XDC,O,V,T1620,2024,2.02,D,S1,D,F,2,A,6,USD
OECD.SDD.NAD:DSD_NASU@DF_VALUATION(2.0),A,USA,P2,G46,CPA08_B05,XDC,O,V,T1620,2024,3.19,D,S1,D,F,2,A,6,USD
OECD.SDD.NAD:DSD_NASU@DF_VALUATION(2.0),A,USA,P2,H,CPA08_B05,XDC,O,V,T1620,2024,0.83,D,S1,D,F,2,A,6,USD
OECD.SDD.NAD:DSD_NASU@DF_VALUATION(2.0),A,USA,P2,H52,CPA08_B05,XDC,O,V,T1620,2024,0.83,D,S1,D,F,2,A,6,USD
OECD.SDD.NAD:DSD_NASU@DF_VALUATION(2.0),A,USA,P2,I,CPA08_B05,XDC,O,V,T1620,2024,411.16,D,S1,D,F,2,A,6,USD
OECD.SDD.NAD:DSD_NASU@DF_VALUATION(2.0),A,USA,P2,F,CPA08_B08,XDC,O,V,T1620,2024,10568.35,D,S1,D,F,2,A,6,USD
OECD.SDD.NAD:DSD_NASU@DF_VALUATION(2.0),A,USA,P2,F41,CPA08_B08,XDC,O,V,T1620,2024,7897.93,D,S1,D,F,2,A,6,USD
OECD.SDD.NAD:DSD_NASU@DF_VALUATION(2.0),A,USA,P2,F42,CPA08_B08,XDC,O,V,T1620,2024,2670.43,D,S1,D,F,2,A,6,USD
OECD.SDD.NAD:DSD_NASU@DF_VALUATION(2.0),A,USA,P2,G,CPA08_B08,XDC,O,V,T1620,2024,0.18,D,S1,D,F,2,A,6,USD
OECD.SDD.NAD:DSD_NASU@DF_VALUATION(2.0),A,USA,P2,G45,CPA08_B08,XDC,O,V,T1620,2024,0.01,D,S1,D,F,2,A,6,USD
OECD.SDD.NAD:DSD_NASU@DF_VALUATION(2.0),A,USA,P2,G46,CPA08_B08,XDC,O,V,T1620,2024,0.14,D,S1,D,F,2,A,6,USD
OECD.SDD.NAD:DSD_NASU@DF_VALUATION(2.0),A,USA,P2,G47,CPA08_B08,XDC,O,V,T1620,2024,0.03,D,S1,D,F,2,A,6,USD
OECD.SDD.NAD:DSD_NASU@DF_VALUATION(2.0),A,USA,P2,H,CPA08_B08,XDC,O,V,T1620,2024,37.17,D,S1,D,F,2,A,6,USD
OECD.SDD.NAD:DSD_NASU@DF_VALUATION(2.0),A,USA,P2,H49,CPA08_B08,XDC,O,V,T1620,2024,36.92,D,S1,D,F,2,A,6,USD
OECD.SDD.NAD:DSD_NASU@DF_VALUATION(2.0),A,USA,P2,H50,CPA08_B08,XDC,O,V,T1620,2024,0,D,S1,D,F,2,A,6,USD
OECD.SDD.NAD:DSD_NASU@DF_VALUATION(2.0),A,USA,P2,H52,CPA08_B08,XDC,O,V,T1620,2024,0.25,D,S1,D,F,2,A,6,USD
OECD.SDD.NAD:DSD_NASU@DF_VALUATION(2.0),A,USA,P2,J,CPA08_B08,XDC,O,V,T1620,2024,12.89,D,S1,D,F,2,A,6,USD
OECD.SDD.NAD:DSD_NASU@DF_VALUATION(2.0),A,USA,P2,J58,CPA08_B08,XDC,O,V,T1620,2024,0.09,D,S1,D,F,2,A,6,USD
OECD.SDD.NAD:DSD_NASU@DF_VALUATION(2.0),A,USA,P2,B05,CPA08_B08,XDC,O,V,T1620,2024,78.59,D,S1,D,F,2,A,6,USD
OECD.SDD.NAD:DSD_NASU@DF_VALUATION(2.0),A,USA,P2,B07,CPA08_B08,XDC,O,V,T1620,2024,0.67,D,S1,D,F,2,A,6,USD
OECD.SDD.NAD:DSD_NASU@DF_VALUATION(2.0),A,USA,P2,B08,CPA08_B08,XDC,O,V,T1620,2024,416.01,D,S1,D,F,2,A,6,USD
OECD.SDD.NAD:DSD_NASU@DF_VALUATION(2.0),A,USA,P2,B09,CPA08_B08,XDC,O,V,T1620,2024,43.71,D,S1,D,F,2,A,6,USD
OECD.SDD.NAD:DSD_NASU@DF_VALUATION(2.0),A,USA,P2,C,CPA08_B08,XDC,O,V,T1620,2024,7185.94,D,S1,D,F,2,A,6,USD
OECD.SDD.NAD:DSD_NASU@DF_VALUATION(2.0),A,USA,P2,C10T12,CPA08_B08,XDC,O,V,T1620,2024,107.97,D,S1,D,F,2,A,6,USD
OECD.SDD.NAD:DSD_NASU@DF_VALUATION(2.0),A,USA,P2,C10,CPA08_B08,XDC,O,V,T1620,2024,107.97,D,S1,D,F,2,A,6,USD
OECD.SDD.NAD:DSD_NASU@DF_VALUATION(2.0),A,USA,P2,C17,CPA08_B08,XDC,O,V,T1620,2024,121.19,D,S1,D,F,2,A,6,USD
OECD.SDD.NAD:DSD_NASU@DF_VALUATION(2.0),A,USA,P2,C19,CPA08_B08,XDC,O,V,T1620,2024,9.15,D,S1,D,F,2,A,6,USD
OECD.SDD.NAD:DSD_NASU@DF_VALUATION(2.0),A,USA,P2,C20,CPA08_B08,XDC,O,V,T1620,2024,1010.92,D,S1,D,F,2,A,6,USD
OECD.SDD.NAD:DSD_NASU@DF_VALUATION(2.0),A,USA,P2,C23,CPA08_B08,XDC,O,V,T1620,2024,5447.47,D,S1,D,F,2,A,6,USD
OECD.SDD.NAD:DSD_NASU@DF_VALUATION(2.0),A,USA,P2,C24,CPA08_B08,XDC,O,V,T1620,2024,419.95,D,S1,D,F,2,A,6,USD
OECD.SDD.NAD:DSD_NASU@DF_VALUATION(2.0),A,USA,P2,_T,CPA08_B08,XDC,O,V,T1620,2024,20285.19,D,S1,D,F,2,A,6,USD
OECD.SDD.NAD:DSD_NASU@DF_VALUATION(2.0),A,USA,P2,A,CPA08_B08,XDC,O,V,T1620,2024,452.06,D,S1,D,F,2,A,6,USD
OECD.SDD.NAD:DSD_NASU@DF_VALUATION(2.0),A,USA,P2,A01,CPA08_B08,XDC,O,V,T1620,2024,452.06,D,S1,D,F,2,A,6,USD
OECD.SDD.NAD:DSD_NASU@DF_VALUATION(2.0),A,USA,P2,B,CPA08_B08,XDC,O,V,T1620,2024,538.98,D,S1,D,F,2,A,6,USD
OECD.SDD.NAD:DSD_NASU@DF_VALUATION(2.0),A,USA,P2,J59_60,CPA08_B08,XDC,O,V,T1620,2024,1.5,D,S1,D,F,2,A,6,USD
OECD.SDD.NAD:DSD_NASU@DF_VALUATION(2.0),A,USA,P2,J60,CPA08_B08,XDC,O,V,T1620,2024,1.5,D,S1,D,F,2,A,6,USD
OECD.SDD.NAD:DSD_NASU@DF_VALUATION(2.0),A,USA,P2,P,CPA08_B07,XDC,O,V,T1620,2024,132.56,D,S1,D,F,2,A,6,USD
OECD.SDD.NAD:DSD_NASU@DF_VALUATION(2.0),A,USA,P2,_T,CPA08_C10T12,XDC,O,V,T1620,2024,132406.68,D,S1,D,F,2,A,6,USD
OECD.SDD.NAD:DSD_NASU@DF_VALUATION(2.0),A,USA,P2,A,CPA08_C10T12,XDC,O,V,T1620,2024,17565.93,D,S1,D,F,2,A,6,USD
OECD.SDD.NAD:DSD_NASU@DF_VALUATION(2.0),A,USA,P2,A01,CPA08_C10T12,XDC,O,V,T1620,2024,17565.93,D,S1,D,F,2,A,6,USD
OECD.SDD.NAD:DSD_NASU@DF_VALUATION(2.0),A,USA,P2,C,CPA08_C10T12,XDC,O,V,T1620,2024,48241.12,D,S1,D,F,2,A,6,USD
OECD.SDD.NAD:DSD_NASU@DF_VALUATION(2.0),A,USA,P2,M70,CPA08_C10T12,XDC,O,V,T1620,2024,56.94,D,S1,D,F,2,A,6,USD
OECD.SDD.NAD:DSD_NASU@DF_VALUATION(2.0),A,USA,P2,M71,CPA08_C10T12,XDC,O,V,T1620,2024,14.97,D,S1,D,F,2,A,6,USD
OECD.SDD.NAD:DSD_NASU@DF_VALUATION(2.0),A,USA,P2,Q87,CPA08_C,XDC,O,V,T1620,2024,4225.93,D,S1,D,F,2,A,6,USD
OECD.SDD.NAD:DSD_NASU@DF_VALUATION(2.0),A,USA,P2,Q88,CPA08_C,XDC,O,V,T1620,2024,7732.57,D,S1,D,F,2,A,6,USD
OECD.SDD.NAD:DSD_NASU@DF_VALUATION(2.0),A,USA,P2,R,CPA08_C,XDC,O,V,T1620,2024,5787.34,D,S1,D,F,2,A,6,USD
OECD.SDD.NAD:DSD_NASU@DF_VALUATION(2.0),A,USA,P2,R90T92,CPA08_C,XDC,O,V,T1620,2024,1700.56,D,S1,D,F,2,A,6,USD
OECD.SDD.NAD:DSD_NASU@DF_VALUATION(2.0),A,USA,P2,R90,CPA08_C,XDC,O,V,T1620,2024,932.99,D,S1,D,F,2,A,6,USD
OECD.SDD.NAD:DSD_NASU@DF_VALUATION(2.0),A,USA,P2,R91,CPA08_C,XDC,O,V,T1620,2024,340.93,D,S1,D,F,2,A,6,USD
OECD.SDD.NAD:DSD_NASU@DF_VALUATION(2.0),A,USA,P2,R92,CPA08_C,XDC,O,V,T1620,2024,426.63,D,S1,D,F,2,A,6,USD
OECD.SDD.NAD:DSD_NASU@DF_VALUATION(2.0),A,USA,P2,R93,CPA08_C,XDC,O,V,T1620,2024,4086.78,D,S1,D,F,2,A,6,USD
OECD.SDD.NAD:DSD_NASU@DF_VALUATION(2.0),A,USA,P2,S,CPA08_C,XDC,O,V,T1620,2024,11633.72,D,S1,D,F,2,A,6,USD
OECD.SDD.NAD:DSD_NASU@DF_VALUATION(2.0),A,USA,P2,S94,CPA08_C,XDC,O,V,T1620,2024,3716.88,D,S1,D,F,2,A,6,USD
OECD.SDD.NAD:DSD_NASU@DF_VALUATION(2.0),A,USA,P2,S95,CPA08_C,XDC,O,V,T1620,2024,2928.3,D,S1,D,F,2,A,6,USD
OECD.SDD.NAD:DSD_NASU@DF_VALUATION(2.0),A,USA,P2,S96,CPA08_C,XDC,O,V,T1620,2024,4988.55,D,S1,D,F,2,A,6,USD
OECD.SDD.NAD:DSD_NASU@DF_VALUATION(2.0),A,USA,P3,_Z,CPA08_C,XDC,O,V,T1620,2024,2557843.97,D,S1,D,F,2,A,6,USD
OECD.SDD.NAD:DSD_NASU@DF_VALUATION(2.0),A,USA,TU,_Z,CPA08_C,XDC,O,V,T1620,2024,4570163.35,D,S1,D,F,2,A,6,USD
OECD.SDD.NAD:DSD_NASU@DF_VALUATION(2.0),A,USA,P5,_Z,CPA08_C,XDC,O,V,T1620,2024,440973.01,D,S1,D,F,2,A,6,USD
OECD.SDD.NAD:DSD_NASU@DF_VALUATION(2.0),A,USA,P51G,_Z,CPA08_C,XDC,O,V,T1620,2024,434233.32,D,S1,D,F,2,A,6,USD
OECD.SDD.NAD:DSD_NASU@DF_VALUATION(2.0),A,USA,P2,M71,CPA08_B06,XDC,O,V,T1620,2024,1.86,D,S1,D,F,2,A,6,USD
OECD.SDD.NAD:DSD_NASU@DF_VALUATION(2.0),A,USA,P2,M72,CPA08_B06,XDC,O,V,T1620,2024,1.49,D,S1,D,F,2,A,6,USD
OECD.SDD.NAD:DSD_NASU@DF_VALUATION(2.0),A,USA,P2,M73,CPA08_B06,XDC,O,V,T1620,2024,2.08,D,S1,D,F,2,A,6,USD
OECD.SDD.NAD:DSD_NASU@DF_VALUATION(2.0),A,USA,P2,M74_75,CPA08_B06,XDC,O,V,T1620,2024,1.02,D,S1,D,F,2,A,6,USD
OECD.SDD.NAD:DSD_NASU@DF_VALUATION(2.0),A,USA,P2,M75,CPA08_B06,XDC,O,V,T1620,2024,1.02,D,S1,D,F,2,A,6,USD
OECD.SDD.NAD:DSD_NASU@DF_VALUATION(2.0),A,USA,P2,N,CPA08_B06,XDC,O,V,T1620,2024,1.9,D,S1,D,F,2,A,6,USD
OECD.SDD.NAD:DSD_NASU@DF_VALUATION(2.0),A,USA,P2,N78,CPA08_B06,XDC,O,V,T1620,2024,0.61,D,S1,D,F,2,A,6,USD
OECD.SDD.NAD:DSD_NASU@DF_VALUATION(2.0),A,USA,P2,N80T82,CPA08_B06,XDC,O,V,T1620,2024,1.29,D,S1,D,F,2,A,6,USD
OECD.SDD.NAD:DSD_NASU@DF_VALUATION(2.0),A,USA,P2,N82,CPA08_B06,XDC,O,V,T1620,2024,1.29,D,S1,D,F,2,A,6,USD
OECD.SDD.NAD:DSD_NASU@DF_VALUATION(2.0),A,USA,P2,O,CPA08_B06,XDC,O,V,T1620,2024,12268.84,D,S1,D,F,2,A,6,USD
OECD.SDD.NAD:DSD_NASU@DF_VALUATION(2.0),A,USA,P2,P,CPA08_B06,XDC,O,V,T1620,2024,133.86,D,S1,D,F,2,A,6,USD
OECD.SDD.NAD:DSD_NASU@DF_VALUATION(2.0),A,USA,P2,Q,CPA08_B06,XDC,O,V,T1620,2024,63.23,D,S1,D,F,2,A,6,USD
OECD.SDD.NAD:DSD_NASU@DF_VALUATION(2.0),A,USA,P2,Q86,CPA08_B06,XDC,O,V,T1620,2024,57.33,D,S1,D,F,2,A,6,USD
OECD.SDD.NAD:DSD_NASU@DF_VALUATION(2.0),A,USA,P2,Q87_88,CPA08_B06,XDC,O,V,T1620,2024,5.9,D,S1,D,F,2,A,6,USD
OECD.SDD.NAD:DSD_NASU@DF_VALUATION(2.0),A,USA,P2,Q87,CPA08_B06,XDC,O,V,T1620,2024,2.48,D,S1,D,F,2,A,6,USD
OECD.SDD.NAD:DSD_NASU@DF_VALUATION(2.0),A,USA,P2,I,CPA08_C,XDC,O,V,T1620,2024,47323.59,D,S1,D,F,2,A,6,USD
OECD.SDD.NAD:DSD_NASU@DF_VALUATION(2.0),A,USA,P2,I55,CPA08_C,XDC,O,V,T1620,2024,5982.68,D,S1,D,F,2,A,6,USD
OECD.SDD.NAD:DSD_NASU@DF_VALUATION(2.0),A,USA,P2,I56,CPA08_C,XDC,O,V,T1620,2024,41340.91,D,S1,D,F,2,A,6,USD
OECD.SDD.NAD:DSD_NASU@DF_VALUATION(2.0),A,USA,P2,J,CPA08_C,XDC,O,V,T1620,2024,33646.68,D,S1,D,F,2,A,6,USD
OECD.SDD.NAD:DSD_NASU@DF_VALUATION(2.0),A,USA,P2,J58,CPA08_C,XDC,O,V,T1620,2024,1985.38,D,S1,D,F,2,A,6,USD
OECD.SDD.NAD:DSD_NASU@DF_VALUATION(2.0),A,USA,P2,J59_60,CPA08_C,XDC,O,V,T1620,2024,2853.05,D,S1,D,F,2,A,6,USD
OECD.SDD.NAD:DSD_NASU@DF_VALUATION(2.0),A,USA,P2,J59,CPA08_C,XDC,O,V,T1620,2024,357.36,D,S1,D,F,2,A,6,USD
OECD.SDD.NAD:DSD_NASU@DF_VALUATION(2.0),A,USA,P2,J60,CPA08_C,XDC,O,V,T1620,2024,2495.69,D,S1,D,F,2,A,6,USD
OECD.SDD.NAD:DSD_NASU@DF_VALUATION(2.0),A,USA,P2,J61,CPA08_C,XDC,O,V,T1620,2024,16805.49,D,S1,D,F,2,A,6,USD
OECD.SDD.NAD:DSD_NASU@DF_VALUATION(2.0),A,USA,P2,J62_63,CPA08_C,XDC,O,V,T1620,2024,12002.77,D,S1,D,F,2,A,6,USD
OECD.SDD.NAD:DSD_NASU@DF_VALUATION(2.0),A,USA,P2,J62,CPA08_C,XDC,O,V,T1620,2024,5309.46,D,S1,D,F,2,A,6,USD
OECD.SDD.NAD:DSD_NASU@DF_VALUATION(2.0),A,USA,P2,J63,CPA08_C,XDC,O,V,T1620,2024,6693.32,D,S1,D,F,2,A,6,USD
OECD.SDD.NAD:DSD_NASU@DF_VALUATION(2.0),A,USA,P2,K,CPA08_C,XDC,O,V,T1620,2024,7220.24,D,S1,D,F,2,A,6,USD
OECD.SDD.NAD:DSD_NASU@DF_VALUATION(2.0),A,USA,P2,K64,CPA08_C,XDC,O,V,T1620,2024,4912.18,D,S1,D,F,2,A,6,USD
OECD.SDD.NAD:DSD_NASU@DF_VALUATION(2.0),A,USA,P2,K65,CPA08_C,XDC,O,V,T1620,2024,744.3,D,S1,D,F,2,A,6,USD
OECD.SDD.NAD:DSD_NASU@DF_VALUATION(2.0),A,USA,P2,K66,CPA08_C,XDC,O,V,T1620,2024,1563.76,D,S1,D,F,2,A,6,USD
OECD.SDD.NAD:DSD_NASU@DF_VALUATION(2.0),A,USA,P2,L,CPA08_C,XDC,O,V,T1620,2024,14620.75,D,S1,D,F,2,A,6,USD
OECD.SDD.NAD:DSD_NASU@DF_VALUATION(2.0),A,USA,P2,L68A,CPA08_C,XDC,O,V,T1620,2024,5516.7,D,S1,D,F,2,A,6,USD
OECD.SDD.NAD:DSD_NASU@DF_VALUATION(2.0),A,USA,P2,L68B,CPA08_C,XDC,O,V,T1620,2024,9104.06,D,S1,D,F,2,A,6,USD
OECD.SDD.NAD:DSD_NASU@DF_VALUATION(2.0),A,USA,P2,M,CPA08_C,XDC,O,V,T1620,2024,61324,D,S1,D,F,2,A,6,USD
OECD.SDD.NAD:DSD_NASU@DF_VALUATION(2.0),A,USA,P2,M69_70,CPA08_C,XDC,O,V,T1620,2024,16772.85,D,S1,D,F,2,A,6,USD
OECD.SDD.NAD:DSD_NASU@DF_VALUATION(2.0),A,USA,P2,M69,CPA08_C,XDC,O,V,T1620,2024,1823.7,D,S1,D,F,2,A,6,USD
OECD.SDD.NAD:DSD_NASU@DF_VALUATION(2.0),A,USA,P2,M70,CPA08_C,XDC,O,V,T1620,2024,14949.15,D,S1,D,F,2,A,6,USD
OECD.SDD.NAD:DSD_NASU@DF_VALUATION(2.0),A,USA,P2,M71,CPA08_C,XDC,O,V,T1620,2024,9765.38,D,S1,D,F,2,A,6,USD
OECD.SDD.NAD:DSD_NASU@DF_VALUATION(2.0),A,USA,P2,M72,CPA08_C,XDC,O,V,T1620,2024,26365.79,D,S1,D,F,2,A,6,USD
OECD.SDD.NAD:DSD_NASU@DF_VALUATION(2.0),A,USA,P2,M73,CPA08_C,XDC,O,V,T1620,2024,2235.23,D,S1,D,F,2,A,6,USD
OECD.SDD.NAD:DSD_NASU@DF_VALUATION(2.0),A,USA,P2,M74_75,CPA08_C,XDC,O,V,T1620,2024,6184.75,D,S1,D,F,2,A,6,USD
OECD.SDD.NAD:DSD_NASU@DF_VALUATION(2.0),A,USA,P2,M74,CPA08_C,XDC,O,V,T1620,2024,3470.59,D,S1,D,F,2,A,6,USD
OECD.SDD.NAD:DSD_NASU@DF_VALUATION(2.0),A,USA,P2,M75,CPA08_C,XDC,O,V,T1620,2024,2714.16,D,S1,D,F,2,A,6,USD
OECD.SDD.NAD:DSD_NASU@DF_VALUATION(2.0),A,USA,P2,N,CPA08_C,XDC,O,V,T1620,2024,31022.02,D,S1,D,F,2,A,6,USD
OECD.SDD.NAD:DSD_NASU@DF_VALUATION(2.0),A,USA,P2,N77,CPA08_C,XDC,O,V,T1620,2024,6394.33,D,S1,D,F,2,A,6,USD
OECD.SDD.NAD:DSD_NASU@DF_VALUATION(2.0),A,USA,P2,N78,CPA08_C,XDC,O,V,T1620,2024,740.6,D,S1,D,F,2,A,6,USD
OECD.SDD.NAD:DSD_NASU@DF_VALUATION(2.0),A,USA,P2,N79,CPA08_C,XDC,O,V,T1620,2024,210.34,D,S1,D,F,2,A,6,USD
OECD.SDD.NAD:DSD_NASU@DF_VALUATION(2.0),A,USA,P2,N80T82,CPA08_C,XDC,O,V,T1620,2024,23676.74,D,S1,D,F,2,A,6,USD
OECD.SDD.NAD:DSD_NASU@DF_VALUATION(2.0),A,USA,P2,N80,CPA08_C,XDC,O,V,T1620,2024,972.31,D,S1,D,F,2,A,6,USD
OECD.SDD.NAD:DSD_NASU@DF_VALUATION(2.0),A,USA,P2,N81,CPA08_C,XDC,O,V,T1620,2024,18486.84,D,S1,D,F,2,A,6,USD
OECD.SDD.NAD:DSD_NASU@DF_VALUATION(2.0),A,USA,P2,N82,CPA08_C,XDC,O,V,T1620,2024,4217.59,D,S1,D,F,2,A,6,USD
OECD.SDD.NAD:DSD_NASU@DF_VALUATION(2.0),A,USA,P2,O,CPA08_C,XDC,O,V,T1620,2024,98820.03,D,S1,D,F,2,A,6,USD
OECD.SDD.NAD:DSD_NASU@DF_VALUATION(2.0),A,USA,P2,P,CPA08_C,XDC,O,V,T1620,2024,32960.12,D,S1,D,F,2,A,6,USD
OECD.SDD.NAD:DSD_NASU@DF_VALUATION(2.0),A,USA,P2,C13,CPA08_C,XDC,O,V,T1620,2024,3553.23,D,S1,D,F,2,A,6,USD
OECD.SDD.NAD:DSD_NASU@DF_VALUATION(2.0),A,USA,P2,C14,CPA08_C,XDC,O,V,T1620,2024,606.43,D,S1,D,F,2,A,6,USD
OECD.SDD.NAD:DSD_NASU@DF_VALUATION(2.0),A,USA,P2,C15,CPA08_C,XDC,O,V,T1620,2024,399.12,D,S1,D,F,2,A,6,USD
OECD.SDD.NAD:DSD_NASU@DF_VALUATION(2.0),A,USA,P2,C16,CPA08_C,XDC,O,V,T1620,2024,14027.77,D,S1,D,F,2,A,6,USD
OECD.SDD.NAD:DSD_NASU@DF_VALUATION(2.0),A,USA,P2,C17,CPA08_C,XDC,O,V,T1620,2024,17615.19,D,S1,D,F,2,A,6,USD
OECD.SDD.NAD:DSD_NASU@DF_VALUATION(2.0),A,USA,P2,C18,CPA08_C,XDC,O,V,T1620,2024,5828,D,S1,D,F,2,A,6,USD
OECD.SDD.NAD:DSD_NASU@DF_VALUATION(2.0),A,USA,P2,C19,CPA08_C,XDC,O,V,T1620,2024,3962.9,D,S1,D,F,2,A,6,USD
OECD.SDD.NAD:DSD_NASU@DF_VALUATION(2.0),A,USA,P2,C20,CPA08_C,XDC,O,V,T1620,2024,43449.78,D,S1,D,F,2,A,6,USD
OECD.SDD.NAD:DSD_NASU@DF_VALUATION(2.0),A,USA,P2,C21,CPA08_C,XDC,O,V,T1620,2024,18288.4,D,S1,D,F,2,A,6,USD
OECD.SDD.NAD:DSD_NASU@DF_VALUATION(2.0),A,USA,P2,C22,CPA08_C,XDC,O,V,T1620,2024,24648.59,D,S1,D,F,2,A,6,USD
OECD.SDD.NAD:DSD_NASU@DF_VALUATION(2.0),A,USA,P2,C23,CPA08_C,XDC,O,V,T1620,2024,12777.4,D,S1,D,F,2,A,6,USD
OECD.SDD.NAD:DSD_NASU@DF_VALUATION(2.0),A,USA,P2,C24,CPA08_C,XDC,O,V,T1620,2024,19844.6,D,S1,D,F,2,A,6,USD
OECD.SDD.NAD:DSD_NASU@DF_VALUATION(2.0),A,USA,P2,C25,CPA08_C,XDC,O,V,T1620,2024,32000.22,D,S1,D,F,2,A,6,USD
OECD.SDD.NAD:DSD_NASU@DF_VALUATION(2.0),A,USA,TU,_Z,CPA08_B08,XDC,O,V,T1620,2024,21573.44,D,S1,D,F,2,A,6,USD
OECD.SDD.NAD:DSD_NASU@DF_VALUATION(2.0),A,USA,P3,_Z,CPA08_B08,XDC,O,V,T1620,2024,141.48,D,S1,D,F,2,A,6,USD
OECD.SDD.NAD:DSD_NASU@DF_VALUATION(2.0),A,USA,P52,_Z,CPA08_B08,XDC,O,V,T1620,2024,66.93,D,S1,D,F,2,A,6,USD
OECD.SDD.NAD:DSD_NASU@DF_VALUATION(2.0),A,USA,P2,C25,CPA08_B08,XDC,O,V,T1620,2024,3.09,D,S1,D,F,2,A,6,USD
OECD.SDD.NAD:DSD_NASU@DF_VALUATION(2.0),A,USA,P2,C26,CPA08_B08,XDC,O,V,T1620,2024,0.7,D,S1,D,F,2,A,6,USD
OECD.SDD.NAD:DSD_NASU@DF_VALUATION(2.0),A,USA,P2,C27,CPA08_B08,XDC,O,V,T1620,2024,5.59,D,S1,D,F,2,A,6,USD
OECD.SDD.NAD:DSD_NASU@DF_VALUATION(2.0),A,USA,P2,C28,CPA08_B08,XDC,O,V,T1620,2024,2.67,D,S1,D,F,2,A,6,USD
OECD.SDD.NAD:DSD_NASU@DF_VALUATION(2.0),A,USA,P2,C30,CPA08_B08,XDC,O,V,T1620,2024,41.77,D,S1,D,F,2,A,6,USD
OECD.SDD.NAD:DSD_NASU@DF_VALUATION(2.0),A,USA,P2,C31_32,CPA08_B08,XDC,O,V,T1620,2024,15.46,D,S1,D,F,2,A,6,USD
OECD.SDD.NAD:DSD_NASU@DF_VALUATION(2.0),A,USA,P2,C31,CPA08_B08,XDC,O,V,T1620,2024,3.3,D,S1,D,F,2,A,6,USD
OECD.SDD.NAD:DSD_NASU@DF_VALUATION(2.0),A,USA,P2,C32,CPA08_B08,XDC,O,V,T1620,2024,12.16,D,S1,D,F,2,A,6,USD
OECD.SDD.NAD:DSD_NASU@DF_VALUATION(2.0),A,USA,P2,D,CPA08_B08,XDC,O,V,T1620,2024,225.5,D,S1,D,F,2,A,6,USD
OECD.SDD.NAD:DSD_NASU@DF_VALUATION(2.0),A,USA,P2,E,CPA08_B08,XDC,O,V,T1620,2024,77.41,D,S1,D,F,2,A,6,USD
OECD.SDD.NAD:DSD_NASU@DF_VALUATION(2.0),A,USA,P2,E36,CPA08_B08,XDC,O,V,T1620,2024,65.61,D,S1,D,F,2,A,6,USD
OECD.SDD.NAD:DSD_NASU@DF_VALUATION(2.0),A,USA,P2,E37T39,CPA08_B08,XDC,O,V,T1620,2024,11.81,D,S1,D,F,2,A,6,USD
OECD.SDD.NAD:DSD_NASU@DF_VALUATION(2.0),A,USA,P2,E37,CPA08_B08,XDC,O,V,T1620,2024,11.81,D,S1,D,F,2,A,6,USD
OECD.SDD.NAD:DSD_NASU@DF_VALUATION(2.0),A,USA,P2,C17,CPA08_C10,XDC,O,V,T1620,2024,86.4,D,S1,D,F,2,A,6,USD
OECD.SDD.NAD:DSD_NASU@DF_VALUATION(2.0),A,USA,P2,C18,CPA08_C10,XDC,O,V,T1620,2024,161.55,D,S1,D,F,2,A,6,USD
OECD.SDD.NAD:DSD_NASU@DF_VALUATION(2.0),A,USA,P2,C19,CPA08_C10,XDC,O,V,T1620,2024,59.92,D,S1,D,F,2,A,6,USD
OECD.SDD.NAD:DSD_NASU@DF_VALUATION(2.0),A,USA,P2,_T,CPA08_C10,XDC,O,V,T1620,2024,109170.93,D,S1,D,F,2,A,6,USD
OECD.SDD.NAD:DSD_NASU@DF_VALUATION(2.0),A,USA,P2,A,CPA08_C10,XDC,O,V,T1620,2024,17059.54,D,S1,D,F,2,A,6,USD
OECD.SDD.NAD:DSD_NASU@DF_VALUATION(2.0),A,USA,P2,A01,CPA08_C10,XDC,O,V,T1620,2024,17059.54,D,S1,D,F,2,A,6,USD
OECD.SDD.NAD:DSD_NASU@DF_VALUATION(2.0),A,USA,P2,C,CPA08_C10,XDC,O,V,T1620,2024,42202.46,D,S1,D,F,2,A,6,USD
OECD.SDD.NAD:DSD_NASU@DF_VALUATION(2.0),A,USA,P2,M71,CPA08_C10,XDC,O,V,T1620,2024,14.97,D,S1,D,F,2,A,6,USD
OECD.SDD.NAD:DSD_NASU@DF_VALUATION(2.0),A,USA,P2,M72,CPA08_C10,XDC,O,V,T1620,2024,496.41,D,S1,D,F,2,A,6,USD
OECD.SDD.NAD:DSD_NASU@DF_VALUATION(2.0),A,USA,P2,M74_75,CPA08_C10T12,XDC,O,V,T1620,2024,896.48,D,S1,D,F,2,A,6,USD
OECD.SDD.NAD:DSD_NASU@DF_VALUATION(2.0),A,USA,P2,M74,CPA08_C10T12,XDC,O,V,T1620,2024,0.03,D,S1,D,F,2,A,6,USD
OECD.SDD.NAD:DSD_NASU@DF_VALUATION(2.0),A,USA,P2,M75,CPA08_C10T12,XDC,O,V,T1620,2024,896.45,D,S1,D,F,2,A,6,USD
OECD.SDD.NAD:DSD_NASU@DF_VALUATION(2.0),A,USA,P2,N,CPA08_C10T12,XDC,O,V,T1620,2024,0.22,D,S1,D,F,2,A,6,USD
OECD.SDD.NAD:DSD_NASU@DF_VALUATION(2.0),A,USA,P2,N80T82,CPA08_C10T12,XDC,O,V,T1620,2024,0.22,D,S1,D,F,2,A,6,USD
OECD.SDD.NAD:DSD_NASU@DF_VALUATION(2.0),A,USA,P2,N82,CPA08_C10T12,XDC,O,V,T1620,2024,0.22,D,S1,D,F,2,A,6,USD
OECD.SDD.NAD:DSD_NASU@DF_VALUATION(2.0),A,USA,P2,O,CPA08_C10T12,XDC,O,V,T1620,2024,13864.73,D,S1,D,F,2,A,6,USD
OECD.SDD.NAD:DSD_NASU@DF_VALUATION(2.0),A,USA,P2,P,CPA08_C10T12,XDC,O,V,T1620,2024,9913.1,D,S1,D,F,2,A,6,USD
OECD.SDD.NAD:DSD_NASU@DF_VALUATION(2.0),A,USA,P2,Q,CPA08_C10T12,XDC,O,V,T1620,2024,4455.24,D,S1,D,F,2,A,6,USD
OECD.SDD.NAD:DSD_NASU@DF_VALUATION(2.0),A,USA,P2,Q86,CPA08_C10T12,XDC,O,V,T1620,2024,1070.24,D,S1,D,F,2,A,6,USD
OECD.SDD.NAD:DSD_NASU@DF_VALUATION(2.0),A,USA,P2,Q87_88,CPA08_C10T12,XDC,O,V,T1620,2024,3385,D,S1,D,F,2,A,6,USD
OECD.SDD.NAD:DSD_NASU@DF_VALUATION(2.0),A,USA,P2,Q87,CPA08_C10T12,XDC,O,V,T1620,2024,824.05,D,S1,D,F,2,A,6,USD
OECD.SDD.NAD:DSD_NASU@DF_VALUATION(2.0),A,USA,P2,Q88,CPA08_C10T12,XDC,O,V,T1620,2024,2560.95,D,S1,D,F,2,A,6,USD
OECD.SDD.NAD:DSD_NASU@DF_VALUATION(2.0),A,USA,P2,R,CPA08_C10T12,XDC,O,V,T1620,2024,2423.21,D,S1,D,F,2,A,6,USD
OECD.SDD.NAD:DSD_NASU@DF_VALUATION(2.0),A,USA,P2,R90T92,CPA08_C10T12,XDC,O,V,T1620,2024,248.25,D,S1,D,F,2,A,6,USD
OECD.SDD.NAD:DSD_NASU@DF_VALUATION(2.0),A,USA,P2,R90,CPA08_C10T12,XDC,O,V,T1620,2024,73.28,D,S1,D,F,2,A,6,USD
OECD.SDD.NAD:DSD_NASU@DF_VALUATION(2.0),A,USA,P2,R91,CPA08_C10T12,XDC,O,V,T1620,2024,37.34,D,S1,D,F,2,A,6,USD
OECD.SDD.NAD:DSD_NASU@DF_VALUATION(2.0),A,USA,P2,R92,CPA08_C10T12,XDC,O,V,T1620,2024,137.64,D,S1,D,F,2,A,6,USD
OECD.SDD.NAD:DSD_NASU@DF_VALUATION(2.0),A,USA,P2,R93,CPA08_C10T12,XDC,O,V,T1620,2024,2174.96,D,S1,D,F,2,A,6,USD
OECD.SDD.NAD:DSD_NASU@DF_VALUATION(2.0),A,USA,P2,S,CPA08_C10T12,XDC,O,V,T1620,2024,346.04,D,S1,D,F,2,A,6,USD
OECD.SDD.NAD:DSD_NASU@DF_VALUATION(2.0),A,USA,P2,S94,CPA08_C10T12,XDC,O,V,T1620,2024,344.43,D,S1,D,F,2,A,6,USD
OECD.SDD.NAD:DSD_NASU@DF_VALUATION(2.0),A,USA,P2,S96,CPA08_C10T12,XDC,O,V,T1620,2024,1.61,D,S1,D,F,2,A,6,USD
OECD.SDD.NAD:DSD_NASU@DF_VALUATION(2.0),A,USA,TU,_Z,CPA08_C10T12,XDC,O,V,T1620,2024,791751.96,D,S1,D,F,2,A,6,USD
OECD.SDD.NAD:DSD_NASU@DF_VALUATION(2.0),A,USA,P52,_Z,CPA08_C10T12,XDC,O,V,T1620,2024,426.86,D,S1,D,F,2,A,6,USD
OECD.SDD.NAD:DSD_NASU@DF_VALUATION(2.0),A,USA,P5,_Z,CPA08_C10T12,XDC,O,V,T1620,2024,426.86,D,S1,D,F,2,A,6,USD
OECD.SDD.NAD:DSD_NASU@DF_VALUATION(2.0),A,USA,P3,_Z,CPA08_C10T12,XDC,O,V,T1620,2024,642130.68,D,S1,D,F,2,A,6,USD
OECD.SDD.NAD:DSD_NASU@DF_VALUATION(2.0),A,USA,P2,C20,CPA08_C10T12,XDC,O,V,T1620,2024,1672.61,D,S1,D,F,2,A,6,USD
OECD.SDD.NAD:DSD_NASU@DF_VALUATION(2.0),A,USA,P2,C21,CPA08_C10T12,XDC,O,V,T1620,2024,90.31,D,S1,D,F,2,A,6,USD
OECD.SDD.NAD:DSD_NASU@DF_VALUATION(2.0),A,USA,P2,C22,CPA08_C10T12,XDC,O,V,T1620,2024,56.54,D,S1,D,F,2,A,6,USD
OECD.SDD.NAD:DSD_NASU@DF_VALUATION(2.0),A,USA,P2,C23,CPA08_C10T12,XDC,O,V,T1620,2024,257.39,D,S1,D,F,2,A,6,USD
OECD.SDD.NAD:DSD_NASU@DF_VALUATION(2.0),A,USA,P2,C24,CPA08_C10T12,XDC,O,V,T1620,2024,0.69,D,S1,D,F,2,A,6,USD
OECD.SDD.NAD:DSD_NASU@DF_VALUATION(2.0),A,USA,P2,C31_32,CPA08_C10T12,XDC,O,V,T1620,2024,2.78,D,S1,D,F,2,A,6,USD
OECD.SDD.NAD:DSD_NASU@DF_VALUATION(2.0),A,USA,P2,C32,CPA08_C10T12,XDC,O,V,T1620,2024,2.78,D,S1,D,F,2,A,6,USD
OECD.SDD.NAD:DSD_NASU@DF_VALUATION(2.0),A,USA,P2,G,CPA08_C10T12,XDC,O,V,T1620,2024,2539.85,D,S1,D,F,2,A,6,USD
OECD.SDD.NAD:DSD_NASU@DF_VALUATION(2.0),A,USA,P2,G45,CPA08_C10T12,XDC,O,V,T1620,2024,0.14,D,S1,D,F,2,A,6,USD
OECD.SDD.NAD:DSD_NASU@DF_VALUATION(2.0),A,USA,P2,G46,CPA08_C10T12,XDC,O,V,T1620,2024,946.15,D,S1,D,F,2,A,6,USD
OECD.SDD.NAD:DSD_NASU@DF_VALUATION(2.0),A,USA,P2,G47,CPA08_C10T12,XDC,O,V,T1620,2024,1593.56,D,S1,D,F,2,A,6,USD
OECD.SDD.NAD:DSD_NASU@DF_VALUATION(2.0),A,USA,P2,H,CPA08_C10T12,XDC,O,V,T1620,2024,236.99,D,S1,D,F,2,A,6,USD
OECD.SDD.NAD:DSD_NASU@DF_VALUATION(2.0),A,USA,P2,H49,CPA08_C10T12,XDC,O,V,T1620,2024,6.21,D,S1,D,F,2,A,6,USD
OECD.SDD.NAD:DSD_NASU@DF_VALUATION(2.0),A,USA,P2,H50,CPA08_C10T12,XDC,O,V,T1620,2024,68.86,D,S1,D,F,2,A,6,USD
OECD.SDD.NAD:DSD_NASU@DF_VALUATION(2.0),A,USA,P2,H51,CPA08_C10T12,XDC,O,V,T1620,2024,161.92,D,S1,D,F,2,A,6,USD
OECD.SDD.NAD:DSD_NASU@DF_VALUATION(2.0),A,USA,P2,I,CPA08_C10T12,XDC,O,V,T1620,2024,31186.85,D,S1,D,F,2,A,6,USD
OECD.SDD.NAD:DSD_NASU@DF_VALUATION(2.0),A,USA,P2,I55,CPA08_C10T12,XDC,O,V,T1620,2024,1698.78,D,S1,D,F,2,A,6,USD
OECD.SDD.NAD:DSD_NASU@DF_VALUATION(2.0),A,USA,P2,I56,CPA08_C10T12,XDC,O,V,T1620,2024,29488.07,D,S1,D,F,2,A,6,USD
OECD.SDD.NAD:DSD_NASU@DF_VALUATION(2.0),A,USA,P2,J,CPA08_C10T12,XDC,O,V,T1620,2024,120.55,D,S1,D,F,2,A,6,USD
OECD.SDD.NAD:DSD_NASU@DF_VALUATION(2.0),A,USA,P2,J58,CPA08_C10T12,XDC,O,V,T1620,2024,10.2,D,S1,D,F,2,A,6,USD
OECD.SDD.NAD:DSD_NASU@DF_VALUATION(2.0),A,USA,P2,J59_60,CPA08_C10T12,XDC,O,V,T1620,2024,0.59,D,S1,D,F,2,A,6,USD
OECD.SDD.NAD:DSD_NASU@DF_VALUATION(2.0),A,USA,P2,J59,CPA08_C10T12,XDC,O,V,T1620,2024,0.59,D,S1,D,F,2,A,6,USD
OECD.SDD.NAD:DSD_NASU@DF_VALUATION(2.0),A,USA,P2,J62_63,CPA08_C10T12,XDC,O,V,T1620,2024,109.76,D,S1,D,F,2,A,6,USD
OECD.SDD.NAD:DSD_NASU@DF_VALUATION(2.0),A,USA,P2,J63,CPA08_C10T12,XDC,O,V,T1620,2024,109.76,D,S1,D,F,2,A,6,USD
OECD.SDD.NAD:DSD_NASU@DF_VALUATION(2.0),A,USA,P2,M,CPA08_C10T12,XDC,O,V,T1620,2024,1512.84,D,S1,D,F,2,A,6,USD
OECD.SDD.NAD:DSD_NASU@DF_VALUATION(2.0),A,USA,P2,M69_70,CPA08_C10T12,XDC,O,V,T1620,2024,56.94,D,S1,D,F,2,A,6,USD
OECD.SDD.NAD:DSD_NASU@DF_VALUATION(2.0),A,USA,P2,C10T12,CPA08_C10T12,XDC,O,V,T1620,2024,45648.77,D,S1,D,F,2,A,6,USD
OECD.SDD.NAD:DSD_NASU@DF_VALUATION(2.0),A,USA,P2,C10,CPA08_C10T12,XDC,O,V,T1620,2024,40033.2,D,S1,D,F,2,A,6,USD
OECD.SDD.NAD:DSD_NASU@DF_VALUATION(2.0),A,USA,P2,C11,CPA08_C10T12,XDC,O,V,T1620,2024,2691.99,D,S1,D,F,2,A,6,USD
OECD.SDD.NAD:DSD_NASU@DF_VALUATION(2.0),A,USA,P2,C12,CPA08_C10T12,XDC,O,V,T1620,2024,2923.58,D,S1,D,F,2,A,6,USD
OECD.SDD.NAD:DSD_NASU@DF_VALUATION(2.0),A,USA,P2,C13T15,CPA08_C10T12,XDC,O,V,T1620,2024,197.63,D,S1,D,F,2,A,6,USD
OECD.SDD.NAD:DSD_NASU@DF_VALUATION(2.0),A,USA,P2,C13,CPA08_C10T12,XDC,O,V,T1620,2024,2.98,D,S1,D,F,2,A,6,USD
OECD.SDD.NAD:DSD_NASU@DF_VALUATION(2.0),A,USA,P2,C14,CPA08_C10T12,XDC,O,V,T1620,2024,27.78,D,S1,D,F,2,A,6,USD
OECD.SDD.NAD:DSD_NASU@DF_VALUATION(2.0),A,USA,P2,C15,CPA08_C10T12,XDC,O,V,T1620,2024,166.86,D,S1,D,F,2,A,6,USD
OECD.SDD.NAD:DSD_NASU@DF_VALUATION(2.0),A,USA,P2,C16,CPA08_C10T12,XDC,O,V,T1620,2024,6.52,D,S1,D,F,2,A,6,USD
OECD.SDD.NAD:DSD_NASU@DF_VALUATION(2.0),A,USA,P2,C17,CPA08_C10T12,XDC,O,V,T1620,2024,86.4,D,S1,D,F,2,A,6,USD
OECD.SDD.NAD:DSD_NASU@DF_VALUATION(2.0),A,USA,P2,C18,CPA08_C10T12,XDC,O,V,T1620,2024,161.55,D,S1,D,F,2,A,6,USD
OECD.SDD.NAD:DSD_NASU@DF_VALUATION(2.0),A,USA,P2,C19,CPA08_C10T12,XDC,O,V,T1620,2024,59.92,D,S1,D,F,2,A,6,USD
OECD.SDD.NAD:DSD_NASU@DF_VALUATION(2.0),A,USA,P2,C,CPA08_C12,XDC,O,V,T1620,2024,363.58,D,S1,D,F,2,A,6,USD
OECD.SDD.NAD:DSD_NASU@DF_VALUATION(2.0),A,USA,P2,C10T12,CPA08_C12,XDC,O,V,T1620,2024,363.58,D,S1,D,F,2,A,6,USD
OECD.SDD.NAD:DSD_NASU@DF_VALUATION(2.0),A,USA,P2,C12,CPA08_C12,XDC,O,V,T1620,2024,363.58,D,S1,D,F,2,A,6,USD
OECD.SDD.NAD:DSD_NASU@DF_VALUATION(2.0),A,USA,P2,M,CPA08_C12,XDC,O,V,T1620,2024,0.18,D,S1,D,F,2,A,6,USD
OECD.SDD.NAD:DSD_NASU@DF_VALUATION(2.0),A,USA,P2,M69_70,CPA08_C12,XDC,O,V,T1620,2024,0.18,D,S1,D,F,2,A,6,USD
OECD.SDD.NAD:DSD_NASU@DF_VALUATION(2.0),A,USA,P2,I55,CPA08_C11,XDC,O,V,T1620,2024,527.56,D,S1,D,F,2,A,6,USD
OECD.SDD.NAD:DSD_NASU@DF_VALUATION(2.0),A,USA,P2,I56,CPA08_C11,XDC,O,V,T1620,2024,7846.01,D,S1,D,F,2,A,6,USD
OECD.SDD.NAD:DSD_NASU@DF_VALUATION(2.0),A,USA,P2,M,CPA08_C11,XDC,O,V,T1620,2024,53.74,D,S1,D,F,2,A,6,USD
OECD.SDD.NAD:DSD_NASU@DF_VALUATION(2.0),A,USA,P2,M69_70,CPA08_C11,XDC,O,V,T1620,2024,5.7,D,S1,D,F,2,A,6,USD
OECD.SDD.NAD:DSD_NASU@DF_VALUATION(2.0),A,USA,P2,M70,CPA08_C11,XDC,O,V,T1620,2024,5.7,D,S1,D,F,2,A,6,USD
OECD.SDD.NAD:DSD_NASU@DF_VALUATION(2.0),A,USA,P2,M72,CPA08_C11,XDC,O,V,T1620,2024,48.04,D,S1,D,F,2,A,6,USD
OECD.SDD.NAD:DSD_NASU@DF_VALUATION(2.0),A,USA,P2,O,CPA08_C11,XDC,O,V,T1620,2024,89.45,D,S1,D,F,2,A,6,USD
OECD.SDD.NAD:DSD_NASU@DF_VALUATION(2.0),A,USA,P2,P,CPA08_C11,XDC,O,V,T1620,2024,417.62,D,S1,D,F,2,A,6,USD
OECD.SDD.NAD:DSD_NASU@DF_VALUATION(2.0),A,USA,P2,Q,CPA08_C11,XDC,O,V,T1620,2024,22.26,D,S1,D,F,2,A,6,USD
OECD.SDD.NAD:DSD_NASU@DF_VALUATION(2.0),A,USA,P2,Q86,CPA08_C11,XDC,O,V,T1620,2024,15.5,D,S1,D,F,2,A,6,USD
OECD.SDD.NAD:DSD_NASU@DF_VALUATION(2.0),A,USA,P2,Q87_88,CPA08_C11,XDC,O,V,T1620,2024,6.76,D,S1,D,F,2,A,6,USD
OECD.SDD.NAD:DSD_NASU@DF_VALUATION(2.0),A,USA,P2,Q87,CPA08_C11,XDC,O,V,T1620,2024,4.99,D,S1,D,F,2,A,6,USD
OECD.SDD.NAD:DSD_NASU@DF_VALUATION(2.0),A,USA,P2,Q88,CPA08_C11,XDC,O,V,T1620,2024,1.77,D,S1,D,F,2,A,6,USD
OECD.SDD.NAD:DSD_NASU@DF_VALUATION(2.0),A,USA,P2,R,CPA08_C11,XDC,O,V,T1620,2024,964.22,D,S1,D,F,2,A,6,USD
OECD.SDD.NAD:DSD_NASU@DF_VALUATION(2.0),A,USA,P2,R90T92,CPA08_C11,XDC,O,V,T1620,2024,95.46,D,S1,D,F,2,A,6,USD
OECD.SDD.NAD:DSD_NASU@DF_VALUATION(2.0),A,USA,P2,R90,CPA08_C11,XDC,O,V,T1620,2024,3.47,D,S1,D,F,2,A,6,USD
OECD.SDD.NAD:DSD_NASU@DF_VALUATION(2.0),A,USA,P2,R91,CPA08_C11,XDC,O,V,T1620,2024,23.86,D,S1,D,F,2,A,6,USD
OECD.SDD.NAD:DSD_NASU@DF_VALUATION(2.0),A,USA,P2,R92,CPA08_C11,XDC,O,V,T1620,2024,68.13,D,S1,D,F,2,A,6,USD
OECD.SDD.NAD:DSD_NASU@DF_VALUATION(2.0),A,USA,P2,R93,CPA08_C11,XDC,O,V,T1620,2024,868.76,D,S1,D,F,2,A,6,USD
OECD.SDD.NAD:DSD_NASU@DF_VALUATION(2.0),A,USA,P2,S,CPA08_C11,XDC,O,V,T1620,2024,71.38,D,S1,D,F,2,A,6,USD
OECD.SDD.NAD:DSD_NASU@DF_VALUATION(2.0),A,USA,P2,S94,CPA08_C11,XDC,O,V,T1620,2024,71.38,D,S1,D,F,2,A,6,USD
OECD.SDD.NAD:DSD_NASU@DF_VALUATION(2.0),A,USA,P52,_Z,CPA08_C11,XDC,O,V,T1620,2024,114.66,D,S1,D,F,2,A,6,USD
OECD.SDD.NAD:DSD_NASU@DF_VALUATION(2.0),A,USA,TU,_Z,CPA08_C11,XDC,O,V,T1620,2024,177221.68,D,S1,D,F,2,A,6,USD
OECD.SDD.NAD:DSD_NASU@DF_VALUATION(2.0),A,USA,P2,C10T12,CPA08_C11,XDC,O,V,T1620,2024,5675.08,D,S1,D,F,2,A,6,USD
OECD.SDD.NAD:DSD_NASU@DF_VALUATION(2.0),A,USA,P2,C10,CPA08_C11,XDC,O,V,T1620,2024,2659.32,D,S1,D,F,2,A,6,USD
OECD.SDD.NAD:DSD_NASU@DF_VALUATION(2.0),A,USA,P2,C11,CPA08_C11,XDC,O,V,T1620,2024,516.95,D,S1,D,F,2,A,6,USD
OECD.SDD.NAD:DSD_NASU@DF_VALUATION(2.0),A,USA,P2,C12,CPA08_C11,XDC,O,V,T1620,2024,2498.81,D,S1,D,F,2,A,6,USD
OECD.SDD.NAD:DSD_NASU@DF_VALUATION(2.0),A,USA,P2,G,CPA08_C11,XDC,O,V,T1620,2024,42.2,D,S1,D,F,2,A,6,USD
OECD.SDD.NAD:DSD_NASU@DF_VALUATION(2.0),A,USA,P2,G45,CPA08_C11,XDC,O,V,T1620,2024,0.14,D,S1,D,F,2,A,6,USD
OECD.SDD.NAD:DSD_NASU@DF_VALUATION(2.0),A,USA,P2,G46,CPA08_C11,XDC,O,V,T1620,2024,15.7,D,S1,D,F,2,A,6,USD
OECD.SDD.NAD:DSD_NASU@DF_VALUATION(2.0),A,USA,P2,G47,CPA08_C11,XDC,O,V,T1620,2024,26.37,D,S1,D,F,2,A,6,USD
OECD.SDD.NAD:DSD_NASU@DF_VALUATION(2.0),A,USA,P2,H,CPA08_C11,XDC,O,V,T1620,2024,132.61,D,S1,D,F,2,A,6,USD
OECD.SDD.NAD:DSD_NASU@DF_VALUATION(2.0),A,USA,P2,H49,CPA08_C11,XDC,O,V,T1620,2024,3.32,D,S1,D,F,2,A,6,USD
OECD.SDD.NAD:DSD_NASU@DF_VALUATION(2.0),A,USA,P2,H50,CPA08_C11,XDC,O,V,T1620,2024,12.45,D,S1,D,F,2,A,6,USD
OECD.SDD.NAD:DSD_NASU@DF_VALUATION(2.0),A,USA,P2,H51,CPA08_C11,XDC,O,V,T1620,2024,116.84,D,S1,D,F,2,A,6,USD
OECD.SDD.NAD:DSD_NASU@DF_VALUATION(2.0),A,USA,P2,_T,CPA08_C11,XDC,O,V,T1620,2024,16348.52,D,S1,D,F,2,A,6,USD
OECD.SDD.NAD:DSD_NASU@DF_VALUATION(2.0),A,USA,P2,A,CPA08_C11,XDC,O,V,T1620,2024,506.39,D,S1,D,F,2,A,6,USD
OECD.SDD.NAD:DSD_NASU@DF_VALUATION(2.0),A,USA,P2,A01,CPA08_C11,XDC,O,V,T1620,2024,506.39,D,S1,D,F,2,A,6,USD
OECD.SDD.NAD:DSD_NASU@DF_VALUATION(2.0),A,USA,P2,C,CPA08_C11,XDC,O,V,T1620,2024,5675.08,D,S1,D,F,2,A,6,USD
OECD.SDD.NAD:DSD_NASU@DF_VALUATION(2.0),A,USA,P5,_Z,CPA08_C11,XDC,O,V,T1620,2024,114.66,D,S1,D,F,2,A,6,USD
OECD.SDD.NAD:DSD_NASU@DF_VALUATION(2.0),A,USA,P3,_Z,CPA08_C11,XDC,O,V,T1620,2024,158888.51,D,S1,D,F,2,A,6,USD
OECD.SDD.NAD:DSD_NASU@DF_VALUATION(2.0),A,USA,P2,M74,CPA08_C10,XDC,O,V,T1620,2024,0.03,D,S1,D,F,2,A,6,USD
OECD.SDD.NAD:DSD_NASU@DF_VALUATION(2.0),A,USA,P2,M75,CPA08_C10,XDC,O,V,T1620,2024,896.45,D,S1,D,F,2,A,6,USD
OECD.SDD.NAD:DSD_NASU@DF_VALUATION(2.0),A,USA,P2,N,CPA08_C10,XDC,O,V,T1620,2024,0.22,D,S1,D,F,2,A,6,USD
OECD.SDD.NAD:DSD_NASU@DF_VALUATION(2.0),A,USA,P2,N80T82,CPA08_C10,XDC,O,V,T1620,2024,0.22,D,S1,D,F,2,A,6,USD
OECD.SDD.NAD:DSD_NASU@DF_VALUATION(2.0),A,USA,P2,N82,CPA08_C10,XDC,O,V,T1620,2024,0.22,D,S1,D,F,2,A,6,USD
OECD.SDD.NAD:DSD_NASU@DF_VALUATION(2.0),A,USA,P2,O,CPA08_C10,XDC,O,V,T1620,2024,8891.24,D,S1,D,F,2,A,6,USD
OECD.SDD.NAD:DSD_NASU@DF_VALUATION(2.0),A,USA,P2,P,CPA08_C10,XDC,O,V,T1620,2024,7856.05,D,S1,D,F,2,A,6,USD
OECD.SDD.NAD:DSD_NASU@DF_VALUATION(2.0),A,USA,P2,Q,CPA08_C10,XDC,O,V,T1620,2024,4432.98,D,S1,D,F,2,A,6,USD
OECD.SDD.NAD:DSD_NASU@DF_VALUATION(2.0),A,USA,P2,Q86,CPA08_C10,XDC,O,V,T1620,2024,1054.74,D,S1,D,F,2,A,6,USD
OECD.SDD.NAD:DSD_NASU@DF_VALUATION(2.0),A,USA,P2,Q87_88,CPA08_C10,XDC,O,V,T1620,2024,3378.24,D,S1,D,F,2,A,6,USD
OECD.SDD.NAD:DSD_NASU@DF_VALUATION(2.0),A,USA,P2,Q87,CPA08_C10,XDC,O,V,T1620,2024,819.06,D,S1,D,F,2,A,6,USD
OECD.SDD.NAD:DSD_NASU@DF_VALUATION(2.0),A,USA,P2,Q88,CPA08_C10,XDC,O,V,T1620,2024,2559.18,D,S1,D,F,2,A,6,USD
OECD.SDD.NAD:DSD_NASU@DF_VALUATION(2.0),A,USA,P2,R,CPA08_C10,XDC,O,V,T1620,2024,1458.99,D,S1,D,F,2,A,6,USD
OECD.SDD.NAD:DSD_NASU@DF_VALUATION(2.0),A,USA,P2,R90T92,CPA08_C10,XDC,O,V,T1620,2024,152.79,D,S1,D,F,2,A,6,USD
OECD.SDD.NAD:DSD_NASU@DF_VALUATION(2.0),A,USA,P2,R90,CPA08_C10,XDC,O,V,T1620,2024,69.81,D,S1,D,F,2,A,6,USD
OECD.SDD.NAD:DSD_NASU@DF_VALUATION(2.0),A,USA,P2,R91,CPA08_C10,XDC,O,V,T1620,2024,13.47,D,S1,D,F,2,A,6,USD
OECD.SDD.NAD:DSD_NASU@DF_VALUATION(2.0),A,USA,P2,R92,CPA08_C10,XDC,O,V,T1620,2024,69.51,D,S1,D,F,2,A,6,USD
OECD.SDD.NAD:DSD_NASU@DF_VALUATION(2.0),A,USA,P2,R93,CPA08_C10,XDC,O,V,T1620,2024,1306.2,D,S1,D,F,2,A,6,USD
OECD.SDD.NAD:DSD_NASU@DF_VALUATION(2.0),A,USA,P2,S,CPA08_C10,XDC,O,V,T1620,2024,274.66,D,S1,D,F,2,A,6,USD
OECD.SDD.NAD:DSD_NASU@DF_VALUATION(2.0),A,USA,P2,S94,CPA08_C10,XDC,O,V,T1620,2024,273.05,D,S1,D,F,2,A,6,USD
OECD.SDD.NAD:DSD_NASU@DF_VALUATION(2.0),A,USA,P2,S96,CPA08_C10,XDC,O,V,T1620,2024,1.61,D,S1,D,F,2,A,6,USD
OECD.SDD.NAD:DSD_NASU@DF_VALUATION(2.0),A,USA,P52,_Z,CPA08_C10,XDC,O,V,T1620,2024,300.18,D,S1,D,F,2,A,6,USD
OECD.SDD.NAD:DSD_NASU@DF_VALUATION(2.0),A,USA,TU,_Z,CPA08_C10,XDC,O,V,T1620,2024,557402.42,D,S1,D,F,2,A,6,USD
OECD.SDD.NAD:DSD_NASU@DF_VALUATION(2.0),A,USA,P5,_Z,CPA08_C10,XDC,O,V,T1620,2024,300.18,D,S1,D,F,2,A,6,USD
OECD.SDD.NAD:DSD_NASU@DF_VALUATION(2.0),A,USA,P3,_Z,CPA08_C10,XDC,O,V,T1620,2024,433319.07,D,S1,D,F,2,A,6,USD
OECD.SDD.NAD:DSD_NASU@DF_VALUATION(2.0),A,USA,P2,C20,CPA08_C10,XDC,O,V,T1620,2024,1672.61,D,S1,D,F,2,A,6,USD
OECD.SDD.NAD:DSD_NASU@DF_VALUATION(2.0),A,USA,P2,C21,CPA08_C10,XDC,O,V,T1620,2024,90.31,D,S1,D,F,2,A,6,USD
OECD.SDD.NAD:DSD_NASU@DF_VALUATION(2.0),A,USA,P2,C22,CPA08_C10,XDC,O,V,T1620,2024,56.54,D,S1,D,F,2,A,6,USD
OECD.SDD.NAD:DSD_NASU@DF_VALUATION(2.0),A,USA,P2,C23,CPA08_C10,XDC,O,V,T1620,2024,257.39,D,S1,D,F,2,A,6,USD
OECD.SDD.NAD:DSD_NASU@DF_VALUATION(2.0),A,USA,P2,C24,CPA08_C10,XDC,O,V,T1620,2024,0.69,D,S1,D,F,2,A,6,USD
OECD.SDD.NAD:DSD_NASU@DF_VALUATION(2.0),A,USA,P2,C31_32,CPA08_C10,XDC,O,V,T1620,2024,2.78,D,S1,D,F,2,A,6,USD
OECD.SDD.NAD:DSD_NASU@DF_VALUATION(2.0),A,USA,P2,C32,CPA08_C10,XDC,O,V,T1620,2024,2.78,D,S1,D,F,2,A,6,USD
OECD.SDD.NAD:DSD_NASU@DF_VALUATION(2.0),A,USA,P2,G,CPA08_C10,XDC,O,V,T1620,2024,2497.65,D,S1,D,F,2,A,6,USD
OECD.SDD.NAD:DSD_NASU@DF_VALUATION(2.0),A,USA,P2,G46,CPA08_C10,XDC,O,V,T1620,2024,930.45,D,S1,D,F,2,A,6,USD
OECD.SDD.NAD:DSD_NASU@DF_VALUATION(2.0),A,USA,P2,G47,CPA08_C10,XDC,O,V,T1620,2024,1567.2,D,S1,D,F,2,A,6,USD
OECD.SDD.NAD:DSD_NASU@DF_VALUATION(2.0),A,USA,P2,H,CPA08_C10,XDC,O,V,T1620,2024,104.39,D,S1,D,F,2,A,6,USD
OECD.SDD.NAD:DSD_NASU@DF_VALUATION(2.0),A,USA,P2,H49,CPA08_C10,XDC,O,V,T1620,2024,2.89,D,S1,D,F,2,A,6,USD
OECD.SDD.NAD:DSD_NASU@DF_VALUATION(2.0),A,USA,P2,H50,CPA08_C10,XDC,O,V,T1620,2024,56.41,D,S1,D,F,2,A,6,USD
OECD.SDD.NAD:DSD_NASU@DF_VALUATION(2.0),A,USA,P2,H51,CPA08_C10,XDC,O,V,T1620,2024,45.08,D,S1,D,F,2,A,6,USD
OECD.SDD.NAD:DSD_NASU@DF_VALUATION(2.0),A,USA,P2,I,CPA08_C10,XDC,O,V,T1620,2024,22813.28,D,S1,D,F,2,A,6,USD
OECD.SDD.NAD:DSD_NASU@DF_VALUATION(2.0),A,USA,P2,I55,CPA08_C10,XDC,O,V,T1620,2024,1171.22,D,S1,D,F,2,A,6,USD
OECD.SDD.NAD:DSD_NASU@DF_VALUATION(2.0),A,USA,P2,I56,CPA08_C10,XDC,O,V,T1620,2024,21642.06,D,S1,D,F,2,A,6,USD
OECD.SDD.NAD:DSD_NASU@DF_VALUATION(2.0),A,USA,P5,_Z,CPA08_B08,XDC,O,V,T1620,2024,66.93,D,S1,D,F,2,A,6,USD
OECD.SDD.NAD:DSD_NASU@DF_VALUATION(2.0),A,USA,P2,J61,CPA08_C13T15,XDC,O,V,T1620,2024,4.04,D,S1,D,F,2,A,6,USD
OECD.SDD.NAD:DSD_NASU@DF_VALUATION(2.0),A,USA,P2,J62_63,CPA08_C13T15,XDC,O,V,T1620,2024,2.31,D,S1,D,F,2,A,6,USD
OECD.SDD.NAD:DSD_NASU@DF_VALUATION(2.0),A,USA,P2,J63,CPA08_C13T15,XDC,O,V,T1620,2024,2.31,D,S1,D,F,2,A,6,USD
OECD.SDD.NAD:DSD_NASU@DF_VALUATION(2.0),A,USA,P2,L,CPA08_C13T15,XDC,O,V,T1620,2024,33.76,D,S1,D,F,2,A,6,USD
OECD.SDD.NAD:DSD_NASU@DF_VALUATION(2.0),A,USA,P2,L68A,CPA08_C13T15,XDC,O,V,T1620,2024,0.22,D,S1,D,F,2,A,6,USD
OECD.SDD.NAD:DSD_NASU@DF_VALUATION(2.0),A,USA,P2,L68B,CPA08_C13T15,XDC,O,V,T1620,2024,33.54,D,S1,D,F,2,A,6,USD
OECD.SDD.NAD:DSD_NASU@DF_VALUATION(2.0),A,USA,P2,M,CPA08_C13T15,XDC,O,V,T1620,2024,135.87,D,S1,D,F,2,A,6,USD
OECD.SDD.NAD:DSD_NASU@DF_VALUATION(2.0),A,USA,P2,M69_70,CPA08_C13T15,XDC,O,V,T1620,2024,11.38,D,S1,D,F,2,A,6,USD
OECD.SDD.NAD:DSD_NASU@DF_VALUATION(2.0),A,USA,P2,M70,CPA08_C13T15,XDC,O,V,T1620,2024,11.38,D,S1,D,F,2,A,6,USD
OECD.SDD.NAD:DSD_NASU@DF_VALUATION(2.0),A,USA,P2,M71,CPA08_C13T15,XDC,O,V,T1620,2024,15.98,D,S1,D,F,2,A,6,USD
OECD.SDD.NAD:DSD_NASU@DF_VALUATION(2.0),A,USA,P2,M72,CPA08_C13T15,XDC,O,V,T1620,2024,91.29,D,S1,D,F,2,A,6,USD
OECD.SDD.NAD:DSD_NASU@DF_VALUATION(2.0),A,USA,P2,M73,CPA08_C13T15,XDC,O,V,T1620,2024,0.06,D,S1,D,F,2,A,6,USD
OECD.SDD.NAD:DSD_NASU@DF_VALUATION(2.0),A,USA,P2,M74_75,CPA08_C13T15,XDC,O,V,T1620,2024,17.14,D,S1,D,F,2,A,6,USD
OECD.SDD.NAD:DSD_NASU@DF_VALUATION(2.0),A,USA,P2,M74,CPA08_C13T15,XDC,O,V,T1620,2024,0.27,D,S1,D,F,2,A,6,USD
OECD.SDD.NAD:DSD_NASU@DF_VALUATION(2.0),A,USA,P2,M75,CPA08_C13T15,XDC,O,V,T1620,2024,16.88,D,S1,D,F,2,A,6,USD
OECD.SDD.NAD:DSD_NASU@DF_VALUATION(2.0),A,USA,P2,N,CPA08_C13T15,XDC,O,V,T1620,2024,301.55,D,S1,D,F,2,A,6,USD
OECD.SDD.NAD:DSD_NASU@DF_VALUATION(2.0),A,USA,P2,N77,CPA08_C13T15,XDC,O,V,T1620,2024,146.43,D,S1,D,F,2,A,6,USD
OECD.SDD.NAD:DSD_NASU@DF_VALUATION(2.0),A,USA,P2,N80T82,CPA08_C13T15,XDC,O,V,T1620,2024,155.12,D,S1,D,F,2,A,6,USD
OECD.SDD.NAD:DSD_NASU@DF_VALUATION(2.0),A,USA,P2,N80,CPA08_C13T15,XDC,O,V,T1620,2024,0.08,D,S1,D,F,2,A,6,USD
OECD.SDD.NAD:DSD_NASU@DF_VALUATION(2.0),A,USA,P2,N81,CPA08_C13T15,XDC,O,V,T1620,2024,149.53,D,S1,D,F,2,A,6,USD
OECD.SDD.NAD:DSD_NASU@DF_VALUATION(2.0),A,USA,P2,N82,CPA08_C13T15,XDC,O,V,T1620,2024,5.51,D,S1,D,F,2,A,6,USD
OECD.SDD.NAD:DSD_NASU@DF_VALUATION(2.0),A,USA,P2,O,CPA08_C13T15,XDC,O,V,T1620,2024,1392.18,D,S1,D,F,2,A,6,USD
OECD.SDD.NAD:DSD_NASU@DF_VALUATION(2.0),A,USA,P2,P,CPA08_C13T15,XDC,O,V,T1620,2024,241.17,D,S1,D,F,2,A,6,USD
OECD.SDD.NAD:DSD_NASU@DF_VALUATION(2.0),A,USA,P2,Q,CPA08_C13T15,XDC,O,V,T1620,2024,693.14,D,S1,D,F,2,A,6,USD
OECD.SDD.NAD:DSD_NASU@DF_VALUATION(2.0),A,USA,P2,Q86,CPA08_C13T15,XDC,O,V,T1620,2024,105.9,D,S1,D,F,2,A,6,USD
OECD.SDD.NAD:DSD_NASU@DF_VALUATION(2.0),A,USA,P2,Q87_88,CPA08_C13T15,XDC,O,V,T1620,2024,587.23,D,S1,D,F,2,A,6,USD
OECD.SDD.NAD:DSD_NASU@DF_VALUATION(2.0),A,USA,P2,Q87,CPA08_C13T15,XDC,O,V,T1620,2024,435.62,D,S1,D,F,2,A,6,USD
OECD.SDD.NAD:DSD_NASU@DF_VALUATION(2.0),A,USA,P2,Q88,CPA08_C13T15,XDC,O,V,T1620,2024,151.61,D,S1,D,F,2,A,6,USD
OECD.SDD.NAD:DSD_NASU@DF_VALUATION(2.0),A,USA,P2,R,CPA08_C13T15,XDC,O,V,T1620,2024,73.81,D,S1,D,F,2,A,6,USD
OECD.SDD.NAD:DSD_NASU@DF_VALUATION(2.0),A,USA,P2,R90T92,CPA08_C13T15,XDC,O,V,T1620,2024,8.09,D,S1,D,F,2,A,6,USD
OECD.SDD.NAD:DSD_NASU@DF_VALUATION(2.0),A,USA,P2,R90,CPA08_C13T15,XDC,O,V,T1620,2024,2.29,D,S1,D,F,2,A,6,USD
OECD.SDD.NAD:DSD_NASU@DF_VALUATION(2.0),A,USA,P2,R92,CPA08_C13T15,XDC,O,V,T1620,2024,5.8,D,S1,D,F,2,A,6,USD
OECD.SDD.NAD:DSD_NASU@DF_VALUATION(2.0),A,USA,P2,R93,CPA08_C13T15,XDC,O,V,T1620,2024,65.72,D,S1,D,F,2,A,6,USD
OECD.SDD.NAD:DSD_NASU@DF_VALUATION(2.0),A,USA,P2,S,CPA08_C13T15,XDC,O,V,T1620,2024,531.73,D,S1,D,F,2,A,6,USD
OECD.SDD.NAD:DSD_NASU@DF_VALUATION(2.0),A,USA,P2,S94,CPA08_C13T15,XDC,O,V,T1620,2024,358.57,D,S1,D,F,2,A,6,USD
OECD.SDD.NAD:DSD_NASU@DF_VALUATION(2.0),A,USA,P2,S95,CPA08_C13T15,XDC,O,V,T1620,2024,66.11,D,S1,D,F,2,A,6,USD
OECD.SDD.NAD:DSD_NASU@DF_VALUATION(2.0),A,USA,P2,S96,CPA08_C13T15,XDC,O,V,T1620,2024,107.05,D,S1,D,F,2,A,6,USD
OECD.SDD.NAD:DSD_NASU@DF_VALUATION(2.0),A,USA,P52,_Z,CPA08_C13T15,XDC,O,V,T1620,2024,533.8,D,S1,D,F,2,A,6,USD
OECD.SDD.NAD:DSD_NASU@DF_VALUATION(2.0),A,USA,TU,_Z,CPA08_C13T15,XDC,O,V,T1620,2024,424668.06,D,S1,D,F,2,A,6,USD
OECD.SDD.NAD:DSD_NASU@DF_VALUATION(2.0),A,USA,P51G,_Z,CPA08_C13T15,XDC,O,V,T1620,2024,4132.09,D,S1,D,F,2,A,6,USD
OECD.SDD.NAD:DSD_NASU@DF_VALUATION(2.0),A,USA,P2,C18,CPA08_C13T15,XDC,O,V,T1620,2024,94.25,D,S1,D,F,2,A,6,USD
OECD.SDD.NAD:DSD_NASU@DF_VALUATION(2.0),A,USA,P2,C20,CPA08_C13T15,XDC,O,V,T1620,2024,1.12,D,S1,D,F,2,A,6,USD
OECD.SDD.NAD:DSD_NASU@DF_VALUATION(2.0),A,USA,P2,C22,CPA08_C13T15,XDC,O,V,T1620,2024,694.83,D,S1,D,F,2,A,6,USD
OECD.SDD.NAD:DSD_NASU@DF_VALUATION(2.0),A,USA,P2,C23,CPA08_C13T15,XDC,O,V,T1620,2024,103.86,D,S1,D,F,2,A,6,USD
OECD.SDD.NAD:DSD_NASU@DF_VALUATION(2.0),A,USA,P2,C24,CPA08_C13T15,XDC,O,V,T1620,2024,0.38,D,S1,D,F,2,A,6,USD
OECD.SDD.NAD:DSD_NASU@DF_VALUATION(2.0),A,USA,P2,C25,CPA08_C13T15,XDC,O,V,T1620,2024,54.09,D,S1,D,F,2,A,6,USD
OECD.SDD.NAD:DSD_NASU@DF_VALUATION(2.0),A,USA,P2,C26,CPA08_C13T15,XDC,O,V,T1620,2024,0.03,D,S1,D,F,2,A,6,USD
OECD.SDD.NAD:DSD_NASU@DF_VALUATION(2.0),A,USA,P2,C27,CPA08_C13T15,XDC,O,V,T1620,2024,0.04,D,S1,D,F,2,A,6,USD
OECD.SDD.NAD:DSD_NASU@DF_VALUATION(2.0),A,USA,P2,C28,CPA08_C13T15,XDC,O,V,T1620,2024,162.6,D,S1,D,F,2,A,6,USD
OECD.SDD.NAD:DSD_NASU@DF_VALUATION(2.0),A,USA,P2,C29,CPA08_C13T15,XDC,O,V,T1620,2024,1443.49,D,S1,D,F,2,A,6,USD
OECD.SDD.NAD:DSD_NASU@DF_VALUATION(2.0),A,USA,P2,C30,CPA08_C13T15,XDC,O,V,T1620,2024,305.97,D,S1,D,F,2,A,6,USD
OECD.SDD.NAD:DSD_NASU@DF_VALUATION(2.0),A,USA,P2,C31_32,CPA08_C13T15,XDC,O,V,T1620,2024,1054.86,D,S1,D,F,2,A,6,USD
OECD.SDD.NAD:DSD_NASU@DF_VALUATION(2.0),A,USA,P2,C31,CPA08_C13T15,XDC,O,V,T1620,2024,766.49,D,S1,D,F,2,A,6,USD
OECD.SDD.NAD:DSD_NASU@DF_VALUATION(2.0),A,USA,P2,C32,CPA08_C13T15,XDC,O,V,T1620,2024,288.37,D,S1,D,F,2,A,6,USD
OECD.SDD.NAD:DSD_NASU@DF_VALUATION(2.0),A,USA,P2,C33,CPA08_C13T15,XDC,O,V,T1620,2024,0.42,D,S1,D,F,2,A,6,USD
OECD.SDD.NAD:DSD_NASU@DF_VALUATION(2.0),A,USA,P2,E,CPA08_C13T15,XDC,O,V,T1620,2024,156.73,D,S1,D,F,2,A,6,USD
OECD.SDD.NAD:DSD_NASU@DF_VALUATION(2.0),A,USA,P2,E37T39,CPA08_C13T15,XDC,O,V,T1620,2024,156.73,D,S1,D,F,2,A,6,USD
OECD.SDD.NAD:DSD_NASU@DF_VALUATION(2.0),A,USA,P2,E38,CPA08_C13T15,XDC,O,V,T1620,2024,126.91,D,S1,D,F,2,A,6,USD
OECD.SDD.NAD:DSD_NASU@DF_VALUATION(2.0),A,USA,P2,E39,CPA08_C13T15,XDC,O,V,T1620,2024,29.82,D,S1,D,F,2,A,6,USD
OECD.SDD.NAD:DSD_NASU@DF_VALUATION(2.0),A,USA,P2,F,CPA08_C13T15,XDC,O,V,T1620,2024,1394.77,D,S1,D,F,2,A,6,USD
OECD.SDD.NAD:DSD_NASU@DF_VALUATION(2.0),A,USA,P2,F41,CPA08_C13T15,XDC,O,V,T1620,2024,1277.72,D,S1,D,F,2,A,6,USD
OECD.SDD.NAD:DSD_NASU@DF_VALUATION(2.0),A,USA,P2,F42,CPA08_C13T15,XDC,O,V,T1620,2024,117.06,D,S1,D,F,2,A,6,USD
OECD.SDD.NAD:DSD_NASU@DF_VALUATION(2.0),A,USA,P2,G,CPA08_C13T15,XDC,O,V,T1620,2024,3202.8,D,S1,D,F,2,A,6,USD
OECD.SDD.NAD:DSD_NASU@DF_VALUATION(2.0),A,USA,P2,G45,CPA08_C13T15,XDC,O,V,T1620,2024,62.85,D,S1,D,F,2,A,6,USD
OECD.SDD.NAD:DSD_NASU@DF_VALUATION(2.0),A,USA,P2,G46,CPA08_C13T15,XDC,O,V,T1620,2024,668.21,D,S1,D,F,2,A,6,USD
OECD.SDD.NAD:DSD_NASU@DF_VALUATION(2.0),A,USA,P52,_Z,CPA08_C,XDC,O,V,T1620,2024,6739.7,D,S1,D,F,2,A,6,USD
OECD.SDD.NAD:DSD_NASU@DF_VALUATION(2.0),A,USA,P2,A02,CPA08_C,XDC,O,V,T1620,2024,49.64,D,S1,D,F,2,A,6,USD
OECD.SDD.NAD:DSD_NASU@DF_VALUATION(2.0),A,USA,P2,G,CPA08_C,XDC,O,V,T1620,2024,68346.26,D,S1,D,F,2,A,6,USD
OECD.SDD.NAD:DSD_NASU@DF_VALUATION(2.0),A,USA,P2,E37,CPA08_C,XDC,O,V,T1620,2024,73.27,D,S1,D,F,2,A,6,USD
OECD.SDD.NAD:DSD_NASU@DF_VALUATION(2.0),A,USA,P2,E38,CPA08_C,XDC,O,V,T1620,2024,3894.65,D,S1,D,F,2,A,6,USD
OECD.SDD.NAD:DSD_NASU@DF_VALUATION(2.0),A,USA,P2,E39,CPA08_C,XDC,O,V,T1620,2024,1082.53,D,S1,D,F,2,A,6,USD
OECD.SDD.NAD:DSD_NASU@DF_VALUATION(2.0),A,USA,P2,F,CPA08_C,XDC,O,V,T1620,2024,250675.82,D,S1,D,F,2,A,6,USD
OECD.SDD.NAD:DSD_NASU@DF_VALUATION(2.0),A,USA,P2,F41,CPA08_C,XDC,O,V,T1620,2024,224178.34,D,S1,D,F,2,A,6,USD
OECD.SDD.NAD:DSD_NASU@DF_VALUATION(2.0),A,USA,P2,F42,CPA08_C,XDC,O,V,T1620,2024,26497.48,D,S1,D,F,2,A,6,USD
OECD.SDD.NAD:DSD_NASU@DF_VALUATION(2.0),A,USA,P2,G45,CPA08_C,XDC,O,V,T1620,2024,17808.14,D,S1,D,F,2,A,6,USD
OECD.SDD.NAD:DSD_NASU@DF_VALUATION(2.0),A,USA,P2,G46,CPA08_C,XDC,O,V,T1620,2024,31640.09,D,S1,D,F,2,A,6,USD
OECD.SDD.NAD:DSD_NASU@DF_VALUATION(2.0),A,USA,P2,G47,CPA08_C,XDC,O,V,T1620,2024,18898.03,D,S1,D,F,2,A,6,USD
OECD.SDD.NAD:DSD_NASU@DF_VALUATION(2.0),A,USA,P2,H,CPA08_C,XDC,O,V,T1620,2024,38285.55,D,S1,D,F,2,A,6,USD
OECD.SDD.NAD:DSD_NASU@DF_VALUATION(2.0),A,USA,P2,H49,CPA08_C,XDC,O,V,T1620,2024,24518.99,D,S1,D,F,2,A,6,USD
OECD.SDD.NAD:DSD_NASU@DF_VALUATION(2.0),A,USA,P2,H50,CPA08_C,XDC,O,V,T1620,2024,1724.79,D,S1,D,F,2,A,6,USD
OECD.SDD.NAD:DSD_NASU@DF_VALUATION(2.0),A,USA,P2,H51,CPA08_C,XDC,O,V,T1620,2024,4807.98,D,S1,D,F,2,A,6,USD
OECD.SDD.NAD:DSD_NASU@DF_VALUATION(2.0),A,USA,P2,H52,CPA08_C,XDC,O,V,T1620,2024,3436.03,D,S1,D,F,2,A,6,USD
OECD.SDD.NAD:DSD_NASU@DF_VALUATION(2.0),A,USA,P2,H53,CPA08_C,XDC,O,V,T1620,2024,3797.76,D,S1,D,F,2,A,6,USD
OECD.SDD.NAD:DSD_NASU@DF_VALUATION(2.0),A,USA,P2,P,CPA08_C12,XDC,O,V,T1620,2024,1639.43,D,S1,D,F,2,A,6,USD
OECD.SDD.NAD:DSD_NASU@DF_VALUATION(2.0),A,USA,P5,_Z,CPA08_C12,XDC,O,V,T1620,2024,12.02,D,S1,D,F,2,A,6,USD
OECD.SDD.NAD:DSD_NASU@DF_VALUATION(2.0),A,USA,TU,_Z,CPA08_C12,XDC,O,V,T1620,2024,57127.86,D,S1,D,F,2,A,6,USD
OECD.SDD.NAD:DSD_NASU@DF_VALUATION(2.0),A,USA,P52,_Z,CPA08_C12,XDC,O,V,T1620,2024,12.02,D,S1,D,F,2,A,6,USD
OECD.SDD.NAD:DSD_NASU@DF_VALUATION(2.0),A,USA,P3,_Z,CPA08_C12,XDC,O,V,T1620,2024,49923.11,D,S1,D,F,2,A,6,USD
OECD.SDD.NAD:DSD_NASU@DF_VALUATION(2.0),A,USA,P2,_T,CPA08_C12,XDC,O,V,T1620,2024,6887.23,D,S1,D,F,2,A,6,USD
OECD.SDD.NAD:DSD_NASU@DF_VALUATION(2.0),A,USA,P2,L,CPA08_C13,XDC,O,V,T1620,2024,33.76,D,S1,D,F,2,A,6,USD
OECD.SDD.NAD:DSD_NASU@DF_VALUATION(2.0),A,USA,P2,L68A,CPA08_C13,XDC,O,V,T1620,2024,0.22,D,S1,D,F,2,A,6,USD
OECD.SDD.NAD:DSD_NASU@DF_VALUATION(2.0),A,USA,P2,L68B,CPA08_C13,XDC,O,V,T1620,2024,33.54,D,S1,D,F,2,A,6,USD
OECD.SDD.NAD:DSD_NASU@DF_VALUATION(2.0),A,USA,P2,M,CPA08_C13,XDC,O,V,T1620,2024,133.54,D,S1,D,F,2,A,6,USD
OECD.SDD.NAD:DSD_NASU@DF_VALUATION(2.0),A,USA,P2,M69_70,CPA08_C13,XDC,O,V,T1620,2024,11.11,D,S1,D,F,2,A,6,USD
OECD.SDD.NAD:DSD_NASU@DF_VALUATION(2.0),A,USA,P2,M70,CPA08_C13,XDC,O,V,T1620,2024,11.11,D,S1,D,F,2,A,6,USD
OECD.SDD.NAD:DSD_NASU@DF_VALUATION(2.0),A,USA,P2,M71,CPA08_C13,XDC,O,V,T1620,2024,15.98,D,S1,D,F,2,A,6,USD
OECD.SDD.NAD:DSD_NASU@DF_VALUATION(2.0),A,USA,P2,M73,CPA08_C13,XDC,O,V,T1620,2024,0.06,D,S1,D,F,2,A,6,USD
OECD.SDD.NAD:DSD_NASU@DF_VALUATION(2.0),A,USA,P2,M74_75,CPA08_C13,XDC,O,V,T1620,2024,17.14,D,S1,D,F,2,A,6,USD
OECD.SDD.NAD:DSD_NASU@DF_VALUATION(2.0),A,USA,P2,M74,CPA08_C13,XDC,O,V,T1620,2024,0.27,D,S1,D,F,2,A,6,USD
OECD.SDD.NAD:DSD_NASU@DF_VALUATION(2.0),A,USA,P2,M75,CPA08_C13,XDC,O,V,T1620,2024,16.88,D,S1,D,F,2,A,6,USD
OECD.SDD.NAD:DSD_NASU@DF_VALUATION(2.0),A,USA,P2,N,CPA08_C13,XDC,O,V,T1620,2024,273.72,D,S1,D,F,2,A,6,USD
OECD.SDD.NAD:DSD_NASU@DF_VALUATION(2.0),A,USA,P2,N77,CPA08_C13,XDC,O,V,T1620,2024,141.48,D,S1,D,F,2,A,6,USD
OECD.SDD.NAD:DSD_NASU@DF_VALUATION(2.0),A,USA,P2,N80T82,CPA08_C13,XDC,O,V,T1620,2024,132.24,D,S1,D,F,2,A,6,USD
OECD.SDD.NAD:DSD_NASU@DF_VALUATION(2.0),A,USA,P2,N81,CPA08_C13,XDC,O,V,T1620,2024,131.58,D,S1,D,F,2,A,6,USD
OECD.SDD.NAD:DSD_NASU@DF_VALUATION(2.0),A,USA,P2,N82,CPA08_C13,XDC,O,V,T1620,2024,0.66,D,S1,D,F,2,A,6,USD
OECD.SDD.NAD:DSD_NASU@DF_VALUATION(2.0),A,USA,P2,O,CPA08_C13,XDC,O,V,T1620,2024,839.14,D,S1,D,F,2,A,6,USD
OECD.SDD.NAD:DSD_NASU@DF_VALUATION(2.0),A,USA,P2,P,CPA08_C13,XDC,O,V,T1620,2024,147.97,D,S1,D,F,2,A,6,USD
OECD.SDD.NAD:DSD_NASU@DF_VALUATION(2.0),A,USA,P2,Q,CPA08_C13,XDC,O,V,T1620,2024,689.34,D,S1,D,F,2,A,6,USD
OECD.SDD.NAD:DSD_NASU@DF_VALUATION(2.0),A,USA,P2,Q86,CPA08_C13,XDC,O,V,T1620,2024,104.17,D,S1,D,F,2,A,6,USD
OECD.SDD.NAD:DSD_NASU@DF_VALUATION(2.0),A,USA,P2,Q87_88,CPA08_C13,XDC,O,V,T1620,2024,585.18,D,S1,D,F,2,A,6,USD
OECD.SDD.NAD:DSD_NASU@DF_VALUATION(2.0),A,USA,P2,Q87,CPA08_C13,XDC,O,V,T1620,2024,435.62,D,S1,D,F,2,A,6,USD
OECD.SDD.NAD:DSD_NASU@DF_VALUATION(2.0),A,USA,P2,Q88,CPA08_C13,XDC,O,V,T1620,2024,149.55,D,S1,D,F,2,A,6,USD
OECD.SDD.NAD:DSD_NASU@DF_VALUATION(2.0),A,USA,P2,R,CPA08_C13,XDC,O,V,T1620,2024,37.97,D,S1,D,F,2,A,6,USD
OECD.SDD.NAD:DSD_NASU@DF_VALUATION(2.0),A,USA,P2,R90T92,CPA08_C13,XDC,O,V,T1620,2024,5.8,D,S1,D,F,2,A,6,USD
OECD.SDD.NAD:DSD_NASU@DF_VALUATION(2.0),A,USA,P2,R92,CPA08_C13,XDC,O,V,T1620,2024,5.8,D,S1,D,F,2,A,6,USD
OECD.SDD.NAD:DSD_NASU@DF_VALUATION(2.0),A,USA,P2,R93,CPA08_C13,XDC,O,V,T1620,2024,32.17,D,S1,D,F,2,A,6,USD
OECD.SDD.NAD:DSD_NASU@DF_VALUATION(2.0),A,USA,P2,S,CPA08_C13,XDC,O,V,T1620,2024,163.17,D,S1,D,F,2,A,6,USD
OECD.SDD.NAD:DSD_NASU@DF_VALUATION(2.0),A,USA,P2,S94,CPA08_C13,XDC,O,V,T1620,2024,43.68,D,S1,D,F,2,A,6,USD
OECD.SDD.NAD:DSD_NASU@DF_VALUATION(2.0),A,USA,P2,S95,CPA08_C13,XDC,O,V,T1620,2024,14.58,D,S1,D,F,2,A,6,USD
OECD.SDD.NAD:DSD_NASU@DF_VALUATION(2.0),A,USA,P2,S96,CPA08_C13,XDC,O,V,T1620,2024,104.91,D,S1,D,F,2,A,6,USD
OECD.SDD.NAD:DSD_NASU@DF_VALUATION(2.0),A,USA,P3,_Z,CPA08_C13,XDC,O,V,T1620,2024,66223.57,D,S1,D,F,2,A,6,USD
OECD.SDD.NAD:DSD_NASU@DF_VALUATION(2.0),A,USA,P51G,_Z,CPA08_C13,XDC,O,V,T1620,2024,4132.09,D,S1,D,F,2,A,6,USD
OECD.SDD.NAD:DSD_NASU@DF_VALUATION(2.0),A,USA,TU,_Z,CPA08_C13,XDC,O,V,T1620,2024,85747.71,D,S1,D,F,2,A,6,USD
OECD.SDD.NAD:DSD_NASU@DF_VALUATION(2.0),A,USA,P52,_Z,CPA08_C13,XDC,O,V,T1620,2024,105,D,S1,D,F,2,A,6,USD
OECD.SDD.NAD:DSD_NASU@DF_VALUATION(2.0),A,USA,P5,_Z,CPA08_C13,XDC,O,V,T1620,2024,4237.09,D,S1,D,F,2,A,6,USD
OECD.SDD.NAD:DSD_NASU@DF_VALUATION(2.0),A,USA,P2,M72,CPA08_C13,XDC,O,V,T1620,2024,89.24,D,S1,D,F,2,A,6,USD
OECD.SDD.NAD:DSD_NASU@DF_VALUATION(2.0),A,USA,P2,C18,CPA08_C13,XDC,O,V,T1620,2024,58.73,D,S1,D,F,2,A,6,USD
OECD.SDD.NAD:DSD_NASU@DF_VALUATION(2.0),A,USA,P2,C20,CPA08_C13,XDC,O,V,T1620,2024,1.12,D,S1,D,F,2,A,6,USD
OECD.SDD.NAD:DSD_NASU@DF_VALUATION(2.0),A,USA,P2,C22,CPA08_C13,XDC,O,V,T1620,2024,694.81,D,S1,D,F,2,A,6,USD
OECD.SDD.NAD:DSD_NASU@DF_VALUATION(2.0),A,USA,P2,C23,CPA08_C13,XDC,O,V,T1620,2024,103.84,D,S1,D,F,2,A,6,USD
OECD.SDD.NAD:DSD_NASU@DF_VALUATION(2.0),A,USA,P2,C24,CPA08_C13,XDC,O,V,T1620,2024,0.38,D,S1,D,F,2,A,6,USD
OECD.SDD.NAD:DSD_NASU@DF_VALUATION(2.0),A,USA,P2,J,CPA08_C10,XDC,O,V,T1620,2024,120.55,D,S1,D,F,2,A,6,USD
OECD.SDD.NAD:DSD_NASU@DF_VALUATION(2.0),A,USA,P2,J58,CPA08_C10,XDC,O,V,T1620,2024,10.2,D,S1,D,F,2,A,6,USD
OECD.SDD.NAD:DSD_NASU@DF_VALUATION(2.0),A,USA,P2,J59_60,CPA08_C10,XDC,O,V,T1620,2024,0.59,D,S1,D,F,2,A,6,USD
OECD.SDD.NAD:DSD_NASU@DF_VALUATION(2.0),A,USA,P2,J59,CPA08_C10,XDC,O,V,T1620,2024,0.59,D,S1,D,F,2,A,6,USD
OECD.SDD.NAD:DSD_NASU@DF_VALUATION(2.0),A,USA,P2,J62_63,CPA08_C10,XDC,O,V,T1620,2024,109.76,D,S1,D,F,2,A,6,USD
OECD.SDD.NAD:DSD_NASU@DF_VALUATION(2.0),A,USA,P2,J63,CPA08_C10,XDC,O,V,T1620,2024,109.76,D,S1,D,F,2,A,6,USD
OECD.SDD.NAD:DSD_NASU@DF_VALUATION(2.0),A,USA,P2,M,CPA08_C10,XDC,O,V,T1620,2024,1458.92,D,S1,D,F,2,A,6,USD
OECD.SDD.NAD:DSD_NASU@DF_VALUATION(2.0),A,USA,P2,M69_70,CPA08_C10,XDC,O,V,T1620,2024,51.05,D,S1,D,F,2,A,6,USD
OECD.SDD.NAD:DSD_NASU@DF_VALUATION(2.0),A,USA,P2,M70,CPA08_C10,XDC,O,V,T1620,2024,51.05,D,S1,D,F,2,A,6,USD
OECD.SDD.NAD:DSD_NASU@DF_VALUATION(2.0),A,USA,P2,C10T12,CPA08_C10,XDC,O,V,T1620,2024,39610.12,D,S1,D,F,2,A,6,USD
OECD.SDD.NAD:DSD_NASU@DF_VALUATION(2.0),A,USA,P2,C10,CPA08_C10,XDC,O,V,T1620,2024,37373.89,D,S1,D,F,2,A,6,USD
OECD.SDD.NAD:DSD_NASU@DF_VALUATION(2.0),A,USA,P2,C11,CPA08_C10,XDC,O,V,T1620,2024,2175.04,D,S1,D,F,2,A,6,USD
OECD.SDD.NAD:DSD_NASU@DF_VALUATION(2.0),A,USA,P2,C12,CPA08_C10,XDC,O,V,T1620,2024,61.19,D,S1,D,F,2,A,6,USD
OECD.SDD.NAD:DSD_NASU@DF_VALUATION(2.0),A,USA,P2,C13T15,CPA08_C10,XDC,O,V,T1620,2024,197.63,D,S1,D,F,2,A,6,USD
OECD.SDD.NAD:DSD_NASU@DF_VALUATION(2.0),A,USA,P2,C13,CPA08_C10,XDC,O,V,T1620,2024,2.98,D,S1,D,F,2,A,6,USD
OECD.SDD.NAD:DSD_NASU@DF_VALUATION(2.0),A,USA,P2,C14,CPA08_C10,XDC,O,V,T1620,2024,27.78,D,S1,D,F,2,A,6,USD
OECD.SDD.NAD:DSD_NASU@DF_VALUATION(2.0),A,USA,P2,C15,CPA08_C10,XDC,O,V,T1620,2024,166.86,D,S1,D,F,2,A,6,USD
OECD.SDD.NAD:DSD_NASU@DF_VALUATION(2.0),A,USA,P2,C16,CPA08_C10,XDC,O,V,T1620,2024,6.52,D,S1,D,F,2,A,6,USD
OECD.SDD.NAD:DSD_NASU@DF_VALUATION(2.0),A,USA,P2,B05,CPA08_C13,XDC,O,V,T1620,2024,0.27,D,S1,D,F,2,A,6,USD
OECD.SDD.NAD:DSD_NASU@DF_VALUATION(2.0),A,USA,P2,C,CPA08_C13,XDC,O,V,T1620,2024,5794.06,D,S1,D,F,2,A,6,USD
OECD.SDD.NAD:DSD_NASU@DF_VALUATION(2.0),A,USA,P2,C10T12,CPA08_C13,XDC,O,V,T1620,2024,47.77,D,S1,D,F,2,A,6,USD
OECD.SDD.NAD:DSD_NASU@DF_VALUATION(2.0),A,USA,P2,C10,CPA08_C13,XDC,O,V,T1620,2024,46.92,D,S1,D,F,2,A,6,USD
OECD.SDD.NAD:DSD_NASU@DF_VALUATION(2.0),A,USA,P2,C11,CPA08_C13,XDC,O,V,T1620,2024,0.85,D,S1,D,F,2,A,6,USD
OECD.SDD.NAD:DSD_NASU@DF_VALUATION(2.0),A,USA,P2,C13T15,CPA08_C13,XDC,O,V,T1620,2024,1920.25,D,S1,D,F,2,A,6,USD
OECD.SDD.NAD:DSD_NASU@DF_VALUATION(2.0),A,USA,P2,C13,CPA08_C13,XDC,O,V,T1620,2024,1513.74,D,S1,D,F,2,A,6,USD
OECD.SDD.NAD:DSD_NASU@DF_VALUATION(2.0),A,USA,P2,C14,CPA08_C13,XDC,O,V,T1620,2024,394.35,D,S1,D,F,2,A,6,USD
OECD.SDD.NAD:DSD_NASU@DF_VALUATION(2.0),A,USA,P2,C15,CPA08_C13,XDC,O,V,T1620,2024,12.16,D,S1,D,F,2,A,6,USD
OECD.SDD.NAD:DSD_NASU@DF_VALUATION(2.0),A,USA,P2,C16,CPA08_C13,XDC,O,V,T1620,2024,156.82,D,S1,D,F,2,A,6,USD
OECD.SDD.NAD:DSD_NASU@DF_VALUATION(2.0),A,USA,P2,C17,CPA08_C13,XDC,O,V,T1620,2024,755.95,D,S1,D,F,2,A,6,USD
OECD.SDD.NAD:DSD_NASU@DF_VALUATION(2.0),A,USA,P2,_T,CPA08_C13,XDC,O,V,T1620,2024,13037.51,D,S1,D,F,2,A,6,USD
OECD.SDD.NAD:DSD_NASU@DF_VALUATION(2.0),A,USA,P2,A,CPA08_C13,XDC,O,V,T1620,2024,5.14,D,S1,D,F,2,A,6,USD
OECD.SDD.NAD:DSD_NASU@DF_VALUATION(2.0),A,USA,P2,A01,CPA08_C13,XDC,O,V,T1620,2024,4.23,D,S1,D,F,2,A,6,USD
OECD.SDD.NAD:DSD_NASU@DF_VALUATION(2.0),A,USA,P2,A03,CPA08_C13,XDC,O,V,T1620,2024,0.91,D,S1,D,F,2,A,6,USD
OECD.SDD.NAD:DSD_NASU@DF_VALUATION(2.0),A,USA,P2,H,CPA08_C13,XDC,O,V,T1620,2024,26.89,D,S1,D,F,2,A,6,USD
OECD.SDD.NAD:DSD_NASU@DF_VALUATION(2.0),A,USA,P2,H49,CPA08_C13,XDC,O,V,T1620,2024,8.38,D,S1,D,F,2,A,6,USD
OECD.SDD.NAD:DSD_NASU@DF_VALUATION(2.0),A,USA,P2,H,CPA08_C13T15,XDC,O,V,T1620,2024,149.17,D,S1,D,F,2,A,6,USD
OECD.SDD.NAD:DSD_NASU@DF_VALUATION(2.0),A,USA,P2,H49,CPA08_C13T15,XDC,O,V,T1620,2024,8.38,D,S1,D,F,2,A,6,USD
OECD.SDD.NAD:DSD_NASU@DF_VALUATION(2.0),A,USA,P2,H50,CPA08_C13T15,XDC,O,V,T1620,2024,13.66,D,S1,D,F,2,A,6,USD
OECD.SDD.NAD:DSD_NASU@DF_VALUATION(2.0),A,USA,P2,H52,CPA08_C13T15,XDC,O,V,T1620,2024,0.7,D,S1,D,F,2,A,6,USD
OECD.SDD.NAD:DSD_NASU@DF_VALUATION(2.0),A,USA,P2,H53,CPA08_C13T15,XDC,O,V,T1620,2024,126.44,D,S1,D,F,2,A,6,USD
OECD.SDD.NAD:DSD_NASU@DF_VALUATION(2.0),A,USA,P2,I,CPA08_C13T15,XDC,O,V,T1620,2024,355.23,D,S1,D,F,2,A,6,USD
OECD.SDD.NAD:DSD_NASU@DF_VALUATION(2.0),A,USA,P2,I55,CPA08_C13T15,XDC,O,V,T1620,2024,277.11,D,S1,D,F,2,A,6,USD
OECD.SDD.NAD:DSD_NASU@DF_VALUATION(2.0),A,USA,P2,I56,CPA08_C13T15,XDC,O,V,T1620,2024,78.12,D,S1,D,F,2,A,6,USD
OECD.SDD.NAD:DSD_NASU@DF_VALUATION(2.0),A,USA,P2,J58,CPA08_C13T15,XDC,O,V,T1620,2024,0.31,D,S1,D,F,2,A,6,USD
OECD.SDD.NAD:DSD_NASU@DF_VALUATION(2.0),A,USA,P2,J59_60,CPA08_C13T15,XDC,O,V,T1620,2024,44.77,D,S1,D,F,2,A,6,USD
OECD.SDD.NAD:DSD_NASU@DF_VALUATION(2.0),A,USA,P2,J59,CPA08_C13T15,XDC,O,V,T1620,2024,44.76,D,S1,D,F,2,A,6,USD
OECD.SDD.NAD:DSD_NASU@DF_VALUATION(2.0),A,USA,P2,J60,CPA08_C13T15,XDC,O,V,T1620,2024,0.02,D,S1,D,F,2,A,6,USD
OECD.SDD.NAD:DSD_NASU@DF_VALUATION(2.0),A,USA,P2,R93,CPA08_C15,XDC,O,V,T1620,2024,33.41,D,S1,D,F,2,A,6,USD
OECD.SDD.NAD:DSD_NASU@DF_VALUATION(2.0),A,USA,P2,S,CPA08_C15,XDC,O,V,T1620,2024,52.16,D,S1,D,F,2,A,6,USD
OECD.SDD.NAD:DSD_NASU@DF_VALUATION(2.0),A,USA,P2,S95,CPA08_C15,XDC,O,V,T1620,2024,51.22,D,S1,D,F,2,A,6,USD
OECD.SDD.NAD:DSD_NASU@DF_VALUATION(2.0),A,USA,P2,S96,CPA08_C15,XDC,O,V,T1620,2024,0.94,D,S1,D,F,2,A,6,USD
OECD.SDD.NAD:DSD_NASU@DF_VALUATION(2.0),A,USA,P52,_Z,CPA08_C15,XDC,O,V,T1620,2024,84.05,D,S1,D,F,2,A,6,USD
OECD.SDD.NAD:DSD_NASU@DF_VALUATION(2.0),A,USA,TU,_Z,CPA08_C15,XDC,O,V,T1620,2024,98094.58,D,S1,D,F,2,A,6,USD
OECD.SDD.NAD:DSD_NASU@DF_VALUATION(2.0),A,USA,P5,_Z,CPA08_C15,XDC,O,V,T1620,2024,84.05,D,S1,D,F,2,A,6,USD
OECD.SDD.NAD:DSD_NASU@DF_VALUATION(2.0),A,USA,P3,_Z,CPA08_C15,XDC,O,V,T1620,2024,95265.89,D,S1,D,F,2,A,6,USD
OECD.SDD.NAD:DSD_NASU@DF_VALUATION(2.0),A,USA,P2,C10T12,CPA08_C15,XDC,O,V,T1620,2024,8.3,D,S1,D,F,2,A,6,USD
OECD.SDD.NAD:DSD_NASU@DF_VALUATION(2.0),A,USA,P2,C10,CPA08_C15,XDC,O,V,T1620,2024,8.3,D,S1,D,F,2,A,6,USD
OECD.SDD.NAD:DSD_NASU@DF_VALUATION(2.0),A,USA,P2,C13T15,CPA08_C15,XDC,O,V,T1620,2024,297.84,D,S1,D,F,2,A,6,USD
OECD.SDD.NAD:DSD_NASU@DF_VALUATION(2.0),A,USA,P2,C13,CPA08_C15,XDC,O,V,T1620,2024,21.4,D,S1,D,F,2,A,6,USD
OECD.SDD.NAD:DSD_NASU@DF_VALUATION(2.0),A,USA,P2,C14,CPA08_C15,XDC,O,V,T1620,2024,96.99,D,S1,D,F,2,A,6,USD
OECD.SDD.NAD:DSD_NASU@DF_VALUATION(2.0),A,USA,P2,C15,CPA08_C15,XDC,O,V,T1620,2024,179.44,D,S1,D,F,2,A,6,USD
OECD.SDD.NAD:DSD_NASU@DF_VALUATION(2.0),A,USA,P2,C18,CPA08_C15,XDC,O,V,T1620,2024,31.65,D,S1,D,F,2,A,6,USD
OECD.SDD.NAD:DSD_NASU@DF_VALUATION(2.0),A,USA,P2,C29,CPA08_C15,XDC,O,V,T1620,2024,893.83,D,S1,D,F,2,A,6,USD
OECD.SDD.NAD:DSD_NASU@DF_VALUATION(2.0),A,USA,P2,C31_32,CPA08_C15,XDC,O,V,T1620,2024,72.86,D,S1,D,F,2,A,6,USD
OECD.SDD.NAD:DSD_NASU@DF_VALUATION(2.0),A,USA,P2,C32,CPA08_C15,XDC,O,V,T1620,2024,72.86,D,S1,D,F,2,A,6,USD
OECD.SDD.NAD:DSD_NASU@DF_VALUATION(2.0),A,USA,P2,G,CPA08_C15,XDC,O,V,T1620,2024,137.28,D,S1,D,F,2,A,6,USD
OECD.SDD.NAD:DSD_NASU@DF_VALUATION(2.0),A,USA,P2,G47,CPA08_C13T15,XDC,O,V,T1620,2024,2471.74,D,S1,D,F,2,A,6,USD
OECD.SDD.NAD:DSD_NASU@DF_VALUATION(2.0),A,USA,P2,B,CPA08_C13T15,XDC,O,V,T1620,2024,0.27,D,S1,D,F,2,A,6,USD
OECD.SDD.NAD:DSD_NASU@DF_VALUATION(2.0),A,USA,P2,B05,CPA08_C13T15,XDC,O,V,T1620,2024,0.27,D,S1,D,F,2,A,6,USD
OECD.SDD.NAD:DSD_NASU@DF_VALUATION(2.0),A,USA,P2,C,CPA08_C13T15,XDC,O,V,T1620,2024,7141.36,D,S1,D,F,2,A,6,USD
OECD.SDD.NAD:DSD_NASU@DF_VALUATION(2.0),A,USA,P2,C10T12,CPA08_C13T15,XDC,O,V,T1620,2024,56.07,D,S1,D,F,2,A,6,USD
OECD.SDD.NAD:DSD_NASU@DF_VALUATION(2.0),A,USA,P2,C10,CPA08_C13T15,XDC,O,V,T1620,2024,55.22,D,S1,D,F,2,A,6,USD
OECD.SDD.NAD:DSD_NASU@DF_VALUATION(2.0),A,USA,P2,C11,CPA08_C13T15,XDC,O,V,T1620,2024,0.85,D,S1,D,F,2,A,6,USD
OECD.SDD.NAD:DSD_NASU@DF_VALUATION(2.0),A,USA,P2,C13T15,CPA08_C13T15,XDC,O,V,T1620,2024,2256.58,D,S1,D,F,2,A,6,USD
OECD.SDD.NAD:DSD_NASU@DF_VALUATION(2.0),A,USA,P2,C13,CPA08_C13T15,XDC,O,V,T1620,2024,1535.44,D,S1,D,F,2,A,6,USD
OECD.SDD.NAD:DSD_NASU@DF_VALUATION(2.0),A,USA,P2,C14,CPA08_C13T15,XDC,O,V,T1620,2024,529.28,D,S1,D,F,2,A,6,USD
OECD.SDD.NAD:DSD_NASU@DF_VALUATION(2.0),A,USA,P2,C15,CPA08_C13T15,XDC,O,V,T1620,2024,191.86,D,S1,D,F,2,A,6,USD
OECD.SDD.NAD:DSD_NASU@DF_VALUATION(2.0),A,USA,P2,C16,CPA08_C13T15,XDC,O,V,T1620,2024,156.82,D,S1,D,F,2,A,6,USD
OECD.SDD.NAD:DSD_NASU@DF_VALUATION(2.0),A,USA,P2,C17,CPA08_C13T15,XDC,O,V,T1620,2024,755.95,D,S1,D,F,2,A,6,USD
OECD.SDD.NAD:DSD_NASU@DF_VALUATION(2.0),A,USA,P2,_T,CPA08_C13T15,XDC,O,V,T1620,2024,15882.82,D,S1,D,F,2,A,6,USD
OECD.SDD.NAD:DSD_NASU@DF_VALUATION(2.0),A,USA,P2,A,CPA08_C13T15,XDC,O,V,T1620,2024,27.84,D,S1,D,F,2,A,6,USD
OECD.SDD.NAD:DSD_NASU@DF_VALUATION(2.0),A,USA,P2,A01,CPA08_C13T15,XDC,O,V,T1620,2024,26.93,D,S1,D,F,2,A,6,USD
OECD.SDD.NAD:DSD_NASU@DF_VALUATION(2.0),A,USA,P2,A03,CPA08_C13T15,XDC,O,V,T1620,2024,0.91,D,S1,D,F,2,A,6,USD
OECD.SDD.NAD:DSD_NASU@DF_VALUATION(2.0),A,USA,P5,_Z,CPA08_C13T15,XDC,O,V,T1620,2024,4665.89,D,S1,D,F,2,A,6,USD
OECD.SDD.NAD:DSD_NASU@DF_VALUATION(2.0),A,USA,P3,_Z,CPA08_C13T15,XDC,O,V,T1620,2024,399918.71,D,S1,D,F,2,A,6,USD
OECD.SDD.NAD:DSD_NASU@DF_VALUATION(2.0),A,USA,P2,O,CPA08_C12,XDC,O,V,T1620,2024,4884.04,D,S1,D,F,2,A,6,USD
OECD.SDD.NAD:DSD_NASU@DF_VALUATION(2.0),A,USA,P2,J58,CPA08_C14,XDC,O,V,T1620,2024,0.15,D,S1,D,F,2,A,6,USD
OECD.SDD.NAD:DSD_NASU@DF_VALUATION(2.0),A,USA,P2,J59_60,CPA08_C14,XDC,O,V,T1620,2024,0.38,D,S1,D,F,2,A,6,USD
OECD.SDD.NAD:DSD_NASU@DF_VALUATION(2.0),A,USA,P2,J59,CPA08_C14,XDC,O,V,T1620,2024,0.36,D,S1,D,F,2,A,6,USD
OECD.SDD.NAD:DSD_NASU@DF_VALUATION(2.0),A,USA,P2,J60,CPA08_C14,XDC,O,V,T1620,2024,0.02,D,S1,D,F,2,A,6,USD
OECD.SDD.NAD:DSD_NASU@DF_VALUATION(2.0),A,USA,P2,J61,CPA08_C14,XDC,O,V,T1620,2024,2.12,D,S1,D,F,2,A,6,USD
OECD.SDD.NAD:DSD_NASU@DF_VALUATION(2.0),A,USA,P2,M,CPA08_C14,XDC,O,V,T1620,2024,2.32,D,S1,D,F,2,A,6,USD
OECD.SDD.NAD:DSD_NASU@DF_VALUATION(2.0),A,USA,P2,M69_70,CPA08_C14,XDC,O,V,T1620,2024,0.27,D,S1,D,F,2,A,6,USD
OECD.SDD.NAD:DSD_NASU@DF_VALUATION(2.0),A,USA,P2,M70,CPA08_C14,XDC,O,V,T1620,2024,0.27,D,S1,D,F,2,A,6,USD
OECD.SDD.NAD:DSD_NASU@DF_VALUATION(2.0),A,USA,P2,M72,CPA08_C14,XDC,O,V,T1620,2024,2.05,D,S1,D,F,2,A,6,USD
OECD.SDD.NAD:DSD_NASU@DF_VALUATION(2.0),A,USA,P2,N,CPA08_C14,XDC,O,V,T1620,2024,27.83,D,S1,D,F,2,A,6,USD
OECD.SDD.NAD:DSD_NASU@DF_VALUATION(2.0),A,USA,P2,N77,CPA08_C14,XDC,O,V,T1620,2024,4.95,D,S1,D,F,2,A,6,USD
OECD.SDD.NAD:DSD_NASU@DF_VALUATION(2.0),A,USA,P2,N80T82,CPA08_C14,XDC,O,V,T1620,2024,22.88,D,S1,D,F,2,A,6,USD
OECD.SDD.NAD:DSD_NASU@DF_VALUATION(2.0),A,USA,P2,N80,CPA08_C14,XDC,O,V,T1620,2024,0.08,D,S1,D,F,2,A,6,USD
OECD.SDD.NAD:DSD_NASU@DF_VALUATION(2.0),A,USA,P2,N81,CPA08_C14,XDC,O,V,T1620,2024,17.94,D,S1,D,F,2,A,6,USD
OECD.SDD.NAD:DSD_NASU@DF_VALUATION(2.0),A,USA,P2,N82,CPA08_C14,XDC,O,V,T1620,2024,4.85,D,S1,D,F,2,A,6,USD
OECD.SDD.NAD:DSD_NASU@DF_VALUATION(2.0),A,USA,P2,O,CPA08_C14,XDC,O,V,T1620,2024,414.12,D,S1,D,F,2,A,6,USD
OECD.SDD.NAD:DSD_NASU@DF_VALUATION(2.0),A,USA,P2,P,CPA08_C14,XDC,O,V,T1620,2024,52.23,D,S1,D,F,2,A,6,USD
OECD.SDD.NAD:DSD_NASU@DF_VALUATION(2.0),A,USA,P2,Q,CPA08_C14,XDC,O,V,T1620,2024,3.78,D,S1,D,F,2,A,6,USD
OECD.SDD.NAD:DSD_NASU@DF_VALUATION(2.0),A,USA,P2,Q86,CPA08_C14,XDC,O,V,T1620,2024,1.74,D,S1,D,F,2,A,6,USD
OECD.SDD.NAD:DSD_NASU@DF_VALUATION(2.0),A,USA,P2,Q87_88,CPA08_C14,XDC,O,V,T1620,2024,2.04,D,S1,D,F,2,A,6,USD
OECD.SDD.NAD:DSD_NASU@DF_VALUATION(2.0),A,USA,P2,C14,CPA08_C14,XDC,O,V,T1620,2024,37.95,D,S1,D,F,2,A,6,USD
OECD.SDD.NAD:DSD_NASU@DF_VALUATION(2.0),A,USA,P2,C15,CPA08_C14,XDC,O,V,T1620,2024,0.26,D,S1,D,F,2,A,6,USD
OECD.SDD.NAD:DSD_NASU@DF_VALUATION(2.0),A,USA,P2,C18,CPA08_C14,XDC,O,V,T1620,2024,3.88,D,S1,D,F,2,A,6,USD
OECD.SDD.NAD:DSD_NASU@DF_VALUATION(2.0),A,USA,P2,C22,CPA08_C14,XDC,O,V,T1620,2024,0.03,D,S1,D,F,2,A,6,USD
OECD.SDD.NAD:DSD_NASU@DF_VALUATION(2.0),A,USA,P2,C23,CPA08_C14,XDC,O,V,T1620,2024,0.02,D,S1,D,F,2,A,6,USD
OECD.SDD.NAD:DSD_NASU@DF_VALUATION(2.0),A,USA,P2,C33,CPA08_C14,XDC,O,V,T1620,2024,0.41,D,S1,D,F,2,A,6,USD
OECD.SDD.NAD:DSD_NASU@DF_VALUATION(2.0),A,USA,P2,E,CPA08_C14,XDC,O,V,T1620,2024,19.49,D,S1,D,F,2,A,6,USD
OECD.SDD.NAD:DSD_NASU@DF_VALUATION(2.0),A,USA,P2,E37T39,CPA08_C14,XDC,O,V,T1620,2024,19.49,D,S1,D,F,2,A,6,USD
OECD.SDD.NAD:DSD_NASU@DF_VALUATION(2.0),A,USA,P2,E38,CPA08_C14,XDC,O,V,T1620,2024,15.77,D,S1,D,F,2,A,6,USD
OECD.SDD.NAD:DSD_NASU@DF_VALUATION(2.0),A,USA,P2,E39,CPA08_C14,XDC,O,V,T1620,2024,3.72,D,S1,D,F,2,A,6,USD
OECD.SDD.NAD:DSD_NASU@DF_VALUATION(2.0),A,USA,P2,G,CPA08_C14,XDC,O,V,T1620,2024,103.79,D,S1,D,F,2,A,6,USD
OECD.SDD.NAD:DSD_NASU@DF_VALUATION(2.0),A,USA,P2,G45,CPA08_C14,XDC,O,V,T1620,2024,0,D,S1,D,F,2,A,6,USD
OECD.SDD.NAD:DSD_NASU@DF_VALUATION(2.0),A,USA,P2,_T,CPA08_C14,XDC,O,V,T1620,2024,989.14,D,S1,D,F,2,A,6,USD
OECD.SDD.NAD:DSD_NASU@DF_VALUATION(2.0),A,USA,P2,C,CPA08_C14,XDC,O,V,T1620,2024,42.83,D,S1,D,F,2,A,6,USD
OECD.SDD.NAD:DSD_NASU@DF_VALUATION(2.0),A,USA,P2,C13T15,CPA08_C14,XDC,O,V,T1620,2024,38.5,D,S1,D,F,2,A,6,USD
OECD.SDD.NAD:DSD_NASU@DF_VALUATION(2.0),A,USA,P2,C13,CPA08_C14,XDC,O,V,T1620,2024,0.29,D,S1,D,F,2,A,6,USD
OECD.SDD.NAD:DSD_NASU@DF_VALUATION(2.0),A,USA,P2,Q88,CPA08_C14,XDC,O,V,T1620,2024,2.04,D,S1,D,F,2,A,6,USD
OECD.SDD.NAD:DSD_NASU@DF_VALUATION(2.0),A,USA,P2,R,CPA08_C14,XDC,O,V,T1620,2024,2.43,D,S1,D,F,2,A,6,USD
OECD.SDD.NAD:DSD_NASU@DF_VALUATION(2.0),A,USA,P2,H52,CPA08_C13,XDC,O,V,T1620,2024,0.7,D,S1,D,F,2,A,6,USD
OECD.SDD.NAD:DSD_NASU@DF_VALUATION(2.0),A,USA,P2,H53,CPA08_C13,XDC,O,V,T1620,2024,4.15,D,S1,D,F,2,A,6,USD
OECD.SDD.NAD:DSD_NASU@DF_VALUATION(2.0),A,USA,P2,I,CPA08_C13,XDC,O,V,T1620,2024,350,D,S1,D,F,2,A,6,USD
OECD.SDD.NAD:DSD_NASU@DF_VALUATION(2.0),A,USA,P2,I55,CPA08_C13,XDC,O,V,T1620,2024,273.12,D,S1,D,F,2,A,6,USD
OECD.SDD.NAD:DSD_NASU@DF_VALUATION(2.0),A,USA,P2,I56,CPA08_C13,XDC,O,V,T1620,2024,76.88,D,S1,D,F,2,A,6,USD
OECD.SDD.NAD:DSD_NASU@DF_VALUATION(2.0),A,USA,P2,J,CPA08_C13,XDC,O,V,T1620,2024,48.78,D,S1,D,F,2,A,6,USD
OECD.SDD.NAD:DSD_NASU@DF_VALUATION(2.0),A,USA,P2,J58,CPA08_C13,XDC,O,V,T1620,2024,0.16,D,S1,D,F,2,A,6,USD
OECD.SDD.NAD:DSD_NASU@DF_VALUATION(2.0),A,USA,P2,J59_60,CPA08_C13,XDC,O,V,T1620,2024,44.4,D,S1,D,F,2,A,6,USD
OECD.SDD.NAD:DSD_NASU@DF_VALUATION(2.0),A,USA,P2,J59,CPA08_C13,XDC,O,V,T1620,2024,44.4,D,S1,D,F,2,A,6,USD
OECD.SDD.NAD:DSD_NASU@DF_VALUATION(2.0),A,USA,P2,J61,CPA08_C13,XDC,O,V,T1620,2024,1.92,D,S1,D,F,2,A,6,USD
OECD.SDD.NAD:DSD_NASU@DF_VALUATION(2.0),A,USA,P2,J62_63,CPA08_C13,XDC,O,V,T1620,2024,2.31,D,S1,D,F,2,A,6,USD
OECD.SDD.NAD:DSD_NASU@DF_VALUATION(2.0),A,USA,P2,J63,CPA08_C13,XDC,O,V,T1620,2024,2.31,D,S1,D,F,2,A,6,USD
OECD.SDD.NAD:DSD_NASU@DF_VALUATION(2.0),A,USA,P2,C29,CPA08_C13,XDC,O,V,T1620,2024,549.67,D,S1,D,F,2,A,6,USD
OECD.SDD.NAD:DSD_NASU@DF_VALUATION(2.0),A,USA,P2,C30,CPA08_C13,XDC,O,V,T1620,2024,305.97,D,S1,D,F,2,A,6,USD
OECD.SDD.NAD:DSD_NASU@DF_VALUATION(2.0),A,USA,P2,C31_32,CPA08_C13,XDC,O,V,T1620,2024,982,D,S1,D,F,2,A,6,USD
OECD.SDD.NAD:DSD_NASU@DF_VALUATION(2.0),A,USA,P2,C31,CPA08_C13,XDC,O,V,T1620,2024,766.49,D,S1,D,F,2,A,6,USD
OECD.SDD.NAD:DSD_NASU@DF_VALUATION(2.0),A,USA,P2,C32,CPA08_C13,XDC,O,V,T1620,2024,215.51,D,S1,D,F,2,A,6,USD
OECD.SDD.NAD:DSD_NASU@DF_VALUATION(2.0),A,USA,P2,C33,CPA08_C13,XDC,O,V,T1620,2024,0,D,S1,D,F,2,A,6,USD
OECD.SDD.NAD:DSD_NASU@DF_VALUATION(2.0),A,USA,P2,E,CPA08_C13,XDC,O,V,T1620,2024,137.24,D,S1,D,F,2,A,6,USD
OECD.SDD.NAD:DSD_NASU@DF_VALUATION(2.0),A,USA,P2,E37T39,CPA08_C13,XDC,O,V,T1620,2024,137.24,D,S1,D,F,2,A,6,USD
OECD.SDD.NAD:DSD_NASU@DF_VALUATION(2.0),A,USA,P2,E38,CPA08_C13,XDC,O,V,T1620,2024,111.14,D,S1,D,F,2,A,6,USD
OECD.SDD.NAD:DSD_NASU@DF_VALUATION(2.0),A,USA,P2,E39,CPA08_C13,XDC,O,V,T1620,2024,26.1,D,S1,D,F,2,A,6,USD
OECD.SDD.NAD:DSD_NASU@DF_VALUATION(2.0),A,USA,P2,F,CPA08_C13,XDC,O,V,T1620,2024,1394.77,D,S1,D,F,2,A,6,USD
OECD.SDD.NAD:DSD_NASU@DF_VALUATION(2.0),A,USA,P2,F41,CPA08_C13,XDC,O,V,T1620,2024,1277.72,D,S1,D,F,2,A,6,USD
OECD.SDD.NAD:DSD_NASU@DF_VALUATION(2.0),A,USA,P2,F42,CPA08_C13,XDC,O,V,T1620,2024,117.06,D,S1,D,F,2,A,6,USD
OECD.SDD.NAD:DSD_NASU@DF_VALUATION(2.0),A,USA,P2,G,CPA08_C13,XDC,O,V,T1620,2024,2961.73,D,S1,D,F,2,A,6,USD
OECD.SDD.NAD:DSD_NASU@DF_VALUATION(2.0),A,USA,P2,G45,CPA08_C13,XDC,O,V,T1620,2024,49.41,D,S1,D,F,2,A,6,USD
OECD.SDD.NAD:DSD_NASU@DF_VALUATION(2.0),A,USA,P2,G46,CPA08_C13,XDC,O,V,T1620,2024,569.78,D,S1,D,F,2,A,6,USD
OECD.SDD.NAD:DSD_NASU@DF_VALUATION(2.0),A,USA,P2,G47,CPA08_C13,XDC,O,V,T1620,2024,2342.54,D,S1,D,F,2,A,6,USD
OECD.SDD.NAD:DSD_NASU@DF_VALUATION(2.0),A,USA,P2,B,CPA08_C13,XDC,O,V,T1620,2024,0.27,D,S1,D,F,2,A,6,USD
OECD.SDD.NAD:DSD_NASU@DF_VALUATION(2.0),A,USA,P2,N77,CPA08_C16,XDC,O,V,T1620,2024,195.61,D,S1,D,F,2,A,6,USD
OECD.SDD.NAD:DSD_NASU@DF_VALUATION(2.0),A,USA,P2,N78,CPA08_C16,XDC,O,V,T1620,2024,1.66,D,S1,D,F,2,A,6,USD
OECD.SDD.NAD:DSD_NASU@DF_VALUATION(2.0),A,USA,P2,N79,CPA08_C16,XDC,O,V,T1620,2024,1.13,D,S1,D,F,2,A,6,USD
OECD.SDD.NAD:DSD_NASU@DF_VALUATION(2.0),A,USA,P2,N80T82,CPA08_C16,XDC,O,V,T1620,2024,203.3,D,S1,D,F,2,A,6,USD
OECD.SDD.NAD:DSD_NASU@DF_VALUATION(2.0),A,USA,P2,N80,CPA08_C16,XDC,O,V,T1620,2024,2.77,D,S1,D,F,2,A,6,USD
OECD.SDD.NAD:DSD_NASU@DF_VALUATION(2.0),A,USA,P2,N81,CPA08_C16,XDC,O,V,T1620,2024,45.04,D,S1,D,F,2,A,6,USD
OECD.SDD.NAD:DSD_NASU@DF_VALUATION(2.0),A,USA,P2,O,CPA08_C16,XDC,O,V,T1620,2024,284.72,D,S1,D,F,2,A,6,USD
OECD.SDD.NAD:DSD_NASU@DF_VALUATION(2.0),A,USA,P2,P,CPA08_C16,XDC,O,V,T1620,2024,1051.17,D,S1,D,F,2,A,6,USD
OECD.SDD.NAD:DSD_NASU@DF_VALUATION(2.0),A,USA,P2,Q,CPA08_C16,XDC,O,V,T1620,2024,479.58,D,S1,D,F,2,A,6,USD
OECD.SDD.NAD:DSD_NASU@DF_VALUATION(2.0),A,USA,P2,Q86,CPA08_C16,XDC,O,V,T1620,2024,296.87,D,S1,D,F,2,A,6,USD
OECD.SDD.NAD:DSD_NASU@DF_VALUATION(2.0),A,USA,P2,Q87_88,CPA08_C16,XDC,O,V,T1620,2024,182.71,D,S1,D,F,2,A,6,USD
OECD.SDD.NAD:DSD_NASU@DF_VALUATION(2.0),A,USA,P2,Q87,CPA08_C16,XDC,O,V,T1620,2024,2.24,D,S1,D,F,2,A,6,USD
OECD.SDD.NAD:DSD_NASU@DF_VALUATION(2.0),A,USA,P2,Q88,CPA08_C16,XDC,O,V,T1620,2024,180.47,D,S1,D,F,2,A,6,USD
OECD.SDD.NAD:DSD_NASU@DF_VALUATION(2.0),A,USA,P2,R,CPA08_C16,XDC,O,V,T1620,2024,69.78,D,S1,D,F,2,A,6,USD
OECD.SDD.NAD:DSD_NASU@DF_VALUATION(2.0),A,USA,P2,R90T92,CPA08_C16,XDC,O,V,T1620,2024,6.83,D,S1,D,F,2,A,6,USD
OECD.SDD.NAD:DSD_NASU@DF_VALUATION(2.0),A,USA,P2,R90,CPA08_C16,XDC,O,V,T1620,2024,2.38,D,S1,D,F,2,A,6,USD
OECD.SDD.NAD:DSD_NASU@DF_VALUATION(2.0),A,USA,P2,R91,CPA08_C16,XDC,O,V,T1620,2024,0.14,D,S1,D,F,2,A,6,USD
OECD.SDD.NAD:DSD_NASU@DF_VALUATION(2.0),A,USA,P2,R92,CPA08_C16,XDC,O,V,T1620,2024,4.3,D,S1,D,F,2,A,6,USD
OECD.SDD.NAD:DSD_NASU@DF_VALUATION(2.0),A,USA,P2,C15,CPA08_C16,XDC,O,V,T1620,2024,0.12,D,S1,D,F,2,A,6,USD
OECD.SDD.NAD:DSD_NASU@DF_VALUATION(2.0),A,USA,P2,C18,CPA08_C16,XDC,O,V,T1620,2024,0.34,D,S1,D,F,2,A,6,USD
OECD.SDD.NAD:DSD_NASU@DF_VALUATION(2.0),A,USA,P2,C20,CPA08_C16,XDC,O,V,T1620,2024,60.32,D,S1,D,F,2,A,6,USD
OECD.SDD.NAD:DSD_NASU@DF_VALUATION(2.0),A,USA,P2,C21,CPA08_C16,XDC,O,V,T1620,2024,0.08,D,S1,D,F,2,A,6,USD
OECD.SDD.NAD:DSD_NASU@DF_VALUATION(2.0),A,USA,P2,C22,CPA08_C16,XDC,O,V,T1620,2024,418.83,D,S1,D,F,2,A,6,USD
OECD.SDD.NAD:DSD_NASU@DF_VALUATION(2.0),A,USA,P2,C23,CPA08_C16,XDC,O,V,T1620,2024,77.93,D,S1,D,F,2,A,6,USD
OECD.SDD.NAD:DSD_NASU@DF_VALUATION(2.0),A,USA,P2,C24,CPA08_C16,XDC,O,V,T1620,2024,116.31,D,S1,D,F,2,A,6,USD
OECD.SDD.NAD:DSD_NASU@DF_VALUATION(2.0),A,USA,P2,C25,CPA08_C16,XDC,O,V,T1620,2024,207.36,D,S1,D,F,2,A,6,USD
OECD.SDD.NAD:DSD_NASU@DF_VALUATION(2.0),A,USA,P2,C26,CPA08_C16,XDC,O,V,T1620,2024,24.94,D,S1,D,F,2,A,6,USD
OECD.SDD.NAD:DSD_NASU@DF_VALUATION(2.0),A,USA,P2,C27,CPA08_C16,XDC,O,V,T1620,2024,185.19,D,S1,D,F,2,A,6,USD
OECD.SDD.NAD:DSD_NASU@DF_VALUATION(2.0),A,USA,P2,C28,CPA08_C16,XDC,O,V,T1620,2024,174.39,D,S1,D,F,2,A,6,USD
OECD.SDD.NAD:DSD_NASU@DF_VALUATION(2.0),A,USA,P2,C29,CPA08_C16,XDC,O,V,T1620,2024,552.43,D,S1,D,F,2,A,6,USD
OECD.SDD.NAD:DSD_NASU@DF_VALUATION(2.0),A,USA,P2,C30,CPA08_C16,XDC,O,V,T1620,2024,41.34,D,S1,D,F,2,A,6,USD
OECD.SDD.NAD:DSD_NASU@DF_VALUATION(2.0),A,USA,P2,C31_32,CPA08_C16,XDC,O,V,T1620,2024,1755.98,D,S1,D,F,2,A,6,USD
OECD.SDD.NAD:DSD_NASU@DF_VALUATION(2.0),A,USA,P2,C31,CPA08_C16,XDC,O,V,T1620,2024,1553.04,D,S1,D,F,2,A,6,USD
OECD.SDD.NAD:DSD_NASU@DF_VALUATION(2.0),A,USA,P2,C32,CPA08_C16,XDC,O,V,T1620,2024,202.94,D,S1,D,F,2,A,6,USD
OECD.SDD.NAD:DSD_NASU@DF_VALUATION(2.0),A,USA,P2,C33,CPA08_C16,XDC,O,V,T1620,2024,2.65,D,S1,D,F,2,A,6,USD
OECD.SDD.NAD:DSD_NASU@DF_VALUATION(2.0),A,USA,P2,D,CPA08_C16,XDC,O,V,T1620,2024,1.91,D,S1,D,F,2,A,6,USD
OECD.SDD.NAD:DSD_NASU@DF_VALUATION(2.0),A,USA,P2,E,CPA08_C16,XDC,O,V,T1620,2024,10.64,D,S1,D,F,2,A,6,USD
OECD.SDD.NAD:DSD_NASU@DF_VALUATION(2.0),A,USA,P2,E36,CPA08_C16,XDC,O,V,T1620,2024,0.03,D,S1,D,F,2,A,6,USD
OECD.SDD.NAD:DSD_NASU@DF_VALUATION(2.0),A,USA,P2,E37T39,CPA08_C16,XDC,O,V,T1620,2024,10.6,D,S1,D,F,2,A,6,USD
OECD.SDD.NAD:DSD_NASU@DF_VALUATION(2.0),A,USA,P2,E38,CPA08_C16,XDC,O,V,T1620,2024,9.98,D,S1,D,F,2,A,6,USD
OECD.SDD.NAD:DSD_NASU@DF_VALUATION(2.0),A,USA,P2,E39,CPA08_C16,XDC,O,V,T1620,2024,0.62,D,S1,D,F,2,A,6,USD
OECD.SDD.NAD:DSD_NASU@DF_VALUATION(2.0),A,USA,P2,F,CPA08_C16,XDC,O,V,T1620,2024,30132.71,D,S1,D,F,2,A,6,USD
OECD.SDD.NAD:DSD_NASU@DF_VALUATION(2.0),A,USA,P2,F41,CPA08_C16,XDC,O,V,T1620,2024,28382.45,D,S1,D,F,2,A,6,USD
OECD.SDD.NAD:DSD_NASU@DF_VALUATION(2.0),A,USA,P2,F42,CPA08_C16,XDC,O,V,T1620,2024,1750.26,D,S1,D,F,2,A,6,USD
OECD.SDD.NAD:DSD_NASU@DF_VALUATION(2.0),A,USA,P2,A03,CPA08_C16,XDC,O,V,T1620,2024,11.12,D,S1,D,F,2,A,6,USD
OECD.SDD.NAD:DSD_NASU@DF_VALUATION(2.0),A,USA,P2,B,CPA08_C16,XDC,O,V,T1620,2024,151.5,D,S1,D,F,2,A,6,USD
OECD.SDD.NAD:DSD_NASU@DF_VALUATION(2.0),A,USA,P2,B05,CPA08_C16,XDC,O,V,T1620,2024,0.58,D,S1,D,F,2,A,6,USD
OECD.SDD.NAD:DSD_NASU@DF_VALUATION(2.0),A,USA,P2,B07,CPA08_C16,XDC,O,V,T1620,2024,65.22,D,S1,D,F,2,A,6,USD
OECD.SDD.NAD:DSD_NASU@DF_VALUATION(2.0),A,USA,P2,B08,CPA08_C16,XDC,O,V,T1620,2024,38.98,D,S1,D,F,2,A,6,USD
OECD.SDD.NAD:DSD_NASU@DF_VALUATION(2.0),A,USA,P2,B09,CPA08_C16,XDC,O,V,T1620,2024,46.72,D,S1,D,F,2,A,6,USD
OECD.SDD.NAD:DSD_NASU@DF_VALUATION(2.0),A,USA,P2,C,CPA08_C16,XDC,O,V,T1620,2024,12021.25,D,S1,D,F,2,A,6,USD
OECD.SDD.NAD:DSD_NASU@DF_VALUATION(2.0),A,USA,P2,C10T12,CPA08_C16,XDC,O,V,T1620,2024,144.58,D,S1,D,F,2,A,6,USD
OECD.SDD.NAD:DSD_NASU@DF_VALUATION(2.0),A,USA,P2,C10,CPA08_C16,XDC,O,V,T1620,2024,7.62,D,S1,D,F,2,A,6,USD
OECD.SDD.NAD:DSD_NASU@DF_VALUATION(2.0),A,USA,P2,C11,CPA08_C16,XDC,O,V,T1620,2024,24.91,D,S1,D,F,2,A,6,USD
OECD.SDD.NAD:DSD_NASU@DF_VALUATION(2.0),A,USA,P2,C12,CPA08_C16,XDC,O,V,T1620,2024,112.05,D,S1,D,F,2,A,6,USD
OECD.SDD.NAD:DSD_NASU@DF_VALUATION(2.0),A,USA,P2,C13,CPA08_C16,XDC,O,V,T1620,2024,11.94,D,S1,D,F,2,A,6,USD
OECD.SDD.NAD:DSD_NASU@DF_VALUATION(2.0),A,USA,P2,_T,CPA08_C16,XDC,O,V,T1620,2024,52962.07,D,S1,D,F,2,A,6,USD
OECD.SDD.NAD:DSD_NASU@DF_VALUATION(2.0),A,USA,P2,A,CPA08_C16,XDC,O,V,T1620,2024,269.97,D,S1,D,F,2,A,6,USD
OECD.SDD.NAD:DSD_NASU@DF_VALUATION(2.0),A,USA,P2,A01,CPA08_C16,XDC,O,V,T1620,2024,258.83,D,S1,D,F,2,A,6,USD
OECD.SDD.NAD:DSD_NASU@DF_VALUATION(2.0),A,USA,P2,A02,CPA08_C16,XDC,O,V,T1620,2024,0.02,D,S1,D,F,2,A,6,USD
OECD.SDD.NAD:DSD_NASU@DF_VALUATION(2.0),A,USA,P2,R93,CPA08_C16,XDC,O,V,T1620,2024,62.96,D,S1,D,F,2,A,6,USD
OECD.SDD.NAD:DSD_NASU@DF_VALUATION(2.0),A,USA,P2,S,CPA08_C16,XDC,O,V,T1620,2024,119.14,D,S1,D,F,2,A,6,USD
OECD.SDD.NAD:DSD_NASU@DF_VALUATION(2.0),A,USA,P2,H53,CPA08_C15,XDC,O,V,T1620,2024,122.29,D,S1,D,F,2,A,6,USD
OECD.SDD.NAD:DSD_NASU@DF_VALUATION(2.0),A,USA,P2,I,CPA08_C15,XDC,O,V,T1620,2024,3.95,D,S1,D,F,2,A,6,USD
OECD.SDD.NAD:DSD_NASU@DF_VALUATION(2.0),A,USA,P2,I55,CPA08_C15,XDC,O,V,T1620,2024,3.95,D,S1,D,F,2,A,6,USD
OECD.SDD.NAD:DSD_NASU@DF_VALUATION(2.0),A,USA,P2,O,CPA08_C15,XDC,O,V,T1620,2024,138.92,D,S1,D,F,2,A,6,USD
OECD.SDD.NAD:DSD_NASU@DF_VALUATION(2.0),A,USA,P2,P,CPA08_C15,XDC,O,V,T1620,2024,40.98,D,S1,D,F,2,A,6,USD
OECD.SDD.NAD:DSD_NASU@DF_VALUATION(2.0),A,USA,P2,Q,CPA08_C15,XDC,O,V,T1620,2024,0.01,D,S1,D,F,2,A,6,USD
OECD.SDD.NAD:DSD_NASU@DF_VALUATION(2.0),A,USA,P2,Q87_88,CPA08_C15,XDC,O,V,T1620,2024,0.01,D,S1,D,F,2,A,6,USD
OECD.SDD.NAD:DSD_NASU@DF_VALUATION(2.0),A,USA,P2,Q88,CPA08_C15,XDC,O,V,T1620,2024,0.01,D,S1,D,F,2,A,6,USD
OECD.SDD.NAD:DSD_NASU@DF_VALUATION(2.0),A,USA,P2,R,CPA08_C15,XDC,O,V,T1620,2024,33.41,D,S1,D,F,2,A,6,USD
OECD.SDD.NAD:DSD_NASU@DF_VALUATION(2.0),A,USA,P2,M74,CPA08_C17,XDC,O,V,T1620,2024,292.84,D,S1,D,F,2,A,6,USD
OECD.SDD.NAD:DSD_NASU@DF_VALUATION(2.0),A,USA,P2,N,CPA08_C17,XDC,O,V,T1620,2024,2217.67,D,S1,D,F,2,A,6,USD
OECD.SDD.NAD:DSD_NASU@DF_VALUATION(2.0),A,USA,P2,N77,CPA08_C17,XDC,O,V,T1620,2024,316.21,D,S1,D,F,2,A,6,USD
OECD.SDD.NAD:DSD_NASU@DF_VALUATION(2.0),A,USA,P2,N78,CPA08_C17,XDC,O,V,T1620,2024,196.95,D,S1,D,F,2,A,6,USD
OECD.SDD.NAD:DSD_NASU@DF_VALUATION(2.0),A,USA,P2,N79,CPA08_C17,XDC,O,V,T1620,2024,17.2,D,S1,D,F,2,A,6,USD
OECD.SDD.NAD:DSD_NASU@DF_VALUATION(2.0),A,USA,P2,N80T82,CPA08_C17,XDC,O,V,T1620,2024,1687.31,D,S1,D,F,2,A,6,USD
OECD.SDD.NAD:DSD_NASU@DF_VALUATION(2.0),A,USA,P2,N81,CPA08_C17,XDC,O,V,T1620,2024,1090.58,D,S1,D,F,2,A,6,USD
OECD.SDD.NAD:DSD_NASU@DF_VALUATION(2.0),A,USA,P2,N82,CPA08_C17,XDC,O,V,T1620,2024,562.99,D,S1,D,F,2,A,6,USD
OECD.SDD.NAD:DSD_NASU@DF_VALUATION(2.0),A,USA,P2,O,CPA08_C17,XDC,O,V,T1620,2024,2319.89,D,S1,D,F,2,A,6,USD
OECD.SDD.NAD:DSD_NASU@DF_VALUATION(2.0),A,USA,P2,P,CPA08_C17,XDC,O,V,T1620,2024,2345.05,D,S1,D,F,2,A,6,USD
OECD.SDD.NAD:DSD_NASU@DF_VALUATION(2.0),A,USA,P2,Q,CPA08_C17,XDC,O,V,T1620,2024,1205.16,D,S1,D,F,2,A,6,USD
OECD.SDD.NAD:DSD_NASU@DF_VALUATION(2.0),A,USA,P2,Q86,CPA08_C17,XDC,O,V,T1620,2024,748.2,D,S1,D,F,2,A,6,USD
OECD.SDD.NAD:DSD_NASU@DF_VALUATION(2.0),A,USA,P2,Q87_88,CPA08_C17,XDC,O,V,T1620,2024,456.95,D,S1,D,F,2,A,6,USD
OECD.SDD.NAD:DSD_NASU@DF_VALUATION(2.0),A,USA,P2,Q87,CPA08_C17,XDC,O,V,T1620,2024,169.59,D,S1,D,F,2,A,6,USD
OECD.SDD.NAD:DSD_NASU@DF_VALUATION(2.0),A,USA,P2,Q88,CPA08_C17,XDC,O,V,T1620,2024,287.37,D,S1,D,F,2,A,6,USD
OECD.SDD.NAD:DSD_NASU@DF_VALUATION(2.0),A,USA,P2,R90T92,CPA08_C17,XDC,O,V,T1620,2024,43.98,D,S1,D,F,2,A,6,USD
OECD.SDD.NAD:DSD_NASU@DF_VALUATION(2.0),A,USA,P2,R90,CPA08_C17,XDC,O,V,T1620,2024,19.2,D,S1,D,F,2,A,6,USD
OECD.SDD.NAD:DSD_NASU@DF_VALUATION(2.0),A,USA,P2,R91,CPA08_C17,XDC,O,V,T1620,2024,1.77,D,S1,D,F,2,A,6,USD
OECD.SDD.NAD:DSD_NASU@DF_VALUATION(2.0),A,USA,P2,R92,CPA08_C17,XDC,O,V,T1620,2024,23.02,D,S1,D,F,2,A,6,USD
OECD.SDD.NAD:DSD_NASU@DF_VALUATION(2.0),A,USA,P2,C15,CPA08_C17,XDC,O,V,T1620,2024,1.02,D,S1,D,F,2,A,6,USD
OECD.SDD.NAD:DSD_NASU@DF_VALUATION(2.0),A,USA,P2,C16,CPA08_C17,XDC,O,V,T1620,2024,362.83,D,S1,D,F,2,A,6,USD
OECD.SDD.NAD:DSD_NASU@DF_VALUATION(2.0),A,USA,P2,C17,CPA08_C17,XDC,O,V,T1620,2024,11097.6,D,S1,D,F,2,A,6,USD
OECD.SDD.NAD:DSD_NASU@DF_VALUATION(2.0),A,USA,P2,C18,CPA08_C17,XDC,O,V,T1620,2024,2807.34,D,S1,D,F,2,A,6,USD
OECD.SDD.NAD:DSD_NASU@DF_VALUATION(2.0),A,USA,P2,C19,CPA08_C17,XDC,O,V,T1620,2024,12.63,D,S1,D,F,2,A,6,USD
OECD.SDD.NAD:DSD_NASU@DF_VALUATION(2.0),A,USA,P2,C20,CPA08_C17,XDC,O,V,T1620,2024,1197.3,D,S1,D,F,2,A,6,USD
OECD.SDD.NAD:DSD_NASU@DF_VALUATION(2.0),A,USA,P2,C21,CPA08_C17,XDC,O,V,T1620,2024,5.6,D,S1,D,F,2,A,6,USD
OECD.SDD.NAD:DSD_NASU@DF_VALUATION(2.0),A,USA,P2,C22,CPA08_C17,XDC,O,V,T1620,2024,1204.27,D,S1,D,F,2,A,6,USD
OECD.SDD.NAD:DSD_NASU@DF_VALUATION(2.0),A,USA,P2,C23,CPA08_C17,XDC,O,V,T1620,2024,639.55,D,S1,D,F,2,A,6,USD
OECD.SDD.NAD:DSD_NASU@DF_VALUATION(2.0),A,USA,P2,C24,CPA08_C17,XDC,O,V,T1620,2024,490.08,D,S1,D,F,2,A,6,USD
OECD.SDD.NAD:DSD_NASU@DF_VALUATION(2.0),A,USA,P2,C25,CPA08_C17,XDC,O,V,T1620,2024,629.9,D,S1,D,F,2,A,6,USD
OECD.SDD.NAD:DSD_NASU@DF_VALUATION(2.0),A,USA,P2,C26,CPA08_C17,XDC,O,V,T1620,2024,132.93,D,S1,D,F,2,A,6,USD
OECD.SDD.NAD:DSD_NASU@DF_VALUATION(2.0),A,USA,P2,C28,CPA08_C17,XDC,O,V,T1620,2024,402.93,D,S1,D,F,2,A,6,USD
OECD.SDD.NAD:DSD_NASU@DF_VALUATION(2.0),A,USA,P2,C29,CPA08_C17,XDC,O,V,T1620,2024,1297.46,D,S1,D,F,2,A,6,USD
OECD.SDD.NAD:DSD_NASU@DF_VALUATION(2.0),A,USA,P2,C31_32,CPA08_C17,XDC,O,V,T1620,2024,766.94,D,S1,D,F,2,A,6,USD
OECD.SDD.NAD:DSD_NASU@DF_VALUATION(2.0),A,USA,P2,C31,CPA08_C17,XDC,O,V,T1620,2024,383.03,D,S1,D,F,2,A,6,USD
OECD.SDD.NAD:DSD_NASU@DF_VALUATION(2.0),A,USA,P2,C32,CPA08_C17,XDC,O,V,T1620,2024,383.92,D,S1,D,F,2,A,6,USD
OECD.SDD.NAD:DSD_NASU@DF_VALUATION(2.0),A,USA,P2,D,CPA08_C17,XDC,O,V,T1620,2024,9.28,D,S1,D,F,2,A,6,USD
OECD.SDD.NAD:DSD_NASU@DF_VALUATION(2.0),A,USA,P2,E,CPA08_C17,XDC,O,V,T1620,2024,108.05,D,S1,D,F,2,A,6,USD
OECD.SDD.NAD:DSD_NASU@DF_VALUATION(2.0),A,USA,P2,E36,CPA08_C17,XDC,O,V,T1620,2024,0.04,D,S1,D,F,2,A,6,USD
OECD.SDD.NAD:DSD_NASU@DF_VALUATION(2.0),A,USA,P2,E37T39,CPA08_C17,XDC,O,V,T1620,2024,108,D,S1,D,F,2,A,6,USD
OECD.SDD.NAD:DSD_NASU@DF_VALUATION(2.0),A,USA,P2,E38,CPA08_C17,XDC,O,V,T1620,2024,90.51,D,S1,D,F,2,A,6,USD
OECD.SDD.NAD:DSD_NASU@DF_VALUATION(2.0),A,USA,P2,E39,CPA08_C17,XDC,O,V,T1620,2024,17.5,D,S1,D,F,2,A,6,USD
OECD.SDD.NAD:DSD_NASU@DF_VALUATION(2.0),A,USA,P2,F,CPA08_C17,XDC,O,V,T1620,2024,1852.4,D,S1,D,F,2,A,6,USD
OECD.SDD.NAD:DSD_NASU@DF_VALUATION(2.0),A,USA,P2,F41,CPA08_C17,XDC,O,V,T1620,2024,1742.99,D,S1,D,F,2,A,6,USD
OECD.SDD.NAD:DSD_NASU@DF_VALUATION(2.0),A,USA,P2,F42,CPA08_C17,XDC,O,V,T1620,2024,109.4,D,S1,D,F,2,A,6,USD
OECD.SDD.NAD:DSD_NASU@DF_VALUATION(2.0),A,USA,P2,B05,CPA08_C17,XDC,O,V,T1620,2024,8.63,D,S1,D,F,2,A,6,USD
OECD.SDD.NAD:DSD_NASU@DF_VALUATION(2.0),A,USA,P2,B06,CPA08_C17,XDC,O,V,T1620,2024,27.18,D,S1,D,F,2,A,6,USD
OECD.SDD.NAD:DSD_NASU@DF_VALUATION(2.0),A,USA,P2,B07,CPA08_C17,XDC,O,V,T1620,2024,14.22,D,S1,D,F,2,A,6,USD
OECD.SDD.NAD:DSD_NASU@DF_VALUATION(2.0),A,USA,P2,B08,CPA08_C17,XDC,O,V,T1620,2024,11.5,D,S1,D,F,2,A,6,USD
OECD.SDD.NAD:DSD_NASU@DF_VALUATION(2.0),A,USA,P2,C,CPA08_C17,XDC,O,V,T1620,2024,28035.19,D,S1,D,F,2,A,6,USD
OECD.SDD.NAD:DSD_NASU@DF_VALUATION(2.0),A,USA,P2,C10T12,CPA08_C17,XDC,O,V,T1620,2024,6244.1,D,S1,D,F,2,A,6,USD
OECD.SDD.NAD:DSD_NASU@DF_VALUATION(2.0),A,USA,P2,C10,CPA08_C17,XDC,O,V,T1620,2024,4728,D,S1,D,F,2,A,6,USD
OECD.SDD.NAD:DSD_NASU@DF_VALUATION(2.0),A,USA,P2,C11,CPA08_C17,XDC,O,V,T1620,2024,581.26,D,S1,D,F,2,A,6,USD
OECD.SDD.NAD:DSD_NASU@DF_VALUATION(2.0),A,USA,P2,C12,CPA08_C17,XDC,O,V,T1620,2024,934.84,D,S1,D,F,2,A,6,USD
OECD.SDD.NAD:DSD_NASU@DF_VALUATION(2.0),A,USA,P2,C13T15,CPA08_C17,XDC,O,V,T1620,2024,91.12,D,S1,D,F,2,A,6,USD
OECD.SDD.NAD:DSD_NASU@DF_VALUATION(2.0),A,USA,P2,C13,CPA08_C17,XDC,O,V,T1620,2024,88.44,D,S1,D,F,2,A,6,USD
OECD.SDD.NAD:DSD_NASU@DF_VALUATION(2.0),A,USA,P2,C14,CPA08_C17,XDC,O,V,T1620,2024,1.66,D,S1,D,F,2,A,6,USD
OECD.SDD.NAD:DSD_NASU@DF_VALUATION(2.0),A,USA,P2,_T,CPA08_C17,XDC,O,V,T1620,2024,48764.81,D,S1,D,F,2,A,6,USD
OECD.SDD.NAD:DSD_NASU@DF_VALUATION(2.0),A,USA,P2,A,CPA08_C17,XDC,O,V,T1620,2024,138.61,D,S1,D,F,2,A,6,USD
OECD.SDD.NAD:DSD_NASU@DF_VALUATION(2.0),A,USA,P2,A01,CPA08_C17,XDC,O,V,T1620,2024,138.61,D,S1,D,F,2,A,6,USD
OECD.SDD.NAD:DSD_NASU@DF_VALUATION(2.0),A,USA,P2,B,CPA08_C17,XDC,O,V,T1620,2024,70.55,D,S1,D,F,2,A,6,USD
OECD.SDD.NAD:DSD_NASU@DF_VALUATION(2.0),A,USA,P2,R93,CPA08_C17,XDC,O,V,T1620,2024,66.48,D,S1,D,F,2,A,6,USD
OECD.SDD.NAD:DSD_NASU@DF_VALUATION(2.0),A,USA,P2,S,CPA08_C17,XDC,O,V,T1620,2024,307.08,D,S1,D,F,2,A,6,USD
OECD.SDD.NAD:DSD_NASU@DF_VALUATION(2.0),A,USA,P2,S95,CPA08_C16,XDC,O,V,T1620,2024,13.12,D,S1,D,F,2,A,6,USD
OECD.SDD.NAD:DSD_NASU@DF_VALUATION(2.0),A,USA,P2,S96,CPA08_C16,XDC,O,V,T1620,2024,12.26,D,S1,D,F,2,A,6,USD
OECD.SDD.NAD:DSD_NASU@DF_VALUATION(2.0),A,USA,TU,_Z,CPA08_C16,XDC,O,V,T1620,2024,64608.86,D,S1,D,F,2,A,6,USD
OECD.SDD.NAD:DSD_NASU@DF_VALUATION(2.0),A,USA,P3,_Z,CPA08_C16,XDC,O,V,T1620,2024,4202.72,D,S1,D,F,2,A,6,USD
OECD.SDD.NAD:DSD_NASU@DF_VALUATION(2.0),A,USA,P52,_Z,CPA08_C16,XDC,O,V,T1620,2024,186.92,D,S1,D,F,2,A,6,USD
OECD.SDD.NAD:DSD_NASU@DF_VALUATION(2.0),A,USA,P51G,_Z,CPA08_C16,XDC,O,V,T1620,2024,6193.53,D,S1,D,F,2,A,6,USD
OECD.SDD.NAD:DSD_NASU@DF_VALUATION(2.0),A,USA,P5,_Z,CPA08_C16,XDC,O,V,T1620,2024,6380.45,D,S1,D,F,2,A,6,USD
OECD.SDD.NAD:DSD_NASU@DF_VALUATION(2.0),A,USA,P2,C13T15,CPA08_C16,XDC,O,V,T1620,2024,12.07,D,S1,D,F,2,A,6,USD
OECD.SDD.NAD:DSD_NASU@DF_VALUATION(2.0),A,USA,P2,C16,CPA08_C16,XDC,O,V,T1620,2024,7228.16,D,S1,D,F,2,A,6,USD
OECD.SDD.NAD:DSD_NASU@DF_VALUATION(2.0),A,USA,P2,C17,CPA08_C16,XDC,O,V,T1620,2024,1018.35,D,S1,D,F,2,A,6,USD
OECD.SDD.NAD:DSD_NASU@DF_VALUATION(2.0),A,USA,P2,N82,CPA08_C16,XDC,O,V,T1620,2024,155.49,D,S1,D,F,2,A,6,USD
OECD.SDD.NAD:DSD_NASU@DF_VALUATION(2.0),A,USA,P2,G,CPA08_C16,XDC,O,V,T1620,2024,3343.54,D,S1,D,F,2,A,6,USD
OECD.SDD.NAD:DSD_NASU@DF_VALUATION(2.0),A,USA,P2,G45,CPA08_C16,XDC,O,V,T1620,2024,446.54,D,S1,D,F,2,A,6,USD
OECD.SDD.NAD:DSD_NASU@DF_VALUATION(2.0),A,USA,P2,G46,CPA08_C16,XDC,O,V,T1620,2024,2129.71,D,S1,D,F,2,A,6,USD
OECD.SDD.NAD:DSD_NASU@DF_VALUATION(2.0),A,USA,P2,G47,CPA08_C16,XDC,O,V,T1620,2024,767.29,D,S1,D,F,2,A,6,USD
OECD.SDD.NAD:DSD_NASU@DF_VALUATION(2.0),A,USA,P2,H,CPA08_C16,XDC,O,V,T1620,2024,1353.82,D,S1,D,F,2,A,6,USD
OECD.SDD.NAD:DSD_NASU@DF_VALUATION(2.0),A,USA,P2,H49,CPA08_C16,XDC,O,V,T1620,2024,1305.64,D,S1,D,F,2,A,6,USD
OECD.SDD.NAD:DSD_NASU@DF_VALUATION(2.0),A,USA,P2,H52,CPA08_C16,XDC,O,V,T1620,2024,30.53,D,S1,D,F,2,A,6,USD
OECD.SDD.NAD:DSD_NASU@DF_VALUATION(2.0),A,USA,P2,H53,CPA08_C16,XDC,O,V,T1620,2024,17.65,D,S1,D,F,2,A,6,USD
OECD.SDD.NAD:DSD_NASU@DF_VALUATION(2.0),A,USA,P2,I,CPA08_C16,XDC,O,V,T1620,2024,795.98,D,S1,D,F,2,A,6,USD
OECD.SDD.NAD:DSD_NASU@DF_VALUATION(2.0),A,USA,P2,I55,CPA08_C16,XDC,O,V,T1620,2024,461.51,D,S1,D,F,2,A,6,USD
OECD.SDD.NAD:DSD_NASU@DF_VALUATION(2.0),A,USA,P2,I56,CPA08_C16,XDC,O,V,T1620,2024,334.47,D,S1,D,F,2,A,6,USD
OECD.SDD.NAD:DSD_NASU@DF_VALUATION(2.0),A,USA,P2,C25,CPA08_C13,XDC,O,V,T1620,2024,54.09,D,S1,D,F,2,A,6,USD
OECD.SDD.NAD:DSD_NASU@DF_VALUATION(2.0),A,USA,P2,C26,CPA08_C13,XDC,O,V,T1620,2024,0.03,D,S1,D,F,2,A,6,USD
OECD.SDD.NAD:DSD_NASU@DF_VALUATION(2.0),A,USA,P2,C27,CPA08_C13,XDC,O,V,T1620,2024,0.04,D,S1,D,F,2,A,6,USD
OECD.SDD.NAD:DSD_NASU@DF_VALUATION(2.0),A,USA,P2,C28,CPA08_C13,XDC,O,V,T1620,2024,162.6,D,S1,D,F,2,A,6,USD
OECD.SDD.NAD:DSD_NASU@DF_VALUATION(2.0),A,USA,P2,C25,CPA08_C18,XDC,O,V,T1620,2024,0.23,D,S1,D,F,2,A,6,USD
OECD.SDD.NAD:DSD_NASU@DF_VALUATION(2.0),A,USA,P2,C27,CPA08_C18,XDC,O,V,T1620,2024,0.34,D,S1,D,F,2,A,6,USD
OECD.SDD.NAD:DSD_NASU@DF_VALUATION(2.0),A,USA,P2,C28,CPA08_C18,XDC,O,V,T1620,2024,0.54,D,S1,D,F,2,A,6,USD
OECD.SDD.NAD:DSD_NASU@DF_VALUATION(2.0),A,USA,P2,C29,CPA08_C18,XDC,O,V,T1620,2024,0.74,D,S1,D,F,2,A,6,USD
OECD.SDD.NAD:DSD_NASU@DF_VALUATION(2.0),A,USA,P2,C33,CPA08_C18,XDC,O,V,T1620,2024,1.59,D,S1,D,F,2,A,6,USD
OECD.SDD.NAD:DSD_NASU@DF_VALUATION(2.0),A,USA,P2,D,CPA08_C18,XDC,O,V,T1620,2024,1.64,D,S1,D,F,2,A,6,USD
OECD.SDD.NAD:DSD_NASU@DF_VALUATION(2.0),A,USA,P2,E,CPA08_C18,XDC,O,V,T1620,2024,3.58,D,S1,D,F,2,A,6,USD
OECD.SDD.NAD:DSD_NASU@DF_VALUATION(2.0),A,USA,P2,E37T39,CPA08_C18,XDC,O,V,T1620,2024,3.58,D,S1,D,F,2,A,6,USD
OECD.SDD.NAD:DSD_NASU@DF_VALUATION(2.0),A,USA,P2,E38,CPA08_C18,XDC,O,V,T1620,2024,2.88,D,S1,D,F,2,A,6,USD
OECD.SDD.NAD:DSD_NASU@DF_VALUATION(2.0),A,USA,P2,E39,CPA08_C18,XDC,O,V,T1620,2024,0.7,D,S1,D,F,2,A,6,USD
OECD.SDD.NAD:DSD_NASU@DF_VALUATION(2.0),A,USA,P2,F,CPA08_C18,XDC,O,V,T1620,2024,23.93,D,S1,D,F,2,A,6,USD
OECD.SDD.NAD:DSD_NASU@DF_VALUATION(2.0),A,USA,P2,F41,CPA08_C18,XDC,O,V,T1620,2024,23.69,D,S1,D,F,2,A,6,USD
OECD.SDD.NAD:DSD_NASU@DF_VALUATION(2.0),A,USA,P2,F42,CPA08_C18,XDC,O,V,T1620,2024,0.24,D,S1,D,F,2,A,6,USD
OECD.SDD.NAD:DSD_NASU@DF_VALUATION(2.0),A,USA,P2,G,CPA08_C18,XDC,O,V,T1620,2024,3725.69,D,S1,D,F,2,A,6,USD
OECD.SDD.NAD:DSD_NASU@DF_VALUATION(2.0),A,USA,P2,G45,CPA08_C18,XDC,O,V,T1620,2024,250.59,D,S1,D,F,2,A,6,USD
OECD.SDD.NAD:DSD_NASU@DF_VALUATION(2.0),A,USA,P2,G47,CPA08_C18,XDC,O,V,T1620,2024,1617.65,D,S1,D,F,2,A,6,USD
OECD.SDD.NAD:DSD_NASU@DF_VALUATION(2.0),A,USA,P2,H,CPA08_C18,XDC,O,V,T1620,2024,115.94,D,S1,D,F,2,A,6,USD
OECD.SDD.NAD:DSD_NASU@DF_VALUATION(2.0),A,USA,P2,H49,CPA08_C18,XDC,O,V,T1620,2024,60.8,D,S1,D,F,2,A,6,USD
OECD.SDD.NAD:DSD_NASU@DF_VALUATION(2.0),A,USA,P2,H50,CPA08_C18,XDC,O,V,T1620,2024,0.13,D,S1,D,F,2,A,6,USD
OECD.SDD.NAD:DSD_NASU@DF_VALUATION(2.0),A,USA,P2,H51,CPA08_C18,XDC,O,V,T1620,2024,1.65,D,S1,D,F,2,A,6,USD
OECD.SDD.NAD:DSD_NASU@DF_VALUATION(2.0),A,USA,P2,H52,CPA08_C18,XDC,O,V,T1620,2024,46.08,D,S1,D,F,2,A,6,USD
OECD.SDD.NAD:DSD_NASU@DF_VALUATION(2.0),A,USA,P2,H53,CPA08_C18,XDC,O,V,T1620,2024,7.28,D,S1,D,F,2,A,6,USD
OECD.SDD.NAD:DSD_NASU@DF_VALUATION(2.0),A,USA,P2,I56,CPA08_C18,XDC,O,V,T1620,2024,295.63,D,S1,D,F,2,A,6,USD
OECD.SDD.NAD:DSD_NASU@DF_VALUATION(2.0),A,USA,P2,J,CPA08_C18,XDC,O,V,T1620,2024,1500.89,D,S1,D,F,2,A,6,USD
OECD.SDD.NAD:DSD_NASU@DF_VALUATION(2.0),A,USA,P2,B05,CPA08_C18,XDC,O,V,T1620,2024,0.25,D,S1,D,F,2,A,6,USD
OECD.SDD.NAD:DSD_NASU@DF_VALUATION(2.0),A,USA,P2,B06,CPA08_C18,XDC,O,V,T1620,2024,1.7,D,S1,D,F,2,A,6,USD
OECD.SDD.NAD:DSD_NASU@DF_VALUATION(2.0),A,USA,P2,C,CPA08_C18,XDC,O,V,T1620,2024,77.99,D,S1,D,F,2,A,6,USD
OECD.SDD.NAD:DSD_NASU@DF_VALUATION(2.0),A,USA,P2,C10T12,CPA08_C18,XDC,O,V,T1620,2024,12.01,D,S1,D,F,2,A,6,USD
OECD.SDD.NAD:DSD_NASU@DF_VALUATION(2.0),A,USA,P2,C10,CPA08_C18,XDC,O,V,T1620,2024,11.61,D,S1,D,F,2,A,6,USD
OECD.SDD.NAD:DSD_NASU@DF_VALUATION(2.0),A,USA,P2,C11,CPA08_C18,XDC,O,V,T1620,2024,0.41,D,S1,D,F,2,A,6,USD
OECD.SDD.NAD:DSD_NASU@DF_VALUATION(2.0),A,USA,P2,C13T15,CPA08_C18,XDC,O,V,T1620,2024,0.08,D,S1,D,F,2,A,6,USD
OECD.SDD.NAD:DSD_NASU@DF_VALUATION(2.0),A,USA,P2,C14,CPA08_C18,XDC,O,V,T1620,2024,0.08,D,S1,D,F,2,A,6,USD
OECD.SDD.NAD:DSD_NASU@DF_VALUATION(2.0),A,USA,P2,C16,CPA08_C18,XDC,O,V,T1620,2024,0.44,D,S1,D,F,2,A,6,USD
OECD.SDD.NAD:DSD_NASU@DF_VALUATION(2.0),A,USA,P2,C18,CPA08_C18,XDC,O,V,T1620,2024,47.55,D,S1,D,F,2,A,6,USD
OECD.SDD.NAD:DSD_NASU@DF_VALUATION(2.0),A,USA,P2,C20,CPA08_C18,XDC,O,V,T1620,2024,10.96,D,S1,D,F,2,A,6,USD
OECD.SDD.NAD:DSD_NASU@DF_VALUATION(2.0),A,USA,P2,C21,CPA08_C18,XDC,O,V,T1620,2024,1.61,D,S1,D,F,2,A,6,USD
OECD.SDD.NAD:DSD_NASU@DF_VALUATION(2.0),A,USA,P2,_T,CPA08_C18,XDC,O,V,T1620,2024,14285.64,D,S1,D,F,2,A,6,USD
OECD.SDD.NAD:DSD_NASU@DF_VALUATION(2.0),A,USA,P2,A,CPA08_C18,XDC,O,V,T1620,2024,0.74,D,S1,D,F,2,A,6,USD
OECD.SDD.NAD:DSD_NASU@DF_VALUATION(2.0),A,USA,P2,A01,CPA08_C18,XDC,O,V,T1620,2024,0.74,D,S1,D,F,2,A,6,USD
OECD.SDD.NAD:DSD_NASU@DF_VALUATION(2.0),A,USA,P2,B,CPA08_C18,XDC,O,V,T1620,2024,1.95,D,S1,D,F,2,A,6,USD
OECD.SDD.NAD:DSD_NASU@DF_VALUATION(2.0),A,USA,P2,G46,CPA08_C18,XDC,O,V,T1620,2024,1857.45,D,S1,D,F,2,A,6,USD
OECD.SDD.NAD:DSD_NASU@DF_VALUATION(2.0),A,USA,P2,I,CPA08_C18,XDC,O,V,T1620,2024,619.68,D,S1,D,F,2,A,6,USD
OECD.SDD.NAD:DSD_NASU@DF_VALUATION(2.0),A,USA,P2,S96,CPA08_C17,XDC,O,V,T1620,2024,69.75,D,S1,D,F,2,A,6,USD
OECD.SDD.NAD:DSD_NASU@DF_VALUATION(2.0),A,USA,P3,_Z,CPA08_C17,XDC,O,V,T1620,2024,45032.28,D,S1,D,F,2,A,6,USD
OECD.SDD.NAD:DSD_NASU@DF_VALUATION(2.0),A,USA,TU,_Z,CPA08_C17,XDC,O,V,T1620,2024,97759.24,D,S1,D,F,2,A,6,USD
OECD.SDD.NAD:DSD_NASU@DF_VALUATION(2.0),A,USA,P52,_Z,CPA08_C17,XDC,O,V,T1620,2024,73.67,D,S1,D,F,2,A,6,USD
OECD.SDD.NAD:DSD_NASU@DF_VALUATION(2.0),A,USA,P5,_Z,CPA08_C17,XDC,O,V,T1620,2024,73.67,D,S1,D,F,2,A,6,USD
OECD.SDD.NAD:DSD_NASU@DF_VALUATION(2.0),A,USA,P2,B09,CPA08_C17,XDC,O,V,T1620,2024,9.01,D,S1,D,F,2,A,6,USD
OECD.SDD.NAD:DSD_NASU@DF_VALUATION(2.0),A,USA,P2,C27,CPA08_C17,XDC,O,V,T1620,2024,511.16,D,S1,D,F,2,A,6,USD
OECD.SDD.NAD:DSD_NASU@DF_VALUATION(2.0),A,USA,P2,C30,CPA08_C17,XDC,O,V,T1620,2024,120.12,D,S1,D,F,2,A,6,USD
OECD.SDD.NAD:DSD_NASU@DF_VALUATION(2.0),A,USA,P2,C33,CPA08_C17,XDC,O,V,T1620,2024,21.32,D,S1,D,F,2,A,6,USD
OECD.SDD.NAD:DSD_NASU@DF_VALUATION(2.0),A,USA,P2,J60,CPA08_C17,XDC,O,V,T1620,2024,0.81,D,S1,D,F,2,A,6,USD
OECD.SDD.NAD:DSD_NASU@DF_VALUATION(2.0),A,USA,P2,L68B,CPA08_C17,XDC,O,V,T1620,2024,292.21,D,S1,D,F,2,A,6,USD
OECD.SDD.NAD:DSD_NASU@DF_VALUATION(2.0),A,USA,P2,M75,CPA08_C17,XDC,O,V,T1620,2024,39.54,D,S1,D,F,2,A,6,USD
OECD.SDD.NAD:DSD_NASU@DF_VALUATION(2.0),A,USA,P2,N80,CPA08_C17,XDC,O,V,T1620,2024,33.74,D,S1,D,F,2,A,6,USD
OECD.SDD.NAD:DSD_NASU@DF_VALUATION(2.0),A,USA,P2,R,CPA08_C17,XDC,O,V,T1620,2024,110.46,D,S1,D,F,2,A,6,USD
OECD.SDD.NAD:DSD_NASU@DF_VALUATION(2.0),A,USA,P2,S95,CPA08_C17,XDC,O,V,T1620,2024,20.44,D,S1,D,F,2,A,6,USD
OECD.SDD.NAD:DSD_NASU@DF_VALUATION(2.0),A,USA,P2,G,CPA08_C17,XDC,O,V,T1620,2024,3047.19,D,S1,D,F,2,A,6,USD
OECD.SDD.NAD:DSD_NASU@DF_VALUATION(2.0),A,USA,P2,G45,CPA08_C17,XDC,O,V,T1620,2024,292.98,D,S1,D,F,2,A,6,USD
OECD.SDD.NAD:DSD_NASU@DF_VALUATION(2.0),A,USA,P2,G46,CPA08_C17,XDC,O,V,T1620,2024,1799.79,D,S1,D,F,2,A,6,USD
OECD.SDD.NAD:DSD_NASU@DF_VALUATION(2.0),A,USA,P2,G47,CPA08_C17,XDC,O,V,T1620,2024,954.42,D,S1,D,F,2,A,6,USD
OECD.SDD.NAD:DSD_NASU@DF_VALUATION(2.0),A,USA,P2,H,CPA08_C17,XDC,O,V,T1620,2024,775.87,D,S1,D,F,2,A,6,USD
OECD.SDD.NAD:DSD_NASU@DF_VALUATION(2.0),A,USA,P2,G45,CPA08_C15,XDC,O,V,T1620,2024,13.44,D,S1,D,F,2,A,6,USD
OECD.SDD.NAD:DSD_NASU@DF_VALUATION(2.0),A,USA,P2,_T,CPA08_C15,XDC,O,V,T1620,2024,1856.17,D,S1,D,F,2,A,6,USD
OECD.SDD.NAD:DSD_NASU@DF_VALUATION(2.0),A,USA,P2,A,CPA08_C15,XDC,O,V,T1620,2024,22.7,D,S1,D,F,2,A,6,USD
OECD.SDD.NAD:DSD_NASU@DF_VALUATION(2.0),A,USA,P2,A01,CPA08_C15,XDC,O,V,T1620,2024,22.7,D,S1,D,F,2,A,6,USD
OECD.SDD.NAD:DSD_NASU@DF_VALUATION(2.0),A,USA,P2,C,CPA08_C15,XDC,O,V,T1620,2024,1304.47,D,S1,D,F,2,A,6,USD
OECD.SDD.NAD:DSD_NASU@DF_VALUATION(2.0),A,USA,P2,G46,CPA08_C15,XDC,O,V,T1620,2024,27.13,D,S1,D,F,2,A,6,USD
OECD.SDD.NAD:DSD_NASU@DF_VALUATION(2.0),A,USA,P2,G47,CPA08_C15,XDC,O,V,T1620,2024,96.71,D,S1,D,F,2,A,6,USD
OECD.SDD.NAD:DSD_NASU@DF_VALUATION(2.0),A,USA,P2,R90,CPA08_C14,XDC,O,V,T1620,2024,2.29,D,S1,D,F,2,A,6,USD
OECD.SDD.NAD:DSD_NASU@DF_VALUATION(2.0),A,USA,P2,R93,CPA08_C14,XDC,O,V,T1620,2024,0.13,D,S1,D,F,2,A,6,USD
OECD.SDD.NAD:DSD_NASU@DF_VALUATION(2.0),A,USA,P2,S,CPA08_C14,XDC,O,V,T1620,2024,316.4,D,S1,D,F,2,A,6,USD
OECD.SDD.NAD:DSD_NASU@DF_VALUATION(2.0),A,USA,P2,S94,CPA08_C14,XDC,O,V,T1620,2024,314.89,D,S1,D,F,2,A,6,USD
OECD.SDD.NAD:DSD_NASU@DF_VALUATION(2.0),A,USA,P2,S95,CPA08_C14,XDC,O,V,T1620,2024,0.31,D,S1,D,F,2,A,6,USD
OECD.SDD.NAD:DSD_NASU@DF_VALUATION(2.0),A,USA,P2,S96,CPA08_C14,XDC,O,V,T1620,2024,1.2,D,S1,D,F,2,A,6,USD
OECD.SDD.NAD:DSD_NASU@DF_VALUATION(2.0),A,USA,P5,_Z,CPA08_C14,XDC,O,V,T1620,2024,344.74,D,S1,D,F,2,A,6,USD
OECD.SDD.NAD:DSD_NASU@DF_VALUATION(2.0),A,USA,TU,_Z,CPA08_C14,XDC,O,V,T1620,2024,240825.77,D,S1,D,F,2,A,6,USD
OECD.SDD.NAD:DSD_NASU@DF_VALUATION(2.0),A,USA,P52,_Z,CPA08_C14,XDC,O,V,T1620,2024,344.74,D,S1,D,F,2,A,6,USD
OECD.SDD.NAD:DSD_NASU@DF_VALUATION(2.0),A,USA,P3,_Z,CPA08_C14,XDC,O,V,T1620,2024,238429.25,D,S1,D,F,2,A,6,USD
OECD.SDD.NAD:DSD_NASU@DF_VALUATION(2.0),A,USA,P2,G46,CPA08_C14,XDC,O,V,T1620,2024,71.3,D,S1,D,F,2,A,6,USD
OECD.SDD.NAD:DSD_NASU@DF_VALUATION(2.0),A,USA,P2,G47,CPA08_C14,XDC,O,V,T1620,2024,32.49,D,S1,D,F,2,A,6,USD
OECD.SDD.NAD:DSD_NASU@DF_VALUATION(2.0),A,USA,P2,I,CPA08_C14,XDC,O,V,T1620,2024,1.28,D,S1,D,F,2,A,6,USD
OECD.SDD.NAD:DSD_NASU@DF_VALUATION(2.0),A,USA,P2,I55,CPA08_C14,XDC,O,V,T1620,2024,0.04,D,S1,D,F,2,A,6,USD
OECD.SDD.NAD:DSD_NASU@DF_VALUATION(2.0),A,USA,P2,I56,CPA08_C14,XDC,O,V,T1620,2024,1.24,D,S1,D,F,2,A,6,USD
OECD.SDD.NAD:DSD_NASU@DF_VALUATION(2.0),A,USA,P2,J,CPA08_C14,XDC,O,V,T1620,2024,2.65,D,S1,D,F,2,A,6,USD
OECD.SDD.NAD:DSD_NASU@DF_VALUATION(2.0),A,USA,P2,M71,CPA08_C17,XDC,O,V,T1620,2024,142.31,D,S1,D,F,2,A,6,USD
OECD.SDD.NAD:DSD_NASU@DF_VALUATION(2.0),A,USA,P2,M72,CPA08_C17,XDC,O,V,T1620,2024,49.67,D,S1,D,F,2,A,6,USD
OECD.SDD.NAD:DSD_NASU@DF_VALUATION(2.0),A,USA,P2,M73,CPA08_C17,XDC,O,V,T1620,2024,274.22,D,S1,D,F,2,A,6,USD
OECD.SDD.NAD:DSD_NASU@DF_VALUATION(2.0),A,USA,P2,M74_75,CPA08_C17,XDC,O,V,T1620,2024,332.38,D,S1,D,F,2,A,6,USD
OECD.SDD.NAD:DSD_NASU@DF_VALUATION(2.0),A,USA,P2,C18,CPA08_C19,XDC,O,V,T1620,2024,91.77,D,S1,D,F,2,A,6,USD
OECD.SDD.NAD:DSD_NASU@DF_VALUATION(2.0),A,USA,P2,C19,CPA08_C19,XDC,O,V,T1620,2024,992.07,D,S1,D,F,2,A,6,USD
OECD.SDD.NAD:DSD_NASU@DF_VALUATION(2.0),A,USA,P2,C20,CPA08_C19,XDC,O,V,T1620,2024,2827.85,D,S1,D,F,2,A,6,USD
OECD.SDD.NAD:DSD_NASU@DF_VALUATION(2.0),A,USA,P2,C21,CPA08_C19,XDC,O,V,T1620,2024,15.86,D,S1,D,F,2,A,6,USD
OECD.SDD.NAD:DSD_NASU@DF_VALUATION(2.0),A,USA,P2,C22,CPA08_C19,XDC,O,V,T1620,2024,107.67,D,S1,D,F,2,A,6,USD
OECD.SDD.NAD:DSD_NASU@DF_VALUATION(2.0),A,USA,P2,C23,CPA08_C19,XDC,O,V,T1620,2024,1185.95,D,S1,D,F,2,A,6,USD
OECD.SDD.NAD:DSD_NASU@DF_VALUATION(2.0),A,USA,P2,C24,CPA08_C19,XDC,O,V,T1620,2024,397.32,D,S1,D,F,2,A,6,USD
OECD.SDD.NAD:DSD_NASU@DF_VALUATION(2.0),A,USA,P2,C25,CPA08_C19,XDC,O,V,T1620,2024,118.82,D,S1,D,F,2,A,6,USD
OECD.SDD.NAD:DSD_NASU@DF_VALUATION(2.0),A,USA,P2,C26,CPA08_C19,XDC,O,V,T1620,2024,36.4,D,S1,D,F,2,A,6,USD
OECD.SDD.NAD:DSD_NASU@DF_VALUATION(2.0),A,USA,P2,C27,CPA08_C19,XDC,O,V,T1620,2024,308.87,D,S1,D,F,2,A,6,USD
OECD.SDD.NAD:DSD_NASU@DF_VALUATION(2.0),A,USA,P2,C28,CPA08_C19,XDC,O,V,T1620,2024,174.18,D,S1,D,F,2,A,6,USD
OECD.SDD.NAD:DSD_NASU@DF_VALUATION(2.0),A,USA,P2,C29,CPA08_C19,XDC,O,V,T1620,2024,67.96,D,S1,D,F,2,A,6,USD
OECD.SDD.NAD:DSD_NASU@DF_VALUATION(2.0),A,USA,P2,C30,CPA08_C19,XDC,O,V,T1620,2024,13.6,D,S1,D,F,2,A,6,USD
OECD.SDD.NAD:DSD_NASU@DF_VALUATION(2.0),A,USA,P2,C31_32,CPA08_C19,XDC,O,V,T1620,2024,145.13,D,S1,D,F,2,A,6,USD
OECD.SDD.NAD:DSD_NASU@DF_VALUATION(2.0),A,USA,P2,C31,CPA08_C19,XDC,O,V,T1620,2024,39.25,D,S1,D,F,2,A,6,USD
OECD.SDD.NAD:DSD_NASU@DF_VALUATION(2.0),A,USA,P2,C32,CPA08_C19,XDC,O,V,T1620,2024,105.88,D,S1,D,F,2,A,6,USD
OECD.SDD.NAD:DSD_NASU@DF_VALUATION(2.0),A,USA,P2,C33,CPA08_C19,XDC,O,V,T1620,2024,14.11,D,S1,D,F,2,A,6,USD
OECD.SDD.NAD:DSD_NASU@DF_VALUATION(2.0),A,USA,P2,D,CPA08_C19,XDC,O,V,T1620,2024,4080.89,D,S1,D,F,2,A,6,USD
OECD.SDD.NAD:DSD_NASU@DF_VALUATION(2.0),A,USA,P2,E,CPA08_C19,XDC,O,V,T1620,2024,540.06,D,S1,D,F,2,A,6,USD
OECD.SDD.NAD:DSD_NASU@DF_VALUATION(2.0),A,USA,P2,E36,CPA08_C19,XDC,O,V,T1620,2024,190.18,D,S1,D,F,2,A,6,USD
OECD.SDD.NAD:DSD_NASU@DF_VALUATION(2.0),A,USA,P2,A03,CPA08_C19,XDC,O,V,T1620,2024,19.24,D,S1,D,F,2,A,6,USD
OECD.SDD.NAD:DSD_NASU@DF_VALUATION(2.0),A,USA,P2,B,CPA08_C19,XDC,O,V,T1620,2024,1161.18,D,S1,D,F,2,A,6,USD
OECD.SDD.NAD:DSD_NASU@DF_VALUATION(2.0),A,USA,P2,B05,CPA08_C19,XDC,O,V,T1620,2024,148.22,D,S1,D,F,2,A,6,USD
OECD.SDD.NAD:DSD_NASU@DF_VALUATION(2.0),A,USA,P2,B06,CPA08_C19,XDC,O,V,T1620,2024,691.13,D,S1,D,F,2,A,6,USD
OECD.SDD.NAD:DSD_NASU@DF_VALUATION(2.0),A,USA,P2,B07,CPA08_C19,XDC,O,V,T1620,2024,89.64,D,S1,D,F,2,A,6,USD
OECD.SDD.NAD:DSD_NASU@DF_VALUATION(2.0),A,USA,P2,B08,CPA08_C19,XDC,O,V,T1620,2024,83.22,D,S1,D,F,2,A,6,USD
OECD.SDD.NAD:DSD_NASU@DF_VALUATION(2.0),A,USA,P2,B09,CPA08_C19,XDC,O,V,T1620,2024,148.98,D,S1,D,F,2,A,6,USD
OECD.SDD.NAD:DSD_NASU@DF_VALUATION(2.0),A,USA,P2,C,CPA08_C19,XDC,O,V,T1620,2024,7266.8,D,S1,D,F,2,A,6,USD
OECD.SDD.NAD:DSD_NASU@DF_VALUATION(2.0),A,USA,P2,C10T12,CPA08_C19,XDC,O,V,T1620,2024,497.42,D,S1,D,F,2,A,6,USD
OECD.SDD.NAD:DSD_NASU@DF_VALUATION(2.0),A,USA,P2,C10,CPA08_C19,XDC,O,V,T1620,2024,338.39,D,S1,D,F,2,A,6,USD
OECD.SDD.NAD:DSD_NASU@DF_VALUATION(2.0),A,USA,P2,C11,CPA08_C19,XDC,O,V,T1620,2024,73.81,D,S1,D,F,2,A,6,USD
OECD.SDD.NAD:DSD_NASU@DF_VALUATION(2.0),A,USA,P2,C12,CPA08_C19,XDC,O,V,T1620,2024,85.23,D,S1,D,F,2,A,6,USD
OECD.SDD.NAD:DSD_NASU@DF_VALUATION(2.0),A,USA,P2,_T,CPA08_C19,XDC,O,V,T1620,2024,74801.78,D,S1,D,F,2,A,6,USD
OECD.SDD.NAD:DSD_NASU@DF_VALUATION(2.0),A,USA,P2,A,CPA08_C19,XDC,O,V,T1620,2024,2698.14,D,S1,D,F,2,A,6,USD
OECD.SDD.NAD:DSD_NASU@DF_VALUATION(2.0),A,USA,P2,A01,CPA08_C19,XDC,O,V,T1620,2024,2674.03,D,S1,D,F,2,A,6,USD
OECD.SDD.NAD:DSD_NASU@DF_VALUATION(2.0),A,USA,P2,A02,CPA08_C19,XDC,O,V,T1620,2024,4.87,D,S1,D,F,2,A,6,USD
OECD.SDD.NAD:DSD_NASU@DF_VALUATION(2.0),A,USA,P2,O,CPA08_C19,XDC,O,V,T1620,2024,11014.79,D,S1,D,F,2,A,6,USD
OECD.SDD.NAD:DSD_NASU@DF_VALUATION(2.0),A,USA,P2,Q,CPA08_C19,XDC,O,V,T1620,2024,790.86,D,S1,D,F,2,A,6,USD
OECD.SDD.NAD:DSD_NASU@DF_VALUATION(2.0),A,USA,P2,S94,CPA08_C18,XDC,O,V,T1620,2024,221.05,D,S1,D,F,2,A,6,USD
OECD.SDD.NAD:DSD_NASU@DF_VALUATION(2.0),A,USA,P2,J,CPA08_C16,XDC,O,V,T1620,2024,512.94,D,S1,D,F,2,A,6,USD
OECD.SDD.NAD:DSD_NASU@DF_VALUATION(2.0),A,USA,P2,J58,CPA08_C16,XDC,O,V,T1620,2024,10.01,D,S1,D,F,2,A,6,USD
OECD.SDD.NAD:DSD_NASU@DF_VALUATION(2.0),A,USA,P2,J59_60,CPA08_C16,XDC,O,V,T1620,2024,31.45,D,S1,D,F,2,A,6,USD
OECD.SDD.NAD:DSD_NASU@DF_VALUATION(2.0),A,USA,P2,J59,CPA08_C16,XDC,O,V,T1620,2024,15.35,D,S1,D,F,2,A,6,USD
OECD.SDD.NAD:DSD_NASU@DF_VALUATION(2.0),A,USA,P2,J60,CPA08_C16,XDC,O,V,T1620,2024,16.1,D,S1,D,F,2,A,6,USD
OECD.SDD.NAD:DSD_NASU@DF_VALUATION(2.0),A,USA,P2,J61,CPA08_C16,XDC,O,V,T1620,2024,124.53,D,S1,D,F,2,A,6,USD
OECD.SDD.NAD:DSD_NASU@DF_VALUATION(2.0),A,USA,P2,J62_63,CPA08_C16,XDC,O,V,T1620,2024,346.94,D,S1,D,F,2,A,6,USD
OECD.SDD.NAD:DSD_NASU@DF_VALUATION(2.0),A,USA,P2,J62,CPA08_C16,XDC,O,V,T1620,2024,12.14,D,S1,D,F,2,A,6,USD
OECD.SDD.NAD:DSD_NASU@DF_VALUATION(2.0),A,USA,P2,J63,CPA08_C16,XDC,O,V,T1620,2024,334.81,D,S1,D,F,2,A,6,USD
OECD.SDD.NAD:DSD_NASU@DF_VALUATION(2.0),A,USA,P2,K,CPA08_C16,XDC,O,V,T1620,2024,72.06,D,S1,D,F,2,A,6,USD
OECD.SDD.NAD:DSD_NASU@DF_VALUATION(2.0),A,USA,P2,K64,CPA08_C16,XDC,O,V,T1620,2024,72.06,D,S1,D,F,2,A,6,USD
OECD.SDD.NAD:DSD_NASU@DF_VALUATION(2.0),A,USA,P2,L,CPA08_C16,XDC,O,V,T1620,2024,1670.64,D,S1,D,F,2,A,6,USD
OECD.SDD.NAD:DSD_NASU@DF_VALUATION(2.0),A,USA,P2,L68A,CPA08_C16,XDC,O,V,T1620,2024,5.96,D,S1,D,F,2,A,6,USD
OECD.SDD.NAD:DSD_NASU@DF_VALUATION(2.0),A,USA,P2,L68B,CPA08_C16,XDC,O,V,T1620,2024,1664.68,D,S1,D,F,2,A,6,USD
OECD.SDD.NAD:DSD_NASU@DF_VALUATION(2.0),A,USA,P2,M,CPA08_C16,XDC,O,V,T1620,2024,219.02,D,S1,D,F,2,A,6,USD
OECD.SDD.NAD:DSD_NASU@DF_VALUATION(2.0),A,USA,P2,M69_70,CPA08_C16,XDC,O,V,T1620,2024,12.72,D,S1,D,F,2,A,6,USD
OECD.SDD.NAD:DSD_NASU@DF_VALUATION(2.0),A,USA,P2,M69,CPA08_C16,XDC,O,V,T1620,2024,5.45,D,S1,D,F,2,A,6,USD
OECD.SDD.NAD:DSD_NASU@DF_VALUATION(2.0),A,USA,P2,M70,CPA08_C16,XDC,O,V,T1620,2024,7.28,D,S1,D,F,2,A,6,USD
OECD.SDD.NAD:DSD_NASU@DF_VALUATION(2.0),A,USA,P2,M71,CPA08_C16,XDC,O,V,T1620,2024,91.32,D,S1,D,F,2,A,6,USD
OECD.SDD.NAD:DSD_NASU@DF_VALUATION(2.0),A,USA,P2,M72,CPA08_C16,XDC,O,V,T1620,2024,37.97,D,S1,D,F,2,A,6,USD
OECD.SDD.NAD:DSD_NASU@DF_VALUATION(2.0),A,USA,P2,M73,CPA08_C16,XDC,O,V,T1620,2024,9.98,D,S1,D,F,2,A,6,USD
OECD.SDD.NAD:DSD_NASU@DF_VALUATION(2.0),A,USA,P2,M74_75,CPA08_C16,XDC,O,V,T1620,2024,67.02,D,S1,D,F,2,A,6,USD
OECD.SDD.NAD:DSD_NASU@DF_VALUATION(2.0),A,USA,P2,M74,CPA08_C16,XDC,O,V,T1620,2024,65.23,D,S1,D,F,2,A,6,USD
OECD.SDD.NAD:DSD_NASU@DF_VALUATION(2.0),A,USA,P2,M75,CPA08_C16,XDC,O,V,T1620,2024,1.79,D,S1,D,F,2,A,6,USD
OECD.SDD.NAD:DSD_NASU@DF_VALUATION(2.0),A,USA,P2,N,CPA08_C16,XDC,O,V,T1620,2024,401.71,D,S1,D,F,2,A,6,USD
OECD.SDD.NAD:DSD_NASU@DF_VALUATION(2.0),A,USA,P2,N80,CPA08_C18,XDC,O,V,T1620,2024,6.17,D,S1,D,F,2,A,6,USD
OECD.SDD.NAD:DSD_NASU@DF_VALUATION(2.0),A,USA,P2,N81,CPA08_C18,XDC,O,V,T1620,2024,34.6,D,S1,D,F,2,A,6,USD
OECD.SDD.NAD:DSD_NASU@DF_VALUATION(2.0),A,USA,P2,N82,CPA08_C18,XDC,O,V,T1620,2024,453.99,D,S1,D,F,2,A,6,USD
OECD.SDD.NAD:DSD_NASU@DF_VALUATION(2.0),A,USA,P2,O,CPA08_C18,XDC,O,V,T1620,2024,1342.32,D,S1,D,F,2,A,6,USD
OECD.SDD.NAD:DSD_NASU@DF_VALUATION(2.0),A,USA,P2,P,CPA08_C18,XDC,O,V,T1620,2024,1502.71,D,S1,D,F,2,A,6,USD
OECD.SDD.NAD:DSD_NASU@DF_VALUATION(2.0),A,USA,P2,Q,CPA08_C18,XDC,O,V,T1620,2024,1618.74,D,S1,D,F,2,A,6,USD
OECD.SDD.NAD:DSD_NASU@DF_VALUATION(2.0),A,USA,P2,Q86,CPA08_C18,XDC,O,V,T1620,2024,1226.15,D,S1,D,F,2,A,6,USD
OECD.SDD.NAD:DSD_NASU@DF_VALUATION(2.0),A,USA,P2,Q87_88,CPA08_C18,XDC,O,V,T1620,2024,392.6,D,S1,D,F,2,A,6,USD
OECD.SDD.NAD:DSD_NASU@DF_VALUATION(2.0),A,USA,P2,Q87,CPA08_C18,XDC,O,V,T1620,2024,30.09,D,S1,D,F,2,A,6,USD
OECD.SDD.NAD:DSD_NASU@DF_VALUATION(2.0),A,USA,P2,Q88,CPA08_C18,XDC,O,V,T1620,2024,362.51,D,S1,D,F,2,A,6,USD
OECD.SDD.NAD:DSD_NASU@DF_VALUATION(2.0),A,USA,P2,R,CPA08_C18,XDC,O,V,T1620,2024,241.69,D,S1,D,F,2,A,6,USD
OECD.SDD.NAD:DSD_NASU@DF_VALUATION(2.0),A,USA,P2,R90T92,CPA08_C18,XDC,O,V,T1620,2024,198.18,D,S1,D,F,2,A,6,USD
OECD.SDD.NAD:DSD_NASU@DF_VALUATION(2.0),A,USA,P2,R90,CPA08_C18,XDC,O,V,T1620,2024,37.16,D,S1,D,F,2,A,6,USD
OECD.SDD.NAD:DSD_NASU@DF_VALUATION(2.0),A,USA,P2,R91,CPA08_C18,XDC,O,V,T1620,2024,132.24,D,S1,D,F,2,A,6,USD
OECD.SDD.NAD:DSD_NASU@DF_VALUATION(2.0),A,USA,P2,R92,CPA08_C18,XDC,O,V,T1620,2024,28.78,D,S1,D,F,2,A,6,USD
OECD.SDD.NAD:DSD_NASU@DF_VALUATION(2.0),A,USA,P2,R93,CPA08_C18,XDC,O,V,T1620,2024,43.51,D,S1,D,F,2,A,6,USD
OECD.SDD.NAD:DSD_NASU@DF_VALUATION(2.0),A,USA,P2,S,CPA08_C18,XDC,O,V,T1620,2024,308.63,D,S1,D,F,2,A,6,USD
OECD.SDD.NAD:DSD_NASU@DF_VALUATION(2.0),A,USA,P2,S95,CPA08_C18,XDC,O,V,T1620,2024,0.38,D,S1,D,F,2,A,6,USD
OECD.SDD.NAD:DSD_NASU@DF_VALUATION(2.0),A,USA,P2,S96,CPA08_C18,XDC,O,V,T1620,2024,87.2,D,S1,D,F,2,A,6,USD
OECD.SDD.NAD:DSD_NASU@DF_VALUATION(2.0),A,USA,TU,_Z,CPA08_C18,XDC,O,V,T1620,2024,23477.3,D,S1,D,F,2,A,6,USD
OECD.SDD.NAD:DSD_NASU@DF_VALUATION(2.0),A,USA,P3,_Z,CPA08_C18,XDC,O,V,T1620,2024,8825.22,D,S1,D,F,2,A,6,USD
OECD.SDD.NAD:DSD_NASU@DF_VALUATION(2.0),A,USA,P5,_Z,CPA08_C18,XDC,O,V,T1620,2024,19.37,D,S1,D,F,2,A,6,USD
OECD.SDD.NAD:DSD_NASU@DF_VALUATION(2.0),A,USA,P52,_Z,CPA08_C18,XDC,O,V,T1620,2024,19.37,D,S1,D,F,2,A,6,USD
OECD.SDD.NAD:DSD_NASU@DF_VALUATION(2.0),A,USA,P2,C23,CPA08_C18,XDC,O,V,T1620,2024,0.17,D,S1,D,F,2,A,6,USD
OECD.SDD.NAD:DSD_NASU@DF_VALUATION(2.0),A,USA,P2,C24,CPA08_C18,XDC,O,V,T1620,2024,1.73,D,S1,D,F,2,A,6,USD
OECD.SDD.NAD:DSD_NASU@DF_VALUATION(2.0),A,USA,P2,B07,CPA08_C20,XDC,O,V,T1620,2024,109.43,D,S1,D,F,2,A,6,USD
OECD.SDD.NAD:DSD_NASU@DF_VALUATION(2.0),A,USA,P2,B08,CPA08_C20,XDC,O,V,T1620,2024,93.57,D,S1,D,F,2,A,6,USD
OECD.SDD.NAD:DSD_NASU@DF_VALUATION(2.0),A,USA,P2,B09,CPA08_C20,XDC,O,V,T1620,2024,224.1,D,S1,D,F,2,A,6,USD
OECD.SDD.NAD:DSD_NASU@DF_VALUATION(2.0),A,USA,P2,C,CPA08_C20,XDC,O,V,T1620,2024,61083.67,D,S1,D,F,2,A,6,USD
OECD.SDD.NAD:DSD_NASU@DF_VALUATION(2.0),A,USA,P2,C10T12,CPA08_C20,XDC,O,V,T1620,2024,1331.16,D,S1,D,F,2,A,6,USD
OECD.SDD.NAD:DSD_NASU@DF_VALUATION(2.0),A,USA,P2,C10,CPA08_C20,XDC,O,V,T1620,2024,1145.11,D,S1,D,F,2,A,6,USD
OECD.SDD.NAD:DSD_NASU@DF_VALUATION(2.0),A,USA,P2,C11,CPA08_C20,XDC,O,V,T1620,2024,85.54,D,S1,D,F,2,A,6,USD
OECD.SDD.NAD:DSD_NASU@DF_VALUATION(2.0),A,USA,P2,C12,CPA08_C20,XDC,O,V,T1620,2024,100.52,D,S1,D,F,2,A,6,USD
OECD.SDD.NAD:DSD_NASU@DF_VALUATION(2.0),A,USA,P2,C13T15,CPA08_C20,XDC,O,V,T1620,2024,1630.57,D,S1,D,F,2,A,6,USD
OECD.SDD.NAD:DSD_NASU@DF_VALUATION(2.0),A,USA,P2,C13,CPA08_C20,XDC,O,V,T1620,2024,1612.79,D,S1,D,F,2,A,6,USD
OECD.SDD.NAD:DSD_NASU@DF_VALUATION(2.0),A,USA,P2,_T,CPA08_C20,XDC,O,V,T1620,2024,118977.31,D,S1,D,F,2,A,6,USD
OECD.SDD.NAD:DSD_NASU@DF_VALUATION(2.0),A,USA,P2,A,CPA08_C20,XDC,O,V,T1620,2024,11697.26,D,S1,D,F,2,A,6,USD
OECD.SDD.NAD:DSD_NASU@DF_VALUATION(2.0),A,USA,P2,A01,CPA08_C20,XDC,O,V,T1620,2024,11697.26,D,S1,D,F,2,A,6,USD
OECD.SDD.NAD:DSD_NASU@DF_VALUATION(2.0),A,USA,P2,B,CPA08_C20,XDC,O,V,T1620,2024,2585.74,D,S1,D,F,2,A,6,USD
OECD.SDD.NAD:DSD_NASU@DF_VALUATION(2.0),A,USA,P2,Q88,CPA08_C20,XDC,O,V,T1620,2024,140.29,D,S1,D,F,2,A,6,USD
OECD.SDD.NAD:DSD_NASU@DF_VALUATION(2.0),A,USA,P2,R,CPA08_C20,XDC,O,V,T1620,2024,168.78,D,S1,D,F,2,A,6,USD
OECD.SDD.NAD:DSD_NASU@DF_VALUATION(2.0),A,USA,P2,H49,CPA08_C17,XDC,O,V,T1620,2024,414.77,D,S1,D,F,2,A,6,USD
OECD.SDD.NAD:DSD_NASU@DF_VALUATION(2.0),A,USA,P2,H50,CPA08_C17,XDC,O,V,T1620,2024,7.71,D,S1,D,F,2,A,6,USD
OECD.SDD.NAD:DSD_NASU@DF_VALUATION(2.0),A,USA,P2,H51,CPA08_C17,XDC,O,V,T1620,2024,9.94,D,S1,D,F,2,A,6,USD
OECD.SDD.NAD:DSD_NASU@DF_VALUATION(2.0),A,USA,P2,H52,CPA08_C17,XDC,O,V,T1620,2024,179.02,D,S1,D,F,2,A,6,USD
OECD.SDD.NAD:DSD_NASU@DF_VALUATION(2.0),A,USA,P2,H53,CPA08_C17,XDC,O,V,T1620,2024,164.43,D,S1,D,F,2,A,6,USD
OECD.SDD.NAD:DSD_NASU@DF_VALUATION(2.0),A,USA,P2,I,CPA08_C17,XDC,O,V,T1620,2024,3053.16,D,S1,D,F,2,A,6,USD
OECD.SDD.NAD:DSD_NASU@DF_VALUATION(2.0),A,USA,P2,I55,CPA08_C17,XDC,O,V,T1620,2024,1531.95,D,S1,D,F,2,A,6,USD
OECD.SDD.NAD:DSD_NASU@DF_VALUATION(2.0),A,USA,P2,I56,CPA08_C17,XDC,O,V,T1620,2024,1521.21,D,S1,D,F,2,A,6,USD
OECD.SDD.NAD:DSD_NASU@DF_VALUATION(2.0),A,USA,P2,J,CPA08_C17,XDC,O,V,T1620,2024,643.04,D,S1,D,F,2,A,6,USD
OECD.SDD.NAD:DSD_NASU@DF_VALUATION(2.0),A,USA,P2,J58,CPA08_C17,XDC,O,V,T1620,2024,293.62,D,S1,D,F,2,A,6,USD
OECD.SDD.NAD:DSD_NASU@DF_VALUATION(2.0),A,USA,P2,J59_60,CPA08_C17,XDC,O,V,T1620,2024,17.73,D,S1,D,F,2,A,6,USD
OECD.SDD.NAD:DSD_NASU@DF_VALUATION(2.0),A,USA,P2,J59,CPA08_C17,XDC,O,V,T1620,2024,16.92,D,S1,D,F,2,A,6,USD
OECD.SDD.NAD:DSD_NASU@DF_VALUATION(2.0),A,USA,P2,J61,CPA08_C17,XDC,O,V,T1620,2024,79.19,D,S1,D,F,2,A,6,USD
OECD.SDD.NAD:DSD_NASU@DF_VALUATION(2.0),A,USA,P2,J62_63,CPA08_C17,XDC,O,V,T1620,2024,252.49,D,S1,D,F,2,A,6,USD
OECD.SDD.NAD:DSD_NASU@DF_VALUATION(2.0),A,USA,P2,J62,CPA08_C17,XDC,O,V,T1620,2024,164.55,D,S1,D,F,2,A,6,USD
OECD.SDD.NAD:DSD_NASU@DF_VALUATION(2.0),A,USA,P2,J63,CPA08_C17,XDC,O,V,T1620,2024,87.95,D,S1,D,F,2,A,6,USD
OECD.SDD.NAD:DSD_NASU@DF_VALUATION(2.0),A,USA,P2,K,CPA08_C17,XDC,O,V,T1620,2024,983.37,D,S1,D,F,2,A,6,USD
OECD.SDD.NAD:DSD_NASU@DF_VALUATION(2.0),A,USA,P2,K64,CPA08_C17,XDC,O,V,T1620,2024,491.82,D,S1,D,F,2,A,6,USD
OECD.SDD.NAD:DSD_NASU@DF_VALUATION(2.0),A,USA,P2,K65,CPA08_C17,XDC,O,V,T1620,2024,2.18,D,S1,D,F,2,A,6,USD
OECD.SDD.NAD:DSD_NASU@DF_VALUATION(2.0),A,USA,P2,K66,CPA08_C17,XDC,O,V,T1620,2024,489.38,D,S1,D,F,2,A,6,USD
OECD.SDD.NAD:DSD_NASU@DF_VALUATION(2.0),A,USA,P2,L,CPA08_C17,XDC,O,V,T1620,2024,292.33,D,S1,D,F,2,A,6,USD
OECD.SDD.NAD:DSD_NASU@DF_VALUATION(2.0),A,USA,P2,L68A,CPA08_C17,XDC,O,V,T1620,2024,0.12,D,S1,D,F,2,A,6,USD
OECD.SDD.NAD:DSD_NASU@DF_VALUATION(2.0),A,USA,P2,M,CPA08_C17,XDC,O,V,T1620,2024,1250.49,D,S1,D,F,2,A,6,USD
OECD.SDD.NAD:DSD_NASU@DF_VALUATION(2.0),A,USA,P2,M69_70,CPA08_C17,XDC,O,V,T1620,2024,451.91,D,S1,D,F,2,A,6,USD
OECD.SDD.NAD:DSD_NASU@DF_VALUATION(2.0),A,USA,P2,M69,CPA08_C17,XDC,O,V,T1620,2024,132.39,D,S1,D,F,2,A,6,USD
OECD.SDD.NAD:DSD_NASU@DF_VALUATION(2.0),A,USA,P2,M70,CPA08_C17,XDC,O,V,T1620,2024,319.52,D,S1,D,F,2,A,6,USD
OECD.SDD.NAD:DSD_NASU@DF_VALUATION(2.0),A,USA,P2,H50,CPA08_C19,XDC,O,V,T1620,2024,1358.39,D,S1,D,F,2,A,6,USD
OECD.SDD.NAD:DSD_NASU@DF_VALUATION(2.0),A,USA,P2,H51,CPA08_C19,XDC,O,V,T1620,2024,4457.09,D,S1,D,F,2,A,6,USD
OECD.SDD.NAD:DSD_NASU@DF_VALUATION(2.0),A,USA,P2,H52,CPA08_C19,XDC,O,V,T1620,2024,1035.24,D,S1,D,F,2,A,6,USD
OECD.SDD.NAD:DSD_NASU@DF_VALUATION(2.0),A,USA,P2,H53,CPA08_C19,XDC,O,V,T1620,2024,2070.33,D,S1,D,F,2,A,6,USD
OECD.SDD.NAD:DSD_NASU@DF_VALUATION(2.0),A,USA,P2,I,CPA08_C19,XDC,O,V,T1620,2024,944.18,D,S1,D,F,2,A,6,USD
OECD.SDD.NAD:DSD_NASU@DF_VALUATION(2.0),A,USA,P2,I55,CPA08_C19,XDC,O,V,T1620,2024,110.49,D,S1,D,F,2,A,6,USD
OECD.SDD.NAD:DSD_NASU@DF_VALUATION(2.0),A,USA,P2,I56,CPA08_C19,XDC,O,V,T1620,2024,833.69,D,S1,D,F,2,A,6,USD
OECD.SDD.NAD:DSD_NASU@DF_VALUATION(2.0),A,USA,P2,J,CPA08_C19,XDC,O,V,T1620,2024,354.14,D,S1,D,F,2,A,6,USD
OECD.SDD.NAD:DSD_NASU@DF_VALUATION(2.0),A,USA,P2,J58,CPA08_C19,XDC,O,V,T1620,2024,31.18,D,S1,D,F,2,A,6,USD
OECD.SDD.NAD:DSD_NASU@DF_VALUATION(2.0),A,USA,P2,J59_60,CPA08_C19,XDC,O,V,T1620,2024,13.74,D,S1,D,F,2,A,6,USD
OECD.SDD.NAD:DSD_NASU@DF_VALUATION(2.0),A,USA,P2,J59,CPA08_C19,XDC,O,V,T1620,2024,9.05,D,S1,D,F,2,A,6,USD
OECD.SDD.NAD:DSD_NASU@DF_VALUATION(2.0),A,USA,P2,J60,CPA08_C19,XDC,O,V,T1620,2024,4.68,D,S1,D,F,2,A,6,USD
OECD.SDD.NAD:DSD_NASU@DF_VALUATION(2.0),A,USA,P2,J61,CPA08_C19,XDC,O,V,T1620,2024,46.12,D,S1,D,F,2,A,6,USD
OECD.SDD.NAD:DSD_NASU@DF_VALUATION(2.0),A,USA,P2,J62_63,CPA08_C19,XDC,O,V,T1620,2024,263.11,D,S1,D,F,2,A,6,USD
OECD.SDD.NAD:DSD_NASU@DF_VALUATION(2.0),A,USA,P2,J62,CPA08_C19,XDC,O,V,T1620,2024,173.79,D,S1,D,F,2,A,6,USD
OECD.SDD.NAD:DSD_NASU@DF_VALUATION(2.0),A,USA,P2,J63,CPA08_C19,XDC,O,V,T1620,2024,89.32,D,S1,D,F,2,A,6,USD
OECD.SDD.NAD:DSD_NASU@DF_VALUATION(2.0),A,USA,P2,K,CPA08_C19,XDC,O,V,T1620,2024,1494.41,D,S1,D,F,2,A,6,USD
OECD.SDD.NAD:DSD_NASU@DF_VALUATION(2.0),A,USA,P2,K64,CPA08_C19,XDC,O,V,T1620,2024,1413.39,D,S1,D,F,2,A,6,USD
OECD.SDD.NAD:DSD_NASU@DF_VALUATION(2.0),A,USA,P2,K65,CPA08_C19,XDC,O,V,T1620,2024,66.71,D,S1,D,F,2,A,6,USD
OECD.SDD.NAD:DSD_NASU@DF_VALUATION(2.0),A,USA,P2,K66,CPA08_C19,XDC,O,V,T1620,2024,14.32,D,S1,D,F,2,A,6,USD
OECD.SDD.NAD:DSD_NASU@DF_VALUATION(2.0),A,USA,P2,L,CPA08_C19,XDC,O,V,T1620,2024,1078.13,D,S1,D,F,2,A,6,USD
OECD.SDD.NAD:DSD_NASU@DF_VALUATION(2.0),A,USA,P2,L68A,CPA08_C19,XDC,O,V,T1620,2024,4.04,D,S1,D,F,2,A,6,USD
OECD.SDD.NAD:DSD_NASU@DF_VALUATION(2.0),A,USA,P2,L68B,CPA08_C19,XDC,O,V,T1620,2024,1074.08,D,S1,D,F,2,A,6,USD
OECD.SDD.NAD:DSD_NASU@DF_VALUATION(2.0),A,USA,P2,M,CPA08_C19,XDC,O,V,T1620,2024,353.95,D,S1,D,F,2,A,6,USD
OECD.SDD.NAD:DSD_NASU@DF_VALUATION(2.0),A,USA,P2,M69_70,CPA08_C19,XDC,O,V,T1620,2024,95.46,D,S1,D,F,2,A,6,USD
OECD.SDD.NAD:DSD_NASU@DF_VALUATION(2.0),A,USA,P2,M69,CPA08_C19,XDC,O,V,T1620,2024,11.46,D,S1,D,F,2,A,6,USD
OECD.SDD.NAD:DSD_NASU@DF_VALUATION(2.0),A,USA,P2,M70,CPA08_C19,XDC,O,V,T1620,2024,84.01,D,S1,D,F,2,A,6,USD
OECD.SDD.NAD:DSD_NASU@DF_VALUATION(2.0),A,USA,P2,M71,CPA08_C19,XDC,O,V,T1620,2024,167.55,D,S1,D,F,2,A,6,USD
OECD.SDD.NAD:DSD_NASU@DF_VALUATION(2.0),A,USA,P2,M72,CPA08_C19,XDC,O,V,T1620,2024,47.35,D,S1,D,F,2,A,6,USD
OECD.SDD.NAD:DSD_NASU@DF_VALUATION(2.0),A,USA,P2,M73,CPA08_C19,XDC,O,V,T1620,2024,12.45,D,S1,D,F,2,A,6,USD
OECD.SDD.NAD:DSD_NASU@DF_VALUATION(2.0),A,USA,P2,M74_75,CPA08_C19,XDC,O,V,T1620,2024,31.14,D,S1,D,F,2,A,6,USD
OECD.SDD.NAD:DSD_NASU@DF_VALUATION(2.0),A,USA,P2,M74,CPA08_C19,XDC,O,V,T1620,2024,22.74,D,S1,D,F,2,A,6,USD
OECD.SDD.NAD:DSD_NASU@DF_VALUATION(2.0),A,USA,P2,M75,CPA08_C19,XDC,O,V,T1620,2024,8.39,D,S1,D,F,2,A,6,USD
OECD.SDD.NAD:DSD_NASU@DF_VALUATION(2.0),A,USA,P2,N,CPA08_C19,XDC,O,V,T1620,2024,2160.05,D,S1,D,F,2,A,6,USD
OECD.SDD.NAD:DSD_NASU@DF_VALUATION(2.0),A,USA,P2,N77,CPA08_C19,XDC,O,V,T1620,2024,520.74,D,S1,D,F,2,A,6,USD
OECD.SDD.NAD:DSD_NASU@DF_VALUATION(2.0),A,USA,P2,N78,CPA08_C19,XDC,O,V,T1620,2024,5.63,D,S1,D,F,2,A,6,USD
OECD.SDD.NAD:DSD_NASU@DF_VALUATION(2.0),A,USA,P2,N79,CPA08_C19,XDC,O,V,T1620,2024,6.97,D,S1,D,F,2,A,6,USD
OECD.SDD.NAD:DSD_NASU@DF_VALUATION(2.0),A,USA,P2,N80T82,CPA08_C19,XDC,O,V,T1620,2024,1626.7,D,S1,D,F,2,A,6,USD
OECD.SDD.NAD:DSD_NASU@DF_VALUATION(2.0),A,USA,P2,N80,CPA08_C19,XDC,O,V,T1620,2024,22.48,D,S1,D,F,2,A,6,USD
OECD.SDD.NAD:DSD_NASU@DF_VALUATION(2.0),A,USA,P2,N81,CPA08_C19,XDC,O,V,T1620,2024,1486.64,D,S1,D,F,2,A,6,USD
OECD.SDD.NAD:DSD_NASU@DF_VALUATION(2.0),A,USA,P2,N82,CPA08_C19,XDC,O,V,T1620,2024,117.57,D,S1,D,F,2,A,6,USD
OECD.SDD.NAD:DSD_NASU@DF_VALUATION(2.0),A,USA,P2,C13T15,CPA08_C19,XDC,O,V,T1620,2024,5.34,D,S1,D,F,2,A,6,USD
OECD.SDD.NAD:DSD_NASU@DF_VALUATION(2.0),A,USA,P2,C13,CPA08_C19,XDC,O,V,T1620,2024,5.22,D,S1,D,F,2,A,6,USD
OECD.SDD.NAD:DSD_NASU@DF_VALUATION(2.0),A,USA,P2,C14,CPA08_C19,XDC,O,V,T1620,2024,0.01,D,S1,D,F,2,A,6,USD
OECD.SDD.NAD:DSD_NASU@DF_VALUATION(2.0),A,USA,P2,C15,CPA08_C19,XDC,O,V,T1620,2024,0.11,D,S1,D,F,2,A,6,USD
OECD.SDD.NAD:DSD_NASU@DF_VALUATION(2.0),A,USA,P2,C16,CPA08_C19,XDC,O,V,T1620,2024,91.25,D,S1,D,F,2,A,6,USD
OECD.SDD.NAD:DSD_NASU@DF_VALUATION(2.0),A,USA,P2,C17,CPA08_C19,XDC,O,V,T1620,2024,175.23,D,S1,D,F,2,A,6,USD
OECD.SDD.NAD:DSD_NASU@DF_VALUATION(2.0),A,USA,P2,J63,CPA08_C18,XDC,O,V,T1620,2024,844.81,D,S1,D,F,2,A,6,USD
OECD.SDD.NAD:DSD_NASU@DF_VALUATION(2.0),A,USA,P2,K,CPA08_C18,XDC,O,V,T1620,2024,1291.74,D,S1,D,F,2,A,6,USD
OECD.SDD.NAD:DSD_NASU@DF_VALUATION(2.0),A,USA,P2,K64,CPA08_C18,XDC,O,V,T1620,2024,641.14,D,S1,D,F,2,A,6,USD
OECD.SDD.NAD:DSD_NASU@DF_VALUATION(2.0),A,USA,P2,K65,CPA08_C18,XDC,O,V,T1620,2024,208.34,D,S1,D,F,2,A,6,USD
OECD.SDD.NAD:DSD_NASU@DF_VALUATION(2.0),A,USA,P2,K66,CPA08_C18,XDC,O,V,T1620,2024,442.27,D,S1,D,F,2,A,6,USD
OECD.SDD.NAD:DSD_NASU@DF_VALUATION(2.0),A,USA,P2,L,CPA08_C18,XDC,O,V,T1620,2024,58.73,D,S1,D,F,2,A,6,USD
OECD.SDD.NAD:DSD_NASU@DF_VALUATION(2.0),A,USA,P2,L68B,CPA08_C18,XDC,O,V,T1620,2024,58.73,D,S1,D,F,2,A,6,USD
OECD.SDD.NAD:DSD_NASU@DF_VALUATION(2.0),A,USA,P2,M,CPA08_C18,XDC,O,V,T1620,2024,1156.72,D,S1,D,F,2,A,6,USD
OECD.SDD.NAD:DSD_NASU@DF_VALUATION(2.0),A,USA,P2,M69_70,CPA08_C18,XDC,O,V,T1620,2024,389.61,D,S1,D,F,2,A,6,USD
OECD.SDD.NAD:DSD_NASU@DF_VALUATION(2.0),A,USA,P2,M69,CPA08_C18,XDC,O,V,T1620,2024,138.06,D,S1,D,F,2,A,6,USD
OECD.SDD.NAD:DSD_NASU@DF_VALUATION(2.0),A,USA,P2,M70,CPA08_C18,XDC,O,V,T1620,2024,251.56,D,S1,D,F,2,A,6,USD
OECD.SDD.NAD:DSD_NASU@DF_VALUATION(2.0),A,USA,P2,M71,CPA08_C18,XDC,O,V,T1620,2024,105.97,D,S1,D,F,2,A,6,USD
OECD.SDD.NAD:DSD_NASU@DF_VALUATION(2.0),A,USA,P2,M72,CPA08_C18,XDC,O,V,T1620,2024,22.11,D,S1,D,F,2,A,6,USD
OECD.SDD.NAD:DSD_NASU@DF_VALUATION(2.0),A,USA,P2,M73,CPA08_C18,XDC,O,V,T1620,2024,445.91,D,S1,D,F,2,A,6,USD
OECD.SDD.NAD:DSD_NASU@DF_VALUATION(2.0),A,USA,P2,M74_75,CPA08_C18,XDC,O,V,T1620,2024,193.12,D,S1,D,F,2,A,6,USD
OECD.SDD.NAD:DSD_NASU@DF_VALUATION(2.0),A,USA,P2,M74,CPA08_C18,XDC,O,V,T1620,2024,190.24,D,S1,D,F,2,A,6,USD
OECD.SDD.NAD:DSD_NASU@DF_VALUATION(2.0),A,USA,P2,M75,CPA08_C18,XDC,O,V,T1620,2024,2.88,D,S1,D,F,2,A,6,USD
OECD.SDD.NAD:DSD_NASU@DF_VALUATION(2.0),A,USA,P2,N,CPA08_C18,XDC,O,V,T1620,2024,692.33,D,S1,D,F,2,A,6,USD
OECD.SDD.NAD:DSD_NASU@DF_VALUATION(2.0),A,USA,P2,N77,CPA08_C18,XDC,O,V,T1620,2024,118.39,D,S1,D,F,2,A,6,USD
OECD.SDD.NAD:DSD_NASU@DF_VALUATION(2.0),A,USA,P2,N78,CPA08_C18,XDC,O,V,T1620,2024,22.56,D,S1,D,F,2,A,6,USD
OECD.SDD.NAD:DSD_NASU@DF_VALUATION(2.0),A,USA,P2,N79,CPA08_C18,XDC,O,V,T1620,2024,56.62,D,S1,D,F,2,A,6,USD
OECD.SDD.NAD:DSD_NASU@DF_VALUATION(2.0),A,USA,P2,N80T82,CPA08_C18,XDC,O,V,T1620,2024,494.76,D,S1,D,F,2,A,6,USD
OECD.SDD.NAD:DSD_NASU@DF_VALUATION(2.0),A,USA,P2,I56,CPA08_C20,XDC,O,V,T1620,2024,338.99,D,S1,D,F,2,A,6,USD
OECD.SDD.NAD:DSD_NASU@DF_VALUATION(2.0),A,USA,P2,J,CPA08_C20,XDC,O,V,T1620,2024,900.5,D,S1,D,F,2,A,6,USD
OECD.SDD.NAD:DSD_NASU@DF_VALUATION(2.0),A,USA,P2,J58,CPA08_C20,XDC,O,V,T1620,2024,114.85,D,S1,D,F,2,A,6,USD
OECD.SDD.NAD:DSD_NASU@DF_VALUATION(2.0),A,USA,P2,J59_60,CPA08_C20,XDC,O,V,T1620,2024,57.26,D,S1,D,F,2,A,6,USD
OECD.SDD.NAD:DSD_NASU@DF_VALUATION(2.0),A,USA,P2,J59,CPA08_C20,XDC,O,V,T1620,2024,56.06,D,S1,D,F,2,A,6,USD
OECD.SDD.NAD:DSD_NASU@DF_VALUATION(2.0),A,USA,P2,J60,CPA08_C20,XDC,O,V,T1620,2024,1.2,D,S1,D,F,2,A,6,USD
OECD.SDD.NAD:DSD_NASU@DF_VALUATION(2.0),A,USA,P2,J61,CPA08_C20,XDC,O,V,T1620,2024,102.99,D,S1,D,F,2,A,6,USD
OECD.SDD.NAD:DSD_NASU@DF_VALUATION(2.0),A,USA,P2,J62_63,CPA08_C20,XDC,O,V,T1620,2024,625.4,D,S1,D,F,2,A,6,USD
OECD.SDD.NAD:DSD_NASU@DF_VALUATION(2.0),A,USA,P2,J62,CPA08_C20,XDC,O,V,T1620,2024,74.83,D,S1,D,F,2,A,6,USD
OECD.SDD.NAD:DSD_NASU@DF_VALUATION(2.0),A,USA,P2,J63,CPA08_C20,XDC,O,V,T1620,2024,550.57,D,S1,D,F,2,A,6,USD
OECD.SDD.NAD:DSD_NASU@DF_VALUATION(2.0),A,USA,P2,K,CPA08_C20,XDC,O,V,T1620,2024,277.55,D,S1,D,F,2,A,6,USD
OECD.SDD.NAD:DSD_NASU@DF_VALUATION(2.0),A,USA,P2,K64,CPA08_C20,XDC,O,V,T1620,2024,157.24,D,S1,D,F,2,A,6,USD
OECD.SDD.NAD:DSD_NASU@DF_VALUATION(2.0),A,USA,P2,K65,CPA08_C20,XDC,O,V,T1620,2024,1.71,D,S1,D,F,2,A,6,USD
OECD.SDD.NAD:DSD_NASU@DF_VALUATION(2.0),A,USA,P2,K66,CPA08_C20,XDC,O,V,T1620,2024,118.6,D,S1,D,F,2,A,6,USD
OECD.SDD.NAD:DSD_NASU@DF_VALUATION(2.0),A,USA,P2,L,CPA08_C20,XDC,O,V,T1620,2024,2439.03,D,S1,D,F,2,A,6,USD
OECD.SDD.NAD:DSD_NASU@DF_VALUATION(2.0),A,USA,P2,L68B,CPA08_C20,XDC,O,V,T1620,2024,2191.92,D,S1,D,F,2,A,6,USD
OECD.SDD.NAD:DSD_NASU@DF_VALUATION(2.0),A,USA,P2,M,CPA08_C20,XDC,O,V,T1620,2024,3552.35,D,S1,D,F,2,A,6,USD
OECD.SDD.NAD:DSD_NASU@DF_VALUATION(2.0),A,USA,P2,M69_70,CPA08_C20,XDC,O,V,T1620,2024,394.22,D,S1,D,F,2,A,6,USD
OECD.SDD.NAD:DSD_NASU@DF_VALUATION(2.0),A,USA,P2,M70,CPA08_C20,XDC,O,V,T1620,2024,285.74,D,S1,D,F,2,A,6,USD
OECD.SDD.NAD:DSD_NASU@DF_VALUATION(2.0),A,USA,P2,M71,CPA08_C20,XDC,O,V,T1620,2024,2009.14,D,S1,D,F,2,A,6,USD
OECD.SDD.NAD:DSD_NASU@DF_VALUATION(2.0),A,USA,P2,M72,CPA08_C20,XDC,O,V,T1620,2024,368.41,D,S1,D,F,2,A,6,USD
OECD.SDD.NAD:DSD_NASU@DF_VALUATION(2.0),A,USA,P2,M73,CPA08_C20,XDC,O,V,T1620,2024,210.33,D,S1,D,F,2,A,6,USD
OECD.SDD.NAD:DSD_NASU@DF_VALUATION(2.0),A,USA,P2,M74_75,CPA08_C20,XDC,O,V,T1620,2024,570.25,D,S1,D,F,2,A,6,USD
OECD.SDD.NAD:DSD_NASU@DF_VALUATION(2.0),A,USA,P2,M74,CPA08_C20,XDC,O,V,T1620,2024,464.72,D,S1,D,F,2,A,6,USD
OECD.SDD.NAD:DSD_NASU@DF_VALUATION(2.0),A,USA,P2,M75,CPA08_C20,XDC,O,V,T1620,2024,105.54,D,S1,D,F,2,A,6,USD
OECD.SDD.NAD:DSD_NASU@DF_VALUATION(2.0),A,USA,P2,N,CPA08_C20,XDC,O,V,T1620,2024,3725.98,D,S1,D,F,2,A,6,USD
OECD.SDD.NAD:DSD_NASU@DF_VALUATION(2.0),A,USA,P2,N77,CPA08_C20,XDC,O,V,T1620,2024,24.88,D,S1,D,F,2,A,6,USD
OECD.SDD.NAD:DSD_NASU@DF_VALUATION(2.0),A,USA,P2,N78,CPA08_C20,XDC,O,V,T1620,2024,93.15,D,S1,D,F,2,A,6,USD
OECD.SDD.NAD:DSD_NASU@DF_VALUATION(2.0),A,USA,P2,N79,CPA08_C20,XDC,O,V,T1620,2024,1.76,D,S1,D,F,2,A,6,USD
OECD.SDD.NAD:DSD_NASU@DF_VALUATION(2.0),A,USA,P2,N80T82,CPA08_C20,XDC,O,V,T1620,2024,3606.19,D,S1,D,F,2,A,6,USD
OECD.SDD.NAD:DSD_NASU@DF_VALUATION(2.0),A,USA,P2,N80,CPA08_C20,XDC,O,V,T1620,2024,51.03,D,S1,D,F,2,A,6,USD
OECD.SDD.NAD:DSD_NASU@DF_VALUATION(2.0),A,USA,P2,N81,CPA08_C20,XDC,O,V,T1620,2024,2962.67,D,S1,D,F,2,A,6,USD
OECD.SDD.NAD:DSD_NASU@DF_VALUATION(2.0),A,USA,P2,N82,CPA08_C20,XDC,O,V,T1620,2024,592.49,D,S1,D,F,2,A,6,USD
OECD.SDD.NAD:DSD_NASU@DF_VALUATION(2.0),A,USA,P2,O,CPA08_C20,XDC,O,V,T1620,2024,15095.95,D,S1,D,F,2,A,6,USD
OECD.SDD.NAD:DSD_NASU@DF_VALUATION(2.0),A,USA,P2,P,CPA08_C20,XDC,O,V,T1620,2024,2645.69,D,S1,D,F,2,A,6,USD
OECD.SDD.NAD:DSD_NASU@DF_VALUATION(2.0),A,USA,P2,Q,CPA08_C20,XDC,O,V,T1620,2024,4087.32,D,S1,D,F,2,A,6,USD
OECD.SDD.NAD:DSD_NASU@DF_VALUATION(2.0),A,USA,P2,Q86,CPA08_C20,XDC,O,V,T1620,2024,3872.27,D,S1,D,F,2,A,6,USD
OECD.SDD.NAD:DSD_NASU@DF_VALUATION(2.0),A,USA,P2,Q87_88,CPA08_C20,XDC,O,V,T1620,2024,215.05,D,S1,D,F,2,A,6,USD
OECD.SDD.NAD:DSD_NASU@DF_VALUATION(2.0),A,USA,P2,Q87,CPA08_C20,XDC,O,V,T1620,2024,74.76,D,S1,D,F,2,A,6,USD
OECD.SDD.NAD:DSD_NASU@DF_VALUATION(2.0),A,USA,P2,C14,CPA08_C20,XDC,O,V,T1620,2024,3.9,D,S1,D,F,2,A,6,USD
OECD.SDD.NAD:DSD_NASU@DF_VALUATION(2.0),A,USA,P2,C15,CPA08_C20,XDC,O,V,T1620,2024,13.88,D,S1,D,F,2,A,6,USD
OECD.SDD.NAD:DSD_NASU@DF_VALUATION(2.0),A,USA,P2,C16,CPA08_C20,XDC,O,V,T1620,2024,511.08,D,S1,D,F,2,A,6,USD
OECD.SDD.NAD:DSD_NASU@DF_VALUATION(2.0),A,USA,P2,C17,CPA08_C20,XDC,O,V,T1620,2024,1784.13,D,S1,D,F,2,A,6,USD
OECD.SDD.NAD:DSD_NASU@DF_VALUATION(2.0),A,USA,P2,C18,CPA08_C20,XDC,O,V,T1620,2024,1226.61,D,S1,D,F,2,A,6,USD
OECD.SDD.NAD:DSD_NASU@DF_VALUATION(2.0),A,USA,P2,C19,CPA08_C20,XDC,O,V,T1620,2024,2783.34,D,S1,D,F,2,A,6,USD
OECD.SDD.NAD:DSD_NASU@DF_VALUATION(2.0),A,USA,P2,C20,CPA08_C20,XDC,O,V,T1620,2024,29112.1,D,S1,D,F,2,A,6,USD
OECD.SDD.NAD:DSD_NASU@DF_VALUATION(2.0),A,USA,P2,C21,CPA08_C20,XDC,O,V,T1620,2024,39.64,D,S1,D,F,2,A,6,USD
OECD.SDD.NAD:DSD_NASU@DF_VALUATION(2.0),A,USA,P2,C22,CPA08_C20,XDC,O,V,T1620,2024,13887.18,D,S1,D,F,2,A,6,USD
OECD.SDD.NAD:DSD_NASU@DF_VALUATION(2.0),A,USA,P2,C23,CPA08_C20,XDC,O,V,T1620,2024,1109.22,D,S1,D,F,2,A,6,USD
OECD.SDD.NAD:DSD_NASU@DF_VALUATION(2.0),A,USA,P2,C24,CPA08_C20,XDC,O,V,T1620,2024,314.68,D,S1,D,F,2,A,6,USD
OECD.SDD.NAD:DSD_NASU@DF_VALUATION(2.0),A,USA,P2,C25,CPA08_C20,XDC,O,V,T1620,2024,1698.29,D,S1,D,F,2,A,6,USD
OECD.SDD.NAD:DSD_NASU@DF_VALUATION(2.0),A,USA,P2,C27,CPA08_C20,XDC,O,V,T1620,2024,756.16,D,S1,D,F,2,A,6,USD
OECD.SDD.NAD:DSD_NASU@DF_VALUATION(2.0),A,USA,P2,C28,CPA08_C20,XDC,O,V,T1620,2024,458.59,D,S1,D,F,2,A,6,USD
OECD.SDD.NAD:DSD_NASU@DF_VALUATION(2.0),A,USA,P2,C29,CPA08_C20,XDC,O,V,T1620,2024,2365.7,D,S1,D,F,2,A,6,USD
OECD.SDD.NAD:DSD_NASU@DF_VALUATION(2.0),A,USA,P2,C30,CPA08_C20,XDC,O,V,T1620,2024,259.04,D,S1,D,F,2,A,6,USD
OECD.SDD.NAD:DSD_NASU@DF_VALUATION(2.0),A,USA,P2,C31_32,CPA08_C20,XDC,O,V,T1620,2024,1323.43,D,S1,D,F,2,A,6,USD
OECD.SDD.NAD:DSD_NASU@DF_VALUATION(2.0),A,USA,P2,C31,CPA08_C20,XDC,O,V,T1620,2024,417.97,D,S1,D,F,2,A,6,USD
OECD.SDD.NAD:DSD_NASU@DF_VALUATION(2.0),A,USA,P2,C32,CPA08_C20,XDC,O,V,T1620,2024,905.46,D,S1,D,F,2,A,6,USD
OECD.SDD.NAD:DSD_NASU@DF_VALUATION(2.0),A,USA,P2,C33,CPA08_C20,XDC,O,V,T1620,2024,147.39,D,S1,D,F,2,A,6,USD
OECD.SDD.NAD:DSD_NASU@DF_VALUATION(2.0),A,USA,P2,D,CPA08_C20,XDC,O,V,T1620,2024,251.91,D,S1,D,F,2,A,6,USD
OECD.SDD.NAD:DSD_NASU@DF_VALUATION(2.0),A,USA,P2,E,CPA08_C20,XDC,O,V,T1620,2024,395.25,D,S1,D,F,2,A,6,USD
OECD.SDD.NAD:DSD_NASU@DF_VALUATION(2.0),A,USA,P2,E36,CPA08_C20,XDC,O,V,T1620,2024,30.57,D,S1,D,F,2,A,6,USD
OECD.SDD.NAD:DSD_NASU@DF_VALUATION(2.0),A,USA,P2,E37T39,CPA08_C20,XDC,O,V,T1620,2024,364.68,D,S1,D,F,2,A,6,USD
OECD.SDD.NAD:DSD_NASU@DF_VALUATION(2.0),A,USA,P2,E37,CPA08_C20,XDC,O,V,T1620,2024,8.94,D,S1,D,F,2,A,6,USD
OECD.SDD.NAD:DSD_NASU@DF_VALUATION(2.0),A,USA,P2,E38,CPA08_C20,XDC,O,V,T1620,2024,218.09,D,S1,D,F,2,A,6,USD
OECD.SDD.NAD:DSD_NASU@DF_VALUATION(2.0),A,USA,P2,B05,CPA08_C20,XDC,O,V,T1620,2024,247.78,D,S1,D,F,2,A,6,USD
OECD.SDD.NAD:DSD_NASU@DF_VALUATION(2.0),A,USA,P2,B06,CPA08_C20,XDC,O,V,T1620,2024,1910.86,D,S1,D,F,2,A,6,USD
OECD.SDD.NAD:DSD_NASU@DF_VALUATION(2.0),A,USA,P2,H49,CPA08_C19,XDC,O,V,T1620,2024,17154.94,D,S1,D,F,2,A,6,USD
OECD.SDD.NAD:DSD_NASU@DF_VALUATION(2.0),A,USA,P2,C20,CPA08_C22,XDC,O,V,T1620,2024,2777.56,D,S1,D,F,2,A,6,USD
OECD.SDD.NAD:DSD_NASU@DF_VALUATION(2.0),A,USA,P2,C21,CPA08_C22,XDC,O,V,T1620,2024,18.39,D,S1,D,F,2,A,6,USD
OECD.SDD.NAD:DSD_NASU@DF_VALUATION(2.0),A,USA,P2,C22,CPA08_C22,XDC,O,V,T1620,2024,3288.26,D,S1,D,F,2,A,6,USD
OECD.SDD.NAD:DSD_NASU@DF_VALUATION(2.0),A,USA,P2,C23,CPA08_C22,XDC,O,V,T1620,2024,287.71,D,S1,D,F,2,A,6,USD
OECD.SDD.NAD:DSD_NASU@DF_VALUATION(2.0),A,USA,P2,C24,CPA08_C22,XDC,O,V,T1620,2024,344.33,D,S1,D,F,2,A,6,USD
OECD.SDD.NAD:DSD_NASU@DF_VALUATION(2.0),A,USA,P2,C25,CPA08_C22,XDC,O,V,T1620,2024,870.75,D,S1,D,F,2,A,6,USD
OECD.SDD.NAD:DSD_NASU@DF_VALUATION(2.0),A,USA,P2,C26,CPA08_C22,XDC,O,V,T1620,2024,466.87,D,S1,D,F,2,A,6,USD
OECD.SDD.NAD:DSD_NASU@DF_VALUATION(2.0),A,USA,P2,C27,CPA08_C22,XDC,O,V,T1620,2024,953.29,D,S1,D,F,2,A,6,USD
OECD.SDD.NAD:DSD_NASU@DF_VALUATION(2.0),A,USA,P2,C28,CPA08_C22,XDC,O,V,T1620,2024,2833.56,D,S1,D,F,2,A,6,USD
OECD.SDD.NAD:DSD_NASU@DF_VALUATION(2.0),A,USA,P2,C29,CPA08_C22,XDC,O,V,T1620,2024,6950.19,D,S1,D,F,2,A,6,USD
OECD.SDD.NAD:DSD_NASU@DF_VALUATION(2.0),A,USA,P2,C30,CPA08_C22,XDC,O,V,T1620,2024,658.25,D,S1,D,F,2,A,6,USD
OECD.SDD.NAD:DSD_NASU@DF_VALUATION(2.0),A,USA,P2,C31_32,CPA08_C22,XDC,O,V,T1620,2024,2156.6,D,S1,D,F,2,A,6,USD
OECD.SDD.NAD:DSD_NASU@DF_VALUATION(2.0),A,USA,P2,C31,CPA08_C22,XDC,O,V,T1620,2024,1331.11,D,S1,D,F,2,A,6,USD
OECD.SDD.NAD:DSD_NASU@DF_VALUATION(2.0),A,USA,P2,C32,CPA08_C22,XDC,O,V,T1620,2024,825.5,D,S1,D,F,2,A,6,USD
OECD.SDD.NAD:DSD_NASU@DF_VALUATION(2.0),A,USA,P2,C33,CPA08_C22,XDC,O,V,T1620,2024,200.89,D,S1,D,F,2,A,6,USD
OECD.SDD.NAD:DSD_NASU@DF_VALUATION(2.0),A,USA,P2,D,CPA08_C22,XDC,O,V,T1620,2024,8,D,S1,D,F,2,A,6,USD
OECD.SDD.NAD:DSD_NASU@DF_VALUATION(2.0),A,USA,P2,E,CPA08_C22,XDC,O,V,T1620,2024,128.69,D,S1,D,F,2,A,6,USD
OECD.SDD.NAD:DSD_NASU@DF_VALUATION(2.0),A,USA,P2,E36,CPA08_C22,XDC,O,V,T1620,2024,0.1,D,S1,D,F,2,A,6,USD
OECD.SDD.NAD:DSD_NASU@DF_VALUATION(2.0),A,USA,P2,E37T39,CPA08_C22,XDC,O,V,T1620,2024,128.59,D,S1,D,F,2,A,6,USD
OECD.SDD.NAD:DSD_NASU@DF_VALUATION(2.0),A,USA,P2,E38,CPA08_C22,XDC,O,V,T1620,2024,110.89,D,S1,D,F,2,A,6,USD
OECD.SDD.NAD:DSD_NASU@DF_VALUATION(2.0),A,USA,P2,B,CPA08_C22,XDC,O,V,T1620,2024,515.51,D,S1,D,F,2,A,6,USD
OECD.SDD.NAD:DSD_NASU@DF_VALUATION(2.0),A,USA,P2,B05,CPA08_C22,XDC,O,V,T1620,2024,169.15,D,S1,D,F,2,A,6,USD
OECD.SDD.NAD:DSD_NASU@DF_VALUATION(2.0),A,USA,P2,B06,CPA08_C22,XDC,O,V,T1620,2024,45.21,D,S1,D,F,2,A,6,USD
OECD.SDD.NAD:DSD_NASU@DF_VALUATION(2.0),A,USA,P2,B08,CPA08_C22,XDC,O,V,T1620,2024,97.84,D,S1,D,F,2,A,6,USD
OECD.SDD.NAD:DSD_NASU@DF_VALUATION(2.0),A,USA,P2,B09,CPA08_C22,XDC,O,V,T1620,2024,85.5,D,S1,D,F,2,A,6,USD
OECD.SDD.NAD:DSD_NASU@DF_VALUATION(2.0),A,USA,P2,C,CPA08_C22,XDC,O,V,T1620,2024,30598.71,D,S1,D,F,2,A,6,USD
OECD.SDD.NAD:DSD_NASU@DF_VALUATION(2.0),A,USA,P2,C10T12,CPA08_C22,XDC,O,V,T1620,2024,6762.87,D,S1,D,F,2,A,6,USD
OECD.SDD.NAD:DSD_NASU@DF_VALUATION(2.0),A,USA,P2,C10,CPA08_C22,XDC,O,V,T1620,2024,4767.43,D,S1,D,F,2,A,6,USD
OECD.SDD.NAD:DSD_NASU@DF_VALUATION(2.0),A,USA,P2,C11,CPA08_C22,XDC,O,V,T1620,2024,1908.92,D,S1,D,F,2,A,6,USD
OECD.SDD.NAD:DSD_NASU@DF_VALUATION(2.0),A,USA,P2,C12,CPA08_C22,XDC,O,V,T1620,2024,86.52,D,S1,D,F,2,A,6,USD
OECD.SDD.NAD:DSD_NASU@DF_VALUATION(2.0),A,USA,P2,C13T15,CPA08_C22,XDC,O,V,T1620,2024,82.81,D,S1,D,F,2,A,6,USD
OECD.SDD.NAD:DSD_NASU@DF_VALUATION(2.0),A,USA,P2,C13,CPA08_C22,XDC,O,V,T1620,2024,77.64,D,S1,D,F,2,A,6,USD
OECD.SDD.NAD:DSD_NASU@DF_VALUATION(2.0),A,USA,P2,_T,CPA08_C22,XDC,O,V,T1620,2024,94589.81,D,S1,D,F,2,A,6,USD
OECD.SDD.NAD:DSD_NASU@DF_VALUATION(2.0),A,USA,P2,A,CPA08_C22,XDC,O,V,T1620,2024,568.87,D,S1,D,F,2,A,6,USD
OECD.SDD.NAD:DSD_NASU@DF_VALUATION(2.0),A,USA,P2,A01,CPA08_C22,XDC,O,V,T1620,2024,555.5,D,S1,D,F,2,A,6,USD
OECD.SDD.NAD:DSD_NASU@DF_VALUATION(2.0),A,USA,P2,A02,CPA08_C22,XDC,O,V,T1620,2024,13.37,D,S1,D,F,2,A,6,USD
OECD.SDD.NAD:DSD_NASU@DF_VALUATION(2.0),A,USA,P2,Q87_88,CPA08_C22,XDC,O,V,T1620,2024,1351.14,D,S1,D,F,2,A,6,USD
OECD.SDD.NAD:DSD_NASU@DF_VALUATION(2.0),A,USA,P2,Q87,CPA08_C22,XDC,O,V,T1620,2024,814.19,D,S1,D,F,2,A,6,USD
OECD.SDD.NAD:DSD_NASU@DF_VALUATION(2.0),A,USA,P3,_Z,CPA08_C21,XDC,O,V,T1620,2024,365045.91,D,S1,D,F,2,A,6,USD
OECD.SDD.NAD:DSD_NASU@DF_VALUATION(2.0),A,USA,P2,C32,CPA08_C21,XDC,O,V,T1620,2024,0.03,D,S1,D,F,2,A,6,USD
OECD.SDD.NAD:DSD_NASU@DF_VALUATION(2.0),A,USA,P2,H49,CPA08_C21,XDC,O,V,T1620,2024,1.5,D,S1,D,F,2,A,6,USD
OECD.SDD.NAD:DSD_NASU@DF_VALUATION(2.0),A,USA,P2,J,CPA08_C21,XDC,O,V,T1620,2024,0.02,D,S1,D,F,2,A,6,USD
OECD.SDD.NAD:DSD_NASU@DF_VALUATION(2.0),A,USA,P2,J62_63,CPA08_C21,XDC,O,V,T1620,2024,0.02,D,S1,D,F,2,A,6,USD
OECD.SDD.NAD:DSD_NASU@DF_VALUATION(2.0),A,USA,P2,J62,CPA08_C21,XDC,O,V,T1620,2024,0.02,D,S1,D,F,2,A,6,USD
OECD.SDD.NAD:DSD_NASU@DF_VALUATION(2.0),A,USA,P2,M,CPA08_C21,XDC,O,V,T1620,2024,25501.88,D,S1,D,F,2,A,6,USD
OECD.SDD.NAD:DSD_NASU@DF_VALUATION(2.0),A,USA,P2,M69_70,CPA08_C21,XDC,O,V,T1620,2024,1620.8,D,S1,D,F,2,A,6,USD
OECD.SDD.NAD:DSD_NASU@DF_VALUATION(2.0),A,USA,P2,M70,CPA08_C21,XDC,O,V,T1620,2024,1620.8,D,S1,D,F,2,A,6,USD
OECD.SDD.NAD:DSD_NASU@DF_VALUATION(2.0),A,USA,P2,M71,CPA08_C21,XDC,O,V,T1620,2024,466.36,D,S1,D,F,2,A,6,USD
OECD.SDD.NAD:DSD_NASU@DF_VALUATION(2.0),A,USA,P2,M72,CPA08_C21,XDC,O,V,T1620,2024,22368.3,D,S1,D,F,2,A,6,USD
OECD.SDD.NAD:DSD_NASU@DF_VALUATION(2.0),A,USA,P2,M74_75,CPA08_C21,XDC,O,V,T1620,2024,1046.42,D,S1,D,F,2,A,6,USD
OECD.SDD.NAD:DSD_NASU@DF_VALUATION(2.0),A,USA,P2,M75,CPA08_C21,XDC,O,V,T1620,2024,1046.42,D,S1,D,F,2,A,6,USD
OECD.SDD.NAD:DSD_NASU@DF_VALUATION(2.0),A,USA,P2,O,CPA08_C21,XDC,O,V,T1620,2024,243.16,D,S1,D,F,2,A,6,USD
OECD.SDD.NAD:DSD_NASU@DF_VALUATION(2.0),A,USA,P2,P,CPA08_C21,XDC,O,V,T1620,2024,2.78,D,S1,D,F,2,A,6,USD
OECD.SDD.NAD:DSD_NASU@DF_VALUATION(2.0),A,USA,P2,Q,CPA08_C21,XDC,O,V,T1620,2024,21383.86,D,S1,D,F,2,A,6,USD
OECD.SDD.NAD:DSD_NASU@DF_VALUATION(2.0),A,USA,P2,Q86,CPA08_C21,XDC,O,V,T1620,2024,20347.93,D,S1,D,F,2,A,6,USD
OECD.SDD.NAD:DSD_NASU@DF_VALUATION(2.0),A,USA,P2,Q87_88,CPA08_C21,XDC,O,V,T1620,2024,1035.93,D,S1,D,F,2,A,6,USD
OECD.SDD.NAD:DSD_NASU@DF_VALUATION(2.0),A,USA,P2,Q87,CPA08_C21,XDC,O,V,T1620,2024,1020.26,D,S1,D,F,2,A,6,USD
OECD.SDD.NAD:DSD_NASU@DF_VALUATION(2.0),A,USA,P2,Q88,CPA08_C21,XDC,O,V,T1620,2024,15.67,D,S1,D,F,2,A,6,USD
OECD.SDD.NAD:DSD_NASU@DF_VALUATION(2.0),A,USA,P2,R,CPA08_C21,XDC,O,V,T1620,2024,228.58,D,S1,D,F,2,A,6,USD
OECD.SDD.NAD:DSD_NASU@DF_VALUATION(2.0),A,USA,P2,R90T92,CPA08_C21,XDC,O,V,T1620,2024,112.27,D,S1,D,F,2,A,6,USD
OECD.SDD.NAD:DSD_NASU@DF_VALUATION(2.0),A,USA,P2,R91,CPA08_C21,XDC,O,V,T1620,2024,112.27,D,S1,D,F,2,A,6,USD
OECD.SDD.NAD:DSD_NASU@DF_VALUATION(2.0),A,USA,P2,R93,CPA08_C21,XDC,O,V,T1620,2024,116.31,D,S1,D,F,2,A,6,USD
OECD.SDD.NAD:DSD_NASU@DF_VALUATION(2.0),A,USA,P2,S,CPA08_C21,XDC,O,V,T1620,2024,32.87,D,S1,D,F,2,A,6,USD
OECD.SDD.NAD:DSD_NASU@DF_VALUATION(2.0),A,USA,P2,S96,CPA08_C21,XDC,O,V,T1620,2024,32.87,D,S1,D,F,2,A,6,USD
OECD.SDD.NAD:DSD_NASU@DF_VALUATION(2.0),A,USA,P52,_Z,CPA08_C21,XDC,O,V,T1620,2024,46.22,D,S1,D,F,2,A,6,USD
OECD.SDD.NAD:DSD_NASU@DF_VALUATION(2.0),A,USA,P2,C10T12,CPA08_C21,XDC,O,V,T1620,2024,739.67,D,S1,D,F,2,A,6,USD
OECD.SDD.NAD:DSD_NASU@DF_VALUATION(2.0),A,USA,P2,C10,CPA08_C21,XDC,O,V,T1620,2024,739.64,D,S1,D,F,2,A,6,USD
OECD.SDD.NAD:DSD_NASU@DF_VALUATION(2.0),A,USA,P2,C12,CPA08_C21,XDC,O,V,T1620,2024,0.03,D,S1,D,F,2,A,6,USD
OECD.SDD.NAD:DSD_NASU@DF_VALUATION(2.0),A,USA,P2,C16,CPA08_C21,XDC,O,V,T1620,2024,1999.49,D,S1,D,F,2,A,6,USD
OECD.SDD.NAD:DSD_NASU@DF_VALUATION(2.0),A,USA,P2,C21,CPA08_C21,XDC,O,V,T1620,2024,17871.99,D,S1,D,F,2,A,6,USD
OECD.SDD.NAD:DSD_NASU@DF_VALUATION(2.0),A,USA,P2,C28,CPA08_C21,XDC,O,V,T1620,2024,0.02,D,S1,D,F,2,A,6,USD
OECD.SDD.NAD:DSD_NASU@DF_VALUATION(2.0),A,USA,P2,C31_32,CPA08_C21,XDC,O,V,T1620,2024,0.03,D,S1,D,F,2,A,6,USD
OECD.SDD.NAD:DSD_NASU@DF_VALUATION(2.0),A,USA,P2,F,CPA08_C21,XDC,O,V,T1620,2024,196.12,D,S1,D,F,2,A,6,USD
OECD.SDD.NAD:DSD_NASU@DF_VALUATION(2.0),A,USA,P2,F42,CPA08_C21,XDC,O,V,T1620,2024,196.12,D,S1,D,F,2,A,6,USD
OECD.SDD.NAD:DSD_NASU@DF_VALUATION(2.0),A,USA,P2,G,CPA08_C21,XDC,O,V,T1620,2024,137.61,D,S1,D,F,2,A,6,USD
OECD.SDD.NAD:DSD_NASU@DF_VALUATION(2.0),A,USA,P2,G47,CPA08_C21,XDC,O,V,T1620,2024,137.61,D,S1,D,F,2,A,6,USD
OECD.SDD.NAD:DSD_NASU@DF_VALUATION(2.0),A,USA,P2,H,CPA08_C21,XDC,O,V,T1620,2024,1.5,D,S1,D,F,2,A,6,USD
OECD.SDD.NAD:DSD_NASU@DF_VALUATION(2.0),A,USA,P2,_T,CPA08_C21,XDC,O,V,T1620,2024,68893.18,D,S1,D,F,2,A,6,USD
OECD.SDD.NAD:DSD_NASU@DF_VALUATION(2.0),A,USA,P2,A,CPA08_C21,XDC,O,V,T1620,2024,553.6,D,S1,D,F,2,A,6,USD
OECD.SDD.NAD:DSD_NASU@DF_VALUATION(2.0),A,USA,P2,A01,CPA08_C21,XDC,O,V,T1620,2024,553.6,D,S1,D,F,2,A,6,USD
OECD.SDD.NAD:DSD_NASU@DF_VALUATION(2.0),A,USA,P2,C,CPA08_C21,XDC,O,V,T1620,2024,20611.2,D,S1,D,F,2,A,6,USD
OECD.SDD.NAD:DSD_NASU@DF_VALUATION(2.0),A,USA,P2,J58,CPA08_C18,XDC,O,V,T1620,2024,452.25,D,S1,D,F,2,A,6,USD
OECD.SDD.NAD:DSD_NASU@DF_VALUATION(2.0),A,USA,P2,J59_60,CPA08_C18,XDC,O,V,T1620,2024,104.42,D,S1,D,F,2,A,6,USD
OECD.SDD.NAD:DSD_NASU@DF_VALUATION(2.0),A,USA,P2,J59,CPA08_C18,XDC,O,V,T1620,2024,93.76,D,S1,D,F,2,A,6,USD
OECD.SDD.NAD:DSD_NASU@DF_VALUATION(2.0),A,USA,P2,J60,CPA08_C18,XDC,O,V,T1620,2024,10.67,D,S1,D,F,2,A,6,USD
OECD.SDD.NAD:DSD_NASU@DF_VALUATION(2.0),A,USA,P2,J61,CPA08_C18,XDC,O,V,T1620,2024,23.66,D,S1,D,F,2,A,6,USD
OECD.SDD.NAD:DSD_NASU@DF_VALUATION(2.0),A,USA,P2,J62_63,CPA08_C18,XDC,O,V,T1620,2024,920.56,D,S1,D,F,2,A,6,USD
OECD.SDD.NAD:DSD_NASU@DF_VALUATION(2.0),A,USA,P2,J62,CPA08_C18,XDC,O,V,T1620,2024,75.75,D,S1,D,F,2,A,6,USD
OECD.SDD.NAD:DSD_NASU@DF_VALUATION(2.0),A,USA,P2,B06,CPA08_C23,XDC,O,V,T1620,2024,614.09,D,S1,D,F,2,A,6,USD
OECD.SDD.NAD:DSD_NASU@DF_VALUATION(2.0),A,USA,P2,B07,CPA08_C23,XDC,O,V,T1620,2024,76.95,D,S1,D,F,2,A,6,USD
OECD.SDD.NAD:DSD_NASU@DF_VALUATION(2.0),A,USA,P2,B09,CPA08_C23,XDC,O,V,T1620,2024,263.46,D,S1,D,F,2,A,6,USD
OECD.SDD.NAD:DSD_NASU@DF_VALUATION(2.0),A,USA,P2,C,CPA08_C23,XDC,O,V,T1620,2024,17011.97,D,S1,D,F,2,A,6,USD
OECD.SDD.NAD:DSD_NASU@DF_VALUATION(2.0),A,USA,P2,C10T12,CPA08_C23,XDC,O,V,T1620,2024,1572.16,D,S1,D,F,2,A,6,USD
OECD.SDD.NAD:DSD_NASU@DF_VALUATION(2.0),A,USA,P2,C10,CPA08_C23,XDC,O,V,T1620,2024,186.32,D,S1,D,F,2,A,6,USD
OECD.SDD.NAD:DSD_NASU@DF_VALUATION(2.0),A,USA,P2,C12,CPA08_C23,XDC,O,V,T1620,2024,365.97,D,S1,D,F,2,A,6,USD
OECD.SDD.NAD:DSD_NASU@DF_VALUATION(2.0),A,USA,P2,C13T15,CPA08_C23,XDC,O,V,T1620,2024,14.41,D,S1,D,F,2,A,6,USD
OECD.SDD.NAD:DSD_NASU@DF_VALUATION(2.0),A,USA,P2,C13,CPA08_C23,XDC,O,V,T1620,2024,14.41,D,S1,D,F,2,A,6,USD
OECD.SDD.NAD:DSD_NASU@DF_VALUATION(2.0),A,USA,P2,C16,CPA08_C23,XDC,O,V,T1620,2024,317.44,D,S1,D,F,2,A,6,USD
OECD.SDD.NAD:DSD_NASU@DF_VALUATION(2.0),A,USA,P2,_T,CPA08_C23,XDC,O,V,T1620,2024,86131.71,D,S1,D,F,2,A,6,USD
OECD.SDD.NAD:DSD_NASU@DF_VALUATION(2.0),A,USA,P2,A,CPA08_C23,XDC,O,V,T1620,2024,26.05,D,S1,D,F,2,A,6,USD
OECD.SDD.NAD:DSD_NASU@DF_VALUATION(2.0),A,USA,P2,A01,CPA08_C23,XDC,O,V,T1620,2024,8.51,D,S1,D,F,2,A,6,USD
OECD.SDD.NAD:DSD_NASU@DF_VALUATION(2.0),A,USA,P2,A02,CPA08_C23,XDC,O,V,T1620,2024,17.54,D,S1,D,F,2,A,6,USD
OECD.SDD.NAD:DSD_NASU@DF_VALUATION(2.0),A,USA,P2,S94,CPA08_C23,XDC,O,V,T1620,2024,102.47,D,S1,D,F,2,A,6,USD
OECD.SDD.NAD:DSD_NASU@DF_VALUATION(2.0),A,USA,P2,S95,CPA08_C23,XDC,O,V,T1620,2024,30.11,D,S1,D,F,2,A,6,USD
OECD.SDD.NAD:DSD_NASU@DF_VALUATION(2.0),A,USA,P2,R,CPA08_C22,XDC,O,V,T1620,2024,109.51,D,S1,D,F,2,A,6,USD
OECD.SDD.NAD:DSD_NASU@DF_VALUATION(2.0),A,USA,P2,R90T92,CPA08_C22,XDC,O,V,T1620,2024,31.62,D,S1,D,F,2,A,6,USD
OECD.SDD.NAD:DSD_NASU@DF_VALUATION(2.0),A,USA,P2,R90,CPA08_C22,XDC,O,V,T1620,2024,12.85,D,S1,D,F,2,A,6,USD
OECD.SDD.NAD:DSD_NASU@DF_VALUATION(2.0),A,USA,P2,R91,CPA08_C22,XDC,O,V,T1620,2024,2.79,D,S1,D,F,2,A,6,USD
OECD.SDD.NAD:DSD_NASU@DF_VALUATION(2.0),A,USA,P2,R92,CPA08_C22,XDC,O,V,T1620,2024,15.98,D,S1,D,F,2,A,6,USD
OECD.SDD.NAD:DSD_NASU@DF_VALUATION(2.0),A,USA,P2,R93,CPA08_C22,XDC,O,V,T1620,2024,77.89,D,S1,D,F,2,A,6,USD
OECD.SDD.NAD:DSD_NASU@DF_VALUATION(2.0),A,USA,P2,S,CPA08_C22,XDC,O,V,T1620,2024,611.39,D,S1,D,F,2,A,6,USD
OECD.SDD.NAD:DSD_NASU@DF_VALUATION(2.0),A,USA,P2,S94,CPA08_C22,XDC,O,V,T1620,2024,180.59,D,S1,D,F,2,A,6,USD
OECD.SDD.NAD:DSD_NASU@DF_VALUATION(2.0),A,USA,P2,S95,CPA08_C22,XDC,O,V,T1620,2024,275.29,D,S1,D,F,2,A,6,USD
OECD.SDD.NAD:DSD_NASU@DF_VALUATION(2.0),A,USA,P2,S96,CPA08_C22,XDC,O,V,T1620,2024,155.51,D,S1,D,F,2,A,6,USD
OECD.SDD.NAD:DSD_NASU@DF_VALUATION(2.0),A,USA,P52,_Z,CPA08_C22,XDC,O,V,T1620,2024,365.13,D,S1,D,F,2,A,6,USD
OECD.SDD.NAD:DSD_NASU@DF_VALUATION(2.0),A,USA,P5,_Z,CPA08_C22,XDC,O,V,T1620,2024,1037.24,D,S1,D,F,2,A,6,USD
OECD.SDD.NAD:DSD_NASU@DF_VALUATION(2.0),A,USA,P51G,_Z,CPA08_C22,XDC,O,V,T1620,2024,672.1,D,S1,D,F,2,A,6,USD
OECD.SDD.NAD:DSD_NASU@DF_VALUATION(2.0),A,USA,TU,_Z,CPA08_C22,XDC,O,V,T1620,2024,160808.24,D,S1,D,F,2,A,6,USD
OECD.SDD.NAD:DSD_NASU@DF_VALUATION(2.0),A,USA,P3,_Z,CPA08_C22,XDC,O,V,T1620,2024,58696.56,D,S1,D,F,2,A,6,USD
OECD.SDD.NAD:DSD_NASU@DF_VALUATION(2.0),A,USA,P2,B07,CPA08_C22,XDC,O,V,T1620,2024,117.82,D,S1,D,F,2,A,6,USD
OECD.SDD.NAD:DSD_NASU@DF_VALUATION(2.0),A,USA,P2,M74,CPA08_C22,XDC,O,V,T1620,2024,196.83,D,S1,D,F,2,A,6,USD
OECD.SDD.NAD:DSD_NASU@DF_VALUATION(2.0),A,USA,P2,E39,CPA08_C22,XDC,O,V,T1620,2024,17.7,D,S1,D,F,2,A,6,USD
OECD.SDD.NAD:DSD_NASU@DF_VALUATION(2.0),A,USA,P2,F,CPA08_C22,XDC,O,V,T1620,2024,25245.77,D,S1,D,F,2,A,6,USD
OECD.SDD.NAD:DSD_NASU@DF_VALUATION(2.0),A,USA,P2,F41,CPA08_C22,XDC,O,V,T1620,2024,22319.93,D,S1,D,F,2,A,6,USD
OECD.SDD.NAD:DSD_NASU@DF_VALUATION(2.0),A,USA,P2,F42,CPA08_C22,XDC,O,V,T1620,2024,2925.84,D,S1,D,F,2,A,6,USD
OECD.SDD.NAD:DSD_NASU@DF_VALUATION(2.0),A,USA,P2,G,CPA08_C22,XDC,O,V,T1620,2024,7700.87,D,S1,D,F,2,A,6,USD
OECD.SDD.NAD:DSD_NASU@DF_VALUATION(2.0),A,USA,P2,G45,CPA08_C22,XDC,O,V,T1620,2024,2097.56,D,S1,D,F,2,A,6,USD
OECD.SDD.NAD:DSD_NASU@DF_VALUATION(2.0),A,USA,P2,G46,CPA08_C22,XDC,O,V,T1620,2024,3621.35,D,S1,D,F,2,A,6,USD
OECD.SDD.NAD:DSD_NASU@DF_VALUATION(2.0),A,USA,P2,G47,CPA08_C22,XDC,O,V,T1620,2024,1981.96,D,S1,D,F,2,A,6,USD
OECD.SDD.NAD:DSD_NASU@DF_VALUATION(2.0),A,USA,P2,H,CPA08_C22,XDC,O,V,T1620,2024,1091.95,D,S1,D,F,2,A,6,USD
OECD.SDD.NAD:DSD_NASU@DF_VALUATION(2.0),A,USA,P2,H49,CPA08_C22,XDC,O,V,T1620,2024,373.83,D,S1,D,F,2,A,6,USD
OECD.SDD.NAD:DSD_NASU@DF_VALUATION(2.0),A,USA,P2,H50,CPA08_C22,XDC,O,V,T1620,2024,0,D,S1,D,F,2,A,6,USD
OECD.SDD.NAD:DSD_NASU@DF_VALUATION(2.0),A,USA,P2,H51,CPA08_C22,XDC,O,V,T1620,2024,127.12,D,S1,D,F,2,A,6,USD
OECD.SDD.NAD:DSD_NASU@DF_VALUATION(2.0),A,USA,P2,H52,CPA08_C22,XDC,O,V,T1620,2024,75.68,D,S1,D,F,2,A,6,USD
OECD.SDD.NAD:DSD_NASU@DF_VALUATION(2.0),A,USA,P2,H53,CPA08_C22,XDC,O,V,T1620,2024,515.32,D,S1,D,F,2,A,6,USD
OECD.SDD.NAD:DSD_NASU@DF_VALUATION(2.0),A,USA,P2,I,CPA08_C22,XDC,O,V,T1620,2024,4229.43,D,S1,D,F,2,A,6,USD
OECD.SDD.NAD:DSD_NASU@DF_VALUATION(2.0),A,USA,P2,I55,CPA08_C22,XDC,O,V,T1620,2024,48.99,D,S1,D,F,2,A,6,USD
OECD.SDD.NAD:DSD_NASU@DF_VALUATION(2.0),A,USA,P2,I56,CPA08_C22,XDC,O,V,T1620,2024,4180.44,D,S1,D,F,2,A,6,USD
OECD.SDD.NAD:DSD_NASU@DF_VALUATION(2.0),A,USA,P2,J,CPA08_C22,XDC,O,V,T1620,2024,1632.05,D,S1,D,F,2,A,6,USD
OECD.SDD.NAD:DSD_NASU@DF_VALUATION(2.0),A,USA,P2,J58,CPA08_C22,XDC,O,V,T1620,2024,54.98,D,S1,D,F,2,A,6,USD
OECD.SDD.NAD:DSD_NASU@DF_VALUATION(2.0),A,USA,P2,J59_60,CPA08_C22,XDC,O,V,T1620,2024,278.68,D,S1,D,F,2,A,6,USD
OECD.SDD.NAD:DSD_NASU@DF_VALUATION(2.0),A,USA,P2,J59,CPA08_C22,XDC,O,V,T1620,2024,21.55,D,S1,D,F,2,A,6,USD
OECD.SDD.NAD:DSD_NASU@DF_VALUATION(2.0),A,USA,P2,J60,CPA08_C22,XDC,O,V,T1620,2024,257.13,D,S1,D,F,2,A,6,USD
OECD.SDD.NAD:DSD_NASU@DF_VALUATION(2.0),A,USA,P2,J61,CPA08_C22,XDC,O,V,T1620,2024,547.08,D,S1,D,F,2,A,6,USD
OECD.SDD.NAD:DSD_NASU@DF_VALUATION(2.0),A,USA,P2,J62_63,CPA08_C22,XDC,O,V,T1620,2024,751.31,D,S1,D,F,2,A,6,USD
OECD.SDD.NAD:DSD_NASU@DF_VALUATION(2.0),A,USA,P2,J62,CPA08_C22,XDC,O,V,T1620,2024,456.33,D,S1,D,F,2,A,6,USD
OECD.SDD.NAD:DSD_NASU@DF_VALUATION(2.0),A,USA,P2,J63,CPA08_C22,XDC,O,V,T1620,2024,294.98,D,S1,D,F,2,A,6,USD
OECD.SDD.NAD:DSD_NASU@DF_VALUATION(2.0),A,USA,P2,Q87_88,CPA08_C19,XDC,O,V,T1620,2024,277.61,D,S1,D,F,2,A,6,USD
OECD.SDD.NAD:DSD_NASU@DF_VALUATION(2.0),A,USA,P2,Q87,CPA08_C19,XDC,O,V,T1620,2024,126.91,D,S1,D,F,2,A,6,USD
OECD.SDD.NAD:DSD_NASU@DF_VALUATION(2.0),A,USA,P2,Q88,CPA08_C19,XDC,O,V,T1620,2024,150.7,D,S1,D,F,2,A,6,USD
OECD.SDD.NAD:DSD_NASU@DF_VALUATION(2.0),A,USA,P2,R,CPA08_C19,XDC,O,V,T1620,2024,183.49,D,S1,D,F,2,A,6,USD
OECD.SDD.NAD:DSD_NASU@DF_VALUATION(2.0),A,USA,P2,R90T92,CPA08_C19,XDC,O,V,T1620,2024,80.78,D,S1,D,F,2,A,6,USD
OECD.SDD.NAD:DSD_NASU@DF_VALUATION(2.0),A,USA,P2,R90,CPA08_C19,XDC,O,V,T1620,2024,23.27,D,S1,D,F,2,A,6,USD
OECD.SDD.NAD:DSD_NASU@DF_VALUATION(2.0),A,USA,P2,R91,CPA08_C19,XDC,O,V,T1620,2024,9.17,D,S1,D,F,2,A,6,USD
OECD.SDD.NAD:DSD_NASU@DF_VALUATION(2.0),A,USA,P2,R92,CPA08_C19,XDC,O,V,T1620,2024,48.33,D,S1,D,F,2,A,6,USD
OECD.SDD.NAD:DSD_NASU@DF_VALUATION(2.0),A,USA,P2,S,CPA08_C19,XDC,O,V,T1620,2024,214.71,D,S1,D,F,2,A,6,USD
OECD.SDD.NAD:DSD_NASU@DF_VALUATION(2.0),A,USA,P2,S94,CPA08_C19,XDC,O,V,T1620,2024,122.64,D,S1,D,F,2,A,6,USD
OECD.SDD.NAD:DSD_NASU@DF_VALUATION(2.0),A,USA,P2,S95,CPA08_C19,XDC,O,V,T1620,2024,16.85,D,S1,D,F,2,A,6,USD
OECD.SDD.NAD:DSD_NASU@DF_VALUATION(2.0),A,USA,P2,S96,CPA08_C19,XDC,O,V,T1620,2024,75.21,D,S1,D,F,2,A,6,USD
OECD.SDD.NAD:DSD_NASU@DF_VALUATION(2.0),A,USA,TU,_Z,CPA08_C19,XDC,O,V,T1620,2024,230278.72,D,S1,D,F,2,A,6,USD
OECD.SDD.NAD:DSD_NASU@DF_VALUATION(2.0),A,USA,P52,_Z,CPA08_C19,XDC,O,V,T1620,2024,317.65,D,S1,D,F,2,A,6,USD
OECD.SDD.NAD:DSD_NASU@DF_VALUATION(2.0),A,USA,P5,_Z,CPA08_C19,XDC,O,V,T1620,2024,317.65,D,S1,D,F,2,A,6,USD
OECD.SDD.NAD:DSD_NASU@DF_VALUATION(2.0),A,USA,P3,_Z,CPA08_C19,XDC,O,V,T1620,2024,133862.79,D,S1,D,F,2,A,6,USD
OECD.SDD.NAD:DSD_NASU@DF_VALUATION(2.0),A,USA,P2,P,CPA08_C19,XDC,O,V,T1620,2024,7939.07,D,S1,D,F,2,A,6,USD
OECD.SDD.NAD:DSD_NASU@DF_VALUATION(2.0),A,USA,P2,R93,CPA08_C19,XDC,O,V,T1620,2024,102.71,D,S1,D,F,2,A,6,USD
OECD.SDD.NAD:DSD_NASU@DF_VALUATION(2.0),A,USA,P2,E37T39,CPA08_C19,XDC,O,V,T1620,2024,349.88,D,S1,D,F,2,A,6,USD
OECD.SDD.NAD:DSD_NASU@DF_VALUATION(2.0),A,USA,P2,E37,CPA08_C19,XDC,O,V,T1620,2024,64.11,D,S1,D,F,2,A,6,USD
OECD.SDD.NAD:DSD_NASU@DF_VALUATION(2.0),A,USA,P2,E38,CPA08_C19,XDC,O,V,T1620,2024,235.32,D,S1,D,F,2,A,6,USD
OECD.SDD.NAD:DSD_NASU@DF_VALUATION(2.0),A,USA,P2,E39,CPA08_C19,XDC,O,V,T1620,2024,50.45,D,S1,D,F,2,A,6,USD
OECD.SDD.NAD:DSD_NASU@DF_VALUATION(2.0),A,USA,P2,F,CPA08_C19,XDC,O,V,T1620,2024,5063.91,D,S1,D,F,2,A,6,USD
OECD.SDD.NAD:DSD_NASU@DF_VALUATION(2.0),A,USA,P2,F41,CPA08_C19,XDC,O,V,T1620,2024,3937.3,D,S1,D,F,2,A,6,USD
OECD.SDD.NAD:DSD_NASU@DF_VALUATION(2.0),A,USA,P2,F42,CPA08_C19,XDC,O,V,T1620,2024,1126.61,D,S1,D,F,2,A,6,USD
OECD.SDD.NAD:DSD_NASU@DF_VALUATION(2.0),A,USA,P2,G,CPA08_C19,XDC,O,V,T1620,2024,1387.05,D,S1,D,F,2,A,6,USD
OECD.SDD.NAD:DSD_NASU@DF_VALUATION(2.0),A,USA,P2,G45,CPA08_C19,XDC,O,V,T1620,2024,469.49,D,S1,D,F,2,A,6,USD
OECD.SDD.NAD:DSD_NASU@DF_VALUATION(2.0),A,USA,P2,G46,CPA08_C19,XDC,O,V,T1620,2024,394.01,D,S1,D,F,2,A,6,USD
OECD.SDD.NAD:DSD_NASU@DF_VALUATION(2.0),A,USA,P2,G47,CPA08_C19,XDC,O,V,T1620,2024,523.55,D,S1,D,F,2,A,6,USD
OECD.SDD.NAD:DSD_NASU@DF_VALUATION(2.0),A,USA,P2,H,CPA08_C19,XDC,O,V,T1620,2024,26075.99,D,S1,D,F,2,A,6,USD
OECD.SDD.NAD:DSD_NASU@DF_VALUATION(2.0),A,USA,P2,B,CPA08_C24,XDC,O,V,T1620,2024,4020.71,D,S1,D,F,2,A,6,USD
OECD.SDD.NAD:DSD_NASU@DF_VALUATION(2.0),A,USA,P5,_Z,CPA08_C24,XDC,O,V,T1620,2024,1546.7,D,S1,D,F,2,A,6,USD
OECD.SDD.NAD:DSD_NASU@DF_VALUATION(2.0),A,USA,P52,_Z,CPA08_C23,XDC,O,V,T1620,2024,232.07,D,S1,D,F,2,A,6,USD
OECD.SDD.NAD:DSD_NASU@DF_VALUATION(2.0),A,USA,TU,_Z,CPA08_C23,XDC,O,V,T1620,2024,102474.21,D,S1,D,F,2,A,6,USD
OECD.SDD.NAD:DSD_NASU@DF_VALUATION(2.0),A,USA,P5,_Z,CPA08_C23,XDC,O,V,T1620,2024,232.07,D,S1,D,F,2,A,6,USD
OECD.SDD.NAD:DSD_NASU@DF_VALUATION(2.0),A,USA,P3,_Z,CPA08_C23,XDC,O,V,T1620,2024,12822.77,D,S1,D,F,2,A,6,USD
OECD.SDD.NAD:DSD_NASU@DF_VALUATION(2.0),A,USA,P2,C11,CPA08_C23,XDC,O,V,T1620,2024,1019.87,D,S1,D,F,2,A,6,USD
OECD.SDD.NAD:DSD_NASU@DF_VALUATION(2.0),A,USA,P2,C22,CPA08_C23,XDC,O,V,T1620,2024,731.05,D,S1,D,F,2,A,6,USD
OECD.SDD.NAD:DSD_NASU@DF_VALUATION(2.0),A,USA,P2,J59,CPA08_C23,XDC,O,V,T1620,2024,0.58,D,S1,D,F,2,A,6,USD
OECD.SDD.NAD:DSD_NASU@DF_VALUATION(2.0),A,USA,P2,J61,CPA08_C23,XDC,O,V,T1620,2024,518.26,D,S1,D,F,2,A,6,USD
OECD.SDD.NAD:DSD_NASU@DF_VALUATION(2.0),A,USA,P2,F42,CPA08_C23,XDC,O,V,T1620,2024,6464.38,D,S1,D,F,2,A,6,USD
OECD.SDD.NAD:DSD_NASU@DF_VALUATION(2.0),A,USA,P2,G,CPA08_C23,XDC,O,V,T1620,2024,760.38,D,S1,D,F,2,A,6,USD
OECD.SDD.NAD:DSD_NASU@DF_VALUATION(2.0),A,USA,P2,G45,CPA08_C23,XDC,O,V,T1620,2024,285.64,D,S1,D,F,2,A,6,USD
OECD.SDD.NAD:DSD_NASU@DF_VALUATION(2.0),A,USA,P2,G46,CPA08_C23,XDC,O,V,T1620,2024,35.75,D,S1,D,F,2,A,6,USD
OECD.SDD.NAD:DSD_NASU@DF_VALUATION(2.0),A,USA,P2,G47,CPA08_C23,XDC,O,V,T1620,2024,438.99,D,S1,D,F,2,A,6,USD
OECD.SDD.NAD:DSD_NASU@DF_VALUATION(2.0),A,USA,P2,H,CPA08_C23,XDC,O,V,T1620,2024,82.67,D,S1,D,F,2,A,6,USD
OECD.SDD.NAD:DSD_NASU@DF_VALUATION(2.0),A,USA,P2,H49,CPA08_C23,XDC,O,V,T1620,2024,55.23,D,S1,D,F,2,A,6,USD
OECD.SDD.NAD:DSD_NASU@DF_VALUATION(2.0),A,USA,P2,H52,CPA08_C23,XDC,O,V,T1620,2024,23.1,D,S1,D,F,2,A,6,USD
OECD.SDD.NAD:DSD_NASU@DF_VALUATION(2.0),A,USA,P2,H53,CPA08_C23,XDC,O,V,T1620,2024,4.34,D,S1,D,F,2,A,6,USD
OECD.SDD.NAD:DSD_NASU@DF_VALUATION(2.0),A,USA,P2,I,CPA08_C23,XDC,O,V,T1620,2024,1163.11,D,S1,D,F,2,A,6,USD
OECD.SDD.NAD:DSD_NASU@DF_VALUATION(2.0),A,USA,P2,I55,CPA08_C23,XDC,O,V,T1620,2024,42.92,D,S1,D,F,2,A,6,USD
OECD.SDD.NAD:DSD_NASU@DF_VALUATION(2.0),A,USA,P2,I56,CPA08_C23,XDC,O,V,T1620,2024,1120.19,D,S1,D,F,2,A,6,USD
OECD.SDD.NAD:DSD_NASU@DF_VALUATION(2.0),A,USA,P2,J,CPA08_C23,XDC,O,V,T1620,2024,898.65,D,S1,D,F,2,A,6,USD
OECD.SDD.NAD:DSD_NASU@DF_VALUATION(2.0),A,USA,P2,J58,CPA08_C23,XDC,O,V,T1620,2024,0.9,D,S1,D,F,2,A,6,USD
OECD.SDD.NAD:DSD_NASU@DF_VALUATION(2.0),A,USA,P2,J59_60,CPA08_C23,XDC,O,V,T1620,2024,81.62,D,S1,D,F,2,A,6,USD
OECD.SDD.NAD:DSD_NASU@DF_VALUATION(2.0),A,USA,P2,J60,CPA08_C23,XDC,O,V,T1620,2024,81.05,D,S1,D,F,2,A,6,USD
OECD.SDD.NAD:DSD_NASU@DF_VALUATION(2.0),A,USA,P2,J62_63,CPA08_C23,XDC,O,V,T1620,2024,297.87,D,S1,D,F,2,A,6,USD
OECD.SDD.NAD:DSD_NASU@DF_VALUATION(2.0),A,USA,P2,J62,CPA08_C23,XDC,O,V,T1620,2024,61.12,D,S1,D,F,2,A,6,USD
OECD.SDD.NAD:DSD_NASU@DF_VALUATION(2.0),A,USA,P2,J63,CPA08_C23,XDC,O,V,T1620,2024,236.74,D,S1,D,F,2,A,6,USD
OECD.SDD.NAD:DSD_NASU@DF_VALUATION(2.0),A,USA,P2,K,CPA08_C23,XDC,O,V,T1620,2024,57.45,D,S1,D,F,2,A,6,USD
OECD.SDD.NAD:DSD_NASU@DF_VALUATION(2.0),A,USA,P2,K64,CPA08_C23,XDC,O,V,T1620,2024,32.19,D,S1,D,F,2,A,6,USD
OECD.SDD.NAD:DSD_NASU@DF_VALUATION(2.0),A,USA,P2,K66,CPA08_C23,XDC,O,V,T1620,2024,25.26,D,S1,D,F,2,A,6,USD
OECD.SDD.NAD:DSD_NASU@DF_VALUATION(2.0),A,USA,P2,L,CPA08_C23,XDC,O,V,T1620,2024,54.08,D,S1,D,F,2,A,6,USD
OECD.SDD.NAD:DSD_NASU@DF_VALUATION(2.0),A,USA,P2,L68A,CPA08_C23,XDC,O,V,T1620,2024,36.69,D,S1,D,F,2,A,6,USD
OECD.SDD.NAD:DSD_NASU@DF_VALUATION(2.0),A,USA,P2,L68B,CPA08_C23,XDC,O,V,T1620,2024,17.39,D,S1,D,F,2,A,6,USD
OECD.SDD.NAD:DSD_NASU@DF_VALUATION(2.0),A,USA,P2,M,CPA08_C23,XDC,O,V,T1620,2024,1858.68,D,S1,D,F,2,A,6,USD
OECD.SDD.NAD:DSD_NASU@DF_VALUATION(2.0),A,USA,P5,_Z,CPA08_C21,XDC,O,V,T1620,2024,46.22,D,S1,D,F,2,A,6,USD
OECD.SDD.NAD:DSD_NASU@DF_VALUATION(2.0),A,USA,P2,R90,CPA08_C20,XDC,O,V,T1620,2024,1.12,D,S1,D,F,2,A,6,USD
OECD.SDD.NAD:DSD_NASU@DF_VALUATION(2.0),A,USA,P2,R92,CPA08_C20,XDC,O,V,T1620,2024,17.63,D,S1,D,F,2,A,6,USD
OECD.SDD.NAD:DSD_NASU@DF_VALUATION(2.0),A,USA,P2,R93,CPA08_C20,XDC,O,V,T1620,2024,149.95,D,S1,D,F,2,A,6,USD
OECD.SDD.NAD:DSD_NASU@DF_VALUATION(2.0),A,USA,P2,S,CPA08_C20,XDC,O,V,T1620,2024,616.34,D,S1,D,F,2,A,6,USD
OECD.SDD.NAD:DSD_NASU@DF_VALUATION(2.0),A,USA,P2,S94,CPA08_C20,XDC,O,V,T1620,2024,117.29,D,S1,D,F,2,A,6,USD
OECD.SDD.NAD:DSD_NASU@DF_VALUATION(2.0),A,USA,P2,S95,CPA08_C20,XDC,O,V,T1620,2024,53.87,D,S1,D,F,2,A,6,USD
OECD.SDD.NAD:DSD_NASU@DF_VALUATION(2.0),A,USA,P2,S96,CPA08_C20,XDC,O,V,T1620,2024,445.18,D,S1,D,F,2,A,6,USD
OECD.SDD.NAD:DSD_NASU@DF_VALUATION(2.0),A,USA,P5,_Z,CPA08_C20,XDC,O,V,T1620,2024,323.79,D,S1,D,F,2,A,6,USD
OECD.SDD.NAD:DSD_NASU@DF_VALUATION(2.0),A,USA,P3,_Z,CPA08_C20,XDC,O,V,T1620,2024,92091.83,D,S1,D,F,2,A,6,USD
OECD.SDD.NAD:DSD_NASU@DF_VALUATION(2.0),A,USA,TU,_Z,CPA08_C20,XDC,O,V,T1620,2024,235021.43,D,S1,D,F,2,A,6,USD
OECD.SDD.NAD:DSD_NASU@DF_VALUATION(2.0),A,USA,P52,_Z,CPA08_C20,XDC,O,V,T1620,2024,323.79,D,S1,D,F,2,A,6,USD
OECD.SDD.NAD:DSD_NASU@DF_VALUATION(2.0),A,USA,P2,C26,CPA08_C20,XDC,O,V,T1620,2024,345.36,D,S1,D,F,2,A,6,USD
OECD.SDD.NAD:DSD_NASU@DF_VALUATION(2.0),A,USA,P2,H51,CPA08_C20,XDC,O,V,T1620,2024,0.39,D,S1,D,F,2,A,6,USD
OECD.SDD.NAD:DSD_NASU@DF_VALUATION(2.0),A,USA,P2,L68A,CPA08_C20,XDC,O,V,T1620,2024,247.11,D,S1,D,F,2,A,6,USD
OECD.SDD.NAD:DSD_NASU@DF_VALUATION(2.0),A,USA,P2,M69,CPA08_C20,XDC,O,V,T1620,2024,108.48,D,S1,D,F,2,A,6,USD
OECD.SDD.NAD:DSD_NASU@DF_VALUATION(2.0),A,USA,P2,R91,CPA08_C20,XDC,O,V,T1620,2024,0.08,D,S1,D,F,2,A,6,USD
OECD.SDD.NAD:DSD_NASU@DF_VALUATION(2.0),A,USA,P2,E39,CPA08_C20,XDC,O,V,T1620,2024,137.64,D,S1,D,F,2,A,6,USD
OECD.SDD.NAD:DSD_NASU@DF_VALUATION(2.0),A,USA,P2,F,CPA08_C20,XDC,O,V,T1620,2024,7870.81,D,S1,D,F,2,A,6,USD
OECD.SDD.NAD:DSD_NASU@DF_VALUATION(2.0),A,USA,P2,F41,CPA08_C20,XDC,O,V,T1620,2024,6898.16,D,S1,D,F,2,A,6,USD
OECD.SDD.NAD:DSD_NASU@DF_VALUATION(2.0),A,USA,P2,F42,CPA08_C20,XDC,O,V,T1620,2024,972.66,D,S1,D,F,2,A,6,USD
OECD.SDD.NAD:DSD_NASU@DF_VALUATION(2.0),A,USA,P2,G,CPA08_C20,XDC,O,V,T1620,2024,904.4,D,S1,D,F,2,A,6,USD
OECD.SDD.NAD:DSD_NASU@DF_VALUATION(2.0),A,USA,P2,G45,CPA08_C20,XDC,O,V,T1620,2024,101.4,D,S1,D,F,2,A,6,USD
OECD.SDD.NAD:DSD_NASU@DF_VALUATION(2.0),A,USA,P2,G46,CPA08_C20,XDC,O,V,T1620,2024,683.79,D,S1,D,F,2,A,6,USD
OECD.SDD.NAD:DSD_NASU@DF_VALUATION(2.0),A,USA,P2,G47,CPA08_C20,XDC,O,V,T1620,2024,119.21,D,S1,D,F,2,A,6,USD
OECD.SDD.NAD:DSD_NASU@DF_VALUATION(2.0),A,USA,P2,H,CPA08_C20,XDC,O,V,T1620,2024,327.87,D,S1,D,F,2,A,6,USD
OECD.SDD.NAD:DSD_NASU@DF_VALUATION(2.0),A,USA,P2,H49,CPA08_C20,XDC,O,V,T1620,2024,93.99,D,S1,D,F,2,A,6,USD
OECD.SDD.NAD:DSD_NASU@DF_VALUATION(2.0),A,USA,P2,H50,CPA08_C20,XDC,O,V,T1620,2024,0.93,D,S1,D,F,2,A,6,USD
OECD.SDD.NAD:DSD_NASU@DF_VALUATION(2.0),A,USA,P2,H52,CPA08_C20,XDC,O,V,T1620,2024,224.36,D,S1,D,F,2,A,6,USD
OECD.SDD.NAD:DSD_NASU@DF_VALUATION(2.0),A,USA,P2,H53,CPA08_C20,XDC,O,V,T1620,2024,8.2,D,S1,D,F,2,A,6,USD
OECD.SDD.NAD:DSD_NASU@DF_VALUATION(2.0),A,USA,P2,I,CPA08_C20,XDC,O,V,T1620,2024,350.92,D,S1,D,F,2,A,6,USD
OECD.SDD.NAD:DSD_NASU@DF_VALUATION(2.0),A,USA,P2,I55,CPA08_C20,XDC,O,V,T1620,2024,11.93,D,S1,D,F,2,A,6,USD
OECD.SDD.NAD:DSD_NASU@DF_VALUATION(2.0),A,USA,P2,C25,CPA08_C23,XDC,O,V,T1620,2024,627.65,D,S1,D,F,2,A,6,USD
OECD.SDD.NAD:DSD_NASU@DF_VALUATION(2.0),A,USA,P2,C26,CPA08_C23,XDC,O,V,T1620,2024,145.93,D,S1,D,F,2,A,6,USD
OECD.SDD.NAD:DSD_NASU@DF_VALUATION(2.0),A,USA,P2,C27,CPA08_C23,XDC,O,V,T1620,2024,682.99,D,S1,D,F,2,A,6,USD
OECD.SDD.NAD:DSD_NASU@DF_VALUATION(2.0),A,USA,P2,C28,CPA08_C23,XDC,O,V,T1620,2024,428.72,D,S1,D,F,2,A,6,USD
OECD.SDD.NAD:DSD_NASU@DF_VALUATION(2.0),A,USA,P2,C29,CPA08_C23,XDC,O,V,T1620,2024,2626.81,D,S1,D,F,2,A,6,USD
OECD.SDD.NAD:DSD_NASU@DF_VALUATION(2.0),A,USA,P2,C30,CPA08_C23,XDC,O,V,T1620,2024,113.24,D,S1,D,F,2,A,6,USD
OECD.SDD.NAD:DSD_NASU@DF_VALUATION(2.0),A,USA,P2,C31_32,CPA08_C23,XDC,O,V,T1620,2024,323.27,D,S1,D,F,2,A,6,USD
OECD.SDD.NAD:DSD_NASU@DF_VALUATION(2.0),A,USA,P2,C31,CPA08_C23,XDC,O,V,T1620,2024,106.39,D,S1,D,F,2,A,6,USD
OECD.SDD.NAD:DSD_NASU@DF_VALUATION(2.0),A,USA,P2,C32,CPA08_C23,XDC,O,V,T1620,2024,216.88,D,S1,D,F,2,A,6,USD
OECD.SDD.NAD:DSD_NASU@DF_VALUATION(2.0),A,USA,P2,C33,CPA08_C23,XDC,O,V,T1620,2024,59.81,D,S1,D,F,2,A,6,USD
OECD.SDD.NAD:DSD_NASU@DF_VALUATION(2.0),A,USA,P2,D,CPA08_C23,XDC,O,V,T1620,2024,9.46,D,S1,D,F,2,A,6,USD
OECD.SDD.NAD:DSD_NASU@DF_VALUATION(2.0),A,USA,P2,E,CPA08_C23,XDC,O,V,T1620,2024,123,D,S1,D,F,2,A,6,USD
OECD.SDD.NAD:DSD_NASU@DF_VALUATION(2.0),A,USA,P2,E36,CPA08_C23,XDC,O,V,T1620,2024,0.26,D,S1,D,F,2,A,6,USD
OECD.SDD.NAD:DSD_NASU@DF_VALUATION(2.0),A,USA,P2,E37T39,CPA08_C23,XDC,O,V,T1620,2024,122.73,D,S1,D,F,2,A,6,USD
OECD.SDD.NAD:DSD_NASU@DF_VALUATION(2.0),A,USA,P2,E37,CPA08_C23,XDC,O,V,T1620,2024,0.01,D,S1,D,F,2,A,6,USD
OECD.SDD.NAD:DSD_NASU@DF_VALUATION(2.0),A,USA,P2,E38,CPA08_C23,XDC,O,V,T1620,2024,97.53,D,S1,D,F,2,A,6,USD
OECD.SDD.NAD:DSD_NASU@DF_VALUATION(2.0),A,USA,P2,E39,CPA08_C23,XDC,O,V,T1620,2024,25.2,D,S1,D,F,2,A,6,USD
OECD.SDD.NAD:DSD_NASU@DF_VALUATION(2.0),A,USA,P2,F,CPA08_C23,XDC,O,V,T1620,2024,54983.2,D,S1,D,F,2,A,6,USD
OECD.SDD.NAD:DSD_NASU@DF_VALUATION(2.0),A,USA,P2,F41,CPA08_C23,XDC,O,V,T1620,2024,48518.82,D,S1,D,F,2,A,6,USD
OECD.SDD.NAD:DSD_NASU@DF_VALUATION(2.0),A,USA,P2,B,CPA08_C23,XDC,O,V,T1620,2024,1079.66,D,S1,D,F,2,A,6,USD
OECD.SDD.NAD:DSD_NASU@DF_VALUATION(2.0),A,USA,P2,B05,CPA08_C23,XDC,O,V,T1620,2024,125.16,D,S1,D,F,2,A,6,USD
OECD.SDD.NAD:DSD_NASU@DF_VALUATION(2.0),A,USA,P2,G46,CPA08_C24,XDC,O,V,T1620,2024,96.8,D,S1,D,F,2,A,6,USD
OECD.SDD.NAD:DSD_NASU@DF_VALUATION(2.0),A,USA,P2,G47,CPA08_C24,XDC,O,V,T1620,2024,92.56,D,S1,D,F,2,A,6,USD
OECD.SDD.NAD:DSD_NASU@DF_VALUATION(2.0),A,USA,P2,H49,CPA08_C24,XDC,O,V,T1620,2024,193.75,D,S1,D,F,2,A,6,USD
OECD.SDD.NAD:DSD_NASU@DF_VALUATION(2.0),A,USA,P2,H51,CPA08_C24,XDC,O,V,T1620,2024,0.57,D,S1,D,F,2,A,6,USD
OECD.SDD.NAD:DSD_NASU@DF_VALUATION(2.0),A,USA,P2,H52,CPA08_C24,XDC,O,V,T1620,2024,29.64,D,S1,D,F,2,A,6,USD
OECD.SDD.NAD:DSD_NASU@DF_VALUATION(2.0),A,USA,P2,H53,CPA08_C24,XDC,O,V,T1620,2024,1.66,D,S1,D,F,2,A,6,USD
OECD.SDD.NAD:DSD_NASU@DF_VALUATION(2.0),A,USA,P2,I,CPA08_C24,XDC,O,V,T1620,2024,73.58,D,S1,D,F,2,A,6,USD
OECD.SDD.NAD:DSD_NASU@DF_VALUATION(2.0),A,USA,P2,I55,CPA08_C24,XDC,O,V,T1620,2024,10.09,D,S1,D,F,2,A,6,USD
OECD.SDD.NAD:DSD_NASU@DF_VALUATION(2.0),A,USA,P2,I56,CPA08_C24,XDC,O,V,T1620,2024,63.49,D,S1,D,F,2,A,6,USD
OECD.SDD.NAD:DSD_NASU@DF_VALUATION(2.0),A,USA,P2,J,CPA08_C24,XDC,O,V,T1620,2024,1784.93,D,S1,D,F,2,A,6,USD
OECD.SDD.NAD:DSD_NASU@DF_VALUATION(2.0),A,USA,P2,J58,CPA08_C24,XDC,O,V,T1620,2024,4.32,D,S1,D,F,2,A,6,USD
OECD.SDD.NAD:DSD_NASU@DF_VALUATION(2.0),A,USA,P2,J59_60,CPA08_C24,XDC,O,V,T1620,2024,1150.7,D,S1,D,F,2,A,6,USD
OECD.SDD.NAD:DSD_NASU@DF_VALUATION(2.0),A,USA,P2,J59,CPA08_C24,XDC,O,V,T1620,2024,1.2,D,S1,D,F,2,A,6,USD
OECD.SDD.NAD:DSD_NASU@DF_VALUATION(2.0),A,USA,P2,K,CPA08_C22,XDC,O,V,T1620,2024,499.37,D,S1,D,F,2,A,6,USD
OECD.SDD.NAD:DSD_NASU@DF_VALUATION(2.0),A,USA,P2,K64,CPA08_C22,XDC,O,V,T1620,2024,51.64,D,S1,D,F,2,A,6,USD
OECD.SDD.NAD:DSD_NASU@DF_VALUATION(2.0),A,USA,P2,K65,CPA08_C22,XDC,O,V,T1620,2024,0.08,D,S1,D,F,2,A,6,USD
OECD.SDD.NAD:DSD_NASU@DF_VALUATION(2.0),A,USA,P2,K66,CPA08_C22,XDC,O,V,T1620,2024,447.64,D,S1,D,F,2,A,6,USD
OECD.SDD.NAD:DSD_NASU@DF_VALUATION(2.0),A,USA,P2,L,CPA08_C22,XDC,O,V,T1620,2024,1676.13,D,S1,D,F,2,A,6,USD
OECD.SDD.NAD:DSD_NASU@DF_VALUATION(2.0),A,USA,P2,L68A,CPA08_C22,XDC,O,V,T1620,2024,4.79,D,S1,D,F,2,A,6,USD
OECD.SDD.NAD:DSD_NASU@DF_VALUATION(2.0),A,USA,P2,L68B,CPA08_C22,XDC,O,V,T1620,2024,1671.34,D,S1,D,F,2,A,6,USD
OECD.SDD.NAD:DSD_NASU@DF_VALUATION(2.0),A,USA,P2,M,CPA08_C22,XDC,O,V,T1620,2024,2232.44,D,S1,D,F,2,A,6,USD
OECD.SDD.NAD:DSD_NASU@DF_VALUATION(2.0),A,USA,P2,M69_70,CPA08_C22,XDC,O,V,T1620,2024,147.57,D,S1,D,F,2,A,6,USD
OECD.SDD.NAD:DSD_NASU@DF_VALUATION(2.0),A,USA,P2,M69,CPA08_C22,XDC,O,V,T1620,2024,12.76,D,S1,D,F,2,A,6,USD
OECD.SDD.NAD:DSD_NASU@DF_VALUATION(2.0),A,USA,P2,M70,CPA08_C22,XDC,O,V,T1620,2024,134.81,D,S1,D,F,2,A,6,USD
OECD.SDD.NAD:DSD_NASU@DF_VALUATION(2.0),A,USA,P2,M71,CPA08_C22,XDC,O,V,T1620,2024,1160.41,D,S1,D,F,2,A,6,USD
OECD.SDD.NAD:DSD_NASU@DF_VALUATION(2.0),A,USA,P2,M72,CPA08_C22,XDC,O,V,T1620,2024,560.75,D,S1,D,F,2,A,6,USD
OECD.SDD.NAD:DSD_NASU@DF_VALUATION(2.0),A,USA,P2,M73,CPA08_C22,XDC,O,V,T1620,2024,163.04,D,S1,D,F,2,A,6,USD
OECD.SDD.NAD:DSD_NASU@DF_VALUATION(2.0),A,USA,P2,M74_75,CPA08_C22,XDC,O,V,T1620,2024,200.68,D,S1,D,F,2,A,6,USD
OECD.SDD.NAD:DSD_NASU@DF_VALUATION(2.0),A,USA,P2,M75,CPA08_C22,XDC,O,V,T1620,2024,3.85,D,S1,D,F,2,A,6,USD
OECD.SDD.NAD:DSD_NASU@DF_VALUATION(2.0),A,USA,P2,N,CPA08_C22,XDC,O,V,T1620,2024,2423.43,D,S1,D,F,2,A,6,USD
OECD.SDD.NAD:DSD_NASU@DF_VALUATION(2.0),A,USA,P2,N77,CPA08_C22,XDC,O,V,T1620,2024,875.46,D,S1,D,F,2,A,6,USD
OECD.SDD.NAD:DSD_NASU@DF_VALUATION(2.0),A,USA,P2,N78,CPA08_C22,XDC,O,V,T1620,2024,13.59,D,S1,D,F,2,A,6,USD
OECD.SDD.NAD:DSD_NASU@DF_VALUATION(2.0),A,USA,P2,N79,CPA08_C22,XDC,O,V,T1620,2024,3.41,D,S1,D,F,2,A,6,USD
OECD.SDD.NAD:DSD_NASU@DF_VALUATION(2.0),A,USA,P2,N80T82,CPA08_C22,XDC,O,V,T1620,2024,1530.96,D,S1,D,F,2,A,6,USD
OECD.SDD.NAD:DSD_NASU@DF_VALUATION(2.0),A,USA,P2,N80,CPA08_C22,XDC,O,V,T1620,2024,40.45,D,S1,D,F,2,A,6,USD
OECD.SDD.NAD:DSD_NASU@DF_VALUATION(2.0),A,USA,P2,N81,CPA08_C22,XDC,O,V,T1620,2024,947.63,D,S1,D,F,2,A,6,USD
OECD.SDD.NAD:DSD_NASU@DF_VALUATION(2.0),A,USA,P2,N82,CPA08_C22,XDC,O,V,T1620,2024,542.88,D,S1,D,F,2,A,6,USD
OECD.SDD.NAD:DSD_NASU@DF_VALUATION(2.0),A,USA,P2,O,CPA08_C22,XDC,O,V,T1620,2024,6733.18,D,S1,D,F,2,A,6,USD
OECD.SDD.NAD:DSD_NASU@DF_VALUATION(2.0),A,USA,P2,P,CPA08_C22,XDC,O,V,T1620,2024,1375.84,D,S1,D,F,2,A,6,USD
OECD.SDD.NAD:DSD_NASU@DF_VALUATION(2.0),A,USA,P2,Q,CPA08_C22,XDC,O,V,T1620,2024,7208.64,D,S1,D,F,2,A,6,USD
OECD.SDD.NAD:DSD_NASU@DF_VALUATION(2.0),A,USA,P2,Q86,CPA08_C22,XDC,O,V,T1620,2024,5857.5,D,S1,D,F,2,A,6,USD
OECD.SDD.NAD:DSD_NASU@DF_VALUATION(2.0),A,USA,P2,C14,CPA08_C22,XDC,O,V,T1620,2024,0.35,D,S1,D,F,2,A,6,USD
OECD.SDD.NAD:DSD_NASU@DF_VALUATION(2.0),A,USA,P2,C15,CPA08_C22,XDC,O,V,T1620,2024,4.83,D,S1,D,F,2,A,6,USD
OECD.SDD.NAD:DSD_NASU@DF_VALUATION(2.0),A,USA,P2,C16,CPA08_C22,XDC,O,V,T1620,2024,775.04,D,S1,D,F,2,A,6,USD
OECD.SDD.NAD:DSD_NASU@DF_VALUATION(2.0),A,USA,P2,C17,CPA08_C22,XDC,O,V,T1620,2024,541.46,D,S1,D,F,2,A,6,USD
OECD.SDD.NAD:DSD_NASU@DF_VALUATION(2.0),A,USA,P2,C18,CPA08_C22,XDC,O,V,T1620,2024,577.08,D,S1,D,F,2,A,6,USD
OECD.SDD.NAD:DSD_NASU@DF_VALUATION(2.0),A,USA,P2,C19,CPA08_C22,XDC,O,V,T1620,2024,52.78,D,S1,D,F,2,A,6,USD
OECD.SDD.NAD:DSD_NASU@DF_VALUATION(2.0),A,USA,P51G,_Z,CPA08_C24,XDC,O,V,T1620,2024,1416.48,D,S1,D,F,2,A,6,USD
OECD.SDD.NAD:DSD_NASU@DF_VALUATION(2.0),A,USA,P2,C16,CPA08_C24,XDC,O,V,T1620,2024,59.69,D,S1,D,F,2,A,6,USD
OECD.SDD.NAD:DSD_NASU@DF_VALUATION(2.0),A,USA,P2,C17,CPA08_C24,XDC,O,V,T1620,2024,344.81,D,S1,D,F,2,A,6,USD
OECD.SDD.NAD:DSD_NASU@DF_VALUATION(2.0),A,USA,P2,C18,CPA08_C24,XDC,O,V,T1620,2024,3.37,D,S1,D,F,2,A,6,USD
OECD.SDD.NAD:DSD_NASU@DF_VALUATION(2.0),A,USA,P2,C20,CPA08_C24,XDC,O,V,T1620,2024,377.92,D,S1,D,F,2,A,6,USD
OECD.SDD.NAD:DSD_NASU@DF_VALUATION(2.0),A,USA,P2,C22,CPA08_C24,XDC,O,V,T1620,2024,420.35,D,S1,D,F,2,A,6,USD
OECD.SDD.NAD:DSD_NASU@DF_VALUATION(2.0),A,USA,P2,C23,CPA08_C24,XDC,O,V,T1620,2024,331.58,D,S1,D,F,2,A,6,USD
OECD.SDD.NAD:DSD_NASU@DF_VALUATION(2.0),A,USA,P2,C24,CPA08_C24,XDC,O,V,T1620,2024,13495.8,D,S1,D,F,2,A,6,USD
OECD.SDD.NAD:DSD_NASU@DF_VALUATION(2.0),A,USA,P2,C25,CPA08_C24,XDC,O,V,T1620,2024,16929.89,D,S1,D,F,2,A,6,USD
OECD.SDD.NAD:DSD_NASU@DF_VALUATION(2.0),A,USA,P2,C26,CPA08_C24,XDC,O,V,T1620,2024,626.37,D,S1,D,F,2,A,6,USD
OECD.SDD.NAD:DSD_NASU@DF_VALUATION(2.0),A,USA,P2,C27,CPA08_C24,XDC,O,V,T1620,2024,4105.17,D,S1,D,F,2,A,6,USD
OECD.SDD.NAD:DSD_NASU@DF_VALUATION(2.0),A,USA,P2,C28,CPA08_C24,XDC,O,V,T1620,2024,7362.56,D,S1,D,F,2,A,6,USD
OECD.SDD.NAD:DSD_NASU@DF_VALUATION(2.0),A,USA,P2,C29,CPA08_C24,XDC,O,V,T1620,2024,5939.67,D,S1,D,F,2,A,6,USD
OECD.SDD.NAD:DSD_NASU@DF_VALUATION(2.0),A,USA,P2,C30,CPA08_C24,XDC,O,V,T1620,2024,1624.72,D,S1,D,F,2,A,6,USD
OECD.SDD.NAD:DSD_NASU@DF_VALUATION(2.0),A,USA,P2,C31_32,CPA08_C24,XDC,O,V,T1620,2024,1277.37,D,S1,D,F,2,A,6,USD
OECD.SDD.NAD:DSD_NASU@DF_VALUATION(2.0),A,USA,P2,C31,CPA08_C24,XDC,O,V,T1620,2024,598.08,D,S1,D,F,2,A,6,USD
OECD.SDD.NAD:DSD_NASU@DF_VALUATION(2.0),A,USA,P2,C32,CPA08_C24,XDC,O,V,T1620,2024,679.29,D,S1,D,F,2,A,6,USD
OECD.SDD.NAD:DSD_NASU@DF_VALUATION(2.0),A,USA,P2,C33,CPA08_C24,XDC,O,V,T1620,2024,208.7,D,S1,D,F,2,A,6,USD
OECD.SDD.NAD:DSD_NASU@DF_VALUATION(2.0),A,USA,P2,D,CPA08_C24,XDC,O,V,T1620,2024,288.62,D,S1,D,F,2,A,6,USD
OECD.SDD.NAD:DSD_NASU@DF_VALUATION(2.0),A,USA,P2,E,CPA08_C24,XDC,O,V,T1620,2024,152.37,D,S1,D,F,2,A,6,USD
OECD.SDD.NAD:DSD_NASU@DF_VALUATION(2.0),A,USA,P2,E36,CPA08_C24,XDC,O,V,T1620,2024,0.02,D,S1,D,F,2,A,6,USD
OECD.SDD.NAD:DSD_NASU@DF_VALUATION(2.0),A,USA,P2,E37T39,CPA08_C24,XDC,O,V,T1620,2024,152.35,D,S1,D,F,2,A,6,USD
OECD.SDD.NAD:DSD_NASU@DF_VALUATION(2.0),A,USA,P2,E38,CPA08_C24,XDC,O,V,T1620,2024,130.57,D,S1,D,F,2,A,6,USD
OECD.SDD.NAD:DSD_NASU@DF_VALUATION(2.0),A,USA,P2,E39,CPA08_C24,XDC,O,V,T1620,2024,21.78,D,S1,D,F,2,A,6,USD
OECD.SDD.NAD:DSD_NASU@DF_VALUATION(2.0),A,USA,P2,F,CPA08_C24,XDC,O,V,T1620,2024,6606.52,D,S1,D,F,2,A,6,USD
OECD.SDD.NAD:DSD_NASU@DF_VALUATION(2.0),A,USA,P2,F41,CPA08_C24,XDC,O,V,T1620,2024,5218.87,D,S1,D,F,2,A,6,USD
OECD.SDD.NAD:DSD_NASU@DF_VALUATION(2.0),A,USA,P2,F42,CPA08_C24,XDC,O,V,T1620,2024,1387.65,D,S1,D,F,2,A,6,USD
OECD.SDD.NAD:DSD_NASU@DF_VALUATION(2.0),A,USA,P2,B05,CPA08_C24,XDC,O,V,T1620,2024,5.34,D,S1,D,F,2,A,6,USD
OECD.SDD.NAD:DSD_NASU@DF_VALUATION(2.0),A,USA,P2,B06,CPA08_C24,XDC,O,V,T1620,2024,3865.13,D,S1,D,F,2,A,6,USD
OECD.SDD.NAD:DSD_NASU@DF_VALUATION(2.0),A,USA,P2,B07,CPA08_C24,XDC,O,V,T1620,2024,42.76,D,S1,D,F,2,A,6,USD
OECD.SDD.NAD:DSD_NASU@DF_VALUATION(2.0),A,USA,P2,B08,CPA08_C24,XDC,O,V,T1620,2024,54.95,D,S1,D,F,2,A,6,USD
OECD.SDD.NAD:DSD_NASU@DF_VALUATION(2.0),A,USA,P2,B09,CPA08_C24,XDC,O,V,T1620,2024,52.54,D,S1,D,F,2,A,6,USD
OECD.SDD.NAD:DSD_NASU@DF_VALUATION(2.0),A,USA,P2,C,CPA08_C24,XDC,O,V,T1620,2024,53567.71,D,S1,D,F,2,A,6,USD
OECD.SDD.NAD:DSD_NASU@DF_VALUATION(2.0),A,USA,P2,C10T12,CPA08_C24,XDC,O,V,T1620,2024,442.99,D,S1,D,F,2,A,6,USD
OECD.SDD.NAD:DSD_NASU@DF_VALUATION(2.0),A,USA,P2,C10,CPA08_C24,XDC,O,V,T1620,2024,51.09,D,S1,D,F,2,A,6,USD
OECD.SDD.NAD:DSD_NASU@DF_VALUATION(2.0),A,USA,P2,C11,CPA08_C24,XDC,O,V,T1620,2024,390.1,D,S1,D,F,2,A,6,USD
OECD.SDD.NAD:DSD_NASU@DF_VALUATION(2.0),A,USA,P2,C12,CPA08_C24,XDC,O,V,T1620,2024,1.81,D,S1,D,F,2,A,6,USD
OECD.SDD.NAD:DSD_NASU@DF_VALUATION(2.0),A,USA,P2,C13T15,CPA08_C24,XDC,O,V,T1620,2024,16.74,D,S1,D,F,2,A,6,USD
OECD.SDD.NAD:DSD_NASU@DF_VALUATION(2.0),A,USA,P2,C13,CPA08_C24,XDC,O,V,T1620,2024,16.74,D,S1,D,F,2,A,6,USD
OECD.SDD.NAD:DSD_NASU@DF_VALUATION(2.0),A,USA,P2,_T,CPA08_C24,XDC,O,V,T1620,2024,70062.35,D,S1,D,F,2,A,6,USD
OECD.SDD.NAD:DSD_NASU@DF_VALUATION(2.0),A,USA,P2,A,CPA08_C24,XDC,O,V,T1620,2024,8.75,D,S1,D,F,2,A,6,USD
OECD.SDD.NAD:DSD_NASU@DF_VALUATION(2.0),A,USA,P2,A01,CPA08_C24,XDC,O,V,T1620,2024,8.75,D,S1,D,F,2,A,6,USD
OECD.SDD.NAD:DSD_NASU@DF_VALUATION(2.0),A,USA,P2,N78,CPA08_C23,XDC,O,V,T1620,2024,0,D,S1,D,F,2,A,6,USD
OECD.SDD.NAD:DSD_NASU@DF_VALUATION(2.0),A,USA,P2,N80T82,CPA08_C23,XDC,O,V,T1620,2024,347.84,D,S1,D,F,2,A,6,USD
OECD.SDD.NAD:DSD_NASU@DF_VALUATION(2.0),A,USA,P2,N80,CPA08_C23,XDC,O,V,T1620,2024,4.93,D,S1,D,F,2,A,6,USD
OECD.SDD.NAD:DSD_NASU@DF_VALUATION(2.0),A,USA,P2,N81,CPA08_C23,XDC,O,V,T1620,2024,121.18,D,S1,D,F,2,A,6,USD
OECD.SDD.NAD:DSD_NASU@DF_VALUATION(2.0),A,USA,P2,N82,CPA08_C23,XDC,O,V,T1620,2024,221.73,D,S1,D,F,2,A,6,USD
OECD.SDD.NAD:DSD_NASU@DF_VALUATION(2.0),A,USA,P2,O,CPA08_C23,XDC,O,V,T1620,2024,3623.03,D,S1,D,F,2,A,6,USD
OECD.SDD.NAD:DSD_NASU@DF_VALUATION(2.0),A,USA,P2,P,CPA08_C23,XDC,O,V,T1620,2024,179.06,D,S1,D,F,2,A,6,USD
OECD.SDD.NAD:DSD_NASU@DF_VALUATION(2.0),A,USA,P2,Q,CPA08_C23,XDC,O,V,T1620,2024,2968.66,D,S1,D,F,2,A,6,USD
OECD.SDD.NAD:DSD_NASU@DF_VALUATION(2.0),A,USA,P2,Q86,CPA08_C23,XDC,O,V,T1620,2024,2682.07,D,S1,D,F,2,A,6,USD
OECD.SDD.NAD:DSD_NASU@DF_VALUATION(2.0),A,USA,P2,Q87_88,CPA08_C23,XDC,O,V,T1620,2024,286.59,D,S1,D,F,2,A,6,USD
OECD.SDD.NAD:DSD_NASU@DF_VALUATION(2.0),A,USA,P2,Q87,CPA08_C23,XDC,O,V,T1620,2024,73.22,D,S1,D,F,2,A,6,USD
OECD.SDD.NAD:DSD_NASU@DF_VALUATION(2.0),A,USA,P2,Q88,CPA08_C23,XDC,O,V,T1620,2024,213.37,D,S1,D,F,2,A,6,USD
OECD.SDD.NAD:DSD_NASU@DF_VALUATION(2.0),A,USA,P2,R,CPA08_C23,XDC,O,V,T1620,2024,63.84,D,S1,D,F,2,A,6,USD
OECD.SDD.NAD:DSD_NASU@DF_VALUATION(2.0),A,USA,P2,R90T92,CPA08_C23,XDC,O,V,T1620,2024,4.2,D,S1,D,F,2,A,6,USD
OECD.SDD.NAD:DSD_NASU@DF_VALUATION(2.0),A,USA,P2,R90,CPA08_C23,XDC,O,V,T1620,2024,4.19,D,S1,D,F,2,A,6,USD
OECD.SDD.NAD:DSD_NASU@DF_VALUATION(2.0),A,USA,P2,R92,CPA08_C23,XDC,O,V,T1620,2024,0.01,D,S1,D,F,2,A,6,USD
OECD.SDD.NAD:DSD_NASU@DF_VALUATION(2.0),A,USA,P2,R93,CPA08_C23,XDC,O,V,T1620,2024,59.64,D,S1,D,F,2,A,6,USD
OECD.SDD.NAD:DSD_NASU@DF_VALUATION(2.0),A,USA,P2,S,CPA08_C23,XDC,O,V,T1620,2024,466.76,D,S1,D,F,2,A,6,USD
OECD.SDD.NAD:DSD_NASU@DF_VALUATION(2.0),A,USA,P2,C17,CPA08_C23,XDC,O,V,T1620,2024,155.94,D,S1,D,F,2,A,6,USD
OECD.SDD.NAD:DSD_NASU@DF_VALUATION(2.0),A,USA,P2,C18,CPA08_C23,XDC,O,V,T1620,2024,0.35,D,S1,D,F,2,A,6,USD
OECD.SDD.NAD:DSD_NASU@DF_VALUATION(2.0),A,USA,P2,C19,CPA08_C23,XDC,O,V,T1620,2024,1.7,D,S1,D,F,2,A,6,USD
OECD.SDD.NAD:DSD_NASU@DF_VALUATION(2.0),A,USA,P2,C20,CPA08_C23,XDC,O,V,T1620,2024,578.39,D,S1,D,F,2,A,6,USD
OECD.SDD.NAD:DSD_NASU@DF_VALUATION(2.0),A,USA,P2,C21,CPA08_C23,XDC,O,V,T1620,2024,6.35,D,S1,D,F,2,A,6,USD
OECD.SDD.NAD:DSD_NASU@DF_VALUATION(2.0),A,USA,P2,C23,CPA08_C23,XDC,O,V,T1620,2024,7523.15,D,S1,D,F,2,A,6,USD
OECD.SDD.NAD:DSD_NASU@DF_VALUATION(2.0),A,USA,P2,C24,CPA08_C23,XDC,O,V,T1620,2024,1102.61,D,S1,D,F,2,A,6,USD
OECD.SDD.NAD:DSD_NASU@DF_VALUATION(2.0),A,USA,P2,M74,CPA08_C25,XDC,O,V,T1620,2024,164.09,D,S1,D,F,2,A,6,USD
OECD.SDD.NAD:DSD_NASU@DF_VALUATION(2.0),A,USA,P2,M75,CPA08_C25,XDC,O,V,T1620,2024,11.77,D,S1,D,F,2,A,6,USD
OECD.SDD.NAD:DSD_NASU@DF_VALUATION(2.0),A,USA,P2,N,CPA08_C25,XDC,O,V,T1620,2024,1737.42,D,S1,D,F,2,A,6,USD
OECD.SDD.NAD:DSD_NASU@DF_VALUATION(2.0),A,USA,P2,N77,CPA08_C25,XDC,O,V,T1620,2024,758.38,D,S1,D,F,2,A,6,USD
OECD.SDD.NAD:DSD_NASU@DF_VALUATION(2.0),A,USA,P2,N78,CPA08_C25,XDC,O,V,T1620,2024,11.31,D,S1,D,F,2,A,6,USD
OECD.SDD.NAD:DSD_NASU@DF_VALUATION(2.0),A,USA,P2,N79,CPA08_C25,XDC,O,V,T1620,2024,8.25,D,S1,D,F,2,A,6,USD
OECD.SDD.NAD:DSD_NASU@DF_VALUATION(2.0),A,USA,P2,N80T82,CPA08_C25,XDC,O,V,T1620,2024,959.48,D,S1,D,F,2,A,6,USD
OECD.SDD.NAD:DSD_NASU@DF_VALUATION(2.0),A,USA,P2,N80,CPA08_C25,XDC,O,V,T1620,2024,186.79,D,S1,D,F,2,A,6,USD
OECD.SDD.NAD:DSD_NASU@DF_VALUATION(2.0),A,USA,P2,N81,CPA08_C25,XDC,O,V,T1620,2024,539.63,D,S1,D,F,2,A,6,USD
OECD.SDD.NAD:DSD_NASU@DF_VALUATION(2.0),A,USA,P2,N82,CPA08_C25,XDC,O,V,T1620,2024,233.06,D,S1,D,F,2,A,6,USD
OECD.SDD.NAD:DSD_NASU@DF_VALUATION(2.0),A,USA,P2,O,CPA08_C25,XDC,O,V,T1620,2024,6926.78,D,S1,D,F,2,A,6,USD
OECD.SDD.NAD:DSD_NASU@DF_VALUATION(2.0),A,USA,P2,P,CPA08_C25,XDC,O,V,T1620,2024,437.86,D,S1,D,F,2,A,6,USD
OECD.SDD.NAD:DSD_NASU@DF_VALUATION(2.0),A,USA,P2,Q,CPA08_C25,XDC,O,V,T1620,2024,1989.38,D,S1,D,F,2,A,6,USD
OECD.SDD.NAD:DSD_NASU@DF_VALUATION(2.0),A,USA,P2,C13T15,CPA08_C25,XDC,O,V,T1620,2024,43.08,D,S1,D,F,2,A,6,USD
OECD.SDD.NAD:DSD_NASU@DF_VALUATION(2.0),A,USA,P2,C13,CPA08_C25,XDC,O,V,T1620,2024,26.12,D,S1,D,F,2,A,6,USD
OECD.SDD.NAD:DSD_NASU@DF_VALUATION(2.0),A,USA,P2,C14,CPA08_C25,XDC,O,V,T1620,2024,1.13,D,S1,D,F,2,A,6,USD
OECD.SDD.NAD:DSD_NASU@DF_VALUATION(2.0),A,USA,P2,C15,CPA08_C25,XDC,O,V,T1620,2024,15.84,D,S1,D,F,2,A,6,USD
OECD.SDD.NAD:DSD_NASU@DF_VALUATION(2.0),A,USA,P2,C16,CPA08_C25,XDC,O,V,T1620,2024,610.2,D,S1,D,F,2,A,6,USD
OECD.SDD.NAD:DSD_NASU@DF_VALUATION(2.0),A,USA,P2,C17,CPA08_C25,XDC,O,V,T1620,2024,416.6,D,S1,D,F,2,A,6,USD
OECD.SDD.NAD:DSD_NASU@DF_VALUATION(2.0),A,USA,P2,C18,CPA08_C25,XDC,O,V,T1620,2024,41.38,D,S1,D,F,2,A,6,USD
OECD.SDD.NAD:DSD_NASU@DF_VALUATION(2.0),A,USA,P2,C19,CPA08_C25,XDC,O,V,T1620,2024,26.78,D,S1,D,F,2,A,6,USD
OECD.SDD.NAD:DSD_NASU@DF_VALUATION(2.0),A,USA,P2,C20,CPA08_C25,XDC,O,V,T1620,2024,806.6,D,S1,D,F,2,A,6,USD
OECD.SDD.NAD:DSD_NASU@DF_VALUATION(2.0),A,USA,P2,C21,CPA08_C25,XDC,O,V,T1620,2024,1.79,D,S1,D,F,2,A,6,USD
OECD.SDD.NAD:DSD_NASU@DF_VALUATION(2.0),A,USA,P2,C22,CPA08_C25,XDC,O,V,T1620,2024,1163.95,D,S1,D,F,2,A,6,USD
OECD.SDD.NAD:DSD_NASU@DF_VALUATION(2.0),A,USA,P2,C23,CPA08_C25,XDC,O,V,T1620,2024,454.21,D,S1,D,F,2,A,6,USD
OECD.SDD.NAD:DSD_NASU@DF_VALUATION(2.0),A,USA,P2,C24,CPA08_C25,XDC,O,V,T1620,2024,1154.31,D,S1,D,F,2,A,6,USD
OECD.SDD.NAD:DSD_NASU@DF_VALUATION(2.0),A,USA,P2,C25,CPA08_C25,XDC,O,V,T1620,2024,5566.45,D,S1,D,F,2,A,6,USD
OECD.SDD.NAD:DSD_NASU@DF_VALUATION(2.0),A,USA,P2,C26,CPA08_C25,XDC,O,V,T1620,2024,1194.17,D,S1,D,F,2,A,6,USD
OECD.SDD.NAD:DSD_NASU@DF_VALUATION(2.0),A,USA,P2,C27,CPA08_C25,XDC,O,V,T1620,2024,2649.24,D,S1,D,F,2,A,6,USD
OECD.SDD.NAD:DSD_NASU@DF_VALUATION(2.0),A,USA,P2,C28,CPA08_C25,XDC,O,V,T1620,2024,3202,D,S1,D,F,2,A,6,USD
OECD.SDD.NAD:DSD_NASU@DF_VALUATION(2.0),A,USA,P2,C29,CPA08_C25,XDC,O,V,T1620,2024,13008.23,D,S1,D,F,2,A,6,USD
OECD.SDD.NAD:DSD_NASU@DF_VALUATION(2.0),A,USA,P2,C30,CPA08_C25,XDC,O,V,T1620,2024,2142.14,D,S1,D,F,2,A,6,USD
OECD.SDD.NAD:DSD_NASU@DF_VALUATION(2.0),A,USA,P2,C31_32,CPA08_C25,XDC,O,V,T1620,2024,1678.26,D,S1,D,F,2,A,6,USD
OECD.SDD.NAD:DSD_NASU@DF_VALUATION(2.0),A,USA,P2,C31,CPA08_C25,XDC,O,V,T1620,2024,1155.27,D,S1,D,F,2,A,6,USD
OECD.SDD.NAD:DSD_NASU@DF_VALUATION(2.0),A,USA,P2,C32,CPA08_C25,XDC,O,V,T1620,2024,522.99,D,S1,D,F,2,A,6,USD
OECD.SDD.NAD:DSD_NASU@DF_VALUATION(2.0),A,USA,P2,C33,CPA08_C25,XDC,O,V,T1620,2024,356.96,D,S1,D,F,2,A,6,USD
OECD.SDD.NAD:DSD_NASU@DF_VALUATION(2.0),A,USA,P2,E,CPA08_C25,XDC,O,V,T1620,2024,740.71,D,S1,D,F,2,A,6,USD
OECD.SDD.NAD:DSD_NASU@DF_VALUATION(2.0),A,USA,P2,E36,CPA08_C25,XDC,O,V,T1620,2024,0.61,D,S1,D,F,2,A,6,USD
OECD.SDD.NAD:DSD_NASU@DF_VALUATION(2.0),A,USA,P2,E37T39,CPA08_C25,XDC,O,V,T1620,2024,740.1,D,S1,D,F,2,A,6,USD
OECD.SDD.NAD:DSD_NASU@DF_VALUATION(2.0),A,USA,P2,A03,CPA08_C25,XDC,O,V,T1620,2024,19.89,D,S1,D,F,2,A,6,USD
OECD.SDD.NAD:DSD_NASU@DF_VALUATION(2.0),A,USA,P2,B,CPA08_C25,XDC,O,V,T1620,2024,1195.49,D,S1,D,F,2,A,6,USD
OECD.SDD.NAD:DSD_NASU@DF_VALUATION(2.0),A,USA,P2,B05,CPA08_C25,XDC,O,V,T1620,2024,134.69,D,S1,D,F,2,A,6,USD
OECD.SDD.NAD:DSD_NASU@DF_VALUATION(2.0),A,USA,P2,B06,CPA08_C25,XDC,O,V,T1620,2024,832.03,D,S1,D,F,2,A,6,USD
OECD.SDD.NAD:DSD_NASU@DF_VALUATION(2.0),A,USA,P2,B07,CPA08_C25,XDC,O,V,T1620,2024,65.45,D,S1,D,F,2,A,6,USD
OECD.SDD.NAD:DSD_NASU@DF_VALUATION(2.0),A,USA,P2,B08,CPA08_C25,XDC,O,V,T1620,2024,23,D,S1,D,F,2,A,6,USD
OECD.SDD.NAD:DSD_NASU@DF_VALUATION(2.0),A,USA,P2,B09,CPA08_C25,XDC,O,V,T1620,2024,140.33,D,S1,D,F,2,A,6,USD
OECD.SDD.NAD:DSD_NASU@DF_VALUATION(2.0),A,USA,P2,C,CPA08_C25,XDC,O,V,T1620,2024,37132.97,D,S1,D,F,2,A,6,USD
OECD.SDD.NAD:DSD_NASU@DF_VALUATION(2.0),A,USA,P2,C10T12,CPA08_C25,XDC,O,V,T1620,2024,2616.59,D,S1,D,F,2,A,6,USD
OECD.SDD.NAD:DSD_NASU@DF_VALUATION(2.0),A,USA,P2,C10,CPA08_C25,XDC,O,V,T1620,2024,1419.45,D,S1,D,F,2,A,6,USD
OECD.SDD.NAD:DSD_NASU@DF_VALUATION(2.0),A,USA,P2,C11,CPA08_C25,XDC,O,V,T1620,2024,760.12,D,S1,D,F,2,A,6,USD
OECD.SDD.NAD:DSD_NASU@DF_VALUATION(2.0),A,USA,P2,C12,CPA08_C25,XDC,O,V,T1620,2024,437.02,D,S1,D,F,2,A,6,USD
OECD.SDD.NAD:DSD_NASU@DF_VALUATION(2.0),A,USA,P2,_T,CPA08_C25,XDC,O,V,T1620,2024,102547.99,D,S1,D,F,2,A,6,USD
OECD.SDD.NAD:DSD_NASU@DF_VALUATION(2.0),A,USA,P2,A,CPA08_C25,XDC,O,V,T1620,2024,441.02,D,S1,D,F,2,A,6,USD
OECD.SDD.NAD:DSD_NASU@DF_VALUATION(2.0),A,USA,P2,A01,CPA08_C25,XDC,O,V,T1620,2024,407.29,D,S1,D,F,2,A,6,USD
OECD.SDD.NAD:DSD_NASU@DF_VALUATION(2.0),A,USA,P2,A02,CPA08_C25,XDC,O,V,T1620,2024,13.84,D,S1,D,F,2,A,6,USD
OECD.SDD.NAD:DSD_NASU@DF_VALUATION(2.0),A,USA,P2,Q86,CPA08_C25,XDC,O,V,T1620,2024,761.03,D,S1,D,F,2,A,6,USD
OECD.SDD.NAD:DSD_NASU@DF_VALUATION(2.0),A,USA,P2,Q87_88,CPA08_C25,XDC,O,V,T1620,2024,1228.36,D,S1,D,F,2,A,6,USD
OECD.SDD.NAD:DSD_NASU@DF_VALUATION(2.0),A,USA,TU,_Z,CPA08_C24,XDC,O,V,T1620,2024,82238.07,D,S1,D,F,2,A,6,USD
OECD.SDD.NAD:DSD_NASU@DF_VALUATION(2.0),A,USA,P3,_Z,CPA08_C24,XDC,O,V,T1620,2024,2061.47,D,S1,D,F,2,A,6,USD
OECD.SDD.NAD:DSD_NASU@DF_VALUATION(2.0),A,USA,P52,_Z,CPA08_C24,XDC,O,V,T1620,2024,130.22,D,S1,D,F,2,A,6,USD
OECD.SDD.NAD:DSD_NASU@DF_VALUATION(2.0),A,USA,P2,H,CPA08_C24,XDC,O,V,T1620,2024,225.61,D,S1,D,F,2,A,6,USD
OECD.SDD.NAD:DSD_NASU@DF_VALUATION(2.0),A,USA,P2,N,CPA08_C24,XDC,O,V,T1620,2024,273.99,D,S1,D,F,2,A,6,USD
OECD.SDD.NAD:DSD_NASU@DF_VALUATION(2.0),A,USA,P2,G,CPA08_C24,XDC,O,V,T1620,2024,231.69,D,S1,D,F,2,A,6,USD
OECD.SDD.NAD:DSD_NASU@DF_VALUATION(2.0),A,USA,P2,G45,CPA08_C24,XDC,O,V,T1620,2024,42.33,D,S1,D,F,2,A,6,USD
OECD.SDD.NAD:DSD_NASU@DF_VALUATION(2.0),A,USA,P2,R93,CPA08_C24,XDC,O,V,T1620,2024,73.33,D,S1,D,F,2,A,6,USD
OECD.SDD.NAD:DSD_NASU@DF_VALUATION(2.0),A,USA,P2,S,CPA08_C24,XDC,O,V,T1620,2024,134.26,D,S1,D,F,2,A,6,USD
OECD.SDD.NAD:DSD_NASU@DF_VALUATION(2.0),A,USA,P2,S94,CPA08_C24,XDC,O,V,T1620,2024,33.33,D,S1,D,F,2,A,6,USD
OECD.SDD.NAD:DSD_NASU@DF_VALUATION(2.0),A,USA,P2,S95,CPA08_C24,XDC,O,V,T1620,2024,77.77,D,S1,D,F,2,A,6,USD
OECD.SDD.NAD:DSD_NASU@DF_VALUATION(2.0),A,USA,P2,S96,CPA08_C24,XDC,O,V,T1620,2024,23.16,D,S1,D,F,2,A,6,USD
OECD.SDD.NAD:DSD_NASU@DF_VALUATION(2.0),A,USA,P2,N81,CPA08_C26,XDC,O,V,T1620,2024,605.64,D,S1,D,F,2,A,6,USD
OECD.SDD.NAD:DSD_NASU@DF_VALUATION(2.0),A,USA,P2,N82,CPA08_C26,XDC,O,V,T1620,2024,398.98,D,S1,D,F,2,A,6,USD
OECD.SDD.NAD:DSD_NASU@DF_VALUATION(2.0),A,USA,P2,O,CPA08_C26,XDC,O,V,T1620,2024,14893.4,D,S1,D,F,2,A,6,USD
OECD.SDD.NAD:DSD_NASU@DF_VALUATION(2.0),A,USA,P2,P,CPA08_C26,XDC,O,V,T1620,2024,886.46,D,S1,D,F,2,A,6,USD
OECD.SDD.NAD:DSD_NASU@DF_VALUATION(2.0),A,USA,P2,Q,CPA08_C26,XDC,O,V,T1620,2024,5415.43,D,S1,D,F,2,A,6,USD
OECD.SDD.NAD:DSD_NASU@DF_VALUATION(2.0),A,USA,P2,Q86,CPA08_C26,XDC,O,V,T1620,2024,5182.43,D,S1,D,F,2,A,6,USD
OECD.SDD.NAD:DSD_NASU@DF_VALUATION(2.0),A,USA,P2,Q87_88,CPA08_C26,XDC,O,V,T1620,2024,232.99,D,S1,D,F,2,A,6,USD
OECD.SDD.NAD:DSD_NASU@DF_VALUATION(2.0),A,USA,P2,Q87,CPA08_C26,XDC,O,V,T1620,2024,67.78,D,S1,D,F,2,A,6,USD
OECD.SDD.NAD:DSD_NASU@DF_VALUATION(2.0),A,USA,P2,Q88,CPA08_C26,XDC,O,V,T1620,2024,165.21,D,S1,D,F,2,A,6,USD
OECD.SDD.NAD:DSD_NASU@DF_VALUATION(2.0),A,USA,P2,R,CPA08_C26,XDC,O,V,T1620,2024,78.85,D,S1,D,F,2,A,6,USD
OECD.SDD.NAD:DSD_NASU@DF_VALUATION(2.0),A,USA,P2,R90T92,CPA08_C26,XDC,O,V,T1620,2024,44.13,D,S1,D,F,2,A,6,USD
OECD.SDD.NAD:DSD_NASU@DF_VALUATION(2.0),A,USA,P2,C14,CPA08_C26,XDC,O,V,T1620,2024,0.78,D,S1,D,F,2,A,6,USD
OECD.SDD.NAD:DSD_NASU@DF_VALUATION(2.0),A,USA,P2,C15,CPA08_C26,XDC,O,V,T1620,2024,2.41,D,S1,D,F,2,A,6,USD
OECD.SDD.NAD:DSD_NASU@DF_VALUATION(2.0),A,USA,P2,C16,CPA08_C26,XDC,O,V,T1620,2024,432.44,D,S1,D,F,2,A,6,USD
OECD.SDD.NAD:DSD_NASU@DF_VALUATION(2.0),A,USA,P2,C17,CPA08_C26,XDC,O,V,T1620,2024,252.95,D,S1,D,F,2,A,6,USD
OECD.SDD.NAD:DSD_NASU@DF_VALUATION(2.0),A,USA,P2,C18,CPA08_C26,XDC,O,V,T1620,2024,289.07,D,S1,D,F,2,A,6,USD
OECD.SDD.NAD:DSD_NASU@DF_VALUATION(2.0),A,USA,P2,C19,CPA08_C26,XDC,O,V,T1620,2024,16.35,D,S1,D,F,2,A,6,USD
OECD.SDD.NAD:DSD_NASU@DF_VALUATION(2.0),A,USA,P2,C20,CPA08_C26,XDC,O,V,T1620,2024,1203.43,D,S1,D,F,2,A,6,USD
OECD.SDD.NAD:DSD_NASU@DF_VALUATION(2.0),A,USA,P2,C21,CPA08_C26,XDC,O,V,T1620,2024,234.08,D,S1,D,F,2,A,6,USD
OECD.SDD.NAD:DSD_NASU@DF_VALUATION(2.0),A,USA,P2,C22,CPA08_C26,XDC,O,V,T1620,2024,704.1,D,S1,D,F,2,A,6,USD
OECD.SDD.NAD:DSD_NASU@DF_VALUATION(2.0),A,USA,P2,C23,CPA08_C26,XDC,O,V,T1620,2024,269.17,D,S1,D,F,2,A,6,USD
OECD.SDD.NAD:DSD_NASU@DF_VALUATION(2.0),A,USA,P2,C26,CPA08_C26,XDC,O,V,T1620,2024,11939.72,D,S1,D,F,2,A,6,USD
OECD.SDD.NAD:DSD_NASU@DF_VALUATION(2.0),A,USA,P2,C27,CPA08_C26,XDC,O,V,T1620,2024,1673.35,D,S1,D,F,2,A,6,USD
OECD.SDD.NAD:DSD_NASU@DF_VALUATION(2.0),A,USA,P2,C28,CPA08_C26,XDC,O,V,T1620,2024,1782.09,D,S1,D,F,2,A,6,USD
OECD.SDD.NAD:DSD_NASU@DF_VALUATION(2.0),A,USA,P2,C29,CPA08_C26,XDC,O,V,T1620,2024,7739.21,D,S1,D,F,2,A,6,USD
OECD.SDD.NAD:DSD_NASU@DF_VALUATION(2.0),A,USA,P2,C30,CPA08_C26,XDC,O,V,T1620,2024,6386.61,D,S1,D,F,2,A,6,USD
OECD.SDD.NAD:DSD_NASU@DF_VALUATION(2.0),A,USA,P2,C31_32,CPA08_C26,XDC,O,V,T1620,2024,639.98,D,S1,D,F,2,A,6,USD
OECD.SDD.NAD:DSD_NASU@DF_VALUATION(2.0),A,USA,P2,C31,CPA08_C26,XDC,O,V,T1620,2024,293.63,D,S1,D,F,2,A,6,USD
OECD.SDD.NAD:DSD_NASU@DF_VALUATION(2.0),A,USA,P2,C32,CPA08_C26,XDC,O,V,T1620,2024,346.35,D,S1,D,F,2,A,6,USD
OECD.SDD.NAD:DSD_NASU@DF_VALUATION(2.0),A,USA,P2,C33,CPA08_C26,XDC,O,V,T1620,2024,24.68,D,S1,D,F,2,A,6,USD
OECD.SDD.NAD:DSD_NASU@DF_VALUATION(2.0),A,USA,P2,D,CPA08_C26,XDC,O,V,T1620,2024,26.32,D,S1,D,F,2,A,6,USD
OECD.SDD.NAD:DSD_NASU@DF_VALUATION(2.0),A,USA,P2,E36,CPA08_C26,XDC,O,V,T1620,2024,0.37,D,S1,D,F,2,A,6,USD
OECD.SDD.NAD:DSD_NASU@DF_VALUATION(2.0),A,USA,P2,E37T39,CPA08_C26,XDC,O,V,T1620,2024,237.51,D,S1,D,F,2,A,6,USD
OECD.SDD.NAD:DSD_NASU@DF_VALUATION(2.0),A,USA,P2,E37,CPA08_C26,XDC,O,V,T1620,2024,0,D,S1,D,F,2,A,6,USD
OECD.SDD.NAD:DSD_NASU@DF_VALUATION(2.0),A,USA,P2,E38,CPA08_C26,XDC,O,V,T1620,2024,196.74,D,S1,D,F,2,A,6,USD
OECD.SDD.NAD:DSD_NASU@DF_VALUATION(2.0),A,USA,P2,E39,CPA08_C26,XDC,O,V,T1620,2024,40.77,D,S1,D,F,2,A,6,USD
OECD.SDD.NAD:DSD_NASU@DF_VALUATION(2.0),A,USA,P2,F41,CPA08_C26,XDC,O,V,T1620,2024,3300.77,D,S1,D,F,2,A,6,USD
OECD.SDD.NAD:DSD_NASU@DF_VALUATION(2.0),A,USA,P2,B05,CPA08_C26,XDC,O,V,T1620,2024,6.09,D,S1,D,F,2,A,6,USD
OECD.SDD.NAD:DSD_NASU@DF_VALUATION(2.0),A,USA,P2,B06,CPA08_C26,XDC,O,V,T1620,2024,26.64,D,S1,D,F,2,A,6,USD
OECD.SDD.NAD:DSD_NASU@DF_VALUATION(2.0),A,USA,P2,B07,CPA08_C26,XDC,O,V,T1620,2024,0,D,S1,D,F,2,A,6,USD
OECD.SDD.NAD:DSD_NASU@DF_VALUATION(2.0),A,USA,P2,B08,CPA08_C26,XDC,O,V,T1620,2024,0.78,D,S1,D,F,2,A,6,USD
OECD.SDD.NAD:DSD_NASU@DF_VALUATION(2.0),A,USA,P2,B09,CPA08_C26,XDC,O,V,T1620,2024,17.77,D,S1,D,F,2,A,6,USD
OECD.SDD.NAD:DSD_NASU@DF_VALUATION(2.0),A,USA,P2,C,CPA08_C26,XDC,O,V,T1620,2024,37270.76,D,S1,D,F,2,A,6,USD
OECD.SDD.NAD:DSD_NASU@DF_VALUATION(2.0),A,USA,P2,C10T12,CPA08_C26,XDC,O,V,T1620,2024,971.48,D,S1,D,F,2,A,6,USD
OECD.SDD.NAD:DSD_NASU@DF_VALUATION(2.0),A,USA,P2,C10,CPA08_C26,XDC,O,V,T1620,2024,165.86,D,S1,D,F,2,A,6,USD
OECD.SDD.NAD:DSD_NASU@DF_VALUATION(2.0),A,USA,P2,C11,CPA08_C26,XDC,O,V,T1620,2024,760.53,D,S1,D,F,2,A,6,USD
OECD.SDD.NAD:DSD_NASU@DF_VALUATION(2.0),A,USA,P2,C12,CPA08_C26,XDC,O,V,T1620,2024,45.09,D,S1,D,F,2,A,6,USD
OECD.SDD.NAD:DSD_NASU@DF_VALUATION(2.0),A,USA,P2,C13T15,CPA08_C26,XDC,O,V,T1620,2024,104.56,D,S1,D,F,2,A,6,USD
OECD.SDD.NAD:DSD_NASU@DF_VALUATION(2.0),A,USA,P2,C13,CPA08_C26,XDC,O,V,T1620,2024,101.38,D,S1,D,F,2,A,6,USD
OECD.SDD.NAD:DSD_NASU@DF_VALUATION(2.0),A,USA,P2,_T,CPA08_C26,XDC,O,V,T1620,2024,119669.09,D,S1,D,F,2,A,6,USD
OECD.SDD.NAD:DSD_NASU@DF_VALUATION(2.0),A,USA,P2,A,CPA08_C26,XDC,O,V,T1620,2024,7.72,D,S1,D,F,2,A,6,USD
OECD.SDD.NAD:DSD_NASU@DF_VALUATION(2.0),A,USA,P2,A01,CPA08_C26,XDC,O,V,T1620,2024,7.72,D,S1,D,F,2,A,6,USD
OECD.SDD.NAD:DSD_NASU@DF_VALUATION(2.0),A,USA,P2,B,CPA08_C26,XDC,O,V,T1620,2024,51.28,D,S1,D,F,2,A,6,USD
OECD.SDD.NAD:DSD_NASU@DF_VALUATION(2.0),A,USA,P2,R92,CPA08_C26,XDC,O,V,T1620,2024,36.2,D,S1,D,F,2,A,6,USD
OECD.SDD.NAD:DSD_NASU@DF_VALUATION(2.0),A,USA,P2,R93,CPA08_C26,XDC,O,V,T1620,2024,34.73,D,S1,D,F,2,A,6,USD
OECD.SDD.NAD:DSD_NASU@DF_VALUATION(2.0),A,USA,P2,Q88,CPA08_C25,XDC,O,V,T1620,2024,1215.53,D,S1,D,F,2,A,6,USD
OECD.SDD.NAD:DSD_NASU@DF_VALUATION(2.0),A,USA,P2,R,CPA08_C25,XDC,O,V,T1620,2024,267.13,D,S1,D,F,2,A,6,USD
OECD.SDD.NAD:DSD_NASU@DF_VALUATION(2.0),A,USA,P2,R90T92,CPA08_C25,XDC,O,V,T1620,2024,24.43,D,S1,D,F,2,A,6,USD
OECD.SDD.NAD:DSD_NASU@DF_VALUATION(2.0),A,USA,P2,R90,CPA08_C25,XDC,O,V,T1620,2024,14.27,D,S1,D,F,2,A,6,USD
OECD.SDD.NAD:DSD_NASU@DF_VALUATION(2.0),A,USA,P2,R91,CPA08_C25,XDC,O,V,T1620,2024,2.56,D,S1,D,F,2,A,6,USD
OECD.SDD.NAD:DSD_NASU@DF_VALUATION(2.0),A,USA,P2,R92,CPA08_C25,XDC,O,V,T1620,2024,7.6,D,S1,D,F,2,A,6,USD
OECD.SDD.NAD:DSD_NASU@DF_VALUATION(2.0),A,USA,P2,R93,CPA08_C25,XDC,O,V,T1620,2024,242.7,D,S1,D,F,2,A,6,USD
OECD.SDD.NAD:DSD_NASU@DF_VALUATION(2.0),A,USA,P2,S,CPA08_C25,XDC,O,V,T1620,2024,955.43,D,S1,D,F,2,A,6,USD
OECD.SDD.NAD:DSD_NASU@DF_VALUATION(2.0),A,USA,P2,S94,CPA08_C25,XDC,O,V,T1620,2024,257.07,D,S1,D,F,2,A,6,USD
OECD.SDD.NAD:DSD_NASU@DF_VALUATION(2.0),A,USA,P2,S95,CPA08_C25,XDC,O,V,T1620,2024,647.2,D,S1,D,F,2,A,6,USD
OECD.SDD.NAD:DSD_NASU@DF_VALUATION(2.0),A,USA,P2,S96,CPA08_C25,XDC,O,V,T1620,2024,51.15,D,S1,D,F,2,A,6,USD
OECD.SDD.NAD:DSD_NASU@DF_VALUATION(2.0),A,USA,P51G,_Z,CPA08_C25,XDC,O,V,T1620,2024,9297.36,D,S1,D,F,2,A,6,USD
OECD.SDD.NAD:DSD_NASU@DF_VALUATION(2.0),A,USA,TU,_Z,CPA08_C25,XDC,O,V,T1620,2024,175439.14,D,S1,D,F,2,A,6,USD
OECD.SDD.NAD:DSD_NASU@DF_VALUATION(2.0),A,USA,P5,_Z,CPA08_C25,XDC,O,V,T1620,2024,9605.65,D,S1,D,F,2,A,6,USD
OECD.SDD.NAD:DSD_NASU@DF_VALUATION(2.0),A,USA,P52,_Z,CPA08_C25,XDC,O,V,T1620,2024,308.29,D,S1,D,F,2,A,6,USD
OECD.SDD.NAD:DSD_NASU@DF_VALUATION(2.0),A,USA,P3,_Z,CPA08_C25,XDC,O,V,T1620,2024,54189.59,D,S1,D,F,2,A,6,USD
OECD.SDD.NAD:DSD_NASU@DF_VALUATION(2.0),A,USA,P2,D,CPA08_C25,XDC,O,V,T1620,2024,76.03,D,S1,D,F,2,A,6,USD
OECD.SDD.NAD:DSD_NASU@DF_VALUATION(2.0),A,USA,P2,K,CPA08_C25,XDC,O,V,T1620,2024,291.11,D,S1,D,F,2,A,6,USD
OECD.SDD.NAD:DSD_NASU@DF_VALUATION(2.0),A,USA,P2,E37,CPA08_C25,XDC,O,V,T1620,2024,0.01,D,S1,D,F,2,A,6,USD
OECD.SDD.NAD:DSD_NASU@DF_VALUATION(2.0),A,USA,P2,M69_70,CPA08_C23,XDC,O,V,T1620,2024,15.26,D,S1,D,F,2,A,6,USD
OECD.SDD.NAD:DSD_NASU@DF_VALUATION(2.0),A,USA,P2,M69,CPA08_C23,XDC,O,V,T1620,2024,0.06,D,S1,D,F,2,A,6,USD
OECD.SDD.NAD:DSD_NASU@DF_VALUATION(2.0),A,USA,P2,M70,CPA08_C23,XDC,O,V,T1620,2024,15.2,D,S1,D,F,2,A,6,USD
OECD.SDD.NAD:DSD_NASU@DF_VALUATION(2.0),A,USA,P2,M71,CPA08_C23,XDC,O,V,T1620,2024,931.03,D,S1,D,F,2,A,6,USD
OECD.SDD.NAD:DSD_NASU@DF_VALUATION(2.0),A,USA,P2,M72,CPA08_C23,XDC,O,V,T1620,2024,438.39,D,S1,D,F,2,A,6,USD
OECD.SDD.NAD:DSD_NASU@DF_VALUATION(2.0),A,USA,P2,M73,CPA08_C23,XDC,O,V,T1620,2024,14.8,D,S1,D,F,2,A,6,USD
OECD.SDD.NAD:DSD_NASU@DF_VALUATION(2.0),A,USA,P2,M74_75,CPA08_C23,XDC,O,V,T1620,2024,459.2,D,S1,D,F,2,A,6,USD
OECD.SDD.NAD:DSD_NASU@DF_VALUATION(2.0),A,USA,P2,M74,CPA08_C23,XDC,O,V,T1620,2024,459.2,D,S1,D,F,2,A,6,USD
OECD.SDD.NAD:DSD_NASU@DF_VALUATION(2.0),A,USA,P2,N,CPA08_C23,XDC,O,V,T1620,2024,721.99,D,S1,D,F,2,A,6,USD
OECD.SDD.NAD:DSD_NASU@DF_VALUATION(2.0),A,USA,P2,N77,CPA08_C23,XDC,O,V,T1620,2024,374.15,D,S1,D,F,2,A,6,USD
OECD.SDD.NAD:DSD_NASU@DF_VALUATION(2.0),A,USA,P2,C22,CPA08_C27,XDC,O,V,T1620,2024,360.59,D,S1,D,F,2,A,6,USD
OECD.SDD.NAD:DSD_NASU@DF_VALUATION(2.0),A,USA,P2,C23,CPA08_C27,XDC,O,V,T1620,2024,57.53,D,S1,D,F,2,A,6,USD
OECD.SDD.NAD:DSD_NASU@DF_VALUATION(2.0),A,USA,P2,C24,CPA08_C27,XDC,O,V,T1620,2024,767.94,D,S1,D,F,2,A,6,USD
OECD.SDD.NAD:DSD_NASU@DF_VALUATION(2.0),A,USA,P2,C25,CPA08_C27,XDC,O,V,T1620,2024,867.55,D,S1,D,F,2,A,6,USD
OECD.SDD.NAD:DSD_NASU@DF_VALUATION(2.0),A,USA,P2,C26,CPA08_C27,XDC,O,V,T1620,2024,677.26,D,S1,D,F,2,A,6,USD
OECD.SDD.NAD:DSD_NASU@DF_VALUATION(2.0),A,USA,P2,C27,CPA08_C27,XDC,O,V,T1620,2024,3510.28,D,S1,D,F,2,A,6,USD
OECD.SDD.NAD:DSD_NASU@DF_VALUATION(2.0),A,USA,P2,C30,CPA08_C27,XDC,O,V,T1620,2024,380.93,D,S1,D,F,2,A,6,USD
OECD.SDD.NAD:DSD_NASU@DF_VALUATION(2.0),A,USA,P2,C31_32,CPA08_C27,XDC,O,V,T1620,2024,221.78,D,S1,D,F,2,A,6,USD
OECD.SDD.NAD:DSD_NASU@DF_VALUATION(2.0),A,USA,P2,C32,CPA08_C27,XDC,O,V,T1620,2024,184.99,D,S1,D,F,2,A,6,USD
OECD.SDD.NAD:DSD_NASU@DF_VALUATION(2.0),A,USA,P2,C33,CPA08_C27,XDC,O,V,T1620,2024,201.31,D,S1,D,F,2,A,6,USD
OECD.SDD.NAD:DSD_NASU@DF_VALUATION(2.0),A,USA,P2,D,CPA08_C27,XDC,O,V,T1620,2024,5.01,D,S1,D,F,2,A,6,USD
OECD.SDD.NAD:DSD_NASU@DF_VALUATION(2.0),A,USA,P2,E,CPA08_C27,XDC,O,V,T1620,2024,403.98,D,S1,D,F,2,A,6,USD
OECD.SDD.NAD:DSD_NASU@DF_VALUATION(2.0),A,USA,P2,E36,CPA08_C27,XDC,O,V,T1620,2024,0.45,D,S1,D,F,2,A,6,USD
OECD.SDD.NAD:DSD_NASU@DF_VALUATION(2.0),A,USA,P2,E37T39,CPA08_C27,XDC,O,V,T1620,2024,403.53,D,S1,D,F,2,A,6,USD
OECD.SDD.NAD:DSD_NASU@DF_VALUATION(2.0),A,USA,P2,E37,CPA08_C27,XDC,O,V,T1620,2024,0.01,D,S1,D,F,2,A,6,USD
OECD.SDD.NAD:DSD_NASU@DF_VALUATION(2.0),A,USA,P2,E39,CPA08_C27,XDC,O,V,T1620,2024,78.73,D,S1,D,F,2,A,6,USD
OECD.SDD.NAD:DSD_NASU@DF_VALUATION(2.0),A,USA,P2,F,CPA08_C27,XDC,O,V,T1620,2024,29767.64,D,S1,D,F,2,A,6,USD
OECD.SDD.NAD:DSD_NASU@DF_VALUATION(2.0),A,USA,P2,F41,CPA08_C27,XDC,O,V,T1620,2024,27276.42,D,S1,D,F,2,A,6,USD
OECD.SDD.NAD:DSD_NASU@DF_VALUATION(2.0),A,USA,P2,F42,CPA08_C27,XDC,O,V,T1620,2024,2491.21,D,S1,D,F,2,A,6,USD
OECD.SDD.NAD:DSD_NASU@DF_VALUATION(2.0),A,USA,P2,G,CPA08_C27,XDC,O,V,T1620,2024,1978.57,D,S1,D,F,2,A,6,USD
OECD.SDD.NAD:DSD_NASU@DF_VALUATION(2.0),A,USA,P2,G45,CPA08_C27,XDC,O,V,T1620,2024,1595.36,D,S1,D,F,2,A,6,USD
OECD.SDD.NAD:DSD_NASU@DF_VALUATION(2.0),A,USA,P2,B06,CPA08_C27,XDC,O,V,T1620,2024,58.17,D,S1,D,F,2,A,6,USD
OECD.SDD.NAD:DSD_NASU@DF_VALUATION(2.0),A,USA,P2,B07,CPA08_C27,XDC,O,V,T1620,2024,5.54,D,S1,D,F,2,A,6,USD
OECD.SDD.NAD:DSD_NASU@DF_VALUATION(2.0),A,USA,P2,B09,CPA08_C27,XDC,O,V,T1620,2024,124.8,D,S1,D,F,2,A,6,USD
OECD.SDD.NAD:DSD_NASU@DF_VALUATION(2.0),A,USA,P2,C,CPA08_C27,XDC,O,V,T1620,2024,16047.72,D,S1,D,F,2,A,6,USD
OECD.SDD.NAD:DSD_NASU@DF_VALUATION(2.0),A,USA,P2,C10T12,CPA08_C27,XDC,O,V,T1620,2024,545.78,D,S1,D,F,2,A,6,USD
OECD.SDD.NAD:DSD_NASU@DF_VALUATION(2.0),A,USA,P2,C10,CPA08_C27,XDC,O,V,T1620,2024,379.78,D,S1,D,F,2,A,6,USD
OECD.SDD.NAD:DSD_NASU@DF_VALUATION(2.0),A,USA,P2,C11,CPA08_C27,XDC,O,V,T1620,2024,166,D,S1,D,F,2,A,6,USD
OECD.SDD.NAD:DSD_NASU@DF_VALUATION(2.0),A,USA,P2,C13T15,CPA08_C27,XDC,O,V,T1620,2024,15.49,D,S1,D,F,2,A,6,USD
OECD.SDD.NAD:DSD_NASU@DF_VALUATION(2.0),A,USA,P2,C13,CPA08_C27,XDC,O,V,T1620,2024,14.66,D,S1,D,F,2,A,6,USD
OECD.SDD.NAD:DSD_NASU@DF_VALUATION(2.0),A,USA,P2,C14,CPA08_C27,XDC,O,V,T1620,2024,0.66,D,S1,D,F,2,A,6,USD
OECD.SDD.NAD:DSD_NASU@DF_VALUATION(2.0),A,USA,P2,C15,CPA08_C27,XDC,O,V,T1620,2024,0.17,D,S1,D,F,2,A,6,USD
OECD.SDD.NAD:DSD_NASU@DF_VALUATION(2.0),A,USA,P2,C16,CPA08_C27,XDC,O,V,T1620,2024,188.05,D,S1,D,F,2,A,6,USD
OECD.SDD.NAD:DSD_NASU@DF_VALUATION(2.0),A,USA,P2,_T,CPA08_C27,XDC,O,V,T1620,2024,64060.63,D,S1,D,F,2,A,6,USD
OECD.SDD.NAD:DSD_NASU@DF_VALUATION(2.0),A,USA,P2,A,CPA08_C27,XDC,O,V,T1620,2024,1264.12,D,S1,D,F,2,A,6,USD
OECD.SDD.NAD:DSD_NASU@DF_VALUATION(2.0),A,USA,P2,A01,CPA08_C27,XDC,O,V,T1620,2024,1264.07,D,S1,D,F,2,A,6,USD
OECD.SDD.NAD:DSD_NASU@DF_VALUATION(2.0),A,USA,P2,B,CPA08_C27,XDC,O,V,T1620,2024,196.26,D,S1,D,F,2,A,6,USD
OECD.SDD.NAD:DSD_NASU@DF_VALUATION(2.0),A,USA,P2,S95,CPA08_C27,XDC,O,V,T1620,2024,508.69,D,S1,D,F,2,A,6,USD
OECD.SDD.NAD:DSD_NASU@DF_VALUATION(2.0),A,USA,P2,S96,CPA08_C27,XDC,O,V,T1620,2024,1140.16,D,S1,D,F,2,A,6,USD
OECD.SDD.NAD:DSD_NASU@DF_VALUATION(2.0),A,USA,P2,S94,CPA08_C26,XDC,O,V,T1620,2024,219.15,D,S1,D,F,2,A,6,USD
OECD.SDD.NAD:DSD_NASU@DF_VALUATION(2.0),A,USA,P2,S95,CPA08_C26,XDC,O,V,T1620,2024,727.79,D,S1,D,F,2,A,6,USD
OECD.SDD.NAD:DSD_NASU@DF_VALUATION(2.0),A,USA,P2,S96,CPA08_C26,XDC,O,V,T1620,2024,74.61,D,S1,D,F,2,A,6,USD
OECD.SDD.NAD:DSD_NASU@DF_VALUATION(2.0),A,USA,P52,_Z,CPA08_C26,XDC,O,V,T1620,2024,195.75,D,S1,D,F,2,A,6,USD
OECD.SDD.NAD:DSD_NASU@DF_VALUATION(2.0),A,USA,P51G,_Z,CPA08_C26,XDC,O,V,T1620,2024,114332.88,D,S1,D,F,2,A,6,USD
OECD.SDD.NAD:DSD_NASU@DF_VALUATION(2.0),A,USA,TU,_Z,CPA08_C26,XDC,O,V,T1620,2024,372913.16,D,S1,D,F,2,A,6,USD
OECD.SDD.NAD:DSD_NASU@DF_VALUATION(2.0),A,USA,P5,_Z,CPA08_C26,XDC,O,V,T1620,2024,114528.63,D,S1,D,F,2,A,6,USD
OECD.SDD.NAD:DSD_NASU@DF_VALUATION(2.0),A,USA,P3,_Z,CPA08_C26,XDC,O,V,T1620,2024,102223.42,D,S1,D,F,2,A,6,USD
OECD.SDD.NAD:DSD_NASU@DF_VALUATION(2.0),A,USA,P2,C24,CPA08_C26,XDC,O,V,T1620,2024,696.47,D,S1,D,F,2,A,6,USD
OECD.SDD.NAD:DSD_NASU@DF_VALUATION(2.0),A,USA,P2,C25,CPA08_C26,XDC,O,V,T1620,2024,1911.02,D,S1,D,F,2,A,6,USD
OECD.SDD.NAD:DSD_NASU@DF_VALUATION(2.0),A,USA,P2,E,CPA08_C26,XDC,O,V,T1620,2024,237.88,D,S1,D,F,2,A,6,USD
OECD.SDD.NAD:DSD_NASU@DF_VALUATION(2.0),A,USA,P2,F,CPA08_C26,XDC,O,V,T1620,2024,4151.27,D,S1,D,F,2,A,6,USD
OECD.SDD.NAD:DSD_NASU@DF_VALUATION(2.0),A,USA,P2,F42,CPA08_C26,XDC,O,V,T1620,2024,850.49,D,S1,D,F,2,A,6,USD
OECD.SDD.NAD:DSD_NASU@DF_VALUATION(2.0),A,USA,P2,H50,CPA08_C26,XDC,O,V,T1620,2024,0.19,D,S1,D,F,2,A,6,USD
OECD.SDD.NAD:DSD_NASU@DF_VALUATION(2.0),A,USA,P2,M74_75,CPA08_C26,XDC,O,V,T1620,2024,690.07,D,S1,D,F,2,A,6,USD
OECD.SDD.NAD:DSD_NASU@DF_VALUATION(2.0),A,USA,P2,R90,CPA08_C26,XDC,O,V,T1620,2024,7.93,D,S1,D,F,2,A,6,USD
OECD.SDD.NAD:DSD_NASU@DF_VALUATION(2.0),A,USA,P2,G,CPA08_C26,XDC,O,V,T1620,2024,17448.4,D,S1,D,F,2,A,6,USD
OECD.SDD.NAD:DSD_NASU@DF_VALUATION(2.0),A,USA,P2,J60,CPA08_C24,XDC,O,V,T1620,2024,1149.51,D,S1,D,F,2,A,6,USD
OECD.SDD.NAD:DSD_NASU@DF_VALUATION(2.0),A,USA,P2,J61,CPA08_C24,XDC,O,V,T1620,2024,299.35,D,S1,D,F,2,A,6,USD
OECD.SDD.NAD:DSD_NASU@DF_VALUATION(2.0),A,USA,P2,J62_63,CPA08_C24,XDC,O,V,T1620,2024,330.56,D,S1,D,F,2,A,6,USD
OECD.SDD.NAD:DSD_NASU@DF_VALUATION(2.0),A,USA,P2,J62,CPA08_C24,XDC,O,V,T1620,2024,94.68,D,S1,D,F,2,A,6,USD
OECD.SDD.NAD:DSD_NASU@DF_VALUATION(2.0),A,USA,P2,J63,CPA08_C24,XDC,O,V,T1620,2024,235.88,D,S1,D,F,2,A,6,USD
OECD.SDD.NAD:DSD_NASU@DF_VALUATION(2.0),A,USA,P2,L,CPA08_C24,XDC,O,V,T1620,2024,525.67,D,S1,D,F,2,A,6,USD
OECD.SDD.NAD:DSD_NASU@DF_VALUATION(2.0),A,USA,P2,L68A,CPA08_C24,XDC,O,V,T1620,2024,0.3,D,S1,D,F,2,A,6,USD
OECD.SDD.NAD:DSD_NASU@DF_VALUATION(2.0),A,USA,P2,L68B,CPA08_C24,XDC,O,V,T1620,2024,525.37,D,S1,D,F,2,A,6,USD
OECD.SDD.NAD:DSD_NASU@DF_VALUATION(2.0),A,USA,P2,M,CPA08_C24,XDC,O,V,T1620,2024,438.93,D,S1,D,F,2,A,6,USD
OECD.SDD.NAD:DSD_NASU@DF_VALUATION(2.0),A,USA,P2,M69_70,CPA08_C24,XDC,O,V,T1620,2024,11.11,D,S1,D,F,2,A,6,USD
OECD.SDD.NAD:DSD_NASU@DF_VALUATION(2.0),A,USA,P2,M69,CPA08_C24,XDC,O,V,T1620,2024,0.34,D,S1,D,F,2,A,6,USD
OECD.SDD.NAD:DSD_NASU@DF_VALUATION(2.0),A,USA,P2,M70,CPA08_C24,XDC,O,V,T1620,2024,10.77,D,S1,D,F,2,A,6,USD
OECD.SDD.NAD:DSD_NASU@DF_VALUATION(2.0),A,USA,P2,M71,CPA08_C24,XDC,O,V,T1620,2024,333.76,D,S1,D,F,2,A,6,USD
OECD.SDD.NAD:DSD_NASU@DF_VALUATION(2.0),A,USA,P2,M72,CPA08_C24,XDC,O,V,T1620,2024,90.54,D,S1,D,F,2,A,6,USD
OECD.SDD.NAD:DSD_NASU@DF_VALUATION(2.0),A,USA,P2,M73,CPA08_C24,XDC,O,V,T1620,2024,3.22,D,S1,D,F,2,A,6,USD
OECD.SDD.NAD:DSD_NASU@DF_VALUATION(2.0),A,USA,P2,M74_75,CPA08_C24,XDC,O,V,T1620,2024,0.31,D,S1,D,F,2,A,6,USD
OECD.SDD.NAD:DSD_NASU@DF_VALUATION(2.0),A,USA,P2,M75,CPA08_C24,XDC,O,V,T1620,2024,0.31,D,S1,D,F,2,A,6,USD
OECD.SDD.NAD:DSD_NASU@DF_VALUATION(2.0),A,USA,P2,N77,CPA08_C24,XDC,O,V,T1620,2024,64.68,D,S1,D,F,2,A,6,USD
OECD.SDD.NAD:DSD_NASU@DF_VALUATION(2.0),A,USA,P2,N80T82,CPA08_C24,XDC,O,V,T1620,2024,209.32,D,S1,D,F,2,A,6,USD
OECD.SDD.NAD:DSD_NASU@DF_VALUATION(2.0),A,USA,P2,N80,CPA08_C24,XDC,O,V,T1620,2024,42.08,D,S1,D,F,2,A,6,USD
OECD.SDD.NAD:DSD_NASU@DF_VALUATION(2.0),A,USA,P2,N81,CPA08_C24,XDC,O,V,T1620,2024,166.87,D,S1,D,F,2,A,6,USD
OECD.SDD.NAD:DSD_NASU@DF_VALUATION(2.0),A,USA,P2,N82,CPA08_C24,XDC,O,V,T1620,2024,0.36,D,S1,D,F,2,A,6,USD
OECD.SDD.NAD:DSD_NASU@DF_VALUATION(2.0),A,USA,P2,O,CPA08_C24,XDC,O,V,T1620,2024,1437.58,D,S1,D,F,2,A,6,USD
OECD.SDD.NAD:DSD_NASU@DF_VALUATION(2.0),A,USA,P2,P,CPA08_C24,XDC,O,V,T1620,2024,63.25,D,S1,D,F,2,A,6,USD
OECD.SDD.NAD:DSD_NASU@DF_VALUATION(2.0),A,USA,P2,Q,CPA08_C24,XDC,O,V,T1620,2024,143.37,D,S1,D,F,2,A,6,USD
OECD.SDD.NAD:DSD_NASU@DF_VALUATION(2.0),A,USA,P2,Q86,CPA08_C24,XDC,O,V,T1620,2024,41.78,D,S1,D,F,2,A,6,USD
OECD.SDD.NAD:DSD_NASU@DF_VALUATION(2.0),A,USA,P2,Q87_88,CPA08_C24,XDC,O,V,T1620,2024,101.59,D,S1,D,F,2,A,6,USD
OECD.SDD.NAD:DSD_NASU@DF_VALUATION(2.0),A,USA,P2,Q87,CPA08_C24,XDC,O,V,T1620,2024,3.11,D,S1,D,F,2,A,6,USD
OECD.SDD.NAD:DSD_NASU@DF_VALUATION(2.0),A,USA,P2,Q88,CPA08_C24,XDC,O,V,T1620,2024,98.48,D,S1,D,F,2,A,6,USD
OECD.SDD.NAD:DSD_NASU@DF_VALUATION(2.0),A,USA,P2,R,CPA08_C24,XDC,O,V,T1620,2024,84.79,D,S1,D,F,2,A,6,USD
OECD.SDD.NAD:DSD_NASU@DF_VALUATION(2.0),A,USA,P2,R90T92,CPA08_C24,XDC,O,V,T1620,2024,11.46,D,S1,D,F,2,A,6,USD
OECD.SDD.NAD:DSD_NASU@DF_VALUATION(2.0),A,USA,P2,R90,CPA08_C24,XDC,O,V,T1620,2024,4.62,D,S1,D,F,2,A,6,USD
OECD.SDD.NAD:DSD_NASU@DF_VALUATION(2.0),A,USA,P2,R92,CPA08_C24,XDC,O,V,T1620,2024,6.84,D,S1,D,F,2,A,6,USD
OECD.SDD.NAD:DSD_NASU@DF_VALUATION(2.0),A,USA,P2,E38,CPA08_C28,XDC,O,V,T1620,2024,1375.47,D,S1,D,F,2,A,6,USD
OECD.SDD.NAD:DSD_NASU@DF_VALUATION(2.0),A,USA,P2,F,CPA08_C28,XDC,O,V,T1620,2024,29198.55,D,S1,D,F,2,A,6,USD
OECD.SDD.NAD:DSD_NASU@DF_VALUATION(2.0),A,USA,P2,F41,CPA08_C28,XDC,O,V,T1620,2024,26593.62,D,S1,D,F,2,A,6,USD
OECD.SDD.NAD:DSD_NASU@DF_VALUATION(2.0),A,USA,P2,B05,CPA08_C28,XDC,O,V,T1620,2024,753.06,D,S1,D,F,2,A,6,USD
OECD.SDD.NAD:DSD_NASU@DF_VALUATION(2.0),A,USA,P2,B06,CPA08_C28,XDC,O,V,T1620,2024,5629.61,D,S1,D,F,2,A,6,USD
OECD.SDD.NAD:DSD_NASU@DF_VALUATION(2.0),A,USA,P2,B07,CPA08_C28,XDC,O,V,T1620,2024,474.98,D,S1,D,F,2,A,6,USD
OECD.SDD.NAD:DSD_NASU@DF_VALUATION(2.0),A,USA,P2,B08,CPA08_C28,XDC,O,V,T1620,2024,502.6,D,S1,D,F,2,A,6,USD
OECD.SDD.NAD:DSD_NASU@DF_VALUATION(2.0),A,USA,P2,B09,CPA08_C28,XDC,O,V,T1620,2024,1300.08,D,S1,D,F,2,A,6,USD
OECD.SDD.NAD:DSD_NASU@DF_VALUATION(2.0),A,USA,P2,C,CPA08_C28,XDC,O,V,T1620,2024,30681,D,S1,D,F,2,A,6,USD
OECD.SDD.NAD:DSD_NASU@DF_VALUATION(2.0),A,USA,P2,C10T12,CPA08_C28,XDC,O,V,T1620,2024,2021.79,D,S1,D,F,2,A,6,USD
OECD.SDD.NAD:DSD_NASU@DF_VALUATION(2.0),A,USA,P2,C10,CPA08_C28,XDC,O,V,T1620,2024,982.81,D,S1,D,F,2,A,6,USD
OECD.SDD.NAD:DSD_NASU@DF_VALUATION(2.0),A,USA,P2,C11,CPA08_C28,XDC,O,V,T1620,2024,1021.12,D,S1,D,F,2,A,6,USD
OECD.SDD.NAD:DSD_NASU@DF_VALUATION(2.0),A,USA,P2,C12,CPA08_C28,XDC,O,V,T1620,2024,17.86,D,S1,D,F,2,A,6,USD
OECD.SDD.NAD:DSD_NASU@DF_VALUATION(2.0),A,USA,P2,C13T15,CPA08_C28,XDC,O,V,T1620,2024,9.1,D,S1,D,F,2,A,6,USD
OECD.SDD.NAD:DSD_NASU@DF_VALUATION(2.0),A,USA,P2,C15,CPA08_C28,XDC,O,V,T1620,2024,0.02,D,S1,D,F,2,A,6,USD
OECD.SDD.NAD:DSD_NASU@DF_VALUATION(2.0),A,USA,P2,_T,CPA08_C28,XDC,O,V,T1620,2024,88107.35,D,S1,D,F,2,A,6,USD
OECD.SDD.NAD:DSD_NASU@DF_VALUATION(2.0),A,USA,P2,A,CPA08_C28,XDC,O,V,T1620,2024,1243.72,D,S1,D,F,2,A,6,USD
OECD.SDD.NAD:DSD_NASU@DF_VALUATION(2.0),A,USA,P2,A01,CPA08_C28,XDC,O,V,T1620,2024,1243.72,D,S1,D,F,2,A,6,USD
OECD.SDD.NAD:DSD_NASU@DF_VALUATION(2.0),A,USA,P2,B,CPA08_C28,XDC,O,V,T1620,2024,8660.34,D,S1,D,F,2,A,6,USD
OECD.SDD.NAD:DSD_NASU@DF_VALUATION(2.0),A,USA,P2,R90,CPA08_C28,XDC,O,V,T1620,2024,2,D,S1,D,F,2,A,6,USD
OECD.SDD.NAD:DSD_NASU@DF_VALUATION(2.0),A,USA,P2,R91,CPA08_C28,XDC,O,V,T1620,2024,0.25,D,S1,D,F,2,A,6,USD
OECD.SDD.NAD:DSD_NASU@DF_VALUATION(2.0),A,USA,TU,_Z,CPA08_C27,XDC,O,V,T1620,2024,178331.37,D,S1,D,F,2,A,6,USD
OECD.SDD.NAD:DSD_NASU@DF_VALUATION(2.0),A,USA,P5,_Z,CPA08_C27,XDC,O,V,T1620,2024,23935.1,D,S1,D,F,2,A,6,USD
OECD.SDD.NAD:DSD_NASU@DF_VALUATION(2.0),A,USA,P51G,_Z,CPA08_C27,XDC,O,V,T1620,2024,23718.69,D,S1,D,F,2,A,6,USD
OECD.SDD.NAD:DSD_NASU@DF_VALUATION(2.0),A,USA,P3,_Z,CPA08_C27,XDC,O,V,T1620,2024,78977.68,D,S1,D,F,2,A,6,USD
OECD.SDD.NAD:DSD_NASU@DF_VALUATION(2.0),A,USA,P2,A03,CPA08_C27,XDC,O,V,T1620,2024,0.05,D,S1,D,F,2,A,6,USD
OECD.SDD.NAD:DSD_NASU@DF_VALUATION(2.0),A,USA,P2,B05,CPA08_C27,XDC,O,V,T1620,2024,4.08,D,S1,D,F,2,A,6,USD
OECD.SDD.NAD:DSD_NASU@DF_VALUATION(2.0),A,USA,P2,B08,CPA08_C27,XDC,O,V,T1620,2024,3.66,D,S1,D,F,2,A,6,USD
OECD.SDD.NAD:DSD_NASU@DF_VALUATION(2.0),A,USA,P2,C28,CPA08_C27,XDC,O,V,T1620,2024,4659.15,D,S1,D,F,2,A,6,USD
OECD.SDD.NAD:DSD_NASU@DF_VALUATION(2.0),A,USA,P2,C29,CPA08_C27,XDC,O,V,T1620,2024,3021.81,D,S1,D,F,2,A,6,USD
OECD.SDD.NAD:DSD_NASU@DF_VALUATION(2.0),A,USA,P2,C31,CPA08_C27,XDC,O,V,T1620,2024,36.79,D,S1,D,F,2,A,6,USD
OECD.SDD.NAD:DSD_NASU@DF_VALUATION(2.0),A,USA,P2,E38,CPA08_C27,XDC,O,V,T1620,2024,324.79,D,S1,D,F,2,A,6,USD
OECD.SDD.NAD:DSD_NASU@DF_VALUATION(2.0),A,USA,P2,H53,CPA08_C27,XDC,O,V,T1620,2024,0.45,D,S1,D,F,2,A,6,USD
OECD.SDD.NAD:DSD_NASU@DF_VALUATION(2.0),A,USA,P2,E38,CPA08_C25,XDC,O,V,T1620,2024,588.14,D,S1,D,F,2,A,6,USD
OECD.SDD.NAD:DSD_NASU@DF_VALUATION(2.0),A,USA,P2,E39,CPA08_C25,XDC,O,V,T1620,2024,151.95,D,S1,D,F,2,A,6,USD
OECD.SDD.NAD:DSD_NASU@DF_VALUATION(2.0),A,USA,P2,F,CPA08_C25,XDC,O,V,T1620,2024,40295.68,D,S1,D,F,2,A,6,USD
OECD.SDD.NAD:DSD_NASU@DF_VALUATION(2.0),A,USA,P2,F41,CPA08_C25,XDC,O,V,T1620,2024,35601.84,D,S1,D,F,2,A,6,USD
OECD.SDD.NAD:DSD_NASU@DF_VALUATION(2.0),A,USA,P2,F42,CPA08_C25,XDC,O,V,T1620,2024,4693.84,D,S1,D,F,2,A,6,USD
OECD.SDD.NAD:DSD_NASU@DF_VALUATION(2.0),A,USA,P2,G,CPA08_C25,XDC,O,V,T1620,2024,2487.85,D,S1,D,F,2,A,6,USD
OECD.SDD.NAD:DSD_NASU@DF_VALUATION(2.0),A,USA,P2,G45,CPA08_C25,XDC,O,V,T1620,2024,287.81,D,S1,D,F,2,A,6,USD
OECD.SDD.NAD:DSD_NASU@DF_VALUATION(2.0),A,USA,P2,G46,CPA08_C25,XDC,O,V,T1620,2024,893.89,D,S1,D,F,2,A,6,USD
OECD.SDD.NAD:DSD_NASU@DF_VALUATION(2.0),A,USA,P2,G47,CPA08_C25,XDC,O,V,T1620,2024,1306.14,D,S1,D,F,2,A,6,USD
OECD.SDD.NAD:DSD_NASU@DF_VALUATION(2.0),A,USA,P2,H,CPA08_C25,XDC,O,V,T1620,2024,1082.08,D,S1,D,F,2,A,6,USD
OECD.SDD.NAD:DSD_NASU@DF_VALUATION(2.0),A,USA,P2,H49,CPA08_C25,XDC,O,V,T1620,2024,605.99,D,S1,D,F,2,A,6,USD
OECD.SDD.NAD:DSD_NASU@DF_VALUATION(2.0),A,USA,P2,H50,CPA08_C25,XDC,O,V,T1620,2024,199.48,D,S1,D,F,2,A,6,USD
OECD.SDD.NAD:DSD_NASU@DF_VALUATION(2.0),A,USA,P2,H51,CPA08_C25,XDC,O,V,T1620,2024,12.89,D,S1,D,F,2,A,6,USD
OECD.SDD.NAD:DSD_NASU@DF_VALUATION(2.0),A,USA,P2,H52,CPA08_C25,XDC,O,V,T1620,2024,120.8,D,S1,D,F,2,A,6,USD
OECD.SDD.NAD:DSD_NASU@DF_VALUATION(2.0),A,USA,P2,H53,CPA08_C25,XDC,O,V,T1620,2024,142.92,D,S1,D,F,2,A,6,USD
OECD.SDD.NAD:DSD_NASU@DF_VALUATION(2.0),A,USA,P2,I,CPA08_C25,XDC,O,V,T1620,2024,2112.34,D,S1,D,F,2,A,6,USD
OECD.SDD.NAD:DSD_NASU@DF_VALUATION(2.0),A,USA,P2,I55,CPA08_C25,XDC,O,V,T1620,2024,906.97,D,S1,D,F,2,A,6,USD
OECD.SDD.NAD:DSD_NASU@DF_VALUATION(2.0),A,USA,P2,I56,CPA08_C25,XDC,O,V,T1620,2024,1205.37,D,S1,D,F,2,A,6,USD
OECD.SDD.NAD:DSD_NASU@DF_VALUATION(2.0),A,USA,P2,J,CPA08_C25,XDC,O,V,T1620,2024,1883.2,D,S1,D,F,2,A,6,USD
OECD.SDD.NAD:DSD_NASU@DF_VALUATION(2.0),A,USA,P2,J58,CPA08_C25,XDC,O,V,T1620,2024,56.72,D,S1,D,F,2,A,6,USD
OECD.SDD.NAD:DSD_NASU@DF_VALUATION(2.0),A,USA,P2,J59_60,CPA08_C25,XDC,O,V,T1620,2024,127.2,D,S1,D,F,2,A,6,USD
OECD.SDD.NAD:DSD_NASU@DF_VALUATION(2.0),A,USA,P2,J59,CPA08_C25,XDC,O,V,T1620,2024,7.13,D,S1,D,F,2,A,6,USD
OECD.SDD.NAD:DSD_NASU@DF_VALUATION(2.0),A,USA,P2,J60,CPA08_C25,XDC,O,V,T1620,2024,120.07,D,S1,D,F,2,A,6,USD
OECD.SDD.NAD:DSD_NASU@DF_VALUATION(2.0),A,USA,P2,J61,CPA08_C25,XDC,O,V,T1620,2024,704.86,D,S1,D,F,2,A,6,USD
OECD.SDD.NAD:DSD_NASU@DF_VALUATION(2.0),A,USA,P2,J62_63,CPA08_C25,XDC,O,V,T1620,2024,994.43,D,S1,D,F,2,A,6,USD
OECD.SDD.NAD:DSD_NASU@DF_VALUATION(2.0),A,USA,P2,J62,CPA08_C25,XDC,O,V,T1620,2024,519.46,D,S1,D,F,2,A,6,USD
OECD.SDD.NAD:DSD_NASU@DF_VALUATION(2.0),A,USA,P2,J63,CPA08_C25,XDC,O,V,T1620,2024,474.97,D,S1,D,F,2,A,6,USD
OECD.SDD.NAD:DSD_NASU@DF_VALUATION(2.0),A,USA,P2,K64,CPA08_C25,XDC,O,V,T1620,2024,282.09,D,S1,D,F,2,A,6,USD
OECD.SDD.NAD:DSD_NASU@DF_VALUATION(2.0),A,USA,P2,K65,CPA08_C25,XDC,O,V,T1620,2024,9.02,D,S1,D,F,2,A,6,USD
OECD.SDD.NAD:DSD_NASU@DF_VALUATION(2.0),A,USA,P2,L,CPA08_C25,XDC,O,V,T1620,2024,822.02,D,S1,D,F,2,A,6,USD
OECD.SDD.NAD:DSD_NASU@DF_VALUATION(2.0),A,USA,P2,L68A,CPA08_C25,XDC,O,V,T1620,2024,5.5,D,S1,D,F,2,A,6,USD
OECD.SDD.NAD:DSD_NASU@DF_VALUATION(2.0),A,USA,P2,L68B,CPA08_C25,XDC,O,V,T1620,2024,816.51,D,S1,D,F,2,A,6,USD
OECD.SDD.NAD:DSD_NASU@DF_VALUATION(2.0),A,USA,P2,M,CPA08_C25,XDC,O,V,T1620,2024,1673.49,D,S1,D,F,2,A,6,USD
OECD.SDD.NAD:DSD_NASU@DF_VALUATION(2.0),A,USA,P2,M69_70,CPA08_C25,XDC,O,V,T1620,2024,133.76,D,S1,D,F,2,A,6,USD
OECD.SDD.NAD:DSD_NASU@DF_VALUATION(2.0),A,USA,P2,M69,CPA08_C25,XDC,O,V,T1620,2024,15.01,D,S1,D,F,2,A,6,USD
OECD.SDD.NAD:DSD_NASU@DF_VALUATION(2.0),A,USA,P2,M70,CPA08_C25,XDC,O,V,T1620,2024,118.75,D,S1,D,F,2,A,6,USD
OECD.SDD.NAD:DSD_NASU@DF_VALUATION(2.0),A,USA,P2,M71,CPA08_C25,XDC,O,V,T1620,2024,1018.68,D,S1,D,F,2,A,6,USD
OECD.SDD.NAD:DSD_NASU@DF_VALUATION(2.0),A,USA,P2,M72,CPA08_C25,XDC,O,V,T1620,2024,286.37,D,S1,D,F,2,A,6,USD
OECD.SDD.NAD:DSD_NASU@DF_VALUATION(2.0),A,USA,P2,M73,CPA08_C25,XDC,O,V,T1620,2024,58.82,D,S1,D,F,2,A,6,USD
OECD.SDD.NAD:DSD_NASU@DF_VALUATION(2.0),A,USA,P2,M74_75,CPA08_C25,XDC,O,V,T1620,2024,175.86,D,S1,D,F,2,A,6,USD
OECD.SDD.NAD:DSD_NASU@DF_VALUATION(2.0),A,USA,P2,Q86,CPA08_C27,XDC,O,V,T1620,2024,390.71,D,S1,D,F,2,A,6,USD
OECD.SDD.NAD:DSD_NASU@DF_VALUATION(2.0),A,USA,P2,Q87_88,CPA08_C27,XDC,O,V,T1620,2024,641.97,D,S1,D,F,2,A,6,USD
OECD.SDD.NAD:DSD_NASU@DF_VALUATION(2.0),A,USA,P2,Q87,CPA08_C27,XDC,O,V,T1620,2024,273.5,D,S1,D,F,2,A,6,USD
OECD.SDD.NAD:DSD_NASU@DF_VALUATION(2.0),A,USA,P2,Q88,CPA08_C27,XDC,O,V,T1620,2024,368.47,D,S1,D,F,2,A,6,USD
OECD.SDD.NAD:DSD_NASU@DF_VALUATION(2.0),A,USA,P2,R,CPA08_C27,XDC,O,V,T1620,2024,268.92,D,S1,D,F,2,A,6,USD
OECD.SDD.NAD:DSD_NASU@DF_VALUATION(2.0),A,USA,P2,R90T92,CPA08_C27,XDC,O,V,T1620,2024,89.2,D,S1,D,F,2,A,6,USD
OECD.SDD.NAD:DSD_NASU@DF_VALUATION(2.0),A,USA,P2,R90,CPA08_C27,XDC,O,V,T1620,2024,17.79,D,S1,D,F,2,A,6,USD
OECD.SDD.NAD:DSD_NASU@DF_VALUATION(2.0),A,USA,P2,R92,CPA08_C27,XDC,O,V,T1620,2024,71.4,D,S1,D,F,2,A,6,USD
OECD.SDD.NAD:DSD_NASU@DF_VALUATION(2.0),A,USA,P2,R93,CPA08_C27,XDC,O,V,T1620,2024,179.72,D,S1,D,F,2,A,6,USD
OECD.SDD.NAD:DSD_NASU@DF_VALUATION(2.0),A,USA,P2,S,CPA08_C27,XDC,O,V,T1620,2024,1692.15,D,S1,D,F,2,A,6,USD
OECD.SDD.NAD:DSD_NASU@DF_VALUATION(2.0),A,USA,P2,S94,CPA08_C27,XDC,O,V,T1620,2024,43.3,D,S1,D,F,2,A,6,USD
OECD.SDD.NAD:DSD_NASU@DF_VALUATION(2.0),A,USA,P2,C17,CPA08_C27,XDC,O,V,T1620,2024,177.83,D,S1,D,F,2,A,6,USD
OECD.SDD.NAD:DSD_NASU@DF_VALUATION(2.0),A,USA,P2,C18,CPA08_C27,XDC,O,V,T1620,2024,30.92,D,S1,D,F,2,A,6,USD
OECD.SDD.NAD:DSD_NASU@DF_VALUATION(2.0),A,USA,P2,C19,CPA08_C27,XDC,O,V,T1620,2024,8.96,D,S1,D,F,2,A,6,USD
OECD.SDD.NAD:DSD_NASU@DF_VALUATION(2.0),A,USA,P2,C20,CPA08_C27,XDC,O,V,T1620,2024,354.1,D,S1,D,F,2,A,6,USD
OECD.SDD.NAD:DSD_NASU@DF_VALUATION(2.0),A,USA,P2,C21,CPA08_C27,XDC,O,V,T1620,2024,0.44,D,S1,D,F,2,A,6,USD
OECD.SDD.NAD:DSD_NASU@DF_VALUATION(2.0),A,USA,P2,R93,CPA08_C28,XDC,O,V,T1620,2024,99.97,D,S1,D,F,2,A,6,USD
OECD.SDD.NAD:DSD_NASU@DF_VALUATION(2.0),A,USA,P2,S,CPA08_C28,XDC,O,V,T1620,2024,984.3,D,S1,D,F,2,A,6,USD
OECD.SDD.NAD:DSD_NASU@DF_VALUATION(2.0),A,USA,P2,S94,CPA08_C28,XDC,O,V,T1620,2024,223.98,D,S1,D,F,2,A,6,USD
OECD.SDD.NAD:DSD_NASU@DF_VALUATION(2.0),A,USA,P2,S95,CPA08_C28,XDC,O,V,T1620,2024,283.32,D,S1,D,F,2,A,6,USD
OECD.SDD.NAD:DSD_NASU@DF_VALUATION(2.0),A,USA,P2,S96,CPA08_C28,XDC,O,V,T1620,2024,476.99,D,S1,D,F,2,A,6,USD
OECD.SDD.NAD:DSD_NASU@DF_VALUATION(2.0),A,USA,P5,_Z,CPA08_C28,XDC,O,V,T1620,2024,136574.36,D,S1,D,F,2,A,6,USD
OECD.SDD.NAD:DSD_NASU@DF_VALUATION(2.0),A,USA,P51G,_Z,CPA08_C28,XDC,O,V,T1620,2024,136473.93,D,S1,D,F,2,A,6,USD
OECD.SDD.NAD:DSD_NASU@DF_VALUATION(2.0),A,USA,P3,_Z,CPA08_C28,XDC,O,V,T1620,2024,28836.75,D,S1,D,F,2,A,6,USD
OECD.SDD.NAD:DSD_NASU@DF_VALUATION(2.0),A,USA,P52,_Z,CPA08_C28,XDC,O,V,T1620,2024,100.43,D,S1,D,F,2,A,6,USD
OECD.SDD.NAD:DSD_NASU@DF_VALUATION(2.0),A,USA,TU,_Z,CPA08_C28,XDC,O,V,T1620,2024,284877.45,D,S1,D,F,2,A,6,USD
OECD.SDD.NAD:DSD_NASU@DF_VALUATION(2.0),A,USA,P2,G45,CPA08_C26,XDC,O,V,T1620,2024,1035.7,D,S1,D,F,2,A,6,USD
OECD.SDD.NAD:DSD_NASU@DF_VALUATION(2.0),A,USA,P2,G46,CPA08_C26,XDC,O,V,T1620,2024,15437.48,D,S1,D,F,2,A,6,USD
OECD.SDD.NAD:DSD_NASU@DF_VALUATION(2.0),A,USA,P2,G47,CPA08_C26,XDC,O,V,T1620,2024,975.23,D,S1,D,F,2,A,6,USD
OECD.SDD.NAD:DSD_NASU@DF_VALUATION(2.0),A,USA,P2,H,CPA08_C26,XDC,O,V,T1620,2024,139.83,D,S1,D,F,2,A,6,USD
OECD.SDD.NAD:DSD_NASU@DF_VALUATION(2.0),A,USA,P2,H49,CPA08_C26,XDC,O,V,T1620,2024,92.91,D,S1,D,F,2,A,6,USD
OECD.SDD.NAD:DSD_NASU@DF_VALUATION(2.0),A,USA,P2,H51,CPA08_C26,XDC,O,V,T1620,2024,2.48,D,S1,D,F,2,A,6,USD
OECD.SDD.NAD:DSD_NASU@DF_VALUATION(2.0),A,USA,P2,H52,CPA08_C26,XDC,O,V,T1620,2024,44.16,D,S1,D,F,2,A,6,USD
OECD.SDD.NAD:DSD_NASU@DF_VALUATION(2.0),A,USA,P2,H53,CPA08_C26,XDC,O,V,T1620,2024,0.09,D,S1,D,F,2,A,6,USD
OECD.SDD.NAD:DSD_NASU@DF_VALUATION(2.0),A,USA,P2,I,CPA08_C26,XDC,O,V,T1620,2024,202.04,D,S1,D,F,2,A,6,USD
OECD.SDD.NAD:DSD_NASU@DF_VALUATION(2.0),A,USA,P2,I55,CPA08_C26,XDC,O,V,T1620,2024,125.2,D,S1,D,F,2,A,6,USD
OECD.SDD.NAD:DSD_NASU@DF_VALUATION(2.0),A,USA,P2,I56,CPA08_C26,XDC,O,V,T1620,2024,76.84,D,S1,D,F,2,A,6,USD
OECD.SDD.NAD:DSD_NASU@DF_VALUATION(2.0),A,USA,P2,J,CPA08_C26,XDC,O,V,T1620,2024,18428.69,D,S1,D,F,2,A,6,USD
OECD.SDD.NAD:DSD_NASU@DF_VALUATION(2.0),A,USA,P2,J58,CPA08_C26,XDC,O,V,T1620,2024,826.96,D,S1,D,F,2,A,6,USD
OECD.SDD.NAD:DSD_NASU@DF_VALUATION(2.0),A,USA,P2,J59_60,CPA08_C26,XDC,O,V,T1620,2024,477.26,D,S1,D,F,2,A,6,USD
OECD.SDD.NAD:DSD_NASU@DF_VALUATION(2.0),A,USA,P2,J59,CPA08_C26,XDC,O,V,T1620,2024,37.16,D,S1,D,F,2,A,6,USD
OECD.SDD.NAD:DSD_NASU@DF_VALUATION(2.0),A,USA,P2,J60,CPA08_C26,XDC,O,V,T1620,2024,440.1,D,S1,D,F,2,A,6,USD
OECD.SDD.NAD:DSD_NASU@DF_VALUATION(2.0),A,USA,P2,J61,CPA08_C26,XDC,O,V,T1620,2024,12640,D,S1,D,F,2,A,6,USD
OECD.SDD.NAD:DSD_NASU@DF_VALUATION(2.0),A,USA,P2,J62_63,CPA08_C26,XDC,O,V,T1620,2024,4484.47,D,S1,D,F,2,A,6,USD
OECD.SDD.NAD:DSD_NASU@DF_VALUATION(2.0),A,USA,P2,J62,CPA08_C26,XDC,O,V,T1620,2024,1968.07,D,S1,D,F,2,A,6,USD
OECD.SDD.NAD:DSD_NASU@DF_VALUATION(2.0),A,USA,P2,J63,CPA08_C26,XDC,O,V,T1620,2024,2516.41,D,S1,D,F,2,A,6,USD
OECD.SDD.NAD:DSD_NASU@DF_VALUATION(2.0),A,USA,P2,K,CPA08_C26,XDC,O,V,T1620,2024,1920.71,D,S1,D,F,2,A,6,USD
OECD.SDD.NAD:DSD_NASU@DF_VALUATION(2.0),A,USA,P2,K64,CPA08_C26,XDC,O,V,T1620,2024,1551.81,D,S1,D,F,2,A,6,USD
OECD.SDD.NAD:DSD_NASU@DF_VALUATION(2.0),A,USA,P2,K65,CPA08_C26,XDC,O,V,T1620,2024,367.92,D,S1,D,F,2,A,6,USD
OECD.SDD.NAD:DSD_NASU@DF_VALUATION(2.0),A,USA,P2,K66,CPA08_C26,XDC,O,V,T1620,2024,0.98,D,S1,D,F,2,A,6,USD
OECD.SDD.NAD:DSD_NASU@DF_VALUATION(2.0),A,USA,P2,L,CPA08_C26,XDC,O,V,T1620,2024,131.51,D,S1,D,F,2,A,6,USD
OECD.SDD.NAD:DSD_NASU@DF_VALUATION(2.0),A,USA,P2,L68A,CPA08_C26,XDC,O,V,T1620,2024,0.19,D,S1,D,F,2,A,6,USD
OECD.SDD.NAD:DSD_NASU@DF_VALUATION(2.0),A,USA,P2,L68B,CPA08_C26,XDC,O,V,T1620,2024,131.32,D,S1,D,F,2,A,6,USD
OECD.SDD.NAD:DSD_NASU@DF_VALUATION(2.0),A,USA,P2,M,CPA08_C26,XDC,O,V,T1620,2024,15532.37,D,S1,D,F,2,A,6,USD
OECD.SDD.NAD:DSD_NASU@DF_VALUATION(2.0),A,USA,P2,M69_70,CPA08_C26,XDC,O,V,T1620,2024,12544.2,D,S1,D,F,2,A,6,USD
OECD.SDD.NAD:DSD_NASU@DF_VALUATION(2.0),A,USA,P2,M69,CPA08_C26,XDC,O,V,T1620,2024,1256.59,D,S1,D,F,2,A,6,USD
OECD.SDD.NAD:DSD_NASU@DF_VALUATION(2.0),A,USA,P2,M70,CPA08_C26,XDC,O,V,T1620,2024,11287.61,D,S1,D,F,2,A,6,USD
OECD.SDD.NAD:DSD_NASU@DF_VALUATION(2.0),A,USA,P2,M71,CPA08_C26,XDC,O,V,T1620,2024,1399.56,D,S1,D,F,2,A,6,USD
OECD.SDD.NAD:DSD_NASU@DF_VALUATION(2.0),A,USA,P2,M72,CPA08_C26,XDC,O,V,T1620,2024,533.99,D,S1,D,F,2,A,6,USD
OECD.SDD.NAD:DSD_NASU@DF_VALUATION(2.0),A,USA,P2,M73,CPA08_C26,XDC,O,V,T1620,2024,364.55,D,S1,D,F,2,A,6,USD
OECD.SDD.NAD:DSD_NASU@DF_VALUATION(2.0),A,USA,P2,M74,CPA08_C26,XDC,O,V,T1620,2024,438.25,D,S1,D,F,2,A,6,USD
OECD.SDD.NAD:DSD_NASU@DF_VALUATION(2.0),A,USA,P2,M75,CPA08_C26,XDC,O,V,T1620,2024,251.81,D,S1,D,F,2,A,6,USD
OECD.SDD.NAD:DSD_NASU@DF_VALUATION(2.0),A,USA,P2,N,CPA08_C26,XDC,O,V,T1620,2024,1824.61,D,S1,D,F,2,A,6,USD
OECD.SDD.NAD:DSD_NASU@DF_VALUATION(2.0),A,USA,P2,N77,CPA08_C26,XDC,O,V,T1620,2024,111.77,D,S1,D,F,2,A,6,USD
OECD.SDD.NAD:DSD_NASU@DF_VALUATION(2.0),A,USA,P2,N78,CPA08_C26,XDC,O,V,T1620,2024,290.02,D,S1,D,F,2,A,6,USD
OECD.SDD.NAD:DSD_NASU@DF_VALUATION(2.0),A,USA,P2,N79,CPA08_C26,XDC,O,V,T1620,2024,11.72,D,S1,D,F,2,A,6,USD
OECD.SDD.NAD:DSD_NASU@DF_VALUATION(2.0),A,USA,P2,N80T82,CPA08_C26,XDC,O,V,T1620,2024,1411.1,D,S1,D,F,2,A,6,USD
OECD.SDD.NAD:DSD_NASU@DF_VALUATION(2.0),A,USA,P2,N80,CPA08_C26,XDC,O,V,T1620,2024,406.48,D,S1,D,F,2,A,6,USD
OECD.SDD.NAD:DSD_NASU@DF_VALUATION(2.0),A,USA,P2,N79,CPA08_C28,XDC,O,V,T1620,2024,86.45,D,S1,D,F,2,A,6,USD
OECD.SDD.NAD:DSD_NASU@DF_VALUATION(2.0),A,USA,P2,N80T82,CPA08_C28,XDC,O,V,T1620,2024,2244.14,D,S1,D,F,2,A,6,USD
OECD.SDD.NAD:DSD_NASU@DF_VALUATION(2.0),A,USA,P2,N80,CPA08_C28,XDC,O,V,T1620,2024,73.29,D,S1,D,F,2,A,6,USD
OECD.SDD.NAD:DSD_NASU@DF_VALUATION(2.0),A,USA,P2,N81,CPA08_C28,XDC,O,V,T1620,2024,2148.37,D,S1,D,F,2,A,6,USD
OECD.SDD.NAD:DSD_NASU@DF_VALUATION(2.0),A,USA,P2,N82,CPA08_C28,XDC,O,V,T1620,2024,22.48,D,S1,D,F,2,A,6,USD
OECD.SDD.NAD:DSD_NASU@DF_VALUATION(2.0),A,USA,P2,O,CPA08_C28,XDC,O,V,T1620,2024,3526.12,D,S1,D,F,2,A,6,USD
OECD.SDD.NAD:DSD_NASU@DF_VALUATION(2.0),A,USA,P2,P,CPA08_C28,XDC,O,V,T1620,2024,1925.97,D,S1,D,F,2,A,6,USD
OECD.SDD.NAD:DSD_NASU@DF_VALUATION(2.0),A,USA,P2,Q,CPA08_C28,XDC,O,V,T1620,2024,649.94,D,S1,D,F,2,A,6,USD
OECD.SDD.NAD:DSD_NASU@DF_VALUATION(2.0),A,USA,P2,Q86,CPA08_C28,XDC,O,V,T1620,2024,523.73,D,S1,D,F,2,A,6,USD
OECD.SDD.NAD:DSD_NASU@DF_VALUATION(2.0),A,USA,P2,Q87_88,CPA08_C28,XDC,O,V,T1620,2024,126.21,D,S1,D,F,2,A,6,USD
OECD.SDD.NAD:DSD_NASU@DF_VALUATION(2.0),A,USA,P2,Q87,CPA08_C28,XDC,O,V,T1620,2024,15.87,D,S1,D,F,2,A,6,USD
OECD.SDD.NAD:DSD_NASU@DF_VALUATION(2.0),A,USA,P2,Q88,CPA08_C28,XDC,O,V,T1620,2024,110.34,D,S1,D,F,2,A,6,USD
OECD.SDD.NAD:DSD_NASU@DF_VALUATION(2.0),A,USA,P2,R,CPA08_C28,XDC,O,V,T1620,2024,103.99,D,S1,D,F,2,A,6,USD
OECD.SDD.NAD:DSD_NASU@DF_VALUATION(2.0),A,USA,P2,R90T92,CPA08_C28,XDC,O,V,T1620,2024,4.01,D,S1,D,F,2,A,6,USD
OECD.SDD.NAD:DSD_NASU@DF_VALUATION(2.0),A,USA,P2,C16,CPA08_C28,XDC,O,V,T1620,2024,231.21,D,S1,D,F,2,A,6,USD
OECD.SDD.NAD:DSD_NASU@DF_VALUATION(2.0),A,USA,P2,C17,CPA08_C28,XDC,O,V,T1620,2024,88.44,D,S1,D,F,2,A,6,USD
OECD.SDD.NAD:DSD_NASU@DF_VALUATION(2.0),A,USA,P2,C18,CPA08_C28,XDC,O,V,T1620,2024,367.86,D,S1,D,F,2,A,6,USD
OECD.SDD.NAD:DSD_NASU@DF_VALUATION(2.0),A,USA,P2,C19,CPA08_C28,XDC,O,V,T1620,2024,4.42,D,S1,D,F,2,A,6,USD
OECD.SDD.NAD:DSD_NASU@DF_VALUATION(2.0),A,USA,P2,C20,CPA08_C28,XDC,O,V,T1620,2024,1625.5,D,S1,D,F,2,A,6,USD
OECD.SDD.NAD:DSD_NASU@DF_VALUATION(2.0),A,USA,P2,C22,CPA08_C28,XDC,O,V,T1620,2024,1166.49,D,S1,D,F,2,A,6,USD
OECD.SDD.NAD:DSD_NASU@DF_VALUATION(2.0),A,USA,P2,C23,CPA08_C28,XDC,O,V,T1620,2024,62.31,D,S1,D,F,2,A,6,USD
OECD.SDD.NAD:DSD_NASU@DF_VALUATION(2.0),A,USA,P2,C24,CPA08_C28,XDC,O,V,T1620,2024,494.17,D,S1,D,F,2,A,6,USD
OECD.SDD.NAD:DSD_NASU@DF_VALUATION(2.0),A,USA,P2,C25,CPA08_C28,XDC,O,V,T1620,2024,1592.68,D,S1,D,F,2,A,6,USD
OECD.SDD.NAD:DSD_NASU@DF_VALUATION(2.0),A,USA,P2,C26,CPA08_C28,XDC,O,V,T1620,2024,108.77,D,S1,D,F,2,A,6,USD
OECD.SDD.NAD:DSD_NASU@DF_VALUATION(2.0),A,USA,P2,C27,CPA08_C28,XDC,O,V,T1620,2024,672.13,D,S1,D,F,2,A,6,USD
OECD.SDD.NAD:DSD_NASU@DF_VALUATION(2.0),A,USA,P2,C28,CPA08_C28,XDC,O,V,T1620,2024,9396.33,D,S1,D,F,2,A,6,USD
OECD.SDD.NAD:DSD_NASU@DF_VALUATION(2.0),A,USA,P2,C29,CPA08_C28,XDC,O,V,T1620,2024,10007.49,D,S1,D,F,2,A,6,USD
OECD.SDD.NAD:DSD_NASU@DF_VALUATION(2.0),A,USA,P2,C30,CPA08_C28,XDC,O,V,T1620,2024,855.91,D,S1,D,F,2,A,6,USD
OECD.SDD.NAD:DSD_NASU@DF_VALUATION(2.0),A,USA,P2,C31_32,CPA08_C28,XDC,O,V,T1620,2024,203.16,D,S1,D,F,2,A,6,USD
OECD.SDD.NAD:DSD_NASU@DF_VALUATION(2.0),A,USA,P2,C31,CPA08_C28,XDC,O,V,T1620,2024,64.23,D,S1,D,F,2,A,6,USD
OECD.SDD.NAD:DSD_NASU@DF_VALUATION(2.0),A,USA,P2,C32,CPA08_C28,XDC,O,V,T1620,2024,138.93,D,S1,D,F,2,A,6,USD
OECD.SDD.NAD:DSD_NASU@DF_VALUATION(2.0),A,USA,P2,C33,CPA08_C28,XDC,O,V,T1620,2024,1772.86,D,S1,D,F,2,A,6,USD
OECD.SDD.NAD:DSD_NASU@DF_VALUATION(2.0),A,USA,P2,D,CPA08_C28,XDC,O,V,T1620,2024,189.2,D,S1,D,F,2,A,6,USD
OECD.SDD.NAD:DSD_NASU@DF_VALUATION(2.0),A,USA,P2,E,CPA08_C28,XDC,O,V,T1620,2024,1636.99,D,S1,D,F,2,A,6,USD
OECD.SDD.NAD:DSD_NASU@DF_VALUATION(2.0),A,USA,P2,E36,CPA08_C28,XDC,O,V,T1620,2024,0.05,D,S1,D,F,2,A,6,USD
OECD.SDD.NAD:DSD_NASU@DF_VALUATION(2.0),A,USA,P2,E37T39,CPA08_C28,XDC,O,V,T1620,2024,1636.94,D,S1,D,F,2,A,6,USD
OECD.SDD.NAD:DSD_NASU@DF_VALUATION(2.0),A,USA,P2,E37,CPA08_C28,XDC,O,V,T1620,2024,0.1,D,S1,D,F,2,A,6,USD
OECD.SDD.NAD:DSD_NASU@DF_VALUATION(2.0),A,USA,P2,J59_60,CPA08_C27,XDC,O,V,T1620,2024,0.53,D,S1,D,F,2,A,6,USD
OECD.SDD.NAD:DSD_NASU@DF_VALUATION(2.0),A,USA,P2,J60,CPA08_C27,XDC,O,V,T1620,2024,0.53,D,S1,D,F,2,A,6,USD
OECD.SDD.NAD:DSD_NASU@DF_VALUATION(2.0),A,USA,P2,J61,CPA08_C27,XDC,O,V,T1620,2024,1085.36,D,S1,D,F,2,A,6,USD
OECD.SDD.NAD:DSD_NASU@DF_VALUATION(2.0),A,USA,P2,J62_63,CPA08_C27,XDC,O,V,T1620,2024,1049.69,D,S1,D,F,2,A,6,USD
OECD.SDD.NAD:DSD_NASU@DF_VALUATION(2.0),A,USA,P2,J62,CPA08_C27,XDC,O,V,T1620,2024,924.35,D,S1,D,F,2,A,6,USD
OECD.SDD.NAD:DSD_NASU@DF_VALUATION(2.0),A,USA,P2,J63,CPA08_C27,XDC,O,V,T1620,2024,125.34,D,S1,D,F,2,A,6,USD
OECD.SDD.NAD:DSD_NASU@DF_VALUATION(2.0),A,USA,P2,K,CPA08_C27,XDC,O,V,T1620,2024,101.38,D,S1,D,F,2,A,6,USD
OECD.SDD.NAD:DSD_NASU@DF_VALUATION(2.0),A,USA,P2,K64,CPA08_C27,XDC,O,V,T1620,2024,84.69,D,S1,D,F,2,A,6,USD
OECD.SDD.NAD:DSD_NASU@DF_VALUATION(2.0),A,USA,P2,K66,CPA08_C27,XDC,O,V,T1620,2024,16.69,D,S1,D,F,2,A,6,USD
OECD.SDD.NAD:DSD_NASU@DF_VALUATION(2.0),A,USA,P2,L,CPA08_C27,XDC,O,V,T1620,2024,365.1,D,S1,D,F,2,A,6,USD
OECD.SDD.NAD:DSD_NASU@DF_VALUATION(2.0),A,USA,P2,L68A,CPA08_C27,XDC,O,V,T1620,2024,2.33,D,S1,D,F,2,A,6,USD
OECD.SDD.NAD:DSD_NASU@DF_VALUATION(2.0),A,USA,P2,L68B,CPA08_C27,XDC,O,V,T1620,2024,362.77,D,S1,D,F,2,A,6,USD
OECD.SDD.NAD:DSD_NASU@DF_VALUATION(2.0),A,USA,P2,M,CPA08_C27,XDC,O,V,T1620,2024,2015.46,D,S1,D,F,2,A,6,USD
OECD.SDD.NAD:DSD_NASU@DF_VALUATION(2.0),A,USA,P2,M69_70,CPA08_C27,XDC,O,V,T1620,2024,147.55,D,S1,D,F,2,A,6,USD
OECD.SDD.NAD:DSD_NASU@DF_VALUATION(2.0),A,USA,P2,M69,CPA08_C27,XDC,O,V,T1620,2024,72.9,D,S1,D,F,2,A,6,USD
OECD.SDD.NAD:DSD_NASU@DF_VALUATION(2.0),A,USA,P2,M70,CPA08_C27,XDC,O,V,T1620,2024,74.64,D,S1,D,F,2,A,6,USD
OECD.SDD.NAD:DSD_NASU@DF_VALUATION(2.0),A,USA,P2,M71,CPA08_C27,XDC,O,V,T1620,2024,1002.05,D,S1,D,F,2,A,6,USD
OECD.SDD.NAD:DSD_NASU@DF_VALUATION(2.0),A,USA,P2,M72,CPA08_C27,XDC,O,V,T1620,2024,127.37,D,S1,D,F,2,A,6,USD
OECD.SDD.NAD:DSD_NASU@DF_VALUATION(2.0),A,USA,P2,M74_75,CPA08_C27,XDC,O,V,T1620,2024,732.58,D,S1,D,F,2,A,6,USD
OECD.SDD.NAD:DSD_NASU@DF_VALUATION(2.0),A,USA,P2,M74,CPA08_C27,XDC,O,V,T1620,2024,732.56,D,S1,D,F,2,A,6,USD
OECD.SDD.NAD:DSD_NASU@DF_VALUATION(2.0),A,USA,P2,M75,CPA08_C27,XDC,O,V,T1620,2024,0.02,D,S1,D,F,2,A,6,USD
OECD.SDD.NAD:DSD_NASU@DF_VALUATION(2.0),A,USA,P2,N,CPA08_C27,XDC,O,V,T1620,2024,931.71,D,S1,D,F,2,A,6,USD
OECD.SDD.NAD:DSD_NASU@DF_VALUATION(2.0),A,USA,P2,N77,CPA08_C27,XDC,O,V,T1620,2024,192.07,D,S1,D,F,2,A,6,USD
OECD.SDD.NAD:DSD_NASU@DF_VALUATION(2.0),A,USA,P2,N78,CPA08_C27,XDC,O,V,T1620,2024,4.87,D,S1,D,F,2,A,6,USD
OECD.SDD.NAD:DSD_NASU@DF_VALUATION(2.0),A,USA,P2,N80T82,CPA08_C27,XDC,O,V,T1620,2024,734.76,D,S1,D,F,2,A,6,USD
OECD.SDD.NAD:DSD_NASU@DF_VALUATION(2.0),A,USA,P2,N80,CPA08_C27,XDC,O,V,T1620,2024,7.66,D,S1,D,F,2,A,6,USD
OECD.SDD.NAD:DSD_NASU@DF_VALUATION(2.0),A,USA,P2,N81,CPA08_C27,XDC,O,V,T1620,2024,331.77,D,S1,D,F,2,A,6,USD
OECD.SDD.NAD:DSD_NASU@DF_VALUATION(2.0),A,USA,P2,N82,CPA08_C27,XDC,O,V,T1620,2024,395.33,D,S1,D,F,2,A,6,USD
OECD.SDD.NAD:DSD_NASU@DF_VALUATION(2.0),A,USA,P2,O,CPA08_C27,XDC,O,V,T1620,2024,4602.41,D,S1,D,F,2,A,6,USD
OECD.SDD.NAD:DSD_NASU@DF_VALUATION(2.0),A,USA,P2,P,CPA08_C27,XDC,O,V,T1620,2024,474.55,D,S1,D,F,2,A,6,USD
OECD.SDD.NAD:DSD_NASU@DF_VALUATION(2.0),A,USA,P2,Q,CPA08_C27,XDC,O,V,T1620,2024,1032.68,D,S1,D,F,2,A,6,USD
OECD.SDD.NAD:DSD_NASU@DF_VALUATION(2.0),A,USA,P2,N,CPA08_C29,XDC,O,V,T1620,2024,9437.78,D,S1,D,F,2,A,6,USD
OECD.SDD.NAD:DSD_NASU@DF_VALUATION(2.0),A,USA,P2,N77,CPA08_C29,XDC,O,V,T1620,2024,1941.84,D,S1,D,F,2,A,6,USD
OECD.SDD.NAD:DSD_NASU@DF_VALUATION(2.0),A,USA,P2,N78,CPA08_C29,XDC,O,V,T1620,2024,85.77,D,S1,D,F,2,A,6,USD
OECD.SDD.NAD:DSD_NASU@DF_VALUATION(2.0),A,USA,P2,N79,CPA08_C29,XDC,O,V,T1620,2024,16.81,D,S1,D,F,2,A,6,USD
OECD.SDD.NAD:DSD_NASU@DF_VALUATION(2.0),A,USA,P2,N80T82,CPA08_C29,XDC,O,V,T1620,2024,7393.36,D,S1,D,F,2,A,6,USD
OECD.SDD.NAD:DSD_NASU@DF_VALUATION(2.0),A,USA,P2,N80,CPA08_C29,XDC,O,V,T1620,2024,77.49,D,S1,D,F,2,A,6,USD
OECD.SDD.NAD:DSD_NASU@DF_VALUATION(2.0),A,USA,P2,N82,CPA08_C29,XDC,O,V,T1620,2024,477.14,D,S1,D,F,2,A,6,USD
OECD.SDD.NAD:DSD_NASU@DF_VALUATION(2.0),A,USA,P2,O,CPA08_C29,XDC,O,V,T1620,2024,4485.16,D,S1,D,F,2,A,6,USD
OECD.SDD.NAD:DSD_NASU@DF_VALUATION(2.0),A,USA,P2,P,CPA08_C29,XDC,O,V,T1620,2024,1496.77,D,S1,D,F,2,A,6,USD
OECD.SDD.NAD:DSD_NASU@DF_VALUATION(2.0),A,USA,P2,Q,CPA08_C29,XDC,O,V,T1620,2024,1390.77,D,S1,D,F,2,A,6,USD
OECD.SDD.NAD:DSD_NASU@DF_VALUATION(2.0),A,USA,P2,Q86,CPA08_C29,XDC,O,V,T1620,2024,754.63,D,S1,D,F,2,A,6,USD
OECD.SDD.NAD:DSD_NASU@DF_VALUATION(2.0),A,USA,P2,Q87_88,CPA08_C29,XDC,O,V,T1620,2024,636.15,D,S1,D,F,2,A,6,USD
OECD.SDD.NAD:DSD_NASU@DF_VALUATION(2.0),A,USA,P2,Q87,CPA08_C29,XDC,O,V,T1620,2024,40.45,D,S1,D,F,2,A,6,USD
OECD.SDD.NAD:DSD_NASU@DF_VALUATION(2.0),A,USA,P2,Q88,CPA08_C29,XDC,O,V,T1620,2024,595.7,D,S1,D,F,2,A,6,USD
OECD.SDD.NAD:DSD_NASU@DF_VALUATION(2.0),A,USA,P2,R,CPA08_C29,XDC,O,V,T1620,2024,115.57,D,S1,D,F,2,A,6,USD
OECD.SDD.NAD:DSD_NASU@DF_VALUATION(2.0),A,USA,P2,R90T92,CPA08_C29,XDC,O,V,T1620,2024,30.07,D,S1,D,F,2,A,6,USD
OECD.SDD.NAD:DSD_NASU@DF_VALUATION(2.0),A,USA,P2,C13T15,CPA08_C29,XDC,O,V,T1620,2024,36.46,D,S1,D,F,2,A,6,USD
OECD.SDD.NAD:DSD_NASU@DF_VALUATION(2.0),A,USA,P2,C13,CPA08_C29,XDC,O,V,T1620,2024,35.55,D,S1,D,F,2,A,6,USD
OECD.SDD.NAD:DSD_NASU@DF_VALUATION(2.0),A,USA,P2,C14,CPA08_C29,XDC,O,V,T1620,2024,0.91,D,S1,D,F,2,A,6,USD
OECD.SDD.NAD:DSD_NASU@DF_VALUATION(2.0),A,USA,P2,C16,CPA08_C29,XDC,O,V,T1620,2024,980.24,D,S1,D,F,2,A,6,USD
OECD.SDD.NAD:DSD_NASU@DF_VALUATION(2.0),A,USA,P2,C17,CPA08_C29,XDC,O,V,T1620,2024,719.38,D,S1,D,F,2,A,6,USD
OECD.SDD.NAD:DSD_NASU@DF_VALUATION(2.0),A,USA,P2,C19,CPA08_C29,XDC,O,V,T1620,2024,3.95,D,S1,D,F,2,A,6,USD
OECD.SDD.NAD:DSD_NASU@DF_VALUATION(2.0),A,USA,P2,C20,CPA08_C29,XDC,O,V,T1620,2024,703.67,D,S1,D,F,2,A,6,USD
OECD.SDD.NAD:DSD_NASU@DF_VALUATION(2.0),A,USA,P2,C21,CPA08_C29,XDC,O,V,T1620,2024,1.86,D,S1,D,F,2,A,6,USD
OECD.SDD.NAD:DSD_NASU@DF_VALUATION(2.0),A,USA,P2,C22,CPA08_C29,XDC,O,V,T1620,2024,316.98,D,S1,D,F,2,A,6,USD
OECD.SDD.NAD:DSD_NASU@DF_VALUATION(2.0),A,USA,P2,C23,CPA08_C29,XDC,O,V,T1620,2024,391.11,D,S1,D,F,2,A,6,USD
OECD.SDD.NAD:DSD_NASU@DF_VALUATION(2.0),A,USA,P2,C24,CPA08_C29,XDC,O,V,T1620,2024,434.49,D,S1,D,F,2,A,6,USD
OECD.SDD.NAD:DSD_NASU@DF_VALUATION(2.0),A,USA,P2,C25,CPA08_C29,XDC,O,V,T1620,2024,904.55,D,S1,D,F,2,A,6,USD
OECD.SDD.NAD:DSD_NASU@DF_VALUATION(2.0),A,USA,P2,C26,CPA08_C29,XDC,O,V,T1620,2024,358.13,D,S1,D,F,2,A,6,USD
OECD.SDD.NAD:DSD_NASU@DF_VALUATION(2.0),A,USA,P2,C27,CPA08_C29,XDC,O,V,T1620,2024,196.59,D,S1,D,F,2,A,6,USD
OECD.SDD.NAD:DSD_NASU@DF_VALUATION(2.0),A,USA,P2,C28,CPA08_C29,XDC,O,V,T1620,2024,4226.27,D,S1,D,F,2,A,6,USD
OECD.SDD.NAD:DSD_NASU@DF_VALUATION(2.0),A,USA,P2,C29,CPA08_C29,XDC,O,V,T1620,2024,38569.91,D,S1,D,F,2,A,6,USD
OECD.SDD.NAD:DSD_NASU@DF_VALUATION(2.0),A,USA,P2,C30,CPA08_C29,XDC,O,V,T1620,2024,1145.77,D,S1,D,F,2,A,6,USD
OECD.SDD.NAD:DSD_NASU@DF_VALUATION(2.0),A,USA,P2,C31_32,CPA08_C29,XDC,O,V,T1620,2024,467.39,D,S1,D,F,2,A,6,USD
OECD.SDD.NAD:DSD_NASU@DF_VALUATION(2.0),A,USA,P2,C31,CPA08_C29,XDC,O,V,T1620,2024,221.4,D,S1,D,F,2,A,6,USD
OECD.SDD.NAD:DSD_NASU@DF_VALUATION(2.0),A,USA,P2,C32,CPA08_C29,XDC,O,V,T1620,2024,246,D,S1,D,F,2,A,6,USD
OECD.SDD.NAD:DSD_NASU@DF_VALUATION(2.0),A,USA,P2,C33,CPA08_C29,XDC,O,V,T1620,2024,15.51,D,S1,D,F,2,A,6,USD
OECD.SDD.NAD:DSD_NASU@DF_VALUATION(2.0),A,USA,P2,D,CPA08_C29,XDC,O,V,T1620,2024,17.41,D,S1,D,F,2,A,6,USD
OECD.SDD.NAD:DSD_NASU@DF_VALUATION(2.0),A,USA,P2,E,CPA08_C29,XDC,O,V,T1620,2024,456.8,D,S1,D,F,2,A,6,USD
OECD.SDD.NAD:DSD_NASU@DF_VALUATION(2.0),A,USA,P2,E36,CPA08_C29,XDC,O,V,T1620,2024,0.21,D,S1,D,F,2,A,6,USD
OECD.SDD.NAD:DSD_NASU@DF_VALUATION(2.0),A,USA,P2,E37,CPA08_C29,XDC,O,V,T1620,2024,0.09,D,S1,D,F,2,A,6,USD
OECD.SDD.NAD:DSD_NASU@DF_VALUATION(2.0),A,USA,P2,B,CPA08_C29,XDC,O,V,T1620,2024,1107.94,D,S1,D,F,2,A,6,USD
OECD.SDD.NAD:DSD_NASU@DF_VALUATION(2.0),A,USA,P2,B05,CPA08_C29,XDC,O,V,T1620,2024,95.62,D,S1,D,F,2,A,6,USD
OECD.SDD.NAD:DSD_NASU@DF_VALUATION(2.0),A,USA,P2,B06,CPA08_C29,XDC,O,V,T1620,2024,566.25,D,S1,D,F,2,A,6,USD
OECD.SDD.NAD:DSD_NASU@DF_VALUATION(2.0),A,USA,P2,B07,CPA08_C29,XDC,O,V,T1620,2024,121.81,D,S1,D,F,2,A,6,USD
OECD.SDD.NAD:DSD_NASU@DF_VALUATION(2.0),A,USA,P2,B08,CPA08_C29,XDC,O,V,T1620,2024,154.74,D,S1,D,F,2,A,6,USD
OECD.SDD.NAD:DSD_NASU@DF_VALUATION(2.0),A,USA,P2,B09,CPA08_C29,XDC,O,V,T1620,2024,169.52,D,S1,D,F,2,A,6,USD
OECD.SDD.NAD:DSD_NASU@DF_VALUATION(2.0),A,USA,P2,C,CPA08_C29,XDC,O,V,T1620,2024,52243.83,D,S1,D,F,2,A,6,USD
OECD.SDD.NAD:DSD_NASU@DF_VALUATION(2.0),A,USA,P2,C10T12,CPA08_C29,XDC,O,V,T1620,2024,2684.61,D,S1,D,F,2,A,6,USD
OECD.SDD.NAD:DSD_NASU@DF_VALUATION(2.0),A,USA,P2,C10,CPA08_C29,XDC,O,V,T1620,2024,1480.44,D,S1,D,F,2,A,6,USD
OECD.SDD.NAD:DSD_NASU@DF_VALUATION(2.0),A,USA,P2,C11,CPA08_C29,XDC,O,V,T1620,2024,1149.15,D,S1,D,F,2,A,6,USD
OECD.SDD.NAD:DSD_NASU@DF_VALUATION(2.0),A,USA,P2,C12,CPA08_C29,XDC,O,V,T1620,2024,55.02,D,S1,D,F,2,A,6,USD
OECD.SDD.NAD:DSD_NASU@DF_VALUATION(2.0),A,USA,P2,_T,CPA08_C29,XDC,O,V,T1620,2024,97738.82,D,S1,D,F,2,A,6,USD
OECD.SDD.NAD:DSD_NASU@DF_VALUATION(2.0),A,USA,P2,A,CPA08_C29,XDC,O,V,T1620,2024,260.17,D,S1,D,F,2,A,6,USD
OECD.SDD.NAD:DSD_NASU@DF_VALUATION(2.0),A,USA,P2,A01,CPA08_C29,XDC,O,V,T1620,2024,252.41,D,S1,D,F,2,A,6,USD
OECD.SDD.NAD:DSD_NASU@DF_VALUATION(2.0),A,USA,P2,A03,CPA08_C29,XDC,O,V,T1620,2024,7.76,D,S1,D,F,2,A,6,USD
OECD.SDD.NAD:DSD_NASU@DF_VALUATION(2.0),A,USA,P2,R90,CPA08_C29,XDC,O,V,T1620,2024,13.47,D,S1,D,F,2,A,6,USD
OECD.SDD.NAD:DSD_NASU@DF_VALUATION(2.0),A,USA,P2,R91,CPA08_C29,XDC,O,V,T1620,2024,1.58,D,S1,D,F,2,A,6,USD
OECD.SDD.NAD:DSD_NASU@DF_VALUATION(2.0),A,USA,P2,M69,CPA08_C28,XDC,O,V,T1620,2024,33.15,D,S1,D,F,2,A,6,USD
OECD.SDD.NAD:DSD_NASU@DF_VALUATION(2.0),A,USA,P2,M70,CPA08_C28,XDC,O,V,T1620,2024,192.67,D,S1,D,F,2,A,6,USD
OECD.SDD.NAD:DSD_NASU@DF_VALUATION(2.0),A,USA,P2,M71,CPA08_C28,XDC,O,V,T1620,2024,525.88,D,S1,D,F,2,A,6,USD
OECD.SDD.NAD:DSD_NASU@DF_VALUATION(2.0),A,USA,P2,M72,CPA08_C28,XDC,O,V,T1620,2024,159.26,D,S1,D,F,2,A,6,USD
OECD.SDD.NAD:DSD_NASU@DF_VALUATION(2.0),A,USA,P2,M73,CPA08_C28,XDC,O,V,T1620,2024,37.6,D,S1,D,F,2,A,6,USD
OECD.SDD.NAD:DSD_NASU@DF_VALUATION(2.0),A,USA,P2,M74_75,CPA08_C28,XDC,O,V,T1620,2024,45.89,D,S1,D,F,2,A,6,USD
OECD.SDD.NAD:DSD_NASU@DF_VALUATION(2.0),A,USA,P2,M74,CPA08_C28,XDC,O,V,T1620,2024,43.79,D,S1,D,F,2,A,6,USD
OECD.SDD.NAD:DSD_NASU@DF_VALUATION(2.0),A,USA,P2,M75,CPA08_C28,XDC,O,V,T1620,2024,2.1,D,S1,D,F,2,A,6,USD
OECD.SDD.NAD:DSD_NASU@DF_VALUATION(2.0),A,USA,P2,N,CPA08_C28,XDC,O,V,T1620,2024,3060.73,D,S1,D,F,2,A,6,USD
OECD.SDD.NAD:DSD_NASU@DF_VALUATION(2.0),A,USA,P2,N78,CPA08_C28,XDC,O,V,T1620,2024,4.61,D,S1,D,F,2,A,6,USD
OECD.SDD.NAD:DSD_NASU@DF_VALUATION(2.0),A,USA,P2,E,CPA08_C31_32,XDC,O,V,T1620,2024,169.76,D,S1,D,F,2,A,6,USD
OECD.SDD.NAD:DSD_NASU@DF_VALUATION(2.0),A,USA,P2,E37T39,CPA08_C31_32,XDC,O,V,T1620,2024,169.76,D,S1,D,F,2,A,6,USD
OECD.SDD.NAD:DSD_NASU@DF_VALUATION(2.0),A,USA,P2,E38,CPA08_C31_32,XDC,O,V,T1620,2024,134.91,D,S1,D,F,2,A,6,USD
OECD.SDD.NAD:DSD_NASU@DF_VALUATION(2.0),A,USA,P2,E39,CPA08_C31_32,XDC,O,V,T1620,2024,34.85,D,S1,D,F,2,A,6,USD
OECD.SDD.NAD:DSD_NASU@DF_VALUATION(2.0),A,USA,P2,F,CPA08_C31_32,XDC,O,V,T1620,2024,12253.78,D,S1,D,F,2,A,6,USD
OECD.SDD.NAD:DSD_NASU@DF_VALUATION(2.0),A,USA,P2,F41,CPA08_C31_32,XDC,O,V,T1620,2024,12075.37,D,S1,D,F,2,A,6,USD
OECD.SDD.NAD:DSD_NASU@DF_VALUATION(2.0),A,USA,P2,B05,CPA08_C31_32,XDC,O,V,T1620,2024,3.29,D,S1,D,F,2,A,6,USD
OECD.SDD.NAD:DSD_NASU@DF_VALUATION(2.0),A,USA,P2,B06,CPA08_C31_32,XDC,O,V,T1620,2024,22.75,D,S1,D,F,2,A,6,USD
OECD.SDD.NAD:DSD_NASU@DF_VALUATION(2.0),A,USA,P2,B07,CPA08_C31_32,XDC,O,V,T1620,2024,3.63,D,S1,D,F,2,A,6,USD
OECD.SDD.NAD:DSD_NASU@DF_VALUATION(2.0),A,USA,P2,B08,CPA08_C31_32,XDC,O,V,T1620,2024,6.33,D,S1,D,F,2,A,6,USD
OECD.SDD.NAD:DSD_NASU@DF_VALUATION(2.0),A,USA,P2,B09,CPA08_C31_32,XDC,O,V,T1620,2024,5.42,D,S1,D,F,2,A,6,USD
OECD.SDD.NAD:DSD_NASU@DF_VALUATION(2.0),A,USA,P2,C,CPA08_C31_32,XDC,O,V,T1620,2024,5496.54,D,S1,D,F,2,A,6,USD
OECD.SDD.NAD:DSD_NASU@DF_VALUATION(2.0),A,USA,P2,C10T12,CPA08_C31_32,XDC,O,V,T1620,2024,19.79,D,S1,D,F,2,A,6,USD
OECD.SDD.NAD:DSD_NASU@DF_VALUATION(2.0),A,USA,P2,C10,CPA08_C31_32,XDC,O,V,T1620,2024,15.52,D,S1,D,F,2,A,6,USD
OECD.SDD.NAD:DSD_NASU@DF_VALUATION(2.0),A,USA,P2,C11,CPA08_C31_32,XDC,O,V,T1620,2024,4.27,D,S1,D,F,2,A,6,USD
OECD.SDD.NAD:DSD_NASU@DF_VALUATION(2.0),A,USA,P2,C13T15,CPA08_C31_32,XDC,O,V,T1620,2024,42.74,D,S1,D,F,2,A,6,USD
OECD.SDD.NAD:DSD_NASU@DF_VALUATION(2.0),A,USA,P2,C13,CPA08_C31_32,XDC,O,V,T1620,2024,1.63,D,S1,D,F,2,A,6,USD
OECD.SDD.NAD:DSD_NASU@DF_VALUATION(2.0),A,USA,P2,_T,CPA08_C31_32,XDC,O,V,T1620,2024,62784.13,D,S1,D,F,2,A,6,USD
OECD.SDD.NAD:DSD_NASU@DF_VALUATION(2.0),A,USA,P2,A,CPA08_C31_32,XDC,O,V,T1620,2024,36.66,D,S1,D,F,2,A,6,USD
OECD.SDD.NAD:DSD_NASU@DF_VALUATION(2.0),A,USA,P2,A01,CPA08_C31_32,XDC,O,V,T1620,2024,36.66,D,S1,D,F,2,A,6,USD
OECD.SDD.NAD:DSD_NASU@DF_VALUATION(2.0),A,USA,P2,B,CPA08_C31_32,XDC,O,V,T1620,2024,41.41,D,S1,D,F,2,A,6,USD
OECD.SDD.NAD:DSD_NASU@DF_VALUATION(2.0),A,USA,P2,R92,CPA08_C31_32,XDC,O,V,T1620,2024,6.31,D,S1,D,F,2,A,6,USD
OECD.SDD.NAD:DSD_NASU@DF_VALUATION(2.0),A,USA,P2,R93,CPA08_C31_32,XDC,O,V,T1620,2024,429.63,D,S1,D,F,2,A,6,USD
OECD.SDD.NAD:DSD_NASU@DF_VALUATION(2.0),A,USA,P2,H,CPA08_C30,XDC,O,V,T1620,2024,451.7,D,S1,D,F,2,A,6,USD
OECD.SDD.NAD:DSD_NASU@DF_VALUATION(2.0),A,USA,P2,H49,CPA08_C30,XDC,O,V,T1620,2024,210.76,D,S1,D,F,2,A,6,USD
OECD.SDD.NAD:DSD_NASU@DF_VALUATION(2.0),A,USA,P2,H50,CPA08_C30,XDC,O,V,T1620,2024,46.53,D,S1,D,F,2,A,6,USD
OECD.SDD.NAD:DSD_NASU@DF_VALUATION(2.0),A,USA,P2,H51,CPA08_C30,XDC,O,V,T1620,2024,22.49,D,S1,D,F,2,A,6,USD
OECD.SDD.NAD:DSD_NASU@DF_VALUATION(2.0),A,USA,P2,H52,CPA08_C30,XDC,O,V,T1620,2024,90.9,D,S1,D,F,2,A,6,USD
OECD.SDD.NAD:DSD_NASU@DF_VALUATION(2.0),A,USA,P2,H53,CPA08_C30,XDC,O,V,T1620,2024,81.01,D,S1,D,F,2,A,6,USD
OECD.SDD.NAD:DSD_NASU@DF_VALUATION(2.0),A,USA,P2,J,CPA08_C30,XDC,O,V,T1620,2024,0.97,D,S1,D,F,2,A,6,USD
OECD.SDD.NAD:DSD_NASU@DF_VALUATION(2.0),A,USA,P2,J61,CPA08_C30,XDC,O,V,T1620,2024,0.97,D,S1,D,F,2,A,6,USD
OECD.SDD.NAD:DSD_NASU@DF_VALUATION(2.0),A,USA,P2,M,CPA08_C30,XDC,O,V,T1620,2024,169.08,D,S1,D,F,2,A,6,USD
OECD.SDD.NAD:DSD_NASU@DF_VALUATION(2.0),A,USA,P2,M69_70,CPA08_C30,XDC,O,V,T1620,2024,4.74,D,S1,D,F,2,A,6,USD
OECD.SDD.NAD:DSD_NASU@DF_VALUATION(2.0),A,USA,P2,M70,CPA08_C30,XDC,O,V,T1620,2024,4.74,D,S1,D,F,2,A,6,USD
OECD.SDD.NAD:DSD_NASU@DF_VALUATION(2.0),A,USA,P2,M71,CPA08_C30,XDC,O,V,T1620,2024,2.37,D,S1,D,F,2,A,6,USD
OECD.SDD.NAD:DSD_NASU@DF_VALUATION(2.0),A,USA,P2,M72,CPA08_C30,XDC,O,V,T1620,2024,161.97,D,S1,D,F,2,A,6,USD
OECD.SDD.NAD:DSD_NASU@DF_VALUATION(2.0),A,USA,P2,N,CPA08_C30,XDC,O,V,T1620,2024,8.06,D,S1,D,F,2,A,6,USD
OECD.SDD.NAD:DSD_NASU@DF_VALUATION(2.0),A,USA,P2,N80T82,CPA08_C30,XDC,O,V,T1620,2024,8.06,D,S1,D,F,2,A,6,USD
OECD.SDD.NAD:DSD_NASU@DF_VALUATION(2.0),A,USA,P2,N81,CPA08_C30,XDC,O,V,T1620,2024,8.06,D,S1,D,F,2,A,6,USD
OECD.SDD.NAD:DSD_NASU@DF_VALUATION(2.0),A,USA,P2,O,CPA08_C30,XDC,O,V,T1620,2024,2523.98,D,S1,D,F,2,A,6,USD
OECD.SDD.NAD:DSD_NASU@DF_VALUATION(2.0),A,USA,P2,R,CPA08_C30,XDC,O,V,T1620,2024,21.08,D,S1,D,F,2,A,6,USD
OECD.SDD.NAD:DSD_NASU@DF_VALUATION(2.0),A,USA,P2,R93,CPA08_C30,XDC,O,V,T1620,2024,21.08,D,S1,D,F,2,A,6,USD
OECD.SDD.NAD:DSD_NASU@DF_VALUATION(2.0),A,USA,P51G,_Z,CPA08_C30,XDC,O,V,T1620,2024,9556.25,D,S1,D,F,2,A,6,USD
OECD.SDD.NAD:DSD_NASU@DF_VALUATION(2.0),A,USA,P3,_Z,CPA08_C30,XDC,O,V,T1620,2024,21131.5,D,S1,D,F,2,A,6,USD
OECD.SDD.NAD:DSD_NASU@DF_VALUATION(2.0),A,USA,TU,_Z,CPA08_C30,XDC,O,V,T1620,2024,45235.78,D,S1,D,F,2,A,6,USD
OECD.SDD.NAD:DSD_NASU@DF_VALUATION(2.0),A,USA,P2,B05,CPA08_C30,XDC,O,V,T1620,2024,0.09,D,S1,D,F,2,A,6,USD
OECD.SDD.NAD:DSD_NASU@DF_VALUATION(2.0),A,USA,P2,C,CPA08_C30,XDC,O,V,T1620,2024,4379.41,D,S1,D,F,2,A,6,USD
OECD.SDD.NAD:DSD_NASU@DF_VALUATION(2.0),A,USA,P2,C16,CPA08_C30,XDC,O,V,T1620,2024,2.18,D,S1,D,F,2,A,6,USD
OECD.SDD.NAD:DSD_NASU@DF_VALUATION(2.0),A,USA,P2,C25,CPA08_C30,XDC,O,V,T1620,2024,7.26,D,S1,D,F,2,A,6,USD
OECD.SDD.NAD:DSD_NASU@DF_VALUATION(2.0),A,USA,P2,C29,CPA08_C30,XDC,O,V,T1620,2024,83.52,D,S1,D,F,2,A,6,USD
OECD.SDD.NAD:DSD_NASU@DF_VALUATION(2.0),A,USA,P2,C30,CPA08_C30,XDC,O,V,T1620,2024,4286.45,D,S1,D,F,2,A,6,USD
OECD.SDD.NAD:DSD_NASU@DF_VALUATION(2.0),A,USA,P2,E,CPA08_C30,XDC,O,V,T1620,2024,8.86,D,S1,D,F,2,A,6,USD
OECD.SDD.NAD:DSD_NASU@DF_VALUATION(2.0),A,USA,P2,E37T39,CPA08_C30,XDC,O,V,T1620,2024,8.86,D,S1,D,F,2,A,6,USD
OECD.SDD.NAD:DSD_NASU@DF_VALUATION(2.0),A,USA,P2,E38,CPA08_C30,XDC,O,V,T1620,2024,7.22,D,S1,D,F,2,A,6,USD
OECD.SDD.NAD:DSD_NASU@DF_VALUATION(2.0),A,USA,P2,E39,CPA08_C30,XDC,O,V,T1620,2024,1.64,D,S1,D,F,2,A,6,USD
OECD.SDD.NAD:DSD_NASU@DF_VALUATION(2.0),A,USA,P2,F,CPA08_C30,XDC,O,V,T1620,2024,1.73,D,S1,D,F,2,A,6,USD
OECD.SDD.NAD:DSD_NASU@DF_VALUATION(2.0),A,USA,P2,_T,CPA08_C30,XDC,O,V,T1620,2024,7564.98,D,S1,D,F,2,A,6,USD
OECD.SDD.NAD:DSD_NASU@DF_VALUATION(2.0),A,USA,P2,A,CPA08_C30,XDC,O,V,T1620,2024,0.04,D,S1,D,F,2,A,6,USD
OECD.SDD.NAD:DSD_NASU@DF_VALUATION(2.0),A,USA,P2,A03,CPA08_C30,XDC,O,V,T1620,2024,0.04,D,S1,D,F,2,A,6,USD
OECD.SDD.NAD:DSD_NASU@DF_VALUATION(2.0),A,USA,P2,B,CPA08_C30,XDC,O,V,T1620,2024,0.09,D,S1,D,F,2,A,6,USD
OECD.SDD.NAD:DSD_NASU@DF_VALUATION(2.0),A,USA,P52,_Z,CPA08_C30,XDC,O,V,T1620,2024,216.65,D,S1,D,F,2,A,6,USD
OECD.SDD.NAD:DSD_NASU@DF_VALUATION(2.0),A,USA,P5,_Z,CPA08_C30,XDC,O,V,T1620,2024,9772.9,D,S1,D,F,2,A,6,USD
OECD.SDD.NAD:DSD_NASU@DF_VALUATION(2.0),A,USA,P2,R93,CPA08_C29,XDC,O,V,T1620,2024,85.5,D,S1,D,F,2,A,6,USD
OECD.SDD.NAD:DSD_NASU@DF_VALUATION(2.0),A,USA,P2,S,CPA08_C29,XDC,O,V,T1620,2024,1219.03,D,S1,D,F,2,A,6,USD
OECD.SDD.NAD:DSD_NASU@DF_VALUATION(2.0),A,USA,P2,S94,CPA08_C29,XDC,O,V,T1620,2024,737.97,D,S1,D,F,2,A,6,USD
OECD.SDD.NAD:DSD_NASU@DF_VALUATION(2.0),A,USA,P2,S96,CPA08_C29,XDC,O,V,T1620,2024,481.06,D,S1,D,F,2,A,6,USD
OECD.SDD.NAD:DSD_NASU@DF_VALUATION(2.0),A,USA,P2,M73,CPA08_C27,XDC,O,V,T1620,2024,5.91,D,S1,D,F,2,A,6,USD
OECD.SDD.NAD:DSD_NASU@DF_VALUATION(2.0),A,USA,P2,G46,CPA08_C27,XDC,O,V,T1620,2024,45.24,D,S1,D,F,2,A,6,USD
OECD.SDD.NAD:DSD_NASU@DF_VALUATION(2.0),A,USA,P2,G47,CPA08_C27,XDC,O,V,T1620,2024,337.98,D,S1,D,F,2,A,6,USD
OECD.SDD.NAD:DSD_NASU@DF_VALUATION(2.0),A,USA,P2,H,CPA08_C27,XDC,O,V,T1620,2024,219.06,D,S1,D,F,2,A,6,USD
OECD.SDD.NAD:DSD_NASU@DF_VALUATION(2.0),A,USA,P2,H49,CPA08_C27,XDC,O,V,T1620,2024,164.83,D,S1,D,F,2,A,6,USD
OECD.SDD.NAD:DSD_NASU@DF_VALUATION(2.0),A,USA,P2,H50,CPA08_C27,XDC,O,V,T1620,2024,0.37,D,S1,D,F,2,A,6,USD
OECD.SDD.NAD:DSD_NASU@DF_VALUATION(2.0),A,USA,P2,H51,CPA08_C27,XDC,O,V,T1620,2024,0.76,D,S1,D,F,2,A,6,USD
OECD.SDD.NAD:DSD_NASU@DF_VALUATION(2.0),A,USA,P2,H52,CPA08_C27,XDC,O,V,T1620,2024,52.64,D,S1,D,F,2,A,6,USD
OECD.SDD.NAD:DSD_NASU@DF_VALUATION(2.0),A,USA,P2,I,CPA08_C27,XDC,O,V,T1620,2024,556.34,D,S1,D,F,2,A,6,USD
OECD.SDD.NAD:DSD_NASU@DF_VALUATION(2.0),A,USA,P2,I55,CPA08_C27,XDC,O,V,T1620,2024,290.97,D,S1,D,F,2,A,6,USD
OECD.SDD.NAD:DSD_NASU@DF_VALUATION(2.0),A,USA,P2,I56,CPA08_C27,XDC,O,V,T1620,2024,265.37,D,S1,D,F,2,A,6,USD
OECD.SDD.NAD:DSD_NASU@DF_VALUATION(2.0),A,USA,P2,J,CPA08_C27,XDC,O,V,T1620,2024,2137.58,D,S1,D,F,2,A,6,USD
OECD.SDD.NAD:DSD_NASU@DF_VALUATION(2.0),A,USA,P2,J58,CPA08_C27,XDC,O,V,T1620,2024,2,D,S1,D,F,2,A,6,USD
OECD.SDD.NAD:DSD_NASU@DF_VALUATION(2.0),A,USA,P2,M69_70,CPA08_C31,XDC,O,V,T1620,2024,7.92,D,S1,D,F,2,A,6,USD
OECD.SDD.NAD:DSD_NASU@DF_VALUATION(2.0),A,USA,P2,M69,CPA08_C31,XDC,O,V,T1620,2024,2.13,D,S1,D,F,2,A,6,USD
OECD.SDD.NAD:DSD_NASU@DF_VALUATION(2.0),A,USA,P2,M70,CPA08_C31,XDC,O,V,T1620,2024,5.79,D,S1,D,F,2,A,6,USD
OECD.SDD.NAD:DSD_NASU@DF_VALUATION(2.0),A,USA,P2,C22,CPA08_C31,XDC,O,V,T1620,2024,50.24,D,S1,D,F,2,A,6,USD
OECD.SDD.NAD:DSD_NASU@DF_VALUATION(2.0),A,USA,P2,C23,CPA08_C31,XDC,O,V,T1620,2024,0.08,D,S1,D,F,2,A,6,USD
OECD.SDD.NAD:DSD_NASU@DF_VALUATION(2.0),A,USA,P2,C25,CPA08_C31,XDC,O,V,T1620,2024,0.94,D,S1,D,F,2,A,6,USD
OECD.SDD.NAD:DSD_NASU@DF_VALUATION(2.0),A,USA,P2,C26,CPA08_C31,XDC,O,V,T1620,2024,143.55,D,S1,D,F,2,A,6,USD
OECD.SDD.NAD:DSD_NASU@DF_VALUATION(2.0),A,USA,P2,C27,CPA08_C31,XDC,O,V,T1620,2024,0.49,D,S1,D,F,2,A,6,USD
OECD.SDD.NAD:DSD_NASU@DF_VALUATION(2.0),A,USA,P2,C28,CPA08_C31,XDC,O,V,T1620,2024,36.42,D,S1,D,F,2,A,6,USD
OECD.SDD.NAD:DSD_NASU@DF_VALUATION(2.0),A,USA,P2,C29,CPA08_C31,XDC,O,V,T1620,2024,3.79,D,S1,D,F,2,A,6,USD
OECD.SDD.NAD:DSD_NASU@DF_VALUATION(2.0),A,USA,P2,C30,CPA08_C31,XDC,O,V,T1620,2024,3.43,D,S1,D,F,2,A,6,USD
OECD.SDD.NAD:DSD_NASU@DF_VALUATION(2.0),A,USA,P2,C31_32,CPA08_C31,XDC,O,V,T1620,2024,931.55,D,S1,D,F,2,A,6,USD
OECD.SDD.NAD:DSD_NASU@DF_VALUATION(2.0),A,USA,P2,C31,CPA08_C31,XDC,O,V,T1620,2024,864.97,D,S1,D,F,2,A,6,USD
OECD.SDD.NAD:DSD_NASU@DF_VALUATION(2.0),A,USA,P2,C32,CPA08_C31,XDC,O,V,T1620,2024,66.58,D,S1,D,F,2,A,6,USD
OECD.SDD.NAD:DSD_NASU@DF_VALUATION(2.0),A,USA,P2,_T,CPA08_C31,XDC,O,V,T1620,2024,21348.43,D,S1,D,F,2,A,6,USD
OECD.SDD.NAD:DSD_NASU@DF_VALUATION(2.0),A,USA,P2,C,CPA08_C31,XDC,O,V,T1620,2024,1235.52,D,S1,D,F,2,A,6,USD
OECD.SDD.NAD:DSD_NASU@DF_VALUATION(2.0),A,USA,P2,C16,CPA08_C31,XDC,O,V,T1620,2024,64.98,D,S1,D,F,2,A,6,USD
OECD.SDD.NAD:DSD_NASU@DF_VALUATION(2.0),A,USA,P2,C17,CPA08_C31,XDC,O,V,T1620,2024,0.05,D,S1,D,F,2,A,6,USD
OECD.SDD.NAD:DSD_NASU@DF_VALUATION(2.0),A,USA,P2,M72,CPA08_C31,XDC,O,V,T1620,2024,30.4,D,S1,D,F,2,A,6,USD
OECD.SDD.NAD:DSD_NASU@DF_VALUATION(2.0),A,USA,P2,M74_75,CPA08_C31,XDC,O,V,T1620,2024,135.77,D,S1,D,F,2,A,6,USD
OECD.SDD.NAD:DSD_NASU@DF_VALUATION(2.0),A,USA,P2,S94,CPA08_C31_32,XDC,O,V,T1620,2024,444.37,D,S1,D,F,2,A,6,USD
OECD.SDD.NAD:DSD_NASU@DF_VALUATION(2.0),A,USA,P2,S95,CPA08_C31_32,XDC,O,V,T1620,2024,207.34,D,S1,D,F,2,A,6,USD
OECD.SDD.NAD:DSD_NASU@DF_VALUATION(2.0),A,USA,P2,S96,CPA08_C31_32,XDC,O,V,T1620,2024,1420.59,D,S1,D,F,2,A,6,USD
OECD.SDD.NAD:DSD_NASU@DF_VALUATION(2.0),A,USA,TU,_Z,CPA08_C31_32,XDC,O,V,T1620,2024,418818.75,D,S1,D,F,2,A,6,USD
OECD.SDD.NAD:DSD_NASU@DF_VALUATION(2.0),A,USA,P52,_Z,CPA08_C31_32,XDC,O,V,T1620,2024,426.93,D,S1,D,F,2,A,6,USD
OECD.SDD.NAD:DSD_NASU@DF_VALUATION(2.0),A,USA,P3,_Z,CPA08_C31_32,XDC,O,V,T1620,2024,297721.45,D,S1,D,F,2,A,6,USD
OECD.SDD.NAD:DSD_NASU@DF_VALUATION(2.0),A,USA,P5,_Z,CPA08_C31_32,XDC,O,V,T1620,2024,38198.88,D,S1,D,F,2,A,6,USD
OECD.SDD.NAD:DSD_NASU@DF_VALUATION(2.0),A,USA,P51G,_Z,CPA08_C31_32,XDC,O,V,T1620,2024,37771.95,D,S1,D,F,2,A,6,USD
OECD.SDD.NAD:DSD_NASU@DF_VALUATION(2.0),A,USA,P2,G45,CPA08_C31_32,XDC,O,V,T1620,2024,222.68,D,S1,D,F,2,A,6,USD
OECD.SDD.NAD:DSD_NASU@DF_VALUATION(2.0),A,USA,P2,M70,CPA08_C31_32,XDC,O,V,T1620,2024,22.03,D,S1,D,F,2,A,6,USD
OECD.SDD.NAD:DSD_NASU@DF_VALUATION(2.0),A,USA,P2,Q86,CPA08_C31_32,XDC,O,V,T1620,2024,25434.54,D,S1,D,F,2,A,6,USD
OECD.SDD.NAD:DSD_NASU@DF_VALUATION(2.0),A,USA,P2,F42,CPA08_C31_32,XDC,O,V,T1620,2024,178.42,D,S1,D,F,2,A,6,USD
OECD.SDD.NAD:DSD_NASU@DF_VALUATION(2.0),A,USA,P2,G,CPA08_C31_32,XDC,O,V,T1620,2024,1785.41,D,S1,D,F,2,A,6,USD
OECD.SDD.NAD:DSD_NASU@DF_VALUATION(2.0),A,USA,P2,G46,CPA08_C31_32,XDC,O,V,T1620,2024,602.24,D,S1,D,F,2,A,6,USD
OECD.SDD.NAD:DSD_NASU@DF_VALUATION(2.0),A,USA,P2,G47,CPA08_C31_32,XDC,O,V,T1620,2024,960.48,D,S1,D,F,2,A,6,USD
OECD.SDD.NAD:DSD_NASU@DF_VALUATION(2.0),A,USA,P2,H,CPA08_C31_32,XDC,O,V,T1620,2024,94.42,D,S1,D,F,2,A,6,USD
OECD.SDD.NAD:DSD_NASU@DF_VALUATION(2.0),A,USA,P2,H49,CPA08_C31_32,XDC,O,V,T1620,2024,11.87,D,S1,D,F,2,A,6,USD
OECD.SDD.NAD:DSD_NASU@DF_VALUATION(2.0),A,USA,P2,H50,CPA08_C31_32,XDC,O,V,T1620,2024,0.09,D,S1,D,F,2,A,6,USD
OECD.SDD.NAD:DSD_NASU@DF_VALUATION(2.0),A,USA,P2,H51,CPA08_C31_32,XDC,O,V,T1620,2024,0.05,D,S1,D,F,2,A,6,USD
OECD.SDD.NAD:DSD_NASU@DF_VALUATION(2.0),A,USA,P2,H52,CPA08_C31_32,XDC,O,V,T1620,2024,59.73,D,S1,D,F,2,A,6,USD
OECD.SDD.NAD:DSD_NASU@DF_VALUATION(2.0),A,USA,P2,H53,CPA08_C31_32,XDC,O,V,T1620,2024,22.68,D,S1,D,F,2,A,6,USD
OECD.SDD.NAD:DSD_NASU@DF_VALUATION(2.0),A,USA,P2,I,CPA08_C31_32,XDC,O,V,T1620,2024,632.37,D,S1,D,F,2,A,6,USD
OECD.SDD.NAD:DSD_NASU@DF_VALUATION(2.0),A,USA,P2,I55,CPA08_C31_32,XDC,O,V,T1620,2024,16.91,D,S1,D,F,2,A,6,USD
OECD.SDD.NAD:DSD_NASU@DF_VALUATION(2.0),A,USA,P2,I56,CPA08_C31_32,XDC,O,V,T1620,2024,615.46,D,S1,D,F,2,A,6,USD
OECD.SDD.NAD:DSD_NASU@DF_VALUATION(2.0),A,USA,P2,J,CPA08_C31_32,XDC,O,V,T1620,2024,159.94,D,S1,D,F,2,A,6,USD
OECD.SDD.NAD:DSD_NASU@DF_VALUATION(2.0),A,USA,P2,J58,CPA08_C31_32,XDC,O,V,T1620,2024,1.95,D,S1,D,F,2,A,6,USD
OECD.SDD.NAD:DSD_NASU@DF_VALUATION(2.0),A,USA,P2,J59_60,CPA08_C31_32,XDC,O,V,T1620,2024,1.08,D,S1,D,F,2,A,6,USD
OECD.SDD.NAD:DSD_NASU@DF_VALUATION(2.0),A,USA,P2,J59,CPA08_C31_32,XDC,O,V,T1620,2024,1.08,D,S1,D,F,2,A,6,USD
OECD.SDD.NAD:DSD_NASU@DF_VALUATION(2.0),A,USA,P2,J61,CPA08_C31_32,XDC,O,V,T1620,2024,46.77,D,S1,D,F,2,A,6,USD
OECD.SDD.NAD:DSD_NASU@DF_VALUATION(2.0),A,USA,P2,J62_63,CPA08_C31_32,XDC,O,V,T1620,2024,110.15,D,S1,D,F,2,A,6,USD
OECD.SDD.NAD:DSD_NASU@DF_VALUATION(2.0),A,USA,P2,J62,CPA08_C31_32,XDC,O,V,T1620,2024,8.86,D,S1,D,F,2,A,6,USD
OECD.SDD.NAD:DSD_NASU@DF_VALUATION(2.0),A,USA,P2,J63,CPA08_C31_32,XDC,O,V,T1620,2024,101.29,D,S1,D,F,2,A,6,USD
OECD.SDD.NAD:DSD_NASU@DF_VALUATION(2.0),A,USA,P2,K,CPA08_C31_32,XDC,O,V,T1620,2024,54.76,D,S1,D,F,2,A,6,USD
OECD.SDD.NAD:DSD_NASU@DF_VALUATION(2.0),A,USA,P2,C13,CPA08_C28,XDC,O,V,T1620,2024,8.3,D,S1,D,F,2,A,6,USD
OECD.SDD.NAD:DSD_NASU@DF_VALUATION(2.0),A,USA,P2,C14,CPA08_C28,XDC,O,V,T1620,2024,0.78,D,S1,D,F,2,A,6,USD
OECD.SDD.NAD:DSD_NASU@DF_VALUATION(2.0),A,USA,P2,C21,CPA08_C28,XDC,O,V,T1620,2024,0.39,D,S1,D,F,2,A,6,USD
OECD.SDD.NAD:DSD_NASU@DF_VALUATION(2.0),A,USA,P2,E39,CPA08_C28,XDC,O,V,T1620,2024,261.37,D,S1,D,F,2,A,6,USD
OECD.SDD.NAD:DSD_NASU@DF_VALUATION(2.0),A,USA,P2,J62,CPA08_C28,XDC,O,V,T1620,2024,715.57,D,S1,D,F,2,A,6,USD
OECD.SDD.NAD:DSD_NASU@DF_VALUATION(2.0),A,USA,P2,N77,CPA08_C28,XDC,O,V,T1620,2024,725.53,D,S1,D,F,2,A,6,USD
OECD.SDD.NAD:DSD_NASU@DF_VALUATION(2.0),A,USA,P2,F42,CPA08_C28,XDC,O,V,T1620,2024,2604.93,D,S1,D,F,2,A,6,USD
OECD.SDD.NAD:DSD_NASU@DF_VALUATION(2.0),A,USA,P2,G,CPA08_C28,XDC,O,V,T1620,2024,1221.51,D,S1,D,F,2,A,6,USD
OECD.SDD.NAD:DSD_NASU@DF_VALUATION(2.0),A,USA,P2,G45,CPA08_C28,XDC,O,V,T1620,2024,393.66,D,S1,D,F,2,A,6,USD
OECD.SDD.NAD:DSD_NASU@DF_VALUATION(2.0),A,USA,P2,G46,CPA08_C28,XDC,O,V,T1620,2024,591.56,D,S1,D,F,2,A,6,USD
OECD.SDD.NAD:DSD_NASU@DF_VALUATION(2.0),A,USA,P2,G47,CPA08_C28,XDC,O,V,T1620,2024,236.29,D,S1,D,F,2,A,6,USD
OECD.SDD.NAD:DSD_NASU@DF_VALUATION(2.0),A,USA,P2,H,CPA08_C28,XDC,O,V,T1620,2024,1342.97,D,S1,D,F,2,A,6,USD
OECD.SDD.NAD:DSD_NASU@DF_VALUATION(2.0),A,USA,P2,H49,CPA08_C28,XDC,O,V,T1620,2024,256.46,D,S1,D,F,2,A,6,USD
OECD.SDD.NAD:DSD_NASU@DF_VALUATION(2.0),A,USA,P2,H50,CPA08_C28,XDC,O,V,T1620,2024,10.46,D,S1,D,F,2,A,6,USD
OECD.SDD.NAD:DSD_NASU@DF_VALUATION(2.0),A,USA,P2,H51,CPA08_C28,XDC,O,V,T1620,2024,8.74,D,S1,D,F,2,A,6,USD
OECD.SDD.NAD:DSD_NASU@DF_VALUATION(2.0),A,USA,P2,H52,CPA08_C28,XDC,O,V,T1620,2024,1052.46,D,S1,D,F,2,A,6,USD
OECD.SDD.NAD:DSD_NASU@DF_VALUATION(2.0),A,USA,P2,H53,CPA08_C28,XDC,O,V,T1620,2024,14.85,D,S1,D,F,2,A,6,USD
OECD.SDD.NAD:DSD_NASU@DF_VALUATION(2.0),A,USA,P2,I,CPA08_C28,XDC,O,V,T1620,2024,468.5,D,S1,D,F,2,A,6,USD
OECD.SDD.NAD:DSD_NASU@DF_VALUATION(2.0),A,USA,P2,I55,CPA08_C28,XDC,O,V,T1620,2024,35.11,D,S1,D,F,2,A,6,USD
OECD.SDD.NAD:DSD_NASU@DF_VALUATION(2.0),A,USA,P2,I56,CPA08_C28,XDC,O,V,T1620,2024,433.39,D,S1,D,F,2,A,6,USD
OECD.SDD.NAD:DSD_NASU@DF_VALUATION(2.0),A,USA,P2,J,CPA08_C28,XDC,O,V,T1620,2024,1974.63,D,S1,D,F,2,A,6,USD
OECD.SDD.NAD:DSD_NASU@DF_VALUATION(2.0),A,USA,P2,J58,CPA08_C28,XDC,O,V,T1620,2024,14.96,D,S1,D,F,2,A,6,USD
OECD.SDD.NAD:DSD_NASU@DF_VALUATION(2.0),A,USA,P2,J59_60,CPA08_C28,XDC,O,V,T1620,2024,264.74,D,S1,D,F,2,A,6,USD
OECD.SDD.NAD:DSD_NASU@DF_VALUATION(2.0),A,USA,P2,J59,CPA08_C28,XDC,O,V,T1620,2024,4.97,D,S1,D,F,2,A,6,USD
OECD.SDD.NAD:DSD_NASU@DF_VALUATION(2.0),A,USA,P2,J60,CPA08_C28,XDC,O,V,T1620,2024,259.76,D,S1,D,F,2,A,6,USD
OECD.SDD.NAD:DSD_NASU@DF_VALUATION(2.0),A,USA,P2,J61,CPA08_C28,XDC,O,V,T1620,2024,471.8,D,S1,D,F,2,A,6,USD
OECD.SDD.NAD:DSD_NASU@DF_VALUATION(2.0),A,USA,P2,J62_63,CPA08_C28,XDC,O,V,T1620,2024,1223.13,D,S1,D,F,2,A,6,USD
OECD.SDD.NAD:DSD_NASU@DF_VALUATION(2.0),A,USA,P2,J63,CPA08_C28,XDC,O,V,T1620,2024,507.56,D,S1,D,F,2,A,6,USD
OECD.SDD.NAD:DSD_NASU@DF_VALUATION(2.0),A,USA,P2,K,CPA08_C28,XDC,O,V,T1620,2024,91.16,D,S1,D,F,2,A,6,USD
OECD.SDD.NAD:DSD_NASU@DF_VALUATION(2.0),A,USA,P2,K64,CPA08_C28,XDC,O,V,T1620,2024,2.81,D,S1,D,F,2,A,6,USD
OECD.SDD.NAD:DSD_NASU@DF_VALUATION(2.0),A,USA,P2,K65,CPA08_C28,XDC,O,V,T1620,2024,88.34,D,S1,D,F,2,A,6,USD
OECD.SDD.NAD:DSD_NASU@DF_VALUATION(2.0),A,USA,P2,L,CPA08_C28,XDC,O,V,T1620,2024,153.3,D,S1,D,F,2,A,6,USD
OECD.SDD.NAD:DSD_NASU@DF_VALUATION(2.0),A,USA,P2,L68A,CPA08_C28,XDC,O,V,T1620,2024,39.25,D,S1,D,F,2,A,6,USD
OECD.SDD.NAD:DSD_NASU@DF_VALUATION(2.0),A,USA,P2,L68B,CPA08_C28,XDC,O,V,T1620,2024,114.05,D,S1,D,F,2,A,6,USD
OECD.SDD.NAD:DSD_NASU@DF_VALUATION(2.0),A,USA,P2,M,CPA08_C28,XDC,O,V,T1620,2024,994.44,D,S1,D,F,2,A,6,USD
OECD.SDD.NAD:DSD_NASU@DF_VALUATION(2.0),A,USA,P2,M69_70,CPA08_C28,XDC,O,V,T1620,2024,225.82,D,S1,D,F,2,A,6,USD
OECD.SDD.NAD:DSD_NASU@DF_VALUATION(2.0),A,USA,P2,R90T92,CPA08_C32,XDC,O,V,T1620,2024,147.55,D,S1,D,F,2,A,6,USD
OECD.SDD.NAD:DSD_NASU@DF_VALUATION(2.0),A,USA,P2,R90,CPA08_C32,XDC,O,V,T1620,2024,101.16,D,S1,D,F,2,A,6,USD
OECD.SDD.NAD:DSD_NASU@DF_VALUATION(2.0),A,USA,P2,R91,CPA08_C32,XDC,O,V,T1620,2024,40.38,D,S1,D,F,2,A,6,USD
OECD.SDD.NAD:DSD_NASU@DF_VALUATION(2.0),A,USA,P2,C15,CPA08_C32,XDC,O,V,T1620,2024,1.99,D,S1,D,F,2,A,6,USD
OECD.SDD.NAD:DSD_NASU@DF_VALUATION(2.0),A,USA,P2,C16,CPA08_C32,XDC,O,V,T1620,2024,9.71,D,S1,D,F,2,A,6,USD
OECD.SDD.NAD:DSD_NASU@DF_VALUATION(2.0),A,USA,P2,C17,CPA08_C32,XDC,O,V,T1620,2024,0.07,D,S1,D,F,2,A,6,USD
OECD.SDD.NAD:DSD_NASU@DF_VALUATION(2.0),A,USA,P2,C18,CPA08_C32,XDC,O,V,T1620,2024,1.61,D,S1,D,F,2,A,6,USD
OECD.SDD.NAD:DSD_NASU@DF_VALUATION(2.0),A,USA,P2,C20,CPA08_C32,XDC,O,V,T1620,2024,140.35,D,S1,D,F,2,A,6,USD
OECD.SDD.NAD:DSD_NASU@DF_VALUATION(2.0),A,USA,P2,C22,CPA08_C32,XDC,O,V,T1620,2024,77.26,D,S1,D,F,2,A,6,USD
OECD.SDD.NAD:DSD_NASU@DF_VALUATION(2.0),A,USA,P2,C23,CPA08_C32,XDC,O,V,T1620,2024,26.47,D,S1,D,F,2,A,6,USD
OECD.SDD.NAD:DSD_NASU@DF_VALUATION(2.0),A,USA,P2,C24,CPA08_C32,XDC,O,V,T1620,2024,33.28,D,S1,D,F,2,A,6,USD
OECD.SDD.NAD:DSD_NASU@DF_VALUATION(2.0),A,USA,P2,C25,CPA08_C32,XDC,O,V,T1620,2024,12.79,D,S1,D,F,2,A,6,USD
OECD.SDD.NAD:DSD_NASU@DF_VALUATION(2.0),A,USA,P2,C26,CPA08_C32,XDC,O,V,T1620,2024,14.65,D,S1,D,F,2,A,6,USD
OECD.SDD.NAD:DSD_NASU@DF_VALUATION(2.0),A,USA,P2,C27,CPA08_C32,XDC,O,V,T1620,2024,219.83,D,S1,D,F,2,A,6,USD
OECD.SDD.NAD:DSD_NASU@DF_VALUATION(2.0),A,USA,P2,C28,CPA08_C32,XDC,O,V,T1620,2024,753.26,D,S1,D,F,2,A,6,USD
OECD.SDD.NAD:DSD_NASU@DF_VALUATION(2.0),A,USA,P2,C29,CPA08_C32,XDC,O,V,T1620,2024,995.28,D,S1,D,F,2,A,6,USD
OECD.SDD.NAD:DSD_NASU@DF_VALUATION(2.0),A,USA,P2,C30,CPA08_C32,XDC,O,V,T1620,2024,4.14,D,S1,D,F,2,A,6,USD
OECD.SDD.NAD:DSD_NASU@DF_VALUATION(2.0),A,USA,P2,C31_32,CPA08_C32,XDC,O,V,T1620,2024,1884.25,D,S1,D,F,2,A,6,USD
OECD.SDD.NAD:DSD_NASU@DF_VALUATION(2.0),A,USA,P2,C31,CPA08_C32,XDC,O,V,T1620,2024,0.89,D,S1,D,F,2,A,6,USD
OECD.SDD.NAD:DSD_NASU@DF_VALUATION(2.0),A,USA,P2,C32,CPA08_C32,XDC,O,V,T1620,2024,1883.35,D,S1,D,F,2,A,6,USD
OECD.SDD.NAD:DSD_NASU@DF_VALUATION(2.0),A,USA,P2,C33,CPA08_C32,XDC,O,V,T1620,2024,25.53,D,S1,D,F,2,A,6,USD
OECD.SDD.NAD:DSD_NASU@DF_VALUATION(2.0),A,USA,P2,E,CPA08_C32,XDC,O,V,T1620,2024,169.76,D,S1,D,F,2,A,6,USD
OECD.SDD.NAD:DSD_NASU@DF_VALUATION(2.0),A,USA,P2,E37T39,CPA08_C32,XDC,O,V,T1620,2024,169.76,D,S1,D,F,2,A,6,USD
OECD.SDD.NAD:DSD_NASU@DF_VALUATION(2.0),A,USA,P2,E38,CPA08_C32,XDC,O,V,T1620,2024,134.91,D,S1,D,F,2,A,6,USD
OECD.SDD.NAD:DSD_NASU@DF_VALUATION(2.0),A,USA,P2,E39,CPA08_C32,XDC,O,V,T1620,2024,34.85,D,S1,D,F,2,A,6,USD
OECD.SDD.NAD:DSD_NASU@DF_VALUATION(2.0),A,USA,P2,F,CPA08_C32,XDC,O,V,T1620,2024,274.36,D,S1,D,F,2,A,6,USD
OECD.SDD.NAD:DSD_NASU@DF_VALUATION(2.0),A,USA,P2,F41,CPA08_C32,XDC,O,V,T1620,2024,244.87,D,S1,D,F,2,A,6,USD
OECD.SDD.NAD:DSD_NASU@DF_VALUATION(2.0),A,USA,P2,F42,CPA08_C32,XDC,O,V,T1620,2024,29.49,D,S1,D,F,2,A,6,USD
OECD.SDD.NAD:DSD_NASU@DF_VALUATION(2.0),A,USA,P2,B05,CPA08_C32,XDC,O,V,T1620,2024,3.29,D,S1,D,F,2,A,6,USD
OECD.SDD.NAD:DSD_NASU@DF_VALUATION(2.0),A,USA,P2,B06,CPA08_C32,XDC,O,V,T1620,2024,22.75,D,S1,D,F,2,A,6,USD
OECD.SDD.NAD:DSD_NASU@DF_VALUATION(2.0),A,USA,P51G,_Z,CPA08_C29,XDC,O,V,T1620,2024,90668.05,D,S1,D,F,2,A,6,USD
OECD.SDD.NAD:DSD_NASU@DF_VALUATION(2.0),A,USA,P3,_Z,CPA08_C29,XDC,O,V,T1620,2024,210072.63,D,S1,D,F,2,A,6,USD
OECD.SDD.NAD:DSD_NASU@DF_VALUATION(2.0),A,USA,TU,_Z,CPA08_C29,XDC,O,V,T1620,2024,421274.61,D,S1,D,F,2,A,6,USD
OECD.SDD.NAD:DSD_NASU@DF_VALUATION(2.0),A,USA,P5,_Z,CPA08_C29,XDC,O,V,T1620,2024,93287.59,D,S1,D,F,2,A,6,USD
OECD.SDD.NAD:DSD_NASU@DF_VALUATION(2.0),A,USA,P52,_Z,CPA08_C29,XDC,O,V,T1620,2024,2619.54,D,S1,D,F,2,A,6,USD
OECD.SDD.NAD:DSD_NASU@DF_VALUATION(2.0),A,USA,P2,C18,CPA08_C29,XDC,O,V,T1620,2024,86.96,D,S1,D,F,2,A,6,USD
OECD.SDD.NAD:DSD_NASU@DF_VALUATION(2.0),A,USA,P2,E37T39,CPA08_C29,XDC,O,V,T1620,2024,456.6,D,S1,D,F,2,A,6,USD
OECD.SDD.NAD:DSD_NASU@DF_VALUATION(2.0),A,USA,P2,F41,CPA08_C29,XDC,O,V,T1620,2024,1008.65,D,S1,D,F,2,A,6,USD
OECD.SDD.NAD:DSD_NASU@DF_VALUATION(2.0),A,USA,P2,H52,CPA08_C29,XDC,O,V,T1620,2024,370.98,D,S1,D,F,2,A,6,USD
OECD.SDD.NAD:DSD_NASU@DF_VALUATION(2.0),A,USA,P2,N81,CPA08_C29,XDC,O,V,T1620,2024,6838.73,D,S1,D,F,2,A,6,USD
OECD.SDD.NAD:DSD_NASU@DF_VALUATION(2.0),A,USA,P2,E38,CPA08_C29,XDC,O,V,T1620,2024,244.7,D,S1,D,F,2,A,6,USD
OECD.SDD.NAD:DSD_NASU@DF_VALUATION(2.0),A,USA,P2,E39,CPA08_C29,XDC,O,V,T1620,2024,211.81,D,S1,D,F,2,A,6,USD
OECD.SDD.NAD:DSD_NASU@DF_VALUATION(2.0),A,USA,P2,F,CPA08_C29,XDC,O,V,T1620,2024,1637.03,D,S1,D,F,2,A,6,USD
OECD.SDD.NAD:DSD_NASU@DF_VALUATION(2.0),A,USA,P2,F42,CPA08_C29,XDC,O,V,T1620,2024,628.38,D,S1,D,F,2,A,6,USD
OECD.SDD.NAD:DSD_NASU@DF_VALUATION(2.0),A,USA,P2,G,CPA08_C29,XDC,O,V,T1620,2024,16443.45,D,S1,D,F,2,A,6,USD
OECD.SDD.NAD:DSD_NASU@DF_VALUATION(2.0),A,USA,P2,G45,CPA08_C29,XDC,O,V,T1620,2024,10223.38,D,S1,D,F,2,A,6,USD
OECD.SDD.NAD:DSD_NASU@DF_VALUATION(2.0),A,USA,P2,G46,CPA08_C29,XDC,O,V,T1620,2024,1836.7,D,S1,D,F,2,A,6,USD
OECD.SDD.NAD:DSD_NASU@DF_VALUATION(2.0),A,USA,P2,G47,CPA08_C29,XDC,O,V,T1620,2024,4383.37,D,S1,D,F,2,A,6,USD
OECD.SDD.NAD:DSD_NASU@DF_VALUATION(2.0),A,USA,P2,H,CPA08_C29,XDC,O,V,T1620,2024,4518.08,D,S1,D,F,2,A,6,USD
OECD.SDD.NAD:DSD_NASU@DF_VALUATION(2.0),A,USA,P2,H49,CPA08_C29,XDC,O,V,T1620,2024,3507.15,D,S1,D,F,2,A,6,USD
OECD.SDD.NAD:DSD_NASU@DF_VALUATION(2.0),A,USA,P2,H50,CPA08_C29,XDC,O,V,T1620,2024,17.97,D,S1,D,F,2,A,6,USD
OECD.SDD.NAD:DSD_NASU@DF_VALUATION(2.0),A,USA,P2,H51,CPA08_C29,XDC,O,V,T1620,2024,1.88,D,S1,D,F,2,A,6,USD
OECD.SDD.NAD:DSD_NASU@DF_VALUATION(2.0),A,USA,P2,H53,CPA08_C29,XDC,O,V,T1620,2024,620.1,D,S1,D,F,2,A,6,USD
OECD.SDD.NAD:DSD_NASU@DF_VALUATION(2.0),A,USA,P2,I,CPA08_C29,XDC,O,V,T1620,2024,579.88,D,S1,D,F,2,A,6,USD
OECD.SDD.NAD:DSD_NASU@DF_VALUATION(2.0),A,USA,P2,I55,CPA08_C29,XDC,O,V,T1620,2024,89.69,D,S1,D,F,2,A,6,USD
OECD.SDD.NAD:DSD_NASU@DF_VALUATION(2.0),A,USA,P2,I56,CPA08_C29,XDC,O,V,T1620,2024,490.18,D,S1,D,F,2,A,6,USD
OECD.SDD.NAD:DSD_NASU@DF_VALUATION(2.0),A,USA,P2,J,CPA08_C29,XDC,O,V,T1620,2024,662.54,D,S1,D,F,2,A,6,USD
OECD.SDD.NAD:DSD_NASU@DF_VALUATION(2.0),A,USA,P2,J58,CPA08_C29,XDC,O,V,T1620,2024,110.18,D,S1,D,F,2,A,6,USD
OECD.SDD.NAD:DSD_NASU@DF_VALUATION(2.0),A,USA,P2,J59_60,CPA08_C29,XDC,O,V,T1620,2024,201.26,D,S1,D,F,2,A,6,USD
OECD.SDD.NAD:DSD_NASU@DF_VALUATION(2.0),A,USA,P2,J59,CPA08_C29,XDC,O,V,T1620,2024,47.2,D,S1,D,F,2,A,6,USD
OECD.SDD.NAD:DSD_NASU@DF_VALUATION(2.0),A,USA,P2,J60,CPA08_C29,XDC,O,V,T1620,2024,154.06,D,S1,D,F,2,A,6,USD
OECD.SDD.NAD:DSD_NASU@DF_VALUATION(2.0),A,USA,P2,J61,CPA08_C29,XDC,O,V,T1620,2024,110.53,D,S1,D,F,2,A,6,USD
OECD.SDD.NAD:DSD_NASU@DF_VALUATION(2.0),A,USA,P2,J62_63,CPA08_C29,XDC,O,V,T1620,2024,240.57,D,S1,D,F,2,A,6,USD
OECD.SDD.NAD:DSD_NASU@DF_VALUATION(2.0),A,USA,P2,J62,CPA08_C29,XDC,O,V,T1620,2024,59.94,D,S1,D,F,2,A,6,USD
OECD.SDD.NAD:DSD_NASU@DF_VALUATION(2.0),A,USA,P2,J63,CPA08_C29,XDC,O,V,T1620,2024,180.63,D,S1,D,F,2,A,6,USD
OECD.SDD.NAD:DSD_NASU@DF_VALUATION(2.0),A,USA,P2,K,CPA08_C29,XDC,O,V,T1620,2024,85.16,D,S1,D,F,2,A,6,USD
OECD.SDD.NAD:DSD_NASU@DF_VALUATION(2.0),A,USA,P2,K64,CPA08_C29,XDC,O,V,T1620,2024,85.16,D,S1,D,F,2,A,6,USD
OECD.SDD.NAD:DSD_NASU@DF_VALUATION(2.0),A,USA,P2,M,CPA08_C29,XDC,O,V,T1620,2024,1581.44,D,S1,D,F,2,A,6,USD
OECD.SDD.NAD:DSD_NASU@DF_VALUATION(2.0),A,USA,P2,M69_70,CPA08_C29,XDC,O,V,T1620,2024,451.32,D,S1,D,F,2,A,6,USD
OECD.SDD.NAD:DSD_NASU@DF_VALUATION(2.0),A,USA,P2,M69,CPA08_C29,XDC,O,V,T1620,2024,0.63,D,S1,D,F,2,A,6,USD
OECD.SDD.NAD:DSD_NASU@DF_VALUATION(2.0),A,USA,P2,M70,CPA08_C29,XDC,O,V,T1620,2024,450.69,D,S1,D,F,2,A,6,USD
OECD.SDD.NAD:DSD_NASU@DF_VALUATION(2.0),A,USA,P2,M71,CPA08_C29,XDC,O,V,T1620,2024,151.11,D,S1,D,F,2,A,6,USD
OECD.SDD.NAD:DSD_NASU@DF_VALUATION(2.0),A,USA,P2,M72,CPA08_C29,XDC,O,V,T1620,2024,406.46,D,S1,D,F,2,A,6,USD
OECD.SDD.NAD:DSD_NASU@DF_VALUATION(2.0),A,USA,P2,M73,CPA08_C29,XDC,O,V,T1620,2024,511.81,D,S1,D,F,2,A,6,USD
OECD.SDD.NAD:DSD_NASU@DF_VALUATION(2.0),A,USA,P2,M74_75,CPA08_C29,XDC,O,V,T1620,2024,60.74,D,S1,D,F,2,A,6,USD
OECD.SDD.NAD:DSD_NASU@DF_VALUATION(2.0),A,USA,P2,M74,CPA08_C29,XDC,O,V,T1620,2024,59.95,D,S1,D,F,2,A,6,USD
OECD.SDD.NAD:DSD_NASU@DF_VALUATION(2.0),A,USA,P2,M75,CPA08_C29,XDC,O,V,T1620,2024,0.79,D,S1,D,F,2,A,6,USD
OECD.SDD.NAD:DSD_NASU@DF_VALUATION(2.0),A,USA,P2,I55,CPA08_C31,XDC,O,V,T1620,2024,0.44,D,S1,D,F,2,A,6,USD
OECD.SDD.NAD:DSD_NASU@DF_VALUATION(2.0),A,USA,P2,I56,CPA08_C31,XDC,O,V,T1620,2024,70.67,D,S1,D,F,2,A,6,USD
OECD.SDD.NAD:DSD_NASU@DF_VALUATION(2.0),A,USA,P2,J,CPA08_C31,XDC,O,V,T1620,2024,86.55,D,S1,D,F,2,A,6,USD
OECD.SDD.NAD:DSD_NASU@DF_VALUATION(2.0),A,USA,P2,J58,CPA08_C31,XDC,O,V,T1620,2024,0.3,D,S1,D,F,2,A,6,USD
OECD.SDD.NAD:DSD_NASU@DF_VALUATION(2.0),A,USA,P2,J61,CPA08_C31,XDC,O,V,T1620,2024,15.42,D,S1,D,F,2,A,6,USD
OECD.SDD.NAD:DSD_NASU@DF_VALUATION(2.0),A,USA,P2,J62_63,CPA08_C31,XDC,O,V,T1620,2024,70.83,D,S1,D,F,2,A,6,USD
OECD.SDD.NAD:DSD_NASU@DF_VALUATION(2.0),A,USA,P2,J62,CPA08_C31,XDC,O,V,T1620,2024,0.83,D,S1,D,F,2,A,6,USD
OECD.SDD.NAD:DSD_NASU@DF_VALUATION(2.0),A,USA,P2,J63,CPA08_C31,XDC,O,V,T1620,2024,70,D,S1,D,F,2,A,6,USD
OECD.SDD.NAD:DSD_NASU@DF_VALUATION(2.0),A,USA,P2,L,CPA08_C31,XDC,O,V,T1620,2024,5188.34,D,S1,D,F,2,A,6,USD
OECD.SDD.NAD:DSD_NASU@DF_VALUATION(2.0),A,USA,P2,L68A,CPA08_C31,XDC,O,V,T1620,2024,5170.14,D,S1,D,F,2,A,6,USD
OECD.SDD.NAD:DSD_NASU@DF_VALUATION(2.0),A,USA,P2,L68B,CPA08_C31,XDC,O,V,T1620,2024,18.2,D,S1,D,F,2,A,6,USD
OECD.SDD.NAD:DSD_NASU@DF_VALUATION(2.0),A,USA,P2,M,CPA08_C31,XDC,O,V,T1620,2024,174.09,D,S1,D,F,2,A,6,USD
OECD.SDD.NAD:DSD_NASU@DF_VALUATION(2.0),A,USA,P2,C22,CPA08_G,XDC,O,V,T1620,2024,-19749.07,D,S1,D,F,2,A,6,USD
OECD.SDD.NAD:DSD_NASU@DF_VALUATION(2.0),A,USA,P2,C23,CPA08_G,XDC,O,V,T1620,2024,-9198.98,D,S1,D,F,2,A,6,USD
OECD.SDD.NAD:DSD_NASU@DF_VALUATION(2.0),A,USA,P2,C24,CPA08_G,XDC,O,V,T1620,2024,-30928.13,D,S1,D,F,2,A,6,USD
OECD.SDD.NAD:DSD_NASU@DF_VALUATION(2.0),A,USA,P2,C25,CPA08_G,XDC,O,V,T1620,2024,-25157.85,D,S1,D,F,2,A,6,USD
OECD.SDD.NAD:DSD_NASU@DF_VALUATION(2.0),A,USA,P2,C26,CPA08_G,XDC,O,V,T1620,2024,-14808.69,D,S1,D,F,2,A,6,USD
OECD.SDD.NAD:DSD_NASU@DF_VALUATION(2.0),A,USA,P2,C27,CPA08_G,XDC,O,V,T1620,2024,-13649.29,D,S1,D,F,2,A,6,USD
OECD.SDD.NAD:DSD_NASU@DF_VALUATION(2.0),A,USA,P2,C28,CPA08_G,XDC,O,V,T1620,2024,-31401.94,D,S1,D,F,2,A,6,USD
OECD.SDD.NAD:DSD_NASU@DF_VALUATION(2.0),A,USA,P2,K64,CPA08_C31_32,XDC,O,V,T1620,2024,46.15,D,S1,D,F,2,A,6,USD
OECD.SDD.NAD:DSD_NASU@DF_VALUATION(2.0),A,USA,P2,K66,CPA08_C31_32,XDC,O,V,T1620,2024,8.61,D,S1,D,F,2,A,6,USD
OECD.SDD.NAD:DSD_NASU@DF_VALUATION(2.0),A,USA,P2,L,CPA08_C31_32,XDC,O,V,T1620,2024,5320.33,D,S1,D,F,2,A,6,USD
OECD.SDD.NAD:DSD_NASU@DF_VALUATION(2.0),A,USA,P2,L68A,CPA08_C31_32,XDC,O,V,T1620,2024,5170.18,D,S1,D,F,2,A,6,USD
OECD.SDD.NAD:DSD_NASU@DF_VALUATION(2.0),A,USA,P2,L68B,CPA08_C31_32,XDC,O,V,T1620,2024,150.15,D,S1,D,F,2,A,6,USD
OECD.SDD.NAD:DSD_NASU@DF_VALUATION(2.0),A,USA,P2,M,CPA08_C31_32,XDC,O,V,T1620,2024,1144.55,D,S1,D,F,2,A,6,USD
OECD.SDD.NAD:DSD_NASU@DF_VALUATION(2.0),A,USA,P2,M69_70,CPA08_C31_32,XDC,O,V,T1620,2024,58.48,D,S1,D,F,2,A,6,USD
OECD.SDD.NAD:DSD_NASU@DF_VALUATION(2.0),A,USA,P2,M69,CPA08_C31_32,XDC,O,V,T1620,2024,36.45,D,S1,D,F,2,A,6,USD
OECD.SDD.NAD:DSD_NASU@DF_VALUATION(2.0),A,USA,P2,M71,CPA08_C31_32,XDC,O,V,T1620,2024,226.93,D,S1,D,F,2,A,6,USD
OECD.SDD.NAD:DSD_NASU@DF_VALUATION(2.0),A,USA,P2,M72,CPA08_C31_32,XDC,O,V,T1620,2024,71.14,D,S1,D,F,2,A,6,USD
OECD.SDD.NAD:DSD_NASU@DF_VALUATION(2.0),A,USA,P2,M73,CPA08_C31_32,XDC,O,V,T1620,2024,122.53,D,S1,D,F,2,A,6,USD
OECD.SDD.NAD:DSD_NASU@DF_VALUATION(2.0),A,USA,P2,M74_75,CPA08_C31_32,XDC,O,V,T1620,2024,665.47,D,S1,D,F,2,A,6,USD
OECD.SDD.NAD:DSD_NASU@DF_VALUATION(2.0),A,USA,P2,M74,CPA08_C31_32,XDC,O,V,T1620,2024,339.86,D,S1,D,F,2,A,6,USD
OECD.SDD.NAD:DSD_NASU@DF_VALUATION(2.0),A,USA,P2,M75,CPA08_C31_32,XDC,O,V,T1620,2024,325.62,D,S1,D,F,2,A,6,USD
OECD.SDD.NAD:DSD_NASU@DF_VALUATION(2.0),A,USA,P2,N,CPA08_C31_32,XDC,O,V,T1620,2024,1102.79,D,S1,D,F,2,A,6,USD
OECD.SDD.NAD:DSD_NASU@DF_VALUATION(2.0),A,USA,P2,N77,CPA08_C31_32,XDC,O,V,T1620,2024,28.19,D,S1,D,F,2,A,6,USD
OECD.SDD.NAD:DSD_NASU@DF_VALUATION(2.0),A,USA,P2,N78,CPA08_C31_32,XDC,O,V,T1620,2024,10.47,D,S1,D,F,2,A,6,USD
OECD.SDD.NAD:DSD_NASU@DF_VALUATION(2.0),A,USA,P2,N80T82,CPA08_C31_32,XDC,O,V,T1620,2024,1064.13,D,S1,D,F,2,A,6,USD
OECD.SDD.NAD:DSD_NASU@DF_VALUATION(2.0),A,USA,P2,N80,CPA08_C31_32,XDC,O,V,T1620,2024,16.87,D,S1,D,F,2,A,6,USD
OECD.SDD.NAD:DSD_NASU@DF_VALUATION(2.0),A,USA,P2,N81,CPA08_C31_32,XDC,O,V,T1620,2024,1009.89,D,S1,D,F,2,A,6,USD
OECD.SDD.NAD:DSD_NASU@DF_VALUATION(2.0),A,USA,P2,N82,CPA08_C31_32,XDC,O,V,T1620,2024,37.36,D,S1,D,F,2,A,6,USD
OECD.SDD.NAD:DSD_NASU@DF_VALUATION(2.0),A,USA,P2,O,CPA08_C31_32,XDC,O,V,T1620,2024,4510.66,D,S1,D,F,2,A,6,USD
OECD.SDD.NAD:DSD_NASU@DF_VALUATION(2.0),A,USA,P2,P,CPA08_C31_32,XDC,O,V,T1620,2024,479.61,D,S1,D,F,2,A,6,USD
OECD.SDD.NAD:DSD_NASU@DF_VALUATION(2.0),A,USA,P2,Q,CPA08_C31_32,XDC,O,V,T1620,2024,26254.98,D,S1,D,F,2,A,6,USD
OECD.SDD.NAD:DSD_NASU@DF_VALUATION(2.0),A,USA,P2,Q87_88,CPA08_C31_32,XDC,O,V,T1620,2024,820.44,D,S1,D,F,2,A,6,USD
OECD.SDD.NAD:DSD_NASU@DF_VALUATION(2.0),A,USA,P2,Q87,CPA08_C31_32,XDC,O,V,T1620,2024,241.48,D,S1,D,F,2,A,6,USD
OECD.SDD.NAD:DSD_NASU@DF_VALUATION(2.0),A,USA,P2,Q88,CPA08_C31_32,XDC,O,V,T1620,2024,578.96,D,S1,D,F,2,A,6,USD
OECD.SDD.NAD:DSD_NASU@DF_VALUATION(2.0),A,USA,P2,R,CPA08_C31_32,XDC,O,V,T1620,2024,1173.86,D,S1,D,F,2,A,6,USD
OECD.SDD.NAD:DSD_NASU@DF_VALUATION(2.0),A,USA,P2,R90T92,CPA08_C31_32,XDC,O,V,T1620,2024,744.23,D,S1,D,F,2,A,6,USD
OECD.SDD.NAD:DSD_NASU@DF_VALUATION(2.0),A,USA,P2,R90,CPA08_C31_32,XDC,O,V,T1620,2024,697.18,D,S1,D,F,2,A,6,USD
OECD.SDD.NAD:DSD_NASU@DF_VALUATION(2.0),A,USA,P2,R91,CPA08_C31_32,XDC,O,V,T1620,2024,40.74,D,S1,D,F,2,A,6,USD
OECD.SDD.NAD:DSD_NASU@DF_VALUATION(2.0),A,USA,P2,C14,CPA08_C31_32,XDC,O,V,T1620,2024,39.12,D,S1,D,F,2,A,6,USD
OECD.SDD.NAD:DSD_NASU@DF_VALUATION(2.0),A,USA,P2,C15,CPA08_C31_32,XDC,O,V,T1620,2024,1.99,D,S1,D,F,2,A,6,USD
OECD.SDD.NAD:DSD_NASU@DF_VALUATION(2.0),A,USA,P2,C16,CPA08_C31_32,XDC,O,V,T1620,2024,74.69,D,S1,D,F,2,A,6,USD
OECD.SDD.NAD:DSD_NASU@DF_VALUATION(2.0),A,USA,P2,C17,CPA08_C31_32,XDC,O,V,T1620,2024,0.12,D,S1,D,F,2,A,6,USD
OECD.SDD.NAD:DSD_NASU@DF_VALUATION(2.0),A,USA,P2,C18,CPA08_C31_32,XDC,O,V,T1620,2024,1.61,D,S1,D,F,2,A,6,USD
OECD.SDD.NAD:DSD_NASU@DF_VALUATION(2.0),A,USA,P2,C20,CPA08_C31_32,XDC,O,V,T1620,2024,140.35,D,S1,D,F,2,A,6,USD
OECD.SDD.NAD:DSD_NASU@DF_VALUATION(2.0),A,USA,P2,C22,CPA08_C31_32,XDC,O,V,T1620,2024,127.5,D,S1,D,F,2,A,6,USD
OECD.SDD.NAD:DSD_NASU@DF_VALUATION(2.0),A,USA,P2,C23,CPA08_C31_32,XDC,O,V,T1620,2024,26.55,D,S1,D,F,2,A,6,USD
OECD.SDD.NAD:DSD_NASU@DF_VALUATION(2.0),A,USA,P2,C24,CPA08_C31_32,XDC,O,V,T1620,2024,33.28,D,S1,D,F,2,A,6,USD
OECD.SDD.NAD:DSD_NASU@DF_VALUATION(2.0),A,USA,P2,C25,CPA08_C31_32,XDC,O,V,T1620,2024,13.73,D,S1,D,F,2,A,6,USD
OECD.SDD.NAD:DSD_NASU@DF_VALUATION(2.0),A,USA,P2,C26,CPA08_C31_32,XDC,O,V,T1620,2024,158.2,D,S1,D,F,2,A,6,USD
OECD.SDD.NAD:DSD_NASU@DF_VALUATION(2.0),A,USA,P2,C27,CPA08_C31_32,XDC,O,V,T1620,2024,220.32,D,S1,D,F,2,A,6,USD
OECD.SDD.NAD:DSD_NASU@DF_VALUATION(2.0),A,USA,P2,C28,CPA08_C31_32,XDC,O,V,T1620,2024,789.68,D,S1,D,F,2,A,6,USD
OECD.SDD.NAD:DSD_NASU@DF_VALUATION(2.0),A,USA,P2,C29,CPA08_C31_32,XDC,O,V,T1620,2024,999.07,D,S1,D,F,2,A,6,USD
OECD.SDD.NAD:DSD_NASU@DF_VALUATION(2.0),A,USA,P2,C30,CPA08_C31_32,XDC,O,V,T1620,2024,7.57,D,S1,D,F,2,A,6,USD
OECD.SDD.NAD:DSD_NASU@DF_VALUATION(2.0),A,USA,P2,C31_32,CPA08_C31_32,XDC,O,V,T1620,2024,2815.79,D,S1,D,F,2,A,6,USD
OECD.SDD.NAD:DSD_NASU@DF_VALUATION(2.0),A,USA,P2,C31,CPA08_C31_32,XDC,O,V,T1620,2024,865.86,D,S1,D,F,2,A,6,USD
OECD.SDD.NAD:DSD_NASU@DF_VALUATION(2.0),A,USA,P2,C32,CPA08_C31_32,XDC,O,V,T1620,2024,1949.93,D,S1,D,F,2,A,6,USD
OECD.SDD.NAD:DSD_NASU@DF_VALUATION(2.0),A,USA,P2,C33,CPA08_C31_32,XDC,O,V,T1620,2024,25.53,D,S1,D,F,2,A,6,USD
OECD.SDD.NAD:DSD_NASU@DF_VALUATION(2.0),A,USA,P2,J62_63,CPA08_C32,XDC,O,V,T1620,2024,39.32,D,S1,D,F,2,A,6,USD
OECD.SDD.NAD:DSD_NASU@DF_VALUATION(2.0),A,USA,P2,J62,CPA08_C32,XDC,O,V,T1620,2024,8.03,D,S1,D,F,2,A,6,USD
OECD.SDD.NAD:DSD_NASU@DF_VALUATION(2.0),A,USA,P2,J63,CPA08_C32,XDC,O,V,T1620,2024,31.29,D,S1,D,F,2,A,6,USD
OECD.SDD.NAD:DSD_NASU@DF_VALUATION(2.0),A,USA,P2,K,CPA08_C32,XDC,O,V,T1620,2024,54.76,D,S1,D,F,2,A,6,USD
OECD.SDD.NAD:DSD_NASU@DF_VALUATION(2.0),A,USA,P2,K64,CPA08_C32,XDC,O,V,T1620,2024,46.15,D,S1,D,F,2,A,6,USD
OECD.SDD.NAD:DSD_NASU@DF_VALUATION(2.0),A,USA,P2,K66,CPA08_C32,XDC,O,V,T1620,2024,8.61,D,S1,D,F,2,A,6,USD
OECD.SDD.NAD:DSD_NASU@DF_VALUATION(2.0),A,USA,P2,L,CPA08_C32,XDC,O,V,T1620,2024,131.99,D,S1,D,F,2,A,6,USD
OECD.SDD.NAD:DSD_NASU@DF_VALUATION(2.0),A,USA,P2,L68A,CPA08_C32,XDC,O,V,T1620,2024,0.04,D,S1,D,F,2,A,6,USD
OECD.SDD.NAD:DSD_NASU@DF_VALUATION(2.0),A,USA,P2,L68B,CPA08_C32,XDC,O,V,T1620,2024,131.95,D,S1,D,F,2,A,6,USD
OECD.SDD.NAD:DSD_NASU@DF_VALUATION(2.0),A,USA,P2,M,CPA08_C32,XDC,O,V,T1620,2024,970.47,D,S1,D,F,2,A,6,USD
OECD.SDD.NAD:DSD_NASU@DF_VALUATION(2.0),A,USA,P2,M69_70,CPA08_C32,XDC,O,V,T1620,2024,50.56,D,S1,D,F,2,A,6,USD
OECD.SDD.NAD:DSD_NASU@DF_VALUATION(2.0),A,USA,P2,M69,CPA08_C32,XDC,O,V,T1620,2024,34.32,D,S1,D,F,2,A,6,USD
OECD.SDD.NAD:DSD_NASU@DF_VALUATION(2.0),A,USA,P2,M70,CPA08_C32,XDC,O,V,T1620,2024,16.24,D,S1,D,F,2,A,6,USD
OECD.SDD.NAD:DSD_NASU@DF_VALUATION(2.0),A,USA,P2,M71,CPA08_C32,XDC,O,V,T1620,2024,226.93,D,S1,D,F,2,A,6,USD
OECD.SDD.NAD:DSD_NASU@DF_VALUATION(2.0),A,USA,P2,M72,CPA08_C32,XDC,O,V,T1620,2024,40.74,D,S1,D,F,2,A,6,USD
OECD.SDD.NAD:DSD_NASU@DF_VALUATION(2.0),A,USA,P2,M73,CPA08_C32,XDC,O,V,T1620,2024,122.53,D,S1,D,F,2,A,6,USD
OECD.SDD.NAD:DSD_NASU@DF_VALUATION(2.0),A,USA,P2,M74_75,CPA08_C32,XDC,O,V,T1620,2024,529.71,D,S1,D,F,2,A,6,USD
OECD.SDD.NAD:DSD_NASU@DF_VALUATION(2.0),A,USA,P2,M74,CPA08_C32,XDC,O,V,T1620,2024,204.8,D,S1,D,F,2,A,6,USD
OECD.SDD.NAD:DSD_NASU@DF_VALUATION(2.0),A,USA,P2,M75,CPA08_C32,XDC,O,V,T1620,2024,324.9,D,S1,D,F,2,A,6,USD
OECD.SDD.NAD:DSD_NASU@DF_VALUATION(2.0),A,USA,P2,N,CPA08_C32,XDC,O,V,T1620,2024,1101.84,D,S1,D,F,2,A,6,USD
OECD.SDD.NAD:DSD_NASU@DF_VALUATION(2.0),A,USA,P2,N77,CPA08_C32,XDC,O,V,T1620,2024,28.19,D,S1,D,F,2,A,6,USD
OECD.SDD.NAD:DSD_NASU@DF_VALUATION(2.0),A,USA,P2,N78,CPA08_C32,XDC,O,V,T1620,2024,10.47,D,S1,D,F,2,A,6,USD
OECD.SDD.NAD:DSD_NASU@DF_VALUATION(2.0),A,USA,P2,N80,CPA08_C32,XDC,O,V,T1620,2024,16.87,D,S1,D,F,2,A,6,USD
OECD.SDD.NAD:DSD_NASU@DF_VALUATION(2.0),A,USA,P2,N81,CPA08_C32,XDC,O,V,T1620,2024,1009.89,D,S1,D,F,2,A,6,USD
OECD.SDD.NAD:DSD_NASU@DF_VALUATION(2.0),A,USA,P2,N82,CPA08_C32,XDC,O,V,T1620,2024,36.42,D,S1,D,F,2,A,6,USD
OECD.SDD.NAD:DSD_NASU@DF_VALUATION(2.0),A,USA,P2,O,CPA08_C32,XDC,O,V,T1620,2024,4098.77,D,S1,D,F,2,A,6,USD
OECD.SDD.NAD:DSD_NASU@DF_VALUATION(2.0),A,USA,P2,P,CPA08_C32,XDC,O,V,T1620,2024,479.61,D,S1,D,F,2,A,6,USD
OECD.SDD.NAD:DSD_NASU@DF_VALUATION(2.0),A,USA,P2,Q,CPA08_C32,XDC,O,V,T1620,2024,25982.63,D,S1,D,F,2,A,6,USD
OECD.SDD.NAD:DSD_NASU@DF_VALUATION(2.0),A,USA,P2,Q86,CPA08_C32,XDC,O,V,T1620,2024,25214.37,D,S1,D,F,2,A,6,USD
OECD.SDD.NAD:DSD_NASU@DF_VALUATION(2.0),A,USA,P2,Q87_88,CPA08_C32,XDC,O,V,T1620,2024,768.26,D,S1,D,F,2,A,6,USD
OECD.SDD.NAD:DSD_NASU@DF_VALUATION(2.0),A,USA,P2,Q87,CPA08_C32,XDC,O,V,T1620,2024,241.26,D,S1,D,F,2,A,6,USD
OECD.SDD.NAD:DSD_NASU@DF_VALUATION(2.0),A,USA,P2,Q88,CPA08_C32,XDC,O,V,T1620,2024,527,D,S1,D,F,2,A,6,USD
OECD.SDD.NAD:DSD_NASU@DF_VALUATION(2.0),A,USA,P2,R,CPA08_C32,XDC,O,V,T1620,2024,232.08,D,S1,D,F,2,A,6,USD
OECD.SDD.NAD:DSD_NASU@DF_VALUATION(2.0),A,USA,P2,N,CPA08_C31,XDC,O,V,T1620,2024,0.94,D,S1,D,F,2,A,6,USD
OECD.SDD.NAD:DSD_NASU@DF_VALUATION(2.0),A,USA,P2,N80T82,CPA08_C31,XDC,O,V,T1620,2024,0.94,D,S1,D,F,2,A,6,USD
OECD.SDD.NAD:DSD_NASU@DF_VALUATION(2.0),A,USA,P2,N82,CPA08_C31,XDC,O,V,T1620,2024,0.94,D,S1,D,F,2,A,6,USD
OECD.SDD.NAD:DSD_NASU@DF_VALUATION(2.0),A,USA,P2,O,CPA08_C31,XDC,O,V,T1620,2024,411.89,D,S1,D,F,2,A,6,USD
OECD.SDD.NAD:DSD_NASU@DF_VALUATION(2.0),A,USA,P2,Q,CPA08_C31,XDC,O,V,T1620,2024,272.35,D,S1,D,F,2,A,6,USD
OECD.SDD.NAD:DSD_NASU@DF_VALUATION(2.0),A,USA,P2,Q86,CPA08_C31,XDC,O,V,T1620,2024,220.17,D,S1,D,F,2,A,6,USD
OECD.SDD.NAD:DSD_NASU@DF_VALUATION(2.0),A,USA,P2,Q87_88,CPA08_C31,XDC,O,V,T1620,2024,52.18,D,S1,D,F,2,A,6,USD
OECD.SDD.NAD:DSD_NASU@DF_VALUATION(2.0),A,USA,P2,Q87,CPA08_C31,XDC,O,V,T1620,2024,0.22,D,S1,D,F,2,A,6,USD
OECD.SDD.NAD:DSD_NASU@DF_VALUATION(2.0),A,USA,P2,Q88,CPA08_C31,XDC,O,V,T1620,2024,51.95,D,S1,D,F,2,A,6,USD
OECD.SDD.NAD:DSD_NASU@DF_VALUATION(2.0),A,USA,P2,R,CPA08_C31,XDC,O,V,T1620,2024,941.77,D,S1,D,F,2,A,6,USD
OECD.SDD.NAD:DSD_NASU@DF_VALUATION(2.0),A,USA,P2,R90T92,CPA08_C31,XDC,O,V,T1620,2024,596.68,D,S1,D,F,2,A,6,USD
OECD.SDD.NAD:DSD_NASU@DF_VALUATION(2.0),A,USA,P2,R90,CPA08_C31,XDC,O,V,T1620,2024,596.03,D,S1,D,F,2,A,6,USD
OECD.SDD.NAD:DSD_NASU@DF_VALUATION(2.0),A,USA,P2,R91,CPA08_C31,XDC,O,V,T1620,2024,0.36,D,S1,D,F,2,A,6,USD
OECD.SDD.NAD:DSD_NASU@DF_VALUATION(2.0),A,USA,P2,R92,CPA08_C31,XDC,O,V,T1620,2024,0.3,D,S1,D,F,2,A,6,USD
OECD.SDD.NAD:DSD_NASU@DF_VALUATION(2.0),A,USA,P2,R93,CPA08_C31,XDC,O,V,T1620,2024,345.09,D,S1,D,F,2,A,6,USD
OECD.SDD.NAD:DSD_NASU@DF_VALUATION(2.0),A,USA,P2,S,CPA08_C31,XDC,O,V,T1620,2024,219.58,D,S1,D,F,2,A,6,USD
OECD.SDD.NAD:DSD_NASU@DF_VALUATION(2.0),A,USA,P2,S94,CPA08_C31,XDC,O,V,T1620,2024,24.95,D,S1,D,F,2,A,6,USD
OECD.SDD.NAD:DSD_NASU@DF_VALUATION(2.0),A,USA,P2,S95,CPA08_C31,XDC,O,V,T1620,2024,183.41,D,S1,D,F,2,A,6,USD
OECD.SDD.NAD:DSD_NASU@DF_VALUATION(2.0),A,USA,P2,S96,CPA08_C31,XDC,O,V,T1620,2024,11.22,D,S1,D,F,2,A,6,USD
OECD.SDD.NAD:DSD_NASU@DF_VALUATION(2.0),A,USA,P5,_Z,CPA08_C31,XDC,O,V,T1620,2024,14225.99,D,S1,D,F,2,A,6,USD
OECD.SDD.NAD:DSD_NASU@DF_VALUATION(2.0),A,USA,P3,_Z,CPA08_C31,XDC,O,V,T1620,2024,81950.43,D,S1,D,F,2,A,6,USD
OECD.SDD.NAD:DSD_NASU@DF_VALUATION(2.0),A,USA,P51G,_Z,CPA08_C31,XDC,O,V,T1620,2024,14187.77,D,S1,D,F,2,A,6,USD
OECD.SDD.NAD:DSD_NASU@DF_VALUATION(2.0),A,USA,P52,_Z,CPA08_C31,XDC,O,V,T1620,2024,38.22,D,S1,D,F,2,A,6,USD
OECD.SDD.NAD:DSD_NASU@DF_VALUATION(2.0),A,USA,TU,_Z,CPA08_C31,XDC,O,V,T1620,2024,118855.23,D,S1,D,F,2,A,6,USD
OECD.SDD.NAD:DSD_NASU@DF_VALUATION(2.0),A,USA,P2,F,CPA08_C31,XDC,O,V,T1620,2024,11979.42,D,S1,D,F,2,A,6,USD
OECD.SDD.NAD:DSD_NASU@DF_VALUATION(2.0),A,USA,P2,F41,CPA08_C31,XDC,O,V,T1620,2024,11830.49,D,S1,D,F,2,A,6,USD
OECD.SDD.NAD:DSD_NASU@DF_VALUATION(2.0),A,USA,P2,F42,CPA08_C31,XDC,O,V,T1620,2024,148.93,D,S1,D,F,2,A,6,USD
OECD.SDD.NAD:DSD_NASU@DF_VALUATION(2.0),A,USA,P2,G,CPA08_C31,XDC,O,V,T1620,2024,766.87,D,S1,D,F,2,A,6,USD
OECD.SDD.NAD:DSD_NASU@DF_VALUATION(2.0),A,USA,P2,G45,CPA08_C31,XDC,O,V,T1620,2024,51.05,D,S1,D,F,2,A,6,USD
OECD.SDD.NAD:DSD_NASU@DF_VALUATION(2.0),A,USA,P2,G46,CPA08_C31,XDC,O,V,T1620,2024,222.13,D,S1,D,F,2,A,6,USD
OECD.SDD.NAD:DSD_NASU@DF_VALUATION(2.0),A,USA,P2,G47,CPA08_C31,XDC,O,V,T1620,2024,493.69,D,S1,D,F,2,A,6,USD
OECD.SDD.NAD:DSD_NASU@DF_VALUATION(2.0),A,USA,P2,H,CPA08_C31,XDC,O,V,T1620,2024,0,D,S1,D,F,2,A,6,USD
OECD.SDD.NAD:DSD_NASU@DF_VALUATION(2.0),A,USA,P2,H50,CPA08_C31,XDC,O,V,T1620,2024,0,D,S1,D,F,2,A,6,USD
OECD.SDD.NAD:DSD_NASU@DF_VALUATION(2.0),A,USA,P2,H52,CPA08_C31,XDC,O,V,T1620,2024,0,D,S1,D,F,2,A,6,USD
OECD.SDD.NAD:DSD_NASU@DF_VALUATION(2.0),A,USA,P2,I,CPA08_C31,XDC,O,V,T1620,2024,71.11,D,S1,D,F,2,A,6,USD
OECD.SDD.NAD:DSD_NASU@DF_VALUATION(2.0),A,USA,P2,G45,CPA08_G,XDC,O,V,T1620,2024,-18882.05,D,S1,D,F,2,A,6,USD
OECD.SDD.NAD:DSD_NASU@DF_VALUATION(2.0),A,USA,P2,G46,CPA08_G,XDC,O,V,T1620,2024,-27928.44,D,S1,D,F,2,A,6,USD
OECD.SDD.NAD:DSD_NASU@DF_VALUATION(2.0),A,USA,P2,G47,CPA08_G,XDC,O,V,T1620,2024,-17072.24,D,S1,D,F,2,A,6,USD
OECD.SDD.NAD:DSD_NASU@DF_VALUATION(2.0),A,USA,P2,H,CPA08_G,XDC,O,V,T1620,2024,-34743.29,D,S1,D,F,2,A,6,USD
OECD.SDD.NAD:DSD_NASU@DF_VALUATION(2.0),A,USA,P2,H49,CPA08_G,XDC,O,V,T1620,2024,-22896.05,D,S1,D,F,2,A,6,USD
OECD.SDD.NAD:DSD_NASU@DF_VALUATION(2.0),A,USA,P2,H50,CPA08_G,XDC,O,V,T1620,2024,-1431.28,D,S1,D,F,2,A,6,USD
OECD.SDD.NAD:DSD_NASU@DF_VALUATION(2.0),A,USA,P2,H51,CPA08_G,XDC,O,V,T1620,2024,-3394.55,D,S1,D,F,2,A,6,USD
OECD.SDD.NAD:DSD_NASU@DF_VALUATION(2.0),A,USA,P2,H52,CPA08_G,XDC,O,V,T1620,2024,-3071.34,D,S1,D,F,2,A,6,USD
OECD.SDD.NAD:DSD_NASU@DF_VALUATION(2.0),A,USA,P2,H53,CPA08_G,XDC,O,V,T1620,2024,-3950.07,D,S1,D,F,2,A,6,USD
OECD.SDD.NAD:DSD_NASU@DF_VALUATION(2.0),A,USA,P2,I,CPA08_G,XDC,O,V,T1620,2024,-45799.94,D,S1,D,F,2,A,6,USD
OECD.SDD.NAD:DSD_NASU@DF_VALUATION(2.0),A,USA,P2,I55,CPA08_G,XDC,O,V,T1620,2024,-5459.53,D,S1,D,F,2,A,6,USD
OECD.SDD.NAD:DSD_NASU@DF_VALUATION(2.0),A,USA,P2,I56,CPA08_G,XDC,O,V,T1620,2024,-40340.41,D,S1,D,F,2,A,6,USD
OECD.SDD.NAD:DSD_NASU@DF_VALUATION(2.0),A,USA,P2,J,CPA08_G,XDC,O,V,T1620,2024,-41999.75,D,S1,D,F,2,A,6,USD
OECD.SDD.NAD:DSD_NASU@DF_VALUATION(2.0),A,USA,P2,J58,CPA08_G,XDC,O,V,T1620,2024,-12572.17,D,S1,D,F,2,A,6,USD
OECD.SDD.NAD:DSD_NASU@DF_VALUATION(2.0),A,USA,P2,J59_60,CPA08_G,XDC,O,V,T1620,2024,-2640.19,D,S1,D,F,2,A,6,USD
OECD.SDD.NAD:DSD_NASU@DF_VALUATION(2.0),A,USA,P2,J59,CPA08_G,XDC,O,V,T1620,2024,-294.53,D,S1,D,F,2,A,6,USD
OECD.SDD.NAD:DSD_NASU@DF_VALUATION(2.0),A,USA,P2,J60,CPA08_G,XDC,O,V,T1620,2024,-2345.66,D,S1,D,F,2,A,6,USD
OECD.SDD.NAD:DSD_NASU@DF_VALUATION(2.0),A,USA,P2,J61,CPA08_G,XDC,O,V,T1620,2024,-16042.7,D,S1,D,F,2,A,6,USD
OECD.SDD.NAD:DSD_NASU@DF_VALUATION(2.0),A,USA,P2,J62_63,CPA08_G,XDC,O,V,T1620,2024,-10744.68,D,S1,D,F,2,A,6,USD
OECD.SDD.NAD:DSD_NASU@DF_VALUATION(2.0),A,USA,P2,J62,CPA08_G,XDC,O,V,T1620,2024,-4936.4,D,S1,D,F,2,A,6,USD
OECD.SDD.NAD:DSD_NASU@DF_VALUATION(2.0),A,USA,P2,J63,CPA08_G,XDC,O,V,T1620,2024,-5808.29,D,S1,D,F,2,A,6,USD
OECD.SDD.NAD:DSD_NASU@DF_VALUATION(2.0),A,USA,P2,K,CPA08_G,XDC,O,V,T1620,2024,-6079.85,D,S1,D,F,2,A,6,USD
OECD.SDD.NAD:DSD_NASU@DF_VALUATION(2.0),A,USA,P2,K64,CPA08_G,XDC,O,V,T1620,2024,-4130.58,D,S1,D,F,2,A,6,USD
OECD.SDD.NAD:DSD_NASU@DF_VALUATION(2.0),A,USA,P2,K65,CPA08_G,XDC,O,V,T1620,2024,-643.61,D,S1,D,F,2,A,6,USD
OECD.SDD.NAD:DSD_NASU@DF_VALUATION(2.0),A,USA,P2,K66,CPA08_G,XDC,O,V,T1620,2024,-1305.66,D,S1,D,F,2,A,6,USD
OECD.SDD.NAD:DSD_NASU@DF_VALUATION(2.0),A,USA,P2,L,CPA08_G,XDC,O,V,T1620,2024,-12843.24,D,S1,D,F,2,A,6,USD
OECD.SDD.NAD:DSD_NASU@DF_VALUATION(2.0),A,USA,P2,L68A,CPA08_G,XDC,O,V,T1620,2024,-5252.4,D,S1,D,F,2,A,6,USD
OECD.SDD.NAD:DSD_NASU@DF_VALUATION(2.0),A,USA,P2,L68B,CPA08_G,XDC,O,V,T1620,2024,-7590.84,D,S1,D,F,2,A,6,USD
OECD.SDD.NAD:DSD_NASU@DF_VALUATION(2.0),A,USA,P2,M,CPA08_G,XDC,O,V,T1620,2024,-57192.62,D,S1,D,F,2,A,6,USD
OECD.SDD.NAD:DSD_NASU@DF_VALUATION(2.0),A,USA,P2,M69_70,CPA08_G,XDC,O,V,T1620,2024,-16140.96,D,S1,D,F,2,A,6,USD
OECD.SDD.NAD:DSD_NASU@DF_VALUATION(2.0),A,USA,P2,M69,CPA08_G,XDC,O,V,T1620,2024,-1731.12,D,S1,D,F,2,A,6,USD
OECD.SDD.NAD:DSD_NASU@DF_VALUATION(2.0),A,USA,P2,M70,CPA08_G,XDC,O,V,T1620,2024,-14409.84,D,S1,D,F,2,A,6,USD
OECD.SDD.NAD:DSD_NASU@DF_VALUATION(2.0),A,USA,P2,M71,CPA08_G,XDC,O,V,T1620,2024,-8525.68,D,S1,D,F,2,A,6,USD
OECD.SDD.NAD:DSD_NASU@DF_VALUATION(2.0),A,USA,P2,M72,CPA08_G,XDC,O,V,T1620,2024,-25028.13,D,S1,D,F,2,A,6,USD
OECD.SDD.NAD:DSD_NASU@DF_VALUATION(2.0),A,USA,P2,M73,CPA08_G,XDC,O,V,T1620,2024,-1965.23,D,S1,D,F,2,A,6,USD
OECD.SDD.NAD:DSD_NASU@DF_VALUATION(2.0),A,USA,P2,M74_75,CPA08_G,XDC,O,V,T1620,2024,-5532.62,D,S1,D,F,2,A,6,USD
OECD.SDD.NAD:DSD_NASU@DF_VALUATION(2.0),A,USA,P2,M74,CPA08_G,XDC,O,V,T1620,2024,-2988.83,D,S1,D,F,2,A,6,USD
OECD.SDD.NAD:DSD_NASU@DF_VALUATION(2.0),A,USA,P2,M75,CPA08_G,XDC,O,V,T1620,2024,-2543.79,D,S1,D,F,2,A,6,USD
OECD.SDD.NAD:DSD_NASU@DF_VALUATION(2.0),A,USA,P2,N,CPA08_G,XDC,O,V,T1620,2024,-27817.79,D,S1,D,F,2,A,6,USD
OECD.SDD.NAD:DSD_NASU@DF_VALUATION(2.0),A,USA,P2,N77,CPA08_G,XDC,O,V,T1620,2024,-5758.94,D,S1,D,F,2,A,6,USD
OECD.SDD.NAD:DSD_NASU@DF_VALUATION(2.0),A,USA,P2,N78,CPA08_G,XDC,O,V,T1620,2024,-638.72,D,S1,D,F,2,A,6,USD
OECD.SDD.NAD:DSD_NASU@DF_VALUATION(2.0),A,USA,P2,N79,CPA08_G,XDC,O,V,T1620,2024,-178.43,D,S1,D,F,2,A,6,USD
OECD.SDD.NAD:DSD_NASU@DF_VALUATION(2.0),A,USA,P2,N80T82,CPA08_G,XDC,O,V,T1620,2024,-21241.7,D,S1,D,F,2,A,6,USD
OECD.SDD.NAD:DSD_NASU@DF_VALUATION(2.0),A,USA,P2,N80,CPA08_G,XDC,O,V,T1620,2024,-878.14,D,S1,D,F,2,A,6,USD
OECD.SDD.NAD:DSD_NASU@DF_VALUATION(2.0),A,USA,P2,C12,CPA08_G,XDC,O,V,T1620,2024,-4811.37,D,S1,D,F,2,A,6,USD
OECD.SDD.NAD:DSD_NASU@DF_VALUATION(2.0),A,USA,P2,C13T15,CPA08_G,XDC,O,V,T1620,2024,-3896.46,D,S1,D,F,2,A,6,USD
OECD.SDD.NAD:DSD_NASU@DF_VALUATION(2.0),A,USA,P2,C13,CPA08_G,XDC,O,V,T1620,2024,-3021.93,D,S1,D,F,2,A,6,USD
OECD.SDD.NAD:DSD_NASU@DF_VALUATION(2.0),A,USA,P2,C14,CPA08_G,XDC,O,V,T1620,2024,-502.22,D,S1,D,F,2,A,6,USD
OECD.SDD.NAD:DSD_NASU@DF_VALUATION(2.0),A,USA,P2,C16,CPA08_G,XDC,O,V,T1620,2024,-15372.01,D,S1,D,F,2,A,6,USD
OECD.SDD.NAD:DSD_NASU@DF_VALUATION(2.0),A,USA,P2,C17,CPA08_G,XDC,O,V,T1620,2024,-14517.77,D,S1,D,F,2,A,6,USD
OECD.SDD.NAD:DSD_NASU@DF_VALUATION(2.0),A,USA,P2,C18,CPA08_G,XDC,O,V,T1620,2024,-4988.9,D,S1,D,F,2,A,6,USD
OECD.SDD.NAD:DSD_NASU@DF_VALUATION(2.0),A,USA,P2,C19,CPA08_G,XDC,O,V,T1620,2024,-19214.66,D,S1,D,F,2,A,6,USD
OECD.SDD.NAD:DSD_NASU@DF_VALUATION(2.0),A,USA,P2,C20,CPA08_G,XDC,O,V,T1620,2024,-38768.6,D,S1,D,F,2,A,6,USD
OECD.SDD.NAD:DSD_NASU@DF_VALUATION(2.0),A,USA,P2,C21,CPA08_G,XDC,O,V,T1620,2024,-17435.34,D,S1,D,F,2,A,6,USD
OECD.SDD.NAD:DSD_NASU@DF_VALUATION(2.0),A,USA,P2,G47,CPA08_C32,XDC,O,V,T1620,2024,466.79,D,S1,D,F,2,A,6,USD
OECD.SDD.NAD:DSD_NASU@DF_VALUATION(2.0),A,USA,P2,H,CPA08_C32,XDC,O,V,T1620,2024,94.42,D,S1,D,F,2,A,6,USD
OECD.SDD.NAD:DSD_NASU@DF_VALUATION(2.0),A,USA,P2,H49,CPA08_C32,XDC,O,V,T1620,2024,11.87,D,S1,D,F,2,A,6,USD
OECD.SDD.NAD:DSD_NASU@DF_VALUATION(2.0),A,USA,P2,H50,CPA08_C32,XDC,O,V,T1620,2024,0.09,D,S1,D,F,2,A,6,USD
OECD.SDD.NAD:DSD_NASU@DF_VALUATION(2.0),A,USA,P2,H51,CPA08_C32,XDC,O,V,T1620,2024,0.05,D,S1,D,F,2,A,6,USD
OECD.SDD.NAD:DSD_NASU@DF_VALUATION(2.0),A,USA,P2,H52,CPA08_C32,XDC,O,V,T1620,2024,59.73,D,S1,D,F,2,A,6,USD
OECD.SDD.NAD:DSD_NASU@DF_VALUATION(2.0),A,USA,P2,H53,CPA08_C32,XDC,O,V,T1620,2024,22.68,D,S1,D,F,2,A,6,USD
OECD.SDD.NAD:DSD_NASU@DF_VALUATION(2.0),A,USA,P2,I,CPA08_C32,XDC,O,V,T1620,2024,561.26,D,S1,D,F,2,A,6,USD
OECD.SDD.NAD:DSD_NASU@DF_VALUATION(2.0),A,USA,P2,I55,CPA08_C32,XDC,O,V,T1620,2024,16.47,D,S1,D,F,2,A,6,USD
OECD.SDD.NAD:DSD_NASU@DF_VALUATION(2.0),A,USA,P2,J,CPA08_C32,XDC,O,V,T1620,2024,73.39,D,S1,D,F,2,A,6,USD
OECD.SDD.NAD:DSD_NASU@DF_VALUATION(2.0),A,USA,P2,J58,CPA08_C32,XDC,O,V,T1620,2024,1.64,D,S1,D,F,2,A,6,USD
OECD.SDD.NAD:DSD_NASU@DF_VALUATION(2.0),A,USA,P2,J59_60,CPA08_C32,XDC,O,V,T1620,2024,1.08,D,S1,D,F,2,A,6,USD
OECD.SDD.NAD:DSD_NASU@DF_VALUATION(2.0),A,USA,P2,J59,CPA08_C32,XDC,O,V,T1620,2024,1.08,D,S1,D,F,2,A,6,USD
OECD.SDD.NAD:DSD_NASU@DF_VALUATION(2.0),A,USA,P2,J61,CPA08_C32,XDC,O,V,T1620,2024,31.35,D,S1,D,F,2,A,6,USD
OECD.SDD.NAD:DSD_NASU@DF_VALUATION(2.0),A,USA,P2,G47,CPA08_G45,XDC,O,V,T1620,2024,-4178.22,D,S1,D,F,2,A,6,USD
OECD.SDD.NAD:DSD_NASU@DF_VALUATION(2.0),A,USA,P2,H,CPA08_G45,XDC,O,V,T1620,2024,-5794.18,D,S1,D,F,2,A,6,USD
OECD.SDD.NAD:DSD_NASU@DF_VALUATION(2.0),A,USA,P2,H49,CPA08_G45,XDC,O,V,T1620,2024,-4131.72,D,S1,D,F,2,A,6,USD
OECD.SDD.NAD:DSD_NASU@DF_VALUATION(2.0),A,USA,P2,H50,CPA08_G45,XDC,O,V,T1620,2024,-19.03,D,S1,D,F,2,A,6,USD
OECD.SDD.NAD:DSD_NASU@DF_VALUATION(2.0),A,USA,P2,H51,CPA08_G45,XDC,O,V,T1620,2024,-133.08,D,S1,D,F,2,A,6,USD
OECD.SDD.NAD:DSD_NASU@DF_VALUATION(2.0),A,USA,P2,H52,CPA08_G45,XDC,O,V,T1620,2024,-342.76,D,S1,D,F,2,A,6,USD
OECD.SDD.NAD:DSD_NASU@DF_VALUATION(2.0),A,USA,P2,H53,CPA08_G45,XDC,O,V,T1620,2024,-1167.59,D,S1,D,F,2,A,6,USD
OECD.SDD.NAD:DSD_NASU@DF_VALUATION(2.0),A,USA,P2,I,CPA08_G45,XDC,O,V,T1620,2024,-776.39,D,S1,D,F,2,A,6,USD
OECD.SDD.NAD:DSD_NASU@DF_VALUATION(2.0),A,USA,P2,I55,CPA08_G45,XDC,O,V,T1620,2024,-83.7,D,S1,D,F,2,A,6,USD
OECD.SDD.NAD:DSD_NASU@DF_VALUATION(2.0),A,USA,P2,I56,CPA08_G45,XDC,O,V,T1620,2024,-692.69,D,S1,D,F,2,A,6,USD
OECD.SDD.NAD:DSD_NASU@DF_VALUATION(2.0),A,USA,P2,J,CPA08_G45,XDC,O,V,T1620,2024,-709.05,D,S1,D,F,2,A,6,USD
OECD.SDD.NAD:DSD_NASU@DF_VALUATION(2.0),A,USA,P2,J58,CPA08_G45,XDC,O,V,T1620,2024,-98.73,D,S1,D,F,2,A,6,USD
OECD.SDD.NAD:DSD_NASU@DF_VALUATION(2.0),A,USA,P2,J59_60,CPA08_G45,XDC,O,V,T1620,2024,-184.39,D,S1,D,F,2,A,6,USD
OECD.SDD.NAD:DSD_NASU@DF_VALUATION(2.0),A,USA,P2,J59,CPA08_G45,XDC,O,V,T1620,2024,-42.89,D,S1,D,F,2,A,6,USD
OECD.SDD.NAD:DSD_NASU@DF_VALUATION(2.0),A,USA,P2,J60,CPA08_G45,XDC,O,V,T1620,2024,-141.5,D,S1,D,F,2,A,6,USD
OECD.SDD.NAD:DSD_NASU@DF_VALUATION(2.0),A,USA,P2,J61,CPA08_G45,XDC,O,V,T1620,2024,-130.03,D,S1,D,F,2,A,6,USD
OECD.SDD.NAD:DSD_NASU@DF_VALUATION(2.0),A,USA,P2,J62_63,CPA08_G45,XDC,O,V,T1620,2024,-295.9,D,S1,D,F,2,A,6,USD
OECD.SDD.NAD:DSD_NASU@DF_VALUATION(2.0),A,USA,P2,J62,CPA08_G45,XDC,O,V,T1620,2024,-115.16,D,S1,D,F,2,A,6,USD
OECD.SDD.NAD:DSD_NASU@DF_VALUATION(2.0),A,USA,P2,J63,CPA08_G45,XDC,O,V,T1620,2024,-180.74,D,S1,D,F,2,A,6,USD
OECD.SDD.NAD:DSD_NASU@DF_VALUATION(2.0),A,USA,P2,K,CPA08_G45,XDC,O,V,T1620,2024,-151.49,D,S1,D,F,2,A,6,USD
OECD.SDD.NAD:DSD_NASU@DF_VALUATION(2.0),A,USA,P2,K64,CPA08_G45,XDC,O,V,T1620,2024,-132.54,D,S1,D,F,2,A,6,USD
OECD.SDD.NAD:DSD_NASU@DF_VALUATION(2.0),A,USA,P2,K65,CPA08_G45,XDC,O,V,T1620,2024,-3.46,D,S1,D,F,2,A,6,USD
OECD.SDD.NAD:DSD_NASU@DF_VALUATION(2.0),A,USA,P2,K66,CPA08_G45,XDC,O,V,T1620,2024,-15.49,D,S1,D,F,2,A,6,USD
OECD.SDD.NAD:DSD_NASU@DF_VALUATION(2.0),A,USA,P2,L,CPA08_G45,XDC,O,V,T1620,2024,-433.13,D,S1,D,F,2,A,6,USD
OECD.SDD.NAD:DSD_NASU@DF_VALUATION(2.0),A,USA,P2,L68A,CPA08_G45,XDC,O,V,T1620,2024,-93.8,D,S1,D,F,2,A,6,USD
OECD.SDD.NAD:DSD_NASU@DF_VALUATION(2.0),A,USA,P2,L68B,CPA08_G45,XDC,O,V,T1620,2024,-339.33,D,S1,D,F,2,A,6,USD
OECD.SDD.NAD:DSD_NASU@DF_VALUATION(2.0),A,USA,P2,M,CPA08_G45,XDC,O,V,T1620,2024,-1723.41,D,S1,D,F,2,A,6,USD
OECD.SDD.NAD:DSD_NASU@DF_VALUATION(2.0),A,USA,P2,M69_70,CPA08_G45,XDC,O,V,T1620,2024,-420.7,D,S1,D,F,2,A,6,USD
OECD.SDD.NAD:DSD_NASU@DF_VALUATION(2.0),A,USA,P2,M69,CPA08_G45,XDC,O,V,T1620,2024,-1.13,D,S1,D,F,2,A,6,USD
OECD.SDD.NAD:DSD_NASU@DF_VALUATION(2.0),A,USA,P2,M70,CPA08_G45,XDC,O,V,T1620,2024,-419.57,D,S1,D,F,2,A,6,USD
OECD.SDD.NAD:DSD_NASU@DF_VALUATION(2.0),A,USA,P2,M71,CPA08_G45,XDC,O,V,T1620,2024,-324.24,D,S1,D,F,2,A,6,USD
OECD.SDD.NAD:DSD_NASU@DF_VALUATION(2.0),A,USA,P2,M72,CPA08_G45,XDC,O,V,T1620,2024,-423.07,D,S1,D,F,2,A,6,USD
OECD.SDD.NAD:DSD_NASU@DF_VALUATION(2.0),A,USA,P2,M73,CPA08_G45,XDC,O,V,T1620,2024,-493.67,D,S1,D,F,2,A,6,USD
OECD.SDD.NAD:DSD_NASU@DF_VALUATION(2.0),A,USA,P2,M74_75,CPA08_G45,XDC,O,V,T1620,2024,-61.74,D,S1,D,F,2,A,6,USD
OECD.SDD.NAD:DSD_NASU@DF_VALUATION(2.0),A,USA,P2,M74,CPA08_G45,XDC,O,V,T1620,2024,-58.5,D,S1,D,F,2,A,6,USD
OECD.SDD.NAD:DSD_NASU@DF_VALUATION(2.0),A,USA,P2,M75,CPA08_G45,XDC,O,V,T1620,2024,-3.24,D,S1,D,F,2,A,6,USD
OECD.SDD.NAD:DSD_NASU@DF_VALUATION(2.0),A,USA,P2,N,CPA08_G45,XDC,O,V,T1620,2024,-9228.36,D,S1,D,F,2,A,6,USD
OECD.SDD.NAD:DSD_NASU@DF_VALUATION(2.0),A,USA,P2,N77,CPA08_G45,XDC,O,V,T1620,2024,-2006.06,D,S1,D,F,2,A,6,USD
OECD.SDD.NAD:DSD_NASU@DF_VALUATION(2.0),A,USA,P2,N78,CPA08_G45,XDC,O,V,T1620,2024,-77.22,D,S1,D,F,2,A,6,USD
OECD.SDD.NAD:DSD_NASU@DF_VALUATION(2.0),A,USA,P2,N80T82,CPA08_G45,XDC,O,V,T1620,2024,-7129.62,D,S1,D,F,2,A,6,USD
OECD.SDD.NAD:DSD_NASU@DF_VALUATION(2.0),A,USA,P2,N80,CPA08_G45,XDC,O,V,T1620,2024,-84.41,D,S1,D,F,2,A,6,USD
OECD.SDD.NAD:DSD_NASU@DF_VALUATION(2.0),A,USA,P2,C12,CPA08_G45,XDC,O,V,T1620,2024,-54.88,D,S1,D,F,2,A,6,USD
OECD.SDD.NAD:DSD_NASU@DF_VALUATION(2.0),A,USA,P2,C13T15,CPA08_G45,XDC,O,V,T1620,2024,-48.26,D,S1,D,F,2,A,6,USD
OECD.SDD.NAD:DSD_NASU@DF_VALUATION(2.0),A,USA,P2,C13,CPA08_G45,XDC,O,V,T1620,2024,-44.3,D,S1,D,F,2,A,6,USD
OECD.SDD.NAD:DSD_NASU@DF_VALUATION(2.0),A,USA,P2,C14,CPA08_G45,XDC,O,V,T1620,2024,-1.97,D,S1,D,F,2,A,6,USD
OECD.SDD.NAD:DSD_NASU@DF_VALUATION(2.0),A,USA,P2,C15,CPA08_G45,XDC,O,V,T1620,2024,-1.99,D,S1,D,F,2,A,6,USD
OECD.SDD.NAD:DSD_NASU@DF_VALUATION(2.0),A,USA,P2,C16,CPA08_G45,XDC,O,V,T1620,2024,-906.07,D,S1,D,F,2,A,6,USD
OECD.SDD.NAD:DSD_NASU@DF_VALUATION(2.0),A,USA,P2,C17,CPA08_G45,XDC,O,V,T1620,2024,-647.1,D,S1,D,F,2,A,6,USD
OECD.SDD.NAD:DSD_NASU@DF_VALUATION(2.0),A,USA,P2,C18,CPA08_G45,XDC,O,V,T1620,2024,-83.5,D,S1,D,F,2,A,6,USD
OECD.SDD.NAD:DSD_NASU@DF_VALUATION(2.0),A,USA,P2,C19,CPA08_G45,XDC,O,V,T1620,2024,-27.29,D,S1,D,F,2,A,6,USD
OECD.SDD.NAD:DSD_NASU@DF_VALUATION(2.0),A,USA,P2,C20,CPA08_G45,XDC,O,V,T1620,2024,-832.58,D,S1,D,F,2,A,6,USD
OECD.SDD.NAD:DSD_NASU@DF_VALUATION(2.0),A,USA,P2,C21,CPA08_G45,XDC,O,V,T1620,2024,-2.14,D,S1,D,F,2,A,6,USD
OECD.SDD.NAD:DSD_NASU@DF_VALUATION(2.0),A,USA,P2,C22,CPA08_G45,XDC,O,V,T1620,2024,-427.57,D,S1,D,F,2,A,6,USD
OECD.SDD.NAD:DSD_NASU@DF_VALUATION(2.0),A,USA,P2,C23,CPA08_G45,XDC,O,V,T1620,2024,-362.83,D,S1,D,F,2,A,6,USD
OECD.SDD.NAD:DSD_NASU@DF_VALUATION(2.0),A,USA,P2,C24,CPA08_G45,XDC,O,V,T1620,2024,-717.37,D,S1,D,F,2,A,6,USD
OECD.SDD.NAD:DSD_NASU@DF_VALUATION(2.0),A,USA,P2,C25,CPA08_G45,XDC,O,V,T1620,2024,-1022.93,D,S1,D,F,2,A,6,USD
OECD.SDD.NAD:DSD_NASU@DF_VALUATION(2.0),A,USA,P2,C26,CPA08_G45,XDC,O,V,T1620,2024,-327.74,D,S1,D,F,2,A,6,USD
OECD.SDD.NAD:DSD_NASU@DF_VALUATION(2.0),A,USA,P2,C27,CPA08_G45,XDC,O,V,T1620,2024,-227.88,D,S1,D,F,2,A,6,USD
OECD.SDD.NAD:DSD_NASU@DF_VALUATION(2.0),A,USA,P2,C28,CPA08_G45,XDC,O,V,T1620,2024,-4667.25,D,S1,D,F,2,A,6,USD
OECD.SDD.NAD:DSD_NASU@DF_VALUATION(2.0),A,USA,P2,B07,CPA08_C32,XDC,O,V,T1620,2024,3.63,D,S1,D,F,2,A,6,USD
OECD.SDD.NAD:DSD_NASU@DF_VALUATION(2.0),A,USA,P2,B08,CPA08_C32,XDC,O,V,T1620,2024,6.33,D,S1,D,F,2,A,6,USD
OECD.SDD.NAD:DSD_NASU@DF_VALUATION(2.0),A,USA,P2,B09,CPA08_C32,XDC,O,V,T1620,2024,5.42,D,S1,D,F,2,A,6,USD
OECD.SDD.NAD:DSD_NASU@DF_VALUATION(2.0),A,USA,P2,C,CPA08_C32,XDC,O,V,T1620,2024,4261.02,D,S1,D,F,2,A,6,USD
OECD.SDD.NAD:DSD_NASU@DF_VALUATION(2.0),A,USA,P2,C10,CPA08_C32,XDC,O,V,T1620,2024,15.52,D,S1,D,F,2,A,6,USD
OECD.SDD.NAD:DSD_NASU@DF_VALUATION(2.0),A,USA,P2,C11,CPA08_C32,XDC,O,V,T1620,2024,4.27,D,S1,D,F,2,A,6,USD
OECD.SDD.NAD:DSD_NASU@DF_VALUATION(2.0),A,USA,P2,C13T15,CPA08_C32,XDC,O,V,T1620,2024,42.74,D,S1,D,F,2,A,6,USD
OECD.SDD.NAD:DSD_NASU@DF_VALUATION(2.0),A,USA,P2,C13,CPA08_C32,XDC,O,V,T1620,2024,1.63,D,S1,D,F,2,A,6,USD
OECD.SDD.NAD:DSD_NASU@DF_VALUATION(2.0),A,USA,P2,C14,CPA08_C32,XDC,O,V,T1620,2024,39.12,D,S1,D,F,2,A,6,USD
OECD.SDD.NAD:DSD_NASU@DF_VALUATION(2.0),A,USA,P2,_T,CPA08_C32,XDC,O,V,T1620,2024,41435.7,D,S1,D,F,2,A,6,USD
OECD.SDD.NAD:DSD_NASU@DF_VALUATION(2.0),A,USA,P2,A,CPA08_C32,XDC,O,V,T1620,2024,36.66,D,S1,D,F,2,A,6,USD
OECD.SDD.NAD:DSD_NASU@DF_VALUATION(2.0),A,USA,P2,A01,CPA08_C32,XDC,O,V,T1620,2024,36.66,D,S1,D,F,2,A,6,USD
OECD.SDD.NAD:DSD_NASU@DF_VALUATION(2.0),A,USA,P2,B,CPA08_C32,XDC,O,V,T1620,2024,41.41,D,S1,D,F,2,A,6,USD
OECD.SDD.NAD:DSD_NASU@DF_VALUATION(2.0),A,USA,P2,R92,CPA08_C32,XDC,O,V,T1620,2024,6.01,D,S1,D,F,2,A,6,USD
OECD.SDD.NAD:DSD_NASU@DF_VALUATION(2.0),A,USA,P2,R93,CPA08_C32,XDC,O,V,T1620,2024,84.54,D,S1,D,F,2,A,6,USD
OECD.SDD.NAD:DSD_NASU@DF_VALUATION(2.0),A,USA,P2,M75,CPA08_C31,XDC,O,V,T1620,2024,0.71,D,S1,D,F,2,A,6,USD
OECD.SDD.NAD:DSD_NASU@DF_VALUATION(2.0),A,USA,P2,J58,CPA08_G46,XDC,O,V,T1620,2024,-12388.7,D,S1,D,F,2,A,6,USD
OECD.SDD.NAD:DSD_NASU@DF_VALUATION(2.0),A,USA,P2,J59_60,CPA08_G46,XDC,O,V,T1620,2024,-2442.51,D,S1,D,F,2,A,6,USD
OECD.SDD.NAD:DSD_NASU@DF_VALUATION(2.0),A,USA,P2,J59,CPA08_G46,XDC,O,V,T1620,2024,-238.5,D,S1,D,F,2,A,6,USD
OECD.SDD.NAD:DSD_NASU@DF_VALUATION(2.0),A,USA,P2,J60,CPA08_G46,XDC,O,V,T1620,2024,-2204.01,D,S1,D,F,2,A,6,USD
OECD.SDD.NAD:DSD_NASU@DF_VALUATION(2.0),A,USA,P2,J61,CPA08_G46,XDC,O,V,T1620,2024,-15896.26,D,S1,D,F,2,A,6,USD
OECD.SDD.NAD:DSD_NASU@DF_VALUATION(2.0),A,USA,P2,J62_63,CPA08_G46,XDC,O,V,T1620,2024,-10254.43,D,S1,D,F,2,A,6,USD
OECD.SDD.NAD:DSD_NASU@DF_VALUATION(2.0),A,USA,P2,J62,CPA08_G46,XDC,O,V,T1620,2024,-4758.9,D,S1,D,F,2,A,6,USD
OECD.SDD.NAD:DSD_NASU@DF_VALUATION(2.0),A,USA,P2,J63,CPA08_G46,XDC,O,V,T1620,2024,-5495.54,D,S1,D,F,2,A,6,USD
OECD.SDD.NAD:DSD_NASU@DF_VALUATION(2.0),A,USA,P2,K,CPA08_G46,XDC,O,V,T1620,2024,-5383.16,D,S1,D,F,2,A,6,USD
OECD.SDD.NAD:DSD_NASU@DF_VALUATION(2.0),A,USA,P2,K64,CPA08_G46,XDC,O,V,T1620,2024,-3547.67,D,S1,D,F,2,A,6,USD
OECD.SDD.NAD:DSD_NASU@DF_VALUATION(2.0),A,USA,P2,K65,CPA08_G46,XDC,O,V,T1620,2024,-639.58,D,S1,D,F,2,A,6,USD
OECD.SDD.NAD:DSD_NASU@DF_VALUATION(2.0),A,USA,P2,K66,CPA08_G46,XDC,O,V,T1620,2024,-1195.92,D,S1,D,F,2,A,6,USD
OECD.SDD.NAD:DSD_NASU@DF_VALUATION(2.0),A,USA,P2,L,CPA08_G46,XDC,O,V,T1620,2024,-5563.42,D,S1,D,F,2,A,6,USD
OECD.SDD.NAD:DSD_NASU@DF_VALUATION(2.0),A,USA,P2,L68A,CPA08_G46,XDC,O,V,T1620,2024,-472.4,D,S1,D,F,2,A,6,USD
OECD.SDD.NAD:DSD_NASU@DF_VALUATION(2.0),A,USA,P2,L68B,CPA08_G46,XDC,O,V,T1620,2024,-5091.02,D,S1,D,F,2,A,6,USD
OECD.SDD.NAD:DSD_NASU@DF_VALUATION(2.0),A,USA,P2,M69_70,CPA08_G46,XDC,O,V,T1620,2024,-15597.38,D,S1,D,F,2,A,6,USD
OECD.SDD.NAD:DSD_NASU@DF_VALUATION(2.0),A,USA,P2,M69,CPA08_G46,XDC,O,V,T1620,2024,-1691.07,D,S1,D,F,2,A,6,USD
OECD.SDD.NAD:DSD_NASU@DF_VALUATION(2.0),A,USA,P2,M70,CPA08_G46,XDC,O,V,T1620,2024,-13906.31,D,S1,D,F,2,A,6,USD
OECD.SDD.NAD:DSD_NASU@DF_VALUATION(2.0),A,USA,P2,M71,CPA08_G46,XDC,O,V,T1620,2024,-8095.13,D,S1,D,F,2,A,6,USD
OECD.SDD.NAD:DSD_NASU@DF_VALUATION(2.0),A,USA,P2,M72,CPA08_G46,XDC,O,V,T1620,2024,-24553.03,D,S1,D,F,2,A,6,USD
OECD.SDD.NAD:DSD_NASU@DF_VALUATION(2.0),A,USA,P2,M73,CPA08_G46,XDC,O,V,T1620,2024,-1277.63,D,S1,D,F,2,A,6,USD
OECD.SDD.NAD:DSD_NASU@DF_VALUATION(2.0),A,USA,P2,M74_75,CPA08_G46,XDC,O,V,T1620,2024,-5397.87,D,S1,D,F,2,A,6,USD
OECD.SDD.NAD:DSD_NASU@DF_VALUATION(2.0),A,USA,P2,M74,CPA08_G46,XDC,O,V,T1620,2024,-2864,D,S1,D,F,2,A,6,USD
OECD.SDD.NAD:DSD_NASU@DF_VALUATION(2.0),A,USA,P2,M75,CPA08_G46,XDC,O,V,T1620,2024,-2533.87,D,S1,D,F,2,A,6,USD
OECD.SDD.NAD:DSD_NASU@DF_VALUATION(2.0),A,USA,P2,N,CPA08_G46,XDC,O,V,T1620,2024,-15878.21,D,S1,D,F,2,A,6,USD
OECD.SDD.NAD:DSD_NASU@DF_VALUATION(2.0),A,USA,P2,N77,CPA08_G46,XDC,O,V,T1620,2024,-3424.61,D,S1,D,F,2,A,6,USD
OECD.SDD.NAD:DSD_NASU@DF_VALUATION(2.0),A,USA,P2,N78,CPA08_G46,XDC,O,V,T1620,2024,-528.35,D,S1,D,F,2,A,6,USD
OECD.SDD.NAD:DSD_NASU@DF_VALUATION(2.0),A,USA,P2,N79,CPA08_G46,XDC,O,V,T1620,2024,-151.61,D,S1,D,F,2,A,6,USD
OECD.SDD.NAD:DSD_NASU@DF_VALUATION(2.0),A,USA,P2,N80T82,CPA08_G46,XDC,O,V,T1620,2024,-11773.65,D,S1,D,F,2,A,6,USD
OECD.SDD.NAD:DSD_NASU@DF_VALUATION(2.0),A,USA,P2,N80,CPA08_G46,XDC,O,V,T1620,2024,-775.16,D,S1,D,F,2,A,6,USD
OECD.SDD.NAD:DSD_NASU@DF_VALUATION(2.0),A,USA,P2,N81,CPA08_G46,XDC,O,V,T1620,2024,-8168.95,D,S1,D,F,2,A,6,USD
OECD.SDD.NAD:DSD_NASU@DF_VALUATION(2.0),A,USA,P2,C13T15,CPA08_G46,XDC,O,V,T1620,2024,-3802.96,D,S1,D,F,2,A,6,USD
OECD.SDD.NAD:DSD_NASU@DF_VALUATION(2.0),A,USA,P2,C13,CPA08_G46,XDC,O,V,T1620,2024,-2932.48,D,S1,D,F,2,A,6,USD
OECD.SDD.NAD:DSD_NASU@DF_VALUATION(2.0),A,USA,P2,C14,CPA08_G46,XDC,O,V,T1620,2024,-500.16,D,S1,D,F,2,A,6,USD
OECD.SDD.NAD:DSD_NASU@DF_VALUATION(2.0),A,USA,P2,C15,CPA08_G46,XDC,O,V,T1620,2024,-370.32,D,S1,D,F,2,A,6,USD
OECD.SDD.NAD:DSD_NASU@DF_VALUATION(2.0),A,USA,P2,C16,CPA08_G46,XDC,O,V,T1620,2024,-13925.91,D,S1,D,F,2,A,6,USD
OECD.SDD.NAD:DSD_NASU@DF_VALUATION(2.0),A,USA,P2,C17,CPA08_G46,XDC,O,V,T1620,2024,-13748.33,D,S1,D,F,2,A,6,USD
OECD.SDD.NAD:DSD_NASU@DF_VALUATION(2.0),A,USA,P2,C18,CPA08_G46,XDC,O,V,T1620,2024,-3809.35,D,S1,D,F,2,A,6,USD
OECD.SDD.NAD:DSD_NASU@DF_VALUATION(2.0),A,USA,P2,C19,CPA08_G46,XDC,O,V,T1620,2024,-19106.9,D,S1,D,F,2,A,6,USD
OECD.SDD.NAD:DSD_NASU@DF_VALUATION(2.0),A,USA,P2,C20,CPA08_G46,XDC,O,V,T1620,2024,-35632.74,D,S1,D,F,2,A,6,USD
OECD.SDD.NAD:DSD_NASU@DF_VALUATION(2.0),A,USA,P2,C21,CPA08_G46,XDC,O,V,T1620,2024,-17420.78,D,S1,D,F,2,A,6,USD
OECD.SDD.NAD:DSD_NASU@DF_VALUATION(2.0),A,USA,P2,C22,CPA08_G46,XDC,O,V,T1620,2024,-19221.07,D,S1,D,F,2,A,6,USD
OECD.SDD.NAD:DSD_NASU@DF_VALUATION(2.0),A,USA,P2,C23,CPA08_G46,XDC,O,V,T1620,2024,-8790.47,D,S1,D,F,2,A,6,USD
OECD.SDD.NAD:DSD_NASU@DF_VALUATION(2.0),A,USA,P2,C24,CPA08_G46,XDC,O,V,T1620,2024,-30163.6,D,S1,D,F,2,A,6,USD
OECD.SDD.NAD:DSD_NASU@DF_VALUATION(2.0),A,USA,P2,C25,CPA08_G46,XDC,O,V,T1620,2024,-24016.12,D,S1,D,F,2,A,6,USD
OECD.SDD.NAD:DSD_NASU@DF_VALUATION(2.0),A,USA,P2,C26,CPA08_G46,XDC,O,V,T1620,2024,-14387.37,D,S1,D,F,2,A,6,USD
OECD.SDD.NAD:DSD_NASU@DF_VALUATION(2.0),A,USA,P2,C27,CPA08_G46,XDC,O,V,T1620,2024,-13119.52,D,S1,D,F,2,A,6,USD
OECD.SDD.NAD:DSD_NASU@DF_VALUATION(2.0),A,USA,P2,C28,CPA08_G46,XDC,O,V,T1620,2024,-25928.82,D,S1,D,F,2,A,6,USD
OECD.SDD.NAD:DSD_NASU@DF_VALUATION(2.0),A,USA,P2,C29,CPA08_G46,XDC,O,V,T1620,2024,-38106.06,D,S1,D,F,2,A,6,USD
OECD.SDD.NAD:DSD_NASU@DF_VALUATION(2.0),A,USA,P2,C30,CPA08_G46,XDC,O,V,T1620,2024,-14674.74,D,S1,D,F,2,A,6,USD
OECD.SDD.NAD:DSD_NASU@DF_VALUATION(2.0),A,USA,P2,C29,CPA08_G,XDC,O,V,T1620,2024,-84913.37,D,S1,D,F,2,A,6,USD
OECD.SDD.NAD:DSD_NASU@DF_VALUATION(2.0),A,USA,P2,C30,CPA08_G,XDC,O,V,T1620,2024,-16007.11,D,S1,D,F,2,A,6,USD
OECD.SDD.NAD:DSD_NASU@DF_VALUATION(2.0),A,USA,P2,C31_32,CPA08_G,XDC,O,V,T1620,2024,-12095.09,D,S1,D,F,2,A,6,USD
OECD.SDD.NAD:DSD_NASU@DF_VALUATION(2.0),A,USA,P2,C31,CPA08_G,XDC,O,V,T1620,2024,-6144.56,D,S1,D,F,2,A,6,USD
OECD.SDD.NAD:DSD_NASU@DF_VALUATION(2.0),A,USA,P2,C32,CPA08_G,XDC,O,V,T1620,2024,-5950.53,D,S1,D,F,2,A,6,USD
OECD.SDD.NAD:DSD_NASU@DF_VALUATION(2.0),A,USA,P2,C33,CPA08_G,XDC,O,V,T1620,2024,-2741.87,D,S1,D,F,2,A,6,USD
OECD.SDD.NAD:DSD_NASU@DF_VALUATION(2.0),A,USA,P2,D,CPA08_G,XDC,O,V,T1620,2024,-5446.52,D,S1,D,F,2,A,6,USD
OECD.SDD.NAD:DSD_NASU@DF_VALUATION(2.0),A,USA,P2,E,CPA08_G,XDC,O,V,T1620,2024,-4826.58,D,S1,D,F,2,A,6,USD
OECD.SDD.NAD:DSD_NASU@DF_VALUATION(2.0),A,USA,P2,A03,CPA08_G,XDC,O,V,T1620,2024,-48.47,D,S1,D,F,2,A,6,USD
OECD.SDD.NAD:DSD_NASU@DF_VALUATION(2.0),A,USA,P2,B,CPA08_G,XDC,O,V,T1620,2024,-18726.31,D,S1,D,F,2,A,6,USD
OECD.SDD.NAD:DSD_NASU@DF_VALUATION(2.0),A,USA,P2,B05,CPA08_G,XDC,O,V,T1620,2024,-1532.1,D,S1,D,F,2,A,6,USD
OECD.SDD.NAD:DSD_NASU@DF_VALUATION(2.0),A,USA,P2,B06,CPA08_G,XDC,O,V,T1620,2024,-12477.3,D,S1,D,F,2,A,6,USD
OECD.SDD.NAD:DSD_NASU@DF_VALUATION(2.0),A,USA,P2,B07,CPA08_G,XDC,O,V,T1620,2024,-1198.65,D,S1,D,F,2,A,6,USD
OECD.SDD.NAD:DSD_NASU@DF_VALUATION(2.0),A,USA,P2,B08,CPA08_G,XDC,O,V,T1620,2024,-1089.62,D,S1,D,F,2,A,6,USD
OECD.SDD.NAD:DSD_NASU@DF_VALUATION(2.0),A,USA,P2,B09,CPA08_G,XDC,O,V,T1620,2024,-2428.65,D,S1,D,F,2,A,6,USD
OECD.SDD.NAD:DSD_NASU@DF_VALUATION(2.0),A,USA,P2,C,CPA08_G,XDC,O,V,T1620,2024,-478923.41,D,S1,D,F,2,A,6,USD
OECD.SDD.NAD:DSD_NASU@DF_VALUATION(2.0),A,USA,P2,C10T12,CPA08_G,XDC,O,V,T1620,2024,-104078.28,D,S1,D,F,2,A,6,USD
OECD.SDD.NAD:DSD_NASU@DF_VALUATION(2.0),A,USA,P2,C10,CPA08_G,XDC,O,V,T1620,2024,-88630.47,D,S1,D,F,2,A,6,USD
OECD.SDD.NAD:DSD_NASU@DF_VALUATION(2.0),A,USA,P2,C11,CPA08_G,XDC,O,V,T1620,2024,-10636.44,D,S1,D,F,2,A,6,USD
OECD.SDD.NAD:DSD_NASU@DF_VALUATION(2.0),A,USA,P2,_T,CPA08_G,XDC,O,V,T1620,2024,-1271107.27,D,S1,D,F,2,A,6,USD
OECD.SDD.NAD:DSD_NASU@DF_VALUATION(2.0),A,USA,P2,A,CPA08_G,XDC,O,V,T1620,2024,-48174.16,D,S1,D,F,2,A,6,USD
OECD.SDD.NAD:DSD_NASU@DF_VALUATION(2.0),A,USA,P2,A01,CPA08_G,XDC,O,V,T1620,2024,-46962.66,D,S1,D,F,2,A,6,USD
OECD.SDD.NAD:DSD_NASU@DF_VALUATION(2.0),A,USA,P2,A02,CPA08_G,XDC,O,V,T1620,2024,-1163.03,D,S1,D,F,2,A,6,USD
OECD.SDD.NAD:DSD_NASU@DF_VALUATION(2.0),A,USA,P2,N81,CPA08_G,XDC,O,V,T1620,2024,-16796.34,D,S1,D,F,2,A,6,USD
OECD.SDD.NAD:DSD_NASU@DF_VALUATION(2.0),A,USA,P2,N82,CPA08_G,XDC,O,V,T1620,2024,-3567.22,D,S1,D,F,2,A,6,USD
OECD.SDD.NAD:DSD_NASU@DF_VALUATION(2.0),A,USA,P2,S94,CPA08_C32,XDC,O,V,T1620,2024,419.42,D,S1,D,F,2,A,6,USD
OECD.SDD.NAD:DSD_NASU@DF_VALUATION(2.0),A,USA,P2,S95,CPA08_C32,XDC,O,V,T1620,2024,23.93,D,S1,D,F,2,A,6,USD
OECD.SDD.NAD:DSD_NASU@DF_VALUATION(2.0),A,USA,P2,S96,CPA08_C32,XDC,O,V,T1620,2024,1409.37,D,S1,D,F,2,A,6,USD
OECD.SDD.NAD:DSD_NASU@DF_VALUATION(2.0),A,USA,P52,_Z,CPA08_C32,XDC,O,V,T1620,2024,388.71,D,S1,D,F,2,A,6,USD
OECD.SDD.NAD:DSD_NASU@DF_VALUATION(2.0),A,USA,P51G,_Z,CPA08_C32,XDC,O,V,T1620,2024,23584.18,D,S1,D,F,2,A,6,USD
OECD.SDD.NAD:DSD_NASU@DF_VALUATION(2.0),A,USA,P5,_Z,CPA08_C32,XDC,O,V,T1620,2024,23972.89,D,S1,D,F,2,A,6,USD
OECD.SDD.NAD:DSD_NASU@DF_VALUATION(2.0),A,USA,P3,_Z,CPA08_C32,XDC,O,V,T1620,2024,215771.03,D,S1,D,F,2,A,6,USD
OECD.SDD.NAD:DSD_NASU@DF_VALUATION(2.0),A,USA,TU,_Z,CPA08_C32,XDC,O,V,T1620,2024,299963.52,D,S1,D,F,2,A,6,USD
OECD.SDD.NAD:DSD_NASU@DF_VALUATION(2.0),A,USA,P2,C10T12,CPA08_C32,XDC,O,V,T1620,2024,19.79,D,S1,D,F,2,A,6,USD
OECD.SDD.NAD:DSD_NASU@DF_VALUATION(2.0),A,USA,P2,I56,CPA08_C32,XDC,O,V,T1620,2024,544.8,D,S1,D,F,2,A,6,USD
OECD.SDD.NAD:DSD_NASU@DF_VALUATION(2.0),A,USA,P2,N80T82,CPA08_C32,XDC,O,V,T1620,2024,1063.18,D,S1,D,F,2,A,6,USD
OECD.SDD.NAD:DSD_NASU@DF_VALUATION(2.0),A,USA,P2,G,CPA08_C32,XDC,O,V,T1620,2024,1018.54,D,S1,D,F,2,A,6,USD
OECD.SDD.NAD:DSD_NASU@DF_VALUATION(2.0),A,USA,P2,G45,CPA08_C32,XDC,O,V,T1620,2024,171.63,D,S1,D,F,2,A,6,USD
OECD.SDD.NAD:DSD_NASU@DF_VALUATION(2.0),A,USA,P2,G46,CPA08_C32,XDC,O,V,T1620,2024,380.11,D,S1,D,F,2,A,6,USD
OECD.SDD.NAD:DSD_NASU@DF_VALUATION(2.0),A,USA,P2,M75,CPA08_G47,XDC,O,V,T1620,2024,-6.68,D,S1,D,F,2,A,6,USD
OECD.SDD.NAD:DSD_NASU@DF_VALUATION(2.0),A,USA,P2,N,CPA08_G47,XDC,O,V,T1620,2024,-2711.22,D,S1,D,F,2,A,6,USD
OECD.SDD.NAD:DSD_NASU@DF_VALUATION(2.0),A,USA,P2,N77,CPA08_G47,XDC,O,V,T1620,2024,-328.27,D,S1,D,F,2,A,6,USD
OECD.SDD.NAD:DSD_NASU@DF_VALUATION(2.0),A,USA,P2,N78,CPA08_G47,XDC,O,V,T1620,2024,-33.15,D,S1,D,F,2,A,6,USD
OECD.SDD.NAD:DSD_NASU@DF_VALUATION(2.0),A,USA,P2,N79,CPA08_G47,XDC,O,V,T1620,2024,-11.37,D,S1,D,F,2,A,6,USD
OECD.SDD.NAD:DSD_NASU@DF_VALUATION(2.0),A,USA,P2,N80T82,CPA08_G47,XDC,O,V,T1620,2024,-2338.43,D,S1,D,F,2,A,6,USD
OECD.SDD.NAD:DSD_NASU@DF_VALUATION(2.0),A,USA,P2,N80,CPA08_G47,XDC,O,V,T1620,2024,-18.57,D,S1,D,F,2,A,6,USD
OECD.SDD.NAD:DSD_NASU@DF_VALUATION(2.0),A,USA,P2,C13T15,CPA08_G47,XDC,O,V,T1620,2024,-45.24,D,S1,D,F,2,A,6,USD
OECD.SDD.NAD:DSD_NASU@DF_VALUATION(2.0),A,USA,P2,C13,CPA08_G47,XDC,O,V,T1620,2024,-45.15,D,S1,D,F,2,A,6,USD
OECD.SDD.NAD:DSD_NASU@DF_VALUATION(2.0),A,USA,P2,C14,CPA08_G47,XDC,O,V,T1620,2024,-0.09,D,S1,D,F,2,A,6,USD
OECD.SDD.NAD:DSD_NASU@DF_VALUATION(2.0),A,USA,P2,C15,CPA08_G47,XDC,O,V,T1620,2024,0,D,S1,D,F,2,A,6,USD
OECD.SDD.NAD:DSD_NASU@DF_VALUATION(2.0),A,USA,P2,C16,CPA08_G47,XDC,O,V,T1620,2024,-540.03,D,S1,D,F,2,A,6,USD
OECD.SDD.NAD:DSD_NASU@DF_VALUATION(2.0),A,USA,P2,C17,CPA08_G47,XDC,O,V,T1620,2024,-122.34,D,S1,D,F,2,A,6,USD
OECD.SDD.NAD:DSD_NASU@DF_VALUATION(2.0),A,USA,P2,C18,CPA08_G47,XDC,O,V,T1620,2024,-1096.05,D,S1,D,F,2,A,6,USD
OECD.SDD.NAD:DSD_NASU@DF_VALUATION(2.0),A,USA,P2,C19,CPA08_G47,XDC,O,V,T1620,2024,-80.47,D,S1,D,F,2,A,6,USD
OECD.SDD.NAD:DSD_NASU@DF_VALUATION(2.0),A,USA,P2,C20,CPA08_G47,XDC,O,V,T1620,2024,-2303.29,D,S1,D,F,2,A,6,USD
OECD.SDD.NAD:DSD_NASU@DF_VALUATION(2.0),A,USA,P2,C21,CPA08_G47,XDC,O,V,T1620,2024,-12.42,D,S1,D,F,2,A,6,USD
OECD.SDD.NAD:DSD_NASU@DF_VALUATION(2.0),A,USA,P2,C22,CPA08_G47,XDC,O,V,T1620,2024,-100.43,D,S1,D,F,2,A,6,USD
OECD.SDD.NAD:DSD_NASU@DF_VALUATION(2.0),A,USA,P2,C23,CPA08_G47,XDC,O,V,T1620,2024,-45.68,D,S1,D,F,2,A,6,USD
OECD.SDD.NAD:DSD_NASU@DF_VALUATION(2.0),A,USA,P2,C24,CPA08_G47,XDC,O,V,T1620,2024,-47.16,D,S1,D,F,2,A,6,USD
OECD.SDD.NAD:DSD_NASU@DF_VALUATION(2.0),A,USA,P2,C25,CPA08_G47,XDC,O,V,T1620,2024,-118.79,D,S1,D,F,2,A,6,USD
OECD.SDD.NAD:DSD_NASU@DF_VALUATION(2.0),A,USA,P2,C26,CPA08_G47,XDC,O,V,T1620,2024,-93.58,D,S1,D,F,2,A,6,USD
OECD.SDD.NAD:DSD_NASU@DF_VALUATION(2.0),A,USA,P2,C27,CPA08_G47,XDC,O,V,T1620,2024,-301.89,D,S1,D,F,2,A,6,USD
OECD.SDD.NAD:DSD_NASU@DF_VALUATION(2.0),A,USA,P2,C28,CPA08_G47,XDC,O,V,T1620,2024,-805.87,D,S1,D,F,2,A,6,USD
OECD.SDD.NAD:DSD_NASU@DF_VALUATION(2.0),A,USA,P2,C29,CPA08_G47,XDC,O,V,T1620,2024,-913.66,D,S1,D,F,2,A,6,USD
OECD.SDD.NAD:DSD_NASU@DF_VALUATION(2.0),A,USA,P2,C30,CPA08_G47,XDC,O,V,T1620,2024,-100.44,D,S1,D,F,2,A,6,USD
OECD.SDD.NAD:DSD_NASU@DF_VALUATION(2.0),A,USA,P2,C31_32,CPA08_G47,XDC,O,V,T1620,2024,-536.63,D,S1,D,F,2,A,6,USD
OECD.SDD.NAD:DSD_NASU@DF_VALUATION(2.0),A,USA,P2,C29,CPA08_G45,XDC,O,V,T1620,2024,-45893.66,D,S1,D,F,2,A,6,USD
OECD.SDD.NAD:DSD_NASU@DF_VALUATION(2.0),A,USA,P2,C30,CPA08_G45,XDC,O,V,T1620,2024,-1231.93,D,S1,D,F,2,A,6,USD
OECD.SDD.NAD:DSD_NASU@DF_VALUATION(2.0),A,USA,P2,C31_32,CPA08_G45,XDC,O,V,T1620,2024,-463.8,D,S1,D,F,2,A,6,USD
OECD.SDD.NAD:DSD_NASU@DF_VALUATION(2.0),A,USA,P2,C31,CPA08_G45,XDC,O,V,T1620,2024,-230.37,D,S1,D,F,2,A,6,USD
OECD.SDD.NAD:DSD_NASU@DF_VALUATION(2.0),A,USA,P2,C32,CPA08_G45,XDC,O,V,T1620,2024,-233.43,D,S1,D,F,2,A,6,USD
OECD.SDD.NAD:DSD_NASU@DF_VALUATION(2.0),A,USA,P2,C33,CPA08_G45,XDC,O,V,T1620,2024,-92.62,D,S1,D,F,2,A,6,USD
OECD.SDD.NAD:DSD_NASU@DF_VALUATION(2.0),A,USA,P2,D,CPA08_G45,XDC,O,V,T1620,2024,-32.94,D,S1,D,F,2,A,6,USD
OECD.SDD.NAD:DSD_NASU@DF_VALUATION(2.0),A,USA,P2,A03,CPA08_G45,XDC,O,V,T1620,2024,-8.38,D,S1,D,F,2,A,6,USD
OECD.SDD.NAD:DSD_NASU@DF_VALUATION(2.0),A,USA,P2,B,CPA08_G45,XDC,O,V,T1620,2024,-1186.01,D,S1,D,F,2,A,6,USD
OECD.SDD.NAD:DSD_NASU@DF_VALUATION(2.0),A,USA,P2,B05,CPA08_G45,XDC,O,V,T1620,2024,-127.29,D,S1,D,F,2,A,6,USD
OECD.SDD.NAD:DSD_NASU@DF_VALUATION(2.0),A,USA,P2,B06,CPA08_G45,XDC,O,V,T1620,2024,-540.59,D,S1,D,F,2,A,6,USD
OECD.SDD.NAD:DSD_NASU@DF_VALUATION(2.0),A,USA,P2,B07,CPA08_G45,XDC,O,V,T1620,2024,-204.18,D,S1,D,F,2,A,6,USD
OECD.SDD.NAD:DSD_NASU@DF_VALUATION(2.0),A,USA,P2,B08,CPA08_G45,XDC,O,V,T1620,2024,-157.85,D,S1,D,F,2,A,6,USD
OECD.SDD.NAD:DSD_NASU@DF_VALUATION(2.0),A,USA,P2,B09,CPA08_G45,XDC,O,V,T1620,2024,-156.1,D,S1,D,F,2,A,6,USD
OECD.SDD.NAD:DSD_NASU@DF_VALUATION(2.0),A,USA,P2,C,CPA08_G45,XDC,O,V,T1620,2024,-60393.8,D,S1,D,F,2,A,6,USD
OECD.SDD.NAD:DSD_NASU@DF_VALUATION(2.0),A,USA,P2,C10T12,CPA08_G45,XDC,O,V,T1620,2024,-2411.27,D,S1,D,F,2,A,6,USD
OECD.SDD.NAD:DSD_NASU@DF_VALUATION(2.0),A,USA,P2,C10,CPA08_G45,XDC,O,V,T1620,2024,-1332.25,D,S1,D,F,2,A,6,USD
OECD.SDD.NAD:DSD_NASU@DF_VALUATION(2.0),A,USA,P2,C11,CPA08_G45,XDC,O,V,T1620,2024,-1024.14,D,S1,D,F,2,A,6,USD
OECD.SDD.NAD:DSD_NASU@DF_VALUATION(2.0),A,USA,P2,_T,CPA08_G45,XDC,O,V,T1620,2024,-116280.03,D,S1,D,F,2,A,6,USD
OECD.SDD.NAD:DSD_NASU@DF_VALUATION(2.0),A,USA,P2,A,CPA08_G45,XDC,O,V,T1620,2024,-631.56,D,S1,D,F,2,A,6,USD
OECD.SDD.NAD:DSD_NASU@DF_VALUATION(2.0),A,USA,P2,A01,CPA08_G45,XDC,O,V,T1620,2024,-623.06,D,S1,D,F,2,A,6,USD
OECD.SDD.NAD:DSD_NASU@DF_VALUATION(2.0),A,USA,P2,A02,CPA08_G45,XDC,O,V,T1620,2024,-0.12,D,S1,D,F,2,A,6,USD
OECD.SDD.NAD:DSD_NASU@DF_VALUATION(2.0),A,USA,P2,N81,CPA08_G45,XDC,O,V,T1620,2024,-6564.71,D,S1,D,F,2,A,6,USD
OECD.SDD.NAD:DSD_NASU@DF_VALUATION(2.0),A,USA,P2,N82,CPA08_G45,XDC,O,V,T1620,2024,-480.51,D,S1,D,F,2,A,6,USD
OECD.SDD.NAD:DSD_NASU@DF_VALUATION(2.0),A,USA,P2,P,CPA08_G,XDC,O,V,T1620,2024,-28745.6,D,S1,D,F,2,A,6,USD
OECD.SDD.NAD:DSD_NASU@DF_VALUATION(2.0),A,USA,P2,Q,CPA08_G,XDC,O,V,T1620,2024,-75062.82,D,S1,D,F,2,A,6,USD
OECD.SDD.NAD:DSD_NASU@DF_VALUATION(2.0),A,USA,P2,Q86,CPA08_G,XDC,O,V,T1620,2024,-64252.43,D,S1,D,F,2,A,6,USD
OECD.SDD.NAD:DSD_NASU@DF_VALUATION(2.0),A,USA,P2,Q87_88,CPA08_G,XDC,O,V,T1620,2024,-10810.4,D,S1,D,F,2,A,6,USD
OECD.SDD.NAD:DSD_NASU@DF_VALUATION(2.0),A,USA,P2,Q87,CPA08_G,XDC,O,V,T1620,2024,-3975.99,D,S1,D,F,2,A,6,USD
OECD.SDD.NAD:DSD_NASU@DF_VALUATION(2.0),A,USA,P2,Q88,CPA08_G,XDC,O,V,T1620,2024,-6834.41,D,S1,D,F,2,A,6,USD
OECD.SDD.NAD:DSD_NASU@DF_VALUATION(2.0),A,USA,P2,R,CPA08_G,XDC,O,V,T1620,2024,-5298.91,D,S1,D,F,2,A,6,USD
OECD.SDD.NAD:DSD_NASU@DF_VALUATION(2.0),A,USA,P2,R90T92,CPA08_G,XDC,O,V,T1620,2024,-1443.54,D,S1,D,F,2,A,6,USD
OECD.SDD.NAD:DSD_NASU@DF_VALUATION(2.0),A,USA,P2,R90,CPA08_G,XDC,O,V,T1620,2024,-779.04,D,S1,D,F,2,A,6,USD
OECD.SDD.NAD:DSD_NASU@DF_VALUATION(2.0),A,USA,P2,R91,CPA08_G,XDC,O,V,T1620,2024,-293.08,D,S1,D,F,2,A,6,USD
OECD.SDD.NAD:DSD_NASU@DF_VALUATION(2.0),A,USA,P2,R92,CPA08_G,XDC,O,V,T1620,2024,-371.43,D,S1,D,F,2,A,6,USD
OECD.SDD.NAD:DSD_NASU@DF_VALUATION(2.0),A,USA,P2,R93,CPA08_G,XDC,O,V,T1620,2024,-3855.37,D,S1,D,F,2,A,6,USD
OECD.SDD.NAD:DSD_NASU@DF_VALUATION(2.0),A,USA,P2,S,CPA08_G,XDC,O,V,T1620,2024,-10240.11,D,S1,D,F,2,A,6,USD
OECD.SDD.NAD:DSD_NASU@DF_VALUATION(2.0),A,USA,P2,S94,CPA08_G,XDC,O,V,T1620,2024,-3284.94,D,S1,D,F,2,A,6,USD
OECD.SDD.NAD:DSD_NASU@DF_VALUATION(2.0),A,USA,P2,S95,CPA08_G,XDC,O,V,T1620,2024,-2686.69,D,S1,D,F,2,A,6,USD
OECD.SDD.NAD:DSD_NASU@DF_VALUATION(2.0),A,USA,P2,S96,CPA08_G,XDC,O,V,T1620,2024,-4268.49,D,S1,D,F,2,A,6,USD
OECD.SDD.NAD:DSD_NASU@DF_VALUATION(2.0),A,USA,TU,_Z,CPA08_G,XDC,O,V,T1620,2024,-4822123.76,D,S1,D,F,2,A,6,USD
OECD.SDD.NAD:DSD_NASU@DF_VALUATION(2.0),A,USA,P51G,_Z,CPA08_G,XDC,O,V,T1620,2024,-478664.99,D,S1,D,F,2,A,6,USD
OECD.SDD.NAD:DSD_NASU@DF_VALUATION(2.0),A,USA,P5,_Z,CPA08_G,XDC,O,V,T1620,2024,-484739.54,D,S1,D,F,2,A,6,USD
OECD.SDD.NAD:DSD_NASU@DF_VALUATION(2.0),A,USA,P52,_Z,CPA08_G,XDC,O,V,T1620,2024,-6074.55,D,S1,D,F,2,A,6,USD
OECD.SDD.NAD:DSD_NASU@DF_VALUATION(2.0),A,USA,P3,_Z,CPA08_G,XDC,O,V,T1620,2024,-2804674.38,D,S1,D,F,2,A,6,USD
OECD.SDD.NAD:DSD_NASU@DF_VALUATION(2.0),A,USA,P2,C15,CPA08_G,XDC,O,V,T1620,2024,-372.31,D,S1,D,F,2,A,6,USD
OECD.SDD.NAD:DSD_NASU@DF_VALUATION(2.0),A,USA,P2,E36,CPA08_G,XDC,O,V,T1620,2024,-450.48,D,S1,D,F,2,A,6,USD
OECD.SDD.NAD:DSD_NASU@DF_VALUATION(2.0),A,USA,P2,E37T39,CPA08_G,XDC,O,V,T1620,2024,-4376.1,D,S1,D,F,2,A,6,USD
OECD.SDD.NAD:DSD_NASU@DF_VALUATION(2.0),A,USA,P2,E37,CPA08_G,XDC,O,V,T1620,2024,-65.21,D,S1,D,F,2,A,6,USD
OECD.SDD.NAD:DSD_NASU@DF_VALUATION(2.0),A,USA,P2,E38,CPA08_G,XDC,O,V,T1620,2024,-3366.42,D,S1,D,F,2,A,6,USD
OECD.SDD.NAD:DSD_NASU@DF_VALUATION(2.0),A,USA,P2,E39,CPA08_G,XDC,O,V,T1620,2024,-944.47,D,S1,D,F,2,A,6,USD
OECD.SDD.NAD:DSD_NASU@DF_VALUATION(2.0),A,USA,P2,F,CPA08_G,XDC,O,V,T1620,2024,-219024.81,D,S1,D,F,2,A,6,USD
OECD.SDD.NAD:DSD_NASU@DF_VALUATION(2.0),A,USA,P2,F41,CPA08_G,XDC,O,V,T1620,2024,-197137.58,D,S1,D,F,2,A,6,USD
OECD.SDD.NAD:DSD_NASU@DF_VALUATION(2.0),A,USA,P2,F42,CPA08_G,XDC,O,V,T1620,2024,-21887.23,D,S1,D,F,2,A,6,USD
OECD.SDD.NAD:DSD_NASU@DF_VALUATION(2.0),A,USA,P2,G,CPA08_G,XDC,O,V,T1620,2024,-63882.74,D,S1,D,F,2,A,6,USD
OECD.SDD.NAD:DSD_NASU@DF_VALUATION(2.0),A,USA,P2,H51,CPA08_G46,XDC,O,V,T1620,2024,-3253.53,D,S1,D,F,2,A,6,USD
OECD.SDD.NAD:DSD_NASU@DF_VALUATION(2.0),A,USA,P2,H52,CPA08_G46,XDC,O,V,T1620,2024,-2464.95,D,S1,D,F,2,A,6,USD
OECD.SDD.NAD:DSD_NASU@DF_VALUATION(2.0),A,USA,P2,H53,CPA08_G46,XDC,O,V,T1620,2024,-1602.12,D,S1,D,F,2,A,6,USD
OECD.SDD.NAD:DSD_NASU@DF_VALUATION(2.0),A,USA,P2,I,CPA08_G46,XDC,O,V,T1620,2024,-33328.72,D,S1,D,F,2,A,6,USD
OECD.SDD.NAD:DSD_NASU@DF_VALUATION(2.0),A,USA,P2,I55,CPA08_G46,XDC,O,V,T1620,2024,-3595.75,D,S1,D,F,2,A,6,USD
OECD.SDD.NAD:DSD_NASU@DF_VALUATION(2.0),A,USA,P2,I56,CPA08_G46,XDC,O,V,T1620,2024,-29732.97,D,S1,D,F,2,A,6,USD
OECD.SDD.NAD:DSD_NASU@DF_VALUATION(2.0),A,USA,P2,J,CPA08_G46,XDC,O,V,T1620,2024,-40981.9,D,S1,D,F,2,A,6,USD
OECD.SDD.NAD:DSD_NASU@DF_VALUATION(2.0),A,USA,P2,C28,CPA08_H,XDC,O,V,T1620,2024,-4674.14,D,S1,D,F,2,A,6,USD
OECD.SDD.NAD:DSD_NASU@DF_VALUATION(2.0),A,USA,P2,C29,CPA08_H,XDC,O,V,T1620,2024,-9783.65,D,S1,D,F,2,A,6,USD
OECD.SDD.NAD:DSD_NASU@DF_VALUATION(2.0),A,USA,P2,C30,CPA08_H,XDC,O,V,T1620,2024,-2383.47,D,S1,D,F,2,A,6,USD
OECD.SDD.NAD:DSD_NASU@DF_VALUATION(2.0),A,USA,P2,C31_32,CPA08_H,XDC,O,V,T1620,2024,-2936.61,D,S1,D,F,2,A,6,USD
OECD.SDD.NAD:DSD_NASU@DF_VALUATION(2.0),A,USA,P2,C31_32,CPA08_G46,XDC,O,V,T1620,2024,-11094.66,D,S1,D,F,2,A,6,USD
OECD.SDD.NAD:DSD_NASU@DF_VALUATION(2.0),A,USA,P2,C31,CPA08_G46,XDC,O,V,T1620,2024,-5707.39,D,S1,D,F,2,A,6,USD
OECD.SDD.NAD:DSD_NASU@DF_VALUATION(2.0),A,USA,P2,C32,CPA08_G46,XDC,O,V,T1620,2024,-5387.27,D,S1,D,F,2,A,6,USD
OECD.SDD.NAD:DSD_NASU@DF_VALUATION(2.0),A,USA,P2,C33,CPA08_G46,XDC,O,V,T1620,2024,-2437.75,D,S1,D,F,2,A,6,USD
OECD.SDD.NAD:DSD_NASU@DF_VALUATION(2.0),A,USA,P2,D,CPA08_G46,XDC,O,V,T1620,2024,-3613.37,D,S1,D,F,2,A,6,USD
OECD.SDD.NAD:DSD_NASU@DF_VALUATION(2.0),A,USA,P2,E,CPA08_G46,XDC,O,V,T1620,2024,-4102.77,D,S1,D,F,2,A,6,USD
OECD.SDD.NAD:DSD_NASU@DF_VALUATION(2.0),A,USA,P2,B,CPA08_G46,XDC,O,V,T1620,2024,-17339.94,D,S1,D,F,2,A,6,USD
OECD.SDD.NAD:DSD_NASU@DF_VALUATION(2.0),A,USA,P2,B05,CPA08_G46,XDC,O,V,T1620,2024,-1342.79,D,S1,D,F,2,A,6,USD
OECD.SDD.NAD:DSD_NASU@DF_VALUATION(2.0),A,USA,P2,B06,CPA08_G46,XDC,O,V,T1620,2024,-11839.46,D,S1,D,F,2,A,6,USD
OECD.SDD.NAD:DSD_NASU@DF_VALUATION(2.0),A,USA,P2,B07,CPA08_G46,XDC,O,V,T1620,2024,-983.54,D,S1,D,F,2,A,6,USD
OECD.SDD.NAD:DSD_NASU@DF_VALUATION(2.0),A,USA,P2,B08,CPA08_G46,XDC,O,V,T1620,2024,-918.14,D,S1,D,F,2,A,6,USD
OECD.SDD.NAD:DSD_NASU@DF_VALUATION(2.0),A,USA,P2,B09,CPA08_G46,XDC,O,V,T1620,2024,-2256,D,S1,D,F,2,A,6,USD
OECD.SDD.NAD:DSD_NASU@DF_VALUATION(2.0),A,USA,P2,C,CPA08_G46,XDC,O,V,T1620,2024,-410192.91,D,S1,D,F,2,A,6,USD
OECD.SDD.NAD:DSD_NASU@DF_VALUATION(2.0),A,USA,P2,C10T12,CPA08_G46,XDC,O,V,T1620,2024,-100805.76,D,S1,D,F,2,A,6,USD
OECD.SDD.NAD:DSD_NASU@DF_VALUATION(2.0),A,USA,P2,C10,CPA08_G46,XDC,O,V,T1620,2024,-86827.19,D,S1,D,F,2,A,6,USD
OECD.SDD.NAD:DSD_NASU@DF_VALUATION(2.0),A,USA,P2,C11,CPA08_G46,XDC,O,V,T1620,2024,-9229.25,D,S1,D,F,2,A,6,USD
OECD.SDD.NAD:DSD_NASU@DF_VALUATION(2.0),A,USA,P2,C12,CPA08_G46,XDC,O,V,T1620,2024,-4749.32,D,S1,D,F,2,A,6,USD
OECD.SDD.NAD:DSD_NASU@DF_VALUATION(2.0),A,USA,P2,A,CPA08_G46,XDC,O,V,T1620,2024,-46026.63,D,S1,D,F,2,A,6,USD
OECD.SDD.NAD:DSD_NASU@DF_VALUATION(2.0),A,USA,P2,A01,CPA08_G46,XDC,O,V,T1620,2024,-44834.85,D,S1,D,F,2,A,6,USD
OECD.SDD.NAD:DSD_NASU@DF_VALUATION(2.0),A,USA,P2,A02,CPA08_G46,XDC,O,V,T1620,2024,-1152.2,D,S1,D,F,2,A,6,USD
OECD.SDD.NAD:DSD_NASU@DF_VALUATION(2.0),A,USA,P2,A03,CPA08_G46,XDC,O,V,T1620,2024,-39.58,D,S1,D,F,2,A,6,USD
OECD.SDD.NAD:DSD_NASU@DF_VALUATION(2.0),A,USA,P2,N82,CPA08_G46,XDC,O,V,T1620,2024,-2829.54,D,S1,D,F,2,A,6,USD
OECD.SDD.NAD:DSD_NASU@DF_VALUATION(2.0),A,USA,P2,P,CPA08_G46,XDC,O,V,T1620,2024,-26665,D,S1,D,F,2,A,6,USD
OECD.SDD.NAD:DSD_NASU@DF_VALUATION(2.0),A,USA,P2,P,CPA08_G45,XDC,O,V,T1620,2024,-1584.21,D,S1,D,F,2,A,6,USD
OECD.SDD.NAD:DSD_NASU@DF_VALUATION(2.0),A,USA,P2,Q,CPA08_G45,XDC,O,V,T1620,2024,-1521.75,D,S1,D,F,2,A,6,USD
OECD.SDD.NAD:DSD_NASU@DF_VALUATION(2.0),A,USA,P2,Q86,CPA08_G45,XDC,O,V,T1620,2024,-798.52,D,S1,D,F,2,A,6,USD
OECD.SDD.NAD:DSD_NASU@DF_VALUATION(2.0),A,USA,P2,Q87_88,CPA08_G45,XDC,O,V,T1620,2024,-723.23,D,S1,D,F,2,A,6,USD
OECD.SDD.NAD:DSD_NASU@DF_VALUATION(2.0),A,USA,P2,Q87,CPA08_G45,XDC,O,V,T1620,2024,-47.58,D,S1,D,F,2,A,6,USD
OECD.SDD.NAD:DSD_NASU@DF_VALUATION(2.0),A,USA,P2,Q88,CPA08_G45,XDC,O,V,T1620,2024,-675.66,D,S1,D,F,2,A,6,USD
OECD.SDD.NAD:DSD_NASU@DF_VALUATION(2.0),A,USA,P2,R,CPA08_G45,XDC,O,V,T1620,2024,-238.8,D,S1,D,F,2,A,6,USD
OECD.SDD.NAD:DSD_NASU@DF_VALUATION(2.0),A,USA,P2,R90T92,CPA08_G45,XDC,O,V,T1620,2024,-29.25,D,S1,D,F,2,A,6,USD
OECD.SDD.NAD:DSD_NASU@DF_VALUATION(2.0),A,USA,P2,R90,CPA08_G45,XDC,O,V,T1620,2024,-12.93,D,S1,D,F,2,A,6,USD
OECD.SDD.NAD:DSD_NASU@DF_VALUATION(2.0),A,USA,P2,R91,CPA08_G45,XDC,O,V,T1620,2024,-1.64,D,S1,D,F,2,A,6,USD
OECD.SDD.NAD:DSD_NASU@DF_VALUATION(2.0),A,USA,P2,R92,CPA08_G45,XDC,O,V,T1620,2024,-14.68,D,S1,D,F,2,A,6,USD
OECD.SDD.NAD:DSD_NASU@DF_VALUATION(2.0),A,USA,P2,R93,CPA08_G45,XDC,O,V,T1620,2024,-209.55,D,S1,D,F,2,A,6,USD
OECD.SDD.NAD:DSD_NASU@DF_VALUATION(2.0),A,USA,P2,S,CPA08_G45,XDC,O,V,T1620,2024,-1143.29,D,S1,D,F,2,A,6,USD
OECD.SDD.NAD:DSD_NASU@DF_VALUATION(2.0),A,USA,P2,S94,CPA08_G45,XDC,O,V,T1620,2024,-694.4,D,S1,D,F,2,A,6,USD
OECD.SDD.NAD:DSD_NASU@DF_VALUATION(2.0),A,USA,P2,S95,CPA08_G45,XDC,O,V,T1620,2024,-16.98,D,S1,D,F,2,A,6,USD
OECD.SDD.NAD:DSD_NASU@DF_VALUATION(2.0),A,USA,P2,S96,CPA08_G45,XDC,O,V,T1620,2024,-431.91,D,S1,D,F,2,A,6,USD
OECD.SDD.NAD:DSD_NASU@DF_VALUATION(2.0),A,USA,P51G,_Z,CPA08_G45,XDC,O,V,T1620,2024,-96823.98,D,S1,D,F,2,A,6,USD
OECD.SDD.NAD:DSD_NASU@DF_VALUATION(2.0),A,USA,TU,_Z,CPA08_G45,XDC,O,V,T1620,2024,-617104.15,D,S1,D,F,2,A,6,USD
OECD.SDD.NAD:DSD_NASU@DF_VALUATION(2.0),A,USA,P5,_Z,CPA08_G45,XDC,O,V,T1620,2024,-99536.52,D,S1,D,F,2,A,6,USD
OECD.SDD.NAD:DSD_NASU@DF_VALUATION(2.0),A,USA,P52,_Z,CPA08_G45,XDC,O,V,T1620,2024,-2712.55,D,S1,D,F,2,A,6,USD
OECD.SDD.NAD:DSD_NASU@DF_VALUATION(2.0),A,USA,P3,_Z,CPA08_G45,XDC,O,V,T1620,2024,-380646.6,D,S1,D,F,2,A,6,USD
OECD.SDD.NAD:DSD_NASU@DF_VALUATION(2.0),A,USA,P2,N79,CPA08_G45,XDC,O,V,T1620,2024,-15.45,D,S1,D,F,2,A,6,USD
OECD.SDD.NAD:DSD_NASU@DF_VALUATION(2.0),A,USA,P2,E,CPA08_G45,XDC,O,V,T1620,2024,-661.25,D,S1,D,F,2,A,6,USD
OECD.SDD.NAD:DSD_NASU@DF_VALUATION(2.0),A,USA,P2,E36,CPA08_G45,XDC,O,V,T1620,2024,-1.97,D,S1,D,F,2,A,6,USD
OECD.SDD.NAD:DSD_NASU@DF_VALUATION(2.0),A,USA,P2,E37T39,CPA08_G45,XDC,O,V,T1620,2024,-659.28,D,S1,D,F,2,A,6,USD
OECD.SDD.NAD:DSD_NASU@DF_VALUATION(2.0),A,USA,P2,E37,CPA08_G45,XDC,O,V,T1620,2024,-0.38,D,S1,D,F,2,A,6,USD
OECD.SDD.NAD:DSD_NASU@DF_VALUATION(2.0),A,USA,P2,E38,CPA08_G45,XDC,O,V,T1620,2024,-417.18,D,S1,D,F,2,A,6,USD
OECD.SDD.NAD:DSD_NASU@DF_VALUATION(2.0),A,USA,P2,E39,CPA08_G45,XDC,O,V,T1620,2024,-241.72,D,S1,D,F,2,A,6,USD
OECD.SDD.NAD:DSD_NASU@DF_VALUATION(2.0),A,USA,P2,F,CPA08_G45,XDC,O,V,T1620,2024,-6092.78,D,S1,D,F,2,A,6,USD
OECD.SDD.NAD:DSD_NASU@DF_VALUATION(2.0),A,USA,P2,F41,CPA08_G45,XDC,O,V,T1620,2024,-5437.71,D,S1,D,F,2,A,6,USD
OECD.SDD.NAD:DSD_NASU@DF_VALUATION(2.0),A,USA,P2,F42,CPA08_G45,XDC,O,V,T1620,2024,-655.07,D,S1,D,F,2,A,6,USD
OECD.SDD.NAD:DSD_NASU@DF_VALUATION(2.0),A,USA,P2,G,CPA08_G45,XDC,O,V,T1620,2024,-18260.03,D,S1,D,F,2,A,6,USD
OECD.SDD.NAD:DSD_NASU@DF_VALUATION(2.0),A,USA,P2,G45,CPA08_G45,XDC,O,V,T1620,2024,-12332.09,D,S1,D,F,2,A,6,USD
OECD.SDD.NAD:DSD_NASU@DF_VALUATION(2.0),A,USA,P2,G46,CPA08_G45,XDC,O,V,T1620,2024,-1749.72,D,S1,D,F,2,A,6,USD
OECD.SDD.NAD:DSD_NASU@DF_VALUATION(2.0),A,USA,P2,I,CPA08_G47,XDC,O,V,T1620,2024,-11694.84,D,S1,D,F,2,A,6,USD
OECD.SDD.NAD:DSD_NASU@DF_VALUATION(2.0),A,USA,P2,I55,CPA08_G47,XDC,O,V,T1620,2024,-1780.08,D,S1,D,F,2,A,6,USD
OECD.SDD.NAD:DSD_NASU@DF_VALUATION(2.0),A,USA,P2,I56,CPA08_G47,XDC,O,V,T1620,2024,-9914.76,D,S1,D,F,2,A,6,USD
OECD.SDD.NAD:DSD_NASU@DF_VALUATION(2.0),A,USA,P2,J,CPA08_G47,XDC,O,V,T1620,2024,-308.8,D,S1,D,F,2,A,6,USD
OECD.SDD.NAD:DSD_NASU@DF_VALUATION(2.0),A,USA,P2,J58,CPA08_G47,XDC,O,V,T1620,2024,-84.74,D,S1,D,F,2,A,6,USD
OECD.SDD.NAD:DSD_NASU@DF_VALUATION(2.0),A,USA,P2,J59_60,CPA08_G47,XDC,O,V,T1620,2024,-13.3,D,S1,D,F,2,A,6,USD
OECD.SDD.NAD:DSD_NASU@DF_VALUATION(2.0),A,USA,P2,J59,CPA08_G47,XDC,O,V,T1620,2024,-13.14,D,S1,D,F,2,A,6,USD
OECD.SDD.NAD:DSD_NASU@DF_VALUATION(2.0),A,USA,P2,J60,CPA08_G47,XDC,O,V,T1620,2024,-0.16,D,S1,D,F,2,A,6,USD
OECD.SDD.NAD:DSD_NASU@DF_VALUATION(2.0),A,USA,P2,J61,CPA08_G47,XDC,O,V,T1620,2024,-16.41,D,S1,D,F,2,A,6,USD
OECD.SDD.NAD:DSD_NASU@DF_VALUATION(2.0),A,USA,P2,J62_63,CPA08_G47,XDC,O,V,T1620,2024,-194.35,D,S1,D,F,2,A,6,USD
OECD.SDD.NAD:DSD_NASU@DF_VALUATION(2.0),A,USA,P2,J62,CPA08_G47,XDC,O,V,T1620,2024,-62.33,D,S1,D,F,2,A,6,USD
OECD.SDD.NAD:DSD_NASU@DF_VALUATION(2.0),A,USA,P2,J63,CPA08_G47,XDC,O,V,T1620,2024,-132.02,D,S1,D,F,2,A,6,USD
OECD.SDD.NAD:DSD_NASU@DF_VALUATION(2.0),A,USA,P2,K,CPA08_G47,XDC,O,V,T1620,2024,-545.2,D,S1,D,F,2,A,6,USD
OECD.SDD.NAD:DSD_NASU@DF_VALUATION(2.0),A,USA,P2,K64,CPA08_G47,XDC,O,V,T1620,2024,-450.37,D,S1,D,F,2,A,6,USD
OECD.SDD.NAD:DSD_NASU@DF_VALUATION(2.0),A,USA,P2,K65,CPA08_G47,XDC,O,V,T1620,2024,-0.57,D,S1,D,F,2,A,6,USD
OECD.SDD.NAD:DSD_NASU@DF_VALUATION(2.0),A,USA,P2,K66,CPA08_G47,XDC,O,V,T1620,2024,-94.26,D,S1,D,F,2,A,6,USD
OECD.SDD.NAD:DSD_NASU@DF_VALUATION(2.0),A,USA,P2,L,CPA08_G47,XDC,O,V,T1620,2024,-6846.69,D,S1,D,F,2,A,6,USD
OECD.SDD.NAD:DSD_NASU@DF_VALUATION(2.0),A,USA,P2,L68A,CPA08_G47,XDC,O,V,T1620,2024,-4686.2,D,S1,D,F,2,A,6,USD
OECD.SDD.NAD:DSD_NASU@DF_VALUATION(2.0),A,USA,P2,L68B,CPA08_G47,XDC,O,V,T1620,2024,-2160.48,D,S1,D,F,2,A,6,USD
OECD.SDD.NAD:DSD_NASU@DF_VALUATION(2.0),A,USA,P2,M,CPA08_G47,XDC,O,V,T1620,2024,-548.18,D,S1,D,F,2,A,6,USD
OECD.SDD.NAD:DSD_NASU@DF_VALUATION(2.0),A,USA,P2,M69_70,CPA08_G47,XDC,O,V,T1620,2024,-122.89,D,S1,D,F,2,A,6,USD
OECD.SDD.NAD:DSD_NASU@DF_VALUATION(2.0),A,USA,P2,M69,CPA08_G47,XDC,O,V,T1620,2024,-38.93,D,S1,D,F,2,A,6,USD
OECD.SDD.NAD:DSD_NASU@DF_VALUATION(2.0),A,USA,P2,M70,CPA08_G47,XDC,O,V,T1620,2024,-83.96,D,S1,D,F,2,A,6,USD
OECD.SDD.NAD:DSD_NASU@DF_VALUATION(2.0),A,USA,P2,M71,CPA08_G47,XDC,O,V,T1620,2024,-106.31,D,S1,D,F,2,A,6,USD
OECD.SDD.NAD:DSD_NASU@DF_VALUATION(2.0),A,USA,P2,M72,CPA08_G47,XDC,O,V,T1620,2024,-52.04,D,S1,D,F,2,A,6,USD
OECD.SDD.NAD:DSD_NASU@DF_VALUATION(2.0),A,USA,P2,M73,CPA08_G47,XDC,O,V,T1620,2024,-193.93,D,S1,D,F,2,A,6,USD
OECD.SDD.NAD:DSD_NASU@DF_VALUATION(2.0),A,USA,P2,M74_75,CPA08_G47,XDC,O,V,T1620,2024,-73.01,D,S1,D,F,2,A,6,USD
OECD.SDD.NAD:DSD_NASU@DF_VALUATION(2.0),A,USA,P2,M74,CPA08_G47,XDC,O,V,T1620,2024,-66.33,D,S1,D,F,2,A,6,USD
OECD.SDD.NAD:DSD_NASU@DF_VALUATION(2.0),A,USA,P2,A02,CPA08_G47,XDC,O,V,T1620,2024,-10.71,D,S1,D,F,2,A,6,USD
OECD.SDD.NAD:DSD_NASU@DF_VALUATION(2.0),A,USA,P2,N81,CPA08_G47,XDC,O,V,T1620,2024,-2062.68,D,S1,D,F,2,A,6,USD
OECD.SDD.NAD:DSD_NASU@DF_VALUATION(2.0),A,USA,P2,N82,CPA08_G47,XDC,O,V,T1620,2024,-257.18,D,S1,D,F,2,A,6,USD
OECD.SDD.NAD:DSD_NASU@DF_VALUATION(2.0),A,USA,P2,Q86,CPA08_G46,XDC,O,V,T1620,2024,-62829.95,D,S1,D,F,2,A,6,USD
OECD.SDD.NAD:DSD_NASU@DF_VALUATION(2.0),A,USA,P2,Q87_88,CPA08_G46,XDC,O,V,T1620,2024,-9924.5,D,S1,D,F,2,A,6,USD
OECD.SDD.NAD:DSD_NASU@DF_VALUATION(2.0),A,USA,P2,Q87,CPA08_G46,XDC,O,V,T1620,2024,-3837.24,D,S1,D,F,2,A,6,USD
OECD.SDD.NAD:DSD_NASU@DF_VALUATION(2.0),A,USA,P2,Q88,CPA08_G46,XDC,O,V,T1620,2024,-6087.26,D,S1,D,F,2,A,6,USD
OECD.SDD.NAD:DSD_NASU@DF_VALUATION(2.0),A,USA,P2,R,CPA08_G46,XDC,O,V,T1620,2024,-4217.05,D,S1,D,F,2,A,6,USD
OECD.SDD.NAD:DSD_NASU@DF_VALUATION(2.0),A,USA,P2,R90T92,CPA08_G46,XDC,O,V,T1620,2024,-947.27,D,S1,D,F,2,A,6,USD
OECD.SDD.NAD:DSD_NASU@DF_VALUATION(2.0),A,USA,P2,R90,CPA08_G46,XDC,O,V,T1620,2024,-333.41,D,S1,D,F,2,A,6,USD
OECD.SDD.NAD:DSD_NASU@DF_VALUATION(2.0),A,USA,P2,R91,CPA08_G46,XDC,O,V,T1620,2024,-269.97,D,S1,D,F,2,A,6,USD
OECD.SDD.NAD:DSD_NASU@DF_VALUATION(2.0),A,USA,P2,R92,CPA08_G46,XDC,O,V,T1620,2024,-343.89,D,S1,D,F,2,A,6,USD
OECD.SDD.NAD:DSD_NASU@DF_VALUATION(2.0),A,USA,P2,R93,CPA08_G46,XDC,O,V,T1620,2024,-3269.78,D,S1,D,F,2,A,6,USD
OECD.SDD.NAD:DSD_NASU@DF_VALUATION(2.0),A,USA,P2,S,CPA08_G46,XDC,O,V,T1620,2024,-8367.25,D,S1,D,F,2,A,6,USD
OECD.SDD.NAD:DSD_NASU@DF_VALUATION(2.0),A,USA,P2,S94,CPA08_G46,XDC,O,V,T1620,2024,-2427.25,D,S1,D,F,2,A,6,USD
OECD.SDD.NAD:DSD_NASU@DF_VALUATION(2.0),A,USA,P2,S95,CPA08_G46,XDC,O,V,T1620,2024,-2197.69,D,S1,D,F,2,A,6,USD
OECD.SDD.NAD:DSD_NASU@DF_VALUATION(2.0),A,USA,P2,S96,CPA08_G46,XDC,O,V,T1620,2024,-3742.31,D,S1,D,F,2,A,6,USD
OECD.SDD.NAD:DSD_NASU@DF_VALUATION(2.0),A,USA,P3,_Z,CPA08_G46,XDC,O,V,T1620,2024,-676130.68,D,S1,D,F,2,A,6,USD
OECD.SDD.NAD:DSD_NASU@DF_VALUATION(2.0),A,USA,P51G,_Z,CPA08_G46,XDC,O,V,T1620,2024,-307529.52,D,S1,D,F,2,A,6,USD
OECD.SDD.NAD:DSD_NASU@DF_VALUATION(2.0),A,USA,TU,_Z,CPA08_G46,XDC,O,V,T1620,2024,-2234473.91,D,S1,D,F,2,A,6,USD
OECD.SDD.NAD:DSD_NASU@DF_VALUATION(2.0),A,USA,P52,_Z,CPA08_G46,XDC,O,V,T1620,2024,-3362.01,D,S1,D,F,2,A,6,USD
OECD.SDD.NAD:DSD_NASU@DF_VALUATION(2.0),A,USA,P5,_Z,CPA08_G46,XDC,O,V,T1620,2024,-310891.52,D,S1,D,F,2,A,6,USD
OECD.SDD.NAD:DSD_NASU@DF_VALUATION(2.0),A,USA,P2,_T,CPA08_G46,XDC,O,V,T1620,2024,-1006490.13,D,S1,D,F,2,A,6,USD
OECD.SDD.NAD:DSD_NASU@DF_VALUATION(2.0),A,USA,P2,M,CPA08_G46,XDC,O,V,T1620,2024,-54921.03,D,S1,D,F,2,A,6,USD
OECD.SDD.NAD:DSD_NASU@DF_VALUATION(2.0),A,USA,P2,O,CPA08_G46,XDC,O,V,T1620,2024,-80372.37,D,S1,D,F,2,A,6,USD
OECD.SDD.NAD:DSD_NASU@DF_VALUATION(2.0),A,USA,P2,E36,CPA08_G46,XDC,O,V,T1620,2024,-448.38,D,S1,D,F,2,A,6,USD
OECD.SDD.NAD:DSD_NASU@DF_VALUATION(2.0),A,USA,P2,E37T39,CPA08_G46,XDC,O,V,T1620,2024,-3654.39,D,S1,D,F,2,A,6,USD
OECD.SDD.NAD:DSD_NASU@DF_VALUATION(2.0),A,USA,P2,E37,CPA08_G46,XDC,O,V,T1620,2024,-34.13,D,S1,D,F,2,A,6,USD
OECD.SDD.NAD:DSD_NASU@DF_VALUATION(2.0),A,USA,P2,E38,CPA08_G46,XDC,O,V,T1620,2024,-2935.12,D,S1,D,F,2,A,6,USD
OECD.SDD.NAD:DSD_NASU@DF_VALUATION(2.0),A,USA,P2,E39,CPA08_G46,XDC,O,V,T1620,2024,-685.14,D,S1,D,F,2,A,6,USD
OECD.SDD.NAD:DSD_NASU@DF_VALUATION(2.0),A,USA,P2,F,CPA08_G46,XDC,O,V,T1620,2024,-121094.53,D,S1,D,F,2,A,6,USD
OECD.SDD.NAD:DSD_NASU@DF_VALUATION(2.0),A,USA,P2,F41,CPA08_G46,XDC,O,V,T1620,2024,-103007.64,D,S1,D,F,2,A,6,USD
OECD.SDD.NAD:DSD_NASU@DF_VALUATION(2.0),A,USA,P2,F42,CPA08_G46,XDC,O,V,T1620,2024,-18086.89,D,S1,D,F,2,A,6,USD
OECD.SDD.NAD:DSD_NASU@DF_VALUATION(2.0),A,USA,P2,G,CPA08_G46,XDC,O,V,T1620,2024,-41045.89,D,S1,D,F,2,A,6,USD
OECD.SDD.NAD:DSD_NASU@DF_VALUATION(2.0),A,USA,P2,G45,CPA08_G46,XDC,O,V,T1620,2024,-4447.88,D,S1,D,F,2,A,6,USD
OECD.SDD.NAD:DSD_NASU@DF_VALUATION(2.0),A,USA,P2,G46,CPA08_G46,XDC,O,V,T1620,2024,-25552.59,D,S1,D,F,2,A,6,USD
OECD.SDD.NAD:DSD_NASU@DF_VALUATION(2.0),A,USA,P2,G47,CPA08_G46,XDC,O,V,T1620,2024,-11045.42,D,S1,D,F,2,A,6,USD
OECD.SDD.NAD:DSD_NASU@DF_VALUATION(2.0),A,USA,P2,H,CPA08_G46,XDC,O,V,T1620,2024,-14641.52,D,S1,D,F,2,A,6,USD
OECD.SDD.NAD:DSD_NASU@DF_VALUATION(2.0),A,USA,P2,H49,CPA08_G46,XDC,O,V,T1620,2024,-6481.85,D,S1,D,F,2,A,6,USD
OECD.SDD.NAD:DSD_NASU@DF_VALUATION(2.0),A,USA,P2,H50,CPA08_G46,XDC,O,V,T1620,2024,-839.08,D,S1,D,F,2,A,6,USD
OECD.SDD.NAD:DSD_NASU@DF_VALUATION(2.0),A,USA,P2,I56,CPA08_H,XDC,O,V,T1620,2024,-5847.68,D,S1,D,F,2,A,6,USD
OECD.SDD.NAD:DSD_NASU@DF_VALUATION(2.0),A,USA,P2,J,CPA08_H,XDC,O,V,T1620,2024,-4494.63,D,S1,D,F,2,A,6,USD
OECD.SDD.NAD:DSD_NASU@DF_VALUATION(2.0),A,USA,P2,J58,CPA08_H,XDC,O,V,T1620,2024,-1167.83,D,S1,D,F,2,A,6,USD
OECD.SDD.NAD:DSD_NASU@DF_VALUATION(2.0),A,USA,P2,J59_60,CPA08_H,XDC,O,V,T1620,2024,-299.1,D,S1,D,F,2,A,6,USD
OECD.SDD.NAD:DSD_NASU@DF_VALUATION(2.0),A,USA,P2,J59,CPA08_H,XDC,O,V,T1620,2024,-71.56,D,S1,D,F,2,A,6,USD
OECD.SDD.NAD:DSD_NASU@DF_VALUATION(2.0),A,USA,P2,J60,CPA08_H,XDC,O,V,T1620,2024,-227.53,D,S1,D,F,2,A,6,USD
OECD.SDD.NAD:DSD_NASU@DF_VALUATION(2.0),A,USA,P2,J61,CPA08_H,XDC,O,V,T1620,2024,-1146.97,D,S1,D,F,2,A,6,USD
OECD.SDD.NAD:DSD_NASU@DF_VALUATION(2.0),A,USA,P2,J62_63,CPA08_H,XDC,O,V,T1620,2024,-1880.73,D,S1,D,F,2,A,6,USD
OECD.SDD.NAD:DSD_NASU@DF_VALUATION(2.0),A,USA,P2,J62,CPA08_H,XDC,O,V,T1620,2024,-603.91,D,S1,D,F,2,A,6,USD
OECD.SDD.NAD:DSD_NASU@DF_VALUATION(2.0),A,USA,P2,J63,CPA08_H,XDC,O,V,T1620,2024,-1276.82,D,S1,D,F,2,A,6,USD
OECD.SDD.NAD:DSD_NASU@DF_VALUATION(2.0),A,USA,P2,K,CPA08_H,XDC,O,V,T1620,2024,-1245.69,D,S1,D,F,2,A,6,USD
OECD.SDD.NAD:DSD_NASU@DF_VALUATION(2.0),A,USA,P2,K65,CPA08_H,XDC,O,V,T1620,2024,-117.26,D,S1,D,F,2,A,6,USD
OECD.SDD.NAD:DSD_NASU@DF_VALUATION(2.0),A,USA,P2,K66,CPA08_H,XDC,O,V,T1620,2024,-263.34,D,S1,D,F,2,A,6,USD
OECD.SDD.NAD:DSD_NASU@DF_VALUATION(2.0),A,USA,P2,L,CPA08_H,XDC,O,V,T1620,2024,-1851.96,D,S1,D,F,2,A,6,USD
OECD.SDD.NAD:DSD_NASU@DF_VALUATION(2.0),A,USA,P2,L68A,CPA08_H,XDC,O,V,T1620,2024,-266.15,D,S1,D,F,2,A,6,USD
OECD.SDD.NAD:DSD_NASU@DF_VALUATION(2.0),A,USA,P2,L68B,CPA08_H,XDC,O,V,T1620,2024,-1585.8,D,S1,D,F,2,A,6,USD
OECD.SDD.NAD:DSD_NASU@DF_VALUATION(2.0),A,USA,P2,M,CPA08_H,XDC,O,V,T1620,2024,-5808.59,D,S1,D,F,2,A,6,USD
OECD.SDD.NAD:DSD_NASU@DF_VALUATION(2.0),A,USA,P2,M69_70,CPA08_H,XDC,O,V,T1620,2024,-842.18,D,S1,D,F,2,A,6,USD
OECD.SDD.NAD:DSD_NASU@DF_VALUATION(2.0),A,USA,P2,M69,CPA08_H,XDC,O,V,T1620,2024,-167.41,D,S1,D,F,2,A,6,USD
OECD.SDD.NAD:DSD_NASU@DF_VALUATION(2.0),A,USA,P2,M70,CPA08_H,XDC,O,V,T1620,2024,-674.77,D,S1,D,F,2,A,6,USD
OECD.SDD.NAD:DSD_NASU@DF_VALUATION(2.0),A,USA,P2,M71,CPA08_H,XDC,O,V,T1620,2024,-1862.7,D,S1,D,F,2,A,6,USD
OECD.SDD.NAD:DSD_NASU@DF_VALUATION(2.0),A,USA,P2,M72,CPA08_H,XDC,O,V,T1620,2024,-1898.31,D,S1,D,F,2,A,6,USD
OECD.SDD.NAD:DSD_NASU@DF_VALUATION(2.0),A,USA,P2,M73,CPA08_H,XDC,O,V,T1620,2024,-329.16,D,S1,D,F,2,A,6,USD
OECD.SDD.NAD:DSD_NASU@DF_VALUATION(2.0),A,USA,P2,M74_75,CPA08_H,XDC,O,V,T1620,2024,-876.24,D,S1,D,F,2,A,6,USD
OECD.SDD.NAD:DSD_NASU@DF_VALUATION(2.0),A,USA,P2,M74,CPA08_H,XDC,O,V,T1620,2024,-699.94,D,S1,D,F,2,A,6,USD
OECD.SDD.NAD:DSD_NASU@DF_VALUATION(2.0),A,USA,P2,M75,CPA08_H,XDC,O,V,T1620,2024,-176.3,D,S1,D,F,2,A,6,USD
OECD.SDD.NAD:DSD_NASU@DF_VALUATION(2.0),A,USA,P2,N,CPA08_H,XDC,O,V,T1620,2024,-4151.68,D,S1,D,F,2,A,6,USD
OECD.SDD.NAD:DSD_NASU@DF_VALUATION(2.0),A,USA,P2,N77,CPA08_H,XDC,O,V,T1620,2024,-814.49,D,S1,D,F,2,A,6,USD
OECD.SDD.NAD:DSD_NASU@DF_VALUATION(2.0),A,USA,P2,N79,CPA08_H,XDC,O,V,T1620,2024,-39.55,D,S1,D,F,2,A,6,USD
OECD.SDD.NAD:DSD_NASU@DF_VALUATION(2.0),A,USA,P2,N80T82,CPA08_H,XDC,O,V,T1620,2024,-3182.43,D,S1,D,F,2,A,6,USD
OECD.SDD.NAD:DSD_NASU@DF_VALUATION(2.0),A,USA,P2,N80,CPA08_H,XDC,O,V,T1620,2024,-160.53,D,S1,D,F,2,A,6,USD
OECD.SDD.NAD:DSD_NASU@DF_VALUATION(2.0),A,USA,P2,N81,CPA08_H,XDC,O,V,T1620,2024,-2334.77,D,S1,D,F,2,A,6,USD
OECD.SDD.NAD:DSD_NASU@DF_VALUATION(2.0),A,USA,P2,N82,CPA08_H,XDC,O,V,T1620,2024,-687.14,D,S1,D,F,2,A,6,USD
OECD.SDD.NAD:DSD_NASU@DF_VALUATION(2.0),A,USA,P2,C13T15,CPA08_H,XDC,O,V,T1620,2024,-934.24,D,S1,D,F,2,A,6,USD
OECD.SDD.NAD:DSD_NASU@DF_VALUATION(2.0),A,USA,P2,C13,CPA08_H,XDC,O,V,T1620,2024,-781.1,D,S1,D,F,2,A,6,USD
OECD.SDD.NAD:DSD_NASU@DF_VALUATION(2.0),A,USA,P2,C14,CPA08_H,XDC,O,V,T1620,2024,-126.33,D,S1,D,F,2,A,6,USD
OECD.SDD.NAD:DSD_NASU@DF_VALUATION(2.0),A,USA,P2,C15,CPA08_H,XDC,O,V,T1620,2024,-26.8,D,S1,D,F,2,A,6,USD
OECD.SDD.NAD:DSD_NASU@DF_VALUATION(2.0),A,USA,P2,C16,CPA08_H,XDC,O,V,T1620,2024,-4544.11,D,S1,D,F,2,A,6,USD
OECD.SDD.NAD:DSD_NASU@DF_VALUATION(2.0),A,USA,P2,C17,CPA08_H,XDC,O,V,T1620,2024,-6736.51,D,S1,D,F,2,A,6,USD
OECD.SDD.NAD:DSD_NASU@DF_VALUATION(2.0),A,USA,P2,C18,CPA08_H,XDC,O,V,T1620,2024,-851.71,D,S1,D,F,2,A,6,USD
OECD.SDD.NAD:DSD_NASU@DF_VALUATION(2.0),A,USA,P2,C19,CPA08_H,XDC,O,V,T1620,2024,-21797.95,D,S1,D,F,2,A,6,USD
OECD.SDD.NAD:DSD_NASU@DF_VALUATION(2.0),A,USA,P2,C20,CPA08_H,XDC,O,V,T1620,2024,-13208.28,D,S1,D,F,2,A,6,USD
OECD.SDD.NAD:DSD_NASU@DF_VALUATION(2.0),A,USA,P2,C21,CPA08_H,XDC,O,V,T1620,2024,-855.15,D,S1,D,F,2,A,6,USD
OECD.SDD.NAD:DSD_NASU@DF_VALUATION(2.0),A,USA,P2,C22,CPA08_H,XDC,O,V,T1620,2024,-5621.61,D,S1,D,F,2,A,6,USD
OECD.SDD.NAD:DSD_NASU@DF_VALUATION(2.0),A,USA,P2,C23,CPA08_H,XDC,O,V,T1620,2024,-9724.05,D,S1,D,F,2,A,6,USD
OECD.SDD.NAD:DSD_NASU@DF_VALUATION(2.0),A,USA,P2,C24,CPA08_H,XDC,O,V,T1620,2024,-14226.53,D,S1,D,F,2,A,6,USD
OECD.SDD.NAD:DSD_NASU@DF_VALUATION(2.0),A,USA,P2,C25,CPA08_H,XDC,O,V,T1620,2024,-7029.41,D,S1,D,F,2,A,6,USD
OECD.SDD.NAD:DSD_NASU@DF_VALUATION(2.0),A,USA,P2,C26,CPA08_H,XDC,O,V,T1620,2024,-1413.31,D,S1,D,F,2,A,6,USD
OECD.SDD.NAD:DSD_NASU@DF_VALUATION(2.0),A,USA,P2,C27,CPA08_H,XDC,O,V,T1620,2024,-2797.69,D,S1,D,F,2,A,6,USD
OECD.SDD.NAD:DSD_NASU@DF_VALUATION(2.0),A,USA,P2,C12,CPA08_G47,XDC,O,V,T1620,2024,-7.17,D,S1,D,F,2,A,6,USD
OECD.SDD.NAD:DSD_NASU@DF_VALUATION(2.0),A,USA,P2,E36,CPA08_G47,XDC,O,V,T1620,2024,-0.12,D,S1,D,F,2,A,6,USD
OECD.SDD.NAD:DSD_NASU@DF_VALUATION(2.0),A,USA,P2,E37T39,CPA08_G47,XDC,O,V,T1620,2024,-62.44,D,S1,D,F,2,A,6,USD
OECD.SDD.NAD:DSD_NASU@DF_VALUATION(2.0),A,USA,P2,E37,CPA08_G47,XDC,O,V,T1620,2024,-30.7,D,S1,D,F,2,A,6,USD
OECD.SDD.NAD:DSD_NASU@DF_VALUATION(2.0),A,USA,P2,E38,CPA08_G47,XDC,O,V,T1620,2024,-14.12,D,S1,D,F,2,A,6,USD
OECD.SDD.NAD:DSD_NASU@DF_VALUATION(2.0),A,USA,P2,E39,CPA08_G47,XDC,O,V,T1620,2024,-17.62,D,S1,D,F,2,A,6,USD
OECD.SDD.NAD:DSD_NASU@DF_VALUATION(2.0),A,USA,P2,F,CPA08_G47,XDC,O,V,T1620,2024,-91837.5,D,S1,D,F,2,A,6,USD
OECD.SDD.NAD:DSD_NASU@DF_VALUATION(2.0),A,USA,P2,F41,CPA08_G47,XDC,O,V,T1620,2024,-88692.23,D,S1,D,F,2,A,6,USD
OECD.SDD.NAD:DSD_NASU@DF_VALUATION(2.0),A,USA,P2,F42,CPA08_G47,XDC,O,V,T1620,2024,-3145.27,D,S1,D,F,2,A,6,USD
OECD.SDD.NAD:DSD_NASU@DF_VALUATION(2.0),A,USA,P2,G,CPA08_G47,XDC,O,V,T1620,2024,-4576.81,D,S1,D,F,2,A,6,USD
OECD.SDD.NAD:DSD_NASU@DF_VALUATION(2.0),A,USA,P2,G45,CPA08_G47,XDC,O,V,T1620,2024,-2102.08,D,S1,D,F,2,A,6,USD
OECD.SDD.NAD:DSD_NASU@DF_VALUATION(2.0),A,USA,P2,G46,CPA08_G47,XDC,O,V,T1620,2024,-626.13,D,S1,D,F,2,A,6,USD
OECD.SDD.NAD:DSD_NASU@DF_VALUATION(2.0),A,USA,P2,G47,CPA08_G47,XDC,O,V,T1620,2024,-1848.61,D,S1,D,F,2,A,6,USD
OECD.SDD.NAD:DSD_NASU@DF_VALUATION(2.0),A,USA,P2,H,CPA08_G47,XDC,O,V,T1620,2024,-14307.58,D,S1,D,F,2,A,6,USD
OECD.SDD.NAD:DSD_NASU@DF_VALUATION(2.0),A,USA,P2,H49,CPA08_G47,XDC,O,V,T1620,2024,-12282.47,D,S1,D,F,2,A,6,USD
OECD.SDD.NAD:DSD_NASU@DF_VALUATION(2.0),A,USA,P2,H50,CPA08_G47,XDC,O,V,T1620,2024,-573.17,D,S1,D,F,2,A,6,USD
OECD.SDD.NAD:DSD_NASU@DF_VALUATION(2.0),A,USA,P2,H51,CPA08_G47,XDC,O,V,T1620,2024,-7.94,D,S1,D,F,2,A,6,USD
OECD.SDD.NAD:DSD_NASU@DF_VALUATION(2.0),A,USA,P2,H52,CPA08_G47,XDC,O,V,T1620,2024,-263.64,D,S1,D,F,2,A,6,USD
OECD.SDD.NAD:DSD_NASU@DF_VALUATION(2.0),A,USA,P2,H53,CPA08_G47,XDC,O,V,T1620,2024,-1180.36,D,S1,D,F,2,A,6,USD
OECD.SDD.NAD:DSD_NASU@DF_VALUATION(2.0),A,USA,P2,J58,CPA08_H49,XDC,O,V,T1620,2024,-1073.56,D,S1,D,F,2,A,6,USD
OECD.SDD.NAD:DSD_NASU@DF_VALUATION(2.0),A,USA,P2,J59_60,CPA08_H49,XDC,O,V,T1620,2024,-283.77,D,S1,D,F,2,A,6,USD
OECD.SDD.NAD:DSD_NASU@DF_VALUATION(2.0),A,USA,P2,J59,CPA08_H49,XDC,O,V,T1620,2024,-67.81,D,S1,D,F,2,A,6,USD
OECD.SDD.NAD:DSD_NASU@DF_VALUATION(2.0),A,USA,P2,J60,CPA08_H49,XDC,O,V,T1620,2024,-215.96,D,S1,D,F,2,A,6,USD
OECD.SDD.NAD:DSD_NASU@DF_VALUATION(2.0),A,USA,P2,J61,CPA08_H49,XDC,O,V,T1620,2024,-1075.08,D,S1,D,F,2,A,6,USD
OECD.SDD.NAD:DSD_NASU@DF_VALUATION(2.0),A,USA,P2,J62_63,CPA08_H49,XDC,O,V,T1620,2024,-1784.2,D,S1,D,F,2,A,6,USD
OECD.SDD.NAD:DSD_NASU@DF_VALUATION(2.0),A,USA,P2,J62,CPA08_H49,XDC,O,V,T1620,2024,-569.85,D,S1,D,F,2,A,6,USD
OECD.SDD.NAD:DSD_NASU@DF_VALUATION(2.0),A,USA,P2,J63,CPA08_H49,XDC,O,V,T1620,2024,-1214.35,D,S1,D,F,2,A,6,USD
OECD.SDD.NAD:DSD_NASU@DF_VALUATION(2.0),A,USA,P2,K,CPA08_H49,XDC,O,V,T1620,2024,-1207.79,D,S1,D,F,2,A,6,USD
OECD.SDD.NAD:DSD_NASU@DF_VALUATION(2.0),A,USA,P2,K64,CPA08_H49,XDC,O,V,T1620,2024,-841.16,D,S1,D,F,2,A,6,USD
OECD.SDD.NAD:DSD_NASU@DF_VALUATION(2.0),A,USA,P2,K65,CPA08_H49,XDC,O,V,T1620,2024,-112.25,D,S1,D,F,2,A,6,USD
OECD.SDD.NAD:DSD_NASU@DF_VALUATION(2.0),A,USA,P2,K66,CPA08_H49,XDC,O,V,T1620,2024,-254.38,D,S1,D,F,2,A,6,USD
OECD.SDD.NAD:DSD_NASU@DF_VALUATION(2.0),A,USA,P2,L,CPA08_H49,XDC,O,V,T1620,2024,-1735.69,D,S1,D,F,2,A,6,USD
OECD.SDD.NAD:DSD_NASU@DF_VALUATION(2.0),A,USA,P2,L68A,CPA08_H49,XDC,O,V,T1620,2024,-243.82,D,S1,D,F,2,A,6,USD
OECD.SDD.NAD:DSD_NASU@DF_VALUATION(2.0),A,USA,P2,L68B,CPA08_H49,XDC,O,V,T1620,2024,-1491.87,D,S1,D,F,2,A,6,USD
OECD.SDD.NAD:DSD_NASU@DF_VALUATION(2.0),A,USA,P2,M,CPA08_H49,XDC,O,V,T1620,2024,-5485.02,D,S1,D,F,2,A,6,USD
OECD.SDD.NAD:DSD_NASU@DF_VALUATION(2.0),A,USA,P2,M69_70,CPA08_H49,XDC,O,V,T1620,2024,-795.4,D,S1,D,F,2,A,6,USD
OECD.SDD.NAD:DSD_NASU@DF_VALUATION(2.0),A,USA,P2,M69,CPA08_H49,XDC,O,V,T1620,2024,-159.25,D,S1,D,F,2,A,6,USD
OECD.SDD.NAD:DSD_NASU@DF_VALUATION(2.0),A,USA,P2,M70,CPA08_H49,XDC,O,V,T1620,2024,-636.14,D,S1,D,F,2,A,6,USD
OECD.SDD.NAD:DSD_NASU@DF_VALUATION(2.0),A,USA,P2,M71,CPA08_H49,XDC,O,V,T1620,2024,-1748.89,D,S1,D,F,2,A,6,USD
OECD.SDD.NAD:DSD_NASU@DF_VALUATION(2.0),A,USA,P2,M72,CPA08_H49,XDC,O,V,T1620,2024,-1791.04,D,S1,D,F,2,A,6,USD
OECD.SDD.NAD:DSD_NASU@DF_VALUATION(2.0),A,USA,P2,M73,CPA08_H49,XDC,O,V,T1620,2024,-314.16,D,S1,D,F,2,A,6,USD
OECD.SDD.NAD:DSD_NASU@DF_VALUATION(2.0),A,USA,P2,M74_75,CPA08_H49,XDC,O,V,T1620,2024,-835.53,D,S1,D,F,2,A,6,USD
OECD.SDD.NAD:DSD_NASU@DF_VALUATION(2.0),A,USA,P2,M74,CPA08_H49,XDC,O,V,T1620,2024,-674.65,D,S1,D,F,2,A,6,USD
OECD.SDD.NAD:DSD_NASU@DF_VALUATION(2.0),A,USA,P2,M75,CPA08_H49,XDC,O,V,T1620,2024,-160.88,D,S1,D,F,2,A,6,USD
OECD.SDD.NAD:DSD_NASU@DF_VALUATION(2.0),A,USA,P2,N,CPA08_H49,XDC,O,V,T1620,2024,-3838.01,D,S1,D,F,2,A,6,USD
OECD.SDD.NAD:DSD_NASU@DF_VALUATION(2.0),A,USA,P2,N77,CPA08_H49,XDC,O,V,T1620,2024,-768.67,D,S1,D,F,2,A,6,USD
OECD.SDD.NAD:DSD_NASU@DF_VALUATION(2.0),A,USA,P2,N78,CPA08_H49,XDC,O,V,T1620,2024,-110.94,D,S1,D,F,2,A,6,USD
OECD.SDD.NAD:DSD_NASU@DF_VALUATION(2.0),A,USA,P2,N79,CPA08_H49,XDC,O,V,T1620,2024,-37.78,D,S1,D,F,2,A,6,USD
OECD.SDD.NAD:DSD_NASU@DF_VALUATION(2.0),A,USA,P2,N80T82,CPA08_H49,XDC,O,V,T1620,2024,-2920.62,D,S1,D,F,2,A,6,USD
OECD.SDD.NAD:DSD_NASU@DF_VALUATION(2.0),A,USA,P2,C12,CPA08_H49,XDC,O,V,T1620,2024,-879.35,D,S1,D,F,2,A,6,USD
OECD.SDD.NAD:DSD_NASU@DF_VALUATION(2.0),A,USA,P2,C13T15,CPA08_H49,XDC,O,V,T1620,2024,-890.92,D,S1,D,F,2,A,6,USD
OECD.SDD.NAD:DSD_NASU@DF_VALUATION(2.0),A,USA,P2,C13,CPA08_H49,XDC,O,V,T1620,2024,-741.33,D,S1,D,F,2,A,6,USD
OECD.SDD.NAD:DSD_NASU@DF_VALUATION(2.0),A,USA,P2,C14,CPA08_H49,XDC,O,V,T1620,2024,-123.66,D,S1,D,F,2,A,6,USD
OECD.SDD.NAD:DSD_NASU@DF_VALUATION(2.0),A,USA,P2,C15,CPA08_H49,XDC,O,V,T1620,2024,-25.93,D,S1,D,F,2,A,6,USD
OECD.SDD.NAD:DSD_NASU@DF_VALUATION(2.0),A,USA,P2,C16,CPA08_H49,XDC,O,V,T1620,2024,-4451.22,D,S1,D,F,2,A,6,USD
OECD.SDD.NAD:DSD_NASU@DF_VALUATION(2.0),A,USA,P2,C17,CPA08_H49,XDC,O,V,T1620,2024,-6527.34,D,S1,D,F,2,A,6,USD
OECD.SDD.NAD:DSD_NASU@DF_VALUATION(2.0),A,USA,P2,C18,CPA08_H49,XDC,O,V,T1620,2024,-829.69,D,S1,D,F,2,A,6,USD
OECD.SDD.NAD:DSD_NASU@DF_VALUATION(2.0),A,USA,P2,C19,CPA08_H49,XDC,O,V,T1620,2024,-21698.22,D,S1,D,F,2,A,6,USD
OECD.SDD.NAD:DSD_NASU@DF_VALUATION(2.0),A,USA,P2,C20,CPA08_H49,XDC,O,V,T1620,2024,-12019.76,D,S1,D,F,2,A,6,USD
OECD.SDD.NAD:DSD_NASU@DF_VALUATION(2.0),A,USA,P2,C21,CPA08_H49,XDC,O,V,T1620,2024,-820.5,D,S1,D,F,2,A,6,USD
OECD.SDD.NAD:DSD_NASU@DF_VALUATION(2.0),A,USA,P2,C22,CPA08_H49,XDC,O,V,T1620,2024,-5248.28,D,S1,D,F,2,A,6,USD
OECD.SDD.NAD:DSD_NASU@DF_VALUATION(2.0),A,USA,P2,C23,CPA08_H49,XDC,O,V,T1620,2024,-8677.82,D,S1,D,F,2,A,6,USD
OECD.SDD.NAD:DSD_NASU@DF_VALUATION(2.0),A,USA,P2,C24,CPA08_H49,XDC,O,V,T1620,2024,-13471.06,D,S1,D,F,2,A,6,USD
OECD.SDD.NAD:DSD_NASU@DF_VALUATION(2.0),A,USA,P2,C25,CPA08_H49,XDC,O,V,T1620,2024,-6653.73,D,S1,D,F,2,A,6,USD
OECD.SDD.NAD:DSD_NASU@DF_VALUATION(2.0),A,USA,P2,C26,CPA08_H49,XDC,O,V,T1620,2024,-1328.97,D,S1,D,F,2,A,6,USD
OECD.SDD.NAD:DSD_NASU@DF_VALUATION(2.0),A,USA,P2,C27,CPA08_H49,XDC,O,V,T1620,2024,-2596.73,D,S1,D,F,2,A,6,USD
OECD.SDD.NAD:DSD_NASU@DF_VALUATION(2.0),A,USA,P2,C28,CPA08_H49,XDC,O,V,T1620,2024,-4440.67,D,S1,D,F,2,A,6,USD
OECD.SDD.NAD:DSD_NASU@DF_VALUATION(2.0),A,USA,P2,C29,CPA08_H49,XDC,O,V,T1620,2024,-9243.17,D,S1,D,F,2,A,6,USD
OECD.SDD.NAD:DSD_NASU@DF_VALUATION(2.0),A,USA,P2,C30,CPA08_H49,XDC,O,V,T1620,2024,-2200.15,D,S1,D,F,2,A,6,USD
OECD.SDD.NAD:DSD_NASU@DF_VALUATION(2.0),A,USA,P2,C31_32,CPA08_H49,XDC,O,V,T1620,2024,-2807.34,D,S1,D,F,2,A,6,USD
OECD.SDD.NAD:DSD_NASU@DF_VALUATION(2.0),A,USA,P2,C31,CPA08_G47,XDC,O,V,T1620,2024,-206.8,D,S1,D,F,2,A,6,USD
OECD.SDD.NAD:DSD_NASU@DF_VALUATION(2.0),A,USA,P2,C32,CPA08_G47,XDC,O,V,T1620,2024,-329.82,D,S1,D,F,2,A,6,USD
OECD.SDD.NAD:DSD_NASU@DF_VALUATION(2.0),A,USA,P2,C33,CPA08_G47,XDC,O,V,T1620,2024,-211.5,D,S1,D,F,2,A,6,USD
OECD.SDD.NAD:DSD_NASU@DF_VALUATION(2.0),A,USA,P2,D,CPA08_G47,XDC,O,V,T1620,2024,-1800.21,D,S1,D,F,2,A,6,USD
OECD.SDD.NAD:DSD_NASU@DF_VALUATION(2.0),A,USA,P2,E,CPA08_G47,XDC,O,V,T1620,2024,-62.57,D,S1,D,F,2,A,6,USD
OECD.SDD.NAD:DSD_NASU@DF_VALUATION(2.0),A,USA,P2,A03,CPA08_G47,XDC,O,V,T1620,2024,-0.51,D,S1,D,F,2,A,6,USD
OECD.SDD.NAD:DSD_NASU@DF_VALUATION(2.0),A,USA,P2,B,CPA08_G47,XDC,O,V,T1620,2024,-200.36,D,S1,D,F,2,A,6,USD
OECD.SDD.NAD:DSD_NASU@DF_VALUATION(2.0),A,USA,P2,B05,CPA08_G47,XDC,O,V,T1620,2024,-62.02,D,S1,D,F,2,A,6,USD
OECD.SDD.NAD:DSD_NASU@DF_VALUATION(2.0),A,USA,P2,B06,CPA08_G47,XDC,O,V,T1620,2024,-97.24,D,S1,D,F,2,A,6,USD
OECD.SDD.NAD:DSD_NASU@DF_VALUATION(2.0),A,USA,P2,B07,CPA08_G47,XDC,O,V,T1620,2024,-10.93,D,S1,D,F,2,A,6,USD
OECD.SDD.NAD:DSD_NASU@DF_VALUATION(2.0),A,USA,P2,B08,CPA08_G47,XDC,O,V,T1620,2024,-13.62,D,S1,D,F,2,A,6,USD
OECD.SDD.NAD:DSD_NASU@DF_VALUATION(2.0),A,USA,P2,B09,CPA08_G47,XDC,O,V,T1620,2024,-16.55,D,S1,D,F,2,A,6,USD
OECD.SDD.NAD:DSD_NASU@DF_VALUATION(2.0),A,USA,P2,C,CPA08_G47,XDC,O,V,T1620,2024,-8336.7,D,S1,D,F,2,A,6,USD
OECD.SDD.NAD:DSD_NASU@DF_VALUATION(2.0),A,USA,P2,C10T12,CPA08_G47,XDC,O,V,T1620,2024,-861.25,D,S1,D,F,2,A,6,USD
OECD.SDD.NAD:DSD_NASU@DF_VALUATION(2.0),A,USA,P2,C10,CPA08_G47,XDC,O,V,T1620,2024,-471.02,D,S1,D,F,2,A,6,USD
OECD.SDD.NAD:DSD_NASU@DF_VALUATION(2.0),A,USA,P2,C11,CPA08_G47,XDC,O,V,T1620,2024,-383.05,D,S1,D,F,2,A,6,USD
OECD.SDD.NAD:DSD_NASU@DF_VALUATION(2.0),A,USA,P2,_T,CPA08_G47,XDC,O,V,T1620,2024,-148337.12,D,S1,D,F,2,A,6,USD
OECD.SDD.NAD:DSD_NASU@DF_VALUATION(2.0),A,USA,P2,A,CPA08_G47,XDC,O,V,T1620,2024,-1515.96,D,S1,D,F,2,A,6,USD
OECD.SDD.NAD:DSD_NASU@DF_VALUATION(2.0),A,USA,P2,A01,CPA08_G47,XDC,O,V,T1620,2024,-1504.75,D,S1,D,F,2,A,6,USD
OECD.SDD.NAD:DSD_NASU@DF_VALUATION(2.0),A,USA,P2,J62,CPA08_H50,XDC,O,V,T1620,2024,-7.52,D,S1,D,F,2,A,6,USD
OECD.SDD.NAD:DSD_NASU@DF_VALUATION(2.0),A,USA,P2,J63,CPA08_H50,XDC,O,V,T1620,2024,-24.95,D,S1,D,F,2,A,6,USD
OECD.SDD.NAD:DSD_NASU@DF_VALUATION(2.0),A,USA,P2,K,CPA08_H50,XDC,O,V,T1620,2024,-11.54,D,S1,D,F,2,A,6,USD
OECD.SDD.NAD:DSD_NASU@DF_VALUATION(2.0),A,USA,P2,K64,CPA08_H50,XDC,O,V,T1620,2024,-10.56,D,S1,D,F,2,A,6,USD
OECD.SDD.NAD:DSD_NASU@DF_VALUATION(2.0),A,USA,P2,K65,CPA08_H50,XDC,O,V,T1620,2024,-0.7,D,S1,D,F,2,A,6,USD
OECD.SDD.NAD:DSD_NASU@DF_VALUATION(2.0),A,USA,P2,K66,CPA08_H50,XDC,O,V,T1620,2024,-0.27,D,S1,D,F,2,A,6,USD
OECD.SDD.NAD:DSD_NASU@DF_VALUATION(2.0),A,USA,P2,L,CPA08_H50,XDC,O,V,T1620,2024,-87.36,D,S1,D,F,2,A,6,USD
OECD.SDD.NAD:DSD_NASU@DF_VALUATION(2.0),A,USA,P2,L68A,CPA08_H50,XDC,O,V,T1620,2024,-16.06,D,S1,D,F,2,A,6,USD
OECD.SDD.NAD:DSD_NASU@DF_VALUATION(2.0),A,USA,P2,L68B,CPA08_H50,XDC,O,V,T1620,2024,-71.29,D,S1,D,F,2,A,6,USD
OECD.SDD.NAD:DSD_NASU@DF_VALUATION(2.0),A,USA,P2,M,CPA08_H50,XDC,O,V,T1620,2024,-98.31,D,S1,D,F,2,A,6,USD
OECD.SDD.NAD:DSD_NASU@DF_VALUATION(2.0),A,USA,P2,M69_70,CPA08_H50,XDC,O,V,T1620,2024,-5.01,D,S1,D,F,2,A,6,USD
OECD.SDD.NAD:DSD_NASU@DF_VALUATION(2.0),A,USA,P2,M69,CPA08_H50,XDC,O,V,T1620,2024,-0.79,D,S1,D,F,2,A,6,USD
OECD.SDD.NAD:DSD_NASU@DF_VALUATION(2.0),A,USA,P2,M70,CPA08_H50,XDC,O,V,T1620,2024,-4.22,D,S1,D,F,2,A,6,USD
OECD.SDD.NAD:DSD_NASU@DF_VALUATION(2.0),A,USA,P2,M71,CPA08_H50,XDC,O,V,T1620,2024,-38.56,D,S1,D,F,2,A,6,USD
OECD.SDD.NAD:DSD_NASU@DF_VALUATION(2.0),A,USA,P2,M72,CPA08_H50,XDC,O,V,T1620,2024,-36.49,D,S1,D,F,2,A,6,USD
OECD.SDD.NAD:DSD_NASU@DF_VALUATION(2.0),A,USA,P2,M73,CPA08_H50,XDC,O,V,T1620,2024,-4.55,D,S1,D,F,2,A,6,USD
OECD.SDD.NAD:DSD_NASU@DF_VALUATION(2.0),A,USA,P2,M74_75,CPA08_H50,XDC,O,V,T1620,2024,-13.7,D,S1,D,F,2,A,6,USD
OECD.SDD.NAD:DSD_NASU@DF_VALUATION(2.0),A,USA,P2,M74,CPA08_H50,XDC,O,V,T1620,2024,-3.67,D,S1,D,F,2,A,6,USD
OECD.SDD.NAD:DSD_NASU@DF_VALUATION(2.0),A,USA,P2,M75,CPA08_H50,XDC,O,V,T1620,2024,-10.02,D,S1,D,F,2,A,6,USD
OECD.SDD.NAD:DSD_NASU@DF_VALUATION(2.0),A,USA,P2,N,CPA08_H50,XDC,O,V,T1620,2024,-193.59,D,S1,D,F,2,A,6,USD
OECD.SDD.NAD:DSD_NASU@DF_VALUATION(2.0),A,USA,P2,N77,CPA08_H50,XDC,O,V,T1620,2024,-21.79,D,S1,D,F,2,A,6,USD
OECD.SDD.NAD:DSD_NASU@DF_VALUATION(2.0),A,USA,P2,N78,CPA08_H50,XDC,O,V,T1620,2024,-0.41,D,S1,D,F,2,A,6,USD
OECD.SDD.NAD:DSD_NASU@DF_VALUATION(2.0),A,USA,P2,N79,CPA08_H50,XDC,O,V,T1620,2024,-0.05,D,S1,D,F,2,A,6,USD
OECD.SDD.NAD:DSD_NASU@DF_VALUATION(2.0),A,USA,P2,N80T82,CPA08_H50,XDC,O,V,T1620,2024,-171.34,D,S1,D,F,2,A,6,USD
OECD.SDD.NAD:DSD_NASU@DF_VALUATION(2.0),A,USA,P2,N80,CPA08_H50,XDC,O,V,T1620,2024,-3.89,D,S1,D,F,2,A,6,USD
OECD.SDD.NAD:DSD_NASU@DF_VALUATION(2.0),A,USA,P2,C12,CPA08_H50,XDC,O,V,T1620,2024,-32.05,D,S1,D,F,2,A,6,USD
OECD.SDD.NAD:DSD_NASU@DF_VALUATION(2.0),A,USA,P2,C13T15,CPA08_H50,XDC,O,V,T1620,2024,-17.49,D,S1,D,F,2,A,6,USD
OECD.SDD.NAD:DSD_NASU@DF_VALUATION(2.0),A,USA,P2,C13,CPA08_H50,XDC,O,V,T1620,2024,-17.34,D,S1,D,F,2,A,6,USD
OECD.SDD.NAD:DSD_NASU@DF_VALUATION(2.0),A,USA,P2,C14,CPA08_H50,XDC,O,V,T1620,2024,-0.05,D,S1,D,F,2,A,6,USD
OECD.SDD.NAD:DSD_NASU@DF_VALUATION(2.0),A,USA,P2,C15,CPA08_H50,XDC,O,V,T1620,2024,-0.1,D,S1,D,F,2,A,6,USD
OECD.SDD.NAD:DSD_NASU@DF_VALUATION(2.0),A,USA,P2,C16,CPA08_H50,XDC,O,V,T1620,2024,-12.47,D,S1,D,F,2,A,6,USD
OECD.SDD.NAD:DSD_NASU@DF_VALUATION(2.0),A,USA,P2,C17,CPA08_H50,XDC,O,V,T1620,2024,-112.87,D,S1,D,F,2,A,6,USD
OECD.SDD.NAD:DSD_NASU@DF_VALUATION(2.0),A,USA,P2,C18,CPA08_H50,XDC,O,V,T1620,2024,-1.84,D,S1,D,F,2,A,6,USD
OECD.SDD.NAD:DSD_NASU@DF_VALUATION(2.0),A,USA,P2,C19,CPA08_H50,XDC,O,V,T1620,2024,-90.44,D,S1,D,F,2,A,6,USD
OECD.SDD.NAD:DSD_NASU@DF_VALUATION(2.0),A,USA,P2,C20,CPA08_H50,XDC,O,V,T1620,2024,-793.88,D,S1,D,F,2,A,6,USD
OECD.SDD.NAD:DSD_NASU@DF_VALUATION(2.0),A,USA,P2,C21,CPA08_H50,XDC,O,V,T1620,2024,-2.69,D,S1,D,F,2,A,6,USD
OECD.SDD.NAD:DSD_NASU@DF_VALUATION(2.0),A,USA,P2,C22,CPA08_H50,XDC,O,V,T1620,2024,-134.23,D,S1,D,F,2,A,6,USD
OECD.SDD.NAD:DSD_NASU@DF_VALUATION(2.0),A,USA,P2,C23,CPA08_H50,XDC,O,V,T1620,2024,-514.24,D,S1,D,F,2,A,6,USD
OECD.SDD.NAD:DSD_NASU@DF_VALUATION(2.0),A,USA,P2,C24,CPA08_H50,XDC,O,V,T1620,2024,-547.06,D,S1,D,F,2,A,6,USD
OECD.SDD.NAD:DSD_NASU@DF_VALUATION(2.0),A,USA,P2,C25,CPA08_H50,XDC,O,V,T1620,2024,-217.61,D,S1,D,F,2,A,6,USD
OECD.SDD.NAD:DSD_NASU@DF_VALUATION(2.0),A,USA,P2,C26,CPA08_H50,XDC,O,V,T1620,2024,-14.66,D,S1,D,F,2,A,6,USD
OECD.SDD.NAD:DSD_NASU@DF_VALUATION(2.0),A,USA,P2,C27,CPA08_H50,XDC,O,V,T1620,2024,-122.22,D,S1,D,F,2,A,6,USD
OECD.SDD.NAD:DSD_NASU@DF_VALUATION(2.0),A,USA,P2,C28,CPA08_H50,XDC,O,V,T1620,2024,-69.63,D,S1,D,F,2,A,6,USD
OECD.SDD.NAD:DSD_NASU@DF_VALUATION(2.0),A,USA,P2,C29,CPA08_H50,XDC,O,V,T1620,2024,-71.07,D,S1,D,F,2,A,6,USD
OECD.SDD.NAD:DSD_NASU@DF_VALUATION(2.0),A,USA,P2,C30,CPA08_H50,XDC,O,V,T1620,2024,-18.91,D,S1,D,F,2,A,6,USD
OECD.SDD.NAD:DSD_NASU@DF_VALUATION(2.0),A,USA,P2,C31_32,CPA08_H50,XDC,O,V,T1620,2024,-60.08,D,S1,D,F,2,A,6,USD
OECD.SDD.NAD:DSD_NASU@DF_VALUATION(2.0),A,USA,P2,C31,CPA08_H50,XDC,O,V,T1620,2024,-16.2,D,S1,D,F,2,A,6,USD
OECD.SDD.NAD:DSD_NASU@DF_VALUATION(2.0),A,USA,P2,C31,CPA08_H,XDC,O,V,T1620,2024,-1729.86,D,S1,D,F,2,A,6,USD
OECD.SDD.NAD:DSD_NASU@DF_VALUATION(2.0),A,USA,P2,C32,CPA08_H,XDC,O,V,T1620,2024,-1206.75,D,S1,D,F,2,A,6,USD
OECD.SDD.NAD:DSD_NASU@DF_VALUATION(2.0),A,USA,P2,C33,CPA08_H,XDC,O,V,T1620,2024,-322.36,D,S1,D,F,2,A,6,USD
OECD.SDD.NAD:DSD_NASU@DF_VALUATION(2.0),A,USA,P2,D,CPA08_H,XDC,O,V,T1620,2024,-18358.54,D,S1,D,F,2,A,6,USD
OECD.SDD.NAD:DSD_NASU@DF_VALUATION(2.0),A,USA,P2,E,CPA08_H,XDC,O,V,T1620,2024,-1010.8,D,S1,D,F,2,A,6,USD
OECD.SDD.NAD:DSD_NASU@DF_VALUATION(2.0),A,USA,P2,A03,CPA08_H,XDC,O,V,T1620,2024,-10.54,D,S1,D,F,2,A,6,USD
OECD.SDD.NAD:DSD_NASU@DF_VALUATION(2.0),A,USA,P2,B,CPA08_H,XDC,O,V,T1620,2024,-15388.6,D,S1,D,F,2,A,6,USD
OECD.SDD.NAD:DSD_NASU@DF_VALUATION(2.0),A,USA,P2,B05,CPA08_H,XDC,O,V,T1620,2024,-802.53,D,S1,D,F,2,A,6,USD
OECD.SDD.NAD:DSD_NASU@DF_VALUATION(2.0),A,USA,P2,B07,CPA08_H,XDC,O,V,T1620,2024,-1319.35,D,S1,D,F,2,A,6,USD
OECD.SDD.NAD:DSD_NASU@DF_VALUATION(2.0),A,USA,P2,B08,CPA08_H,XDC,O,V,T1620,2024,-417.89,D,S1,D,F,2,A,6,USD
OECD.SDD.NAD:DSD_NASU@DF_VALUATION(2.0),A,USA,P2,B09,CPA08_H,XDC,O,V,T1620,2024,-532.93,D,S1,D,F,2,A,6,USD
OECD.SDD.NAD:DSD_NASU@DF_VALUATION(2.0),A,USA,P2,C,CPA08_H,XDC,O,V,T1620,2024,-159838.3,D,S1,D,F,2,A,6,USD
OECD.SDD.NAD:DSD_NASU@DF_VALUATION(2.0),A,USA,P2,C10T12,CPA08_H,XDC,O,V,T1620,2024,-49997.53,D,S1,D,F,2,A,6,USD
OECD.SDD.NAD:DSD_NASU@DF_VALUATION(2.0),A,USA,P2,C10,CPA08_H,XDC,O,V,T1620,2024,-46960.29,D,S1,D,F,2,A,6,USD
OECD.SDD.NAD:DSD_NASU@DF_VALUATION(2.0),A,USA,P2,C11,CPA08_H,XDC,O,V,T1620,2024,-2105.87,D,S1,D,F,2,A,6,USD
OECD.SDD.NAD:DSD_NASU@DF_VALUATION(2.0),A,USA,P2,C12,CPA08_H,XDC,O,V,T1620,2024,-931.37,D,S1,D,F,2,A,6,USD
OECD.SDD.NAD:DSD_NASU@DF_VALUATION(2.0),A,USA,P2,_T,CPA08_H,XDC,O,V,T1620,2024,-343621.55,D,S1,D,F,2,A,6,USD
OECD.SDD.NAD:DSD_NASU@DF_VALUATION(2.0),A,USA,P2,A,CPA08_H,XDC,O,V,T1620,2024,-16629.52,D,S1,D,F,2,A,6,USD
OECD.SDD.NAD:DSD_NASU@DF_VALUATION(2.0),A,USA,P2,A01,CPA08_H,XDC,O,V,T1620,2024,-16155.43,D,S1,D,F,2,A,6,USD
OECD.SDD.NAD:DSD_NASU@DF_VALUATION(2.0),A,USA,P2,A02,CPA08_H,XDC,O,V,T1620,2024,-463.55,D,S1,D,F,2,A,6,USD
OECD.SDD.NAD:DSD_NASU@DF_VALUATION(2.0),A,USA,P2,O,CPA08_H,XDC,O,V,T1620,2024,-32247.83,D,S1,D,F,2,A,6,USD
OECD.SDD.NAD:DSD_NASU@DF_VALUATION(2.0),A,USA,P2,P,CPA08_H,XDC,O,V,T1620,2024,-7090.6,D,S1,D,F,2,A,6,USD
OECD.SDD.NAD:DSD_NASU@DF_VALUATION(2.0),A,USA,P2,P,CPA08_G47,XDC,O,V,T1620,2024,-496.39,D,S1,D,F,2,A,6,USD
OECD.SDD.NAD:DSD_NASU@DF_VALUATION(2.0),A,USA,P2,Q,CPA08_G47,XDC,O,V,T1620,2024,-786.63,D,S1,D,F,2,A,6,USD
OECD.SDD.NAD:DSD_NASU@DF_VALUATION(2.0),A,USA,P2,Q86,CPA08_G47,XDC,O,V,T1620,2024,-623.96,D,S1,D,F,2,A,6,USD
OECD.SDD.NAD:DSD_NASU@DF_VALUATION(2.0),A,USA,P2,Q87_88,CPA08_G47,XDC,O,V,T1620,2024,-162.67,D,S1,D,F,2,A,6,USD
OECD.SDD.NAD:DSD_NASU@DF_VALUATION(2.0),A,USA,P2,Q87,CPA08_G47,XDC,O,V,T1620,2024,-91.18,D,S1,D,F,2,A,6,USD
OECD.SDD.NAD:DSD_NASU@DF_VALUATION(2.0),A,USA,P2,Q88,CPA08_G47,XDC,O,V,T1620,2024,-71.49,D,S1,D,F,2,A,6,USD
OECD.SDD.NAD:DSD_NASU@DF_VALUATION(2.0),A,USA,P2,R,CPA08_G47,XDC,O,V,T1620,2024,-843.06,D,S1,D,F,2,A,6,USD
OECD.SDD.NAD:DSD_NASU@DF_VALUATION(2.0),A,USA,P2,R90T92,CPA08_G47,XDC,O,V,T1620,2024,-467.03,D,S1,D,F,2,A,6,USD
OECD.SDD.NAD:DSD_NASU@DF_VALUATION(2.0),A,USA,P2,R90,CPA08_G47,XDC,O,V,T1620,2024,-432.7,D,S1,D,F,2,A,6,USD
OECD.SDD.NAD:DSD_NASU@DF_VALUATION(2.0),A,USA,P2,R91,CPA08_G47,XDC,O,V,T1620,2024,-21.47,D,S1,D,F,2,A,6,USD
OECD.SDD.NAD:DSD_NASU@DF_VALUATION(2.0),A,USA,P2,R92,CPA08_G47,XDC,O,V,T1620,2024,-12.85,D,S1,D,F,2,A,6,USD
OECD.SDD.NAD:DSD_NASU@DF_VALUATION(2.0),A,USA,P2,R93,CPA08_G47,XDC,O,V,T1620,2024,-376.03,D,S1,D,F,2,A,6,USD
OECD.SDD.NAD:DSD_NASU@DF_VALUATION(2.0),A,USA,P2,S,CPA08_G47,XDC,O,V,T1620,2024,-729.57,D,S1,D,F,2,A,6,USD
OECD.SDD.NAD:DSD_NASU@DF_VALUATION(2.0),A,USA,P2,S94,CPA08_G47,XDC,O,V,T1620,2024,-163.29,D,S1,D,F,2,A,6,USD
OECD.SDD.NAD:DSD_NASU@DF_VALUATION(2.0),A,USA,P2,S95,CPA08_G47,XDC,O,V,T1620,2024,-472.01,D,S1,D,F,2,A,6,USD
OECD.SDD.NAD:DSD_NASU@DF_VALUATION(2.0),A,USA,P2,S96,CPA08_G47,XDC,O,V,T1620,2024,-94.27,D,S1,D,F,2,A,6,USD
OECD.SDD.NAD:DSD_NASU@DF_VALUATION(2.0),A,USA,P5,_Z,CPA08_G47,XDC,O,V,T1620,2024,-74311.49,D,S1,D,F,2,A,6,USD
OECD.SDD.NAD:DSD_NASU@DF_VALUATION(2.0),A,USA,P3,_Z,CPA08_G47,XDC,O,V,T1620,2024,-1747897.09,D,S1,D,F,2,A,6,USD
OECD.SDD.NAD:DSD_NASU@DF_VALUATION(2.0),A,USA,P51G,_Z,CPA08_G47,XDC,O,V,T1620,2024,-74311.49,D,S1,D,F,2,A,6,USD
OECD.SDD.NAD:DSD_NASU@DF_VALUATION(2.0),A,USA,TU,_Z,CPA08_G47,XDC,O,V,T1620,2024,-1970545.7,D,S1,D,F,2,A,6,USD
OECD.SDD.NAD:DSD_NASU@DF_VALUATION(2.0),A,USA,P2,P,CPA08_H51,XDC,O,V,T1620,2024,-114.53,D,S1,D,F,2,A,6,USD
OECD.SDD.NAD:DSD_NASU@DF_VALUATION(2.0),A,USA,P2,C12,CPA08_H51,XDC,O,V,T1620,2024,-19.97,D,S1,D,F,2,A,6,USD
OECD.SDD.NAD:DSD_NASU@DF_VALUATION(2.0),A,USA,P2,C13T15,CPA08_H51,XDC,O,V,T1620,2024,-25.82,D,S1,D,F,2,A,6,USD
OECD.SDD.NAD:DSD_NASU@DF_VALUATION(2.0),A,USA,P2,C13,CPA08_H51,XDC,O,V,T1620,2024,-22.42,D,S1,D,F,2,A,6,USD
OECD.SDD.NAD:DSD_NASU@DF_VALUATION(2.0),A,USA,P2,C14,CPA08_H51,XDC,O,V,T1620,2024,-2.63,D,S1,D,F,2,A,6,USD
OECD.SDD.NAD:DSD_NASU@DF_VALUATION(2.0),A,USA,P2,C15,CPA08_H51,XDC,O,V,T1620,2024,-0.77,D,S1,D,F,2,A,6,USD
OECD.SDD.NAD:DSD_NASU@DF_VALUATION(2.0),A,USA,P2,C16,CPA08_H51,XDC,O,V,T1620,2024,-80.42,D,S1,D,F,2,A,6,USD
OECD.SDD.NAD:DSD_NASU@DF_VALUATION(2.0),A,USA,P2,C17,CPA08_H51,XDC,O,V,T1620,2024,-96.3,D,S1,D,F,2,A,6,USD
OECD.SDD.NAD:DSD_NASU@DF_VALUATION(2.0),A,USA,P2,C18,CPA08_H51,XDC,O,V,T1620,2024,-20.18,D,S1,D,F,2,A,6,USD
OECD.SDD.NAD:DSD_NASU@DF_VALUATION(2.0),A,USA,P2,C19,CPA08_H51,XDC,O,V,T1620,2024,-9.3,D,S1,D,F,2,A,6,USD
OECD.SDD.NAD:DSD_NASU@DF_VALUATION(2.0),A,USA,P2,C20,CPA08_H51,XDC,O,V,T1620,2024,-394.64,D,S1,D,F,2,A,6,USD
OECD.SDD.NAD:DSD_NASU@DF_VALUATION(2.0),A,USA,P2,C21,CPA08_H51,XDC,O,V,T1620,2024,-31.97,D,S1,D,F,2,A,6,USD
OECD.SDD.NAD:DSD_NASU@DF_VALUATION(2.0),A,USA,P2,C22,CPA08_H51,XDC,O,V,T1620,2024,-239.11,D,S1,D,F,2,A,6,USD
OECD.SDD.NAD:DSD_NASU@DF_VALUATION(2.0),A,USA,P2,C23,CPA08_H51,XDC,O,V,T1620,2024,-531.99,D,S1,D,F,2,A,6,USD
OECD.SDD.NAD:DSD_NASU@DF_VALUATION(2.0),A,USA,P2,C24,CPA08_H51,XDC,O,V,T1620,2024,-208.41,D,S1,D,F,2,A,6,USD
OECD.SDD.NAD:DSD_NASU@DF_VALUATION(2.0),A,USA,P2,C25,CPA08_H51,XDC,O,V,T1620,2024,-158.06,D,S1,D,F,2,A,6,USD
OECD.SDD.NAD:DSD_NASU@DF_VALUATION(2.0),A,USA,P2,C26,CPA08_H51,XDC,O,V,T1620,2024,-69.68,D,S1,D,F,2,A,6,USD
OECD.SDD.NAD:DSD_NASU@DF_VALUATION(2.0),A,USA,P2,C27,CPA08_H51,XDC,O,V,T1620,2024,-78.74,D,S1,D,F,2,A,6,USD
OECD.SDD.NAD:DSD_NASU@DF_VALUATION(2.0),A,USA,P2,C28,CPA08_H51,XDC,O,V,T1620,2024,-163.84,D,S1,D,F,2,A,6,USD
OECD.SDD.NAD:DSD_NASU@DF_VALUATION(2.0),A,USA,P2,C29,CPA08_H51,XDC,O,V,T1620,2024,-469.41,D,S1,D,F,2,A,6,USD
OECD.SDD.NAD:DSD_NASU@DF_VALUATION(2.0),A,USA,P2,C30,CPA08_H51,XDC,O,V,T1620,2024,-164.41,D,S1,D,F,2,A,6,USD
OECD.SDD.NAD:DSD_NASU@DF_VALUATION(2.0),A,USA,P2,C31_32,CPA08_H51,XDC,O,V,T1620,2024,-69.19,D,S1,D,F,2,A,6,USD
OECD.SDD.NAD:DSD_NASU@DF_VALUATION(2.0),A,USA,P2,C31,CPA08_H51,XDC,O,V,T1620,2024,-24.8,D,S1,D,F,2,A,6,USD
OECD.SDD.NAD:DSD_NASU@DF_VALUATION(2.0),A,USA,P2,C32,CPA08_H51,XDC,O,V,T1620,2024,-44.4,D,S1,D,F,2,A,6,USD
OECD.SDD.NAD:DSD_NASU@DF_VALUATION(2.0),A,USA,P2,C31,CPA08_H49,XDC,O,V,T1620,2024,-1688.87,D,S1,D,F,2,A,6,USD
OECD.SDD.NAD:DSD_NASU@DF_VALUATION(2.0),A,USA,P2,C32,CPA08_H49,XDC,O,V,T1620,2024,-1118.48,D,S1,D,F,2,A,6,USD
OECD.SDD.NAD:DSD_NASU@DF_VALUATION(2.0),A,USA,P2,C33,CPA08_H49,XDC,O,V,T1620,2024,-299.18,D,S1,D,F,2,A,6,USD
OECD.SDD.NAD:DSD_NASU@DF_VALUATION(2.0),A,USA,P2,D,CPA08_H49,XDC,O,V,T1620,2024,-18126.96,D,S1,D,F,2,A,6,USD
OECD.SDD.NAD:DSD_NASU@DF_VALUATION(2.0),A,USA,P2,A03,CPA08_H49,XDC,O,V,T1620,2024,-8.83,D,S1,D,F,2,A,6,USD
OECD.SDD.NAD:DSD_NASU@DF_VALUATION(2.0),A,USA,P2,B,CPA08_H49,XDC,O,V,T1620,2024,-14602.55,D,S1,D,F,2,A,6,USD
OECD.SDD.NAD:DSD_NASU@DF_VALUATION(2.0),A,USA,P2,B05,CPA08_H49,XDC,O,V,T1620,2024,-732.41,D,S1,D,F,2,A,6,USD
OECD.SDD.NAD:DSD_NASU@DF_VALUATION(2.0),A,USA,P2,B06,CPA08_H49,XDC,O,V,T1620,2024,-11796.59,D,S1,D,F,2,A,6,USD
OECD.SDD.NAD:DSD_NASU@DF_VALUATION(2.0),A,USA,P2,B07,CPA08_H49,XDC,O,V,T1620,2024,-1241.15,D,S1,D,F,2,A,6,USD
OECD.SDD.NAD:DSD_NASU@DF_VALUATION(2.0),A,USA,P2,B08,CPA08_H49,XDC,O,V,T1620,2024,-361.09,D,S1,D,F,2,A,6,USD
OECD.SDD.NAD:DSD_NASU@DF_VALUATION(2.0),A,USA,P2,B09,CPA08_H49,XDC,O,V,T1620,2024,-471.31,D,S1,D,F,2,A,6,USD
OECD.SDD.NAD:DSD_NASU@DF_VALUATION(2.0),A,USA,P2,C,CPA08_H49,XDC,O,V,T1620,2024,-151569.5,D,S1,D,F,2,A,6,USD
OECD.SDD.NAD:DSD_NASU@DF_VALUATION(2.0),A,USA,P2,C10T12,CPA08_H49,XDC,O,V,T1620,2024,-47364.76,D,S1,D,F,2,A,6,USD
OECD.SDD.NAD:DSD_NASU@DF_VALUATION(2.0),A,USA,P2,C10,CPA08_H49,XDC,O,V,T1620,2024,-44533.53,D,S1,D,F,2,A,6,USD
OECD.SDD.NAD:DSD_NASU@DF_VALUATION(2.0),A,USA,P2,C11,CPA08_H49,XDC,O,V,T1620,2024,-1951.88,D,S1,D,F,2,A,6,USD
OECD.SDD.NAD:DSD_NASU@DF_VALUATION(2.0),A,USA,P2,_T,CPA08_H49,XDC,O,V,T1620,2024,-325535.92,D,S1,D,F,2,A,6,USD
OECD.SDD.NAD:DSD_NASU@DF_VALUATION(2.0),A,USA,P2,A,CPA08_H49,XDC,O,V,T1620,2024,-15359.18,D,S1,D,F,2,A,6,USD
OECD.SDD.NAD:DSD_NASU@DF_VALUATION(2.0),A,USA,P2,A01,CPA08_H49,XDC,O,V,T1620,2024,-14900.65,D,S1,D,F,2,A,6,USD
OECD.SDD.NAD:DSD_NASU@DF_VALUATION(2.0),A,USA,P2,A02,CPA08_H49,XDC,O,V,T1620,2024,-449.7,D,S1,D,F,2,A,6,USD
OECD.SDD.NAD:DSD_NASU@DF_VALUATION(2.0),A,USA,P2,N80,CPA08_H49,XDC,O,V,T1620,2024,-152.92,D,S1,D,F,2,A,6,USD
OECD.SDD.NAD:DSD_NASU@DF_VALUATION(2.0),A,USA,P2,N81,CPA08_H49,XDC,O,V,T1620,2024,-2115.37,D,S1,D,F,2,A,6,USD
OECD.SDD.NAD:DSD_NASU@DF_VALUATION(2.0),A,USA,P2,Q86,CPA08_H,XDC,O,V,T1620,2024,-5961.96,D,S1,D,F,2,A,6,USD
OECD.SDD.NAD:DSD_NASU@DF_VALUATION(2.0),A,USA,P2,Q87_88,CPA08_H,XDC,O,V,T1620,2024,-1926.82,D,S1,D,F,2,A,6,USD
OECD.SDD.NAD:DSD_NASU@DF_VALUATION(2.0),A,USA,P2,Q87,CPA08_H,XDC,O,V,T1620,2024,-598.86,D,S1,D,F,2,A,6,USD
OECD.SDD.NAD:DSD_NASU@DF_VALUATION(2.0),A,USA,P2,Q88,CPA08_H,XDC,O,V,T1620,2024,-1327.96,D,S1,D,F,2,A,6,USD
OECD.SDD.NAD:DSD_NASU@DF_VALUATION(2.0),A,USA,P2,R,CPA08_H,XDC,O,V,T1620,2024,-1233.66,D,S1,D,F,2,A,6,USD
OECD.SDD.NAD:DSD_NASU@DF_VALUATION(2.0),A,USA,P2,R90T92,CPA08_H,XDC,O,V,T1620,2024,-405.33,D,S1,D,F,2,A,6,USD
OECD.SDD.NAD:DSD_NASU@DF_VALUATION(2.0),A,USA,P2,R90,CPA08_H,XDC,O,V,T1620,2024,-249.69,D,S1,D,F,2,A,6,USD
OECD.SDD.NAD:DSD_NASU@DF_VALUATION(2.0),A,USA,P2,R91,CPA08_H,XDC,O,V,T1620,2024,-53.91,D,S1,D,F,2,A,6,USD
OECD.SDD.NAD:DSD_NASU@DF_VALUATION(2.0),A,USA,P2,R92,CPA08_H,XDC,O,V,T1620,2024,-101.73,D,S1,D,F,2,A,6,USD
OECD.SDD.NAD:DSD_NASU@DF_VALUATION(2.0),A,USA,P2,R93,CPA08_H,XDC,O,V,T1620,2024,-828.33,D,S1,D,F,2,A,6,USD
OECD.SDD.NAD:DSD_NASU@DF_VALUATION(2.0),A,USA,P2,S,CPA08_H,XDC,O,V,T1620,2024,-1805.44,D,S1,D,F,2,A,6,USD
OECD.SDD.NAD:DSD_NASU@DF_VALUATION(2.0),A,USA,P2,S94,CPA08_H,XDC,O,V,T1620,2024,-613.43,D,S1,D,F,2,A,6,USD
OECD.SDD.NAD:DSD_NASU@DF_VALUATION(2.0),A,USA,P2,S95,CPA08_H,XDC,O,V,T1620,2024,-257.3,D,S1,D,F,2,A,6,USD
OECD.SDD.NAD:DSD_NASU@DF_VALUATION(2.0),A,USA,P2,S96,CPA08_H,XDC,O,V,T1620,2024,-934.7,D,S1,D,F,2,A,6,USD
OECD.SDD.NAD:DSD_NASU@DF_VALUATION(2.0),A,USA,P52,_Z,CPA08_H,XDC,O,V,T1620,2024,-1369.54,D,S1,D,F,2,A,6,USD
OECD.SDD.NAD:DSD_NASU@DF_VALUATION(2.0),A,USA,TU,_Z,CPA08_H,XDC,O,V,T1620,2024,-591206.4,D,S1,D,F,2,A,6,USD
OECD.SDD.NAD:DSD_NASU@DF_VALUATION(2.0),A,USA,P3,_Z,CPA08_H,XDC,O,V,T1620,2024,-137439.44,D,S1,D,F,2,A,6,USD
OECD.SDD.NAD:DSD_NASU@DF_VALUATION(2.0),A,USA,P51G,_Z,CPA08_H,XDC,O,V,T1620,2024,-42990.33,D,S1,D,F,2,A,6,USD
OECD.SDD.NAD:DSD_NASU@DF_VALUATION(2.0),A,USA,P5,_Z,CPA08_H,XDC,O,V,T1620,2024,-44359.87,D,S1,D,F,2,A,6,USD
OECD.SDD.NAD:DSD_NASU@DF_VALUATION(2.0),A,USA,P2,B06,CPA08_H,XDC,O,V,T1620,2024,-12315.9,D,S1,D,F,2,A,6,USD
OECD.SDD.NAD:DSD_NASU@DF_VALUATION(2.0),A,USA,P2,K64,CPA08_H,XDC,O,V,T1620,2024,-865.09,D,S1,D,F,2,A,6,USD
OECD.SDD.NAD:DSD_NASU@DF_VALUATION(2.0),A,USA,P2,N78,CPA08_H,XDC,O,V,T1620,2024,-115.21,D,S1,D,F,2,A,6,USD
OECD.SDD.NAD:DSD_NASU@DF_VALUATION(2.0),A,USA,P2,E36,CPA08_H,XDC,O,V,T1620,2024,-297.72,D,S1,D,F,2,A,6,USD
OECD.SDD.NAD:DSD_NASU@DF_VALUATION(2.0),A,USA,P2,E37T39,CPA08_H,XDC,O,V,T1620,2024,-713.08,D,S1,D,F,2,A,6,USD
OECD.SDD.NAD:DSD_NASU@DF_VALUATION(2.0),A,USA,P2,E37,CPA08_H,XDC,O,V,T1620,2024,-21.74,D,S1,D,F,2,A,6,USD
OECD.SDD.NAD:DSD_NASU@DF_VALUATION(2.0),A,USA,P2,E38,CPA08_H,XDC,O,V,T1620,2024,-550.84,D,S1,D,F,2,A,6,USD
OECD.SDD.NAD:DSD_NASU@DF_VALUATION(2.0),A,USA,P2,E39,CPA08_H,XDC,O,V,T1620,2024,-140.5,D,S1,D,F,2,A,6,USD
OECD.SDD.NAD:DSD_NASU@DF_VALUATION(2.0),A,USA,P2,F,CPA08_H,XDC,O,V,T1620,2024,-44204.29,D,S1,D,F,2,A,6,USD
OECD.SDD.NAD:DSD_NASU@DF_VALUATION(2.0),A,USA,P2,F41,CPA08_H,XDC,O,V,T1620,2024,-36855.31,D,S1,D,F,2,A,6,USD
OECD.SDD.NAD:DSD_NASU@DF_VALUATION(2.0),A,USA,P2,F42,CPA08_H,XDC,O,V,T1620,2024,-7348.98,D,S1,D,F,2,A,6,USD
OECD.SDD.NAD:DSD_NASU@DF_VALUATION(2.0),A,USA,P2,G,CPA08_H,XDC,O,V,T1620,2024,-8298.81,D,S1,D,F,2,A,6,USD
OECD.SDD.NAD:DSD_NASU@DF_VALUATION(2.0),A,USA,P2,G45,CPA08_H,XDC,O,V,T1620,2024,-1719.13,D,S1,D,F,2,A,6,USD
OECD.SDD.NAD:DSD_NASU@DF_VALUATION(2.0),A,USA,P2,G46,CPA08_H,XDC,O,V,T1620,2024,-4064.57,D,S1,D,F,2,A,6,USD
OECD.SDD.NAD:DSD_NASU@DF_VALUATION(2.0),A,USA,P2,G47,CPA08_H,XDC,O,V,T1620,2024,-2515.11,D,S1,D,F,2,A,6,USD
OECD.SDD.NAD:DSD_NASU@DF_VALUATION(2.0),A,USA,P2,H,CPA08_H,XDC,O,V,T1620,2024,-5413.72,D,S1,D,F,2,A,6,USD
OECD.SDD.NAD:DSD_NASU@DF_VALUATION(2.0),A,USA,P2,H49,CPA08_H,XDC,O,V,T1620,2024,-2537.98,D,S1,D,F,2,A,6,USD
OECD.SDD.NAD:DSD_NASU@DF_VALUATION(2.0),A,USA,P2,H50,CPA08_H,XDC,O,V,T1620,2024,-311.58,D,S1,D,F,2,A,6,USD
OECD.SDD.NAD:DSD_NASU@DF_VALUATION(2.0),A,USA,P2,H51,CPA08_H,XDC,O,V,T1620,2024,-1414.97,D,S1,D,F,2,A,6,USD
OECD.SDD.NAD:DSD_NASU@DF_VALUATION(2.0),A,USA,P2,H52,CPA08_H,XDC,O,V,T1620,2024,-686.34,D,S1,D,F,2,A,6,USD
OECD.SDD.NAD:DSD_NASU@DF_VALUATION(2.0),A,USA,P2,H53,CPA08_H,XDC,O,V,T1620,2024,-462.86,D,S1,D,F,2,A,6,USD
OECD.SDD.NAD:DSD_NASU@DF_VALUATION(2.0),A,USA,P2,I,CPA08_H,XDC,O,V,T1620,2024,-6660.11,D,S1,D,F,2,A,6,USD
OECD.SDD.NAD:DSD_NASU@DF_VALUATION(2.0),A,USA,P2,I55,CPA08_H,XDC,O,V,T1620,2024,-812.43,D,S1,D,F,2,A,6,USD
OECD.SDD.NAD:DSD_NASU@DF_VALUATION(2.0),A,USA,P2,J61,CPA08_H50,XDC,O,V,T1620,2024,-16.01,D,S1,D,F,2,A,6,USD
OECD.SDD.NAD:DSD_NASU@DF_VALUATION(2.0),A,USA,P2,J62_63,CPA08_H50,XDC,O,V,T1620,2024,-32.47,D,S1,D,F,2,A,6,USD
OECD.SDD.NAD:DSD_NASU@DF_VALUATION(2.0),A,USA,P2,G46,CPA08_J,XDC,O,V,T1620,2024,175.3,D,S1,D,F,2,A,6,USD
OECD.SDD.NAD:DSD_NASU@DF_VALUATION(2.0),A,USA,P2,C32,CPA08_H50,XDC,O,V,T1620,2024,-43.88,D,S1,D,F,2,A,6,USD
OECD.SDD.NAD:DSD_NASU@DF_VALUATION(2.0),A,USA,P2,C33,CPA08_H50,XDC,O,V,T1620,2024,-7.62,D,S1,D,F,2,A,6,USD
OECD.SDD.NAD:DSD_NASU@DF_VALUATION(2.0),A,USA,P2,D,CPA08_H50,XDC,O,V,T1620,2024,-220.21,D,S1,D,F,2,A,6,USD
OECD.SDD.NAD:DSD_NASU@DF_VALUATION(2.0),A,USA,P2,A03,CPA08_H50,XDC,O,V,T1620,2024,-1.63,D,S1,D,F,2,A,6,USD
OECD.SDD.NAD:DSD_NASU@DF_VALUATION(2.0),A,USA,P2,B,CPA08_H50,XDC,O,V,T1620,2024,-671.46,D,S1,D,F,2,A,6,USD
OECD.SDD.NAD:DSD_NASU@DF_VALUATION(2.0),A,USA,P2,B05,CPA08_H50,XDC,O,V,T1620,2024,-64.57,D,S1,D,F,2,A,6,USD
OECD.SDD.NAD:DSD_NASU@DF_VALUATION(2.0),A,USA,P2,B06,CPA08_H50,XDC,O,V,T1620,2024,-453.07,D,S1,D,F,2,A,6,USD
OECD.SDD.NAD:DSD_NASU@DF_VALUATION(2.0),A,USA,P2,B07,CPA08_H50,XDC,O,V,T1620,2024,-72.51,D,S1,D,F,2,A,6,USD
OECD.SDD.NAD:DSD_NASU@DF_VALUATION(2.0),A,USA,P2,B08,CPA08_H50,XDC,O,V,T1620,2024,-33.05,D,S1,D,F,2,A,6,USD
OECD.SDD.NAD:DSD_NASU@DF_VALUATION(2.0),A,USA,P2,B09,CPA08_H50,XDC,O,V,T1620,2024,-48.26,D,S1,D,F,2,A,6,USD
OECD.SDD.NAD:DSD_NASU@DF_VALUATION(2.0),A,USA,P2,C,CPA08_H50,XDC,O,V,T1620,2024,-4923.85,D,S1,D,F,2,A,6,USD
OECD.SDD.NAD:DSD_NASU@DF_VALUATION(2.0),A,USA,P2,C10T12,CPA08_H50,XDC,O,V,T1620,2024,-2114.84,D,S1,D,F,2,A,6,USD
OECD.SDD.NAD:DSD_NASU@DF_VALUATION(2.0),A,USA,P2,C10,CPA08_H50,XDC,O,V,T1620,2024,-1991.27,D,S1,D,F,2,A,6,USD
OECD.SDD.NAD:DSD_NASU@DF_VALUATION(2.0),A,USA,P2,C11,CPA08_H50,XDC,O,V,T1620,2024,-91.51,D,S1,D,F,2,A,6,USD
OECD.SDD.NAD:DSD_NASU@DF_VALUATION(2.0),A,USA,P2,_T,CPA08_H50,XDC,O,V,T1620,2024,-11172.25,D,S1,D,F,2,A,6,USD
OECD.SDD.NAD:DSD_NASU@DF_VALUATION(2.0),A,USA,P2,A,CPA08_H50,XDC,O,V,T1620,2024,-1049.72,D,S1,D,F,2,A,6,USD
OECD.SDD.NAD:DSD_NASU@DF_VALUATION(2.0),A,USA,P2,A01,CPA08_H50,XDC,O,V,T1620,2024,-1047.29,D,S1,D,F,2,A,6,USD
OECD.SDD.NAD:DSD_NASU@DF_VALUATION(2.0),A,USA,P2,A02,CPA08_H50,XDC,O,V,T1620,2024,-0.8,D,S1,D,F,2,A,6,USD
OECD.SDD.NAD:DSD_NASU@DF_VALUATION(2.0),A,USA,P2,N81,CPA08_H50,XDC,O,V,T1620,2024,-151.19,D,S1,D,F,2,A,6,USD
OECD.SDD.NAD:DSD_NASU@DF_VALUATION(2.0),A,USA,P2,N82,CPA08_H50,XDC,O,V,T1620,2024,-16.26,D,S1,D,F,2,A,6,USD
OECD.SDD.NAD:DSD_NASU@DF_VALUATION(2.0),A,USA,P2,O,CPA08_H49,XDC,O,V,T1620,2024,-30670.59,D,S1,D,F,2,A,6,USD
OECD.SDD.NAD:DSD_NASU@DF_VALUATION(2.0),A,USA,P2,P,CPA08_H49,XDC,O,V,T1620,2024,-6701.25,D,S1,D,F,2,A,6,USD
OECD.SDD.NAD:DSD_NASU@DF_VALUATION(2.0),A,USA,P2,Q,CPA08_H49,XDC,O,V,T1620,2024,-7149.6,D,S1,D,F,2,A,6,USD
OECD.SDD.NAD:DSD_NASU@DF_VALUATION(2.0),A,USA,P2,Q86,CPA08_H49,XDC,O,V,T1620,2024,-5330.54,D,S1,D,F,2,A,6,USD
OECD.SDD.NAD:DSD_NASU@DF_VALUATION(2.0),A,USA,P2,Q87_88,CPA08_H49,XDC,O,V,T1620,2024,-1819.06,D,S1,D,F,2,A,6,USD
OECD.SDD.NAD:DSD_NASU@DF_VALUATION(2.0),A,USA,P2,Q87,CPA08_H49,XDC,O,V,T1620,2024,-564.92,D,S1,D,F,2,A,6,USD
OECD.SDD.NAD:DSD_NASU@DF_VALUATION(2.0),A,USA,P2,Q88,CPA08_H49,XDC,O,V,T1620,2024,-1254.13,D,S1,D,F,2,A,6,USD
OECD.SDD.NAD:DSD_NASU@DF_VALUATION(2.0),A,USA,P2,R,CPA08_H49,XDC,O,V,T1620,2024,-1185.38,D,S1,D,F,2,A,6,USD
OECD.SDD.NAD:DSD_NASU@DF_VALUATION(2.0),A,USA,P2,R90T92,CPA08_H49,XDC,O,V,T1620,2024,-393.91,D,S1,D,F,2,A,6,USD
OECD.SDD.NAD:DSD_NASU@DF_VALUATION(2.0),A,USA,P2,R90,CPA08_H49,XDC,O,V,T1620,2024,-242.88,D,S1,D,F,2,A,6,USD
OECD.SDD.NAD:DSD_NASU@DF_VALUATION(2.0),A,USA,P2,R91,CPA08_H49,XDC,O,V,T1620,2024,-52.06,D,S1,D,F,2,A,6,USD
OECD.SDD.NAD:DSD_NASU@DF_VALUATION(2.0),A,USA,P2,R92,CPA08_H49,XDC,O,V,T1620,2024,-98.97,D,S1,D,F,2,A,6,USD
OECD.SDD.NAD:DSD_NASU@DF_VALUATION(2.0),A,USA,P2,R93,CPA08_H49,XDC,O,V,T1620,2024,-791.48,D,S1,D,F,2,A,6,USD
OECD.SDD.NAD:DSD_NASU@DF_VALUATION(2.0),A,USA,P2,S,CPA08_H49,XDC,O,V,T1620,2024,-1720.81,D,S1,D,F,2,A,6,USD
OECD.SDD.NAD:DSD_NASU@DF_VALUATION(2.0),A,USA,P2,S94,CPA08_H49,XDC,O,V,T1620,2024,-582.39,D,S1,D,F,2,A,6,USD
OECD.SDD.NAD:DSD_NASU@DF_VALUATION(2.0),A,USA,P2,S95,CPA08_H49,XDC,O,V,T1620,2024,-243.05,D,S1,D,F,2,A,6,USD
OECD.SDD.NAD:DSD_NASU@DF_VALUATION(2.0),A,USA,P2,S96,CPA08_H49,XDC,O,V,T1620,2024,-895.38,D,S1,D,F,2,A,6,USD
OECD.SDD.NAD:DSD_NASU@DF_VALUATION(2.0),A,USA,P5,_Z,CPA08_H49,XDC,O,V,T1620,2024,-42245.82,D,S1,D,F,2,A,6,USD
OECD.SDD.NAD:DSD_NASU@DF_VALUATION(2.0),A,USA,P52,_Z,CPA08_H49,XDC,O,V,T1620,2024,-1294.55,D,S1,D,F,2,A,6,USD
OECD.SDD.NAD:DSD_NASU@DF_VALUATION(2.0),A,USA,TU,_Z,CPA08_H49,XDC,O,V,T1620,2024,-562057.01,D,S1,D,F,2,A,6,USD
OECD.SDD.NAD:DSD_NASU@DF_VALUATION(2.0),A,USA,P3,_Z,CPA08_H49,XDC,O,V,T1620,2024,-131966.96,D,S1,D,F,2,A,6,USD
OECD.SDD.NAD:DSD_NASU@DF_VALUATION(2.0),A,USA,P51G,_Z,CPA08_H49,XDC,O,V,T1620,2024,-40951.26,D,S1,D,F,2,A,6,USD
OECD.SDD.NAD:DSD_NASU@DF_VALUATION(2.0),A,USA,P2,E,CPA08_H49,XDC,O,V,T1620,2024,-947.13,D,S1,D,F,2,A,6,USD
OECD.SDD.NAD:DSD_NASU@DF_VALUATION(2.0),A,USA,P2,E36,CPA08_H49,XDC,O,V,T1620,2024,-285.17,D,S1,D,F,2,A,6,USD
OECD.SDD.NAD:DSD_NASU@DF_VALUATION(2.0),A,USA,P2,E37T39,CPA08_H49,XDC,O,V,T1620,2024,-661.96,D,S1,D,F,2,A,6,USD
OECD.SDD.NAD:DSD_NASU@DF_VALUATION(2.0),A,USA,P2,E37,CPA08_H49,XDC,O,V,T1620,2024,-19.78,D,S1,D,F,2,A,6,USD
OECD.SDD.NAD:DSD_NASU@DF_VALUATION(2.0),A,USA,P2,E38,CPA08_H49,XDC,O,V,T1620,2024,-514.58,D,S1,D,F,2,A,6,USD
OECD.SDD.NAD:DSD_NASU@DF_VALUATION(2.0),A,USA,P2,E39,CPA08_H49,XDC,O,V,T1620,2024,-127.6,D,S1,D,F,2,A,6,USD
OECD.SDD.NAD:DSD_NASU@DF_VALUATION(2.0),A,USA,P2,F,CPA08_H49,XDC,O,V,T1620,2024,-41473.53,D,S1,D,F,2,A,6,USD
OECD.SDD.NAD:DSD_NASU@DF_VALUATION(2.0),A,USA,P2,F41,CPA08_H49,XDC,O,V,T1620,2024,-34863.98,D,S1,D,F,2,A,6,USD
OECD.SDD.NAD:DSD_NASU@DF_VALUATION(2.0),A,USA,P2,F42,CPA08_H49,XDC,O,V,T1620,2024,-6609.54,D,S1,D,F,2,A,6,USD
OECD.SDD.NAD:DSD_NASU@DF_VALUATION(2.0),A,USA,P2,G,CPA08_H49,XDC,O,V,T1620,2024,-7914.42,D,S1,D,F,2,A,6,USD
OECD.SDD.NAD:DSD_NASU@DF_VALUATION(2.0),A,USA,P2,G45,CPA08_H49,XDC,O,V,T1620,2024,-1631.66,D,S1,D,F,2,A,6,USD
OECD.SDD.NAD:DSD_NASU@DF_VALUATION(2.0),A,USA,P2,G46,CPA08_H49,XDC,O,V,T1620,2024,-3898.41,D,S1,D,F,2,A,6,USD
OECD.SDD.NAD:DSD_NASU@DF_VALUATION(2.0),A,USA,P2,G47,CPA08_H49,XDC,O,V,T1620,2024,-2384.36,D,S1,D,F,2,A,6,USD
OECD.SDD.NAD:DSD_NASU@DF_VALUATION(2.0),A,USA,P2,H,CPA08_H49,XDC,O,V,T1620,2024,-5238.85,D,S1,D,F,2,A,6,USD
OECD.SDD.NAD:DSD_NASU@DF_VALUATION(2.0),A,USA,P2,H49,CPA08_H49,XDC,O,V,T1620,2024,-2468.15,D,S1,D,F,2,A,6,USD
OECD.SDD.NAD:DSD_NASU@DF_VALUATION(2.0),A,USA,P2,H50,CPA08_H49,XDC,O,V,T1620,2024,-302.78,D,S1,D,F,2,A,6,USD
OECD.SDD.NAD:DSD_NASU@DF_VALUATION(2.0),A,USA,P2,H51,CPA08_H49,XDC,O,V,T1620,2024,-1381.12,D,S1,D,F,2,A,6,USD
OECD.SDD.NAD:DSD_NASU@DF_VALUATION(2.0),A,USA,P2,H52,CPA08_H49,XDC,O,V,T1620,2024,-640.19,D,S1,D,F,2,A,6,USD
OECD.SDD.NAD:DSD_NASU@DF_VALUATION(2.0),A,USA,P2,H53,CPA08_H49,XDC,O,V,T1620,2024,-446.61,D,S1,D,F,2,A,6,USD
OECD.SDD.NAD:DSD_NASU@DF_VALUATION(2.0),A,USA,P2,I,CPA08_H49,XDC,O,V,T1620,2024,-6393.06,D,S1,D,F,2,A,6,USD
OECD.SDD.NAD:DSD_NASU@DF_VALUATION(2.0),A,USA,P2,I55,CPA08_H49,XDC,O,V,T1620,2024,-784.68,D,S1,D,F,2,A,6,USD
OECD.SDD.NAD:DSD_NASU@DF_VALUATION(2.0),A,USA,P2,I56,CPA08_H49,XDC,O,V,T1620,2024,-5608.38,D,S1,D,F,2,A,6,USD
OECD.SDD.NAD:DSD_NASU@DF_VALUATION(2.0),A,USA,P2,J,CPA08_H49,XDC,O,V,T1620,2024,-4216.61,D,S1,D,F,2,A,6,USD
OECD.SDD.NAD:DSD_NASU@DF_VALUATION(2.0),A,USA,P2,K,CPA08_H51,XDC,O,V,T1620,2024,-26.37,D,S1,D,F,2,A,6,USD
OECD.SDD.NAD:DSD_NASU@DF_VALUATION(2.0),A,USA,P2,K64,CPA08_H51,XDC,O,V,T1620,2024,-13.37,D,S1,D,F,2,A,6,USD
OECD.SDD.NAD:DSD_NASU@DF_VALUATION(2.0),A,USA,P2,L,CPA08_H51,XDC,O,V,T1620,2024,-28.9,D,S1,D,F,2,A,6,USD
OECD.SDD.NAD:DSD_NASU@DF_VALUATION(2.0),A,USA,P2,L68A,CPA08_H51,XDC,O,V,T1620,2024,-6.27,D,S1,D,F,2,A,6,USD
OECD.SDD.NAD:DSD_NASU@DF_VALUATION(2.0),A,USA,P2,L68B,CPA08_H51,XDC,O,V,T1620,2024,-22.64,D,S1,D,F,2,A,6,USD
OECD.SDD.NAD:DSD_NASU@DF_VALUATION(2.0),A,USA,P2,M,CPA08_H51,XDC,O,V,T1620,2024,-225.25,D,S1,D,F,2,A,6,USD
OECD.SDD.NAD:DSD_NASU@DF_VALUATION(2.0),A,USA,P2,M69,CPA08_H51,XDC,O,V,T1620,2024,-7.37,D,S1,D,F,2,A,6,USD
OECD.SDD.NAD:DSD_NASU@DF_VALUATION(2.0),A,USA,P2,M70,CPA08_H51,XDC,O,V,T1620,2024,-34.4,D,S1,D,F,2,A,6,USD
OECD.SDD.NAD:DSD_NASU@DF_VALUATION(2.0),A,USA,P2,M71,CPA08_H51,XDC,O,V,T1620,2024,-75.25,D,S1,D,F,2,A,6,USD
OECD.SDD.NAD:DSD_NASU@DF_VALUATION(2.0),A,USA,P2,M72,CPA08_H51,XDC,O,V,T1620,2024,-70.78,D,S1,D,F,2,A,6,USD
OECD.SDD.NAD:DSD_NASU@DF_VALUATION(2.0),A,USA,P2,M73,CPA08_H51,XDC,O,V,T1620,2024,-10.45,D,S1,D,F,2,A,6,USD
OECD.SDD.NAD:DSD_NASU@DF_VALUATION(2.0),A,USA,P2,M74_75,CPA08_H51,XDC,O,V,T1620,2024,-27.01,D,S1,D,F,2,A,6,USD
OECD.SDD.NAD:DSD_NASU@DF_VALUATION(2.0),A,USA,P2,M74,CPA08_H51,XDC,O,V,T1620,2024,-21.61,D,S1,D,F,2,A,6,USD
OECD.SDD.NAD:DSD_NASU@DF_VALUATION(2.0),A,USA,P2,M75,CPA08_H51,XDC,O,V,T1620,2024,-5.4,D,S1,D,F,2,A,6,USD
OECD.SDD.NAD:DSD_NASU@DF_VALUATION(2.0),A,USA,P2,N,CPA08_H51,XDC,O,V,T1620,2024,-120.08,D,S1,D,F,2,A,6,USD
OECD.SDD.NAD:DSD_NASU@DF_VALUATION(2.0),A,USA,P2,N77,CPA08_H51,XDC,O,V,T1620,2024,-24.03,D,S1,D,F,2,A,6,USD
OECD.SDD.NAD:DSD_NASU@DF_VALUATION(2.0),A,USA,P2,N78,CPA08_H51,XDC,O,V,T1620,2024,-3.86,D,S1,D,F,2,A,6,USD
OECD.SDD.NAD:DSD_NASU@DF_VALUATION(2.0),A,USA,P2,N79,CPA08_H51,XDC,O,V,T1620,2024,-1.72,D,S1,D,F,2,A,6,USD
OECD.SDD.NAD:DSD_NASU@DF_VALUATION(2.0),A,USA,P2,N80T82,CPA08_H51,XDC,O,V,T1620,2024,-90.47,D,S1,D,F,2,A,6,USD
OECD.SDD.NAD:DSD_NASU@DF_VALUATION(2.0),A,USA,P2,N80,CPA08_H51,XDC,O,V,T1620,2024,-3.72,D,S1,D,F,2,A,6,USD
OECD.SDD.NAD:DSD_NASU@DF_VALUATION(2.0),A,USA,P2,N81,CPA08_H51,XDC,O,V,T1620,2024,-68.2,D,S1,D,F,2,A,6,USD
OECD.SDD.NAD:DSD_NASU@DF_VALUATION(2.0),A,USA,P2,N82,CPA08_H51,XDC,O,V,T1620,2024,-18.55,D,S1,D,F,2,A,6,USD
OECD.SDD.NAD:DSD_NASU@DF_VALUATION(2.0),A,USA,P2,O,CPA08_H51,XDC,O,V,T1620,2024,-513.58,D,S1,D,F,2,A,6,USD
OECD.SDD.NAD:DSD_NASU@DF_VALUATION(2.0),A,USA,P2,Q87_88,CPA08_H50,XDC,O,V,T1620,2024,-49.07,D,S1,D,F,2,A,6,USD
OECD.SDD.NAD:DSD_NASU@DF_VALUATION(2.0),A,USA,P2,Q87,CPA08_H50,XDC,O,V,T1620,2024,-16.55,D,S1,D,F,2,A,6,USD
OECD.SDD.NAD:DSD_NASU@DF_VALUATION(2.0),A,USA,P2,Q88,CPA08_H50,XDC,O,V,T1620,2024,-32.52,D,S1,D,F,2,A,6,USD
OECD.SDD.NAD:DSD_NASU@DF_VALUATION(2.0),A,USA,P2,R,CPA08_H50,XDC,O,V,T1620,2024,-32.82,D,S1,D,F,2,A,6,USD
OECD.SDD.NAD:DSD_NASU@DF_VALUATION(2.0),A,USA,P2,R90T92,CPA08_H50,XDC,O,V,T1620,2024,-6.54,D,S1,D,F,2,A,6,USD
OECD.SDD.NAD:DSD_NASU@DF_VALUATION(2.0),A,USA,P2,R90,CPA08_H50,XDC,O,V,T1620,2024,-4.61,D,S1,D,F,2,A,6,USD
OECD.SDD.NAD:DSD_NASU@DF_VALUATION(2.0),A,USA,P2,R91,CPA08_H50,XDC,O,V,T1620,2024,-0.56,D,S1,D,F,2,A,6,USD
OECD.SDD.NAD:DSD_NASU@DF_VALUATION(2.0),A,USA,P2,R92,CPA08_H50,XDC,O,V,T1620,2024,-1.37,D,S1,D,F,2,A,6,USD
OECD.SDD.NAD:DSD_NASU@DF_VALUATION(2.0),A,USA,P2,R93,CPA08_H50,XDC,O,V,T1620,2024,-26.28,D,S1,D,F,2,A,6,USD
OECD.SDD.NAD:DSD_NASU@DF_VALUATION(2.0),A,USA,P2,S,CPA08_H50,XDC,O,V,T1620,2024,-34.55,D,S1,D,F,2,A,6,USD
OECD.SDD.NAD:DSD_NASU@DF_VALUATION(2.0),A,USA,P2,S94,CPA08_H50,XDC,O,V,T1620,2024,-16.11,D,S1,D,F,2,A,6,USD
OECD.SDD.NAD:DSD_NASU@DF_VALUATION(2.0),A,USA,P2,S95,CPA08_H50,XDC,O,V,T1620,2024,-4.97,D,S1,D,F,2,A,6,USD
OECD.SDD.NAD:DSD_NASU@DF_VALUATION(2.0),A,USA,P2,S96,CPA08_H50,XDC,O,V,T1620,2024,-13.47,D,S1,D,F,2,A,6,USD
OECD.SDD.NAD:DSD_NASU@DF_VALUATION(2.0),A,USA,P5,_Z,CPA08_H50,XDC,O,V,T1620,2024,-44.61,D,S1,D,F,2,A,6,USD
OECD.SDD.NAD:DSD_NASU@DF_VALUATION(2.0),A,USA,P3,_Z,CPA08_H50,XDC,O,V,T1620,2024,-2492.22,D,S1,D,F,2,A,6,USD
OECD.SDD.NAD:DSD_NASU@DF_VALUATION(2.0),A,USA,TU,_Z,CPA08_H50,XDC,O,V,T1620,2024,-15633.74,D,S1,D,F,2,A,6,USD
OECD.SDD.NAD:DSD_NASU@DF_VALUATION(2.0),A,USA,P52,_Z,CPA08_H50,XDC,O,V,T1620,2024,-32.26,D,S1,D,F,2,A,6,USD
OECD.SDD.NAD:DSD_NASU@DF_VALUATION(2.0),A,USA,P51G,_Z,CPA08_H50,XDC,O,V,T1620,2024,-12.34,D,S1,D,F,2,A,6,USD
OECD.SDD.NAD:DSD_NASU@DF_VALUATION(2.0),A,USA,P2,E36,CPA08_H50,XDC,O,V,T1620,2024,-7.61,D,S1,D,F,2,A,6,USD
OECD.SDD.NAD:DSD_NASU@DF_VALUATION(2.0),A,USA,P2,E,CPA08_H50,XDC,O,V,T1620,2024,-35.24,D,S1,D,F,2,A,6,USD
OECD.SDD.NAD:DSD_NASU@DF_VALUATION(2.0),A,USA,P2,E37T39,CPA08_H50,XDC,O,V,T1620,2024,-27.63,D,S1,D,F,2,A,6,USD
OECD.SDD.NAD:DSD_NASU@DF_VALUATION(2.0),A,USA,P2,E37,CPA08_H50,XDC,O,V,T1620,2024,-1.16,D,S1,D,F,2,A,6,USD
OECD.SDD.NAD:DSD_NASU@DF_VALUATION(2.0),A,USA,P2,E38,CPA08_H50,XDC,O,V,T1620,2024,-18.45,D,S1,D,F,2,A,6,USD
OECD.SDD.NAD:DSD_NASU@DF_VALUATION(2.0),A,USA,P2,E39,CPA08_H50,XDC,O,V,T1620,2024,-8.03,D,S1,D,F,2,A,6,USD
OECD.SDD.NAD:DSD_NASU@DF_VALUATION(2.0),A,USA,P2,F,CPA08_H50,XDC,O,V,T1620,2024,-1651.15,D,S1,D,F,2,A,6,USD
OECD.SDD.NAD:DSD_NASU@DF_VALUATION(2.0),A,USA,P2,F41,CPA08_H50,XDC,O,V,T1620,2024,-1071.74,D,S1,D,F,2,A,6,USD
OECD.SDD.NAD:DSD_NASU@DF_VALUATION(2.0),A,USA,P2,F42,CPA08_H50,XDC,O,V,T1620,2024,-579.41,D,S1,D,F,2,A,6,USD
OECD.SDD.NAD:DSD_NASU@DF_VALUATION(2.0),A,USA,P2,G,CPA08_H50,XDC,O,V,T1620,2024,-119.92,D,S1,D,F,2,A,6,USD
OECD.SDD.NAD:DSD_NASU@DF_VALUATION(2.0),A,USA,P2,G45,CPA08_H50,XDC,O,V,T1620,2024,-28.88,D,S1,D,F,2,A,6,USD
OECD.SDD.NAD:DSD_NASU@DF_VALUATION(2.0),A,USA,P2,G46,CPA08_H50,XDC,O,V,T1620,2024,-24.75,D,S1,D,F,2,A,6,USD
OECD.SDD.NAD:DSD_NASU@DF_VALUATION(2.0),A,USA,P2,G47,CPA08_H50,XDC,O,V,T1620,2024,-66.3,D,S1,D,F,2,A,6,USD
OECD.SDD.NAD:DSD_NASU@DF_VALUATION(2.0),A,USA,P2,H,CPA08_H50,XDC,O,V,T1620,2024,-119.91,D,S1,D,F,2,A,6,USD
OECD.SDD.NAD:DSD_NASU@DF_VALUATION(2.0),A,USA,P2,H49,CPA08_H50,XDC,O,V,T1620,2024,-47.36,D,S1,D,F,2,A,6,USD
OECD.SDD.NAD:DSD_NASU@DF_VALUATION(2.0),A,USA,P2,H50,CPA08_H50,XDC,O,V,T1620,2024,-5.7,D,S1,D,F,2,A,6,USD
OECD.SDD.NAD:DSD_NASU@DF_VALUATION(2.0),A,USA,P2,H51,CPA08_H50,XDC,O,V,T1620,2024,-29.71,D,S1,D,F,2,A,6,USD
OECD.SDD.NAD:DSD_NASU@DF_VALUATION(2.0),A,USA,P2,H52,CPA08_H50,XDC,O,V,T1620,2024,-31.11,D,S1,D,F,2,A,6,USD
OECD.SDD.NAD:DSD_NASU@DF_VALUATION(2.0),A,USA,P2,H53,CPA08_H50,XDC,O,V,T1620,2024,-6.02,D,S1,D,F,2,A,6,USD
OECD.SDD.NAD:DSD_NASU@DF_VALUATION(2.0),A,USA,P2,I,CPA08_H50,XDC,O,V,T1620,2024,-141.7,D,S1,D,F,2,A,6,USD
OECD.SDD.NAD:DSD_NASU@DF_VALUATION(2.0),A,USA,P2,I55,CPA08_H50,XDC,O,V,T1620,2024,-17.61,D,S1,D,F,2,A,6,USD
OECD.SDD.NAD:DSD_NASU@DF_VALUATION(2.0),A,USA,P2,I56,CPA08_H50,XDC,O,V,T1620,2024,-124.08,D,S1,D,F,2,A,6,USD
OECD.SDD.NAD:DSD_NASU@DF_VALUATION(2.0),A,USA,P2,J,CPA08_H50,XDC,O,V,T1620,2024,-69.39,D,S1,D,F,2,A,6,USD
OECD.SDD.NAD:DSD_NASU@DF_VALUATION(2.0),A,USA,P2,J58,CPA08_H50,XDC,O,V,T1620,2024,-17.8,D,S1,D,F,2,A,6,USD
OECD.SDD.NAD:DSD_NASU@DF_VALUATION(2.0),A,USA,P2,J59_60,CPA08_H50,XDC,O,V,T1620,2024,-3.11,D,S1,D,F,2,A,6,USD
OECD.SDD.NAD:DSD_NASU@DF_VALUATION(2.0),A,USA,P2,J59,CPA08_H50,XDC,O,V,T1620,2024,-1.7,D,S1,D,F,2,A,6,USD
OECD.SDD.NAD:DSD_NASU@DF_VALUATION(2.0),A,USA,P2,J60,CPA08_H50,XDC,O,V,T1620,2024,-1.41,D,S1,D,F,2,A,6,USD
OECD.SDD.NAD:DSD_NASU@DF_VALUATION(2.0),A,USA,P2,N79,CPA08_J,XDC,O,V,T1620,2024,7.64,D,S1,D,F,2,A,6,USD
OECD.SDD.NAD:DSD_NASU@DF_VALUATION(2.0),A,USA,P2,N80T82,CPA08_J,XDC,O,V,T1620,2024,46.47,D,S1,D,F,2,A,6,USD
OECD.SDD.NAD:DSD_NASU@DF_VALUATION(2.0),A,USA,P2,N80,CPA08_J,XDC,O,V,T1620,2024,2.63,D,S1,D,F,2,A,6,USD
OECD.SDD.NAD:DSD_NASU@DF_VALUATION(2.0),A,USA,P2,N81,CPA08_J,XDC,O,V,T1620,2024,11.86,D,S1,D,F,2,A,6,USD
OECD.SDD.NAD:DSD_NASU@DF_VALUATION(2.0),A,USA,P2,N82,CPA08_J,XDC,O,V,T1620,2024,31.98,D,S1,D,F,2,A,6,USD
OECD.SDD.NAD:DSD_NASU@DF_VALUATION(2.0),A,USA,P2,O,CPA08_J,XDC,O,V,T1620,2024,589.76,D,S1,D,F,2,A,6,USD
OECD.SDD.NAD:DSD_NASU@DF_VALUATION(2.0),A,USA,P2,P,CPA08_J,XDC,O,V,T1620,2024,1702.34,D,S1,D,F,2,A,6,USD
OECD.SDD.NAD:DSD_NASU@DF_VALUATION(2.0),A,USA,P2,Q,CPA08_J,XDC,O,V,T1620,2024,949.24,D,S1,D,F,2,A,6,USD
OECD.SDD.NAD:DSD_NASU@DF_VALUATION(2.0),A,USA,P2,Q86,CPA08_J,XDC,O,V,T1620,2024,337.14,D,S1,D,F,2,A,6,USD
OECD.SDD.NAD:DSD_NASU@DF_VALUATION(2.0),A,USA,P2,Q87_88,CPA08_J,XDC,O,V,T1620,2024,612.1,D,S1,D,F,2,A,6,USD
OECD.SDD.NAD:DSD_NASU@DF_VALUATION(2.0),A,USA,P2,Q87,CPA08_J,XDC,O,V,T1620,2024,335.6,D,S1,D,F,2,A,6,USD
OECD.SDD.NAD:DSD_NASU@DF_VALUATION(2.0),A,USA,P2,Q88,CPA08_J,XDC,O,V,T1620,2024,276.5,D,S1,D,F,2,A,6,USD
OECD.SDD.NAD:DSD_NASU@DF_VALUATION(2.0),A,USA,P2,R,CPA08_J,XDC,O,V,T1620,2024,25.73,D,S1,D,F,2,A,6,USD
OECD.SDD.NAD:DSD_NASU@DF_VALUATION(2.0),A,USA,P2,R90T92,CPA08_J,XDC,O,V,T1620,2024,5,D,S1,D,F,2,A,6,USD
OECD.SDD.NAD:DSD_NASU@DF_VALUATION(2.0),A,USA,P2,R90,CPA08_J,XDC,O,V,T1620,2024,0.89,D,S1,D,F,2,A,6,USD
OECD.SDD.NAD:DSD_NASU@DF_VALUATION(2.0),A,USA,P2,R91,CPA08_J,XDC,O,V,T1620,2024,2.74,D,S1,D,F,2,A,6,USD
OECD.SDD.NAD:DSD_NASU@DF_VALUATION(2.0),A,USA,P2,R93,CPA08_J,XDC,O,V,T1620,2024,20.73,D,S1,D,F,2,A,6,USD
OECD.SDD.NAD:DSD_NASU@DF_VALUATION(2.0),A,USA,P2,S,CPA08_J,XDC,O,V,T1620,2024,53.59,D,S1,D,F,2,A,6,USD
OECD.SDD.NAD:DSD_NASU@DF_VALUATION(2.0),A,USA,P2,S94,CPA08_J,XDC,O,V,T1620,2024,24.53,D,S1,D,F,2,A,6,USD
OECD.SDD.NAD:DSD_NASU@DF_VALUATION(2.0),A,USA,P2,S95,CPA08_J,XDC,O,V,T1620,2024,0.16,D,S1,D,F,2,A,6,USD
OECD.SDD.NAD:DSD_NASU@DF_VALUATION(2.0),A,USA,P2,C18,CPA08_J,XDC,O,V,T1620,2024,2.39,D,S1,D,F,2,A,6,USD
OECD.SDD.NAD:DSD_NASU@DF_VALUATION(2.0),A,USA,P2,C19,CPA08_J,XDC,O,V,T1620,2024,0.03,D,S1,D,F,2,A,6,USD
OECD.SDD.NAD:DSD_NASU@DF_VALUATION(2.0),A,USA,P2,C21,CPA08_J,XDC,O,V,T1620,2024,0.05,D,S1,D,F,2,A,6,USD
OECD.SDD.NAD:DSD_NASU@DF_VALUATION(2.0),A,USA,P2,C22,CPA08_J,XDC,O,V,T1620,2024,0.17,D,S1,D,F,2,A,6,USD
OECD.SDD.NAD:DSD_NASU@DF_VALUATION(2.0),A,USA,P2,C24,CPA08_J,XDC,O,V,T1620,2024,0.41,D,S1,D,F,2,A,6,USD
OECD.SDD.NAD:DSD_NASU@DF_VALUATION(2.0),A,USA,P2,C25,CPA08_J,XDC,O,V,T1620,2024,1.3,D,S1,D,F,2,A,6,USD
OECD.SDD.NAD:DSD_NASU@DF_VALUATION(2.0),A,USA,P2,C26,CPA08_J,XDC,O,V,T1620,2024,5.65,D,S1,D,F,2,A,6,USD
OECD.SDD.NAD:DSD_NASU@DF_VALUATION(2.0),A,USA,P2,C27,CPA08_J,XDC,O,V,T1620,2024,0.21,D,S1,D,F,2,A,6,USD
OECD.SDD.NAD:DSD_NASU@DF_VALUATION(2.0),A,USA,P2,C28,CPA08_J,XDC,O,V,T1620,2024,0.66,D,S1,D,F,2,A,6,USD
OECD.SDD.NAD:DSD_NASU@DF_VALUATION(2.0),A,USA,P2,C29,CPA08_J,XDC,O,V,T1620,2024,3.5,D,S1,D,F,2,A,6,USD
OECD.SDD.NAD:DSD_NASU@DF_VALUATION(2.0),A,USA,P2,C30,CPA08_J,XDC,O,V,T1620,2024,1.96,D,S1,D,F,2,A,6,USD
OECD.SDD.NAD:DSD_NASU@DF_VALUATION(2.0),A,USA,P2,C31,CPA08_J,XDC,O,V,T1620,2024,0.13,D,S1,D,F,2,A,6,USD
OECD.SDD.NAD:DSD_NASU@DF_VALUATION(2.0),A,USA,P2,C32,CPA08_J,XDC,O,V,T1620,2024,0.56,D,S1,D,F,2,A,6,USD
OECD.SDD.NAD:DSD_NASU@DF_VALUATION(2.0),A,USA,P2,C33,CPA08_J,XDC,O,V,T1620,2024,0.62,D,S1,D,F,2,A,6,USD
OECD.SDD.NAD:DSD_NASU@DF_VALUATION(2.0),A,USA,P2,D,CPA08_J,XDC,O,V,T1620,2024,5.15,D,S1,D,F,2,A,6,USD
OECD.SDD.NAD:DSD_NASU@DF_VALUATION(2.0),A,USA,P2,E,CPA08_J,XDC,O,V,T1620,2024,0.81,D,S1,D,F,2,A,6,USD
OECD.SDD.NAD:DSD_NASU@DF_VALUATION(2.0),A,USA,P2,E37T39,CPA08_J,XDC,O,V,T1620,2024,0.81,D,S1,D,F,2,A,6,USD
OECD.SDD.NAD:DSD_NASU@DF_VALUATION(2.0),A,USA,P2,E38,CPA08_J,XDC,O,V,T1620,2024,0.69,D,S1,D,F,2,A,6,USD
OECD.SDD.NAD:DSD_NASU@DF_VALUATION(2.0),A,USA,P2,E39,CPA08_J,XDC,O,V,T1620,2024,0.12,D,S1,D,F,2,A,6,USD
OECD.SDD.NAD:DSD_NASU@DF_VALUATION(2.0),A,USA,P2,F,CPA08_J,XDC,O,V,T1620,2024,24.93,D,S1,D,F,2,A,6,USD
OECD.SDD.NAD:DSD_NASU@DF_VALUATION(2.0),A,USA,P2,F41,CPA08_J,XDC,O,V,T1620,2024,21.06,D,S1,D,F,2,A,6,USD
OECD.SDD.NAD:DSD_NASU@DF_VALUATION(2.0),A,USA,P2,F42,CPA08_J,XDC,O,V,T1620,2024,3.87,D,S1,D,F,2,A,6,USD
OECD.SDD.NAD:DSD_NASU@DF_VALUATION(2.0),A,USA,P2,G,CPA08_J,XDC,O,V,T1620,2024,293.68,D,S1,D,F,2,A,6,USD
OECD.SDD.NAD:DSD_NASU@DF_VALUATION(2.0),A,USA,P2,G45,CPA08_J,XDC,O,V,T1620,2024,51.04,D,S1,D,F,2,A,6,USD
OECD.SDD.NAD:DSD_NASU@DF_VALUATION(2.0),A,USA,P2,F41,CPA08_H51,XDC,O,V,T1620,2024,-919.59,D,S1,D,F,2,A,6,USD
OECD.SDD.NAD:DSD_NASU@DF_VALUATION(2.0),A,USA,P2,F42,CPA08_H51,XDC,O,V,T1620,2024,-160.03,D,S1,D,F,2,A,6,USD
OECD.SDD.NAD:DSD_NASU@DF_VALUATION(2.0),A,USA,P2,G,CPA08_H51,XDC,O,V,T1620,2024,-264.47,D,S1,D,F,2,A,6,USD
OECD.SDD.NAD:DSD_NASU@DF_VALUATION(2.0),A,USA,P2,G45,CPA08_H51,XDC,O,V,T1620,2024,-58.6,D,S1,D,F,2,A,6,USD
OECD.SDD.NAD:DSD_NASU@DF_VALUATION(2.0),A,USA,P2,G46,CPA08_H51,XDC,O,V,T1620,2024,-141.42,D,S1,D,F,2,A,6,USD
OECD.SDD.NAD:DSD_NASU@DF_VALUATION(2.0),A,USA,P2,H,CPA08_H51,XDC,O,V,T1620,2024,-54.97,D,S1,D,F,2,A,6,USD
OECD.SDD.NAD:DSD_NASU@DF_VALUATION(2.0),A,USA,P2,H49,CPA08_H51,XDC,O,V,T1620,2024,-22.47,D,S1,D,F,2,A,6,USD
OECD.SDD.NAD:DSD_NASU@DF_VALUATION(2.0),A,USA,P2,H50,CPA08_H51,XDC,O,V,T1620,2024,-3.1,D,S1,D,F,2,A,6,USD
OECD.SDD.NAD:DSD_NASU@DF_VALUATION(2.0),A,USA,P2,H51,CPA08_H51,XDC,O,V,T1620,2024,-4.13,D,S1,D,F,2,A,6,USD
OECD.SDD.NAD:DSD_NASU@DF_VALUATION(2.0),A,USA,P2,H52,CPA08_H51,XDC,O,V,T1620,2024,-15.03,D,S1,D,F,2,A,6,USD
OECD.SDD.NAD:DSD_NASU@DF_VALUATION(2.0),A,USA,P2,H53,CPA08_H51,XDC,O,V,T1620,2024,-10.23,D,S1,D,F,2,A,6,USD
OECD.SDD.NAD:DSD_NASU@DF_VALUATION(2.0),A,USA,P2,I,CPA08_H51,XDC,O,V,T1620,2024,-125.36,D,S1,D,F,2,A,6,USD
OECD.SDD.NAD:DSD_NASU@DF_VALUATION(2.0),A,USA,P2,I55,CPA08_H51,XDC,O,V,T1620,2024,-10.14,D,S1,D,F,2,A,6,USD
OECD.SDD.NAD:DSD_NASU@DF_VALUATION(2.0),A,USA,P2,I56,CPA08_H51,XDC,O,V,T1620,2024,-115.22,D,S1,D,F,2,A,6,USD
OECD.SDD.NAD:DSD_NASU@DF_VALUATION(2.0),A,USA,P2,J,CPA08_H51,XDC,O,V,T1620,2024,-208.63,D,S1,D,F,2,A,6,USD
OECD.SDD.NAD:DSD_NASU@DF_VALUATION(2.0),A,USA,P2,J58,CPA08_H51,XDC,O,V,T1620,2024,-76.47,D,S1,D,F,2,A,6,USD
OECD.SDD.NAD:DSD_NASU@DF_VALUATION(2.0),A,USA,P2,J59_60,CPA08_H51,XDC,O,V,T1620,2024,-12.21,D,S1,D,F,2,A,6,USD
OECD.SDD.NAD:DSD_NASU@DF_VALUATION(2.0),A,USA,P2,J59,CPA08_H51,XDC,O,V,T1620,2024,-2.05,D,S1,D,F,2,A,6,USD
OECD.SDD.NAD:DSD_NASU@DF_VALUATION(2.0),A,USA,P2,J60,CPA08_H51,XDC,O,V,T1620,2024,-10.16,D,S1,D,F,2,A,6,USD
OECD.SDD.NAD:DSD_NASU@DF_VALUATION(2.0),A,USA,P2,J61,CPA08_H51,XDC,O,V,T1620,2024,-55.88,D,S1,D,F,2,A,6,USD
OECD.SDD.NAD:DSD_NASU@DF_VALUATION(2.0),A,USA,P2,J62_63,CPA08_H51,XDC,O,V,T1620,2024,-64.06,D,S1,D,F,2,A,6,USD
OECD.SDD.NAD:DSD_NASU@DF_VALUATION(2.0),A,USA,P2,J62,CPA08_H51,XDC,O,V,T1620,2024,-26.54,D,S1,D,F,2,A,6,USD
OECD.SDD.NAD:DSD_NASU@DF_VALUATION(2.0),A,USA,P2,J63,CPA08_H51,XDC,O,V,T1620,2024,-37.52,D,S1,D,F,2,A,6,USD
OECD.SDD.NAD:DSD_NASU@DF_VALUATION(2.0),A,USA,P2,M72,CPA08_J58,XDC,O,V,T1620,2024,147.36,D,S1,D,F,2,A,6,USD
OECD.SDD.NAD:DSD_NASU@DF_VALUATION(2.0),A,USA,P2,M73,CPA08_J58,XDC,O,V,T1620,2024,15.53,D,S1,D,F,2,A,6,USD
OECD.SDD.NAD:DSD_NASU@DF_VALUATION(2.0),A,USA,P2,M74_75,CPA08_J58,XDC,O,V,T1620,2024,223.09,D,S1,D,F,2,A,6,USD
OECD.SDD.NAD:DSD_NASU@DF_VALUATION(2.0),A,USA,P2,M74,CPA08_J58,XDC,O,V,T1620,2024,218.18,D,S1,D,F,2,A,6,USD
OECD.SDD.NAD:DSD_NASU@DF_VALUATION(2.0),A,USA,P2,M75,CPA08_J58,XDC,O,V,T1620,2024,4.92,D,S1,D,F,2,A,6,USD
OECD.SDD.NAD:DSD_NASU@DF_VALUATION(2.0),A,USA,P2,N,CPA08_J58,XDC,O,V,T1620,2024,179.86,D,S1,D,F,2,A,6,USD
OECD.SDD.NAD:DSD_NASU@DF_VALUATION(2.0),A,USA,P2,N77,CPA08_J58,XDC,O,V,T1620,2024,113.04,D,S1,D,F,2,A,6,USD
OECD.SDD.NAD:DSD_NASU@DF_VALUATION(2.0),A,USA,P2,N78,CPA08_J58,XDC,O,V,T1620,2024,12.71,D,S1,D,F,2,A,6,USD
OECD.SDD.NAD:DSD_NASU@DF_VALUATION(2.0),A,USA,P2,N79,CPA08_J58,XDC,O,V,T1620,2024,7.64,D,S1,D,F,2,A,6,USD
OECD.SDD.NAD:DSD_NASU@DF_VALUATION(2.0),A,USA,P2,N80T82,CPA08_J58,XDC,O,V,T1620,2024,46.47,D,S1,D,F,2,A,6,USD
OECD.SDD.NAD:DSD_NASU@DF_VALUATION(2.0),A,USA,P2,N80,CPA08_J58,XDC,O,V,T1620,2024,2.63,D,S1,D,F,2,A,6,USD
OECD.SDD.NAD:DSD_NASU@DF_VALUATION(2.0),A,USA,P2,N81,CPA08_J58,XDC,O,V,T1620,2024,11.86,D,S1,D,F,2,A,6,USD
OECD.SDD.NAD:DSD_NASU@DF_VALUATION(2.0),A,USA,P2,N82,CPA08_J58,XDC,O,V,T1620,2024,31.98,D,S1,D,F,2,A,6,USD
OECD.SDD.NAD:DSD_NASU@DF_VALUATION(2.0),A,USA,P2,O,CPA08_J58,XDC,O,V,T1620,2024,415.84,D,S1,D,F,2,A,6,USD
OECD.SDD.NAD:DSD_NASU@DF_VALUATION(2.0),A,USA,P2,P,CPA08_J58,XDC,O,V,T1620,2024,1443.44,D,S1,D,F,2,A,6,USD
OECD.SDD.NAD:DSD_NASU@DF_VALUATION(2.0),A,USA,P2,Q,CPA08_J58,XDC,O,V,T1620,2024,449.39,D,S1,D,F,2,A,6,USD
OECD.SDD.NAD:DSD_NASU@DF_VALUATION(2.0),A,USA,P2,Q86,CPA08_J58,XDC,O,V,T1620,2024,333.45,D,S1,D,F,2,A,6,USD
OECD.SDD.NAD:DSD_NASU@DF_VALUATION(2.0),A,USA,P2,Q87_88,CPA08_J58,XDC,O,V,T1620,2024,115.93,D,S1,D,F,2,A,6,USD
OECD.SDD.NAD:DSD_NASU@DF_VALUATION(2.0),A,USA,P2,R,CPA08_J58,XDC,O,V,T1620,2024,7.74,D,S1,D,F,2,A,6,USD
OECD.SDD.NAD:DSD_NASU@DF_VALUATION(2.0),A,USA,P2,R90T92,CPA08_J58,XDC,O,V,T1620,2024,5,D,S1,D,F,2,A,6,USD
OECD.SDD.NAD:DSD_NASU@DF_VALUATION(2.0),A,USA,P2,R90,CPA08_J58,XDC,O,V,T1620,2024,0.89,D,S1,D,F,2,A,6,USD
OECD.SDD.NAD:DSD_NASU@DF_VALUATION(2.0),A,USA,P2,R91,CPA08_J58,XDC,O,V,T1620,2024,2.74,D,S1,D,F,2,A,6,USD
OECD.SDD.NAD:DSD_NASU@DF_VALUATION(2.0),A,USA,P2,R92,CPA08_J58,XDC,O,V,T1620,2024,1.37,D,S1,D,F,2,A,6,USD
OECD.SDD.NAD:DSD_NASU@DF_VALUATION(2.0),A,USA,P2,R93,CPA08_J58,XDC,O,V,T1620,2024,2.74,D,S1,D,F,2,A,6,USD
OECD.SDD.NAD:DSD_NASU@DF_VALUATION(2.0),A,USA,P2,C20,CPA08_J58,XDC,O,V,T1620,2024,0.51,D,S1,D,F,2,A,6,USD
OECD.SDD.NAD:DSD_NASU@DF_VALUATION(2.0),A,USA,P2,C21,CPA08_J58,XDC,O,V,T1620,2024,0.05,D,S1,D,F,2,A,6,USD
OECD.SDD.NAD:DSD_NASU@DF_VALUATION(2.0),A,USA,P2,C22,CPA08_J58,XDC,O,V,T1620,2024,0.17,D,S1,D,F,2,A,6,USD
OECD.SDD.NAD:DSD_NASU@DF_VALUATION(2.0),A,USA,P2,C23,CPA08_J58,XDC,O,V,T1620,2024,0.17,D,S1,D,F,2,A,6,USD
OECD.SDD.NAD:DSD_NASU@DF_VALUATION(2.0),A,USA,P2,C24,CPA08_J58,XDC,O,V,T1620,2024,0.41,D,S1,D,F,2,A,6,USD
OECD.SDD.NAD:DSD_NASU@DF_VALUATION(2.0),A,USA,P2,C25,CPA08_J58,XDC,O,V,T1620,2024,1.3,D,S1,D,F,2,A,6,USD
OECD.SDD.NAD:DSD_NASU@DF_VALUATION(2.0),A,USA,P2,C26,CPA08_J58,XDC,O,V,T1620,2024,5.65,D,S1,D,F,2,A,6,USD
OECD.SDD.NAD:DSD_NASU@DF_VALUATION(2.0),A,USA,P2,C27,CPA08_J58,XDC,O,V,T1620,2024,0.21,D,S1,D,F,2,A,6,USD
OECD.SDD.NAD:DSD_NASU@DF_VALUATION(2.0),A,USA,P2,C28,CPA08_J58,XDC,O,V,T1620,2024,0.66,D,S1,D,F,2,A,6,USD
OECD.SDD.NAD:DSD_NASU@DF_VALUATION(2.0),A,USA,P2,C29,CPA08_J58,XDC,O,V,T1620,2024,3.5,D,S1,D,F,2,A,6,USD
OECD.SDD.NAD:DSD_NASU@DF_VALUATION(2.0),A,USA,P2,C30,CPA08_J58,XDC,O,V,T1620,2024,1.96,D,S1,D,F,2,A,6,USD
OECD.SDD.NAD:DSD_NASU@DF_VALUATION(2.0),A,USA,P2,C31_32,CPA08_J58,XDC,O,V,T1620,2024,0.69,D,S1,D,F,2,A,6,USD
OECD.SDD.NAD:DSD_NASU@DF_VALUATION(2.0),A,USA,P2,C31,CPA08_J58,XDC,O,V,T1620,2024,0.13,D,S1,D,F,2,A,6,USD
OECD.SDD.NAD:DSD_NASU@DF_VALUATION(2.0),A,USA,P2,C32,CPA08_J58,XDC,O,V,T1620,2024,0.56,D,S1,D,F,2,A,6,USD
OECD.SDD.NAD:DSD_NASU@DF_VALUATION(2.0),A,USA,P2,C33,CPA08_J58,XDC,O,V,T1620,2024,0.62,D,S1,D,F,2,A,6,USD
OECD.SDD.NAD:DSD_NASU@DF_VALUATION(2.0),A,USA,P2,D,CPA08_J58,XDC,O,V,T1620,2024,5.15,D,S1,D,F,2,A,6,USD
OECD.SDD.NAD:DSD_NASU@DF_VALUATION(2.0),A,USA,P2,E,CPA08_J58,XDC,O,V,T1620,2024,0.81,D,S1,D,F,2,A,6,USD
OECD.SDD.NAD:DSD_NASU@DF_VALUATION(2.0),A,USA,P2,E37T39,CPA08_J58,XDC,O,V,T1620,2024,0.81,D,S1,D,F,2,A,6,USD
OECD.SDD.NAD:DSD_NASU@DF_VALUATION(2.0),A,USA,P2,E38,CPA08_J58,XDC,O,V,T1620,2024,0.69,D,S1,D,F,2,A,6,USD
OECD.SDD.NAD:DSD_NASU@DF_VALUATION(2.0),A,USA,P2,E39,CPA08_J58,XDC,O,V,T1620,2024,0.12,D,S1,D,F,2,A,6,USD
OECD.SDD.NAD:DSD_NASU@DF_VALUATION(2.0),A,USA,P2,C33,CPA08_H51,XDC,O,V,T1620,2024,-15.56,D,S1,D,F,2,A,6,USD
OECD.SDD.NAD:DSD_NASU@DF_VALUATION(2.0),A,USA,P2,D,CPA08_H51,XDC,O,V,T1620,2024,-11.38,D,S1,D,F,2,A,6,USD
OECD.SDD.NAD:DSD_NASU@DF_VALUATION(2.0),A,USA,P2,A03,CPA08_H51,XDC,O,V,T1620,2024,-0.08,D,S1,D,F,2,A,6,USD
OECD.SDD.NAD:DSD_NASU@DF_VALUATION(2.0),A,USA,P2,B,CPA08_H51,XDC,O,V,T1620,2024,-114.59,D,S1,D,F,2,A,6,USD
OECD.SDD.NAD:DSD_NASU@DF_VALUATION(2.0),A,USA,P2,B05,CPA08_H51,XDC,O,V,T1620,2024,-5.55,D,S1,D,F,2,A,6,USD
OECD.SDD.NAD:DSD_NASU@DF_VALUATION(2.0),A,USA,P2,B06,CPA08_H51,XDC,O,V,T1620,2024,-66.24,D,S1,D,F,2,A,6,USD
OECD.SDD.NAD:DSD_NASU@DF_VALUATION(2.0),A,USA,P2,B07,CPA08_H51,XDC,O,V,T1620,2024,-5.69,D,S1,D,F,2,A,6,USD
OECD.SDD.NAD:DSD_NASU@DF_VALUATION(2.0),A,USA,P2,B08,CPA08_H51,XDC,O,V,T1620,2024,-23.74,D,S1,D,F,2,A,6,USD
OECD.SDD.NAD:DSD_NASU@DF_VALUATION(2.0),A,USA,P2,B09,CPA08_H51,XDC,O,V,T1620,2024,-13.37,D,S1,D,F,2,A,6,USD
OECD.SDD.NAD:DSD_NASU@DF_VALUATION(2.0),A,USA,P2,C,CPA08_H51,XDC,O,V,T1620,2024,-3344.96,D,S1,D,F,2,A,6,USD
OECD.SDD.NAD:DSD_NASU@DF_VALUATION(2.0),A,USA,P2,C10T12,CPA08_H51,XDC,O,V,T1620,2024,-517.93,D,S1,D,F,2,A,6,USD
OECD.SDD.NAD:DSD_NASU@DF_VALUATION(2.0),A,USA,P2,C10,CPA08_H51,XDC,O,V,T1620,2024,-435.48,D,S1,D,F,2,A,6,USD
OECD.SDD.NAD:DSD_NASU@DF_VALUATION(2.0),A,USA,P2,C11,CPA08_H51,XDC,O,V,T1620,2024,-62.48,D,S1,D,F,2,A,6,USD
OECD.SDD.NAD:DSD_NASU@DF_VALUATION(2.0),A,USA,P2,_T,CPA08_H51,XDC,O,V,T1620,2024,-6913.38,D,S1,D,F,2,A,6,USD
OECD.SDD.NAD:DSD_NASU@DF_VALUATION(2.0),A,USA,P2,A,CPA08_H51,XDC,O,V,T1620,2024,-220.62,D,S1,D,F,2,A,6,USD
OECD.SDD.NAD:DSD_NASU@DF_VALUATION(2.0),A,USA,P2,A01,CPA08_H51,XDC,O,V,T1620,2024,-207.5,D,S1,D,F,2,A,6,USD
OECD.SDD.NAD:DSD_NASU@DF_VALUATION(2.0),A,USA,P2,A02,CPA08_H51,XDC,O,V,T1620,2024,-13.05,D,S1,D,F,2,A,6,USD
OECD.SDD.NAD:DSD_NASU@DF_VALUATION(2.0),A,USA,P2,Q,CPA08_H51,XDC,O,V,T1620,2024,-366.1,D,S1,D,F,2,A,6,USD
OECD.SDD.NAD:DSD_NASU@DF_VALUATION(2.0),A,USA,P2,Q86,CPA08_H51,XDC,O,V,T1620,2024,-307.4,D,S1,D,F,2,A,6,USD
OECD.SDD.NAD:DSD_NASU@DF_VALUATION(2.0),A,USA,P2,P,CPA08_H50,XDC,O,V,T1620,2024,-274.81,D,S1,D,F,2,A,6,USD
OECD.SDD.NAD:DSD_NASU@DF_VALUATION(2.0),A,USA,P2,Q,CPA08_H50,XDC,O,V,T1620,2024,-373.09,D,S1,D,F,2,A,6,USD
OECD.SDD.NAD:DSD_NASU@DF_VALUATION(2.0),A,USA,P2,Q86,CPA08_H50,XDC,O,V,T1620,2024,-324.02,D,S1,D,F,2,A,6,USD
OECD.SDD.NAD:DSD_NASU@DF_VALUATION(2.0),A,USA,P2,M75,CPA08_J,XDC,O,V,T1620,2024,4.92,D,S1,D,F,2,A,6,USD
OECD.SDD.NAD:DSD_NASU@DF_VALUATION(2.0),A,USA,P2,N,CPA08_J,XDC,O,V,T1620,2024,225.8,D,S1,D,F,2,A,6,USD
OECD.SDD.NAD:DSD_NASU@DF_VALUATION(2.0),A,USA,P2,N77,CPA08_J,XDC,O,V,T1620,2024,158.97,D,S1,D,F,2,A,6,USD
OECD.SDD.NAD:DSD_NASU@DF_VALUATION(2.0),A,USA,P2,N78,CPA08_J,XDC,O,V,T1620,2024,12.71,D,S1,D,F,2,A,6,USD
OECD.SDD.NAD:DSD_NASU@DF_VALUATION(2.0),A,USA,P2,A,_X,XDC,O,V,T1620,2024,119.03,D,S1,D,F,2,A,6,USD
OECD.SDD.NAD:DSD_NASU@DF_VALUATION(2.0),A,USA,P2,A01,_X,XDC,O,V,T1620,2024,119.03,D,S1,D,F,2,A,6,USD
OECD.SDD.NAD:DSD_NASU@DF_VALUATION(2.0),A,USA,P2,B,_X,XDC,O,V,T1620,2024,314.73,D,S1,D,F,2,A,6,USD
OECD.SDD.NAD:DSD_NASU@DF_VALUATION(2.0),A,USA,P2,N,_X,XDC,O,V,T1620,2024,20.12,D,S1,D,F,2,A,6,USD
OECD.SDD.NAD:DSD_NASU@DF_VALUATION(2.0),A,USA,P2,N77,_X,XDC,O,V,T1620,2024,20.12,D,S1,D,F,2,A,6,USD
OECD.SDD.NAD:DSD_NASU@DF_VALUATION(2.0),A,USA,P2,O,CPA08_J59,XDC,O,V,T1620,2024,173.92,D,S1,D,F,2,A,6,USD
OECD.SDD.NAD:DSD_NASU@DF_VALUATION(2.0),A,USA,P2,P,CPA08_J59,XDC,O,V,T1620,2024,258.9,D,S1,D,F,2,A,6,USD
OECD.SDD.NAD:DSD_NASU@DF_VALUATION(2.0),A,USA,P2,Q,CPA08_J59,XDC,O,V,T1620,2024,499.86,D,S1,D,F,2,A,6,USD
OECD.SDD.NAD:DSD_NASU@DF_VALUATION(2.0),A,USA,P2,Q86,CPA08_J59,XDC,O,V,T1620,2024,3.69,D,S1,D,F,2,A,6,USD
OECD.SDD.NAD:DSD_NASU@DF_VALUATION(2.0),A,USA,P2,Q87_88,CPA08_J59,XDC,O,V,T1620,2024,496.16,D,S1,D,F,2,A,6,USD
OECD.SDD.NAD:DSD_NASU@DF_VALUATION(2.0),A,USA,P2,Q87,CPA08_J59,XDC,O,V,T1620,2024,327.42,D,S1,D,F,2,A,6,USD
OECD.SDD.NAD:DSD_NASU@DF_VALUATION(2.0),A,USA,P2,Q88,CPA08_J59,XDC,O,V,T1620,2024,168.75,D,S1,D,F,2,A,6,USD
OECD.SDD.NAD:DSD_NASU@DF_VALUATION(2.0),A,USA,P2,R,CPA08_J59,XDC,O,V,T1620,2024,17.99,D,S1,D,F,2,A,6,USD
OECD.SDD.NAD:DSD_NASU@DF_VALUATION(2.0),A,USA,P2,R93,CPA08_J59,XDC,O,V,T1620,2024,17.99,D,S1,D,F,2,A,6,USD
OECD.SDD.NAD:DSD_NASU@DF_VALUATION(2.0),A,USA,P2,S,CPA08_J59,XDC,O,V,T1620,2024,3.99,D,S1,D,F,2,A,6,USD
OECD.SDD.NAD:DSD_NASU@DF_VALUATION(2.0),A,USA,P2,S94,CPA08_J59,XDC,O,V,T1620,2024,3.99,D,S1,D,F,2,A,6,USD
OECD.SDD.NAD:DSD_NASU@DF_VALUATION(2.0),A,USA,P52,_Z,CPA08_J59,XDC,O,V,T1620,2024,30.13,D,S1,D,F,2,A,6,USD
OECD.SDD.NAD:DSD_NASU@DF_VALUATION(2.0),A,USA,P3,_Z,CPA08_J59,XDC,O,V,T1620,2024,8611.78,D,S1,D,F,2,A,6,USD
OECD.SDD.NAD:DSD_NASU@DF_VALUATION(2.0),A,USA,P5,_Z,CPA08_J59,XDC,O,V,T1620,2024,30.13,D,S1,D,F,2,A,6,USD
OECD.SDD.NAD:DSD_NASU@DF_VALUATION(2.0),A,USA,TU,_Z,CPA08_J59,XDC,O,V,T1620,2024,10945.46,D,S1,D,F,2,A,6,USD
OECD.SDD.NAD:DSD_NASU@DF_VALUATION(2.0),A,USA,P2,I55,CPA08_J59,XDC,O,V,T1620,2024,158.53,D,S1,D,F,2,A,6,USD
OECD.SDD.NAD:DSD_NASU@DF_VALUATION(2.0),A,USA,P2,I56,CPA08_J59,XDC,O,V,T1620,2024,636.98,D,S1,D,F,2,A,6,USD
OECD.SDD.NAD:DSD_NASU@DF_VALUATION(2.0),A,USA,P2,J,CPA08_J59,XDC,O,V,T1620,2024,412.85,D,S1,D,F,2,A,6,USD
OECD.SDD.NAD:DSD_NASU@DF_VALUATION(2.0),A,USA,P2,J58,CPA08_J59,XDC,O,V,T1620,2024,0,D,S1,D,F,2,A,6,USD
OECD.SDD.NAD:DSD_NASU@DF_VALUATION(2.0),A,USA,P2,J59_60,CPA08_J59,XDC,O,V,T1620,2024,65.96,D,S1,D,F,2,A,6,USD
OECD.SDD.NAD:DSD_NASU@DF_VALUATION(2.0),A,USA,P2,J59,CPA08_J59,XDC,O,V,T1620,2024,0.06,D,S1,D,F,2,A,6,USD
OECD.SDD.NAD:DSD_NASU@DF_VALUATION(2.0),A,USA,P2,J60,CPA08_J59,XDC,O,V,T1620,2024,65.9,D,S1,D,F,2,A,6,USD
OECD.SDD.NAD:DSD_NASU@DF_VALUATION(2.0),A,USA,P2,J61,CPA08_J59,XDC,O,V,T1620,2024,340.48,D,S1,D,F,2,A,6,USD
OECD.SDD.NAD:DSD_NASU@DF_VALUATION(2.0),A,USA,P2,J62_63,CPA08_J59,XDC,O,V,T1620,2024,6.4,D,S1,D,F,2,A,6,USD
OECD.SDD.NAD:DSD_NASU@DF_VALUATION(2.0),A,USA,P2,J63,CPA08_J59,XDC,O,V,T1620,2024,6.4,D,S1,D,F,2,A,6,USD
OECD.SDD.NAD:DSD_NASU@DF_VALUATION(2.0),A,USA,P2,M,CPA08_J59,XDC,O,V,T1620,2024,35.91,D,S1,D,F,2,A,6,USD
OECD.SDD.NAD:DSD_NASU@DF_VALUATION(2.0),A,USA,P2,_T,CPA08_J59,XDC,O,V,T1620,2024,2245.06,D,S1,D,F,2,A,6,USD
OECD.SDD.NAD:DSD_NASU@DF_VALUATION(2.0),A,USA,P2,G,CPA08_J59,XDC,O,V,T1620,2024,0.2,D,S1,D,F,2,A,6,USD
OECD.SDD.NAD:DSD_NASU@DF_VALUATION(2.0),A,USA,P2,G46,CPA08_J59,XDC,O,V,T1620,2024,0,D,S1,D,F,2,A,6,USD
OECD.SDD.NAD:DSD_NASU@DF_VALUATION(2.0),A,USA,P2,G47,CPA08_J59,XDC,O,V,T1620,2024,0.2,D,S1,D,F,2,A,6,USD
OECD.SDD.NAD:DSD_NASU@DF_VALUATION(2.0),A,USA,P2,I,CPA08_J59,XDC,O,V,T1620,2024,795.51,D,S1,D,F,2,A,6,USD
OECD.SDD.NAD:DSD_NASU@DF_VALUATION(2.0),A,USA,P2,M73,CPA08_J59,XDC,O,V,T1620,2024,35.91,D,S1,D,F,2,A,6,USD
OECD.SDD.NAD:DSD_NASU@DF_VALUATION(2.0),A,USA,P2,N,CPA08_J59,XDC,O,V,T1620,2024,45.94,D,S1,D,F,2,A,6,USD
OECD.SDD.NAD:DSD_NASU@DF_VALUATION(2.0),A,USA,P2,O,CPA08_J59_60,XDC,O,V,T1620,2024,173.92,D,S1,D,F,2,A,6,USD
OECD.SDD.NAD:DSD_NASU@DF_VALUATION(2.0),A,USA,P2,P,CPA08_J59_60,XDC,O,V,T1620,2024,258.9,D,S1,D,F,2,A,6,USD
OECD.SDD.NAD:DSD_NASU@DF_VALUATION(2.0),A,USA,P2,Q,CPA08_J59_60,XDC,O,V,T1620,2024,499.86,D,S1,D,F,2,A,6,USD
OECD.SDD.NAD:DSD_NASU@DF_VALUATION(2.0),A,USA,P2,B05,CPA08_J,XDC,O,V,T1620,2024,0,D,S1,D,F,2,A,6,USD
OECD.SDD.NAD:DSD_NASU@DF_VALUATION(2.0),A,USA,P2,B06,CPA08_J,XDC,O,V,T1620,2024,0.5,D,S1,D,F,2,A,6,USD
OECD.SDD.NAD:DSD_NASU@DF_VALUATION(2.0),A,USA,P2,B08,CPA08_J,XDC,O,V,T1620,2024,0.01,D,S1,D,F,2,A,6,USD
OECD.SDD.NAD:DSD_NASU@DF_VALUATION(2.0),A,USA,P2,B09,CPA08_J,XDC,O,V,T1620,2024,0.08,D,S1,D,F,2,A,6,USD
OECD.SDD.NAD:DSD_NASU@DF_VALUATION(2.0),A,USA,P2,C,CPA08_J,XDC,O,V,T1620,2024,19.23,D,S1,D,F,2,A,6,USD
OECD.SDD.NAD:DSD_NASU@DF_VALUATION(2.0),A,USA,P2,C10T12,CPA08_J,XDC,O,V,T1620,2024,0.28,D,S1,D,F,2,A,6,USD
OECD.SDD.NAD:DSD_NASU@DF_VALUATION(2.0),A,USA,P2,C10,CPA08_J,XDC,O,V,T1620,2024,0.23,D,S1,D,F,2,A,6,USD
OECD.SDD.NAD:DSD_NASU@DF_VALUATION(2.0),A,USA,P2,C11,CPA08_J,XDC,O,V,T1620,2024,0.05,D,S1,D,F,2,A,6,USD
OECD.SDD.NAD:DSD_NASU@DF_VALUATION(2.0),A,USA,P2,C13T15,CPA08_J,XDC,O,V,T1620,2024,0,D,S1,D,F,2,A,6,USD
OECD.SDD.NAD:DSD_NASU@DF_VALUATION(2.0),A,USA,P2,C14,CPA08_J,XDC,O,V,T1620,2024,0,D,S1,D,F,2,A,6,USD
OECD.SDD.NAD:DSD_NASU@DF_VALUATION(2.0),A,USA,P2,C16,CPA08_J,XDC,O,V,T1620,2024,0.54,D,S1,D,F,2,A,6,USD
OECD.SDD.NAD:DSD_NASU@DF_VALUATION(2.0),A,USA,P2,C17,CPA08_J,XDC,O,V,T1620,2024,0.11,D,S1,D,F,2,A,6,USD
OECD.SDD.NAD:DSD_NASU@DF_VALUATION(2.0),A,USA,P2,_T,CPA08_J,XDC,O,V,T1620,2024,18376.09,D,S1,D,F,2,A,6,USD
OECD.SDD.NAD:DSD_NASU@DF_VALUATION(2.0),A,USA,P2,A,CPA08_J,XDC,O,V,T1620,2024,1.98,D,S1,D,F,2,A,6,USD
OECD.SDD.NAD:DSD_NASU@DF_VALUATION(2.0),A,USA,P2,A01,CPA08_J,XDC,O,V,T1620,2024,1.97,D,S1,D,F,2,A,6,USD
OECD.SDD.NAD:DSD_NASU@DF_VALUATION(2.0),A,USA,P2,A02,CPA08_J,XDC,O,V,T1620,2024,0.01,D,S1,D,F,2,A,6,USD
OECD.SDD.NAD:DSD_NASU@DF_VALUATION(2.0),A,USA,P52,_Z,CPA08_J,XDC,O,V,T1620,2024,-87.31,D,S1,D,F,2,A,6,USD
OECD.SDD.NAD:DSD_NASU@DF_VALUATION(2.0),A,USA,P2,Q87,CPA08_H51,XDC,O,V,T1620,2024,-17.39,D,S1,D,F,2,A,6,USD
OECD.SDD.NAD:DSD_NASU@DF_VALUATION(2.0),A,USA,P2,Q88,CPA08_H51,XDC,O,V,T1620,2024,-41.3,D,S1,D,F,2,A,6,USD
OECD.SDD.NAD:DSD_NASU@DF_VALUATION(2.0),A,USA,P2,R,CPA08_H51,XDC,O,V,T1620,2024,-15.46,D,S1,D,F,2,A,6,USD
OECD.SDD.NAD:DSD_NASU@DF_VALUATION(2.0),A,USA,P2,R90T92,CPA08_H51,XDC,O,V,T1620,2024,-4.88,D,S1,D,F,2,A,6,USD
OECD.SDD.NAD:DSD_NASU@DF_VALUATION(2.0),A,USA,P2,R90,CPA08_H51,XDC,O,V,T1620,2024,-2.21,D,S1,D,F,2,A,6,USD
OECD.SDD.NAD:DSD_NASU@DF_VALUATION(2.0),A,USA,P2,R91,CPA08_H51,XDC,O,V,T1620,2024,-1.29,D,S1,D,F,2,A,6,USD
OECD.SDD.NAD:DSD_NASU@DF_VALUATION(2.0),A,USA,P2,R92,CPA08_H51,XDC,O,V,T1620,2024,-1.39,D,S1,D,F,2,A,6,USD
OECD.SDD.NAD:DSD_NASU@DF_VALUATION(2.0),A,USA,P2,R93,CPA08_H51,XDC,O,V,T1620,2024,-10.58,D,S1,D,F,2,A,6,USD
OECD.SDD.NAD:DSD_NASU@DF_VALUATION(2.0),A,USA,P2,S94,CPA08_H51,XDC,O,V,T1620,2024,-14.92,D,S1,D,F,2,A,6,USD
OECD.SDD.NAD:DSD_NASU@DF_VALUATION(2.0),A,USA,P2,S95,CPA08_H51,XDC,O,V,T1620,2024,-9.28,D,S1,D,F,2,A,6,USD
OECD.SDD.NAD:DSD_NASU@DF_VALUATION(2.0),A,USA,P2,S96,CPA08_H51,XDC,O,V,T1620,2024,-25.86,D,S1,D,F,2,A,6,USD
OECD.SDD.NAD:DSD_NASU@DF_VALUATION(2.0),A,USA,P5,_Z,CPA08_H51,XDC,O,V,T1620,2024,-2069.45,D,S1,D,F,2,A,6,USD
OECD.SDD.NAD:DSD_NASU@DF_VALUATION(2.0),A,USA,P51G,_Z,CPA08_H51,XDC,O,V,T1620,2024,-2026.72,D,S1,D,F,2,A,6,USD
OECD.SDD.NAD:DSD_NASU@DF_VALUATION(2.0),A,USA,TU,_Z,CPA08_H51,XDC,O,V,T1620,2024,-13515.66,D,S1,D,F,2,A,6,USD
OECD.SDD.NAD:DSD_NASU@DF_VALUATION(2.0),A,USA,P52,_Z,CPA08_H51,XDC,O,V,T1620,2024,-42.73,D,S1,D,F,2,A,6,USD
OECD.SDD.NAD:DSD_NASU@DF_VALUATION(2.0),A,USA,P3,_Z,CPA08_H51,XDC,O,V,T1620,2024,-2980.26,D,S1,D,F,2,A,6,USD
OECD.SDD.NAD:DSD_NASU@DF_VALUATION(2.0),A,USA,P2,E37,CPA08_H51,XDC,O,V,T1620,2024,-0.81,D,S1,D,F,2,A,6,USD
OECD.SDD.NAD:DSD_NASU@DF_VALUATION(2.0),A,USA,P2,G47,CPA08_H51,XDC,O,V,T1620,2024,-64.45,D,S1,D,F,2,A,6,USD
OECD.SDD.NAD:DSD_NASU@DF_VALUATION(2.0),A,USA,P2,K65,CPA08_H51,XDC,O,V,T1620,2024,-4.31,D,S1,D,F,2,A,6,USD
OECD.SDD.NAD:DSD_NASU@DF_VALUATION(2.0),A,USA,P2,K66,CPA08_H51,XDC,O,V,T1620,2024,-8.68,D,S1,D,F,2,A,6,USD
OECD.SDD.NAD:DSD_NASU@DF_VALUATION(2.0),A,USA,P2,M69_70,CPA08_H51,XDC,O,V,T1620,2024,-41.77,D,S1,D,F,2,A,6,USD
OECD.SDD.NAD:DSD_NASU@DF_VALUATION(2.0),A,USA,P2,S,CPA08_H51,XDC,O,V,T1620,2024,-50.07,D,S1,D,F,2,A,6,USD
OECD.SDD.NAD:DSD_NASU@DF_VALUATION(2.0),A,USA,P2,E,CPA08_H51,XDC,O,V,T1620,2024,-28.43,D,S1,D,F,2,A,6,USD
OECD.SDD.NAD:DSD_NASU@DF_VALUATION(2.0),A,USA,P2,E36,CPA08_H51,XDC,O,V,T1620,2024,-4.94,D,S1,D,F,2,A,6,USD
OECD.SDD.NAD:DSD_NASU@DF_VALUATION(2.0),A,USA,P2,E37T39,CPA08_H51,XDC,O,V,T1620,2024,-23.49,D,S1,D,F,2,A,6,USD
OECD.SDD.NAD:DSD_NASU@DF_VALUATION(2.0),A,USA,P2,E38,CPA08_H51,XDC,O,V,T1620,2024,-17.82,D,S1,D,F,2,A,6,USD
OECD.SDD.NAD:DSD_NASU@DF_VALUATION(2.0),A,USA,P2,E39,CPA08_H51,XDC,O,V,T1620,2024,-4.87,D,S1,D,F,2,A,6,USD
OECD.SDD.NAD:DSD_NASU@DF_VALUATION(2.0),A,USA,P2,F,CPA08_H51,XDC,O,V,T1620,2024,-1079.62,D,S1,D,F,2,A,6,USD
OECD.SDD.NAD:DSD_NASU@DF_VALUATION(2.0),A,USA,P52,_Z,CPA08_C27,XDC,O,V,T1620,2024,216.4,D,S1,D,F,2,A,6,USD
OECD.SDD.NAD:DSD_NASU@DF_VALUATION(2.0),A,USA,P2,S,CPA08_C26,XDC,O,V,T1620,2024,1021.55,D,S1,D,F,2,A,6,USD
OECD.SDD.NAD:DSD_NASU@DF_VALUATION(2.0),A,USA,P2,Q87,CPA08_C25,XDC,O,V,T1620,2024,12.82,D,S1,D,F,2,A,6,USD
OECD.SDD.NAD:DSD_NASU@DF_VALUATION(2.0),A,USA,P2,S96,CPA08_C23,XDC,O,V,T1620,2024,334.18,D,S1,D,F,2,A,6,USD
OECD.SDD.NAD:DSD_NASU@DF_VALUATION(2.0),A,USA,P2,Q88,CPA08_C22,XDC,O,V,T1620,2024,536.94,D,S1,D,F,2,A,6,USD
OECD.SDD.NAD:DSD_NASU@DF_VALUATION(2.0),A,USA,TU,_Z,CPA08_C21,XDC,O,V,T1620,2024,460187,D,S1,D,F,2,A,6,USD
OECD.SDD.NAD:DSD_NASU@DF_VALUATION(2.0),A,USA,P2,R90T92,CPA08_C20,XDC,O,V,T1620,2024,18.83,D,S1,D,F,2,A,6,USD
OECD.SDD.NAD:DSD_NASU@DF_VALUATION(2.0),A,USA,P2,Q86,CPA08_C19,XDC,O,V,T1620,2024,513.25,D,S1,D,F,2,A,6,USD
OECD.SDD.NAD:DSD_NASU@DF_VALUATION(2.0),A,USA,P2,I55,CPA08_C18,XDC,O,V,T1620,2024,324.05,D,S1,D,F,2,A,6,USD
OECD.SDD.NAD:DSD_NASU@DF_VALUATION(2.0),A,USA,P2,S94,CPA08_C17,XDC,O,V,T1620,2024,216.88,D,S1,D,F,2,A,6,USD
OECD.SDD.NAD:DSD_NASU@DF_VALUATION(2.0),A,USA,P2,S94,CPA08_C16,XDC,O,V,T1620,2024,93.77,D,S1,D,F,2,A,6,USD
OECD.SDD.NAD:DSD_NASU@DF_VALUATION(2.0),A,USA,P2,H,CPA08_C15,XDC,O,V,T1620,2024,122.29,D,S1,D,F,2,A,6,USD
OECD.SDD.NAD:DSD_NASU@DF_VALUATION(2.0),A,USA,P2,R90T92,CPA08_C14,XDC,O,V,T1620,2024,2.29,D,S1,D,F,2,A,6,USD
OECD.SDD.NAD:DSD_NASU@DF_VALUATION(2.0),A,USA,P2,H50,CPA08_C13,XDC,O,V,T1620,2024,13.66,D,S1,D,F,2,A,6,USD
OECD.SDD.NAD:DSD_NASU@DF_VALUATION(2.0),A,USA,P2,J,CPA08_C13T15,XDC,O,V,T1620,2024,51.43,D,S1,D,F,2,A,6,USD
OECD.SDD.NAD:DSD_NASU@DF_VALUATION(2.0),A,USA,P2,M70,CPA08_C12,XDC,O,V,T1620,2024,0.18,D,S1,D,F,2,A,6,USD
OECD.SDD.NAD:DSD_NASU@DF_VALUATION(2.0),A,USA,P2,I,CPA08_C11,XDC,O,V,T1620,2024,8373.57,D,S1,D,F,2,A,6,USD
OECD.SDD.NAD:DSD_NASU@DF_VALUATION(2.0),A,USA,P2,M74_75,CPA08_C10,XDC,O,V,T1620,2024,896.48,D,S1,D,F,2,A,6,USD
OECD.SDD.NAD:DSD_NASU@DF_VALUATION(2.0),A,USA,P2,M72,CPA08_C10T12,XDC,O,V,T1620,2024,544.45,D,S1,D,F,2,A,6,USD
OECD.SDD.NAD:DSD_NASU@DF_VALUATION(2.0),A,USA,P2,Q87_88,CPA08_C,XDC,O,V,T1620,2024,11958.5,D,S1,D,F,2,A,6,USD
OECD.SDD.NAD:DSD_NASU@DF_VALUATION(2.0),A,USA,P2,J61,CPA08_B08,XDC,O,V,T1620,2024,9.13,D,S1,D,F,2,A,6,USD
OECD.SDD.NAD:DSD_NASU@DF_VALUATION(2.0),A,USA,P2,O,CPA08_B07,XDC,O,V,T1620,2024,0.54,D,S1,D,F,2,A,6,USD
OECD.SDD.NAD:DSD_NASU@DF_VALUATION(2.0),A,USA,P2,F,CPA08_J58,XDC,O,V,T1620,2024,24.93,D,S1,D,F,2,A,6,USD
OECD.SDD.NAD:DSD_NASU@DF_VALUATION(2.0),A,USA,P2,F41,CPA08_J58,XDC,O,V,T1620,2024,21.06,D,S1,D,F,2,A,6,USD
OECD.SDD.NAD:DSD_NASU@DF_VALUATION(2.0),A,USA,P2,F42,CPA08_J58,XDC,O,V,T1620,2024,3.87,D,S1,D,F,2,A,6,USD
OECD.SDD.NAD:DSD_NASU@DF_VALUATION(2.0),A,USA,P2,G,CPA08_J58,XDC,O,V,T1620,2024,293.48,D,S1,D,F,2,A,6,USD
OECD.SDD.NAD:DSD_NASU@DF_VALUATION(2.0),A,USA,P2,G45,CPA08_J58,XDC,O,V,T1620,2024,51.04,D,S1,D,F,2,A,6,USD
OECD.SDD.NAD:DSD_NASU@DF_VALUATION(2.0),A,USA,P2,B05,CPA08_J58,XDC,O,V,T1620,2024,0,D,S1,D,F,2,A,6,USD
OECD.SDD.NAD:DSD_NASU@DF_VALUATION(2.0),A,USA,P2,B06,CPA08_J58,XDC,O,V,T1620,2024,0.5,D,S1,D,F,2,A,6,USD
OECD.SDD.NAD:DSD_NASU@DF_VALUATION(2.0),A,USA,P2,B08,CPA08_J58,XDC,O,V,T1620,2024,0.01,D,S1,D,F,2,A,6,USD
OECD.SDD.NAD:DSD_NASU@DF_VALUATION(2.0),A,USA,P2,B09,CPA08_J58,XDC,O,V,T1620,2024,0.08,D,S1,D,F,2,A,6,USD
OECD.SDD.NAD:DSD_NASU@DF_VALUATION(2.0),A,USA,P2,C10T12,CPA08_J58,XDC,O,V,T1620,2024,0.28,D,S1,D,F,2,A,6,USD
OECD.SDD.NAD:DSD_NASU@DF_VALUATION(2.0),A,USA,P2,C10,CPA08_J58,XDC,O,V,T1620,2024,0.23,D,S1,D,F,2,A,6,USD
OECD.SDD.NAD:DSD_NASU@DF_VALUATION(2.0),A,USA,P2,C11,CPA08_J58,XDC,O,V,T1620,2024,0.05,D,S1,D,F,2,A,6,USD
OECD.SDD.NAD:DSD_NASU@DF_VALUATION(2.0),A,USA,P2,C13T15,CPA08_J58,XDC,O,V,T1620,2024,0,D,S1,D,F,2,A,6,USD
OECD.SDD.NAD:DSD_NASU@DF_VALUATION(2.0),A,USA,P2,C14,CPA08_J58,XDC,O,V,T1620,2024,0,D,S1,D,F,2,A,6,USD
OECD.SDD.NAD:DSD_NASU@DF_VALUATION(2.0),A,USA,P2,C16,CPA08_J58,XDC,O,V,T1620,2024,0.54,D,S1,D,F,2,A,6,USD
OECD.SDD.NAD:DSD_NASU@DF_VALUATION(2.0),A,USA,P2,C17,CPA08_J58,XDC,O,V,T1620,2024,0.11,D,S1,D,F,2,A,6,USD
OECD.SDD.NAD:DSD_NASU@DF_VALUATION(2.0),A,USA,P2,C18,CPA08_J58,XDC,O,V,T1620,2024,2.39,D,S1,D,F,2,A,6,USD
OECD.SDD.NAD:DSD_NASU@DF_VALUATION(2.0),A,USA,P2,_T,CPA08_J58,XDC,O,V,T1620,2024,16131.03,D,S1,D,F,2,A,6,USD
OECD.SDD.NAD:DSD_NASU@DF_VALUATION(2.0),A,USA,P2,A,CPA08_J58,XDC,O,V,T1620,2024,1.98,D,S1,D,F,2,A,6,USD
OECD.SDD.NAD:DSD_NASU@DF_VALUATION(2.0),A,USA,P2,A02,CPA08_J58,XDC,O,V,T1620,2024,0.01,D,S1,D,F,2,A,6,USD
OECD.SDD.NAD:DSD_NASU@DF_VALUATION(2.0),A,USA,P2,B,CPA08_J58,XDC,O,V,T1620,2024,0.6,D,S1,D,F,2,A,6,USD
OECD.SDD.NAD:DSD_NASU@DF_VALUATION(2.0),A,USA,P2,S,CPA08_J58,XDC,O,V,T1620,2024,49.6,D,S1,D,F,2,A,6,USD
OECD.SDD.NAD:DSD_NASU@DF_VALUATION(2.0),A,USA,P2,S94,CPA08_J58,XDC,O,V,T1620,2024,20.55,D,S1,D,F,2,A,6,USD
OECD.SDD.NAD:DSD_NASU@DF_VALUATION(2.0),A,USA,TU,_Z,CPA08_J,XDC,O,V,T1620,2024,179177.99,D,S1,D,F,2,A,6,USD
OECD.SDD.NAD:DSD_NASU@DF_VALUATION(2.0),A,USA,P5,_Z,CPA08_J,XDC,O,V,T1620,2024,62609.67,D,S1,D,F,2,A,6,USD
OECD.SDD.NAD:DSD_NASU@DF_VALUATION(2.0),A,USA,P51G,_Z,CPA08_J,XDC,O,V,T1620,2024,62696.98,D,S1,D,F,2,A,6,USD
OECD.SDD.NAD:DSD_NASU@DF_VALUATION(2.0),A,USA,P3,_Z,CPA08_J,XDC,O,V,T1620,2024,89703.95,D,S1,D,F,2,A,6,USD
OECD.SDD.NAD:DSD_NASU@DF_VALUATION(2.0),A,USA,P2,B,CPA08_J,XDC,O,V,T1620,2024,0.6,D,S1,D,F,2,A,6,USD
OECD.SDD.NAD:DSD_NASU@DF_VALUATION(2.0),A,USA,P2,C20,CPA08_J,XDC,O,V,T1620,2024,0.51,D,S1,D,F,2,A,6,USD
OECD.SDD.NAD:DSD_NASU@DF_VALUATION(2.0),A,USA,P2,C23,CPA08_J,XDC,O,V,T1620,2024,0.17,D,S1,D,F,2,A,6,USD
OECD.SDD.NAD:DSD_NASU@DF_VALUATION(2.0),A,USA,P2,C31_32,CPA08_J,XDC,O,V,T1620,2024,0.69,D,S1,D,F,2,A,6,USD
OECD.SDD.NAD:DSD_NASU@DF_VALUATION(2.0),A,USA,P2,J59_60,CPA08_J,XDC,O,V,T1620,2024,69.41,D,S1,D,F,2,A,6,USD
OECD.SDD.NAD:DSD_NASU@DF_VALUATION(2.0),A,USA,P2,J62_63,CPA08_J,XDC,O,V,T1620,2024,311.64,D,S1,D,F,2,A,6,USD
OECD.SDD.NAD:DSD_NASU@DF_VALUATION(2.0),A,USA,P2,J63,CPA08_J,XDC,O,V,T1620,2024,81.42,D,S1,D,F,2,A,6,USD
OECD.SDD.NAD:DSD_NASU@DF_VALUATION(2.0),A,USA,P2,L,CPA08_J,XDC,O,V,T1620,2024,56.8,D,S1,D,F,2,A,6,USD
OECD.SDD.NAD:DSD_NASU@DF_VALUATION(2.0),A,USA,P2,M71,CPA08_J,XDC,O,V,T1620,2024,372.31,D,S1,D,F,2,A,6,USD
OECD.SDD.NAD:DSD_NASU@DF_VALUATION(2.0),A,USA,P2,R92,CPA08_J,XDC,O,V,T1620,2024,1.37,D,S1,D,F,2,A,6,USD
OECD.SDD.NAD:DSD_NASU@DF_VALUATION(2.0),A,USA,P2,S96,CPA08_J,XDC,O,V,T1620,2024,28.89,D,S1,D,F,2,A,6,USD
OECD.SDD.NAD:DSD_NASU@DF_VALUATION(2.0),A,USA,P2,G47,CPA08_J,XDC,O,V,T1620,2024,67.34,D,S1,D,F,2,A,6,USD
OECD.SDD.NAD:DSD_NASU@DF_VALUATION(2.0),A,USA,P2,H,CPA08_J,XDC,O,V,T1620,2024,106.35,D,S1,D,F,2,A,6,USD
OECD.SDD.NAD:DSD_NASU@DF_VALUATION(2.0),A,USA,P2,H49,CPA08_J,XDC,O,V,T1620,2024,4.12,D,S1,D,F,2,A,6,USD
OECD.SDD.NAD:DSD_NASU@DF_VALUATION(2.0),A,USA,P2,H50,CPA08_J,XDC,O,V,T1620,2024,0.46,D,S1,D,F,2,A,6,USD
OECD.SDD.NAD:DSD_NASU@DF_VALUATION(2.0),A,USA,P2,H51,CPA08_J,XDC,O,V,T1620,2024,0.59,D,S1,D,F,2,A,6,USD
OECD.SDD.NAD:DSD_NASU@DF_VALUATION(2.0),A,USA,P2,H52,CPA08_J,XDC,O,V,T1620,2024,100.32,D,S1,D,F,2,A,6,USD
OECD.SDD.NAD:DSD_NASU@DF_VALUATION(2.0),A,USA,P2,H53,CPA08_J,XDC,O,V,T1620,2024,0.86,D,S1,D,F,2,A,6,USD
OECD.SDD.NAD:DSD_NASU@DF_VALUATION(2.0),A,USA,P2,I,CPA08_J,XDC,O,V,T1620,2024,831.06,D,S1,D,F,2,A,6,USD
OECD.SDD.NAD:DSD_NASU@DF_VALUATION(2.0),A,USA,P2,I55,CPA08_J,XDC,O,V,T1620,2024,166.24,D,S1,D,F,2,A,6,USD
OECD.SDD.NAD:DSD_NASU@DF_VALUATION(2.0),A,USA,P2,I56,CPA08_J,XDC,O,V,T1620,2024,664.82,D,S1,D,F,2,A,6,USD
OECD.SDD.NAD:DSD_NASU@DF_VALUATION(2.0),A,USA,P2,J,CPA08_J,XDC,O,V,T1620,2024,12453.55,D,S1,D,F,2,A,6,USD
OECD.SDD.NAD:DSD_NASU@DF_VALUATION(2.0),A,USA,P2,J58,CPA08_J,XDC,O,V,T1620,2024,11718.89,D,S1,D,F,2,A,6,USD
OECD.SDD.NAD:DSD_NASU@DF_VALUATION(2.0),A,USA,P2,J59,CPA08_J,XDC,O,V,T1620,2024,2.95,D,S1,D,F,2,A,6,USD
OECD.SDD.NAD:DSD_NASU@DF_VALUATION(2.0),A,USA,P2,J60,CPA08_J,XDC,O,V,T1620,2024,66.46,D,S1,D,F,2,A,6,USD
OECD.SDD.NAD:DSD_NASU@DF_VALUATION(2.0),A,USA,P2,J61,CPA08_J,XDC,O,V,T1620,2024,353.61,D,S1,D,F,2,A,6,USD
OECD.SDD.NAD:DSD_NASU@DF_VALUATION(2.0),A,USA,P2,J62,CPA08_J,XDC,O,V,T1620,2024,230.22,D,S1,D,F,2,A,6,USD
OECD.SDD.NAD:DSD_NASU@DF_VALUATION(2.0),A,USA,P2,K,CPA08_J,XDC,O,V,T1620,2024,105.25,D,S1,D,F,2,A,6,USD
OECD.SDD.NAD:DSD_NASU@DF_VALUATION(2.0),A,USA,P2,K64,CPA08_J,XDC,O,V,T1620,2024,83.44,D,S1,D,F,2,A,6,USD
OECD.SDD.NAD:DSD_NASU@DF_VALUATION(2.0),A,USA,P2,K65,CPA08_J,XDC,O,V,T1620,2024,16.58,D,S1,D,F,2,A,6,USD
OECD.SDD.NAD:DSD_NASU@DF_VALUATION(2.0),A,USA,P2,K66,CPA08_J,XDC,O,V,T1620,2024,5.24,D,S1,D,F,2,A,6,USD
OECD.SDD.NAD:DSD_NASU@DF_VALUATION(2.0),A,USA,P2,L68B,CPA08_J,XDC,O,V,T1620,2024,56.8,D,S1,D,F,2,A,6,USD
OECD.SDD.NAD:DSD_NASU@DF_VALUATION(2.0),A,USA,P2,M,CPA08_J,XDC,O,V,T1620,2024,930.25,D,S1,D,F,2,A,6,USD
OECD.SDD.NAD:DSD_NASU@DF_VALUATION(2.0),A,USA,P2,M69_70,CPA08_J,XDC,O,V,T1620,2024,136.04,D,S1,D,F,2,A,6,USD
OECD.SDD.NAD:DSD_NASU@DF_VALUATION(2.0),A,USA,P2,M69,CPA08_J,XDC,O,V,T1620,2024,72.28,D,S1,D,F,2,A,6,USD
OECD.SDD.NAD:DSD_NASU@DF_VALUATION(2.0),A,USA,P2,M70,CPA08_J,XDC,O,V,T1620,2024,63.76,D,S1,D,F,2,A,6,USD
OECD.SDD.NAD:DSD_NASU@DF_VALUATION(2.0),A,USA,P2,M72,CPA08_J,XDC,O,V,T1620,2024,147.36,D,S1,D,F,2,A,6,USD
OECD.SDD.NAD:DSD_NASU@DF_VALUATION(2.0),A,USA,P2,M73,CPA08_J,XDC,O,V,T1620,2024,51.45,D,S1,D,F,2,A,6,USD
OECD.SDD.NAD:DSD_NASU@DF_VALUATION(2.0),A,USA,P2,M74_75,CPA08_J,XDC,O,V,T1620,2024,223.09,D,S1,D,F,2,A,6,USD
OECD.SDD.NAD:DSD_NASU@DF_VALUATION(2.0),A,USA,P2,M74,CPA08_J,XDC,O,V,T1620,2024,218.18,D,S1,D,F,2,A,6,USD
OECD.SDD.NAD:DSD_NASU@DF_VALUATION(2.0),A,USA,P2,Q87_88,CPA08_J59_60,XDC,O,V,T1620,2024,496.16,D,S1,D,F,2,A,6,USD
OECD.SDD.NAD:DSD_NASU@DF_VALUATION(2.0),A,USA,P2,Q87,CPA08_J59_60,XDC,O,V,T1620,2024,327.42,D,S1,D,F,2,A,6,USD
OECD.SDD.NAD:DSD_NASU@DF_VALUATION(2.0),A,USA,P2,Q88,CPA08_J59_60,XDC,O,V,T1620,2024,168.75,D,S1,D,F,2,A,6,USD
OECD.SDD.NAD:DSD_NASU@DF_VALUATION(2.0),A,USA,P2,R,CPA08_J59_60,XDC,O,V,T1620,2024,17.99,D,S1,D,F,2,A,6,USD
OECD.SDD.NAD:DSD_NASU@DF_VALUATION(2.0),A,USA,P2,R93,CPA08_J59_60,XDC,O,V,T1620,2024,17.99,D,S1,D,F,2,A,6,USD
OECD.SDD.NAD:DSD_NASU@DF_VALUATION(2.0),A,USA,P2,S,CPA08_J59_60,XDC,O,V,T1620,2024,3.99,D,S1,D,F,2,A,6,USD
OECD.SDD.NAD:DSD_NASU@DF_VALUATION(2.0),A,USA,P2,S94,CPA08_J59_60,XDC,O,V,T1620,2024,3.99,D,S1,D,F,2,A,6,USD
OECD.SDD.NAD:DSD_NASU@DF_VALUATION(2.0),A,USA,TU,_Z,CPA08_J59_60,XDC,O,V,T1620,2024,10945.46,D,S1,D,F,2,A,6,USD
OECD.SDD.NAD:DSD_NASU@DF_VALUATION(2.0),A,USA,P3,_Z,CPA08_J59_60,XDC,O,V,T1620,2024,8611.78,D,S1,D,F,2,A,6,USD
OECD.SDD.NAD:DSD_NASU@DF_VALUATION(2.0),A,USA,P52,_Z,CPA08_J59_60,XDC,O,V,T1620,2024,30.13,D,S1,D,F,2,A,6,USD
OECD.SDD.NAD:DSD_NASU@DF_VALUATION(2.0),A,USA,P5,_Z,CPA08_J59_60,XDC,O,V,T1620,2024,30.13,D,S1,D,F,2,A,6,USD
OECD.SDD.NAD:DSD_NASU@DF_VALUATION(2.0),A,USA,P2,I55,CPA08_J59_60,XDC,O,V,T1620,2024,158.53,D,S1,D,F,2,A,6,USD
OECD.SDD.NAD:DSD_NASU@DF_VALUATION(2.0),A,USA,P2,I56,CPA08_J59_60,XDC,O,V,T1620,2024,636.98,D,S1,D,F,2,A,6,USD
OECD.SDD.NAD:DSD_NASU@DF_VALUATION(2.0),A,USA,P2,J,CPA08_J59_60,XDC,O,V,T1620,2024,412.85,D,S1,D,F,2,A,6,USD
OECD.SDD.NAD:DSD_NASU@DF_VALUATION(2.0),A,USA,P2,J58,CPA08_J59_60,XDC,O,V,T1620,2024,0,D,S1,D,F,2,A,6,USD
OECD.SDD.NAD:DSD_NASU@DF_VALUATION(2.0),A,USA,P2,J59_60,CPA08_J59_60,XDC,O,V,T1620,2024,65.96,D,S1,D,F,2,A,6,USD
OECD.SDD.NAD:DSD_NASU@DF_VALUATION(2.0),A,USA,P2,J59,CPA08_J59_60,XDC,O,V,T1620,2024,0.06,D,S1,D,F,2,A,6,USD
OECD.SDD.NAD:DSD_NASU@DF_VALUATION(2.0),A,USA,P2,J60,CPA08_J59_60,XDC,O,V,T1620,2024,65.9,D,S1,D,F,2,A,6,USD
OECD.SDD.NAD:DSD_NASU@DF_VALUATION(2.0),A,USA,P2,J61,CPA08_J59_60,XDC,O,V,T1620,2024,340.48,D,S1,D,F,2,A,6,USD
OECD.SDD.NAD:DSD_NASU@DF_VALUATION(2.0),A,USA,P2,J62_63,CPA08_J59_60,XDC,O,V,T1620,2024,6.4,D,S1,D,F,2,A,6,USD
OECD.SDD.NAD:DSD_NASU@DF_VALUATION(2.0),A,USA,P2,J63,CPA08_J59_60,XDC,O,V,T1620,2024,6.4,D,S1,D,F,2,A,6,USD
OECD.SDD.NAD:DSD_NASU@DF_VALUATION(2.0),A,USA,P2,M,CPA08_J59_60,XDC,O,V,T1620,2024,35.91,D,S1,D,F,2,A,6,USD
OECD.SDD.NAD:DSD_NASU@DF_VALUATION(2.0),A,USA,P2,_T,CPA08_J59_60,XDC,O,V,T1620,2024,2245.06,D,S1,D,F,2,A,6,USD
OECD.SDD.NAD:DSD_NASU@DF_VALUATION(2.0),A,USA,P2,G,CPA08_J59_60,XDC,O,V,T1620,2024,0.2,D,S1,D,F,2,A,6,USD
OECD.SDD.NAD:DSD_NASU@DF_VALUATION(2.0),A,USA,P2,G46,CPA08_J59_60,XDC,O,V,T1620,2024,0,D,S1,D,F,2,A,6,USD
OECD.SDD.NAD:DSD_NASU@DF_VALUATION(2.0),A,USA,P2,G47,CPA08_J59_60,XDC,O,V,T1620,2024,0.2,D,S1,D,F,2,A,6,USD
OECD.SDD.NAD:DSD_NASU@DF_VALUATION(2.0),A,USA,P2,I,CPA08_J59_60,XDC,O,V,T1620,2024,795.51,D,S1,D,F,2,A,6,USD
OECD.SDD.NAD:DSD_NASU@DF_VALUATION(2.0),A,USA,P2,M73,CPA08_J59_60,XDC,O,V,T1620,2024,35.91,D,S1,D,F,2,A,6,USD
OECD.SDD.NAD:DSD_NASU@DF_VALUATION(2.0),A,USA,P2,N,CPA08_J59_60,XDC,O,V,T1620,2024,45.94,D,S1,D,F,2,A,6,USD
OECD.SDD.NAD:DSD_NASU@DF_VALUATION(2.0),A,USA,P2,S96,CPA08_J58,XDC,O,V,T1620,2024,28.89,D,S1,D,F,2,A,6,USD
OECD.SDD.NAD:DSD_NASU@DF_VALUATION(2.0),A,USA,P52,_Z,CPA08_J58,XDC,O,V,T1620,2024,-117.44,D,S1,D,F,2,A,6,USD
OECD.SDD.NAD:DSD_NASU@DF_VALUATION(2.0),A,USA,P51G,_Z,CPA08_J58,XDC,O,V,T1620,2024,62696.98,D,S1,D,F,2,A,6,USD
OECD.SDD.NAD:DSD_NASU@DF_VALUATION(2.0),A,USA,TU,_Z,CPA08_J58,XDC,O,V,T1620,2024,168232.53,D,S1,D,F,2,A,6,USD
OECD.SDD.NAD:DSD_NASU@DF_VALUATION(2.0),A,USA,P3,_Z,CPA08_J58,XDC,O,V,T1620,2024,81092.17,D,S1,D,F,2,A,6,USD
OECD.SDD.NAD:DSD_NASU@DF_VALUATION(2.0),A,USA,P5,_Z,CPA08_J58,XDC,O,V,T1620,2024,62579.54,D,S1,D,F,2,A,6,USD
OECD.SDD.NAD:DSD_NASU@DF_VALUATION(2.0),A,USA,P2,A01,CPA08_J58,XDC,O,V,T1620,2024,1.97,D,S1,D,F,2,A,6,USD
OECD.SDD.NAD:DSD_NASU@DF_VALUATION(2.0),A,USA,P2,C,CPA08_J58,XDC,O,V,T1620,2024,19.23,D,S1,D,F,2,A,6,USD
OECD.SDD.NAD:DSD_NASU@DF_VALUATION(2.0),A,USA,P2,C19,CPA08_J58,XDC,O,V,T1620,2024,0.03,D,S1,D,F,2,A,6,USD
OECD.SDD.NAD:DSD_NASU@DF_VALUATION(2.0),A,USA,P2,H49,CPA08_J58,XDC,O,V,T1620,2024,4.12,D,S1,D,F,2,A,6,USD
OECD.SDD.NAD:DSD_NASU@DF_VALUATION(2.0),A,USA,P2,J58,CPA08_J58,XDC,O,V,T1620,2024,11718.89,D,S1,D,F,2,A,6,USD
OECD.SDD.NAD:DSD_NASU@DF_VALUATION(2.0),A,USA,P2,Q87,CPA08_J58,XDC,O,V,T1620,2024,8.18,D,S1,D,F,2,A,6,USD
OECD.SDD.NAD:DSD_NASU@DF_VALUATION(2.0),A,USA,P2,Q88,CPA08_J58,XDC,O,V,T1620,2024,107.75,D,S1,D,F,2,A,6,USD
OECD.SDD.NAD:DSD_NASU@DF_VALUATION(2.0),A,USA,P2,G46,CPA08_J58,XDC,O,V,T1620,2024,175.3,D,S1,D,F,2,A,6,USD
OECD.SDD.NAD:DSD_NASU@DF_VALUATION(2.0),A,USA,P2,G47,CPA08_J58,XDC,O,V,T1620,2024,67.14,D,S1,D,F,2,A,6,USD
OECD.SDD.NAD:DSD_NASU@DF_VALUATION(2.0),A,USA,P2,H,CPA08_J58,XDC,O,V,T1620,2024,106.35,D,S1,D,F,2,A,6,USD
OECD.SDD.NAD:DSD_NASU@DF_VALUATION(2.0),A,USA,P2,H50,CPA08_J58,XDC,O,V,T1620,2024,0.46,D,S1,D,F,2,A,6,USD
OECD.SDD.NAD:DSD_NASU@DF_VALUATION(2.0),A,USA,P2,H51,CPA08_J58,XDC,O,V,T1620,2024,0.59,D,S1,D,F,2,A,6,USD
OECD.SDD.NAD:DSD_NASU@DF_VALUATION(2.0),A,USA,P2,H52,CPA08_J58,XDC,O,V,T1620,2024,100.32,D,S1,D,F,2,A,6,USD
OECD.SDD.NAD:DSD_NASU@DF_VALUATION(2.0),A,USA,P2,H53,CPA08_J58,XDC,O,V,T1620,2024,0.86,D,S1,D,F,2,A,6,USD
OECD.SDD.NAD:DSD_NASU@DF_VALUATION(2.0),A,USA,P2,I,CPA08_J58,XDC,O,V,T1620,2024,35.55,D,S1,D,F,2,A,6,USD
OECD.SDD.NAD:DSD_NASU@DF_VALUATION(2.0),A,USA,P2,I55,CPA08_J58,XDC,O,V,T1620,2024,7.7,D,S1,D,F,2,A,6,USD
OECD.SDD.NAD:DSD_NASU@DF_VALUATION(2.0),A,USA,P2,I56,CPA08_J58,XDC,O,V,T1620,2024,27.85,D,S1,D,F,2,A,6,USD
OECD.SDD.NAD:DSD_NASU@DF_VALUATION(2.0),A,USA,P2,J,CPA08_J58,XDC,O,V,T1620,2024,12040.7,D,S1,D,F,2,A,6,USD
OECD.SDD.NAD:DSD_NASU@DF_VALUATION(2.0),A,USA,P2,J59_60,CPA08_J58,XDC,O,V,T1620,2024,3.44,D,S1,D,F,2,A,6,USD
OECD.SDD.NAD:DSD_NASU@DF_VALUATION(2.0),A,USA,P2,J59,CPA08_J58,XDC,O,V,T1620,2024,2.89,D,S1,D,F,2,A,6,USD
OECD.SDD.NAD:DSD_NASU@DF_VALUATION(2.0),A,USA,P2,J60,CPA08_J58,XDC,O,V,T1620,2024,0.56,D,S1,D,F,2,A,6,USD
OECD.SDD.NAD:DSD_NASU@DF_VALUATION(2.0),A,USA,P2,J61,CPA08_J58,XDC,O,V,T1620,2024,13.13,D,S1,D,F,2,A,6,USD
OECD.SDD.NAD:DSD_NASU@DF_VALUATION(2.0),A,USA,P2,J62_63,CPA08_J58,XDC,O,V,T1620,2024,305.24,D,S1,D,F,2,A,6,USD
OECD.SDD.NAD:DSD_NASU@DF_VALUATION(2.0),A,USA,P2,J62,CPA08_J58,XDC,O,V,T1620,2024,230.22,D,S1,D,F,2,A,6,USD
OECD.SDD.NAD:DSD_NASU@DF_VALUATION(2.0),A,USA,P2,J63,CPA08_J58,XDC,O,V,T1620,2024,75.02,D,S1,D,F,2,A,6,USD
OECD.SDD.NAD:DSD_NASU@DF_VALUATION(2.0),A,USA,P2,K,CPA08_J58,XDC,O,V,T1620,2024,105.25,D,S1,D,F,2,A,6,USD
OECD.SDD.NAD:DSD_NASU@DF_VALUATION(2.0),A,USA,P2,K64,CPA08_J58,XDC,O,V,T1620,2024,83.44,D,S1,D,F,2,A,6,USD
OECD.SDD.NAD:DSD_NASU@DF_VALUATION(2.0),A,USA,P2,K65,CPA08_J58,XDC,O,V,T1620,2024,16.58,D,S1,D,F,2,A,6,USD
OECD.SDD.NAD:DSD_NASU@DF_VALUATION(2.0),A,USA,P2,K66,CPA08_J58,XDC,O,V,T1620,2024,5.24,D,S1,D,F,2,A,6,USD
OECD.SDD.NAD:DSD_NASU@DF_VALUATION(2.0),A,USA,P2,L,CPA08_J58,XDC,O,V,T1620,2024,56.8,D,S1,D,F,2,A,6,USD
OECD.SDD.NAD:DSD_NASU@DF_VALUATION(2.0),A,USA,P2,L68B,CPA08_J58,XDC,O,V,T1620,2024,56.8,D,S1,D,F,2,A,6,USD
OECD.SDD.NAD:DSD_NASU@DF_VALUATION(2.0),A,USA,P2,M,CPA08_J58,XDC,O,V,T1620,2024,894.34,D,S1,D,F,2,A,6,USD
OECD.SDD.NAD:DSD_NASU@DF_VALUATION(2.0),A,USA,P2,M69_70,CPA08_J58,XDC,O,V,T1620,2024,136.04,D,S1,D,F,2,A,6,USD
OECD.SDD.NAD:DSD_NASU@DF_VALUATION(2.0),A,USA,P2,M69,CPA08_J58,XDC,O,V,T1620,2024,72.28,D,S1,D,F,2,A,6,USD
OECD.SDD.NAD:DSD_NASU@DF_VALUATION(2.0),A,USA,P2,M70,CPA08_J58,XDC,O,V,T1620,2024,63.76,D,S1,D,F,2,A,6,USD
OECD.SDD.NAD:DSD_NASU@DF_VALUATION(2.0),A,USA,P2,M71,CPA08_J58,XDC,O,V,T1620,2024,372.31,D,S1,D,F,2,A,6,USD
OECD.SDD.NAD:DSD_NASU@DF_VALUATION(2.0),A,USA,P2,P,_X,XDC,O,V,T1620,2024,81.62,D,S1,D,F,2,A,6,USD
OECD.SDD.NAD:DSD_NASU@DF_VALUATION(2.0),A,USA,P2,N77,CPA08_J59,XDC,O,V,T1620,2024,45.94,D,S1,D,F,2,A,6,USD
OECD.SDD.NAD:DSD_NASU@DF_VALUATION(2.0),A,USA,P2,N77,CPA08_J59_60,XDC,O,V,T1620,2024,45.94,D,S1,D,F,2,A,6,USD
OECD.SDD.NAD:DSD_NASU@DF_VALUATION(2.0),A,USA,P2,S95,CPA08_J58,XDC,O,V,T1620,2024,0.16,D,S1,D,F,2,A,6,USD
OECD.SDD.NAD:DSD_NASU@DF_VALUATION(2.0),A,USA,P2,Q87_88,CPA08_H51,XDC,O,V,T1620,2024,-58.7,D,S1,D,F,2,A,6,USD
OECD.SDD.NAD:DSD_NASU@DF_VALUATION(2.0),A,USA,P2,O,CPA08_H50,XDC,O,V,T1620,2024,-1063.65,D,S1,D,F,2,A,6,USD
OECD.SDD.NAD:DSD_NASU@DF_VALUATION(2.0),A,USA,P2,N82,CPA08_H49,XDC,O,V,T1620,2024,-652.33,D,S1,D,F,2,A,6,USD
OECD.SDD.NAD:DSD_NASU@DF_VALUATION(2.0),A,USA,P2,Q,CPA08_H,XDC,O,V,T1620,2024,-7888.78,D,S1,D,F,2,A,6,USD
OECD.SDD.NAD:DSD_NASU@DF_VALUATION(2.0),A,USA,P2,O,CPA08_G47,XDC,O,V,T1620,2024,-188.87,D,S1,D,F,2,A,6,USD
OECD.SDD.NAD:DSD_NASU@DF_VALUATION(2.0),A,USA,P2,Q,CPA08_G46,XDC,O,V,T1620,2024,-72754.45,D,S1,D,F,2,A,6,USD
OECD.SDD.NAD:DSD_NASU@DF_VALUATION(2.0),A,USA,P2,O,CPA08_G45,XDC,O,V,T1620,2024,-5717.59,D,S1,D,F,2,A,6,USD
OECD.SDD.NAD:DSD_NASU@DF_VALUATION(2.0),A,USA,P2,O,CPA08_G,XDC,O,V,T1620,2024,-86278.83,D,S1,D,F,2,A,6,USD
OECD.SDD.NAD:DSD_NASU@DF_VALUATION(2.0),A,USA,P2,S,CPA08_C32,XDC,O,V,T1620,2024,1852.72,D,S1,D,F,2,A,6,USD
OECD.SDD.NAD:DSD_NASU@DF_VALUATION(2.0),A,USA,P2,M74,CPA08_C31,XDC,O,V,T1620,2024,135.05,D,S1,D,F,2,A,6,USD
OECD.SDD.NAD:DSD_NASU@DF_VALUATION(2.0),A,USA,P2,S,CPA08_C31_32,XDC,O,V,T1620,2024,2072.3,D,S1,D,F,2,A,6,USD
OECD.SDD.NAD:DSD_NASU@DF_VALUATION(2.0),A,USA,P2,F41,CPA08_C30,XDC,O,V,T1620,2024,1.73,D,S1,D,F,2,A,6,USD
OECD.SDD.NAD:DSD_NASU@DF_VALUATION(2.0),A,USA,P2,R92,CPA08_C29,XDC,O,V,T1620,2024,15.02,D,S1,D,F,2,A,6,USD
OECD.SDD.NAD:DSD_NASU@DF_VALUATION(2.0),A,USA,P2,R92,CPA08_C28,XDC,O,V,T1620,2024,1.76,D,S1,D,F,2,A,6,USD
OECD.SDD.NAD:DSD_NASU@DF_VALUATION(2.0),A,USA,P5,_Z,_X,XDC,O,V,T1620,2024,25196.87,D,S1,D,F,2,A,6,USD
OECD.SDD.NAD:DSD_NASU@DF_VALUATION(2.0),A,USA,P52,_Z,_X,XDC,O,V,T1620,2024,533.38,D,S1,D,F,2,A,6,USD
OECD.SDD.NAD:DSD_NASU@DF_VALUATION(2.0),A,USA,P3,_Z,_X,XDC,O,V,T1620,2024,175595.66,D,S1,D,F,2,A,6,USD
OECD.SDD.NAD:DSD_NASU@DF_VALUATION(2.0),A,USA,TU,_Z,_X,XDC,O,V,T1620,2024,252923.31,D,S1,D,F,2,A,6,USD
OECD.SDD.NAD:DSD_NASU@DF_VALUATION(2.0),A,USA,P2,C25,_X,XDC,O,V,T1620,2024,86.94,D,S1,D,F,2,A,6,USD
OECD.SDD.NAD:DSD_NASU@DF_VALUATION(2.0),A,USA,P2,C28,_X,XDC,O,V,T1620,2024,3.07,D,S1,D,F,2,A,6,USD
OECD.SDD.NAD:DSD_NASU@DF_VALUATION(2.0),A,USA,P2,C31_32,_X,XDC,O,V,T1620,2024,0.47,D,S1,D,F,2,A,6,USD
OECD.SDD.NAD:DSD_NASU@DF_VALUATION(2.0),A,USA,P2,C32,_X,XDC,O,V,T1620,2024,0.47,D,S1,D,F,2,A,6,USD
OECD.SDD.NAD:DSD_NASU@DF_VALUATION(2.0),A,USA,P2,D,_X,XDC,O,V,T1620,2024,2375.84,D,S1,D,F,2,A,6,USD
OECD.SDD.NAD:DSD_NASU@DF_VALUATION(2.0),A,USA,P2,E,_X,XDC,O,V,T1620,2024,461.57,D,S1,D,F,2,A,6,USD
OECD.SDD.NAD:DSD_NASU@DF_VALUATION(2.0),A,USA,P2,E36,_X,XDC,O,V,T1620,2024,459.7,D,S1,D,F,2,A,6,USD
OECD.SDD.NAD:DSD_NASU@DF_VALUATION(2.0),A,USA,P2,E37T39,_X,XDC,O,V,T1620,2024,1.87,D,S1,D,F,2,A,6,USD
OECD.SDD.NAD:DSD_NASU@DF_VALUATION(2.0),A,USA,P2,E37,_X,XDC,O,V,T1620,2024,1.87,D,S1,D,F,2,A,6,USD
OECD.SDD.NAD:DSD_NASU@DF_VALUATION(2.0),A,USA,P2,F,_X,XDC,O,V,T1620,2024,786.57,D,S1,D,F,2,A,6,USD
OECD.SDD.NAD:DSD_NASU@DF_VALUATION(2.0),A,USA,P2,F41,_X,XDC,O,V,T1620,2024,786.57,D,S1,D,F,2,A,6,USD
OECD.SDD.NAD:DSD_NASU@DF_VALUATION(2.0),A,USA,P2,G,_X,XDC,O,V,T1620,2024,2690.44,D,S1,D,F,2,A,6,USD
OECD.SDD.NAD:DSD_NASU@DF_VALUATION(2.0),A,USA,P2,G45,_X,XDC,O,V,T1620,2024,2631.59,D,S1,D,F,2,A,6,USD
OECD.SDD.NAD:DSD_NASU@DF_VALUATION(2.0),A,USA,P2,G47,_X,XDC,O,V,T1620,2024,58.85,D,S1,D,F,2,A,6,USD
OECD.SDD.NAD:DSD_NASU@DF_VALUATION(2.0),A,USA,P2,H,_X,XDC,O,V,T1620,2024,1653.53,D,S1,D,F,2,A,6,USD
OECD.SDD.NAD:DSD_NASU@DF_VALUATION(2.0),A,USA,P2,H49,_X,XDC,O,V,T1620,2024,866.14,D,S1,D,F,2,A,6,USD
OECD.SDD.NAD:DSD_NASU@DF_VALUATION(2.0),A,USA,P2,H51,_X,XDC,O,V,T1620,2024,0.94,D,S1,D,F,2,A,6,USD
OECD.SDD.NAD:DSD_NASU@DF_VALUATION(2.0),A,USA,P2,H52,_X,XDC,O,V,T1620,2024,172.24,D,S1,D,F,2,A,6,USD
OECD.SDD.NAD:DSD_NASU@DF_VALUATION(2.0),A,USA,P2,H53,_X,XDC,O,V,T1620,2024,614.2,D,S1,D,F,2,A,6,USD
OECD.SDD.NAD:DSD_NASU@DF_VALUATION(2.0),A,USA,P2,J,_X,XDC,O,V,T1620,2024,0.4,D,S1,D,F,2,A,6,USD
OECD.SDD.NAD:DSD_NASU@DF_VALUATION(2.0),A,USA,P2,J59_60,_X,XDC,O,V,T1620,2024,0.4,D,S1,D,F,2,A,6,USD
OECD.SDD.NAD:DSD_NASU@DF_VALUATION(2.0),A,USA,P2,J59,_X,XDC,O,V,T1620,2024,0.4,D,S1,D,F,2,A,6,USD
OECD.SDD.NAD:DSD_NASU@DF_VALUATION(2.0),A,USA,P2,M,_X,XDC,O,V,T1620,2024,45.39,D,S1,D,F,2,A,6,USD
OECD.SDD.NAD:DSD_NASU@DF_VALUATION(2.0),A,USA,P2,M69_70,_X,XDC,O,V,T1620,2024,45.39,D,S1,D,F,2,A,6,USD
OECD.SDD.NAD:DSD_NASU@DF_VALUATION(2.0),A,USA,P2,M70,_X,XDC,O,V,T1620,2024,45.39,D,S1,D,F,2,A,6,USD
OECD.SDD.NAD:DSD_NASU@DF_VALUATION(2.0),A,USA,P2,B09,_X,XDC,O,V,T1620,2024,314.73,D,S1,D,F,2,A,6,USD
OECD.SDD.NAD:DSD_NASU@DF_VALUATION(2.0),A,USA,P2,C,_X,XDC,O,V,T1620,2024,23672.75,D,S1,D,F,2,A,6,USD
OECD.SDD.NAD:DSD_NASU@DF_VALUATION(2.0),A,USA,P2,C10T12,_X,XDC,O,V,T1620,2024,1.57,D,S1,D,F,2,A,6,USD
OECD.SDD.NAD:DSD_NASU@DF_VALUATION(2.0),A,USA,P2,C10,_X,XDC,O,V,T1620,2024,1.57,D,S1,D,F,2,A,6,USD
OECD.SDD.NAD:DSD_NASU@DF_VALUATION(2.0),A,USA,P2,C13T15,_X,XDC,O,V,T1620,2024,20.57,D,S1,D,F,2,A,6,USD
OECD.SDD.NAD:DSD_NASU@DF_VALUATION(2.0),A,USA,P2,C13,_X,XDC,O,V,T1620,2024,20.57,D,S1,D,F,2,A,6,USD
OECD.SDD.NAD:DSD_NASU@DF_VALUATION(2.0),A,USA,P2,C17,_X,XDC,O,V,T1620,2024,1889.52,D,S1,D,F,2,A,6,USD
OECD.SDD.NAD:DSD_NASU@DF_VALUATION(2.0),A,USA,P2,C20,_X,XDC,O,V,T1620,2024,43.58,D,S1,D,F,2,A,6,USD
OECD.SDD.NAD:DSD_NASU@DF_VALUATION(2.0),A,USA,P2,C22,_X,XDC,O,V,T1620,2024,50.46,D,S1,D,F,2,A,6,USD
OECD.SDD.NAD:DSD_NASU@DF_VALUATION(2.0),A,USA,P6,_Z,CPA08_H50,XDC,O,V,T1620,2024,-1924.67,WXD,S1,D,F,2,A,6,USD
OECD.SDD.NAD:DSD_NASU@DF_VALUATION(2.0),A,USA,P6,_Z,CPA08_H49,XDC,O,V,T1620,2024,-62308.3,WXD,S1,D,F,2,A,6,USD
OECD.SDD.NAD:DSD_NASU@DF_VALUATION(2.0),A,USA,P6,_Z,CPA08_A02,XDC,O,V,T1620,2024,435.15,WXD,S1,D,F,2,A,6,USD
OECD.SDD.NAD:DSD_NASU@DF_VALUATION(2.0),A,USA,P6,_Z,CPA08_A01,XDC,O,V,T1620,2024,21874.97,WXD,S1,D,F,2,A,6,USD
OECD.SDD.NAD:DSD_NASU@DF_VALUATION(2.0),A,USA,P6,_Z,CPA08_A,XDC,O,V,T1620,2024,23210.52,WXD,S1,D,F,2,A,6,USD
OECD.SDD.NAD:DSD_NASU@DF_VALUATION(2.0),A,USA,P6,_Z,_T,XDC,O,V,T1620,2024,0,WXD,S1,D,F,2,A,6,USD
OECD.SDD.NAD:DSD_NASU@DF_VALUATION(2.0),A,USA,P6,_Z,CPA08_C12,XDC,O,V,T1620,2024,305.5,WXD,S1,D,F,2,A,6,USD
OECD.SDD.NAD:DSD_NASU@DF_VALUATION(2.0),A,USA,P6,_Z,CPA08_C11,XDC,O,V,T1620,2024,1870,WXD,S1,D,F,2,A,6,USD
OECD.SDD.NAD:DSD_NASU@DF_VALUATION(2.0),A,USA,P6,_Z,CPA08_C10,XDC,O,V,T1620,2024,14612.25,WXD,S1,D,F,2,A,6,USD
OECD.SDD.NAD:DSD_NASU@DF_VALUATION(2.0),A,USA,P6,_Z,CPA08_C10T12,XDC,O,V,T1620,2024,16787.74,WXD,S1,D,F,2,A,6,USD
OECD.SDD.NAD:DSD_NASU@DF_VALUATION(2.0),A,USA,P6,_Z,CPA08_C,XDC,O,V,T1620,2024,251115.21,WXD,S1,D,F,2,A,6,USD
OECD.SDD.NAD:DSD_NASU@DF_VALUATION(2.0),A,USA,P6,_Z,CPA08_B08,XDC,O,V,T1620,2024,1079.83,WXD,S1,D,F,2,A,6,USD
OECD.SDD.NAD:DSD_NASU@DF_VALUATION(2.0),A,USA,P6,_Z,CPA08_B07,XDC,O,V,T1620,2024,1330.25,WXD,S1,D,F,2,A,6,USD
OECD.SDD.NAD:DSD_NASU@DF_VALUATION(2.0),A,USA,P6,_Z,CPA08_B06,XDC,O,V,T1620,2024,19236.84,WXD,S1,D,F,2,A,6,USD
OECD.SDD.NAD:DSD_NASU@DF_VALUATION(2.0),A,USA,P6,_Z,CPA08_B05,XDC,O,V,T1620,2024,3322.88,WXD,S1,D,F,2,A,6,USD
OECD.SDD.NAD:DSD_NASU@DF_VALUATION(2.0),A,USA,P6,_Z,CPA08_B,XDC,O,V,T1620,2024,24969.81,WXD,S1,D,F,2,A,6,USD
OECD.SDD.NAD:DSD_NASU@DF_VALUATION(2.0),A,USA,P6,_Z,CPA08_A03,XDC,O,V,T1620,2024,900.4,WXD,S1,D,F,2,A,6,USD
OECD.SDD.NAD:DSD_NASU@DF_VALUATION(2.0),A,USA,P6,_Z,CPA08_H,XDC,O,V,T1620,2024,-65785.54,WXD,S1,D,F,2,A,6,USD
OECD.SDD.NAD:DSD_NASU@DF_VALUATION(2.0),A,USA,P6,_Z,CPA08_G46,XDC,O,V,T1620,2024,-240961.57,WXD,S1,D,F,2,A,6,USD
OECD.SDD.NAD:DSD_NASU@DF_VALUATION(2.0),A,USA,P6,_Z,CPA08_G45,XDC,O,V,T1620,2024,-20641,WXD,S1,D,F,2,A,6,USD
OECD.SDD.NAD:DSD_NASU@DF_VALUATION(2.0),A,USA,P6,_Z,CPA08_G,XDC,O,V,T1620,2024,-261602.57,WXD,S1,D,F,2,A,6,USD
OECD.SDD.NAD:DSD_NASU@DF_VALUATION(2.0),A,USA,P6,_Z,CPA08_C32,XDC,O,V,T1620,2024,18783.9,WXD,S1,D,F,2,A,6,USD
OECD.SDD.NAD:DSD_NASU@DF_VALUATION(2.0),A,USA,P6,_Z,CPA08_C31,XDC,O,V,T1620,2024,1330.39,WXD,S1,D,F,2,A,6,USD
OECD.SDD.NAD:DSD_NASU@DF_VALUATION(2.0),A,USA,P6,_Z,CPA08_C31_32,XDC,O,V,T1620,2024,20114.29,WXD,S1,D,F,2,A,6,USD
OECD.SDD.NAD:DSD_NASU@DF_VALUATION(2.0),A,USA,P6,_Z,CPA08_C30,XDC,O,V,T1620,2024,6766.39,WXD,S1,D,F,2,A,6,USD
OECD.SDD.NAD:DSD_NASU@DF_VALUATION(2.0),A,USA,P6,_Z,CPA08_C29,XDC,O,V,T1620,2024,20175.57,WXD,S1,D,F,2,A,6,USD
OECD.SDD.NAD:DSD_NASU@DF_VALUATION(2.0),A,USA,P6,_Z,CPA08_C28,XDC,O,V,T1620,2024,31358.99,WXD,S1,D,F,2,A,6,USD
OECD.SDD.NAD:DSD_NASU@DF_VALUATION(2.0),A,USA,P6,_Z,CPA08_C27,XDC,O,V,T1620,2024,11357.96,WXD,S1,D,F,2,A,6,USD
OECD.SDD.NAD:DSD_NASU@DF_VALUATION(2.0),A,USA,P6,_Z,CPA08_C26,XDC,O,V,T1620,2024,36492.03,WXD,S1,D,F,2,A,6,USD
OECD.SDD.NAD:DSD_NASU@DF_VALUATION(2.0),A,USA,P6,_Z,CPA08_C25,XDC,O,V,T1620,2024,9095.9,WXD,S1,D,F,2,A,6,USD
OECD.SDD.NAD:DSD_NASU@DF_VALUATION(2.0),A,USA,P6,_Z,CPA08_C23,XDC,O,V,T1620,2024,3287.65,WXD,S1,D,F,2,A,6,USD
OECD.SDD.NAD:DSD_NASU@DF_VALUATION(2.0),A,USA,P6,_Z,CPA08_C22,XDC,O,V,T1620,2024,6484.64,WXD,S1,D,F,2,A,6,USD
OECD.SDD.NAD:DSD_NASU@DF_VALUATION(2.0),A,USA,P6,_Z,CPA08_C21,XDC,O,V,T1620,2024,26201.68,WXD,S1,D,F,2,A,6,USD
OECD.SDD.NAD:DSD_NASU@DF_VALUATION(2.0),A,USA,P6,_Z,CPA08_C20,XDC,O,V,T1620,2024,23628.51,WXD,S1,D,F,2,A,6,USD
OECD.SDD.NAD:DSD_NASU@DF_VALUATION(2.0),A,USA,P6,_Z,CPA08_C19,XDC,O,V,T1620,2024,21296.49,WXD,S1,D,F,2,A,6,USD
OECD.SDD.NAD:DSD_NASU@DF_VALUATION(2.0),A,USA,P6,_Z,CPA08_C18,XDC,O,V,T1620,2024,347.07,WXD,S1,D,F,2,A,6,USD
OECD.SDD.NAD:DSD_NASU@DF_VALUATION(2.0),A,USA,P6,_Z,CPA08_C17,XDC,O,V,T1620,2024,3888.48,WXD,S1,D,F,2,A,6,USD
OECD.SDD.NAD:DSD_NASU@DF_VALUATION(2.0),A,USA,P6,_Z,CPA08_C16,XDC,O,V,T1620,2024,1063.62,WXD,S1,D,F,2,A,6,USD
OECD.SDD.NAD:DSD_NASU@DF_VALUATION(2.0),A,USA,P6,_Z,CPA08_C15,XDC,O,V,T1620,2024,888.47,WXD,S1,D,F,2,A,6,USD
OECD.SDD.NAD:DSD_NASU@DF_VALUATION(2.0),A,USA,P6,_Z,CPA08_C14,XDC,O,V,T1620,2024,1062.64,WXD,S1,D,F,2,A,6,USD
OECD.SDD.NAD:DSD_NASU@DF_VALUATION(2.0),A,USA,P6,_Z,CPA08_C13,XDC,O,V,T1620,2024,2249.53,WXD,S1,D,F,2,A,6,USD
OECD.SDD.NAD:DSD_NASU@DF_VALUATION(2.0),A,USA,P6,_Z,CPA08_C13T15,XDC,O,V,T1620,2024,4200.65,WXD,S1,D,F,2,A,6,USD
OECD.SDD.NAD:DSD_NASU@DF_VALUATION(2.0),A,USA,P6,_Z,CPA08_J,XDC,O,V,T1620,2024,8488.28,WXD,S1,D,F,2,A,6,USD
OECD.SDD.NAD:DSD_NASU@DF_VALUATION(2.0),A,USA,P6,_Z,CPA08_C24,XDC,O,V,T1620,2024,8567.55,WXD,S1,D,F,2,A,6,USD
OECD.SDD.NAD:DSD_NASU@DF_VALUATION(2.0),A,USA,P6,_Z,_X,XDC,O,V,T1620,2024,19604.29,WXD,S1,D,F,2,A,6,USD
OECD.SDD.NAD:DSD_NASU@DF_VALUATION(2.0),A,USA,P6,_Z,CPA08_J59,XDC,O,V,T1620,2024,58.49,WXD,S1,D,F,2,A,6,USD
OECD.SDD.NAD:DSD_NASU@DF_VALUATION(2.0),A,USA,P6,_Z,CPA08_J59_60,XDC,O,V,T1620,2024,58.49,WXD,S1,D,F,2,A,6,USD
OECD.SDD.NAD:DSD_NASU@DF_VALUATION(2.0),A,USA,P6,_Z,CPA08_J58,XDC,O,V,T1620,2024,8429.79,WXD,S1,D,F,2,A,6,USD
OECD.SDD.NAD:DSD_NASU@DF_VALUATION(2.0),A,USA,P2,C23,_X,XDC,O,V,T1620,2024,122.67,D,S1,D,F,2,A,6,USD
OECD.SDD.NAD:DSD_NASU@DF_VALUATION(2.0),A,USA,P6,_Z,CPA08_H51,XDC,O,V,T1620,2024,-1552.57,WXD,S1,D,F,2,A,6,USD
OECD.SDD.NAD:DSD_NASU@DF_VALUATION(2.0),A,USA,P2,Q86,CPA08_J59_60,XDC,O,V,T1620,2024,3.69,D,S1,D,F,2,A,6,USD
OECD.SDD.NAD:DSD_NASU@DF_VALUATION(2.0),A,USA,P3S14DC,_Z,CPA08_J,XDC,O,V,T1620,2024,89703.95,D,S14,D,F,2,A,6,USD
OECD.SDD.NAD:DSD_NASU@DF_VALUATION(2.0),A,USA,P3,_Z,CPA08_B,XDC,O,V,T1620,2024,193.42,D,S1,D,F,2,A,6,USD
OECD.SDD.NAD:DSD_NASU@DF_VALUATION(2.0),A,USA,P3S14DC,_Z,CPA08_H51,XDC,O,V,T1620,2024,-2980.26,D,S14,D,F,2,A,6,USD
OECD.SDD.NAD:DSD_NASU@DF_VALUATION(2.0),A,USA,P3S14DC,_Z,CPA08_J59,XDC,O,V,T1620,2024,8611.78,D,S14,D,F,2,A,6,USD
OECD.SDD.NAD:DSD_NASU@DF_VALUATION(2.0),A,USA,P3S14DC,_Z,CPA08_J59_60,XDC,O,V,T1620,2024,8611.78,D,S14,D,F,2,A,6,USD
OECD.SDD.NAD:DSD_NASU@DF_VALUATION(2.0),A,USA,P3S14DC,_Z,CPA08_J58,XDC,O,V,T1620,2024,81092.17,D,S14,D,F,2,A,6,USD
OECD.SDD.NAD:DSD_NASU@DF_VALUATION(2.0),A,USA,P3S14DC,_Z,_X,XDC,O,V,T1620,2024,175595.66,D,S14,D,F,2,A,6,USD
OECD.SDD.NAD:DSD_NASU@DF_VALUATION(2.0),A,USA,P3S14DC,_Z,CPA08_C14,XDC,O,V,T1620,2024,238429.25,D,S14,D,F,2,A,6,USD
OECD.SDD.NAD:DSD_NASU@DF_VALUATION(2.0),A,USA,P3S14DC,_Z,CPA08_C16,XDC,O,V,T1620,2024,4202.72,D,S14,D,F,2,A,6,USD
OECD.SDD.NAD:DSD_NASU@DF_VALUATION(2.0),A,USA,P3S14DC,_Z,CPA08_C18,XDC,O,V,T1620,2024,8825.22,D,S14,D,F,2,A,6,USD
OECD.SDD.NAD:DSD_NASU@DF_VALUATION(2.0),A,USA,P3S14DC,_Z,CPA08_C17,XDC,O,V,T1620,2024,45032.28,D,S14,D,F,2,A,6,USD
OECD.SDD.NAD:DSD_NASU@DF_VALUATION(2.0),A,USA,P3S14DC,_Z,CPA08_C19,XDC,O,V,T1620,2024,133862.79,D,S14,D,F,2,A,6,USD
OECD.SDD.NAD:DSD_NASU@DF_VALUATION(2.0),A,USA,P3S14DC,_Z,CPA08_C21,XDC,O,V,T1620,2024,365045.91,D,S14,D,F,2,A,6,USD
OECD.SDD.NAD:DSD_NASU@DF_VALUATION(2.0),A,USA,P3S14DC,_Z,CPA08_C20,XDC,O,V,T1620,2024,92091.83,D,S14,D,F,2,A,6,USD
OECD.SDD.NAD:DSD_NASU@DF_VALUATION(2.0),A,USA,P3S14DC,_Z,CPA08_C22,XDC,O,V,T1620,2024,58696.56,D,S14,D,F,2,A,6,USD
OECD.SDD.NAD:DSD_NASU@DF_VALUATION(2.0),A,USA,P3S14DC,_Z,CPA08_C24,XDC,O,V,T1620,2024,2061.47,D,S14,D,F,2,A,6,USD
OECD.SDD.NAD:DSD_NASU@DF_VALUATION(2.0),A,USA,P3S14DC,_Z,CPA08_C23,XDC,O,V,T1620,2024,12822.77,D,S14,D,F,2,A,6,USD
OECD.SDD.NAD:DSD_NASU@DF_VALUATION(2.0),A,USA,P3S14DC,_Z,CPA08_C25,XDC,O,V,T1620,2024,54189.59,D,S14,D,F,2,A,6,USD
OECD.SDD.NAD:DSD_NASU@DF_VALUATION(2.0),A,USA,P3S14DC,_Z,CPA08_C26,XDC,O,V,T1620,2024,102223.42,D,S14,D,F,2,A,6,USD
OECD.SDD.NAD:DSD_NASU@DF_VALUATION(2.0),A,USA,P3S14DC,_Z,CPA08_C27,XDC,O,V,T1620,2024,78977.68,D,S14,D,F,2,A,6,USD
OECD.SDD.NAD:DSD_NASU@DF_VALUATION(2.0),A,USA,P3S14DC,_Z,CPA08_C28,XDC,O,V,T1620,2024,28836.75,D,S14,D,F,2,A,6,USD
OECD.SDD.NAD:DSD_NASU@DF_VALUATION(2.0),A,USA,P3S14DC,_Z,CPA08_C30,XDC,O,V,T1620,2024,21131.5,D,S14,D,F,2,A,6,USD
OECD.SDD.NAD:DSD_NASU@DF_VALUATION(2.0),A,USA,P3S14DC,_Z,CPA08_C29,XDC,O,V,T1620,2024,210072.63,D,S14,D,F,2,A,6,USD
OECD.SDD.NAD:DSD_NASU@DF_VALUATION(2.0),A,USA,P3S14DC,_Z,CPA08_C31_32,XDC,O,V,T1620,2024,297721.45,D,S14,D,F,2,A,6,USD
OECD.SDD.NAD:DSD_NASU@DF_VALUATION(2.0),A,USA,P3S14DC,_Z,CPA08_C31,XDC,O,V,T1620,2024,81950.43,D,S14,D,F,2,A,6,USD
OECD.SDD.NAD:DSD_NASU@DF_VALUATION(2.0),A,USA,P3S14DC,_Z,CPA08_C32,XDC,O,V,T1620,2024,215771.03,D,S14,D,F,2,A,6,USD
OECD.SDD.NAD:DSD_NASU@DF_VALUATION(2.0),A,USA,P3S14DC,_Z,CPA08_G,XDC,O,V,T1620,2024,-2804674.38,D,S14,D,F,2,A,6,USD
OECD.SDD.NAD:DSD_NASU@DF_VALUATION(2.0),A,USA,P3S14DC,_Z,CPA08_G45,XDC,O,V,T1620,2024,-380646.6,D,S14,D,F,2,A,6,USD
OECD.SDD.NAD:DSD_NASU@DF_VALUATION(2.0),A,USA,P3S14DC,_Z,CPA08_G46,XDC,O,V,T1620,2024,-676130.68,D,S14,D,F,2,A,6,USD
OECD.SDD.NAD:DSD_NASU@DF_VALUATION(2.0),A,USA,P3S14DC,_Z,CPA08_G47,XDC,O,V,T1620,2024,-1747897.09,D,S14,D,F,2,A,6,USD
OECD.SDD.NAD:DSD_NASU@DF_VALUATION(2.0),A,USA,P3S14DC,_Z,CPA08_H,XDC,O,V,T1620,2024,-137439.44,D,S14,D,F,2,A,6,USD
OECD.SDD.NAD:DSD_NASU@DF_VALUATION(2.0),A,USA,P3S14DC,_Z,CPA08_B,XDC,O,V,T1620,2024,193.42,D,S14,D,F,2,A,6,USD
OECD.SDD.NAD:DSD_NASU@DF_VALUATION(2.0),A,USA,P3S14DC,_Z,CPA08_B05,XDC,O,V,T1620,2024,51.94,D,S14,D,F,2,A,6,USD
OECD.SDD.NAD:DSD_NASU@DF_VALUATION(2.0),A,USA,P3S14DC,_Z,CPA08_B08,XDC,O,V,T1620,2024,141.48,D,S14,D,F,2,A,6,USD
OECD.SDD.NAD:DSD_NASU@DF_VALUATION(2.0),A,USA,P3S14DC,_Z,CPA08_C10T12,XDC,O,V,T1620,2024,642130.68,D,S14,D,F,2,A,6,USD
OECD.SDD.NAD:DSD_NASU@DF_VALUATION(2.0),A,USA,P3S14DC,_Z,CPA08_C,XDC,O,V,T1620,2024,2557843.97,D,S14,D,F,2,A,6,USD
OECD.SDD.NAD:DSD_NASU@DF_VALUATION(2.0),A,USA,P3S14DC,_Z,CPA08_C12,XDC,O,V,T1620,2024,49923.11,D,S14,D,F,2,A,6,USD
OECD.SDD.NAD:DSD_NASU@DF_VALUATION(2.0),A,USA,P3S14DC,_Z,CPA08_C11,XDC,O,V,T1620,2024,158888.51,D,S14,D,F,2,A,6,USD
OECD.SDD.NAD:DSD_NASU@DF_VALUATION(2.0),A,USA,P3S14DC,_Z,CPA08_C10,XDC,O,V,T1620,2024,433319.07,D,S14,D,F,2,A,6,USD
OECD.SDD.NAD:DSD_NASU@DF_VALUATION(2.0),A,USA,P3S14DC,_Z,CPA08_C13T15,XDC,O,V,T1620,2024,399918.71,D,S14,D,F,2,A,6,USD
OECD.SDD.NAD:DSD_NASU@DF_VALUATION(2.0),A,USA,P3S14DC,_Z,CPA08_C13,XDC,O,V,T1620,2024,66223.57,D,S14,D,F,2,A,6,USD
OECD.SDD.NAD:DSD_NASU@DF_VALUATION(2.0),A,USA,P3S14DC,_Z,CPA08_C15,XDC,O,V,T1620,2024,95265.89,D,S14,D,F,2,A,6,USD
OECD.SDD.NAD:DSD_NASU@DF_VALUATION(2.0),A,USA,P3S14DC,_Z,CPA08_A,XDC,O,V,T1620,2024,118776.83,D,S14,D,F,2,A,6,USD
OECD.SDD.NAD:DSD_NASU@DF_VALUATION(2.0),A,USA,P3S14DC,_Z,_T,XDC,O,V,T1620,2024,0,D,S14,D,F,2,A,6,USD
OECD.SDD.NAD:DSD_NASU@DF_VALUATION(2.0),A,USA,P3S14DC,_Z,CPA08_A03,XDC,O,V,T1620,2024,4536.79,D,S14,D,F,2,A,6,USD
OECD.SDD.NAD:DSD_NASU@DF_VALUATION(2.0),A,USA,P3S14DC,_Z,CPA08_A01,XDC,O,V,T1620,2024,114240.04,D,S14,D,F,2,A,6,USD
OECD.SDD.NAD:DSD_NASU@DF_VALUATION(2.0),A,USA,P3S14DC,_Z,CPA08_H49,XDC,O,V,T1620,2024,-131966.96,D,S14,D,F,2,A,6,USD
OECD.SDD.NAD:DSD_NASU@DF_VALUATION(2.0),A,USA,P3S14DC,_Z,CPA08_H50,XDC,O,V,T1620,2024,-2492.22,D,S14,D,F,2,A,6,USD
OECD.SDD.NAD:DSD_NASU@DF_VALUATION(2.0),A,USA,P2,O,CPA08_A03,XDC,O,V,T1620,2024,208.8,D,S1,D,F,2,A,6,USD
OECD.SDD.NAD:DSD_NASU@DF_VALUATION(2.0),A,USA,P2,C31_32,CPA08_A02,XDC,O,V,T1620,2024,127.78,D,S1,D,F,2,A,6,USD
OECD.SDD.NAD:DSD_NASU@DF_VALUATION(2.0),A,USA,P2,M71,CPA08_A01,XDC,O,V,T1620,2024,2.55,D,S1,D,F,2,A,6,USD
OECD.SDD.NAD:DSD_NASU@DF_VALUATION(2.0),A,USA,P2,K64,CPA08_A,XDC,O,V,T1620,2024,0.05,D,S1,D,F,2,A,6,USD
OECD.SDD.NAD:DSD_NASU@DF_VALUATION(2.0),A,USA,P2,S,_T,XDC,O,V,T1620,2024,0,D,S1,D,F,2,A,6,USD
OECD.SDD.NAD:DSD_NASU@DF_VALUATION(2.0),A,USA,P2,R,_X,XDC,O,V,T1620,2024,253.28,D,S1,D,F,2,A,6,USD
OECD.SDD.NAD:DSD_NASU@DF_VALUATION(2.0),A,USA,P2,R90T92,_X,XDC,O,V,T1620,2024,36.62,D,S1,D,F,2,A,6,USD
OECD.SDD.NAD:DSD_NASU@DF_VALUATION(2.0),A,USA,P2,R90,_X,XDC,O,V,T1620,2024,8.49,D,S1,D,F,2,A,6,USD
OECD.SDD.NAD:DSD_NASU@DF_VALUATION(2.0),A,USA,P2,R91,_X,XDC,O,V,T1620,2024,1.51,D,S1,D,F,2,A,6,USD
OECD.SDD.NAD:DSD_NASU@DF_VALUATION(2.0),A,USA,P2,R92,_X,XDC,O,V,T1620,2024,26.61,D,S1,D,F,2,A,6,USD
OECD.SDD.NAD:DSD_NASU@DF_VALUATION(2.0),A,USA,P2,R93,_X,XDC,O,V,T1620,2024,216.65,D,S1,D,F,2,A,6,USD
OECD.SDD.NAD:DSD_NASU@DF_VALUATION(2.0),A,USA,P2,S,_X,XDC,O,V,T1620,2024,51.23,D,S1,D,F,2,A,6,USD
OECD.SDD.NAD:DSD_NASU@DF_VALUATION(2.0),A,USA,P2,S94,_X,XDC,O,V,T1620,2024,51.19,D,S1,D,F,2,A,6,USD
OECD.SDD.NAD:DSD_NASU@DF_VALUATION(2.0),A,USA,P2,S96,_X,XDC,O,V,T1620,2024,0.04,D,S1,D,F,2,A,6,USD
